<?xml version="1.0" encoding="utf-8"?>
<COLLADA xmlns="http://www.collada.org/2005/11/COLLADASchema" version="1.4.1">
  <asset />
  <library_images>
    <image id="BodyC_BaseColor._1888160317">
      <init_from>BodyC_BaseColor._1888160317.png</init_from>
    </image>
    <image id="BodyC_MRA._1527568275">
      <init_from>BodyC_MRA._1527568275.png</init_from>
    </image>
    <image id="Face.00">
      <init_from>Face.00.png</init_from>
    </image>
    <image id="Face.01">
      <init_from>Face.01.png</init_from>
    </image>
  </library_images>
  <library_materials>
    <material id="BodyC">
      <instance_effect url="#Effect_BodyC" />
    </material>
  </library_materials>
  <library_effects>
    <effect id="Effect_BodyC">
      <profile_COMMON>
        <technique sid="common">
          <phong>
            <diffuse>
              <color sid="diffuse">1 1 1 1</color>
            </diffuse>
            <emission>
              <color sid="emission">0 0 0 1</color>
            </emission>
            <specular>
              <color sid="specular">0 0 0 1</color>
            </specular>
          </phong>
        </technique>
      </profile_COMMON>
    </effect>
  </library_effects>
  <library_geometries>
    <geometry id="BodyM__BodyC-mesh" name="BodyM__BodyC">
      <mesh>
        <source id="BodyM__BodyC-position">
          <float_array id="BodyM__BodyC-position-array" count="3816">-0.08245857 0.9606839 0.02122548 0 0.967642 0.02122547 -0.08100464 0.9537528 -0.05993296 0 0.9606839 -0.06123308 0.08100464 0.9537433 -0.05995192 0.07809679 0.9326409 -0.138842 0 0.9393385 -0.1413495 0.07518892 0.8973872 -0.2122316 0 0.9034393 -0.2161727 0.1526345 0.9126365 -0.1344613 0.073735 0.8487004 -0.2754897 0 0.8538849 -0.2806211 0 0.79135 -0.3300604 0.1459295 0.8804255 -0.2034461 0.1424072 0.8354483 -0.262427 0.07518893 0.7872478 -0.3240889 0 0.7191338 -0.3646561 0.2009538 0.8162742 -0.2440714 0.07809679 0.7162908 -0.3581263 0 0.6400894 -0.3854655 0.1459295 0.7776848 -0.3075159 0.08100465 0.6386355 -0.3786112 0 0.5576308 -0.3924237 0.1526345 0.7102653 -0.3389441 0.2077734 0.7654043 -0.2816826 0.2077734 0.8537372 -0.1928754 0.2400138 0.7976446 -0.2260641 0.220054 0.7035604 -0.3075159 0.258436 0.7585846 -0.2444863 0.258436 0.8162743 -0.1865892 0.15866 0.6357276 -0.3581264 0.2956324 0.7657745 -0.1930833 0.220054 0.8804255 -0.1293217 0.3214656 0.7789046 -0.1295401 0.1586601 0.9327811 -0.05799841 0.277337 0.836022 -0.1263497 0.229617 0.8982219 -0.0561345 0.08245859 0.9606839 0.0212255 0.161503 0.9398603 0.02119737 0.2905263 0.8505034 -0.05509249 0.15866 0.9333447 0.09932225 0.08103993 0.9539506 0.1023847 0.229617 0.8993074 0.0964144 0 0.9609219 0.1039797 -0.08103992 0.9539506 0.1023847 -0.08245857 0.9606839 0.02122548 -0.15866 0.9333447 0.09932225 0.2337192 0.9051226 0.02091314 0.2905263 0.8517949 0.09496047 0.2956929 0.8567234 0.02074917 0.3440101 0.7948043 0.02085823 0.3380386 0.7908857 0.0964144 0.3380386 0.7897228 -0.05628921 0.3786058 0.722478 0.02063802 0.3720761 0.7199287 0.09932225 0.3720761 0.7185524 -0.05962403 0.3994153 0.6432667 0.02030433 0.3927319 0.6422585 0.1023847 0.3528938 0.7113115 -0.1365924 0.392561 0.6404946 -0.0633366 0.4063734 0.5608255 0.02033897 0.3997494 0.5611725 0.1039797 0.3927319 0.4801787 0.1023847 0.3214656 0.7040406 -0.2051439 0.3720761 0.6362909 -0.1435836 0.3994153 0.5595044 -0.06476171 0.3994153 0.4783495 0.02030434 0.3720761 0.4026087 0.09932228 0.277337 0.700038 -0.2633874 0.3380386 0.6328198 -0.2156673 0.229617 0.6328198 -0.3240889 0.2905263 0.6313658 -0.2765766 0.3786058 0.5582122 -0.1463906 0.3440101 0.5576308 -0.2197695 0.2337192 0.5576308 -0.3300604 0.2956929 0.5576308 -0.2817432 0.2905263 0.4838959 -0.2765766 0.3380386 0.4824419 -0.2156673 0.161503 0.5576308 -0.3646561 0.229617 0.4824419 -0.3240889 0.08245859 0.5576308 -0.3854655 0.1586601 0.479534 -0.3581264 0.08100464 0.4766262 -0.3786113 0 0.4751722 -0.3854655 0.220054 0.4117013 -0.3075159 0.07809679 0.3989708 -0.3581264 0 0.3961278 -0.3646561 0.1526345 0.4049963 -0.3389441 0.07518892 0.3280138 -0.3240889 0 0.3239116 -0.3300604 0.1459295 0.3375769 -0.3075158 0.073735 0.2671046 -0.2765766 0 0.2619378 -0.2817432 0 0.2136207 -0.2197695 0.1424072 0.2802938 -0.2633874 0.07518893 0.2195922 -0.2156673 0 0.1796063 -0.1463906 0.2009538 0.2991948 -0.2444863 0.1459295 0.2366454 -0.2051439 0.07757543 0.1861181 -0.1435836 0.07488428 0.1669291 -0.06333659 0 0.1600892 -0.06476172 0.1523665 0.2057832 -0.1365924 0.2077734 0.2623687 -0.1930833 0.2077734 0.3498574 -0.2816826 0.2400138 0.317617 -0.2260641 0.258436 0.356677 -0.2444863 0.277337 0.4152236 -0.2633874 0.3214656 0.4121815 -0.2051439 0.2956324 0.3502276 -0.1930833 0.3720761 0.4800974 -0.1435836 0.3528938 0.4060425 -0.1365924 0.392561 0.4784853 -0.06333659 0.3720761 0.4012323 -0.05962403 0.3214656 0.3387967 -0.1295401 0.258436 0.2994023 -0.1865892 0.3786058 0.3994719 0.02063802 0.3391615 0.3316517 0.0964144 0.220054 0.2373851 -0.1295401 0.3446392 0.3273659 0.02085825 0.2952668 0.2707424 0.09496047 0.3380386 0.3304888 -0.05628923 0.2994394 0.2653376 0.02074918 0.277337 0.2813477 -0.1263497 0.2914253 0.269451 -0.05509249 0.2356376 0.2170749 0.02085823 0.2317807 0.2232301 0.09641439 0.2301219 0.2220672 -0.05628921 0.1547494 0.1823692 0.02063802 0.1509126 0.1891925 0.09932227 0.1548322 0.1878163 -0.05962401 0.06926897 0.1613929 0.02030433 0.06569909 0.1684867 0.1023847 0 0.1544521 0.02033899 0 0.1614231 0.1039797 -0.06569909 0.1684867 0.1023847 -0.06926896 0.1613929 0.02030434 -0.1509126 0.1891926 0.09932227 -0.07488427 0.166929 -0.06333659 -0.1547494 0.1823692 0.02063802 -0.2317807 0.2232301 0.09641439 0 0.1796063 -0.1463906 0 0.1600892 -0.06476172 -0.2356376 0.2170749 0.02085824 -0.2952668 0.2707424 0.09496047 -0.1548322 0.1878162 -0.05962401 -0.2301219 0.2220672 -0.05628921 -0.2994394 0.2653376 0.02074917 -0.1523665 0.2057832 -0.1365924 -0.2914253 0.269451 -0.05509249 -0.3446392 0.3273659 0.02085824 -0.3391615 0.3316517 0.09641441 -0.3380386 0.3304888 -0.05628923 -0.3786058 0.3994719 0.02063802 -0.3720761 0.4026087 0.09932227 -0.277337 0.2813477 -0.1263497 -0.3994153 0.4783495 0.02030435 -0.3927319 0.4801787 0.1023847 -0.3720761 0.4012323 -0.05962401 -0.3214656 0.3387967 -0.1295401 -0.220054 0.2373851 -0.1295401 -0.258436 0.2994023 -0.1865892 -0.2077734 0.2623687 -0.1930833 -0.2956324 0.3502276 -0.1930833 -0.2400138 0.317617 -0.2260641 -0.1459295 0.2366454 -0.2051439 -0.3528938 0.4060425 -0.1365924 -0.07757543 0.1861181 -0.1435836 -0.07518893 0.2195922 -0.2156673 0 0.2136207 -0.2197695 -0.2009538 0.2991948 -0.2444863 -0.1424072 0.2802938 -0.2633874 -0.073735 0.2671046 -0.2765766 0 0.2619378 -0.2817432 0 0.3239116 -0.3300604 -0.07518892 0.3280138 -0.3240889 0 0.3961278 -0.3646561 -0.1459295 0.3375768 -0.3075159 -0.07809678 0.3989708 -0.3581264 0 0.4751722 -0.3854655 -0.2077735 0.3498574 -0.2816826 -0.1526344 0.4049963 -0.3389441 -0.08100464 0.4766262 -0.3786113 0 0.5576308 -0.3924237 -0.258436 0.356677 -0.2444863 -0.2200539 0.4117013 -0.3075158 -0.15866 0.479534 -0.3581264 -0.08245857 0.5576308 -0.3854655 -0.08100464 0.6386355 -0.3786113 0 0.6400894 -0.3854655 -0.161503 0.5576308 -0.3646561 -0.07809679 0.7162908 -0.3581264 0 0.7191338 -0.3646561 -0.15866 0.6357276 -0.3581264 -0.1526345 0.7102653 -0.3389441 -0.07518893 0.7872478 -0.3240889 0 0.79135 -0.3300604 -0.1459295 0.7776848 -0.3075159 -0.073735 0.8487004 -0.2754897 0 0.8538849 -0.2806211 0 0.9034393 -0.2161727 -0.1424072 0.8354483 -0.262427 -0.07518892 0.8973872 -0.2122316 0 0.9393385 -0.1413495 -0.2009538 0.8162743 -0.2440714 -0.07809678 0.9326409 -0.138842 0 0.9606839 -0.06123308 -0.1459295 0.8804255 -0.2034461 -0.08100464 0.9537528 -0.05993296 -0.1526344 0.9126365 -0.1344613 -0.2077735 0.8537372 -0.1928754 -0.15866 0.9327811 -0.05799842 -0.2200539 0.8804255 -0.1293216 -0.161503 0.9398603 0.02119737 -0.229617 0.8993074 0.0964144 -0.229617 0.8982219 -0.0561345 -0.2337192 0.9051226 0.02091313 -0.2905263 0.8517949 0.09496048 -0.277337 0.8360219 -0.1263497 -0.2956929 0.8567234 0.02074918 -0.2905263 0.8505034 -0.05509249 -0.3440101 0.7948043 0.02085826 -0.3380386 0.7908857 0.0964144 -0.3380386 0.7897228 -0.05628921 -0.3786058 0.722478 0.02063802 -0.3720761 0.7199287 0.09932227 -0.3214656 0.7789046 -0.1295401 -0.3994153 0.6432667 0.02030436 -0.3927319 0.6422585 0.1023847 -0.3720761 0.7185524 -0.05962401 -0.4063734 0.5608255 0.02033898 -0.3997494 0.5611725 0.1039797 -0.392561 0.6404946 -0.06333659 -0.3994153 0.5595044 -0.06476169 -0.3528938 0.7113115 -0.1365924 -0.3720761 0.6362909 -0.1435836 -0.392561 0.4784853 -0.06333659 -0.3720761 0.4800974 -0.1435836 -0.3786058 0.5582122 -0.1463906 -0.3214656 0.4121814 -0.2051439 -0.3380386 0.4824419 -0.2156673 -0.277337 0.4152236 -0.2633874 -0.3440101 0.5576308 -0.2197695 -0.229617 0.4824419 -0.3240889 -0.2905263 0.4838959 -0.2765766 -0.2337192 0.5576308 -0.3300604 -0.2956929 0.5576308 -0.2817432 -0.2905263 0.6313658 -0.2765766 -0.3380387 0.6328197 -0.2156673 -0.229617 0.6328198 -0.3240889 -0.277337 0.700038 -0.2633874 -0.3214656 0.7040405 -0.2051439 -0.220054 0.7035604 -0.3075159 -0.258436 0.7585846 -0.2444863 -0.2956324 0.7657745 -0.1930833 -0.2077734 0.7654043 -0.2816826 -0.2400138 0.7976446 -0.2260641 -0.258436 0.8162742 -0.1865892 0.207571 0.2449937 -0.2524237 0.2075715 0.2744077 -0.227412 0.2458682 0.2716902 -0.2236259 0.207568 0.2972003 -0.184909 0.2478905 0.242698 -0.2475005 0.2075708 0.2117543 -0.262208 0.2464749 0.2923377 -0.1836577 0.2077243 0.3078791 -0.1331968 0.2807229 0.264283 -0.2135341 0.2509916 0.2089144 -0.2559955 0.2075709 0.1778098 -0.2590004 0.2853481 0.2355508 -0.2325476 0.2536329 0.1739679 -0.2496272 0.2075712 0.1420409 -0.2372046 0.2891007 0.2030413 -0.2410957 0.2574538 0.1384136 -0.226181 0.2075717 0.1025875 -0.1902386 0.297549 0.1683187 -0.2296313 0.2642572 0.102658 -0.183186 0.2074396 0.08014233 -0.1501017 0.2996954 0.1363575 -0.2068367 0.2552977 0.07122891 -0.1303191 0.2070227 0.04869115 -0.07716151 0.3124903 0.1089383 -0.169721 0.3257995 0.1527615 -0.1984952 0.2638268 0.03238663 -0.02026234 0.2061364 0.006006594 0.05220606 0.3199675 0.0744063 -0.1046164 0.3434969 0.1278001 -0.1577314 0.3191312 0.1877327 -0.2176998 0.3416717 0.175062 -0.1841434 0.3171038 0.2232373 -0.2072067 0.3424781 0.2067349 -0.1730941 0.3602007 0.1710927 -0.138816 0.3107721 0.2563236 -0.1898074 0.3354324 0.2378214 -0.1590173 0.3507658 0.2194066 -0.1172963 0.2853234 0.2806274 -0.1797119 0.3145835 0.266319 -0.1514237 0.3289633 0.2485797 -0.1029523 0.2493895 0.3005249 -0.1345529 0.2081812 0.3009927 -0.08065133 0.2865745 0.2856438 -0.1374644 0.2544414 0.2920944 -0.08336568 0.2079279 0.257469 0.01221315 0.2966075 0.2732423 -0.09095035 0.2605113 0.247662 0.008767259 0.2078337 0.1885405 0.1117898 0.3078317 0.2270174 -0.0006077513 0.2600716 0.1803448 0.1078474 0.2553999 0.1341484 0.1531426 0.2076361 0.1370773 0.1581769 0.3065777 0.1619253 0.09747329 0.3422498 0.2002432 -0.01497932 0.296303 0.1235859 0.1417413 0.3618939 0.1941348 -0.06672432 0.3407345 0.1358211 0.08215351 0.3733037 0.1482093 -0.08639439 0.369903 0.1522792 -0.007495601 0.3557465 0.1051545 -0.102706 0.3754375 0.1199078 -0.02233838 0.3646667 0.1051531 0.05923583 0.3578578 0.08281943 -0.02051473 0.3415008 0.07288135 0.1108869 0.3302614 0.05015179 -0.006992432 0.3497018 0.0629389 0.06791662 0.2895759 0.01966749 0.04391954 0.326048 0.03464364 0.06995264 0.3240468 0.03976255 0.1146489 0.2951393 0.0149588 0.1024645 0.2425939 -0.002311656 0.1017713 0.2039103 -0.009447511 0.1362851 0.2943141 0.02268608 0.1424506 0.2291511 -0.005555873 0.1589907 0.2052536 -0.003831588 0.1687124 0.2607976 0.001605595 0.1371636 0.2368987 0.005743022 0.1809071 0.2653989 0.01246374 0.1658996 0.206521 0.003262745 0.1862951 0.2908452 0.04067637 0.1686349 0.2649934 0.03011665 0.1839291 0.3155901 0.05344329 0.143503 0.2378869 0.02547341 0.1952632 0.3248963 0.1016122 0.1276164 0.3023518 0.07178357 0.1615251 0.2831499 0.09089573 0.1699044 0.2751969 0.05838406 0.1834141 0.2489695 0.09140895 0.1816522 0.2424827 0.05462105 0.1955979 0.2071863 0.08928376 0.1874502 0.206809 0.05152054 0.2007715 0.2065839 0.02300036 0.1998648 0.1707406 0.02547344 0.1952639 0.1672371 0.05461202 0.1955992 0.1626965 0.09185833 0.1816543 0.1713253 0.00574066 0.1809105 0.2052536 -0.003831588 0.1687124 0.1370783 0.03011694 0.1839299 0.1278455 0.05836653 0.1834126 0.178936 -0.005561606 0.1589957 0.2039103 -0.009447511 0.1362851 0.136656 0.01246373 0.1659008 0.1656288 -0.002315002 0.1017764 0.2061364 0.006006594 0.05220606 0.1430644 0.001605775 0.1371641 0.109427 0.04063738 0.1687556 0.1082138 0.02263824 0.1426535 0.1109673 0.01490062 0.1027511 0.1204208 0.01964467 0.04410636 0.1492107 0.0323917 -0.02018356 0.2070227 0.04869115 -0.07716151 0.08387709 0.036777 0.05923045 0.1592526 0.07123823 -0.1302425 0.2074396 0.08014233 -0.1501017 0.07988939 0.05320744 -0.02225913 0.09514926 0.0741697 -0.1072173 0.1508724 0.1026609 -0.1831486 0.2075717 0.1025875 -0.1902386 0.103238 0.1089453 -0.1696499 0.1576834 0.1384139 -0.2261802 0.2075712 0.1420409 -0.2372046 0.1156443 0.1363581 -0.2068351 0.1615064 0.1739681 -0.2496265 0.2075709 0.1778098 -0.2590004 0.1175881 0.1683193 -0.2296298 0.08983459 0.1527622 -0.1984932 0.1641501 0.2089145 -0.2559949 0.2075708 0.2117543 -0.262208 0.1260415 0.2030417 -0.2410945 0.1672516 0.2426914 -0.2474997 0.207571 0.2449937 -0.2524237 0.1297946 0.2355377 -0.2325461 0.09597715 0.1877333 -0.2176984 0.1692749 0.2720537 -0.2236251 0.2075715 0.2744077 -0.227412 0.207568 0.2972003 -0.184909 0.1344204 0.2647904 -0.2135327 0.1686517 0.2938603 -0.183657 0.2077243 0.3078791 -0.1331968 0.1043451 0.2569378 -0.1898059 0.129794 0.28311 -0.1797106 0.1663595 0.3033187 -0.1345519 0.09800898 0.2232229 -0.2072047 0.1295878 0.2900133 -0.1374625 0.1631983 0.2956069 -0.08336438 0.2081812 0.3009927 -0.08065133 0.2079279 0.257469 0.01221315 0.1012059 0.2691121 -0.1514215 0.1577436 0.2515206 0.008767101 0.2078337 0.1885405 0.1117898 0.1226859 0.2785382 -0.09094813 0.09020055 0.2520762 -0.1029501 0.08070493 0.2384457 -0.1590145 0.1136106 0.2328414 -0.0006060422 0.0738873 0.2067191 -0.1730908 0.06806449 0.220234 -0.1172932 0.0747603 0.1750628 -0.184141 0.05860136 0.1870677 -0.1320143 0.05916553 0.1950343 -0.06672117 0.07463881 0.1278827 -0.1577972 0.06105263 0.1553351 -0.1459177 0.06389811 0.09986216 -0.1022004 0.04830542 0.1622447 -0.07761858 0.05019455 0.1283687 -0.08771896 0.06191043 0.07698081 -0.01513007 0.04680494 0.1186814 -0.01130001 0.05148692 0.1526226 -0.007384176 0.06051238 0.07559763 0.04967675 0.07921783 0.2040298 -0.01494608 0.05647067 0.1141169 0.05533361 0.07840428 0.138941 0.08226466 0.1124176 0.1669939 0.0974748 0.1570338 0.1837018 0.1078452 0.1170635 0.1264365 0.1417421 0.159236 0.1360416 0.1531436 0.1241954 0.0915621 0.1699053 0.08714356 0.1033661 0.1277324 0.1010529 0.0720254 0.1616447 0.06833406 0.08151857 0.1006044 0.08640962 0.05494567 0.1389553 0.08307747 0.04181764 0.105829 -0.2075715 0.2744076 -0.227412 -0.207571 0.2449936 -0.2524237 -0.2458682 0.2716902 -0.2236259 -0.207568 0.2972002 -0.184909 -0.2478905 0.2426979 -0.2475005 -0.2075708 0.2117542 -0.262208 -0.2464749 0.2923376 -0.1836577 -0.2077243 0.307879 -0.1331968 -0.2807229 0.2642829 -0.2135341 -0.2509916 0.2089143 -0.2559955 -0.2075709 0.1778097 -0.2590004 -0.2493895 0.3005248 -0.1345529 -0.2081812 0.3009926 -0.08065133 -0.2853234 0.2806274 -0.1797119 -0.2544414 0.2920944 -0.08336568 -0.2079279 0.2574689 0.01221315 -0.2865745 0.2856437 -0.1374644 -0.2605113 0.247662 0.008767259 -0.2078337 0.1885404 0.1117898 -0.2966075 0.2732423 -0.09095035 -0.3145835 0.266319 -0.1514237 -0.3107721 0.2563235 -0.1898074 -0.2853481 0.2355507 -0.2325476 -0.3354324 0.2378213 -0.1590173 -0.3171038 0.2232372 -0.2072067 -0.2891007 0.2030412 -0.2410957 -0.2536329 0.1739678 -0.2496272 -0.2075712 0.1420409 -0.2372046 -0.3191312 0.1877326 -0.2176998 -0.2574538 0.1384136 -0.226181 -0.2075717 0.1025875 -0.1902386 -0.297549 0.1683187 -0.2296313 -0.2642572 0.102658 -0.183186 -0.2074396 0.08014227 -0.1501017 -0.2996954 0.1363574 -0.2068367 -0.3257995 0.1527615 -0.1984952 -0.3124903 0.1089382 -0.169721 -0.2552977 0.07122886 -0.1303191 -0.2070227 0.04869111 -0.07716151 -0.3434969 0.1278001 -0.1577314 -0.2638268 0.03238658 -0.02026234 -0.2061364 0.006006546 0.05220606 -0.3199675 0.07440625 -0.1046164 -0.2895759 0.01966744 0.04391954 -0.3416717 0.1750619 -0.1841434 -0.3302614 0.05015174 -0.006992432 -0.3424781 0.2067348 -0.1730941 -0.3602007 0.1710926 -0.138816 -0.3507658 0.2194066 -0.1172963 -0.3289633 0.2485797 -0.1029523 -0.3618939 0.1941347 -0.06672432 -0.3557465 0.1051544 -0.102706 -0.3733037 0.1482093 -0.08639439 -0.3578578 0.08281939 -0.02051473 -0.3754375 0.1199077 -0.02233838 -0.369903 0.1522792 -0.007495601 -0.3646667 0.1051531 0.05923583 -0.3497018 0.06293885 0.06791662 -0.3422498 0.2002431 -0.01497932 -0.3407345 0.135821 0.08215351 -0.3415008 0.0728813 0.1108869 -0.326048 0.0346436 0.06995264 -0.3240468 0.0397625 0.1146489 -0.2951393 0.01495875 0.1024645 -0.2425939 -0.002311703 0.1017713 -0.2039103 -0.009447559 0.1362851 -0.2943141 0.02268603 0.1424506 -0.2291511 -0.005555921 0.1589907 -0.2052536 -0.003831635 0.1687124 -0.2607976 0.001605548 0.1371636 -0.2368987 0.005742974 0.1809071 -0.2653989 0.0124637 0.1658996 -0.206521 0.003262697 0.1862951 -0.2908452 0.04067632 0.1686349 -0.2649934 0.0301166 0.1839291 -0.3155901 0.05344325 0.143503 -0.2378869 0.02547336 0.1952632 -0.3248963 0.1016122 0.1276164 -0.3023518 0.07178353 0.1615251 -0.2751969 0.05838401 0.1834141 -0.3065777 0.1619253 0.09747329 -0.296303 0.1235858 0.1417413 -0.2831499 0.09089568 0.1699044 -0.3078317 0.2270173 -0.0006077513 -0.2600716 0.1803448 0.1078474 -0.2553999 0.1341484 0.1531426 -0.2076361 0.1370773 0.1581769 -0.2489695 0.09140889 0.1816522 -0.2424827 0.054621 0.1955979 -0.2071863 0.08928372 0.1874502 -0.206809 0.05152049 0.2007715 -0.2065839 0.02300031 0.1998648 -0.1707406 0.02547339 0.1952639 -0.1672371 0.05461197 0.1955992 -0.1626965 0.09185828 0.1816543 -0.1713253 0.005740612 0.1809105 -0.2052536 -0.003831635 0.1687124 -0.1370783 0.03011689 0.1839299 -0.1278455 0.05836648 0.1834126 -0.159236 0.1360416 0.1531436 -0.2078337 0.1885404 0.1117898 -0.1241954 0.09156205 0.1699053 -0.109427 0.04063734 0.1687556 -0.1570338 0.1837017 0.1078452 -0.1010529 0.07202535 0.1616447 -0.1170635 0.1264365 0.1417421 -0.08714356 0.103366 0.1277324 -0.08640962 0.05494563 0.1389553 -0.136656 0.01246369 0.1659008 -0.1082138 0.02263819 0.1426535 -0.178936 -0.005561654 0.1589957 -0.2039103 -0.009447559 0.1362851 -0.1430644 0.001605727 0.1371641 -0.1656288 -0.00231505 0.1017764 -0.2061364 0.006006546 0.05220606 -0.1109673 0.01490057 0.1027511 -0.1204208 0.01964462 0.04410636 -0.08307747 0.04181759 0.105829 -0.08387709 0.03677695 0.05923045 -0.1492107 0.03239166 -0.02018356 -0.2070227 0.04869111 -0.07716151 -0.07988939 0.05320739 -0.02225913 -0.1592526 0.07123818 -0.1302425 -0.2074396 0.08014227 -0.1501017 -0.09514926 0.07416965 -0.1072173 -0.1508724 0.1026608 -0.1831486 -0.2075717 0.1025875 -0.1902386 -0.103238 0.1089452 -0.1696499 -0.1576834 0.1384139 -0.2261802 -0.2075712 0.1420409 -0.2372046 -0.1156443 0.136358 -0.2068351 -0.1615064 0.1739681 -0.2496265 -0.2075709 0.1778097 -0.2590004 -0.1175881 0.1683192 -0.2296298 -0.08983459 0.1527622 -0.1984932 -0.1641501 0.2089145 -0.2559949 -0.2075708 0.2117542 -0.262208 -0.1260415 0.2030417 -0.2410945 -0.1672516 0.2426914 -0.2474997 -0.207571 0.2449936 -0.2524237 -0.1297946 0.2355376 -0.2325461 -0.09597715 0.1877332 -0.2176984 -0.1692749 0.2720536 -0.2236251 -0.2075715 0.2744076 -0.227412 -0.207568 0.2972002 -0.184909 -0.1344204 0.2647904 -0.2135327 -0.1686517 0.2938603 -0.183657 -0.2077243 0.307879 -0.1331968 -0.1043451 0.2569378 -0.1898059 -0.129794 0.2831099 -0.1797106 -0.1663595 0.3033186 -0.1345519 -0.1295878 0.2900133 -0.1374625 -0.1631983 0.2956069 -0.08336438 -0.2081812 0.3009926 -0.08065133 -0.2079279 0.2574689 0.01221315 -0.1012059 0.2691121 -0.1514215 -0.1577436 0.2515205 0.008767101 -0.1226859 0.2785382 -0.09094813 -0.1136106 0.2328413 -0.0006060422 -0.09020055 0.2520762 -0.1029501 -0.1124176 0.1669939 0.0974748 -0.07921783 0.2040298 -0.01494608 -0.07840428 0.1389409 0.08226466 -0.08070493 0.2384456 -0.1590145 -0.06833406 0.08151852 0.1006044 -0.05647067 0.1141169 0.05533361 -0.06051238 0.07559758 0.04967675 -0.05148692 0.1526226 -0.007384176 -0.04680494 0.1186814 -0.01130001 -0.06191043 0.07698076 -0.01513007 -0.05916553 0.1950342 -0.06672117 -0.04830542 0.1622446 -0.07761858 -0.05019455 0.1283686 -0.08771896 -0.06389811 0.09986211 -0.1022004 -0.06105263 0.1553351 -0.1459177 -0.07463881 0.1278827 -0.1577972 -0.0747603 0.1750627 -0.184141 -0.05860136 0.1870677 -0.1320143 -0.0738873 0.206719 -0.1730908 -0.06806449 0.220234 -0.1172932 -0.09800898 0.2232229 -0.2072047 -0.229617 0.8993074 0.0964144 -0.2905263 0.8517949 0.09496048 -0.2786776 0.8393908 0.1649906 -0.3380386 0.7908857 0.0964144 -0.2210971 0.8837134 0.1684667 -0.15866 0.9333447 0.09932225 -0.3229895 0.781821 0.1684667 -0.3720761 0.7199287 0.09932227 -0.2628891 0.8221775 0.2258027 -0.1535507 0.9155911 0.1754723 -0.08103992 0.9539506 0.1023847 -0.2114869 0.8601307 0.2326102 -0.07889812 0.9359834 0.182567 0 0.9609219 0.1039797 -0.1488418 0.8868562 0.2450159 -0.2469154 0.8048794 0.2659305 0 0.943155 0.1859371 -0.2076468 0.8244845 0.2843546 -0.07726637 0.9054718 0.2556968 -0.1474307 0.8443351 0.3027285 0.07889813 0.9359833 0.182567 0.08103993 0.9539506 0.1023847 0 0.9125247 0.2603452 0.1535507 0.9155911 0.1754723 0.15866 0.9333447 0.09932225 0.07726638 0.9054718 0.2556968 0.1488419 0.8868562 0.2450159 0.2210971 0.8837134 0.1684667 0.229617 0.8993074 0.0964144 0.2114869 0.8601307 0.2326102 0.2786775 0.8393908 0.1649906 0.2905263 0.8517949 0.09496047 0.3380386 0.7908857 0.0964144 0.2628891 0.8221775 0.2258027 0.3229895 0.781821 0.1684667 0.3720761 0.7199287 0.09932225 0.2469154 0.8048794 0.2659305 0.3550122 0.7141296 0.1754724 0.3927319 0.6422585 0.1023847 0.300916 0.7707015 0.2326102 0.3758939 0.6389876 0.182567 0.3997494 0.5611725 0.1039797 0.327881 0.707817 0.2450159 0.2670434 0.7650877 0.2843546 0.2076468 0.8244845 0.2843546 0.2171893 0.7732497 0.3212092 0.1474307 0.844335 0.3027285 0.1531091 0.7864949 0.3458811 0.07691956 0.859379 0.3161649 0.07887803 0.796513 0.3614641 0 0.8657419 0.3215786 0 0.8015591 0.3673173 -0.07691956 0.859379 0.3161649 -0.07887803 0.796513 0.3614641 0 0.7253481 0.3996033 -0.1531092 0.7864949 0.3458811 -0.08241685 0.7223479 0.3935096 0.08241685 0.7223479 0.3935096 0 0.6419312 0.4190235 0.1610777 0.7159891 0.3756079 0.08548558 0.6403969 0.4126269 0.2308804 0.7087236 0.3458811 0.1674366 0.6373281 0.3935096 0.2871204 0.7046453 0.3027286 0.2408831 0.6345078 0.3614641 0.3473786 0.6353596 0.2556968 0.3030739 0.6332247 0.3161649 0.3833161 0.5598389 0.1859371 0.3548914 0.5576335 0.2603452 0.3758939 0.4811913 0.182567 0.3927319 0.4801787 0.1023847 0.3100553 0.5556864 0.3215787 0.3550122 0.407028 0.1754723 0.3720761 0.4026087 0.09932228 0.3473785 0.4808269 0.2556968 0.327881 0.4101333 0.2450159 0.3030739 0.4793855 0.3161649 0.2466478 0.5549113 0.3673173 0.2871204 0.4097838 0.3027285 0.1704369 0.5549113 0.3996033 0.2408831 0.4767519 0.3614641 0.08701994 0.5549113 0.4190235 0.1674366 0.4724945 0.3935096 0.2308804 0.4025052 0.3458811 0.2670434 0.3497942 0.2843546 0.300916 0.3477278 0.2326102 0.2171893 0.3388712 0.3212092 0.3235629 0.3396267 0.1684667 0.3391615 0.3316517 0.0964144 0.246945 0.3110485 0.2659305 0.2638834 0.2963992 0.2258027 0.2819129 0.2820356 0.1649906 0.2952668 0.2707424 0.09496047 0.2317807 0.2232301 0.09641439 0.2221936 0.2377344 0.1684667 0.1509126 0.1891925 0.09932227 0.2116397 0.2582986 0.2326102 0.1471324 0.2055666 0.1754724 0.06569909 0.1684867 0.1023847 0.2076468 0.2903976 0.2843546 0.1456514 0.2310941 0.2450159 0.06733402 0.1841955 0.182567 0 0.1614231 0.1039797 0.07257114 0.2107148 0.2556968 0.1472625 0.2700942 0.3027285 0 0.1765227 0.1859371 0.1531092 0.3247339 0.3458811 0 0.2027423 0.2603452 -0.06733401 0.1841956 0.182567 -0.06569909 0.1684867 0.1023847 0 0.2456311 0.3215787 -0.1471324 0.2055666 0.1754723 -0.1509126 0.1891926 0.09932227 -0.07257114 0.2107148 0.2556968 -0.2221936 0.2377344 0.1684667 -0.2317807 0.2232301 0.09641439 -0.1456514 0.2310941 0.2450159 -0.2819129 0.2820356 0.1649906 -0.2952668 0.2707424 0.09496047 -0.3391615 0.3316517 0.09641441 -0.2116397 0.2582986 0.2326102 -0.2638834 0.2963992 0.2258027 -0.3235629 0.3396267 0.1684667 -0.3720761 0.4026087 0.09932227 -0.246945 0.3110485 0.2659305 -0.3550123 0.407028 0.1754723 -0.3927319 0.4801787 0.1023847 -0.300916 0.3477278 0.2326102 -0.3758939 0.4811913 0.182567 -0.3997494 0.5611725 0.1039797 -0.327881 0.4101333 0.2450159 -0.2670434 0.3497942 0.2843546 -0.2076468 0.2903976 0.2843546 -0.2171893 0.3388712 0.3212092 -0.1472625 0.2700942 0.3027285 -0.1531091 0.324734 0.3458811 -0.07660451 0.2532312 0.3161649 -0.07887804 0.3147468 0.3614641 0 0.3082635 0.3673173 0.07660451 0.2532312 0.3161649 0.07887804 0.3147468 0.3614641 0 0.3844745 0.3996033 0.08241685 0.3874747 0.3935096 -0.08241685 0.3874747 0.3935096 0 0.4678914 0.4190235 0.1610777 0.3938336 0.3756079 0.08548557 0.4694258 0.4126269 0 0.5549113 0.4255171 -0.08548556 0.4694258 0.4126269 -0.08548556 0.6403969 0.4126269 -0.08701992 0.5549113 0.4190235 -0.1610777 0.3938336 0.3756079 -0.1674366 0.4724945 0.3935096 -0.2308804 0.4025052 0.3458811 -0.2871204 0.4097838 0.3027285 -0.2408831 0.4767519 0.3614641 -0.1704369 0.5549113 0.3996033 -0.3030739 0.4793855 0.3161649 -0.3473785 0.4808269 0.2556968 -0.2466478 0.5549113 0.3673173 -0.3100553 0.5556864 0.3215787 -0.3548913 0.5576335 0.2603452 -0.3030739 0.6332247 0.3161649 -0.2408831 0.6345078 0.3614641 -0.1674366 0.6373281 0.3935096 -0.2871204 0.7046453 0.3027285 -0.1610777 0.7159891 0.3756079 -0.2308804 0.7087235 0.3458811 -0.2171893 0.7732497 0.3212092 -0.2670434 0.7650877 0.2843546 -0.300916 0.7707015 0.2326102 -0.327881 0.707817 0.2450159 -0.3550122 0.7141296 0.1754724 -0.3927319 0.6422585 0.1023847 -0.3758939 0.6389876 0.182567 -0.3473785 0.6353596 0.2556968 -0.3833161 0.5598389 0.1859371 -0.08245857 0.9606839 0.02122548 0 0.967642 0.02122547 -0.04050232 0.9572184 -0.06058302 0 0.9609219 0.1039797 -0.08103992 0.9539506 0.1023847 -0.08245857 0.9606839 0.02122548 -0.15866 0.9333447 0.09932225 -0.1602592 0.9367632 -0.01345079 -0.04050232 0.9572184 -0.06058302 0 0.9609219 0.1039797 0.08103993 0.9539506 0.1023847 0.15866 0.9333447 0.09932225 0.1368016 0.9463677 0.02120616 0.15866 0.9333447 0.09932225 0.229617 0.8993074 0.0964144 0.10679 0.939943 -0.08393355 -0.04050232 0.9572184 -0.06058302 0 0.9393385 -0.1413495 0.2667044 0.8752652 -0.009924345 0.2905263 0.8517949 0.09496047 0.1105592 0.8889064 -0.2078388 0 0.9034393 -0.2161727 0.1863442 0.896531 -0.1318915 0.09519506 0.8445591 -0.2714076 0 0.8538849 -0.2806211 0.2253462 0.8280606 -0.2056581 0.2948937 0.8002006 -0.1460158 0.3460486 0.7838182 -0.008702302 0.3380386 0.7908857 0.0964144 0.3720761 0.7199287 0.09932225 0 0.8538849 -0.2806211 0 0.7732959 -0.3387094 0.1105592 0.7824663 -0.3158024 0.10679 0.6619032 -0.365168 0 0.6400894 -0.3854655 0 0.5164015 -0.3889446 0.2331047 0.7619945 -0.2630845 0.1863442 0.7069128 -0.32323 0.2966433 0.7017891 -0.2379058 0.3624849 0.714932 -0.09810822 0.2668166 0.58552 -0.3008125 0.35293 0.6343384 -0.1841307 0.3959881 0.6418807 -0.02151613 0.3720761 0.7199287 0.09932225 0.3927319 0.6422585 0.1023847 0.4028943 0.5601649 -0.02221137 0.3997494 0.5611725 0.1039797 0.3997494 0.5611725 0.1039797 0.3927319 0.4801787 0.1023847 0.3753409 0.5191548 -0.1449871 0.3817932 0.4247476 -0.02012523 0.3720761 0.4026087 0.09932228 0.3413976 0.5247357 -0.2179748 0.3720761 0.4026087 0.09932228 0.3089839 0.2897766 0.09541482 0.3210749 0.3727746 -0.1654926 0.3417514 0.3287322 -0.01289378 0.2795013 0.2502556 0.02078326 0.2864046 0.4624358 -0.2724549 0.2514139 0.2493829 -0.09000654 0.3089839 0.2897766 0.09541482 0.2317807 0.2232301 0.09641439 0.1547908 0.1850927 -0.01949299 0.1509126 0.1891925 0.09932227 0.2331047 0.2808855 -0.1898362 0.1120475 0.2139834 -0.1798204 0.2237945 0.3342853 -0.2548148 0.199867 0.4315029 -0.3234984 0.09519506 0.2712262 -0.2724549 0.1368016 0.5576308 -0.371159 0.10679 0.4533584 -0.3651681 0 0.3961278 -0.3646561 0.1105592 0.3327953 -0.3158023 0 0.3239116 -0.3300604 0 0.2407991 -0.2546297 0 0.2407991 -0.2546297 0 0.1796063 -0.1463906 0.0731295 0.165199 -0.0371988 0.1509126 0.1891925 0.09932227 0.06569909 0.1684867 0.1023847 -0.03744214 0.1635091 -0.06404915 -0.02164655 0.1566211 0.02032816 -0.02053097 0.1636305 0.1034812 -0.02053097 0.1636305 0.1034812 -0.1509126 0.1891926 0.09932227 -0.1547908 0.1850927 -0.01949299 -0.1509126 0.1891926 0.09932227 -0.2317807 0.2232301 0.09641439 -0.2795013 0.2502556 0.02078325 -0.3089839 0.2897766 0.09541483 -0.1120475 0.2139834 -0.1798204 0 0.1796063 -0.1463906 0 0.2407991 -0.2546297 -0.251414 0.2493829 -0.09000654 -0.3089839 0.2897766 0.09541483 -0.3522482 0.3511134 -0.01495603 -0.09519506 0.2712262 -0.2724549 0 0.3239116 -0.3300604 -0.2253462 0.2876866 -0.205835 -0.1105592 0.3327953 -0.3158024 0 0.3961278 -0.3646561 -0.3210749 0.3727746 -0.1654927 -0.2331047 0.3532672 -0.2630845 -0.10679 0.4533584 -0.3651681 0 0.5164015 -0.3889446 -0.1368016 0.5576308 -0.371159 -0.199867 0.4315029 -0.3234984 -0.3089839 0.2897766 0.09541483 -0.3720761 0.4026087 0.09932227 -0.2864046 0.4624358 -0.2724549 -0.3959881 0.4784175 -0.02151612 -0.3927319 0.4801787 0.1023847 -0.35293 0.4814162 -0.1841307 -0.4028943 0.5601649 -0.02221136 -0.3927319 0.4801787 0.1023847 -0.3997494 0.5611725 0.1039797 -0.3927319 0.6422585 0.1023847 -0.3959881 0.6418807 -0.02151611 -0.3753409 0.5972515 -0.144987 -0.3413976 0.590526 -0.2179748 -0.2668166 0.58552 -0.3008125 -0.2966433 0.7017891 -0.2379058 -0.10679 0.6619032 -0.3651681 0 0.5164015 -0.3889446 0 0.6400894 -0.3854655 0 0.7732959 -0.3387094 -0.1863442 0.7069129 -0.32323 -0.1105592 0.7824663 -0.3158024 -0.2331047 0.7619945 -0.2630845 -0.3624849 0.714932 -0.09810819 -0.308549 0.7723396 -0.1613117 -0.2302219 0.8143094 -0.2170237 -0.09019352 0.8577662 -0.2566136 0 0.8538849 -0.2806211 0 0.9034393 -0.2161727 0 0.9393385 -0.1413495 -0.1768515 0.8670813 -0.1981607 -0.1153656 0.9226387 -0.1366517 -0.04050232 0.9572184 -0.06058302 -0.2522757 0.8554485 -0.1276499 -0.15866 0.9333447 0.09932225 -0.229617 0.8993074 0.0964144 -0.3460486 0.7838182 -0.008702289 -0.2667044 0.8752652 -0.009924342 -0.2905263 0.8517949 0.09496048 -0.2905263 0.8517949 0.09496048 -0.3380386 0.7908857 0.0964144 -0.3720761 0.7199287 0.09932227 -0.3927319 0.6422585 0.1023847 -0.3380386 0.7908857 0.0964144 0.3380386 0.7908857 0.0964144 0.2905263 0.8517949 0.09496047 0.2786775 0.8393908 0.1649906 0.3229895 0.781821 0.1684667 0.2905263 0.8517949 0.09496047 0.229617 0.8993074 0.0964144 0.3720761 0.7199287 0.09932225 0.3380386 0.7908857 0.0964144 0.2210971 0.8837134 0.1684667 0.15866 0.9333447 0.09932225 0.1535507 0.9155911 0.1754723 0.2332712 0.8211687 0.2600946 0.2114869 0.8601307 0.2326102 0.15866 0.9333447 0.09932225 0.08103993 0.9539506 0.1023847 0.1488419 0.8868562 0.2450159 0.07889813 0.9359833 0.182567 0 0.9609219 0.1039797 0 0.943155 0.1859371 0.07726638 0.9054718 0.2556968 0.1474307 0.844335 0.3027285 0.07691956 0.859379 0.3161649 0.120633 0.7908778 0.3526987 0 0.9125247 0.2603452 -0.07726637 0.9054718 0.2556968 0 0.8657419 0.3215786 -0.07889812 0.9359834 0.182567 0 0.9609219 0.1039797 -0.08103992 0.9539506 0.1023847 0 0.8015591 0.3673173 -0.07691956 0.859379 0.3161649 -0.15866 0.9333447 0.09932225 -0.1535507 0.9155911 0.1754723 -0.1488418 0.8868562 0.2450159 -0.1474307 0.8443351 0.3027285 -0.120633 0.7908778 0.3526987 -0.2332712 0.8211687 0.2600946 -0.2114869 0.8601307 0.2326102 -0.2210971 0.8837134 0.1684667 -0.15866 0.9333447 0.09932225 -0.229617 0.8993074 0.0964144 -0.2786776 0.8393908 0.1649906 -0.2905263 0.8517949 0.09496048 -0.2905263 0.8517949 0.09496048 -0.3380386 0.7908857 0.0964144 -0.3091936 0.7748713 0.2085564 -0.3720761 0.7199287 0.09932227 -0.3550122 0.7141296 0.1754724 -0.2523159 0.7377991 0.3121948 -0.327881 0.707817 0.2450159 -0.3720761 0.7199287 0.09932227 -0.3927319 0.6422585 0.1023847 -0.3758939 0.6389876 0.182567 -0.3997494 0.5611725 0.1039797 -0.3833161 0.5598389 0.1859371 -0.3224572 0.6341587 0.2897101 -0.3324733 0.5566599 0.2909619 -0.2408831 0.6345078 0.3614641 -0.3758939 0.4811913 0.182567 -0.3997494 0.5611725 0.1039797 -0.3927319 0.4801787 0.1023847 -0.2466478 0.5549113 0.3673173 -0.3720761 0.4026087 0.09932227 -0.3550123 0.407028 0.1754723 -0.3473785 0.4808269 0.2556968 -0.327881 0.4101333 0.2450159 -0.3030739 0.4793855 0.3161649 -0.2845287 0.3223757 0.2221955 -0.3720761 0.4026087 0.09932227 -0.3089839 0.2897766 0.09541483 -0.2819129 0.2820356 0.1649906 -0.3089839 0.2897766 0.09541483 -0.2317807 0.2232301 0.09641439 -0.2221936 0.2377344 0.1684667 -0.1509126 0.1891926 0.09932227 -0.1471324 0.2055666 0.1754723 -0.2116397 0.2582986 0.2326102 -0.1774547 0.2802459 0.2935415 -0.1509126 0.1891926 0.09932227 -0.02053097 0.1636305 0.1034812 -0.1456514 0.2310941 0.2450159 -0.06733401 0.1841956 0.182567 0 0.1765227 0.1859371 -0.07257114 0.2107148 0.2556968 0 0.2027423 0.2603452 -0.07660451 0.2532312 0.3161649 0 0.2456311 0.3215787 0.06733402 0.1841955 0.182567 -0.02053097 0.1636305 0.1034812 0.06569909 0.1684867 0.1023847 0.07257114 0.2107148 0.2556968 0.1471324 0.2055666 0.1754724 0.1509126 0.1891925 0.09932227 0.07660451 0.2532312 0.3161649 0.1456514 0.2310941 0.2450159 0.2116397 0.2582986 0.2326102 0 0.3082635 0.3673173 0.1774547 0.2802459 0.2935416 0.120633 0.3203645 0.3526987 -0.120633 0.3203646 0.3526987 0 0.3844745 0.3996033 -0.2390005 0.34365 0.3050853 -0.1266636 0.3910516 0.3834399 -0.2554854 0.4056896 0.3270019 -0.04274278 0.4686586 0.4158252 -0.2408831 0.4767519 0.3614641 -0.1674366 0.4724945 0.3935096 -0.1704369 0.5549113 0.3996033 -0.04350996 0.5549113 0.4222703 -0.1674366 0.6373281 0.3935096 -0.1266636 0.718771 0.3834399 -0.04274278 0.6411641 0.4158252 0 0.7253481 0.3996033 0.1266636 0.7187711 0.3834399 0.08548558 0.6403969 0.4126269 0.2523159 0.7377992 0.3121949 0.1674366 0.6373281 0.3935096 0.08701994 0.5549113 0.4190235 0.08548557 0.4694258 0.4126269 0.1704369 0.5549113 0.3996033 0.1266636 0.3910516 0.3834399 0.1674366 0.4724945 0.3935096 0.2390005 0.34365 0.3050853 0.2554854 0.4056896 0.3270019 0.2408831 0.4767519 0.3614641 0.2408831 0.6345078 0.3614641 0.2466478 0.5549113 0.3673173 0.3030739 0.4793855 0.3161649 0.327881 0.4101333 0.2450159 0.3224572 0.6341587 0.2897101 0.3324733 0.5566599 0.2909619 0.3473785 0.4808269 0.2556968 0.3758939 0.4811913 0.182567 0.3833161 0.5598389 0.1859371 0.327881 0.707817 0.2450159 0.3997494 0.5611725 0.1039797 0.3927319 0.4801787 0.1023847 0.3758939 0.6389876 0.182567 0.3927319 0.6422585 0.1023847 0.300916 0.7707015 0.2326102 0.3550122 0.7141296 0.1754724 0.3927319 0.6422585 0.1023847 0.3550122 0.407028 0.1754723 0.3927319 0.4801787 0.1023847 0.3720761 0.4026087 0.09932228 0.2845287 0.3223757 0.2221955 0.3089839 0.2897766 0.09541482 0.2221936 0.2377344 0.1684667 0.1509126 0.1891925 0.09932227 0.2317807 0.2232301 0.09641439 0.2819129 0.2820356 0.1649906 0.3089839 0.2897766 0.09541482 0.1534066 0.2296771 -0.2450141 0.207571 0.2449937 -0.2524237 0.2075708 0.2117543 -0.262208 0.207571 0.1688676 -0.2535514 0.1600728 0.1606353 -0.2408341 0.2075552 0.09978189 -0.1852214 0.1135448 0.07939085 -0.1247459 0.2075552 0.09978189 -0.1852214 0.2070227 0.04869115 -0.07716151 0.1218148 0.1856805 -0.2353622 0.2061364 0.006006594 0.05220606 0.1161271 0.01738367 0.07788658 0.2070227 0.04869115 -0.07716151 0.1086658 0.1209384 -0.1859184 0.09130952 0.1746746 -0.207202 0.06725457 0.1086186 -0.1195744 0.07651834 0.05766495 -0.02092243 0.05189424 0.1517804 -0.09674308 0.09447699 0.2457532 -0.1800117 0.04885331 0.1335307 -0.009586832 0.1560486 0.2747816 -0.2098484 0.207571 0.2449937 -0.2524237 0.2075702 0.2829549 -0.2114734 0.06789624 0.2107974 -0.08526256 0.1154999 0.276111 -0.165566 0.2075702 0.2829549 -0.2114734 0.2078671 0.3057271 -0.1167764 0.1064432 0.2653072 -0.09694912 0.1494634 0.2943316 -0.1133853 0.2079279 0.257469 0.01221315 0.1356771 0.242181 0.004080529 0.09115928 0.1494608 0.08796846 0.06265043 0.09199608 0.0749631 0.1570338 0.1837018 0.1078452 0.08347727 0.03929732 0.08252974 0.2079279 0.257469 0.01221315 0.2078337 0.1885405 0.1117898 0.1215334 0.01670241 0.1488953 0.159236 0.1360416 0.1531436 0.2076361 0.1370773 0.1581769 0.1002335 0.1134594 0.1338616 0.1036726 0.04421445 0.1613055 0.1176563 0.07017067 0.1729107 0.1915733 0.05912194 0.1964838 0.1844416 0.01941992 0.191866 0.2517828 0.1101075 0.1691793 0.2078337 0.1885405 0.1117898 0.1736449 0.001263728 0.1682602 0.2039103 -0.009447511 0.1362851 0.2052536 -0.003831588 0.1687124 0.2610093 0.03926658 0.1856169 0.2377393 0.002451516 0.1707173 0.2052536 -0.003831588 0.1687124 0.2039103 -0.009447511 0.1362851 0.2881198 0.01702585 0.1242452 0.2061364 0.006006594 0.05220606 0.297213 0.0891545 0.1579558 0.3141897 0.04011052 0.007093817 0.2070227 0.04869115 -0.07716151 0.332246 0.06101045 0.1180556 0.3378749 0.04879127 0.06893463 0.2600716 0.1803448 0.1078474 0.3300605 0.1439787 0.08694094 0.3646667 0.1051531 0.05923583 0.2841715 0.2373397 0.004079754 0.2079279 0.257469 0.01221315 0.364718 0.1612725 -0.008898798 0.3712745 0.1244512 -0.0480192 0.2607507 0.2931744 -0.112875 0.2078671 0.3057271 -0.1167764 0.3148077 0.2593696 -0.09770148 0.3556343 0.2083502 -0.09517104 0.3071591 0.2628611 -0.1758141 0.261193 0.2710305 -0.2142147 0.2075702 0.2829549 -0.2114734 0.207571 0.2449937 -0.2524237 0.2633451 0.2293766 -0.2443726 0.2075708 0.2117543 -0.262208 0.207571 0.1688676 -0.2535514 0.3297909 0.2149861 -0.1901504 0.3532523 0.1725812 -0.1558138 0.3092475 0.1794579 -0.2213767 0.2550657 0.160635 -0.2408348 0.2075552 0.09978189 -0.1852214 0.3503873 0.115062 -0.1267796 0.3076922 0.1192205 -0.1836394 0.3052 0.07852275 -0.1193025 0.2070227 0.04869115 -0.07716151 -0.207571 0.2449936 -0.2524237 -0.1419152 0.217716 -0.2436029 -0.2075708 0.2117542 -0.262208 -0.207571 0.1688675 -0.2535514 -0.1304469 0.1590513 -0.2282339 -0.2075552 0.09978185 -0.1852214 -0.105604 0.08957063 -0.1381287 -0.2075552 0.09978185 -0.1852214 -0.2070227 0.04869111 -0.07716151 -0.09130952 0.1746746 -0.207202 -0.2061364 0.006006546 0.05220606 -0.1161271 0.01738362 0.07788658 -0.2070227 0.04869111 -0.07716151 -0.1736449 0.00126368 0.1682602 -0.2039103 -0.009447559 0.1362851 -0.2052536 -0.003831635 0.1687124 -0.1844416 0.01941987 0.191866 -0.1215334 0.01670236 0.1488953 -0.08347727 0.03929727 0.08252974 -0.07651834 0.0576649 -0.02092243 -0.1036726 0.04421441 0.1613055 -0.06725457 0.1086186 -0.1195744 -0.06265043 0.09199604 0.0749631 -0.05189424 0.1517803 -0.09674308 -0.04885331 0.1335307 -0.009586832 -0.09447699 0.2457531 -0.1800117 -0.06789624 0.2107973 -0.08526256 -0.09115928 0.1494608 0.08796846 -0.1002335 0.1134594 0.1338616 -0.1176563 0.07017062 0.1729107 -0.1570338 0.1837017 0.1078452 -0.159236 0.1360416 0.1531436 -0.1915733 0.05912189 0.1964838 -0.1356771 0.2421809 0.004080529 -0.2078337 0.1885404 0.1117898 -0.2079279 0.2574689 0.01221315 -0.2076361 0.1370773 0.1581769 -0.1064432 0.2653072 -0.09694912 -0.2517828 0.1101074 0.1691793 -0.2078337 0.1885404 0.1117898 -0.1494634 0.2943315 -0.1133853 -0.2079279 0.2574689 0.01221315 -0.2078671 0.305727 -0.1167764 -0.1154999 0.276111 -0.165566 -0.1560486 0.2747816 -0.2098484 -0.2075702 0.2829548 -0.2114734 -0.207571 0.2449936 -0.2524237 -0.2075702 0.2829548 -0.2114734 -0.2610093 0.03926653 0.1856169 -0.2377393 0.002451468 0.1707173 -0.2052536 -0.003831635 0.1687124 -0.2039103 -0.009447559 0.1362851 -0.2881198 0.0170258 0.1242452 -0.2061364 0.006006546 0.05220606 -0.297213 0.08915445 0.1579558 -0.3141897 0.04011047 0.007093817 -0.2070227 0.04869111 -0.07716151 -0.332246 0.06101041 0.1180556 -0.3378749 0.04879123 0.06893463 -0.2600716 0.1803448 0.1078474 -0.3300605 0.1439786 0.08694094 -0.3646667 0.1051531 0.05923583 -0.2841715 0.2373396 0.004079754 -0.2079279 0.2574689 0.01221315 -0.3596084 0.1877536 -0.05742694 -0.3712745 0.1244512 -0.0480192 -0.2607507 0.2931744 -0.112875 -0.2078671 0.305727 -0.1167764 -0.3148077 0.2593696 -0.09770148 -0.261193 0.2710305 -0.2142147 -0.2075702 0.2829548 -0.2114734 -0.207571 0.2449936 -0.2524237 -0.3071591 0.2628611 -0.1758141 -0.2633451 0.2293766 -0.2443726 -0.2075708 0.2117542 -0.262208 -0.207571 0.1688675 -0.2535514 -0.3297909 0.214986 -0.1901504 -0.3532523 0.1725811 -0.1558138 -0.3092475 0.1794579 -0.2213767 -0.2550657 0.160635 -0.2408348 -0.2075552 0.09978185 -0.1852214 -0.3503873 0.1150619 -0.1267796 -0.3076922 0.1192204 -0.1836394 -0.3052 0.0785227 -0.1193025 -0.2070227 0.04869111 -0.07716151</float_array>
          <technique_common>
            <accessor source="#BodyM__BodyC-position-array" count="1272" stride="3">
              <param name="X" type="float" />
              <param name="Y" type="float" />
              <param name="Z" type="float" />
            </accessor>
          </technique_common>
        </source>
        <source id="BodyM__BodyC-normal">
          <float_array id="BodyM__BodyC-normal-array" count="3816">-0.1702544 0.9843444 -0.001956947 0 1 -0.001956947 -0.1722113 0.9686888 -0.1741683 0 0.9843444 -0.1722113 0.1722113 0.9686888 -0.1741683 0.1741683 0.9217221 -0.3444227 0 0.9373777 -0.3463796 0.1741683 0.8375734 -0.516634 0 0.851272 -0.5225049 0.3405088 0.8767123 -0.3405088 0.1741683 0.7005871 -0.6908023 0 0.7123288 -0.7005871 0 0.5283757 -0.849315 0.3307241 0.7984344 -0.5029354 0.3248532 0.6731898 -0.6653621 0.1741683 0.5225049 -0.8336595 0 0.3444227 -0.9393346 0.4598826 0.630137 -0.6262231 0.1722113 0.3424658 -0.9236791 0 0.1702544 -0.9863014 0.3307241 0.5068493 -0.7964775 0.1702544 0.1702544 -0.9706458 0 0 -1 0.3385518 0.3385518 -0.8786693 0.479452 0.481409 -0.7338552 0.479452 0.7358121 -0.479452 0.5772994 0.5792564 -0.5753425 0.5048923 0.3307241 -0.7964775 0.62818 0.4618395 -0.6262231 0.62818 0.62818 -0.4598826 0.3424658 0.1722113 -0.9236791 0.7377691 0.479452 -0.4755382 0.5048923 0.7964775 -0.332681 0.7984344 0.5048923 -0.3287671 0.3463796 0.9217221 -0.1780822 0.667319 0.667319 -0.3268102 0.5205479 0.8336595 -0.1800391 0.1702544 0.9843444 -0.001956947 0.3463796 0.9373777 -0.003913894 0.6947162 0.6947162 -0.1800391 0.3463796 0.925636 0.1585127 0.1741683 0.9726027 0.1526419 0.5205479 0.8375734 0.1624266 0 0.9882583 0.148728 -0.1741683 0.9726027 0.1526419 -0.1702544 0.9843444 -0.001956947 -0.3463796 0.925636 0.1585127 0.5264188 0.849315 -0.005870841 0.6966732 0.6986302 0.1624266 0.7064579 0.7064579 -0.005870841 0.851272 0.5264188 -0.003913894 0.8375734 0.5205479 0.1604697 0.8356164 0.5205479 -0.1761252 0.9393346 0.3444227 -0.003913894 0.925636 0.3463796 0.1545988 0.9236791 0.3424658 -0.1722113 0.9863014 0.1702544 -0.001956947 0.9726027 0.1761252 0.146771 0.8786693 0.3385518 -0.334638 0.9706458 0.1702544 -0.1682975 1 0 -0.001956947 0.9902152 0 0.1409002 0.9745597 -0.1741683 0.1448141 0.8003914 0.332681 -0.5009785 0.925636 0.1741683 -0.3365949 0.9863014 0 -0.1643836 0.9863014 -0.1702544 0 0.9275929 -0.3424658 0.1526419 0.6692759 0.3268102 -0.667319 0.8375734 0.1761252 -0.516634 0.5205479 0.1741683 -0.8356164 0.6966732 0.1761252 -0.6947162 0.9412916 0 -0.3365949 0.853229 0 -0.5225049 0.5264188 0 -0.851272 0.7064579 0 -0.7064579 0.6966732 -0.1761252 -0.6947162 0.8375734 -0.1780822 -0.5146771 0.3444227 0 -0.9393346 0.5205479 -0.1741683 -0.8356164 0.1702544 0 -0.9863014 0.3424658 -0.1722113 -0.9236791 0.1702544 -0.1702544 -0.9706458 0 -0.1702544 -0.9863014 0.5048923 -0.3307241 -0.7964775 0.1722113 -0.3424658 -0.9236791 0 -0.3444227 -0.9393346 0.3385518 -0.3385518 -0.8786693 0.1741683 -0.5205479 -0.8356164 0 -0.5264188 -0.851272 0.3307241 -0.5048923 -0.7964775 0.1761252 -0.6966732 -0.6947162 0 -0.7064579 -0.7064579 0 -0.853229 -0.5205479 0.3287671 -0.6712329 -0.6653621 0.1780822 -0.8395303 -0.5127202 0 -0.9452055 -0.3268102 0.4598826 -0.6320939 -0.6242661 0.3365949 -0.8023483 -0.4931507 0.1800391 -0.9295499 -0.3209393 0.1780822 -0.9745597 -0.1428571 0 -0.9882583 -0.148728 0.3405088 -0.8864971 -0.3111546 0.479452 -0.7436399 -0.4657534 0.479452 -0.479452 -0.7338552 0.5792564 -0.5792564 -0.5733855 0.6320939 -0.4618395 -0.6242661 0.6712329 -0.3287671 -0.6653621 0.8003914 -0.334638 -0.4970646 0.7416829 -0.479452 -0.4677104 0.925636 -0.1761252 -0.332681 0.8806262 -0.3424658 -0.3248532 0.9706458 -0.1722113 -0.1624266 0.9236791 -0.3444227 -0.1624266 0.8023483 -0.5048923 -0.3170255 0.6320939 -0.6320939 -0.4481409 0.9393346 -0.3424658 0.001956947 0.849315 -0.5009785 0.1585127 0.5029354 -0.8082192 -0.3091977 0.8590998 -0.5107632 -0.003913894 0.702544 -0.6927593 0.1624266 0.8414873 -0.5146771 -0.1682975 0.7103718 -0.702544 -0.005870841 0.6712329 -0.6712329 -0.3111546 0.6986302 -0.6947162 -0.1702544 0.5009785 -0.8649706 0.003913894 0.4911937 -0.8571429 0.1604697 0.5048923 -0.8473581 -0.1585127 0.3209393 -0.9471624 0.01565558 0.3170255 -0.9354208 0.1506849 0.332681 -0.9315069 -0.1409002 0.1761252 -0.9843444 0.01565558 0.183953 -0.9726027 0.1409002 0 -1 0.009784736 0 -0.9902152 0.1369863 -0.183953 -0.9726027 0.1409002 -0.1761252 -0.9843444 0.01565558 -0.3170255 -0.9354208 0.1506849 -0.1780822 -0.9745597 -0.1428571 -0.3209393 -0.9471624 0.01565558 -0.4911937 -0.8571429 0.1604697 0 -0.9452055 -0.3268102 0 -0.9882583 -0.148728 -0.5009785 -0.8649706 0.003913894 -0.702544 -0.6927593 0.1624266 -0.332681 -0.9315069 -0.1409002 -0.5048923 -0.8473581 -0.1585127 -0.7103718 -0.702544 -0.005870841 -0.3405088 -0.8864971 -0.3111546 -0.6986302 -0.6947162 -0.1702544 -0.8590998 -0.5107632 -0.003913894 -0.849315 -0.5009785 0.1585127 -0.8414873 -0.5146771 -0.1682975 -0.9393346 -0.3424658 0.001956947 -0.9275929 -0.3424658 0.1526419 -0.6712329 -0.6712329 -0.3111546 -0.9863014 -0.1702544 0 -0.9745597 -0.1741683 0.1448141 -0.9236791 -0.3444227 -0.1624266 -0.8023483 -0.5048923 -0.3170255 -0.5029354 -0.8082192 -0.3091977 -0.6320939 -0.6320939 -0.4481409 -0.479452 -0.7436399 -0.4657534 -0.7416829 -0.479452 -0.4677104 -0.5792564 -0.5792564 -0.5733855 -0.3365949 -0.8023483 -0.4931507 -0.8806262 -0.3424658 -0.3248532 -0.1800391 -0.9295499 -0.3209393 -0.1780822 -0.8395303 -0.5127202 0 -0.853229 -0.5205479 -0.4598826 -0.6320939 -0.6242661 -0.3287671 -0.6712329 -0.6653621 -0.1761252 -0.6966732 -0.6947162 0 -0.7064579 -0.7064579 0 -0.5264188 -0.851272 -0.1741683 -0.5205479 -0.8356164 0 -0.3444227 -0.9393346 -0.3307241 -0.5048923 -0.7964775 -0.1722113 -0.3424658 -0.9236791 0 -0.1702544 -0.9863014 -0.479452 -0.479452 -0.7338552 -0.3385518 -0.3385518 -0.8786693 -0.1702544 -0.1702544 -0.9706458 0 0 -1 -0.6320939 -0.4618395 -0.6242661 -0.5048923 -0.3307241 -0.7964775 -0.3424658 -0.1722113 -0.9236791 -0.1702544 0 -0.9863014 -0.1702544 0.1702544 -0.9706458 0 0.1702544 -0.9863014 -0.3444227 0 -0.9393346 -0.1722113 0.3424658 -0.9236791 0 0.3444227 -0.9393346 -0.3424658 0.1722113 -0.9236791 -0.3385518 0.3385518 -0.8786693 -0.1741683 0.5225049 -0.8336595 0 0.5283757 -0.849315 -0.3307241 0.5068493 -0.7964775 -0.1741683 0.7005871 -0.6908023 0 0.7123288 -0.7005871 0 0.851272 -0.5225049 -0.3248532 0.6731898 -0.6653621 -0.1741683 0.8375734 -0.516634 0 0.9373777 -0.3463796 -0.4598826 0.630137 -0.6262231 -0.1741683 0.9217221 -0.3444227 0 0.9843444 -0.1722113 -0.3307241 0.7984344 -0.5029354 -0.1722113 0.9686888 -0.1741683 -0.3405088 0.8767123 -0.3405088 -0.479452 0.7358121 -0.479452 -0.3463796 0.9217221 -0.1780822 -0.5048923 0.7964775 -0.332681 -0.3463796 0.9373777 -0.003913894 -0.5205479 0.8375734 0.1624266 -0.5205479 0.8336595 -0.1800391 -0.5264188 0.849315 -0.005870841 -0.6966732 0.6986302 0.1624266 -0.667319 0.667319 -0.3268102 -0.7064579 0.7064579 -0.005870841 -0.6947162 0.6947162 -0.1800391 -0.851272 0.5264188 -0.003913894 -0.8375734 0.5205479 0.1604697 -0.8356164 0.5205479 -0.1761252 -0.9393346 0.3444227 -0.003913894 -0.925636 0.3463796 0.1545988 -0.7984344 0.5048923 -0.3287671 -0.9863014 0.1702544 -0.001956947 -0.9726027 0.1761252 0.146771 -0.9236791 0.3424658 -0.1722113 -1 0 -0.001956947 -0.9902152 0 0.1409002 -0.9706458 0.1702544 -0.1682975 -0.9863014 0 -0.1643836 -0.8786693 0.3385518 -0.334638 -0.925636 0.1741683 -0.3365949 -0.9706458 -0.1722113 -0.1624266 -0.925636 -0.1761252 -0.332681 -0.9412916 0 -0.3365949 -0.8003914 -0.334638 -0.4970646 -0.8375734 -0.1780822 -0.5146771 -0.6712329 -0.3287671 -0.6653621 -0.853229 0 -0.5225049 -0.5205479 -0.1741683 -0.8356164 -0.6966732 -0.1761252 -0.6947162 -0.5264188 0 -0.851272 -0.7064579 0 -0.7064579 -0.6966732 0.1761252 -0.6947162 -0.8375734 0.1761252 -0.516634 -0.5205479 0.1741683 -0.8356164 -0.6692759 0.3268102 -0.667319 -0.8003914 0.332681 -0.5009785 -0.5048923 0.3307241 -0.7964775 -0.62818 0.4618395 -0.6262231 -0.7377691 0.479452 -0.4755382 -0.479452 0.481409 -0.7338552 -0.5772994 0.5792564 -0.5753425 -0.62818 0.62818 -0.4598826 0 0.4696673 -0.8825831 0.005870841 0.7847358 -0.6203523 0.223092 0.7651663 -0.6046967 0.01956947 0.9452055 -0.3268102 0.2544031 0.4520548 -0.8551859 0 0.0704501 -0.9980431 0.2191781 0.925636 -0.3072407 0.03131115 1 -0.01565558 0.4481409 0.6731898 -0.5890411 0.2681018 0.05675147 -0.960861 0 -0.3463796 -0.9373777 0.5244619 0.4031311 -0.7495108 0.2407045 -0.3620352 -0.9001957 0 -0.6653621 -0.7455969 0.4990215 0.07632094 -0.8630137 0.183953 -0.6634051 -0.7260274 0 -0.81409 -0.5812133 0.4050881 -0.3796478 -0.8317025 0.1663405 -0.81409 -0.55773 0 -0.8825831 -0.4696673 0.37182 -0.6340509 -0.6790606 0.1389433 -0.8943248 -0.4246575 0 -0.9412916 -0.3385518 0.3933464 -0.7573385 -0.5205479 0.7162427 -0.3913894 -0.5772994 0.1819961 -0.9393346 -0.2915851 0.001956947 -0.964775 -0.260274 0.4246575 -0.8356164 -0.3483366 0.7749511 -0.4559687 -0.4383562 0.7534246 0.09197652 -0.6497065 0.8786693 -0.05479452 -0.4735812 0.7534246 0.3268102 -0.5694716 0.8962818 0.2681018 -0.3542074 0.964775 0.02739726 -0.258317 0.7142857 0.5244619 -0.4637965 0.8669276 0.4520548 -0.2113503 0.8962818 0.444227 -0.02152642 0.3894325 0.8767123 -0.2798434 0.6888454 0.7240704 -0.02544031 0.7123288 0.6790606 0.1761252 0.2641879 0.964775 -0.005870841 0.03522505 0.9412916 0.3385518 0.4618395 0.8864971 0.02348337 0.3072407 0.8962818 0.3189824 0.03131115 0.8630137 0.5029354 0.5303327 0.8043053 0.2700587 0.3072407 0.8238748 0.4755382 0.02544031 0.778865 0.6262231 0.5420744 0.7338552 0.4109589 0.2857143 0.7514677 0.5949119 0.2309198 0.6125244 0.7553816 0.01369863 0.6183953 0.7866927 0.5342466 0.6614481 0.5264188 0.7201566 0.6086106 0.334638 0.4970646 0.5322896 0.6849315 0.8962818 0.4383562 0.07436399 0.7495108 0.4892368 0.4461839 0.9843444 -0.07827789 -0.1643836 0.8825831 0.3835616 0.2681018 0.8003914 -0.5283757 -0.2857143 0.9667319 -0.2544031 -0.03913894 0.9589041 0.08023483 0.2720157 0.8238748 -0.553816 -0.1232877 0.8747554 0.01761252 0.483366 0.5029354 -0.8356164 -0.2172211 0.8551859 -0.518591 0.01956947 0.2720157 -0.9373777 -0.2152642 0.6046967 -0.7925636 -0.0704501 0.7162427 -0.6536204 0.2446184 0.444227 -0.8962818 -0.009784736 0.1780822 -0.9706458 -0.1585127 0 -0.9980431 -0.05283757 0.6164383 -0.7221135 0.3150685 0.2250489 -0.962818 0.1526419 -0.001956947 -0.9393346 0.3405088 0.3444227 -0.9373777 0.05870841 0.3131115 -0.7671233 0.5596869 0.4990215 -0.7632094 0.4129159 0.001956947 -0.7475538 0.6634051 0.6731898 -0.4383562 0.5949119 0.4931507 -0.3953033 0.7749511 0.7964775 -0.2250489 0.5616438 0.2837573 -0.3072407 0.9080235 0.7436399 0.3072407 0.5949119 0.6986302 0.1682975 0.6966732 0.4363992 0.407045 0.8023483 0.4090019 0.1311155 0.9041096 0.1976517 0.4461839 0.8727984 0.223092 0.1682975 0.960861 0.003913894 0.4500979 0.8923679 0 0.183953 0.9823875 0 -0.2896282 0.9569471 -0.2446184 -0.3052838 0.9197652 -0.1956947 0.1780822 0.964775 -0.1780822 0.4520548 0.8747554 -0.2720157 -0.7749511 0.5694716 -0.001956947 -0.9393346 0.3405088 -0.4403131 -0.3894325 0.8082192 -0.3620352 0.1643836 0.9178082 -0.2035225 -0.9667319 0.1565558 0 -0.9980431 -0.05283757 -0.4637965 -0.7827789 0.4148728 -0.1702544 -0.9706458 -0.1682975 0.001956947 -0.964775 -0.260274 -0.3287671 -0.9432485 0.04500978 -0.7103718 -0.4324853 0.555773 -0.6575342 -0.7064579 0.260274 -0.4696673 -0.8825831 -0.037182 -0.2681018 -0.9373777 -0.223092 -0.1663405 -0.9412916 -0.295499 0 -0.9412916 -0.3385518 -0.6771037 -0.7318982 -0.0704501 -0.1330724 -0.8943248 -0.4285714 0 -0.8825831 -0.4696673 -0.4129159 -0.8747554 -0.2544031 -0.3561644 -0.851272 -0.3855186 -0.1643836 -0.8121331 -0.5616438 0 -0.81409 -0.5812133 -0.3933464 -0.7514677 -0.5303327 -0.183953 -0.6634051 -0.7240704 0 -0.6653621 -0.7455969 -0.3757339 -0.6340509 -0.6751468 -0.2426614 -0.3620352 -0.9001957 0 -0.3463796 -0.9373777 -0.407045 -0.3796478 -0.8317025 -0.7064579 -0.4090019 -0.5772994 -0.2681018 0.05675147 -0.960861 0 0.0704501 -0.9980431 -0.4990215 0.07632094 -0.8630137 -0.2544031 0.4500979 -0.8551859 0 0.4696673 -0.8825831 -0.5244619 0.4011742 -0.7514677 -0.7612525 0.09001957 -0.6418787 -0.2133072 0.7592955 -0.6164383 0.005870841 0.7847358 -0.6203523 0.01956947 0.9452055 -0.3268102 -0.4461839 0.6614481 -0.6027398 -0.1898239 0.925636 -0.3268102 0.03131115 1 -0.01565558 -0.7221135 0.5088063 -0.4677104 -0.3816047 0.8708415 -0.3111546 -0.221135 0.9745597 -0.01369863 -0.7612525 0.3209393 -0.5636008 -0.4618395 0.8864971 0.01956947 -0.2681018 0.9080235 0.3248532 0.03522505 0.9412916 0.3385518 0.03131115 0.8630137 0.5029354 -0.7181996 0.6966732 -0.01761252 -0.2759295 0.8336595 0.479452 0.02544031 0.778865 0.6262231 -0.5381604 0.7964775 0.2739726 -0.7377691 0.6497065 0.1819961 -0.8727984 0.4500979 -0.1878669 -0.5518591 0.7279844 0.4050881 -0.9080235 0.2367906 -0.3463796 -0.8864971 0.4598826 0.02739726 -0.8982387 -0.02348337 -0.4383562 -0.9706458 0.1722113 -0.1643836 -0.8806262 0.4598826 0.1213307 -0.7553816 -0.479452 -0.4500979 -0.9432485 -0.1232877 -0.3072407 -0.7827789 -0.5303327 -0.3268102 -0.9882583 0.1350294 -0.06457926 -0.964775 -0.1996086 -0.1722113 -0.9021527 -0.4227006 -0.07436399 -0.9804305 -0.1976517 0.001956947 -0.8864971 0.3855186 0.2544031 -0.9393346 -0.3405088 0.06457926 -0.7377691 0.592955 0.3209393 -0.9315069 0.2270059 0.2818004 -0.7612525 0.5009785 0.4129159 -0.5420744 0.6653621 0.5127202 -0.2563601 0.7573385 0.6007828 -0.4892368 0.5616438 0.667319 -0.2074364 0.6144814 0.7592955 -0.4109589 0.4461839 0.7964775 -0.7671233 0.3581213 0.5303327 -0.7358121 0.2387476 0.6340509 -0.9471624 -0.01369863 0.3228963 -0.8962818 -0.2035225 0.3933464 -0.8375734 -0.5264188 0.1389433 -0.005870841 0.7847358 -0.6203523 0 0.4696673 -0.8825831 -0.223092 0.7651663 -0.6046967 -0.01956947 0.9452055 -0.3268102 -0.2544031 0.4520548 -0.8551859 0 0.0704501 -0.9980431 -0.2191781 0.925636 -0.3072407 -0.03131115 1 -0.01565558 -0.4481409 0.6731898 -0.5890411 -0.2681018 0.05675147 -0.960861 0 -0.3463796 -0.9373777 -0.2641879 0.964775 -0.005870841 -0.03522505 0.9412916 0.3385518 -0.3894325 0.8767123 -0.2798434 -0.3072407 0.8962818 0.3189824 -0.03131115 0.8630137 0.5029354 -0.4618395 0.8864971 0.02348337 -0.3072407 0.8238748 0.4755382 -0.02544031 0.778865 0.6262231 -0.5303327 0.8043053 0.2700587 -0.6888454 0.7240704 -0.02544031 -0.7142857 0.5244619 -0.4637965 -0.5244619 0.4031311 -0.7495108 -0.8669276 0.4520548 -0.2113503 -0.7534246 0.3268102 -0.5694716 -0.4990215 0.07632094 -0.8630137 -0.2407045 -0.3620352 -0.9001957 0 -0.6653621 -0.7455969 -0.7534246 0.09197652 -0.6497065 -0.183953 -0.6634051 -0.7260274 0 -0.81409 -0.5812133 -0.4050881 -0.3796478 -0.8317025 -0.1663405 -0.81409 -0.55773 0 -0.8825831 -0.4696673 -0.37182 -0.6340509 -0.6790606 -0.7162427 -0.3913894 -0.5772994 -0.3933464 -0.7573385 -0.5205479 -0.1389433 -0.8943248 -0.4246575 0 -0.9412916 -0.3385518 -0.7749511 -0.4559687 -0.4383562 -0.1819961 -0.9393346 -0.2915851 -0.001956947 -0.964775 -0.260274 -0.4246575 -0.8356164 -0.3483366 -0.2720157 -0.9373777 -0.2152642 -0.8786693 -0.05479452 -0.4735812 -0.5029354 -0.8356164 -0.2172211 -0.8962818 0.2681018 -0.3542074 -0.964775 0.02739726 -0.258317 -0.8962818 0.444227 -0.02152642 -0.7123288 0.6790606 0.1761252 -0.8962818 0.4383562 0.07436399 -0.8003914 -0.5283757 -0.2857143 -0.9843444 -0.07827789 -0.1643836 -0.8238748 -0.553816 -0.1232877 -0.9667319 -0.2544031 -0.03913894 -0.8825831 0.3835616 0.2681018 -0.9589041 0.08023483 0.2720157 -0.8551859 -0.518591 0.01956947 -0.7201566 0.6086106 0.334638 -0.7495108 0.4892368 0.4461839 -0.8747554 0.01761252 0.483366 -0.6046967 -0.7925636 -0.0704501 -0.7162427 -0.6536204 0.2446184 -0.444227 -0.8962818 -0.009784736 -0.1780822 -0.9706458 -0.1585127 0 -0.9980431 -0.05283757 -0.6164383 -0.7221135 0.3150685 -0.2250489 -0.962818 0.1526419 0.001956947 -0.9393346 0.3405088 -0.3444227 -0.9373777 0.05870841 -0.3131115 -0.7671233 0.5596869 -0.4990215 -0.7632094 0.4129159 -0.001956947 -0.7475538 0.6634051 -0.6731898 -0.4383562 0.5949119 -0.4931507 -0.3953033 0.7749511 -0.7964775 -0.2250489 0.5616438 -0.2837573 -0.3072407 0.9080235 -0.7436399 0.3072407 0.5949119 -0.6986302 0.1682975 0.6966732 -0.4090019 0.1311155 0.9041096 -0.5342466 0.6614481 0.5264188 -0.4970646 0.5322896 0.6849315 -0.4363992 0.407045 0.8023483 -0.5420744 0.7338552 0.4109589 -0.2857143 0.7514677 0.5949119 -0.2309198 0.6125244 0.7553816 -0.01369863 0.6183953 0.7866927 -0.1976517 0.4461839 0.8727984 -0.223092 0.1682975 0.960861 -0.003913894 0.4500979 0.8923679 0 0.183953 0.9823875 0 -0.2896282 0.9569471 0.2446184 -0.3052838 0.9197652 0.1956947 0.1780822 0.964775 0.1780822 0.4520548 0.8747554 0.2720157 -0.7749511 0.5694716 0.001956947 -0.9393346 0.3405088 0.4403131 -0.3894325 0.8082192 0.3620352 0.1643836 0.9178082 0.2074364 0.6144814 0.7592955 -0.02544031 0.778865 0.6262231 0.4109589 0.4461839 0.7964775 0.7103718 -0.4324853 0.555773 0.2563601 0.7573385 0.6007828 0.7358121 0.2387476 0.6340509 0.4892368 0.5616438 0.667319 0.7671233 0.3581213 0.5303327 0.8962818 -0.2035225 0.3933464 0.4637965 -0.7827789 0.4148728 0.6575342 -0.7064579 0.260274 0.2035225 -0.9667319 0.1565558 0 -0.9980431 -0.05283757 0.3287671 -0.9432485 0.04500978 0.1702544 -0.9706458 -0.1682975 -0.001956947 -0.964775 -0.260274 0.4696673 -0.8825831 -0.037182 0.2681018 -0.9373777 -0.223092 0.8375734 -0.5264188 0.1389433 0.6771037 -0.7318982 -0.0704501 0.1663405 -0.9412916 -0.295499 0 -0.9412916 -0.3385518 0.4129159 -0.8747554 -0.2544031 0.1330724 -0.8943248 -0.4285714 0 -0.8825831 -0.4696673 0.3561644 -0.851272 -0.3855186 0.1643836 -0.8121331 -0.5616438 0 -0.81409 -0.5812133 0.3933464 -0.7514677 -0.5303327 0.183953 -0.6634051 -0.7240704 0 -0.6653621 -0.7455969 0.3757339 -0.6340509 -0.6751468 0.2426614 -0.3620352 -0.9001957 0 -0.3463796 -0.9373777 0.407045 -0.3796478 -0.8317025 0.7064579 -0.4090019 -0.5772994 0.2681018 0.05675147 -0.960861 0 0.0704501 -0.9980431 0.4990215 0.07632094 -0.8630137 0.2544031 0.4500979 -0.8551859 0 0.4696673 -0.8825831 0.5244619 0.4011742 -0.7514677 0.7612525 0.09001957 -0.6418787 0.2133072 0.7592955 -0.6164383 -0.005870841 0.7847358 -0.6203523 -0.01956947 0.9452055 -0.3268102 0.4461839 0.6614481 -0.6027398 0.1898239 0.925636 -0.3268102 -0.03131115 1 -0.01565558 0.7221135 0.5088063 -0.4677104 0.3816047 0.8708415 -0.3111546 0.221135 0.9745597 -0.01369863 0.4618395 0.8864971 0.01956947 0.2681018 0.9080235 0.3248532 -0.03522505 0.9412916 0.3385518 -0.03131115 0.8630137 0.5029354 0.7181996 0.6966732 -0.01761252 0.2759295 0.8336595 0.479452 0.5381604 0.7964775 0.2739726 0.5518591 0.7279844 0.4050881 0.7377691 0.6497065 0.1819961 0.5420744 0.6653621 0.5127202 0.7377691 0.592955 0.3209393 0.7612525 0.5009785 0.4129159 0.8727984 0.4500979 -0.1878669 0.9471624 -0.01369863 0.3228963 0.9315069 0.2270059 0.2818004 0.9393346 -0.3405088 0.06457926 0.8864971 0.3855186 0.2544031 0.9804305 -0.1976517 0.001956947 0.9021527 -0.4227006 -0.07436399 0.8806262 0.4598826 0.1213307 0.9882583 0.1350294 -0.06457926 0.964775 -0.1996086 -0.1722113 0.7827789 -0.5303327 -0.3268102 0.9432485 -0.1232877 -0.3072407 0.7553816 -0.479452 -0.4500979 0.8982387 -0.02348337 -0.4383562 0.9706458 0.1722113 -0.1643836 0.9080235 0.2367906 -0.3463796 0.8864971 0.4598826 0.02739726 0.7612525 0.3209393 -0.5636008 -0.5205479 0.8375734 0.1624266 -0.6966732 0.6986302 0.1624266 -0.6771037 0.6771037 0.2896282 -0.8375734 0.5205479 0.1604697 -0.5088063 0.8082192 0.295499 -0.3463796 0.925636 0.1585127 -0.8082192 0.5107632 0.2915851 -0.925636 0.3463796 0.1545988 -0.6457925 0.6457925 0.4090019 -0.3483366 0.888454 0.2994129 -0.1741683 0.9726027 0.1526419 -0.4872798 0.7573385 0.4344423 -0.183953 0.9354208 0.2994129 0 0.9882583 0.148728 -0.3444227 0.81409 0.4657534 -0.5949119 0.5949119 0.5420744 0 0.9549902 0.2994129 -0.4618395 0.6438356 0.6105675 -0.1898239 0.851272 0.4872798 -0.3287671 0.6712329 0.6634051 0.183953 0.9354208 0.2994129 0.1741683 0.9726027 0.1526419 0 0.8669276 0.4970646 0.3483366 0.888454 0.2994129 0.3463796 0.925636 0.1585127 0.1898239 0.851272 0.4872798 0.3444227 0.81409 0.4657534 0.5088063 0.8082192 0.295499 0.5205479 0.8375734 0.1624266 0.4872798 0.7573385 0.4344423 0.6771037 0.6771037 0.2896282 0.6966732 0.6986302 0.1624266 0.8375734 0.5205479 0.1604697 0.6457925 0.6457925 0.4090019 0.8082192 0.5107632 0.2915851 0.925636 0.3463796 0.1545988 0.5949119 0.5949119 0.5420744 0.890411 0.3502935 0.2915851 0.9726027 0.1761252 0.146771 0.7592955 0.4892368 0.4285714 0.9393346 0.1878669 0.2857143 0.9902152 0 0.1409002 0.8180039 0.3483366 0.4559687 0.6457925 0.4637965 0.6066536 0.4618395 0.6438356 0.6105675 0.4735812 0.4716243 0.7436399 0.3287671 0.6712329 0.6634051 0.3150685 0.4872798 0.81409 0.1819961 0.6888454 0.702544 0.1663405 0.4872798 0.8571429 0 0.6966732 0.7181996 0 0.4892368 0.8727984 -0.1819961 0.6888454 0.702544 -0.1663405 0.4872798 0.8571429 0 0.3111546 0.9510763 -0.3150685 0.4872798 0.81409 -0.1565558 0.3111546 0.9373777 0.1565558 0.3111546 0.9373777 0 0.1506849 0.9882583 0.3111546 0.3111546 0.8982387 0.1526419 0.1526419 0.9765166 0.4892368 0.3150685 0.81409 0.3111546 0.1565558 0.9373777 0.6771037 0.332681 0.6575342 0.4911937 0.1682975 0.8551859 0.8590998 0.1956947 0.4735812 0.6947162 0.18591 0.6947162 0.9589041 0 0.2798434 0.8786693 0 0.4774951 0.9412916 -0.1878669 0.2798434 0.9745597 -0.1741683 0.1448141 0.704501 0 0.7103718 0.8943248 -0.3502935 0.2818004 0.9275929 -0.3424658 0.1526419 0.8630137 -0.1976517 0.4637965 0.8258317 -0.3522505 0.4422701 0.6986302 -0.1898239 0.6888454 0.4931507 0 0.8708415 0.6849315 -0.3365949 0.6457925 0.3111546 0 0.9510763 0.4931507 -0.1702544 0.853229 0.1506849 0 0.9882583 0.3111546 -0.1565558 0.9373777 0.4951076 -0.3189824 0.8082192 0.6594912 -0.4677104 0.5890411 0.7710372 -0.4853229 0.4129159 0.481409 -0.483366 0.7318982 0.8199608 -0.4970646 0.2857143 0.849315 -0.5009785 0.1585127 0.6046967 -0.6046967 0.516634 0.6516634 -0.6516634 0.3913894 0.6810176 -0.6751468 0.2837573 0.702544 -0.6927593 0.1624266 0.4911937 -0.8571429 0.1604697 0.4853229 -0.8297456 0.2759295 0.3170255 -0.9354208 0.1506849 0.4774951 -0.7827789 0.4011742 0.3307241 -0.9060665 0.2641879 0.183953 -0.9726027 0.1409002 0.4657534 -0.667319 0.5812133 0.3444227 -0.8395303 0.4187867 0.1976517 -0.9452055 0.258317 0 -0.9902152 0.1369863 0.2093934 -0.8727984 0.4403131 0.3365949 -0.6947162 0.6340509 0 -0.964775 0.260274 0.3189824 -0.4970646 0.8062623 0 -0.888454 0.4579256 -0.1976517 -0.9452055 0.258317 -0.183953 -0.9726027 0.1409002 0 -0.7123288 0.7005871 -0.3307241 -0.9060665 0.2641879 -0.3170255 -0.9354208 0.1506849 -0.2093934 -0.8727984 0.4403131 -0.4853229 -0.8297456 0.2759295 -0.4911937 -0.8571429 0.1604697 -0.3444227 -0.8395303 0.4187867 -0.6810176 -0.6751468 0.2837573 -0.702544 -0.6927593 0.1624266 -0.849315 -0.5009785 0.1585127 -0.4774951 -0.7827789 0.4011742 -0.6516634 -0.6516634 0.3913894 -0.8199608 -0.4970646 0.2857143 -0.9275929 -0.3424658 0.1526419 -0.6046967 -0.6046967 0.516634 -0.8943248 -0.3502935 0.2818004 -0.9745597 -0.1741683 0.1448141 -0.7710372 -0.4853229 0.4129159 -0.9412916 -0.1878669 0.2798434 -0.9902152 0 0.1409002 -0.8258317 -0.3522505 0.4422701 -0.6594912 -0.4677104 0.5890411 -0.4657534 -0.667319 0.5812133 -0.481409 -0.483366 0.7318982 -0.3365949 -0.6947162 0.6340509 -0.3189824 -0.4970646 0.8062623 -0.1976517 -0.7064579 0.6790606 -0.1722113 -0.4951076 0.851272 0 -0.4970646 0.8688846 0.1976517 -0.7064579 0.6790606 0.1722113 -0.4951076 0.851272 0 -0.3111546 0.9510763 0.1565558 -0.3131115 0.9373777 -0.1565558 -0.3131115 0.9373777 0 -0.1506849 0.9882583 0.3150685 -0.3150685 0.8962818 0.1526419 -0.1526419 0.9765166 0 0 1 -0.1526419 -0.1526419 0.9765166 -0.1526419 0.1526419 0.9765166 -0.1506849 0 0.9882583 -0.3150685 -0.3150685 0.8962818 -0.3111546 -0.1565558 0.9373777 -0.4951076 -0.3189824 0.8082192 -0.6849315 -0.3365949 0.6457925 -0.4931507 -0.1702544 0.853229 -0.3111546 0 0.9510763 -0.6986302 -0.1898239 0.6888454 -0.8630137 -0.1976517 0.4637965 -0.4931507 0 0.8708415 -0.704501 0 0.7103718 -0.8786693 0 0.4774951 -0.6947162 0.18591 0.6947162 -0.4911937 0.1682975 0.8551859 -0.3111546 0.1565558 0.9373777 -0.6771037 0.332681 0.6575342 -0.3111546 0.3111546 0.8982387 -0.4892368 0.3150685 0.81409 -0.4735812 0.4716243 0.7436399 -0.6457925 0.4637965 0.6066536 -0.7592955 0.4892368 0.4285714 -0.8180039 0.3483366 0.4559687 -0.890411 0.3502935 0.2915851 -0.9726027 0.1761252 0.146771 -0.9393346 0.1878669 0.2857143 -0.8590998 0.1956947 0.4735812 -0.9589041 0 0.2798434 -0.1956947 0.9804305 -0.02152642 0.05870841 0.9960861 -0.05283757 -0.07240704 0.9784736 -0.1898239 0 0.9882583 0.148728 -0.1741683 0.9726027 0.1526419 -0.1956947 0.9804305 -0.02152642 -0.3581213 0.925636 0.1252446 -0.3972603 0.9080235 -0.1369863 -0.07240704 0.9784736 -0.1898239 0 0.9882583 0.148728 0.1702544 0.9784736 0.1213307 0.3542074 0.9236791 0.1428571 0.3248532 0.9412916 -0.08219178 0.3542074 0.9236791 0.1428571 0.516634 0.853229 0.08023483 0.258317 0.9412916 -0.2152642 -0.07240704 0.9784736 -0.1898239 0.01369863 0.9354208 -0.3542074 0.6164383 0.7749511 -0.1389433 0.7123288 0.6966732 0.09001957 0.2739726 0.8277887 -0.4892368 -0.02348337 0.8630137 -0.5029354 0.4677104 0.8336595 -0.2935421 0.2700587 0.6731898 -0.6868885 -0.01174168 0.6790606 -0.7338552 0.5205479 0.6692759 -0.5303327 0.7279844 0.5909981 -0.3463796 0.853229 0.5127202 -0.1037182 0.8414873 0.5283757 0.1135029 0.9373777 0.3405088 0.07632094 -0.01174168 0.6790606 -0.7338552 -0.005870841 0.444227 -0.8962818 0.2661448 0.5009785 -0.8238748 0.2446184 0.2113503 -0.9452055 0 0.1702544 -0.9863014 0 -0.06262231 -0.9980431 0.5440313 0.5088063 -0.667319 0.4500979 0.2818004 -0.8473581 0.7299413 0.3209393 -0.6027398 0.8962818 0.3522505 -0.2700587 0.6027398 0.07240704 -0.7945206 0.8806262 0.1722113 -0.4422701 0.9745597 0.1917808 -0.1154599 0.9373777 0.3405088 0.07632094 0.9804305 0.1741683 0.0998043 0.9921722 -0.02935421 -0.1213307 0.9960861 0 0.09589041 0.9960861 0 0.09589041 0.9823875 -0.1702544 0.07827789 0.9471624 -0.1232877 -0.297456 0.9471624 -0.2935421 -0.1291585 0.9001957 -0.4207436 0.1076321 0.8317025 -0.08610567 -0.5479452 0.9001957 -0.4207436 0.1076321 0.8101761 -0.5655577 0.1585127 0.81409 -0.4344423 -0.3835616 0.853229 -0.5068493 -0.1174168 0.62818 -0.776908 -0.05479452 0.6868885 -0.2485323 -0.6829746 0.5851272 -0.7690802 -0.2563601 0.8101761 -0.5655577 0.1585127 0.4970646 -0.8610567 0.1017613 0.3639922 -0.9217221 -0.1291585 0.3111546 -0.9452055 0.1076321 0.5459883 -0.7005871 -0.4598826 0.3033268 -0.8630137 -0.4031311 0.5440313 -0.5303327 -0.6497065 0.4657534 -0.2622309 -0.8454012 0.2798434 -0.7181996 -0.6379648 0.3307241 0.01956947 -0.9432485 0.2348337 -0.2348337 -0.9432485 0 -0.3228963 -0.9471624 0.2915851 -0.4774951 -0.8277887 0 -0.5479452 -0.8356164 0 -0.7984344 -0.6027398 0 -0.7984344 -0.6027398 0.01761252 -0.9354208 -0.3542074 0.18591 -0.9745597 -0.1232877 0.3111546 -0.9452055 0.1076321 0.1624266 -0.9823875 0.0998043 -0.1409002 -0.9745597 -0.1722113 -0.07240704 -0.9980431 0.01565558 -0.09001957 -0.9882583 0.1232877 -0.09001957 -0.9882583 0.1232877 -0.2818004 -0.9530333 0.1174168 -0.3424658 -0.9315069 -0.1213307 -0.2818004 -0.9530333 0.1174168 -0.4970646 -0.8610567 0.1017613 -0.6555773 -0.7514677 -0.06849315 -0.8062623 -0.5714286 0.1565558 -0.3033268 -0.8669276 -0.3933464 0.01761252 -0.9354208 -0.3542074 0 -0.7984344 -0.6027398 -0.5968689 -0.7573385 -0.2622309 -0.8062623 -0.5714286 0.1565558 -0.8747554 -0.4657534 -0.1369863 -0.2661448 -0.7084149 -0.6536204 0 -0.5479452 -0.8356164 -0.5401174 -0.6908023 -0.481409 -0.297456 -0.4892368 -0.8199608 0 -0.3228963 -0.9471624 -0.8180039 -0.4520548 -0.3561644 -0.5616438 -0.4911937 -0.6653621 -0.2348337 -0.2348337 -0.9432485 0 -0.06262231 -0.9980431 -0.3307241 0.01956947 -0.9432485 -0.4559687 -0.2504892 -0.853229 -0.8062623 -0.5714286 0.1565558 -0.9099804 -0.3972603 0.1213307 -0.6908023 -0.2152642 -0.6888454 -0.964775 -0.221135 -0.1448141 -0.9804305 -0.1741683 0.0998043 -0.8962818 -0.2074364 -0.3913894 -0.9921722 -0.01956947 -0.1213307 -0.9804305 -0.1741683 0.0998043 -0.9960861 0 0.09589041 -0.9804305 0.1741683 0.0998043 -0.9745597 0.2093934 -0.08806262 -0.9393346 0.09001957 -0.3307241 -0.8238748 0.08023483 -0.5616438 -0.5949119 0.06457926 -0.8003914 -0.7377691 0.3033268 -0.6046967 -0.2446184 0.2113503 -0.9452055 0 -0.06262231 -0.9980431 0 0.1702544 -0.9863014 -0.005870841 0.444227 -0.8962818 -0.4500979 0.2818004 -0.8473581 -0.2563601 0.5244619 -0.8121331 -0.5381604 0.4911937 -0.6849315 -0.9001957 0.334638 -0.2778865 -0.7729941 0.5127202 -0.37182 -0.5264188 0.6242661 -0.5772994 -0.2446184 0.7299413 -0.6379648 -0.01174168 0.6790606 -0.7338552 -0.02348337 0.8630137 -0.5029354 0.01369863 0.9354208 -0.3542074 -0.3913894 0.776908 -0.4931507 -0.2857143 0.8923679 -0.3502935 -0.07240704 0.9784736 -0.1898239 -0.6066536 0.7416829 -0.2837573 -0.3581213 0.925636 0.1252446 -0.5205479 0.849315 0.09197652 -0.8551859 0.5088063 -0.1017613 -0.6320939 0.7651663 -0.1174168 -0.7123288 0.6966732 0.09001957 -0.7123288 0.6966732 0.09001957 -0.8434442 0.516634 0.1506849 -0.9315069 0.3502935 0.09393346 -0.9804305 0.1741683 0.0998043 -0.8434442 0.516634 0.1506849 0.8414873 0.5283757 0.1135029 0.7123288 0.6966732 0.09001957 0.667319 0.6594912 0.3463796 0.7906067 0.5264188 0.3131115 0.7123288 0.6966732 0.09001957 0.516634 0.853229 0.08023483 0.9373777 0.3405088 0.07632094 0.8414873 0.5283757 0.1135029 0.516634 0.7964775 0.3131115 0.3542074 0.9236791 0.1428571 0.3483366 0.888454 0.2994129 0.5401174 0.5909981 0.5988258 0.5088063 0.7377691 0.444227 0.3542074 0.9236791 0.1428571 0.1702544 0.9784736 0.1213307 0.3600783 0.8043053 0.4716243 0.18591 0.9354208 0.297456 0 0.9882583 0.148728 0 0.9549902 0.297456 0.1917808 0.853229 0.4872798 0.4031311 0.6183953 0.6731898 0.1800391 0.6653621 0.7260274 0.295499 0.4677104 0.8336595 0 0.8688846 0.4951076 -0.1917808 0.853229 0.4872798 0 0.6947162 0.7201566 -0.18591 0.9354208 0.297456 0 0.9882583 0.148728 -0.1741683 0.9726027 0.1526419 0 0.4657534 0.8845401 -0.1800391 0.6653621 0.7260274 -0.3581213 0.925636 0.1252446 -0.3483366 0.888454 0.2994129 -0.3600783 0.8043053 0.4716243 -0.4031311 0.6183953 0.6731898 -0.295499 0.4677104 0.8336595 -0.55773 0.5812133 0.592955 -0.5088063 0.7377691 0.444227 -0.516634 0.7964775 0.3131115 -0.3581213 0.925636 0.1252446 -0.5205479 0.849315 0.09197652 -0.6790606 0.6555773 0.3307241 -0.7123288 0.6966732 0.09001957 -0.7123288 0.6966732 0.09001957 -0.8434442 0.516634 0.1506849 -0.7475538 0.518591 0.4148728 -0.9315069 0.3502935 0.09393346 -0.8825831 0.3757339 0.2818004 -0.5499021 0.4246575 0.7181996 -0.7847358 0.3522505 0.5107632 -0.9315069 0.3502935 0.09393346 -0.9804305 0.1741683 0.0998043 -0.925636 0.1722113 0.3365949 -0.9960861 0 0.09589041 -0.9393346 0.003913894 0.3424658 -0.7651663 0.1937378 0.6144814 -0.8003914 0.037182 0.5988258 -0.5283757 0.2250489 0.8180039 -0.9373777 -0.1741683 0.2994129 -0.9960861 0 0.09589041 -0.9804305 -0.1741683 0.0998043 -0.5420744 0.01761252 0.8395303 -0.9099804 -0.3972603 0.1213307 -0.8649706 -0.4246575 0.2661448 -0.8767123 -0.1624266 0.4540117 -0.7866927 -0.4031311 0.4677104 -0.6986302 -0.1878669 0.6908023 -0.7358121 -0.5459883 0.3992172 -0.9099804 -0.3972603 0.1213307 -0.8062623 -0.5714286 0.1565558 -0.6790606 -0.6653621 0.3072407 -0.8062623 -0.5714286 0.1565558 -0.4970646 -0.8610567 0.1017613 -0.5009785 -0.81409 0.2915851 -0.2818004 -0.9530333 0.1174168 -0.3111546 -0.9158513 0.2504892 -0.5440313 -0.7181996 0.4324853 -0.4344423 -0.6438356 0.630137 -0.2818004 -0.9530333 0.1174168 -0.09001957 -0.9882583 0.1232877 -0.3502935 -0.8258317 0.4403131 -0.2133072 -0.9530333 0.2172211 0.009784736 -0.9706458 0.2407045 -0.2093934 -0.8727984 0.4403131 0 -0.888454 0.4579256 -0.2133072 -0.6810176 0.6986302 0 -0.7123288 0.702544 0.1898239 -0.9510763 0.2426614 -0.09001957 -0.9882583 0.1232877 0.1624266 -0.9823875 0.0998043 0.2093934 -0.8727984 0.4403131 0.332681 -0.9060665 0.2622309 0.3111546 -0.9452055 0.1076321 0.2133072 -0.6810176 0.6986302 0.3502935 -0.8258317 0.4403131 0.5440313 -0.7181996 0.4324853 0 -0.4716243 0.8825831 0.4344423 -0.6438356 0.630137 0.2759295 -0.4774951 0.8336595 -0.2759295 -0.4774951 0.8336595 0.02152642 -0.2798434 0.9589041 -0.553816 -0.5048923 0.6614481 -0.2661448 -0.3287671 0.9060665 -0.5518591 -0.3659491 0.7495108 -0.0704501 -0.1506849 0.9863014 -0.479452 -0.1976517 0.8551859 -0.297456 -0.18591 0.9373777 -0.2622309 0 0.964775 -0.07632094 0 0.9980431 -0.3052838 0.1996086 0.9315069 -0.2818004 0.3248532 0.9021527 -0.0704501 0.1506849 0.9863014 0.02152642 0.2798434 0.9589041 0.2778865 0.334638 0.9001957 0.09197652 0.1956947 0.9765166 0.5362035 0.4168297 0.7338552 0.3463796 0.2152642 0.9119374 0.1056751 0 0.9941292 0.09197652 -0.1956947 0.9765166 0.3111546 0 0.9510763 0.2622309 -0.3385518 0.9041096 0.3385518 -0.2015656 0.9197652 0.553816 -0.5048923 0.6614481 0.5518591 -0.3659491 0.7495108 0.479452 -0.1976517 0.8551859 0.5283757 0.2250489 0.8180039 0.5420744 0.01761252 0.8395303 0.6986302 -0.1878669 0.6908023 0.7866927 -0.4031311 0.4677104 0.7651663 0.1937378 0.6144814 0.8003914 0.037182 0.5988258 0.8767123 -0.1624266 0.4540117 0.9373777 -0.1741683 0.2994129 0.9393346 0.003913894 0.3424658 0.7964775 0.3268102 0.5088063 0.9960861 0 0.09589041 0.9823875 -0.1702544 0.07827789 0.925636 0.1722113 0.3365949 0.9804305 0.1741683 0.0998043 0.7064579 0.5283757 0.4716243 0.890411 0.3502935 0.2915851 0.9804305 0.1741683 0.0998043 0.8649706 -0.4246575 0.2661448 0.9823875 -0.1702544 0.07827789 0.9001957 -0.4207436 0.1076321 0.7358121 -0.5459883 0.3992172 0.8101761 -0.5655577 0.1585127 0.5009785 -0.81409 0.2915851 0.3111546 -0.9452055 0.1076321 0.4970646 -0.8610567 0.1017613 0.6790606 -0.6653621 0.3072407 0.8101761 -0.5655577 0.1585127 -0.4540117 0.3307241 -0.8277887 -0.003913894 0.5518591 -0.8336595 0.005870841 -0.0332681 -1 0.001956947 -0.4540117 -0.890411 -0.2289628 -0.5636008 -0.7945206 0.01174168 -0.8219178 -0.5694716 -0.2367906 -0.8845401 -0.3992172 0.01174168 -0.8219178 -0.5694716 -0.01761252 -0.9412916 -0.334638 -0.55773 -0.03913894 -0.8297456 0.01956947 -0.9726027 -0.2328767 -0.260274 -0.9471624 -0.1819961 -0.01761252 -0.9412916 -0.334638 -0.3855186 -0.6888454 -0.6125244 -0.8649706 -0.01956947 -0.5029354 -0.8180039 -0.4755382 -0.3228963 -0.6477495 -0.7358121 -0.1976517 -0.9882583 0.003913894 -0.1585127 -0.853229 0.3835616 -0.3522505 -0.9823875 0.1272016 0.1350294 -0.3228963 0.81409 -0.481409 -0.003913894 0.5518591 -0.8336595 0.01761252 0.9178082 -0.3953033 -0.8571429 0.4970646 0.1409002 -0.5225049 0.8277887 -0.1996086 0.01761252 0.9178082 -0.3953033 0.01369863 0.9941292 0.1037182 -0.6712329 0.7103718 0.2074364 -0.2818004 0.9471624 0.1506849 0.02739726 0.8806262 0.4735812 -0.5068493 0.7612525 0.4031311 -0.7064579 0.5694716 0.4187867 -0.9726027 -0.04305284 0.2270059 -0.3385518 0.7475538 0.5714286 -0.8219178 -0.5655577 0.06849315 0.02739726 0.8806262 0.4735812 0.037182 0.7886497 0.6144814 -0.4911937 -0.8258317 0.2759295 -0.2641879 0.5479452 0.7945206 0.02544031 0.5655577 0.8238748 -0.6908023 0.4031311 0.6007828 -0.7729941 -0.2622309 0.5772994 -0.4266145 0.2465753 0.8708415 -0.05675147 0.2093934 0.9765166 -0.148728 -0.3287671 0.9334638 0.2622309 0.4618395 0.8473581 0.037182 0.7886497 0.6144814 -0.2700587 -0.9530333 0.1389433 0.02544031 -0.9921722 -0.1232877 0.02348337 -0.888454 0.4579256 0.4598826 -0.1780822 0.8688846 0.37182 -0.7945206 0.479452 0.02348337 -0.888454 0.4579256 0.02544031 -0.9921722 -0.1232877 0.4363992 -0.8982387 0.06849315 0.01956947 -0.9726027 -0.2328767 0.6125244 0.2896282 0.7358121 0.4187867 -0.8747554 -0.2446184 -0.01761252 -0.9412916 -0.334638 0.8356164 -0.1996086 0.5107632 0.7416829 -0.6692759 -0.01565558 0.3581213 0.7123288 0.6027398 0.6477495 0.55773 0.518591 0.9667319 -0.0332681 0.2563601 0.481409 0.7710372 0.4148728 0.02739726 0.8806262 0.4735812 0.8297456 0.4931507 0.2622309 0.9236791 -0.3561644 -0.1428571 0.3268102 0.9354208 0.1369863 0.01369863 0.9941292 0.1037182 0.6340509 0.7475538 0.1976517 0.9099804 0.4129159 0.01369863 0.6379648 0.7142857 -0.2876712 0.3483366 0.8199608 -0.4559687 0.01761252 0.9178082 -0.3953033 -0.003913894 0.5518591 -0.8336595 0.4481409 0.2700587 -0.851272 0.005870841 -0.0332681 -1 0.001956947 -0.4540117 -0.890411 0.81409 0.3522505 -0.4637965 0.9354208 -0.01565558 -0.3502935 0.6223092 -0.1624266 -0.7651663 0.2563601 -0.5401174 -0.8023483 0.01174168 -0.8219178 -0.5694716 0.7984344 -0.516634 -0.3072407 0.3796478 -0.6829746 -0.6223092 0.3385518 -0.8630137 -0.3757339 -0.01761252 -0.9412916 -0.334638 0.05283757 0.5401174 -0.8395303 0.483366 0.2250489 -0.8454012 0 -0.01565558 -1 0.04892368 -0.4951076 -0.8688846 0.3228963 -0.5694716 -0.7553816 -0.01174168 -0.8219178 -0.5694716 0.2778865 -0.851272 -0.4461839 -0.01174168 -0.8219178 -0.5694716 0.04109589 -0.9393346 -0.3385518 0.8297456 -0.08414873 -0.5518591 -0.01956947 -0.9726027 -0.2328767 0.2622309 -0.9452055 -0.1917808 0.04109589 -0.9393346 -0.3385518 0.2700587 -0.9530333 0.1389433 -0.02544031 -0.9921722 -0.1232877 -0.02348337 -0.888454 0.4579256 0.148728 -0.3287671 0.9334638 0.4911937 -0.8258317 0.2759295 0.8219178 -0.5655577 0.06849315 0.6320939 -0.7455969 -0.2074364 0.7729941 -0.2622309 0.5772994 0.81409 -0.4677104 -0.3444227 0.9726027 -0.04305284 0.2270059 0.9882583 0.003913894 -0.1585127 0.9823875 0.1272016 0.1350294 0.8454012 0.3835616 -0.369863 0.8571429 0.4970646 0.1409002 0.7064579 0.5694716 0.4187867 0.6908023 0.4031311 0.6007828 0.4266145 0.2465753 0.8708415 0.3385518 0.7475538 0.5714286 0.2641879 0.5479452 0.7945206 0.05675147 0.2093934 0.9765166 0.5068493 0.7612525 0.4031311 -0.037182 0.7886497 0.6144814 -0.02739726 0.8806262 0.4735812 -0.02544031 0.5655577 0.8238748 0.6712329 0.7103718 0.2074364 -0.2622309 0.4618395 0.8473581 -0.037182 0.7886497 0.6144814 0.2818004 0.9471624 0.1506849 -0.02739726 0.8806262 0.4735812 -0.01369863 0.9941292 0.1037182 0.5225049 0.8277887 -0.1996086 0.3307241 0.7925636 -0.5107632 -0.01761252 0.9178082 -0.3953033 0.05283757 0.5401174 -0.8395303 -0.01761252 0.9178082 -0.3953033 -0.4598826 -0.1780822 0.8688846 -0.37182 -0.7945206 0.479452 -0.02348337 -0.888454 0.4579256 -0.02544031 -0.9921722 -0.1232877 -0.4363992 -0.8982387 0.06849315 -0.01956947 -0.9726027 -0.2328767 -0.6125244 0.2896282 0.7358121 -0.4187867 -0.8747554 -0.2446184 0.04109589 -0.9393346 -0.3385518 -0.8356164 -0.1996086 0.5107632 -0.7416829 -0.6692759 -0.01565558 -0.3581213 0.7123288 0.6027398 -0.6712329 0.55773 0.4892368 -0.964775 0.07240704 0.2563601 -0.4970646 0.7632094 0.4109589 -0.02739726 0.8806262 0.4735812 -0.8590998 0.483366 0.1702544 -0.9471624 -0.2994129 -0.1135029 -0.3268102 0.9354208 0.1369863 -0.01369863 0.9941292 0.1037182 -0.6829746 0.7123288 0.1604697 -0.3483366 0.8199608 -0.4559687 -0.01761252 0.9178082 -0.3953033 0.05283757 0.5401174 -0.8395303 -0.6888454 0.6810176 -0.2524462 -0.4481409 0.2700587 -0.851272 0 -0.01565558 -1 0.04892368 -0.4951076 -0.8688846 -0.8454012 0.3776908 -0.3776908 -0.9452055 0.05283757 -0.3228963 -0.6223092 -0.1624266 -0.7651663 -0.2563601 -0.5401174 -0.8023483 -0.01174168 -0.8219178 -0.5694716 -0.7984344 -0.516634 -0.3072407 -0.3796478 -0.6829746 -0.6223092 -0.3385518 -0.8630137 -0.3757339 0.04109589 -0.9393346 -0.3385518</float_array>
          <technique_common>
            <accessor source="#BodyM__BodyC-normal-array" count="1272" stride="3">
              <param name="X" type="float" />
              <param name="Y" type="float" />
              <param name="Z" type="float" />
            </accessor>
          </technique_common>
        </source>
        <source id="BodyM__BodyC-texcoord">
          <float_array id="BodyM__BodyC-texcoord-array" count="2544">0.4887695 0.9685364 0.4943848 0.9690094 0.4887695 0.9680786 0.4943848 0.9685364 0.5 0.9680481 0.4997559 0.9666138 0.4943848 0.9670715 0.4995117 0.9641724 0.4943848 0.9645996 0.5048828 0.9652405 0.4995117 0.9608154 0.4943848 0.9611816 0.4943848 0.9568481 0.5043945 0.9630127 0.5039063 0.9598999 0.4995117 0.9565735 0.4943848 0.9518738 0.5083008 0.9585876 0.4997559 0.9516907 0.4943848 0.9464417 0.5043945 0.9559326 0.5 0.9463196 0.4943848 0.9407349 0.5048828 0.9512634 0.5087891 0.9550781 0.5087891 0.9611511 0.5107422 0.9573059 0.5092773 0.9508057 0.512207 0.9545898 0.512207 0.9585876 0.5053711 0.9461365 0.5146484 0.9551086 0.5092773 0.9630127 0.5166016 0.9559937 0.5053711 0.9666138 0.5131836 0.9599304 0.5102539 0.9642334 0.5 0.9685364 0.5053711 0.9671021 0.5141602 0.9609375 0.5053711 0.9666443 0.5 0.9680786 0.5102539 0.9642944 0.4943848 0.9685669 0.4887695 0.9680786 0.4887695 0.9685364 0.4833984 0.9666443 0.5102539 0.9647217 0.5141602 0.9610291 0.5146484 0.9613647 0.5180664 0.9570923 0.5175781 0.9568176 0.5175781 0.9567566 0.5205078 0.9521179 0.5200195 0.9519348 0.5200195 0.9518433 0.5219727 0.9466553 0.5214844 0.9465942 0.5185547 0.951355 0.5214844 0.9464722 0.5224609 0.940979 0.5219727 0.940979 0.5214844 0.9354248 0.5166016 0.9508362 0.5200195 0.946167 0.5219727 0.9408875 0.5219727 0.9353027 0.5200195 0.9300537 0.5131836 0.9505615 0.5175781 0.9459229 0.5102539 0.9459229 0.5141602 0.9458313 0.5205078 0.9407959 0.5180664 0.9407349 0.5102539 0.9407349 0.5146484 0.9407349 0.5141602 0.9356689 0.5175781 0.9355469 0.5053711 0.9407349 0.5102539 0.9355469 0.5 0.9407349 0.5053711 0.9353638 0.5 0.9351807 0.4943848 0.9350586 0.5092773 0.9306641 0.4997559 0.9298096 0.4943848 0.9296265 0.5048828 0.9302368 0.4995117 0.9249268 0.4943848 0.9246216 0.5043945 0.9255981 0.4995117 0.9207153 0.4943848 0.9203491 0.4943848 0.9170532 0.5039063 0.9216309 0.4995117 0.9174194 0.4943848 0.9146729 0.5083008 0.9229126 0.5043945 0.9186401 0.4997559 0.9151611 0.5 0.9138184 0.4943848 0.9133301 0.5048828 0.9165039 0.5087891 0.9204102 0.5087891 0.9264526 0.5107422 0.9241943 0.512207 0.9268799 0.5131836 0.9309082 0.5166016 0.9307251 0.5146484 0.9264526 0.5200195 0.9354248 0.5185547 0.9302979 0.5214844 0.9353027 0.5200195 0.9299927 0.5166016 0.9256592 0.512207 0.9229736 0.5205078 0.9298706 0.5175781 0.9251709 0.5092773 0.9187012 0.5180664 0.9248657 0.5141602 0.9209595 0.5175781 0.9251099 0.5146484 0.9205933 0.5131836 0.9216919 0.5141602 0.9208984 0.5102539 0.9172974 0.5102539 0.9177246 0.5102539 0.9176025 0.5053711 0.914856 0.5053711 0.9153442 0.5053711 0.9152832 0.5 0.9134521 0.5 0.9139404 0.4943848 0.9129639 0.4943848 0.9134521 0.4887695 0.9139404 0.4887695 0.9134521 0.4833984 0.9153442 0.4887695 0.9138184 0.4831543 0.914856 0.4785156 0.9177246 0.4943848 0.9146729 0.4943848 0.9133301 0.4782715 0.9172974 0.4743652 0.9209595 0.4833984 0.9152832 0.4785156 0.9176025 0.473877 0.9205933 0.4838867 0.9165039 0.4743652 0.9208984 0.4707031 0.9248657 0.4711914 0.9251709 0.4711914 0.9251099 0.4682617 0.9298706 0.46875 0.9300537 0.4753418 0.9216919 0.4667969 0.9353027 0.4672852 0.9354248 0.46875 0.9299927 0.472168 0.9256592 0.479248 0.9187012 0.4765625 0.9229736 0.4799805 0.9204102 0.473877 0.9264526 0.4777832 0.9241943 0.484375 0.9186401 0.4699707 0.9302979 0.4890137 0.9151611 0.4892578 0.9174194 0.4943848 0.9170532 0.4804688 0.9229126 0.4846191 0.9216309 0.4892578 0.9207153 0.4943848 0.9203491 0.4943848 0.9246216 0.4892578 0.9249268 0.4943848 0.9296265 0.484375 0.9255981 0.4890137 0.9298096 0.4943848 0.9350586 0.4799805 0.9264526 0.4838867 0.9302368 0.4887695 0.9351807 0.4943848 0.9407349 0.4765625 0.9268799 0.479248 0.9306641 0.4833984 0.9353638 0.4887695 0.9407349 0.4887695 0.9463196 0.4943848 0.9464417 0.4831543 0.9407349 0.4890137 0.9516907 0.4943848 0.9518738 0.4833984 0.9461365 0.4838867 0.9512634 0.4892578 0.9565735 0.4943848 0.9568481 0.484375 0.9559326 0.4892578 0.9608154 0.4943848 0.9611816 0.4943848 0.9645996 0.4846191 0.9598999 0.4892578 0.9641724 0.4943848 0.9670715 0.4804688 0.9585876 0.4890137 0.9666138 0.4943848 0.9685364 0.484375 0.9630127 0.4887695 0.9680786 0.4838867 0.9652405 0.4799805 0.9611511 0.4833984 0.9666138 0.479248 0.9630127 0.4831543 0.9671021 0.4785156 0.9642944 0.4785156 0.9642334 0.4782715 0.9647217 0.4743652 0.9610291 0.4753418 0.9599304 0.473877 0.9613647 0.4743652 0.9609375 0.4707031 0.9570923 0.4711914 0.9568176 0.4711914 0.9567566 0.4682617 0.9521179 0.46875 0.9519348 0.472168 0.9559937 0.4667969 0.9466553 0.4672852 0.9465942 0.46875 0.9518433 0.4663086 0.940979 0.4667969 0.940979 0.4672852 0.9464722 0.4667969 0.9408875 0.4699707 0.951355 0.46875 0.946167 0.4672852 0.9353027 0.46875 0.9354248 0.4682617 0.9407959 0.472168 0.9307251 0.4711914 0.9355469 0.4753418 0.9309082 0.4707031 0.9407349 0.4785156 0.9355469 0.4743652 0.9356689 0.4782715 0.9407349 0.473877 0.9407349 0.4743652 0.9458313 0.4711914 0.9459229 0.4785156 0.9459229 0.4753418 0.9505615 0.472168 0.9508362 0.479248 0.9508057 0.4765625 0.9545898 0.473877 0.9551086 0.4799805 0.9550781 0.4777832 0.9573059 0.4765625 0.9585876 0.5019531 0.9746552 0.5024414 0.9728699 0.5043945 0.9727325 0.5024414 0.9710083 0.5048828 0.9739227 0.5053711 0.9760284 0.5039063 0.970993 0.5029297 0.9689636 0.5058594 0.9720459 0.5068359 0.9745636 0.5083008 0.9765015 0.5068359 0.9728088 0.5092773 0.9745636 0.5117188 0.9758606 0.5083008 0.9731445 0.512207 0.9735565 0.5161133 0.9729767 0.5102539 0.9725952 0.5146484 0.9709625 0.5185547 0.9698334 0.512207 0.9715271 0.5170898 0.9676208 0.5195313 0.9635925 0.5136719 0.9694214 0.5112305 0.9707642 0.5166016 0.9600525 0.5161133 0.9538269 0.5151367 0.9657898 0.5126953 0.9686584 0.5097656 0.9717102 0.5107422 0.9700775 0.5083008 0.9714203 0.5092773 0.9698029 0.5107422 0.9681091 0.5068359 0.9708405 0.5083008 0.9694519 0.5087891 0.9677124 0.5058594 0.9706573 0.5068359 0.9694061 0.5078125 0.9674683 0.5043945 0.9690552 0.5029297 0.9669495 0.5058594 0.9690552 0.5043945 0.9671021 0.503418 0.9631958 0.5063477 0.9672546 0.5053711 0.9633179 0.5039063 0.9588318 0.5068359 0.9634705 0.5053711 0.9589844 0.5058594 0.956604 0.5039063 0.9563293 0.5073242 0.9591064 0.5087891 0.9636841 0.5073242 0.9568787 0.5097656 0.9655457 0.5087891 0.959198 0.5112305 0.9657593 0.5102539 0.9627686 0.5131836 0.9659729 0.5117188 0.9628296 0.5107422 0.9595032 0.5131836 0.9620056 0.5102539 0.9568481 0.5141602 0.9605103 0.5117188 0.9580383 0.5141602 0.9567871 0.512207 0.9568787 0.5107422 0.9555664 0.5117188 0.9546204 0.512207 0.9527588 0.5102539 0.9501038 0.5097656 0.9537659 0.5083008 0.9509277 0.5068359 0.9500732 0.5097656 0.9523926 0.5068359 0.951355 0.5083008 0.9523621 0.5043945 0.95047 0.5083008 0.9537659 0.5073242 0.9527283 0.5092773 0.9550781 0.5058594 0.9519958 0.5087891 0.9569092 0.5078125 0.9550171 0.5068359 0.9551697 0.5068359 0.9538269 0.5058594 0.9546509 0.5058594 0.953125 0.5043945 0.9542236 0.5043945 0.9526672 0.5043945 0.9515686 0.5029297 0.9517212 0.5029297 0.9528503 0.5029297 0.9543762 0.5019531 0.9509583 0.5024414 0.9496765 0.5014648 0.952301 0.5014648 0.9533691 0.5009766 0.9502563 0.4992676 0.9491272 0.5004883 0.9517822 0.496582 0.9512634 0.4926758 0.9515381 0.4990234 0.9514771 0.5 0.953125 0.4990234 0.9528809 0.4970703 0.9532471 0.4941406 0.9548035 0.4909668 0.957428 0.4875488 0.9603577 0.4956055 0.9555969 0.4890137 0.9646606 0.4873047 0.9665833 0.4931641 0.9591064 0.4914551 0.9634094 0.4907227 0.9683838 0.4887695 0.970047 0.4919434 0.9671326 0.4926758 0.9714661 0.4924316 0.9737549 0.4929199 0.9694824 0.4951172 0.9730225 0.4956055 0.9751434 0.4946289 0.9709015 0.4938965 0.9688873 0.4973145 0.9735413 0.4987793 0.9753265 0.4963379 0.9718475 0.4995117 0.9733276 0.5019531 0.9746552 0.4980469 0.9718475 0.4953613 0.9701691 0.5004883 0.9723358 0.5024414 0.9728699 0.5024414 0.9710083 0.4992676 0.9713135 0.5009766 0.9706573 0.5029297 0.9689636 0.498291 0.9698944 0.4995117 0.9699707 0.5014648 0.9687195 0.4968262 0.9701996 0.5 0.9684753 0.5014648 0.9667969 0.5029297 0.9669495 0.503418 0.9631958 0.4987793 0.9685364 0.5014648 0.9630127 0.5039063 0.9588318 0.5 0.9666138 0.4985352 0.9664917 0.4973145 0.9682922 0.5 0.9628296 0.4960938 0.9683838 0.4970703 0.9664307 0.494873 0.9684143 0.4956055 0.9664307 0.4968262 0.9642029 0.4931641 0.9666443 0.4943848 0.9664917 0.4929199 0.9637451 0.4956055 0.9639587 0.4943848 0.9636841 0.4941406 0.9596252 0.4956055 0.9606323 0.496582 0.9612732 0.4960938 0.9573669 0.498291 0.962616 0.4973145 0.9583435 0.4987793 0.9581604 0.5004883 0.9584961 0.5019531 0.9586792 0.5009766 0.9562988 0.5024414 0.9563293 0.5014648 0.9546814 0.4995117 0.9560242 0.5 0.9543152 0.4980469 0.9560852 0.4990234 0.9542847 0.4975586 0.9545593 0.5024414 0.9728699 0.5019531 0.9746552 0.5043945 0.9727325 0.5024414 0.9710083 0.5048828 0.9739227 0.5053711 0.9760284 0.5039063 0.970993 0.5029297 0.9689636 0.5058594 0.9720459 0.5068359 0.9745636 0.5083008 0.9765015 0.5043945 0.9690552 0.5029297 0.9669495 0.5058594 0.9706573 0.5043945 0.9671021 0.503418 0.9631958 0.5058594 0.9690552 0.5053711 0.9633179 0.5039063 0.9588318 0.5063477 0.9672546 0.5068359 0.9694061 0.5068359 0.9708405 0.5068359 0.9728088 0.5083008 0.9694519 0.5083008 0.9714203 0.5083008 0.9731445 0.5092773 0.9745636 0.5117188 0.9758606 0.5097656 0.9717102 0.512207 0.9735565 0.5161133 0.9729767 0.5102539 0.9725952 0.5146484 0.9709625 0.5185547 0.9698334 0.512207 0.9715271 0.5112305 0.9707642 0.5136719 0.9694214 0.5170898 0.9676208 0.5195313 0.9635925 0.5126953 0.9686584 0.5166016 0.9600525 0.5161133 0.9538269 0.5151367 0.9657898 0.5141602 0.9567871 0.5107422 0.9700775 0.5141602 0.9605103 0.5092773 0.9698029 0.5107422 0.9681091 0.5087891 0.9677124 0.5078125 0.9674683 0.5097656 0.9655457 0.5131836 0.9659729 0.5112305 0.9657593 0.5131836 0.9620056 0.5117188 0.9628296 0.5102539 0.9627686 0.5107422 0.9595032 0.5117188 0.9580383 0.5087891 0.9636841 0.5087891 0.959198 0.5102539 0.9568481 0.512207 0.9568787 0.5107422 0.9555664 0.5117188 0.9546204 0.512207 0.9527588 0.5102539 0.9501038 0.5097656 0.9537659 0.5083008 0.9509277 0.5068359 0.9500732 0.5097656 0.9523926 0.5068359 0.951355 0.5083008 0.9523621 0.5043945 0.95047 0.5083008 0.9537659 0.5073242 0.9527283 0.5092773 0.9550781 0.5058594 0.9519958 0.5087891 0.9569092 0.5078125 0.9550171 0.5068359 0.9538269 0.5073242 0.9591064 0.5073242 0.9568787 0.5068359 0.9551697 0.5068359 0.9634705 0.5053711 0.9589844 0.5058594 0.956604 0.5039063 0.9563293 0.5058594 0.9546509 0.5058594 0.953125 0.5043945 0.9542236 0.5043945 0.9526672 0.5043945 0.9515686 0.5029297 0.9517212 0.5029297 0.9528503 0.5029297 0.9543762 0.5019531 0.9509583 0.5024414 0.9496765 0.5014648 0.952301 0.5014648 0.9533691 0.5024414 0.9563293 0.5039063 0.9588318 0.5014648 0.9546814 0.5 0.953125 0.5019531 0.9586792 0.5 0.9543152 0.5009766 0.9562988 0.4995117 0.9560242 0.4990234 0.9542847 0.5004883 0.9517822 0.4990234 0.9528809 0.5009766 0.9502563 0.4992676 0.9491272 0.4990234 0.9514771 0.496582 0.9512634 0.4926758 0.9515381 0.4970703 0.9532471 0.4941406 0.9548035 0.4975586 0.9545593 0.4956055 0.9555969 0.4909668 0.957428 0.4875488 0.9603577 0.4931641 0.9591064 0.4890137 0.9646606 0.4873047 0.9665833 0.4914551 0.9634094 0.4907227 0.9683838 0.4887695 0.970047 0.4919434 0.9671326 0.4926758 0.9714661 0.4924316 0.9737549 0.4929199 0.9694824 0.4951172 0.9730225 0.4956055 0.9751434 0.4946289 0.9709015 0.4938965 0.9688873 0.4973145 0.9735413 0.4987793 0.9753265 0.4963379 0.9718475 0.4995117 0.9733276 0.5019531 0.9746552 0.4980469 0.9718475 0.4953613 0.9701691 0.5004883 0.9723358 0.5024414 0.9728699 0.5024414 0.9710083 0.4992676 0.9713135 0.5009766 0.9706573 0.5029297 0.9689636 0.498291 0.9698944 0.4995117 0.9699707 0.5014648 0.9687195 0.5 0.9684753 0.5014648 0.9667969 0.5029297 0.9669495 0.503418 0.9631958 0.4987793 0.9685364 0.5014648 0.9630127 0.5 0.9666138 0.5 0.9628296 0.4985352 0.9664917 0.5004883 0.9584961 0.498291 0.962616 0.4987793 0.9581604 0.4973145 0.9682922 0.4980469 0.9560852 0.4973145 0.9583435 0.4960938 0.9573669 0.496582 0.9612732 0.4956055 0.9606323 0.4941406 0.9596252 0.4968262 0.9642029 0.4956055 0.9639587 0.4943848 0.9636841 0.4929199 0.9637451 0.4943848 0.9664917 0.4931641 0.9666443 0.494873 0.9684143 0.4956055 0.9664307 0.4960938 0.9683838 0.4970703 0.9664307 0.4968262 0.9701996 0.09472656 1.187622 -0.007419586 1.087341 0.05786133 1.010445 -0.09002686 0.9641418 0.1480713 1.093079 0.215332 1.261719 -0.00995636 0.9016113 -0.1502686 0.8192139 0.114502 0.9423218 0.2541504 1.150635 0.3491211 1.308594 0.1912842 1.004543 0.3708496 1.184814 0.4907227 1.327881 0.2834473 1.044189 0.1544189 0.894043 0.4921875 1.196533 0.21521 0.9168701 0.3859863 1.068481 0.3000488 0.9411621 0.6137695 1.188599 0.6323242 1.312988 0.4934082 1.076599 0.730957 1.158081 0.7675781 1.270264 0.6010742 1.071838 0.7041016 1.05069 0.8383789 1.103699 0.8896484 1.199951 0.7973633 1.013908 0.9306641 1.023941 0.9941406 1.102844 1.079102 0.9822235 0.8754883 0.9541016 1 0.9172363 1.142578 0.8392334 0.8364258 0.9046021 1.049805 0.7911377 1.182617 0.6801758 0.9282227 0.8630371 1.079102 0.6518555 1.199219 0.5117188 0.9619141 0.753418 0.8564453 0.8317871 0.7749023 0.9255371 0.777832 0.8304443 0.6899414 0.9472046 0.6899414 0.8415527 0.5947266 0.9614563 0.5947266 0.8500977 0.4946289 0.9645996 0.4958496 0.8533936 0.3945313 0.958374 0.3972168 0.8470459 0.4973145 0.7363281 0.302002 0.8355713 0.3967285 0.7316895 0.5976563 0.7348633 0.4985352 0.6152344 0.6962891 0.7302246 0.6010742 0.6149902 0.7895508 0.7263184 0.7026367 0.6137695 0.8769531 0.730957 0.7988281 0.6137695 0.9833984 0.6303711 0.8920898 0.6171875 1.088867 0.5070801 0.9907227 0.501709 1.083984 0.362793 1.188477 0.3422852 0.8984375 0.4975586 1.057617 0.2236328 1.152344 0.1811523 0.9853516 0.375 0.9682617 0.253418 0.894043 0.3798828 0.8051758 0.4956055 0.8808594 0.269043 0.7060547 0.4946289 0.8007813 0.3798828 0.6040039 0.4936523 0.7045898 0.3754883 0.793457 0.2670898 0.862793 0.1679688 0.9365234 0.1435547 0.7841797 0.1640625 1.011719 0.09570313 1.092773 0.03564453 0.8452148 0.09570313 0.8857422 0.05078125 0.9443359 -0.01367188 1.009766 -0.08886719 0.9082031 -0.1904297 0.8535156 -0.09765625 0.7866211 -0.2666016 0.809082 -0.01171875 0.7470703 -0.15625 0.6518555 -0.3144531 0.7841797 0.07226563 0.7167969 -0.05175781 0.6298828 -0.1914063 0.5087891 -0.3339844 0.6137695 -0.078125 0.6992188 0.04736328 0.5073242 -0.203125 0.6967773 0.1494141 0.5063477 -0.0859375 0.3852539 -0.1953125 0.3657227 -0.3183594 0.5048828 0.02001953 0.2670898 -0.1640625 0.2297363 -0.2744141 0.3984375 -0.08203125 0.1591797 -0.1083984 0.1068726 -0.203125 0.2949219 -0.05859375 0.06695557 -0.02734375 0.002391815 -0.1044922 -0.08270264 0.01708984 0.2019043 -0.02148438 0.1237183 0.0390625 -0.003103256 0.08007813 -0.145752 0.1611328 0.1635742 0.08544922 -0.05212402 0.206543 -0.1851807 0.3212891 0.07104492 0.1303711 -0.08135986 0.3447266 -0.2001953 0.4902344 0.03713989 0.2392578 0.144043 0.1572266 0.2250977 0.06347656 0.2231445 0.1552734 0.3103027 0.04150391 0.3103027 0.1435547 0.4052734 0.02587891 0.4055176 0.1352539 0.5039063 0.1298828 0.6044922 0.02929688 0.6020508 0.1381836 0.5024414 0.2470703 0.6025391 0.2519531 0.4023438 0.2485352 0.5009766 0.3681641 0.7006836 0.2587891 0.6035156 0.371582 0.5 0.4916992 0.3986816 0.3681641 0.395752 0.6118164 0.395752 0.4902344 0.3041992 0.2529297 0.2978516 0.3691406 0.2113037 0.2578125 0.1240845 0.2573242 0.201416 0.3706055 0.293457 0.4882813 0.1085815 0.3676758 0.01741028 0.3598633 0.1948242 0.4863281 0.1015015 0.4853516 0.009223938 0.4868164 0.1049805 0.6052246 0.1982422 0.6044922 0.2946777 0.6074219 0.1178589 0.7192383 0.2983398 0.7241211 0.2052002 0.7172852 0.2148438 0.8216553 0.1362305 0.8206787 0.06378174 0.8497314 0.03240967 0.7390137 -0.05645752 0.7740479 -0.1870117 0.6589355 -0.08294678 0.6337891 0.01376343 0.6152344 -0.08947754 0.4887695 0.4887695 0.9685364 0.4943848 0.9690094 0.4916992 0.9682922 0.4943848 0.9685669 0.4887695 0.9680786 0.4887695 0.9685364 0.4833984 0.9666443 0.4833984 0.9668884 0.4916992 0.9682922 0.4943848 0.9685669 0.5 0.9680786 0.5053711 0.9666443 0.5039063 0.9675598 0.5053711 0.9666443 0.5102539 0.9642944 0.5014648 0.9671021 0.4916992 0.9682922 0.4943848 0.9670715 0.5126953 0.9626465 0.5141602 0.9610291 0.5019531 0.9635925 0.4943848 0.9645996 0.5073242 0.9641113 0.5009766 0.9605408 0.4943848 0.9611816 0.5097656 0.9593811 0.5146484 0.9574585 0.5180664 0.9563293 0.5175781 0.9568176 0.5200195 0.9519348 0.4943848 0.9611816 0.4943848 0.9556274 0.5019531 0.9562378 0.5014648 0.947937 0.4943848 0.9464417 0.4943848 0.9378967 0.5102539 0.954834 0.5073242 0.9510498 0.5146484 0.9506836 0.5195313 0.9515991 0.5126953 0.9426575 0.5185547 0.9460449 0.5214844 0.9465637 0.5200195 0.9519348 0.5214844 0.9465942 0.5219727 0.940918 0.5219727 0.940979 0.5219727 0.940979 0.5214844 0.9354248 0.5200195 0.9380798 0.5205078 0.9315796 0.5200195 0.9300537 0.5180664 0.9384766 0.5200195 0.9300537 0.5151367 0.9223022 0.5166016 0.9280396 0.5180664 0.9249878 0.5131836 0.9195557 0.5141602 0.9342041 0.5117188 0.9194946 0.5151367 0.9223022 0.5102539 0.9177246 0.5053711 0.9150391 0.5053711 0.9153442 0.5102539 0.9216919 0.5019531 0.9170532 0.5097656 0.925354 0.5083008 0.9320679 0.5009766 0.9210205 0.5039063 0.9407349 0.5014648 0.9335938 0.4943848 0.9296265 0.5019531 0.9252319 0.4943848 0.9246216 0.4943848 0.9188843 0.4943848 0.9188843 0.4943848 0.9146729 0.5 0.9136963 0.5053711 0.9153442 0.5 0.9139404 0.4916992 0.9135742 0.4926758 0.9130859 0.4926758 0.9135742 0.4926758 0.9135742 0.4833984 0.9153442 0.4833984 0.9150391 0.4833984 0.9153442 0.4785156 0.9177246 0.4753418 0.9195557 0.4733887 0.9223022 0.4865723 0.9170532 0.4943848 0.9146729 0.4943848 0.9188843 0.4770508 0.9194946 0.4733887 0.9223022 0.4702148 0.9265137 0.487793 0.9210205 0.4943848 0.9246216 0.4787598 0.9221191 0.4868164 0.9252319 0.4943848 0.9296265 0.472168 0.9280396 0.4782715 0.9266357 0.4870605 0.9335938 0.4943848 0.9378967 0.4848633 0.9407349 0.4807129 0.9320679 0.4733887 0.9223022 0.46875 0.9300537 0.4746094 0.9342041 0.467041 0.9353027 0.4672852 0.9354248 0.4699707 0.9354858 0.4665527 0.940918 0.4672852 0.9354248 0.4667969 0.940979 0.4672852 0.9465942 0.467041 0.9465637 0.4685059 0.9434814 0.4709473 0.9430237 0.4760742 0.9426575 0.473877 0.9506836 0.4870605 0.947937 0.4943848 0.9378967 0.4943848 0.9464417 0.4943848 0.9556274 0.4814453 0.9510498 0.4868164 0.9562378 0.4782715 0.954834 0.4694824 0.9515991 0.4731445 0.9555664 0.4785156 0.9584351 0.4882813 0.9614563 0.4943848 0.9611816 0.4943848 0.9645996 0.4943848 0.9670715 0.4821777 0.9620972 0.4863281 0.9659119 0.4916992 0.9682922 0.4770508 0.9612732 0.4833984 0.9666443 0.4785156 0.9642944 0.470459 0.9563293 0.4760742 0.9626465 0.4743652 0.9610291 0.4743652 0.9610291 0.4711914 0.9568176 0.46875 0.9519348 0.4672852 0.9465942 0.4711914 0.9568176 1.079102 0.9822235 0.9941406 1.102844 0.9306641 1.023941 1 0.9172363 0.9941406 1.102844 0.8896484 1.199951 1.142578 0.8392334 1.079102 0.9822235 0.8383789 1.103699 0.7675781 1.270264 0.730957 1.158081 0.8203125 0.9336548 0.7973633 1.013908 0.7675781 1.270264 0.6323242 1.312988 0.7041016 1.05069 0.6137695 1.188599 0.4907227 1.327881 0.4921875 1.196533 0.6010742 1.071838 0.6899414 0.9472046 0.5947266 0.9614563 0.6484375 0.8453369 0.4934082 1.076599 0.3859863 1.068481 0.4946289 0.9645996 0.3708496 1.184814 0.4907227 1.327881 0.3491211 1.308594 0.4958496 0.8533936 0.3945313 0.958374 0.215332 1.261719 0.2541504 1.150635 0.2834473 1.044189 0.3000488 0.9411621 0.34375 0.8405762 0.1697998 0.923584 0.1912842 1.004543 0.1480713 1.093079 0.215332 1.261719 0.09472656 1.187622 0.05786133 1.010445 -0.007419586 1.087341 -0.007419586 1.087341 -0.09002686 0.9641418 0.03613281 0.8692627 -0.1502686 0.8192139 -0.05645752 0.7740479 0.1657715 0.7697754 0.03240967 0.7390137 -0.1502686 0.8192139 -0.1870117 0.6589355 -0.08294678 0.6337891 -0.1999512 0.4902344 -0.08947754 0.4887695 0.06506348 0.6096191 0.05535889 0.4858398 0.1982422 0.6044922 -0.08135986 0.3447266 -0.1999512 0.4902344 -0.1851807 0.3212891 0.1948242 0.4863281 -0.145752 0.1611328 -0.05212402 0.206543 0.01741028 0.3598633 0.03713989 0.2392578 0.1085815 0.3676758 0.08843994 0.08105469 -0.145752 0.1611328 -0.02420044 -0.06640625 0.06695557 -0.02734375 -0.02420044 -0.06640625 0.1068726 -0.203125 0.1591797 -0.1083984 0.2297363 -0.2744141 0.2670898 -0.1640625 0.2019043 -0.02148438 0.2675781 0.05224609 0.2297363 -0.2744141 0.4641113 -0.3291016 0.2949219 -0.05859375 0.3852539 -0.1953125 0.5073242 -0.203125 0.3984375 -0.08203125 0.5063477 -0.0859375 0.4052734 0.02587891 0.5048828 0.02001953 0.6298828 -0.1914063 0.4641113 -0.3291016 0.6518555 -0.3144531 0.6137695 -0.078125 0.7470703 -0.15625 0.7866211 -0.2666016 0.6044922 0.02929688 0.7167969 -0.05175781 0.809082 -0.01171875 0.5039063 0.1298828 0.7416992 0.05957031 0.6552734 0.1445313 0.3520508 0.1396484 0.5024414 0.2470703 0.1885986 0.1557617 0.347168 0.2509766 0.1730957 0.2578125 0.4499512 0.3681641 0.201416 0.3706055 0.2978516 0.3691406 0.293457 0.4882813 0.4477539 0.4912109 0.2946777 0.6074219 0.3413086 0.7275391 0.4472656 0.6135254 0.4973145 0.7363281 0.6533203 0.7321777 0.6010742 0.6149902 0.8276367 0.7800293 0.7026367 0.6137695 0.6040039 0.4936523 0.6035156 0.371582 0.7060547 0.4946289 0.6577148 0.2558594 0.7045898 0.3754883 0.8183594 0.1655273 0.831543 0.2680664 0.8007813 0.3798828 0.7988281 0.6137695 0.8051758 0.4956055 0.894043 0.3798828 0.9682617 0.253418 0.9321289 0.6230469 0.9443359 0.5 0.9853516 0.375 1.083984 0.362793 1.088867 0.5070801 0.9619141 0.753418 1.199219 0.5117188 1.188477 0.3422852 1.079102 0.6518555 1.182617 0.6801758 0.9282227 0.8630371 1.049805 0.7911377 1.182617 0.6801758 1.057617 0.2236328 1.188477 0.3422852 1.152344 0.1811523 0.9204102 0.09375 1.036133 -0.04980469 0.8535156 -0.09765625 0.7866211 -0.2666016 0.9082031 -0.1904297 0.9443359 -0.01367188 1.036133 -0.04980469 0.498291 0.9728851 0.5019531 0.9746552 0.4987793 0.9753265 0.494873 0.9747925 0.4941406 0.9724426 0.4885254 0.9696198 0.4909668 0.9645386 0.4885254 0.9696198 0.4875488 0.9603577 0.4956055 0.9713745 0.4926758 0.9515381 0.4958496 0.953949 0.4875488 0.9603577 0.4924316 0.9681702 0.494873 0.9695282 0.4931641 0.9646301 0.4934082 0.959198 0.494873 0.9644775 0.4978027 0.9692993 0.4960938 0.960907 0.5 0.9715271 0.5019531 0.9746552 0.5024414 0.972168 0.4973145 0.9651489 0.4992676 0.9692535 0.5024414 0.972168 0.5029297 0.9683533 0.4992676 0.9665527 0.5004883 0.9677734 0.503418 0.9631958 0.5004883 0.9629211 0.4995117 0.9582825 0.4973145 0.9571228 0.5019531 0.9586792 0.496582 0.9550781 0.503418 0.9631958 0.5039063 0.9588318 0.4995117 0.9523621 0.5024414 0.9563293 0.5039063 0.9563293 0.5 0.9561462 0.5 0.9534302 0.5009766 0.9539795 0.5039063 0.9530029 0.503418 0.9514465 0.5058594 0.9555054 0.5039063 0.9588318 0.5014648 0.9507141 0.4992676 0.9491272 0.5068359 0.9500732 0.5068359 0.9529724 0.5073242 0.9513245 0.5068359 0.9500732 0.5102539 0.9501038 0.5107422 0.9539185 0.5161133 0.9538269 0.5078125 0.9555359 0.5141602 0.9593811 0.5195313 0.9635925 0.5102539 0.9561768 0.512207 0.9574585 0.5053711 0.9589844 0.5083008 0.9591675 0.5107422 0.9595032 0.5058594 0.9634094 0.503418 0.9631958 0.5102539 0.9629517 0.5117188 0.9638672 0.5048828 0.9682007 0.5029297 0.9683533 0.5068359 0.9673767 0.5092773 0.9667664 0.5068359 0.9703369 0.5048828 0.9722137 0.5024414 0.972168 0.5019531 0.9746552 0.5063477 0.9736938 0.5053711 0.9760284 0.5092773 0.9763489 0.5087891 0.9706116 0.5107422 0.9688416 0.5097656 0.9720154 0.5102539 0.9741821 0.5166016 0.97258 0.5126953 0.9671326 0.5131836 0.9702148 0.5151367 0.9667664 0.5195313 0.9635925 0.5019531 0.9746552 0.4975586 0.9724579 0.4987793 0.9753265 0.494873 0.9747925 0.4941406 0.9710846 0.4885254 0.9696198 0.4914551 0.9653015 0.4885254 0.9696198 0.4875488 0.9603577 0.494873 0.9695282 0.4926758 0.9515381 0.4958496 0.953949 0.4875488 0.9603577 0.5014648 0.9507141 0.4992676 0.9491272 0.5068359 0.9500732 0.503418 0.9514465 0.4995117 0.9523621 0.496582 0.9550781 0.4934082 0.959198 0.5 0.9534302 0.4931641 0.9646301 0.4973145 0.9571228 0.494873 0.9644775 0.4960938 0.960907 0.4978027 0.9692993 0.4973145 0.9651489 0.4995117 0.9582825 0.5 0.9561462 0.5009766 0.9539795 0.5019531 0.9586792 0.5024414 0.9563293 0.5039063 0.9530029 0.5004883 0.9629211 0.5039063 0.9588318 0.503418 0.9631958 0.5039063 0.9563293 0.4992676 0.9665527 0.5058594 0.9555054 0.5039063 0.9588318 0.5004883 0.9677734 0.503418 0.9631958 0.5029297 0.9683533 0.4992676 0.9692535 0.5 0.9715271 0.5024414 0.972168 0.5019531 0.9746552 0.5024414 0.972168 0.5068359 0.9529724 0.5073242 0.9513245 0.5068359 0.9500732 0.5102539 0.9501038 0.5107422 0.9539185 0.5161133 0.9538269 0.5078125 0.9555359 0.5141602 0.9593811 0.5195313 0.9635925 0.5102539 0.9561768 0.512207 0.9574585 0.5053711 0.9589844 0.5083008 0.9591675 0.5107422 0.9595032 0.5058594 0.9634094 0.503418 0.9631958 0.5097656 0.9650879 0.5117188 0.9638672 0.5048828 0.9682007 0.5029297 0.9683533 0.5068359 0.9673767 0.5048828 0.9722137 0.5024414 0.972168 0.5019531 0.9746552 0.5068359 0.9703369 0.5063477 0.9736938 0.5053711 0.9760284 0.5092773 0.9763489 0.5087891 0.9706116 0.5107422 0.9688416 0.5097656 0.9720154 0.5102539 0.9741821 0.5166016 0.97258 0.5126953 0.9671326 0.5131836 0.9702148 0.5151367 0.9667664 0.5195313 0.9635925</float_array>
          <technique_common>
            <accessor source="#BodyM__BodyC-texcoord-array" count="1272" stride="2">
              <param name="S" type="float" />
              <param name="T" type="float" />
            </accessor>
          </technique_common>
        </source>
        <source id="BodyM__BodyC-texcoord_1">
          <float_array id="BodyM__BodyC-texcoord-array_1" count="2544">0.4168612 0.6180209 0.5354849 0.6172274 0.5314412 0.6408942 0.6062257 0.6329747 0.6660411 0.6044708 0.7329671 0.59411 0.730251 0.6336156 0.7966278 0.5680629 0.8086519 0.6030976 0.7411155 0.5559472 0.8506294 0.5284657 0.8713817 0.5570306 0.9208057 0.5009842 0.7901732 0.5349508 0.8337834 0.5022812 0.891783 0.4777905 0.9548943 0.4338598 0.8201114 0.4790265 0.9191424 0.4188144 0.972137 0.3583734 0.866331 0.4580911 0.9318685 0.3540856 0.97084 0.2792248 0.887068 0.4070649 0.843534 0.4423133 0.786984 0.5035477 0.8103456 0.462272 0.8576334 0.3990234 0.8205692 0.4344701 0.7881132 0.4721447 0.895964 0.351812 0.7943541 0.4373388 0.7494164 0.518883 0.7656672 0.4445106 0.6912337 0.5652399 0.7574426 0.4823071 0.7102464 0.5266652 0.6108949 0.5979095 0.6481575 0.5624781 0.7243915 0.4885481 0.6144503 0.5513695 0.5747311 0.5783932 0.6435493 0.5199206 0.5221637 0.5933318 0.4499275 0.5884489 0.4168612 0.6180209 0.3979095 0.5639582 0.6742352 0.5261158 0.6641184 0.4863814 0.6922408 0.4890516 0.7053331 0.4527352 0.6776684 0.4514077 0.7352712 0.4502632 0.7135729 0.4145113 0.6856947 0.4151369 0.7428702 0.4106355 0.7172656 0.375021 0.6889601 0.3778439 0.7724422 0.4048982 0.7464561 0.3698177 0.7164111 0.3350576 0.6879377 0.3401541 0.6832075 0.3027237 0.8011902 0.3992218 0.7756314 0.3636225 0.7451286 0.3288014 0.7103227 0.2954299 0.6740368 0.2665141 0.8296483 0.3959563 0.8043946 0.3577936 0.8634012 0.3514916 0.8332036 0.3533531 0.7736019 0.3221942 0.8018311 0.3157855 0.8600748 0.3029221 0.829572 0.3096208 0.8211795 0.2666514 0.7936065 0.2746166 0.8926528 0.2957504 0.8493019 0.2555428 0.9288625 0.2879378 0.8788128 0.2414283 0.9107042 0.2243686 0.9459678 0.2042572 0.8301824 0.2120699 0.8781872 0.1675288 0.9048448 0.139086 0.8536965 0.1919432 0.8338445 0.1211109 0.8506294 0.08767831 0.8188754 0.1504845 0.7804227 0.0876478 0.7868009 0.05258256 0.7155413 0.03128099 0.776257 0.1199054 0.7207752 0.06883347 0.6341497 0.02873272 0.7727627 0.148455 0.7285878 0.1040513 0.6578622 0.06477457 0.5993133 0.07565421 0.5371481 0.04757762 0.6812543 0.1006485 0.7368582 0.1368429 0.8045319 0.1753872 0.7698482 0.169131 0.7871519 0.1927062 0.8062409 0.2268864 0.7802091 0.2360418 0.7637904 0.2009003 0.7658198 0.2815289 0.7533379 0.2427253 0.7376059 0.2884718 0.7259938 0.2496376 0.7374838 0.2058595 0.7481194 0.1682612 0.699321 0.257435 0.6603647 0.232227 0.701503 0.1358663 0.684245 0.2215152 0.6417792 0.200412 0.7103533 0.2125887 0.6646372 0.1882505 0.7198596 0.1704586 0.6912184 0.1771267 0.6402533 0.1556573 0.6172427 0.1716335 0.6682231 0.1425498 0.608362 0.1255512 0.5860838 0.146685 0.6390631 0.1084459 0.5664912 0.09936672 0.5479362 0.1276265 0.5112841 0.08075076 0.5037461 0.1183184 0.4561074 0.1218891 0.4428321 0.08894485 0.4149691 0.1381399 0.4079652 0.05719084 0.3947662 0.1138323 0.3816434 0.1629969 0.3299153 0.01432824 0.3967803 0.01730371 0.3596704 0.1452506 0.3556573 0.1929198 0.3630427 0.09407187 0.3315175 0.1314412 0.3334402 0.179675 0.3150378 0.08998245 0.3072404 0.1688105 0.3131304 0.2154879 0.3362478 0.2266117 0.2869764 0.20589 0.2973678 0.253254 0.3220722 0.2628061 0.2777905 0.1629053 0.2861677 0.2933394 0.3127642 0.3010452 0.2710308 0.2452888 0.2597696 0.2000763 0.2962081 0.1265888 0.2484016 0.162356 0.2585794 0.1302815 0.2328984 0.196292 0.2258335 0.1646601 0.2636759 0.09771878 0.2437324 0.2387884 0.3299153 0.05398643 0.2642862 0.06343174 0.2587472 0.02594036 0.2215457 0.1444419 0.2150912 0.1169604 0.205951 0.08618295 0.193286 0.05241472 0.1342184 0.0905928 0.1550317 0.1219501 0.08413824 0.1428245 0.1733425 0.1495231 0.1132219 0.1691768 0.04615854 0.2070344 0.1899748 0.1730373 0.1398489 0.1918822 0.08264286 0.2255741 0.02299535 0.2796979 0.2087434 0.1892576 0.16495 0.2106966 0.1157702 0.241413 0.06533913 0.2877852 0.06190585 0.352163 0.021149 0.3558556 0.1023117 0.2952011 0.07270924 0.4151522 0.0358587 0.4286107 0.09858854 0.350454 0.106157 0.4048982 0.09678797 0.4730144 0.0654612 0.4938887 0.124712 0.4554818 0.1236286 0.5133135 0.09140154 0.5262989 0.132311 0.5601282 0.1546502 0.5000992 0.1676509 0.5460899 0.1907378 0.5962615 0.1716182 0.4788892 0.2171511 0.5785153 0.2301366 0.6174258 0.1962921 0.5348898 0.2759899 0.5980621 0.2459449 0.5599298 0.2044556 0.5054551 0.3018998 0.5748531 0.2437018 0.523949 0.3610742 0.5766079 0.3619135 0.5308919 0.2869001 0.5352865 0.3288319 0.5370413 0.3375296 0.4952316 0.238117 0.4870985 0.3080797 0.4974899 0.2733959 0.4956436 0.293431 0.459205 0.3216602 0.4581521 0.2623636 0.4556192 0.2841535 0.4188907 0.3121233 0.4197909 0.2307469 0.4482338 0.2797589 0.3772641 0.3078508 0.3803769 0.2544289 0.4141604 0.2801861 0.3351644 0.3082628 0.3405661 0.2505836 0.3714504 0.2517586 0.3285115 0.2242924 0.4072785 0.2212253 0.3645533 0.2592508 0.2862135 0.2311589 0.2793317 0.2233463 0.3216144 0.2165713 0.2328374 0.2031891 0.2727093 0.1899138 0.2245365 0.1949188 0.3150225 0.1463188 0.2546578 0.1751583 0.2651713 0.1356069 0.3021591 0.1666896 0.3087968 0.162829 0.3530327 0.1921416 0.358053 0.13196 0.3506523 0.165774 0.3960937 0.1949188 0.4004425 0.1368276 0.3980926 0.1739223 0.43505 0.2010681 0.4393682 0.1495537 0.4414893 0.1831998 0.4632639 0.2060578 0.4746624 0.3635462 0.663325 0.4278477 0.6671397 0.4272679 0.6871138 0.4943923 0.6883497 0.3807736 0.6834363 0.2928512 0.6740215 0.4779431 0.7059281 0.5459831 0.7282063 0.4310063 0.7061113 0.3479667 0.6904402 0.2931105 0.6939651 0.3995117 0.704509 0.3351187 0.7058365 0.2933699 0.717052 0.3760586 0.7097734 0.3303578 0.7269245 0.2936293 0.7489433 0.366537 0.7249256 0.3313192 0.755169 0.2938887 0.7718014 0.3594568 0.7420157 0.3235065 0.7839018 0.2945449 0.8097047 0.3630884 0.7649653 0.3816281 0.7465324 0.3269245 0.8375067 0.2953841 0.8684672 0.3635004 0.7996948 0.3875791 0.7711452 0.3902342 0.730312 0.4029908 0.7515068 0.4141756 0.7269551 0.4249943 0.7510796 0.4201114 0.7755703 0.4422675 0.7279011 0.4479744 0.751873 0.4538338 0.7793546 0.4647135 0.7226825 0.4692149 0.7476768 0.4799725 0.7812924 0.5180286 0.739437 0.5732204 0.7790494 0.4939345 0.7480888 0.537789 0.781918 0.5589074 0.8788128 0.5066758 0.7828488 0.524422 0.8678569 0.4435645 0.9725338 0.4952773 0.8565652 0.43122 0.9485008 0.3494011 0.9677577 0.2973831 0.9845121 0.4233158 0.9253529 0.469337 0.8448005 0.3752804 0.9468528 0.452369 0.8118105 0.4158541 0.9056687 0.4214237 0.8054627 0.4359808 0.8476081 0.391989 0.8000305 0.4152438 0.8399786 0.4040742 0.8838941 0.3909667 0.8409705 0.3773098 0.9087968 0.3664759 0.8465095 0.3793088 0.8848249 0.3392081 0.8676127 0.3595636 0.8824445 0.3586786 0.9041276 0.3407492 0.8940871 0.3138476 0.8904555 0.2955825 0.9034562 0.3400168 0.9127337 0.3068284 0.9136339 0.2961929 0.917113 0.32224 0.9063249 0.3102464 0.9239948 0.3241779 0.9199512 0.2966964 0.9248798 0.3393454 0.9277638 0.3249866 0.9312733 0.3562219 0.9203022 0.3115282 0.9341573 0.3815061 0.9269856 0.3532921 0.9344015 0.3483024 0.9473869 0.3342031 0.9402304 0.3264668 0.9582666 0.3162737 0.9452964 0.2970169 0.9611505 0.2968643 0.9456779 0.2967422 0.9342946 0.2798962 0.9341421 0.2754559 0.9454643 0.2656291 0.9587548 0.2812085 0.9238727 0.2961929 0.917113 0.2640421 0.9304799 0.254612 0.939147 0.2845808 0.9134661 0.2955825 0.9034562 0.2650797 0.919356 0.2764782 0.8902571 0.2953841 0.8684672 0.2672465 0.9059281 0.2495003 0.9263447 0.2492714 0.9120013 0.2483558 0.8939345 0.2498817 0.8679942 0.2626993 0.8379186 0.2945449 0.8097047 0.2285649 0.8779736 0.2645609 0.7845121 0.2938887 0.7718014 0.2203555 0.8410468 0.2254826 0.7999695 0.2560464 0.755993 0.2936293 0.7489433 0.2248417 0.7664149 0.2566415 0.727657 0.2933699 0.717052 0.2280308 0.7433432 0.2514992 0.7065843 0.2931105 0.6939651 0.2207218 0.7263142 0.2062409 0.7482109 0.2383001 0.6913405 0.2928512 0.6740215 0.2109407 0.711223 0.2053254 0.6848097 0.2218204 0.6644083 0.1875029 0.7062944 0.1974212 0.7321126 0.1586175 0.6892042 0.1575341 0.6691844 0.09051652 0.6911269 0.1559014 0.7083544 0.1083696 0.7090105 0.04055848 0.7329977 0.1457694 0.7304646 0.1225299 0.7258106 0.06932174 0.742916 0.173785 0.7291523 0.09243915 0.7503777 0.05014114 0.7851987 0.01503014 0.7847562 0.03353933 0.8837873 0.118761 0.7503166 0.06538491 0.8708019 0.1521019 0.9745327 0.08010986 0.7850919 0.1071031 0.7832761 0.1408255 0.7543297 0.09282063 0.8595254 0.1638819 0.7533684 0.1346304 0.7815518 0.1854124 0.7533227 0.1582971 0.7790799 0.1359121 0.8146944 0.2015869 0.7726101 0.1803616 0.7760281 0.2003815 0.802411 0.1578698 0.8111849 0.1794919 0.8083619 0.202121 0.8455939 0.1751278 0.8483863 0.1542992 0.8508736 0.2035553 0.878172 0.1182574 0.8483558 0.1837797 0.8859083 0.1765316 0.9092241 0.167071 0.9289082 0.1601587 0.9514611 0.2166781 0.9486229 0.2435798 0.9689479 0.2413672 0.9470359 0.2107271 0.9271229 0.2365759 0.9326162 0.2085908 0.9055619 0.2316319 0.9174182 0.2295872 0.900206 0.4278477 0.6671397 0.3635462 0.663325 0.4272679 0.6871138 0.4943923 0.6883497 0.3807736 0.6834363 0.2928512 0.6740215 0.4779431 0.7059281 0.5459831 0.7282063 0.4310063 0.7061113 0.3479667 0.6904402 0.2931105 0.6939651 0.5180286 0.739437 0.5732204 0.7790494 0.4647135 0.7226825 0.537789 0.781918 0.5589074 0.8788128 0.4939345 0.7480888 0.524422 0.8678569 0.4435645 0.9725338 0.5066758 0.7828488 0.4692149 0.7476768 0.4422675 0.7279011 0.3995117 0.704509 0.4479744 0.751873 0.4141756 0.7269551 0.3760586 0.7097734 0.3351187 0.7058365 0.2933699 0.717052 0.3902342 0.730312 0.3303578 0.7269245 0.2936293 0.7489433 0.366537 0.7249256 0.3313192 0.755169 0.2938887 0.7718014 0.3594568 0.7420157 0.3816281 0.7465324 0.3630884 0.7649653 0.3235065 0.7839018 0.2945449 0.8097047 0.3875791 0.7711452 0.3269245 0.8375067 0.2953841 0.8684672 0.3635004 0.7996948 0.3392081 0.8676127 0.4029908 0.7515068 0.3664759 0.8465095 0.4249943 0.7510796 0.4201114 0.7755703 0.4538338 0.7793546 0.4799725 0.7812924 0.452369 0.8118105 0.391989 0.8000305 0.4214237 0.8054627 0.3909667 0.8409705 0.4152438 0.8399786 0.4359808 0.8476081 0.4040742 0.8838941 0.3793088 0.8848249 0.469337 0.8448005 0.4158541 0.9056687 0.3773098 0.9087968 0.3595636 0.8824445 0.3586786 0.9041276 0.3407492 0.8940871 0.3138476 0.8904555 0.2955825 0.9034562 0.3400168 0.9127337 0.3068284 0.9136339 0.2961929 0.917113 0.32224 0.9063249 0.3102464 0.9239948 0.3241779 0.9199512 0.2966964 0.9248798 0.3393454 0.9277638 0.3249866 0.9312733 0.3562219 0.9203022 0.3115282 0.9341573 0.3815061 0.9269856 0.3532921 0.9344015 0.3342031 0.9402304 0.4233158 0.9253529 0.3752804 0.9468528 0.3483024 0.9473869 0.4952773 0.8565652 0.43122 0.9485008 0.3494011 0.9677577 0.2973831 0.9845121 0.3264668 0.9582666 0.3162737 0.9452964 0.2970169 0.9611505 0.2968643 0.9456779 0.2967422 0.9342946 0.2798962 0.9341421 0.2754559 0.9454643 0.2656291 0.9587548 0.2812085 0.9238727 0.2961929 0.917113 0.2640421 0.9304799 0.254612 0.939147 0.2435798 0.9689479 0.1521019 0.9745327 0.2413672 0.9470359 0.2495003 0.9263447 0.1601587 0.9514611 0.2365759 0.9326162 0.2166781 0.9486229 0.2107271 0.9271229 0.2316319 0.9174182 0.2650797 0.919356 0.2492714 0.9120013 0.2845808 0.9134661 0.2955825 0.9034562 0.2672465 0.9059281 0.2764782 0.8902571 0.2953841 0.8684672 0.2483558 0.8939345 0.2498817 0.8679942 0.2295872 0.900206 0.2285649 0.8779736 0.2626993 0.8379186 0.2945449 0.8097047 0.2203555 0.8410468 0.2645609 0.7845121 0.2938887 0.7718014 0.2254826 0.7999695 0.2560464 0.755993 0.2936293 0.7489433 0.2248417 0.7664149 0.2566415 0.727657 0.2933699 0.717052 0.2280308 0.7433432 0.2514992 0.7065843 0.2931105 0.6939651 0.2207218 0.7263142 0.2062409 0.7482109 0.2383001 0.6913405 0.2928512 0.6740215 0.2109407 0.711223 0.2053254 0.6848097 0.2218204 0.6644083 0.1875029 0.7062944 0.1974212 0.7321126 0.1586175 0.6892042 0.1575341 0.6691844 0.09051652 0.6911269 0.1559014 0.7083544 0.1083696 0.7090105 0.04055848 0.7329977 0.1457694 0.7304646 0.1225299 0.7258106 0.06932174 0.742916 0.09243915 0.7503777 0.05014114 0.7851987 0.01503014 0.7847562 0.03353933 0.8837873 0.118761 0.7503166 0.06538491 0.8708019 0.08010986 0.7850919 0.09282063 0.8595254 0.1071031 0.7832761 0.167071 0.9289082 0.1182574 0.8483558 0.1765316 0.9092241 0.1408255 0.7543297 0.2085908 0.9055619 0.1837797 0.8859083 0.2035553 0.878172 0.1542992 0.8508736 0.1751278 0.8483863 0.202121 0.8455939 0.1359121 0.8146944 0.1578698 0.8111849 0.1794919 0.8083619 0.2003815 0.802411 0.1803616 0.7760281 0.2015869 0.7726101 0.1854124 0.7533227 0.1582971 0.7790799 0.1638819 0.7533684 0.1346304 0.7815518 0.173785 0.7291523 0.3619135 0.5308919 0.3375296 0.4952316 0.3625391 0.4870833 0.3216602 0.4581521 0.3867552 0.5166247 0.3979095 0.5639582 0.3475395 0.4537117 0.3121233 0.4197909 0.3827115 0.4757916 0.4201724 0.5408865 0.4499275 0.5884489 0.4044556 0.4979324 0.4623484 0.5561303 0.5221637 0.5933318 0.433402 0.5142748 0.3961852 0.4659647 0.5104143 0.5584802 0.4141451 0.4758068 0.4678416 0.5241932 0.4400854 0.486244 0.55346 0.5502709 0.5747311 0.5783932 0.5051957 0.5256122 0.5897002 0.5319905 0.6144503 0.5513695 0.5409476 0.52047 0.5726711 0.5081254 0.6183108 0.507454 0.6435493 0.5199206 0.5989013 0.4908522 0.6391242 0.4790265 0.6641184 0.4863814 0.6776684 0.4514077 0.6182193 0.4690166 0.6517739 0.4473945 0.6856947 0.4151369 0.6039674 0.4602426 0.6586252 0.4139925 0.6889601 0.3778439 0.628275 0.4420081 0.6610819 0.3792019 0.6879377 0.3401541 0.6328069 0.412253 0.6062104 0.4399634 0.5869688 0.4704051 0.5833066 0.4447547 0.5623713 0.4818341 0.5580224 0.4526589 0.5337301 0.4904097 0.5298848 0.4589303 0.502266 0.4937056 0.500145 0.46215 0.4700542 0.4929579 0.4701305 0.4607614 0.498619 0.4280308 0.441413 0.4558938 0.469276 0.4269016 0.5278859 0.4256352 0.4975357 0.3922789 0.5562981 0.421088 0.5266804 0.390692 0.5830167 0.4158083 0.5553063 0.387686 0.6080568 0.4122225 0.5826047 0.3843137 0.6344701 0.3799344 0.6088808 0.3812467 0.6598001 0.3439994 0.6334325 0.3467308 0.6564889 0.3090867 0.6832075 0.3027237 0.6080873 0.3488823 0.6491951 0.2754101 0.6740368 0.2665141 0.6302434 0.3141375 0.6250553 0.282887 0.6053254 0.3173266 0.5820401 0.3512779 0.601236 0.2875258 0.5544213 0.3534294 0.5796139 0.3189746 0.5258564 0.3549096 0.5528497 0.319173 0.5771267 0.28748 0.596582 0.2602274 0.616968 0.2542763 0.5747158 0.258732 0.6378424 0.2436866 0.6603647 0.232227 0.5922484 0.2405738 0.604181 0.2293889 0.6214542 0.2148318 0.6417792 0.200412 0.6172427 0.1716335 0.5985046 0.1907836 0.5860838 0.146685 0.5839475 0.2112154 0.5699397 0.1716335 0.5479362 0.1276265 0.575555 0.2332494 0.5586786 0.1981232 0.5367056 0.1584497 0.5037461 0.1183184 0.5297627 0.1888914 0.5521935 0.225391 0.5004196 0.1531853 0.5506371 0.2542458 0.4987259 0.1860533 0.4631876 0.1549096 0.4561074 0.1218891 0.4976577 0.2160525 0.4286717 0.1657587 0.4149691 0.1381399 0.4672923 0.1865568 0.3989319 0.1842069 0.3816434 0.1629969 0.4379034 0.1940795 0.375021 0.2087281 0.3556573 0.1929198 0.3362478 0.2266117 0.4121462 0.2063478 0.3913939 0.2246128 0.3579766 0.238941 0.3220722 0.2628061 0.4027161 0.2367132 0.3462272 0.2723125 0.3127642 0.3010452 0.3781338 0.2504768 0.3388724 0.307805 0.3082628 0.3405661 0.3697261 0.2803998 0.3979858 0.2571145 0.4194247 0.2296636 0.4195316 0.2561074 0.4428626 0.2225528 0.4434119 0.2522317 0.4694743 0.2177463 0.4696116 0.2496223 0.4969711 0.2480354 0.5257649 0.2193332 0.5243305 0.2507362 0.4966049 0.2825971 0.5242695 0.2838483 0.4690013 0.2831616 0.4965438 0.3186542 0.5514 0.2856336 0.5248951 0.3190356 0.4968032 0.3556268 0.4683146 0.3187915 0.4684215 0.3914397 0.4679332 0.3551537 0.4420996 0.2843824 0.4406348 0.3187457 0.4167239 0.2858167 0.3930571 0.2855268 0.4142672 0.3183948 0.4396429 0.3538873 0.3890135 0.3165789 0.3646143 0.3131762 0.4123598 0.3518578 0.3867399 0.3495231 0.3618067 0.3473869 0.3867857 0.3833371 0.4127871 0.3861143 0.4399023 0.3890593 0.3889219 0.415732 0.4406958 0.4233615 0.4138857 0.4188144 0.4155337 0.4489052 0.392401 0.4447547 0.3706416 0.4475319 0.364477 0.4162661 0.3390097 0.4184634 0.3078508 0.3803769 0.3353781 0.381735 0.3615778 0.3822843 0.3359274 0.3445945 0.4168612 0.6180209 0.5354849 0.6172274 0.5688258 0.6369421 0.5221637 0.5933318 0.4499275 0.5884489 0.4168612 0.6180209 0.3979095 0.5639582 0.3351797 0.575845 0.2530556 0.6077516 0.5221637 0.5933318 0.5747311 0.5783932 0.6144503 0.5513695 0.6365148 0.5735409 0.6144503 0.5513695 0.6435493 0.5199206 0.695613 0.587747 0.5688258 0.6369421 0.730251 0.6336156 0.6980392 0.5052568 0.6641184 0.4863814 0.7934081 0.5515068 0.8086519 0.6030976 0.7452659 0.5374228 0.845365 0.5202716 0.8713817 0.5570306 0.7971466 0.4841077 0.7701381 0.4590219 0.7178149 0.447013 0.6776684 0.4514077 0.6856947 0.4151369 0.8713817 0.5570306 0.9293202 0.4842145 0.879057 0.4679332 0.9155413 0.3735256 0.9719997 0.3583734 0.9584039 0.2417334 0.8320592 0.4383917 0.872343 0.4030365 0.8171969 0.3973907 0.7576562 0.4077668 0.8442206 0.323888 0.7918059 0.3603418 0.7318532 0.3724117 0.6856947 0.4151369 0.6889601 0.3778439 0.7307698 0.3319295 0.6879377 0.3401541 0.6879377 0.3401541 0.6832075 0.3027237 0.7697108 0.301854 0.7161974 0.2655375 0.6740368 0.2665141 0.7982299 0.2977798 0.6740368 0.2665141 0.6475929 0.2103609 0.757702 0.2191348 0.6956741 0.2176089 0.657023 0.1780576 0.8165103 0.2542306 0.6931258 0.1545281 0.6475929 0.2103609 0.6172427 0.1716335 0.6237125 0.1169909 0.5860838 0.146685 0.7424887 0.1525444 0.7009384 0.08455026 0.786984 0.1721523 0.8442359 0.2187381 0.7791104 0.09773403 0.903975 0.2933089 0.8895857 0.2124666 0.9048448 0.139086 0.8263524 0.1357901 0.8506294 0.08767831 0.7556267 0.04325932 0.7556267 0.04325932 0.6341497 0.02873272 0.5890593 0.08305484 0.5860838 0.146685 0.5479362 0.1276265 0.4725567 0.0523842 0.4898909 0.08331424 0.4888533 0.1194324 0.4888533 0.1194324 0.4149691 0.1381399 0.3788968 0.1039597 0.4149691 0.1381399 0.3816434 0.1629969 0.3416342 0.1689174 0.3495995 0.2034485 0.289189 0.07660031 0.3299153 0.01432824 0.2219272 0.04083312 0.305333 0.1452964 0.3495995 0.2034485 0.2962234 0.2231632 0.2088045 0.09579617 0.1342184 0.0905928 0.2437629 0.1469139 0.1641871 0.135729 0.08413824 0.1428245 0.2392462 0.2146487 0.1993591 0.1811398 0.1035782 0.2133974 0.03457695 0.2433661 0.09076066 0.2928817 0.1504997 0.2179599 0.3495995 0.2034485 0.3220722 0.2628061 0.1797665 0.2524758 0.2727093 0.2897841 0.3127642 0.3010452 0.2154269 0.2756085 0.26598 0.331838 0.3127642 0.3010452 0.3082628 0.3405661 0.3078508 0.3803769 0.2651713 0.3743649 0.2222934 0.3430839 0.193698 0.3338521 0.1516747 0.3231861 0.1785153 0.3979858 0.07789731 0.3712673 0.03457695 0.2433661 0.021149 0.3558556 0.05806058 0.4775616 0.1214923 0.4014954 0.11075 0.4642558 0.1617304 0.4382696 0.239353 0.4107271 0.2158999 0.4438087 0.1879148 0.4753948 0.1419089 0.51841 0.09140154 0.5262989 0.132311 0.5601282 0.1907378 0.5962615 0.2003662 0.52018 0.2315404 0.5692226 0.2530556 0.6077516 0.2405585 0.503212 0.3979095 0.5639582 0.3619135 0.5308919 0.2803693 0.452781 0.3018235 0.5140612 0.3375296 0.4952316 0.3375296 0.4952316 0.3216602 0.4581521 0.3121233 0.4197909 0.3078508 0.3803769 0.3216602 0.4581521 0.6776684 0.4514077 0.6641184 0.4863814 0.6391242 0.4790265 0.6517739 0.4473945 0.6641184 0.4863814 0.6435493 0.5199206 0.6856947 0.4151369 0.6776684 0.4514077 0.6183108 0.507454 0.6144503 0.5513695 0.5897002 0.5319905 0.6008087 0.4686046 0.5989013 0.4908522 0.6144503 0.5513695 0.5747311 0.5783932 0.5726711 0.5081254 0.55346 0.5502709 0.5221637 0.5933318 0.5104143 0.5584802 0.5409476 0.52047 0.5623713 0.4818341 0.5337301 0.4904097 0.5457084 0.4554055 0.5051957 0.5256122 0.4678416 0.5241932 0.502266 0.4937056 0.4623484 0.5561303 0.5221637 0.5933318 0.4499275 0.5884489 0.500145 0.46215 0.4700542 0.4929579 0.3979095 0.5639582 0.4201724 0.5408865 0.433402 0.5142748 0.4400854 0.486244 0.4539711 0.45803 0.4001068 0.4745708 0.4044556 0.4979324 0.3867552 0.5166247 0.3979095 0.5639582 0.3619135 0.5308919 0.3625391 0.4870833 0.3375296 0.4952316 0.3375296 0.4952316 0.3216602 0.4581521 0.3619745 0.4498512 0.3121233 0.4197909 0.3390097 0.4184634 0.4019074 0.4319524 0.364477 0.4162661 0.3121233 0.4197909 0.3078508 0.3803769 0.3353781 0.381735 0.3082628 0.3405661 0.3359274 0.3445945 0.3757534 0.3828641 0.3742733 0.348455 0.4127871 0.3861143 0.3388724 0.307805 0.3082628 0.3405661 0.3127642 0.3010452 0.4123598 0.3518578 0.3220722 0.2628061 0.3462272 0.2723125 0.3646143 0.3131762 0.3697261 0.2803998 0.3890135 0.3165789 0.3824064 0.2368963 0.3220722 0.2628061 0.3495995 0.2034485 0.375021 0.2087281 0.3495995 0.2034485 0.3816434 0.1629969 0.3989319 0.1842069 0.4149691 0.1381399 0.4286717 0.1657587 0.4121462 0.2063478 0.4311437 0.2261082 0.4149691 0.1381399 0.4888533 0.1194324 0.4379034 0.1940795 0.4631876 0.1549096 0.5004196 0.1531853 0.4672923 0.1865568 0.4987259 0.1860533 0.4694743 0.2177463 0.4976577 0.2160525 0.5367056 0.1584497 0.4888533 0.1194324 0.5479362 0.1276265 0.5297627 0.1888914 0.5699397 0.1716335 0.5860838 0.146685 0.5257649 0.2193332 0.5586786 0.1981232 0.5839475 0.2112154 0.4969711 0.2480354 0.5638819 0.2293279 0.5391165 0.2527199 0.4548867 0.2510872 0.4966049 0.2825971 0.4101015 0.25655 0.4538796 0.2838483 0.406363 0.2856794 0.4824292 0.3187305 0.4142672 0.3183948 0.4406348 0.3187457 0.4396429 0.3538873 0.4823682 0.3553979 0.4399023 0.3890593 0.4532082 0.424918 0.4829786 0.3918669 0.498619 0.4280308 0.543862 0.4230716 0.5266804 0.390692 0.5959259 0.4280766 0.5553063 0.387686 0.5258564 0.3549096 0.5248951 0.3190356 0.5544213 0.3534294 0.5395285 0.2848554 0.5528497 0.319173 0.5842832 0.2593881 0.5876707 0.2874953 0.5796139 0.3189746 0.5826047 0.3843137 0.5820401 0.3512779 0.6053254 0.3173266 0.6250553 0.282887 0.6200809 0.3806668 0.6207675 0.3477989 0.6302434 0.3141375 0.6564889 0.3090867 0.6598001 0.3439994 0.6328069 0.412253 0.6879377 0.3401541 0.6832075 0.3027237 0.6610819 0.3792019 0.6889601 0.3778439 0.628275 0.4420081 0.6586252 0.4139925 0.6889601 0.3778439 0.6491951 0.2754101 0.6832075 0.3027237 0.6740368 0.2665141 0.6130007 0.2412452 0.6475929 0.2103609 0.5985046 0.1907836 0.5860838 0.146685 0.6172427 0.1716335 0.6214542 0.2148318 0.6475929 0.2103609 0.2095064 0.6942397 0.2218204 0.6644083 0.2928512 0.6740215 0.2931716 0.699733 0.2534218 0.7144884 0.2936599 0.7517967 0.2360266 0.7895781 0.2936599 0.7517967 0.2945449 0.8097047 0.2158389 0.718761 0.2953841 0.8684672 0.2496986 0.882826 0.2945449 0.8097047 0.2262303 0.7563134 0.1988098 0.7400473 0.2007477 0.7931029 0.2169375 0.8419013 0.1688411 0.801709 0.147097 0.7394522 0.1660182 0.8494698 0.145037 0.7013352 0.2218204 0.6644083 0.1324025 0.6774091 0.1318837 0.8025025 0.1206378 0.7380636 0.1324025 0.6774091 0.03257801 0.7491722 0.09359884 0.7841764 0.07067979 0.7645686 0.03353933 0.8837873 0.07910277 0.8651713 0.1729763 0.9166095 0.1988251 0.8934463 0.1601587 0.9514611 0.2290837 0.8890975 0.03353933 0.8837873 0.1521019 0.9745327 0.2564889 0.9133898 0.2435798 0.9689479 0.2973831 0.9845121 0.2133364 0.9365225 0.2450294 0.9241169 0.2454719 0.9385214 0.2879225 0.9480583 0.2863203 0.9308766 0.3365072 0.962417 0.4435645 0.9725338 0.2820935 0.9181201 0.2955825 0.9034562 0.2961929 0.917113 0.3243915 0.9348897 0.3107958 0.9195544 0.2961929 0.917113 0.2955825 0.9034562 0.3369955 0.9038224 0.2953841 0.8684672 0.357702 0.93991 0.3560235 0.8521401 0.2945449 0.8097047 0.3686885 0.9098497 0.3694362 0.8836347 0.43122 0.9485008 0.4181888 0.9118181 0.4040742 0.8838941 0.5098497 0.862211 0.5589074 0.8788128 0.442237 0.8470741 0.4131991 0.8261387 0.5207446 0.7601587 0.5544976 0.7440909 0.491661 0.7819791 0.4531929 0.7935607 0.4545358 0.7330892 0.4352331 0.6977798 0.4528115 0.6750897 0.3635462 0.663325 0.3777676 0.693782 0.2928512 0.6740215 0.2931716 0.699733 0.4195773 0.7390097 0.4136873 0.7665522 0.3801328 0.7280689 0.3333333 0.7137407 0.2936599 0.7517967 0.3900664 0.7873961 0.3617304 0.7563592 0.3547265 0.7912565 0.2945449 0.8097047 0.2218204 0.6644083 0.2108339 0.7014573 0.2928512 0.6740215 0.2931716 0.699733 0.232517 0.7262837 0.2936599 0.7517967 0.2294499 0.7829709 0.2936599 0.7517967 0.2945449 0.8097047 0.1988098 0.7400473 0.2953841 0.8684672 0.2496986 0.882826 0.2945449 0.8097047 0.2820935 0.9181201 0.2955825 0.9034562 0.2961929 0.917113 0.2863203 0.9308766 0.2564889 0.9133898 0.2290837 0.8890975 0.2169375 0.8419013 0.2450294 0.9241169 0.2007477 0.7931029 0.1988251 0.8934463 0.1688411 0.801709 0.1660182 0.8494698 0.147097 0.7394522 0.1318837 0.8025025 0.1729763 0.9166095 0.2133364 0.9365225 0.2454719 0.9385214 0.1601587 0.9514611 0.2435798 0.9689479 0.2879225 0.9480583 0.07910277 0.8651713 0.1521019 0.9745327 0.03353933 0.8837873 0.2973831 0.9845121 0.09359884 0.7841764 0.3365072 0.962417 0.4435645 0.9725338 0.07067979 0.7645686 0.03353933 0.8837873 0.03257801 0.7491722 0.1206378 0.7380636 0.145037 0.7013352 0.1324025 0.6774091 0.2218204 0.6644083 0.1324025 0.6774091 0.3243915 0.9348897 0.3107958 0.9195544 0.2961929 0.917113 0.2955825 0.9034562 0.3369955 0.9038224 0.2953841 0.8684672 0.357702 0.93991 0.3560235 0.8521401 0.2945449 0.8097047 0.3686885 0.9098497 0.3694362 0.8836347 0.43122 0.9485008 0.4181888 0.9118181 0.4040742 0.8838941 0.5098497 0.862211 0.5589074 0.8788128 0.4484016 0.816968 0.4131991 0.8261387 0.5207446 0.7601587 0.5544976 0.7440909 0.491661 0.7819791 0.4352331 0.6977798 0.4528115 0.6750897 0.3635462 0.663325 0.4545358 0.7330892 0.3777676 0.693782 0.2928512 0.6740215 0.2931716 0.699733 0.4195773 0.7390097 0.4136873 0.7665522 0.3801328 0.7280689 0.3333333 0.7137407 0.2936599 0.7517967 0.3900664 0.7873961 0.3617304 0.7563592 0.3547265 0.7912565 0.2945449 0.8097047</float_array>
          <technique_common>
            <accessor source="#BodyM__BodyC-texcoord-array_1" count="1272" stride="2">
              <param name="S" type="float" />
              <param name="T" type="float" />
            </accessor>
          </technique_common>
        </source>
        <vertices id="BodyM__BodyC-vertex">
          <input semantic="POSITION" source="#BodyM__BodyC-position" />
        </vertices>
        <triangles material="BodyC" count="1420">
          <input semantic="VERTEX" source="#BodyM__BodyC-vertex" offset="0" />
          <input semantic="NORMAL" source="#BodyM__BodyC-normal" offset="1" />
          <input semantic="TEXCOORD" source="#BodyM__BodyC-texcoord" offset="2" set="0" />
          <input semantic="TEXCOORD" source="#BodyM__BodyC-texcoord_1" offset="3" set="1" />
          <p>0 0 0 0 1 1 1 1 2 2 2 2 1 1 1 1 3 3 3 3 2 2 2 2 4 4 4 4 3 3 3 3 1 1 1 1 4 4 4 4 5 5 5 5 3 3 3 3 5 5 5 5 6 6 6 6 3 3 3 3 5 5 5 5 7 7 7 7 6 6 6 6 7 7 7 7 8 8 8 8 6 6 6 6 9 9 9 9 5 5 5 5 4 4 4 4 7 7 7 7 10 10 10 10 8 8 8 8 10 10 10 10 11 11 11 11 8 8 8 8 11 11 11 11 10 10 10 10 12 12 12 12 13 13 13 13 7 7 7 7 5 5 5 5 9 9 9 9 13 13 13 13 5 5 5 5 14 14 14 14 10 10 10 10 7 7 7 7 13 13 13 13 14 14 14 14 7 7 7 7 10 10 10 10 15 15 15 15 12 12 12 12 10 10 10 10 14 14 14 14 15 15 15 15 12 12 12 12 15 15 15 15 16 16 16 16 17 17 17 17 14 14 14 14 13 13 13 13 15 15 15 15 18 18 18 18 16 16 16 16 16 16 16 16 18 18 18 18 19 19 19 19 14 14 14 14 20 20 20 20 15 15 15 15 15 15 15 15 20 20 20 20 18 18 18 18 14 14 14 14 17 17 17 17 20 20 20 20 18 18 18 18 21 21 21 21 19 19 19 19 19 19 19 19 21 21 21 21 22 22 22 22 20 20 20 20 23 23 23 23 18 18 18 18 18 18 18 18 23 23 23 23 21 21 21 21 17 17 17 17 24 24 24 24 20 20 20 20 20 20 20 20 24 24 24 24 23 23 23 23 25 25 25 25 17 17 17 17 13 13 13 13 25 25 25 25 13 13 13 13 9 9 9 9 17 17 17 17 26 26 26 26 24 24 24 24 26 26 26 26 17 17 17 17 25 25 25 25 24 24 24 24 27 27 27 27 23 23 23 23 26 26 26 26 28 28 28 28 24 24 24 24 24 24 24 24 28 28 28 28 27 27 27 27 29 29 29 29 26 26 26 26 25 25 25 25 23 23 23 23 27 27 27 27 30 30 30 30 23 23 23 23 30 30 30 30 21 21 21 21 26 26 26 26 29 29 29 29 31 31 31 31 28 28 28 28 26 26 26 26 31 31 31 31 29 29 29 29 25 25 25 25 32 32 32 32 32 32 32 32 25 25 25 25 9 9 9 9 31 31 31 31 29 29 29 29 33 33 33 33 32 32 32 32 9 9 9 9 34 34 34 34 34 34 34 34 9 9 9 9 4 4 4 4 35 35 35 35 29 29 29 29 32 32 32 32 29 29 29 29 35 35 35 35 33 33 33 33 36 36 36 36 32 32 32 32 34 34 34 34 35 35 35 35 32 32 32 32 36 36 36 36 34 34 34 34 4 4 4 4 37 37 37 37 37 37 37 37 4 4 4 4 1 1 1 1 36 36 36 36 34 34 34 34 38 38 38 38 38 38 38 38 34 34 34 34 37 37 37 37 39 39 39 39 35 35 35 35 36 36 36 36 40 40 40 40 38 38 38 38 37 37 37 37 41 41 41 41 40 40 40 40 37 37 37 37 41 41 41 41 37 37 37 37 1 1 1 1 40 40 40 40 42 42 42 42 38 38 38 38 43 43 43 43 41 41 41 41 1 1 1 1 43 43 43 43 1 1 1 1 44 44 44 44 1 1 1 1 45 45 45 45 44 44 44 44 44 44 44 44 45 45 45 45 46 46 46 46 42 42 42 42 47 47 47 47 38 38 38 38 47 47 47 47 36 36 36 36 38 38 38 38 39 39 39 39 36 36 36 36 47 47 47 47 42 42 42 42 48 48 48 48 47 47 47 47 49 49 49 49 39 39 39 39 47 47 47 47 48 48 48 48 49 49 49 49 47 47 47 47 50 50 50 50 49 49 49 49 48 48 48 48 39 39 39 39 49 49 49 49 50 50 50 50 51 51 51 51 50 50 50 50 48 48 48 48 52 52 52 52 39 39 39 39 50 50 50 50 35 35 35 35 39 39 39 39 52 52 52 52 33 33 33 33 35 35 35 35 52 52 52 52 53 53 53 53 50 50 50 50 51 51 51 51 52 52 52 52 50 50 50 50 53 53 53 53 54 54 54 54 53 53 53 53 51 51 51 51 33 33 33 33 52 52 52 52 55 55 55 55 55 55 55 55 52 52 52 52 53 53 53 53 56 56 56 56 53 53 53 53 54 54 54 54 55 55 55 55 53 53 53 53 56 56 56 56 57 57 57 57 56 56 56 56 54 54 54 54 58 58 58 58 33 33 33 33 55 55 55 55 31 31 31 31 33 33 33 33 58 58 58 58 59 59 59 59 55 55 55 55 56 56 56 56 58 58 58 58 55 55 55 55 59 59 59 59 60 60 60 60 56 56 56 56 57 57 57 57 59 59 59 59 56 56 56 56 60 60 60 60 61 61 61 61 60 60 60 60 57 57 57 57 60 60 60 60 61 61 61 61 62 62 62 62 63 63 63 63 31 31 31 31 58 58 58 58 28 28 28 28 31 31 31 31 63 63 63 63 64 64 64 64 58 58 58 58 59 59 59 59 63 63 63 63 58 58 58 58 64 64 64 64 65 65 65 65 59 59 59 59 60 60 60 60 64 64 64 64 59 59 59 59 65 65 65 65 66 66 66 66 60 60 60 60 62 62 62 62 65 65 65 65 60 60 60 60 66 66 66 66 66 66 66 66 62 62 62 62 67 67 67 67 68 68 68 68 28 28 28 28 63 63 63 63 28 28 28 28 68 68 68 68 27 27 27 27 69 69 69 69 63 63 63 63 64 64 64 64 68 68 68 68 63 63 63 63 69 69 69 69 27 27 27 27 68 68 68 68 70 70 70 70 27 27 27 27 70 70 70 70 30 30 30 30 71 71 71 71 68 68 68 68 69 69 69 69 68 68 68 68 71 71 71 71 70 70 70 70 69 69 69 69 64 64 64 64 72 72 72 72 72 72 72 72 64 64 64 64 65 65 65 65 71 71 71 71 69 69 69 69 73 73 73 73 73 73 73 73 69 69 69 69 72 72 72 72 70 70 70 70 71 71 71 71 74 74 74 74 75 75 75 75 71 71 71 71 73 73 73 73 71 71 71 71 75 75 75 75 74 74 74 74 76 76 76 76 75 75 75 75 73 73 73 73 75 75 75 75 76 76 76 76 74 74 74 74 77 77 77 77 73 73 73 73 72 72 72 72 77 77 77 77 76 76 76 76 73 73 73 73 70 70 70 70 74 74 74 74 78 78 78 78 30 30 30 30 70 70 70 70 78 78 78 78 76 76 76 76 79 79 79 79 74 74 74 74 74 74 74 74 79 79 79 79 78 78 78 78 30 30 30 30 78 78 78 78 80 80 80 80 21 21 21 21 30 30 30 30 80 80 80 80 21 21 21 21 80 80 80 80 22 22 22 22 78 78 78 78 81 81 81 81 80 80 80 80 79 79 79 79 81 81 81 81 78 78 78 78 80 80 80 80 82 82 82 82 22 22 22 22 81 81 81 81 82 82 82 82 80 80 80 80 82 82 82 82 83 83 83 83 22 22 22 22 79 79 79 79 84 84 84 84 81 81 81 81 82 82 82 82 85 85 85 85 83 83 83 83 85 85 85 85 86 86 86 86 83 83 83 83 81 81 81 81 87 87 87 87 82 82 82 82 87 87 87 87 85 85 85 85 82 82 82 82 84 84 84 84 87 87 87 87 81 81 81 81 85 85 85 85 88 88 88 88 86 86 86 86 88 88 88 88 89 89 89 89 86 86 86 86 87 87 87 87 90 90 90 90 85 85 85 85 90 90 90 90 88 88 88 88 85 85 85 85 88 88 88 88 91 91 91 91 89 89 89 89 91 91 91 91 92 92 92 92 89 89 89 89 92 92 92 92 91 91 91 91 93 93 93 93 94 94 94 94 91 91 91 91 88 88 88 88 90 90 90 90 94 94 94 94 88 88 88 88 91 91 91 91 95 95 95 95 93 93 93 93 91 91 91 91 94 94 94 94 95 95 95 95 93 93 93 93 95 95 95 95 96 96 96 96 97 97 97 97 94 94 94 94 90 90 90 90 94 94 94 94 98 98 98 98 95 95 95 95 94 94 94 94 97 97 97 97 98 98 98 98 95 95 95 95 99 99 99 99 96 96 96 96 95 95 95 95 98 98 98 98 99 99 99 99 99 99 99 99 100 100 100 100 96 96 96 96 100 100 100 100 101 101 101 101 96 96 96 96 98 98 98 98 102 102 102 102 99 99 99 99 99 99 99 99 102 102 102 102 100 100 100 100 97 97 97 97 103 103 103 103 98 98 98 98 98 98 98 98 103 103 103 103 102 102 102 102 104 104 104 104 97 97 97 97 90 90 90 90 104 104 104 104 90 90 90 90 87 87 87 87 84 84 84 84 104 104 104 104 87 87 87 87 105 105 105 105 97 97 97 97 104 104 104 104 97 97 97 97 105 105 105 105 103 103 103 103 106 106 106 106 104 104 104 104 84 84 84 84 106 106 106 106 105 105 105 105 104 104 104 104 107 107 107 107 106 106 106 106 84 84 84 84 107 107 107 107 84 84 84 84 79 79 79 79 76 76 76 76 107 107 107 107 79 79 79 79 107 107 107 107 76 76 76 76 77 77 77 77 106 106 106 106 107 107 107 107 108 108 108 108 108 108 108 108 107 107 107 107 77 77 77 77 105 105 105 105 106 106 106 106 109 109 109 109 109 109 109 109 106 106 106 106 108 108 108 108 108 108 108 108 77 77 77 77 110 110 110 110 110 110 110 110 77 77 77 77 72 72 72 72 110 110 110 110 72 72 72 72 65 65 65 65 111 111 111 111 108 108 108 108 110 110 110 110 109 109 109 109 108 108 108 108 111 111 111 111 112 112 112 112 110 110 110 110 65 65 65 65 111 111 111 111 110 110 110 110 112 112 112 112 112 112 112 112 65 65 65 65 66 66 66 66 113 113 113 113 111 111 111 111 112 112 112 112 113 113 113 113 112 112 112 112 66 66 66 66 114 114 114 114 109 109 109 109 111 111 111 111 114 114 114 114 111 111 111 111 113 113 113 113 115 115 115 115 105 105 105 105 109 109 109 109 115 115 115 115 109 109 109 109 114 114 114 114 105 105 105 105 115 115 115 115 103 103 103 103 116 116 116 116 113 113 113 113 66 66 66 66 116 116 116 116 66 66 66 66 67 67 67 67 116 116 116 116 67 67 67 67 117 117 117 117 103 103 103 103 115 115 115 115 118 118 118 118 103 103 103 103 118 118 118 118 102 102 102 102 119 119 119 119 116 116 116 116 117 117 117 117 119 119 119 119 117 117 117 117 120 120 120 120 121 121 121 121 113 113 113 113 116 116 116 116 119 119 119 119 121 121 121 121 116 116 116 116 121 121 121 121 114 114 114 114 113 113 113 113 122 122 122 122 119 119 119 119 120 120 120 120 121 121 121 121 119 119 119 119 122 122 122 122 123 123 123 123 115 115 115 115 114 114 114 114 123 123 123 123 114 114 114 114 121 121 121 121 115 115 115 115 123 123 123 123 118 118 118 118 124 124 124 124 121 121 121 121 122 122 122 122 124 124 124 124 123 123 123 123 121 121 121 121 122 122 122 122 120 120 120 120 125 125 125 125 124 124 124 124 122 122 122 122 125 125 125 125 120 120 120 120 126 126 126 126 125 125 125 125 123 123 123 123 124 124 124 124 127 127 127 127 127 127 127 127 124 124 124 124 125 125 125 125 118 118 118 118 123 123 123 123 127 127 127 127 125 125 125 125 126 126 126 126 128 128 128 128 127 127 127 127 125 125 125 125 128 128 128 128 126 126 126 126 129 129 129 129 128 128 128 128 118 118 118 118 127 127 127 127 130 130 130 130 130 130 130 130 127 127 127 127 128 128 128 128 102 102 102 102 118 118 118 118 130 130 130 130 102 102 102 102 130 130 130 130 100 100 100 100 130 130 130 130 128 128 128 128 100 100 100 100 128 128 128 128 129 129 129 129 131 131 131 131 128 128 128 128 131 131 131 131 100 100 100 100 129 129 129 129 132 132 132 132 131 131 131 131 100 100 100 100 131 131 131 131 101 101 101 101 131 131 131 131 132 132 132 132 133 133 133 133 131 131 131 131 133 133 133 133 101 101 101 101 132 132 132 132 134 134 134 134 133 133 133 133 133 133 133 133 134 134 134 134 135 135 135 135 101 101 101 101 133 133 133 133 136 136 136 136 136 136 136 136 133 133 133 133 135 135 135 135 136 136 136 136 135 135 135 135 137 137 137 137 138 138 138 138 101 101 101 101 136 136 136 136 139 139 139 139 136 136 136 136 137 137 137 137 138 138 138 138 136 136 136 136 139 139 139 139 139 139 139 139 137 137 137 137 140 140 140 140 141 141 141 141 142 142 142 142 138 138 138 138 143 143 143 143 139 139 139 139 140 140 140 140 143 143 143 143 140 140 140 140 144 144 144 144 145 145 145 145 138 138 138 138 139 139 139 139 139 139 139 139 143 143 143 143 146 146 146 146 145 145 145 145 139 139 139 139 146 146 146 146 147 147 147 147 143 143 143 143 144 144 144 144 138 138 138 138 145 145 145 145 148 148 148 148 143 143 143 143 147 147 147 147 149 149 149 149 146 146 146 146 143 143 143 143 149 149 149 149 147 147 147 147 144 144 144 144 150 150 150 150 144 144 144 144 151 151 151 151 150 150 150 150 149 149 149 149 147 147 147 147 152 152 152 152 147 147 147 147 150 150 150 150 152 152 152 152 150 150 150 150 151 151 151 151 153 153 153 153 150 150 150 150 153 153 153 153 152 152 152 152 151 151 151 151 154 154 154 154 153 153 153 153 149 149 149 149 152 152 152 152 155 155 155 155 146 146 146 146 149 149 149 149 155 155 155 155 153 153 153 153 154 154 154 154 156 156 156 156 154 154 154 154 157 157 157 157 156 156 156 156 153 153 153 153 158 158 158 158 152 152 152 152 153 153 153 153 156 156 156 156 158 158 158 158 152 152 152 152 159 159 159 159 155 155 155 155 152 152 152 152 158 158 158 158 159 159 159 159 160 160 160 160 146 146 146 146 155 155 155 155 145 145 145 145 146 146 146 146 160 160 160 160 148 148 148 148 145 145 145 145 160 160 160 160 160 160 160 160 155 155 155 155 161 161 161 161 155 155 155 155 159 159 159 159 161 161 161 161 148 148 148 148 160 160 160 160 162 162 162 162 162 162 162 162 160 160 160 160 161 161 161 161 159 159 159 159 163 163 163 163 161 161 161 161 162 162 162 162 161 161 161 161 164 164 164 164 161 161 161 161 163 163 163 163 164 164 164 164 165 165 165 165 148 148 148 148 162 162 162 162 159 159 159 159 166 166 166 166 163 163 163 163 158 158 158 158 166 166 166 166 159 159 159 159 167 167 167 167 148 148 148 148 165 165 165 165 167 167 167 167 138 138 138 138 148 148 148 148 167 167 167 167 141 141 141 141 138 138 138 138 141 141 141 141 167 167 167 167 168 168 168 168 168 168 168 168 167 167 167 167 165 165 165 165 169 169 169 169 141 141 141 141 168 168 168 168 165 165 165 165 162 162 162 162 170 170 170 170 170 170 170 170 162 162 162 162 164 164 164 164 168 168 168 168 165 165 165 165 171 171 171 171 171 171 171 171 165 165 165 165 170 170 170 170 169 169 169 169 168 168 168 168 172 172 172 172 172 172 172 172 168 168 168 168 171 171 171 171 173 173 173 173 169 169 169 169 172 172 172 172 174 174 174 174 173 173 173 173 172 172 172 172 175 175 175 175 174 174 174 174 172 172 172 172 175 175 175 175 172 172 172 172 171 171 171 171 176 176 176 176 174 174 174 174 175 175 175 175 177 177 177 177 175 175 175 175 171 171 171 171 177 177 177 177 171 171 171 171 170 170 170 170 178 178 178 178 176 176 176 176 175 175 175 175 178 178 178 178 175 175 175 175 177 177 177 177 179 179 179 179 176 176 176 176 178 178 178 178 180 180 180 180 177 177 177 177 170 170 170 170 180 180 180 180 170 170 170 170 164 164 164 164 181 181 181 181 178 178 178 178 177 177 177 177 181 181 181 181 177 177 177 177 180 180 180 180 182 182 182 182 179 179 179 179 178 178 178 178 182 182 182 182 178 178 178 178 181 181 181 181 183 183 183 183 179 179 179 179 182 182 182 182 184 184 184 184 180 180 180 180 164 164 164 164 163 163 163 163 184 184 184 184 164 164 164 164 185 185 185 185 181 181 181 181 180 180 180 180 185 185 185 185 180 180 180 180 184 184 184 184 186 186 186 186 182 182 182 182 181 181 181 181 186 186 186 186 181 181 181 181 185 185 185 185 187 187 187 187 183 183 183 183 182 182 182 182 187 187 187 187 182 182 182 182 186 186 186 186 183 183 183 183 187 187 187 187 188 188 188 188 189 189 189 189 183 183 183 183 188 188 188 188 190 190 190 190 187 187 187 187 186 186 186 186 189 189 189 189 188 188 188 188 191 191 191 191 192 192 192 192 189 189 189 189 191 191 191 191 188 188 188 188 187 187 187 187 193 193 193 193 187 187 187 187 190 190 190 190 193 193 193 193 191 191 191 191 188 188 188 188 194 194 194 194 188 188 188 188 193 193 193 193 194 194 194 194 192 192 192 192 191 191 191 191 195 195 195 195 196 196 196 196 192 192 192 192 195 195 195 195 191 191 191 191 194 194 194 194 197 197 197 197 195 195 195 195 191 191 191 191 197 197 197 197 196 196 196 196 195 195 195 195 198 198 198 198 199 199 199 199 196 196 196 196 198 198 198 198 200 200 200 200 199 199 199 199 198 198 198 198 198 198 198 198 195 195 195 195 201 201 201 201 195 195 195 195 197 197 197 197 201 201 201 201 202 202 202 202 200 200 200 200 198 198 198 198 202 202 202 202 198 198 198 198 201 201 201 201 203 203 203 203 200 200 200 200 202 202 202 202 201 201 201 201 197 197 197 197 204 204 204 204 205 205 205 205 203 203 203 203 202 202 202 202 206 206 206 206 203 203 203 203 205 205 205 205 207 207 207 207 202 202 202 202 201 201 201 201 205 205 205 205 202 202 202 202 207 207 207 207 207 207 207 207 201 201 201 201 204 204 204 204 208 208 208 208 206 206 206 206 205 205 205 205 209 209 209 209 205 205 205 205 207 207 207 207 208 208 208 208 205 205 205 205 209 209 209 209 210 210 210 210 207 207 207 207 204 204 204 204 209 209 209 209 207 207 207 207 210 210 210 210 211 211 211 211 208 208 208 208 209 209 209 209 45 45 45 45 208 208 208 208 211 211 211 211 212 212 212 212 209 209 209 209 210 210 210 210 211 211 211 211 209 209 209 209 212 212 212 212 213 213 213 213 45 45 45 45 211 211 211 211 45 45 45 45 213 213 213 213 46 46 46 46 46 46 46 46 213 213 213 213 214 214 214 214 213 213 213 213 211 211 211 211 215 215 215 215 215 215 215 215 211 211 211 211 212 212 212 212 213 213 213 213 216 216 216 216 214 214 214 214 216 216 216 216 213 213 213 213 215 215 215 215 214 214 214 214 216 216 216 216 217 217 217 217 215 215 215 215 212 212 212 212 218 218 218 218 216 216 216 216 219 219 219 219 217 217 217 217 216 216 216 216 215 215 215 215 220 220 220 220 219 219 219 219 216 216 216 216 220 220 220 220 220 220 220 220 215 215 215 215 218 218 218 218 217 217 217 217 219 219 219 219 221 221 221 221 221 221 221 221 219 219 219 219 220 220 220 220 222 222 222 222 217 217 217 217 221 221 221 221 223 223 223 223 221 221 221 221 220 220 220 220 223 223 223 223 220 220 220 220 218 218 218 218 222 222 222 222 221 221 221 221 224 224 224 224 224 224 224 224 221 221 221 221 223 223 223 223 225 225 225 225 222 222 222 222 224 224 224 224 226 226 226 226 223 223 223 223 218 218 218 218 225 225 225 225 224 224 224 224 227 227 227 227 228 228 228 228 225 225 225 225 227 227 227 227 229 229 229 229 224 224 224 224 223 223 223 223 227 227 227 227 224 224 224 224 229 229 229 229 229 229 229 229 223 223 223 223 226 226 226 226 228 228 228 228 227 227 227 227 230 230 230 230 231 231 231 231 228 228 228 228 230 230 230 230 157 157 157 157 231 231 231 231 230 230 230 230 156 156 156 156 157 157 157 157 230 230 230 230 232 232 232 232 227 227 227 227 229 229 229 229 230 230 230 230 227 227 227 227 232 232 232 232 156 156 156 156 230 230 230 230 233 233 233 233 233 233 233 233 230 230 230 230 232 232 232 232 232 232 232 232 229 229 229 229 234 234 234 234 234 234 234 234 229 229 229 229 226 226 226 226 233 233 233 233 232 232 232 232 235 235 235 235 235 235 235 235 232 232 232 232 234 234 234 234 236 236 236 236 156 156 156 156 233 233 233 233 156 156 156 156 236 236 236 236 158 158 158 158 158 158 158 158 236 236 236 236 166 166 166 166 236 236 236 236 233 233 233 233 237 237 237 237 236 236 236 236 237 237 237 237 166 166 166 166 238 238 238 238 233 233 233 233 235 235 235 235 233 233 233 233 238 238 238 238 237 237 237 237 166 166 166 166 237 237 237 237 239 239 239 239 166 166 166 166 239 239 239 239 163 163 163 163 163 163 163 163 239 239 239 239 184 184 184 184 237 237 237 237 240 240 240 240 239 239 239 239 237 237 237 237 238 238 238 238 240 240 240 240 239 239 239 239 241 241 241 241 184 184 184 184 239 239 239 239 240 240 240 240 241 241 241 241 241 241 241 241 185 185 185 185 184 184 184 184 238 238 238 238 242 242 242 242 240 240 240 240 243 243 243 243 185 185 185 185 241 241 241 241 243 243 243 243 186 186 186 186 185 185 185 185 190 190 190 190 186 186 186 186 243 243 243 243 240 240 240 240 244 244 244 244 241 241 241 241 244 244 244 244 243 243 243 243 241 241 241 241 240 240 240 240 242 242 242 242 244 244 244 244 245 245 245 245 190 190 190 190 243 243 243 243 245 245 245 245 243 243 243 243 244 244 244 244 242 242 242 242 246 246 246 246 244 244 244 244 246 246 246 246 245 245 245 245 244 244 244 244 246 246 246 246 242 242 242 242 247 247 247 247 245 245 245 245 246 246 246 246 247 247 247 247 242 242 242 242 238 238 238 238 248 248 248 248 242 242 242 242 248 248 248 248 247 247 247 247 238 238 238 238 235 235 235 235 248 248 248 248 190 190 190 190 245 245 245 245 249 249 249 249 249 249 249 249 245 245 245 245 247 247 247 247 193 193 193 193 190 190 190 190 249 249 249 249 247 247 247 247 248 248 248 248 250 250 250 250 249 249 249 249 247 247 247 247 250 250 250 250 248 248 248 248 235 235 235 235 251 251 251 251 248 248 248 248 251 251 251 251 250 250 250 250 235 235 235 235 234 234 234 234 251 251 251 251 193 193 193 193 249 249 249 249 252 252 252 252 252 252 252 252 249 249 249 249 250 250 250 250 194 194 194 194 193 193 193 193 252 252 252 252 250 250 250 250 251 251 251 251 253 253 253 253 252 252 252 252 250 250 250 250 253 253 253 253 251 251 251 251 234 234 234 234 254 254 254 254 251 251 251 251 254 254 254 254 253 253 253 253 234 234 234 234 226 226 226 226 254 254 254 254 194 194 194 194 252 252 252 252 255 255 255 255 255 255 255 255 252 252 252 252 253 253 253 253 197 197 197 197 194 194 194 194 255 255 255 255 197 197 197 197 255 255 255 255 204 204 204 204 255 255 255 255 253 253 253 253 256 256 256 256 204 204 204 204 255 255 255 255 256 256 256 256 253 253 253 253 254 254 254 254 256 256 256 256 210 210 210 210 204 204 204 204 256 256 256 256 254 254 254 254 257 257 257 257 256 256 256 256 257 257 257 257 210 210 210 210 256 256 256 256 254 254 254 254 226 226 226 226 257 257 257 257 212 212 212 212 210 210 210 210 257 257 257 257 226 226 226 226 218 218 218 218 257 257 257 257 218 218 218 218 212 212 212 212 257 257 257 257 258 258 258 258 259 259 259 259 260 260 260 260 260 260 260 260 259 259 259 259 261 261 261 261 262 262 262 262 258 258 258 258 260 260 260 260 258 258 258 258 262 262 262 262 263 263 263 263 264 264 264 264 260 260 260 260 261 261 261 261 264 264 264 264 261 261 261 261 265 265 265 265 262 262 262 262 260 260 260 260 266 266 266 266 260 260 260 260 264 264 264 264 266 266 266 266 262 262 262 262 267 267 267 267 263 263 263 263 268 268 268 268 263 263 263 263 267 267 267 267 269 269 269 269 262 262 262 262 266 266 266 266 267 267 267 267 262 262 262 262 269 269 269 269 270 270 270 270 268 268 268 268 267 267 267 267 268 268 268 268 270 270 270 270 271 271 271 271 272 272 272 272 267 267 267 267 269 269 269 269 270 270 270 270 267 267 267 267 272 272 272 272 270 270 270 270 273 273 273 273 271 271 271 271 274 274 274 274 271 271 271 271 273 273 273 273 275 275 275 275 270 270 270 270 272 272 272 272 270 270 270 270 275 275 275 275 273 273 273 273 276 276 276 276 274 274 274 274 273 273 273 273 274 274 274 274 276 276 276 276 277 277 277 277 275 275 275 275 278 278 278 278 273 273 273 273 276 276 276 276 273 273 273 273 278 278 278 278 276 276 276 276 279 279 279 279 277 277 277 277 279 279 279 279 280 280 280 280 277 277 277 277 281 281 281 281 276 276 276 276 278 278 278 278 276 276 276 276 281 281 281 281 279 279 279 279 275 275 275 275 282 282 282 282 278 278 278 278 281 281 281 281 278 278 278 278 282 282 282 282 283 283 283 283 280 280 280 280 279 279 279 279 284 284 284 284 280 280 280 280 283 283 283 283 281 281 281 281 285 285 285 285 279 279 279 279 283 283 283 283 279 279 279 279 285 285 285 285 286 286 286 286 281 281 281 281 282 282 282 282 281 281 281 281 286 286 286 286 285 285 285 285 275 275 275 275 287 287 287 287 282 282 282 282 272 272 272 272 287 287 287 287 275 275 275 275 286 286 286 286 282 282 282 282 288 288 288 288 282 282 282 282 287 287 287 287 288 288 288 288 289 289 289 289 287 287 287 287 272 272 272 272 269 269 269 269 289 289 289 289 272 272 272 272 290 290 290 290 288 288 288 288 287 287 287 287 289 289 289 289 290 290 290 290 287 287 287 287 291 291 291 291 286 286 286 286 288 288 288 288 290 290 290 290 291 291 291 291 288 288 288 288 289 289 289 289 269 269 269 269 292 292 292 292 269 269 269 269 266 266 266 266 292 292 292 292 290 290 290 290 289 289 289 289 293 293 293 293 289 289 289 289 292 292 292 292 293 293 293 293 293 293 293 293 294 294 294 294 290 290 290 290 294 294 294 294 291 291 291 291 290 290 290 290 295 295 295 295 292 292 292 292 266 266 266 266 264 264 264 264 295 295 295 295 266 266 266 266 293 293 293 293 292 292 292 292 296 296 296 296 296 296 296 296 292 292 292 292 295 295 295 295 297 297 297 297 294 294 294 294 293 293 293 293 296 296 296 296 297 297 297 297 293 293 293 293 264 264 264 264 298 298 298 298 295 295 295 295 298 298 298 298 264 264 264 264 265 265 265 265 265 265 265 265 299 299 299 299 298 298 298 298 296 296 296 296 295 295 295 295 300 300 300 300 298 298 298 298 300 300 300 300 295 295 295 295 299 299 299 299 301 301 301 301 298 298 298 298 298 298 298 298 301 301 301 301 300 300 300 300 301 301 301 301 299 299 299 299 302 302 302 302 296 296 296 296 300 300 300 300 303 303 303 303 301 301 301 301 303 303 303 303 300 300 300 300 297 297 297 297 296 296 296 296 303 303 303 303 304 304 304 304 301 301 301 301 302 302 302 302 301 301 301 301 304 304 304 304 303 303 303 303 304 304 304 304 302 302 302 302 305 305 305 305 304 304 304 304 306 306 306 306 303 303 303 303 297 297 297 297 303 303 303 303 306 306 306 306 307 307 307 307 304 304 304 304 305 305 305 305 306 306 306 306 304 304 304 304 307 307 307 307 308 308 308 308 307 307 307 307 305 305 305 305 309 309 309 309 308 308 308 308 305 305 305 305 310 310 310 310 306 306 306 306 307 307 307 307 311 311 311 311 297 297 297 297 306 306 306 306 311 311 311 311 306 306 306 306 310 310 310 310 308 308 308 308 312 312 312 312 307 307 307 307 312 312 312 312 310 310 310 310 307 307 307 307 297 297 297 297 311 311 311 311 313 313 313 313 294 294 294 294 297 297 297 297 313 313 313 313 291 291 291 291 294 294 294 294 313 313 313 313 314 314 314 314 311 311 311 311 310 310 310 310 315 315 315 315 291 291 291 291 313 313 313 313 311 311 311 311 316 316 316 316 313 313 313 313 316 316 316 316 315 315 315 315 313 313 313 313 311 311 311 311 314 314 314 314 316 316 316 316 315 315 315 315 317 317 317 317 291 291 291 291 317 317 317 317 286 286 286 286 291 291 291 291 286 286 286 286 317 317 317 317 285 285 285 285 316 316 316 316 318 318 318 318 315 315 315 315 317 317 317 317 315 315 315 315 318 318 318 318 319 319 319 319 318 318 318 318 316 316 316 316 314 314 314 314 319 319 319 319 316 316 316 316 320 320 320 320 317 317 317 317 318 318 318 318 320 320 320 320 318 318 318 318 319 319 319 319 317 317 317 317 320 320 320 320 285 285 285 285 319 319 319 319 314 314 314 314 321 321 321 321 320 320 320 320 322 322 322 322 285 285 285 285 283 283 283 283 285 285 285 285 322 322 322 322 323 323 323 323 320 320 320 320 319 319 319 319 322 322 322 322 320 320 320 320 323 323 323 323 321 321 321 321 323 323 323 323 319 319 319 319 324 324 324 324 283 283 283 283 322 322 322 322 283 283 283 283 324 324 324 324 284 284 284 284 325 325 325 325 322 322 322 322 323 323 323 323 324 324 324 324 322 322 322 322 325 325 325 325 323 323 323 323 326 326 326 326 325 325 325 325 321 321 321 321 326 326 326 326 323 323 323 323 327 327 327 327 324 324 324 324 325 325 325 325 327 327 327 327 325 325 325 325 326 326 326 326 324 324 324 324 328 328 328 328 284 284 284 284 324 324 324 324 327 327 327 327 328 328 328 328 284 284 284 284 328 328 328 328 329 329 329 329 330 330 330 330 327 327 327 327 326 326 326 326 329 329 329 329 328 328 328 328 331 331 331 331 332 332 332 332 329 329 329 329 331 331 331 331 327 327 327 327 333 333 333 333 328 328 328 328 328 328 328 328 333 333 333 333 331 331 331 331 327 327 327 327 330 330 330 330 333 333 333 333 331 331 331 331 334 334 334 334 332 332 332 332 331 331 331 331 333 333 333 333 335 335 335 335 334 334 334 334 331 331 331 331 335 335 335 335 330 330 330 330 335 335 335 335 333 333 333 333 334 334 334 334 336 336 336 336 332 332 332 332 330 330 330 330 337 337 337 337 335 335 335 335 334 334 334 334 335 335 335 335 338 338 338 338 337 337 337 337 338 338 338 338 335 335 335 335 330 330 330 330 326 326 326 326 339 339 339 339 337 337 337 337 330 330 330 330 339 339 339 339 339 339 339 339 326 326 326 326 321 321 321 321 340 340 340 340 334 334 334 334 338 338 338 338 334 334 334 334 340 340 340 340 336 336 336 336 321 321 321 321 341 341 341 341 339 339 339 339 314 314 314 314 341 341 341 341 321 321 321 321 341 341 341 341 314 314 314 314 310 310 310 310 312 312 312 312 341 341 341 341 310 310 310 310 341 341 341 341 342 342 342 342 339 339 339 339 341 341 341 341 312 312 312 312 342 342 342 342 339 339 339 339 342 342 342 342 337 337 337 337 312 312 312 312 343 343 343 343 342 342 342 342 312 312 312 312 308 308 308 308 343 343 343 343 337 337 337 337 342 342 342 342 344 344 344 344 344 344 344 344 342 342 342 342 343 343 343 343 337 337 337 337 344 344 344 344 338 338 338 338 308 308 308 308 345 345 345 345 343 343 343 343 344 344 344 344 343 343 343 343 345 345 345 345 308 308 308 308 309 309 309 309 345 345 345 345 344 344 344 344 346 346 346 346 338 338 338 338 346 346 346 346 344 344 344 344 345 345 345 345 346 346 346 346 340 340 340 340 338 338 338 338 346 346 346 346 345 345 345 345 347 347 347 347 309 309 309 309 347 347 347 347 345 345 345 345 346 346 346 346 348 348 348 348 340 340 340 340 348 348 348 348 346 346 346 346 347 347 347 347 348 348 348 348 349 349 349 349 340 340 340 340 340 340 340 340 349 349 349 349 336 336 336 336 350 350 350 350 349 349 349 349 348 348 348 348 336 336 336 336 349 349 349 349 350 350 350 350 351 351 351 351 348 348 348 348 347 347 347 347 351 351 351 351 350 350 350 350 348 348 348 348 352 352 352 352 347 347 347 347 309 309 309 309 352 352 352 352 351 351 351 351 347 347 347 347 353 353 353 353 336 336 336 336 350 350 350 350 336 336 336 336 353 353 353 353 354 354 354 354 350 350 350 350 351 351 351 351 355 355 355 355 353 353 353 353 350 350 350 350 355 355 355 355 351 351 351 351 352 352 352 352 356 356 356 356 351 351 351 351 356 356 356 356 355 355 355 355 353 353 353 353 357 357 357 357 354 354 354 354 357 357 357 357 358 358 358 358 354 354 354 354 359 359 359 359 353 353 353 353 355 355 355 355 353 353 353 353 359 359 359 359 357 357 357 357 358 358 358 358 357 357 357 357 360 360 360 360 361 361 361 361 358 358 358 358 360 360 360 360 359 359 359 359 362 362 362 362 357 357 357 357 357 357 357 357 362 362 362 362 360 360 360 360 359 359 359 359 355 355 355 355 363 363 363 363 356 356 356 356 363 363 363 363 355 355 355 355 359 359 359 359 364 364 364 364 362 362 362 362 364 364 364 364 359 359 359 359 363 363 363 363 360 360 360 360 362 362 362 362 365 365 365 365 364 364 364 364 365 365 365 365 362 362 362 362 360 360 360 360 366 366 366 366 361 361 361 361 366 366 366 366 360 360 360 360 365 365 365 365 366 366 366 366 367 367 367 367 361 361 361 361 361 361 361 361 367 367 367 367 368 368 368 368 366 366 366 366 365 365 365 365 369 369 369 369 370 370 370 370 368 368 368 368 367 367 367 367 371 371 371 371 368 368 368 368 370 370 370 370 366 366 366 366 372 372 372 372 367 367 367 367 372 372 372 372 366 366 366 366 369 369 369 369 370 370 370 370 367 367 367 367 373 373 373 373 372 372 372 372 373 373 373 373 367 367 367 367 370 370 370 370 374 374 374 374 371 371 371 371 374 374 374 374 375 375 375 375 371 371 371 371 370 370 370 370 373 373 373 373 376 376 376 376 374 374 374 374 370 370 370 370 376 376 376 376 374 374 374 374 377 377 377 377 375 375 375 375 377 377 377 377 378 378 378 378 375 375 375 375 374 374 374 374 376 376 376 376 379 379 379 379 377 377 377 377 374 374 374 374 379 379 379 379 377 377 377 377 380 380 380 380 378 378 378 378 380 380 380 380 381 381 381 381 378 378 378 378 377 377 377 377 379 379 379 379 382 382 382 382 380 380 380 380 377 377 377 377 382 382 382 382 383 383 383 383 379 379 379 379 376 376 376 376 379 379 379 379 383 383 383 383 382 382 382 382 380 380 380 380 384 384 384 384 381 381 381 381 384 384 384 384 385 385 385 385 381 381 381 381 380 380 380 380 382 382 382 382 386 386 386 386 384 384 384 384 380 380 380 380 386 386 386 386 384 384 384 384 387 387 387 387 385 385 385 385 387 387 387 387 388 388 388 388 385 385 385 385 384 384 384 384 386 386 386 386 389 389 389 389 387 387 387 387 384 384 384 384 389 389 389 389 382 382 382 382 390 390 390 390 386 386 386 386 382 382 382 382 383 383 383 383 390 390 390 390 387 387 387 387 391 391 391 391 388 388 388 388 391 391 391 391 392 392 392 392 388 388 388 388 393 393 393 393 392 392 392 392 391 391 391 391 391 391 391 391 387 387 387 387 394 394 394 394 387 387 387 387 389 389 389 389 394 394 394 394 395 395 395 395 393 393 393 393 391 391 391 391 395 395 395 395 391 391 391 391 394 394 394 394 393 393 393 393 395 395 395 395 396 396 396 396 394 394 394 394 389 389 389 389 397 397 397 397 398 398 398 398 395 395 395 395 394 394 394 394 394 394 394 394 397 397 397 397 398 398 398 398 395 395 395 395 399 399 399 399 396 396 396 396 389 389 389 389 400 400 400 400 397 397 397 397 400 400 400 400 389 389 389 389 386 386 386 386 390 390 390 390 400 400 400 400 386 386 386 386 399 399 399 399 395 395 395 395 401 401 401 401 395 395 395 395 398 398 398 398 401 401 401 401 399 399 399 399 402 402 402 402 396 396 396 396 402 402 402 402 399 399 399 399 401 401 401 401 402 402 402 402 403 403 403 403 396 396 396 396 403 403 403 403 402 402 402 402 404 404 404 404 398 398 398 398 405 405 405 405 401 401 401 401 398 398 398 398 397 397 397 397 405 405 405 405 402 402 402 402 406 406 406 406 404 404 404 404 404 404 404 404 406 406 406 406 407 407 407 407 408 408 408 408 402 402 402 402 401 401 401 401 402 402 402 402 408 408 408 408 406 406 406 406 405 405 405 405 409 409 409 409 401 401 401 401 409 409 409 409 408 408 408 408 401 401 401 401 405 405 405 405 397 397 397 397 410 410 410 410 409 409 409 409 405 405 405 405 410 410 410 410 397 397 397 397 400 400 400 400 410 410 410 410 408 408 408 408 411 411 411 411 406 406 406 406 408 408 408 408 409 409 409 409 411 411 411 411 400 400 400 400 412 412 412 412 410 410 410 410 400 400 400 400 390 390 390 390 412 412 412 412 413 413 413 413 409 409 409 409 410 410 410 410 413 413 413 413 410 410 410 410 412 412 412 412 390 390 390 390 414 414 414 414 412 412 412 412 390 390 390 390 383 383 383 383 414 414 414 414 415 415 415 415 413 413 413 413 412 412 412 412 415 415 415 415 412 412 412 412 414 414 414 414 409 409 409 409 413 413 413 413 416 416 416 416 413 413 413 413 415 415 415 415 416 416 416 416 383 383 383 383 417 417 417 417 414 414 414 414 417 417 417 417 383 383 383 383 376 376 376 376 417 417 417 417 376 376 376 376 373 373 373 373 418 418 418 418 415 415 415 415 414 414 414 414 417 417 417 417 418 418 418 418 414 414 414 414 419 419 419 419 417 417 417 417 373 373 373 373 418 418 418 418 417 417 417 417 419 419 419 419 373 373 373 373 372 372 372 372 419 419 419 419 415 415 415 415 418 418 418 418 420 420 420 420 415 415 415 415 420 420 420 420 416 416 416 416 421 421 421 421 418 418 418 418 419 419 419 419 418 418 418 418 421 421 421 421 420 420 420 420 419 419 419 419 372 372 372 372 422 422 422 422 419 419 419 419 422 422 422 422 421 421 421 421 422 422 422 422 372 372 372 372 369 369 369 369 423 423 423 423 420 420 420 420 421 421 421 421 423 423 423 423 421 421 421 421 422 422 422 422 420 420 420 420 424 424 424 424 416 416 416 416 423 423 423 423 424 424 424 424 420 420 420 420 425 425 425 425 422 422 422 422 369 369 369 369 425 425 425 425 423 423 423 423 422 422 422 422 424 424 424 424 426 426 426 426 416 416 416 416 426 426 426 426 409 409 409 409 416 416 416 416 409 409 409 409 426 426 426 426 411 411 411 411 427 427 427 427 424 424 424 424 423 423 423 423 423 423 423 423 425 425 425 425 427 427 427 427 426 426 426 426 424 424 424 424 428 428 428 428 424 424 424 424 427 427 427 427 428 428 428 428 411 411 411 411 426 426 426 426 429 429 429 429 426 426 426 426 428 428 428 428 429 429 429 429 411 411 411 411 429 429 429 429 430 430 430 430 406 406 406 406 411 411 411 411 430 430 430 430 406 406 406 406 430 430 430 430 407 407 407 407 430 430 430 430 429 429 429 429 431 431 431 431 431 431 431 431 429 429 429 429 428 428 428 428 430 430 430 430 432 432 432 432 407 407 407 407 432 432 432 432 430 430 430 430 431 431 431 431 432 432 432 432 309 309 309 309 407 407 407 407 432 432 432 432 352 352 352 352 309 309 309 309 352 352 352 352 432 432 432 432 433 433 433 433 432 432 432 432 431 431 431 431 433 433 433 433 352 352 352 352 433 433 433 433 356 356 356 356 431 431 431 431 434 434 434 434 433 433 433 433 434 434 434 434 431 431 431 431 428 428 428 428 433 433 433 433 435 435 435 435 356 356 356 356 434 434 434 434 435 435 435 435 433 433 433 433 356 356 356 356 435 435 435 435 363 363 363 363 436 436 436 436 434 434 434 434 428 428 428 428 427 427 427 427 436 436 436 436 428 428 428 428 425 425 425 425 436 436 436 436 427 427 427 427 435 435 435 435 434 434 434 434 437 437 437 437 363 363 363 363 435 435 435 435 437 437 437 437 434 434 434 434 436 436 436 436 437 437 437 437 364 364 364 364 363 363 363 363 437 437 437 437 425 425 425 425 438 438 438 438 436 436 436 436 438 438 438 438 437 437 437 437 436 436 436 436 438 438 438 438 364 364 364 364 437 437 437 437 438 438 438 438 425 425 425 425 369 369 369 369 364 364 364 364 438 438 438 438 365 365 365 365 438 438 438 438 369 369 369 369 365 365 365 365 439 439 439 439 440 440 440 440 441 441 441 441 439 439 439 439 441 441 441 441 442 442 442 442 440 440 440 440 443 443 443 443 441 441 441 441 440 440 440 440 444 444 444 444 443 443 443 443 441 441 441 441 445 445 445 445 442 442 442 442 446 446 446 446 442 442 442 442 445 445 445 445 447 447 447 447 441 441 441 441 443 443 443 443 445 445 445 445 441 441 441 441 447 447 447 447 444 444 444 444 448 448 448 448 443 443 443 443 444 444 444 444 449 449 449 449 448 448 448 448 450 450 450 450 446 446 446 446 445 445 445 445 446 446 446 446 450 450 450 450 451 451 451 451 450 450 450 450 445 445 445 445 452 452 452 452 452 452 452 452 445 445 445 445 447 447 447 447 450 450 450 450 453 453 453 453 451 451 451 451 454 454 454 454 451 451 451 451 453 453 453 453 455 455 455 455 450 450 450 450 452 452 452 452 450 450 450 450 455 455 455 455 453 453 453 453 456 456 456 456 454 454 454 454 453 453 453 453 457 457 457 457 454 454 454 454 456 456 456 456 455 455 455 455 458 458 458 458 453 453 453 453 456 456 456 456 453 453 453 453 458 458 458 458 459 459 459 459 455 455 455 455 452 452 452 452 455 455 455 455 459 459 459 459 458 458 458 458 452 452 452 452 447 447 447 447 460 460 460 460 459 459 459 459 452 452 452 452 460 460 460 460 461 461 461 461 447 447 447 447 443 443 443 443 447 447 447 447 461 461 461 461 460 460 460 460 461 461 461 461 443 443 443 443 448 448 448 448 462 462 462 462 459 459 459 459 460 460 460 460 461 461 461 461 463 463 463 463 460 460 460 460 460 460 460 460 463 463 463 463 462 462 462 462 464 464 464 464 461 461 461 461 448 448 448 448 461 461 461 461 464 464 464 464 463 463 463 463 464 464 464 464 448 448 448 448 465 465 465 465 449 449 449 449 465 465 465 465 448 448 448 448 465 465 465 465 449 449 449 449 466 466 466 466 464 464 464 464 467 467 467 467 463 463 463 463 468 468 468 468 465 465 465 465 466 466 466 466 466 466 466 466 469 469 469 469 468 468 468 468 470 470 470 470 464 464 464 464 465 465 465 465 470 470 470 470 465 465 465 465 468 468 468 468 464 464 464 464 470 470 470 470 467 467 467 467 469 469 469 469 471 471 471 471 468 468 468 468 469 469 469 469 472 472 472 472 471 471 471 471 473 473 473 473 470 470 470 470 468 468 468 468 468 468 468 468 471 471 471 471 473 473 473 473 470 470 470 470 473 473 473 473 474 474 474 474 470 470 470 470 474 474 474 474 467 467 467 467 471 471 471 471 475 475 475 475 473 473 473 473 473 473 473 473 475 475 475 475 474 474 474 474 472 472 472 472 476 476 476 476 471 471 471 471 475 475 475 475 471 471 471 471 476 476 476 476 476 476 476 476 472 472 472 472 477 477 477 477 475 475 475 475 478 478 478 478 474 474 474 474 479 479 479 479 476 476 476 476 477 477 477 477 480 480 480 480 479 479 479 479 477 477 477 477 481 481 481 481 475 475 475 475 476 476 476 476 479 479 479 479 481 481 481 481 476 476 476 476 475 475 475 475 481 481 481 481 478 478 478 478 482 482 482 482 479 479 479 479 480 480 480 480 483 483 483 483 474 474 474 474 478 478 478 478 474 474 474 474 483 483 483 483 467 467 467 467 479 479 479 479 482 482 482 482 484 484 484 484 481 481 481 481 479 479 479 479 484 484 484 484 483 483 483 483 485 485 485 485 467 467 467 467 485 485 485 485 463 463 463 463 467 467 467 467 463 463 463 463 485 485 485 485 462 462 462 462 485 485 485 485 483 483 483 483 486 486 486 486 486 486 486 486 483 483 483 483 478 478 478 478 462 462 462 462 485 485 485 485 487 487 487 487 485 485 485 485 486 486 486 486 487 487 487 487 462 462 462 462 487 487 487 487 488 488 488 488 459 459 459 459 462 462 462 462 488 488 488 488 459 459 459 459 488 488 488 488 458 458 458 458 489 489 489 489 487 487 487 487 486 486 486 486 487 487 487 487 489 489 489 489 488 488 488 488 486 486 486 486 478 478 478 478 490 490 490 490 481 481 481 481 490 490 490 490 478 478 478 478 491 491 491 491 489 489 489 489 486 486 486 486 491 491 491 491 486 486 486 486 490 490 490 490 490 490 490 490 481 481 481 481 492 492 492 492 481 481 481 481 484 484 484 484 492 492 492 492 491 491 491 491 490 490 490 490 493 493 493 493 490 490 490 490 492 492 492 492 493 493 493 493 494 494 494 494 489 489 489 489 491 491 491 491 494 494 494 494 491 491 491 491 493 493 493 493 495 495 495 495 493 493 493 493 492 492 492 492 495 495 495 495 494 494 494 494 493 493 493 493 496 496 496 496 492 492 492 492 484 484 484 484 496 496 496 496 495 495 495 495 492 492 492 492 497 497 497 497 489 489 489 489 494 494 494 494 489 489 489 489 497 497 497 497 488 488 488 488 495 495 495 495 498 498 498 498 494 494 494 494 498 498 498 498 497 497 497 497 494 494 494 494 499 499 499 499 495 495 495 495 496 496 496 496 495 495 495 495 499 499 499 499 498 498 498 498 500 500 500 500 496 496 496 496 484 484 484 484 500 500 500 500 484 484 484 484 482 482 482 482 496 496 496 496 500 500 500 500 501 501 501 501 499 499 499 499 496 496 496 496 501 501 501 501 502 502 502 502 500 500 500 500 482 482 482 482 500 500 500 500 502 502 502 502 501 501 501 501 502 502 502 502 482 482 482 482 503 503 503 503 503 503 503 503 482 482 482 482 480 480 480 480 480 480 480 480 504 504 504 504 503 503 503 503 502 502 502 502 505 505 505 505 501 501 501 501 503 503 503 503 504 504 504 504 506 506 506 506 507 507 507 507 506 506 506 506 504 504 504 504 508 508 508 508 502 502 502 502 503 503 503 503 508 508 508 508 503 503 503 503 506 506 506 506 502 502 502 502 508 508 508 508 505 505 505 505 509 509 509 509 506 506 506 506 507 507 507 507 508 508 508 508 506 506 506 506 510 510 510 510 506 506 506 506 509 509 509 509 510 510 510 510 508 508 508 508 510 510 510 510 505 505 505 505 511 511 511 511 509 509 509 509 507 507 507 507 512 512 512 512 505 505 505 505 510 510 510 510 513 513 513 513 510 510 510 510 509 509 509 509 513 513 513 513 512 512 512 512 510 510 510 510 501 501 501 501 505 505 505 505 514 514 514 514 505 505 505 505 512 512 512 512 514 514 514 514 514 514 514 514 499 499 499 499 501 501 501 501 515 515 515 515 513 513 513 513 509 509 509 509 515 515 515 515 509 509 509 509 511 511 511 511 499 499 499 499 514 514 514 514 516 516 516 516 499 499 499 499 516 516 516 516 498 498 498 498 514 514 514 514 512 512 512 512 517 517 517 517 514 514 514 514 517 517 517 517 516 516 516 516 512 512 512 512 513 513 513 513 518 518 518 518 512 512 512 512 518 518 518 518 517 517 517 517 519 519 519 519 498 498 498 498 516 516 516 516 498 498 498 498 519 519 519 519 497 497 497 497 520 520 520 520 516 516 516 516 517 517 517 517 520 520 520 520 519 519 519 519 516 516 516 516 518 518 518 518 521 521 521 521 517 517 517 517 521 521 521 521 520 520 520 520 517 517 517 517 519 519 519 519 522 522 522 522 497 497 497 497 488 488 488 488 497 497 497 497 522 522 522 522 458 458 458 458 488 488 488 488 522 522 522 522 522 522 522 522 456 456 456 456 458 458 458 458 519 519 519 519 523 523 523 523 522 522 522 522 523 523 523 523 456 456 456 456 522 522 522 522 519 519 519 519 520 520 520 520 523 523 523 523 523 523 523 523 457 457 457 457 456 456 456 456 520 520 520 520 524 524 524 524 523 523 523 523 523 523 523 523 524 524 524 524 457 457 457 457 520 520 520 520 521 521 521 521 524 524 524 524 524 524 524 524 525 525 525 525 457 457 457 457 521 521 521 521 526 526 526 526 524 524 524 524 525 525 525 525 524 524 524 524 526 526 526 526 521 521 521 521 518 518 518 518 526 526 526 526 518 518 518 518 527 527 527 527 526 526 526 526 527 527 527 527 518 518 518 518 513 513 513 513 515 515 515 515 527 527 527 527 513 513 513 513 528 528 528 528 526 526 526 526 527 527 527 527 528 528 528 528 525 525 525 525 526 526 526 526 529 529 529 529 527 527 527 527 515 515 515 515 529 529 529 529 528 528 528 528 527 527 527 527 530 530 530 530 529 529 529 529 515 515 515 515 530 530 530 530 515 515 515 515 511 511 511 511 530 530 530 530 531 531 531 531 529 529 529 529 530 530 530 530 511 511 511 511 531 531 531 531 528 528 528 528 529 529 529 529 532 532 532 532 531 531 531 531 532 532 532 532 529 529 529 529 528 528 528 528 533 533 533 533 525 525 525 525 533 533 533 533 528 528 528 528 532 532 532 532 511 511 511 511 534 534 534 534 531 531 531 531 511 511 511 511 535 535 535 535 534 534 534 534 532 532 532 532 531 531 531 531 536 536 536 536 531 531 531 531 534 534 534 534 536 536 536 536 533 533 533 533 532 532 532 532 537 537 537 537 537 537 537 537 532 532 532 532 536 536 536 536 533 533 533 533 538 538 538 538 525 525 525 525 539 539 539 539 525 525 525 525 538 538 538 538 540 540 540 540 533 533 533 533 537 537 537 537 538 538 538 538 533 533 533 533 540 540 540 540 537 537 537 537 536 536 536 536 541 541 541 541 542 542 542 542 539 539 539 539 538 538 538 538 540 540 540 540 537 537 537 537 543 543 543 543 537 537 537 537 541 541 541 541 543 543 543 543 544 544 544 544 538 538 538 538 540 540 540 540 542 542 542 542 538 538 538 538 544 544 544 544 540 540 540 540 543 543 543 543 545 545 545 545 544 544 544 544 540 540 540 540 545 545 545 545 541 541 541 541 546 546 546 546 543 543 543 543 543 543 543 543 546 546 546 546 545 545 545 545 536 536 536 536 547 547 547 547 541 541 541 541 534 534 534 534 547 547 547 547 536 536 536 536 546 546 546 546 541 541 541 541 548 548 548 548 547 547 547 547 548 548 548 548 541 541 541 541 547 547 547 547 534 534 534 534 549 549 549 549 535 535 535 535 549 549 549 549 534 534 534 534 549 549 549 549 535 535 535 535 550 550 550 550 551 551 551 551 547 547 547 547 549 549 549 549 548 548 548 548 547 547 547 547 551 551 551 551 549 549 549 549 550 550 550 550 552 552 552 552 551 551 551 551 549 549 549 549 552 552 552 552 553 553 553 553 552 552 552 552 550 550 550 550 554 554 554 554 548 548 548 548 551 551 551 551 551 551 551 551 552 552 552 552 554 554 554 554 552 552 552 552 553 553 553 553 555 555 555 555 552 552 552 552 555 555 555 555 554 554 554 554 556 556 556 556 548 548 548 548 554 554 554 554 556 556 556 556 546 546 546 546 548 548 548 548 554 554 554 554 555 555 555 555 557 557 557 557 557 557 557 557 556 556 556 556 554 554 554 554 553 553 553 553 558 558 558 558 555 555 555 555 553 553 553 553 559 559 559 559 558 558 558 558 555 555 555 555 560 560 560 560 557 557 557 557 560 560 560 560 555 555 555 555 558 558 558 558 561 561 561 561 558 558 558 558 559 559 559 559 562 562 562 562 561 561 561 561 559 559 559 559 563 563 563 563 560 560 560 560 558 558 558 558 561 561 561 561 563 563 563 563 558 558 558 558 564 564 564 564 561 561 561 561 562 562 562 562 565 565 565 565 564 564 564 564 562 562 562 562 563 563 563 563 561 561 561 561 566 566 566 566 561 561 561 561 564 564 564 564 566 566 566 566 567 567 567 567 564 564 564 564 565 565 565 565 568 568 568 568 567 567 567 567 565 565 565 565 569 569 569 569 566 566 566 566 564 564 564 564 567 567 567 567 569 569 569 569 564 564 564 564 567 567 567 567 568 568 568 568 570 570 570 570 568 568 568 568 571 571 571 571 570 570 570 570 569 569 569 569 567 567 567 567 572 572 572 572 567 567 567 567 570 570 570 570 572 572 572 572 569 569 569 569 573 573 573 573 566 566 566 566 569 569 569 569 572 572 572 572 573 573 573 573 574 574 574 574 570 570 570 570 571 571 571 571 575 575 575 575 574 574 574 574 571 571 571 571 572 572 572 572 570 570 570 570 576 576 576 576 570 570 570 570 574 574 574 574 576 576 576 576 577 577 577 577 574 574 574 574 575 575 575 575 578 578 578 578 577 577 577 577 575 575 575 575 576 576 576 576 574 574 574 574 579 579 579 579 574 574 574 574 577 577 577 577 579 579 579 579 572 572 572 572 576 576 576 576 580 580 580 580 572 572 572 572 580 580 580 580 573 573 573 573 581 581 581 581 577 577 577 577 578 578 578 578 582 582 582 582 581 581 581 581 578 578 578 578 582 582 582 582 583 583 583 583 581 581 581 581 581 581 581 581 584 584 584 584 577 577 577 577 584 584 584 584 579 579 579 579 577 577 577 577 583 583 583 583 585 585 585 585 581 581 581 581 584 584 584 584 581 581 581 581 585 585 585 585 585 585 585 585 583 583 583 583 586 586 586 586 584 584 584 584 587 587 587 587 579 579 579 579 588 588 588 588 584 584 584 584 585 585 585 585 584 584 584 584 588 588 588 588 587 587 587 587 589 589 589 589 585 585 585 585 586 586 586 586 590 590 590 590 588 588 588 588 585 585 585 585 589 589 589 589 590 590 590 590 585 585 585 585 589 589 589 589 586 586 586 586 591 591 591 591 590 590 590 590 589 589 589 589 591 591 591 591 586 586 586 586 592 592 592 592 591 591 591 591 591 591 591 591 592 592 592 592 593 593 593 593 588 588 588 588 590 590 590 590 594 594 594 594 588 588 588 588 594 594 594 594 587 587 587 587 595 595 595 595 591 591 591 591 593 593 593 593 593 593 593 593 539 539 539 539 595 595 595 595 539 539 539 539 542 542 542 542 595 595 595 595 596 596 596 596 590 590 590 590 591 591 591 591 596 596 596 596 591 591 591 591 595 595 595 595 597 597 597 597 595 595 595 595 542 542 542 542 597 597 597 597 596 596 596 596 595 595 595 595 590 590 590 590 596 596 596 596 598 598 598 598 596 596 596 596 597 597 597 597 598 598 598 598 594 594 594 594 590 590 590 590 598 598 598 598 599 599 599 599 597 597 597 597 542 542 542 542 599 599 599 599 542 542 542 542 544 544 544 544 597 597 597 597 599 599 599 599 600 600 600 600 597 597 597 597 600 600 600 600 598 598 598 598 599 599 599 599 544 544 544 544 601 601 601 601 599 599 599 599 601 601 601 601 600 600 600 600 544 544 544 544 545 545 545 545 601 601 601 601 594 594 594 594 598 598 598 598 602 602 602 602 594 594 594 594 602 602 602 602 587 587 587 587 601 601 601 601 545 545 545 545 603 603 603 603 546 546 546 546 603 603 603 603 545 545 545 545 546 546 546 546 556 556 556 556 603 603 603 603 604 604 604 604 601 601 601 601 603 603 603 603 556 556 556 556 605 605 605 605 603 603 603 603 603 603 603 603 605 605 605 605 604 604 604 604 556 556 556 556 557 557 557 557 605 605 605 605 604 604 604 604 606 606 606 606 601 601 601 601 606 606 606 606 600 600 600 600 601 601 601 601 605 605 605 605 607 607 607 607 604 604 604 604 604 604 604 604 607 607 607 607 606 606 606 606 557 557 557 557 608 608 608 608 605 605 605 605 607 607 607 607 605 605 605 605 608 608 608 608 608 608 608 608 557 557 557 557 560 560 560 560 606 606 606 606 609 609 609 609 600 600 600 600 600 600 600 600 609 609 609 609 598 598 598 598 607 607 607 607 610 610 610 610 606 606 606 606 610 610 610 610 609 609 609 609 606 606 606 606 611 611 611 611 607 607 607 607 608 608 608 608 607 607 607 607 611 611 611 611 610 610 610 610 612 612 612 612 608 608 608 608 560 560 560 560 612 612 612 612 611 611 611 611 608 608 608 608 563 563 563 563 612 612 612 612 560 560 560 560 611 611 611 611 613 613 613 613 610 610 610 610 611 611 611 611 612 612 612 612 613 613 613 613 612 612 612 612 563 563 563 563 614 614 614 614 612 612 612 612 614 614 614 614 613 613 613 613 563 563 563 563 566 566 566 566 614 614 614 614 573 573 573 573 614 614 614 614 566 566 566 566 573 573 573 573 615 615 615 615 614 614 614 614 615 615 615 615 613 613 613 613 614 614 614 614 580 580 580 580 615 615 615 615 573 573 573 573 613 613 613 613 616 616 616 616 610 610 610 610 613 613 613 613 615 615 615 615 616 616 616 616 610 610 610 610 616 616 616 616 609 609 609 609 615 615 615 615 580 580 580 580 617 617 617 617 615 615 615 615 617 617 617 617 616 616 616 616 616 616 616 616 618 618 618 618 609 609 609 609 618 618 618 618 616 616 616 616 617 617 617 617 609 609 609 609 618 618 618 618 598 598 598 598 598 598 598 598 618 618 618 618 602 602 602 602 602 602 602 602 618 618 618 618 617 617 617 617 580 580 580 580 619 619 619 619 617 617 617 617 602 602 602 602 617 617 617 617 619 619 619 619 580 580 580 580 576 576 576 576 619 619 619 619 587 587 587 587 602 602 602 602 619 619 619 619 576 576 576 576 579 579 579 579 619 619 619 619 587 587 587 587 619 619 619 619 579 579 579 579 620 620 620 620 621 621 621 621 622 622 622 622 622 622 622 622 621 621 621 621 623 623 623 623 624 624 624 624 620 620 620 620 622 622 622 622 625 625 625 625 620 620 620 620 624 624 624 624 626 626 626 626 622 622 622 622 623 623 623 623 626 626 626 626 623 623 623 623 627 627 627 627 624 624 624 624 622 622 622 622 628 628 628 628 628 628 628 628 622 622 622 622 626 626 626 626 629 629 629 629 625 625 625 625 624 624 624 624 630 630 630 630 625 625 625 625 629 629 629 629 631 631 631 631 624 624 624 624 628 628 628 628 629 629 629 629 624 624 624 624 631 631 631 631 632 632 632 632 630 630 630 630 629 629 629 629 633 633 633 633 630 630 630 630 632 632 632 632 634 634 634 634 629 629 629 629 631 631 631 631 632 632 632 632 629 629 629 629 634 634 634 634 631 631 631 631 628 628 628 628 635 635 635 635 636 636 636 636 633 633 633 633 632 632 632 632 634 634 634 634 631 631 631 631 637 637 637 637 637 637 637 637 631 631 631 631 635 635 635 635 638 638 638 638 632 632 632 632 634 634 634 634 636 636 636 636 632 632 632 632 638 638 638 638 639 639 639 639 634 634 634 634 637 637 637 637 638 638 638 638 634 634 634 634 639 639 639 639 636 636 636 636 640 640 640 640 633 633 633 633 640 640 640 640 641 641 641 641 633 633 633 633 642 642 642 642 636 636 636 636 638 638 638 638 640 640 640 640 643 643 643 643 641 641 641 641 643 643 643 643 644 644 644 644 641 641 641 641 645 645 645 645 640 640 640 640 636 636 636 636 642 642 642 642 645 645 645 645 636 636 636 636 646 646 646 646 643 643 643 643 640 640 640 640 645 645 645 645 646 646 646 646 640 640 640 640 643 643 643 643 647 647 647 647 644 644 644 644 647 647 647 647 648 648 648 648 644 644 644 644 646 646 646 646 649 649 649 649 643 643 643 643 649 649 649 649 647 647 647 647 643 643 643 643 647 647 647 647 650 650 650 650 648 648 648 648 650 650 650 650 651 651 651 651 648 648 648 648 652 652 652 652 651 651 651 651 650 650 650 650 653 653 653 653 650 650 650 650 647 647 647 647 649 649 649 649 653 653 653 653 647 647 647 647 654 654 654 654 652 652 652 652 650 650 650 650 654 654 654 654 650 650 650 650 653 653 653 653 655 655 655 655 652 652 652 652 654 654 654 654 656 656 656 656 653 653 653 653 649 649 649 649 657 657 657 657 655 655 655 655 654 654 654 654 658 658 658 658 655 655 655 655 657 657 657 657 659 659 659 659 654 654 654 654 653 653 653 653 657 657 657 657 654 654 654 654 659 659 659 659 659 659 659 659 653 653 653 653 656 656 656 656 660 660 660 660 658 658 658 658 657 657 657 657 661 661 661 661 658 658 658 658 660 660 660 660 662 662 662 662 657 657 657 657 659 659 659 659 660 660 660 660 657 657 657 657 662 662 662 662 663 663 663 663 659 659 659 659 656 656 656 656 662 662 662 662 659 659 659 659 663 663 663 663 664 664 664 664 656 656 656 656 649 649 649 649 664 664 664 664 649 649 649 649 646 646 646 646 663 663 663 663 656 656 656 656 665 665 665 665 656 656 656 656 664 664 664 664 665 665 665 665 666 666 666 666 664 664 664 664 646 646 646 646 666 666 666 666 646 646 646 646 645 645 645 645 665 665 665 665 664 664 664 664 667 667 667 667 664 664 664 664 666 666 666 666 667 667 667 667 668 668 668 668 666 666 666 666 645 645 645 645 668 668 668 668 645 645 645 645 642 642 642 642 667 667 667 667 666 666 666 666 669 669 669 669 666 666 666 666 668 668 668 668 669 669 669 669 670 670 670 670 668 668 668 668 642 642 642 642 669 669 669 669 668 668 668 668 671 671 671 671 668 668 668 668 670 670 670 670 671 671 671 671 670 670 670 670 642 642 642 642 672 672 672 672 671 671 671 671 670 670 670 670 672 672 672 672 642 642 642 642 638 638 638 638 672 672 672 672 672 672 672 672 638 638 638 638 639 639 639 639 673 673 673 673 671 671 671 671 672 672 672 672 673 673 673 673 672 672 672 672 639 639 639 639 669 669 669 669 671 671 671 671 674 674 674 674 674 674 674 674 671 671 671 671 673 673 673 673 675 675 675 675 673 673 673 673 639 639 639 639 675 675 675 675 639 639 639 639 637 637 637 637 676 676 676 676 674 674 674 674 673 673 673 673 676 676 676 676 673 673 673 673 675 675 675 675 677 677 677 677 669 669 669 669 674 674 674 674 667 667 667 667 669 669 669 669 677 677 677 677 678 678 678 678 674 674 674 674 676 676 676 676 677 677 677 677 674 674 674 674 678 678 678 678 679 679 679 679 667 667 667 667 677 677 677 677 665 665 665 665 667 667 667 667 679 679 679 679 680 680 680 680 677 677 677 677 678 678 678 678 679 679 679 679 677 677 677 677 680 680 680 680 681 681 681 681 665 665 665 665 679 679 679 679 663 663 663 663 665 665 665 665 681 681 681 681 682 682 682 682 679 679 679 679 680 680 680 680 681 681 681 681 679 679 679 679 682 682 682 682 683 683 683 683 663 663 663 663 681 681 681 681 683 683 683 683 662 662 662 662 663 663 663 663 684 684 684 684 681 681 681 681 682 682 682 682 683 683 683 683 681 681 681 681 684 684 684 684 685 685 685 685 662 662 662 662 683 683 683 683 685 685 685 685 660 660 660 660 662 662 662 662 686 686 686 686 683 683 683 683 684 684 684 684 686 686 686 686 685 685 685 685 683 683 683 683 687 687 687 687 660 660 660 660 685 685 685 685 687 687 687 687 661 661 661 661 660 660 660 660 688 688 688 688 685 685 685 685 686 686 686 686 688 688 688 688 687 687 687 687 685 685 685 685 661 661 661 661 687 687 687 687 689 689 689 689 689 689 689 689 687 687 687 687 688 688 688 688 690 690 690 690 661 661 661 661 689 689 689 689 691 691 691 691 688 688 688 688 686 686 686 686 690 690 690 690 689 689 689 689 692 692 692 692 693 693 693 693 690 690 690 690 692 692 692 692 694 694 694 694 689 689 689 689 688 688 688 688 694 694 694 694 688 688 688 688 691 691 691 691 689 689 689 689 694 694 694 694 695 695 695 695 692 692 692 692 689 689 689 689 695 695 695 695 696 696 696 696 694 694 694 694 691 691 691 691 695 695 695 695 694 694 694 694 696 696 696 696 691 691 691 691 686 686 686 686 697 697 697 697 696 696 696 696 691 691 691 691 697 697 697 697 686 686 686 686 684 684 684 684 697 697 697 697 698 698 698 698 695 695 695 695 696 696 696 696 697 697 697 697 684 684 684 684 699 699 699 699 684 684 684 684 682 682 682 682 699 699 699 699 700 700 700 700 696 696 696 696 697 697 697 697 700 700 700 700 697 697 697 697 699 699 699 699 698 698 698 698 696 696 696 696 700 700 700 700 699 699 699 699 682 682 682 682 701 701 701 701 682 682 682 682 680 680 680 680 701 701 701 701 702 702 702 702 700 700 700 700 699 699 699 699 702 702 702 702 699 699 699 699 701 701 701 701 703 703 703 703 698 698 698 698 700 700 700 700 703 703 703 703 700 700 700 700 702 702 702 702 695 695 695 695 698 698 698 698 704 704 704 704 704 704 704 704 698 698 698 698 703 703 703 703 705 705 705 705 695 695 695 695 704 704 704 704 692 692 692 692 695 695 695 695 705 705 705 705 706 706 706 706 704 704 704 704 703 703 703 703 707 707 707 707 692 692 692 692 705 705 705 705 693 693 693 693 692 692 692 692 707 707 707 707 708 708 708 708 693 693 693 693 707 707 707 707 705 705 705 705 704 704 704 704 709 709 709 709 709 709 709 709 704 704 704 704 706 706 706 706 707 707 707 707 705 705 705 705 710 710 710 710 710 710 710 710 705 705 705 705 709 709 709 709 708 708 708 708 707 707 707 707 711 711 711 711 711 711 711 711 707 707 707 707 710 710 710 710 712 712 712 712 708 708 708 708 711 711 711 711 712 712 712 712 711 711 711 711 713 713 713 713 711 711 711 711 714 714 714 714 713 713 713 713 711 711 711 711 710 710 710 710 714 714 714 714 713 713 713 713 714 714 714 714 715 715 715 715 710 710 710 710 716 716 716 716 714 714 714 714 710 710 710 710 709 709 709 709 716 716 716 716 714 714 714 714 717 717 717 717 715 715 715 715 714 714 714 714 716 716 716 716 717 717 717 717 715 715 715 715 717 717 717 717 718 718 718 718 709 709 709 709 719 719 719 719 716 716 716 716 719 719 719 719 709 709 709 709 706 706 706 706 716 716 716 716 720 720 720 720 717 717 717 717 716 716 716 716 719 719 719 719 720 720 720 720 717 717 717 717 721 721 721 721 718 718 718 718 718 718 718 718 721 721 721 721 722 722 722 722 717 717 717 717 720 720 720 720 723 723 723 723 721 721 721 721 717 717 717 717 723 723 723 723 719 719 719 719 724 724 724 724 720 720 720 720 721 721 721 721 725 725 725 725 722 722 722 722 724 724 724 724 719 719 719 719 726 726 726 726 719 719 719 719 706 706 706 706 726 726 726 726 725 725 725 725 721 721 721 721 727 727 727 727 721 721 721 721 723 723 723 723 727 727 727 727 722 722 722 722 725 725 725 725 728 728 728 728 725 725 725 725 727 727 727 727 728 728 728 728 729 729 729 729 722 722 722 722 728 728 728 728 727 727 727 727 723 723 723 723 730 730 730 730 729 729 729 729 728 728 728 728 731 731 731 731 732 732 732 732 729 729 729 729 731 731 731 731 727 727 727 727 733 733 733 733 728 728 728 728 728 728 728 728 733 733 733 733 731 731 731 731 727 727 727 727 730 730 730 730 733 733 733 733 732 732 732 732 731 731 731 731 734 734 734 734 735 735 735 735 732 732 732 732 734 734 734 734 733 733 733 733 736 736 736 736 731 731 731 731 735 735 735 735 734 734 734 734 737 737 737 737 738 738 738 738 735 735 735 735 737 737 737 737 738 738 738 738 737 737 737 737 739 739 739 739 734 734 734 734 731 731 731 731 740 740 740 740 731 731 731 731 736 736 736 736 740 740 740 740 737 737 737 737 734 734 734 734 741 741 741 741 734 734 734 734 740 740 740 740 741 741 741 741 737 737 737 737 742 742 742 742 739 739 739 739 737 737 737 737 741 741 741 741 742 742 742 742 739 739 739 739 742 742 742 742 743 743 743 743 741 741 741 741 740 740 740 740 744 744 744 744 742 742 742 742 745 745 745 745 743 743 743 743 743 743 743 743 745 745 745 745 746 746 746 746 741 741 741 741 747 747 747 747 742 742 742 742 742 742 742 742 747 747 747 747 745 745 745 745 741 741 741 741 744 744 744 744 747 747 747 747 745 745 745 745 748 748 748 748 746 746 746 746 746 746 746 746 748 748 748 748 749 749 749 749 747 747 747 747 750 750 750 750 745 745 745 745 745 745 745 745 750 750 750 750 748 748 748 748 744 744 744 744 751 751 751 751 747 747 747 747 747 747 747 747 751 751 751 751 750 750 750 750 740 740 740 740 752 752 752 752 744 744 744 744 740 740 740 740 736 736 736 736 752 752 752 752 753 753 753 753 751 751 751 751 744 744 744 744 752 752 752 752 753 753 753 753 744 744 744 744 736 736 736 736 754 754 754 754 752 752 752 752 755 755 755 755 753 753 753 753 752 752 752 752 754 754 754 754 755 755 755 755 752 752 752 752 756 756 756 756 754 754 754 754 736 736 736 736 733 733 733 733 756 756 756 756 736 736 736 736 730 730 730 730 756 756 756 756 733 733 733 733 756 756 756 756 757 757 757 757 754 754 754 754 757 757 757 757 755 755 755 755 754 754 754 754 730 730 730 730 758 758 758 758 756 756 756 756 758 758 758 758 757 757 757 757 756 756 756 756 730 730 730 730 759 759 759 759 758 758 758 758 723 723 723 723 759 759 759 759 730 730 730 730 723 723 723 723 720 720 720 720 759 759 759 759 720 720 720 720 724 724 724 724 759 759 759 759 759 759 759 759 724 724 724 724 760 760 760 760 759 759 759 759 760 760 760 760 758 758 758 758 724 724 724 724 726 726 726 726 760 760 760 760 758 758 758 758 761 761 761 761 757 757 757 757 758 758 758 758 760 760 760 760 761 761 761 761 760 760 760 760 726 726 726 726 762 762 762 762 760 760 760 760 762 762 762 762 761 761 761 761 761 761 761 761 763 763 763 763 757 757 757 757 757 757 757 757 763 763 763 763 755 755 755 755 761 761 761 761 762 762 762 762 764 764 764 764 761 761 761 761 764 764 764 764 763 763 763 763 726 726 726 726 765 765 765 765 762 762 762 762 726 726 726 726 706 706 706 706 765 765 765 765 706 706 706 706 703 703 703 703 765 765 765 765 765 765 765 765 703 703 703 703 702 702 702 702 762 762 762 762 765 765 765 765 766 766 766 766 765 765 765 765 702 702 702 702 766 766 766 766 762 762 762 762 766 766 766 766 764 764 764 764 766 766 766 766 702 702 702 702 701 701 701 701 766 766 766 766 701 701 701 701 767 767 767 767 764 764 764 764 766 766 766 766 767 767 767 767 701 701 701 701 680 680 680 680 767 767 767 767 680 680 680 680 678 678 678 678 767 767 767 767 764 764 764 764 767 767 767 767 768 768 768 768 764 764 764 764 768 768 768 768 763 763 763 763 767 767 767 767 678 678 678 678 769 769 769 769 769 769 769 769 678 678 678 678 676 676 676 676 767 767 767 767 770 770 770 770 768 768 768 768 770 770 770 770 767 767 767 767 769 769 769 769 763 763 763 763 768 768 768 768 771 771 771 771 763 763 763 763 771 771 771 771 755 755 755 755 755 755 755 755 771 771 771 771 753 753 753 753 768 768 768 768 772 772 772 772 771 771 771 771 768 768 768 768 770 770 770 770 772 772 772 772 771 771 771 771 773 773 773 773 753 753 753 753 771 771 771 771 772 772 772 772 773 773 773 773 753 753 753 753 773 773 773 773 751 751 751 751 773 773 773 773 774 774 774 774 751 751 751 751 751 751 751 751 774 774 774 774 750 750 750 750 772 772 772 772 775 775 775 775 773 773 773 773 773 773 773 773 775 775 775 775 774 774 774 774 770 770 770 770 776 776 776 776 772 772 772 772 772 772 772 772 776 776 776 776 775 775 775 775 774 774 774 774 777 777 777 777 750 750 750 750 775 775 775 775 777 777 777 777 774 774 774 774 777 777 777 777 778 778 778 778 750 750 750 750 750 750 750 750 778 778 778 778 748 748 748 748 775 775 775 775 779 779 779 779 777 777 777 777 776 776 776 776 779 779 779 779 775 775 775 775 777 777 777 777 780 780 780 780 778 778 778 778 779 779 779 779 780 780 780 780 777 777 777 777 778 778 778 778 781 781 781 781 748 748 748 748 780 780 780 780 781 781 781 781 778 778 778 778 780 780 780 780 779 779 779 779 782 782 782 782 780 780 780 780 782 782 782 782 781 781 781 781 779 779 779 779 776 776 776 776 783 783 783 783 779 779 779 779 783 783 783 783 782 782 782 782 776 776 776 776 770 770 770 770 784 784 784 784 776 776 776 776 784 784 784 784 783 783 783 783 770 770 770 770 769 769 769 769 784 784 784 784 782 782 782 782 783 783 783 783 785 785 785 785 784 784 784 784 769 769 769 769 786 786 786 786 769 769 769 769 676 676 676 676 786 786 786 786 786 786 786 786 676 676 676 676 675 675 675 675 783 783 783 783 784 784 784 784 787 787 787 787 784 784 784 784 786 786 786 786 787 787 787 787 783 783 783 783 787 787 787 787 785 785 785 785 786 786 786 786 675 675 675 675 788 788 788 788 787 787 787 787 786 786 786 786 788 788 788 788 788 788 788 788 675 675 675 675 637 637 637 637 788 788 788 788 637 637 637 637 635 635 635 635 787 787 787 787 788 788 788 788 789 789 789 789 789 789 789 789 788 788 788 788 635 635 635 635 785 785 785 785 787 787 787 787 789 789 789 789 789 789 789 789 635 635 635 635 790 790 790 790 635 635 635 635 628 628 628 628 790 790 790 790 790 790 790 790 628 628 628 628 626 626 626 626 785 785 785 785 789 789 789 789 791 791 791 791 789 789 789 789 790 790 790 790 791 791 791 791 790 790 790 790 626 626 626 626 792 792 792 792 791 791 791 791 790 790 790 790 792 792 792 792 792 792 792 792 626 626 626 626 627 627 627 627 792 792 792 792 627 627 627 627 793 793 793 793 794 794 794 794 792 792 792 792 793 793 793 793 791 791 791 791 792 792 792 792 794 794 794 794 794 794 794 794 793 793 793 793 749 749 749 749 785 785 785 785 791 791 791 791 795 795 795 795 795 795 795 795 791 791 791 791 794 794 794 794 782 782 782 782 785 785 785 785 795 795 795 795 782 782 782 782 795 795 795 795 781 781 781 781 796 796 796 796 794 794 794 794 749 749 749 749 795 795 795 795 794 794 794 794 796 796 796 796 781 781 781 781 795 795 795 795 796 796 796 796 748 748 748 748 796 796 796 796 749 749 749 749 781 781 781 781 796 796 796 796 748 748 748 748 </p>
        </triangles>
      </mesh>
    </geometry>
    <geometry id="WingM__BodyC-mesh" name="WingM__BodyC">
      <mesh>
        <source id="WingM__BodyC-position">
          <float_array id="WingM__BodyC-position-array" count="1656">0.5399382 0.6085038 -0.3919382 0.5569394 0.5907867 -0.410595 0.5021519 0.5364568 -0.3454598 0.607467 0.6642419 -0.4464217 0.485259 0.5485798 -0.326531 0.460538 0.5070065 -0.275179 0.5955015 0.6859584 -0.4330915 0.6481025 0.7425137 -0.449706 0.5222604 0.646737 -0.3316674 0.4543625 0.5164126 -0.2746344 0.6353291 0.7476633 -0.4439757 0.4691704 0.575509 -0.2722183 0.4340278 0.5210906 -0.2285478 0.4344197 0.5040916 -0.2152698 0.5857471 0.7314152 -0.3801133 0.4225073 0.5399457 -0.1793869 0.4224784 0.5207353 -0.1677223 0.427187 0.5558603 -0.1301618 0.4593326 0.6032777 -0.2149612 0.4273102 0.5754951 -0.1391065 0.445409 0.6120067 -0.1025581 0.5125674 0.6889418 -0.2625045 0.4609306 0.6417972 -0.1632401 0.4406235 0.615463 -0.1117948 0.4665334 0.6784434 -0.1130344 0.4776397 0.6906611 -0.091947 0.5117694 0.7311587 -0.1928775 0.5174749 0.76764 -0.130234 0.5276378 0.777051 -0.1044228 0.5752512 0.8463914 -0.1469668 0.5681958 0.8439478 -0.1733561 0.62523 0.8884915 -0.2097129 0.5715739 0.8176422 -0.2383555 0.6145002 0.8849787 -0.2182282 0.6294983 0.8822179 -0.2778177 0.6548317 0.8929535 -0.2844879 0.581374 0.7822518 -0.3137404 0.6399456 0.8534402 -0.3521461 0.6669487 0.8656611 -0.3575355 0.6647838 0.8127863 -0.4162832 0.6400566 0.8002238 -0.4126165 0.6647838 0.8127863 -0.4162832 0.6669487 0.8656611 -0.3575355 0.6601232 0.8163614 -0.3280326 0.6548317 0.8929535 -0.2844879 0.6572276 0.7702889 -0.3836467 0.6481025 0.7425137 -0.449706 0.645673 0.8438973 -0.2626337 0.62523 0.8884915 -0.2097129 0.6461335 0.7268319 -0.4144969 0.607467 0.6642419 -0.4464217 0.6284794 0.7446023 -0.2872287 0.6268693 0.7013735 -0.3484544 0.6173238 0.6691475 -0.402643 0.5569394 0.5907867 -0.410595 0.5708419 0.600232 -0.3660115 0.5021519 0.5364568 -0.3454598 0.5732285 0.6265997 -0.3058901 0.5181301 0.549639 -0.3102681 0.482627 0.5249392 -0.266862 0.460538 0.5070065 -0.275179 0.5188192 0.5671478 -0.2563042 0.4698523 0.5267374 -0.223389 0.4344197 0.5040916 -0.2152698 0.5678606 0.662798 -0.2421775 0.513327 0.5910121 -0.2031571 0.4616807 0.5426705 -0.1778291 0.4224784 0.5207353 -0.1677223 0.427187 0.5558603 -0.1301618 0.4635601 0.5761226 -0.1421995 0.445409 0.6120067 -0.1025581 0.510399 0.6273942 -0.1572587 0.471471 0.6145924 -0.1194717 0.4776397 0.6906611 -0.091947 0.5017952 0.6669331 -0.1174361 0.5625963 0.7026168 -0.1809174 0.55046 0.743186 -0.1309943 0.5276378 0.777051 -0.1044228 0.615038 0.7786244 -0.2214534 0.5936338 0.8108451 -0.1696911 0.5752512 0.8463914 -0.1469668 0.625267 0.8499832 -0.2120352 0.476972 0.8749756 -0.004093699 0.4495137 0.8853291 0.01786446 0.4107351 0.749818 -0.003783226 0.4966707 1.016386 0.001393586 0.4335439 0.7325253 -0.02352442 0.387031 0.6324729 -0.05078982 0.5248028 1.014494 -0.01904897 0.5459508 1.121073 -0.04522381 0.5136746 0.8591192 -0.0823943 0.4047112 0.6338183 -0.05344313 0.5596753 1.108635 -0.0495056 0.4627957 0.7070224 -0.09237923 0.4125989 0.58257 -0.1028531 0.3852215 0.5558543 -0.1107952 0.5631534 1.010841 -0.09321148 0.4297457 0.5509529 -0.1700164 0.3994677 0.5231094 -0.1752813 0.4260994 0.5363511 -0.242728 0.4875306 0.6826476 -0.1715803 0.4553667 0.5621652 -0.2408854 0.4671405 0.5942522 -0.309342 0.5471309 0.8437113 -0.1769232 0.5129464 0.6830953 -0.2542398 0.4804235 0.5976955 -0.2978037 0.528978 0.6869931 -0.3315368 0.5224472 0.6965195 -0.3643324 0.5730852 0.8307739 -0.2741418 0.5873896 0.8222947 -0.3604649 0.5776702 0.8241848 -0.3957591 0.6183429 0.9583358 -0.3913023 0.6301499 0.9642324 -0.3590552 0.6418916 1.075299 -0.3548717 0.6205024 0.983479 -0.2783045 0.6498637 1.065605 -0.3405876 0.6515362 1.113977 -0.2811512 0.6445797 1.151954 -0.2866241 0.599229 1.007246 -0.1849558 0.634618 1.146316 -0.1945491 0.6277162 1.186404 -0.2026133 0.5922891 1.176903 -0.1178569 0.5979728 1.139532 -0.1082757 0.5922891 1.176903 -0.1178569 0.6277162 1.186404 -0.2026133 0.5699927 1.126014 -0.211571 0.6445797 1.151954 -0.2866241 0.5424589 1.118708 -0.1317782 0.5459508 1.121073 -0.04522381 0.590822 1.095633 -0.2878699 0.6418916 1.075299 -0.3548717 0.5190048 1.088458 -0.07491916 0.4966707 1.016386 0.001393586 0.5098319 1.014015 -0.2136547 0.4840867 1.015367 -0.1284221 0.476364 1.010161 -0.05186637 0.4495137 0.8853291 0.01786446 0.4295424 0.8898036 -0.04032628 0.4107351 0.749818 -0.003783226 0.4341691 0.8848773 -0.1212404 0.3962964 0.7636378 -0.05637795 0.3834684 0.6731956 -0.07910556 0.387031 0.6324729 -0.05078982 0.3964239 0.7496232 -0.1280241 0.3804985 0.6315587 -0.1275306 0.3852215 0.5558543 -0.1107952 0.4572396 0.873316 -0.209151 0.4121492 0.7301467 -0.2019576 0.3908273 0.6053557 -0.1901166 0.3994677 0.5231094 -0.1752813 0.4260994 0.5363511 -0.242728 0.4191141 0.6131349 -0.2521619 0.4671405 0.5942522 -0.309342 0.4417056 0.7280191 -0.2741702 0.4518301 0.6405798 -0.2997421 0.5224472 0.6965195 -0.3643324 0.4824653 0.7225262 -0.3344866 0.4878119 0.8592839 -0.2943719 0.5292399 0.8422374 -0.3620988 0.5776702 0.8241848 -0.3957591 0.5358678 0.9906622 -0.2955451 0.5714833 0.964779 -0.3588627 0.6183429 0.9583358 -0.3913023 0.6004371 1.049606 -0.3377411 -0.5569394 0.5907867 -0.410595 -0.5399382 0.6085038 -0.3919382 -0.5021519 0.5364568 -0.3454598 -0.607467 0.6642419 -0.4464217 -0.485259 0.5485798 -0.326531 -0.460538 0.5070065 -0.275179 -0.5955015 0.6859584 -0.4330915 -0.6481025 0.7425137 -0.449706 -0.5222604 0.6467369 -0.3316674 -0.4543625 0.5164126 -0.2746344 -0.6353291 0.7476633 -0.4439756 -0.4691704 0.575509 -0.2722183 -0.4340278 0.5210906 -0.2285479 -0.4344197 0.5040916 -0.2152698 -0.5857471 0.7314152 -0.3801133 -0.4225073 0.5399457 -0.1793869 -0.4224784 0.5207353 -0.1677223 -0.427187 0.5558602 -0.1301618 -0.4593326 0.6032777 -0.2149612 -0.4273102 0.5754951 -0.1391065 -0.445409 0.6120067 -0.1025581 -0.5125674 0.6889417 -0.2625044 -0.4609306 0.6417971 -0.1632401 -0.4406235 0.615463 -0.1117948 -0.4665334 0.6784434 -0.1130344 -0.4776397 0.690661 -0.09194698 -0.5117694 0.7311587 -0.1928775 -0.5174749 0.7676399 -0.1302339 -0.5276378 0.7770509 -0.1044228 -0.5752512 0.8463913 -0.1469667 -0.5681958 0.8439478 -0.1733561 -0.62523 0.8884915 -0.2097129 -0.5715739 0.8176422 -0.2383554 -0.6145002 0.8849787 -0.2182281 -0.6294983 0.8822179 -0.2778176 -0.6548317 0.8929535 -0.2844879 -0.581374 0.7822518 -0.3137404 -0.6399456 0.8534402 -0.352146 -0.6669487 0.8656611 -0.3575355 -0.6647838 0.8127863 -0.4162832 -0.6400566 0.8002238 -0.4126165 -0.6601232 0.8163614 -0.3280326 -0.6669487 0.8656611 -0.3575355 -0.6647838 0.8127863 -0.4162832 -0.6548317 0.8929535 -0.2844879 -0.6572276 0.7702889 -0.3836466 -0.6481025 0.7425137 -0.449706 -0.645673 0.8438973 -0.2626336 -0.62523 0.8884915 -0.2097129 -0.6284794 0.7446023 -0.2872286 -0.6461335 0.7268319 -0.4144969 -0.607467 0.6642419 -0.4464217 -0.625267 0.8499832 -0.2120352 -0.5752512 0.8463913 -0.1469667 -0.6173238 0.6691475 -0.402643 -0.5569394 0.5907867 -0.410595 -0.6268693 0.7013735 -0.3484544 -0.5708419 0.600232 -0.3660115 -0.5021519 0.5364568 -0.3454598 -0.5732285 0.6265996 -0.3058901 -0.5181301 0.549639 -0.3102681 -0.482627 0.5249392 -0.266862 -0.460538 0.5070065 -0.275179 -0.5188192 0.5671478 -0.2563042 -0.4698523 0.5267374 -0.223389 -0.4344197 0.5040916 -0.2152698 -0.5678606 0.662798 -0.2421775 -0.513327 0.5910121 -0.2031571 -0.4616807 0.5426705 -0.1778291 -0.4224784 0.5207353 -0.1677223 -0.427187 0.5558602 -0.1301618 -0.4635601 0.5761226 -0.1421994 -0.445409 0.6120067 -0.1025581 -0.510399 0.6273942 -0.1572587 -0.471471 0.6145924 -0.1194717 -0.4776397 0.690661 -0.09194698 -0.5017952 0.666933 -0.1174361 -0.5625963 0.7026168 -0.1809174 -0.55046 0.7431859 -0.1309943 -0.5276378 0.7770509 -0.1044228 -0.615038 0.7786244 -0.2214534 -0.5936338 0.8108451 -0.1696911 -0.4495137 0.885329 0.0178645 -0.476972 0.8749756 -0.004093654 -0.4107351 0.749818 -0.003783196 -0.4966707 1.016386 0.001393653 -0.4335439 0.7325252 -0.02352439 -0.387031 0.6324728 -0.05078981 -0.5248028 1.014494 -0.0190489 -0.5459508 1.121073 -0.04522373 -0.5136746 0.8591192 -0.08239426 -0.4047112 0.6338182 -0.05344312 -0.5596753 1.108635 -0.04950552 -0.4627957 0.7070224 -0.0923792 -0.4125989 0.5825699 -0.1028531 -0.3852215 0.5558542 -0.1107952 -0.5631534 1.010841 -0.09321141 -0.4297457 0.5509528 -0.1700164 -0.3994677 0.5231094 -0.1752814 -0.4260994 0.5363511 -0.242728 -0.4875306 0.6826476 -0.1715803 -0.4553667 0.5621652 -0.2408854 -0.4671405 0.5942522 -0.309342 -0.5471309 0.8437113 -0.1769231 -0.5129464 0.6830953 -0.2542398 -0.4804235 0.5976955 -0.2978037 -0.528978 0.6869931 -0.3315368 -0.5224472 0.6965195 -0.3643324 -0.5730852 0.8307739 -0.2741417 -0.5873896 0.8222947 -0.3604649 -0.5776702 0.8241848 -0.395759 -0.6183429 0.9583358 -0.3913022 -0.6301499 0.9642324 -0.3590551 -0.6418916 1.075299 -0.3548716 -0.6205024 0.983479 -0.2783044 -0.6498637 1.065605 -0.3405875 -0.6515362 1.113977 -0.2811511 -0.6445797 1.151954 -0.286624 -0.599229 1.007246 -0.1849557 -0.634618 1.146316 -0.1945491 -0.6277162 1.186404 -0.2026132 -0.5922891 1.176903 -0.1178568 -0.5979728 1.139532 -0.1082757 -0.5699927 1.126014 -0.2115709 -0.6277162 1.186404 -0.2026132 -0.5922891 1.176903 -0.1178568 -0.6445797 1.151954 -0.286624 -0.5424589 1.118708 -0.1317782 -0.5459508 1.121073 -0.04522373 -0.590822 1.095633 -0.2878698 -0.6418916 1.075299 -0.3548716 -0.5098319 1.014015 -0.2136547 -0.5190048 1.088458 -0.07491908 -0.4966707 1.016386 0.001393653 -0.6004371 1.049606 -0.337741 -0.6183429 0.9583358 -0.3913022 -0.476364 1.010161 -0.0518663 -0.4495137 0.885329 0.0178645 -0.4840867 1.015367 -0.128422 -0.4295424 0.8898036 -0.04032623 -0.4107351 0.749818 -0.003783196 -0.4341691 0.8848772 -0.1212404 -0.3962964 0.7636378 -0.05637792 -0.3834684 0.6731956 -0.07910554 -0.387031 0.6324728 -0.05078981 -0.3964239 0.7496232 -0.1280241 -0.3804985 0.6315586 -0.1275306 -0.3852215 0.5558542 -0.1107952 -0.4572396 0.873316 -0.2091509 -0.4121492 0.7301466 -0.2019576 -0.3908273 0.6053557 -0.1901166 -0.3994677 0.5231094 -0.1752814 -0.4260994 0.5363511 -0.242728 -0.4191141 0.6131349 -0.2521619 -0.4671405 0.5942522 -0.309342 -0.4417056 0.728019 -0.2741702 -0.4518301 0.6405798 -0.2997421 -0.5224472 0.6965195 -0.3643324 -0.4824653 0.7225262 -0.3344866 -0.4878119 0.8592839 -0.2943718 -0.5292399 0.8422374 -0.3620988 -0.5776702 0.8241848 -0.395759 -0.5358678 0.9906622 -0.295545 -0.5714833 0.964779 -0.3588626 0.4277027 0.5134537 -0.1885243 0.460538 0.5070065 -0.275179 0.4925606 0.5375658 -0.2623987 0.4713644 0.5517346 -0.1825781 0.460538 0.5070065 -0.275179 0.5021519 0.5364568 -0.3454598 0.436298 0.5839335 -0.1163599 0.4277027 0.5134537 -0.1885243 0.5711402 0.603528 -0.3584963 0.5569394 0.5907867 -0.410595 0.4836088 0.6243221 -0.1277266 0.4776397 0.6906611 -0.091947 0.5678606 0.662798 -0.2421775 0.5519771 0.7381148 -0.1372347 0.5276378 0.777051 -0.1044228 0.6127152 0.8227714 -0.20103 0.5276378 0.777051 -0.1044228 0.6127353 0.8779665 -0.1940264 0.6548317 0.8929535 -0.2844879 0.6492364 0.7753041 -0.3391859 0.6669487 0.8656611 -0.3575355 0.6647838 0.8127863 -0.4162832 0.6669487 0.8656611 -0.3575355 0.6481025 0.7425137 -0.449706 0.6317286 0.6979897 -0.40857 0.5569394 0.5907867 -0.410595 0.607467 0.6642419 -0.4464217 -0.460538 0.5070065 -0.275179 -0.4277027 0.5134537 -0.1885244 -0.4925606 0.5375658 -0.2623987 -0.4713644 0.5517346 -0.1825781 -0.5021519 0.5364568 -0.3454598 -0.460538 0.5070065 -0.275179 -0.4277027 0.5134537 -0.1885244 -0.436298 0.5839335 -0.1163599 -0.5711402 0.603528 -0.3584963 -0.5569394 0.5907867 -0.410595 -0.5678606 0.662798 -0.2421775 -0.4836088 0.6243221 -0.1277266 -0.4776397 0.690661 -0.09194698 -0.5519771 0.7381148 -0.1372347 -0.5276378 0.7770509 -0.1044228 -0.6127152 0.8227714 -0.2010299 -0.5276378 0.7770509 -0.1044228 -0.6127353 0.8779664 -0.1940264 -0.6548317 0.8929535 -0.2844879 -0.6492364 0.7753041 -0.3391858 -0.6669487 0.8656611 -0.3575355 -0.6669487 0.8656611 -0.3575355 -0.6647838 0.8127863 -0.4162832 -0.6481025 0.7425137 -0.449706 -0.6317286 0.6979897 -0.4085699 -0.5569394 0.5907867 -0.410595 -0.607467 0.6642419 -0.4464217 0.393235 0.5374353 -0.1470687 0.387031 0.6324729 -0.05078982 0.3857328 0.6786404 -0.1072247 0.4012378 0.6361878 -0.2054884 0.387031 0.6324729 -0.05078982 0.4107351 0.749818 -0.003783226 0.4495137 0.8853291 0.01786446 0.4149973 0.8346061 -0.04734889 0.4260994 0.5363511 -0.242728 0.393235 0.5374353 -0.1470687 0.4716073 0.9827449 -0.1266267 0.4375169 0.6285726 -0.2789257 0.4671405 0.5942522 -0.309342 0.5224472 0.6965195 -0.3643324 0.508776 0.7898638 -0.3500185 0.5776702 0.8241848 -0.3957591 0.5032579 0.9964275 -0.2130918 0.5536222 0.9621686 -0.3350086 0.5776702 0.8241848 -0.3957591 0.6183429 0.9583358 -0.3913023 0.5968314 1.066866 -0.3190394 0.6418916 1.075299 -0.3548717 0.6445797 1.151954 -0.2866241 0.5579467 1.122818 -0.1766617 0.6277162 1.186404 -0.2026133 0.5922891 1.176903 -0.1178569 0.6277162 1.186404 -0.2026133 0.5459508 1.121073 -0.04522381 0.4870242 1.029735 -0.05762957 0.4966707 1.016386 0.001393586 0.4495137 0.8853291 0.01786446 -0.387031 0.6324728 -0.05078981 -0.393235 0.5374352 -0.1470687 -0.3857328 0.6786404 -0.1072246 -0.4012378 0.6361877 -0.2054884 -0.4107351 0.749818 -0.003783196 -0.387031 0.6324728 -0.05078981 -0.4149973 0.8346061 -0.04734884 -0.4495137 0.885329 0.0178645 -0.393235 0.5374352 -0.1470687 -0.4260994 0.5363511 -0.242728 -0.4716073 0.9827448 -0.1266266 -0.4375169 0.6285726 -0.2789257 -0.4671405 0.5942522 -0.309342 -0.5224472 0.6965195 -0.3643324 -0.508776 0.7898638 -0.3500184 -0.5776702 0.8241848 -0.395759 -0.5032579 0.9964275 -0.2130917 -0.5536222 0.9621685 -0.3350086 -0.5776702 0.8241848 -0.395759 -0.6183429 0.9583358 -0.3913022 -0.5968314 1.066866 -0.3190393 -0.6418916 1.075299 -0.3548716 -0.6445797 1.151954 -0.286624 -0.5579467 1.122818 -0.1766616 -0.6277162 1.186404 -0.2026132 -0.6277162 1.186404 -0.2026132 -0.5922891 1.176903 -0.1178568 -0.5459508 1.121073 -0.04522373 -0.4870242 1.029735 -0.0576295 -0.4966707 1.016386 0.001393653 -0.4495137 0.885329 0.0178645 0.6548317 0.8929535 -0.2844879 0.6096263 0.8765844 -0.2249448 0.6127353 0.8779665 -0.1940264 0.6399456 0.8534402 -0.3521461 0.6669487 0.8656611 -0.3575355 0.6647838 0.8127863 -0.4162832 0.6342249 0.7592053 -0.4341082 0.6481025 0.7425137 -0.449706 0.607467 0.6642419 -0.4464217 0.6481025 0.7425137 -0.449706 0.5500358 0.6837837 -0.3528625 0.5091811 0.5747966 -0.3551466 0.5569394 0.5907867 -0.410595 0.5021519 0.5364568 -0.3454598 0.460538 0.5070065 -0.275179 0.446737 0.5181668 -0.2573519 0.4277027 0.5134537 -0.1885243 0.489527 0.665167 -0.2216869 0.4299012 0.5727084 -0.1490048 0.436298 0.5839335 -0.1163599 0.4792688 0.7007426 -0.1173343 0.6127353 0.8779665 -0.1940264 0.436298 0.5839335 -0.1163599 0.5276378 0.777051 -0.1044228 0.4776397 0.6906611 -0.091947 -0.6548317 0.8929535 -0.2844879 -0.6127353 0.8779664 -0.1940264 -0.6096263 0.8765844 -0.2249447 -0.6399456 0.8534402 -0.352146 -0.6669487 0.8656611 -0.3575355 -0.6647838 0.8127863 -0.4162832 -0.6342249 0.7592053 -0.4341081 -0.6481025 0.7425137 -0.449706 -0.607467 0.6642419 -0.4464217 -0.6481025 0.7425137 -0.449706 -0.5500358 0.6837837 -0.3528625 -0.5091811 0.5747966 -0.3551466 -0.5569394 0.5907867 -0.410595 -0.5021519 0.5364568 -0.3454598 -0.460538 0.5070065 -0.275179 -0.446737 0.5181668 -0.2573519 -0.4277027 0.5134537 -0.1885244 -0.489527 0.665167 -0.2216869 -0.4299012 0.5727084 -0.1490048 -0.436298 0.5839335 -0.1163599 -0.4792688 0.7007425 -0.1173343 -0.6127353 0.8779664 -0.1940264 -0.436298 0.5839335 -0.1163599 -0.5276378 0.7770509 -0.1044228 -0.4776397 0.690661 -0.09194698 0.4966707 1.016386 0.001393586 0.5687158 1.111803 -0.06481989 0.5459508 1.121073 -0.04522381 0.5922891 1.176903 -0.1178569 0.5459508 1.121073 -0.04522381 0.4579723 0.8126535 -0.01259464 0.4495137 0.8853291 0.01786446 0.4107351 0.749818 -0.003783226 0.387031 0.6324729 -0.05078982 0.634618 1.146316 -0.1945491 0.6277162 1.186404 -0.2026133 0.6445797 1.151954 -0.2866241 0.5538933 0.9390825 -0.1231056 0.6491216 1.073441 -0.3243288 0.6418916 1.075299 -0.3548717 0.4071761 0.6178032 -0.06888375 0.393235 0.5374353 -0.1470687 0.4751632 0.6948351 -0.1319797 0.4297457 0.5509529 -0.1700164 0.4260994 0.5363511 -0.242728 0.4725932 0.5865923 -0.2800168 0.4671405 0.5942522 -0.309342 0.5967938 0.9071265 -0.2762232 0.5618345 0.7631002 -0.3478089 0.4671405 0.5942522 -0.309342 0.5224472 0.6965195 -0.3643324 0.5776702 0.8241848 -0.3957591 0.6183429 0.9583358 -0.3913023 0.6418916 1.075299 -0.3548717 -0.4966707 1.016386 0.001393653 -0.5459508 1.121073 -0.04522373 -0.5687158 1.111803 -0.0648198 -0.5922891 1.176903 -0.1178568 -0.5459508 1.121073 -0.04522373 -0.4579723 0.8126535 -0.0125946 -0.4495137 0.885329 0.0178645 -0.4107351 0.749818 -0.003783196 -0.387031 0.6324728 -0.05078981 -0.634618 1.146316 -0.1945491 -0.6277162 1.186404 -0.2026132 -0.6445797 1.151954 -0.286624 -0.5538933 0.9390825 -0.1231056 -0.6491216 1.073441 -0.3243287 -0.6418916 1.075299 -0.3548716 -0.4071761 0.6178032 -0.06888373 -0.393235 0.5374352 -0.1470687 -0.4751632 0.6948351 -0.1319797 -0.4297457 0.5509528 -0.1700164 -0.4260994 0.5363511 -0.242728 -0.4725932 0.5865923 -0.2800168 -0.4671405 0.5942522 -0.309342 -0.5967938 0.9071265 -0.2762231 -0.5618345 0.7631002 -0.3478088 -0.4671405 0.5942522 -0.309342 -0.5224472 0.6965195 -0.3643324 -0.5776702 0.8241848 -0.395759 -0.6183429 0.9583358 -0.3913022 -0.6418916 1.075299 -0.3548716</float_array>
          <technique_common>
            <accessor source="#WingM__BodyC-position-array" count="552" stride="3">
              <param name="X" type="float" />
              <param name="Y" type="float" />
              <param name="Z" type="float" />
            </accessor>
          </technique_common>
        </source>
        <source id="WingM__BodyC-normal">
          <float_array id="WingM__BodyC-normal-array" count="1656">-0.8121331 0.2426614 -0.5303327 0.3072407 -0.7123289 -0.6301368 0.1506849 -0.855186 -0.4951075 0.4598826 -0.5185911 -0.7201565 -0.8571429 0.183953 -0.481409 0.1780822 -0.9726027 -0.1467709 -0.7612525 0.3072406 -0.5694717 0.7984344 -0.1761253 -0.5772994 -0.8454012 0.3600782 -0.3953034 -0.8943248 0.06849308 -0.444227 -0.6692759 0.3835616 -0.6360079 -0.8747554 0.3189823 -0.3659492 -0.9217221 0.1878669 -0.3385519 0.08414873 -0.9706457 0.227006 -0.81409 0.4011741 -0.4207437 -0.9373777 0.2602739 -0.2309198 0.01369863 -0.8532289 0.520548 0.04109589 -0.6438355 0.7651665 -0.8825831 0.369863 -0.2915852 -0.9373777 0.3228962 -0.1291586 0.09589041 -0.3131114 0.9452055 -0.8551859 0.4090019 -0.3189825 -0.8845401 0.407045 -0.2270059 -0.9354208 0.3522505 -0.003913947 -0.8923679 0.4403131 -0.08610574 0.02935421 0.05675162 0.9980431 -0.8630137 0.4403131 -0.2485324 -0.8630137 0.4951076 -0.1056752 0.1878669 0.2446185 0.9510763 0.3209393 0.4344424 0.8414872 -0.8121331 0.5675147 -0.1350295 0.702544 0.4618396 0.5420743 -0.8277887 0.4872798 -0.2759296 -0.702544 0.6927593 -0.1663406 -0.7260274 0.6183953 -0.30137 0.8688846 0.483366 0.107632 -0.8219178 0.4500978 -0.3463797 -0.7240704 0.5596868 -0.4031312 0.9001957 0.4031311 -0.1682975 0.8962818 0.2270058 -0.3816047 -0.7181996 0.4833659 -0.5029355 0.8962818 0.2270058 -0.3816047 0.9001957 0.4031311 -0.1682975 0.962818 -0.18591 0.1996086 0.8688846 0.483366 0.107632 0.960861 -0.2563601 0.1037182 0.7984344 -0.1761253 -0.5772994 0.9373777 -0.1389432 0.3170255 0.702544 0.4618396 0.5420743 0.9295499 -0.369863 -0.005870786 0.4598826 -0.5185911 -0.7201565 0.8864971 -0.3542074 0.2954991 0.8825831 -0.4168297 0.2152642 0.8610567 -0.5068493 0.02544039 0.3072407 -0.7123289 -0.6301368 0.7925636 -0.6066536 0.06457935 0.1506849 -0.855186 -0.4951075 0.8317025 -0.4951076 0.2524463 0.7279844 -0.6771037 0.113503 0.6516634 -0.7416829 0.1565559 0.1780822 -0.9726027 -0.1467709 0.7827789 -0.555773 0.2778866 0.6594912 -0.6868884 0.3033269 0.08414873 -0.9706457 0.227006 0.8336595 -0.4383561 0.3385519 0.7827789 -0.4990215 0.3698631 0.6477495 -0.626223 0.4344424 0.01369863 -0.8532289 0.520548 0.04109589 -0.6438355 0.7651665 0.6379648 -0.5381604 0.5518591 0.09589041 -0.3131114 0.9452055 0.7710372 -0.44227 0.4579257 0.6046967 -0.4227005 0.6731899 0.02935421 0.05675162 0.9980431 0.6751468 -0.3444226 0.6516635 0.8180039 -0.3816046 0.4305284 0.7436399 -0.2524461 0.6183954 0.1878669 0.2446185 0.9510763 0.8708415 -0.2994128 0.3913895 0.8121331 -0.1604696 0.5596869 0.3209393 0.4344424 0.8414872 0.8747554 -0.08806255 0.4774951 0.7749511 -0.2583169 0.5772995 -0.5459883 0.1663406 0.8219178 -0.6125244 -0.02739714 0.7906067 -0.4872798 0.3776909 0.7866927 0.7377691 -0.3365948 0.5831703 -0.8043053 -0.2309197 0.5459883 0.8023483 -0.1741682 0.5714286 -0.5048923 0.7103719 0.4911936 0.8669276 -0.2857142 0.407045 0.667319 -0.4207436 0.6144814 0.8121331 -0.05675138 0.5812133 0.8454012 -0.3365948 0.4148729 0.7612525 -0.4461839 0.4677104 -0.8395303 -0.4951076 0.2211351 0.8845401 -0.2309197 0.4031312 0.81409 -0.4833659 0.3228963 -0.7632094 -0.630137 -0.1428571 -0.6144814 -0.6027398 -0.5107631 0.8806262 -0.3483365 0.3248533 0.8551859 -0.4911937 0.1722114 -0.3835616 -0.4324854 -0.8160469 0.8982387 -0.295499 0.3228963 0.9021527 -0.3620352 0.2309198 0.8590998 -0.5127202 -0.003913817 0.9080235 -0.4187867 0.03913901 -0.07240704 -0.2857144 -0.9549901 0.9217221 -0.3111546 0.2348337 0.9412916 -0.3385518 0.04109594 0.01565558 -0.1017614 -0.9941292 0.06457926 0.1135028 -0.9921722 0.9667319 -0.2524462 0.04109593 -0.08806262 0.51272 -0.855186 0.9373777 -0.2563601 0.2348337 0.9902152 -0.1409002 0.005870863 0.9765166 -0.1272015 0.1780822 -0.146771 0.8395303 -0.522505 0.9158513 -0.2426614 0.3189824 0.9452055 -0.09980426 0.3072407 -0.223092 0.9530332 -0.2093935 -0.3424658 0.9334638 0.1095889 0.8962818 -0.08806255 0.4324853 -0.3424658 0.9334638 0.1095889 -0.223092 0.9530332 -0.2093935 -0.7651663 0.5596868 -0.3189825 -0.146771 0.8395303 -0.522505 -0.8121331 0.5596869 -0.1624267 -0.5048923 0.7103719 0.4911936 -0.7162427 0.514677 -0.4696674 -0.08806262 0.51272 -0.855186 -0.8473581 0.5303327 0.0489236 -0.4872798 0.3776909 0.7866927 -0.8630137 0.3874755 -0.3248533 -0.8982387 0.3953033 -0.1898239 -0.9080235 0.4109589 0.09001951 -0.5459883 0.1663406 0.8219178 -0.9452055 0.3052838 0.1135029 -0.6125244 -0.02739714 0.7906067 -0.9334638 0.3091976 -0.1800392 -0.9726027 0.2035225 0.1056751 -0.9921722 0.08414874 0.09393345 -0.8043053 -0.2309197 0.5459883 -0.9589041 0.221135 -0.1741683 -0.9921722 0.04696671 -0.1135029 -0.8395303 -0.4951076 0.2211351 -0.8982387 0.295499 -0.3228963 -0.925636 0.2035225 -0.3170255 -0.9549902 0.005870797 -0.297456 -0.7632094 -0.630137 -0.1428571 -0.6144814 -0.6027398 -0.5107631 -0.8806262 -0.005870913 -0.4735812 -0.3835616 -0.4324854 -0.8160469 -0.8727984 0.1800391 -0.4520548 -0.7612525 -0.02544041 -0.6477495 -0.07240704 -0.2857144 -0.9549901 -0.7299413 0.08610557 -0.6771037 -0.8473581 0.2681017 -0.4579257 -0.6947162 0.1859099 -0.6947162 0.01565558 -0.1017614 -0.9941292 -0.8180039 0.3561643 -0.4520549 -0.6692759 0.2974559 -0.6810177 0.06457926 0.1135028 -0.9921722 -0.6320939 0.4266144 -0.6477495 -0.3072407 -0.7123288 -0.630137 0.8121331 0.2426614 -0.5303327 -0.1506849 -0.8551859 -0.4951076 -0.4598826 -0.518591 -0.7201566 0.8571429 0.183953 -0.481409 -0.1780822 -0.9726027 -0.146771 0.7612525 0.3072407 -0.5694716 -0.7984344 -0.1761252 -0.5772994 0.8454012 0.3600783 -0.3953033 0.8943248 0.06849315 -0.444227 0.6692759 0.3835616 -0.6360078 0.8747554 0.3189824 -0.3659491 0.9217221 0.1878669 -0.3385518 -0.08414873 -0.9706458 0.2270059 0.81409 0.4011742 -0.4207436 0.9373777 0.260274 -0.2309198 -0.01369863 -0.853229 0.5205479 -0.04109589 -0.6438356 0.7651663 0.8825831 0.369863 -0.2915851 0.9373777 0.3228963 -0.1291585 -0.09589041 -0.3131115 0.9452055 0.8551859 0.4090019 -0.3189824 0.8845401 0.407045 -0.2270059 0.9354208 0.3522505 -0.003913894 0.8923679 0.4403131 -0.08610567 -0.02935421 0.05675147 0.9980431 0.8630137 0.4403131 -0.2485323 0.8630137 0.4951076 -0.1056751 -0.1878669 0.2446184 0.9510763 -0.3209393 0.4344423 0.8414873 0.8121331 0.5675147 -0.1350294 -0.702544 0.4618395 0.5420744 0.8277887 0.4872798 -0.2759295 0.702544 0.6927593 -0.1663405 0.7260274 0.6183953 -0.3013699 -0.8688846 0.483366 0.1076321 0.8219178 0.4500979 -0.3463796 0.7240704 0.5596869 -0.4031311 -0.9001957 0.4031311 -0.1682975 -0.8962818 0.2270059 -0.3816047 0.7181996 0.483366 -0.5029354 -0.962818 -0.18591 0.1996086 -0.9001957 0.4031311 -0.1682975 -0.8962818 0.2270059 -0.3816047 -0.8688846 0.483366 0.1076321 -0.960861 -0.2563601 0.1037182 -0.7984344 -0.1761252 -0.5772994 -0.9373777 -0.1389433 0.3170255 -0.702544 0.4618395 0.5420744 -0.8864971 -0.3542074 0.295499 -0.9295499 -0.369863 -0.005870841 -0.4598826 -0.518591 -0.7201566 -0.8747554 -0.08806262 0.4774951 -0.3209393 0.4344423 0.8414873 -0.8610567 -0.5068493 0.02544031 -0.3072407 -0.7123288 -0.630137 -0.8825831 -0.4168297 0.2152642 -0.7925636 -0.6066536 0.06457926 -0.1506849 -0.8551859 -0.4951076 -0.8317025 -0.4951076 0.2524462 -0.7279844 -0.6771037 0.1135029 -0.6516634 -0.7416829 0.1565558 -0.1780822 -0.9726027 -0.146771 -0.7827789 -0.555773 0.2778865 -0.6594912 -0.6868885 0.3033268 -0.08414873 -0.9706458 0.2270059 -0.8336595 -0.4383562 0.3385518 -0.7827789 -0.4990215 0.369863 -0.6477495 -0.6262231 0.4344423 -0.01369863 -0.853229 0.5205479 -0.04109589 -0.6438356 0.7651663 -0.6379648 -0.5381604 0.5518591 -0.09589041 -0.3131115 0.9452055 -0.7710372 -0.4422701 0.4579256 -0.6046967 -0.4227006 0.6731898 -0.02935421 0.05675147 0.9980431 -0.6751468 -0.3444227 0.6516634 -0.8180039 -0.3816047 0.4305284 -0.7436399 -0.2524462 0.6183953 -0.1878669 0.2446184 0.9510763 -0.8708415 -0.2994129 0.3913894 -0.8121331 -0.1604697 0.5596869 0.5459883 0.1663405 0.8219178 -0.7749511 -0.258317 0.5772994 0.6125244 -0.02739726 0.7906067 0.4872798 0.3776908 0.7866927 -0.7377691 -0.3365949 0.5831702 0.8043053 -0.2309198 0.5459883 -0.8023483 -0.1741683 0.5714286 0.5048923 0.7103718 0.4911937 -0.8669276 -0.2857143 0.407045 -0.667319 -0.4207436 0.6144814 -0.8121331 -0.05675147 0.5812133 -0.8454012 -0.3365949 0.4148728 -0.7612525 -0.4461839 0.4677104 0.8395303 -0.4951076 0.221135 -0.8845401 -0.2309198 0.4031311 -0.81409 -0.483366 0.3228963 0.7632094 -0.630137 -0.1428571 0.6144814 -0.6027398 -0.5107632 -0.8806262 -0.3483366 0.3248532 -0.8551859 -0.4911937 0.1722113 0.3835616 -0.4324853 -0.816047 -0.8982387 -0.295499 0.3228963 -0.9021527 -0.3620352 0.2309198 -0.8590998 -0.5127202 -0.003913894 -0.9080235 -0.4187867 0.03913894 0.07240704 -0.2857143 -0.9549902 -0.9217221 -0.3111546 0.2348337 -0.9412916 -0.3385518 0.04109589 -0.01565558 -0.1017613 -0.9941292 -0.06457926 0.1135029 -0.9921722 -0.9667319 -0.2524462 0.04109589 0.08806262 0.5127202 -0.8551859 -0.9373777 -0.2563601 0.2348337 -0.9902152 -0.1409002 0.005870841 -0.9765166 -0.1272016 0.1780822 0.146771 0.8395303 -0.5225049 -0.9158513 -0.2426614 0.3189824 -0.9452055 -0.0998043 0.3072407 0.223092 0.9530333 -0.2093934 0.3424658 0.9334638 0.109589 -0.8962818 -0.08806262 0.4324853 0.7651663 0.5596869 -0.3189824 0.223092 0.9530333 -0.2093934 0.3424658 0.9334638 0.109589 0.146771 0.8395303 -0.5225049 0.8121331 0.5596869 -0.1624266 0.5048923 0.7103718 0.4911937 0.7162427 0.5146771 -0.4696673 0.08806262 0.5127202 -0.8551859 0.8630137 0.3874756 -0.3248532 0.8473581 0.5303327 0.04892368 0.4872798 0.3776908 0.7866927 0.6320939 0.4266145 -0.6477495 -0.06457926 0.1135029 -0.9921722 0.9080235 0.4109589 0.09001957 0.5459883 0.1663405 0.8219178 0.8982387 0.3953033 -0.1898239 0.9452055 0.3052838 0.1135029 0.6125244 -0.02739726 0.7906067 0.9334638 0.3091977 -0.1800391 0.9726027 0.2035225 0.1056751 0.9921722 0.08414873 0.09393346 0.8043053 -0.2309198 0.5459883 0.9589041 0.221135 -0.1741683 0.9921722 0.04696673 -0.1135029 0.8395303 -0.4951076 0.221135 0.8982387 0.295499 -0.3228963 0.925636 0.2035225 -0.3170255 0.9549902 0.005870841 -0.297456 0.7632094 -0.630137 -0.1428571 0.6144814 -0.6027398 -0.5107632 0.8806262 -0.005870841 -0.4735812 0.3835616 -0.4324853 -0.816047 0.8727984 0.1800391 -0.4520548 0.7612525 -0.02544031 -0.6477495 0.07240704 -0.2857143 -0.9549902 0.7299413 0.08610567 -0.6771037 0.8473581 0.2681018 -0.4579256 0.6947162 0.18591 -0.6947162 -0.01565558 -0.1017613 -0.9941292 0.8180039 0.3561644 -0.4520548 0.6692759 0.297456 -0.6810176 -0.407045 -0.8571428 0.3131117 0.1722113 -0.9745597 -0.142857 0.7514677 -0.6086105 0.2544032 0.7123288 -0.5675146 0.4129159 0.1722113 -0.9745597 -0.142857 0.4344423 -0.8806262 -0.1878668 -0.1878669 -0.3953032 0.8982388 -0.407045 -0.8571428 0.3131117 0.8297456 -0.5303327 0.1761253 0.2994129 -0.6614482 -0.6868883 0.7181996 -0.4383561 0.5401175 0.2563601 -0.1682973 0.9510763 0.8414873 -0.4266144 0.3307241 0.7984344 -0.3170254 0.5107633 -0.5146771 0.6966733 0.4990214 0.8767123 -0.2348336 0.4187867 -0.5146771 0.6966733 0.4990214 0.08806262 0.7279845 0.6790605 0.9412916 0.2270059 0.2504892 0.9138943 -0.3111546 0.260274 0.9921722 0.1252446 0.01369861 0.9158513 0.144814 -0.3757339 0.9921722 0.1252446 0.01369861 0.9295499 -0.2348337 -0.2857143 0.8962818 -0.4266145 0.1232877 0.2994129 -0.6614482 -0.6868883 -0.5909981 0.08219166 -0.8023483 -0.1722113 -0.9745597 -0.1428571 0.407045 -0.8571429 0.3131115 -0.7514677 -0.6086106 0.2544031 -0.7123288 -0.5675147 0.4129159 -0.4344423 -0.8806262 -0.1878669 -0.1722113 -0.9745597 -0.1428571 0.407045 -0.8571429 0.3131115 0.1878669 -0.3953033 0.8982387 -0.8297456 -0.5303327 0.1761252 -0.2994129 -0.6614481 -0.6868885 -0.8414873 -0.4266145 0.3307241 -0.7181996 -0.4383562 0.5401174 -0.2563601 -0.1682975 0.9510763 -0.7984344 -0.3170255 0.5107632 0.5146771 0.6966732 0.4990215 -0.8767123 -0.2348337 0.4187867 0.5146771 0.6966732 0.4990215 -0.08806262 0.7279844 0.6790606 -0.9412916 0.2270059 0.2504892 -0.9138943 -0.3111546 0.260274 -0.9921722 0.1252446 0.01369863 -0.9921722 0.1252446 0.01369863 -0.9158513 0.1448141 -0.3757339 -0.9295499 -0.2348337 -0.2857143 -0.8962818 -0.4266145 0.1232877 -0.2994129 -0.6614481 -0.6868885 0.5909981 0.08219178 -0.8023483 -0.9060665 -0.4227006 0.001957011 -0.8238748 -0.2035224 0.5283758 -0.9686888 0.1878669 -0.1624267 -0.9334638 0.1624266 -0.3189824 -0.8238748 -0.2035224 0.5283758 -0.739726 -0.08219168 0.667319 -0.6340509 0.2661449 0.7260273 -0.964775 0.260274 -0.01565562 -0.6223092 -0.6399218 -0.4500978 -0.9060665 -0.4227006 0.001957011 -0.9236791 0.3268102 -0.2035225 -0.8414873 0.06653612 -0.5362035 -0.1174168 -0.4774952 -0.8708414 -0.2524462 -0.3072408 -0.9178082 -0.8219178 0.2113502 -0.5283758 -0.1017613 0.02739711 -0.9941292 -0.8747554 0.3091976 -0.37182 -0.8121331 0.2798434 -0.5107633 -0.1017613 0.02739711 -0.9941292 0.7866927 -0.1330725 -0.6027398 -0.7299413 0.4618394 -0.5048924 -0.1193738 0.4559686 -0.8806263 -0.1741683 0.8297455 -0.5303328 -0.7984344 0.5381604 -0.2720158 -0.3385518 0.9021526 -0.2700589 -0.1232877 0.9373778 0.3228961 -0.3385518 0.9021526 -0.2700589 -0.7221135 0.6594912 0.2054794 -0.8923679 0.4500979 0.02544025 0.4716243 0.00195708 0.8825831 -0.6340509 0.2661449 0.7260273 0.8238748 -0.2035225 0.5283757 0.9060665 -0.4227006 0.001956947 0.9686888 0.1878669 -0.1624266 0.9334638 0.1624266 -0.3189824 0.739726 -0.08219178 0.667319 0.8238748 -0.2035225 0.5283757 0.964775 0.260274 -0.01565558 0.6340509 0.2661448 0.7260274 0.9060665 -0.4227006 0.001956947 0.6223092 -0.6399217 -0.4500979 0.9236791 0.3268102 -0.2035225 0.8414873 0.0665362 -0.5362035 0.1174168 -0.4774951 -0.8708415 0.2524462 -0.3072407 -0.9178082 0.8219178 0.2113503 -0.5283757 0.1017613 0.02739726 -0.9941292 0.8747554 0.3091977 -0.37182 0.8121331 0.2798434 -0.5107632 0.1017613 0.02739726 -0.9941292 -0.7866927 -0.1330724 -0.6027398 0.7299413 0.4618395 -0.5048923 0.1193738 0.4559687 -0.8806262 0.1741683 0.8297456 -0.5303327 0.7984344 0.5381604 -0.2720157 0.3385518 0.9021527 -0.2700587 0.3385518 0.9021527 -0.2700587 0.1232877 0.9373777 0.3228963 0.7221135 0.6594912 0.2054795 0.8923679 0.4500979 0.02544031 -0.4716243 0.001956947 0.8825831 0.6340509 0.2661448 0.7260274 0.9412916 0.2270059 0.2504892 -0.81409 0.5322896 -0.2309198 0.08806262 0.7279845 0.6790605 -0.7925636 0.4990215 -0.3502936 0.9921722 0.1252446 0.01369861 0.9158513 0.144814 -0.3757339 -0.7553816 0.403131 -0.5166341 0.9295499 -0.2348337 -0.2857143 -0.5909981 0.08219166 -0.8023483 0.9295499 -0.2348337 -0.2857143 -0.8336595 0.3894324 -0.3933464 -0.8473581 0.2681017 -0.4579257 0.2994129 -0.6614482 -0.6868883 0.4344423 -0.8806262 -0.1878668 0.1722113 -0.9745597 -0.142857 -0.9001957 0.2602739 -0.3502936 -0.407045 -0.8571428 0.3131117 -0.8630137 0.4129158 -0.2935421 -0.9275929 0.3111546 -0.2035225 -0.1878669 -0.3953032 0.8982388 -0.8669276 0.4618395 -0.1819962 0.08806262 0.7279845 0.6790605 -0.1878669 -0.3953032 0.8982388 -0.5146771 0.6966733 0.4990214 0.2563601 -0.1682973 0.9510763 -0.9412916 0.2270059 0.2504892 -0.08806262 0.7279844 0.6790606 0.81409 0.5322896 -0.2309198 0.7925636 0.4990215 -0.3502935 -0.9921722 0.1252446 0.01369863 -0.9158513 0.1448141 -0.3757339 0.7553816 0.4031311 -0.516634 -0.9295499 -0.2348337 -0.2857143 0.5909981 0.08219178 -0.8023483 -0.9295499 -0.2348337 -0.2857143 0.8336595 0.3894325 -0.3933464 0.8473581 0.2681018 -0.4579256 -0.2994129 -0.6614481 -0.6868885 -0.4344423 -0.8806262 -0.1878669 -0.1722113 -0.9745597 -0.1428571 0.9001957 0.260274 -0.3502935 0.407045 -0.8571429 0.3131115 0.8630137 0.4129159 -0.2935421 0.9275929 0.3111546 -0.2035225 0.1878669 -0.3953033 0.8982387 0.8669276 0.4618395 -0.1819961 -0.08806262 0.7279844 0.6790606 0.1878669 -0.3953033 0.8982387 0.5146771 0.6966732 0.4990215 -0.2563601 -0.1682975 0.9510763 0.4716243 0.00195708 0.8825831 0.8630137 -0.1585127 0.4774951 -0.7221135 0.6594912 0.2054794 -0.1232877 0.9373778 0.3228961 -0.7221135 0.6594912 0.2054794 0.816047 -0.2876711 0.5029355 -0.6340509 0.2661449 0.7260273 -0.739726 -0.08219168 0.667319 -0.8238748 -0.2035224 0.5283758 0.9354208 -0.1800391 0.3013699 -0.3385518 0.9021526 -0.2700589 -0.1741683 0.8297455 -0.5303328 0.888454 -0.2739725 0.3679061 0.960861 -0.2152642 0.1761253 -0.1193738 0.4559686 -0.8806263 0.7221135 -0.4266144 0.5440314 -0.9060665 -0.4227006 0.001957011 0.8943248 -0.3228962 0.3111547 0.8199608 -0.481409 0.3091977 -0.6223092 -0.6399218 -0.4500978 0.9001957 -0.3933463 0.1898239 -0.1174168 -0.4774952 -0.8708414 0.9197652 -0.2974559 0.260274 0.9197652 -0.3620352 0.148728 -0.1174168 -0.4774952 -0.8708414 -0.2524462 -0.3072408 -0.9178082 -0.1017613 0.02739711 -0.9941292 0.7866927 -0.1330725 -0.6027398 -0.1193738 0.4559686 -0.8806263 -0.4716243 0.001956947 0.8825831 0.7221135 0.6594912 0.2054795 -0.8630137 -0.1585127 0.4774951 0.1232877 0.9373777 0.3228963 0.7221135 0.6594912 0.2054795 -0.816047 -0.2876712 0.5029354 0.6340509 0.2661448 0.7260274 0.739726 -0.08219178 0.667319 0.8238748 -0.2035225 0.5283757 -0.9354208 -0.1800391 0.3013699 0.3385518 0.9021527 -0.2700587 0.1741683 0.8297456 -0.5303327 -0.888454 -0.2739726 0.3679061 -0.960861 -0.2152642 0.1761252 0.1193738 0.4559687 -0.8806262 -0.7221135 -0.4266145 0.5440313 0.9060665 -0.4227006 0.001956947 -0.8943248 -0.3228963 0.3111546 -0.8199608 -0.481409 0.3091977 0.6223092 -0.6399217 -0.4500979 -0.9001957 -0.3933464 0.1898239 0.1174168 -0.4774951 -0.8708415 -0.9197652 -0.297456 0.260274 -0.9197652 -0.3620352 0.148728 0.1174168 -0.4774951 -0.8708415 0.2524462 -0.3072407 -0.9178082 0.1017613 0.02739726 -0.9941292 -0.7866927 -0.1330724 -0.6027398 0.1193738 0.4559687 -0.8806262</float_array>
          <technique_common>
            <accessor source="#WingM__BodyC-normal-array" count="552" stride="3">
              <param name="X" type="float" />
              <param name="Y" type="float" />
              <param name="Z" type="float" />
            </accessor>
          </technique_common>
        </source>
        <source id="WingM__BodyC-texcoord">
          <float_array id="WingM__BodyC-texcoord-array" count="1104">0.5143511 0.9454337 0.5160754 0.9443198 0.5100328 0.940856 0.5194018 0.9489891 0.508278 0.9416342 0.5035172 0.9389791 0.5181659 0.9503624 0.519707 0.9539635 0.508751 0.9478752 0.5034714 0.9395896 0.519173 0.954284 0.5032426 0.9433433 0.4991837 0.9398795 0.4979629 0.938796 0.5132524 0.9532616 0.4946212 0.9410849 0.4935378 0.9398642 0.4900587 0.942092 0.4979324 0.9451133 0.4908827 0.9433433 0.4874952 0.9456626 0.5023423 0.9505607 0.4931258 0.9475548 0.4883497 0.9458762 0.4884718 0.9498894 0.4865187 0.9506676 0.4958724 0.9532464 0.4900587 0.9555658 0.4876783 0.9561608 0.4916152 0.9605707 0.4940719 0.9604181 0.4974441 0.963241 0.5000992 0.9587396 0.4982376 0.9630274 0.5037614 0.9628443 0.504387 0.963531 0.5070878 0.9564813 0.5106584 0.9610132 0.511162 0.9617914 0.5166094 0.9584344 0.5162737 0.9576257 0.5166094 0.9584344 0.511162 0.9617914 0.5084153 0.9586633 0.504387 0.963531 0.5135881 0.9557336 0.519707 0.9539635 0.5023575 0.9604028 0.4974441 0.963241 0.5164416 0.9529717 0.5194018 0.9489891 0.5046311 0.9541008 0.5103227 0.951339 0.515343 0.9492943 0.5160754 0.9443198 0.5119402 0.9449149 0.5100328 0.940856 0.5063707 0.9465934 0.5067674 0.9416953 0.502739 0.9401236 0.5035172 0.9389791 0.5017624 0.9428092 0.4987106 0.9402457 0.4979629 0.938796 0.5004501 0.9488975 0.4968337 0.9443351 0.4944839 0.9412528 0.4935378 0.9398642 0.4900587 0.942092 0.4911726 0.9433738 0.4874952 0.9456626 0.4925765 0.9466392 0.4890669 0.9458305 0.4865187 0.9506676 0.4888838 0.9491569 0.4947738 0.9514306 0.490135 0.9540093 0.4876783 0.9561608 0.4985275 0.9562524 0.4937209 0.9583123 0.4916152 0.9605707 0.4976577 0.9607996 0.4783551 0.9623865 0.4763256 0.9630427 0.4783398 0.9544213 0.4778515 0.9713741 0.4801709 0.9533226 0.4826886 0.9469596 0.4797437 0.971252 0.4821851 0.978027 0.4856336 0.9613794 0.482948 0.9470512 0.4825818 0.9772488 0.4865492 0.9517052 0.4875258 0.9437858 0.4882582 0.942092 0.4866255 0.9710231 0.4937514 0.9417868 0.4942397 0.9400168 0.5005112 0.940856 0.493904 0.9501488 0.5003281 0.9424887 0.5066911 0.9445335 0.4943923 0.9604028 0.5015793 0.9501793 0.5056077 0.9447471 0.508751 0.9504387 0.5117876 0.9510338 0.5034257 0.9595789 0.5114366 0.9590296 0.5147021 0.9591516 0.5142901 0.9676814 0.5112993 0.9680629 0.5109178 0.9751278 0.5038071 0.9692836 0.5095903 0.9745021 0.5040665 0.9775845 0.5045853 0.9799954 0.49514 0.9707943 0.4960403 0.9796445 0.496788 0.9821927 0.4889143 0.9815823 0.4880293 0.979202 0.4889143 0.9815823 0.496788 0.9821927 0.497612 0.9783474 0.5045853 0.9799954 0.4902113 0.9778897 0.4821851 0.978027 0.5046921 0.9764096 0.5109178 0.9751278 0.4849317 0.9759518 0.4778515 0.9713741 0.4978103 0.9712215 0.4898909 0.9713131 0.4827954 0.9709774 0.4763256 0.9630427 0.4817273 0.9633326 0.4783398 0.9544213 0.4892347 0.9630121 0.4832074 0.9553064 0.4853284 0.9495537 0.4826886 0.9469596 0.4898604 0.9544213 0.4898146 0.9469138 0.4882582 0.942092 0.4973831 0.9622797 0.4967269 0.9531701 0.4956283 0.9452354 0.4942397 0.9400168 0.5005112 0.940856 0.5013809 0.9457389 0.5066911 0.9445335 0.5034257 0.9530327 0.5057908 0.9474785 0.5117876 0.9510338 0.5090257 0.952697 0.5053025 0.9613794 0.511574 0.960296 0.5147021 0.9591516 0.5054093 0.9697413 0.5112841 0.9680934 0.5142901 0.9676814 0.5093156 0.9734951 0.5160754 0.9443198 0.5143511 0.9454337 0.5100328 0.940856 0.5194018 0.9489891 0.508278 0.9416342 0.5035172 0.9389791 0.5181659 0.9503624 0.519707 0.9539635 0.508751 0.9478752 0.5034714 0.9395896 0.519173 0.954284 0.5032426 0.9433433 0.4991837 0.9398795 0.4979629 0.938796 0.5132524 0.9532616 0.4946212 0.9410849 0.4935378 0.9398642 0.4900587 0.942092 0.4979324 0.9451133 0.4908827 0.9433433 0.4874952 0.9456626 0.5023423 0.9505607 0.4931258 0.9475548 0.4883497 0.9458762 0.4884718 0.9498894 0.4865187 0.9506676 0.4958724 0.9532464 0.4900587 0.9555658 0.4876783 0.9561608 0.4916152 0.9605707 0.4940719 0.9604181 0.4974441 0.963241 0.5000992 0.9587396 0.4982376 0.9630274 0.5037614 0.9628443 0.504387 0.963531 0.5070878 0.9564813 0.5106584 0.9610132 0.511162 0.9617914 0.5166094 0.9584344 0.5162737 0.9576257 0.5084153 0.9586633 0.511162 0.9617914 0.5166094 0.9584344 0.504387 0.963531 0.5135881 0.9557336 0.519707 0.9539635 0.5023575 0.9604028 0.4974441 0.963241 0.5046311 0.9541008 0.5164416 0.9529717 0.5194018 0.9489891 0.4976577 0.9607996 0.4916152 0.9605707 0.515343 0.9492943 0.5160754 0.9443198 0.5103227 0.951339 0.5119402 0.9449149 0.5100328 0.940856 0.5063707 0.9465934 0.5067674 0.9416953 0.502739 0.9401236 0.5035172 0.9389791 0.5017624 0.9428092 0.4987106 0.9402457 0.4979629 0.938796 0.5004501 0.9488975 0.4968337 0.9443351 0.4944839 0.9412528 0.4935378 0.9398642 0.4900587 0.942092 0.4911726 0.9433738 0.4874952 0.9456626 0.4925765 0.9466392 0.4890669 0.9458305 0.4865187 0.9506676 0.4888838 0.9491569 0.4947738 0.9514306 0.490135 0.9540093 0.4876783 0.9561608 0.4985275 0.9562524 0.4937209 0.9583123 0.4763256 0.9630427 0.4783551 0.9623865 0.4783398 0.9544213 0.4778515 0.9713741 0.4801709 0.9533226 0.4826886 0.9469596 0.4797437 0.971252 0.4821851 0.978027 0.4856336 0.9613794 0.482948 0.9470512 0.4825818 0.9772488 0.4865492 0.9517052 0.4875258 0.9437858 0.4882582 0.942092 0.4866255 0.9710231 0.4937514 0.9417868 0.4942397 0.9400168 0.5005112 0.940856 0.493904 0.9501488 0.5003281 0.9424887 0.5066911 0.9445335 0.4943923 0.9604028 0.5015793 0.9501793 0.5056077 0.9447471 0.508751 0.9504387 0.5117876 0.9510338 0.5034257 0.9595789 0.5114366 0.9590296 0.5147021 0.9591516 0.5142901 0.9676814 0.5112993 0.9680629 0.5109178 0.9751278 0.5038071 0.9692836 0.5095903 0.9745021 0.5040665 0.9775845 0.5045853 0.9799954 0.49514 0.9707943 0.4960403 0.9796445 0.496788 0.9821927 0.4889143 0.9815823 0.4880293 0.979202 0.497612 0.9783474 0.496788 0.9821927 0.4889143 0.9815823 0.5045853 0.9799954 0.4902113 0.9778897 0.4821851 0.978027 0.5046921 0.9764096 0.5109178 0.9751278 0.4978103 0.9712215 0.4849317 0.9759518 0.4778515 0.9713741 0.5093156 0.9734951 0.5142901 0.9676814 0.4827954 0.9709774 0.4763256 0.9630427 0.4898909 0.9713131 0.4817273 0.9633326 0.4783398 0.9544213 0.4892347 0.9630121 0.4832074 0.9553064 0.4853284 0.9495537 0.4826886 0.9469596 0.4898604 0.9544213 0.4898146 0.9469138 0.4882582 0.942092 0.4973831 0.9622797 0.4967269 0.9531701 0.4956283 0.9452354 0.4942397 0.9400168 0.5005112 0.940856 0.5013809 0.9457389 0.5066911 0.9445335 0.5034257 0.9530327 0.5057908 0.9474785 0.5117876 0.9510338 0.5090257 0.952697 0.5053025 0.9613794 0.511574 0.960296 0.5147021 0.9591516 0.5054093 0.9697413 0.5112841 0.9680934 0.4954757 0.9393911 0.5035172 0.9389944 0.502327 0.9409323 0.4949264 0.9418326 0.5035172 0.9389944 0.5100328 0.940856 0.488777 0.9438773 0.4954757 0.9393911 0.5112535 0.9451286 0.5160754 0.9443198 0.4898299 0.9464408 0.4865187 0.9506676 0.5004501 0.9488975 0.4907149 0.9536889 0.4876783 0.9561608 0.4966354 0.9590601 0.4876783 0.9561608 0.4959792 0.9625696 0.504387 0.963531 0.5094529 0.956054 0.511162 0.9617914 0.5166094 0.9584344 0.511162 0.9617914 0.519707 0.9539635 0.5158923 0.9511254 0.5160754 0.9443198 0.5194018 0.9489891 0.5035172 0.9389944 0.4954757 0.9393911 0.502327 0.9409323 0.4949264 0.9418326 0.5100328 0.940856 0.5035172 0.9389944 0.4954757 0.9393911 0.488777 0.9438773 0.5112535 0.9451286 0.5160754 0.9443198 0.5004501 0.9488975 0.4898299 0.9464408 0.4865187 0.9506676 0.4907149 0.9536889 0.4876783 0.9561608 0.4966354 0.9590601 0.4876783 0.9561608 0.4959792 0.9625696 0.504387 0.963531 0.5094529 0.956054 0.511162 0.9617914 0.511162 0.9617914 0.5166094 0.9584344 0.519707 0.9539635 0.5158923 0.9511254 0.5160754 0.9443198 0.5194018 0.9489891 0.4916304 0.9409171 0.4826886 0.9469596 0.4879377 0.9499046 0.4970474 0.9472038 0.4826886 0.9469596 0.4783398 0.9544213 0.4763256 0.9630427 0.4823682 0.959823 0.5005112 0.940856 0.4916304 0.9409171 0.4897383 0.9692378 0.5038682 0.9467155 0.5066911 0.9445335 0.5117876 0.9510338 0.5104601 0.9569696 0.5147021 0.9591516 0.4977493 0.9701076 0.5090715 0.9679255 0.5147021 0.9591516 0.5142901 0.9676814 0.5075914 0.9745938 0.5109178 0.9751278 0.5045853 0.9799954 0.494377 0.9781491 0.496788 0.9819943 0.4889143 0.9815823 0.496788 0.9819943 0.4821851 0.978027 0.4833295 0.9722286 0.4778515 0.9713741 0.4763256 0.9630427 0.4826886 0.9469596 0.4916304 0.9409171 0.4879377 0.9499046 0.4970474 0.9472038 0.4783398 0.9544213 0.4826886 0.9469596 0.4823682 0.959823 0.4763256 0.9630427 0.4916304 0.9409171 0.5005112 0.940856 0.4897383 0.9692378 0.5038682 0.9467155 0.5066911 0.9445335 0.5117876 0.9510338 0.5104601 0.9569696 0.5147021 0.9591516 0.4977493 0.9701076 0.5090715 0.9679255 0.5147021 0.9591516 0.5142901 0.9676814 0.5075914 0.9745938 0.5109178 0.9751278 0.5045853 0.9799954 0.494377 0.9781491 0.496788 0.9819943 0.496788 0.9819943 0.4889143 0.9815823 0.4821851 0.978027 0.4833295 0.9722286 0.4778515 0.9713741 0.4763256 0.9630427 0.504387 0.963531 0.4988479 0.9624933 0.4959792 0.9625696 0.5106584 0.9610132 0.511162 0.9617914 0.5166094 0.9584344 0.5182574 0.9550164 0.519707 0.9539635 0.5194018 0.9489891 0.519707 0.9539635 0.5107195 0.9502251 0.5109331 0.9432975 0.5160754 0.9443198 0.5100328 0.940856 0.5035172 0.9389944 0.5018692 0.9396964 0.4954757 0.9393911 0.498558 0.9490501 0.4918135 0.9431601 0.488777 0.9438773 0.4888685 0.9513085 0.4959792 0.9625696 0.488777 0.9438773 0.4876783 0.9561608 0.4865187 0.9506676 0.504387 0.963531 0.4959792 0.9625696 0.4988479 0.9624933 0.5106584 0.9610132 0.511162 0.9617914 0.5166094 0.9584344 0.5182574 0.9550164 0.519707 0.9539635 0.5194018 0.9489891 0.519707 0.9539635 0.5107195 0.9502251 0.5109331 0.9432975 0.5160754 0.9443198 0.5100328 0.940856 0.5035172 0.9389944 0.5018692 0.9396964 0.4954757 0.9393911 0.498558 0.9490501 0.4918135 0.9431601 0.488777 0.9438773 0.4888685 0.9513085 0.4959792 0.9625696 0.488777 0.9438773 0.4876783 0.9561608 0.4865187 0.9506676 0.4778515 0.9713741 0.4840009 0.9774472 0.4821851 0.978027 0.4889143 0.9815823 0.4821851 0.978027 0.4791485 0.9584191 0.4763256 0.9630427 0.4783398 0.9544213 0.4826886 0.9469596 0.4960403 0.9796445 0.496788 0.9819943 0.5045853 0.9799954 0.4894026 0.9664606 0.5080796 0.9750057 0.5109178 0.9751278 0.4843671 0.9460288 0.4916304 0.9409171 0.4902266 0.950927 0.4937514 0.9417868 0.5005112 0.940856 0.5039597 0.9440452 0.5066911 0.9445335 0.5036088 0.9644312 0.5102617 0.9552758 0.5066911 0.9445335 0.5117876 0.9510338 0.5147021 0.9591516 0.5142901 0.9676814 0.5109178 0.9751278 0.4778515 0.9713741 0.4821851 0.978027 0.4840009 0.9774472 0.4889143 0.9815823 0.4821851 0.978027 0.4791485 0.9584191 0.4763256 0.9630427 0.4783398 0.9544213 0.4826886 0.9469596 0.4960403 0.9796445 0.496788 0.9819943 0.5045853 0.9799954 0.4894026 0.9664606 0.5080796 0.9750057 0.5109178 0.9751278 0.4843671 0.9460288 0.4916304 0.9409171 0.4902266 0.950927 0.4937514 0.9417868 0.5005112 0.940856 0.5039597 0.9440452 0.5066911 0.9445335 0.5036088 0.9644312 0.5102617 0.9552758 0.5066911 0.9445335 0.5117876 0.9510338 0.5147021 0.9591516 0.5142901 0.9676814 0.5109178 0.9751278</float_array>
          <technique_common>
            <accessor source="#WingM__BodyC-texcoord-array" count="552" stride="2">
              <param name="S" type="float" />
              <param name="T" type="float" />
            </accessor>
          </technique_common>
        </source>
        <source id="WingM__BodyC-texcoord_1">
          <float_array id="WingM__BodyC-texcoord-array_1" count="1104">0.8014496 0.7371633 0.7890593 0.7371633 0.8005493 0.7067521 0.7935912 0.7675745 0.8119326 0.704982 0.8226444 0.6813458 0.805005 0.7693446 0.8115816 0.7929656 0.8371252 0.7371633 0.8257267 0.6829023 0.8155947 0.7914091 0.843595 0.702388 0.8487526 0.6733501 0.8500801 0.66598 0.8385596 0.7719387 0.8786603 0.6686351 0.8786603 0.6608072 0.9072404 0.66598 0.8786603 0.699794 0.9085527 0.6733501 0.9346609 0.6813458 0.8786603 0.7371633 0.9137102 0.702388 0.9315938 0.6829023 0.9453727 0.704982 0.9567559 0.7067521 0.9201953 0.7371633 0.9558557 0.7371633 0.9682612 0.7371633 0.9637293 0.7675745 0.9523156 0.7693446 0.9457389 0.7929656 0.9187457 0.7719387 0.9417105 0.7914091 0.9161059 0.8009766 0.9152209 0.8083314 0.8786603 0.7745174 0.8786603 0.8056916 0.8786603 0.8135042 0.8420997 0.8083314 0.8411993 0.8009766 0.6548104 0.8093233 0.6913558 0.814496 0.6913558 0.7980773 0.7279164 0.8093233 0.657557 0.7939574 0.6242924 0.7939574 0.7251698 0.7939574 0.7584344 0.7939574 0.6344243 0.7855955 0.606302 0.7685664 0.6913558 0.7708247 0.6551614 0.7685664 0.6248569 0.7662928 0.6017548 0.7381552 0.6216678 0.7381552 0.6132601 0.7077439 0.6538643 0.7381552 0.6311132 0.7100023 0.6435645 0.6906996 0.6353552 0.6823529 0.6597086 0.7077439 0.6643625 0.6823529 0.6627756 0.6669871 0.6913558 0.7381552 0.6913558 0.7054856 0.6913558 0.6782178 0.6913558 0.6617991 0.7199359 0.6669871 0.7183642 0.6823529 0.7473716 0.6823529 0.7230182 0.7077439 0.7391623 0.6906996 0.7694667 0.7077439 0.7516136 0.7100023 0.7288625 0.7381552 0.761059 0.7381552 0.7809567 0.7381552 0.7275654 0.7685664 0.7578698 0.7662928 0.7764401 0.7685664 0.7483025 0.7855955 0.8028992 0.9053178 0.7894102 0.9053178 0.8019074 0.8722362 0.7943389 0.9383841 0.8142824 0.8703136 0.8259403 0.8446174 0.8067445 0.9403067 0.8139009 0.9660029 0.8416724 0.9053178 0.829282 0.8463112 0.8182803 0.9643092 0.848722 0.8674906 0.8543221 0.8359197 0.8557717 0.8279088 0.8432441 0.9431296 0.8868391 0.8307927 0.8868391 0.8222781 0.9179217 0.8279088 0.8868391 0.864683 0.919356 0.8359197 0.9477531 0.8446174 0.8868391 0.9053178 0.9249714 0.8674906 0.9444114 0.8463112 0.9593958 0.8703136 0.9717861 0.8722362 0.9320211 0.9053178 0.9707943 0.9053178 0.9842832 0.9053178 0.9793546 0.9383841 0.9669337 0.9403067 0.9597925 0.9660029 0.9304494 0.9431296 0.9554132 0.9643092 0.9275654 0.9747006 0.9266041 0.9827116 0.8868391 0.9459373 0.8868391 0.9798428 0.8868391 0.9883421 0.8470894 0.9827116 0.846128 0.9747006 0.6434119 0.9837949 0.6831769 0.9894255 0.6831769 0.9715725 0.7229267 0.9837949 0.6464027 0.9670863 0.6102388 0.9670863 0.7199359 0.9670863 0.7561151 0.9670863 0.6212558 0.9579919 0.5906767 0.9394674 0.6831769 0.9419242 0.6438087 0.9394674 0.6108491 0.9369955 0.5857328 0.9063859 0.6073701 0.9063859 0.5982452 0.8733196 0.6423895 0.9063859 0.6176547 0.8757915 0.6312047 0.8547952 0.6222629 0.8457007 0.6487526 0.8733196 0.6538185 0.8457007 0.6520943 0.8289921 0.6831769 0.9063859 0.6831769 0.8708629 0.6831769 0.8412146 0.6831769 0.8233616 0.7142443 0.8289921 0.7125353 0.8457007 0.7440757 0.8457007 0.7176013 0.8733196 0.7351491 0.8547952 0.7681087 0.8733196 0.7486839 0.8757915 0.723949 0.9063859 0.7589685 0.9063859 0.7806058 0.9063859 0.7225452 0.9394674 0.7554894 0.9369955 0.7756771 0.9394674 0.7450828 0.9579919 0.7890593 0.7371633 0.8014496 0.7371633 0.8005493 0.7067521 0.7935912 0.7675745 0.8119326 0.704982 0.8226444 0.6813458 0.805005 0.7693446 0.8115816 0.7929656 0.8371252 0.7371633 0.8257267 0.6829023 0.8155947 0.7914091 0.843595 0.702388 0.8487526 0.6733501 0.8500801 0.66598 0.8385596 0.7719387 0.8786603 0.6686351 0.8786603 0.6608072 0.9072404 0.66598 0.8786603 0.699794 0.9085527 0.6733501 0.9346609 0.6813458 0.8786603 0.7371633 0.9137102 0.702388 0.9315938 0.6829023 0.9453727 0.704982 0.9567559 0.7067521 0.9201953 0.7371633 0.9558557 0.7371633 0.9682612 0.7371633 0.9637293 0.7675745 0.9523156 0.7693446 0.9457389 0.7929656 0.9187457 0.7719387 0.9417105 0.7914091 0.9161059 0.8009766 0.9152209 0.8083314 0.8786603 0.7745174 0.8786603 0.8056916 0.8786603 0.8135042 0.8420997 0.8083314 0.8411993 0.8009766 0.6913558 0.7980773 0.6913558 0.814496 0.6548104 0.8093233 0.7279164 0.8093233 0.657557 0.7939574 0.6242924 0.7939574 0.7251698 0.7939574 0.7584344 0.7939574 0.6913558 0.7708247 0.6344243 0.7855955 0.606302 0.7685664 0.7483025 0.7855955 0.7764401 0.7685664 0.6248569 0.7662928 0.6017548 0.7381552 0.6551614 0.7685664 0.6216678 0.7381552 0.6132601 0.7077439 0.6538643 0.7381552 0.6311132 0.7100023 0.6435645 0.6906996 0.6353552 0.6823529 0.6597086 0.7077439 0.6643625 0.6823529 0.6627756 0.6669871 0.6913558 0.7381552 0.6913558 0.7054856 0.6913558 0.6782178 0.6913558 0.6617991 0.7199359 0.6669871 0.7183642 0.6823529 0.7473716 0.6823529 0.7230182 0.7077439 0.7391623 0.6906996 0.7694667 0.7077439 0.7516136 0.7100023 0.7288625 0.7381552 0.761059 0.7381552 0.7809567 0.7381552 0.7275654 0.7685664 0.7578698 0.7662928 0.7894102 0.9053178 0.8028992 0.9053178 0.8019074 0.8722362 0.7943389 0.9383841 0.8142824 0.8703136 0.8259403 0.8446174 0.8067445 0.9403067 0.8139009 0.9660029 0.8416724 0.9053178 0.829282 0.8463112 0.8182803 0.9643092 0.848722 0.8674906 0.8543221 0.8359197 0.8557717 0.8279088 0.8432441 0.9431296 0.8868391 0.8307927 0.8868391 0.8222781 0.9179217 0.8279088 0.8868391 0.864683 0.919356 0.8359197 0.9477531 0.8446174 0.8868391 0.9053178 0.9249714 0.8674906 0.9444114 0.8463112 0.9593958 0.8703136 0.9717861 0.8722362 0.9320211 0.9053178 0.9707943 0.9053178 0.9842832 0.9053178 0.9793546 0.9383841 0.9669337 0.9403067 0.9597925 0.9660029 0.9304494 0.9431296 0.9554132 0.9643092 0.9275654 0.9747006 0.9266041 0.9827116 0.8868391 0.9459373 0.8868391 0.9798428 0.8868391 0.9883421 0.8470894 0.9827116 0.846128 0.9747006 0.6831769 0.9715725 0.6831769 0.9894255 0.6434119 0.9837949 0.7229267 0.9837949 0.6464027 0.9670863 0.6102388 0.9670863 0.7199359 0.9670863 0.7561151 0.9670863 0.6831769 0.9419242 0.6212558 0.9579919 0.5906767 0.9394674 0.7450828 0.9579919 0.7756771 0.9394674 0.6108491 0.9369955 0.5857328 0.9063859 0.6438087 0.9394674 0.6073701 0.9063859 0.5982452 0.8733196 0.6423895 0.9063859 0.6176547 0.8757915 0.6312047 0.8547952 0.6222629 0.8457007 0.6487526 0.8733196 0.6538185 0.8457007 0.6520943 0.8289921 0.6831769 0.9063859 0.6831769 0.8708629 0.6831769 0.8412146 0.6831769 0.8233616 0.7142443 0.8289921 0.7125353 0.8457007 0.7440757 0.8457007 0.7176013 0.8733196 0.7351491 0.8547952 0.7681087 0.8733196 0.7486839 0.8757915 0.723949 0.9063859 0.7589685 0.9063859 0.7806058 0.9063859 0.7225452 0.9394674 0.7554894 0.9369955 0.6788586 0.6640726 0.6353552 0.6823529 0.6492714 0.6952926 0.6913558 0.6833295 0.6353552 0.6823529 0.6132601 0.7077439 0.7336538 0.6746624 0.6788586 0.6640726 0.6256809 0.7381552 0.6017548 0.7381552 0.7369497 0.6968795 0.7694667 0.7077439 0.6913558 0.7381552 0.7570459 0.7381552 0.7809567 0.7381552 0.7468833 0.7759823 0.7809567 0.7381552 0.7629358 0.7876097 0.7279164 0.8093233 0.6769817 0.7881438 0.6913558 0.814496 0.6548104 0.8093233 0.6913558 0.814496 0.6242924 0.7939574 0.6296483 0.7759518 0.6017548 0.7381552 0.606302 0.7685664 0.6353552 0.6823529 0.6788586 0.6640726 0.6492714 0.6952926 0.6913558 0.6833295 0.6132601 0.7077439 0.6353552 0.6823529 0.6788586 0.6640726 0.7336538 0.6746624 0.6256809 0.7381552 0.6017548 0.7381552 0.6913558 0.7381552 0.7369497 0.6968795 0.7694667 0.7077439 0.7570459 0.7381552 0.7809567 0.7381552 0.7468833 0.7759823 0.7809567 0.7381552 0.7629358 0.7876097 0.7279164 0.8093233 0.6769817 0.7881438 0.6913558 0.814496 0.6913558 0.814496 0.6548104 0.8093233 0.6242924 0.7939574 0.6296483 0.7759518 0.6017548 0.7381552 0.606302 0.7685664 0.6695811 0.8258336 0.6222629 0.8457007 0.6429999 0.8564431 0.6890821 0.8490577 0.6222629 0.8457007 0.5982452 0.8733196 0.5860075 0.9063859 0.6118715 0.8930038 0.7142443 0.8289921 0.6695811 0.8258336 0.6434425 0.931197 0.7252461 0.8508126 0.7440757 0.8457007 0.7681087 0.8733196 0.7544671 0.8930038 0.7806058 0.9063859 0.6831769 0.9374838 0.7432669 0.9348287 0.7806058 0.9063859 0.7756771 0.9394674 0.7356527 0.9613947 0.7561151 0.9670863 0.7229267 0.9837949 0.6670787 0.969604 0.6831769 0.9889982 0.6434119 0.9837949 0.6831769 0.9889982 0.6102388 0.9670863 0.6134585 0.9422446 0.5906767 0.9394674 0.5860075 0.9063859 0.6222629 0.8457007 0.6695811 0.8258336 0.6429999 0.8564431 0.6890821 0.8490577 0.5982452 0.8733196 0.6222629 0.8457007 0.6118715 0.8930038 0.5860075 0.9063859 0.6695811 0.8258336 0.7142443 0.8289921 0.6434425 0.931197 0.7252461 0.8508126 0.7440757 0.8457007 0.7681087 0.8733196 0.7544671 0.8930038 0.7806058 0.9063859 0.6831769 0.9374838 0.7432669 0.9348287 0.7806058 0.9063859 0.7756771 0.9394674 0.7356527 0.9613947 0.7561151 0.9670863 0.7229267 0.9837949 0.6670787 0.969604 0.6831769 0.9889982 0.6831769 0.9889982 0.6434119 0.9837949 0.6102388 0.9670863 0.6134585 0.9422446 0.5906767 0.9394674 0.5860075 0.9063859 0.9152209 0.8083314 0.9371939 0.7897002 0.9502251 0.7866178 0.8786603 0.8056916 0.8786603 0.8135042 0.8420997 0.8083314 0.822446 0.7928435 0.8115816 0.7929656 0.7935912 0.7675745 0.8115816 0.7929656 0.8377508 0.7523766 0.8073549 0.7190509 0.7890593 0.7371633 0.8005493 0.7067521 0.8226444 0.6813458 0.8343633 0.6793164 0.8661479 0.6630808 0.8915236 0.7213855 0.9022354 0.6745708 0.920943 0.6736705 0.9479973 0.7130235 0.9502251 0.7866178 0.920943 0.6736705 0.9682612 0.7371633 0.9567559 0.7067521 0.9152209 0.8083314 0.9502251 0.7866178 0.9371939 0.7897002 0.8786603 0.8056916 0.8786603 0.8135042 0.8420997 0.8083314 0.822446 0.7928435 0.8115816 0.7929656 0.7935912 0.7675745 0.8115816 0.7929656 0.8377508 0.7523766 0.8073549 0.7190509 0.7890593 0.7371633 0.8005493 0.7067521 0.8226444 0.6813458 0.8343633 0.6793164 0.8661479 0.6630808 0.8915236 0.7213855 0.9022354 0.6745708 0.920943 0.6736705 0.9479973 0.7130235 0.9502251 0.7866178 0.920943 0.6736705 0.9682612 0.7371633 0.9567559 0.7067521 0.7943389 0.9383841 0.8257114 0.9658656 0.8139009 0.9660029 0.8470894 0.9827116 0.8139009 0.9660029 0.8078737 0.8899977 0.7894102 0.9053178 0.8019074 0.8722362 0.8259403 0.8446174 0.8868391 0.9798428 0.8868391 0.9883421 0.9266041 0.9827116 0.8590982 0.9266499 0.947982 0.9658656 0.9597925 0.9660029 0.8371099 0.843061 0.8732433 0.8247501 0.8677806 0.8660868 0.8868391 0.8307927 0.9179217 0.8279088 0.9365835 0.843061 0.9477531 0.8446174 0.9312276 0.9242237 0.9658045 0.8899977 0.9477531 0.8446174 0.9717861 0.8722362 0.9839933 0.9053178 0.9793546 0.9383841 0.9597925 0.9660029 0.7943389 0.9383841 0.8139009 0.9660029 0.8257114 0.9658656 0.8470894 0.9827116 0.8139009 0.9660029 0.8078737 0.8899977 0.7894102 0.9053178 0.8019074 0.8722362 0.8259403 0.8446174 0.8868391 0.9798428 0.8868391 0.9883421 0.9266041 0.9827116 0.8590982 0.9266499 0.947982 0.9658656 0.9597925 0.9660029 0.8371099 0.843061 0.8732433 0.8247501 0.8677806 0.8660868 0.8868391 0.8307927 0.9179217 0.8279088 0.9365835 0.843061 0.9477531 0.8446174 0.9312276 0.9242237 0.9658045 0.8899977 0.9477531 0.8446174 0.9717861 0.8722362 0.9839933 0.9053178 0.9793546 0.9383841 0.9597925 0.9660029</float_array>
          <technique_common>
            <accessor source="#WingM__BodyC-texcoord-array_1" count="552" stride="2">
              <param name="S" type="float" />
              <param name="T" type="float" />
            </accessor>
          </technique_common>
        </source>
        <vertices id="WingM__BodyC-vertex">
          <input semantic="POSITION" source="#WingM__BodyC-position" />
        </vertices>
        <triangles material="BodyC" count="512">
          <input semantic="VERTEX" source="#WingM__BodyC-vertex" offset="0" />
          <input semantic="NORMAL" source="#WingM__BodyC-normal" offset="1" />
          <input semantic="TEXCOORD" source="#WingM__BodyC-texcoord" offset="2" set="0" />
          <input semantic="TEXCOORD" source="#WingM__BodyC-texcoord_1" offset="3" set="1" />
          <p>0 0 0 0 1 1 1 1 2 2 2 2 1 1 1 1 0 0 0 0 3 3 3 3 4 4 4 4 0 0 0 0 2 2 2 2 4 4 4 4 2 2 2 2 5 5 5 5 0 0 0 0 6 6 6 6 3 3 3 3 3 3 3 3 6 6 6 6 7 7 7 7 8 8 8 8 0 0 0 0 4 4 4 4 0 0 0 0 8 8 8 8 6 6 6 6 9 9 9 9 4 4 4 4 5 5 5 5 6 6 6 6 10 10 10 10 7 7 7 7 11 11 11 11 4 4 4 4 9 9 9 9 11 11 11 11 8 8 8 8 4 4 4 4 12 12 12 12 9 9 9 9 5 5 5 5 12 12 12 12 11 11 11 11 9 9 9 9 13 13 13 13 12 12 12 12 5 5 5 5 8 8 8 8 14 14 14 14 6 6 6 6 6 6 6 6 14 14 14 14 10 10 10 10 15 15 15 15 12 12 12 12 13 13 13 13 16 16 16 16 15 15 15 15 13 13 13 13 15 15 15 15 16 16 16 16 17 17 17 17 15 15 15 15 18 18 18 18 12 12 12 12 18 18 18 18 11 11 11 11 12 12 12 12 19 19 19 19 15 15 15 15 17 17 17 17 15 15 15 15 19 19 19 19 18 18 18 18 19 19 19 19 17 17 17 17 20 20 20 20 18 18 18 18 21 21 21 21 11 11 11 11 21 21 21 21 8 8 8 8 11 11 11 11 8 8 8 8 21 21 21 21 14 14 14 14 19 19 19 19 22 22 22 22 18 18 18 18 18 18 18 18 22 22 22 22 21 21 21 21 23 23 23 23 19 19 19 19 20 20 20 20 19 19 19 19 23 23 23 23 22 22 22 22 24 24 24 24 23 23 23 23 20 20 20 20 23 23 23 23 24 24 24 24 22 22 22 22 25 25 25 25 24 24 24 24 20 20 20 20 22 22 22 22 24 24 24 24 26 26 26 26 22 22 22 22 26 26 26 26 21 21 21 21 27 27 27 27 24 24 24 24 25 25 25 25 24 24 24 24 27 27 27 27 26 26 26 26 28 28 28 28 27 27 27 27 25 25 25 25 27 27 27 27 28 28 28 28 29 29 29 29 30 30 30 30 27 27 27 27 29 29 29 29 27 27 27 27 30 30 30 30 26 26 26 26 30 30 30 30 29 29 29 29 31 31 31 31 30 30 30 30 32 32 32 32 26 26 26 26 26 26 26 26 32 32 32 32 21 21 21 21 33 33 33 33 30 30 30 30 31 31 31 31 30 30 30 30 33 33 33 33 32 32 32 32 34 34 34 34 33 33 33 33 31 31 31 31 33 33 33 33 34 34 34 34 32 32 32 32 35 35 35 35 34 34 34 34 31 31 31 31 32 32 32 32 36 36 36 36 21 21 21 21 32 32 32 32 34 34 34 34 36 36 36 36 21 21 21 21 36 36 36 36 14 14 14 14 37 37 37 37 34 34 34 34 35 35 35 35 34 34 34 34 37 37 37 37 36 36 36 36 38 38 38 38 37 37 37 37 35 35 35 35 37 37 37 37 38 38 38 38 39 39 39 39 14 14 14 14 36 36 36 36 40 40 40 40 36 36 36 36 37 37 37 37 40 40 40 40 40 40 40 40 37 37 37 37 39 39 39 39 14 14 14 14 40 40 40 40 10 10 10 10 40 40 40 40 39 39 39 39 7 7 7 7 10 10 10 10 40 40 40 40 7 7 7 7 41 41 41 41 42 42 42 42 43 43 43 43 43 43 43 43 42 42 42 42 44 44 44 44 45 45 45 45 41 41 41 41 43 43 43 43 46 46 46 46 41 41 41 41 45 45 45 45 47 47 47 47 43 43 43 43 44 44 44 44 44 44 44 44 48 48 48 48 47 47 47 47 49 49 49 49 46 46 46 46 45 45 45 45 50 50 50 50 46 46 46 46 49 49 49 49 45 45 45 45 43 43 43 43 51 51 51 51 51 51 51 51 43 43 43 43 47 47 47 47 49 49 49 49 45 45 45 45 52 52 52 52 52 52 52 52 45 45 45 45 51 51 51 51 53 53 53 53 50 50 50 50 49 49 49 49 53 53 53 53 49 49 49 49 52 52 52 52 54 54 54 54 50 50 50 50 53 53 53 53 55 55 55 55 54 54 54 54 53 53 53 53 56 56 56 56 54 54 54 54 55 55 55 55 53 53 53 53 52 52 52 52 57 57 57 57 55 55 55 55 53 53 53 53 57 57 57 57 58 58 58 58 56 56 56 56 55 55 55 55 58 58 58 58 55 55 55 55 57 57 57 57 58 58 58 58 59 59 59 59 56 56 56 56 59 59 59 59 60 60 60 60 56 56 56 56 61 61 61 61 58 58 58 58 57 57 57 57 59 59 59 59 58 58 58 58 61 61 61 61 60 60 60 60 59 59 59 59 62 62 62 62 62 62 62 62 59 59 59 59 61 61 61 61 63 63 63 63 60 60 60 60 62 62 62 62 61 61 61 61 57 57 57 57 64 64 64 64 57 57 57 57 52 52 52 52 64 64 64 64 52 52 52 52 51 51 51 51 64 64 64 64 62 62 62 62 61 61 61 61 65 65 65 65 65 65 65 65 61 61 61 61 64 64 64 64 62 62 62 62 66 66 66 66 63 63 63 63 66 66 66 66 62 62 62 62 65 65 65 65 66 66 66 66 67 67 67 67 63 63 63 63 68 68 68 68 67 67 67 67 66 66 66 66 69 69 69 69 68 68 68 68 66 66 66 66 66 66 66 66 65 65 65 65 69 69 69 69 70 70 70 70 68 68 68 68 69 69 69 69 65 65 65 65 71 71 71 71 69 69 69 69 65 65 65 65 64 64 64 64 71 71 71 71 72 72 72 72 70 70 70 70 69 69 69 69 69 69 69 69 71 71 71 71 72 72 72 72 73 73 73 73 70 70 70 70 72 72 72 72 71 71 71 71 74 74 74 74 72 72 72 72 74 74 74 74 73 73 73 73 72 72 72 72 64 64 64 64 75 75 75 75 71 71 71 71 71 71 71 71 75 75 75 75 74 74 74 74 74 74 74 74 76 76 76 76 73 73 73 73 75 75 75 75 76 76 76 76 74 74 74 74 76 76 76 76 77 77 77 77 73 73 73 73 75 75 75 75 64 64 64 64 78 78 78 78 64 64 64 64 51 51 51 51 78 78 78 78 78 78 78 78 51 51 51 51 47 47 47 47 76 76 76 76 75 75 75 75 79 79 79 79 77 77 77 77 76 76 76 76 79 79 79 79 75 75 75 75 78 78 78 78 79 79 79 79 80 80 80 80 77 77 77 77 79 79 79 79 78 78 78 78 47 47 47 47 81 81 81 81 79 79 79 79 78 78 78 78 81 81 81 81 79 79 79 79 81 81 81 81 80 80 80 80 48 48 48 48 81 81 81 81 47 47 47 47 81 81 81 81 48 48 48 48 80 80 80 80 82 82 82 82 83 83 83 83 84 84 84 84 83 83 83 83 82 82 82 82 85 85 85 85 86 86 86 86 82 82 82 82 84 84 84 84 86 86 86 86 84 84 84 84 87 87 87 87 82 82 82 82 88 88 88 88 85 85 85 85 85 85 85 85 88 88 88 88 89 89 89 89 90 90 90 90 82 82 82 82 86 86 86 86 82 82 82 82 90 90 90 90 88 88 88 88 91 91 91 91 86 86 86 86 87 87 87 87 88 88 88 88 92 92 92 92 89 89 89 89 93 93 93 93 86 86 86 86 91 91 91 91 93 93 93 93 90 90 90 90 86 86 86 86 94 94 94 94 91 91 91 91 87 87 87 87 94 94 94 94 93 93 93 93 91 91 91 91 95 95 95 95 94 94 94 94 87 87 87 87 90 90 90 90 96 96 96 96 88 88 88 88 88 88 88 88 96 96 96 96 92 92 92 92 97 97 97 97 94 94 94 94 95 95 95 95 98 98 98 98 97 97 97 97 95 95 95 95 97 97 97 97 98 98 98 98 99 99 99 99 97 97 97 97 100 100 100 100 94 94 94 94 100 100 100 100 93 93 93 93 94 94 94 94 101 101 101 101 97 97 97 97 99 99 99 99 97 97 97 97 101 101 101 101 100 100 100 100 101 101 101 101 99 99 99 99 102 102 102 102 100 100 100 100 103 103 103 103 93 93 93 93 103 103 103 103 90 90 90 90 93 93 93 93 90 90 90 90 103 103 103 103 96 96 96 96 101 101 101 101 104 104 104 104 100 100 100 100 100 100 100 100 104 104 104 104 103 103 103 103 105 105 105 105 101 101 101 101 102 102 102 102 101 101 101 101 105 105 105 105 104 104 104 104 106 106 106 106 105 105 105 105 102 102 102 102 105 105 105 105 106 106 106 106 104 104 104 104 107 107 107 107 106 106 106 106 102 102 102 102 104 104 104 104 106 106 106 106 108 108 108 108 104 104 104 104 108 108 108 108 103 103 103 103 109 109 109 109 106 106 106 106 107 107 107 107 106 106 106 106 109 109 109 109 108 108 108 108 110 110 110 110 109 109 109 109 107 107 107 107 109 109 109 109 110 110 110 110 111 111 111 111 112 112 112 112 109 109 109 109 111 111 111 111 109 109 109 109 112 112 112 112 108 108 108 108 112 112 112 112 111 111 111 111 113 113 113 113 112 112 112 112 114 114 114 114 108 108 108 108 108 108 108 108 114 114 114 114 103 103 103 103 115 115 115 115 112 112 112 112 113 113 113 113 112 112 112 112 115 115 115 115 114 114 114 114 116 116 116 116 115 115 115 115 113 113 113 113 115 115 115 115 116 116 116 116 114 114 114 114 117 117 117 117 116 116 116 116 113 113 113 113 114 114 114 114 118 118 118 118 103 103 103 103 114 114 114 114 116 116 116 116 118 118 118 118 103 103 103 103 118 118 118 118 96 96 96 96 119 119 119 119 116 116 116 116 117 117 117 117 116 116 116 116 119 119 119 119 118 118 118 118 120 120 120 120 119 119 119 119 117 117 117 117 119 119 119 119 120 120 120 120 121 121 121 121 96 96 96 96 118 118 118 118 122 122 122 122 118 118 118 118 119 119 119 119 122 122 122 122 122 122 122 122 119 119 119 119 121 121 121 121 96 96 96 96 122 122 122 122 92 92 92 92 122 122 122 122 121 121 121 121 89 89 89 89 92 92 92 92 122 122 122 122 89 89 89 89 123 123 123 123 124 124 124 124 125 125 125 125 125 125 125 125 124 124 124 124 126 126 126 126 127 127 127 127 123 123 123 123 125 125 125 125 128 128 128 128 123 123 123 123 127 127 127 127 129 129 129 129 125 125 125 125 126 126 126 126 126 126 126 126 130 130 130 130 129 129 129 129 131 131 131 131 128 128 128 128 127 127 127 127 132 132 132 132 128 128 128 128 131 131 131 131 127 127 127 127 125 125 125 125 133 133 133 133 133 133 133 133 125 125 125 125 129 129 129 129 131 131 131 131 127 127 127 127 134 134 134 134 134 134 134 134 127 127 127 127 133 133 133 133 135 135 135 135 132 132 132 132 131 131 131 131 135 135 135 135 131 131 131 131 134 134 134 134 136 136 136 136 132 132 132 132 135 135 135 135 137 137 137 137 136 136 136 136 135 135 135 135 138 138 138 138 136 136 136 136 137 137 137 137 135 135 135 135 134 134 134 134 139 139 139 139 137 137 137 137 135 135 135 135 139 139 139 139 140 140 140 140 138 138 138 138 137 137 137 137 140 140 140 140 137 137 137 137 139 139 139 139 140 140 140 140 141 141 141 141 138 138 138 138 141 141 141 141 142 142 142 142 138 138 138 138 143 143 143 143 140 140 140 140 139 139 139 139 141 141 141 141 140 140 140 140 143 143 143 143 142 142 142 142 141 141 141 141 144 144 144 144 144 144 144 144 141 141 141 141 143 143 143 143 145 145 145 145 142 142 142 142 144 144 144 144 143 143 143 143 139 139 139 139 146 146 146 146 139 139 139 139 134 134 134 134 146 146 146 146 134 134 134 134 133 133 133 133 146 146 146 146 144 144 144 144 143 143 143 143 147 147 147 147 147 147 147 147 143 143 143 143 146 146 146 146 144 144 144 144 148 148 148 148 145 145 145 145 148 148 148 148 144 144 144 144 147 147 147 147 148 148 148 148 149 149 149 149 145 145 145 145 150 150 150 150 149 149 149 149 148 148 148 148 151 151 151 151 150 150 150 150 148 148 148 148 148 148 148 148 147 147 147 147 151 151 151 151 152 152 152 152 150 150 150 150 151 151 151 151 147 147 147 147 153 153 153 153 151 151 151 151 147 147 147 147 146 146 146 146 153 153 153 153 154 154 154 154 152 152 152 152 151 151 151 151 151 151 151 151 153 153 153 153 154 154 154 154 155 155 155 155 152 152 152 152 154 154 154 154 153 153 153 153 156 156 156 156 154 154 154 154 156 156 156 156 155 155 155 155 154 154 154 154 146 146 146 146 157 157 157 157 153 153 153 153 153 153 153 153 157 157 157 157 156 156 156 156 156 156 156 156 158 158 158 158 155 155 155 155 157 157 157 157 158 158 158 158 156 156 156 156 158 158 158 158 159 159 159 159 155 155 155 155 157 157 157 157 146 146 146 146 160 160 160 160 146 146 146 146 133 133 133 133 160 160 160 160 160 160 160 160 133 133 133 133 129 129 129 129 158 158 158 158 157 157 157 157 161 161 161 161 159 159 159 159 158 158 158 158 161 161 161 161 157 157 157 157 160 160 160 160 161 161 161 161 162 162 162 162 159 159 159 159 161 161 161 161 160 160 160 160 129 129 129 129 163 163 163 163 161 161 161 161 160 160 160 160 163 163 163 163 161 161 161 161 163 163 163 163 162 162 162 162 130 130 130 130 163 163 163 163 129 129 129 129 163 163 163 163 130 130 130 130 162 162 162 162 164 164 164 164 165 165 165 165 166 166 166 166 164 164 164 164 167 167 167 167 165 165 165 165 165 165 165 165 168 168 168 168 166 166 166 166 166 166 166 166 168 168 168 168 169 169 169 169 167 167 167 167 170 170 170 170 165 165 165 165 167 167 167 167 171 171 171 171 170 170 170 170 165 165 165 165 172 172 172 172 168 168 168 168 165 165 165 165 170 170 170 170 172 172 172 172 168 168 168 168 173 173 173 173 169 169 169 169 171 171 171 171 174 174 174 174 170 170 170 170 168 168 168 168 175 175 175 175 173 173 173 173 172 172 172 172 175 175 175 175 168 168 168 168 169 169 169 169 173 173 173 173 176 176 176 176 175 175 175 175 176 176 176 176 173 173 173 173 177 177 177 177 169 169 169 169 176 176 176 176 170 170 170 170 178 178 178 178 172 172 172 172 170 170 170 170 174 174 174 174 178 178 178 178 177 177 177 177 176 176 176 176 179 179 179 179 180 180 180 180 177 177 177 177 179 179 179 179 180 180 180 180 179 179 179 179 181 181 181 181 182 182 182 182 179 179 179 179 176 176 176 176 175 175 175 175 182 182 182 182 176 176 176 176 179 179 179 179 183 183 183 183 181 181 181 181 179 179 179 179 182 182 182 182 183 183 183 183 181 181 181 181 183 183 183 183 184 184 184 184 185 185 185 185 182 182 182 182 175 175 175 175 172 172 172 172 185 185 185 185 175 175 175 175 172 172 172 172 178 178 178 178 185 185 185 185 182 182 182 182 186 186 186 186 183 183 183 183 182 182 182 182 185 185 185 185 186 186 186 186 183 183 183 183 187 187 187 187 184 184 184 184 183 183 183 183 186 186 186 186 187 187 187 187 184 184 184 184 187 187 187 187 188 188 188 188 186 186 186 186 188 188 188 188 187 187 187 187 189 189 189 189 184 184 184 184 188 188 188 188 186 186 186 186 190 190 190 190 188 188 188 188 185 185 185 185 190 190 190 190 186 186 186 186 189 189 189 189 188 188 188 188 191 191 191 191 190 190 190 190 191 191 191 191 188 188 188 188 192 192 192 192 189 189 189 189 191 191 191 191 192 192 192 192 191 191 191 191 193 193 193 193 191 191 191 191 194 194 194 194 193 193 193 193 194 194 194 194 191 191 191 191 190 190 190 190 193 193 193 193 194 194 194 194 195 195 195 195 196 196 196 196 190 190 190 190 185 185 185 185 196 196 196 196 194 194 194 194 190 190 190 190 194 194 194 194 197 197 197 197 195 195 195 195 197 197 197 197 194 194 194 194 196 196 196 196 195 195 195 195 197 197 197 197 198 198 198 198 198 198 198 198 197 197 197 197 196 196 196 196 199 199 199 199 195 195 195 195 198 198 198 198 200 200 200 200 196 196 196 196 185 185 185 185 198 198 198 198 196 196 196 196 200 200 200 200 178 178 178 178 200 200 200 200 185 185 185 185 199 199 199 199 198 198 198 198 201 201 201 201 201 201 201 201 198 198 198 198 200 200 200 200 202 202 202 202 199 199 199 199 201 201 201 201 202 202 202 202 201 201 201 201 203 203 203 203 178 178 178 178 204 204 204 204 200 200 200 200 204 204 204 204 201 201 201 201 200 200 200 200 201 201 201 201 204 204 204 204 203 203 203 203 174 174 174 174 204 204 204 204 178 178 178 178 203 203 203 203 204 204 204 204 171 171 171 171 204 204 204 204 174 174 174 174 171 171 171 171 205 205 205 205 206 206 206 206 207 207 207 207 208 208 208 208 206 206 206 206 205 205 205 205 209 209 209 209 205 205 205 205 207 207 207 207 207 207 207 207 210 210 210 210 209 209 209 209 211 211 211 211 208 208 208 208 205 205 205 205 212 212 212 212 208 208 208 208 211 211 211 211 205 205 205 205 209 209 209 209 213 213 213 213 211 211 211 211 205 205 205 205 213 213 213 213 210 210 210 210 214 214 214 214 209 209 209 209 214 214 214 214 210 210 210 210 215 215 215 215 216 216 216 216 212 212 212 212 211 211 211 211 217 217 217 217 212 212 212 212 216 216 216 216 218 218 218 218 214 214 214 214 215 215 215 215 215 215 215 215 219 219 219 219 218 218 218 218 209 209 209 209 214 214 214 214 220 220 220 220 214 214 214 214 218 218 218 218 220 220 220 220 209 209 209 209 220 220 220 220 213 213 213 213 219 219 219 219 221 221 221 221 218 218 218 218 221 221 221 221 219 219 219 219 222 222 222 222 220 220 220 220 218 218 218 218 223 223 223 223 218 218 218 218 221 221 221 221 223 223 223 223 224 224 224 224 221 221 221 221 222 222 222 222 223 223 223 223 221 221 221 221 224 224 224 224 224 224 224 224 222 222 222 222 225 225 225 225 222 222 222 222 226 226 226 226 225 225 225 225 227 227 227 227 223 223 223 223 224 224 224 224 227 227 227 227 224 224 224 224 225 225 225 225 225 225 225 225 226 226 226 226 228 228 228 228 228 228 228 228 227 227 227 227 225 225 225 225 226 226 226 226 229 229 229 229 228 228 228 228 230 230 230 230 223 223 223 223 227 227 227 227 220 220 220 220 223 223 223 223 230 230 230 230 213 213 213 213 220 220 220 220 230 230 230 230 231 231 231 231 227 227 227 227 228 228 228 228 231 231 231 231 230 230 230 230 227 227 227 227 228 228 228 228 229 229 229 229 232 232 232 232 232 232 232 232 231 231 231 231 228 228 228 228 229 229 229 229 233 233 233 233 232 232 232 232 232 232 232 232 233 233 233 233 234 234 234 234 235 235 235 235 232 232 232 232 234 234 234 234 231 231 231 231 232 232 232 232 235 235 235 235 234 234 234 234 236 236 236 236 235 235 235 235 237 237 237 237 231 231 231 231 235 235 235 235 230 230 230 230 231 231 231 231 237 237 237 237 236 236 236 236 238 238 238 238 235 235 235 235 237 237 237 237 235 235 235 235 238 238 238 238 238 238 238 238 236 236 236 236 239 239 239 239 240 240 240 240 237 237 237 237 238 238 238 238 240 240 240 240 238 238 238 238 239 239 239 239 241 241 241 241 230 230 230 230 237 237 237 237 241 241 241 241 237 237 237 237 240 240 240 240 240 240 240 240 239 239 239 239 242 242 242 242 242 242 242 242 241 241 241 241 240 240 240 240 239 239 239 239 243 243 243 243 242 242 242 242 241 241 241 241 244 244 244 244 230 230 230 230 244 244 244 244 213 213 213 213 230 230 230 230 244 244 244 244 211 211 211 211 213 213 213 213 216 216 216 216 211 211 211 211 244 244 244 244 242 242 242 242 245 245 245 245 241 241 241 241 245 245 245 245 244 244 244 244 241 241 241 241 242 242 242 242 243 243 243 243 245 245 245 245 245 245 245 245 216 216 216 216 244 244 244 244 243 243 243 243 217 217 217 217 245 245 245 245 245 245 245 245 217 217 217 217 216 216 216 216 246 246 246 246 247 247 247 247 248 248 248 248 246 246 246 246 249 249 249 249 247 247 247 247 247 247 247 247 250 250 250 250 248 248 248 248 248 248 248 248 250 250 250 250 251 251 251 251 249 249 249 249 252 252 252 252 247 247 247 247 249 249 249 249 253 253 253 253 252 252 252 252 247 247 247 247 254 254 254 254 250 250 250 250 247 247 247 247 252 252 252 252 254 254 254 254 250 250 250 250 255 255 255 255 251 251 251 251 253 253 253 253 256 256 256 256 252 252 252 252 250 250 250 250 257 257 257 257 255 255 255 255 254 254 254 254 257 257 257 257 250 250 250 250 251 251 251 251 255 255 255 255 258 258 258 258 257 257 257 257 258 258 258 258 255 255 255 255 259 259 259 259 251 251 251 251 258 258 258 258 252 252 252 252 260 260 260 260 254 254 254 254 252 252 252 252 256 256 256 256 260 260 260 260 259 259 259 259 258 258 258 258 261 261 261 261 262 262 262 262 259 259 259 259 261 261 261 261 262 262 262 262 261 261 261 261 263 263 263 263 264 264 264 264 261 261 261 261 258 258 258 258 257 257 257 257 264 264 264 264 258 258 258 258 261 261 261 261 265 265 265 265 263 263 263 263 261 261 261 261 264 264 264 264 265 265 265 265 263 263 263 263 265 265 265 265 266 266 266 266 267 267 267 267 264 264 264 264 257 257 257 257 254 254 254 254 267 267 267 267 257 257 257 257 254 254 254 254 260 260 260 260 267 267 267 267 264 264 264 264 268 268 268 268 265 265 265 265 264 264 264 264 267 267 267 267 268 268 268 268 265 265 265 265 269 269 269 269 266 266 266 266 265 265 265 265 268 268 268 268 269 269 269 269 266 266 266 266 269 269 269 269 270 270 270 270 268 268 268 268 270 270 270 270 269 269 269 269 271 271 271 271 266 266 266 266 270 270 270 270 268 268 268 268 272 272 272 272 270 270 270 270 267 267 267 267 272 272 272 272 268 268 268 268 271 271 271 271 270 270 270 270 273 273 273 273 272 272 272 272 273 273 273 273 270 270 270 270 274 274 274 274 271 271 271 271 273 273 273 273 274 274 274 274 273 273 273 273 275 275 275 275 273 273 273 273 276 276 276 276 275 275 275 275 276 276 276 276 273 273 273 273 272 272 272 272 275 275 275 275 276 276 276 276 277 277 277 277 278 278 278 278 272 272 272 272 267 267 267 267 278 278 278 278 276 276 276 276 272 272 272 272 276 276 276 276 279 279 279 279 277 277 277 277 279 279 279 279 276 276 276 276 278 278 278 278 277 277 277 277 279 279 279 279 280 280 280 280 280 280 280 280 279 279 279 279 278 278 278 278 281 281 281 281 277 277 277 277 280 280 280 280 282 282 282 282 278 278 278 278 267 267 267 267 280 280 280 280 278 278 278 278 282 282 282 282 260 260 260 260 282 282 282 282 267 267 267 267 281 281 281 281 280 280 280 280 283 283 283 283 283 283 283 283 280 280 280 280 282 282 282 282 284 284 284 284 281 281 281 281 283 283 283 283 284 284 284 284 283 283 283 283 285 285 285 285 260 260 260 260 286 286 286 286 282 282 282 282 286 286 286 286 283 283 283 283 282 282 282 282 283 283 283 283 286 286 286 286 285 285 285 285 256 256 256 256 286 286 286 286 260 260 260 260 285 285 285 285 286 286 286 286 253 253 253 253 286 286 286 286 256 256 256 256 253 253 253 253 287 287 287 287 288 288 288 288 289 289 289 289 290 290 290 290 288 288 288 288 287 287 287 287 291 291 291 291 287 287 287 287 289 289 289 289 289 289 289 289 292 292 292 292 291 291 291 291 293 293 293 293 290 290 290 290 287 287 287 287 294 294 294 294 290 290 290 290 293 293 293 293 287 287 287 287 291 291 291 291 295 295 295 295 293 293 293 293 287 287 287 287 295 295 295 295 292 292 292 292 296 296 296 296 291 291 291 291 296 296 296 296 292 292 292 292 297 297 297 297 298 298 298 298 294 294 294 294 293 293 293 293 299 299 299 299 294 294 294 294 298 298 298 298 300 300 300 300 296 296 296 296 297 297 297 297 297 297 297 297 301 301 301 301 300 300 300 300 291 291 291 291 296 296 296 296 302 302 302 302 296 296 296 296 300 300 300 300 302 302 302 302 291 291 291 291 302 302 302 302 295 295 295 295 301 301 301 301 303 303 303 303 300 300 300 300 303 303 303 303 301 301 301 301 304 304 304 304 302 302 302 302 300 300 300 300 305 305 305 305 300 300 300 300 303 303 303 303 305 305 305 305 306 306 306 306 303 303 303 303 304 304 304 304 305 305 305 305 303 303 303 303 306 306 306 306 306 306 306 306 304 304 304 304 307 307 307 307 304 304 304 304 308 308 308 308 307 307 307 307 309 309 309 309 305 305 305 305 306 306 306 306 309 309 309 309 306 306 306 306 307 307 307 307 307 307 307 307 308 308 308 308 310 310 310 310 310 310 310 310 309 309 309 309 307 307 307 307 308 308 308 308 311 311 311 311 310 310 310 310 312 312 312 312 305 305 305 305 309 309 309 309 302 302 302 302 305 305 305 305 312 312 312 312 295 295 295 295 302 302 302 302 312 312 312 312 313 313 313 313 309 309 309 309 310 310 310 310 313 313 313 313 312 312 312 312 309 309 309 309 310 310 310 310 311 311 311 311 314 314 314 314 314 314 314 314 313 313 313 313 310 310 310 310 311 311 311 311 315 315 315 315 314 314 314 314 314 314 314 314 315 315 315 315 316 316 316 316 317 317 317 317 314 314 314 314 316 316 316 316 313 313 313 313 314 314 314 314 317 317 317 317 316 316 316 316 318 318 318 318 317 317 317 317 319 319 319 319 313 313 313 313 317 317 317 317 312 312 312 312 313 313 313 313 319 319 319 319 318 318 318 318 320 320 320 320 317 317 317 317 319 319 319 319 317 317 317 317 320 320 320 320 320 320 320 320 318 318 318 318 321 321 321 321 322 322 322 322 319 319 319 319 320 320 320 320 322 322 322 322 320 320 320 320 321 321 321 321 323 323 323 323 312 312 312 312 319 319 319 319 323 323 323 323 319 319 319 319 322 322 322 322 322 322 322 322 321 321 321 321 324 324 324 324 324 324 324 324 323 323 323 323 322 322 322 322 321 321 321 321 325 325 325 325 324 324 324 324 323 323 323 323 326 326 326 326 312 312 312 312 326 326 326 326 295 295 295 295 312 312 312 312 326 326 326 326 293 293 293 293 295 295 295 295 298 298 298 298 293 293 293 293 326 326 326 326 324 324 324 324 327 327 327 327 323 323 323 323 327 327 327 327 326 326 326 326 323 323 323 323 324 324 324 324 325 325 325 325 327 327 327 327 327 327 327 327 298 298 298 298 326 326 326 326 325 325 325 325 299 299 299 299 327 327 327 327 327 327 327 327 299 299 299 299 298 298 298 298 </p>
        </triangles>
      </mesh>
    </geometry>
  </library_geometries>
  <library_controllers>
    <controller id="Armature_BodyM__BodyC-mesh">
      <skin source="#BodyM__BodyC-mesh">
        <bind_shape_matrix>1 0 0 0 0 1 0 0 0 0 1 0 0 0 0 1</bind_shape_matrix>
        <source id="BodyM__BodyC-mesh-joint">
          <Name_array id="BodyM__BodyC-mesh-joint-array" count="5">C_FaceJ L_FootJ L_ToeJ R_FootJ R_ToeJ</Name_array>
          <technique_common>
            <accessor source="#BodyM__BodyC-mesh-joint-array" count="5" stride="1">
              <param name="JOINT" type="name" />
            </accessor>
          </technique_common>
        </source>
        <source id="BodyM__BodyC-mesh-inv_bind_matrix">
          <float_array id="BodyM__BodyC-mesh-inv_bind_matrix-array" count="80">1 0 0 0 0 1 0 -0.554135 0 0 1 0 0 0 0 1 1.960306E-07 -0.7313537 0.6819985 0.2469424 1.2282E-07 0.6819984 0.7313537 -0.1732045 -1 -1.2282E-07 1.960306E-07 0.2075751 0 0 0 1 1.960306E-07 -0.7313537 0.6819985 0.03760513 1.2282E-07 0.6819984 0.7313537 -0.09752948 -1 -1.2282E-07 1.960306E-07 0.2075751 0 0 0 1 1.960306E-07 -0.7313537 0.6819985 0.2469425 1.2282E-07 0.6819984 0.7313537 -0.1732045 -1 -1.2282E-07 1.960306E-07 -0.207575 0 0 0 1 1.960306E-07 -0.7313537 0.6819985 0.0376052 1.2282E-07 0.6819984 0.7313537 -0.09752942 -1 -1.2282E-07 1.960306E-07 -0.207575 0 0 0 1</float_array>
          <technique_common>
            <accessor source="#BodyM__BodyC-mesh-inv_bind_matrix-array" count="5" stride="16">
              <param name="TRANSFORM" type="float4x4" />
            </accessor>
          </technique_common>
        </source>
        <source id="BodyM__BodyC-mesh-weight">
          <float_array id="BodyM__BodyC-mesh-weight-array" count="3">1 0.4980392 0.5019608</float_array>
          <technique_common>
            <accessor source="#BodyM__BodyC-mesh-weight-array" count="3" stride="1">
              <param name="WEIGHT" type="float" />
            </accessor>
          </technique_common>
        </source>
        <joints>
          <input semantic="JOINT" source="#BodyM__BodyC-mesh-joint" />
          <input semantic="INV_BIND_MATRIX" source="#BodyM__BodyC-mesh-inv_bind_matrix" />
        </joints>
        <vertex_weights count="1272">
          <input semantic="JOINT" source="#BodyM__BodyC-mesh-joint" offset="0" />
          <input semantic="WEIGHT" source="#BodyM__BodyC-mesh-weight" offset="1" />
          <vcount>1 1 1 1 1 1 1 1 1 1 1 1 1 1 1 1 1 1 1 1 1 1 1 1 1 1 1 1 1 1 1 1 1 1 1 1 1 1 1 1 1 1 1 1 1 1 1 1 1 1 1 1 1 1 1 1 1 1 1 1 1 1 1 1 1 1 1 1 1 1 1 1 1 1 1 1 1 1 1 1 1 1 1 1 1 1 1 1 1 1 1 1 1 1 1 1 1 1 1 1 1 1 1 1 1 1 1 1 1 1 1 1 1 1 1 1 1 1 1 1 1 1 1 1 1 1 1 1 1 1 1 1 1 1 1 1 1 1 1 1 1 1 1 1 1 1 1 1 1 1 1 1 1 1 1 1 1 1 1 1 1 1 1 1 1 1 1 1 1 1 1 1 1 1 1 1 1 1 1 1 1 1 1 1 1 1 1 1 1 1 1 1 1 1 1 1 1 1 1 1 1 1 1 1 1 1 1 1 1 1 1 1 1 1 1 1 1 1 1 1 1 1 1 1 1 1 1 1 1 1 1 1 1 1 1 1 1 1 1 1 1 1 1 1 1 1 1 1 1 1 1 1 1 1 1 1 1 1 1 1 1 1 1 1 1 1 1 1 1 1 1 1 1 1 1 1 1 1 1 1 1 1 1 2 2 1 1 1 1 1 1 1 1 1 1 1 1 1 1 1 1 1 1 1 1 2 1 2 1 1 2 1 1 1 2 1 1 1 1 2 1 1 2 2 2 2 1 1 1 1 1 1 1 1 1 1 1 1 1 1 1 1 1 1 1 1 1 1 1 1 1 1 1 1 1 1 1 1 1 1 1 2 1 1 1 2 2 2 1 2 1 1 1 1 1 1 1 1 1 1 1 1 1 1 1 1 1 1 1 1 1 1 1 1 1 1 1 1 1 1 1 1 1 1 1 1 1 2 1 1 1 1 1 1 1 1 1 1 1 1 1 1 1 1 1 2 1 2 2 2 2 1 1 1 1 1 2 1 2 1 1 1 1 1 1 1 1 1 1 1 1 1 1 1 1 1 1 2 1 1 1 1 1 1 1 1 1 1 1 1 1 1 1 1 1 1 1 1 1 2 2 1 2 1 2 1 1 1 1 1 1 1 1 1 1 2 2 1 2 1 2 1 1 1 1 1 1 1 1 1 1 1 1 1 1 1 1 1 1 2 1 1 1 2 1 1 1 1 1 1 1 1 1 1 1 1 1 1 1 2 1 1 2 1 1 1 1 1 1 1 1 1 1 2 2 2 2 2 2 1 1 1 1 1 1 1 1 1 1 1 1 1 1 1 1 1 1 1 1 1 1 1 1 1 1 1 1 1 1 1 1 1 1 1 1 1 1 1 1 2 1 2 1 2 2 2 1 1 1 1 1 1 1 1 1 1 1 1 1 1 1 1 1 1 1 1 1 1 1 1 1 1 1 1 1 1 1 1 1 1 1 1 1 1 1 1 1 1 1 1 1 1 1 1 1 1 1 1 1 1 1 1 1 1 1 1 1 1 1 1 1 1 1 1 1 1 1 1 1 1 1 1 1 1 1 1 1 1 1 1 1 1 1 1 1 1 1 1 1 1 1 1 1 1 1 1 1 1 1 1 1 1 1 1 1 1 1 1 1 1 1 1 1 1 1 1 1 1 1 1 1 1 1 1 1 1 1 1 1 1 1 1 1 1 1 1 1 1 1 1 1 1 1 1 1 1 1 1 1 1 1 1 1 1 1 1 1 1 1 1 1 1 1 1 1 1 1 1 1 1 1 1 1 1 1 1 1 1 1 1 1 1 1 1 1 1 1 1 1 1 1 1 1 1 1 1 1 1 1 1 1 1 1 1 1 1 1 1 1 1 1 1 1 1 1 1 1 1 1 1 1 1 1 1 1 1 1 1 1 1 1 1 1 1 1 1 1 1 1 1 1 1 1 1 1 1 1 1 1 1 1 1 1 1 1 1 1 1 1 1 1 1 1 1 1 1 1 1 1 1 1 1 1 1 1 1 1 1 1 1 1 1 1 1 1 1 1 1 1 1 1 1 1 1 1 1 1 1 1 1 1 1 1 1 1 1 1 1 1 1 1 1 1 1 1 1 1 1 1 1 1 1 1 1 1 1 1 1 1 1 1 1 1 1 1 1 1 1 1 1 1 1 1 1 1 1 1 1 1 1 1 1 1 1 1 1 1 1 1 1 1 1 1 1 1 1 1 1 1 1 1 1 1 1 1 1 1 1 1 1 1 1 1 1 1 1 1 1 1 1 1 1 1 1 1 1 1 1 1 1 1 1 1 1 1 1 1 1 1 1 1 1 1 1 1 1 1 1 1 1 1 1 1 1 1 1 1 1 1 1 1 1 1 1 1 1 1 1 1 1 1 1 1 1 1 1 1 1 1 1 1 1 1 1 1 1 1 1 1 1 1 1 1 1 1 1 1 1 1 1 1 1 1 1 1 1 1 1 1 1 1 1 1 1 1 1 1 1 1 1 1 1 1 1 1 1 1 1 1 2 2 1 1 1 1 1 1 1 1 1 1 1 1 1 1 1 1 1 1 1 2 2 2 2 1 2 1 1 1 1 1 1 1 1 1 2 1 1 1 1 1 1 1 1 2 1 2 1 1 2 2 2 2 1 1 1 1 1 1 1 1 1 1 1 1 1 1 1 1 1 1 1 1 1 1 1 1 1 1 1 1 1 1 1 1 1 1 2 2 1 1 1 1 1 1 2 1 1 1 2 1 1 1 1 2 1 1 2 1 1 1 2 1 1 1 1 2 1 1 1 1 1 1 1 1 1 1 1 1 1 2 1 2 1 1 2 2 2 2 1 1 1 1 1 1 1 1 1 1 1 1 1 1 1 1 1 1 1 1 1 1 1 </vcount>
          <v>0 0 0 0 0 0 0 0 0 0 0 0 0 0 0 0 0 0 0 0 0 0 0 0 0 0 0 0 0 0 0 0 0 0 0 0 0 0 0 0 0 0 0 0 0 0 0 0 0 0 0 0 0 0 0 0 0 0 0 0 0 0 0 0 0 0 0 0 0 0 0 0 0 0 0 0 0 0 0 0 0 0 0 0 0 0 0 0 0 0 0 0 0 0 0 0 0 0 0 0 0 0 0 0 0 0 0 0 0 0 0 0 0 0 0 0 0 0 0 0 0 0 0 0 0 0 0 0 0 0 0 0 0 0 0 0 0 0 0 0 0 0 0 0 0 0 0 0 0 0 0 0 0 0 0 0 0 0 0 0 0 0 0 0 0 0 0 0 0 0 0 0 0 0 0 0 0 0 0 0 0 0 0 0 0 0 0 0 0 0 0 0 0 0 0 0 0 0 0 0 0 0 0 0 0 0 0 0 0 0 0 0 0 0 0 0 0 0 0 0 0 0 0 0 0 0 0 0 0 0 0 0 0 0 0 0 0 0 0 0 0 0 0 0 0 0 0 0 0 0 0 0 0 0 0 0 0 0 0 0 0 0 0 0 0 0 0 0 0 0 0 0 0 0 0 0 0 0 0 0 0 0 0 0 0 0 0 0 0 0 0 0 0 0 0 0 0 0 0 0 0 0 0 0 0 0 0 0 0 0 0 0 0 0 0 0 0 0 0 0 0 0 0 0 0 0 0 0 0 0 0 0 0 0 0 0 0 0 0 0 0 0 0 0 0 0 0 0 0 0 0 0 0 0 0 0 0 0 0 0 0 0 0 0 0 0 0 0 0 0 0 0 0 0 0 0 0 0 0 0 0 0 0 0 0 0 0 0 0 0 0 0 0 0 0 0 0 0 0 0 0 0 0 0 0 0 0 0 0 0 0 0 0 0 0 0 0 0 0 0 0 0 0 0 0 0 0 0 0 0 0 0 0 0 0 0 0 0 0 0 0 0 0 0 0 0 0 0 0 0 0 0 0 0 0 0 0 0 0 0 0 0 0 0 0 0 0 0 0 0 0 0 0 0 0 0 0 0 0 0 0 0 0 0 0 0 0 0 0 0 0 0 0 0 0 0 0 0 0 0 0 0 0 0 0 0 0 0 0 0 0 0 0 0 0 0 1 0 1 0 1 0 1 0 1 0 1 0 1 0 1 0 1 0 1 0 1 0 1 0 1 0 1 0 1 0 1 0 1 0 1 0 1 0 1 0 1 0 1 0 1 0 1 0 1 0 1 1 2 2 1 1 2 2 1 0 1 0 1 0 1 0 1 0 1 0 1 0 1 0 1 0 1 0 1 0 1 0 1 0 1 0 1 0 1 0 1 0 1 0 1 0 1 0 1 1 2 2 1 0 1 1 2 2 2 0 2 0 1 1 2 2 1 0 2 0 1 0 1 1 2 2 1 0 1 0 1 0 1 0 1 1 2 2 1 0 2 0 1 1 2 2 1 1 2 2 1 1 2 2 1 1 2 2 2 0 2 0 2 0 2 0 2 0 2 0 2 0 2 0 2 0 2 0 2 0 2 0 2 0 2 0 2 0 2 0 2 0 2 0 2 0 2 0 2 0 2 0 2 0 2 0 2 0 2 0 2 0 2 0 2 0 2 0 2 0 2 0 2 0 2 0 2 0 1 1 2 2 2 0 2 0 2 0 1 1 2 2 1 1 2 2 1 1 2 2 1 0 1 1 2 2 1 0 1 0 1 0 1 0 1 0 1 0 1 0 1 0 1 0 1 0 1 0 1 0 1 0 1 0 1 0 1 0 1 0 1 0 1 0 1 0 1 0 1 0 1 0 1 0 1 0 1 0 1 0 1 0 1 0 1 0 1 0 1 0 1 0 1 0 1 0 1 0 1 0 1 1 2 2 1 0 1 0 1 0 1 0 1 0 1 0 1 0 1 0 1 0 1 0 1 0 1 0 1 0 1 0 1 0 1 0 1 0 1 1 2 2 1 0 1 1 2 2 1 1 2 2 1 1 2 2 1 1 2 2 2 0 2 0 2 0 2 0 2 0 1 1 2 2 2 0 1 1 2 2 3 0 3 0 3 0 3 0 3 0 3 0 3 0 3 0 3 0 3 0 3 0 3 0 3 0 3 0 3 0 3 0 3 0 3 0 3 1 4 2 3 0 3 0 3 0 3 0 3 0 3 0 3 0 3 0 3 0 3 0 3 0 3 0 3 0 3 0 3 0 3 0 3 0 3 0 3 0 3 0 3 0 3 1 4 2 3 1 4 2 3 0 3 1 4 2 3 0 3 1 4 2 3 0 3 0 3 0 3 0 3 0 3 0 3 0 3 0 3 0 3 0 3 1 4 2 3 1 4 2 3 0 3 1 4 2 4 0 3 1 4 2 4 0 4 0 4 0 4 0 4 0 4 0 4 0 4 0 4 0 4 0 4 0 4 0 4 0 4 0 4 0 4 0 4 0 4 0 3 1 4 2 4 0 4 0 3 0 3 1 4 2 4 0 4 0 4 0 4 0 4 0 4 0 4 0 4 0 4 0 4 0 4 0 4 0 4 0 4 0 4 0 3 1 4 2 4 0 4 0 3 1 4 2 4 0 4 0 4 0 4 0 4 0 4 0 4 0 4 0 4 0 4 0 3 1 4 2 3 1 4 2 3 1 4 2 3 1 4 2 3 1 4 2 3 1 4 2 3 0 3 0 3 0 3 0 3 0 3 0 3 0 3 0 3 0 3 0 3 0 3 0 3 0 3 0 3 0 3 0 3 0 3 0 3 0 3 0 3 0 3 0 3 0 3 0 3 0 3 0 3 0 3 0 3 0 3 0 3 0 3 0 3 0 3 0 3 0 3 0 3 0 3 0 3 0 3 0 3 1 4 2 3 0 3 1 4 2 3 0 3 1 4 2 3 1 4 2 3 1 4 2 3 0 3 0 3 0 3 0 3 0 3 0 3 0 3 0 3 0 3 0 3 0 3 0 3 0 3 0 0 0 0 0 0 0 0 0 0 0 0 0 0 0 0 0 0 0 0 0 0 0 0 0 0 0 0 0 0 0 0 0 0 0 0 0 0 0 0 0 0 0 0 0 0 0 0 0 0 0 0 0 0 0 0 0 0 0 0 0 0 0 0 0 0 0 0 0 0 0 0 0 0 0 0 0 0 0 0 0 0 0 0 0 0 0 0 0 0 0 0 0 0 0 0 0 0 0 0 0 0 0 0 0 0 0 0 0 0 0 0 0 0 0 0 0 0 0 0 0 0 0 0 0 0 0 0 0 0 0 0 0 0 0 0 0 0 0 0 0 0 0 0 0 0 0 0 0 0 0 0 0 0 0 0 0 0 0 0 0 0 0 0 0 0 0 0 0 0 0 0 0 0 0 0 0 0 0 0 0 0 0 0 0 0 0 0 0 0 0 0 0 0 0 0 0 0 0 0 0 0 0 0 0 0 0 0 0 0 0 0 0 0 0 0 0 0 0 0 0 0 0 0 0 0 0 0 0 0 0 0 0 0 0 0 0 0 0 0 0 0 0 0 0 0 0 0 0 0 0 0 0 0 0 0 0 0 0 0 0 0 0 0 0 0 0 0 0 0 0 0 0 0 0 0 0 0 0 0 0 0 0 0 0 0 0 0 0 0 0 0 0 0 0 0 0 0 0 0 0 0 0 0 0 0 0 0 0 0 0 0 0 0 0 0 0 0 0 0 0 0 0 0 0 0 0 0 0 0 0 0 0 0 0 0 0 0 0 0 0 0 0 0 0 0 0 0 0 0 0 0 0 0 0 0 0 0 0 0 0 0 0 0 0 0 0 0 0 0 0 0 0 0 0 0 0 0 0 0 0 0 0 0 0 0 0 0 0 0 0 0 0 0 0 0 0 0 0 0 0 0 0 0 0 0 0 0 0 0 0 0 0 0 0 0 0 0 0 0 0 0 0 0 0 0 0 0 0 0 0 0 0 0 0 0 0 0 0 0 0 0 0 0 0 0 0 0 0 0 0 0 0 0 0 0 0 0 0 0 0 0 0 0 0 0 0 0 0 0 0 0 0 0 0 0 0 0 0 0 0 0 0 0 0 0 0 0 0 0 0 0 0 0 0 0 0 0 0 0 0 0 0 0 0 0 0 0 0 0 0 0 0 0 0 0 0 0 0 0 0 0 0 0 0 0 0 0 0 0 0 0 0 0 0 0 0 0 0 0 0 0 0 0 0 0 0 0 0 0 0 0 0 0 0 0 0 0 0 0 0 0 0 0 0 0 0 0 0 0 0 0 0 0 0 0 0 0 0 0 0 0 0 0 0 0 0 0 0 0 0 0 0 0 0 0 0 0 0 0 0 0 0 0 0 0 0 0 0 0 0 0 0 0 0 0 0 0 0 0 0 0 0 0 0 0 0 0 0 0 0 0 0 0 0 0 0 0 0 0 0 0 0 0 0 0 0 0 0 0 0 0 0 0 0 0 0 0 0 0 0 0 0 0 0 0 0 0 0 0 0 0 0 0 0 0 0 0 0 0 0 0 0 0 0 0 0 0 0 0 0 0 0 0 0 0 0 0 0 0 0 0 0 0 0 0 0 0 0 0 0 0 0 0 0 0 0 0 0 0 0 0 0 0 0 0 0 0 0 0 0 0 0 0 0 0 0 0 0 0 0 0 0 0 0 0 0 0 0 0 0 0 0 0 0 0 0 0 0 0 0 0 0 0 0 0 0 0 0 0 0 0 0 0 0 0 0 0 0 0 0 0 0 0 0 0 0 0 0 0 0 0 0 0 0 0 0 0 0 0 0 0 0 0 0 0 0 0 0 0 0 0 0 0 0 0 0 0 0 0 0 0 0 0 0 0 0 0 0 0 0 0 0 0 0 0 0 0 0 0 0 0 0 0 0 0 0 0 0 0 0 0 0 0 0 0 0 0 0 0 0 0 0 0 0 0 0 0 0 0 0 0 0 0 0 0 0 0 0 0 0 0 0 0 0 0 0 0 0 0 0 0 0 0 0 0 0 0 0 0 0 0 0 0 0 0 0 0 0 0 0 0 0 0 0 0 0 0 0 0 0 0 0 0 0 0 0 0 0 0 0 0 0 0 0 0 0 0 0 0 0 0 0 0 0 0 0 0 0 0 0 0 0 0 0 0 0 0 0 1 0 1 0 1 0 1 0 1 0 1 0 1 0 1 0 1 0 1 0 1 1 2 2 1 1 2 2 1 0 1 0 1 0 1 0 1 0 1 0 1 0 1 0 1 0 1 0 1 0 1 0 1 0 1 0 1 0 1 0 1 0 1 0 1 0 1 1 2 2 1 1 2 2 1 1 2 2 1 1 2 2 1 0 1 1 2 2 2 0 2 0 2 0 2 0 2 0 2 0 2 0 2 0 2 0 1 1 2 2 2 0 2 0 2 0 2 0 2 0 2 0 2 0 2 0 1 1 2 2 2 0 1 1 2 2 1 0 2 0 1 1 2 2 1 1 2 2 1 1 2 2 1 1 2 2 1 0 1 0 1 0 1 0 1 0 1 0 1 0 1 0 1 0 1 0 1 0 1 0 1 0 1 0 1 0 1 0 1 0 1 0 1 0 1 0 1 0 1 0 1 0 1 0 3 0 3 0 3 0 3 0 3 0 3 0 3 0 3 0 3 0 3 0 3 1 4 2 3 1 4 2 3 0 4 0 4 0 4 0 4 0 4 0 3 1 4 2 3 0 4 0 3 0 3 1 4 2 3 0 3 0 3 0 3 0 3 1 4 2 4 0 4 0 3 1 4 2 4 0 4 0 3 0 3 1 4 2 3 0 4 0 3 0 4 0 3 1 4 2 3 0 3 0 3 0 3 0 3 0 3 0 3 0 3 0 4 0 4 0 4 0 4 0 4 0 3 1 4 2 4 0 3 1 4 2 3 0 4 0 3 1 4 2 3 1 4 2 3 1 4 2 3 1 4 2 3 0 3 0 3 0 3 0 3 0 3 0 3 0 3 0 3 0 3 0 3 0 3 0 3 0 3 0 3 0 3 0 3 0 3 0 3 0 3 0 3 0 3 0 3 0 </v>
        </vertex_weights>
      </skin>
    </controller>
    <controller id="Armature_WingM__BodyC-mesh">
      <skin source="#WingM__BodyC-mesh">
        <bind_shape_matrix>1 0 0 0 0 1 0 0 0 0 1 0 0 0 0 1</bind_shape_matrix>
        <source id="WingM__BodyC-mesh-joint">
          <Name_array id="WingM__BodyC-mesh-joint-array" count="2">L_Wing2J R_Wing2J</Name_array>
          <technique_common>
            <accessor source="#WingM__BodyC-mesh-joint-array" count="2" stride="1">
              <param name="JOINT" type="name" />
            </accessor>
          </technique_common>
        </source>
        <source id="WingM__BodyC-mesh-inv_bind_matrix">
          <float_array id="WingM__BodyC-mesh-inv_bind_matrix-array" count="32">1 0 0 -0.416369 0 -1 1.509958E-07 0.555424 0 -1.509958E-07 -1 -0.1109219 0 0 0 1 1 0 0 0.4163693 0 1 0 -0.5554244 0 0 1 0.1109218 0 0 0 1</float_array>
          <technique_common>
            <accessor source="#WingM__BodyC-mesh-inv_bind_matrix-array" count="2" stride="16">
              <param name="TRANSFORM" type="float4x4" />
            </accessor>
          </technique_common>
        </source>
        <source id="WingM__BodyC-mesh-weight">
          <float_array id="WingM__BodyC-mesh-weight-array" count="1">1</float_array>
          <technique_common>
            <accessor source="#WingM__BodyC-mesh-weight-array" count="1" stride="1">
              <param name="WEIGHT" type="float" />
            </accessor>
          </technique_common>
        </source>
        <joints>
          <input semantic="JOINT" source="#WingM__BodyC-mesh-joint" />
          <input semantic="INV_BIND_MATRIX" source="#WingM__BodyC-mesh-inv_bind_matrix" />
        </joints>
        <vertex_weights count="552">
          <input semantic="JOINT" source="#WingM__BodyC-mesh-joint" offset="0" />
          <input semantic="WEIGHT" source="#WingM__BodyC-mesh-weight" offset="1" />
          <vcount>1 1 1 1 1 1 1 1 1 1 1 1 1 1 1 1 1 1 1 1 1 1 1 1 1 1 1 1 1 1 1 1 1 1 1 1 1 1 1 1 1 1 1 1 1 1 1 1 1 1 1 1 1 1 1 1 1 1 1 1 1 1 1 1 1 1 1 1 1 1 1 1 1 1 1 1 1 1 1 1 1 1 1 1 1 1 1 1 1 1 1 1 1 1 1 1 1 1 1 1 1 1 1 1 1 1 1 1 1 1 1 1 1 1 1 1 1 1 1 1 1 1 1 1 1 1 1 1 1 1 1 1 1 1 1 1 1 1 1 1 1 1 1 1 1 1 1 1 1 1 1 1 1 1 1 1 1 1 1 1 1 1 1 1 1 1 1 1 1 1 1 1 1 1 1 1 1 1 1 1 1 1 1 1 1 1 1 1 1 1 1 1 1 1 1 1 1 1 1 1 1 1 1 1 1 1 1 1 1 1 1 1 1 1 1 1 1 1 1 1 1 1 1 1 1 1 1 1 1 1 1 1 1 1 1 1 1 1 1 1 1 1 1 1 1 1 1 1 1 1 1 1 1 1 1 1 1 1 1 1 1 1 1 1 1 1 1 1 1 1 1 1 1 1 1 1 1 1 1 1 1 1 1 1 1 1 1 1 1 1 1 1 1 1 1 1 1 1 1 1 1 1 1 1 1 1 1 1 1 1 1 1 1 1 1 1 1 1 1 1 1 1 1 1 1 1 1 1 1 1 1 1 1 1 1 1 1 1 1 1 1 1 1 1 1 1 1 1 1 1 1 1 1 1 1 1 1 1 1 1 1 1 1 1 1 1 1 1 1 1 1 1 1 1 1 1 1 1 1 1 1 1 1 1 1 1 1 1 1 1 1 1 1 1 1 1 1 1 1 1 1 1 1 1 1 1 1 1 1 1 1 1 1 1 1 1 1 1 1 1 1 1 1 1 1 1 1 1 1 1 1 1 1 1 1 1 1 1 1 1 1 1 1 1 1 1 1 1 1 1 1 1 1 1 1 1 1 1 1 1 1 1 1 1 1 1 1 1 1 1 1 1 1 1 1 1 1 1 1 1 1 1 1 1 1 1 1 1 1 1 1 1 1 1 1 1 1 1 1 1 1 1 1 1 1 1 1 1 1 1 1 1 1 1 1 1 1 1 1 1 1 1 1 1 1 1 1 1 1 1 1 1 1 1 1 1 1 1 1 1 1 1 1 1 1 1 1 1 1 1 1 1 </vcount>
          <v>0 0 0 0 0 0 0 0 0 0 0 0 0 0 0 0 0 0 0 0 0 0 0 0 0 0 0 0 0 0 0 0 0 0 0 0 0 0 0 0 0 0 0 0 0 0 0 0 0 0 0 0 0 0 0 0 0 0 0 0 0 0 0 0 0 0 0 0 0 0 0 0 0 0 0 0 0 0 0 0 0 0 0 0 0 0 0 0 0 0 0 0 0 0 0 0 0 0 0 0 0 0 0 0 0 0 0 0 0 0 0 0 0 0 0 0 0 0 0 0 0 0 0 0 0 0 0 0 0 0 0 0 0 0 0 0 0 0 0 0 0 0 0 0 0 0 0 0 0 0 0 0 0 0 0 0 0 0 0 0 0 0 0 0 0 0 0 0 0 0 0 0 0 0 0 0 0 0 0 0 0 0 0 0 0 0 0 0 0 0 0 0 0 0 0 0 0 0 0 0 0 0 0 0 0 0 0 0 0 0 0 0 0 0 0 0 0 0 0 0 0 0 0 0 0 0 0 0 0 0 0 0 0 0 0 0 0 0 0 0 0 0 0 0 0 0 0 0 0 0 0 0 0 0 0 0 0 0 0 0 0 0 0 0 0 0 0 0 0 0 0 0 0 0 0 0 0 0 0 0 0 0 0 0 0 0 0 0 0 0 0 0 0 0 0 0 0 0 0 0 0 0 0 0 0 0 0 0 0 0 0 0 0 0 0 0 0 0 0 0 0 0 0 0 0 0 0 0 1 0 1 0 1 0 1 0 1 0 1 0 1 0 1 0 1 0 1 0 1 0 1 0 1 0 1 0 1 0 1 0 1 0 1 0 1 0 1 0 1 0 1 0 1 0 1 0 1 0 1 0 1 0 1 0 1 0 1 0 1 0 1 0 1 0 1 0 1 0 1 0 1 0 1 0 1 0 1 0 1 0 1 0 1 0 1 0 1 0 1 0 1 0 1 0 1 0 1 0 1 0 1 0 1 0 1 0 1 0 1 0 1 0 1 0 1 0 1 0 1 0 1 0 1 0 1 0 1 0 1 0 1 0 1 0 1 0 1 0 1 0 1 0 1 0 1 0 1 0 1 0 1 0 1 0 1 0 1 0 1 0 1 0 1 0 1 0 1 0 1 0 1 0 1 0 1 0 1 0 1 0 1 0 1 0 1 0 1 0 1 0 1 0 1 0 1 0 1 0 1 0 1 0 1 0 1 0 1 0 1 0 1 0 1 0 1 0 1 0 1 0 1 0 1 0 1 0 1 0 1 0 1 0 1 0 1 0 1 0 1 0 1 0 1 0 1 0 1 0 1 0 1 0 1 0 1 0 1 0 1 0 1 0 1 0 1 0 1 0 1 0 1 0 1 0 1 0 1 0 1 0 1 0 1 0 1 0 1 0 1 0 1 0 1 0 1 0 1 0 1 0 1 0 1 0 1 0 1 0 1 0 1 0 1 0 1 0 1 0 1 0 1 0 1 0 1 0 0 0 0 0 0 0 0 0 0 0 0 0 0 0 0 0 0 0 0 0 0 0 0 0 0 0 0 0 0 0 0 0 0 0 0 0 0 0 0 0 0 0 0 0 0 0 0 0 0 0 0 0 0 0 1 0 1 0 1 0 1 0 1 0 1 0 1 0 1 0 1 0 1 0 1 0 1 0 1 0 1 0 1 0 1 0 1 0 1 0 1 0 1 0 1 0 1 0 1 0 1 0 1 0 1 0 1 0 0 0 0 0 0 0 0 0 0 0 0 0 0 0 0 0 0 0 0 0 0 0 0 0 0 0 0 0 0 0 0 0 0 0 0 0 0 0 0 0 0 0 0 0 0 0 0 0 0 0 0 0 0 0 0 0 0 0 0 0 0 0 1 0 1 0 1 0 1 0 1 0 1 0 1 0 1 0 1 0 1 0 1 0 1 0 1 0 1 0 1 0 1 0 1 0 1 0 1 0 1 0 1 0 1 0 1 0 1 0 1 0 1 0 1 0 1 0 1 0 1 0 1 0 0 0 0 0 0 0 0 0 0 0 0 0 0 0 0 0 0 0 0 0 0 0 0 0 0 0 0 0 0 0 0 0 0 0 0 0 0 0 0 0 0 0 0 0 0 0 0 0 0 0 1 0 1 0 1 0 1 0 1 0 1 0 1 0 1 0 1 0 1 0 1 0 1 0 1 0 1 0 1 0 1 0 1 0 1 0 1 0 1 0 1 0 1 0 1 0 1 0 1 0 0 0 0 0 0 0 0 0 0 0 0 0 0 0 0 0 0 0 0 0 0 0 0 0 0 0 0 0 0 0 0 0 0 0 0 0 0 0 0 0 0 0 0 0 0 0 0 0 0 0 0 0 0 0 0 0 0 0 1 0 1 0 1 0 1 0 1 0 1 0 1 0 1 0 1 0 1 0 1 0 1 0 1 0 1 0 1 0 1 0 1 0 1 0 1 0 1 0 1 0 1 0 1 0 1 0 1 0 1 0 1 0 1 0 1 0 </v>
        </vertex_weights>
      </skin>
    </controller>
  </library_controllers>
  <library_visual_scenes>
    <visual_scene id="Scene" name="Scene">
      <node id="Armature" name="Armature" type="NODE">
        <matrix sid="transform">1 0 0 0 0 1 0 0 0 0 1 0 0 0 0 1</matrix>
        <node id="Armature_TopL" name="TopL" sid="TopL" type="JOINT">
          <matrix sid="transform">1 0 0 0 0 1 0 0 0 0 1 0 0 0 0 1</matrix>
          <node id="Armature_ControlL" name="ControlL" sid="ControlL" type="JOINT">
            <matrix sid="transform">1 0 0 0 0 1 0 0.57 0 0 1 0 0 0 0 1</matrix>
            <node id="Armature_ScaleL" name="ScaleL" sid="ScaleL" type="JOINT">
              <matrix sid="transform">1 0 0 0 0 1 0 -0.57 0 0 1 0 0 0 0 1</matrix>
              <node id="Armature_RotL" name="RotL" sid="RotL" type="JOINT">
                <matrix sid="transform">1 0 0 0 0 1 0 0.57 0 0 1 0 0 0 0 1</matrix>
                <node id="Armature_C_BodyJ" name="C_BodyJ" sid="C_BodyJ" type="JOINT">
                  <matrix sid="transform">1 0 0 0 0 1 0 -0.015865 0 0 1 0 0 0 0 1</matrix>
                  <node id="Armature_C_FaceJ" name="C_FaceJ" sid="C_FaceJ" type="JOINT">
                    <matrix sid="transform">1 0 0 0 0 1 0 0 0 0 1 0 0 0 0 1</matrix>
                  </node>
                  <node id="Armature_L_FootJ" name="L_FootJ" sid="L_FootJ" type="JOINT">
                    <matrix sid="transform">2.235174E-07 5.960464E-08 -1 0.207575 -0.7313536 0.6819984 -5.960464E-08 -0.2554075 0.6819984 0.7313536 2.235174E-07 -0.04174063 0 0 0 1</matrix>
                    <node id="Armature_L_ToeJ" name="L_ToeJ" sid="L_ToeJ" type="JOINT">
                      <matrix sid="transform">1 0 0 0.2093373 0 1 0 -0.07567505 0 0 1 0 0 0 0 1</matrix>
                    </node>
                  </node>
                  <node id="Armature_L_Wing1J1" name="L_Wing1J1" sid="L_Wing1J1" type="JOINT">
                    <matrix sid="transform">1 0 0 0 0 1 0 0 0 0 1 0 0 0 0 1</matrix>
                    <node id="Armature_L_Wing2J" name="L_Wing2J" sid="L_Wing2J" type="JOINT">
                      <matrix sid="transform">1 0 0 0.416369 0 -1 -1.509958E-07 0.001289 0 1.509958E-07 -1 -0.110922 0 0 0 1</matrix>
                    </node>
                  </node>
                  <node id="Armature_R_FootJ" name="R_FootJ" sid="R_FootJ" type="JOINT">
                    <matrix sid="transform">2.235174E-07 5.960464E-08 -1 -0.207575 -0.7313536 0.6819984 -5.960464E-08 -0.2554075 0.6819984 0.7313536 2.235174E-07 -0.04174063 0 0 0 1</matrix>
                    <node id="Armature_R_ToeJ" name="R_ToeJ" sid="R_ToeJ" type="JOINT">
                      <matrix sid="transform">1 0 0 0.2093373 0 1 0 -0.07567505 0 0 1 0 0 0 0 1</matrix>
                    </node>
                  </node>
                  <node id="Armature_R_Wing1J" name="R_Wing1J" sid="R_Wing1J" type="JOINT">
                    <matrix sid="transform">1 0 0 0 0 1 0 0 0 0 1 0 0 0 0 1</matrix>
                    <node id="Armature_R_Wing2J" name="R_Wing2J" sid="R_Wing2J" type="JOINT">
                      <matrix sid="transform">1 0 0 -0.4163693 0 1 0 0.001289455 0 0 1 -0.1109218 0 0 0 1</matrix>
                    </node>
                  </node>
                </node>
              </node>
            </node>
          </node>
        </node>
      </node>
      <node id="BodyM__BodyC" name="BodyM__BodyC" type="NODE">
        <instance_controller url="#Armature_BodyM__BodyC-mesh">
          <skeleton>#Armature_TopL</skeleton>
          <bind_material>
            <technique_common>
              <instance_material symbol="BodyC" target="#BodyC" />
              <bind_vertex_input semantic="CHANNEL0" input_semantic="TEXCOORD" input_set="0" />
              <bind_vertex_input semantic="CHANNEL1" input_semantic="TEXCOORD" input_set="1" />
              <bind_vertex_input semantic="CHANNEL2" input_semantic="TEXCOORD" input_set="2" />
            </technique_common>
          </bind_material>
        </instance_controller>
      </node>
      <node id="WingM__BodyC" name="WingM__BodyC" type="NODE">
        <instance_controller url="#Armature_WingM__BodyC-mesh">
          <skeleton>#Armature_TopL</skeleton>
          <bind_material>
            <technique_common>
              <instance_material symbol="BodyC" target="#BodyC" />
              <bind_vertex_input semantic="CHANNEL0" input_semantic="TEXCOORD" input_set="0" />
              <bind_vertex_input semantic="CHANNEL1" input_semantic="TEXCOORD" input_set="1" />
              <bind_vertex_input semantic="CHANNEL2" input_semantic="TEXCOORD" input_set="2" />
            </technique_common>
          </bind_material>
        </instance_controller>
      </node>
    </visual_scene>
  </library_visual_scenes>
  <scene>
    <instance_visual_scene url="#Scene" />
  </scene>
</COLLADA>