<?xml version="1.0" encoding="utf-8"?>
<COLLADA xmlns="http://www.collada.org/2005/11/COLLADASchema" version="1.4.1">
  <asset />
  <library_images>
    <image id="CmFillerObjectA03C_BaseColor.59520553">
      <init_from>CmFillerObjectA03C_BaseColor.59520553.png</init_from>
    </image>
    <image id="CmFillerObjectA03C_MRA._1447443409">
      <init_from>CmFillerObjectA03C_MRA._1447443409.png</init_from>
    </image>
    <image id="CmFillerObjectA03C_Normal.1667411641">
      <init_from>CmFillerObjectA03C_Normal.1667411641.png</init_from>
    </image>
  </library_images>
  <library_materials>
    <material id="CmFillerObjectA03C">
      <instance_effect url="#Effect_CmFillerObjectA03C" />
    </material>
    <material id="CollisionC">
      <instance_effect url="#Effect_CollisionC" />
    </material>
  </library_materials>
  <library_effects>
    <effect id="Effect_CmFillerObjectA03C">
      <profile_COMMON>
        <newparam sid="surface_CmFillerObjectA03C-diffuse">
          <surface type="2D">
            <init_from>CmFillerObjectA03C_BaseColor.59520553</init_from>
            <format>A8R8G8B8</format>
          </surface>
        </newparam>
        <newparam sid="sampler_CmFillerObjectA03C-diffuse">
          <sampler2D>
            <source>surface_CmFillerObjectA03C-diffuse</source>
            <wrap_s>WRAP</wrap_s>
            <wrap_t>WRAP</wrap_t>
          </sampler2D>
        </newparam>
        <newparam sid="surface_CmFillerObjectA03C-bump">
          <surface type="2D">
            <init_from>CmFillerObjectA03C_Normal.1667411641</init_from>
            <format>A8R8G8B8</format>
          </surface>
        </newparam>
        <newparam sid="sampler_CmFillerObjectA03C-bump">
          <sampler2D>
            <source>surface_CmFillerObjectA03C-bump</source>
            <wrap_s>WRAP</wrap_s>
            <wrap_t>WRAP</wrap_t>
          </sampler2D>
        </newparam>
        <technique sid="common">
          <phong>
            <diffuse>
              <texture texture="sampler_CmFillerObjectA03C-diffuse" texcoord="CHANNEL0" />
            </diffuse>
            <bump>
              <texture texture="sampler_CmFillerObjectA03C-bump" texcoord="CHANNEL0" />
            </bump>
            <emission>
              <color sid="emission">0 0 0 1</color>
            </emission>
            <specular>
              <color sid="specular">0 0 0 1</color>
            </specular>
          </phong>
        </technique>
      </profile_COMMON>
    </effect>
    <effect id="Effect_CollisionC">
      <profile_COMMON>
        <technique sid="common">
          <phong>
            <diffuse>
              <color sid="diffuse">1 1 1 1</color>
            </diffuse>
            <emission>
              <color sid="emission">0 0 0 1</color>
            </emission>
            <specular>
              <color sid="specular">0 0 0 1</color>
            </specular>
          </phong>
        </technique>
      </profile_COMMON>
    </effect>
  </library_effects>
  <library_geometries>
    <geometry id="CmFillerObjectAM1_pCube35_polySurface2__CmFillerObjectA03C-mesh" name="CmFillerObjectAM1_pCube35_polySurface2__CmFillerObjectA03C">
      <mesh>
        <source id="CmFillerObjectAM1_pCube35_polySurface2__CmFillerObjectA03C-position">
          <float_array id="CmFillerObjectAM1_pCube35_polySurface2__CmFillerObjectA03C-position-array" count="11403">1.307777 0.1100779 -0.9424165 1.307777 0.1100779 -0.6252353 2.622319 0.1100779 -0.9424165 2.622319 0.1100779 -0.6252354 1.307777 -5.960464E-08 -0.6252353 2.622319 -5.960464E-08 -0.6252354 1.307777 0.1100779 -0.6252353 2.622319 0.1100779 -0.6252354 2.622319 -5.960464E-08 -0.9424165 1.307777 -5.960464E-08 -0.9424165 2.622319 0.1100779 -0.9424165 1.307777 0.1100779 -0.9424165 1.011248 0.4236967 -0.9387074 1.037577 0.4236969 -0.9507427 1.011248 0.3136187 -0.9387074 1.037577 0.3136189 -0.9507427 2.622319 0.1100779 0.9424153 2.622319 0.1100779 0.6252342 1.307777 0.1100779 0.9424154 1.307777 0.1100779 0.6252341 2.622319 -5.960464E-08 0.6252342 1.307777 -5.960464E-08 0.6252341 2.622319 0.1100779 0.6252342 1.307777 0.1100779 0.6252341 1.307777 -5.960464E-08 0.9424154 2.622319 -5.960464E-08 0.9424153 1.307777 0.1100779 0.9424154 2.622319 0.1100779 0.9424153 1.309698 -1.192093E-07 -0.9507431 1.037577 -1.192093E-07 -0.9507431 1.309698 0.1100779 -0.9507431 1.037577 0.1100779 -0.9507431 1.011249 0.1100779 -0.9387077 1.037577 0.1100779 -0.9507431 1.011249 -1.192093E-07 -0.9387077 1.037577 -1.192093E-07 -0.9507431 -0.9028354 0.4236967 -0.9387074 -0.8765063 0.4236969 -0.9507427 -0.9028354 0.3136187 -0.9387074 -0.8765063 0.313619 -0.9507427 0.7026277 0.110078 0.9424159 0.7026277 0.110078 0.6252348 -0.6119139 0.110078 0.942416 -0.6119139 0.110078 0.6252347 0.7026277 -2.980232E-08 0.6252348 -0.6119139 -2.980232E-08 0.6252347 0.7026277 0.110078 0.6252348 -0.6119139 0.110078 0.6252347 -0.6119139 -2.980232E-08 0.942416 0.7026277 -2.980232E-08 0.9424159 -0.6119139 0.110078 0.942416 0.7026277 0.110078 0.9424159 -0.609993 -8.940697E-08 -0.9507431 -0.8821144 -8.940697E-08 -0.9507431 -0.609993 0.1100779 -0.9507431 -0.8821144 0.1100779 -0.9507431 -0.9084425 0.1100779 -0.9387077 -0.8821144 0.1100779 -0.9507431 -0.9084425 -8.940697E-08 -0.9387077 -0.8821144 -8.940697E-08 -0.9507431 0.6765361 0.3175916 -0.6212654 0.6765361 0.3175916 -0.9427361 0.6765361 0.1065139 -0.6212654 0.6765361 0.1065139 -0.9427366 0.6765361 0.1065139 -0.6212654 1.005974 0.1065139 -0.6212654 0.6765361 0.3175916 -0.6212654 1.005974 0.3175916 -0.6212654 -0.1189389 0.1065139 -0.932045 -0.1189389 0.1065139 -0.6105738 -0.1189389 0.3175915 -0.932045 -0.1189389 0.3175915 -0.6105738 0.2104983 0.3175915 -0.932045 0.2104983 0.3175915 -0.6105738 0.2104983 0.1065139 -0.932045 0.2104983 0.1065139 -0.6105738 -0.1189389 0.1065139 -0.6105738 0.2104983 0.1065139 -0.6105738 -0.1189389 0.3175915 -0.6105738 0.2104983 0.3175915 -0.6105738 0.2104983 0.1065139 -0.932045 -0.1189389 0.1065139 -0.932045 0.2104983 0.3175915 -0.932045 -0.1189389 0.3175915 -0.932045 -0.5849762 0.3175916 -0.6212654 -0.5849762 0.1065139 -0.6212654 -0.5849762 0.3175916 -0.9427366 -0.5849762 0.1065139 -0.9427366 -0.5849762 0.1065139 -0.6212654 -0.5849762 0.3175916 -0.6212654 -0.9144144 0.1065139 -0.6212654 -0.9144144 0.3175916 -0.6212654 0.6765361 0.3175916 0.6212659 0.6765361 0.1065139 0.6212659 0.6765361 0.3175916 0.9427366 0.6765361 0.1065139 0.9427371 0.6765361 0.1065139 0.6212659 0.6765361 0.3175916 0.6212659 1.005974 0.1065139 0.6212659 1.005974 0.3175916 0.6212659 0.2104983 0.1065139 0.6249366 -0.1189389 0.1065139 0.6249366 0.2104983 0.3175915 0.6249366 -0.1189389 0.3175915 0.6249366 0.2104983 0.3175915 0.9464078 -0.1189389 0.3175915 0.9464078 0.2104983 0.1065139 0.9464078 -0.1189389 0.1065139 0.9464078 -0.1189389 0.1065139 0.6249366 -0.1189389 0.1065139 0.9464078 -0.1189389 0.3175915 0.6249366 -0.1189389 0.3175915 0.9464078 0.2104983 0.1065139 0.9464078 0.2104983 0.1065139 0.6249366 0.2104983 0.3175915 0.9464078 0.2104983 0.3175915 0.6249366 -0.5849762 0.3175916 0.6212656 -0.5849762 0.3175916 0.9427364 -0.5849762 0.1065139 0.6212656 -0.5849762 0.1065139 0.9427369 -0.5849762 0.1065139 0.6212656 -0.9144144 0.1065139 0.6212654 -0.5849762 0.3175916 0.6212656 -0.9144144 0.3175916 0.6212659 -0.6119139 0.110078 -0.942416 -0.6119139 0.110078 -0.6252347 0.7026277 0.110078 -0.9424159 0.7026277 0.110078 -0.6252348 -0.6119139 -2.980232E-08 -0.6252347 0.7026277 -2.980232E-08 -0.6252348 -0.6119139 0.110078 -0.6252347 0.7026277 0.110078 -0.6252348 0.7026277 -2.980232E-08 -0.9424159 -0.6119139 -2.980232E-08 -0.942416 0.7026277 0.110078 -0.9424159 -0.6119139 0.110078 -0.942416 2.596227 0.3175915 -0.621266 2.596227 0.3175915 -0.9427367 2.596227 0.1065139 -0.621266 2.596227 0.1065138 -0.9427372 2.596227 0.1065139 -0.621266 2.925665 0.1065139 -0.621266 2.596227 0.3175915 -0.621266 2.925665 0.3175915 -0.621266 1.800752 0.1065139 -0.9320456 1.800752 0.1065139 -0.6105744 1.800752 0.3175915 -0.9320456 1.800752 0.3175915 -0.6105744 2.130189 0.3175915 -0.9320456 2.130189 0.3175915 -0.6105744 2.130189 0.1065139 -0.9320456 2.130189 0.1065139 -0.6105744 1.800752 0.1065139 -0.6105744 2.130189 0.1065139 -0.6105744 1.800752 0.3175915 -0.6105744 2.130189 0.3175915 -0.6105744 2.130189 0.1065139 -0.9320456 1.800752 0.1065139 -0.9320456 2.130189 0.3175915 -0.9320456 1.800752 0.3175915 -0.9320456 1.334715 0.3175915 -0.621266 1.334715 0.1065139 -0.621266 1.334715 0.3175915 -0.9427372 1.334715 0.1065138 -0.9427372 1.334715 0.1065139 -0.621266 1.334715 0.3175915 -0.621266 1.005276 0.1065139 -0.621266 1.005276 0.3175915 -0.621266 2.596227 0.3175915 0.6212653 2.596227 0.1065139 0.6212653 2.596227 0.3175915 0.942736 2.596227 0.1065138 0.9427365 2.596227 0.1065139 0.6212653 2.596227 0.3175915 0.6212653 2.925665 0.1065139 0.6212653 2.925665 0.3175915 0.6212653 2.130189 0.1065139 0.624936 1.800752 0.1065139 0.624936 2.130189 0.3175915 0.624936 1.800752 0.3175915 0.624936 2.130189 0.3175915 0.9464072 1.800752 0.3175915 0.9464072 2.130189 0.1065139 0.9464072 1.800752 0.1065139 0.9464072 1.800752 0.1065139 0.624936 1.800752 0.1065139 0.9464072 1.800752 0.3175915 0.624936 1.800752 0.3175915 0.9464072 2.130189 0.1065139 0.9464072 2.130189 0.1065139 0.624936 2.130189 0.3175915 0.9464072 2.130189 0.3175915 0.624936 1.334715 0.3175915 0.6212651 1.334715 0.3175915 0.9427358 1.334715 0.1065139 0.6212651 1.334715 0.1065138 0.9427363 1.334715 0.1065139 0.6212651 1.005276 0.1065139 0.6212648 1.334715 0.3175915 0.6212651 1.005276 0.3175915 0.6212653 2.541147 -0.002741456 -0.9497034 2.541147 -0.002741456 0.9544061 2.441147 -0.002741456 -0.9497029 2.441147 -0.002741456 0.9544066 1.532892 -0.002741456 -0.9545733 1.532892 -0.002741456 0.9550905 1.432892 -0.002741456 -0.9545733 1.432892 -0.002741456 0.9550903 0.5411468 -0.002741456 -0.9600407 0.5411468 -0.002741456 0.9548961 0.4411469 -0.002741456 -0.9600402 0.4411469 -0.002741456 0.9548961 -0.4671078 -0.002741456 -0.9543312 -0.4671078 -0.002741456 0.9547013 -0.5671077 -0.002741456 -0.9543316 -0.5671077 -0.002741456 0.9547008 2.541147 0.007258534 -0.9401366 2.441147 0.007258534 -0.9401366 2.541147 0.007258534 0.9445862 2.441147 0.007258534 0.9445862 1.532892 0.007258534 -0.945089 1.432892 0.007258534 -0.945089 1.532892 0.007258534 0.9453115 1.432892 0.007258534 0.9453115 1.432892 0.007258534 -0.945089 1.532892 0.007258534 -0.945089 1.446033 0.429582 -0.9495236 1.546033 0.429582 -0.9495236 2.428244 0.4729309 -0.9508735 2.441147 0.007258534 -0.9401366 2.528244 0.4729309 -0.9508735 2.541147 0.007258534 -0.9401366 0.5411468 0.007258534 -0.9508802 0.4411469 0.007258534 -0.9508802 0.5411468 0.007258534 0.9452189 0.4411469 0.007258534 0.9452189 -0.4671078 0.007258534 -0.9451826 -0.5671077 0.007258534 -0.9451826 -0.4671078 0.007258534 0.9452189 -0.5671077 0.007258534 0.9452189 0.4317971 0.3426825 -0.956051 0.4411469 0.007258534 -0.9508802 0.5317974 0.3426825 -0.956051 0.5411468 0.007258534 -0.9508802 -0.5671077 0.007258534 -0.9451826 -0.4671078 0.007258534 -0.9451826 -0.5567141 0.3397712 -0.9562126 -0.4567142 0.3397712 -0.9562126 2.401119 1.531487 0.9265964 2.504841 1.533949 0.9265964 2.39319 1.865516 0.907306 2.496912 1.867978 0.907306 2.401133 1.53091 0.9166131 2.393204 1.86494 0.8973227 2.504855 1.533372 0.9166131 2.496926 1.867402 0.8973227 2.401133 1.53091 0.9166131 2.504855 1.533372 0.9166131 2.401119 1.531487 0.9265964 2.504841 1.533949 0.9265964 2.504855 1.533372 0.9166131 2.496926 1.867402 0.8973227 2.504841 1.533949 0.9265964 2.496912 1.867978 0.907306 2.393204 1.86494 0.8973227 2.401133 1.53091 0.9166131 2.39319 1.865516 0.907306 2.401119 1.531487 0.9265964 1.451461 1.201193 0.9537802 1.554844 1.192457 0.9537802 1.479509 1.533125 0.9214478 1.582892 1.524389 0.9214478 1.451379 1.200231 0.9438272 1.479427 1.532162 0.9114945 1.554762 1.191495 0.9438272 1.58281 1.523426 0.9114945 1.451379 1.200231 0.9438272 1.554762 1.191495 0.9438272 1.451461 1.201193 0.9537802 1.554844 1.192457 0.9537802 1.554762 1.191495 0.9438272 1.58281 1.523426 0.9114945 1.554844 1.192457 0.9537802 1.582892 1.524389 0.9214478 1.479427 1.532162 0.9114945 1.451379 1.200231 0.9438272 1.479509 1.533125 0.9214478 1.451461 1.201193 0.9537802 2.948991 1.192384 0.5338984 2.948992 1.182135 0.4306548 2.906569 1.52274 0.5011055 2.906569 1.512492 0.3978617 2.939073 1.191122 0.5340238 2.896649 1.521479 0.5012307 2.939072 1.180874 0.4307797 2.896649 1.511231 0.3979867 2.939073 1.191122 0.5340238 2.939072 1.180874 0.4307797 2.948991 1.192384 0.5338984 2.948992 1.182135 0.4306548 2.939072 1.180874 0.4307797 2.896649 1.511231 0.3979867 2.948992 1.182135 0.4306548 2.906569 1.512492 0.3978617 2.896649 1.521479 0.5012307 2.939073 1.191122 0.5340238 2.906569 1.52274 0.5011055 2.948991 1.192384 0.5338984 2.950035 0.4089969 -0.3558455 2.950035 0.4150475 -0.4594202 2.930745 0.7425518 -0.33636 2.930745 0.7486023 -0.4399347 2.940052 0.4084216 -0.3558793 2.920761 0.7419764 -0.3363934 2.940052 0.414472 -0.4594536 2.920761 0.748027 -0.4399686 2.940052 0.4084216 -0.3558793 2.940052 0.414472 -0.4594536 2.950035 0.4089969 -0.3558455 2.950035 0.4150475 -0.4594202 2.940052 0.414472 -0.4594536 2.920761 0.748027 -0.4399686 2.950035 0.4150475 -0.4594202 2.930745 0.7486023 -0.4399347 2.920761 0.7419764 -0.3363934 2.940052 0.4084216 -0.3558793 2.930745 0.7425518 -0.33636 2.950035 0.4089969 -0.3558455 -0.4157109 1.878048 -0.9272943 -0.5194244 1.88081 -0.9268012 -0.4066868 2.210801 -0.8925815 -0.5103998 2.213562 -0.8920894 -0.4156914 1.87701 -0.9173479 -0.4066668 2.209763 -0.8826356 -0.5194049 1.879772 -0.9168553 -0.5103803 2.212524 -0.8821435 -0.4156914 1.87701 -0.9173479 -0.5194049 1.879772 -0.9168553 -0.4157109 1.878048 -0.9272943 -0.5194244 1.88081 -0.9268012 -0.5194049 1.879772 -0.9168553 -0.5103803 2.212524 -0.8821435 -0.5194244 1.88081 -0.9268012 -0.5103998 2.213562 -0.8920894 -0.4066668 2.209763 -0.8826356 -0.4156914 1.87701 -0.9173479 -0.4066868 2.210801 -0.8925815 -0.4157109 1.878048 -0.9272943 0.5153261 1.281415 -0.9527345 0.4118715 1.273581 -0.9527345 0.4901929 1.613331 -0.9179411 0.3867384 1.605497 -0.9179411 0.5154043 1.280378 -0.9427886 0.4902716 1.612294 -0.9079952 0.4119502 1.272544 -0.9427886 0.386817 1.604461 -0.9079952 0.5154043 1.280378 -0.9427886 0.4119502 1.272544 -0.9427886 0.5153261 1.281415 -0.9527345 0.4118715 1.273581 -0.9527345 0.4119502 1.272544 -0.9427886 0.386817 1.604461 -0.9079952 0.4118715 1.273581 -0.9527345 0.3867384 1.605497 -0.9179411 0.4902716 1.612294 -0.9079952 0.5154043 1.280378 -0.9427886 0.4901929 1.613331 -0.9179411 0.5153261 1.281415 -0.9527345 2.912029 0.4301434 0.3926456 2.919372 0.4317334 -0.039167 2.924381 0.4262919 0.2163262 2.934857 0.4231254 -0.04798442 -0.9249346 0.2882433 0.5721493 -0.9249346 0.2882433 0.4721494 0.9943066 0.2882433 0.4721494 0.9943066 0.2882433 0.5721493 2.94131 0.2882433 0.4721494 2.94131 0.2882433 0.5721493 -0.9249332 0.2882433 -0.4807758 -0.9249337 0.2882433 -0.3807759 -0.9277024 0.4277078 -0.4718639 -0.9277028 0.4277078 -0.371864 -0.8548331 2.948612 -0.3107757 -0.8548336 2.948611 -0.2107758 -0.8241763 3.016859 -0.2107758 -0.8241763 3.016859 -0.3107757 -0.7548523 3.044779 -0.2107758 -0.7548518 3.044779 -0.3107757 0.9992371 3.044779 -0.3107757 0.9992371 3.044779 -0.2107758 2.755141 3.044779 -0.3107757 2.755141 3.044779 -0.2107758 2.816422 3.009037 -0.3100619 2.816423 3.009036 -0.210062 2.8542 2.949196 -0.2107758 2.854201 2.949196 -0.3107757 2.941452 0.4163581 -0.472591 2.941452 0.4163581 -0.372591 2.94131 0.2882433 -0.3807759 2.941309 0.2882433 -0.4807758 -0.9249337 0.2882433 -0.3807759 -0.9249332 0.2882433 -0.4807758 0.9943066 0.2882433 -0.4807758 0.9943066 0.2882433 -0.3807759 2.941309 0.2882433 -0.4807758 2.94131 0.2882433 -0.3807759 2.931091 0.2982433 -0.3807759 2.931091 0.2982433 -0.4807758 0.9943066 0.2982433 -0.3807759 0.9943066 0.2982433 -0.4807758 -0.9146926 0.2982433 -0.3807759 -0.9146926 0.2982433 -0.4807758 2.931091 0.2982433 0.5721493 2.931091 0.2982433 0.4721494 0.9943066 0.2982433 0.5721493 0.9943066 0.2982433 0.4721494 -0.9146926 0.2982433 0.5721493 -0.9146926 0.2982433 0.4721494 -0.7529135 3.024779 0.4221492 -0.7529135 3.024779 0.3221493 0.9992371 3.024779 0.3221493 0.9992371 3.024779 0.4221492 2.752438 3.024779 0.3221493 2.752438 3.024779 0.4221492 2.809271 2.991636 0.4215169 2.809272 2.991635 0.321517 2.844263 2.936206 0.3221493 2.844263 2.936206 0.4221492 2.931319 0.4233382 0.4650362 2.931319 0.4233382 0.5650362 2.931091 0.2982433 0.4721494 2.931091 0.2982433 0.5721493 -0.7529135 3.034779 -0.2107758 -0.7529135 3.034779 -0.3107757 0.9992371 3.034779 -0.3107757 0.9992371 3.034779 -0.2107758 2.752438 3.034779 -0.3107757 2.752438 3.034779 -0.2107758 2.809273 3.00163 -0.3100619 2.809273 3.00163 -0.210062 2.844263 2.946206 -0.2107758 2.844263 2.946206 -0.3107757 2.931247 0.4257326 -0.472591 2.931247 0.4257326 -0.372591 2.931091 0.2982433 -0.3807759 2.931091 0.2982433 -0.4807758 -0.7529135 3.034779 -0.3107757 -0.7548518 3.044779 -0.3107757 0.9992371 3.044779 -0.3107757 0.9992371 3.034779 -0.3107757 2.755141 3.044779 -0.3107757 2.752438 3.034779 -0.3107757 2.816422 3.009037 -0.3100619 2.809273 3.00163 -0.3100619 2.844263 2.946206 -0.3107757 2.854201 2.949196 -0.3107757 2.931247 0.4257326 -0.472591 2.941452 0.4163581 -0.472591 2.931091 0.2982433 -0.4807758 2.941309 0.2882433 -0.4807758 0.9943066 0.2882433 -0.4807758 0.9943066 0.2982433 -0.4807758 -0.9249332 0.2882433 -0.4807758 -0.9146926 0.2982433 -0.4807758 -0.9277024 0.4277078 -0.4718639 -0.9174771 0.4370654 -0.4718639 -0.8548331 2.948612 -0.3107757 -0.8448839 2.946356 -0.3107757 -0.8167048 3.009088 -0.3107757 -0.8241763 3.016859 -0.3107757 -0.7548518 3.044779 -0.3107757 -0.7529135 3.034779 -0.3107757 -0.7529135 3.024779 0.3221493 -0.7548518 3.034779 0.3221493 0.9992371 3.034779 0.3221493 0.9992371 3.024779 0.3221493 2.75514 3.034779 0.3221493 2.752438 3.024779 0.3221493 2.816422 2.999042 0.3215173 2.809272 2.991635 0.321517 2.844263 2.936206 0.3221493 2.8542 2.939197 0.3221493 2.931319 0.4233382 0.4650362 2.941526 0.4139543 0.4650362 2.931091 0.2982433 0.4721494 2.94131 0.2882433 0.4721494 0.9943066 0.2882433 0.4721494 0.9943066 0.2982433 0.4721494 -0.9249346 0.2882433 0.4721494 -0.9146926 0.2982433 0.4721494 -0.9277419 0.4262455 0.464339 -0.9175152 0.4356072 0.464339 -0.8548331 2.938614 0.3221493 -0.8448839 2.936356 0.3221493 -0.8167048 2.999088 0.3221493 -0.8241768 3.006859 0.3221493 -0.7548518 3.034779 0.3221493 -0.7529135 3.024779 0.3221493 1.037577 0.3136189 -0.9507427 2.893366 0.3136189 -0.9507442 1.011248 0.3136187 -0.9387074 2.919691 0.3136187 -0.939765 1 0.3136189 -0.9141016 2.930939 0.3136189 -0.9140844 1.000004 0.3136189 0.9140844 2.930941 0.3136189 0.9141014 2.919693 0.3136189 0.9387074 1.011245 0.3136189 0.9397659 1.037576 0.3136189 0.9507437 2.893366 0.3136189 0.9507432 1.037576 0.4236969 0.9507437 2.893366 0.4236969 0.9507442 1.011245 0.4236968 0.9397659 2.919693 0.4236969 0.9387074 1.000004 0.4236969 0.9140844 2.930941 0.4236969 0.9141018 2.930939 0.4236969 -0.9140844 1 0.4236969 -0.9141016 1.011248 0.4236967 -0.9387074 2.91969 0.4236967 -0.9397659 1.037577 0.4236969 -0.9507427 2.893365 0.4236969 -0.9507432 1.011249 0.1100779 -0.9387077 1.011249 -1.192093E-07 -0.9387077 1.000001 -1.192093E-07 -0.9141115 1.000001 0.1100779 -0.9141115 1.000004 -5.960464E-08 0.9140841 1.000004 0.1100779 0.9140841 1.011251 -2.980232E-08 0.9397653 1.011251 0.1100779 0.9397653 -0.8765063 0.313619 -0.9507427 0.9792829 0.313619 -0.9507442 -0.9028354 0.3136187 -0.9387074 1.005608 0.3136187 -0.939765 -0.914083 0.313619 -0.9141016 1.016856 0.313619 -0.9140844 -0.9140792 0.313619 0.9140844 1.016858 0.313619 0.9141014 1.00561 0.313619 0.9387074 -0.9028382 0.313619 0.9397659 -0.8765073 0.313619 0.9507437 0.9792829 0.313619 0.9507432 -0.8765073 0.4236969 0.9507437 0.9792829 0.4236969 0.9507442 -0.9028382 0.4236968 0.9397659 1.00561 0.4236969 0.9387074 -0.9140792 0.4236969 0.9140844 1.016858 0.4236969 0.9141018 1.016856 0.4236969 -0.9140844 -0.914083 0.4236969 -0.9141016 -0.9028354 0.4236967 -0.9387074 1.005607 0.4236967 -0.9397659 -0.8765063 0.4236969 -0.9507427 0.9792819 0.4236969 -0.9507432 -0.9084425 0.1100779 -0.9387077 -0.9084425 -8.940697E-08 -0.9387077 -0.9196901 -8.940697E-08 -0.9141115 -0.9196901 0.1100779 -0.9141115 -0.9196873 -2.980232E-08 0.9140841 -0.9196873 0.110078 0.9140841 -0.9084396 0 0.9397653 -0.9084396 0.110078 0.9397653 0.993567 0.1065139 -0.9306297 0.993567 0.3175916 -0.9306297 1.005974 0.3175916 -0.9022174 1.005974 0.1065139 -0.9022179 1.005974 0.3175916 -0.6212654 1.005974 0.1065139 -0.6212654 -0.9144144 0.1065139 -0.6212654 -0.9144144 0.3175916 -0.6212654 -0.9144144 0.1065139 -0.9022179 -0.9144144 0.3175916 -0.9022179 -0.9020071 0.1065139 -0.9306297 -0.9020071 0.3175916 -0.9306297 1.005974 0.1065139 0.6212659 1.005974 0.3175916 0.6212659 1.005974 0.1065139 0.9022183 1.005974 0.3175916 0.9022179 0.993567 0.1065139 0.93063 0.993567 0.3175916 0.93063 -0.9020071 0.1065139 0.93063 -0.9020071 0.3175916 0.93063 -0.9144144 0.3175916 0.9022176 -0.9144144 0.1065139 0.9022179 -0.9144144 0.3175916 0.6212659 -0.9144144 0.1065139 0.6212654 2.913258 0.1065139 -0.9306303 2.913258 0.3175915 -0.9306303 2.925665 0.3175915 -0.902218 2.925665 0.1065138 -0.9022185 2.925665 0.3175915 -0.621266 2.925665 0.1065139 -0.621266 1.005276 0.1065139 -0.621266 1.005276 0.3175915 -0.621266 1.005276 0.1065138 -0.9022185 1.005276 0.3175915 -0.9022185 1.017684 0.1065139 -0.9306303 1.017684 0.3175915 -0.9306303 2.925665 0.1065139 0.6212653 2.925665 0.3175915 0.6212653 2.925665 0.1065138 0.9022177 2.925665 0.3175915 0.9022173 2.913258 0.1065139 0.9306294 2.913258 0.3175915 0.9306294 1.017684 0.1065139 0.9306294 1.017684 0.3175915 0.9306294 1.005276 0.3175915 0.902217 1.005276 0.1065138 0.9022173 1.005276 0.3175915 0.6212653 1.005276 0.1065139 0.6212648 1.532892 -0.002741456 -0.9545733 1.432892 -0.002741456 -0.9545733 1.446033 0.4295188 -0.9595338 1.546033 0.4295171 -0.9595343 1.496829 2.092152 -0.8913348 1.596829 2.092151 -0.8913353 1.522892 2.94526 -0.8602481 1.622892 2.945259 -0.8602486 1.523232 3.00463 -0.8224364 1.623231 3.00463 -0.8224364 1.622892 3.040089 -0.7541133 1.522892 3.040089 -0.7541128 1.622892 3.040089 0.7569259 1.522892 3.040089 0.7569259 1.523232 3.00463 0.8177351 1.623231 3.00463 0.8177351 1.622892 2.94526 0.8555475 1.522892 2.945259 0.8555478 1.546499 0.4448779 0.9524168 1.446498 0.4448781 0.9524168 1.532892 -0.002741456 0.9550905 1.432892 -0.002741456 0.9550903 2.428244 0.4729309 -0.9508735 2.528244 0.4729309 -0.9508735 2.482868 2.13604 -0.8871447 2.382868 2.13604 -0.8871447 2.461147 2.932165 -0.8496758 2.361147 2.932165 -0.8496758 2.460844 2.987214 -0.8146149 2.360845 2.987214 -0.8146149 2.361147 3.020089 -0.7514106 2.461147 3.020089 -0.7514106 2.461147 3.020089 0.7555426 2.361147 3.020089 0.7555426 2.460844 2.987214 0.8119212 2.360845 2.987214 0.8119212 2.361147 2.932165 0.8469819 2.461147 2.932165 0.8469819 2.528158 0.4760755 0.9411086 2.428158 0.4760755 0.9411086 2.441147 0.007258534 0.9445862 2.541147 0.007258534 0.9445862 1.446033 0.429582 -0.9495236 1.546033 0.429582 -0.9495236 1.496829 2.090128 -0.8814075 1.596829 2.090128 -0.8814075 1.522892 2.942165 -0.8503633 1.622892 2.942165 -0.8503633 1.523232 2.997213 -0.8153043 1.623231 2.997213 -0.8153043 1.622892 3.030089 -0.7514106 1.522892 3.030089 -0.7514106 1.622892 3.030089 0.7542232 1.522892 3.030089 0.7542232 1.523232 2.997213 0.8106033 1.623231 2.997213 0.8106033 1.622892 2.942165 0.8456625 1.522892 2.942165 0.8456625 1.546499 0.4447937 0.9424123 1.446498 0.4447937 0.9424123 1.532892 0.007258534 0.9453115 1.432892 0.007258534 0.9453115 0.4317971 0.3426825 -0.956051 0.5317974 0.3426825 -0.956051 0.4611469 2.932165 -0.8512084 0.361147 2.932165 -0.8512084 0.4608565 2.995563 -0.8050534 0.3608566 2.995563 -0.8050538 0.361147 3.020089 -0.7514106 0.4611469 3.020089 -0.7514106 0.4611469 3.020089 0.7510918 0.361147 3.020089 0.7510918 0.4608441 2.987214 0.8074704 0.3608447 2.987214 0.8074704 0.361147 2.932165 0.8425311 0.4611469 2.932165 0.8425311 0.528161 0.4759504 0.9411136 0.4281612 0.4759504 0.9411136 0.4411469 0.007258534 0.9452189 0.5411468 0.007258534 0.9452189 -0.4671078 0.007258534 0.9452189 -0.5671077 0.007258534 0.9452189 -0.5557232 0.3721669 0.9452893 -0.4557233 0.3721669 0.9452893 -0.4771075 2.942165 0.8425311 -0.3771076 2.942165 0.8425311 -0.4767685 2.997213 0.8074719 -0.3767686 2.997213 0.8074719 -0.3771076 3.030089 0.7510918 -0.4771075 3.030089 0.7510918 -0.4816413 3.030089 -0.7514106 -0.3816414 3.030089 -0.7514106 -0.4813023 2.997213 -0.814823 -0.3813024 2.997213 -0.814823 -0.3816414 2.942165 -0.8495305 -0.4816413 2.942165 -0.8495305 -0.5567141 0.3397712 -0.9562126 -0.4567142 0.3397712 -0.9562126 2.428244 0.4729309 -0.9508735 2.428244 0.4729081 -0.9608823 2.441147 -0.002741456 -0.9497029 2.441147 0.007258534 -0.9401366 2.441147 -0.002741456 0.9544066 2.441147 0.007258534 0.9445862 2.428158 0.4761866 0.9511122 2.428158 0.4760755 0.9411086 2.361147 2.935261 0.8568667 2.361147 2.932165 0.8469819 2.360845 2.994631 0.8190533 2.360845 2.987214 0.8119212 2.361147 3.020089 0.7555426 2.361147 3.030089 0.7582453 2.361147 3.030089 -0.7541138 2.361147 3.020089 -0.7514106 2.360845 2.987214 -0.8146149 2.360845 2.994631 -0.821746 2.361147 2.932165 -0.8496758 2.361147 2.93526 -0.8595606 2.382868 2.13604 -0.8871447 2.382868 2.138125 -0.8970697 2.428244 0.4729081 -0.9608823 2.428244 0.4729309 -0.9508735 1.446033 0.4295188 -0.9595338 1.446033 0.429582 -0.9495236 1.496829 2.092152 -0.8913348 1.496829 2.090128 -0.8814075 1.522892 2.94526 -0.8602481 1.522892 2.942165 -0.8503633 1.523232 3.00463 -0.8224364 1.523232 2.997213 -0.8153043 1.522892 3.040089 -0.7541128 1.522892 3.030089 -0.7514106 1.522892 3.030089 0.7542232 1.522892 3.040089 0.7569259 1.523232 3.00463 0.8177351 1.523232 2.997213 0.8106033 1.522892 2.942165 0.8456625 1.522892 2.945259 0.8555478 1.446498 0.4447937 0.9424123 1.446498 0.4448781 0.9524168 1.432892 0.007258534 0.9453115 1.432892 -0.002741456 0.9550903 1.432892 0.007258534 -0.945089 1.432892 -0.002741456 -0.9545733 1.446033 0.4295188 -0.9595338 1.446033 0.429582 -0.9495236 0.5317974 0.3426825 -0.956051 0.5317974 0.3424431 -0.9660684 0.4611469 2.935509 -0.8610833 0.4611469 2.932165 -0.8512084 0.4608565 3.003298 -0.8118368 0.4608565 2.995563 -0.8050534 0.4611469 3.030089 -0.7538716 0.4611469 3.020089 -0.7514106 0.4611469 3.030089 0.7537948 0.4611469 3.020089 0.7510918 0.4608441 2.994631 0.8146027 0.4608441 2.987214 0.8074704 0.4611469 2.932165 0.8425311 0.4611469 2.93526 0.8524159 0.528161 0.475986 0.95112 0.528161 0.4759504 0.9411136 0.5411468 -0.002741456 0.9548961 0.5411468 0.007258534 0.9452189 0.5411468 -0.002741456 -0.9600407 0.5411468 0.007258534 -0.9508802 0.5317974 0.3424431 -0.9660684 0.5317974 0.3426825 -0.956051 -0.4567142 0.3397712 -0.9562126 -0.4567142 0.3395253 -0.9662305 -0.3816414 2.945259 -0.8594158 -0.3816414 2.942165 -0.8495305 -0.3813024 3.00463 -0.821955 -0.3813024 2.997213 -0.814823 -0.3816414 3.040089 -0.7541133 -0.3816414 3.030089 -0.7514106 -0.3771076 3.040089 0.7537946 -0.3771076 3.030089 0.7510918 -0.3767686 3.00463 0.8146042 -0.3767686 2.997213 0.8074719 -0.3771076 2.942165 0.8425311 -0.3771076 2.945259 0.8524164 -0.4557233 0.372097 0.9552997 -0.4557233 0.3721669 0.9452893 -0.4671078 0.007258534 0.9452189 -0.4671078 -0.002741456 0.9547013 -0.4671078 -0.002741456 -0.9543312 -0.4671078 0.007258534 -0.9451826 -0.4567142 0.3395253 -0.9662305 -0.4567142 0.3397712 -0.9562126 -0.8350329 1.642037 -0.8892508 -0.8350323 1.742037 -0.8892508 2.829085 2.152288 -0.8892508 2.829086 2.252289 -0.8892508 2.849612 2.15452 -0.8772083 2.849612 2.25452 -0.8772083 2.862537 2.155938 -0.8558769 2.862537 2.255938 -0.8558776 2.862537 2.155938 0.8440226 2.862537 2.255938 0.8440226 2.846524 2.254138 0.8679041 2.846524 2.154138 0.8679041 2.828841 2.252289 0.8771397 2.828841 2.152288 0.87714 -0.8426526 1.642037 0.8907388 -0.8426526 1.742037 0.8907388 -0.8632194 1.739806 0.8786989 -0.8632206 1.639806 0.8786982 -0.876138 1.738387 0.8573292 -0.8761386 1.638387 0.8573278 -0.8684685 1.638387 -0.8559019 -0.8684685 1.738387 -0.8559012 -0.8555368 1.639805 -0.8772097 -0.8555374 1.739805 -0.8772087 -0.8350329 1.642037 -0.8892508 -0.8350323 1.742037 -0.8892508 -0.832314 1.642037 -0.8792506 -0.832314 1.742037 -0.8792506 -0.8482977 1.739805 -0.8698637 -0.8482977 1.639805 -0.8698637 -0.8584813 1.738387 -0.8530836 -0.8584813 1.638387 -0.8530836 -0.8661255 1.738387 0.854561 -0.8661255 1.638387 0.854561 -0.8559752 1.639806 0.8713521 -0.8559752 1.739806 0.8713521 -0.8399582 1.642037 0.880729 -0.8399582 1.742037 0.880729 2.82637 2.252289 0.8671488 2.82637 2.152288 0.8671488 2.839637 2.154138 0.8602198 2.839637 2.254138 0.8602198 2.852538 2.155938 0.8409804 2.852538 2.255938 0.8409804 2.852538 2.255938 -0.8530836 2.852538 2.155938 -0.8530836 2.84237 2.25452 -0.8698637 2.84237 2.15452 -0.8698637 2.82637 2.252289 -0.8792506 2.82637 2.152288 -0.8792506 -0.832314 1.742037 -0.8792506 -0.832314 1.642037 -0.8792506 -0.832314 1.642037 -0.8792506 -0.8350329 1.642037 -0.8892508 2.829085 2.152288 -0.8892508 2.82637 2.152288 -0.8792506 2.849612 2.15452 -0.8772083 2.84237 2.15452 -0.8698637 2.852538 2.155938 -0.8530836 2.862537 2.155938 -0.8558769 2.862537 2.155938 0.8440226 2.852538 2.155938 0.8409804 2.846524 2.154138 0.8679041 2.839637 2.154138 0.8602198 2.828841 2.152288 0.87714 2.82637 2.152288 0.8671488 -0.8426526 1.642037 0.8907388 -0.8399582 1.642037 0.880729 -0.8632206 1.639806 0.8786982 -0.8559752 1.639806 0.8713521 -0.8661255 1.638387 0.854561 -0.8761386 1.638387 0.8573278 -0.8684685 1.638387 -0.8559019 -0.8584813 1.638387 -0.8530836 -0.8555368 1.639805 -0.8772097 -0.8482977 1.639805 -0.8698637 -0.832314 1.642037 -0.8792506 -0.8350329 1.642037 -0.8892508 2.948488 0.6764197 -0.4681945 2.915066 0.6761668 -0.4687515 2.947641 0.7759244 -0.4625679 2.91422 0.7756718 -0.4631248 2.947165 0.7962195 -0.4432884 2.913744 0.7959669 -0.4438449 2.945224 0.7894347 -0.3236008 2.911802 0.7891821 -0.3241573 2.91169 0.7668382 -0.3072887 2.945112 0.7670909 -0.3067317 2.945957 0.6675858 -0.3123584 2.912537 0.667333 -0.3129154 2.913013 0.6470382 -0.3321953 2.946433 0.647291 -0.3316384 2.948376 0.6540753 -0.451326 2.914954 0.6538227 -0.4518829 2.915066 0.6761668 -0.4687515 2.948488 0.6764197 -0.4681945 2.946376 0.6676558 -0.3375208 2.948091 0.6736454 -0.443185 2.972672 0.7189628 -0.3341859 2.974386 0.7249524 -0.4398497 2.945507 0.7698651 -0.3317411 2.947221 0.7758546 -0.4374053 2.925421 1.4387 0.3803753 2.892081 1.436284 0.3801908 2.918299 1.537663 0.3709287 2.884961 1.535247 0.3707442 2.916549 1.560571 0.3869285 2.883211 1.558155 0.386744 2.915071 1.571857 0.5062823 2.881732 1.569441 0.5060977 2.883034 1.549942 0.5261454 2.916374 1.552359 0.5263305 2.923494 1.453395 0.535777 2.890156 1.450979 0.5355926 2.891906 1.428071 0.5195923 2.925244 1.430488 0.5197772 2.926723 1.419201 0.4004235 2.893384 1.416785 0.4002385 2.892081 1.436284 0.3801908 2.925421 1.4387 0.3803753 2.9239 1.449685 0.5108894 2.925206 1.439721 0.4055198 2.946908 1.502444 0.5061853 2.948213 1.49248 0.4008161 2.916586 1.551338 0.5011861 2.917892 1.541373 0.3958166 2.522391 1.794816 0.9147127 2.522302 1.792264 0.881383 2.520452 1.894174 0.9071128 2.520363 1.891623 0.873784 2.501934 1.915114 0.9055579 2.501845 1.912564 0.8722295 2.382062 1.912812 0.9060545 2.381973 1.910262 0.8727244 2.364286 1.888626 0.8744274 2.364375 1.891177 0.9077572 2.366314 1.791818 0.9153561 2.366226 1.789267 0.8820274 2.384744 1.768327 0.8835823 2.384832 1.770878 0.9169106 2.504704 1.77318 0.9164158 2.504616 1.770629 0.8830864 2.522302 1.792264 0.881383 2.522391 1.794816 0.9147127 2.391465 1.790951 0.9153555 2.497293 1.792983 0.9149189 2.390541 1.84402 0.9381099 2.496367 1.846053 0.9376723 2.389473 1.89301 0.9075493 2.4953 1.895042 0.9071123 -0.5373074 2.142361 -0.9070946 -0.5371851 2.140187 -0.873738 -0.5340791 2.241766 -0.9006276 -0.5339568 2.239592 -0.8672724 -0.5152919 2.262484 -0.8993453 -0.5151691 2.26031 -0.86599 -0.3954601 2.258636 -0.9000373 -0.3953373 2.256463 -0.8666807 -0.3779333 2.234584 -0.8681703 -0.3780552 2.236758 -0.9015268 -0.3812835 2.137352 -0.9079925 -0.3811611 2.135179 -0.8746372 -0.3999493 2.114462 -0.8759196 -0.4000717 2.116636 -0.9092748 -0.5199029 2.120482 -0.9085842 -0.5197811 2.118308 -0.875228 -0.5371851 2.140187 -0.873738 -0.5373074 2.142361 -0.9070946 -0.4064437 2.136808 -0.9079359 -0.5122348 2.140204 -0.9073263 -0.4048841 2.1896 -0.9312926 -0.5106753 2.192996 -0.9306826 -0.4031274 2.238915 -0.9012936 -0.508919 2.242311 -0.9006835 0.368062 1.532595 -0.9379591 0.368155 1.527269 -0.9049587 0.3605399 1.630705 -0.9221054 0.3606329 1.62538 -0.8891064 0.3769817 1.653083 -0.9185398 0.3770752 1.647758 -0.8855407 0.4965348 1.662069 -0.917429 0.4966283 1.656744 -0.8844285 0.516294 1.637081 -0.8876568 0.5162005 1.642406 -0.9206577 0.5237231 1.544295 -0.9365095 0.5238161 1.53897 -0.9035105 0.5073738 1.516592 -0.9070761 0.5072803 1.521917 -0.9400752 0.3877277 1.512931 -0.9411879 0.3878207 1.507606 -0.9081874 0.368155 1.527269 -0.9049587 0.368062 1.532595 -0.9379591 0.4987679 1.541078 -0.9369583 0.3932223 1.533145 -0.9379405 0.4948292 1.595726 -0.9552097 0.3892841 1.587793 -0.956191 0.4910412 1.641856 -0.9206748 0.3854957 1.633922 -0.9216564 1.606181 1.519367 0.9255615 1.605936 1.516666 0.8922443 1.609964 1.618635 0.917486 1.60972 1.615934 0.8841698 1.592683 1.640599 0.9158309 1.592438 1.637898 0.8825151 1.472877 1.645206 0.9163384 1.472632 1.642505 0.8830209 1.45373 1.621933 0.8848275 1.453974 1.624633 0.9181447 1.450191 1.525365 0.9262192 1.449946 1.522665 0.8929031 1.467228 1.5007 0.8945583 1.467472 1.503401 0.927874 1.587278 1.498794 0.9273681 1.587034 1.496093 0.8940514 1.605936 1.516666 0.8922443 1.606181 1.519367 0.9255615 1.47525 1.523051 0.9262227 1.581018 1.518984 0.9257764 1.477389 1.576194 0.9487228 1.583157 1.572127 0.9482755 1.479136 1.625017 0.917928 1.584904 1.620949 0.9174813 -0.9175152 0.4356072 0.5643389 -0.9146926 0.2982433 0.5721493 -0.9146926 0.2982433 0.4721494 -0.9175152 0.4356072 0.464339 -0.8448839 2.936356 0.4221492 -0.8448839 2.936356 0.3221493 -0.8167048 2.999088 0.4221492 -0.8167048 2.999088 0.3221493 -0.7529135 3.024779 0.4221492 -0.7529135 3.024779 0.3221493 -0.8167048 3.009088 -0.3107757 -0.7529135 3.034779 -0.3107757 -0.7529135 3.034779 -0.2107758 -0.8167048 3.009088 -0.2107758 -0.8448839 2.946356 -0.3107757 -0.8448839 2.946356 -0.2107758 -0.9174771 0.4370654 -0.4718639 -0.9174771 0.4370654 -0.371864 -0.9146926 0.2982433 -0.3807759 -0.9146926 0.2982433 -0.4807758 -0.7529135 3.034779 -0.2107758 0.9992371 3.034779 -0.2107758 -0.7548523 3.044779 -0.2107758 0.9992371 3.044779 -0.2107758 2.752438 3.034779 -0.2107758 2.755141 3.044779 -0.2107758 2.816423 3.009036 -0.210062 2.809273 3.00163 -0.210062 2.844263 2.946206 -0.2107758 2.8542 2.949196 -0.2107758 2.931247 0.4257326 -0.372591 2.941452 0.4163581 -0.372591 2.931091 0.2982433 -0.3807759 2.94131 0.2882433 -0.3807759 0.9943066 0.2982433 -0.3807759 0.9943066 0.2882433 -0.3807759 -0.9146926 0.2982433 -0.3807759 -0.9249337 0.2882433 -0.3807759 -0.9277028 0.4277078 -0.371864 -0.9174771 0.4370654 -0.371864 -0.8548336 2.948611 -0.2107758 -0.8448839 2.946356 -0.2107758 -0.8167048 3.009088 -0.2107758 -0.8241763 3.016859 -0.2107758 -0.7548523 3.044779 -0.2107758 -0.7529135 3.034779 -0.2107758 -0.7529135 3.024779 0.4221492 0.9992371 3.024779 0.4221492 -0.7548509 3.034779 0.4221492 0.9992371 3.034779 0.4221492 2.752438 3.024779 0.4221492 2.75514 3.034779 0.4221492 2.816422 2.999042 0.4215172 2.809271 2.991636 0.4215169 2.844263 2.936206 0.4221492 2.8542 2.939197 0.4221492 2.931319 0.4233382 0.5650362 2.941525 0.4139543 0.5650362 2.931091 0.2982433 0.5721493 2.94131 0.2882433 0.5721493 0.9943066 0.2982433 0.5721493 0.9943066 0.2882433 0.5721493 -0.9146926 0.2982433 0.5721493 -0.9249346 0.2882433 0.5721493 -0.9277419 0.4262455 0.5643389 -0.9175152 0.4356072 0.5643389 -0.8548326 2.938613 0.4221492 -0.8448839 2.936356 0.4221492 -0.8167048 2.999088 0.4221492 -0.8241773 3.006859 0.4221492 -0.7548509 3.034779 0.4221492 -0.7529135 3.024779 0.4221492 2.941525 0.4139543 0.5650362 2.94131 0.2882433 0.5721493 2.94131 0.2882433 0.4721494 2.941526 0.4139543 0.4650362 2.8542 2.939197 0.4221492 2.8542 2.939197 0.3221493 2.816422 2.999042 0.4215172 2.816422 2.999042 0.3215173 2.75514 3.034779 0.3221493 2.75514 3.034779 0.4221492 0.9992371 3.034779 0.4221492 0.9992371 3.034779 0.3221493 -0.7548509 3.034779 0.4221492 -0.7548518 3.034779 0.3221493 -0.8241768 3.006859 0.3221493 -0.8241773 3.006859 0.4221492 -0.8548331 2.938614 0.3221493 -0.8548326 2.938613 0.4221492 -0.9277419 0.4262455 0.5643389 -0.9277419 0.4262455 0.464339 -0.9249346 0.2882433 0.4721494 -0.9249346 0.2882433 0.5721493 2.621243 -5.960464E-08 -0.9507436 2.621243 -2.980232E-08 -0.9140919 2.621243 0.1100779 -0.9507436 2.621243 0.1100779 -0.9140919 2.621243 -1.490116E-07 0.9140729 2.621243 0.1100779 0.9140719 2.621243 0.1100779 0.9507445 2.621243 -1.192093E-07 0.9507445 2.621243 -1.192093E-07 0.9507445 2.893365 -1.192093E-07 0.950744 2.621243 0.1100779 0.9507445 2.893365 0.1100779 0.950744 2.919693 -1.192093E-07 0.9387072 2.919693 0.1100779 0.9387068 1.309698 -5.960464E-08 0.9507431 1.309698 -2.980232E-08 0.9140915 1.309698 0.1100779 0.9507431 1.309698 0.1100779 0.9140915 1.309698 -1.490116E-07 -0.9140924 1.309698 0.1100779 -0.9140915 1.309698 0.1100779 -0.9507431 1.309698 -1.192093E-07 -0.9507431 -0.609993 -2.980232E-08 0.9507431 -0.609993 0 0.9140915 -0.609993 0.110078 0.9507431 -0.609993 0.110078 0.9140915 -0.609993 -1.192093E-07 -0.9140924 -0.609993 0.1100779 -0.9140915 -0.609993 0.1100779 -0.9507431 -0.609993 -8.940697E-08 -0.9507431 0.7015533 -2.980232E-08 -0.9507436 0.7015533 0 -0.9140919 0.7015533 0.110078 -0.9507436 0.7015533 0.110078 -0.9140919 0.7015533 -1.192093E-07 0.9140729 0.7015533 0.1100779 0.9140719 0.7015533 0.1100779 0.9507445 0.7015533 -8.940697E-08 0.9507445 0.7015533 -8.940697E-08 0.9507445 0.9736748 -8.940697E-08 0.950744 0.7015533 0.1100779 0.9507445 0.9736748 0.1100779 0.950744 1.000003 -8.940697E-08 0.9387077 1.000003 0.1100779 0.9387072 2.528244 0.4729079 -0.9608823 2.541147 -0.002741456 -0.9497034 2.441147 -0.002741456 -0.9497029 2.428244 0.4729081 -0.9608823 2.482868 2.138125 -0.8970697 2.382868 2.138125 -0.8970697 2.461147 2.93526 -0.8595606 2.361147 2.93526 -0.8595606 2.460844 2.994631 -0.8217465 2.360845 2.994631 -0.821746 2.361147 3.030089 -0.7541138 2.461147 3.030089 -0.7541133 2.461147 3.030089 0.7582456 2.361147 3.030089 0.7582453 2.460844 2.994631 0.8190535 2.360845 2.994631 0.8190533 2.361147 2.935261 0.8568667 2.461147 2.93526 0.8568667 2.528158 0.4761845 0.9511122 2.428158 0.4761866 0.9511122 2.441147 -0.002741456 0.9544066 2.541147 -0.002741456 0.9544061 -0.5557232 0.3720987 0.9552997 -0.5671077 -0.002741456 0.9547008 -0.4671078 -0.002741456 0.9547013 -0.4557233 0.372097 0.9552997 -0.4771075 2.945259 0.8524164 -0.3771076 2.945259 0.8524164 -0.4767685 3.00463 0.8146037 -0.3767686 3.00463 0.8146042 -0.3771076 3.040089 0.7537946 -0.4771075 3.040089 0.7537946 -0.4816413 3.040089 -0.7541128 -0.3816414 3.040089 -0.7541133 -0.4813023 3.00463 -0.821955 -0.3813024 3.00463 -0.821955 -0.3816414 2.945259 -0.8594158 -0.4816413 2.94526 -0.8594153 -0.5567141 0.3395236 -0.96623 -0.4567142 0.3395253 -0.9662305 -0.4671078 -0.002741456 -0.9543312 -0.5671077 -0.002741456 -0.9543316 0.5317974 0.3424431 -0.9660684 0.5411468 -0.002741456 -0.9600407 0.4411469 -0.002741456 -0.9600402 0.4317971 0.3424382 -0.9660684 0.4611469 2.935509 -0.8610833 0.361147 2.93551 -0.8610833 0.4608565 3.003298 -0.8118368 0.3608566 3.003297 -0.8118383 0.361147 3.030089 -0.7538711 0.4611469 3.030089 -0.7538716 0.4611469 3.030089 0.7537948 0.361147 3.030089 0.7537946 0.4608441 2.994631 0.8146027 0.3608447 2.994631 0.8146025 0.361147 2.935261 0.8524159 0.4611469 2.93526 0.8524159 0.528161 0.475986 0.95112 0.4281612 0.4759874 0.95112 0.4411469 -0.002741456 0.9548961 0.5411468 -0.002741456 0.9548961 2.528244 0.4729309 -0.9508735 2.541147 0.007258534 -0.9401366 2.528244 0.4729079 -0.9608823 2.541147 -0.002741456 -0.9497034 2.541147 0.007258534 0.9445862 2.541147 -0.002741456 0.9544061 2.528158 0.4760755 0.9411086 2.528158 0.4761845 0.9511122 2.461147 2.932165 0.8469819 2.461147 2.93526 0.8568667 2.460844 2.994631 0.8190535 2.460844 2.987214 0.8119212 2.461147 3.020089 0.7555426 2.461147 3.030089 0.7582456 2.461147 3.020089 -0.7514106 2.461147 3.030089 -0.7541133 2.460844 2.987214 -0.8146149 2.460844 2.994631 -0.8217465 2.461147 2.932165 -0.8496758 2.461147 2.93526 -0.8595606 2.482868 2.13604 -0.8871447 2.482868 2.138125 -0.8970697 2.528244 0.4729079 -0.9608823 2.528244 0.4729309 -0.9508735 1.546033 0.429582 -0.9495236 1.532892 0.007258534 -0.945089 1.546033 0.4295171 -0.9595343 1.532892 -0.002741456 -0.9545733 1.532892 0.007258534 0.9453115 1.532892 -0.002741456 0.9550905 1.546499 0.4448779 0.9524168 1.546499 0.4447937 0.9424123 1.622892 2.942165 0.8456625 1.622892 2.94526 0.8555475 1.623231 3.00463 0.8177351 1.623231 2.997213 0.8106033 1.622892 3.030089 0.7542232 1.622892 3.040089 0.7569259 1.622892 3.030089 -0.7514106 1.622892 3.040089 -0.7541133 1.623231 2.997213 -0.8153043 1.623231 3.00463 -0.8224364 1.622892 2.942165 -0.8503633 1.622892 2.945259 -0.8602486 1.596829 2.090128 -0.8814075 1.596829 2.092151 -0.8913353 1.546033 0.4295171 -0.9595343 1.546033 0.429582 -0.9495236 2.91169 0.7668382 -0.3072887 2.911802 0.7891821 -0.3241573 2.913744 0.7959669 -0.4438449 2.91422 0.7756718 -0.4631248 2.912537 0.667333 -0.3129154 2.915066 0.6761668 -0.4687515 2.914954 0.6538227 -0.4518829 2.913013 0.6470382 -0.3321953 2.883034 1.549942 0.5261454 2.881732 1.569441 0.5060977 2.883211 1.558155 0.386744 2.884961 1.535247 0.3707442 2.890156 1.450979 0.5355926 2.892081 1.436284 0.3801908 2.893384 1.416785 0.4002385 2.891906 1.428071 0.5195923 2.364286 1.888626 0.8744274 2.381973 1.910262 0.8727244 2.501845 1.912564 0.8722295 2.520363 1.891623 0.873784 2.366226 1.789267 0.8820274 2.522302 1.792264 0.881383 2.504616 1.770629 0.8830864 2.384744 1.768327 0.8835823 -0.3779333 2.234584 -0.8681703 -0.3953373 2.256463 -0.8666807 -0.5151691 2.26031 -0.86599 -0.5339568 2.239592 -0.8672724 -0.3811611 2.135179 -0.8746372 -0.5371851 2.140187 -0.873738 -0.5197811 2.118308 -0.875228 -0.3999493 2.114462 -0.8759196 0.516294 1.637081 -0.8876568 0.4966283 1.656744 -0.8844285 0.3770752 1.647758 -0.8855407 0.3606329 1.62538 -0.8891064 0.5238161 1.53897 -0.9035105 0.368155 1.527269 -0.9049587 0.3878207 1.507606 -0.9081874 0.5073738 1.516592 -0.9070761 1.45373 1.621933 0.8848275 1.472632 1.642505 0.8830209 1.592438 1.637898 0.8825151 1.60972 1.615934 0.8841698 1.449946 1.522665 0.8929031 1.605936 1.516666 0.8922443 1.587034 1.496093 0.8940514 1.467228 1.5007 0.8945583 2.923999 0.4690974 -0.0491082 2.934857 0.4231254 -0.04798442 2.919372 0.4317334 -0.039167 2.908669 0.4621297 -0.04921685 2.8859 0.5261383 -0.05279616 2.874391 0.518265 -0.05306016 2.886083 0.6011233 -0.05872018 2.900282 0.6062778 -0.05806696 2.867652 0.6776326 -0.07182281 2.880285 0.6880801 -0.0702154 2.837203 2.032739 -0.166701 2.860866 2.033494 -0.166701 2.833729 2.203699 -0.1750837 2.813446 2.202251 -0.1769906 2.832085 2.301906 -0.1769908 2.860866 2.304548 -0.1769906 2.860716 2.880803 -0.1790965 2.833906 3.007274 -0.179096 2.833906 3.007274 0.2383584 2.779233 3.040089 -0.1790955 2.779233 3.040089 0.238358 2.866437 2.880803 0.2383587 2.860866 2.304548 -0.1769906 2.790049 2.976718 0.3838273 2.738526 3.007828 0.383827 2.779233 3.040089 0.5137165 2.821208 2.925146 0.3838277 2.833906 3.007274 0.5137169 2.779233 3.040089 0.7844028 2.849608 2.304548 0.2383585 2.833729 2.203699 -0.1750837 2.824247 2.298109 0.3838277 2.866437 2.913768 0.5137174 2.822472 2.203699 0.2351854 2.849608 2.092335 0.2383585 2.860866 2.033494 -0.166701 2.800388 2.200498 0.378722 2.883099 0.7568619 0.2163258 2.880285 0.6880801 -0.0702154 2.830148 2.062087 0.3838277 2.822472 2.203699 0.5068862 2.896916 0.6488223 0.2163262 2.900282 0.6062778 -0.05806696 2.883289 0.7047222 0.3838277 2.909648 0.5837172 0.216326 2.8859 0.5261383 -0.05279616 2.895597 0.6210998 0.3838282 2.849608 2.074363 0.5137172 2.925366 0.4977537 0.2163265 2.923999 0.4690974 -0.0491082 2.934857 0.4231254 -0.04798442 2.924381 0.4262919 0.2163262 2.90405 0.5531267 0.3838279 2.922373 0.4849274 0.3838282 2.912029 0.4301434 0.3926456 2.898025 0.4888084 0.5137179 2.889467 0.4236965 0.5137179 2.880267 0.5305166 0.5137174 2.905465 0.4795483 0.9094118 2.913815 0.4236965 0.9189849 2.527453 0.4236965 0.9189849 2.889138 0.5825771 0.5137177 2.88263 0.5230937 0.8932657 2.527453 0.4634615 0.9275432 2.405631 0.4236965 0.9189849 2.866437 0.6550034 0.5137174 2.866437 0.621843 0.8716073 2.849608 1.968432 0.8716071 2.527453 0.5447115 0.8997061 2.527453 0.6736684 0.8716073 2.822472 2.203699 0.8600221 2.513671 1.9752 0.8716071 2.405631 0.5530779 0.9096799 2.405631 0.4659573 0.9275432 2.40563 0.6979984 0.8716073 2.283179 0.4624606 0.9275432 2.283179 0.4236965 0.9189849 2.283179 0.5462804 0.9185526 1.677277 0.4653195 0.9275432 1.677277 0.4236965 0.9189849 1.549303 0.4236965 0.9189849 2.283178 0.6711448 0.8716073 1.549303 0.4740347 0.9275432 1.447182 0.4236965 0.9189849 1.677277 0.5606714 0.9153701 1.677277 0.6552141 0.8716073 1.671138 1.833503 0.8716071 1.549303 0.648939 0.8716073 1.549303 0.5622531 0.9186552 1.447182 0.4890242 0.9188697 0.9943063 0.4528145 0.9188194 0.9943063 0.4236965 0.9189849 1.447182 0.5624561 0.9186552 0.5274534 0.4534134 0.9188583 0.5274534 0.4236965 0.9189849 0.4056306 0.4236965 0.9189849 0.9943063 0.5276321 0.9186552 0.4056306 0.4697393 0.9260057 0.2831788 0.4236965 0.9189849 0.5274534 0.5259843 0.9186552 0.4056306 0.5009063 0.8944361 0.2831788 0.4826804 0.9246538 0.9943063 0.5734985 0.8967553 1.447183 0.6124308 0.884112 0.5274529 0.5890533 0.8967553 0.9943063 1.737074 0.8716071 1.443112 1.870405 0.8716071 0.4056301 0.5754441 0.9020646 1.544315 1.85322 0.8541522 0.2831783 0.5474297 0.9080678 1.661239 2.035419 0.8600221 0.2831788 0.5123568 0.904048 2.271593 1.909062 0.8716071 2.392943 1.960008 0.8550086 2.25291 2.121161 0.8600221 2.372486 2.138489 0.8411865 2.491448 2.155728 0.8600221 2.271593 2.196137 0.8716073 2.392943 2.243418 0.8500276 2.513671 2.262275 0.8716073 1.671139 2.120578 0.8716073 2.283177 2.869482 0.8716073 1.677278 2.869482 0.8716073 1.544315 2.137948 0.8489141 2.405629 2.924793 0.8334286 1.677361 3.007277 0.8387961 2.283351 3.007276 0.8387961 1.549304 2.934891 0.8314598 1.53627 2.017309 0.840215 1.443112 2.12756 0.8716073 1.436548 2.002858 0.8600221 0.9943063 1.938771 0.8600221 0.9943063 2.022405 0.8716073 1.447184 2.903502 0.8716073 0.9943063 2.84564 0.8716073 0.5316491 2.012866 0.8716073 0.5384159 1.872705 0.8600221 0.5316491 1.75571 0.8716071 0.4109211 1.994009 0.8500276 0.4109211 1.710599 0.8550086 0.4194541 1.855466 0.8411865 0.2895699 1.657915 0.8716071 0.2998781 1.838138 0.8600221 0.2895699 1.935455 0.8808868 -0.2917929 1.752396 0.8600221 -0.310884 1.582357 0.8716071 -0.3227229 0.5463951 0.914333 -0.4167619 1.734286 0.840215 -0.3227234 0.5087198 0.9079978 -0.4506969 0.5898455 0.9075553 -0.3227234 0.4826804 0.9246538 -0.3227234 0.4236965 0.9189849 -0.4506974 0.5486828 0.9147054 -0.4506974 0.466217 0.9275432 -0.4506974 0.4236965 0.9189849 -0.4506974 0.4965048 0.9220324 -0.5528178 0.466217 0.9275432 -0.5528178 0.4236965 0.9189849 -0.8988469 0.4236965 0.9136693 -0.5519475 0.5615252 0.9186552 -0.5711997 0.5071361 0.9156955 -0.9043186 0.4795483 0.9175225 -0.8794689 0.5227289 0.9113186 -0.9147314 0.4734498 0.5137179 -0.8825761 0.4236965 0.5137179 -0.8825761 0.4236965 0.3838282 -0.8831842 0.5600731 0.8929554 -0.8711576 0.5171407 0.51723 -0.9147314 0.4755464 0.3838282 -0.8889331 0.5245299 0.3838279 -0.9147314 0.4743496 0.2383595 -0.8825761 0.4236965 0.2383592 -0.8918339 0.5164485 0.238359 -0.9148538 0.4648865 -0.1440611 -0.8825761 0.4236965 -0.1440611 -0.8825761 0.4236965 -0.2668977 -0.8918339 0.5068873 -0.1440606 -0.9147314 0.4656588 -0.2668982 -0.8825761 0.4236966 -0.3704286 -0.9097719 0.5655272 -0.1440611 -0.9148538 0.4752178 -0.3704286 -0.8889331 0.518366 -0.2668977 -0.889372 0.4236965 -0.9088499 -0.9097719 0.5655272 0.2383592 -0.8939116 0.4593754 -0.90521 -0.9097719 0.5840943 0.3838282 -0.5451154 0.4978101 -0.9144874 -0.5419568 0.4236969 -0.921908 -0.8699195 0.5272703 -0.8797372 -0.4506974 0.49071 -0.9285903 -0.4398364 0.4236965 -0.921908 -0.8886489 0.5347347 -0.3704286 -0.3227234 0.4702837 -0.9285903 -0.3227234 0.4236965 -0.920032 -0.4506974 0.5735428 -0.9117727 -0.5528173 0.5810481 -0.8826137 0.2831788 0.4694917 -0.9285903 0.2831788 0.4236965 -0.920032 0.4056306 0.4236965 -0.920032 -0.3227234 0.5260084 -0.9197025 0.4056306 0.4704027 -0.9285903 0.2831788 0.5260086 -0.9197025 0.5274534 0.4704027 -0.9285903 0.5274534 0.4236965 -0.920032 0.9943063 0.4236965 -0.920032 -0.4506974 0.6410795 -0.9197025 -0.3108835 1.563999 -0.8726544 -0.5528178 0.6792821 -0.900198 0.4056306 0.52601 -0.9197025 -0.4377079 1.607108 -0.8552003 -0.8678162 0.6005641 -0.877504 -0.5389104 1.592297 -0.8726542 -0.8575968 1.49301 -0.8765652 -0.9097714 0.6223235 -0.3704286 -0.9097714 0.5868286 -0.2670882 -0.8609958 1.550546 -0.3704281 -0.8609958 1.481522 -0.1440606 -0.8385305 1.553802 -0.2668972 -0.8609958 1.481522 0.2383585 -0.833859 1.673843 -0.8610692 -0.833859 1.673843 -0.3655143 -0.833859 1.673843 -0.1421537 -0.8083658 1.677537 -0.2633586 -0.833859 1.673843 0.2351854 -0.8609962 1.79963 -0.1440606 -0.8317184 1.838608 -0.2668972 -0.8609962 1.837621 -0.3704281 -0.8778243 2.888611 -0.1440606 -0.8609958 1.780084 -0.8726544 -0.8256111 2.935495 -0.2668972 -0.5164843 1.719835 -0.8610692 -0.8778243 2.849736 -0.8726544 -0.4167619 1.734286 -0.8412623 -0.5389104 1.878151 -0.8726544 -0.4377079 1.888538 -0.8499622 -0.2917929 1.752396 -0.8610692 -0.3108835 1.86384 -0.8726544 -0.450696 2.934891 -0.8325071 -0.322722 2.952884 -0.8726544 0.2895699 1.939399 -0.8726544 0.2895703 1.649227 -0.8726544 0.2998781 1.838138 -0.8610692 0.4109211 1.72864 -0.8560557 0.4194541 1.855466 -0.8422337 0.5316491 1.711154 -0.8726544 0.5274534 0.52601 -0.9197025 0.9943063 0.5134763 -0.9285903 0.9943063 0.5682915 -0.9197025 1.447182 0.5134763 -0.9285903 1.447182 0.4236965 -0.920032 0.9943063 1.722446 -0.8726549 1.549303 0.5050746 -0.9285903 1.549303 0.4236965 -0.920032 1.447182 0.5682907 -0.9197025 1.549303 0.5598891 -0.9197025 1.677277 0.4711947 -0.9285903 1.677277 0.4236965 -0.920032 1.677277 0.5260093 -0.9197025 2.283179 0.4694531 -0.9285903 2.283179 0.4236965 -0.920032 2.283179 0.5181922 -0.91268 2.405631 0.4693215 -0.9285903 2.405631 0.4236965 -0.920032 2.40563 0.4893682 -0.9087639 2.527453 0.4693215 -0.9285903 2.527453 0.4236965 -0.920032 2.913815 0.4236965 -0.920032 2.915357 0.4795483 -0.9109494 2.913815 0.4236965 -0.3704286 2.527453 0.5005803 -0.9063383 2.889485 0.5059949 -0.8926813 2.922373 0.4795715 -0.3704286 2.405631 0.542246 -0.91268 2.883264 0.5537002 -0.8900959 2.527453 0.5590165 -0.91268 2.40563 0.6026412 -0.8884659 2.883183 0.5339388 -0.3704286 2.866437 0.6433564 -0.8726544 2.913485 0.6128757 -0.3704286 2.527453 0.6486679 -0.8726544 2.877429 0.6942635 -0.3704281 2.849608 2.006284 -0.8726544 2.513671 1.995185 -0.8726544 2.907604 0.6056815 -0.2668977 2.849608 2.036166 -0.3704281 2.898592 0.5198936 -0.2668977 2.875683 0.7099473 -0.2668972 2.886083 0.6011233 -0.05872018 2.867652 0.6776326 -0.07182281 2.874391 0.518265 -0.05306016 2.837203 2.032739 -0.166701 2.916827 0.4696931 -0.2668982 2.908669 0.4621297 -0.04921685 2.913815 0.4236965 -0.2668977 2.919372 0.4317334 -0.039167 2.827143 2.031508 -0.2668972 2.813446 2.202251 -0.1769906 2.822472 2.203699 -0.3655143 2.796978 2.200004 -0.2633586 2.82033 2.299023 -0.2668972 2.832085 2.301906 -0.1769908 2.860716 2.880803 -0.1790965 2.822472 2.203699 -0.8610692 2.849608 2.304548 -0.3704281 2.814223 2.935494 -0.2668972 2.833906 3.007274 -0.179096 2.849608 2.271721 -0.8726544 2.783279 2.986631 -0.266897 2.779233 3.040089 -0.1790955 2.73224 3.017478 -0.2668967 2.779233 3.040089 -0.3704271 2.833906 3.007274 -0.3704276 2.779233 3.040089 -0.78545 2.866437 2.952884 -0.3704281 2.833925 3.009698 -0.8397993 2.866437 2.912956 -0.8726544 2.527668 3.007275 -0.8398432 2.527452 3.040089 -0.78545 2.527452 2.952884 -0.8726544 2.513671 2.262275 -0.8726544 2.405821 2.9768 -0.8028497 2.405629 3.00818 -0.7510891 2.283177 3.040089 -0.78545 2.405629 2.924793 -0.8344755 2.283351 3.007276 -0.8398432 1.677361 3.007277 -0.8398432 1.677278 3.040089 -0.78545 2.283177 2.908935 -0.8726544 2.392943 2.243418 -0.8510747 2.491448 2.155729 -0.8610692 2.271592 2.210137 -0.8726544 2.392943 2.051601 -0.8560557 2.372486 2.138489 -0.8422337 2.271593 1.912341 -0.8726544 2.25291 2.121161 -0.8610692 1.671138 1.827113 -0.8726544 1.661239 2.035419 -0.8610692 1.671138 2.134579 -0.8726544 1.677278 2.908935 -0.8726544 1.544315 2.137948 -0.8499622 1.549304 2.934891 -0.8325071 1.549368 2.986778 -0.800981 1.549304 3.018082 -0.7493172 1.447184 3.040089 -0.78545 1.447237 3.007277 -0.8398432 0.9943063 3.026718 -0.78545 1.477864 2.913309 -0.8726544 0.9943063 2.999799 -0.8390505 1.443112 2.140454 -0.8726544 0.5274043 3.007277 -0.8398432 0.5274525 3.040089 -0.78545 0.9947728 2.866143 -0.8726549 0.4055705 2.976803 -0.8029169 0.4056292 3.00818 -0.7510891 0.2831774 3.040089 -0.78545 0.4967719 2.913309 -0.8726544 0.2831063 3.007277 -0.8398432 0.5316486 2.02576 -0.8726544 -0.322844 3.007277 -0.8398432 -0.322722 3.040089 -0.78545 0.4056292 2.924793 -0.8344755 0.2831774 2.952884 -0.8726544 0.4109206 1.994009 -0.8510747 -0.4508238 2.986779 -0.8010347 -0.450696 3.018082 -0.7493172 -0.5528164 3.040089 -0.78545 0.5384159 1.872705 -0.8610692 -0.552956 3.007277 -0.8398432 -0.7906199 3.040089 -0.78545 -0.5528164 2.952884 -0.8726544 -0.8451685 3.009701 -0.8397993 -0.8778243 2.952884 -0.3704281 -0.8451759 3.007276 -0.3704276 -0.7906199 3.040089 -0.3704271 -0.7947077 2.986631 -0.266897 -0.7436275 3.017478 -0.2668967 -0.7906199 3.040089 -0.1440597 -0.8451759 3.007276 -0.1440601 -0.8451759 3.007277 0.2383584 -0.7906199 3.040089 0.238358 -0.8778243 2.888611 0.2383587 -0.801457 2.976718 0.3838273 -0.7499132 3.007828 0.383827 -0.7906199 3.040089 0.5137165 -0.8325953 2.925146 0.3838277 -0.8609962 1.79963 0.2383585 -0.8451759 3.007277 0.5137169 -0.7906199 3.040089 0.7844028 -0.8778243 2.952884 0.5137174 -0.8451685 3.009701 0.8387522 -0.8356342 1.836822 0.3838277 -0.8609962 1.837621 0.5137172 -0.8117757 1.677043 0.378722 -0.833859 1.673843 0.5068862 -0.8415351 1.553366 0.3838277 -0.8609958 1.550546 0.5137174 -0.9097719 0.6055882 0.5137179 -0.833859 1.673843 0.8600221 -0.8609958 1.499008 0.8716073 -0.8796388 0.6021404 0.8909258 -0.551811 0.6081938 0.9152492 -0.5389104 1.591076 0.8716071 -0.4377079 1.603811 0.8541522 -0.5164843 1.719835 0.8600221 -0.8609962 1.786083 0.8716071 -0.4377074 1.888538 0.8489141 -0.8778243 2.896056 0.8716073 -0.5389099 1.878151 0.8716073 -0.5528164 2.952884 0.8716073 -0.552956 3.007277 0.8387961 -0.450696 2.934891 0.8314598 -0.5528164 3.040089 0.7844028 -0.7906199 3.040089 0.5137165 -0.4508238 2.986779 0.7999873 -0.5528164 3.040089 0.5137165 -0.7499132 3.007828 0.383827 -0.450696 3.018082 0.7482698 -0.322844 3.007277 0.8387961 -0.322722 3.040089 0.7844028 -0.450696 3.018082 0.5137162 -0.322722 3.040089 0.5137165 0.2831774 3.040089 0.7844028 -0.322722 2.869132 0.8716073 0.2831063 3.007277 0.8387961 -0.3108835 1.859896 0.8808868 0.2831774 2.869132 0.8716073 0.4056292 2.924793 0.8334286 0.4055705 2.976803 0.8018698 0.5274525 2.903502 0.8716073 0.5274043 3.007277 0.8387961 0.9943063 2.993907 0.8387961 0.5274525 3.040089 0.7844028 1.447237 3.007277 0.8387961 0.9943063 3.026718 0.7844028 1.549368 2.986778 0.7999336 1.447184 3.040089 0.7844028 1.677278 3.040089 0.7844028 1.549304 3.018082 0.7482698 2.283177 3.040089 0.7844028 1.677278 3.040089 0.5137165 1.447184 3.040089 0.5137165 1.549304 3.018082 0.5137162 0.9943063 3.026718 0.5137174 0.5274525 3.040089 0.5137165 0.9943063 3.026718 0.3838277 1.447184 3.007828 0.383827 0.4056292 3.00818 0.7500417 0.2831774 3.040089 0.5137165 0.4056292 3.00818 0.5137162 -0.322722 3.007827 0.383827 0.2831774 3.007827 0.383827 0.527452 3.007827 0.383827 0.4056292 2.977573 0.3838265 0.4056292 3.00818 0.2383575 0.5274525 3.040089 0.238358 0.9943063 3.026718 0.2383587 0.2831774 3.040089 0.238358 1.447184 3.040089 0.238358 -0.322722 3.040089 0.238358 0.2831774 3.040089 -0.1440597 -0.322722 3.040089 -0.1440597 -0.450696 3.018082 0.2383575 -0.450696 3.018082 -0.1440592 -0.322722 3.017478 -0.2668967 -0.450696 2.986961 0.3838265 -0.5528164 3.007828 0.383827 -0.5528164 3.040089 0.238358 -0.7906199 3.040089 0.238358 -0.7906199 3.040089 -0.1440597 -0.5528164 3.040089 -0.1440597 -0.7436275 3.017478 -0.2668967 -0.5528164 3.017478 -0.2668967 -0.450696 2.996789 -0.2668962 -0.5528164 3.040089 -0.3704271 -0.7906199 3.040089 -0.3704271 -0.7906199 3.040089 -0.78545 -0.5528164 3.040089 -0.78545 -0.450696 3.018082 -0.7493172 -0.450696 3.018082 -0.3704271 -0.322722 3.040089 -0.3704271 -0.322722 3.040089 -0.78545 0.2831774 3.040089 -0.78545 0.2831774 3.017478 -0.2668967 0.2831774 3.040089 -0.3704271 0.4056292 3.00818 -0.7510891 0.4056292 3.00818 -0.1440597 0.4056292 3.00818 -0.3704271 0.4056292 2.98748 -0.2668962 0.5274525 3.040089 -0.1440597 0.5274515 3.017478 -0.2668967 0.9943063 3.026718 -0.1440606 0.5274525 3.040089 -0.3704271 0.5274525 3.040089 -0.78545 0.9943063 3.026718 -0.78545 0.9943063 3.026718 -0.2668972 0.9943063 3.026718 -0.3704281 1.447184 3.040089 -0.3704271 1.447184 3.040089 -0.78545 1.549304 3.018082 -0.7493172 1.447184 3.017478 -0.2668967 1.549304 3.018082 -0.3704271 1.447184 3.040089 -0.1440597 1.549304 2.996789 -0.2668962 1.549304 3.018082 0.2383575 1.549304 3.018082 -0.1440592 1.677278 3.017478 -0.2668967 1.677278 3.040089 -0.3704271 1.677278 3.040089 -0.78545 2.283177 3.040089 -0.78545 2.283177 3.040089 -0.3704271 2.405629 3.00818 -0.7510891 2.283177 3.017478 -0.2668967 2.405629 3.00818 -0.3704271 2.527452 3.040089 -0.3704271 2.527452 3.040089 -0.78545 2.779233 3.040089 -0.78545 2.779233 3.040089 -0.3704271 2.73224 3.017478 -0.2668967 2.527452 3.017478 -0.2668967 2.405629 2.98748 -0.2668962 2.527452 3.040089 -0.1440597 2.779233 3.040089 -0.1790955 2.779233 3.040089 0.238358 2.405629 3.00818 -0.1440597 2.527452 3.040089 0.238358 2.738526 3.007828 0.383827 2.283177 3.040089 -0.1440597 2.405629 3.00818 0.2383575 2.527452 3.007827 0.383827 1.677278 3.040089 -0.1440597 2.283177 3.040089 0.238358 1.677278 3.040089 0.238358 2.283177 3.007827 0.383827 2.405629 2.977573 0.3838265 2.405629 3.00818 0.5137162 2.527452 3.040089 0.5137165 2.779233 3.040089 0.5137165 2.283177 3.040089 0.5137165 2.405629 3.00818 0.7500417 2.527452 3.040089 0.7844028 1.677278 3.007827 0.383827 1.549304 2.986961 0.3838265 2.405821 2.9768 0.8018025 2.527668 3.007275 0.8387961 2.527452 2.913768 0.8716073 2.833925 3.009698 0.8387522 2.849608 2.304548 0.8716073 2.866437 2.865953 0.8716073 2.849608 2.304548 0.5137174 2.893365 -5.960464E-08 -0.950744 2.621243 -5.960464E-08 -0.9507436 2.621243 0.1100779 -0.9507436 2.893365 0.1100779 -0.950744 2.91969 0.1100779 -0.9397658 2.91969 -2.980232E-08 -0.9397658 2.91969 0.1100779 -0.9397658 2.930938 0.1100779 -0.9140848 2.91969 -2.980232E-08 -0.9397658 2.930938 -5.960464E-08 -0.9140848 2.930941 -1.192093E-07 0.9140824 2.930941 0.1100779 0.9140819 2.919693 0.1100779 0.9387068 2.919693 -1.192093E-07 0.9387072 2.893366 0.3136189 -0.9507442 1.037577 0.3136189 -0.9507427 1.037577 0.4236969 -0.9507427 2.893365 0.4236969 -0.9507432 2.91969 0.4236967 -0.9397659 2.919691 0.3136187 -0.939765 2.919693 0.3136189 0.9387074 2.919693 0.4236969 0.9387074 2.893366 0.4236969 0.9507442 2.893366 0.3136189 0.9507432 1.037576 0.3136189 0.9507437 1.037576 0.4236969 0.9507437 1.011245 0.4236968 0.9397659 1.011245 0.3136189 0.9397659 2.919693 0.3136189 0.9387074 2.930941 0.3136189 0.9141014 2.919693 0.4236969 0.9387074 2.930941 0.4236969 0.9141018 2.930939 0.4236969 -0.9140844 2.930939 0.3136189 -0.9140844 2.919691 0.3136187 -0.939765 2.91969 0.4236967 -0.9397659 1.011245 0.4236968 0.9397659 1.000004 0.4236969 0.9140844 1.011245 0.3136189 0.9397659 1.000004 0.3136189 0.9140844 1 0.3136189 -0.9141016 1 0.4236969 -0.9141016 1.011248 0.4236967 -0.9387074 1.011248 0.3136187 -0.9387074 1.037577 -5.960464E-08 0.9507433 1.309698 -5.960464E-08 0.9507431 1.309698 0.1100779 0.9507431 1.037577 0.1100779 0.9507433 1.011251 0.1100779 0.9397653 1.011251 -2.980232E-08 0.9397653 0.9792829 0.313619 -0.9507442 -0.8765063 0.313619 -0.9507427 -0.8765063 0.4236969 -0.9507427 0.9792819 0.4236969 -0.9507432 1.005607 0.4236967 -0.9397659 1.005608 0.3136187 -0.939765 1.00561 0.313619 0.9387074 1.00561 0.4236969 0.9387074 0.9792829 0.4236969 0.9507442 0.9792829 0.313619 0.9507432 -0.8765073 0.313619 0.9507437 -0.8765073 0.4236969 0.9507437 -0.9028382 0.4236968 0.9397659 -0.9028382 0.313619 0.9397659 1.00561 0.313619 0.9387074 1.016858 0.313619 0.9141014 1.00561 0.4236969 0.9387074 1.016858 0.4236969 0.9141018 1.016856 0.4236969 -0.9140844 1.016856 0.313619 -0.9140844 1.005608 0.3136187 -0.939765 1.005607 0.4236967 -0.9397659 -0.9028382 0.4236968 0.9397659 -0.9140792 0.4236969 0.9140844 -0.9028382 0.313619 0.9397659 -0.9140792 0.313619 0.9140844 -0.914083 0.313619 -0.9141016 -0.914083 0.4236969 -0.9141016 -0.9028354 0.4236967 -0.9387074 -0.9028354 0.3136187 -0.9387074 -0.8821144 -2.980232E-08 0.9507433 -0.609993 -2.980232E-08 0.9507431 -0.609993 0.110078 0.9507431 -0.8821144 0.110078 0.9507433 -0.9084396 0.110078 0.9397653 -0.9084396 0 0.9397653 0.9644504 0.1065139 -0.9427366 0.6765361 0.1065139 -0.9427366 0.6765361 0.3175916 -0.9427361 0.9644504 0.3175916 -0.9427366 0.993567 0.3175916 -0.9306297 0.993567 0.1065139 -0.9306297 -0.5849762 0.3175916 -0.9427366 -0.5849762 0.1065139 -0.9427366 -0.8728905 0.1065139 -0.9427366 -0.8728905 0.3175916 -0.9427366 -0.9020071 0.3175916 -0.9306297 -0.9020071 0.1065139 -0.9306297 0.6765361 0.3175916 0.9427366 0.6765361 0.1065139 0.9427371 0.9644504 0.1065139 0.9427371 0.9644504 0.3175916 0.9427371 0.993567 0.3175916 0.93063 0.993567 0.1065139 0.93063 -0.8728905 0.1065139 0.9427369 -0.5849762 0.1065139 0.9427369 -0.5849762 0.3175916 0.9427364 -0.8728905 0.3175916 0.9427366 -0.9020071 0.3175916 0.93063 -0.9020071 0.1065139 0.93063 0.9736748 -2.980232E-08 -0.950744 0.7015533 -2.980232E-08 -0.9507436 0.7015533 0.110078 -0.9507436 0.9736748 0.110078 -0.950744 1 0.110078 -0.9397658 1 0 -0.9397658 1 0.110078 -0.9397658 1.011248 0.110078 -0.9140848 1 0 -0.9397658 1.011248 -2.980232E-08 -0.9140848 1.01125 -8.940697E-08 0.9140829 1.01125 0.1100779 0.9140824 1.000003 0.1100779 0.9387072 1.000003 -8.940697E-08 0.9387077 2.884141 0.1065138 -0.9427372 2.596227 0.1065138 -0.9427372 2.596227 0.3175915 -0.9427367 2.884141 0.3175915 -0.9427372 2.913258 0.3175915 -0.9306303 2.913258 0.1065139 -0.9306303 1.334715 0.3175915 -0.9427372 1.334715 0.1065138 -0.9427372 1.0468 0.1065138 -0.9427372 1.0468 0.3175915 -0.9427372 1.017684 0.3175915 -0.9306303 1.017684 0.1065139 -0.9306303 2.596227 0.3175915 0.942736 2.596227 0.1065138 0.9427365 2.884141 0.1065138 0.9427365 2.884141 0.3175915 0.9427365 2.913258 0.3175915 0.9306294 2.913258 0.1065139 0.9306294 1.0468 0.1065138 0.9427363 1.334715 0.1065138 0.9427363 1.334715 0.3175915 0.9427358 1.0468 0.3175915 0.942736 1.017684 0.3175915 0.9306294 1.017684 0.1065139 0.9306294 0.4317971 0.3426825 -0.956051 0.361147 2.932165 -0.8512084 0.4317971 0.3424382 -0.9660684 0.361147 2.93551 -0.8610833 0.3608566 3.003297 -0.8118383 0.3608566 2.995563 -0.8050538 0.361147 3.030089 -0.7538711 0.361147 3.020089 -0.7514106 0.361147 3.020089 0.7510918 0.361147 3.030089 0.7537946 0.3608447 2.994631 0.8146025 0.3608447 2.987214 0.8074704 0.361147 2.932165 0.8425311 0.361147 2.935261 0.8524159 0.4281612 0.4759504 0.9411136 0.4281612 0.4759874 0.95112 0.4411469 0.007258534 0.9452189 0.4411469 -0.002741456 0.9548961 0.4411469 0.007258534 -0.9508802 0.4411469 -0.002741456 -0.9600402 0.4317971 0.3424382 -0.9660684 0.4317971 0.3426825 -0.956051 -0.5567141 0.3397712 -0.9562126 -0.4816413 2.942165 -0.8495305 -0.5567141 0.3395236 -0.96623 -0.4816413 2.94526 -0.8594153 -0.4813023 3.00463 -0.821955 -0.4813023 2.997213 -0.814823 -0.4816413 3.040089 -0.7541128 -0.4816413 3.030089 -0.7514106 -0.4771075 3.030089 0.7510918 -0.4771075 3.040089 0.7537946 -0.4767685 3.00463 0.8146037 -0.4767685 2.997213 0.8074719 -0.4771075 2.942165 0.8425311 -0.4771075 2.945259 0.8524164 -0.5557232 0.3721669 0.9452893 -0.5557232 0.3720987 0.9552997 -0.5671077 0.007258534 0.9452189 -0.5671077 -0.002741456 0.9547008 -0.5671077 0.007258534 -0.9451826 -0.5671077 -0.002741456 -0.9543316 -0.5567141 0.3395236 -0.96623 -0.5567141 0.3397712 -0.9562126 -0.832314 1.742037 -0.8792506 2.82637 2.252289 -0.8792506 -0.8350323 1.742037 -0.8892508 2.829086 2.252289 -0.8892508 2.849612 2.25452 -0.8772083 2.84237 2.25452 -0.8698637 2.852538 2.255938 -0.8530836 2.862537 2.255938 -0.8558776 2.852538 2.255938 0.8409804 2.862537 2.255938 0.8440226 2.846524 2.254138 0.8679041 2.839637 2.254138 0.8602198 2.828841 2.252289 0.8771397 2.82637 2.252289 0.8671488 -0.8399582 1.742037 0.880729 -0.8426526 1.742037 0.8907388 -0.8632194 1.739806 0.8786989 -0.8559752 1.739806 0.8713521 -0.8661255 1.738387 0.854561 -0.876138 1.738387 0.8573292 -0.8584813 1.738387 -0.8530836 -0.8684685 1.738387 -0.8559012 -0.8555374 1.739805 -0.8772087 -0.8482977 1.739805 -0.8698637 -0.832314 1.742037 -0.8792506 -0.8350323 1.742037 -0.8892508 2.948091 0.6736454 -0.443185 2.948143 0.6837307 -0.450799 2.974386 0.7249524 -0.4398497 2.966999 0.7253577 -0.4481333 2.947434 0.7666942 -0.4461074 2.947221 0.7758546 -0.4374053 2.945507 0.7698651 -0.3317411 2.945455 0.7597796 -0.3241277 2.972672 0.7189628 -0.3341859 2.965019 0.7184435 -0.3261531 2.946163 0.6768162 -0.3288188 2.946376 0.6676558 -0.3375208 2.925206 1.439721 0.4055198 2.92462 1.448522 0.396471 2.948213 1.49248 0.4008161 2.940813 1.491167 0.3926389 2.91868 1.531034 0.388595 2.917892 1.541373 0.3958166 2.916586 1.551338 0.5011861 2.917173 1.542536 0.5102348 2.946908 1.502444 0.5061853 2.939306 1.50267 0.5142791 2.923112 1.460025 0.5181112 2.9239 1.449685 0.5108894 2.497293 1.792983 0.9149189 2.505276 1.802748 0.9141513 2.496367 1.846053 0.9376723 2.504519 1.845635 0.9301398 2.503659 1.88559 0.9078122 2.4953 1.895042 0.9071123 2.389473 1.89301 0.9075493 2.38149 1.883244 0.9083172 2.390541 1.84402 0.9381099 2.38235 1.84329 0.9306443 2.383107 1.800403 0.9146554 2.391465 1.790951 0.9153555 -0.5122348 2.140204 -0.9073263 -0.5200911 2.150079 -0.9066544 -0.5106753 2.192996 -0.9306826 -0.5188159 2.192769 -0.9231305 -0.5173988 2.23296 -0.9012605 -0.508919 2.242311 -0.9006835 -0.4031274 2.238915 -0.9012936 -0.3952725 2.229039 -0.9019651 -0.4048841 2.1896 -0.9312926 -0.3966886 2.188849 -0.9238341 -0.3979638 2.146159 -0.9073585 -0.4064437 2.136808 -0.9079359 0.3932223 1.533145 -0.9379405 0.3843455 1.54202 -0.9364842 0.3892841 1.587793 -0.956191 0.381156 1.585981 -0.948842 0.3780742 1.623821 -0.9232641 0.3854957 1.633922 -0.9216564 0.4910412 1.641856 -0.9206748 0.4999166 1.63298 -0.9221308 0.4948292 1.595726 -0.9552097 0.5029988 1.59514 -0.9477081 0.5061889 1.551179 -0.9353504 0.4987679 1.541078 -0.9369583 1.581018 1.518984 0.9257764 1.589551 1.52827 0.9249622 1.583157 1.572127 0.9482755 1.591269 1.571205 0.9407451 1.592705 1.611035 0.9182264 1.584904 1.620949 0.9174813 1.479136 1.625017 0.917928 1.470604 1.615731 0.9187427 1.477389 1.576194 0.9487228 1.469168 1.575901 0.9412608 1.46745 1.532965 0.9254774 1.47525 1.523051 0.9262227 2.893365 0.1100779 -0.9140919 2.893365 0.1100779 -0.950744 2.621243 0.1100779 -0.9507436 2.91969 0.1100779 -0.9397658 2.621243 0.1100779 -0.9140919 2.930938 0.1100779 -0.9140848 2.893366 0.1100779 0.9140729 2.621243 0.1100779 0.9140719 2.930941 0.1100779 0.9140819 2.621243 0.1100779 0.9507445 2.919693 0.1100779 0.9387068 2.893365 0.1100779 0.950744 1.037577 0.1100779 0.9140915 1.037577 0.1100779 0.9507433 1.309698 0.1100779 0.9507431 1.011251 0.1100779 0.9397653 1.309698 0.1100779 0.9140915 1.000004 0.1100779 0.9140841 1.037576 0.1100779 -0.9140924 1.309698 0.1100779 -0.9140915 1.000001 0.1100779 -0.9141115 1.309698 0.1100779 -0.9507431 1.011249 0.1100779 -0.9387077 1.037577 0.1100779 -0.9507431 -0.8821144 0.110078 0.9140915 -0.8821144 0.110078 0.9507433 -0.609993 0.110078 0.9507431 -0.9084396 0.110078 0.9397653 -0.609993 0.110078 0.9140915 -0.9196873 0.110078 0.9140841 -0.8821154 0.1100779 -0.9140924 -0.609993 0.1100779 -0.9140915 -0.9196901 0.1100779 -0.9141115 -0.609993 0.1100779 -0.9507431 -0.9084425 0.1100779 -0.9387077 -0.8821144 0.1100779 -0.9507431 0.9736748 0.110078 -0.9140919 0.9736748 0.110078 -0.950744 0.7015533 0.110078 -0.9507436 1 0.110078 -0.9397658 0.7015533 0.110078 -0.9140919 1.011248 0.110078 -0.9140848 0.9736757 0.1100779 0.9140729 0.7015533 0.1100779 0.9140719 1.01125 0.1100779 0.9140824 0.7015533 0.1100779 0.9507445 1.000003 0.1100779 0.9387072 0.9736748 0.1100779 0.950744 2.946433 0.647291 -0.3316384 2.946376 0.6676558 -0.3375208 2.945957 0.6675858 -0.3123584 2.948376 0.6540753 -0.451326 2.946163 0.6768162 -0.3288188 2.948091 0.6736454 -0.443185 2.945112 0.7670909 -0.3067317 2.948488 0.6764197 -0.4681945 2.945455 0.7597796 -0.3241277 2.948143 0.6837307 -0.450799 2.945507 0.7698651 -0.3317411 2.947434 0.7666942 -0.4461074 2.945224 0.7894347 -0.3236008 2.947641 0.7759244 -0.4625679 2.947221 0.7758546 -0.4374053 2.947165 0.7962195 -0.4432884 2.925244 1.430488 0.5197772 2.9239 1.449685 0.5108894 2.923494 1.453395 0.535777 2.926723 1.419201 0.4004235 2.923112 1.460025 0.5181112 2.925206 1.439721 0.4055198 2.916374 1.552359 0.5263305 2.925421 1.4387 0.3803753 2.917173 1.542536 0.5102348 2.92462 1.448522 0.396471 2.916586 1.551338 0.5011861 2.91868 1.531034 0.388595 2.915071 1.571857 0.5062823 2.918299 1.537663 0.3709287 2.917892 1.541373 0.3958166 2.916549 1.560571 0.3869285 2.384832 1.770878 0.9169106 2.391465 1.790951 0.9153555 2.366314 1.791818 0.9153561 2.504704 1.77318 0.9164158 2.383107 1.800403 0.9146554 2.497293 1.792983 0.9149189 2.364375 1.891177 0.9077572 2.522391 1.794816 0.9147127 2.38149 1.883244 0.9083172 2.505276 1.802748 0.9141513 2.389473 1.89301 0.9075493 2.503659 1.88559 0.9078122 2.382062 1.912812 0.9060545 2.520452 1.894174 0.9071128 2.4953 1.895042 0.9071123 2.501934 1.915114 0.9055579 -0.4000717 2.116636 -0.9092748 -0.4064437 2.136808 -0.9079359 -0.3812835 2.137352 -0.9079925 -0.5199029 2.120482 -0.9085842 -0.3979638 2.146159 -0.9073585 -0.5122348 2.140204 -0.9073263 -0.3780552 2.236758 -0.9015268 -0.5373074 2.142361 -0.9070946 -0.3952725 2.229039 -0.9019651 -0.5200911 2.150079 -0.9066544 -0.4031274 2.238915 -0.9012936 -0.5173988 2.23296 -0.9012605 -0.3954601 2.258636 -0.9000373 -0.5340791 2.241766 -0.9006276 -0.508919 2.242311 -0.9006835 -0.5152919 2.262484 -0.8993453 0.5072803 1.521917 -0.9400752 0.4987679 1.541078 -0.9369583 0.5237231 1.544295 -0.9365095 0.3877277 1.512931 -0.9411879 0.5061889 1.551179 -0.9353504 0.3932223 1.533145 -0.9379405 0.5162005 1.642406 -0.9206577 0.368062 1.532595 -0.9379591 0.4999166 1.63298 -0.9221308 0.3843455 1.54202 -0.9364842 0.4910412 1.641856 -0.9206748 0.3780742 1.623821 -0.9232641 0.4965348 1.662069 -0.917429 0.3605399 1.630705 -0.9221054 0.3854957 1.633922 -0.9216564 0.3769817 1.653083 -0.9185398 1.467472 1.503401 0.927874 1.47525 1.523051 0.9262227 1.450191 1.525365 0.9262192 1.587278 1.498794 0.9273681 1.46745 1.532965 0.9254774 1.581018 1.518984 0.9257764 1.453974 1.624633 0.9181447 1.606181 1.519367 0.9255615 1.470604 1.615731 0.9187427 1.589551 1.52827 0.9249622 1.479136 1.625017 0.917928 1.592705 1.611035 0.9182264 1.472877 1.645206 0.9163384 1.609964 1.618635 0.917486 1.584904 1.620949 0.9174813 1.592683 1.640599 0.9158309 0.9943063 2.042219 -0.8726549 0.9943063 1.938771 -0.8610697 1.436548 2.002858 -0.8610692 1.443112 1.807085 -0.8726544 1.53627 2.017309 -0.8412623 1.544315 1.930069 -0.8552003 2.94131 0.2882433 -0.3807759 -0.9249337 0.2882433 -0.3807759 2.941309 0.2882433 -0.4807758 -0.9249337 0.2882433 -0.3807759 -0.9277028 0.4277078 -0.371864 -0.9249332 0.2882433 -0.4807758 -0.9249337 0.2882433 -0.3807759 -0.9249332 0.2882433 -0.4807758 2.941309 0.2882433 -0.4807758 -0.7529135 3.034779 -0.2107758 -0.7548523 3.044779 -0.2107758 -0.8337567 2.995532 -0.2107758 -0.9146926 0.2982433 0.4721494 -0.9251101 0.2968684 0.4716613 -0.8318409 2.989797 0.3221493 1.014162 0.1100779 -0.9376078 1.037577 -1.192093E-07 -0.9507431 1.011249 -1.192093E-07 -0.9387077 -0.9114103 0.1100779 -0.9293717 -0.8821144 -8.940697E-08 -0.9507431 -0.9084425 -8.940697E-08 -0.9387077 1.432892 0.007258534 -0.945089 1.532892 -0.002741456 -0.9545733 1.446033 0.429582 -0.9495236 2.428244 0.4729309 -0.9508735 2.441147 0.007258534 -0.9401366 2.541147 -0.002741456 -0.9497034 0.4317971 0.3426825 -0.956051 0.4411469 0.007258534 -0.9508802 0.5411468 -0.002741456 -0.9600407 -0.5671077 0.007258534 -0.9451826 -0.4671078 -0.002741456 -0.9543312 -0.5567141 0.3397712 -0.9562126 -0.5567141 0.3397712 -0.9562126 -0.4814506 2.978655 -0.8383439 -0.5567141 0.3395236 -0.96623 1.623125 2.986077 -0.8342527 1.532892 -0.002741456 -0.9545733 1.522998 2.963813 -0.8484319 -0.832314 1.742037 -0.8792506 2.849307 2.254493 -0.8708895 -0.8508787 1.74031 -0.8767305 2.496926 1.867402 0.8973227 2.496912 1.867978 0.907306 2.504841 1.533949 0.9265964 2.393204 1.86494 0.8973227 2.401119 1.531487 0.9265964 2.39319 1.865516 0.907306 1.58281 1.523426 0.9114945 1.582892 1.524389 0.9214478 1.554844 1.192457 0.9537802 1.479427 1.532162 0.9114945 1.451461 1.201193 0.9537802 1.479509 1.533125 0.9214478 2.896649 1.511231 0.3979867 2.906569 1.512492 0.3978617 2.948992 1.182135 0.4306548 2.896649 1.521479 0.5012307 2.948991 1.192384 0.5338984 2.906569 1.52274 0.5011055 2.920761 0.748027 -0.4399686 2.930745 0.7486023 -0.4399347 2.950035 0.4150475 -0.4594202 2.920761 0.7419764 -0.3363934 2.950035 0.4089969 -0.3558455 2.930745 0.7425518 -0.33636 -0.5103803 2.212524 -0.8821435 -0.5103998 2.213562 -0.8920894 -0.5194244 1.88081 -0.9268012 -0.4066668 2.209763 -0.8826356 -0.4157109 1.878048 -0.9272943 -0.4066868 2.210801 -0.8925815 0.386817 1.604461 -0.9079952 0.3867384 1.605497 -0.9179411 0.4118715 1.273581 -0.9527345 0.4902716 1.612294 -0.9079952 0.5153261 1.281415 -0.9527345 0.4901929 1.613331 -0.9179411 2.912029 0.4301434 0.3926456 2.919372 0.4317334 -0.039167 2.934857 0.4231254 -0.04798442 -0.8202271 3.001246 -0.3107757 -0.8318405 2.999797 -0.3107757 -0.7538826 3.039779 -0.3107757 -0.9146926 0.2982433 -0.4807758 -0.8318405 2.999797 -0.3107757 -0.9249332 0.2882433 -0.4807758 2.941309 0.2882433 -0.4807758 -0.9249332 0.2882433 -0.4807758 2.931091 0.2982433 -0.4807758 2.832951 2.982856 -0.3103742 -0.7529135 3.024779 0.4221492 2.75514 3.034779 0.4221492 -0.7548509 3.034779 0.4221492 2.809271 2.991636 0.4215169 2.840034 2.961639 0.4219122 -0.9277028 0.4277078 -0.371864 -0.9249337 0.2882433 -0.3807759 -0.8337567 2.995532 -0.2107758 2.931091 0.2982433 -0.3807759 2.94131 0.2882433 -0.3807759 2.8542 2.949196 -0.2107758 2.844263 2.946206 -0.2107758 2.816423 3.009036 -0.210062 2.777303 3.020276 -0.2104635 2.755141 3.044779 -0.2107758 -0.7548523 3.044779 -0.2107758 -0.7529135 3.034779 -0.2107758 2.916452 0.1100779 -0.9371806 2.930938 -5.960464E-08 -0.9140848 2.91969 -2.980232E-08 -0.9397658 2.916452 0.1100779 -0.9371806 2.930941 -1.192093E-07 0.9140824 2.919477 0.1100779 0.9334781 2.919477 0.1100779 0.9334781 2.919693 -1.192093E-07 0.9387072 2.621243 0.1100779 0.9507445 2.919477 0.1100779 0.9334781 2.916452 0.1100779 -0.9371806 2.621243 0.1100779 0.9507445 2.621243 0.1100779 -0.9507436 1.014162 0.1100779 -0.9376078 1.011249 -1.192093E-07 -0.9387077 1.000001 -1.192093E-07 -0.9141115 1.000004 -5.960464E-08 0.9140841 1.014162 0.1100779 -0.9376078 1.016718 0.1100779 0.9407332 1.016718 0.1100779 0.9407332 1.011251 -2.980232E-08 0.9397653 1.309698 0.1100779 -0.9507431 1.014162 0.1100779 -0.9376078 1.016718 0.1100779 0.9407332 1.309698 0.1100779 -0.9507431 1.309698 0.1100779 0.9507431 -0.9114103 0.1100779 -0.9293717 -0.9084425 -8.940697E-08 -0.9387077 -0.9196901 -8.940697E-08 -0.9141115 -0.9196873 -2.980232E-08 0.9140841 -0.9114103 0.1100779 -0.9293717 -0.9029726 0.110078 0.9407332 -0.9029726 0.110078 0.9407332 -0.9084396 0 0.9397653 -0.609993 0.1100779 -0.9507431 -0.9114103 0.1100779 -0.9293717 -0.9029726 0.110078 0.9407332 -0.609993 0.1100779 -0.9507431 -0.609993 0.110078 0.9507431 0.9967616 0.110078 -0.9371806 1.011248 -2.980232E-08 -0.9140848 1 0 -0.9397658 0.9967616 0.110078 -0.9371806 1.01125 -8.940697E-08 0.9140829 0.9997874 0.1100779 0.9334785 0.9997874 0.1100779 0.9334785 1.000003 -8.940697E-08 0.9387077 0.7015533 0.1100779 0.9507445 0.9997874 0.1100779 0.9334785 0.9967616 0.110078 -0.9371806 0.7015533 0.1100779 0.9507445 0.7015533 0.110078 -0.9507436 1.532892 -0.002741456 -0.9545733 1.432892 -0.002741456 -0.9545733 1.446033 0.4295188 -0.9595338 1.522998 2.963813 -0.8484319 1.532892 -0.002741456 -0.9545733 1.623125 2.986077 -0.8342527 1.622892 3.040089 -0.7541133 1.522892 3.040089 -0.7541128 1.622998 3.029008 0.7759288 1.523083 3.020143 0.7911311 1.622892 2.94526 0.8555475 1.522892 2.945259 0.8555478 1.546499 0.4448779 0.9524168 1.446498 0.4448781 0.9524168 1.532892 -0.002741456 0.9550905 1.432892 -0.002741456 0.9550903 -0.7529135 3.024779 0.4221492 -0.7538826 3.029779 0.3221493 2.774291 3.023611 0.3219518 2.774291 3.023611 0.3219518 2.752438 3.024779 0.3221493 2.75514 3.034779 0.4221492 2.809271 2.991636 0.4215169 2.774291 3.023611 0.3219518 2.774291 3.023611 0.3219518 2.844263 2.936206 0.3221493 2.840034 2.961639 0.4219122 2.931091 0.2982433 0.4721494 2.94131 0.2882433 0.5721493 2.919477 0.1100779 0.9334781 2.893365 -1.192093E-07 0.950744 2.919693 -1.192093E-07 0.9387072 2.621243 -1.192093E-07 0.9507445 2.621243 0.1100779 0.9507445 2.919477 0.1100779 0.9334781 2.911466 0.3136189 0.9424685 2.930941 0.3136189 0.9141014 2.911466 0.4236969 0.9424689 2.911466 0.4236969 0.9424689 2.916452 0.4236968 -0.9371804 2.91311 0.3136187 -0.9425098 0.9997874 0.1100779 0.9334785 0.9736748 -8.940697E-08 0.950744 1.000003 -8.940697E-08 0.9387077 0.7015533 -8.940697E-08 0.9507445 0.7015533 0.1100779 0.9507445 0.9997874 0.1100779 0.9334785 2.428244 0.4729081 -0.9608823 2.541147 -0.002741456 -0.9497034 2.441147 -0.002741456 -0.9497029 2.461147 2.93526 -0.8595606 2.541147 -0.002741456 -0.9497034 2.361147 2.93526 -0.8595606 2.460958 3.007927 -0.796384 2.361033 3.016792 -0.7794759 2.461147 3.030089 0.7582456 2.361147 3.030089 0.7582453 2.460958 2.972367 0.8332335 2.361033 2.957524 0.8426867 2.528158 0.4761845 0.9511122 2.441147 -0.002741456 0.9544066 2.541147 -0.002741456 0.9544061 0.4317971 0.3424382 -0.9660684 0.5411468 -0.002741456 -0.9600407 0.4411469 -0.002741456 -0.9600402 0.4611469 2.935509 -0.8610833 0.5411468 -0.002741456 -0.9600407 0.361147 2.93551 -0.8610833 0.4609291 3.009996 -0.7973455 0.3610199 3.018367 -0.7792317 0.4611469 3.030089 0.7537948 0.3610147 3.014576 0.780398 0.4609576 2.972367 0.8287827 0.361147 2.935261 0.8524159 0.5411468 -0.002741456 0.9548961 0.4411469 -0.002741456 0.9548961 -0.4671078 -0.002741456 -0.9543312 -0.5671077 -0.002741456 -0.9543316 -0.5567141 0.3395236 -0.96623 -0.3816414 2.945259 -0.8594158 -0.4671078 -0.002741456 -0.9543312 -0.4814506 2.978655 -0.8383439 -0.3813024 3.00463 -0.821955 -0.3816414 3.040089 -0.7541133 -0.4816413 3.040089 -0.7541128 -0.3771076 3.040089 0.7537946 -0.4769168 3.020143 0.7879997 -0.3769593 2.971234 0.8358735 -0.4771075 2.945259 0.8524164 -0.4557233 0.372097 0.9552997 -0.5671077 -0.002741456 0.9547008 -0.4671078 -0.002741456 0.9547013 2.833004 2.253213 0.8636843 -0.8630868 1.739813 0.8727359 2.843896 2.253895 0.865397 -0.8661255 1.738387 0.854561 -0.8584813 1.738387 -0.8530836 -0.8508787 1.74031 -0.8767305 -0.832314 1.742037 -0.8792506 2.94131 0.2882433 0.5721493 -0.9249346 0.2882433 0.5721493 2.94131 0.2882433 0.4721494 -0.9251101 0.2968684 0.4716613 2.931091 0.2982433 -0.3807759 2.931091 0.2982433 -0.4807758 -0.9249337 0.2882433 -0.3807759 -0.9146926 0.2982433 -0.4807758 -0.8272719 2.975563 0.4221492 -0.8318409 2.989797 0.3221493 -0.7529135 3.024779 0.4221492 -0.7538826 3.029779 0.3221493 -0.8337567 2.995532 -0.2107758 -0.8202271 3.001246 -0.3107757 -0.7529135 3.034779 -0.2107758 -0.7538826 3.039779 -0.3107757 -0.9249332 0.2882433 -0.4807758 -0.9277028 0.4277078 -0.371864 -0.8318405 2.999797 -0.3107757 -0.8337567 2.995532 -0.2107758 -0.9249337 0.2882433 -0.3807759 -0.9146926 0.2982433 -0.4807758 -0.8337567 2.995532 -0.2107758 -0.8202271 3.001246 -0.3107757 -0.9251101 0.2968684 0.4716613 -0.9249346 0.2882433 0.5721493 -0.8318409 2.989797 0.3221493 -0.8318411 2.989797 0.4221492 -0.9146926 0.2982433 0.5721493 -0.9146926 0.2982433 0.4721494 -0.8272719 2.975563 0.4221492 -0.8318409 2.989797 0.3221493 1.307777 0.1100779 -0.9424165 1.307777 0.1100779 -0.6252353 2.622319 0.1100779 -0.9424165 2.622319 0.1100779 -0.6252354 1.307777 -5.960464E-08 -0.6252353 2.622319 -5.960464E-08 -0.6252354 1.307777 0.1100779 -0.6252353 2.622319 0.1100779 -0.6252354 2.622319 -5.960464E-08 -0.9424165 1.307777 -5.960464E-08 -0.9424165 2.622319 0.1100779 -0.9424165 1.307777 0.1100779 -0.9424165 2.621243 -1.490116E-07 0.9140729 2.621243 -1.192093E-07 0.9507445 2.621243 0.1100779 0.9507445 2.621243 -2.980232E-08 -0.9140919 2.621243 -5.960464E-08 -0.9507436 2.621243 0.1100779 -0.9507436 2.621243 0.1100779 0.9507445 1.013898 0.3136189 0.9366077 1.014486 0.4236968 0.9371805 1.014607 0.3136188 -0.9353767 1.019475 0.4236968 -0.9424684 2.916452 0.4236968 -0.9371804 2.91311 0.3136187 -0.9425098 1.019475 0.4236968 -0.9424684 1.014607 0.3136188 -0.9353767 1.014486 0.4236968 0.9371805 1.013898 0.3136189 0.9366077 2.911466 0.4236969 0.9424689 2.911466 0.3136189 0.9424685 2.911466 0.4236969 0.9424689 2.916452 0.4236968 -0.9371804 1.014486 0.4236968 0.9371805 1.019475 0.4236968 -0.9424684 2.622319 0.1100779 0.9424153 2.622319 0.1100779 0.6252342 1.307777 0.1100779 0.9424154 1.307777 0.1100779 0.6252341 2.622319 -5.960464E-08 0.6252342 1.307777 -5.960464E-08 0.6252341 2.622319 0.1100779 0.6252342 1.307777 0.1100779 0.6252341 1.307777 -5.960464E-08 0.9424154 2.622319 -5.960464E-08 0.9424153 1.307777 0.1100779 0.9424154 2.622319 0.1100779 0.9424153 1.309698 -1.192093E-07 -0.9507431 1.037577 -1.192093E-07 -0.9507431 1.309698 0.1100779 -0.9507431 1.014162 0.1100779 -0.9376078 1.309698 -1.490116E-07 -0.9140924 1.309698 -1.192093E-07 -0.9507431 1.309698 0.1100779 -0.9507431 1.309698 -2.980232E-08 0.9140915 1.309698 -5.960464E-08 0.9507431 1.309698 0.1100779 0.9507431 1.309698 0.1100779 -0.9507431 1.009125 0.4236969 0.9310181 1.009125 0.313619 0.931018 1.008419 0.4236968 -0.9333456 0.9990268 0.3136188 -0.9425098 -0.9001845 0.313619 0.9366077 -0.8995974 0.4236969 0.9371805 -0.8994764 0.3136188 -0.9353767 -0.8988893 0.4236968 -0.9359492 1.008419 0.4236968 -0.9333456 0.9990268 0.3136188 -0.9425098 -0.8988893 0.4236968 -0.9359492 -0.8994764 0.3136188 -0.9353767 -0.8994764 0.3136188 -0.9353767 0.9990268 0.3136188 -0.9425098 -0.9001845 0.313619 0.9366077 1.009125 0.313619 0.931018 0.7026277 0.110078 0.9424159 0.7026277 0.110078 0.6252348 -0.6119139 0.110078 0.942416 -0.6119139 0.110078 0.6252347 0.7026277 -2.980232E-08 0.6252348 -0.6119139 -2.980232E-08 0.6252347 0.7026277 0.110078 0.6252348 -0.6119139 0.110078 0.6252347 -0.6119139 -2.980232E-08 0.942416 0.7026277 -2.980232E-08 0.9424159 -0.6119139 0.110078 0.942416 0.7026277 0.110078 0.9424159 -0.609993 -8.940697E-08 -0.9507431 -0.8821144 -8.940697E-08 -0.9507431 -0.609993 0.1100779 -0.9507431 -0.9114103 0.1100779 -0.9293717 -0.609993 -1.192093E-07 -0.9140924 -0.609993 -8.940697E-08 -0.9507431 -0.609993 0.1100779 -0.9507431 -0.609993 0 0.9140915 -0.609993 -2.980232E-08 0.9507431 -0.609993 0.110078 0.9507431 -0.609993 0.1100779 -0.9507431 0.6765361 0.3175916 -0.6212654 0.6765361 0.3175916 -0.9427361 0.6765361 0.1065139 -0.6212654 0.6765361 0.1065139 -0.9427366 0.6765361 0.1065139 -0.6212654 1.005974 0.1065139 -0.6212654 0.6765361 0.3175916 -0.6212654 1.005974 0.3175916 -0.6212654 -0.1189389 0.1065139 -0.932045 -0.1189389 0.1065139 -0.6105738 -0.1189389 0.3175915 -0.932045 -0.1189389 0.3175915 -0.6105738 0.2104983 0.3175915 -0.932045 0.2104983 0.3175915 -0.6105738 0.2104983 0.1065139 -0.932045 0.2104983 0.1065139 -0.6105738 -0.1189389 0.1065139 -0.6105738 0.2104983 0.1065139 -0.6105738 -0.1189389 0.3175915 -0.6105738 0.2104983 0.3175915 -0.6105738 0.2104983 0.1065139 -0.932045 -0.1189389 0.1065139 -0.932045 0.2104983 0.3175915 -0.932045 -0.1189389 0.3175915 -0.932045 -0.5849762 0.3175916 -0.6212654 -0.5849762 0.1065139 -0.6212654 -0.5849762 0.3175916 -0.9427366 -0.5849762 0.1065139 -0.9427366 -0.5849762 0.1065139 -0.6212654 -0.5849762 0.3175916 -0.6212654 -0.9144144 0.1065139 -0.6212654 -0.9144144 0.3175916 -0.6212654 0.6765361 0.3175916 0.6212659 0.6765361 0.1065139 0.6212659 0.6765361 0.3175916 0.9427366 0.6765361 0.1065139 0.9427371 0.6765361 0.1065139 0.6212659 0.6765361 0.3175916 0.6212659 1.005974 0.1065139 0.6212659 1.005974 0.3175916 0.6212659 0.2104983 0.1065139 0.6249366 -0.1189389 0.1065139 0.6249366 0.2104983 0.3175915 0.6249366 -0.1189389 0.3175915 0.6249366 0.2104983 0.3175915 0.9464078 -0.1189389 0.3175915 0.9464078 0.2104983 0.1065139 0.9464078 -0.1189389 0.1065139 0.9464078 -0.1189389 0.1065139 0.6249366 -0.1189389 0.1065139 0.9464078 -0.1189389 0.3175915 0.6249366 -0.1189389 0.3175915 0.9464078 0.2104983 0.1065139 0.9464078 0.2104983 0.1065139 0.6249366 0.2104983 0.3175915 0.9464078 0.2104983 0.3175915 0.6249366 -0.5849762 0.3175916 0.6212656 -0.5849762 0.3175916 0.9427364 -0.5849762 0.1065139 0.6212656 -0.5849762 0.1065139 0.9427369 -0.5849762 0.1065139 0.6212656 -0.9144144 0.1065139 0.6212654 -0.5849762 0.3175916 0.6212656 -0.9144144 0.3175916 0.6212659 -0.6119139 0.110078 -0.942416 -0.6119139 0.110078 -0.6252347 0.7026277 0.110078 -0.9424159 0.7026277 0.110078 -0.6252348 -0.6119139 -2.980232E-08 -0.6252347 0.7026277 -2.980232E-08 -0.6252348 -0.6119139 0.110078 -0.6252347 0.7026277 0.110078 -0.6252348 0.7026277 -2.980232E-08 -0.9424159 -0.6119139 -2.980232E-08 -0.942416 0.7026277 0.110078 -0.9424159 -0.6119139 0.110078 -0.942416 0.7015533 -1.192093E-07 0.9140729 0.7015533 -8.940697E-08 0.9507445 0.7015533 0.1100779 0.9507445 0.7015533 0 -0.9140919 0.7015533 -2.980232E-08 -0.9507436 0.7015533 0.110078 -0.9507436 0.7015533 0.1100779 0.9507445 2.596227 0.3175915 -0.621266 2.596227 0.3175915 -0.9427367 2.596227 0.1065139 -0.621266 2.596227 0.1065138 -0.9427372 2.596227 0.1065139 -0.621266 2.925665 0.1065139 -0.621266 2.596227 0.3175915 -0.621266 2.925665 0.3175915 -0.621266 1.800752 0.1065139 -0.9320456 1.800752 0.1065139 -0.6105744 1.800752 0.3175915 -0.9320456 1.800752 0.3175915 -0.6105744 2.130189 0.3175915 -0.9320456 2.130189 0.3175915 -0.6105744 2.130189 0.1065139 -0.9320456 2.130189 0.1065139 -0.6105744 1.800752 0.1065139 -0.6105744 2.130189 0.1065139 -0.6105744 1.800752 0.3175915 -0.6105744 2.130189 0.3175915 -0.6105744 2.130189 0.1065139 -0.9320456 1.800752 0.1065139 -0.9320456 2.130189 0.3175915 -0.9320456 1.800752 0.3175915 -0.9320456 1.334715 0.3175915 -0.621266 1.334715 0.1065139 -0.621266 1.334715 0.3175915 -0.9427372 1.334715 0.1065138 -0.9427372 1.334715 0.1065139 -0.621266 1.334715 0.3175915 -0.621266 1.005276 0.1065139 -0.621266 1.005276 0.3175915 -0.621266 2.596227 0.3175915 0.6212653 2.596227 0.1065139 0.6212653 2.596227 0.3175915 0.942736 2.596227 0.1065138 0.9427365 2.596227 0.1065139 0.6212653 2.596227 0.3175915 0.6212653 2.925665 0.1065139 0.6212653 2.925665 0.3175915 0.6212653 2.130189 0.1065139 0.624936 1.800752 0.1065139 0.624936 2.130189 0.3175915 0.624936 1.800752 0.3175915 0.624936 2.130189 0.3175915 0.9464072 1.800752 0.3175915 0.9464072 2.130189 0.1065139 0.9464072 1.800752 0.1065139 0.9464072 1.800752 0.1065139 0.624936 1.800752 0.1065139 0.9464072 1.800752 0.3175915 0.624936 1.800752 0.3175915 0.9464072 2.130189 0.1065139 0.9464072 2.130189 0.1065139 0.624936 2.130189 0.3175915 0.9464072 2.130189 0.3175915 0.624936 1.334715 0.3175915 0.6212651 1.334715 0.3175915 0.9427358 1.334715 0.1065139 0.6212651 1.334715 0.1065138 0.9427363 1.334715 0.1065139 0.6212651 1.005276 0.1065139 0.6212648 1.334715 0.3175915 0.6212651 1.005276 0.3175915 0.6212653 2.541147 -0.002741456 -0.9497034 2.541147 -0.002741456 0.9544061 2.441147 -0.002741456 -0.9497029 2.441147 -0.002741456 0.9544066 1.532892 -0.002741456 -0.9545733 1.532892 -0.002741456 0.9550905 1.432892 -0.002741456 -0.9545733 1.432892 -0.002741456 0.9550903 0.5411468 -0.002741456 -0.9600407 0.5411468 -0.002741456 0.9548961 0.4411469 -0.002741456 -0.9600402 0.4411469 -0.002741456 0.9548961 -0.4671078 -0.002741456 -0.9543312 -0.4671078 -0.002741456 0.9547013 -0.5671077 -0.002741456 -0.9543316 -0.5671077 -0.002741456 0.9547008 2.541147 -0.002741456 -0.9497034 2.441147 0.007258534 -0.9401366 2.541147 -0.002741456 0.9544061 2.441147 0.007258534 0.9445862 1.532892 -0.002741456 -0.9545733 1.432892 0.007258534 -0.945089 1.532892 0.007258534 0.9453115 1.432892 -0.002741456 0.9550903 0.5411468 -0.002741456 -0.9600407 0.4411469 0.007258534 -0.9508802 0.5411468 0.007258534 0.9452189 0.4411469 -0.002741456 0.9548961 -0.4671078 -0.002741456 -0.9543312 -0.5671077 0.007258534 -0.9451826 -0.4671078 -0.002741456 0.9547013 -0.5671077 0.007258534 0.9452189 1.446498 0.4447937 0.9424123 1.446498 0.4448781 0.9524168 1.522892 2.945259 0.8555478 1.432892 -0.002741456 0.9550903 1.432892 0.007258534 -0.945089 1.432892 -0.002741456 -0.9545733 1.446033 0.4295188 -0.9595338 1.446033 0.429582 -0.9495236 -0.3816414 2.942165 -0.8495305 -0.4671078 -0.002741456 -0.9543312 -0.3816414 2.945259 -0.8594158 -0.3813024 3.00463 -0.821955 -0.3816414 3.040089 -0.7541133 -0.3771076 3.040089 0.7537946 -0.3771076 3.030089 0.7510918 -0.3769593 2.971234 0.8358735 -0.3769593 2.966249 0.8271927 -0.4557233 0.372097 0.9552997 -0.4671078 -0.002741456 0.9547013 -0.8521793 1.640333 0.8701417 -0.8583094 1.640333 0.8772042 -0.8644274 1.63883 -0.8625606 2.848557 2.154405 0.8600535 2.852538 2.155938 0.8409804 2.839991 2.154188 -0.868471 2.844944 2.154016 -0.8767247 -0.8336735 1.642037 -0.8842507 2.946376 0.6676558 -0.3375208 2.948091 0.6736454 -0.443185 2.972672 0.7189628 -0.3341859 2.974386 0.7249524 -0.4398497 2.948091 0.6736454 -0.443185 2.947788 0.7252125 -0.4484532 2.974386 0.7249524 -0.4398497 2.947221 0.7758546 -0.4374053 2.945507 0.7698651 -0.3317411 2.945809 0.7182979 -0.3264733 2.972672 0.7189628 -0.3341859 2.946376 0.6676558 -0.3375208 2.972672 0.7189628 -0.3341859 2.974386 0.7249524 -0.4398497 2.945507 0.7698651 -0.3317411 2.947221 0.7758546 -0.4374053 2.935884 0.6621851 -0.4577287 2.912894 0.6521119 -0.3273753 2.913863 0.7908931 -0.4486648 2.911739 0.7766137 -0.3146687 2.9239 1.449685 0.5108894 2.925206 1.439721 0.4055198 2.946908 1.502444 0.5061853 2.948213 1.49248 0.4008161 2.925206 1.439721 0.4055198 2.92165 1.489778 0.392533 2.948213 1.49248 0.4008161 2.917892 1.541373 0.3958166 2.916586 1.551338 0.5011861 2.920143 1.501281 0.514173 2.946908 1.502444 0.5061853 2.9239 1.449685 0.5108894 2.946908 1.502444 0.5061853 2.948213 1.49248 0.4008161 2.916586 1.551338 0.5011861 2.917892 1.541373 0.3958166 2.913743 1.425455 0.3929928 2.891468 1.433798 0.5235924 2.883649 1.552428 0.382744 2.882464 1.558473 0.5173745 2.391465 1.790951 0.9153555 2.497293 1.792983 0.9149189 2.390541 1.84402 0.9381099 2.496367 1.846053 0.9376723 2.497293 1.792983 0.9149189 2.504467 1.844169 0.9109818 2.496367 1.846053 0.9376723 2.4953 1.895042 0.9071123 2.390541 1.84402 0.9381099 2.496367 1.846053 0.9376723 2.389473 1.89301 0.9075493 2.4953 1.895042 0.9071123 2.511165 1.780167 0.9032918 2.380114 1.773562 0.8831936 2.506475 1.907328 0.8726181 2.372024 1.898091 0.8736823 -0.4064437 2.136808 -0.9079359 -0.5122348 2.140204 -0.9073263 -0.4048841 2.1896 -0.9312926 -0.5106753 2.192996 -0.9306826 -0.4031274 2.238915 -0.9012936 -0.3966181 2.187599 -0.9046618 -0.4048841 2.1896 -0.9312926 -0.4064437 2.136808 -0.9079359 -0.4048841 2.1896 -0.9312926 -0.5106753 2.192996 -0.9306826 -0.4031274 2.238915 -0.9012936 -0.508919 2.242311 -0.9006835 0.4987679 1.541078 -0.9369583 0.3932223 1.533145 -0.9379405 0.4948292 1.595726 -0.9552097 0.3892841 1.587793 -0.956191 0.4948292 1.595726 -0.9552097 0.3892841 1.587793 -0.956191 0.4910412 1.641856 -0.9206748 0.3854957 1.633922 -0.9216564 1.47525 1.523051 0.9262227 1.581018 1.518984 0.9257764 1.477389 1.576194 0.9487228 1.583157 1.572127 0.9482755 1.581018 1.518984 0.9257764 1.591128 1.569652 0.9215943 1.583157 1.572127 0.9482755 1.584904 1.620949 0.9174813 1.479136 1.625017 0.917928 1.469027 1.574348 0.9221101 1.477389 1.576194 0.9487228 1.47525 1.523051 0.9262227 1.477389 1.576194 0.9487228 1.583157 1.572127 0.9482755 1.479136 1.625017 0.917928 1.584904 1.620949 0.9174813 1.594127 1.505335 0.9142109 1.462908 1.506191 0.8941445 1.596758 1.632407 0.8829287 1.461999 1.630933 0.8840371 2.401119 1.531487 0.9265964 2.504841 1.533949 0.9265964 2.39319 1.865516 0.907306 2.496912 1.867978 0.907306 2.401119 1.531487 0.9265964 2.393204 1.86494 0.8973227 2.504841 1.533949 0.9265964 2.496926 1.867402 0.8973227 1.451461 1.201193 0.9537802 1.554844 1.192457 0.9537802 1.479509 1.533125 0.9214478 1.582892 1.524389 0.9214478 1.451461 1.201193 0.9537802 1.479427 1.532162 0.9114945 1.554844 1.192457 0.9537802 1.58281 1.523426 0.9114945 2.948991 1.192384 0.5338984 2.948992 1.182135 0.4306548 2.906569 1.52274 0.5011055 2.906569 1.512492 0.3978617 2.948991 1.192384 0.5338984 2.896649 1.521479 0.5012307 2.948992 1.182135 0.4306548 2.896649 1.511231 0.3979867 2.950035 0.4089969 -0.3558455 2.950035 0.4150475 -0.4594202 2.930745 0.7425518 -0.33636 2.930745 0.7486023 -0.4399347 2.950035 0.4089969 -0.3558455 2.920761 0.7419764 -0.3363934 2.950035 0.4150475 -0.4594202 2.920761 0.748027 -0.4399686 -0.4157109 1.878048 -0.9272943 -0.5194244 1.88081 -0.9268012 -0.4066868 2.210801 -0.8925815 -0.5103998 2.213562 -0.8920894 -0.4157109 1.878048 -0.9272943 -0.4066668 2.209763 -0.8826356 -0.5194244 1.88081 -0.9268012 -0.5103803 2.212524 -0.8821435 0.5153261 1.281415 -0.9527345 0.4118715 1.273581 -0.9527345 0.4901929 1.613331 -0.9179411 0.3867384 1.605497 -0.9179411 0.5153261 1.281415 -0.9527345 0.4902716 1.612294 -0.9079952 0.4118715 1.273581 -0.9527345 0.386817 1.604461 -0.9079952 2.837203 2.032739 -0.166701 2.813446 2.202251 -0.1769906 2.833729 2.203699 -0.1750837 2.867652 0.6776326 -0.07182281 2.880285 0.6880801 -0.0702154 2.900282 0.6062778 -0.05806696 2.886083 0.6011233 -0.05872018 2.900282 0.6062778 -0.05806696 2.8859 0.5261383 -0.05279616 2.874391 0.518265 -0.05306016 2.919372 0.4317334 -0.039167 2.8859 0.5261383 -0.05279616 2.934857 0.4231254 -0.04798442 2.832085 2.301906 -0.1769908 2.833729 2.203699 -0.1750837 2.860866 2.304548 -0.1769906 2.860866 2.304548 -0.1769906 2.860716 2.880803 -0.1790965 2.816821 3.017528 -0.1790958 2.837972 2.991465 0.2383584 2.860866 2.304548 -0.1769906 2.779233 3.040089 0.238358 2.816821 3.017528 -0.1790958 2.83029 2.299643 0.4007949 2.803681 2.954155 0.3838275 2.746159 3.013877 0.4081813 2.833729 2.203699 -0.1750837 2.842039 2.983898 0.5137171 2.779233 3.040089 0.7844028 2.807408 2.198813 0.3648999 2.837203 2.032739 -0.166701 2.837989 2.99173 0.842859 2.828938 2.206722 0.8627826 2.527587 3.01958 0.8183986 2.838662 2.067457 0.4406543 2.436085 3.016157 0.5137163 2.888461 0.6113062 0.4399708 2.837203 2.032739 -0.166701 2.746159 3.013877 0.4081813 2.880285 0.6880801 -0.0702154 2.900282 0.6062778 -0.05806696 2.896916 0.6488223 0.2163262 2.428471 2.983246 0.3838266 2.909648 0.5837172 0.216326 2.900282 0.6062778 -0.05806696 2.8859 0.5261383 -0.05279616 2.8859 0.5261383 -0.05279616 2.934857 0.4231254 -0.04798442 2.901575 0.497962 0.4710977 2.912029 0.4301434 0.3926456 2.889467 0.4236965 0.5137179 2.913815 0.4236965 0.9189849 2.878582 0.547781 0.8878511 2.405631 0.4659573 0.9275432 2.527453 0.4236965 0.9189849 2.405631 0.4236965 0.9189849 2.283179 0.4236965 0.9189849 1.677277 0.4236965 0.9189849 1.549303 0.4236965 0.9189849 2.373318 0.6648624 0.8796817 1.539447 0.5569884 0.9185404 1.447182 0.4236965 0.9189849 0.9943063 0.4236965 0.9189849 0.5274534 0.4236965 0.9189849 2.403106 2.164451 0.8486922 0.4631737 0.5652652 0.9050707 2.418865 2.914259 0.8483422 2.259551 2.135477 0.8641403 1.51739 0.6375302 0.875515 1.663598 2.037769 0.8627826 1.581298 2.918539 0.8414966 1.538658 2.035328 0.8431249 1.438445 2.012787 0.8633709 1.447184 2.903502 0.8716073 0.5364599 1.881076 0.8633709 0.9943063 2.84564 0.8716073 0.9943063 2.993907 0.8387961 0.5274525 2.903502 0.8716073 0.3945463 1.86593 0.8481837 1.447237 3.007277 0.8387961 0.5274043 3.007277 0.8387961 0.9943063 3.026718 0.7844028 1.54932 3.010256 0.7611858 0.3903227 2.917835 0.8382009 1.447184 3.040089 0.7844028 1.677341 3.01548 0.8251978 1.447184 3.040089 0.5137165 1.573299 3.022208 0.5137163 2.283286 3.019581 0.8183986 2.405677 3.000335 0.7629819 2.283177 3.018791 0.38602 1.548547 2.992993 0.3838266 0.9943063 3.026718 0.3838277 2.428471 3.014163 0.2383576 2.779233 3.040089 0.238358 1.542962 3.025647 0.2383577 2.816821 3.017528 -0.1790958 2.527452 3.025162 -0.2675952 2.816821 3.017528 -0.1790958 2.73224 3.017478 -0.2668967 2.779233 3.040089 -0.3704271 2.73224 3.017478 -0.2668967 2.779233 3.040089 -0.3704271 2.779233 3.040089 -0.78545 2.428471 3.014163 -0.7575318 2.405629 2.994596 -0.2741891 2.283177 3.02525 -0.2741894 2.283177 3.040089 -0.78545 1.54177 3.026678 -0.1440594 1.677278 3.023131 -0.2927793 1.542962 3.025647 -0.7617378 1.549304 3.002112 -0.292779 0.9943063 3.026718 -0.1201594 1.425955 3.023564 -0.2952059 0.5274525 3.040089 -0.78545 0.5274519 3.02631 -0.2755054 0.367363 3.018152 -0.7618269 0.4098163 3.019024 0.2383577 0.4056292 2.995566 -0.2613571 0.2831774 3.02525 -0.2741894 -0.322722 3.02631 -0.2755054 -0.4514534 3.024443 -0.7597618 0.420857 2.98805 0.4122399 -0.4726359 3.006255 -0.2628654 -0.4642285 3.025647 0.2383577 -0.5528164 3.040089 -0.3704271 -0.7906199 3.040089 -0.78545 -0.7495016 3.020304 -0.279838 -0.7495016 3.020304 -0.279838 -0.7906199 3.040089 -0.1440597 -0.7495016 3.020304 -0.279838 -0.7575457 3.013877 0.3565515 -0.4438488 2.995112 0.3838267 0.2831774 3.013876 0.4081813 -0.4570381 3.025647 0.5137163 -0.7906199 3.040089 0.5137165 0.4056145 3.000336 0.7629988 -0.4698695 3.01585 0.7655498 -0.7906199 3.040089 0.7844028 0.2831285 3.017531 0.8217982 -0.3228059 3.01753 0.8217982 -0.4267009 2.922561 0.8389874 -0.5528949 2.98348 0.853151 0.5274525 3.040089 0.7844028 0.5274525 3.040089 0.5137165 0.9943063 3.026718 0.5137174 -0.2953724 1.772552 0.8639342 -0.4456891 1.759786 0.8469331 -0.4185483 0.4861623 0.9216154 -0.8778243 2.896056 0.8716073 0.3702344 0.4909067 0.9086279 0.4056306 0.4236965 0.9189849 0.2831788 0.4236965 0.9189849 -0.3227234 0.4236965 0.9189849 -0.4506974 0.4236965 0.9189849 -0.5528178 0.4236965 0.9189849 -0.8988469 0.4236965 0.9136693 -0.8451685 3.009701 0.8387522 -0.8615001 2.98008 0.5137172 -0.7906199 3.040089 0.5137165 -0.8170262 2.950932 0.3838275 -0.7575457 3.013877 0.3565515 -0.8402192 1.680829 0.5084873 -0.8512974 2.985027 0.2383584 -0.7906199 3.040089 -0.1440597 -0.8207828 1.68816 0.3804571 -0.8372511 1.687873 0.8614702 -0.9097719 0.6055882 0.5137179 -0.5389104 1.591076 0.8716071 -0.8609958 1.499008 0.8716073 -0.4377079 1.603811 0.8541522 -0.551811 0.6081938 0.9152492 -0.4506969 0.5898455 0.9075553 -0.8796388 0.6021404 0.8909258 -0.5519475 0.5615252 0.9186552 -0.8831842 0.5600731 0.8929554 -0.8794689 0.5227289 0.9113186 -0.8893402 0.5334544 0.4019755 -0.914735 0.4716339 0.3323302 -0.8825761 0.4236965 0.5137179 -0.8825761 0.4236965 0.3838282 -0.8825761 0.4236965 0.2383592 -0.8825761 0.4236965 -0.1440611 -0.8825761 0.4236965 -0.2668977 -0.8825761 0.4236966 -0.3704286 -0.9148538 0.4752178 -0.3704286 -0.889372 0.4236965 -0.9088499 -0.8909274 0.5104744 -0.1824472 -0.8939116 0.4593754 -0.90521 -0.8886489 0.5347347 -0.3704286 -0.5451154 0.4978101 -0.9144874 -0.5419568 0.4236969 -0.921908 -0.8699195 0.5272703 -0.8797372 -0.4506974 0.49071 -0.9285903 -0.4398364 0.4236965 -0.921908 -0.5528173 0.5810481 -0.8826137 -0.4506974 0.5735428 -0.9117727 -0.2393324 0.4826522 -0.9266114 -0.3227234 0.4236965 -0.920032 0.2831788 0.4236965 -0.920032 0.4056306 0.4236965 -0.920032 -0.5272877 0.6697314 -0.9050742 -0.8678162 0.6005641 -0.877504 0.5103095 0.5022445 -0.9241464 0.5274534 0.4236965 -0.920032 0.9943063 0.4236965 -0.920032 -0.9097715 0.6016361 -0.3025726 -0.8397943 1.662859 -0.8642733 -0.8417033 1.677895 -0.1427049 -0.4464432 1.750725 -0.8484887 -0.8387352 1.679049 0.2357555 -0.8512974 2.985026 -0.1440602 -0.7495016 3.020304 -0.279838 -0.8159677 1.688496 -0.2643815 -0.7495016 3.020304 -0.279838 -0.8256111 2.935495 -0.2668972 -0.8402192 1.680829 -0.366666 -0.7495016 3.020304 -0.279838 -0.8615001 2.98008 -0.3704278 -0.7906199 3.040089 -0.78545 -0.8492504 2.989705 -0.8439062 -0.5528862 2.98008 -0.8562489 -0.4514534 3.024443 -0.7597618 -0.4507599 2.960835 -0.8167709 -0.3227677 2.973281 -0.8603503 0.367363 3.018152 -0.7618269 -0.2941046 1.748322 -0.8624721 0.2831507 2.973281 -0.8603503 0.3879269 1.863667 -0.8488814 0.4055998 2.950798 -0.8186963 0.5274525 3.040089 -0.78545 0.5371999 1.883002 -0.863151 0.5216607 2.989658 -0.8459953 1.447237 3.007277 -0.8398432 1.542962 3.025647 -0.7617378 1.477864 2.913309 -0.8726544 1.437727 2.009351 -0.863151 1.549344 2.967321 -0.8128033 1.677341 2.982691 -0.848046 2.283177 3.040089 -0.78545 1.562155 2.030609 -0.8482983 2.283307 2.982691 -0.848046 1.597293 0.500078 -0.9273404 1.447182 0.4236965 -0.920032 1.549303 0.4236965 -0.920032 1.677277 0.4236965 -0.920032 2.357434 2.150797 -0.8496835 2.359632 0.5051817 -0.9104187 2.344247 0.4694202 -0.9285903 2.283179 0.4236965 -0.920032 2.405631 0.4236965 -0.920032 2.527453 0.4236965 -0.920032 2.913815 0.4236965 -0.920032 2.907272 0.4878129 -0.9052407 2.913815 0.4236965 -0.3704286 2.922026 0.4789541 -0.3639579 2.913815 0.4236965 -0.2668977 2.919372 0.4317334 -0.039167 2.874391 0.518265 -0.05306016 2.893777 0.5242828 -0.2992511 2.886083 0.6011233 -0.05872018 2.878006 0.5817178 -0.8846455 2.910177 0.608829 -0.3121924 2.867652 0.6776326 -0.07182281 2.87601 0.7070066 -0.2863092 2.4437 0.6170245 -0.8835248 2.867652 0.6776326 -0.07182281 2.837203 2.032739 -0.166701 2.828938 2.203317 -0.8638297 2.834163 2.032964 -0.2992506 2.813446 2.202251 -0.1769906 2.501257 2.168329 -0.866183 2.803351 2.200928 -0.2888975 2.82033 2.299023 -0.2668972 2.832085 2.301906 -0.1769908 2.860716 2.880803 -0.1790965 2.814223 2.935494 -0.2668972 2.849608 2.304548 -0.3704281 2.73224 3.017478 -0.2668967 2.816821 3.017528 -0.1790958 2.860716 2.880803 -0.1790965 2.73224 3.017478 -0.2668967 2.779233 3.040089 -0.3704271 2.866437 2.952884 -0.3704281 2.844085 2.979466 -0.8500665 2.779233 3.040089 -0.3704271 2.779233 3.040089 -0.3704271 2.779233 3.040089 -0.78545 2.527574 2.983479 -0.8541981 2.428471 3.014163 -0.7575318 2.405725 2.950796 -0.8186626 2.931091 0.2982433 -0.4807758 2.931091 0.2982433 -0.3807759 2.844263 2.946206 -0.2107758 2.832951 2.982856 -0.3103742 2.777303 3.020276 -0.2104635 2.755141 3.044779 -0.3107757 -0.7529135 3.034779 -0.2107758 -0.7538826 3.039779 -0.3107757 2.94131 0.2882433 0.5721493 2.931091 0.2982433 0.4721494 -0.9146926 0.2982433 0.5721493 -0.9251101 0.2968684 0.4716613 -0.9146926 0.2982433 0.4721494 -0.7529135 3.024779 0.4221492 -0.7548509 3.034779 0.4221492 -0.8272719 2.975563 0.4221492 -0.8318411 2.989797 0.4221492 -0.9146926 0.2982433 0.5721493 -0.9249346 0.2882433 0.5721493 2.94131 0.2882433 0.5721493 2.916452 0.1100779 -0.9371806 2.91969 -2.980232E-08 -0.9397658 2.893365 -5.960464E-08 -0.950744 2.621243 0.1100779 -0.9507436 2.621243 -5.960464E-08 -0.9507436 2.930941 0.3136189 0.9141014 2.911466 0.3136189 0.9424685 1.013898 0.3136189 0.9366077 2.91311 0.3136187 -0.9425098 1.014607 0.3136188 -0.9353767 1.016718 0.1100779 0.9407332 1.011251 -2.980232E-08 0.9397653 1.037577 -5.960464E-08 0.9507433 1.309698 0.1100779 0.9507431 1.309698 -5.960464E-08 0.9507431 -0.8995974 0.4236969 0.9371805 -0.9001845 0.313619 0.9366077 0.9792829 0.4236969 0.9507442 1.009125 0.313619 0.931018 1.009125 0.4236969 0.9310181 1.008419 0.4236968 -0.9333456 -0.8988893 0.4236968 -0.9359492 -0.8995974 0.4236969 0.9371805 1.009125 0.4236969 0.9310181 0.9792829 0.4236969 0.9507442 -0.9029726 0.110078 0.9407332 -0.9084396 0 0.9397653 -0.8821144 -2.980232E-08 0.9507433 -0.609993 0.110078 0.9507431 -0.609993 -2.980232E-08 0.9507431 0.993567 0.1065139 -0.9306297 0.993567 0.3175916 -0.9306297 1.005974 0.3175916 -0.9022174 1.005974 0.1065139 -0.9022179 1.005974 0.3175916 -0.6212654 1.005974 0.1065139 -0.6212654 -0.9144144 0.1065139 -0.6212654 -0.9144144 0.3175916 -0.6212654 -0.9144144 0.1065139 -0.9022179 -0.9144144 0.3175916 -0.9022179 -0.9020071 0.1065139 -0.9306297 -0.9020071 0.3175916 -0.9306297 1.005974 0.1065139 0.6212659 1.005974 0.3175916 0.6212659 1.005974 0.1065139 0.9022183 1.005974 0.3175916 0.9022179 0.993567 0.1065139 0.93063 0.993567 0.3175916 0.93063 -0.9020071 0.1065139 0.93063 -0.9020071 0.3175916 0.93063 -0.9144144 0.3175916 0.9022176 -0.9144144 0.1065139 0.9022179 -0.9144144 0.3175916 0.6212659 -0.9144144 0.1065139 0.6212654 0.9967616 0.110078 -0.9371806 1 0 -0.9397658 0.9736748 -2.980232E-08 -0.950744 0.7015533 0.110078 -0.9507436 0.7015533 -2.980232E-08 -0.9507436 2.913258 0.1065139 -0.9306303 2.913258 0.3175915 -0.9306303 2.925665 0.3175915 -0.902218 2.925665 0.1065138 -0.9022185 2.925665 0.3175915 -0.621266 2.925665 0.1065139 -0.621266 1.005276 0.1065139 -0.621266 1.005276 0.3175915 -0.621266 1.005276 0.1065138 -0.9022185 1.005276 0.3175915 -0.9022185 1.017684 0.1065139 -0.9306303 1.017684 0.3175915 -0.9306303 2.925665 0.1065139 0.6212653 2.925665 0.3175915 0.6212653 2.925665 0.1065138 0.9022177 2.925665 0.3175915 0.9022173 2.913258 0.1065139 0.9306294 2.913258 0.3175915 0.9306294 1.017684 0.1065139 0.9306294 1.017684 0.3175915 0.9306294 1.005276 0.3175915 0.902217 1.005276 0.1065138 0.9022173 1.005276 0.3175915 0.6212653 1.005276 0.1065139 0.6212648 2.428244 0.4729309 -0.9508735 2.541147 -0.002741456 -0.9497034 2.461147 2.93526 -0.8595606 2.361147 2.932165 -0.8496758 2.460958 3.007927 -0.796384 2.361033 3.007761 -0.7751122 2.461147 3.020089 0.7555426 2.361147 3.030089 0.7582453 2.460958 2.96657 0.825069 2.361033 2.957524 0.8426867 2.541147 -0.002741456 0.9544061 2.441147 0.007258534 0.9445862 1.446033 0.429582 -0.9495236 1.532892 -0.002741456 -0.9545733 1.522998 2.959368 -0.8394074 1.623125 2.986077 -0.8342527 1.522892 3.040089 -0.7541128 1.622998 3.019815 0.771842 1.523083 3.020143 0.7911311 1.622892 2.942165 0.8456625 1.522892 2.945259 0.8555478 1.546499 0.4447937 0.9424123 1.446498 0.4447937 0.9424123 1.532892 0.007258534 0.9453115 1.432892 -0.002741456 0.9550903 0.4317971 0.3426825 -0.956051 0.5411468 -0.002741456 -0.9600407 0.4611469 2.935509 -0.8610833 0.361147 2.932165 -0.8512084 0.4609291 3.001694 -0.7916427 0.3610199 3.018367 -0.7792317 0.4611469 3.020089 0.7510918 0.3610147 3.014576 0.780398 0.4609576 2.96657 0.8206182 0.361147 2.935261 0.8524159 0.5411468 0.007258534 0.9452189 0.4411469 -0.002741456 0.9548961 -0.4671078 -0.002741456 0.9547013 -0.5671077 0.007258534 0.9452189 -0.4771075 2.945259 0.8524164 -0.3769593 2.966249 0.8271927 -0.4769168 3.020143 0.7879997 -0.3771076 3.030089 0.7510918 -0.4816413 3.040089 -0.7541128 -0.3813024 3.00463 -0.821955 -0.3816414 2.942165 -0.8495305 -0.4814506 2.978655 -0.8383439 -0.5567141 0.3397712 -0.9562126 -0.4671078 -0.002741456 -0.9543312 2.361033 3.007761 -0.7751122 2.361147 3.030089 0.7582453 2.361033 3.016792 -0.7794759 2.361147 2.932165 -0.8496758 2.361147 2.93526 -0.8595606 2.428244 0.4729081 -0.9608823 2.428244 0.4729309 -0.9508735 2.428244 0.4729309 -0.9508735 2.428244 0.4729081 -0.9608823 2.441147 -0.002741456 -0.9497029 2.441147 0.007258534 -0.9401366 2.441147 -0.002741456 0.9544066 2.441147 0.007258534 0.9445862 2.361033 2.957524 0.8426867 1.446033 0.4295188 -0.9595338 1.446033 0.429582 -0.9495236 1.522998 2.963813 -0.8484319 1.522998 2.959368 -0.8394074 1.522892 3.040089 -0.7541128 0.3610199 3.018367 -0.7792317 0.361147 2.93551 -0.8610833 0.361147 2.932165 -0.8512084 0.4317971 0.3424382 -0.9660684 0.4317971 0.3426825 -0.956051 0.4317971 0.3426825 -0.956051 0.4317971 0.3424382 -0.9660684 0.4411469 0.007258534 -0.9508802 0.4411469 -0.002741456 -0.9600402 0.4411469 -0.002741456 0.9548961 -0.8336735 1.642037 -0.8842507 -0.8508787 1.74031 -0.8767305 2.844944 2.154016 -0.8767247 2.849307 2.254493 -0.8708895 2.848557 2.154405 0.8600535 2.843896 2.253895 0.865397 -0.8583094 1.640333 0.8772042 -0.8630868 1.739813 0.8727359 -0.8644274 1.63883 -0.8625606 -0.8508787 1.74031 -0.8767305 -0.8336735 1.642037 -0.8842507 2.389473 1.89301 0.9075493 2.38149 1.883244 0.9083172 2.390541 1.84402 0.9381099 2.383107 1.800403 0.9146554 2.391465 1.790951 0.9153555 -0.5242541 2.125952 -0.9082118 -0.5371851 2.140187 -0.873738 -0.5258597 2.25083 -0.9000666 -0.519866 2.25513 -0.8663107 -0.3911089 2.253167 -0.9004097 -0.3855475 2.244156 -0.8675186 -0.3895033 2.128289 -0.9085535 -0.3952523 2.119641 -0.875599 -0.5242541 2.125952 -0.9082118 -0.5197811 2.118308 -0.875228 -0.5371851 2.140187 -0.873738 -0.5122348 2.140204 -0.9073263 -0.5200911 2.150079 -0.9066544 -0.5106753 2.192996 -0.9306826 -0.5173988 2.23296 -0.9012605 -0.508919 2.242311 -0.9006835 -0.5371851 2.140187 -0.873738 -0.5197811 2.118308 -0.875228 -0.3952523 2.119641 -0.875599 -0.519866 2.25513 -0.8663107 -0.3855475 2.244156 -0.8675186 0.3828113 1.517847 -0.9403807 0.368155 1.527269 -0.9049587 0.3677332 1.640496 -0.9205455 0.3729646 1.642164 -0.8864322 0.5014513 1.657153 -0.9182361 0.5076903 1.645684 -0.8862444 0.5165294 1.534505 -0.9380695 0.5114844 1.522187 -0.9061847 0.3828113 1.517847 -0.9403807 0.3878207 1.507606 -0.9081874 0.368155 1.527269 -0.9049587 0.3932223 1.533145 -0.9379405 0.3843455 1.54202 -0.9364842 0.3892841 1.587793 -0.956191 0.3780742 1.623821 -0.9232641 0.3854957 1.633922 -0.9216564 0.4910412 1.641856 -0.9206748 0.4999166 1.63298 -0.9221308 0.4948292 1.595726 -0.9552097 0.5061889 1.551179 -0.9353504 0.4987679 1.541078 -0.9369583 0.368155 1.527269 -0.9049587 0.3878207 1.507606 -0.9081874 0.5114844 1.522187 -0.9061847 0.3729646 1.642164 -0.8864322 0.5076903 1.645684 -0.8862444 2.8542 2.949196 -0.2107758 2.94131 0.2882433 -0.3807759 2.941309 0.2882433 -0.4807758 2.832951 2.982856 -0.3103742 2.816423 3.009036 -0.210062 2.755141 3.044779 -0.2107758 2.755141 3.044779 -0.3107757 -0.7548523 3.044779 -0.2107758 -0.7538826 3.039779 -0.3107757 -0.8318405 2.999797 -0.3107757 -0.8337567 2.995532 -0.2107758 -0.8318411 2.989797 0.4221492 -0.7548509 3.034779 0.4221492 -0.8318409 2.989797 0.3221493 -0.7538826 3.029779 0.3221493 2.75514 3.034779 0.4221492 2.774291 3.023611 0.3219518 2.840034 2.961639 0.4219122 2.8542 2.939197 0.3221493 2.94131 0.2882433 0.4721494 2.94131 0.2882433 0.5721493 -0.9251101 0.2968684 0.4716613 2.931091 0.2982433 0.4721494 2.94131 0.2882433 0.4721494 2.8542 2.939197 0.3221493 2.844263 2.936206 0.3221493 2.774291 3.023611 0.3219518 2.461147 3.020089 0.7555426 2.460958 3.007927 -0.796384 2.461147 3.030089 0.7582456 2.460958 2.972367 0.8332335 2.460958 2.96657 0.825069 2.528158 0.4761845 0.9511122 2.541147 -0.002741456 0.9544061 1.532892 0.007258534 0.9453115 1.532892 -0.002741456 0.9550905 1.532892 -0.002741456 -0.9545733 1.546499 0.4448779 0.9524168 1.546499 0.4447937 0.9424123 1.622892 2.942165 0.8456625 1.622892 2.94526 0.8555475 1.622998 3.029008 0.7759288 1.622998 3.019815 0.771842 1.623125 2.986077 -0.8342527 1.622892 3.040089 -0.7541133 0.5411468 0.007258534 0.9452189 0.5411468 -0.002741456 0.9548961 0.5411468 -0.002741456 -0.9600407 0.4609576 2.96657 0.8206182 0.4609576 2.972367 0.8287827 0.4611469 3.020089 0.7510918 0.4611469 3.030089 0.7537948 0.4609291 3.001694 -0.7916427 0.4609291 3.009996 -0.7973455 0.4611469 2.935509 -0.8610833 -0.5671077 0.007258534 0.9452189 -0.5671077 -0.002741456 0.9547008 -0.4771075 2.945259 0.8524164 -0.5671077 0.007258534 -0.9451826 -0.5671077 -0.002741456 -0.9543316 -0.5567141 0.3395236 -0.96623 -0.5567141 0.3397712 -0.9562126 -0.8336735 1.642037 -0.8842507 2.839991 2.154188 -0.868471 -0.832314 1.742037 -0.8792506 2.849307 2.254493 -0.8708895 2.852538 2.155938 0.8409804 2.843896 2.253895 0.865397 2.833004 2.253213 0.8636843 2.848557 2.154405 0.8600535 -0.8521793 1.640333 0.8701417 -0.8630868 1.739813 0.8727359 -0.8661255 1.738387 0.854561 -0.8644274 1.63883 -0.8625606 -0.8584813 1.738387 -0.8530836 -0.832314 1.742037 -0.8792506 -0.8336735 1.642037 -0.8842507 2.935884 0.6621851 -0.4577287 2.913863 0.7908931 -0.4486648 2.947433 0.7848035 -0.4541331 2.945196 0.7838487 -0.3193835 2.911739 0.7766137 -0.3146687 2.946165 0.6587068 -0.3207934 2.912894 0.6521119 -0.3273753 2.935884 0.6621851 -0.4577287 2.913743 1.425455 0.3929928 2.883649 1.552428 0.382744 2.917534 1.547685 0.3779286 2.915397 1.566983 0.5112944 2.882464 1.558473 0.5173745 2.924259 1.443373 0.5287771 2.891468 1.433798 0.5235924 2.913743 1.425455 0.3929928 2.511165 1.780167 0.9032918 2.506475 1.907328 0.8726181 2.51235 1.903335 0.9064325 2.37764 1.907403 0.9064802 2.372024 1.898091 0.8736823 2.374416 1.782657 0.9160362 2.380114 1.773562 0.8831936 2.511165 1.780167 0.9032918 1.594127 1.505335 0.9142109 1.596758 1.632407 0.8829287 1.602404 1.628244 0.9167619 1.468151 1.640063 0.91679 1.461999 1.630933 0.8840371 1.457751 1.515756 0.9269432 1.462908 1.506191 0.8941445 1.594127 1.505335 0.9142109 0.9644504 0.1065139 -0.9427366 0.6765361 0.1065139 -0.9427366 0.6765361 0.3175916 -0.9427361 0.9644504 0.3175916 -0.9427366 0.993567 0.3175916 -0.9306297 0.993567 0.1065139 -0.9306297 -0.5849762 0.3175916 -0.9427366 -0.5849762 0.1065139 -0.9427366 -0.8728905 0.1065139 -0.9427366 -0.8728905 0.3175916 -0.9427366 -0.9020071 0.3175916 -0.9306297 -0.9020071 0.1065139 -0.9306297 0.6765361 0.3175916 0.9427366 0.6765361 0.1065139 0.9427371 0.9644504 0.1065139 0.9427371 0.9644504 0.3175916 0.9427371 0.993567 0.3175916 0.93063 0.993567 0.1065139 0.93063 -0.8728905 0.1065139 0.9427369 -0.5849762 0.1065139 0.9427369 -0.5849762 0.3175916 0.9427364 -0.8728905 0.3175916 0.9427366 -0.9020071 0.3175916 0.93063 -0.9020071 0.1065139 0.93063 2.884141 0.1065138 -0.9427372 2.596227 0.1065138 -0.9427372 2.596227 0.3175915 -0.9427367 2.884141 0.3175915 -0.9427372 2.913258 0.3175915 -0.9306303 2.913258 0.1065139 -0.9306303 1.334715 0.3175915 -0.9427372 1.334715 0.1065138 -0.9427372 1.0468 0.1065138 -0.9427372 1.0468 0.3175915 -0.9427372 1.017684 0.3175915 -0.9306303 1.017684 0.1065139 -0.9306303 2.596227 0.3175915 0.942736 2.596227 0.1065138 0.9427365 2.884141 0.1065138 0.9427365 2.884141 0.3175915 0.9427365 2.913258 0.3175915 0.9306294 2.913258 0.1065139 0.9306294 1.0468 0.1065138 0.9427363 1.334715 0.1065138 0.9427363 1.334715 0.3175915 0.9427358 1.0468 0.3175915 0.942736 1.017684 0.3175915 0.9306294 1.017684 0.1065139 0.9306294 2.37764 1.907403 0.9064802 2.38149 1.883244 0.9083172 2.389473 1.89301 0.9075493 2.4953 1.895042 0.9071123 2.383107 1.800403 0.9146554 2.51235 1.903335 0.9064325 2.374416 1.782657 0.9160362 2.504467 1.844169 0.9109818 2.391465 1.790951 0.9153555 2.511165 1.780167 0.9032918 2.497293 1.792983 0.9149189 -0.5242541 2.125952 -0.9082118 -0.5200911 2.150079 -0.9066544 -0.5122348 2.140204 -0.9073263 -0.4064437 2.136808 -0.9079359 -0.5173988 2.23296 -0.9012605 -0.3895033 2.128289 -0.9085535 -0.5258597 2.25083 -0.9000666 -0.3966181 2.187599 -0.9046618 -0.508919 2.242311 -0.9006835 -0.3911089 2.253167 -0.9004097 -0.4031274 2.238915 -0.9012936 0.3828113 1.517847 -0.9403807 0.3843455 1.54202 -0.9364842 0.3932223 1.533145 -0.9379405 0.4987679 1.541078 -0.9369583 0.3780742 1.623821 -0.9232641 0.5165294 1.534505 -0.9380695 0.3677332 1.640496 -0.9205455 0.5061889 1.551179 -0.9353504 0.3854957 1.633922 -0.9216564 0.5014513 1.657153 -0.9182361 0.4999166 1.63298 -0.9221308 0.4910412 1.641856 -0.9206748 2.935884 0.6621851 -0.4577287 2.948091 0.6736454 -0.443185 2.946376 0.6676558 -0.3375208 2.947788 0.7252125 -0.4484532 2.946165 0.6587068 -0.3207934 2.947433 0.7848035 -0.4541331 2.945809 0.7182979 -0.3264733 2.947221 0.7758546 -0.4374053 2.945196 0.7838487 -0.3193835 2.945507 0.7698651 -0.3317411 2.913743 1.425455 0.3929928 2.925206 1.439721 0.4055198 2.9239 1.449685 0.5108894 2.92165 1.489778 0.392533 2.924259 1.443373 0.5287771 2.917534 1.547685 0.3779286 2.920143 1.501281 0.514173 2.917892 1.541373 0.3958166 2.915397 1.566983 0.5112944 2.916586 1.551338 0.5011861 1.594127 1.505335 0.9142109 1.581018 1.518984 0.9257764 1.47525 1.523051 0.9262227 1.591128 1.569652 0.9215943 1.457751 1.515756 0.9269432 1.602404 1.628244 0.9167619 1.469027 1.574348 0.9221101 1.584904 1.620949 0.9174813 1.468151 1.640063 0.91679 1.479136 1.625017 0.917928</float_array>
          <technique_common>
            <accessor source="#CmFillerObjectAM1_pCube35_polySurface2__CmFillerObjectA03C-position-array" count="3801" stride="3">
              <param name="X" type="float" />
              <param name="Y" type="float" />
              <param name="Z" type="float" />
            </accessor>
          </technique_common>
        </source>
        <source id="CmFillerObjectAM1_pCube35_polySurface2__CmFillerObjectA03C-normal">
          <float_array id="CmFillerObjectAM1_pCube35_polySurface2__CmFillerObjectA03C-normal-array" count="11403">0 1 0 0 1 0 0 1 0 0 1 0 0 0 1 0 0 1 0 0 1 0 0 1 0 0 -1 0 0 -1 0 0 -1 0 0 -1 -0.4148728 0 -0.9099804 -0.005870841 0 -1 -0.4148728 0 -0.9099804 -0.005870841 0 -1 0 1 0 0 1 0 0 1 0 0 1 0 0 0 -1 0 0 -1 0 0 -1 0 0 -1 0 0 1 0 0 1 0 0 1 0 0 1 0 0 -1 -0.04109589 0 -1 0 0 -1 -0.04109589 0 -1 -0.4148728 0 -0.9099804 -0.04109589 0 -1 -0.4148728 0 -0.9099804 -0.04109589 0 -1 -0.4148728 0 -0.9099804 -0.005870841 0 -1 -0.4148728 0 -0.9099804 -0.005870841 0 -1 0 1 0 0 1 0 0 1 0 0 1 0 0 0 -1 0 0 -1 0 0 -1 0 0 -1 0 0 1 0 0 1 0 0 1 0 0 1 0 0 -1 -0.04109589 0 -1 0 0 -1 -0.04109589 0 -1 -0.4148728 0 -0.9099804 -0.04109589 0 -1 -0.4148728 0 -0.9099804 -0.04109589 0 -1 -1 0 0 -1 0 0 -1 0 0 -1 0 0 0 0 1 0 0 1 0 0 1 0 0 1 -1 0 0 -1 0 0 -1 0 0 -1 0 0 1 0 0 1 0 0 1 0 0 1 0 0 0 0 1 0 0 1 0 0 1 0 0 1 0 0 -1 0 0 -1 0 0 -1 0 0 -1 1 0 0 1 0 0 1 0 0 1 0 0 0 0 1 0 0 1 0 0 1 0 0 1 -1 0 0 -1 0 0 -1 0 0 -1 0 0 0 0 -1 0 0 -1 0 0 -1 0 0 -1 0 0 -1 0 0 -1 0 0 -1 0 0 -1 0 0 1 0 0 1 0 0 1 0 0 1 -1 0 0 -1 0 0 -1 0 0 -1 0 0 1 0 0 1 0 0 1 0 0 1 0 0 1 0 0 1 0 0 1 0 0 1 0 0 0 0 -1 0 0 -1 0 0 -1 0 0 -1 0 1 0 0 1 0 0 1 0 0 1 0 0 0 1 0 0 1 0 0 1 0 0 1 0 0 -1 0 0 -1 0 0 -1 0 0 -1 -1 0 0 -1 0 0 -1 0 0 -1 0 0 0 0 1 0 0 1 0 0 1 0 0 1 -1 0 0 -1 0 0 -1 0 0 -1 0 0 1 0 0 1 0 0 1 0 0 1 0 0 0 0 1 0 0 1 0 0 1 0 0 1 0 0 -1 0 0 -1 0 0 -1 0 0 -1 1 0 0 1 0 0 1 0 0 1 0 0 0 0 1 0 0 1 0 0 1 0 0 1 -1 0 0 -1 0 0 -1 0 0 -1 0 0 0 0 -1 0 0 -1 0 0 -1 0 0 -1 0 0 -1 0 0 -1 0 0 -1 0 0 -1 0 0 1 0 0 1 0 0 1 0 0 1 -1 0 0 -1 0 0 -1 0 0 -1 0 0 1 0 0 1 0 0 1 0 0 1 0 0 1 0 0 1 0 0 1 0 0 1 0 0 0 0 -1 0 0 -1 0 0 -1 0 0 -1 0 -1 0 0 -1 0 0 -1 0 0 -1 0 0 -1 0 0 -1 0 0 -1 0 0 -1 0 0 -1 0 0 -1 0 0 -1 0 0 -1 0 0 -1 0 0 -1 0 0 -1 0 0 -1 0 0 1 0 0 1 0 0 1 0 0 1 0 0 1 0 0 1 0 0 1 0 0 1 0 0 0.009784736 1 0 0.009784736 1 0 -0.02935421 1 0 -0.03131115 1 0 -0.02544031 1 0 0.02348337 1 0 -0.02544031 1 0 0.02348337 1 0 1 0 0 1 0 0 1 0 0 1 0 0 1 0 0 1 0 0 1 0 0 1 0 0 -0.03522505 1 0 0.01565558 1 0 -0.0332681 1 0 0.01565558 1 0 0.0332681 1 0 0.0332681 1 0 -0.03131115 1 0 -0.0332681 1 -0.001956947 0.05675147 0.9980431 -0.001956947 0.05675147 0.9980431 -0.001956947 0.05675147 0.9980431 -0.001956947 0.05675147 0.9980431 0.001956947 -0.05675147 -0.9980431 0.001956947 -0.05675147 -0.9980431 0.001956947 -0.05675147 -0.9980431 0.001956947 -0.05675147 -0.9980431 0.02348337 -0.9980431 0.05675147 0.02348337 -0.9980431 0.05675147 0.02348337 -0.9980431 0.05675147 0.02348337 -0.9980431 0.05675147 1 0.02348337 0 1 0.02348337 0 1 0.02348337 0 1 0.02348337 0 -1 -0.02348337 0 -1 -0.02348337 0 -1 -0.02348337 0 -1 -0.02348337 0 0.007827789 0.09589041 0.9960861 0.007827789 0.09589041 0.9960861 0.007827789 0.09589041 0.9960861 0.007827789 0.09589041 0.9960861 -0.007827789 -0.09589041 -0.9960861 -0.007827789 -0.09589041 -0.9960861 -0.007827789 -0.09589041 -0.9960861 -0.007827789 -0.09589041 -0.9960861 -0.08414873 -0.9921722 0.09589041 -0.08414873 -0.9921722 0.09589041 -0.08414873 -0.9921722 0.09589041 -0.08414873 -0.9921722 0.09589041 0.9960861 -0.08414873 0 0.9960861 -0.08414873 0 0.9960861 -0.08414873 0 0.9960861 -0.08414873 0 -0.9960861 0.08414873 0 -0.9960861 0.08414873 0 -0.9960861 0.08414873 0 -0.9960861 0.08414873 0 0.9921722 0.1252446 -0.01174168 0.9921722 0.1252446 -0.01174168 0.9921722 0.1252446 -0.01174168 0.9921722 0.1252446 -0.01174168 -0.9921722 -0.1252446 0.01174168 -0.9921722 -0.1252446 0.01174168 -0.9921722 -0.1252446 0.01174168 -0.9921722 -0.1252446 0.01174168 0.1272016 -0.9863014 0.09784736 0.1272016 -0.9863014 0.09784736 0.1272016 -0.9863014 0.09784736 0.1272016 -0.9863014 0.09784736 0 -0.09784736 -0.9960861 0 -0.09784736 -0.9960861 0 -0.09784736 -0.9960861 0 -0.09784736 -0.9960861 0 0.09784736 0.9960861 0 0.09784736 0.9960861 0 0.09784736 0.9960861 0 0.09784736 0.9960861 0.9980431 0.05675147 0.003913894 0.9980431 0.05675147 0.003913894 0.9980431 0.05675147 0.003913894 0.9980431 0.05675147 0.003913894 -0.9980431 -0.05675147 -0.003913894 -0.9980431 -0.05675147 -0.003913894 -0.9980431 -0.05675147 -0.003913894 -0.9980431 -0.05675147 -0.003913894 0.05675147 -0.9960861 -0.05870841 0.05675147 -0.9960861 -0.05870841 0.05675147 -0.9960861 -0.05870841 0.05675147 -0.9960861 -0.05870841 0 0.05870841 -0.9980431 0 0.05870841 -0.9980431 0 0.05870841 -0.9980431 0 0.05870841 -0.9980431 0 -0.05870841 0.9980431 0 -0.05870841 0.9980431 0 -0.05870841 0.9980431 0 -0.05870841 0.9980431 -0.001956947 0.1037182 -0.9941292 -0.001956947 0.1037182 -0.9941292 -0.001956947 0.1037182 -0.9941292 -0.001956947 0.1037182 -0.9941292 0.001956947 -0.1037182 0.9941292 0.001956947 -0.1037182 0.9941292 0.001956947 -0.1037182 0.9941292 0.001956947 -0.1037182 0.9941292 -0.02739726 -0.9941292 -0.1037182 -0.02739726 -0.9941292 -0.1037182 -0.02739726 -0.9941292 -0.1037182 -0.02739726 -0.9941292 -0.1037182 -1 0.02739726 0.003913894 -1 0.02739726 0.003913894 -1 0.02739726 0.003913894 -1 0.02739726 0.003913894 1 -0.02739726 -0.003913894 1 -0.02739726 -0.003913894 1 -0.02739726 -0.003913894 1 -0.02739726 -0.003913894 -0.007827789 0.1037182 -0.9941292 -0.007827789 0.1037182 -0.9941292 -0.007827789 0.1037182 -0.9941292 -0.007827789 0.1037182 -0.9941292 0.007827789 -0.1037182 0.9941292 0.007827789 -0.1037182 0.9941292 0.007827789 -0.1037182 0.9941292 0.007827789 -0.1037182 0.9941292 0.07436399 -0.9921722 -0.1037182 0.07436399 -0.9921722 -0.1037182 0.07436399 -0.9921722 -0.1037182 0.07436399 -0.9921722 -0.1037182 -0.9980431 -0.07632094 0 -0.9980431 -0.07632094 0 -0.9980431 -0.07632094 0 -0.9980431 -0.07632094 0 0.9980431 0.07632094 0 0.9980431 0.07632094 0 0.9980431 0.07632094 0 0.9980431 0.07632094 0 -0.4344423 -0.9001957 -0.009784736 -0.4892368 -0.8727984 -0.009784736 -0.4344423 -0.9001957 -0.009784736 -0.4892368 -0.8727984 -0.009784736 0 -1 0 0 -1 0 0 -1 0 0 -1 0 0 -1 0 0 -1 0 -1 -0.01956947 0 -1 -0.01956947 0 -1 0.02544031 0 -1 0.02739726 0 -1 0.03913894 0 -1 0.04109589 0 -0.6927593 0.7201566 0 -0.6927593 0.7201566 0 -0.01565558 1 0 -0.01565558 1 0 0 1 0 0 1 0 0.01956947 1 0 0.01956947 1 0 0.6947162 0.7201566 0 0.6947162 0.7201566 0 0.9980431 0.04892368 0 0.9980431 0.04696673 0 1 0.0332681 0 1 0.0332681 0 1 -0.001956947 0 1 -0.001956947 0 0 -1 0 0 -1 0 0 -1 0 0 -1 0 0 -1 0 0 -1 0 0 1 0 0 1 0 0 1 0 0 1 0 0 1 0 0 1 0 0 1 0 0 1 0 0 1 0 0 1 0 0 1 0 0 1 0 0.01369863 -1 0 0.01369863 -1 0 0 -1 0 0 -1 0 -0.01761252 -1 0 -0.01761252 -1 0 -0.6947162 -0.7201566 0 -0.6947162 -0.7201566 0 -0.9980431 -0.04892368 0 -0.9980431 -0.04696673 0 -1 -0.0332681 0 -1 -0.0332681 0 -1 0.001956947 0 -1 0.001956947 0 0.01369863 -1 0 0.01369863 -1 0 0 -1 0 0 -1 0 -0.01761252 -1 0 -0.01761252 -1 0 -0.6947162 -0.7201566 0 -0.6947162 -0.7201566 0 -0.9980431 -0.04696673 0 -0.9980431 -0.04696673 0 -1 -0.0332681 0 -1 -0.0332681 0 -1 0.001956947 0 -1 0.001956947 0 0 0 -1 0 0 -1 0 0 -1 0 0 -1 0 0 -1 0 0 -1 0.001956947 0.001956947 -1 0.001956947 0.001956947 -1 0.01956947 0.06262231 -0.9980431 0.01956947 0.06262231 -0.9980431 0.02152642 0.06457926 -0.9980431 0.02544031 0.06457926 -0.9980431 0.003913894 0.003913894 -1 0.003913894 0.003913894 -1 0 0 -1 0 0 -1 -0.003913894 0.003913894 -1 -0.003913894 0.003913894 -1 -0.02739726 0.06457926 -0.9980431 -0.02348337 0.06457926 -0.9980431 -0.02152642 0.06262231 -0.9980431 -0.02152642 0.06262231 -0.9980431 0 0 -1 0 0 -1 0 0 -1 0 0 -1 0 0 -1 0 0 -1 0 0 -1 0 0 -1 0 0 -1 0 0 -1 -0.001956947 -0.001956947 -1 -0.001956947 -0.001956947 -1 -0.01761252 -0.05675147 -0.9980431 -0.01761252 -0.05675147 -0.9980431 -0.01956947 -0.05675147 -0.9980431 -0.02348337 -0.05675147 -0.9980431 -0.003913894 -0.003913894 -1 -0.003913894 -0.003913894 -1 0 0 -1 0 0 -1 0.003913894 -0.003913894 -1 0.003913894 -0.003913894 -1 0.02544031 -0.05675147 -0.9980431 0.02152642 -0.05675147 -0.9980431 0.01956947 -0.05479452 -0.9980431 0.01956947 -0.05479452 -0.9980431 0 0 -1 0 0 -1 0 0 -1 0 0 -1 0 -1 0 0 -1 0 0 -1 0 0 -1 0 0 -1 0 0 -1 0 0 -1 0 0 -1 0 0 -1 0 0 -1 0 0 -1 0 0 -1 0 0 1 0 0 1 0 0 1 0 0 1 0 0 1 0 0 1 0 0 1 0 0 1 0 0 1 0 0 1 0 0 1 0 0 1 0 -0.9099804 0 -0.4168297 -0.9099804 0 -0.4168297 -1 0 -0.005870841 -1 0 -0.005870841 -1 0 0.005870841 -1 0 0.005870841 -0.9158513 0 0.4011742 -0.9158513 0 0.4011742 0 -1 0 0 -1 0 0 -1 0 0 -1 0 0 -1 0 0 -1 0 0 -1 0 0 -1 0 0 -1 0 0 -1 0 0 -1 0 0 -1 0 0 1 0 0 1 0 0 1 0 0 1 0 0 1 0 0 1 0 0 1 0 0 1 0 0 1 0 0 1 0 0 1 0 0 1 0 -0.9099804 0 -0.4168297 -0.9099804 0 -0.4168297 -1 0 -0.005870841 -1 0 -0.005870841 -1 0 0.005870841 -1 0 0.005870841 -0.9158513 0 0.4011742 -0.9158513 0 0.4011742 0.9158513 0 -0.3992172 0.9158513 0 -0.3992172 1 0 -0.03913894 1 0 -0.03913894 1 0 0 1 0 0 -1 0 0 -1 0 0 -1 0 -0.03913894 -1 0 -0.03913894 -0.9158513 0 -0.4011742 -0.9158513 0 -0.4011742 1 0 0 1 0 0 1 0 0.03913894 1 0 0.03913894 0.9158513 0 0.4011742 0.9158513 0 0.4011742 -0.9158513 0 0.3992172 -0.9158513 0 0.3992172 -1 0 0.03913894 -1 0 0.03913894 -1 0 0 -1 0 0 0.9158513 0 -0.3992172 0.9158513 0 -0.3992172 1 0 -0.03913894 1 0 -0.03913894 1 0 0 1 0 0 -1 0 0 -1 0 0 -1 0 -0.03913894 -1 0 -0.03913894 -0.9158513 0 -0.4011742 -0.9158513 0 -0.4011742 1 0 0 1 0 0 1 0 0.03913894 1 0 0.03913894 0.9158513 0 0.4011742 0.9158513 0 0.4011742 -0.9158513 0 0.3992172 -0.9158513 0 0.3992172 -1 0 0.03913894 -1 0 0.03913894 -1 0 0 -1 0 0 0 -0.01174168 -1 0 -0.01174168 -1 0 0.02935421 -1 0 0.03131115 -1 0 0.03913894 -1 0 0.03913894 -1 0 0.07436399 -0.9980431 0 0.07632094 -0.9980431 0 0.7455969 -0.6653621 0 0.7455969 -0.6653621 0 1 -0.02348337 0 1 -0.02152642 0 1 0.02348337 0 1 0.02152642 0 0.7201566 0.6927593 0 0.7201566 0.6927593 0 0.05283757 0.9980431 0 0.05283757 0.9980431 0 0.0332681 1 0 0.0332681 1 0 0.005870841 1 0 0.005870841 1 0 -0.02544031 1 0 -0.02544031 1 0 -0.04109589 1 0 -0.04109589 1 0 -0.08414873 0.9960861 0 -0.08610567 0.9960861 0 -0.7455969 0.667319 0 -0.7455969 0.667319 0 -1 0.02152642 0 -1 0.02152642 0 -1 -0.02152642 0 -1 -0.02152642 0 -0.7201566 -0.6927593 0 -0.7201566 -0.6927593 0 -0.05088063 -0.9980431 0 -0.05088063 -0.9980431 0 -0.0332681 -1 0 -0.0332681 -1 0 -0.007827789 -1 0 -0.007827789 -1 0 -0.02935421 1 0 -0.03131115 1 0 -0.03913894 1 0 -0.03913894 1 0 -0.07240704 0.9980431 0 -0.07436399 0.9980431 0 -0.7475538 0.6634051 0 -0.7475538 0.6634051 0 -1 0.02152642 0 -1 0.02152642 0 -1 -0.02152642 0 -1 -0.02152642 0 -0.7201566 -0.6927593 0 -0.7201566 -0.6927593 0 -0.05283757 -0.9980431 0 -0.05088063 -0.9980431 0 -0.0332681 -1 0 -0.0332681 -1 0 -0.005870841 -1 0 -0.005870841 -1 0 -0.03522505 1 0 -0.0332681 1 0 -0.05675147 0.9980431 0 -0.05675147 0.9980431 0 -0.7495108 0.6614481 0 -0.7495108 0.6614481 0 -1 0.01565558 0 -1 0.01565558 0 -1 -0.02152642 0 -1 -0.02152642 0 -0.7201566 -0.6927593 0 -0.7201566 -0.6927593 0 -0.05283757 -0.9980431 0 -0.05283757 -0.9980431 0 -0.03522505 -1 0 -0.03522505 -1 0 -0.007827789 -1 0 -0.007827789 -1 0 0 -1 0 0 -1 0 -0.03522505 -1 0 -0.03522505 -1 0 -0.05283757 -0.9980431 0 -0.05283757 -0.9980431 0 -0.7201566 -0.6927593 0 -0.7201566 -0.6927593 0 -1 -0.02152642 0 -1 -0.02152642 0 -1 0.02152642 0 -1 0.02152642 0 -0.7455969 0.667319 0 -0.7455969 0.667319 0 -0.05283757 0.9980431 0 -0.05283757 0.9980431 0 -0.03131115 1 0 -0.0332681 1 -1 -0.02739726 0 -1 -0.02739726 0 -1 -0.005870841 0.001956947 -1 -0.005870841 0.001956947 -1 -0.005870841 -0.001956947 -1 -0.005870841 -0.001956947 -1 -0.02739726 0 -1 -0.02739726 0 -1 -0.02739726 0.003913894 -1 -0.02739726 0.003913894 -1 0 0 -1 0 0 -1 0 0 -1 0 0 -1 0 0 -1 0 0 -1 0 0 -1 0 0 -1 -0.02544031 -0.005870841 -1 -0.02544031 -0.005870841 -1 -0.02739726 -0.003913894 -1 -0.02739726 -0.003913894 -1 -0.02739726 0 -1 -0.02739726 0 -1 0.03131115 0 -1 0.03131115 0 -1 0.03131115 0.003913894 -1 0.03131115 0.003913894 -1 0.02739726 0.007827789 -1 0.02739726 0.007827789 -1 0 0 -1 0 0 -1 0 0 -1 0 0 -1 0 0 -1 0 0 -1 0 0 -1 0 0 -1 0.02935421 -0.003913894 -1 0.02935421 -0.003913894 -1 0.03131115 -0.001956947 -1 0.03131115 0 -1 0.005870841 0.001956947 -1 0.005870841 0.001956947 -1 0.005870841 -0.001956947 -1 0.005870841 -0.001956947 -1 0.03131115 0 -1 0.03131115 0 1 0.02739726 0.001956947 1 0.02739726 0.001956947 1 0.02739726 0.003913894 1 0.02739726 0.003913894 1 0 0 1 0 0 1 0 0 1 0 0 1 0 0 1 0 0 1 0 0 1 0 0 1 0.02739726 -0.003913894 1 0.02739726 -0.003913894 1 0.02739726 0 1 0.02739726 0 1 0.005870841 0.001956947 1 0.005870841 0.001956947 1 0.003913894 -0.001956947 1 0.003913894 -0.001956947 1 0.02739726 0.001956947 1 0.02739726 0.001956947 1 -0.02935421 -0.001956947 1 -0.02935421 -0.001956947 1 -0.02739726 -0.003913894 1 -0.02739726 -0.003913894 1 0 0 1 0 0 1 0 -0.003913894 1 0 -0.003913894 1 0 -0.003913894 1 0 -0.003913894 1 0 0 1 0 0 1 -0.02935421 0.003913894 1 -0.02935421 0.003913894 1 -0.03131115 0.001956947 1 -0.03131115 0.001956947 1 -0.005870841 -0.001956947 1 -0.003913894 -0.001956947 1 -0.003913894 0.001956947 1 -0.003913894 0.001956947 1 -0.02935421 -0.001956947 1 -0.02935421 -0.001956947 -0.003913894 0 -1 -0.001956947 0 -1 0.001956947 0 -1 0.003913894 0 -1 0.6986302 0 -0.7162427 0.7142857 0 -0.6986302 1 0 -0.007827789 1 0 -0.007827789 1 0 0.009784736 1 0 0.009784736 0.7103718 0 0.704501 0.6927593 0 0.7221135 0.005870841 0 1 0.005870841 0 1 0 0 1 0 0 1 -0.6986302 0 0.7162427 -0.7142857 0 0.6986302 -1 0 0.003913894 -1 0 0.001956947 -1 0 -0.01174168 -1 0 -0.01174168 -0.7142857 0 -0.6986302 -0.6986302 0 -0.7162427 -0.003913894 0 -1 -0.001956947 0 -1 0.003913894 0 1 0.001956947 0 1 0.6966732 0 0.7181996 0.7181996 0 0.6966732 1 0 0.009784736 1 0 0.009784736 1 0 -0.001956947 1 0 -0.001956947 0.7181996 0 -0.6966732 0.6966732 0 -0.7181996 0 0 -1 -0.001956947 0 -1 -0.005870841 0 -1 -0.005870841 0 -1 -0.6966732 0 -0.7181996 -0.7181996 0 -0.6966732 -1 0 -0.007827789 -1 0 -0.007827789 -1 0 0.005870841 -1 0 0.005870841 -0.7181996 0 0.6966732 -0.6966732 0 0.7181996 -0.003913894 0 1 -0.001956947 0 1 0.001956947 0 1 0.003913894 0 1 0.1369863 -0.9902152 0 0.1369863 -0.9902152 0 0.1369863 -0.9902152 0 0.1369863 -0.9902152 0 0.06066536 -0.9960861 0.05283757 0.06066536 -0.9960861 0.05283757 0 -1 0 0 -1 0 0 -1 0 0 -1 0 0.05870841 -0.9960861 -0.05479452 0.05870841 -0.9960861 -0.05479452 0.1369863 -0.9902152 0.001956947 0.1369863 -0.9902152 0.001956947 0.1369863 -0.9902152 0.001956947 0.1369863 -0.9902152 0.001956947 0.06066536 -0.9960861 0.05283757 0.06066536 -0.9960861 0.05283757 0 -1 0 0 -1 0 0 -1 0 0 -1 0 0.06066536 -0.9960861 -0.05283757 0.06066536 -0.9960861 -0.05283757 0.1369863 -0.9902152 0 0.1369863 -0.9902152 0 0.01761252 -0.09197652 -0.9960861 0.01761252 -0.09197652 -0.9960861 0.01565558 0.2035225 -0.9784736 0.01565558 0.2035225 -0.9784736 -0.005870841 0.9960861 -0.09589041 -0.005870841 0.9960861 -0.09589041 -0.01174168 0.9784736 0.2093934 -0.01174168 0.9784736 0.2093934 -0.01761252 0.09197652 0.9960861 -0.01761252 0.09197652 0.9960861 -0.01565558 -0.2035225 0.9784736 -0.01565558 -0.2035225 0.9784736 0.005870841 -0.9960861 0.09589041 0.005870841 -0.9960861 0.09589041 0.01174168 -0.9784736 -0.2093934 0.01174168 -0.9784736 -0.2093934 0.01761252 -0.09197652 -0.9960861 0.01761252 -0.09197652 -0.9960861 0.890411 -0.4559687 0.01174168 0.890411 -0.4540117 -0.03522505 0.9980431 0.005870841 0.05675147 1 0.009784736 -0.02348337 0.8825831 0.4677104 0.06457926 0.8825831 0.4696673 0.01761252 0.02348337 -0.2407045 -0.9706458 0.02348337 -0.2407045 -0.9706458 0.001956947 0.05283757 -0.9980431 0.001956947 0.05283757 -0.9980431 -0.06849315 0.9667319 -0.2465753 -0.06849315 0.9667319 -0.2465753 -0.07240704 0.9960861 0.05870841 -0.07240704 0.9960861 0.05870841 -0.02348337 0.2407045 0.9706458 -0.02348337 0.2407045 0.9706458 -0.001956947 -0.05283757 0.9980431 -0.001956947 -0.05283757 0.9980431 0.06849315 -0.9667319 0.2465753 0.06849315 -0.9667319 0.2465753 0.07240704 -0.9960861 -0.05870841 0.07240704 -0.9960861 -0.05870841 0.02348337 -0.2407045 -0.9706458 0.02348337 -0.2407045 -0.9706458 0.9178082 -0.3933464 0.07240704 0.9178082 -0.3972603 0.02544031 0.9960861 0.07632094 0.04500978 0.9980431 0.06849315 -0.0332681 0.851272 0.5244619 -0.01565558 0.851272 0.5205479 -0.06262231 0.9921722 -0.1291585 0.007827789 0.9921722 -0.1291585 0.007827789 0.9863014 0.1663405 -0.01565558 0.9863014 0.1663405 -0.01565558 0.1330724 0.9882583 -0.07632094 0.1330724 0.9882583 -0.07632094 -0.1722113 0.9823875 -0.07436399 -0.1722113 0.9823875 -0.07436399 -0.9921722 0.1291585 -0.007827789 -0.9921722 0.1291585 -0.007827789 -0.9863014 -0.1663405 0.01565558 -0.9863014 -0.1663405 0.01565558 -0.1330724 -0.9882583 0.07632094 -0.1330724 -0.9882583 0.07632094 0.1722113 -0.9823875 0.07436399 0.1722113 -0.9823875 0.07436399 0.9921722 -0.1291585 0.007827789 0.9921722 -0.1291585 0.007827789 -0.01174168 -0.3933464 0.9197652 0.03522505 -0.3933464 0.9197652 -0.037182 0.07632094 0.9960861 0.04305284 0.07632094 0.9960861 -0.03131115 0.5283757 0.849315 0.01761252 0.5283757 0.849315 -0.9941292 -0.1154599 -0.003913894 -0.9941292 -0.1154599 -0.003913894 -0.9843444 0.1800391 0.01565558 -0.9843444 0.1800391 0.01565558 -0.1213307 0.9902152 0.06457926 -0.1213307 0.9902152 0.06457926 0.183953 0.9804305 0.06262231 0.183953 0.9804305 0.06262231 0.9941292 0.1154599 0.003913894 0.9941292 0.1154599 0.003913894 0.9843444 -0.1800391 -0.01565558 0.9843444 -0.1800391 -0.01565558 0.1213307 -0.9902152 -0.06457926 0.1213307 -0.9902152 -0.06457926 -0.183953 -0.9804305 -0.06262231 -0.183953 -0.9804305 -0.06262231 -0.9941292 -0.1154599 -0.003913894 -0.9941292 -0.1154599 -0.003913894 0.005870841 -0.4031311 -0.9138943 -0.04109589 -0.4031311 -0.9138943 0.03522505 0.06457926 -0.9980431 -0.04305284 0.0665362 -0.9960861 0.03522505 0.518591 -0.8551859 -0.01174168 0.518591 -0.8551859 -0.9745597 -0.2191781 -0.0332681 -0.9745597 -0.2191781 -0.0332681 -0.9980431 0.07240704 0.01369863 -0.9980431 0.07240704 0.01369863 -0.2270059 0.960861 0.1565558 -0.2270059 0.960861 0.1565558 0.07827789 0.9843444 0.1585127 0.07827789 0.9843444 0.1585127 0.9745597 0.2191781 0.0332681 0.9745597 0.2191781 0.0332681 0.9980431 -0.07240704 -0.01369863 0.9980431 -0.07240704 -0.01369863 0.2270059 -0.960861 -0.1565558 0.2270059 -0.960861 -0.1565558 -0.07827789 -0.9843444 -0.1585127 -0.07827789 -0.9843444 -0.1585127 -0.9745597 -0.2191781 -0.0332681 -0.9745597 -0.2191781 -0.0332681 0.05675147 -0.3111546 -0.9491194 0.007827789 -0.3150685 -0.9491194 0.037182 0.1624266 -0.9863014 -0.04305284 0.1565558 -0.9863014 -0.01369863 0.5988258 -0.8023483 -0.06066536 0.5949119 -0.8023483 0.9823875 -0.18591 0.007827789 0.9823875 -0.18591 0.007827789 0.9941292 0.109589 -0.01565558 0.9941292 0.109589 -0.01565558 0.1898239 0.9784736 -0.08023483 0.1898239 0.9784736 -0.08023483 -0.1154599 0.9902152 -0.08023483 -0.1154599 0.9902152 -0.08023483 -0.9823875 0.18591 -0.007827789 -0.9823875 0.18591 -0.007827789 -0.9941292 -0.109589 0.01565558 -0.9941292 -0.109589 0.01565558 -0.1898239 -0.9784736 0.08023483 -0.1898239 -0.9784736 0.08023483 0.1154599 -0.9902152 0.08023483 0.1154599 -0.9902152 0.08023483 0.9823875 -0.18591 0.007827789 0.9823875 -0.18591 0.007827789 -0.03522505 -0.3874756 0.9217221 0.01174168 -0.3894325 0.9217221 -0.0332681 0.08219178 0.9960861 0.04696673 0.07827789 0.9960861 0 0.5322896 0.8454012 0.04696673 0.5303327 0.8454012 1 -0.02544031 0 1 0.01956947 0 1 0.01956947 0 1 -0.02739726 0 1 -0.03913894 0 1 -0.03913894 0 0.6927593 -0.7201566 0 0.6927593 -0.7201566 0 0.01369863 -1 0 0.01369863 -1 0 0.6927593 -0.7201566 0 0.01369863 -1 0 0.01369863 -1 0 0.6927593 -0.7201566 0 1 -0.03913894 0 1 -0.03913894 0 1 -0.02544031 0 1 -0.02739726 0 1 0.01956947 0 1 0.01956947 0 0 0 1 0 0 1 0 0 1 0 0 1 0 0 1 0 0 1 -0.001956947 -0.001956947 1 -0.001956947 -0.001956947 1 -0.01956947 -0.06262231 0.9980431 -0.01956947 -0.06262231 0.9980431 -0.02152642 -0.06457926 0.9980431 -0.02544031 -0.06457926 0.9980431 -0.003913894 -0.003913894 1 -0.003913894 -0.003913894 1 0 0 1 0 0 1 0.003913894 -0.003913894 1 0.003913894 -0.003913894 1 0.02739726 -0.06457926 0.9980431 0.02348337 -0.06457926 0.9980431 0.02152642 -0.06262231 0.9980431 0.02152642 -0.06262231 0.9980431 0 0 1 0 0 1 0 0 1 0 0 1 0 0 1 0 0 1 0 0 1 0 0 1 0 0 1 0 0 1 0.001956947 0.001956947 1 0.001956947 0.001956947 1 0.01761252 0.05675147 0.9980431 0.01761252 0.05675147 0.9980431 0.01956947 0.05675147 0.9980431 0.02348337 0.05675147 0.9980431 0.003913894 0.003913894 1 0.003913894 0.003913894 1 0 0 1 0 0 1 -0.003913894 0.003913894 1 -0.003913894 0.003913894 1 -0.02544031 0.05675147 0.9980431 -0.02152642 0.05675147 0.9980431 -0.01956947 0.05479452 0.9980431 -0.01956947 0.05479452 0.9980431 0 0 1 0 0 1 0 0 1 0 0 1 1 0.0332681 0 1 -0.001956947 0 1 -0.001956947 0 1 0.0332681 0 0.9980431 0.04696673 0 0.9980431 0.04892368 0 0.6947162 0.7201566 0 0.6947162 0.7201566 0 0.01956947 1 0 0.01956947 1 0 0 1 0 0 1 0 -0.01565558 1 0 -0.01565558 1 0 -0.6927593 0.7201566 0 -0.6927593 0.7201566 0 -1 0.04109589 0 -1 0.03913894 0 -1 0.02544031 0 -1 0.02739726 0 -1 -0.01956947 0 -1 -0.01956947 0 -1 0 0 -1 0 0 -1 0 0 -1 0 0 -1 0 0 -1 0 0 -1 0 0 -1 0 0 0 0 1 0.04109589 0 1 0 0 1 0.04109589 0 1 0.4148728 0 0.9099804 0.4148728 0 0.9099804 1 0 0 1 0 0 1 0 0 1 0 0 1 0 0 1 0 0 1 0 0 1 0 0 1 0 0 1 0 0 1 0 0 1 0 0 1 0 0 1 0 0 1 0 0 1 0 0 -1 0 0 -1 0 0 -1 0 0 -1 0 0 -1 0 0 -1 0 0 -1 0 0 -1 0 0 0 0 1 0.04109589 0 1 0 0 1 0.04109589 0 1 0.4148728 0 0.9099804 0.4148728 0 0.9099804 0 0.02348337 -1 0 -0.02348337 -1 0 -0.02348337 -1 0 0.02544031 -1 0 0.04109589 -1 0 0.04109589 -1 0 0.08610567 -0.9960861 0 0.08806262 -0.9960861 0 0.7436399 -0.6692759 0 0.7436399 -0.6692759 0 1 -0.02152642 0 1 -0.02152642 0 1 0.02152642 0 1 0.02348337 0 0.7201566 0.6927593 0 0.7201566 0.6927593 0 0.05283757 0.9980431 0 0.05283757 0.9980431 0 0.0332681 1 0 0.0332681 1 0 0.007827789 1 0 0.007827789 1 0 0.03522505 1 0 -0.001956947 1 0 -0.001956947 1 0 0.03522505 1 0 0.05283757 0.9980431 0 0.05283757 0.9980431 0 0.7201566 0.6927593 0 0.7201566 0.6927593 0 1 0.02348337 0 1 0.02152642 0 1 -0.02152642 0 1 -0.02348337 0 0.7436399 -0.6692759 0 0.7436399 -0.6692759 0 0.05479452 -0.9980431 0 0.05283757 -0.9980431 0 0.03131115 -1 0 0.0332681 -1 0 -0.03522505 -1 0 -0.03522505 -1 0 0.0332681 -1 0 -0.01761252 -1 0 -0.01761252 -1 0 0.0332681 -1 0 0.05675147 -0.9980431 0 0.05870841 -0.9980431 0 0.7495108 -0.6614481 0 0.7495108 -0.6614481 0 1 -0.01761252 0 1 -0.01761252 0 1 0.02348337 0 1 0.02348337 0 0.7201566 0.6927593 0 0.7201566 0.6927593 0 0.05479452 0.9980431 0 0.05479452 0.9980431 0 0.03522505 1 0 0.03522505 1 0 0.007827789 1 0 0.007827789 1 1 0.02739726 0 1 0.005870841 -0.001956947 1 0.02739726 0 1 0.005870841 -0.001956947 1 0.005870841 0.001956947 1 0.005870841 0.001956947 1 0.02739726 0 1 0.02739726 0 1 0.02739726 -0.003913894 1 0.02739726 -0.003913894 1 0 0 1 0 0 1 0 0 1 0 0 1 0 0 1 0 0 1 0 0 1 0 0 1 0.02544031 0.005870841 1 0.02544031 0.005870841 1 0.02739726 0.003913894 1 0.02739726 0.003913894 1 0.02739726 0 1 0.02739726 0 1 -0.03131115 0 1 -0.005870841 0.001956947 1 -0.03131115 0 1 -0.005870841 0.001956947 1 -0.005870841 -0.001956947 1 -0.005870841 -0.001956947 1 -0.03131115 0.001956947 1 -0.03131115 0.001956947 1 -0.02935421 0.003913894 1 -0.02935421 0.003913894 1 0 0 1 0 0 1 0 0 1 0 0 1 0 0 1 0 0 1 0 0 1 0 0 1 -0.02739726 -0.007827789 1 -0.02739726 -0.007827789 1 -0.03131115 -0.003913894 1 -0.03131115 -0.003913894 1 -0.03131115 0 1 -0.03131115 0 -1 -0.007827789 -0.01761252 -1 -0.007827789 -0.01761252 -1 -0.007827789 -0.01761252 -1 -0.007827789 -0.01761252 -1 -0.007827789 -0.01761252 -1 -0.007827789 -0.01761252 -1 -0.007827789 -0.01761252 -1 -0.007827789 -0.01761252 -0.9980431 -0.07240704 -0.005870841 -0.9980431 -0.07240704 -0.005870841 -0.9980431 -0.07240704 -0.005870841 -0.9980431 -0.07240704 -0.005870841 -0.9980431 -0.07240704 -0.005870841 -0.9980431 -0.07240704 -0.005870841 -0.9980431 -0.07240704 -0.005870841 -0.9980431 -0.07240704 -0.005870841 -0.001956947 -0.07632094 -0.9980431 -0.001956947 -0.07632094 -0.9980431 -0.001956947 -0.07632094 -0.9980431 -0.001956947 -0.07632094 -0.9980431 -0.001956947 -0.07632094 -0.9980431 -0.001956947 -0.07632094 -0.9980431 -0.001956947 -0.07632094 -0.9980431 -0.001956947 -0.07632094 -0.9980431 0.003913894 -0.06457926 0.9980431 0.003913894 -0.06457926 0.9980431 0.003913894 -0.06457926 0.9980431 0.003913894 -0.06457926 0.9980431 0.003913894 -0.06457926 0.9980431 0.003913894 -0.06457926 0.9980431 0.003913894 -0.06457926 0.9980431 0.003913894 -0.06457926 0.9980431 0.001956947 -0.1585127 0.9863014 0.001956947 -0.1585127 0.9863014 0.001956947 -0.1585127 0.9863014 0.001956947 -0.1585127 0.9863014 0.001956947 -0.1585127 0.9863014 0.001956947 -0.1585127 0.9863014 0.001956947 -0.1585127 0.9863014 0.001956947 -0.1585127 0.9863014 -0.007827789 -0.08023483 -0.9960861 -0.007827789 -0.08023483 -0.9960861 -0.007827789 -0.08023483 -0.9960861 -0.007827789 -0.08023483 -0.9960861 -0.007827789 -0.08023483 -0.9960861 -0.007827789 -0.08023483 -0.9960861 -0.007827789 -0.08023483 -0.9960861 -0.007827789 -0.08023483 -0.9960861 -0.08023483 -0.1076321 -0.9902152 -0.2759295 -0.2152642 -0.9373777 -0.2759295 -0.2152642 -0.9373777 -0.08023483 -0.1076321 -0.9902152 0.05870841 -0.06457926 -0.9960861 0.04892368 -0.05479452 -0.9980431 0.111546 -0.09784736 -0.9882583 0.1272016 -0.1056751 -0.9863014 0.9960861 0.05283757 -0.07436399 0.06849315 -0.0704501 -0.9960861 0.9902152 0.02935421 -0.1428571 0.06262231 -0.0665362 -0.9960861 0.04305284 -0.03522505 -0.9980431 0.9393346 0.01565558 -0.3424658 0.9041096 -0.04109589 -0.4266145 0.007827789 -0.005870841 -1 0.9980431 0.02544031 -0.06849315 0.8767123 0.4755382 -0.0704501 0.8708415 0.4892368 0.06066536 0.1193738 0.9921722 -0.05088063 0.1154599 0.9921722 0.05870841 0.9960861 0.02739726 0.07240704 0.9980431 -0.05088063 0.009784736 0.7925636 0.6105675 0.003913894 0.09197652 0.9960861 -0.001956947 0.1193738 0.9902152 -0.08023483 0.9980431 0.05088063 -0.01369863 0.8551859 0.5146771 -0.07436399 0.1174168 0.9863014 0.111546 0.9960861 -0.04892368 0.0704501 1 -0.005870841 0.01956947 0.9980431 -0.04696673 -0.001956947 0.9960861 0.02739726 -0.07827789 0.9980431 0.001956947 0.05479452 0.9980431 0.04500978 0.03131115 1 0.037182 0.009784736 1 0.01761252 0.005870841 1 0.02935421 0.02544031 1 0.02935421 0.005870841 0.9980431 0.04305284 0.0332681 1 0.001956947 -0.03131115 0.9921722 0.1193738 -0.005870841 0.9941292 0.09197652 -0.03522505 0.9980431 0.037182 0.02935421 0.9863014 0.1643836 -0.02152642 0.9804305 0.1878669 -0.07240704 0.9863014 0.1448141 0.08414873 1 0.037182 -0.001956947 0.9823875 0.183953 -0.01369863 0.9706458 0.2328767 -0.05088063 0.9960861 0.08414873 0.01174168 1 0.01565558 0.02348337 0.9804305 0.1722113 0.09001957 0.9921722 0.07436399 0.0998043 0.9882583 -0.111546 0.1076321 0.9941292 0.1017613 0.04109589 1 -0.037182 0.01174168 0.9784736 0.2015656 0.05283757 0.7534246 0.1506849 0.6399217 0.8121331 0.003913894 0.5851272 0.01761252 -0.03522505 1 0.9823875 0.1761252 0.05283757 0.5733855 0.3170255 0.7553816 0.03131115 0.1741683 0.9843444 0 -0.2054795 0.9784736 1 0.02739726 0.005870841 0.7455969 0.037182 0.6653621 0.7729941 0.02152642 0.6340509 0.04109589 0.2563601 0.9667319 -0.009784736 0.01956947 1 0.6849315 -0.009784736 0.7299413 -0.01956947 0.009784736 1 0.03522505 0.2465753 0.9686888 0.02739726 0.07827789 0.9960861 0 0.02739726 1 0.001956947 0.01761252 1 0 -0.2074364 0.9784736 0 0.2641879 0.964775 0 0.01369863 1 -0.001956947 -0.2035225 0.9784736 -0.02739726 -0.1291585 0.9921722 0.007827789 0.03522505 1 -0.01369863 0.009784736 1 -0.009784736 -0.01369863 1 0 0.2759295 0.960861 -0.01174168 0.037182 1 -0.01369863 0.007827789 1 0.037182 0.03913894 0.9980431 -0.009784736 0.2915851 0.9569471 -0.007827789 0.003913894 1 0 0.003913894 1 0 0.003913894 1 -0.01956947 0.2504892 0.9686888 -0.005870841 0.02544031 1 0.005870841 -0.01956947 1 0.001956947 -0.1076321 0.9941292 -0.003913894 0.1917808 0.9804305 -0.003913894 0.1780822 0.9843444 -0.001956947 -0.0998043 0.9941292 -0.01565558 0.1702544 0.9843444 -0.01174168 0.2172211 0.9765166 0.005870841 0.1663405 0.9863014 0.005870841 0.03913894 1 0.02739726 0.03913894 0.9980431 -0.01174168 0.037182 1 0.003913894 0.02348337 1 0.03522505 0.02348337 1 0.01761252 0.0332681 1 0.02935421 0.01761252 1 0.01565558 0.03131115 1 -0.02935421 0.007827789 1 0.02348337 0.2054795 0.9784736 0.01369863 0.009784736 1 -0.009784736 0.01565558 1 0.02348337 -0.005870841 1 0.007827789 0.005870841 1 -0.04109589 0.007827789 1 0.03131115 -0.01174168 1 0.02935421 0 1 -0.0704501 -0.01174168 0.9980431 -0.04109589 -0.01369863 0.9980431 0.04500978 0.037182 0.9980431 -0.05088063 0.037182 0.9980431 0.003913894 0 1 -0.02348337 0.0704501 0.9980431 -0.037182 0.4677104 0.8825831 0.04109589 0.4677104 0.8825831 0.01565558 0.06849315 0.9980431 0.003913894 0.009784736 1 0.04892368 -0.009784736 0.9980431 0.037182 -0.003913894 1 0 0 1 0.001956947 -0.01369863 1 0.06066536 0.03913894 0.9980431 0 0.02935421 1 -0.05479452 -0.009784736 0.9980431 -0.03131115 0.005870841 1 -0.01174168 0.03131115 1 0.05479452 0.001956947 0.9980431 0 0.03913894 1 0.003913894 0.001956947 1 0.01761252 0.04109589 0.9980431 0.037182 -0.03522505 0.9980431 0.03522505 -0.007827789 1 -0.02348337 -0.02544031 1 -0.01369863 0.04305284 0.9980431 -0.007827789 0.0332681 1 -0.02348337 0.001956947 1 0.01369863 0.2015656 0.9784736 -0.005870841 0.04892368 0.9980431 0.007827789 0.1330724 0.9902152 0.003913894 -0.1017613 0.9941292 0.02935421 0.0998043 0.9941292 0.003913894 -0.03522505 1 0.01174168 -0.1624266 0.9863014 0.01956947 0.18591 0.9823875 -0.01761252 0.005870841 1 -0.01956947 -0.1409002 0.9902152 -0.7358121 -0.332681 0.5890411 -0.0332681 0.0998043 0.9941292 -0.02348337 0.1780822 0.9843444 -0.8199608 0.1272016 0.5596869 -0.702544 0.295499 0.6477495 -0.9941292 0.1154599 0.005870841 -0.9217221 -0.3894325 -0.003913894 -0.8454012 -0.5322896 0 -0.8199608 -0.1409002 0.553816 -0.9921722 0.1154599 0.02348337 -1 -0.02348337 0.01956947 -0.9980431 0.03131115 0.05870841 -0.9960861 -0.09197652 -0.001956947 -0.8277887 -0.5616438 0.005870841 -0.9980431 0.05088063 0.003913894 -0.9941292 -0.1076321 0 -0.8121331 -0.5831702 0.005870841 -0.8062623 -0.5909981 -0.01369863 -0.9980431 0.06066536 -0.007827789 -0.9960861 -0.08610567 0.009784736 -0.8414873 -0.5401174 0.001956947 -1 0.0332681 -0.01565558 -0.9960861 0.08610567 -0.02152642 -0.9980431 0.04696673 -0.01761252 -0.4305284 0.01761252 -0.9021527 -1 0.0332681 0.01369863 -0.6634051 0.3150685 -0.6790606 -1 0.0332681 -0.001956947 -0.07827789 0.2309198 -0.9686888 -0.04696673 0.0704501 -0.9960861 -0.7925636 0.2093934 -0.5733855 -0.0704501 0.09589041 -0.9921722 -0.0332681 -0.07436399 -0.9960861 -0.9941292 0.09589041 -0.04696673 -0.003913894 -0.005870841 -1 0 -0.1722113 -0.9843444 -0.1448141 0.06066536 -0.9882583 -0.08610567 0.1017613 -0.9902152 0 0.003913894 -1 0 -0.1819961 -0.9823875 0 -0.1819961 -0.9843444 -0.005870841 0.04892368 -0.9980431 0 0.003913894 -1 0.005870841 0.04892368 -0.9980431 -0.001956947 -0.003913894 -1 0.003913894 -0.1330724 -0.9902152 0.001956947 -0.1076321 -0.9941292 -0.03522505 0.04500978 -0.9980431 -0.01174168 0.04892368 -0.9980431 -0.02935421 0.01761252 -1 -0.005870841 0.05283757 -0.9980431 -0.01956947 0.05870841 -0.9980431 -0.8610567 0.01761252 -0.5068493 -0.01761252 0.037182 -1 -0.8180039 0.05088063 -0.5714286 -1 0.02544031 -0.01761252 -1 0.037182 -0.001956947 -0.9980431 0.05870841 -0.01174168 -0.9980431 0.06849315 -0.02152642 -0.9960861 0.08806262 0.02739726 -0.9980431 0.06849315 0.01565558 -0.8277887 0 -0.5596869 -1 -0.001956947 0.04305284 -0.9980431 0.003913894 -0.04500978 -1 0.005870841 0 -1 0.001956947 0.037182 -0.9960861 -0.03522505 -0.0704501 -1 -0.02152642 -0.02348337 -0.9980431 -0.03131115 0.06457926 -0.9960861 0.01369863 -0.09001957 -0.8669276 -0.037182 -0.4970646 -0.9980431 0.02935421 0.05088063 0.05675147 0.001956947 -0.9980431 -0.8336595 0.01174168 -0.5499021 -0.01369863 0.01174168 -1 0.06262231 -0.003913894 -0.9980431 -0.003913894 0 -1 -0.02348337 0.003913894 -1 -0.04109589 -0.009784736 -1 0.003913894 0.03522505 -1 -0.04305284 0.03131115 -0.9980431 0.02935421 -0.007827789 -1 0.009784736 0.04696673 -0.9980431 0.02739726 -0.001956947 -1 -0.01369863 0.05283757 -0.9980431 -0.009784736 0.009784736 -1 -0.01761252 0.04500978 -0.9980431 -0.01565558 0.04696673 -0.9980431 -0.001956947 0.005870841 -1 -0.003913894 0.04500978 -0.9980431 0 0.003913894 -1 0 -0.09589041 -0.9960861 -0.003913894 0.04305284 -1 0.009784736 0.01174168 -1 -0.009784736 -0.1154599 -0.9941292 0.009784736 0.04500978 -0.9980431 -0.003913894 0.04696673 -0.9980431 0.003913894 0.02739726 -1 -0.003913894 -0.1702544 -0.9863014 -0.001956947 0.04109589 -1 0.007827789 0.02935421 -1 0 -0.1819961 -0.9843444 0.01956947 0.03913894 -0.9980431 -0.005870841 0.1076321 -0.9941292 0 -0.183953 -0.9823875 0.02544031 0.2191781 -0.9745597 0.01565558 0.2289628 -0.9726027 0.01761252 -0.037182 -1 0.8082192 -0.06849315 -0.5851272 0.8590998 0.2446184 -0.4520548 0.9960861 -0.09393346 -0.001956947 0.03131115 0.221135 -0.9745597 0.8101761 0.369863 -0.4559687 0.964775 0.2641879 -0.007827789 -0.009784736 0.2015656 -0.9804305 0.81409 0.1389433 -0.5655577 0.02739726 0.1937378 -0.9804305 0.08610567 0.03522505 -0.9960861 0.9882583 0.1565558 -0.01761252 0.8101761 0.04500978 -0.5831702 0.9921722 0.109589 -0.04109589 0 0.02152642 -1 1 0.03522505 0.003913894 0.8356164 0.02935421 -0.5479452 -0.001956947 0.009784736 -1 0.9941292 0.08023483 0.06066536 1 0.03522505 0.01174168 0.9921722 0.1154599 0.05675147 0.9980431 0.04696673 0.04696673 0.9921722 0.0665362 0.1017613 0.9960861 0.05283757 -0.07436399 0.9863014 0.1291585 0.09589041 0.9902152 0.02935421 -0.1428571 0.960861 0.2759295 0.03913894 0.9549902 0.2915851 0.04500978 1 0.01761252 0.01174168 0.9941292 0.1017613 0.005870841 0.9980431 0.04109589 0.04696673 0.9393346 0.01565558 -0.3424658 0.9980431 0.001956947 0.04500978 0.9980431 0.02348337 0.05675147 0.9960861 -0.04500978 0.0665362 0.9041096 -0.04109589 -0.4266145 0.9980431 0.02544031 -0.06849315 0.8219178 -0.01174168 -0.5694716 0.9960861 -0.05479452 0.0665362 0.9921722 0.04500978 0.1135029 0.8767123 0.4755382 -0.0704501 0.8101761 -0.05479452 -0.5851272 0.7475538 0.6634051 -0.01956947 0.1193738 0.9921722 -0.05088063 0.06457926 0.9980431 -0.001956947 0.1154599 0.9921722 0.04500978 0.7749511 0.630137 0.0665362 0.1232877 0.9882583 -0.07827789 0.9980431 0.02739726 0.06457926 0.6360078 0.6497065 -0.4187867 0.8219178 0.02348337 -0.5694716 -0.08610567 0.6360078 -0.7671233 -0.08023483 0.9941292 -0.07827789 -0.06262231 0.05283757 -0.9960861 -0.06849315 -0.009784736 -0.9980431 0.003913894 0.667319 -0.7436399 0 0.9980431 -0.05870841 0.04109589 0.9960861 -0.07240704 -0.02348337 0.05675147 -0.9980431 0.04892368 0.5636008 -0.8258317 -0.04305284 0.5616438 -0.8258317 -0.02935421 0.9960861 -0.07240704 0.04109589 0.03913894 -0.9980431 0.02544031 0 -1 -0.03913894 0.009784736 -1 0.0332681 -0.01174168 -1 0.04305284 0.03131115 -0.9980431 0.01761252 0.007827789 -1 0.03522505 0.0332681 -0.9980431 0.01761252 -0.005870841 -1 -0.007827789 0.037182 -1 -0.02348337 0.007827789 -1 -0.04305284 -0.01369863 -0.9980431 -0.04696673 0.03913894 -0.9980431 0 -0.003913894 -1 -0.005870841 0.06457926 -0.9980431 0 0.6594912 -0.7514677 0.001956947 0.9980431 -0.05479452 0.01369863 0.9980431 -0.06849315 0.02544031 0.5107632 -0.8590998 0 0.9980431 -0.06457926 0.0665362 0.03522505 -0.9980431 0 0.5088063 -0.8610567 0.05088063 -0.009784736 -0.9980431 -0.03131115 0.5146771 -0.8571429 -0.02739726 0.9980431 -0.0665362 0 0.03131115 -1 -0.003913894 0.6927593 -0.7201566 0 0.9980431 -0.05870841 0.04109589 0.9960861 -0.07240704 -0.06066536 0.0332681 -0.9980431 0.06066536 0.704501 -0.7064579 -0.05479452 -0.009784736 -0.9980431 -0.05479452 0.704501 -0.7084149 -0.02935421 0.9960861 -0.07240704 0.02935421 0.04305284 -0.9980431 0.03522505 0.03131115 -0.9980431 0.04892368 -0.001956947 -0.9980431 0.001956947 0.7181996 -0.6966732 0.001956947 0.9980431 -0.05479452 0.06262231 0.9941292 -0.08023483 -0.02739726 0.005870841 -1 0.05283757 0.5518591 -0.8317025 -0.1291585 0.9882583 -0.07827789 0.07240704 0.03913894 -0.9960861 -0.7142857 0.5342466 -0.4520548 -0.9980431 0.01956947 0.0665362 -0.8375734 0.5440313 0.04696673 -0.1213307 0.9921722 0.04500978 -0.7495108 0.6614481 -0.01761252 -0.08610567 0.9960861 0.001956947 -0.1213307 0.9921722 -0.04892368 -0.8571429 0.5107632 -0.07240704 -0.853229 0.516634 0.0704501 -0.1193738 0.9902152 0.06066536 -0.9980431 0.01369863 0.07240704 -0.7612525 0.6497065 0.009784736 -0.09589041 0.9960861 -0.001956947 -0.1232877 0.9882583 -0.08023483 -1 0.02544031 -0.02935421 -0.9980431 -0.03522505 0.05870841 -0.7847358 0.6125244 -0.08414873 -0.1232877 0.9863014 0.109589 -0.9980431 0.01956947 -0.0704501 -0.5831702 0.6183953 0.5264188 -1 -0.02348337 0.01565558 -0.9980431 -0.02935421 -0.06849315 -1 0.005870841 0 -0.9980431 0.003913894 -0.04892368 -0.9960861 0.08414873 -0.01761252 -0.9980431 0.06457926 0.003913894 -1 0.01956947 0.009784736 -0.7201566 0.001956947 0.6927593 -0.7240704 0.06262231 0.6868885 -0.7318982 0.05088063 0.6790606 0 0.03913894 1 0.009784736 0.04500978 0.9980431 0.005870841 0.05283757 0.9980431 0.05479452 -0.001956947 0.9980431 -0.7710372 -0.03522505 0.6360078 -0.01956947 0.001956947 1 -0.7475538 0.01369863 0.6634051 0.06262231 -0.003913894 0.9980431 0.0704501 0.03522505 0.9960861 0.07436399 0.6086106 0.7906067 0.04305284 0.04892368 0.9980431 0.0665362 0.9921722 0.1135029 -0.1232877 0.9882583 -0.08023483 -0.007827789 0.6340509 0.7729941 0.06262231 0.9941292 -0.07632094 -0.09589041 0.9960861 -0.001956947 0.001956947 0.9960861 0.08219178 -0.037182 0.4677104 0.8825831 -0.03131115 0.9941292 0.1056751 0 0.9960861 -0.08414873 -0.02739726 0.9960861 -0.08023483 0.04109589 0.9941292 0.1037182 -0.05870841 0.03522505 0.9980431 0.04109589 0.4677104 0.8825831 -0.04696673 -0.01174168 0.9980431 0.05088063 0.037182 0.9980431 -0.001956947 0.05675147 0.9980431 0.001956947 0.5890411 0.8082192 -0.05675147 0.037182 0.9980431 -0.03522505 0.5068493 0.8610567 0 0.4774951 0.8786693 -0.02935421 0.9941292 0.1037182 0.03131115 0.5009785 0.8649706 0 0.9941292 0.1017613 -0.001956947 0.5988258 0.8023483 0.01565558 0.9941292 0.1056751 -0.03131115 0.9941292 0.1056751 0.001956947 0.9960861 0.08219178 0.04109589 0.9941292 0.1037182 -0.02739726 0.9960861 -0.08023483 0.02348337 0.9980431 -0.04696673 0 0.9960861 -0.08414873 0 1 -0.04109589 -0.037182 0.9980431 -0.04696673 0 1 0 0.04500978 0.9980431 0 0 0.9960861 0.08610567 0.04109589 0.9960861 -0.08023483 0 0.9960861 -0.08414873 -0.02935421 1 0 0.04305284 1 0 -0.05870841 0.9980431 0 0 1 0 0 0.9980431 0.06066536 -0.03913894 0.9980431 0.03522505 0 1 0.03131115 0.04305284 0.9980431 0.06066536 0.02348337 1 0.03522505 -0.02935421 0.9980431 0.06066536 0.04305284 0.9980431 -0.04500978 -0.02935421 0.9980431 -0.04500978 0 0.9980431 0.06066536 0 1 -0.04500978 -0.02935421 1 0 0 1 0 0.06849315 0.9980431 0 0.06457926 0.9960861 0.05675147 -0.1193738 0.9902152 0.06066536 -0.1213307 0.9921722 -0.04892368 0.06457926 0.9960861 -0.04109589 -0.08610567 0.9960861 0.001956947 0.06849315 0.9980431 0 0 1 0 0.06262231 0.9980431 0.04109589 -0.1213307 0.9921722 0.04500978 -0.1291585 0.9882583 -0.07827789 0.06262231 0.9941292 -0.08023483 0.001956947 0.9980431 -0.05479452 0 0.9980431 0.04500978 -0.02935421 0.9980431 0.04305284 -0.02935421 0.9960861 -0.07240704 0.04109589 0.9960861 -0.07240704 0.04305284 1 0 0.04109589 0.9980431 0.04305284 0 0.9980431 -0.05870841 0 1 -0.04305284 0 1 0.04500978 0 1 0 -0.03522505 1 -0.02544031 -0.05088063 0.9980431 0 0 1 -0.02152642 -0.0332681 1 0.02544031 -0.02739726 0.9980431 -0.0665362 0 0.9980431 -0.06457926 0 1 0 0 1 0.02152642 0.01761252 1 0.02544031 0.01369863 0.9980431 -0.06849315 0.001956947 0.9980431 -0.05479452 0.03522505 1 0 0 0.9980431 0.04500978 0.01956947 1 -0.02544031 0 1 0 0 0.9980431 0.06066536 0 1 -0.04500978 -0.02935421 1 0 -0.02935421 0.9980431 0.04305284 -0.02935421 0.9960861 -0.07240704 0.04109589 0.9960861 -0.07240704 0.04109589 0.9980431 0.04305284 0 0.9980431 -0.05870841 0.04305284 1 0 0 1 0.04500978 -0.08414873 0.9960861 0.04109589 -0.08023483 0.9941292 -0.07827789 0.1232877 0.9882583 -0.07827789 0.1154599 0.9921722 0.04500978 0.06457926 0.9980431 -0.001956947 -0.0998043 0.9941292 0 0 1 0 -0.08414873 0.9960861 -0.037182 0.1193738 0.9921722 -0.05088063 0.1154599 0.9921722 0.05870841 0 1 -0.04305284 -0.08414873 0.9941292 0.05675147 0.09197652 0.9960861 -0.001956947 0.04305284 0.9980431 -0.04500978 0 0.9980431 0.06066536 -0.09001957 0.9960861 0 -0.02935421 0.9980431 -0.04500978 0.04305284 0.9980431 0.06066536 -0.02935421 0.9980431 0.06066536 0.04305284 1 0 0 1 0 0 0.9960861 -0.08414873 -0.08219178 0.9941292 -0.07632094 0.1193738 0.9902152 -0.08023483 0.04109589 0.9960861 -0.08023483 0 0.9960861 0.08610567 -0.08414873 0.9902152 0.111546 -0.02935421 1 0 0 1 0 0.001956947 0.5988258 0.8003914 -0.06849315 0.5146771 0.8551859 -0.0704501 0.05088063 0.9960861 0.6262231 0.5088063 0.5909981 0.6966732 -0.05088063 0.7162427 0.7221135 0.02935421 0.6927593 0.9960861 -0.05870841 -0.07240704 0.037182 0 -1 0 0 -1 0 0 -1 0.037182 0 -1 0.3855186 0 -0.9236791 0.3855186 0 -0.9236791 0.9158513 0 -0.4011742 1 0 -0.005870841 0.9158513 0 -0.4011742 1 0 -0.005870841 1 0 0.005870841 1 0 0.005870841 0.9099804 0 0.4148728 0.9099804 0 0.4148728 0.005870841 0 -1 -0.005870841 0 -1 -0.005870841 0 -1 0.005870841 0 -1 0.3855186 0 -0.9236791 0.3855186 0 -0.9236791 0.4148728 0 0.9099804 0.4148728 0 0.9099804 0.005870841 0 1 0.005870841 0 1 -0.005870841 0 1 -0.005870841 0 1 -0.3855186 0 0.9236791 -0.3855186 0 0.9236791 0.9099804 0 0.4148728 1 0 0.005870841 0.9099804 0 0.4148728 1 0 0.005870841 1 0 -0.005870841 1 0 -0.005870841 0.9158513 0 -0.4011742 0.9158513 0 -0.4011742 -0.9158513 0 0.4011742 -1 0 0.005870841 -0.9158513 0 0.4011742 -1 0 0.005870841 -1 0 -0.005870841 -1 0 -0.005870841 -0.9099804 0 -0.4148728 -0.9099804 0 -0.4148728 -0.037182 0 1 0 0 1 0 0 1 -0.037182 0 1 -0.3855186 0 0.9236791 -0.3855186 0 0.9236791 0.005870841 0 -1 -0.005870841 0 -1 -0.005870841 0 -1 0.005870841 0 -1 0.3855186 0 -0.9236791 0.3855186 0 -0.9236791 0.4148728 0 0.9099804 0.4148728 0 0.9099804 0.005870841 0 1 0.005870841 0 1 -0.005870841 0 1 -0.005870841 0 1 -0.3855186 0 0.9236791 -0.3855186 0 0.9236791 0.9099804 0 0.4148728 1 0 0.005870841 0.9099804 0 0.4148728 1 0 0.005870841 1 0 -0.005870841 1 0 -0.005870841 0.9158513 0 -0.4011742 0.9158513 0 -0.4011742 -0.9158513 0 0.4011742 -1 0 0.005870841 -0.9158513 0 0.4011742 -1 0 0.005870841 -1 0 -0.005870841 -1 0 -0.005870841 -0.9099804 0 -0.4148728 -0.9099804 0 -0.4148728 -0.037182 0 1 0 0 1 0 0 1 -0.037182 0 1 -0.3855186 0 0.9236791 -0.3855186 0 0.9236791 0.037182 0 -1 0 0 -1 0 0 -1 0.037182 0 -1 0.3835616 0 -0.9236791 0.3835616 0 -0.9236791 0 0 -1 0 0 -1 -0.03913894 0 -1 -0.03913894 0 -1 -0.3835616 0 -0.9236791 -0.3835616 0 -0.9236791 0 0 1 0 0 1 0.03913894 0 1 0.03913894 0 1 0.3835616 0 0.9236791 0.3835616 0 0.9236791 -0.037182 0 1 0 0 1 0 0 1 -0.037182 0 1 -0.3835616 0 0.9236791 -0.3835616 0 0.9236791 0.037182 0 -1 0 0 -1 0 0 -1 0.037182 0 -1 0.3855186 0 -0.9236791 0.3855186 0 -0.9236791 0.9158513 0 -0.4011742 1 0 -0.005870841 0.9158513 0 -0.4011742 1 0 -0.005870841 1 0 0.005870841 1 0 0.005870841 0.9099804 0 0.4148728 0.9099804 0 0.4148728 0.037182 0 -1 0 0 -1 0 0 -1 0.037182 0 -1 0.3835616 0 -0.9236791 0.3835616 0 -0.9236791 0 0 -1 0 0 -1 -0.03913894 0 -1 -0.03913894 0 -1 -0.3835616 0 -0.9236791 -0.3835616 0 -0.9236791 0 0 1 0 0 1 0.03913894 0 1 0.03913894 0 1 0.3835616 0 0.9236791 0.3835616 0 0.9236791 -0.037182 0 1 0 0 1 0 0 1 -0.037182 0 1 -0.3835616 0 0.9236791 -0.3835616 0 0.9236791 -1 -0.02739726 -0.001956947 -1 -0.02739726 -0.003913894 -1 -0.02739726 -0.001956947 -1 -0.02739726 -0.003913894 -1 0 0 -1 0 0 -1 0 0 -1 0 0 -1 0 0 -1 0 0 -1 0 0 -1 0 0 -1 -0.02739726 0.003913894 -1 -0.02739726 0.003913894 -1 -0.02739726 0 -1 -0.02739726 0 -1 -0.005870841 -0.001956947 -1 -0.005870841 -0.001956947 -1 -0.003913894 0.001956947 -1 -0.003913894 0.001956947 -1 -0.02739726 -0.001956947 -1 -0.02739726 -0.001956947 -1 0.02935421 0.001956947 -1 0.02739726 0.003913894 -1 0.02935421 0.001956947 -1 0.02739726 0.003913894 -1 0 0 -1 0 0 -1 0 0.001956947 -1 0 0.001956947 -1 0 0.001956947 -1 0 0.001956947 -1 0 0 -1 0 0 -1 0.02935421 -0.003913894 -1 0.02935421 -0.003913894 -1 0.03131115 -0.001956947 -1 0.03131115 -0.001956947 -1 0.005870841 0.001956947 -1 0.003913894 0.001956947 -1 0.003913894 -0.001956947 -1 0.003913894 -0.001956947 -1 0.02935421 0.001956947 -1 0.02935421 0.001956947 -0.1369863 0.9902152 0 -0.1369863 0.9902152 0 -0.1369863 0.9902152 0 -0.1369863 0.9902152 0 -0.06066536 0.9960861 -0.05283757 -0.06066536 0.9960861 -0.05283757 0 1 0 0 1 0 0 1 0 0 1 0 -0.05870841 0.9960861 0.05479452 -0.05870841 0.9960861 0.05479452 -0.1369863 0.9902152 -0.001956947 -0.1369863 0.9902152 -0.001956947 -0.1369863 0.9902152 -0.001956947 -0.1369863 0.9902152 -0.001956947 -0.06066536 0.9960861 -0.05283757 -0.06066536 0.9960861 -0.05283757 0 1 0 0 1 0 0 1 0 0 1 0 -0.06066536 0.9960861 0.05283757 -0.06066536 0.9960861 0.05283757 -0.1369863 0.9902152 0 -0.1369863 0.9902152 0 0.890411 -0.4540117 -0.03522505 0.6399217 -0.2641879 -0.7221135 1 0.009784736 -0.02348337 0.4540117 0.05479452 -0.888454 0.6340509 0.3542074 -0.6868885 0.8825831 0.4696673 0.01761252 0.8825831 0.4677104 0.06457926 0.6125244 0.2739726 0.7416829 0.9980431 0.005870841 0.05675147 0.4246575 -0.04696673 0.9041096 0.6164383 -0.3444227 0.7064579 0.890411 -0.4559687 0.01174168 0.9178082 -0.3972603 0.02544031 0.6555773 -0.3307241 -0.6790606 0.9980431 0.06849315 -0.0332681 0.4500979 -0.05283757 -0.8923679 0.6105675 0.2857143 -0.7377691 0.851272 0.5205479 -0.06262231 0.851272 0.5244619 -0.01565558 0.592955 0.4207436 0.6868885 0.9960861 0.07632094 0.04500978 0.4285714 0.1154599 0.8962818 0.6379648 -0.1956947 0.7455969 0.9178082 -0.3933464 0.07240704 0.03522505 -0.3933464 0.9197652 0.7221135 -0.2485323 0.6457925 0.04305284 0.07632094 0.9960861 0.8982387 0.05088063 0.4344423 0.7103718 0.369863 0.5968689 0.01761252 0.5283757 0.849315 -0.03131115 0.5283757 0.849315 -0.7201566 0.3424658 0.6027398 -0.037182 0.07632094 0.9960861 -0.8962818 0.01565558 0.4422701 -0.7084149 -0.2759295 0.6516634 -0.01174168 -0.3933464 0.9197652 -0.04109589 -0.4031311 -0.9138943 -0.7279844 -0.2465753 -0.6399217 -0.04305284 0.0665362 -0.9960861 -0.8982387 0.05675147 -0.4344423 -0.7064579 0.3737769 -0.6007828 -0.01174168 0.518591 -0.8551859 0.03522505 0.518591 -0.8551859 0.7221135 0.3268102 -0.6086106 0.03522505 0.06457926 -0.9980431 0.8962818 0 -0.444227 0.702544 -0.2915851 -0.6497065 0.005870841 -0.4031311 -0.9138943 0.007827789 -0.3150685 -0.9491194 -0.6908023 -0.258317 -0.6731898 -0.04305284 0.1565558 -0.9863014 -0.8962818 0.001956947 -0.4422701 -0.7377691 0.3522505 -0.5753425 -0.06066536 0.5949119 -0.8023483 -0.01369863 0.5988258 -0.8023483 0.6888454 0.4579256 -0.5616438 0.037182 0.1624266 -0.9863014 0.8943248 0.1369863 -0.4266145 0.7358121 -0.1526419 -0.6614481 0.05675147 -0.3111546 -0.9491194 0.01174168 -0.3894325 0.9217221 0.7084149 -0.2857143 0.6457925 0.04696673 0.07827789 0.9960861 0.9001957 0.001956947 0.4344423 0.7318982 0.332681 0.5949119 0.04696673 0.5303327 0.8454012 0 0.5322896 0.8454012 -0.6986302 0.3874756 0.6007828 -0.0332681 0.08219178 0.9960861 -0.8943248 0.0704501 0.4422701 -0.7221135 -0.2309198 0.6516634 -0.03522505 -0.3874756 0.9217221 0 1 0 0 1 0 0 1 0 0 1 0 0 1 0 0 1 0 0 1 0 0 1 0 0 1 0 0 1 0 0 1 0 0 1 0 0 1 0 0 1 0 0 1 0 0 1 0 0 1 0 0 1 0 0 1 0 0 1 0 0 1 0 0 1 0 0 1 0 0 1 0 0 1 0 0 1 0 0 1 0 0 1 0 0 1 0 0 1 0 0 1 0 0 1 0 0 1 0 0 1 0 0 1 0 0 1 0 0 1 0 0 1 0 0 1 0 0 1 0 0 1 0 0 1 0 0 1 0 0 1 0 0 1 0 0 1 0 0 1 0 0 1 0 1 0.007827789 0.01761252 1 0.007827789 0.01761252 1 0.007827789 0.01761252 1 0.007827789 0.01761252 1 0.007827789 0.01761252 1 0.007827789 0.01761252 1 0.007827789 0.01761252 1 0.007827789 0.01761252 1 0.007827789 0.01565558 1 0.007827789 0.01761252 1 0.007827789 0.01761252 1 0.007827789 0.01761252 1 0.007827789 0.01761252 1 0.007827789 0.01761252 1 0.007827789 0.01761252 1 0.007827789 0.01761252 0.9980431 0.07240704 0.005870841 0.9980431 0.07240704 0.005870841 0.9980431 0.07240704 0.005870841 0.9980431 0.07240704 0.005870841 0.9980431 0.07240704 0.005870841 0.9980431 0.07240704 0.005870841 0.9980431 0.07240704 0.005870841 0.9980431 0.07240704 0.005870841 0.9980431 0.07240704 0.005870841 0.9980431 0.07240704 0.005870841 0.9980431 0.07240704 0.005870841 0.9980431 0.07240704 0.005870841 0.9980431 0.07240704 0.005870841 0.9980431 0.07240704 0.005870841 0.9980431 0.07240704 0.005870841 0.9980431 0.07240704 0.005870841 0.001956947 0.07632094 0.9980431 0.001956947 0.07632094 0.9980431 0.001956947 0.07632094 0.9980431 0.001956947 0.07632094 0.9980431 0.001956947 0.07632094 0.9980431 0.001956947 0.07632094 0.9980431 0.001956947 0.07632094 0.9980431 0.001956947 0.07632094 0.9980431 0.001956947 0.07632094 0.9980431 0.001956947 0.07632094 0.9980431 0.001956947 0.07632094 0.9980431 0.001956947 0.07632094 0.9980431 0.001956947 0.07632094 0.9980431 0.001956947 0.07632094 0.9980431 0.001956947 0.07632094 0.9980431 0.001956947 0.07632094 0.9980431 -0.003913894 0.06457926 -0.9980431 -0.003913894 0.06457926 -0.9980431 -0.003913894 0.06457926 -0.9980431 -0.003913894 0.06457926 -0.9980431 -0.003913894 0.06457926 -0.9980431 -0.003913894 0.06457926 -0.9980431 -0.003913894 0.06457926 -0.9980431 -0.003913894 0.06457926 -0.9980431 -0.003913894 0.06457926 -0.9980431 -0.003913894 0.06457926 -0.9980431 -0.003913894 0.06457926 -0.9980431 -0.003913894 0.06457926 -0.9980431 -0.003913894 0.06457926 -0.9980431 -0.003913894 0.06457926 -0.9980431 -0.003913894 0.06457926 -0.9980431 -0.003913894 0.06457926 -0.9980431 -0.001956947 0.1585127 -0.9863014 -0.001956947 0.1585127 -0.9863014 -0.001956947 0.1585127 -0.9863014 -0.001956947 0.1585127 -0.9863014 -0.001956947 0.1585127 -0.9863014 -0.001956947 0.1585127 -0.9863014 -0.001956947 0.1585127 -0.9863014 -0.001956947 0.1585127 -0.9863014 -0.001956947 0.1585127 -0.9863014 -0.001956947 0.1585127 -0.9863014 -0.001956947 0.1585127 -0.9863014 -0.001956947 0.1585127 -0.9863014 -0.001956947 0.1585127 -0.9863014 -0.001956947 0.1585127 -0.9863014 -0.001956947 0.1585127 -0.9863014 -0.001956947 0.1585127 -0.9863014 0.007827789 0.08023483 0.9960861 0.007827789 0.08023483 0.9960861 0.007827789 0.08023483 0.9960861 0.007827789 0.08023483 0.9960861 0.007827789 0.08023483 0.9960861 0.007827789 0.08023483 0.9960861 0.007827789 0.08023483 0.9960861 0.007827789 0.08023483 0.9960861 0.007827789 0.08023483 0.9960861 0.007827789 0.08023483 0.9960861 0.007827789 0.08023483 0.9960861 0.007827789 0.08023483 0.9960861 0.007827789 0.08023483 0.9960861 0.007827789 0.08023483 0.9960861 0.007827789 0.08023483 0.9960861 0.007827789 0.08023483 0.9960861 0.001956947 -0.01369863 -1 0 0 -1 0.02739726 -0.003913894 -1 0.01369863 0.04305284 -0.9980431 0.009784736 0.009784736 -1 -0.007827789 0.05283757 -0.9980431 0 -1 0 0 -1 0 0 -1 0 -1 -0.01956947 0 -0.9960861 0.03913894 -0.07436399 -0.9960861 0.03522505 -0.0704501 0 -1 0 0 -1 0 0 -1 0 0 0 1 0 0 1 0 0 1 0.05479452 -0.05675147 -0.9960861 0.05479452 -0.05675147 -0.9960861 0.05479452 -0.05675147 -0.9960861 -0.05088063 0.1076321 -0.9921722 -0.06262231 0.08219178 -0.9941292 -0.4148728 0.01956947 -0.9099804 -0.07632094 0.1702544 -0.9823875 -0.08023483 0.1350294 -0.9882583 -0.4148728 0.0665362 -0.9080235 0.09589041 0.007827789 0.9960861 -0.01761252 -0.01761252 1 -0.1330724 -0.03913894 0.9902152 -0.1506849 -0.0332681 0.9882583 0.09784736 0.02544031 0.9941292 -0.0332681 -0.005870841 1 -0.07240704 -0.03522505 0.9960861 0.09393346 0.01761252 0.9960861 -0.02152642 -0.01761252 1 0.09393346 0.02935421 0.9960861 -0.06457926 -0.01174168 0.9980431 -0.1350294 -0.03131115 0.9902152 -1 0.02935421 0 -1 0.02935421 0 -1 0.02935421 0 0.1252446 0.0704501 -0.9902152 0.111546 0.01369863 -0.9941292 0.1311155 0.05675147 -0.9902152 0.1311155 -0.9393346 0.3170255 0.1311155 -0.9393346 0.3150685 0.2446184 -0.962818 0.1056751 1 0.02348337 0 1 0.02348337 0 1 0.02348337 0 -1 -0.02348337 0 -1 -0.02348337 0 -1 -0.02348337 0 0.9960861 -0.08414873 0 0.9960861 -0.08414873 0 0.9960861 -0.08414873 0 -0.9960861 0.08414873 0 -0.9960861 0.08414873 0 -0.9960861 0.08414873 0 0 -0.09784736 -0.9960861 0 -0.09784736 -0.9960861 0 -0.09784736 -0.9960861 0 0.09784736 0.9960861 0 0.09784736 0.9960861 0 0.09784736 0.9960861 0 0.05870841 -0.9980431 0 0.05870841 -0.9980431 0 0.05870841 -0.9980431 0 -0.05870841 0.9980431 0 -0.05870841 0.9980431 0 -0.05870841 0.9980431 -1 0.02739726 0.003913894 -1 0.02739726 0.003913894 -1 0.02739726 0.003913894 1 -0.02739726 -0.003913894 1 -0.02739726 -0.003913894 1 -0.02739726 -0.003913894 -0.9980431 -0.07632094 0 -0.9980431 -0.07632094 0 -0.9980431 -0.07632094 0 0.9980431 0.07632094 0 0.9980431 0.07632094 0 0.9980431 0.07632094 0 -0.4911937 -0.8708415 -0.01174168 -0.4911937 -0.8708415 -0.01174168 -0.4911937 -0.8708415 -0.01174168 -0.007827789 0.06262231 -0.9980431 -0.007827789 0.06262231 -0.9980431 0 0 -1 -0.02544031 0.02739726 -1 -0.007827789 0.06262231 -0.9980431 -0.02544031 0.02544031 -1 0.02544031 0.02739726 -1 -0.02544031 0.02544031 -1 0.02544031 0.02739726 -1 0.06457926 0.06457926 -0.9960861 0 0 1 -0.01565558 -0.01761252 1 0 0 1 -0.1193738 -0.1350294 -0.9843444 -0.1193738 -0.1350294 -0.9843444 0.02152642 -0.06262231 0.9980431 0.01956947 -0.05870841 0.9980431 0.02152642 -0.06262231 0.9980431 -0.02544031 -0.02739726 1 -0.02544031 -0.02739726 1 0.01761252 -0.06262231 0.9980431 0.01761252 -0.06066536 0.9980431 -0.01565558 -0.01761252 1 0 0.01174168 1 0 0.01369863 1 0 0 1 0 0 1 0.9921722 0.1291585 -0.001956947 0.9921722 0.1291585 -0.003913894 0.9158513 0.037182 -0.4011742 0.9921722 0.1291585 -0.001956947 0.9941292 0.1037182 0.003913894 0.9941292 0.1037182 0 0.9941292 0.1037182 0 0.9099804 0.02152642 0.4148728 0 1 0 0 1 0 0 1 0 0 1 0 0 1 0 -0.9921722 0.1291585 -0.001956947 -0.9099804 0.02739726 -0.4148728 -0.9921722 0.1272016 -0.003913894 -0.9882583 0.148728 0.005870841 -0.9921722 0.1291585 -0.001956947 -0.9882583 0.148728 0.001956947 -0.9882583 0.148728 0.001956947 -0.9158513 0.04109589 0.4011742 0 1 0 0 1 0 0 1 0 0 1 0 0 1 0 -0.9960861 0.07827789 0 -0.9099804 0.009784736 -0.4148728 -0.9980431 0.07436399 -0.005870841 -0.9902152 0.1448141 0.007827789 -0.9960861 0.07827789 0 -0.9882583 0.148728 0.005870841 -0.9882583 0.148728 0.005870841 -0.9158513 0.04109589 0.4011742 0 1 0 0 1 0 0 1 0 0 1 0 0 1 0 0.9921722 0.1291585 -0.001956947 0.9921722 0.1291585 -0.003913894 0.9158513 0.037182 -0.4011742 0.9921722 0.1291585 -0.001956947 0.9941292 0.1037182 0.003913894 0.9941292 0.1037182 0 0.9941292 0.1037182 0 0.9099804 0.02152642 0.4148728 0 1 0 0 1 0 0 1 0 0 1 0 0 1 0 0.111546 0.01369863 -0.9941292 0 -0.01174168 -1 0.2289628 0.03522505 -0.9726027 0.1311155 0.05675147 -0.9902152 0.111546 0.01369863 -0.9941292 0.1252446 0.0704501 -0.9902152 -0.001956947 1 -0.03522505 -0.003913894 1 -0.03913894 -0.07632094 0.9960861 0.05479452 -0.07827789 0.9941292 0.07240704 0.001956947 0.0665362 0.9980431 0 0.06262231 0.9980431 0 0.0332681 1 0 0.0332681 1 0 0.005870841 1 0 0.005870841 1 0.01174168 -0.9980431 -0.04892368 0.009784736 -0.9980431 -0.05088063 -0.001956947 -1 -0.02739726 -0.001956947 -1 -0.02739726 -0.001956947 -0.9921722 0.1213307 -0.009784736 -0.9941292 0.0998043 -0.7084149 -0.6986302 0.09001957 -0.6418787 -0.7671233 -0.02152642 -0.6418787 -0.7671233 -0.02152642 -0.9980431 -0.05088063 -0.03131115 -0.9980431 -0.04892368 -0.02544031 -0.9941292 -0.03131115 0.09589041 -0.9941292 -0.03131115 0.09784736 0.06457926 0.1389433 0.9882583 0.0704501 0.109589 0.9921722 0.4148728 0.04305284 0.9080235 0 0 1 0.01565558 0.037182 1 0.06457926 0.1389433 0.9882583 0.8238748 0 0.5655577 0.9863014 0.1663405 0.009784736 0.9843444 0.1722113 0.005870841 0.9843444 0.1722113 0.005870841 1 -0.02152642 -0.009784736 1 -0.02935421 -0.009784736 0.06457926 0.1389433 0.9882583 0.0704501 0.109589 0.9921722 0.4148728 0.04305284 0.9080235 0 0 1 0.01565558 0.037182 1 0.06457926 0.1389433 0.9882583 0.2446184 0.03522505 -0.9686888 0.1272016 0.005870841 -0.9921722 0 -0.02348337 -1 0.007827789 0.06457926 -0.9980431 0.1272016 0.005870841 -0.9921722 -0.001956947 0.06849315 -0.9980431 0.07827789 0.9941292 -0.07240704 0.07632094 0.9960861 -0.05283757 0.003913894 1 0.02739726 -0.001956947 1 0.03131115 0.08219178 0.08414873 0.9921722 0.07632094 0.07436399 0.9941292 -0.1428571 0.0332681 0.9902152 -0.0704501 0.01956947 0.9980431 0 0.007827789 1 0.1702544 0.037182 -0.9843444 0.1154599 0.01956947 -0.9941292 0 -0.01761252 -1 0.003913894 0.06262231 -0.9980431 0.1154599 0.01956947 -0.9941292 -0.001956947 0.0665362 -0.9980431 0.07240704 0.9941292 -0.07240704 0.06457926 0.9960861 -0.05283757 -0.1389433 0.9902152 0.02739726 -0.1448141 0.9882583 0.06066536 0.2054795 0.08219178 0.9745597 0.2054795 0.06066536 0.9765166 0.005870841 0.03522505 1 0 0.03522505 1 0.148728 0.003913894 -0.9882583 0 -0.03522505 -1 0.2172211 0.02544031 -0.9765166 -0.1780822 0.06066536 -0.9823875 0.148728 0.003913894 -0.9882583 -0.18591 0.08610567 -0.9784736 -0.09589041 0.7710372 -0.630137 -0.003913894 1 -0.03131115 -0.007827789 1 -0.037182 -0.1761252 0.9843444 0.03913894 -0.1761252 0.9804305 0.07827789 0.146771 0.07827789 0.9863014 0.1409002 0.05675147 0.9882583 -0.1291585 0.037182 0.9902152 -0.08414873 0.02348337 0.9960861 0 -0.001956947 1 -0.1232877 0.8943248 0.4285714 0.407045 -0.9138943 0.003913894 -0.1232877 0.8943248 0.4285714 0.4148728 -0.9099804 0.001956947 0.2504892 -0.9686888 0.001956947 0.2446184 -0.962818 0.1056751 0.1311155 -0.9393346 0.3170255 0 -1 0 -0.001956947 -0.9960861 -0.08414873 0 -1 -0.001956947 -0.001956947 -0.9960861 -0.08610567 -0.001956947 1 0 -0.001956947 1 0.001956947 0 0.9960861 0.09784736 0 0.9941292 0.0998043 0.9960861 -0.05675147 -0.05283757 0.9960861 -0.06457926 -0.05283757 0.01174168 -0.9980431 -0.04892368 0.009784736 -0.9980431 -0.05088063 0.9902152 -0.06849315 0.1291585 0.9882583 -0.0704501 0.1291585 0.01174168 -0.9980431 -0.05283757 0.01174168 -0.9980431 -0.05088063 -0.9960861 0.03522505 -0.0704501 -0.9960861 0.03913894 -0.07436399 -0.9980431 0.0665362 -0.01956947 -0.9980431 0.0665362 -0.01565558 0.9941292 -0.03913894 0.09784736 0.9941292 -0.03913894 0.09784736 0.9902152 -0.06849315 0.1291585 0.9882583 -0.0704501 0.1291585 -1 0.03522505 0.003913894 -1 0.03522505 0.003913894 -0.9980431 0.06262231 0 -0.9980431 0.06066536 0 1 -0.0332681 0 1 -0.0332681 -0.001956947 0.9960861 -0.05675147 -0.05283757 0.9960861 -0.06457926 -0.05283757 0 1 0 0 1 0 0 1 0 0 1 0 0 0 1 0 0 1 0 0 1 0 0 1 0 0 -1 0 0 -1 0 0 -1 0 0 -1 -1 0 0 -1 0 0 -1 0 0 -1 0 0 -1 0 0 -1 0 0 -1 0 0 -1 0.005870841 0 -1 0.005870841 0 -1 0.04305284 -0.001956947 -1 0.04305284 -0.001956947 0.001956947 0.04892368 -0.9980431 0.001956947 0.04500978 -0.9980431 -0.003913894 -0.06066536 -0.9980431 -0.003913894 -0.06457926 -0.9980431 -0.001956947 -0.005870841 1 -0.001956947 -0.005870841 1 -0.003913894 0 1 -0.003913894 0 1 0 1 0 0 1 0 0 1 0 0 1 0 0 1 0 0 1 0 0 1 0 0 1 0 0 0 -1 0 0 -1 0 0 -1 0 0 -1 0 0 1 0 0 1 0 0 1 0 0 1 0 0 -1 -0.06262231 0.08219178 -0.9941292 -0.01174168 0.02935421 -1 -0.05088063 0.1076321 -0.9921722 1 0 0 1 0 0 1 0 0 1 0 0 1 0 0 1 0 0 1 0 0 1 0 0 1 -0.003913894 0 0.9960861 -0.08219178 -0.005870841 0.9960861 -0.08414873 -0.005870841 -1 0.005870841 0 -1 0.005870841 0 -1 0.005870841 0 -1 0.005870841 0 0.001956947 0.08219178 -0.9960861 0.001956947 0.08023483 -0.9960861 -0.003913894 -0.001956947 -1 -0.003913894 -0.005870841 -1 0 -1 0 0 -1 0 0 -1 0 0 -1 0 0 1 0 0 1 0 0 1 0 0 1 0 0 0 -1 0 0 -1 0 0 -1 0 0 -1 0 0 1 0 0 1 0 0 1 0 0 1 0 0 -1 -0.08023483 0.1350294 -0.9882583 -0.01956947 0.04696673 -0.9980431 -0.07632094 0.1702544 -0.9823875 1 0 0 1 0 0 1 0 0 1 0 0 1 0 0 1 0 0 1 0 0 -1 0 0 -1 0 0 -1 0 0 -1 0 0 0 0 1 0 0 1 0 0 1 0 0 1 -1 0 0 -1 0 0 -1 0 0 -1 0 0 1 0 0 1 0 0 1 0 0 1 0 0 0 0 1 0 0 1 0 0 1 0 0 1 0 0 -1 0 0 -1 0 0 -1 0 0 -1 1 0 0 1 0 0 1 0 0 1 0 0 0 0 1 0 0 1 0 0 1 0 0 1 -1 0 0 -1 0 0 -1 0 0 -1 0 0 0 0 -1 0 0 -1 0 0 -1 0 0 -1 0 0 -1 0 0 -1 0 0 -1 0 0 -1 0 0 1 0 0 1 0 0 1 0 0 1 -1 0 0 -1 0 0 -1 0 0 -1 0 0 1 0 0 1 0 0 1 0 0 1 0 0 1 0 0 1 0 0 1 0 0 1 0 0 0 0 -1 0 0 -1 0 0 -1 0 0 -1 0 1 0 0 1 0 0 1 0 0 1 0 0 0 1 0 0 1 0 0 1 0 0 1 0 0 -1 0 0 -1 0 0 -1 0 0 -1 -1 0 0 -1 0 0 -1 0 0 -1 0 0 -1 0 0 -1 0 0 -1 0 0 -1 0 0 -1 0 0 -1 0 0 -1 0 0 0 0 1 0 0 1 0 0 1 0 0 1 -1 0 0 -1 0 0 -1 0 0 -1 0 0 1 0 0 1 0 0 1 0 0 1 0 0 0 0 1 0 0 1 0 0 1 0 0 1 0 0 -1 0 0 -1 0 0 -1 0 0 -1 1 0 0 1 0 0 1 0 0 1 0 0 0 0 1 0 0 1 0 0 1 0 0 1 -1 0 0 -1 0 0 -1 0 0 -1 0 0 0 0 -1 0 0 -1 0 0 -1 0 0 -1 0 0 -1 0 0 -1 0 0 -1 0 0 -1 0 0 1 0 0 1 0 0 1 0 0 1 -1 0 0 -1 0 0 -1 0 0 -1 0 0 1 0 0 1 0 0 1 0 0 1 0 0 1 0 0 1 0 0 1 0 0 1 0 0 0 0 -1 0 0 -1 0 0 -1 0 0 -1 0 -1 0 0 -1 0 0 -1 0 0 -1 0 0 -1 0 0 -1 0 0 -1 0 0 -1 0 0 -1 0 0 -1 0 0 -1 0 0 -1 0 0 -1 0 0 -1 0 0 -1 0 0 -1 0 0.0998043 0.9941292 0 0.0998043 0.9941292 0 0.0998043 0.9941292 0 0.0998043 0.9941292 0 0.0998043 0.9941292 -0.005870841 0.09197652 0.9960861 -0.005870841 -0.09197652 0.9960861 0.005870841 -0.0998043 0.9941292 0.005870841 0.0998043 0.9941292 -0.005870841 0.09197652 0.9960861 -0.005870841 -0.09197652 0.9960861 0.005870841 -0.0998043 0.9941292 0.005870841 0.0998043 0.9941292 0 0.0998043 0.9941292 0 0.0998043 0.9941292 0 0.0998043 0.9941292 0 -1 0.03131115 0 -1 0.03131115 0 -1 0.03131115 0 -1 0.01565558 0 -1 0.005870841 -0.005870841 -1 0.005870841 -0.005870841 -1 0.03131115 0 -1 0.03131115 0 1 -0.02739726 -0.009784736 1 -0.02935421 -0.009784736 1 -0.02739726 -0.007827789 1 0.01565558 -0.003913894 1 0.01565558 -0.003913894 1 0.001956947 -0.001956947 1 0 -0.001956947 1 -0.02739726 0.01565558 1 -0.02935421 0.01565558 1 -0.03131115 0 1 -0.03131115 0 0.09589041 -0.9921722 0.08414873 0.1037182 -0.9902152 0.09001957 0.001956947 -1 0 -0.3639922 0.9315069 0.005870841 -0.3522505 0.9354208 0.001956947 0.09393346 -0.9921722 0.07632094 0.1154599 -0.9902152 0.09001957 0.1369863 -0.9843444 0.1037182 0.8864971 -0.4579256 0.05870841 0.888454 -0.4500979 -0.08219178 0.9823875 -0.001956947 0.183953 0.9882583 0.01761252 -0.1506849 0.888454 -0.4500979 -0.08219178 0.3072407 0.05675147 -0.9491194 0.9882583 0.01761252 -0.1506849 0.8806262 0.4716243 -0.02935421 0.8786693 0.4637965 0.111546 0.2759295 -0.05283757 0.9589041 0.9823875 -0.001956947 0.183953 0.8864971 -0.4579256 0.05870841 0.9823875 -0.001956947 0.183953 0.9882583 0.01761252 -0.1506849 0.8786693 0.4637965 0.111546 0.8806262 0.4716243 -0.02935421 -0.9706458 -0.1526419 -0.183953 -0.9921722 -0.08023483 -0.0998043 -0.9902152 -0.08414873 -0.1056751 -1 -0.007827789 -0.01761252 0.9138943 -0.3874756 0.1174168 0.9158513 -0.4011742 -0.02152642 0.9804305 0.08610567 0.1722113 0.9863014 0.05479452 -0.1604697 0.9158513 -0.4011742 -0.02152642 0.3033268 -0.06849315 -0.9510763 0.9863014 0.05479452 -0.1604697 0.849315 0.516634 -0.1076321 0.8473581 0.5283757 0.03131115 0.2798434 0.111546 0.9530333 0.9804305 0.08610567 0.1722113 0.9138943 -0.3874756 0.1174168 0.9804305 0.08610567 0.1722113 0.9863014 0.05479452 -0.1604697 0.8473581 0.5283757 0.03131115 0.849315 0.516634 -0.1076321 -0.9589041 -0.2387476 -0.148728 -0.9843444 -0.1565558 -0.07632094 -0.9843444 -0.1604697 -0.08023483 -0.9980431 -0.07240704 -0.005870841 -0.009784736 -0.3933464 0.9197652 0.08219178 -0.3913894 0.9158513 -0.2309198 0.0704501 0.9706458 0.1702544 0.07827789 0.9823875 0.08219178 -0.3913894 0.9158513 0.9569471 0.04109589 0.2876712 0.1702544 0.07827789 0.9823875 0.06262231 0.5283757 0.8454012 -0.2309198 0.0704501 0.9706458 0.1702544 0.07827789 0.9823875 -0.02739726 0.5283757 0.849315 0.06262231 0.5283757 0.8454012 0.1585127 -0.2250489 -0.960861 0.07827789 -0.1526419 -0.9843444 0.08219178 -0.1565558 -0.9843444 -0.001956947 -0.07632094 -0.9980431 0.05088063 -0.4050881 -0.9119374 -0.03913894 -0.4031311 -0.9138943 0.1643836 0.05870841 -0.9843444 -0.2367906 0.0704501 -0.9686888 0.08219178 0.516634 -0.853229 0.9549902 -0.01174168 -0.297456 0.1643836 0.05870841 -0.9843444 0.05088063 -0.4050881 -0.9119374 0.1643836 0.05870841 -0.9843444 -0.2367906 0.0704501 -0.9686888 0.08219178 0.516634 -0.853229 -0.009784736 0.5205479 -0.853229 0.05283757 -0.3131115 -0.9491194 0.01174168 -0.3150685 -0.9491194 0.2309198 0.1722113 -0.9569471 -0.2348337 0.1369863 -0.962818 0.2309198 0.1722113 -0.9569471 -0.2348337 0.1369863 -0.962818 -0.01565558 0.5988258 -0.8003914 -0.05870841 0.5949119 -0.8023483 -0.08023483 -0.3855186 0.9197652 0.05870841 -0.3913894 0.9178082 -0.1604697 0.08610567 0.9843444 0.1741683 0.07240704 0.9823875 0.05870841 -0.3913894 0.9178082 0.9569471 -0.01369863 0.2876712 0.1741683 0.07240704 0.9823875 0.09393346 0.5283757 0.8434442 -0.04500978 0.5342466 0.8434442 -0.9530333 0.06066536 0.295499 -0.1604697 0.08610567 0.9843444 -0.08023483 -0.3855186 0.9197652 -0.1604697 0.08610567 0.9843444 0.1741683 0.07240704 0.9823875 -0.04500978 0.5342466 0.8434442 0.09393346 0.5283757 0.8434442 0.1448141 -0.2387476 -0.960861 0.06849315 -0.1604697 -0.9843444 0.07240704 -0.1643836 -0.9843444 -0.007827789 -0.08023483 -0.9960861 -0.001956947 0.05675147 0.9980431 -0.001956947 0.05675147 0.9980431 -0.001956947 0.05675147 0.9980431 -0.001956947 0.05675147 0.9980431 0.001956947 -0.08806262 -0.9960861 0.001956947 -0.08806262 -0.9960861 0.001956947 -0.08806262 -0.9960861 0.001956947 -0.08806262 -0.9960861 0.007827789 0.09589041 0.9960861 0.007827789 0.09589041 0.9960861 0.007827789 0.09589041 0.9960861 0.007827789 0.09589041 0.9960861 -0.009784736 -0.1252446 -0.9921722 -0.009784736 -0.1252446 -0.9921722 -0.009784736 -0.1252446 -0.9921722 -0.009784736 -0.1252446 -0.9921722 0.9921722 0.1252446 -0.01174168 0.9921722 0.1252446 -0.01174168 0.9921722 0.1252446 -0.01174168 0.9921722 0.1252446 -0.01174168 -0.9882583 -0.1545988 0.01565558 -0.9882583 -0.1545988 0.01565558 -0.9882583 -0.1545988 0.01565558 -0.9882583 -0.1545988 0.01565558 0.9980431 0.05675147 0.003913894 0.9980431 0.05675147 0.003913894 0.9980431 0.05675147 0.003913894 0.9980431 0.05675147 0.003913894 -0.9960861 -0.08806262 -0.005870841 -0.9960861 -0.08806262 -0.005870841 -0.9960861 -0.08806262 -0.005870841 -0.9960861 -0.08806262 -0.005870841 -0.001956947 0.1037182 -0.9941292 -0.001956947 0.1037182 -0.9941292 -0.001956947 0.1037182 -0.9941292 -0.001956947 0.1037182 -0.9941292 0.001956947 -0.1330724 0.9902152 0.001956947 -0.1330724 0.9902152 0.001956947 -0.1330724 0.9902152 0.001956947 -0.1330724 0.9902152 -0.007827789 0.1037182 -0.9941292 -0.007827789 0.1037182 -0.9941292 -0.007827789 0.1037182 -0.9941292 -0.007827789 0.1037182 -0.9941292 0.009784736 -0.1330724 0.9902152 0.009784736 -0.1330724 0.9902152 0.009784736 -0.1330724 0.9902152 0.009784736 -0.1330724 0.9902152 1 0.04109589 -0.01565558 0.9726027 0.04892368 -0.223092 0.08806262 -0.03522505 -0.9960861 1 0.04305284 0.003913894 0.1800391 -0.0665362 -0.9823875 0.09784736 -0.1174168 -0.9882583 0.08414873 -0.1076321 -0.9902152 0.09784736 -0.1174168 -0.9882583 0.04892368 -0.1056751 -0.9921722 0.09197652 -0.1017613 -0.9902152 -0.5694716 -0.3111546 -0.7612525 0.04892368 -0.1056751 -0.9921722 -0.5968689 -0.3170255 -0.7377691 0.9178082 -0.06457926 -0.3894325 0.08806262 -0.03522505 -0.9960861 0 -0.005870841 -1 0 -0.005870841 -1 0.9980431 0.04500978 -0.06262231 0.3913894 0.9158513 -0.08219178 0.9921722 0.09197652 0.08806262 0.9980431 -0.037182 0.05283757 0.06457926 0.9980431 0.04109589 0.3913894 0.9158513 -0.08219178 1 -0.03131115 0.02348337 0.9941292 0.1154599 -0.003913894 0.06457926 0.9980431 -0.009784736 0.9941292 -0.09197652 0.04892368 0.9882583 0.1389433 -0.0665362 0.1232877 0.9882583 0.08219178 1 0.02739726 0.01761252 0.9980431 0.04696673 0.0332681 0.6888454 0.06066536 0.7221135 0.6340509 0.02348337 0.7729941 -0.109589 0.9001957 0.4207436 0.9980431 0.04696673 -0.05870841 -0.0332681 0.9980431 -0.05675147 1 0.03913894 0.01761252 0.9980431 0.04696673 0.0332681 0.06457926 0.9980431 -0.009784736 1 0.037182 -0.01174168 0.9980431 0.05283757 -0.03522505 0.8454012 0.5303327 0.0665362 0.01174168 1 0.001956947 0.9941292 0.09197652 0.04305284 0.9980431 0.05283757 -0.03522505 0.9706458 0.2035225 -0.1291585 0.9706458 0.2035225 -0.1291585 0.9530333 0.2935421 -0.08023483 0.9960861 0.09001957 0.037182 0.9941292 0.08219178 0.06066536 0.9843444 -0.1780822 -0.02935421 0.6320939 0.3287671 0.7005871 0.6692759 0.06457926 0.739726 0.02348337 0.2054795 0.9784736 0 -0.1976517 0.9804305 0 -0.1976517 0.9804305 0 -0.1976517 0.9804305 0 -0.1976517 0.9804305 -0.009784736 0.001956947 1 -0.005870841 0.03913894 1 -0.009784736 0.2544031 0.9667319 0 0.003913894 1 0 0.003913894 1 -0.01174168 0.09001957 0.9960861 -0.001956947 0.01369863 1 0.01761252 0.03913894 1 -0.005870841 0.04305284 1 0.01369863 0.01565558 1 0.005870841 0.04696673 0.9980431 -0.02544031 0.01565558 1 0.02544031 0.04500978 0.9980431 0.001956947 0.01369863 1 0.02152642 0.001956947 1 0.05283757 0.02739726 0.9980431 -0.007827789 0.009784736 1 0 0.01369863 1 0 0.4422701 0.8962818 -0.05675147 0.02739726 0.9980431 -0.005870841 0.02935421 1 0.06262231 0.553816 0.8297456 -0.06262231 0.553816 0.8297456 0 0.9941292 0.1017613 0.09001957 0.9745597 0.2093934 -0.03131115 0.02935421 1 0.02935421 0.9941292 0.1017613 -0.02348337 0.8962818 0.444227 0.03131115 0.9941292 -0.109589 0.005870841 0.9980431 -0.05479452 0.02935421 0.9569471 0.2896282 0.01956947 0.9863014 0.1643836 0.01369863 1 0.005870841 0.005870841 1 0.02544031 -0.005870841 1 -0.001956947 -0.02348337 1 0.037182 0.06457926 0.9980431 0.04109589 0.005870841 0.9980431 0.04892368 0.3913894 0.9158513 -0.08219178 -0.0998043 0.9941292 -0.005870841 0.3913894 0.9158513 -0.08219178 0.2133072 0.9726027 0.08610567 0.2152642 0.9745597 0.04696673 0.2133072 0.9726027 0.08610567 0.2152642 0.9745597 0.04696673 0.1135029 0.9863014 -0.1213307 -0.005870841 0.9980431 -0.06457926 0.007827789 1 0 0.03131115 1 0.01565558 0.02544031 0.9960861 -0.08023483 0.003913894 1 -0.001956947 -0.02739726 1 0.007827789 0 1 -0.02935421 -0.001956947 1 -0.001956947 -0.001956947 1 -0.001956947 0.02152642 1 0.007827789 -0.01761252 0.9980431 -0.07436399 -0.03131115 1 0.01956947 -0.01565558 0.9980431 -0.0704501 -0.003913894 1 0.02935421 -0.009784736 1 -0.003913894 0.0332681 1 -0.001956947 -0.01174168 1 0 0.01956947 0.9980431 -0.07436399 -0.02348337 1 0.02544031 -0.001956947 1 -0.003913894 0.005870841 1 0.04305284 0.06849315 0.9960861 0.05870841 -0.1702544 0.9784736 -0.1193738 -0.1624266 0.9863014 0.01174168 -0.1624266 0.9863014 0.01174168 -0.0704501 0.9960861 -0.03131115 -0.1624266 0.9863014 0.01174168 -0.09589041 0.9960861 0.007827789 -0.001956947 1 0.001956947 0.02935421 1 0.009784736 0.01565558 0.9980431 -0.05675147 -0.111546 0.9921722 -0.06262231 -0.04696673 0.9902152 0.1369863 0.03913894 0.9863014 0.1585127 -0.06849315 0.9921722 0.1017613 0.0332681 0.9373777 0.3483366 -0.01174168 0.9373777 0.3483366 0.02544031 0.02935421 1 0.07827789 0.09001957 0.9921722 -0.04305284 0.9941292 0.1017613 -0.09393346 0.9863014 -0.1311155 0 1 0 0.001956947 0.0332681 1 0.001956947 0.005870841 1 0.01174168 0.04109589 1 -0.7358121 0.005870841 0.6771037 0.009784736 0.05870841 0.9980431 0 0.1526419 0.9882583 0.01369863 0.1291585 0.9921722 0 -0.04109589 1 0 -0.04109589 1 -0.01369863 -0.009784736 1 -0.7984344 0.1506849 0.5831702 -0.6164383 0.5596869 0.553816 -0.9921722 0.03522505 -0.1272016 -0.111546 0.9921722 -0.06262231 -0.9980431 0.03913894 -0.03522505 -0.09589041 0.9960861 0.007827789 -0.9980431 0.01565558 -0.05283757 -0.9941292 0.09393346 0.06262231 -0.0704501 0.9960861 -0.03131115 -1 0.02544031 0 -0.6927593 -0.005870841 0.7201566 -1 0.009784736 -0.03131115 0.037182 0.05870841 0.9980431 -0.8003914 0.07436399 0.5968689 -0.03913894 0.05088063 0.9980431 -0.01956947 0.03522505 1 -0.06457926 0.06457926 0.9960861 -0.7475538 0.0332681 0.6634051 -0.05479452 -0.02739726 0.9980431 -0.7984344 0.0998043 0.5949119 -0.6908023 0.2054795 0.6947162 -0.9960861 0.07632094 0.003913894 -0.9863014 0.1643836 -0.001956947 -0.7729941 -0.6340509 -0.03131115 -0.8297456 -0.55773 0 -0.8297456 -0.55773 0 -0.8297456 -0.55773 0 -0.8297456 -0.55773 0 -0.8473581 -0.5303327 0.003913894 -0.9843444 -0.1722113 -0.005870841 -0.7651663 -0.07240704 -0.6399217 -0.9941292 0.0998043 0.005870841 -0.8199608 0.2563601 -0.5127202 -0.9980431 0.02348337 -0.04892368 -0.08414873 0.2309198 -0.9686888 -0.04892368 0.08023483 -0.9960861 -0.7984344 0.2915851 -0.5264188 -0.02348337 0.08219178 -0.9960861 0.003913894 -0.0998043 -0.9941292 -0.09197652 0.04109589 -0.9941292 -0.08806262 0.09589041 -0.9921722 -0.003913894 0.04500978 -0.9980431 0.007827789 -0.1213307 -0.9921722 0 -0.111546 -0.9941292 0.003913894 -0.05870841 -0.9980431 -0.05283757 0.02935421 -0.9980431 -0.8688846 0.02739726 -0.4951076 -0.001956947 0.04500978 -0.9980431 0 -0.05283757 -0.9980431 -0.003913894 -0.0704501 -0.9980431 -1 0.03913894 -0.005870841 -0.7847358 0.03522505 -0.6183953 -1 0.02739726 -0.03131115 -0.005870841 0.02739726 -1 -1 0.01956947 0.037182 -0.9980431 0.04305284 -0.04500978 -0.1624266 0.9863014 0.01174168 -1 0.0332681 -0.01174168 -0.1624266 0.9863014 0.01174168 -0.9980431 0.03131115 0.04500978 -1 0.02544031 0.03522505 -0.1624266 0.9863014 0.01174168 -0.9960861 0.08414873 0.03522505 -0.1702544 0.9784736 -0.1193738 -0.8454012 0.02348337 -0.5322896 0.05479452 0.08219178 -0.9960861 0.01956947 0.9980431 -0.07436399 -0.007827789 0.0704501 -0.9980431 -0.04500978 0.1330724 -0.9902152 -0.01565558 0.9980431 -0.0704501 -0.003913894 0.02935421 -1 0.04696673 0.09589041 -0.9941292 -0.005870841 0.02935421 -1 0.04305284 0.0665362 -0.9960861 -0.01761252 0.9980431 -0.07436399 -0.02348337 0.02935421 -1 -0.04892368 0.06849315 -0.9960861 0.02935421 0.7455969 -0.667319 0 1 -0.02935421 0.05088063 0.03131115 -0.9980431 0.01174168 0.02348337 -1 0.01369863 0.109589 -0.9941292 -0.04109589 0.1213307 -0.9921722 0.02544031 0.9960861 -0.08023483 0.01369863 0.02739726 -1 0.03522505 0.07436399 -0.9960861 0.007827789 0.04500978 -0.9980431 0 -0.09589041 -0.9960861 0 -0.09589041 -0.9960861 -0.005870841 -0.1017613 -0.9941292 -0.01956947 0.02348337 -1 0.02348337 0.0665362 -0.9980431 0.01369863 0.2622309 -0.964775 0 -0.183953 -0.9823875 0 -0.183953 -0.9823875 0 -0.183953 -0.9823875 0.6692759 0.223092 -0.7084149 0.7162427 0.297456 -0.630137 0.9921722 -0.1272016 -0.02348337 0.9589041 0.2818004 -0.007827789 0.9843444 -0.1741683 -0.01565558 0.8962818 0.4383562 0.0704501 0.964775 0.2524462 0.07827789 0.9980431 0.04892368 0.01565558 0.9960861 0.03131115 0.08806262 0.7808219 0.05870841 -0.6223092 0.9941292 0.1017613 -0.02544031 1 0.04305284 0.003913894 0.9980431 0.04305284 0.005870841 0.05675147 0.0332681 -0.9980431 1 0.04305284 0.003913894 1 0.04109589 -0.01565558 0.7866927 0.01956947 -0.6164383 1 0.04500978 0 0.9726027 0.04892368 -0.223092 -0.03131115 0.01761252 -1 1 0.01956947 0.02935421 0.9960861 -0.04305284 0.07632094 0.9178082 -0.06457926 -0.3894325 0.9980431 0.04500978 -0.06262231 0.9882583 0.1232877 0.0998043 0.9980431 -0.07240704 0.01761252 0.2133072 0.9726027 0.08610567 0.3913894 0.9158513 -0.08219178 0.9980431 0.04500978 -0.06262231 0.2133072 0.9726027 0.08610567 0.2152642 0.9745597 0.04696673 0.9941292 0.08806262 0.04696673 0.7808219 0.06262231 -0.6203523 0.2152642 0.9745597 0.04696673 0.2152642 0.9745597 0.04696673 0.1135029 0.9863014 -0.1213307 -0.07240704 0.1448141 -0.9863014 -0.005870841 0.9980431 -0.06457926 -0.02152642 0.09001957 -0.9960861 -1 -0.0332681 0.001956947 -1 -0.0332681 0 -0.9941292 -0.05675147 0.09001957 -0.9921722 -0.07827789 0.08806262 -0.02935421 -0.9726027 -0.2348337 -0.01565558 -0.9726027 -0.2309198 0.01174168 -0.9980431 -0.05283757 0.01174168 -0.9980431 -0.05088063 0.001956947 0.9941292 0.0998043 0.001956947 0.9960861 0.09784736 0 1 -0.01174168 0 1 -0.01369863 0.1311155 -0.9921722 0 0 0 1 0 0 1 0.1506849 0.04892368 0.9882583 0.1037182 0.0332681 0.9941292 -0.02348337 0.02348337 1 -0.02348337 0.02348337 1 0 0 1 0.05088063 0.111546 -0.9921722 0.3855186 0.0332681 -0.9217221 0.06066536 0.08610567 -0.9941292 0.01174168 0.02935421 -1 0 0 -1 0 -1 0 0 -1 0 0 -1 0 0 -1 0 0 -1 0 -0.04109589 0.08219178 0.9960861 -0.3855186 0.01174168 0.9236791 -0.05283757 0.06262231 0.9960861 -0.009784736 0.02152642 1 0 0 1 -0.007827789 -0.005870841 1 -0.005870841 -0.01174168 1 0.009784736 -0.1682975 0.9863014 0.005870841 -0.1741683 0.9843444 0.5518591 0 0.8336595 0 1 0 0 1 0 0 1 0 0 1 0 0 1 0 -0.04109589 0.08219178 0.9960861 -0.3855186 0.01174168 0.9236791 -0.05283757 0.06262231 0.9960861 -0.009784736 0.02152642 1 0 0 1 0.9158513 0 -0.4011742 0.9158513 0 -0.3992172 1 0 -0.03913894 1 0 -0.03913894 1 0 0 1 0 0 -1 0 0 -1 0 0 -1 0 -0.03913894 -1 0 -0.03913894 -0.9158513 0 -0.4011742 -0.9158513 0 -0.4011742 1 0 0 1 0 0 1 0 0.03913894 1 0 0.03913894 0.9158513 0 0.4011742 0.9158513 0 0.4011742 -0.9158513 0 0.4011742 -0.9158513 0 0.3992172 -1 0 0.03913894 -1 0 0.03913894 -1 0 0 -1 0 0 0.05088063 0.111546 -0.9921722 0.3855186 0.0332681 -0.9217221 0.06066536 0.08610567 -0.9941292 0.01174168 0.02935421 -1 0 0 -1 0.9158513 0 -0.4011742 0.9158513 0 -0.3992172 1 0 -0.03913894 1 0 -0.03913894 1 0 0 1 0 0 -1 0 0 -1 0 0 -1 0 -0.03913894 -1 0 -0.03913894 -0.9158513 0 -0.4011742 -0.9158513 0 -0.4011742 1 0 0 1 0 0 1 0 0.03913894 1 0 0.03913894 0.9158513 0 0.4011742 0.9158513 0 0.4011742 -0.9158513 0 0.4011742 -0.9158513 0 0.3992172 -1 0 0.03913894 -1 0 0.03913894 -1 0 0 -1 0 0 -0.1506849 -0.0332681 0.9882583 -0.0332681 -0.005870841 1 0.09197652 -0.06066536 0.9941292 0.1017613 -0.06457926 0.9921722 0.01369863 -0.9980431 0.06457926 0.007827789 -0.9980431 0.04500978 -0.09589041 -0.9960861 -0.01956947 -0.09784736 -0.9941292 -0.02544031 -0.1682975 -0.07632094 -0.9823875 -0.1624266 -0.06849315 -0.9843444 0.08806262 -0.03131115 -0.9960861 0.09393346 -0.03131115 -0.9941292 -0.1330724 -0.03913894 0.9902152 -0.01761252 -0.01761252 1 -0.037182 -0.05870841 0.9980431 -0.2133072 -0.4011742 0.890411 -0.4422701 -0.8962818 0.0332681 -0.03522505 -0.9980431 -0.05088063 -0.01565558 -0.9980431 -0.0704501 -0.1017613 -0.06262231 -0.9921722 -0.09784736 -0.05870841 -0.9941292 -0.001956947 -0.03131115 -1 -0.001956947 -0.03131115 -1 -0.08219178 -0.02348337 -0.9960861 -0.09393346 -0.02544031 -0.9960861 -0.07240704 -0.03522505 0.9960861 -0.02152642 -0.01761252 1 0.09589041 -0.06262231 0.9941292 0.09784736 -0.06262231 0.9941292 -0.1526419 -0.9863014 0.06849315 -0.1506849 -0.9863014 0.05283757 0.03913894 -0.9980431 -0.02544031 0.04500978 -0.9980431 -0.05870841 -0.2837573 -0.08023483 -0.9549902 -0.2818004 -0.06066536 -0.9569471 -0.09784736 -0.037182 -0.9941292 -0.09197652 -0.037182 -0.9941292 0.08414873 -0.03522505 -0.9960861 0.09001957 -0.0332681 -0.9960861 -0.2289628 -0.04892368 -0.9726027 -0.2348337 -0.06457926 -0.9706458 0.07827789 -0.9941292 -0.07632094 0.06849315 -0.9960861 -0.037182 -0.3072407 -0.9510763 0.0332681 -0.2759295 -0.9569471 0.09197652 0.09001957 -0.06066536 0.9941292 0.07827789 -0.09001957 0.9921722 -0.1350294 -0.03131115 0.9902152 -0.06457926 -0.01174168 0.9980431 -1 0 0 -1 0 0 -1 0 0 -1 -0.02544031 -0.007827789 -1 -0.02544031 -0.007827789 -1 -0.02739726 0 -1 -0.02739726 0 -1 -0.02739726 0 -1 -0.02739726 0 -1 -0.005870841 0.005870841 -1 -0.005870841 0.005870841 -1 -0.01565558 -0.01565558 -1 -0.01761252 -0.01761252 -1 -0.02739726 -0.02935421 -1 0.03131115 0 -1 0.03131115 0 -1 0.02935421 0.01369863 -1 0.02935421 0.01369863 -1 0 0 -1 -0.001956947 0 -1 -0.02544031 -0.007827789 -1 -0.02544031 -0.007827789 -1 -0.02739726 0 -1 -0.02739726 0 -1 -0.02739726 0 -1 -0.02739726 0 -1 -0.003913894 0.003913894 -1 -0.003913894 0.003913894 -1 0 0 -0.01369863 0.07436399 -0.9980431 -0.4109589 0.1213307 -0.9041096 0.37182 0.037182 -0.9275929 0.479452 0.03131115 -0.8767123 0.4227006 -0.02935421 0.9060665 0.4383562 -0.02544031 0.8982387 -0.4344423 0.01761252 0.9001957 -0.4168297 0.02348337 0.9080235 -0.9921722 0.1232877 -0.01956947 -0.4109589 0.1213307 -0.9041096 -0.01369863 0.07436399 -0.9980431 -0.02739726 0.5283757 0.849315 -0.8082192 0.2270059 0.5440313 -0.2309198 0.0704501 0.9706458 -0.8003914 -0.1722113 0.5753425 -0.009784736 -0.3933464 0.9197652 -0.5890411 -0.7201566 -0.3679061 -0.960861 -0.037182 -0.2720157 -0.7064579 0.7084149 -0.037182 -0.518591 0.8551859 0.02935421 0.6203523 0.7827789 0.06262231 0.7847358 0.6164383 0.07632094 0.7416829 -0.6653621 -0.08414873 0.5792564 -0.8082192 -0.1076321 -0.5890411 -0.7201566 -0.3679061 -0.1154599 -0.9706458 -0.2093934 -0.960861 -0.037182 -0.2720157 -0.03913894 -0.4031311 -0.9138943 -0.81409 -0.1389433 -0.5655577 -0.2367906 0.0704501 -0.9686888 -0.8003914 0.2622309 -0.5401174 -0.009784736 0.5205479 -0.853229 0.003913894 -0.06457926 0.9980431 0.003913894 -0.06457926 0.9980431 0.003913894 -0.06457926 0.9980431 0.003913894 -0.06457926 0.9980431 0.003913894 -0.06457926 0.9980431 -0.5048923 -0.739726 -0.444227 -0.9491194 -0.111546 -0.2915851 -0.776908 0.62818 0.01565558 -0.6086106 0.7866927 0.0998043 0.5322896 0.8336595 0.146771 0.7123288 0.6849315 0.146771 0.8101761 -0.5714286 -0.1330724 0.6634051 -0.7279844 -0.1741683 -0.5048923 -0.739726 -0.444227 -0.009784736 -0.9530333 -0.3013699 -0.9491194 -0.111546 -0.2915851 0.01174168 -0.3150685 -0.9491194 -0.7886497 -0.1682975 -0.5909981 -0.2348337 0.1369863 -0.962818 -0.8199608 0.2270059 -0.5264188 -0.05870841 0.5949119 -0.8023483 -0.01565558 0.5988258 -0.8003914 0.7866927 0.3463796 -0.5107632 0.2309198 0.1722113 -0.9569471 0.816047 -0.04892368 -0.5753425 0.05283757 -0.3131115 -0.9491194 0.001956947 -0.1585127 0.9863014 0.001956947 -0.1585127 0.9863014 0.001956947 -0.1585127 0.9863014 0.001956947 -0.1585127 0.9863014 0.001956947 -0.1585127 0.9863014 0.9804305 0.05870841 -0.18591 1 0.0332681 0 1 0.0332681 -0.005870841 0.9784736 0.08219178 -0.1878669 0.6594912 0.7475538 -0.08610567 0.01369863 1 -0.001956947 0.01761252 1 0 -0.01369863 0.9980431 -0.04892368 -0.01174168 0.9980431 -0.05088063 -0.9980431 0.0665362 -0.01956947 -0.9980431 0.0665362 -0.01565558 -0.9980431 0.06066536 0 -0.01174168 0.9980431 -0.04892368 -0.9980431 0.06262231 0 -0.01174168 0.9980431 -0.05088063 0.01761252 0.9941292 -0.1056751 0.02935421 0.9941292 -0.1076321 0.9902152 0.07632094 0.1232877 0.9902152 0.06066536 0.1272016 1 0.037182 0.003913894 1 0.037182 0 0.05479452 -0.05675147 -0.9960861 -0.02348337 -0.02348337 -1 -0.02348337 -0.02348337 -1 0.01565558 -0.05479452 -0.9980431 0.01565558 -0.05479452 -0.9980431 0 -0.001956947 -1 1 0 0 1 0 0 1 0 0 1 0.02544031 -0.01761252 1 0.02544031 -0.01761252 1 0.02739726 0.003913894 1 0.02739726 0.003913894 1 -0.005870841 -0.005870841 1 -0.005870841 -0.005870841 1 0 0 1 -0.03131115 0 1 -0.03131115 0 1 -0.02935421 0.009784736 1 -0.02935421 0.009784736 1 0 0 1 0 0 1 0.003913894 0 1 0.003913894 0 1 0.01761252 0.01761252 1 0.01565558 0.01565558 1 0 0 1 0.02544031 -0.01761252 1 0.02544031 -0.01761252 1 0 0 1 0 0 1 0 0 1 0 0 1 0.001956947 0.001956947 -1 0.01956947 0.01956947 -1 0.01761252 0.01956947 -0.9980431 0.03131115 0.0332681 -1 0.003913894 -0.003913894 -1 0.003913894 -0.003913894 -1 0.02935421 0 -1 0.02935421 0 0.009784736 -0.05088063 0.9980431 -0.3874756 0.05675147 0.9197652 0.007827789 -0.04892368 0.9980431 -0.479452 0.06262231 0.8767123 -0.9960861 -0.08219178 -0.005870841 -0.9960861 -0.08610567 -0.009784736 -0.007827789 0.03522505 -1 -0.01369863 0.03522505 -1 0.3796478 0.07827789 -0.9217221 -0.001956947 0.02544031 -1 0.9902152 0.1330724 -0.007827789 0.9980431 -0.05283757 0.02152642 0.9980431 -0.06066536 0.01956947 0.007827789 -0.04892368 0.9980431 0.009784736 -0.05088063 0.9980431 0.03913894 -0.6849315 -0.7279844 0.02152642 0.8551859 -0.518591 0.007827789 0.6927593 -0.7221135 -0.02935421 0.7690802 0.6379648 -0.05675147 0.6007828 0.7984344 0.02935421 -0.6751468 0.7358121 0.04892368 -0.816047 0.5753425 0.03913894 -0.6849315 -0.7279844 0.08219178 -0.7827789 -0.6164383 -0.0332681 0.7671233 -0.6418787 -0.03522505 0.5753425 -0.8180039 -0.07827789 0.853229 0.5146771 -0.09393346 0.7084149 0.6986302 0.07240704 -0.553816 0.8297456 0.0998043 -0.7162427 0.6908023 0.08219178 -0.7827789 -0.6164383 0.702544 -0.7084149 0.07436399 0.5499021 0.8336595 -0.04500978 0.7475538 0.6634051 -0.05088063 -0.6105675 0.7886497 -0.07240704 -0.776908 0.6242661 -0.08414873 -0.7612525 -0.6438356 0.08806262 -0.6027398 -0.7886497 0.1135029 0.702544 -0.7084149 0.07436399 0.6594912 -0.7475538 0.07827789 0.5968689 0.8003914 -0.04892368 0.7827789 0.6183953 -0.05479452 -0.5636008 0.8219178 -0.07632094 -0.739726 0.667319 -0.08806262 -0.7964775 -0.5988258 0.09001957 -0.6477495 -0.7534246 0.1174168 0.6594912 -0.7475538 0.07827789 0.037182 0 -1 0 0 -1 0 0 -1 0.037182 0 -1 0.3835616 0 -0.9236791 0.3835616 0 -0.9236791 0 0 -1 0 0 -1 -0.03913894 0 -1 -0.03913894 0 -1 -0.3835616 0 -0.9236791 -0.3835616 0 -0.9236791 0 0 1 0 0 1 0.037182 0 1 0.037182 0 1 0.3835616 0 0.9236791 0.3835616 0 0.9236791 -0.037182 0 1 0 0 1 0 0 1 -0.037182 0 1 -0.3835616 0 0.9236791 -0.3835616 0 0.9236791 0.037182 0 -1 0 0 -1 0 0 -1 0.037182 0 -1 0.3835616 0 -0.9236791 0.3835616 0 -0.9236791 0 0 -1 0 0 -1 -0.03913894 0 -1 -0.03913894 0 -1 -0.3835616 0 -0.9236791 -0.3835616 0 -0.9236791 0 0 1 0 0 1 0.037182 0 1 0.037182 0 1 0.3835616 0 0.9236791 0.3835616 0 0.9236791 -0.037182 0 1 0 0 1 0 0 1 -0.037182 0 1 -0.3835616 0 0.9236791 -0.3835616 0 0.9236791 0.001956947 0.07632094 0.9980431 0.003913894 0.07632094 0.9980431 0.001956947 0.07632094 0.9980431 0.001956947 0.07632094 0.9980431 0.001956947 0.07632094 0.9980431 0.07436399 0.0665362 0.9941292 0.04500978 -0.01174168 0.9980431 0.5988258 -0.01956947 0.8003914 0.07827789 -0.1330724 0.9882583 0.2915851 -0.4324853 0.853229 0.2426614 -0.4931507 0.8356164 -0.003913894 0.06457926 -0.9980431 -0.003913894 0.06457926 -0.9980431 -0.003913894 0.06457926 -0.9980431 -0.003913894 0.06457926 -0.9980431 -0.003913894 0.06457926 -0.9980431 -0.003913894 0.06457926 -0.9980431 -0.003913894 0.06457926 -0.9980431 -0.003913894 0.06457926 -0.9980431 -0.003913894 0.06457926 -0.9980431 -0.003913894 0.06457926 -0.9980431 -0.003913894 0.06457926 -0.9980431 -0.001956947 0.1585127 -0.9863014 -0.001956947 0.1585127 -0.9863014 -0.001956947 0.1585127 -0.9863014 -0.001956947 0.1585127 -0.9863014 -0.001956947 0.1585127 -0.9863014 -0.001956947 0.1585127 -0.9863014 -0.001956947 0.1585127 -0.9863014 -0.001956947 0.1585127 -0.9863014 -0.001956947 0.1585127 -0.9863014 -0.001956947 0.1585127 -0.9863014 -0.003913894 0.1585127 -0.9863014 -0.001956947 0.1585127 -0.9863014 0.8277887 -0.479452 -0.295499 0.8043053 -0.5401174 -0.2485323 0.9902152 -0.1389433 -0.04305284 0.8082192 -0.05088063 -0.5870842 0.9980431 -0.05479452 -0.01761252 0.9980431 0 -0.05479452 1 0.007827789 0.01565558 1 0.007827789 0.01761252 1 0.007827789 0.01565558 1 0.007827789 0.01565558 0.8551859 -0.4657534 -0.2270059 0.8356164 -0.5205479 -0.1722113 0.9960861 -0.08219178 -0.03131115 0.8101761 -0.08806262 -0.5792564 1 0.003913894 -0.01761252 0.9960861 0.05479452 -0.06457926 0.9980431 0.07240704 0.005870841 0.9980431 0.07240704 0.005870841 0.9980431 0.07240704 0.005870841 0.9980431 0.07240704 0.005870841 0.2681018 -0.444227 0.8551859 0.2152642 -0.5029354 0.8375734 0.05283757 -0.07240704 0.9960861 0.5968689 -0.04892368 0.8003914 0.03522505 0.01565558 1 0.07827789 0.0665362 0.9941292 0.007827789 0.08023483 0.9960861 0.007827789 0.08023483 0.9960861 0.007827789 0.08023483 0.9960861 0.007827789 0.08023483 0.9960861</float_array>
          <technique_common>
            <accessor source="#CmFillerObjectAM1_pCube35_polySurface2__CmFillerObjectA03C-normal-array" count="3801" stride="3">
              <param name="X" type="float" />
              <param name="Y" type="float" />
              <param name="Z" type="float" />
            </accessor>
          </technique_common>
        </source>
        <source id="CmFillerObjectAM1_pCube35_polySurface2__CmFillerObjectA03C-color">
          <float_array id="CmFillerObjectAM1_pCube35_polySurface2__CmFillerObjectA03C-color-array" count="15204">0.454902 0.4196078 0.3882353 1 0.454902 0.4196078 0.3882353 1 0.454902 0.4196078 0.3882353 1 0.454902 0.4196078 0.3882353 1 0.454902 0.4196078 0.3882353 1 0.454902 0.4196078 0.3882353 1 0.454902 0.4196078 0.3882353 1 0.454902 0.4196078 0.3882353 1 0.454902 0.4196078 0.3882353 1 0.454902 0.4196078 0.3882353 1 0.454902 0.4196078 0.3882353 1 0.454902 0.4196078 0.3882353 1 0.454902 0.4196078 0.3882353 1 0.454902 0.4196078 0.3882353 1 0.454902 0.4196078 0.3882353 1 0.454902 0.4196078 0.3882353 1 0.454902 0.4196078 0.3882353 1 0.454902 0.4196078 0.3882353 1 0.454902 0.4196078 0.3882353 1 0.454902 0.4196078 0.3882353 1 0.454902 0.4196078 0.3882353 1 0.454902 0.4196078 0.3882353 1 0.454902 0.4196078 0.3882353 1 0.454902 0.4196078 0.3882353 1 0.454902 0.4196078 0.3882353 1 0.454902 0.4196078 0.3882353 1 0.454902 0.4196078 0.3882353 1 0.454902 0.4196078 0.3882353 1 0.454902 0.4196078 0.3882353 1 0.454902 0.4196078 0.3882353 1 0.454902 0.4196078 0.3882353 1 0.454902 0.4196078 0.3882353 1 0.454902 0.4196078 0.3882353 1 0.454902 0.4196078 0.3882353 1 0.454902 0.4196078 0.3882353 1 0.454902 0.4196078 0.3882353 1 0.454902 0.4196078 0.3882353 1 0.454902 0.4196078 0.3882353 1 0.454902 0.4196078 0.3882353 1 0.454902 0.4196078 0.3882353 1 0.454902 0.4196078 0.3882353 1 0.454902 0.4196078 0.3882353 1 0.454902 0.4196078 0.3882353 1 0.454902 0.4196078 0.3882353 1 0.454902 0.4196078 0.3882353 1 0.454902 0.4196078 0.3882353 1 0.454902 0.4196078 0.3882353 1 0.454902 0.4196078 0.3882353 1 0.454902 0.4196078 0.3882353 1 0.454902 0.4196078 0.3882353 1 0.454902 0.4196078 0.3882353 1 0.454902 0.4196078 0.3882353 1 0.454902 0.4196078 0.3882353 1 0.454902 0.4196078 0.3882353 1 0.454902 0.4196078 0.3882353 1 0.454902 0.4196078 0.3882353 1 0.454902 0.4196078 0.3882353 1 0.454902 0.4196078 0.3882353 1 0.454902 0.4196078 0.3882353 1 0.454902 0.4196078 0.3882353 1 0.454902 0.4196078 0.3882353 1 0.454902 0.4196078 0.3882353 1 0.454902 0.4196078 0.3882353 1 0.454902 0.4196078 0.3882353 1 0.454902 0.4196078 0.3882353 1 0.454902 0.4196078 0.3882353 1 0.454902 0.4196078 0.3882353 1 0.454902 0.4196078 0.3882353 1 0.454902 0.4196078 0.3882353 1 0.454902 0.4196078 0.3882353 1 0.454902 0.4196078 0.3882353 1 0.454902 0.4196078 0.3882353 1 0.454902 0.4196078 0.3882353 1 0.454902 0.4196078 0.3882353 1 0.454902 0.4196078 0.3882353 1 0.454902 0.4196078 0.3882353 1 0.454902 0.4196078 0.3882353 1 0.454902 0.4196078 0.3882353 1 0.454902 0.4196078 0.3882353 1 0.454902 0.4196078 0.3882353 1 0.454902 0.4196078 0.3882353 1 0.454902 0.4196078 0.3882353 1 0.454902 0.4196078 0.3882353 1 0.454902 0.4196078 0.3882353 1 0.454902 0.4196078 0.3882353 1 0.454902 0.4196078 0.3882353 1 0.454902 0.4196078 0.3882353 1 0.454902 0.4196078 0.3882353 1 0.454902 0.4196078 0.3882353 1 0.454902 0.4196078 0.3882353 1 0.454902 0.4196078 0.3882353 1 0.454902 0.4196078 0.3882353 1 0.454902 0.4196078 0.3882353 1 0.454902 0.4196078 0.3882353 1 0.454902 0.4196078 0.3882353 1 0.454902 0.4196078 0.3882353 1 0.454902 0.4196078 0.3882353 1 0.454902 0.4196078 0.3882353 1 0.454902 0.4196078 0.3882353 1 0.454902 0.4196078 0.3882353 1 0.454902 0.4196078 0.3882353 1 0.454902 0.4196078 0.3882353 1 0.454902 0.4196078 0.3882353 1 0.454902 0.4196078 0.3882353 1 0.454902 0.4196078 0.3882353 1 0.454902 0.4196078 0.3882353 1 0.454902 0.4196078 0.3882353 1 0.454902 0.4196078 0.3882353 1 0.454902 0.4196078 0.3882353 1 0.454902 0.4196078 0.3882353 1 0.454902 0.4196078 0.3882353 1 0.454902 0.4196078 0.3882353 1 0.454902 0.4196078 0.3882353 1 0.454902 0.4196078 0.3882353 1 0.454902 0.4196078 0.3882353 1 0.454902 0.4196078 0.3882353 1 0.454902 0.4196078 0.3882353 1 0.454902 0.4196078 0.3882353 1 0.454902 0.4196078 0.3882353 1 0.454902 0.4196078 0.3882353 1 0.454902 0.4196078 0.3882353 1 0.454902 0.4196078 0.3882353 1 0.454902 0.4196078 0.3882353 1 0.454902 0.4196078 0.3882353 1 0.454902 0.4196078 0.3882353 1 0.454902 0.4196078 0.3882353 1 0.454902 0.4196078 0.3882353 1 0.454902 0.4196078 0.3882353 1 0.454902 0.4196078 0.3882353 1 0.454902 0.4196078 0.3882353 1 0.454902 0.4196078 0.3882353 1 0.454902 0.4196078 0.3882353 1 0.454902 0.4196078 0.3882353 1 0.454902 0.4196078 0.3882353 1 0.454902 0.4196078 0.3882353 1 0.454902 0.4196078 0.3882353 1 0.454902 0.4196078 0.3882353 1 0.454902 0.4196078 0.3882353 1 0.454902 0.4196078 0.3882353 1 0.454902 0.4196078 0.3882353 1 0.454902 0.4196078 0.3882353 1 0.454902 0.4196078 0.3882353 1 0.454902 0.4196078 0.3882353 1 0.454902 0.4196078 0.3882353 1 0.454902 0.4196078 0.3882353 1 0.454902 0.4196078 0.3882353 1 0.454902 0.4196078 0.3882353 1 0.454902 0.4196078 0.3882353 1 0.454902 0.4196078 0.3882353 1 0.454902 0.4196078 0.3882353 1 0.454902 0.4196078 0.3882353 1 0.454902 0.4196078 0.3882353 1 0.454902 0.4196078 0.3882353 1 0.454902 0.4196078 0.3882353 1 0.454902 0.4196078 0.3882353 1 0.454902 0.4196078 0.3882353 1 0.454902 0.4196078 0.3882353 1 0.454902 0.4196078 0.3882353 1 0.454902 0.4196078 0.3882353 1 0.454902 0.4196078 0.3882353 1 0.454902 0.4196078 0.3882353 1 0.454902 0.4196078 0.3882353 1 0.454902 0.4196078 0.3882353 1 0.454902 0.4196078 0.3882353 1 0.454902 0.4196078 0.3882353 1 0.454902 0.4196078 0.3882353 1 0.454902 0.4196078 0.3882353 1 0.454902 0.4196078 0.3882353 1 0.454902 0.4196078 0.3882353 1 0.454902 0.4196078 0.3882353 1 0.454902 0.4196078 0.3882353 1 0.454902 0.4196078 0.3882353 1 0.454902 0.4196078 0.3882353 1 0.454902 0.4196078 0.3882353 1 0.454902 0.4196078 0.3882353 1 0.454902 0.4196078 0.3882353 1 0.454902 0.4196078 0.3882353 1 0.454902 0.4196078 0.3882353 1 0.454902 0.4196078 0.3882353 1 0.454902 0.4196078 0.3882353 1 0.454902 0.4196078 0.3882353 1 0.454902 0.4196078 0.3882353 1 0.454902 0.4196078 0.3882353 1 0.454902 0.4196078 0.3882353 1 0.454902 0.4196078 0.3882353 1 0.454902 0.4196078 0.3882353 1 0.454902 0.4196078 0.3882353 1 0.454902 0.4196078 0.3882353 1 0.454902 0.4196078 0.3882353 1 0.454902 0.4196078 0.3882353 1 0.454902 0.4196078 0.3882353 1 0.454902 0.4196078 0.3882353 1 0.454902 0.4196078 0.3882353 1 0.454902 0.4196078 0.3882353 1 0.454902 0.4196078 0.3882353 1 0.454902 0.4196078 0.3882353 1 0.454902 0.4196078 0.3882353 1 0.454902 0.4196078 0.3882353 1 0.454902 0.4196078 0.3882353 1 0.454902 0.4196078 0.3882353 1 0.5019608 0.5019608 0.5019608 1 0.5019608 0.5019608 0.5019608 1 0.5019608 0.5019608 0.5019608 1 0.5019608 0.5019608 0.5019608 1 0.5019608 0.5019608 0.5019608 1 0.5019608 0.5019608 0.5019608 1 0.5019608 0.5019608 0.5019608 1 0.5019608 0.5019608 0.5019608 1 0.5019608 0.5019608 0.5019608 1 0.5019608 0.5019608 0.5019608 1 0.5019608 0.5019608 0.5019608 1 0.5019608 0.5019608 0.5019608 1 0.5019608 0.5019608 0.5019608 1 0.5019608 0.5019608 0.5019608 1 0.5019608 0.5019608 0.5019608 1 0.5019608 0.5019608 0.5019608 1 0.5019608 0.5019608 0.5019608 1 0.5019608 0.5019608 0.5019608 1 0.5019608 0.5019608 0.5019608 1 0.5019608 0.5019608 0.5019608 1 0.5019608 0.5019608 0.5019608 1 0.5019608 0.5019608 0.5019608 1 0.5019608 0.5019608 0.5019608 1 0.5019608 0.5019608 0.5019608 1 0.5019608 0.5019608 0.5019608 1 0.5019608 0.5019608 0.5019608 1 0.5019608 0.5019608 0.5019608 1 0.5019608 0.5019608 0.5019608 1 0.5019608 0.5019608 0.5019608 1 0.5019608 0.5019608 0.5019608 1 0.5019608 0.5019608 0.5019608 1 0.5019608 0.5019608 0.5019608 1 0.5019608 0.5019608 0.5019608 1 0.5019608 0.5019608 0.5019608 1 0.5019608 0.5019608 0.5019608 1 0.5019608 0.5019608 0.5019608 1 0.5019608 0.5019608 0.5019608 1 0.5019608 0.5019608 0.5019608 1 0.5019608 0.5019608 0.5019608 1 0.5019608 0.5019608 0.5019608 1 0.5019608 0.5019608 0.5019608 1 0.5019608 0.5019608 0.5019608 1 0.5019608 0.5019608 0.5019608 1 0.5019608 0.5019608 0.5019608 1 0.5019608 0.5019608 0.5019608 1 0.5019608 0.5019608 0.5019608 1 0.5019608 0.5019608 0.5019608 1 0.5019608 0.5019608 0.5019608 1 0.5019608 0.5019608 0.5019608 1 0.5019608 0.5019608 0.5019608 1 0.5019608 0.5019608 0.5019608 1 0.5019608 0.5019608 0.5019608 1 0.5019608 0.5019608 0.5019608 1 0.5019608 0.5019608 0.5019608 1 0.5019608 0.5019608 0.5019608 1 0.5019608 0.5019608 0.5019608 1 0.5019608 0.5019608 0.5019608 1 0.5019608 0.5019608 0.5019608 1 0.5019608 0.5019608 0.5019608 1 0.5019608 0.5019608 0.5019608 1 0.5019608 0.5019608 0.5019608 1 0.5019608 0.5019608 0.5019608 1 0.5019608 0.5019608 0.5019608 1 0.5019608 0.5019608 0.5019608 1 0.5019608 0.5019608 0.5019608 1 0.5019608 0.5019608 0.5019608 1 0.5019608 0.5019608 0.5019608 1 0.5019608 0.5019608 0.5019608 1 0.5019608 0.5019608 0.5019608 1 0.5019608 0.5019608 0.5019608 1 0.5019608 0.5019608 0.5019608 1 0.5019608 0.5019608 0.5019608 1 0.5019608 0.5019608 0.5019608 1 0.5019608 0.5019608 0.5019608 1 0.5019608 0.5019608 0.5019608 1 0.5019608 0.5019608 0.5019608 1 0.5019608 0.5019608 0.5019608 1 0.5019608 0.5019608 0.5019608 1 0.5019608 0.5019608 0.5019608 1 0.5019608 0.5019608 0.5019608 1 0.5019608 0.5019608 0.5019608 1 0.5019608 0.5019608 0.5019608 1 0.5019608 0.5019608 0.5019608 1 0.5019608 0.5019608 0.5019608 1 0.5019608 0.5019608 0.5019608 1 0.5019608 0.5019608 0.5019608 1 0.5019608 0.5019608 0.5019608 1 0.5019608 0.5019608 0.5019608 1 0.5019608 0.5019608 0.5019608 1 0.5019608 0.5019608 0.5019608 1 0.5019608 0.5019608 0.5019608 1 0.5019608 0.5019608 0.5019608 1 0.5019608 0.5019608 0.5019608 1 0.5019608 0.5019608 0.5019608 1 0.5019608 0.5019608 0.5019608 1 0.5019608 0.5019608 0.5019608 1 0.5019608 0.5019608 0.5019608 1 0.5019608 0.5019608 0.5019608 1 0.5019608 0.5019608 0.5019608 1 0.5019608 0.5019608 0.5019608 1 0.5019608 0.5019608 0.5019608 1 0.5019608 0.5019608 0.5019608 1 0.5019608 0.5019608 0.5019608 1 0.5019608 0.5019608 0.5019608 1 0.5019608 0.5019608 0.5019608 1 0.5019608 0.5019608 0.5019608 1 0.5019608 0.5019608 0.5019608 1 0.5019608 0.5019608 0.5019608 1 0.5019608 0.5019608 0.5019608 1 0.5019608 0.5019608 0.5019608 1 0.5019608 0.5019608 0.5019608 1 0.5019608 0.5019608 0.5019608 1 0.5019608 0.5019608 0.5019608 1 0.5019608 0.5019608 0.5019608 1 0.5019608 0.5019608 0.5019608 1 0.5019608 0.5019608 0.5019608 1 0.5019608 0.5019608 0.5019608 1 0.5019608 0.5019608 0.5019608 1 0.5019608 0.5019608 0.5019608 1 0.5019608 0.5019608 0.5019608 1 0.5019608 0.5019608 0.5019608 1 0.5019608 0.5019608 0.5019608 1 0.5019608 0.5019608 0.5019608 1 0.5019608 0.5019608 0.5019608 1 0.5019608 0.5019608 0.5019608 1 0.5019608 0.5019608 0.5019608 1 0.5019608 0.5019608 0.5019608 1 0.5019608 0.5019608 0.5019608 1 0.5019608 0.5019608 0.5019608 1 0.5019608 0.5019608 0.5019608 1 0.5019608 0.5019608 0.5019608 1 0.5019608 0.5019608 0.5019608 1 0.5019608 0.5019608 0.5019608 1 0.5019608 0.5019608 0.5019608 1 0.5019608 0.5019608 0.5019608 1 0.5019608 0.5019608 0.5019608 1 0.5019608 0.5019608 0.5019608 1 0.5019608 0.5019608 0.5019608 1 0.5019608 0.5019608 0.5019608 1 0.5019608 0.5019608 0.5019608 1 0.5019608 0.5019608 0.5019608 1 0.5019608 0.5019608 0.5019608 1 0.5019608 0.5019608 0.5019608 1 0.5019608 0.5019608 0.5019608 1 0.5019608 0.5019608 0.5019608 1 0.5019608 0.5019608 0.5019608 1 0.5019608 0.5019608 0.5019608 1 0.5019608 0.5019608 0.5019608 1 0.5019608 0.5019608 0.5019608 1 0.5019608 0.5019608 0.5019608 1 0.5019608 0.5019608 0.5019608 1 0.5019608 0.5019608 0.5019608 1 0.5019608 0.5019608 0.5019608 1 0.5019608 0.5019608 0.5019608 1 0.5019608 0.5019608 0.5019608 1 0.5019608 0.5019608 0.5019608 1 0.5019608 0.5019608 0.5019608 1 0.5019608 0.5019608 0.5019608 1 0.5019608 0.5019608 0.5019608 1 0.5019608 0.5019608 0.5019608 1 0.5019608 0.5019608 0.5019608 1 0.5019608 0.5019608 0.5019608 1 0.5019608 0.5019608 0.5019608 1 0.5019608 0.5019608 0.5019608 1 0.5019608 0.5019608 0.5019608 1 0.5019608 0.5019608 0.5019608 1 0.5019608 0.5019608 0.5019608 1 0.5019608 0.5019608 0.5019608 1 0.1921569 0.3686275 0.5490196 1 0.1921569 0.3686275 0.5490196 1 0.1921569 0.3686275 0.5490196 1 0.1921569 0.3686275 0.5490196 1 0.5019608 0.5019608 0.5019608 1 0.5019608 0.5019608 0.5019608 1 0.5019608 0.5019608 0.5019608 1 0.5019608 0.5019608 0.5019608 1 0.5019608 0.5019608 0.5019608 1 0.5019608 0.5019608 0.5019608 1 0.5019608 0.5019608 0.5019608 1 0.5019608 0.5019608 0.5019608 1 0.5019608 0.5019608 0.5019608 1 0.5019608 0.5019608 0.5019608 1 0.5019608 0.5019608 0.5019608 1 0.5019608 0.5019608 0.5019608 1 0.5019608 0.5019608 0.5019608 1 0.5019608 0.5019608 0.5019608 1 0.5019608 0.5019608 0.5019608 1 0.5019608 0.5019608 0.5019608 1 0.5019608 0.5019608 0.5019608 1 0.5019608 0.5019608 0.5019608 1 0.5019608 0.5019608 0.5019608 1 0.5019608 0.5019608 0.5019608 1 0.5019608 0.5019608 0.5019608 1 0.5019608 0.5019608 0.5019608 1 0.5019608 0.5019608 0.5019608 1 0.5019608 0.5019608 0.5019608 1 0.5019608 0.5019608 0.5019608 1 0.5019608 0.5019608 0.5019608 1 0.5019608 0.5019608 0.5019608 1 0.5019608 0.5019608 0.5019608 1 0.5019608 0.5019608 0.5019608 1 0.5019608 0.5019608 0.5019608 1 0.5019608 0.5019608 0.5019608 1 0.5019608 0.5019608 0.5019608 1 0.5019608 0.5019608 0.5019608 1 0.5019608 0.5019608 0.5019608 1 0.5019608 0.5019608 0.5019608 1 0.5019608 0.5019608 0.5019608 1 0.5019608 0.5019608 0.5019608 1 0.5019608 0.5019608 0.5019608 1 0.5019608 0.5019608 0.5019608 1 0.5019608 0.5019608 0.5019608 1 0.5019608 0.5019608 0.5019608 1 0.5019608 0.5019608 0.5019608 1 0.5019608 0.5019608 0.5019608 1 0.5019608 0.5019608 0.5019608 1 0.5019608 0.5019608 0.5019608 1 0.5019608 0.5019608 0.5019608 1 0.5019608 0.5019608 0.5019608 1 0.5019608 0.5019608 0.5019608 1 0.5019608 0.5019608 0.5019608 1 0.5019608 0.5019608 0.5019608 1 0.5019608 0.5019608 0.5019608 1 0.5019608 0.5019608 0.5019608 1 0.5019608 0.5019608 0.5019608 1 0.5019608 0.5019608 0.5019608 1 0.5019608 0.5019608 0.5019608 1 0.5019608 0.5019608 0.5019608 1 0.5019608 0.5019608 0.5019608 1 0.5019608 0.5019608 0.5019608 1 0.5019608 0.5019608 0.5019608 1 0.5019608 0.5019608 0.5019608 1 0.5019608 0.5019608 0.5019608 1 0.5019608 0.5019608 0.5019608 1 0.5019608 0.5019608 0.5019608 1 0.5019608 0.5019608 0.5019608 1 0.5019608 0.5019608 0.5019608 1 0.5019608 0.5019608 0.5019608 1 0.5019608 0.5019608 0.5019608 1 0.5019608 0.5019608 0.5019608 1 0.5019608 0.5019608 0.5019608 1 0.5019608 0.5019608 0.5019608 1 0.5019608 0.5019608 0.5019608 1 0.5019608 0.5019608 0.5019608 1 0.5019608 0.5019608 0.5019608 1 0.5019608 0.5019608 0.5019608 1 0.5019608 0.5019608 0.5019608 1 0.5019608 0.5019608 0.5019608 1 0.5019608 0.5019608 0.5019608 1 0.5019608 0.5019608 0.5019608 1 0.5019608 0.5019608 0.5019608 1 0.5019608 0.5019608 0.5019608 1 0.5019608 0.5019608 0.5019608 1 0.5019608 0.5019608 0.5019608 1 0.5019608 0.5019608 0.5019608 1 0.5019608 0.5019608 0.5019608 1 0.5019608 0.5019608 0.5019608 1 0.5019608 0.5019608 0.5019608 1 0.5019608 0.5019608 0.5019608 1 0.5019608 0.5019608 0.5019608 1 0.5019608 0.5019608 0.5019608 1 0.5019608 0.5019608 0.5019608 1 0.5019608 0.5019608 0.5019608 1 0.5019608 0.5019608 0.5019608 1 0.5019608 0.5019608 0.5019608 1 0.5019608 0.5019608 0.5019608 1 0.5019608 0.5019608 0.5019608 1 0.5019608 0.5019608 0.5019608 1 0.5019608 0.5019608 0.5019608 1 0.5019608 0.5019608 0.5019608 1 0.5019608 0.5019608 0.5019608 1 0.5019608 0.5019608 0.5019608 1 0.5019608 0.5019608 0.5019608 1 0.5019608 0.5019608 0.5019608 1 0.5019608 0.5019608 0.5019608 1 0.5019608 0.5019608 0.5019608 1 0.5019608 0.5019608 0.5019608 1 0.5019608 0.5019608 0.5019608 1 0.5019608 0.5019608 0.5019608 1 0.5019608 0.5019608 0.5019608 1 0.5019608 0.5019608 0.5019608 1 0.5019608 0.5019608 0.5019608 1 0.5019608 0.5019608 0.5019608 1 0.5019608 0.5019608 0.5019608 1 0.5019608 0.5019608 0.5019608 1 0.5019608 0.5019608 0.5019608 1 0.5019608 0.5019608 0.5019608 1 0.5019608 0.5019608 0.5019608 1 0.5019608 0.5019608 0.5019608 1 0.5019608 0.5019608 0.5019608 1 0.5019608 0.5019608 0.5019608 1 0.5019608 0.5019608 0.5019608 1 0.5019608 0.5019608 0.5019608 1 0.5019608 0.5019608 0.5019608 1 0.5019608 0.5019608 0.5019608 1 0.5019608 0.5019608 0.5019608 1 0.5019608 0.5019608 0.5019608 1 0.5019608 0.5019608 0.5019608 1 0.454902 0.4196078 0.3882353 1 0.454902 0.4196078 0.3882353 1 0.454902 0.4196078 0.3882353 1 0.454902 0.4196078 0.3882353 1 0.454902 0.4196078 0.3882353 1 0.454902 0.4196078 0.3882353 1 0.454902 0.4196078 0.3882353 1 0.454902 0.4196078 0.3882353 1 0.454902 0.4196078 0.3882353 1 0.454902 0.4196078 0.3882353 1 0.454902 0.4196078 0.3882353 1 0.454902 0.4196078 0.3882353 1 0.454902 0.4196078 0.3882353 1 0.454902 0.4196078 0.3882353 1 0.454902 0.4196078 0.3882353 1 0.454902 0.4196078 0.3882353 1 0.454902 0.4196078 0.3882353 1 0.454902 0.4196078 0.3882353 1 0.454902 0.4196078 0.3882353 1 0.454902 0.4196078 0.3882353 1 0.454902 0.4196078 0.3882353 1 0.454902 0.4196078 0.3882353 1 0.454902 0.4196078 0.3882353 1 0.454902 0.4196078 0.3882353 1 0.454902 0.4196078 0.3882353 1 0.454902 0.4196078 0.3882353 1 0.454902 0.4196078 0.3882353 1 0.454902 0.4196078 0.3882353 1 0.454902 0.4196078 0.3882353 1 0.454902 0.4196078 0.3882353 1 0.454902 0.4196078 0.3882353 1 0.454902 0.4196078 0.3882353 1 0.454902 0.4196078 0.3882353 1 0.454902 0.4196078 0.3882353 1 0.454902 0.4196078 0.3882353 1 0.454902 0.4196078 0.3882353 1 0.454902 0.4196078 0.3882353 1 0.454902 0.4196078 0.3882353 1 0.454902 0.4196078 0.3882353 1 0.454902 0.4196078 0.3882353 1 0.454902 0.4196078 0.3882353 1 0.454902 0.4196078 0.3882353 1 0.454902 0.4196078 0.3882353 1 0.454902 0.4196078 0.3882353 1 0.454902 0.4196078 0.3882353 1 0.454902 0.4196078 0.3882353 1 0.454902 0.4196078 0.3882353 1 0.454902 0.4196078 0.3882353 1 0.454902 0.4196078 0.3882353 1 0.454902 0.4196078 0.3882353 1 0.454902 0.4196078 0.3882353 1 0.454902 0.4196078 0.3882353 1 0.454902 0.4196078 0.3882353 1 0.454902 0.4196078 0.3882353 1 0.454902 0.4196078 0.3882353 1 0.454902 0.4196078 0.3882353 1 0.454902 0.4196078 0.3882353 1 0.454902 0.4196078 0.3882353 1 0.454902 0.4196078 0.3882353 1 0.454902 0.4196078 0.3882353 1 0.454902 0.4196078 0.3882353 1 0.454902 0.4196078 0.3882353 1 0.454902 0.4196078 0.3882353 1 0.454902 0.4196078 0.3882353 1 0.454902 0.4196078 0.3882353 1 0.454902 0.4196078 0.3882353 1 0.454902 0.4196078 0.3882353 1 0.454902 0.4196078 0.3882353 1 0.454902 0.4196078 0.3882353 1 0.454902 0.4196078 0.3882353 1 0.454902 0.4196078 0.3882353 1 0.454902 0.4196078 0.3882353 1 0.454902 0.4196078 0.3882353 1 0.454902 0.4196078 0.3882353 1 0.454902 0.4196078 0.3882353 1 0.454902 0.4196078 0.3882353 1 0.454902 0.4196078 0.3882353 1 0.454902 0.4196078 0.3882353 1 0.454902 0.4196078 0.3882353 1 0.454902 0.4196078 0.3882353 1 0.454902 0.4196078 0.3882353 1 0.454902 0.4196078 0.3882353 1 0.454902 0.4196078 0.3882353 1 0.454902 0.4196078 0.3882353 1 0.454902 0.4196078 0.3882353 1 0.454902 0.4196078 0.3882353 1 0.454902 0.4196078 0.3882353 1 0.454902 0.4196078 0.3882353 1 0.454902 0.4196078 0.3882353 1 0.454902 0.4196078 0.3882353 1 0.454902 0.4196078 0.3882353 1 0.454902 0.4196078 0.3882353 1 0.454902 0.4196078 0.3882353 1 0.454902 0.4196078 0.3882353 1 0.454902 0.4196078 0.3882353 1 0.454902 0.4196078 0.3882353 1 0.454902 0.4196078 0.3882353 1 0.454902 0.4196078 0.3882353 1 0.454902 0.4196078 0.3882353 1 0.454902 0.4196078 0.3882353 1 0.454902 0.4196078 0.3882353 1 0.454902 0.4196078 0.3882353 1 0.454902 0.4196078 0.3882353 1 0.454902 0.4196078 0.3882353 1 0.454902 0.4196078 0.3882353 1 0.454902 0.4196078 0.3882353 1 0.454902 0.4196078 0.3882353 1 0.454902 0.4196078 0.3882353 1 0.454902 0.4196078 0.3882353 1 0.454902 0.4196078 0.3882353 1 0.454902 0.4196078 0.3882353 1 0.454902 0.4196078 0.3882353 1 0.5019608 0.5019608 0.5019608 1 0.5019608 0.5019608 0.5019608 1 0.5019608 0.5019608 0.5019608 1 0.5019608 0.5019608 0.5019608 1 0.5019608 0.5019608 0.5019608 1 0.5019608 0.5019608 0.5019608 1 0.5019608 0.5019608 0.5019608 1 0.5019608 0.5019608 0.5019608 1 0.5019608 0.5019608 0.5019608 1 0.5019608 0.5019608 0.5019608 1 0.5019608 0.5019608 0.5019608 1 0.5019608 0.5019608 0.5019608 1 0.5019608 0.5019608 0.5019608 1 0.5019608 0.5019608 0.5019608 1 0.5019608 0.5019608 0.5019608 1 0.5019608 0.5019608 0.5019608 1 0.5019608 0.5019608 0.5019608 1 0.5019608 0.5019608 0.5019608 1 0.5019608 0.5019608 0.5019608 1 0.5019608 0.5019608 0.5019608 1 0.5019608 0.5019608 0.5019608 1 0.5019608 0.5019608 0.5019608 1 0.5019608 0.5019608 0.5019608 1 0.5019608 0.5019608 0.5019608 1 0.5019608 0.5019608 0.5019608 1 0.5019608 0.5019608 0.5019608 1 0.5019608 0.5019608 0.5019608 1 0.5019608 0.5019608 0.5019608 1 0.5019608 0.5019608 0.5019608 1 0.5019608 0.5019608 0.5019608 1 0.5019608 0.5019608 0.5019608 1 0.5019608 0.5019608 0.5019608 1 0.5019608 0.5019608 0.5019608 1 0.5019608 0.5019608 0.5019608 1 0.5019608 0.5019608 0.5019608 1 0.5019608 0.5019608 0.5019608 1 0.5019608 0.5019608 0.5019608 1 0.5019608 0.5019608 0.5019608 1 0.5019608 0.5019608 0.5019608 1 0.5019608 0.5019608 0.5019608 1 0.5019608 0.5019608 0.5019608 1 0.5019608 0.5019608 0.5019608 1 0.5019608 0.5019608 0.5019608 1 0.5019608 0.5019608 0.5019608 1 0.5019608 0.5019608 0.5019608 1 0.5019608 0.5019608 0.5019608 1 0.5019608 0.5019608 0.5019608 1 0.5019608 0.5019608 0.5019608 1 0.5019608 0.5019608 0.5019608 1 0.5019608 0.5019608 0.5019608 1 0.5019608 0.5019608 0.5019608 1 0.5019608 0.5019608 0.5019608 1 0.5019608 0.5019608 0.5019608 1 0.5019608 0.5019608 0.5019608 1 0.5019608 0.5019608 0.5019608 1 0.5019608 0.5019608 0.5019608 1 0.5019608 0.5019608 0.5019608 1 0.5019608 0.5019608 0.5019608 1 0.5019608 0.5019608 0.5019608 1 0.5019608 0.5019608 0.5019608 1 0.5019608 0.5019608 0.5019608 1 0.5019608 0.5019608 0.5019608 1 0.5019608 0.5019608 0.5019608 1 0.5019608 0.5019608 0.5019608 1 0.5019608 0.5019608 0.5019608 1 0.5019608 0.5019608 0.5019608 1 0.5019608 0.5019608 0.5019608 1 0.5019608 0.5019608 0.5019608 1 0.5019608 0.5019608 0.5019608 1 0.5019608 0.5019608 0.5019608 1 0.5019608 0.5019608 0.5019608 1 0.5019608 0.5019608 0.5019608 1 0.5019608 0.5019608 0.5019608 1 0.5019608 0.5019608 0.5019608 1 0.5019608 0.5019608 0.5019608 1 0.5019608 0.5019608 0.5019608 1 0.5019608 0.5019608 0.5019608 1 0.5019608 0.5019608 0.5019608 1 0.5019608 0.5019608 0.5019608 1 0.5019608 0.5019608 0.5019608 1 0.5019608 0.5019608 0.5019608 1 0.5019608 0.5019608 0.5019608 1 0.5019608 0.5019608 0.5019608 1 0.5019608 0.5019608 0.5019608 1 0.5019608 0.5019608 0.5019608 1 0.5019608 0.5019608 0.5019608 1 0.5019608 0.5019608 0.5019608 1 0.5019608 0.5019608 0.5019608 1 0.5019608 0.5019608 0.5019608 1 0.5019608 0.5019608 0.5019608 1 0.5019608 0.5019608 0.5019608 1 0.5019608 0.5019608 0.5019608 1 0.5019608 0.5019608 0.5019608 1 0.5019608 0.5019608 0.5019608 1 0.5019608 0.5019608 0.5019608 1 0.5019608 0.5019608 0.5019608 1 0.5019608 0.5019608 0.5019608 1 0.5019608 0.5019608 0.5019608 1 0.5019608 0.5019608 0.5019608 1 0.5019608 0.5019608 0.5019608 1 0.5019608 0.5019608 0.5019608 1 0.5019608 0.5019608 0.5019608 1 0.5019608 0.5019608 0.5019608 1 0.5019608 0.5019608 0.5019608 1 0.5019608 0.5019608 0.5019608 1 0.5019608 0.5019608 0.5019608 1 0.5019608 0.5019608 0.5019608 1 0.5019608 0.5019608 0.5019608 1 0.5019608 0.5019608 0.5019608 1 0.5019608 0.5019608 0.5019608 1 0.5019608 0.5019608 0.5019608 1 0.5019608 0.5019608 0.5019608 1 0.5019608 0.5019608 0.5019608 1 0.5019608 0.5019608 0.5019608 1 0.5019608 0.5019608 0.5019608 1 0.5019608 0.5019608 0.5019608 1 0.5019608 0.5019608 0.5019608 1 0.5019608 0.5019608 0.5019608 1 0.5019608 0.5019608 0.5019608 1 0.5019608 0.5019608 0.5019608 1 0.5019608 0.5019608 0.5019608 1 0.5019608 0.5019608 0.5019608 1 0.5019608 0.5019608 0.5019608 1 0.5019608 0.5019608 0.5019608 1 0.5019608 0.5019608 0.5019608 1 0.5019608 0.5019608 0.5019608 1 0.5019608 0.5019608 0.5019608 1 0.5019608 0.5019608 0.5019608 1 0.5019608 0.5019608 0.5019608 1 0.5019608 0.5019608 0.5019608 1 0.5019608 0.5019608 0.5019608 1 0.5019608 0.5019608 0.5019608 1 0.5019608 0.5019608 0.5019608 1 0.5019608 0.5019608 0.5019608 1 0.5019608 0.5019608 0.5019608 1 0.5019608 0.5019608 0.5019608 1 0.5019608 0.5019608 0.5019608 1 0.5019608 0.5019608 0.5019608 1 0.5019608 0.5019608 0.5019608 1 0.5019608 0.5019608 0.5019608 1 0.5019608 0.5019608 0.5019608 1 0.5019608 0.5019608 0.5019608 1 0.5019608 0.5019608 0.5019608 1 0.5019608 0.5019608 0.5019608 1 0.5019608 0.5019608 0.5019608 1 0.5019608 0.5019608 0.5019608 1 0.5019608 0.5019608 0.5019608 1 0.5019608 0.5019608 0.5019608 1 0.5019608 0.5019608 0.5019608 1 0.5019608 0.5019608 0.5019608 1 0.5019608 0.5019608 0.5019608 1 0.5019608 0.5019608 0.5019608 1 0.5019608 0.5019608 0.5019608 1 0.5019608 0.5019608 0.5019608 1 0.5019608 0.5019608 0.5019608 1 0.5019608 0.5019608 0.5019608 1 0.5019608 0.5019608 0.5019608 1 0.5019608 0.5019608 0.5019608 1 0.5019608 0.5019608 0.5019608 1 0.5019608 0.5019608 0.5019608 1 0.5019608 0.5019608 0.5019608 1 0.5019608 0.5019608 0.5019608 1 0.5019608 0.5019608 0.5019608 1 0.5019608 0.5019608 0.5019608 1 0.5019608 0.5019608 0.5019608 1 0.5019608 0.5019608 0.5019608 1 0.5019608 0.5019608 0.5019608 1 0.5019608 0.5019608 0.5019608 1 0.5019608 0.5019608 0.5019608 1 0.5019608 0.5019608 0.5019608 1 0.5019608 0.5019608 0.5019608 1 0.5019608 0.5019608 0.5019608 1 0.5019608 0.5019608 0.5019608 1 0.5019608 0.5019608 0.5019608 1 0.5019608 0.5019608 0.5019608 1 0.5019608 0.5019608 0.5019608 1 0.5019608 0.5019608 0.5019608 1 0.5019608 0.5019608 0.5019608 1 0.5019608 0.5019608 0.5019608 1 0.5019608 0.5019608 0.5019608 1 0.5019608 0.5019608 0.5019608 1 0.5019608 0.5019608 0.5019608 1 0.5019608 0.5019608 0.5019608 1 0.5019608 0.5019608 0.5019608 1 0.5019608 0.5019608 0.5019608 1 0.5019608 0.5019608 0.5019608 1 0.5019608 0.5019608 0.5019608 1 0.5019608 0.5019608 0.5019608 1 0.5019608 0.5019608 0.5019608 1 0.5019608 0.5019608 0.5019608 1 0.5019608 0.5019608 0.5019608 1 0.5019608 0.5019608 0.5019608 1 0.5019608 0.5019608 0.5019608 1 0.5019608 0.5019608 0.5019608 1 0.5019608 0.5019608 0.5019608 1 0.5019608 0.5019608 0.5019608 1 0.5019608 0.5019608 0.5019608 1 0.5019608 0.5019608 0.5019608 1 0.5019608 0.5019608 0.5019608 1 0.5019608 0.5019608 0.5019608 1 0.5019608 0.5019608 0.5019608 1 0.5019608 0.5019608 0.5019608 1 0.5019608 0.5019608 0.5019608 1 0.5019608 0.5019608 0.5019608 1 0.5019608 0.5019608 0.5019608 1 0.5019608 0.5019608 0.5019608 1 0.5019608 0.5019608 0.5019608 1 0.5019608 0.5019608 0.5019608 1 0.5019608 0.5019608 0.5019608 1 0.5019608 0.5019608 0.5019608 1 0.5019608 0.5019608 0.5019608 1 0.5019608 0.5019608 0.5019608 1 0.5019608 0.5019608 0.5019608 1 0.5019608 0.5019608 0.5019608 1 0.5019608 0.5019608 0.5019608 1 0.5019608 0.5019608 0.5019608 1 0.5019608 0.5019608 0.5019608 1 0.5019608 0.5019608 0.5019608 1 0.5019608 0.5019608 0.5019608 1 0.5019608 0.5019608 0.5019608 1 0.5019608 0.5019608 0.5019608 1 0.5019608 0.5019608 0.5019608 1 0.5019608 0.5019608 0.5019608 1 0.5019608 0.5019608 0.5019608 1 0.5019608 0.5019608 0.5019608 1 0.5019608 0.5019608 0.5019608 1 0.5019608 0.5019608 0.5019608 1 0.5019608 0.5019608 0.5019608 1 0.5019608 0.5019608 0.5019608 1 0.5019608 0.5019608 0.5019608 1 0.5019608 0.5019608 0.5019608 1 0.5019608 0.5019608 0.5019608 1 0.5019608 0.5019608 0.5019608 1 0.5019608 0.5019608 0.5019608 1 0.5019608 0.5019608 0.5019608 1 0.5019608 0.5019608 0.5019608 1 0.5019608 0.5019608 0.5019608 1 0.5019608 0.5019608 0.5019608 1 0.5019608 0.5019608 0.5019608 1 0.5019608 0.5019608 0.5019608 1 0.5019608 0.5019608 0.5019608 1 0.5019608 0.5019608 0.5019608 1 0.5019608 0.5019608 0.5019608 1 0.5019608 0.5019608 0.5019608 1 0.5019608 0.5019608 0.5019608 1 0.5019608 0.5019608 0.5019608 1 0.5019608 0.5019608 0.5019608 1 0.5019608 0.5019608 0.5019608 1 0.5019608 0.5019608 0.5019608 1 0.5019608 0.5019608 0.5019608 1 0.5019608 0.5019608 0.5019608 1 0.5019608 0.5019608 0.5019608 1 0.5019608 0.5019608 0.5019608 1 0.5019608 0.5019608 0.5019608 1 0.5019608 0.5019608 0.5019608 1 0.5019608 0.5019608 0.5019608 1 0.5019608 0.5019608 0.5019608 1 0.5019608 0.5019608 0.5019608 1 0.5019608 0.5019608 0.5019608 1 0.5019608 0.5019608 0.5019608 1 0.5019608 0.5019608 0.5019608 1 0.5019608 0.5019608 0.5019608 1 0.5019608 0.5019608 0.5019608 1 0.5019608 0.5019608 0.5019608 1 0.5019608 0.5019608 0.5019608 1 0.5019608 0.5019608 0.5019608 1 0.5019608 0.5019608 0.5019608 1 0.5019608 0.5019608 0.5019608 1 0.5490196 0.2196078 0.09019608 1 0.5490196 0.2196078 0.09019608 1 0.5490196 0.2196078 0.09019608 1 0.5490196 0.2196078 0.09019608 1 0.5490196 0.2196078 0.09019608 1 0.5490196 0.2196078 0.09019608 1 0.5490196 0.2196078 0.09019608 1 0.5490196 0.2196078 0.09019608 1 0.5490196 0.2196078 0.09019608 1 0.5490196 0.2196078 0.09019608 1 0.5490196 0.2196078 0.09019608 1 0.5490196 0.2196078 0.09019608 1 0.5490196 0.2196078 0.09019608 1 0.5490196 0.2196078 0.09019608 1 0.5490196 0.2196078 0.09019608 1 0.5490196 0.2196078 0.09019608 1 0.5490196 0.2196078 0.09019608 1 0.5490196 0.2196078 0.09019608 1 0.5019608 0.5019608 0.5019608 1 0.5019608 0.5019608 0.5019608 1 0.5019608 0.5019608 0.5019608 1 0.5019608 0.5019608 0.5019608 1 0.5019608 0.5019608 0.5019608 1 0.5019608 0.5019608 0.5019608 1 0.5490196 0.2196078 0.09019608 1 0.5490196 0.2196078 0.09019608 1 0.5490196 0.2196078 0.09019608 1 0.5490196 0.2196078 0.09019608 1 0.5490196 0.2196078 0.09019608 1 0.5490196 0.2196078 0.09019608 1 0.5490196 0.2196078 0.09019608 1 0.5490196 0.2196078 0.09019608 1 0.5490196 0.2196078 0.09019608 1 0.5490196 0.2196078 0.09019608 1 0.5490196 0.2196078 0.09019608 1 0.5490196 0.2196078 0.09019608 1 0.5490196 0.2196078 0.09019608 1 0.5490196 0.2196078 0.09019608 1 0.5490196 0.2196078 0.09019608 1 0.5490196 0.2196078 0.09019608 1 0.5490196 0.2196078 0.09019608 1 0.5490196 0.2196078 0.09019608 1 0.5019608 0.5019608 0.5019608 1 0.5019608 0.5019608 0.5019608 1 0.5019608 0.5019608 0.5019608 1 0.5019608 0.5019608 0.5019608 1 0.5019608 0.5019608 0.5019608 1 0.5019608 0.5019608 0.5019608 1 0.5490196 0.2196078 0.09019608 1 0.5490196 0.2196078 0.09019608 1 0.5490196 0.2196078 0.09019608 1 0.5490196 0.2196078 0.09019608 1 0.5490196 0.2196078 0.09019608 1 0.5490196 0.2196078 0.09019608 1 0.5490196 0.2196078 0.09019608 1 0.5490196 0.2196078 0.09019608 1 0.5490196 0.2196078 0.09019608 1 0.5490196 0.2196078 0.09019608 1 0.5490196 0.2196078 0.09019608 1 0.5490196 0.2196078 0.09019608 1 0.5490196 0.2196078 0.09019608 1 0.5490196 0.2196078 0.09019608 1 0.5490196 0.2196078 0.09019608 1 0.5490196 0.2196078 0.09019608 1 0.5490196 0.2196078 0.09019608 1 0.5490196 0.2196078 0.09019608 1 0.5019608 0.5019608 0.5019608 1 0.5019608 0.5019608 0.5019608 1 0.5019608 0.5019608 0.5019608 1 0.5019608 0.5019608 0.5019608 1 0.5019608 0.5019608 0.5019608 1 0.5019608 0.5019608 0.5019608 1 0.5490196 0.2196078 0.09019608 1 0.5490196 0.2196078 0.09019608 1 0.5490196 0.2196078 0.09019608 1 0.5490196 0.2196078 0.09019608 1 0.5490196 0.2196078 0.09019608 1 0.5490196 0.2196078 0.09019608 1 0.5490196 0.2196078 0.09019608 1 0.5490196 0.2196078 0.09019608 1 0.5490196 0.2196078 0.09019608 1 0.5490196 0.2196078 0.09019608 1 0.5490196 0.2196078 0.09019608 1 0.5490196 0.2196078 0.09019608 1 0.5490196 0.2196078 0.09019608 1 0.5490196 0.2196078 0.09019608 1 0.5490196 0.2196078 0.09019608 1 0.5490196 0.2196078 0.09019608 1 0.5490196 0.2196078 0.09019608 1 0.5490196 0.2196078 0.09019608 1 0.5019608 0.5019608 0.5019608 1 0.5019608 0.5019608 0.5019608 1 0.5019608 0.5019608 0.5019608 1 0.5019608 0.5019608 0.5019608 1 0.5019608 0.5019608 0.5019608 1 0.5019608 0.5019608 0.5019608 1 0.5490196 0.2196078 0.09019608 1 0.5490196 0.2196078 0.09019608 1 0.5490196 0.2196078 0.09019608 1 0.5490196 0.2196078 0.09019608 1 0.5490196 0.2196078 0.09019608 1 0.5490196 0.2196078 0.09019608 1 0.5490196 0.2196078 0.09019608 1 0.5490196 0.2196078 0.09019608 1 0.5490196 0.2196078 0.09019608 1 0.5490196 0.2196078 0.09019608 1 0.5490196 0.2196078 0.09019608 1 0.5490196 0.2196078 0.09019608 1 0.5490196 0.2196078 0.09019608 1 0.5490196 0.2196078 0.09019608 1 0.5490196 0.2196078 0.09019608 1 0.5490196 0.2196078 0.09019608 1 0.5490196 0.2196078 0.09019608 1 0.5490196 0.2196078 0.09019608 1 0.5019608 0.5019608 0.5019608 1 0.5019608 0.5019608 0.5019608 1 0.5019608 0.5019608 0.5019608 1 0.5019608 0.5019608 0.5019608 1 0.5019608 0.5019608 0.5019608 1 0.5019608 0.5019608 0.5019608 1 0.5490196 0.2196078 0.09019608 1 0.5490196 0.2196078 0.09019608 1 0.5490196 0.2196078 0.09019608 1 0.5490196 0.2196078 0.09019608 1 0.5490196 0.2196078 0.09019608 1 0.5490196 0.2196078 0.09019608 1 0.5490196 0.2196078 0.09019608 1 0.5490196 0.2196078 0.09019608 1 0.5490196 0.2196078 0.09019608 1 0.5490196 0.2196078 0.09019608 1 0.5490196 0.2196078 0.09019608 1 0.5490196 0.2196078 0.09019608 1 0.5490196 0.2196078 0.09019608 1 0.5490196 0.2196078 0.09019608 1 0.5490196 0.2196078 0.09019608 1 0.5490196 0.2196078 0.09019608 1 0.5490196 0.2196078 0.09019608 1 0.5490196 0.2196078 0.09019608 1 0.5019608 0.5019608 0.5019608 1 0.5019608 0.5019608 0.5019608 1 0.5019608 0.5019608 0.5019608 1 0.5019608 0.5019608 0.5019608 1 0.5019608 0.5019608 0.5019608 1 0.5019608 0.5019608 0.5019608 1 0.5019608 0.5019608 0.5019608 1 0.5019608 0.5019608 0.5019608 1 0.5019608 0.5019608 0.5019608 1 0.5019608 0.5019608 0.5019608 1 0.5019608 0.5019608 0.5019608 1 0.5019608 0.5019608 0.5019608 1 0.5019608 0.5019608 0.5019608 1 0.5019608 0.5019608 0.5019608 1 0.5019608 0.5019608 0.5019608 1 0.5019608 0.5019608 0.5019608 1 0.5019608 0.5019608 0.5019608 1 0.5019608 0.5019608 0.5019608 1 0.5019608 0.5019608 0.5019608 1 0.5019608 0.5019608 0.5019608 1 0.5019608 0.5019608 0.5019608 1 0.5019608 0.5019608 0.5019608 1 0.5019608 0.5019608 0.5019608 1 0.5019608 0.5019608 0.5019608 1 0.5019608 0.5019608 0.5019608 1 0.5019608 0.5019608 0.5019608 1 0.5019608 0.5019608 0.5019608 1 0.5019608 0.5019608 0.5019608 1 0.5019608 0.5019608 0.5019608 1 0.5019608 0.5019608 0.5019608 1 0.5019608 0.5019608 0.5019608 1 0.5019608 0.5019608 0.5019608 1 0.5019608 0.5019608 0.5019608 1 0.5019608 0.5019608 0.5019608 1 0.5019608 0.5019608 0.5019608 1 0.5019608 0.5019608 0.5019608 1 0.5019608 0.5019608 0.5019608 1 0.5019608 0.5019608 0.5019608 1 0.5019608 0.5019608 0.5019608 1 0.5019608 0.5019608 0.5019608 1 0.5019608 0.5019608 0.5019608 1 0.5019608 0.5019608 0.5019608 1 0.5019608 0.5019608 0.5019608 1 0.5019608 0.5019608 0.5019608 1 0.5019608 0.5019608 0.5019608 1 0.5019608 0.5019608 0.5019608 1 0.5019608 0.5019608 0.5019608 1 0.5019608 0.5019608 0.5019608 1 0.5019608 0.5019608 0.5019608 1 0.5019608 0.5019608 0.5019608 1 0.5019608 0.5019608 0.5019608 1 0.5019608 0.5019608 0.5019608 1 0.5019608 0.5019608 0.5019608 1 0.5019608 0.5019608 0.5019608 1 0.5019608 0.5019608 0.5019608 1 0.5019608 0.5019608 0.5019608 1 0.5019608 0.5019608 0.5019608 1 0.5019608 0.5019608 0.5019608 1 0.5019608 0.5019608 0.5019608 1 0.5019608 0.5019608 0.5019608 1 0.5019608 0.5019608 0.5019608 1 0.5019608 0.5019608 0.5019608 1 0.5019608 0.5019608 0.5019608 1 0.5019608 0.5019608 0.5019608 1 0.5019608 0.5019608 0.5019608 1 0.5019608 0.5019608 0.5019608 1 0.5019608 0.5019608 0.5019608 1 0.5019608 0.5019608 0.5019608 1 0.5019608 0.5019608 0.5019608 1 0.5019608 0.5019608 0.5019608 1 0.5019608 0.5019608 0.5019608 1 0.5019608 0.5019608 0.5019608 1 0.5019608 0.5019608 0.5019608 1 0.5019608 0.5019608 0.5019608 1 0.5019608 0.5019608 0.5019608 1 0.5019608 0.5019608 0.5019608 1 0.5019608 0.5019608 0.5019608 1 0.5019608 0.5019608 0.5019608 1 0.5019608 0.5019608 0.5019608 1 0.5019608 0.5019608 0.5019608 1 0.5019608 0.5019608 0.5019608 1 0.5019608 0.5019608 0.5019608 1 0.5019608 0.5019608 0.5019608 1 0.5019608 0.5019608 0.5019608 1 0.5019608 0.5019608 0.5019608 1 0.5019608 0.5019608 0.5019608 1 0.5019608 0.5019608 0.5019608 1 0.5019608 0.5019608 0.5019608 1 0.5019608 0.5019608 0.5019608 1 0.5019608 0.5019608 0.5019608 1 0.5019608 0.5019608 0.5019608 1 0.5019608 0.5019608 0.5019608 1 0.5019608 0.5019608 0.5019608 1 0.5019608 0.5019608 0.5019608 1 0.5019608 0.5019608 0.5019608 1 0.5019608 0.5019608 0.5019608 1 0.5019608 0.5019608 0.5019608 1 0.5019608 0.5019608 0.5019608 1 0.5019608 0.5019608 0.5019608 1 0.5019608 0.5019608 0.5019608 1 0.454902 0.4196078 0.3882353 1 0.454902 0.4196078 0.3882353 1 0.454902 0.4196078 0.3882353 1 0.454902 0.4196078 0.3882353 1 0.454902 0.4196078 0.3882353 1 0.454902 0.4196078 0.3882353 1 0.454902 0.4196078 0.3882353 1 0.454902 0.4196078 0.3882353 1 0.454902 0.4196078 0.3882353 1 0.454902 0.4196078 0.3882353 1 0.454902 0.4196078 0.3882353 1 0.454902 0.4196078 0.3882353 1 0.454902 0.4196078 0.3882353 1 0.454902 0.4196078 0.3882353 1 0.454902 0.4196078 0.3882353 1 0.454902 0.4196078 0.3882353 1 0.454902 0.4196078 0.3882353 1 0.454902 0.4196078 0.3882353 1 0.454902 0.4196078 0.3882353 1 0.454902 0.4196078 0.3882353 1 0.454902 0.4196078 0.3882353 1 0.454902 0.4196078 0.3882353 1 0.454902 0.4196078 0.3882353 1 0.454902 0.4196078 0.3882353 1 0.454902 0.4196078 0.3882353 1 0.454902 0.4196078 0.3882353 1 0.454902 0.4196078 0.3882353 1 0.454902 0.4196078 0.3882353 1 0.454902 0.4196078 0.3882353 1 0.454902 0.4196078 0.3882353 1 0.454902 0.4196078 0.3882353 1 0.454902 0.4196078 0.3882353 1 0.454902 0.4196078 0.3882353 1 0.454902 0.4196078 0.3882353 1 0.454902 0.4196078 0.3882353 1 0.454902 0.4196078 0.3882353 1 0.454902 0.4196078 0.3882353 1 0.454902 0.4196078 0.3882353 1 0.454902 0.4196078 0.3882353 1 0.454902 0.4196078 0.3882353 1 0.454902 0.4196078 0.3882353 1 0.454902 0.4196078 0.3882353 1 0.454902 0.4196078 0.3882353 1 0.454902 0.4196078 0.3882353 1 0.5019608 0.5019608 0.5019608 1 0.5019608 0.5019608 0.5019608 1 0.5019608 0.5019608 0.5019608 1 0.5019608 0.5019608 0.5019608 1 0.5019608 0.5019608 0.5019608 1 0.5019608 0.5019608 0.5019608 1 0.5019608 0.5019608 0.5019608 1 0.5019608 0.5019608 0.5019608 1 0.5019608 0.5019608 0.5019608 1 0.5019608 0.5019608 0.5019608 1 0.5019608 0.5019608 0.5019608 1 0.5019608 0.5019608 0.5019608 1 0.5019608 0.5019608 0.5019608 1 0.5019608 0.5019608 0.5019608 1 0.5019608 0.5019608 0.5019608 1 0.5019608 0.5019608 0.5019608 1 0.5019608 0.5019608 0.5019608 1 0.5019608 0.5019608 0.5019608 1 0.5019608 0.5019608 0.5019608 1 0.5019608 0.5019608 0.5019608 1 0.5019608 0.5019608 0.5019608 1 0.5019608 0.5019608 0.5019608 1 0.5019608 0.5019608 0.5019608 1 0.5019608 0.5019608 0.5019608 1 0.5019608 0.5019608 0.5019608 1 0.5019608 0.5019608 0.5019608 1 0.5019608 0.5019608 0.5019608 1 0.5019608 0.5019608 0.5019608 1 0.5019608 0.5019608 0.5019608 1 0.5019608 0.5019608 0.5019608 1 0.5019608 0.5019608 0.5019608 1 0.5019608 0.5019608 0.5019608 1 0.5019608 0.5019608 0.5019608 1 0.5019608 0.5019608 0.5019608 1 0.5019608 0.5019608 0.5019608 1 0.5019608 0.5019608 0.5019608 1 0.5019608 0.5019608 0.5019608 1 0.5019608 0.5019608 0.5019608 1 0.5019608 0.5019608 0.5019608 1 0.5019608 0.5019608 0.5019608 1 0.5019608 0.5019608 0.5019608 1 0.5019608 0.5019608 0.5019608 1 0.5019608 0.5019608 0.5019608 1 0.5019608 0.5019608 0.5019608 1 0.5019608 0.5019608 0.5019608 1 0.5019608 0.5019608 0.5019608 1 0.5019608 0.5019608 0.5019608 1 0.5019608 0.5019608 0.5019608 1 0.5019608 0.5019608 0.5019608 1 0.5019608 0.5019608 0.5019608 1 0.5019608 0.5019608 0.5019608 1 0.5019608 0.5019608 0.5019608 1 0.5019608 0.5019608 0.5019608 1 0.5019608 0.5019608 0.5019608 1 0.5019608 0.5019608 0.5019608 1 0.5019608 0.5019608 0.5019608 1 0.5019608 0.5019608 0.5019608 1 0.5019608 0.5019608 0.5019608 1 0.5019608 0.5019608 0.5019608 1 0.5019608 0.5019608 0.5019608 1 0.5019608 0.5019608 0.5019608 1 0.5019608 0.5019608 0.5019608 1 0.5019608 0.5019608 0.5019608 1 0.5019608 0.5019608 0.5019608 1 0.5019608 0.5019608 0.5019608 1 0.5019608 0.5019608 0.5019608 1 0.5019608 0.5019608 0.5019608 1 0.5019608 0.5019608 0.5019608 1 0.5019608 0.5019608 0.5019608 1 0.5019608 0.5019608 0.5019608 1 0.5019608 0.5019608 0.5019608 1 0.5019608 0.5019608 0.5019608 1 0.5019608 0.5019608 0.5019608 1 0.5019608 0.5019608 0.5019608 1 0.5019608 0.5019608 0.5019608 1 0.5019608 0.5019608 0.5019608 1 0.5019608 0.5019608 0.5019608 1 0.5019608 0.5019608 0.5019608 1 0.5019608 0.5019608 0.5019608 1 0.5019608 0.5019608 0.5019608 1 0.5019608 0.5019608 0.5019608 1 0.5019608 0.5019608 0.5019608 1 0.5019608 0.5019608 0.5019608 1 0.5019608 0.5019608 0.5019608 1 0.5019608 0.5019608 0.5019608 1 0.5019608 0.5019608 0.5019608 1 0.5019608 0.5019608 0.5019608 1 0.5019608 0.5019608 0.5019608 1 0.5019608 0.5019608 0.5019608 1 0.5019608 0.5019608 0.5019608 1 0.5019608 0.5019608 0.5019608 1 0.5019608 0.5019608 0.5019608 1 0.5019608 0.5019608 0.5019608 1 0.5019608 0.5019608 0.5019608 1 0.5019608 0.5019608 0.5019608 1 0.5019608 0.5019608 0.5019608 1 0.5019608 0.5019608 0.5019608 1 0.5019608 0.5019608 0.5019608 1 0.5019608 0.5019608 0.5019608 1 0.5019608 0.5019608 0.5019608 1 0.5019608 0.5019608 0.5019608 1 0.5019608 0.5019608 0.5019608 1 0.5019608 0.5019608 0.5019608 1 0.5019608 0.5019608 0.5019608 1 0.5019608 0.5019608 0.5019608 1 0.5019608 0.5019608 0.5019608 1 0.5019608 0.5019608 0.5019608 1 0.5019608 0.5019608 0.5019608 1 0.5019608 0.5019608 0.5019608 1 0.5019608 0.5019608 0.5019608 1 0.5490196 0.2196078 0.09019608 1 0.5490196 0.2196078 0.09019608 1 0.5490196 0.2196078 0.09019608 1 0.5490196 0.2196078 0.09019608 1 0.5490196 0.2196078 0.09019608 1 0.5490196 0.2196078 0.09019608 1 0.5490196 0.2196078 0.09019608 1 0.5490196 0.2196078 0.09019608 1 0.5490196 0.2196078 0.09019608 1 0.5490196 0.2196078 0.09019608 1 0.5490196 0.2196078 0.09019608 1 0.5490196 0.2196078 0.09019608 1 0.5490196 0.2196078 0.09019608 1 0.5490196 0.2196078 0.09019608 1 0.5490196 0.2196078 0.09019608 1 0.5490196 0.2196078 0.09019608 1 0.5490196 0.2196078 0.09019608 1 0.5490196 0.2196078 0.09019608 1 0.5490196 0.2196078 0.09019608 1 0.5490196 0.2196078 0.09019608 1 0.5490196 0.2196078 0.09019608 1 0.5490196 0.2196078 0.09019608 1 0.5490196 0.2196078 0.09019608 1 0.5490196 0.2196078 0.09019608 1 0.5490196 0.2196078 0.09019608 1 0.5490196 0.2196078 0.09019608 1 0.5490196 0.2196078 0.09019608 1 0.5490196 0.2196078 0.09019608 1 0.5490196 0.2196078 0.09019608 1 0.5490196 0.2196078 0.09019608 1 0.5490196 0.2196078 0.09019608 1 0.5490196 0.2196078 0.09019608 1 0.5490196 0.2196078 0.09019608 1 0.5490196 0.2196078 0.09019608 1 0.5490196 0.2196078 0.09019608 1 0.5490196 0.2196078 0.09019608 1 0.5490196 0.2196078 0.09019608 1 0.5490196 0.2196078 0.09019608 1 0.5490196 0.2196078 0.09019608 1 0.5490196 0.2196078 0.09019608 1 0.5490196 0.2196078 0.09019608 1 0.5490196 0.2196078 0.09019608 1 0.5490196 0.2196078 0.09019608 1 0.5490196 0.2196078 0.09019608 1 0.5490196 0.2196078 0.09019608 1 0.5490196 0.2196078 0.09019608 1 0.5490196 0.2196078 0.09019608 1 0.5490196 0.2196078 0.09019608 1 0.1921569 0.3686275 0.5490196 1 0.1921569 0.3686275 0.5490196 1 0.1921569 0.3686275 0.5490196 1 0.1921569 0.3686275 0.5490196 1 0.1921569 0.3686275 0.5490196 1 0.1921569 0.3686275 0.5490196 1 0.1921569 0.3686275 0.5490196 1 0.1921569 0.3686275 0.5490196 1 0.1921569 0.3686275 0.5490196 1 0.1921569 0.3686275 0.5490196 1 0.1921569 0.3686275 0.5490196 1 0.1921569 0.3686275 0.5490196 1 0.1921569 0.3686275 0.5490196 1 0.1921569 0.3686275 0.5490196 1 0.1921569 0.3686275 0.5490196 1 0.1921569 0.3686275 0.5490196 1 0.1921569 0.3686275 0.5490196 1 0.1921569 0.3686275 0.5490196 1 0.1921569 0.3686275 0.5490196 1 0.1921569 0.3686275 0.5490196 1 0.1921569 0.3686275 0.5490196 1 0.1921569 0.3686275 0.5490196 1 0.1921569 0.3686275 0.5490196 1 0.1921569 0.3686275 0.5490196 1 0.1921569 0.3686275 0.5490196 1 0.1921569 0.3686275 0.5490196 1 0.1921569 0.3686275 0.5490196 1 0.1921569 0.3686275 0.5490196 1 0.1921569 0.3686275 0.5490196 1 0.1921569 0.3686275 0.5490196 1 0.1921569 0.3686275 0.5490196 1 0.1921569 0.3686275 0.5490196 1 0.1921569 0.3686275 0.5490196 1 0.1921569 0.3686275 0.5490196 1 0.1921569 0.3686275 0.5490196 1 0.1921569 0.3686275 0.5490196 1 0.1921569 0.3686275 0.5490196 1 0.1921569 0.3686275 0.5490196 1 0.1921569 0.3686275 0.5490196 1 0.1921569 0.3686275 0.5490196 1 0.1921569 0.3686275 0.5490196 1 0.1921569 0.3686275 0.5490196 1 0.1921569 0.3686275 0.5490196 1 0.1921569 0.3686275 0.5490196 1 0.1921569 0.3686275 0.5490196 1 0.1921569 0.3686275 0.5490196 1 0.1921569 0.3686275 0.5490196 1 0.1921569 0.3686275 0.5490196 1 0.1921569 0.3686275 0.5490196 1 0.1921569 0.3686275 0.5490196 1 0.1921569 0.3686275 0.5490196 1 0.1921569 0.3686275 0.5490196 1 0.1921569 0.3686275 0.5490196 1 0.1921569 0.3686275 0.5490196 1 0.1921569 0.3686275 0.5490196 1 0.1921569 0.3686275 0.5490196 1 0.1921569 0.3686275 0.5490196 1 0.1921569 0.3686275 0.5490196 1 0.1921569 0.3686275 0.5490196 1 0.1921569 0.3686275 0.5490196 1 0.1921569 0.3686275 0.5490196 1 0.1921569 0.3686275 0.5490196 1 0.1921569 0.3686275 0.5490196 1 0.1921569 0.3686275 0.5490196 1 0.1921569 0.3686275 0.5490196 1 0.1921569 0.3686275 0.5490196 1 0.1921569 0.3686275 0.5490196 1 0.1921569 0.3686275 0.5490196 1 0.1921569 0.3686275 0.5490196 1 0.1921569 0.3686275 0.5490196 1 0.1921569 0.3686275 0.5490196 1 0.1921569 0.3686275 0.5490196 1 0.1921569 0.3686275 0.5490196 1 0.1921569 0.3686275 0.5490196 1 0.1921569 0.3686275 0.5490196 1 0.1921569 0.3686275 0.5490196 1 0.1921569 0.3686275 0.5490196 1 0.1921569 0.3686275 0.5490196 1 0.1921569 0.3686275 0.5490196 1 0.1921569 0.3686275 0.5490196 1 0.1921569 0.3686275 0.5490196 1 0.1921569 0.3686275 0.5490196 1 0.1921569 0.3686275 0.5490196 1 0.1921569 0.3686275 0.5490196 1 0.1921569 0.3686275 0.5490196 1 0.1921569 0.3686275 0.5490196 1 0.1921569 0.3686275 0.5490196 1 0.1921569 0.3686275 0.5490196 1 0.1921569 0.3686275 0.5490196 1 0.1921569 0.3686275 0.5490196 1 0.1921569 0.3686275 0.5490196 1 0.1921569 0.3686275 0.5490196 1 0.1921569 0.3686275 0.5490196 1 0.1921569 0.3686275 0.5490196 1 0.1921569 0.3686275 0.5490196 1 0.1921569 0.3686275 0.5490196 1 0.1921569 0.3686275 0.5490196 1 0.1921569 0.3686275 0.5490196 1 0.1921569 0.3686275 0.5490196 1 0.1921569 0.3686275 0.5490196 1 0.1921569 0.3686275 0.5490196 1 0.1921569 0.3686275 0.5490196 1 0.1921569 0.3686275 0.5490196 1 0.1921569 0.3686275 0.5490196 1 0.1921569 0.3686275 0.5490196 1 0.1921569 0.3686275 0.5490196 1 0.1921569 0.3686275 0.5490196 1 0.1921569 0.3686275 0.5490196 1 0.1921569 0.3686275 0.5490196 1 0.1921569 0.3686275 0.5490196 1 0.1921569 0.3686275 0.5490196 1 0.1921569 0.3686275 0.5490196 1 0.1921569 0.3686275 0.5490196 1 0.1921569 0.3686275 0.5490196 1 0.1921569 0.3686275 0.5490196 1 0.1921569 0.3686275 0.5490196 1 0.1921569 0.3686275 0.5490196 1 0.1921569 0.3686275 0.5490196 1 0.1921569 0.3686275 0.5490196 1 0.1921569 0.3686275 0.5490196 1 0.1921569 0.3686275 0.5490196 1 0.1921569 0.3686275 0.5490196 1 0.1921569 0.3686275 0.5490196 1 0.1921569 0.3686275 0.5490196 1 0.1921569 0.3686275 0.5490196 1 0.1921569 0.3686275 0.5490196 1 0.1921569 0.3686275 0.5490196 1 0.1921569 0.3686275 0.5490196 1 0.1921569 0.3686275 0.5490196 1 0.1921569 0.3686275 0.5490196 1 0.1921569 0.3686275 0.5490196 1 0.1921569 0.3686275 0.5490196 1 0.1921569 0.3686275 0.5490196 1 0.1921569 0.3686275 0.5490196 1 0.1921569 0.3686275 0.5490196 1 0.1921569 0.3686275 0.5490196 1 0.1921569 0.3686275 0.5490196 1 0.1921569 0.3686275 0.5490196 1 0.1921569 0.3686275 0.5490196 1 0.1921569 0.3686275 0.5490196 1 0.1921569 0.3686275 0.5490196 1 0.1921569 0.3686275 0.5490196 1 0.1921569 0.3686275 0.5490196 1 0.1921569 0.3686275 0.5490196 1 0.1921569 0.3686275 0.5490196 1 0.1921569 0.3686275 0.5490196 1 0.1921569 0.3686275 0.5490196 1 0.1921569 0.3686275 0.5490196 1 0.1921569 0.3686275 0.5490196 1 0.1921569 0.3686275 0.5490196 1 0.1921569 0.3686275 0.5490196 1 0.1921569 0.3686275 0.5490196 1 0.1921569 0.3686275 0.5490196 1 0.1921569 0.3686275 0.5490196 1 0.1921569 0.3686275 0.5490196 1 0.1921569 0.3686275 0.5490196 1 0.1921569 0.3686275 0.5490196 1 0.1921569 0.3686275 0.5490196 1 0.1921569 0.3686275 0.5490196 1 0.1921569 0.3686275 0.5490196 1 0.1921569 0.3686275 0.5490196 1 0.1921569 0.3686275 0.5490196 1 0.1921569 0.3686275 0.5490196 1 0.1921569 0.3686275 0.5490196 1 0.1921569 0.3686275 0.5490196 1 0.1921569 0.3686275 0.5490196 1 0.1921569 0.3686275 0.5490196 1 0.1921569 0.3686275 0.5490196 1 0.1921569 0.3686275 0.5490196 1 0.1921569 0.3686275 0.5490196 1 0.1921569 0.3686275 0.5490196 1 0.1921569 0.3686275 0.5490196 1 0.1921569 0.3686275 0.5490196 1 0.1921569 0.3686275 0.5490196 1 0.1921569 0.3686275 0.5490196 1 0.1921569 0.3686275 0.5490196 1 0.1921569 0.3686275 0.5490196 1 0.1921569 0.3686275 0.5490196 1 0.1921569 0.3686275 0.5490196 1 0.1921569 0.3686275 0.5490196 1 0.1921569 0.3686275 0.5490196 1 0.1921569 0.3686275 0.5490196 1 0.1921569 0.3686275 0.5490196 1 0.1921569 0.3686275 0.5490196 1 0.1921569 0.3686275 0.5490196 1 0.1921569 0.3686275 0.5490196 1 0.1921569 0.3686275 0.5490196 1 0.1921569 0.3686275 0.5490196 1 0.1921569 0.3686275 0.5490196 1 0.1921569 0.3686275 0.5490196 1 0.1921569 0.3686275 0.5490196 1 0.1921569 0.3686275 0.5490196 1 0.1921569 0.3686275 0.5490196 1 0.1921569 0.3686275 0.5490196 1 0.1921569 0.3686275 0.5490196 1 0.1921569 0.3686275 0.5490196 1 0.1921569 0.3686275 0.5490196 1 0.1921569 0.3686275 0.5490196 1 0.1921569 0.3686275 0.5490196 1 0.1921569 0.3686275 0.5490196 1 0.1921569 0.3686275 0.5490196 1 0.1921569 0.3686275 0.5490196 1 0.1921569 0.3686275 0.5490196 1 0.1921569 0.3686275 0.5490196 1 0.1921569 0.3686275 0.5490196 1 0.1921569 0.3686275 0.5490196 1 0.1921569 0.3686275 0.5490196 1 0.1921569 0.3686275 0.5490196 1 0.1921569 0.3686275 0.5490196 1 0.1921569 0.3686275 0.5490196 1 0.1921569 0.3686275 0.5490196 1 0.1921569 0.3686275 0.5490196 1 0.1921569 0.3686275 0.5490196 1 0.1921569 0.3686275 0.5490196 1 0.1921569 0.3686275 0.5490196 1 0.1921569 0.3686275 0.5490196 1 0.1921569 0.3686275 0.5490196 1 0.1921569 0.3686275 0.5490196 1 0.1921569 0.3686275 0.5490196 1 0.1921569 0.3686275 0.5490196 1 0.1921569 0.3686275 0.5490196 1 0.1921569 0.3686275 0.5490196 1 0.1921569 0.3686275 0.5490196 1 0.1921569 0.3686275 0.5490196 1 0.1921569 0.3686275 0.5490196 1 0.1921569 0.3686275 0.5490196 1 0.1921569 0.3686275 0.5490196 1 0.1921569 0.3686275 0.5490196 1 0.1921569 0.3686275 0.5490196 1 0.1921569 0.3686275 0.5490196 1 0.1921569 0.3686275 0.5490196 1 0.1921569 0.3686275 0.5490196 1 0.1921569 0.3686275 0.5490196 1 0.1921569 0.3686275 0.5490196 1 0.1921569 0.3686275 0.5490196 1 0.1921569 0.3686275 0.5490196 1 0.1921569 0.3686275 0.5490196 1 0.1921569 0.3686275 0.5490196 1 0.1921569 0.3686275 0.5490196 1 0.1921569 0.3686275 0.5490196 1 0.1921569 0.3686275 0.5490196 1 0.1921569 0.3686275 0.5490196 1 0.1921569 0.3686275 0.5490196 1 0.1921569 0.3686275 0.5490196 1 0.1921569 0.3686275 0.5490196 1 0.1921569 0.3686275 0.5490196 1 0.1921569 0.3686275 0.5490196 1 0.1921569 0.3686275 0.5490196 1 0.1921569 0.3686275 0.5490196 1 0.1921569 0.3686275 0.5490196 1 0.1921569 0.3686275 0.5490196 1 0.1921569 0.3686275 0.5490196 1 0.1921569 0.3686275 0.5490196 1 0.1921569 0.3686275 0.5490196 1 0.1921569 0.3686275 0.5490196 1 0.1921569 0.3686275 0.5490196 1 0.1921569 0.3686275 0.5490196 1 0.1921569 0.3686275 0.5490196 1 0.1921569 0.3686275 0.5490196 1 0.1921569 0.3686275 0.5490196 1 0.1921569 0.3686275 0.5490196 1 0.1921569 0.3686275 0.5490196 1 0.1921569 0.3686275 0.5490196 1 0.1921569 0.3686275 0.5490196 1 0.1921569 0.3686275 0.5490196 1 0.1921569 0.3686275 0.5490196 1 0.1921569 0.3686275 0.5490196 1 0.1921569 0.3686275 0.5490196 1 0.1921569 0.3686275 0.5490196 1 0.1921569 0.3686275 0.5490196 1 0.1921569 0.3686275 0.5490196 1 0.1921569 0.3686275 0.5490196 1 0.1921569 0.3686275 0.5490196 1 0.1921569 0.3686275 0.5490196 1 0.1921569 0.3686275 0.5490196 1 0.1921569 0.3686275 0.5490196 1 0.1921569 0.3686275 0.5490196 1 0.1921569 0.3686275 0.5490196 1 0.1921569 0.3686275 0.5490196 1 0.1921569 0.3686275 0.5490196 1 0.1921569 0.3686275 0.5490196 1 0.1921569 0.3686275 0.5490196 1 0.1921569 0.3686275 0.5490196 1 0.1921569 0.3686275 0.5490196 1 0.1921569 0.3686275 0.5490196 1 0.1921569 0.3686275 0.5490196 1 0.1921569 0.3686275 0.5490196 1 0.1921569 0.3686275 0.5490196 1 0.1921569 0.3686275 0.5490196 1 0.1921569 0.3686275 0.5490196 1 0.1921569 0.3686275 0.5490196 1 0.1921569 0.3686275 0.5490196 1 0.1921569 0.3686275 0.5490196 1 0.1921569 0.3686275 0.5490196 1 0.1921569 0.3686275 0.5490196 1 0.1921569 0.3686275 0.5490196 1 0.1921569 0.3686275 0.5490196 1 0.1921569 0.3686275 0.5490196 1 0.1921569 0.3686275 0.5490196 1 0.1921569 0.3686275 0.5490196 1 0.1921569 0.3686275 0.5490196 1 0.1921569 0.3686275 0.5490196 1 0.1921569 0.3686275 0.5490196 1 0.1921569 0.3686275 0.5490196 1 0.1921569 0.3686275 0.5490196 1 0.1921569 0.3686275 0.5490196 1 0.1921569 0.3686275 0.5490196 1 0.1921569 0.3686275 0.5490196 1 0.1921569 0.3686275 0.5490196 1 0.1921569 0.3686275 0.5490196 1 0.1921569 0.3686275 0.5490196 1 0.1921569 0.3686275 0.5490196 1 0.1921569 0.3686275 0.5490196 1 0.1921569 0.3686275 0.5490196 1 0.1921569 0.3686275 0.5490196 1 0.1921569 0.3686275 0.5490196 1 0.1921569 0.3686275 0.5490196 1 0.1921569 0.3686275 0.5490196 1 0.1921569 0.3686275 0.5490196 1 0.1921569 0.3686275 0.5490196 1 0.1921569 0.3686275 0.5490196 1 0.1921569 0.3686275 0.5490196 1 0.1921569 0.3686275 0.5490196 1 0.1921569 0.3686275 0.5490196 1 0.1921569 0.3686275 0.5490196 1 0.1921569 0.3686275 0.5490196 1 0.1921569 0.3686275 0.5490196 1 0.1921569 0.3686275 0.5490196 1 0.1921569 0.3686275 0.5490196 1 0.1921569 0.3686275 0.5490196 1 0.1921569 0.3686275 0.5490196 1 0.1921569 0.3686275 0.5490196 1 0.1921569 0.3686275 0.5490196 1 0.1921569 0.3686275 0.5490196 1 0.1921569 0.3686275 0.5490196 1 0.1921569 0.3686275 0.5490196 1 0.1921569 0.3686275 0.5490196 1 0.1921569 0.3686275 0.5490196 1 0.1921569 0.3686275 0.5490196 1 0.1921569 0.3686275 0.5490196 1 0.1921569 0.3686275 0.5490196 1 0.1921569 0.3686275 0.5490196 1 0.1921569 0.3686275 0.5490196 1 0.1921569 0.3686275 0.5490196 1 0.1921569 0.3686275 0.5490196 1 0.1921569 0.3686275 0.5490196 1 0.1921569 0.3686275 0.5490196 1 0.1921569 0.3686275 0.5490196 1 0.1921569 0.3686275 0.5490196 1 0.1921569 0.3686275 0.5490196 1 0.1921569 0.3686275 0.5490196 1 0.1921569 0.3686275 0.5490196 1 0.1921569 0.3686275 0.5490196 1 0.1921569 0.3686275 0.5490196 1 0.1921569 0.3686275 0.5490196 1 0.1921569 0.3686275 0.5490196 1 0.1921569 0.3686275 0.5490196 1 0.1921569 0.3686275 0.5490196 1 0.1921569 0.3686275 0.5490196 1 0.1921569 0.3686275 0.5490196 1 0.1921569 0.3686275 0.5490196 1 0.1921569 0.3686275 0.5490196 1 0.1921569 0.3686275 0.5490196 1 0.1921569 0.3686275 0.5490196 1 0.1921569 0.3686275 0.5490196 1 0.1921569 0.3686275 0.5490196 1 0.1921569 0.3686275 0.5490196 1 0.1921569 0.3686275 0.5490196 1 0.1921569 0.3686275 0.5490196 1 0.1921569 0.3686275 0.5490196 1 0.1921569 0.3686275 0.5490196 1 0.1921569 0.3686275 0.5490196 1 0.1921569 0.3686275 0.5490196 1 0.1921569 0.3686275 0.5490196 1 0.1921569 0.3686275 0.5490196 1 0.1921569 0.3686275 0.5490196 1 0.1921569 0.3686275 0.5490196 1 0.1921569 0.3686275 0.5490196 1 0.1921569 0.3686275 0.5490196 1 0.1921569 0.3686275 0.5490196 1 0.1921569 0.3686275 0.5490196 1 0.1921569 0.3686275 0.5490196 1 0.1921569 0.3686275 0.5490196 1 0.1921569 0.3686275 0.5490196 1 0.1921569 0.3686275 0.5490196 1 0.1921569 0.3686275 0.5490196 1 0.1921569 0.3686275 0.5490196 1 0.1921569 0.3686275 0.5490196 1 0.1921569 0.3686275 0.5490196 1 0.1921569 0.3686275 0.5490196 1 0.1921569 0.3686275 0.5490196 1 0.1921569 0.3686275 0.5490196 1 0.1921569 0.3686275 0.5490196 1 0.1921569 0.3686275 0.5490196 1 0.1921569 0.3686275 0.5490196 1 0.1921569 0.3686275 0.5490196 1 0.1921569 0.3686275 0.5490196 1 0.1921569 0.3686275 0.5490196 1 0.1921569 0.3686275 0.5490196 1 0.1921569 0.3686275 0.5490196 1 0.1921569 0.3686275 0.5490196 1 0.1921569 0.3686275 0.5490196 1 0.1921569 0.3686275 0.5490196 1 0.1921569 0.3686275 0.5490196 1 0.1921569 0.3686275 0.5490196 1 0.1921569 0.3686275 0.5490196 1 0.1921569 0.3686275 0.5490196 1 0.1921569 0.3686275 0.5490196 1 0.1921569 0.3686275 0.5490196 1 0.1921569 0.3686275 0.5490196 1 0.1921569 0.3686275 0.5490196 1 0.1921569 0.3686275 0.5490196 1 0.1921569 0.3686275 0.5490196 1 0.1921569 0.3686275 0.5490196 1 0.1921569 0.3686275 0.5490196 1 0.1921569 0.3686275 0.5490196 1 0.1921569 0.3686275 0.5490196 1 0.1921569 0.3686275 0.5490196 1 0.1921569 0.3686275 0.5490196 1 0.1921569 0.3686275 0.5490196 1 0.1921569 0.3686275 0.5490196 1 0.1921569 0.3686275 0.5490196 1 0.1921569 0.3686275 0.5490196 1 0.1921569 0.3686275 0.5490196 1 0.1921569 0.3686275 0.5490196 1 0.1921569 0.3686275 0.5490196 1 0.1921569 0.3686275 0.5490196 1 0.1921569 0.3686275 0.5490196 1 0.1921569 0.3686275 0.5490196 1 0.1921569 0.3686275 0.5490196 1 0.1921569 0.3686275 0.5490196 1 0.1921569 0.3686275 0.5490196 1 0.1921569 0.3686275 0.5490196 1 0.1921569 0.3686275 0.5490196 1 0.1921569 0.3686275 0.5490196 1 0.1921569 0.3686275 0.5490196 1 0.1921569 0.3686275 0.5490196 1 0.1921569 0.3686275 0.5490196 1 0.1921569 0.3686275 0.5490196 1 0.1921569 0.3686275 0.5490196 1 0.1921569 0.3686275 0.5490196 1 0.1921569 0.3686275 0.5490196 1 0.1921569 0.3686275 0.5490196 1 0.1921569 0.3686275 0.5490196 1 0.1921569 0.3686275 0.5490196 1 0.1921569 0.3686275 0.5490196 1 0.1921569 0.3686275 0.5490196 1 0.1921569 0.3686275 0.5490196 1 0.1921569 0.3686275 0.5490196 1 0.1921569 0.3686275 0.5490196 1 0.1921569 0.3686275 0.5490196 1 0.1921569 0.3686275 0.5490196 1 0.1921569 0.3686275 0.5490196 1 0.1921569 0.3686275 0.5490196 1 0.1921569 0.3686275 0.5490196 1 0.1921569 0.3686275 0.5490196 1 0.1921569 0.3686275 0.5490196 1 0.1921569 0.3686275 0.5490196 1 0.1921569 0.3686275 0.5490196 1 0.1921569 0.3686275 0.5490196 1 0.1921569 0.3686275 0.5490196 1 0.1921569 0.3686275 0.5490196 1 0.1921569 0.3686275 0.5490196 1 0.1921569 0.3686275 0.5490196 1 0.1921569 0.3686275 0.5490196 1 0.1921569 0.3686275 0.5490196 1 0.1921569 0.3686275 0.5490196 1 0.1921569 0.3686275 0.5490196 1 0.1921569 0.3686275 0.5490196 1 0.1921569 0.3686275 0.5490196 1 0.1921569 0.3686275 0.5490196 1 0.1921569 0.3686275 0.5490196 1 0.1921569 0.3686275 0.5490196 1 0.1921569 0.3686275 0.5490196 1 0.1921569 0.3686275 0.5490196 1 0.1921569 0.3686275 0.5490196 1 0.1921569 0.3686275 0.5490196 1 0.1921569 0.3686275 0.5490196 1 0.1921569 0.3686275 0.5490196 1 0.1921569 0.3686275 0.5490196 1 0.1921569 0.3686275 0.5490196 1 0.1921569 0.3686275 0.5490196 1 0.1921569 0.3686275 0.5490196 1 0.1921569 0.3686275 0.5490196 1 0.1921569 0.3686275 0.5490196 1 0.1921569 0.3686275 0.5490196 1 0.1921569 0.3686275 0.5490196 1 0.1921569 0.3686275 0.5490196 1 0.1921569 0.3686275 0.5490196 1 0.1921569 0.3686275 0.5490196 1 0.1921569 0.3686275 0.5490196 1 0.1921569 0.3686275 0.5490196 1 0.1921569 0.3686275 0.5490196 1 0.1921569 0.3686275 0.5490196 1 0.1921569 0.3686275 0.5490196 1 0.1921569 0.3686275 0.5490196 1 0.1921569 0.3686275 0.5490196 1 0.1921569 0.3686275 0.5490196 1 0.1921569 0.3686275 0.5490196 1 0.1921569 0.3686275 0.5490196 1 0.1921569 0.3686275 0.5490196 1 0.1921569 0.3686275 0.5490196 1 0.1921569 0.3686275 0.5490196 1 0.1921569 0.3686275 0.5490196 1 0.1921569 0.3686275 0.5490196 1 0.1921569 0.3686275 0.5490196 1 0.1921569 0.3686275 0.5490196 1 0.1921569 0.3686275 0.5490196 1 0.1921569 0.3686275 0.5490196 1 0.1921569 0.3686275 0.5490196 1 0.1921569 0.3686275 0.5490196 1 0.1921569 0.3686275 0.5490196 1 0.1921569 0.3686275 0.5490196 1 0.1921569 0.3686275 0.5490196 1 0.1921569 0.3686275 0.5490196 1 0.1921569 0.3686275 0.5490196 1 0.1921569 0.3686275 0.5490196 1 0.1921569 0.3686275 0.5490196 1 0.1921569 0.3686275 0.5490196 1 0.1921569 0.3686275 0.5490196 1 0.1921569 0.3686275 0.5490196 1 0.1921569 0.3686275 0.5490196 1 0.1921569 0.3686275 0.5490196 1 0.1921569 0.3686275 0.5490196 1 0.1921569 0.3686275 0.5490196 1 0.1921569 0.3686275 0.5490196 1 0.1921569 0.3686275 0.5490196 1 0.1921569 0.3686275 0.5490196 1 0.1921569 0.3686275 0.5490196 1 0.1921569 0.3686275 0.5490196 1 0.1921569 0.3686275 0.5490196 1 0.1921569 0.3686275 0.5490196 1 0.1921569 0.3686275 0.5490196 1 0.1921569 0.3686275 0.5490196 1 0.1921569 0.3686275 0.5490196 1 0.1921569 0.3686275 0.5490196 1 0.1921569 0.3686275 0.5490196 1 0.1921569 0.3686275 0.5490196 1 0.1921569 0.3686275 0.5490196 1 0.1921569 0.3686275 0.5490196 1 0.1921569 0.3686275 0.5490196 1 0.1921569 0.3686275 0.5490196 1 0.1921569 0.3686275 0.5490196 1 0.1921569 0.3686275 0.5490196 1 0.1921569 0.3686275 0.5490196 1 0.1921569 0.3686275 0.5490196 1 0.1921569 0.3686275 0.5490196 1 0.1921569 0.3686275 0.5490196 1 0.1921569 0.3686275 0.5490196 1 0.454902 0.4196078 0.3882353 1 0.454902 0.4196078 0.3882353 1 0.454902 0.4196078 0.3882353 1 0.454902 0.4196078 0.3882353 1 0.454902 0.4196078 0.3882353 1 0.454902 0.4196078 0.3882353 1 0.454902 0.4196078 0.3882353 1 0.454902 0.4196078 0.3882353 1 0.454902 0.4196078 0.3882353 1 0.454902 0.4196078 0.3882353 1 0.454902 0.4196078 0.3882353 1 0.454902 0.4196078 0.3882353 1 0.454902 0.4196078 0.3882353 1 0.454902 0.4196078 0.3882353 1 0.454902 0.4196078 0.3882353 1 0.454902 0.4196078 0.3882353 1 0.454902 0.4196078 0.3882353 1 0.454902 0.4196078 0.3882353 1 0.454902 0.4196078 0.3882353 1 0.454902 0.4196078 0.3882353 1 0.454902 0.4196078 0.3882353 1 0.454902 0.4196078 0.3882353 1 0.454902 0.4196078 0.3882353 1 0.454902 0.4196078 0.3882353 1 0.454902 0.4196078 0.3882353 1 0.454902 0.4196078 0.3882353 1 0.454902 0.4196078 0.3882353 1 0.454902 0.4196078 0.3882353 1 0.454902 0.4196078 0.3882353 1 0.454902 0.4196078 0.3882353 1 0.454902 0.4196078 0.3882353 1 0.454902 0.4196078 0.3882353 1 0.454902 0.4196078 0.3882353 1 0.454902 0.4196078 0.3882353 1 0.454902 0.4196078 0.3882353 1 0.454902 0.4196078 0.3882353 1 0.454902 0.4196078 0.3882353 1 0.454902 0.4196078 0.3882353 1 0.454902 0.4196078 0.3882353 1 0.454902 0.4196078 0.3882353 1 0.454902 0.4196078 0.3882353 1 0.454902 0.4196078 0.3882353 1 0.454902 0.4196078 0.3882353 1 0.454902 0.4196078 0.3882353 1 0.454902 0.4196078 0.3882353 1 0.454902 0.4196078 0.3882353 1 0.454902 0.4196078 0.3882353 1 0.454902 0.4196078 0.3882353 1 0.454902 0.4196078 0.3882353 1 0.454902 0.4196078 0.3882353 1 0.454902 0.4196078 0.3882353 1 0.454902 0.4196078 0.3882353 1 0.454902 0.4196078 0.3882353 1 0.454902 0.4196078 0.3882353 1 0.454902 0.4196078 0.3882353 1 0.454902 0.4196078 0.3882353 1 0.454902 0.4196078 0.3882353 1 0.454902 0.4196078 0.3882353 1 0.454902 0.4196078 0.3882353 1 0.454902 0.4196078 0.3882353 1 0.454902 0.4196078 0.3882353 1 0.454902 0.4196078 0.3882353 1 0.454902 0.4196078 0.3882353 1 0.454902 0.4196078 0.3882353 1 0.454902 0.4196078 0.3882353 1 0.454902 0.4196078 0.3882353 1 0.454902 0.4196078 0.3882353 1 0.454902 0.4196078 0.3882353 1 0.454902 0.4196078 0.3882353 1 0.454902 0.4196078 0.3882353 1 0.454902 0.4196078 0.3882353 1 0.454902 0.4196078 0.3882353 1 0.454902 0.4196078 0.3882353 1 0.454902 0.4196078 0.3882353 1 0.454902 0.4196078 0.3882353 1 0.454902 0.4196078 0.3882353 1 0.454902 0.4196078 0.3882353 1 0.454902 0.4196078 0.3882353 1 0.454902 0.4196078 0.3882353 1 0.454902 0.4196078 0.3882353 1 0.454902 0.4196078 0.3882353 1 0.454902 0.4196078 0.3882353 1 0.454902 0.4196078 0.3882353 1 0.454902 0.4196078 0.3882353 1 0.454902 0.4196078 0.3882353 1 0.454902 0.4196078 0.3882353 1 0.454902 0.4196078 0.3882353 1 0.454902 0.4196078 0.3882353 1 0.454902 0.4196078 0.3882353 1 0.454902 0.4196078 0.3882353 1 0.454902 0.4196078 0.3882353 1 0.454902 0.4196078 0.3882353 1 0.454902 0.4196078 0.3882353 1 0.454902 0.4196078 0.3882353 1 0.454902 0.4196078 0.3882353 1 0.454902 0.4196078 0.3882353 1 0.454902 0.4196078 0.3882353 1 0.454902 0.4196078 0.3882353 1 0.454902 0.4196078 0.3882353 1 0.454902 0.4196078 0.3882353 1 0.454902 0.4196078 0.3882353 1 0.454902 0.4196078 0.3882353 1 0.454902 0.4196078 0.3882353 1 0.454902 0.4196078 0.3882353 1 0.454902 0.4196078 0.3882353 1 0.454902 0.4196078 0.3882353 1 0.454902 0.4196078 0.3882353 1 0.454902 0.4196078 0.3882353 1 0.454902 0.4196078 0.3882353 1 0.454902 0.4196078 0.3882353 1 0.454902 0.4196078 0.3882353 1 0.454902 0.4196078 0.3882353 1 0.454902 0.4196078 0.3882353 1 0.454902 0.4196078 0.3882353 1 0.454902 0.4196078 0.3882353 1 0.454902 0.4196078 0.3882353 1 0.454902 0.4196078 0.3882353 1 0.454902 0.4196078 0.3882353 1 0.454902 0.4196078 0.3882353 1 0.454902 0.4196078 0.3882353 1 0.454902 0.4196078 0.3882353 1 0.454902 0.4196078 0.3882353 1 0.454902 0.4196078 0.3882353 1 0.454902 0.4196078 0.3882353 1 0.454902 0.4196078 0.3882353 1 0.454902 0.4196078 0.3882353 1 0.454902 0.4196078 0.3882353 1 0.454902 0.4196078 0.3882353 1 0.454902 0.4196078 0.3882353 1 0.454902 0.4196078 0.3882353 1 0.454902 0.4196078 0.3882353 1 0.454902 0.4196078 0.3882353 1 0.454902 0.4196078 0.3882353 1 0.454902 0.4196078 0.3882353 1 0.454902 0.4196078 0.3882353 1 0.454902 0.4196078 0.3882353 1 0.454902 0.4196078 0.3882353 1 0.454902 0.4196078 0.3882353 1 0.454902 0.4196078 0.3882353 1 0.454902 0.4196078 0.3882353 1 0.454902 0.4196078 0.3882353 1 0.454902 0.4196078 0.3882353 1 0.454902 0.4196078 0.3882353 1 0.454902 0.4196078 0.3882353 1 0.454902 0.4196078 0.3882353 1 0.454902 0.4196078 0.3882353 1 0.454902 0.4196078 0.3882353 1 0.454902 0.4196078 0.3882353 1 0.5019608 0.5019608 0.5019608 1 0.5019608 0.5019608 0.5019608 1 0.5019608 0.5019608 0.5019608 1 0.5019608 0.5019608 0.5019608 1 0.5019608 0.5019608 0.5019608 1 0.5019608 0.5019608 0.5019608 1 0.5019608 0.5019608 0.5019608 1 0.5019608 0.5019608 0.5019608 1 0.5019608 0.5019608 0.5019608 1 0.5019608 0.5019608 0.5019608 1 0.5019608 0.5019608 0.5019608 1 0.5019608 0.5019608 0.5019608 1 0.5019608 0.5019608 0.5019608 1 0.5019608 0.5019608 0.5019608 1 0.5019608 0.5019608 0.5019608 1 0.5019608 0.5019608 0.5019608 1 0.5019608 0.5019608 0.5019608 1 0.5019608 0.5019608 0.5019608 1 0.5019608 0.5019608 0.5019608 1 0.5019608 0.5019608 0.5019608 1 0.5019608 0.5019608 0.5019608 1 0.5019608 0.5019608 0.5019608 1 0.5019608 0.5019608 0.5019608 1 0.5019608 0.5019608 0.5019608 1 0.5019608 0.5019608 0.5019608 1 0.5019608 0.5019608 0.5019608 1 0.5019608 0.5019608 0.5019608 1 0.5019608 0.5019608 0.5019608 1 0.5019608 0.5019608 0.5019608 1 0.5019608 0.5019608 0.5019608 1 0.5019608 0.5019608 0.5019608 1 0.5019608 0.5019608 0.5019608 1 0.5019608 0.5019608 0.5019608 1 0.5019608 0.5019608 0.5019608 1 0.5019608 0.5019608 0.5019608 1 0.5019608 0.5019608 0.5019608 1 0.5019608 0.5019608 0.5019608 1 0.5019608 0.5019608 0.5019608 1 0.5019608 0.5019608 0.5019608 1 0.5019608 0.5019608 0.5019608 1 0.5019608 0.5019608 0.5019608 1 0.5019608 0.5019608 0.5019608 1 0.5019608 0.5019608 0.5019608 1 0.5019608 0.5019608 0.5019608 1 0.5019608 0.5019608 0.5019608 1 0.5019608 0.5019608 0.5019608 1 0.5019608 0.5019608 0.5019608 1 0.5019608 0.5019608 0.5019608 1 0.5019608 0.5019608 0.5019608 1 0.5019608 0.5019608 0.5019608 1 0.5019608 0.5019608 0.5019608 1 0.5019608 0.5019608 0.5019608 1 0.5019608 0.5019608 0.5019608 1 0.5019608 0.5019608 0.5019608 1 0.5019608 0.5019608 0.5019608 1 0.5019608 0.5019608 0.5019608 1 0.5019608 0.5019608 0.5019608 1 0.5019608 0.5019608 0.5019608 1 0.5019608 0.5019608 0.5019608 1 0.5019608 0.5019608 0.5019608 1 0.5019608 0.5019608 0.5019608 1 0.5019608 0.5019608 0.5019608 1 0.5019608 0.5019608 0.5019608 1 0.5019608 0.5019608 0.5019608 1 0.5019608 0.5019608 0.5019608 1 0.5019608 0.5019608 0.5019608 1 0.5019608 0.5019608 0.5019608 1 0.5019608 0.5019608 0.5019608 1 0.5019608 0.5019608 0.5019608 1 0.5019608 0.5019608 0.5019608 1 0.5490196 0.2196078 0.09019608 1 0.5490196 0.2196078 0.09019608 1 0.5490196 0.2196078 0.09019608 1 0.5490196 0.2196078 0.09019608 1 0.5490196 0.2196078 0.09019608 1 0.5490196 0.2196078 0.09019608 1 0.5490196 0.2196078 0.09019608 1 0.5490196 0.2196078 0.09019608 1 0.5490196 0.2196078 0.09019608 1 0.5490196 0.2196078 0.09019608 1 0.5490196 0.2196078 0.09019608 1 0.5490196 0.2196078 0.09019608 1 0.5490196 0.2196078 0.09019608 1 0.5490196 0.2196078 0.09019608 1 0.5490196 0.2196078 0.09019608 1 0.5490196 0.2196078 0.09019608 1 0.5490196 0.2196078 0.09019608 1 0.5490196 0.2196078 0.09019608 1 0.5490196 0.2196078 0.09019608 1 0.5490196 0.2196078 0.09019608 1 0.5490196 0.2196078 0.09019608 1 0.5490196 0.2196078 0.09019608 1 0.5490196 0.2196078 0.09019608 1 0.5490196 0.2196078 0.09019608 1 0.5490196 0.2196078 0.09019608 1 0.5490196 0.2196078 0.09019608 1 0.5490196 0.2196078 0.09019608 1 0.5490196 0.2196078 0.09019608 1 0.5490196 0.2196078 0.09019608 1 0.5490196 0.2196078 0.09019608 1 0.5490196 0.2196078 0.09019608 1 0.5490196 0.2196078 0.09019608 1 0.5490196 0.2196078 0.09019608 1 0.5490196 0.2196078 0.09019608 1 0.5490196 0.2196078 0.09019608 1 0.5490196 0.2196078 0.09019608 1 0.5490196 0.2196078 0.09019608 1 0.5490196 0.2196078 0.09019608 1 0.5490196 0.2196078 0.09019608 1 0.5490196 0.2196078 0.09019608 1 0.5490196 0.2196078 0.09019608 1 0.5490196 0.2196078 0.09019608 1 0.5490196 0.2196078 0.09019608 1 0.5490196 0.2196078 0.09019608 1 0.5490196 0.2196078 0.09019608 1 0.5490196 0.2196078 0.09019608 1 0.5490196 0.2196078 0.09019608 1 0.5490196 0.2196078 0.09019608 1 0.5490196 0.2196078 0.09019608 1 0.5490196 0.2196078 0.09019608 1 0.5490196 0.2196078 0.09019608 1 0.5490196 0.2196078 0.09019608 1 0.5490196 0.2196078 0.09019608 1 0.5490196 0.2196078 0.09019608 1 0.5490196 0.2196078 0.09019608 1 0.5490196 0.2196078 0.09019608 1 0.5490196 0.2196078 0.09019608 1 0.5490196 0.2196078 0.09019608 1 0.5490196 0.2196078 0.09019608 1 0.5490196 0.2196078 0.09019608 1 0.5490196 0.2196078 0.09019608 1 0.5490196 0.2196078 0.09019608 1 0.5490196 0.2196078 0.09019608 1 0.5490196 0.2196078 0.09019608 1 0.5490196 0.2196078 0.09019608 1 0.5490196 0.2196078 0.09019608 1 0.5490196 0.2196078 0.09019608 1 0.5490196 0.2196078 0.09019608 1 0.5490196 0.2196078 0.09019608 1 0.5490196 0.2196078 0.09019608 1 0.5490196 0.2196078 0.09019608 1 0.5490196 0.2196078 0.09019608 1 0.454902 0.4196078 0.3882353 1 0.454902 0.4196078 0.3882353 1 0.454902 0.4196078 0.3882353 1 0.454902 0.4196078 0.3882353 1 0.454902 0.4196078 0.3882353 1 0.454902 0.4196078 0.3882353 1 0.454902 0.4196078 0.3882353 1 0.454902 0.4196078 0.3882353 1 0.454902 0.4196078 0.3882353 1 0.454902 0.4196078 0.3882353 1 0.454902 0.4196078 0.3882353 1 0.454902 0.4196078 0.3882353 1 0.454902 0.4196078 0.3882353 1 0.454902 0.4196078 0.3882353 1 0.454902 0.4196078 0.3882353 1 0.454902 0.4196078 0.3882353 1 0.454902 0.4196078 0.3882353 1 0.454902 0.4196078 0.3882353 1 0.454902 0.4196078 0.3882353 1 0.454902 0.4196078 0.3882353 1 0.454902 0.4196078 0.3882353 1 0.454902 0.4196078 0.3882353 1 0.454902 0.4196078 0.3882353 1 0.454902 0.4196078 0.3882353 1 0.454902 0.4196078 0.3882353 1 0.454902 0.4196078 0.3882353 1 0.454902 0.4196078 0.3882353 1 0.454902 0.4196078 0.3882353 1 0.454902 0.4196078 0.3882353 1 0.454902 0.4196078 0.3882353 1 0.454902 0.4196078 0.3882353 1 0.454902 0.4196078 0.3882353 1 0.454902 0.4196078 0.3882353 1 0.454902 0.4196078 0.3882353 1 0.454902 0.4196078 0.3882353 1 0.454902 0.4196078 0.3882353 1 0.454902 0.4196078 0.3882353 1 0.454902 0.4196078 0.3882353 1 0.454902 0.4196078 0.3882353 1 0.454902 0.4196078 0.3882353 1 0.454902 0.4196078 0.3882353 1 0.454902 0.4196078 0.3882353 1 0.454902 0.4196078 0.3882353 1 0.454902 0.4196078 0.3882353 1 0.454902 0.4196078 0.3882353 1 0.454902 0.4196078 0.3882353 1 0.454902 0.4196078 0.3882353 1 0.454902 0.4196078 0.3882353 1 0.5490196 0.2196078 0.09019608 1 0.5490196 0.2196078 0.09019608 1 0.5490196 0.2196078 0.09019608 1 0.5490196 0.2196078 0.09019608 1 0.5490196 0.2196078 0.09019608 1 0.5490196 0.2196078 0.09019608 1 0.5490196 0.2196078 0.09019608 1 0.5490196 0.2196078 0.09019608 1 0.5490196 0.2196078 0.09019608 1 0.5490196 0.2196078 0.09019608 1 0.5490196 0.2196078 0.09019608 1 0.5490196 0.2196078 0.09019608 1 0.5490196 0.2196078 0.09019608 1 0.5490196 0.2196078 0.09019608 1 0.5490196 0.2196078 0.09019608 1 0.5490196 0.2196078 0.09019608 1 0.5490196 0.2196078 0.09019608 1 0.5490196 0.2196078 0.09019608 1 0.5490196 0.2196078 0.09019608 1 0.5490196 0.2196078 0.09019608 1 0.5490196 0.2196078 0.09019608 1 0.5490196 0.2196078 0.09019608 1 0.5490196 0.2196078 0.09019608 1 0.5490196 0.2196078 0.09019608 1 0.5490196 0.2196078 0.09019608 1 0.5490196 0.2196078 0.09019608 1 0.5490196 0.2196078 0.09019608 1 0.5490196 0.2196078 0.09019608 1 0.5490196 0.2196078 0.09019608 1 0.5490196 0.2196078 0.09019608 1 0.5490196 0.2196078 0.09019608 1 0.5490196 0.2196078 0.09019608 1 0.5490196 0.2196078 0.09019608 1 0.5490196 0.2196078 0.09019608 1 0.5490196 0.2196078 0.09019608 1 0.5490196 0.2196078 0.09019608 1 0.5490196 0.2196078 0.09019608 1 0.5490196 0.2196078 0.09019608 1 0.5490196 0.2196078 0.09019608 1 0.5490196 0.2196078 0.09019608 1 0.5490196 0.2196078 0.09019608 1 0.5490196 0.2196078 0.09019608 1 0.5490196 0.2196078 0.09019608 1 0.5490196 0.2196078 0.09019608 1 0.5490196 0.2196078 0.09019608 1 0.5490196 0.2196078 0.09019608 1 0.5490196 0.2196078 0.09019608 1 0.5490196 0.2196078 0.09019608 1 0.5490196 0.2196078 0.09019608 1 0.5490196 0.2196078 0.09019608 1 0.5490196 0.2196078 0.09019608 1 0.5490196 0.2196078 0.09019608 1 0.5490196 0.2196078 0.09019608 1 0.5490196 0.2196078 0.09019608 1 0.5490196 0.2196078 0.09019608 1 0.5490196 0.2196078 0.09019608 1 0.5490196 0.2196078 0.09019608 1 0.5490196 0.2196078 0.09019608 1 0.5490196 0.2196078 0.09019608 1 0.5490196 0.2196078 0.09019608 1 0.5490196 0.2196078 0.09019608 1 0.5490196 0.2196078 0.09019608 1 0.5490196 0.2196078 0.09019608 1 0.5490196 0.2196078 0.09019608 1 0.5490196 0.2196078 0.09019608 1 0.5490196 0.2196078 0.09019608 1 0.5490196 0.2196078 0.09019608 1 0.5490196 0.2196078 0.09019608 1 0.5490196 0.2196078 0.09019608 1 0.5490196 0.2196078 0.09019608 1 0.5490196 0.2196078 0.09019608 1 0.5490196 0.2196078 0.09019608 1 0.5490196 0.2196078 0.09019608 1 0.5490196 0.2196078 0.09019608 1 0.5490196 0.2196078 0.09019608 1 0.5490196 0.2196078 0.09019608 1 0.5490196 0.2196078 0.09019608 1 0.5490196 0.2196078 0.09019608 1 0.5490196 0.2196078 0.09019608 1 0.5490196 0.2196078 0.09019608 1 0.5490196 0.2196078 0.09019608 1 0.5490196 0.2196078 0.09019608 1 0.5490196 0.2196078 0.09019608 1 0.5490196 0.2196078 0.09019608 1 0.5490196 0.2196078 0.09019608 1 0.5490196 0.2196078 0.09019608 1 0.5490196 0.2196078 0.09019608 1 0.5490196 0.2196078 0.09019608 1 0.5490196 0.2196078 0.09019608 1 0.5490196 0.2196078 0.09019608 1 0.5490196 0.2196078 0.09019608 1 0.5490196 0.2196078 0.09019608 1 0.5490196 0.2196078 0.09019608 1 0.5490196 0.2196078 0.09019608 1 0.5490196 0.2196078 0.09019608 1 0.5490196 0.2196078 0.09019608 1 0.1921569 0.3686275 0.5490196 1 0.1921569 0.3686275 0.5490196 1 0.1921569 0.3686275 0.5490196 1 0.1921569 0.3686275 0.5490196 1 0.1921569 0.3686275 0.5490196 1 0.1921569 0.3686275 0.5490196 1 0.5019608 0.5019608 0.5019608 1 0.5019608 0.5019608 0.5019608 1 0.5019608 0.5019608 0.5019608 1 0.5019608 0.5019608 0.5019608 1 0.5019608 0.5019608 0.5019608 1 0.5019608 0.5019608 0.5019608 1 0.5019608 0.5019608 0.5019608 1 0.5019608 0.5019608 0.5019608 1 0.5019608 0.5019608 0.5019608 1 0.5019608 0.5019608 0.5019608 1 0.5019608 0.5019608 0.5019608 1 0.5019608 0.5019608 0.5019608 1 0.5019608 0.5019608 0.5019608 1 0.5019608 0.5019608 0.5019608 1 0.5019608 0.5019608 0.5019608 1 0.454902 0.4196078 0.3882353 1 0.454902 0.4196078 0.3882353 1 0.454902 0.4196078 0.3882353 1 0.454902 0.4196078 0.3882353 1 0.454902 0.4196078 0.3882353 1 0.454902 0.4196078 0.3882353 1 0.5019608 0.5019608 0.5019608 1 0.5019608 0.5019608 0.5019608 1 0.5019608 0.5019608 0.5019608 1 0.5019608 0.5019608 0.5019608 1 0.5019608 0.5019608 0.5019608 1 0.5019608 0.5019608 0.5019608 1 0.5019608 0.5019608 0.5019608 1 0.5019608 0.5019608 0.5019608 1 0.5019608 0.5019608 0.5019608 1 0.5019608 0.5019608 0.5019608 1 0.5019608 0.5019608 0.5019608 1 0.5019608 0.5019608 0.5019608 1 0.5019608 0.5019608 0.5019608 1 0.5019608 0.5019608 0.5019608 1 0.5019608 0.5019608 0.5019608 1 0.5019608 0.5019608 0.5019608 1 0.5019608 0.5019608 0.5019608 1 0.5019608 0.5019608 0.5019608 1 0.5019608 0.5019608 0.5019608 1 0.5019608 0.5019608 0.5019608 1 0.5019608 0.5019608 0.5019608 1 0.5019608 0.5019608 0.5019608 1 0.5019608 0.5019608 0.5019608 1 0.5019608 0.5019608 0.5019608 1 0.5019608 0.5019608 0.5019608 1 0.5019608 0.5019608 0.5019608 1 0.5019608 0.5019608 0.5019608 1 0.5019608 0.5019608 0.5019608 1 0.5019608 0.5019608 0.5019608 1 0.5019608 0.5019608 0.5019608 1 0.5019608 0.5019608 0.5019608 1 0.5019608 0.5019608 0.5019608 1 0.5019608 0.5019608 0.5019608 1 0.5019608 0.5019608 0.5019608 1 0.5019608 0.5019608 0.5019608 1 0.5019608 0.5019608 0.5019608 1 0.5019608 0.5019608 0.5019608 1 0.5019608 0.5019608 0.5019608 1 0.5019608 0.5019608 0.5019608 1 0.5019608 0.5019608 0.5019608 1 0.5019608 0.5019608 0.5019608 1 0.5019608 0.5019608 0.5019608 1 0.5019608 0.5019608 0.5019608 1 0.5019608 0.5019608 0.5019608 1 0.5019608 0.5019608 0.5019608 1 0.5019608 0.5019608 0.5019608 1 0.5019608 0.5019608 0.5019608 1 0.5019608 0.5019608 0.5019608 1 0.5019608 0.5019608 0.5019608 1 0.5019608 0.5019608 0.5019608 1 0.5019608 0.5019608 0.5019608 1 0.5019608 0.5019608 0.5019608 1 0.5019608 0.5019608 0.5019608 1 0.5019608 0.5019608 0.5019608 1 0.5019608 0.5019608 0.5019608 1 0.5019608 0.5019608 0.5019608 1 0.5019608 0.5019608 0.5019608 1 0.1921569 0.3686275 0.5490196 1 0.1921569 0.3686275 0.5490196 1 0.1921569 0.3686275 0.5490196 1 0.5019608 0.5019608 0.5019608 1 0.5019608 0.5019608 0.5019608 1 0.5019608 0.5019608 0.5019608 1 0.5019608 0.5019608 0.5019608 1 0.5019608 0.5019608 0.5019608 1 0.5019608 0.5019608 0.5019608 1 0.5019608 0.5019608 0.5019608 1 0.5019608 0.5019608 0.5019608 1 0.5019608 0.5019608 0.5019608 1 0.5019608 0.5019608 0.5019608 1 0.5019608 0.5019608 0.5019608 1 0.5019608 0.5019608 0.5019608 1 0.5019608 0.5019608 0.5019608 1 0.5019608 0.5019608 0.5019608 1 0.5019608 0.5019608 0.5019608 1 0.5019608 0.5019608 0.5019608 1 0.5019608 0.5019608 0.5019608 1 0.5019608 0.5019608 0.5019608 1 0.5019608 0.5019608 0.5019608 1 0.5019608 0.5019608 0.5019608 1 0.5019608 0.5019608 0.5019608 1 0.5019608 0.5019608 0.5019608 1 0.5019608 0.5019608 0.5019608 1 0.5019608 0.5019608 0.5019608 1 0.5019608 0.5019608 0.5019608 1 0.5019608 0.5019608 0.5019608 1 0.5019608 0.5019608 0.5019608 1 0.454902 0.4196078 0.3882353 1 0.454902 0.4196078 0.3882353 1 0.454902 0.4196078 0.3882353 1 0.454902 0.4196078 0.3882353 1 0.454902 0.4196078 0.3882353 1 0.454902 0.4196078 0.3882353 1 0.454902 0.4196078 0.3882353 1 0.454902 0.4196078 0.3882353 1 0.454902 0.4196078 0.3882353 1 0.454902 0.4196078 0.3882353 1 0.454902 0.4196078 0.3882353 1 0.454902 0.4196078 0.3882353 1 0.454902 0.4196078 0.3882353 1 0.454902 0.4196078 0.3882353 1 0.454902 0.4196078 0.3882353 1 0.454902 0.4196078 0.3882353 1 0.454902 0.4196078 0.3882353 1 0.454902 0.4196078 0.3882353 1 0.454902 0.4196078 0.3882353 1 0.454902 0.4196078 0.3882353 1 0.454902 0.4196078 0.3882353 1 0.454902 0.4196078 0.3882353 1 0.454902 0.4196078 0.3882353 1 0.454902 0.4196078 0.3882353 1 0.454902 0.4196078 0.3882353 1 0.454902 0.4196078 0.3882353 1 0.454902 0.4196078 0.3882353 1 0.454902 0.4196078 0.3882353 1 0.454902 0.4196078 0.3882353 1 0.454902 0.4196078 0.3882353 1 0.454902 0.4196078 0.3882353 1 0.454902 0.4196078 0.3882353 1 0.454902 0.4196078 0.3882353 1 0.454902 0.4196078 0.3882353 1 0.454902 0.4196078 0.3882353 1 0.454902 0.4196078 0.3882353 1 0.454902 0.4196078 0.3882353 1 0.454902 0.4196078 0.3882353 1 0.454902 0.4196078 0.3882353 1 0.454902 0.4196078 0.3882353 1 0.454902 0.4196078 0.3882353 1 0.454902 0.4196078 0.3882353 1 0.454902 0.4196078 0.3882353 1 0.454902 0.4196078 0.3882353 1 0.454902 0.4196078 0.3882353 1 0.454902 0.4196078 0.3882353 1 0.454902 0.4196078 0.3882353 1 0.454902 0.4196078 0.3882353 1 0.454902 0.4196078 0.3882353 1 0.454902 0.4196078 0.3882353 1 0.454902 0.4196078 0.3882353 1 0.454902 0.4196078 0.3882353 1 0.5019608 0.5019608 0.5019608 1 0.5019608 0.5019608 0.5019608 1 0.5019608 0.5019608 0.5019608 1 0.5019608 0.5019608 0.5019608 1 0.5019608 0.5019608 0.5019608 1 0.5019608 0.5019608 0.5019608 1 0.5019608 0.5019608 0.5019608 1 0.5019608 0.5019608 0.5019608 1 0.5019608 0.5019608 0.5019608 1 0.5019608 0.5019608 0.5019608 1 0.5019608 0.5019608 0.5019608 1 0.5019608 0.5019608 0.5019608 1 0.5019608 0.5019608 0.5019608 1 0.5019608 0.5019608 0.5019608 1 0.5019608 0.5019608 0.5019608 1 0.5019608 0.5019608 0.5019608 1 0.5019608 0.5019608 0.5019608 1 0.5019608 0.5019608 0.5019608 1 0.5019608 0.5019608 0.5019608 1 0.5019608 0.5019608 0.5019608 1 0.5019608 0.5019608 0.5019608 1 0.5019608 0.5019608 0.5019608 1 0.5019608 0.5019608 0.5019608 1 0.5019608 0.5019608 0.5019608 1 0.5019608 0.5019608 0.5019608 1 0.5019608 0.5019608 0.5019608 1 0.5019608 0.5019608 0.5019608 1 0.5019608 0.5019608 0.5019608 1 0.5019608 0.5019608 0.5019608 1 0.454902 0.4196078 0.3882353 1 0.454902 0.4196078 0.3882353 1 0.454902 0.4196078 0.3882353 1 0.454902 0.4196078 0.3882353 1 0.454902 0.4196078 0.3882353 1 0.454902 0.4196078 0.3882353 1 0.454902 0.4196078 0.3882353 1 0.454902 0.4196078 0.3882353 1 0.454902 0.4196078 0.3882353 1 0.454902 0.4196078 0.3882353 1 0.454902 0.4196078 0.3882353 1 0.454902 0.4196078 0.3882353 1 0.454902 0.4196078 0.3882353 1 0.454902 0.4196078 0.3882353 1 0.454902 0.4196078 0.3882353 1 0.454902 0.4196078 0.3882353 1 0.454902 0.4196078 0.3882353 1 0.454902 0.4196078 0.3882353 1 0.5019608 0.5019608 0.5019608 1 0.5019608 0.5019608 0.5019608 1 0.5019608 0.5019608 0.5019608 1 0.5019608 0.5019608 0.5019608 1 0.5019608 0.5019608 0.5019608 1 0.5019608 0.5019608 0.5019608 1 0.5019608 0.5019608 0.5019608 1 0.5019608 0.5019608 0.5019608 1 0.5019608 0.5019608 0.5019608 1 0.5019608 0.5019608 0.5019608 1 0.5019608 0.5019608 0.5019608 1 0.5019608 0.5019608 0.5019608 1 0.5019608 0.5019608 0.5019608 1 0.5019608 0.5019608 0.5019608 1 0.5019608 0.5019608 0.5019608 1 0.5019608 0.5019608 0.5019608 1 0.5019608 0.5019608 0.5019608 1 0.5019608 0.5019608 0.5019608 1 0.5019608 0.5019608 0.5019608 1 0.5019608 0.5019608 0.5019608 1 0.5019608 0.5019608 0.5019608 1 0.5019608 0.5019608 0.5019608 1 0.5019608 0.5019608 0.5019608 1 0.5019608 0.5019608 0.5019608 1 0.5019608 0.5019608 0.5019608 1 0.5019608 0.5019608 0.5019608 1 0.5019608 0.5019608 0.5019608 1 0.5019608 0.5019608 0.5019608 1 0.5019608 0.5019608 0.5019608 1 0.5019608 0.5019608 0.5019608 1 0.5019608 0.5019608 0.5019608 1 0.5019608 0.5019608 0.5019608 1 0.5019608 0.5019608 0.5019608 1 0.5019608 0.5019608 0.5019608 1 0.5019608 0.5019608 0.5019608 1 0.5019608 0.5019608 0.5019608 1 0.5019608 0.5019608 0.5019608 1 0.5019608 0.5019608 0.5019608 1 0.5019608 0.5019608 0.5019608 1 0.5019608 0.5019608 0.5019608 1 0.5019608 0.5019608 0.5019608 1 0.5019608 0.5019608 0.5019608 1 0.5019608 0.5019608 0.5019608 1 0.5019608 0.5019608 0.5019608 1 0.5019608 0.5019608 0.5019608 1 0.5019608 0.5019608 0.5019608 1 0.5019608 0.5019608 0.5019608 1 0.5019608 0.5019608 0.5019608 1 0.5019608 0.5019608 0.5019608 1 0.5019608 0.5019608 0.5019608 1 0.5019608 0.5019608 0.5019608 1 0.5019608 0.5019608 0.5019608 1 0.5019608 0.5019608 0.5019608 1 0.5019608 0.5019608 0.5019608 1 0.5019608 0.5019608 0.5019608 1 0.5019608 0.5019608 0.5019608 1 0.5019608 0.5019608 0.5019608 1 0.5019608 0.5019608 0.5019608 1 0.5019608 0.5019608 0.5019608 1 0.5019608 0.5019608 0.5019608 1 0.5019608 0.5019608 0.5019608 1 0.5019608 0.5019608 0.5019608 1 0.5019608 0.5019608 0.5019608 1 0.5019608 0.5019608 0.5019608 1 0.5019608 0.5019608 0.5019608 1 0.5019608 0.5019608 0.5019608 1 0.5019608 0.5019608 0.5019608 1 0.5019608 0.5019608 0.5019608 1 0.5019608 0.5019608 0.5019608 1 0.5019608 0.5019608 0.5019608 1 0.5019608 0.5019608 0.5019608 1 0.5019608 0.5019608 0.5019608 1 0.5019608 0.5019608 0.5019608 1 0.5019608 0.5019608 0.5019608 1 0.5019608 0.5019608 0.5019608 1 0.5019608 0.5019608 0.5019608 1 0.5019608 0.5019608 0.5019608 1 0.5019608 0.5019608 0.5019608 1 0.5019608 0.5019608 0.5019608 1 0.5019608 0.5019608 0.5019608 1 0.5019608 0.5019608 0.5019608 1 0.5019608 0.5019608 0.5019608 1 0.5019608 0.5019608 0.5019608 1 0.5019608 0.5019608 0.5019608 1 0.454902 0.4196078 0.3882353 1 0.454902 0.4196078 0.3882353 1 0.454902 0.4196078 0.3882353 1 0.454902 0.4196078 0.3882353 1 0.454902 0.4196078 0.3882353 1 0.454902 0.4196078 0.3882353 1 0.454902 0.4196078 0.3882353 1 0.454902 0.4196078 0.3882353 1 0.454902 0.4196078 0.3882353 1 0.454902 0.4196078 0.3882353 1 0.454902 0.4196078 0.3882353 1 0.454902 0.4196078 0.3882353 1 0.454902 0.4196078 0.3882353 1 0.454902 0.4196078 0.3882353 1 0.454902 0.4196078 0.3882353 1 0.454902 0.4196078 0.3882353 1 0.454902 0.4196078 0.3882353 1 0.454902 0.4196078 0.3882353 1 0.454902 0.4196078 0.3882353 1 0.454902 0.4196078 0.3882353 1 0.454902 0.4196078 0.3882353 1 0.454902 0.4196078 0.3882353 1 0.454902 0.4196078 0.3882353 1 0.454902 0.4196078 0.3882353 1 0.454902 0.4196078 0.3882353 1 0.454902 0.4196078 0.3882353 1 0.454902 0.4196078 0.3882353 1 0.454902 0.4196078 0.3882353 1 0.454902 0.4196078 0.3882353 1 0.454902 0.4196078 0.3882353 1 0.454902 0.4196078 0.3882353 1 0.454902 0.4196078 0.3882353 1 0.454902 0.4196078 0.3882353 1 0.454902 0.4196078 0.3882353 1 0.454902 0.4196078 0.3882353 1 0.454902 0.4196078 0.3882353 1 0.454902 0.4196078 0.3882353 1 0.454902 0.4196078 0.3882353 1 0.454902 0.4196078 0.3882353 1 0.454902 0.4196078 0.3882353 1 0.454902 0.4196078 0.3882353 1 0.454902 0.4196078 0.3882353 1 0.454902 0.4196078 0.3882353 1 0.454902 0.4196078 0.3882353 1 0.454902 0.4196078 0.3882353 1 0.454902 0.4196078 0.3882353 1 0.454902 0.4196078 0.3882353 1 0.454902 0.4196078 0.3882353 1 0.454902 0.4196078 0.3882353 1 0.454902 0.4196078 0.3882353 1 0.454902 0.4196078 0.3882353 1 0.454902 0.4196078 0.3882353 1 0.454902 0.4196078 0.3882353 1 0.454902 0.4196078 0.3882353 1 0.454902 0.4196078 0.3882353 1 0.454902 0.4196078 0.3882353 1 0.454902 0.4196078 0.3882353 1 0.454902 0.4196078 0.3882353 1 0.454902 0.4196078 0.3882353 1 0.454902 0.4196078 0.3882353 1 0.454902 0.4196078 0.3882353 1 0.454902 0.4196078 0.3882353 1 0.454902 0.4196078 0.3882353 1 0.454902 0.4196078 0.3882353 1 0.454902 0.4196078 0.3882353 1 0.454902 0.4196078 0.3882353 1 0.454902 0.4196078 0.3882353 1 0.454902 0.4196078 0.3882353 1 0.454902 0.4196078 0.3882353 1 0.454902 0.4196078 0.3882353 1 0.454902 0.4196078 0.3882353 1 0.454902 0.4196078 0.3882353 1 0.454902 0.4196078 0.3882353 1 0.454902 0.4196078 0.3882353 1 0.454902 0.4196078 0.3882353 1 0.454902 0.4196078 0.3882353 1 0.454902 0.4196078 0.3882353 1 0.454902 0.4196078 0.3882353 1 0.454902 0.4196078 0.3882353 1 0.454902 0.4196078 0.3882353 1 0.454902 0.4196078 0.3882353 1 0.454902 0.4196078 0.3882353 1 0.454902 0.4196078 0.3882353 1 0.454902 0.4196078 0.3882353 1 0.454902 0.4196078 0.3882353 1 0.454902 0.4196078 0.3882353 1 0.454902 0.4196078 0.3882353 1 0.454902 0.4196078 0.3882353 1 0.454902 0.4196078 0.3882353 1 0.454902 0.4196078 0.3882353 1 0.454902 0.4196078 0.3882353 1 0.454902 0.4196078 0.3882353 1 0.454902 0.4196078 0.3882353 1 0.454902 0.4196078 0.3882353 1 0.454902 0.4196078 0.3882353 1 0.454902 0.4196078 0.3882353 1 0.454902 0.4196078 0.3882353 1 0.454902 0.4196078 0.3882353 1 0.454902 0.4196078 0.3882353 1 0.454902 0.4196078 0.3882353 1 0.454902 0.4196078 0.3882353 1 0.454902 0.4196078 0.3882353 1 0.454902 0.4196078 0.3882353 1 0.454902 0.4196078 0.3882353 1 0.454902 0.4196078 0.3882353 1 0.454902 0.4196078 0.3882353 1 0.454902 0.4196078 0.3882353 1 0.454902 0.4196078 0.3882353 1 0.454902 0.4196078 0.3882353 1 0.454902 0.4196078 0.3882353 1 0.454902 0.4196078 0.3882353 1 0.454902 0.4196078 0.3882353 1 0.454902 0.4196078 0.3882353 1 0.454902 0.4196078 0.3882353 1 0.454902 0.4196078 0.3882353 1 0.454902 0.4196078 0.3882353 1 0.454902 0.4196078 0.3882353 1 0.454902 0.4196078 0.3882353 1 0.454902 0.4196078 0.3882353 1 0.454902 0.4196078 0.3882353 1 0.454902 0.4196078 0.3882353 1 0.454902 0.4196078 0.3882353 1 0.454902 0.4196078 0.3882353 1 0.454902 0.4196078 0.3882353 1 0.454902 0.4196078 0.3882353 1 0.454902 0.4196078 0.3882353 1 0.454902 0.4196078 0.3882353 1 0.454902 0.4196078 0.3882353 1 0.454902 0.4196078 0.3882353 1 0.454902 0.4196078 0.3882353 1 0.454902 0.4196078 0.3882353 1 0.454902 0.4196078 0.3882353 1 0.454902 0.4196078 0.3882353 1 0.454902 0.4196078 0.3882353 1 0.454902 0.4196078 0.3882353 1 0.454902 0.4196078 0.3882353 1 0.454902 0.4196078 0.3882353 1 0.454902 0.4196078 0.3882353 1 0.454902 0.4196078 0.3882353 1 0.454902 0.4196078 0.3882353 1 0.454902 0.4196078 0.3882353 1 0.454902 0.4196078 0.3882353 1 0.454902 0.4196078 0.3882353 1 0.454902 0.4196078 0.3882353 1 0.454902 0.4196078 0.3882353 1 0.454902 0.4196078 0.3882353 1 0.454902 0.4196078 0.3882353 1 0.454902 0.4196078 0.3882353 1 0.454902 0.4196078 0.3882353 1 0.454902 0.4196078 0.3882353 1 0.454902 0.4196078 0.3882353 1 0.454902 0.4196078 0.3882353 1 0.454902 0.4196078 0.3882353 1 0.454902 0.4196078 0.3882353 1 0.454902 0.4196078 0.3882353 1 0.454902 0.4196078 0.3882353 1 0.454902 0.4196078 0.3882353 1 0.454902 0.4196078 0.3882353 1 0.454902 0.4196078 0.3882353 1 0.454902 0.4196078 0.3882353 1 0.454902 0.4196078 0.3882353 1 0.454902 0.4196078 0.3882353 1 0.454902 0.4196078 0.3882353 1 0.454902 0.4196078 0.3882353 1 0.454902 0.4196078 0.3882353 1 0.454902 0.4196078 0.3882353 1 0.454902 0.4196078 0.3882353 1 0.454902 0.4196078 0.3882353 1 0.454902 0.4196078 0.3882353 1 0.454902 0.4196078 0.3882353 1 0.454902 0.4196078 0.3882353 1 0.454902 0.4196078 0.3882353 1 0.454902 0.4196078 0.3882353 1 0.454902 0.4196078 0.3882353 1 0.454902 0.4196078 0.3882353 1 0.454902 0.4196078 0.3882353 1 0.454902 0.4196078 0.3882353 1 0.454902 0.4196078 0.3882353 1 0.454902 0.4196078 0.3882353 1 0.454902 0.4196078 0.3882353 1 0.454902 0.4196078 0.3882353 1 0.454902 0.4196078 0.3882353 1 0.454902 0.4196078 0.3882353 1 0.454902 0.4196078 0.3882353 1 0.454902 0.4196078 0.3882353 1 0.454902 0.4196078 0.3882353 1 0.454902 0.4196078 0.3882353 1 0.454902 0.4196078 0.3882353 1 0.454902 0.4196078 0.3882353 1 0.454902 0.4196078 0.3882353 1 0.454902 0.4196078 0.3882353 1 0.454902 0.4196078 0.3882353 1 0.454902 0.4196078 0.3882353 1 0.454902 0.4196078 0.3882353 1 0.454902 0.4196078 0.3882353 1 0.454902 0.4196078 0.3882353 1 0.454902 0.4196078 0.3882353 1 0.454902 0.4196078 0.3882353 1 0.454902 0.4196078 0.3882353 1 0.454902 0.4196078 0.3882353 1 0.454902 0.4196078 0.3882353 1 0.454902 0.4196078 0.3882353 1 0.454902 0.4196078 0.3882353 1 0.454902 0.4196078 0.3882353 1 0.454902 0.4196078 0.3882353 1 0.454902 0.4196078 0.3882353 1 0.454902 0.4196078 0.3882353 1 0.454902 0.4196078 0.3882353 1 0.454902 0.4196078 0.3882353 1 0.454902 0.4196078 0.3882353 1 0.454902 0.4196078 0.3882353 1 0.454902 0.4196078 0.3882353 1 0.454902 0.4196078 0.3882353 1 0.454902 0.4196078 0.3882353 1 0.454902 0.4196078 0.3882353 1 0.454902 0.4196078 0.3882353 1 0.454902 0.4196078 0.3882353 1 0.454902 0.4196078 0.3882353 1 0.454902 0.4196078 0.3882353 1 0.454902 0.4196078 0.3882353 1 0.454902 0.4196078 0.3882353 1 0.454902 0.4196078 0.3882353 1 0.454902 0.4196078 0.3882353 1 0.454902 0.4196078 0.3882353 1 0.454902 0.4196078 0.3882353 1 0.454902 0.4196078 0.3882353 1 0.454902 0.4196078 0.3882353 1 0.454902 0.4196078 0.3882353 1 0.454902 0.4196078 0.3882353 1 0.454902 0.4196078 0.3882353 1 0.454902 0.4196078 0.3882353 1 0.454902 0.4196078 0.3882353 1 0.454902 0.4196078 0.3882353 1 0.454902 0.4196078 0.3882353 1 0.454902 0.4196078 0.3882353 1 0.454902 0.4196078 0.3882353 1 0.454902 0.4196078 0.3882353 1 0.454902 0.4196078 0.3882353 1 0.454902 0.4196078 0.3882353 1 0.454902 0.4196078 0.3882353 1 0.454902 0.4196078 0.3882353 1 0.454902 0.4196078 0.3882353 1 0.454902 0.4196078 0.3882353 1 0.454902 0.4196078 0.3882353 1 0.5019608 0.5019608 0.5019608 1 0.5019608 0.5019608 0.5019608 1 0.5019608 0.5019608 0.5019608 1 0.5019608 0.5019608 0.5019608 1 0.5019608 0.5019608 0.5019608 1 0.5019608 0.5019608 0.5019608 1 0.5019608 0.5019608 0.5019608 1 0.5019608 0.5019608 0.5019608 1 0.5019608 0.5019608 0.5019608 1 0.5019608 0.5019608 0.5019608 1 0.5019608 0.5019608 0.5019608 1 0.5019608 0.5019608 0.5019608 1 0.5019608 0.5019608 0.5019608 1 0.5019608 0.5019608 0.5019608 1 0.5019608 0.5019608 0.5019608 1 0.5019608 0.5019608 0.5019608 1 0.5019608 0.5019608 0.5019608 1 0.5019608 0.5019608 0.5019608 1 0.5019608 0.5019608 0.5019608 1 0.5019608 0.5019608 0.5019608 1 0.5019608 0.5019608 0.5019608 1 0.5019608 0.5019608 0.5019608 1 0.5019608 0.5019608 0.5019608 1 0.5019608 0.5019608 0.5019608 1 0.5019608 0.5019608 0.5019608 1 0.5019608 0.5019608 0.5019608 1 0.5019608 0.5019608 0.5019608 1 0.5019608 0.5019608 0.5019608 1 0.5019608 0.5019608 0.5019608 1 0.5019608 0.5019608 0.5019608 1 0.5019608 0.5019608 0.5019608 1 0.5019608 0.5019608 0.5019608 1 0.5019608 0.5019608 0.5019608 1 0.5019608 0.5019608 0.5019608 1 0.5019608 0.5019608 0.5019608 1 0.5019608 0.5019608 0.5019608 1 0.5019608 0.5019608 0.5019608 1 0.5019608 0.5019608 0.5019608 1 0.5019608 0.5019608 0.5019608 1 0.5019608 0.5019608 0.5019608 1 0.5019608 0.5019608 0.5019608 1 0.5019608 0.5019608 0.5019608 1 0.5019608 0.5019608 0.5019608 1 0.5019608 0.5019608 0.5019608 1 0.5019608 0.5019608 0.5019608 1 0.5019608 0.5019608 0.5019608 1 0.5019608 0.5019608 0.5019608 1 0.5019608 0.5019608 0.5019608 1 0.5019608 0.5019608 0.5019608 1 0.5019608 0.5019608 0.5019608 1 0.5019608 0.5019608 0.5019608 1 0.5019608 0.5019608 0.5019608 1 0.5019608 0.5019608 0.5019608 1 0.5019608 0.5019608 0.5019608 1 0.5019608 0.5019608 0.5019608 1 0.5019608 0.5019608 0.5019608 1 0.5019608 0.5019608 0.5019608 1 0.5019608 0.5019608 0.5019608 1 0.5019608 0.5019608 0.5019608 1 0.5019608 0.5019608 0.5019608 1 0.5019608 0.5019608 0.5019608 1 0.5019608 0.5019608 0.5019608 1 0.5019608 0.5019608 0.5019608 1 0.5490196 0.2196078 0.09019608 1 0.5490196 0.2196078 0.09019608 1 0.5490196 0.2196078 0.09019608 1 0.5490196 0.2196078 0.09019608 1 0.5490196 0.2196078 0.09019608 1 0.5490196 0.2196078 0.09019608 1 0.5490196 0.2196078 0.09019608 1 0.5490196 0.2196078 0.09019608 1 0.5019608 0.5019608 0.5019608 1 0.5019608 0.5019608 0.5019608 1 0.5019608 0.5019608 0.5019608 1 0.5019608 0.5019608 0.5019608 1 0.5490196 0.2196078 0.09019608 1 0.5490196 0.2196078 0.09019608 1 0.5490196 0.2196078 0.09019608 1 0.5490196 0.2196078 0.09019608 1 0.5019608 0.5019608 0.5019608 1 0.5019608 0.5019608 0.5019608 1 0.5019608 0.5019608 0.5019608 1 0.5019608 0.5019608 0.5019608 1 0.5490196 0.2196078 0.09019608 1 0.5490196 0.2196078 0.09019608 1 0.5490196 0.2196078 0.09019608 1 0.5490196 0.2196078 0.09019608 1 0.5490196 0.2196078 0.09019608 1 0.5490196 0.2196078 0.09019608 1 0.5490196 0.2196078 0.09019608 1 0.5490196 0.2196078 0.09019608 1 0.5019608 0.5019608 0.5019608 1 0.5019608 0.5019608 0.5019608 1 0.5019608 0.5019608 0.5019608 1 0.5019608 0.5019608 0.5019608 1 0.5490196 0.2196078 0.09019608 1 0.5490196 0.2196078 0.09019608 1 0.5490196 0.2196078 0.09019608 1 0.5490196 0.2196078 0.09019608 1 0.5019608 0.5019608 0.5019608 1 0.5019608 0.5019608 0.5019608 1 0.5019608 0.5019608 0.5019608 1 0.5019608 0.5019608 0.5019608 1 0.5490196 0.2196078 0.09019608 1 0.5490196 0.2196078 0.09019608 1 0.5490196 0.2196078 0.09019608 1 0.5490196 0.2196078 0.09019608 1 0.5019608 0.5019608 0.5019608 1 0.5019608 0.5019608 0.5019608 1 0.5019608 0.5019608 0.5019608 1 0.5019608 0.5019608 0.5019608 1 0.5490196 0.2196078 0.09019608 1 0.5490196 0.2196078 0.09019608 1 0.5490196 0.2196078 0.09019608 1 0.5490196 0.2196078 0.09019608 1 0.5019608 0.5019608 0.5019608 1 0.5019608 0.5019608 0.5019608 1 0.5019608 0.5019608 0.5019608 1 0.5019608 0.5019608 0.5019608 1 0.5490196 0.2196078 0.09019608 1 0.5490196 0.2196078 0.09019608 1 0.5490196 0.2196078 0.09019608 1 0.5490196 0.2196078 0.09019608 1 0.5019608 0.5019608 0.5019608 1 0.5019608 0.5019608 0.5019608 1 0.5019608 0.5019608 0.5019608 1 0.5019608 0.5019608 0.5019608 1 0.5019608 0.5019608 0.5019608 1 0.5019608 0.5019608 0.5019608 1 0.5019608 0.5019608 0.5019608 1 0.5019608 0.5019608 0.5019608 1 0.5019608 0.5019608 0.5019608 1 0.5019608 0.5019608 0.5019608 1 0.5019608 0.5019608 0.5019608 1 0.5019608 0.5019608 0.5019608 1 0.5019608 0.5019608 0.5019608 1 0.5019608 0.5019608 0.5019608 1 0.5019608 0.5019608 0.5019608 1 0.5019608 0.5019608 0.5019608 1 0.5490196 0.2196078 0.09019608 1 0.5490196 0.2196078 0.09019608 1 0.5490196 0.2196078 0.09019608 1 0.5490196 0.2196078 0.09019608 1 0.5490196 0.2196078 0.09019608 1 0.5490196 0.2196078 0.09019608 1 0.5490196 0.2196078 0.09019608 1 0.5490196 0.2196078 0.09019608 1 0.5019608 0.5019608 0.5019608 1 0.5019608 0.5019608 0.5019608 1 0.5019608 0.5019608 0.5019608 1 0.5019608 0.5019608 0.5019608 1 0.5490196 0.2196078 0.09019608 1 0.5490196 0.2196078 0.09019608 1 0.5490196 0.2196078 0.09019608 1 0.5490196 0.2196078 0.09019608 1 0.5019608 0.5019608 0.5019608 1 0.5019608 0.5019608 0.5019608 1 0.5019608 0.5019608 0.5019608 1 0.5019608 0.5019608 0.5019608 1 0.5019608 0.5019608 0.5019608 1 0.5019608 0.5019608 0.5019608 1 0.5019608 0.5019608 0.5019608 1 0.5019608 0.5019608 0.5019608 1 0.5019608 0.5019608 0.5019608 1 0.5019608 0.5019608 0.5019608 1 0.5019608 0.5019608 0.5019608 1 0.5019608 0.5019608 0.5019608 1 0.5019608 0.5019608 0.5019608 1 0.5019608 0.5019608 0.5019608 1 0.5019608 0.5019608 0.5019608 1 0.5019608 0.5019608 0.5019608 1 0.5019608 0.5019608 0.5019608 1 0.5019608 0.5019608 0.5019608 1 0.5019608 0.5019608 0.5019608 1 0.5019608 0.5019608 0.5019608 1 0.5019608 0.5019608 0.5019608 1 0.5019608 0.5019608 0.5019608 1 0.5019608 0.5019608 0.5019608 1 0.5019608 0.5019608 0.5019608 1 0.5019608 0.5019608 0.5019608 1 0.5019608 0.5019608 0.5019608 1 0.5019608 0.5019608 0.5019608 1 0.5019608 0.5019608 0.5019608 1 0.5019608 0.5019608 0.5019608 1 0.5019608 0.5019608 0.5019608 1 0.5019608 0.5019608 0.5019608 1 0.5019608 0.5019608 0.5019608 1 0.5019608 0.5019608 0.5019608 1 0.5019608 0.5019608 0.5019608 1 0.5019608 0.5019608 0.5019608 1 0.5019608 0.5019608 0.5019608 1 0.5019608 0.5019608 0.5019608 1 0.5019608 0.5019608 0.5019608 1 0.5019608 0.5019608 0.5019608 1 0.5019608 0.5019608 0.5019608 1 0.5019608 0.5019608 0.5019608 1 0.5019608 0.5019608 0.5019608 1 0.5019608 0.5019608 0.5019608 1 0.5019608 0.5019608 0.5019608 1 0.5019608 0.5019608 0.5019608 1 0.5019608 0.5019608 0.5019608 1 0.5019608 0.5019608 0.5019608 1 0.5019608 0.5019608 0.5019608 1 0.1921569 0.3686275 0.5490196 1 0.1921569 0.3686275 0.5490196 1 0.1921569 0.3686275 0.5490196 1 0.1921569 0.3686275 0.5490196 1 0.1921569 0.3686275 0.5490196 1 0.1921569 0.3686275 0.5490196 1 0.1921569 0.3686275 0.5490196 1 0.1921569 0.3686275 0.5490196 1 0.1921569 0.3686275 0.5490196 1 0.1921569 0.3686275 0.5490196 1 0.1921569 0.3686275 0.5490196 1 0.1921569 0.3686275 0.5490196 1 0.1921569 0.3686275 0.5490196 1 0.1921569 0.3686275 0.5490196 1 0.1921569 0.3686275 0.5490196 1 0.1921569 0.3686275 0.5490196 1 0.1921569 0.3686275 0.5490196 1 0.1921569 0.3686275 0.5490196 1 0.1921569 0.3686275 0.5490196 1 0.1921569 0.3686275 0.5490196 1 0.1921569 0.3686275 0.5490196 1 0.1921569 0.3686275 0.5490196 1 0.1921569 0.3686275 0.5490196 1 0.1921569 0.3686275 0.5490196 1 0.1921569 0.3686275 0.5490196 1 0.1921569 0.3686275 0.5490196 1 0.1921569 0.3686275 0.5490196 1 0.1921569 0.3686275 0.5490196 1 0.1921569 0.3686275 0.5490196 1 0.1921569 0.3686275 0.5490196 1 0.1921569 0.3686275 0.5490196 1 0.1921569 0.3686275 0.5490196 1 0.1921569 0.3686275 0.5490196 1 0.1921569 0.3686275 0.5490196 1 0.1921569 0.3686275 0.5490196 1 0.1921569 0.3686275 0.5490196 1 0.1921569 0.3686275 0.5490196 1 0.1921569 0.3686275 0.5490196 1 0.1921569 0.3686275 0.5490196 1 0.1921569 0.3686275 0.5490196 1 0.1921569 0.3686275 0.5490196 1 0.1921569 0.3686275 0.5490196 1 0.1921569 0.3686275 0.5490196 1 0.1921569 0.3686275 0.5490196 1 0.1921569 0.3686275 0.5490196 1 0.1921569 0.3686275 0.5490196 1 0.1921569 0.3686275 0.5490196 1 0.1921569 0.3686275 0.5490196 1 0.1921569 0.3686275 0.5490196 1 0.1921569 0.3686275 0.5490196 1 0.1921569 0.3686275 0.5490196 1 0.1921569 0.3686275 0.5490196 1 0.1921569 0.3686275 0.5490196 1 0.1921569 0.3686275 0.5490196 1 0.1921569 0.3686275 0.5490196 1 0.1921569 0.3686275 0.5490196 1 0.1921569 0.3686275 0.5490196 1 0.1921569 0.3686275 0.5490196 1 0.1921569 0.3686275 0.5490196 1 0.1921569 0.3686275 0.5490196 1 0.1921569 0.3686275 0.5490196 1 0.1921569 0.3686275 0.5490196 1 0.1921569 0.3686275 0.5490196 1 0.1921569 0.3686275 0.5490196 1 0.1921569 0.3686275 0.5490196 1 0.1921569 0.3686275 0.5490196 1 0.1921569 0.3686275 0.5490196 1 0.1921569 0.3686275 0.5490196 1 0.1921569 0.3686275 0.5490196 1 0.1921569 0.3686275 0.5490196 1 0.1921569 0.3686275 0.5490196 1 0.1921569 0.3686275 0.5490196 1 0.1921569 0.3686275 0.5490196 1 0.1921569 0.3686275 0.5490196 1 0.1921569 0.3686275 0.5490196 1 0.1921569 0.3686275 0.5490196 1 0.1921569 0.3686275 0.5490196 1 0.1921569 0.3686275 0.5490196 1 0.1921569 0.3686275 0.5490196 1 0.1921569 0.3686275 0.5490196 1 0.1921569 0.3686275 0.5490196 1 0.1921569 0.3686275 0.5490196 1 0.1921569 0.3686275 0.5490196 1 0.1921569 0.3686275 0.5490196 1 0.1921569 0.3686275 0.5490196 1 0.1921569 0.3686275 0.5490196 1 0.1921569 0.3686275 0.5490196 1 0.1921569 0.3686275 0.5490196 1 0.1921569 0.3686275 0.5490196 1 0.1921569 0.3686275 0.5490196 1 0.1921569 0.3686275 0.5490196 1 0.1921569 0.3686275 0.5490196 1 0.1921569 0.3686275 0.5490196 1 0.1921569 0.3686275 0.5490196 1 0.1921569 0.3686275 0.5490196 1 0.1921569 0.3686275 0.5490196 1 0.1921569 0.3686275 0.5490196 1 0.1921569 0.3686275 0.5490196 1 0.1921569 0.3686275 0.5490196 1 0.1921569 0.3686275 0.5490196 1 0.1921569 0.3686275 0.5490196 1 0.1921569 0.3686275 0.5490196 1 0.1921569 0.3686275 0.5490196 1 0.1921569 0.3686275 0.5490196 1 0.1921569 0.3686275 0.5490196 1 0.1921569 0.3686275 0.5490196 1 0.1921569 0.3686275 0.5490196 1 0.1921569 0.3686275 0.5490196 1 0.1921569 0.3686275 0.5490196 1 0.1921569 0.3686275 0.5490196 1 0.1921569 0.3686275 0.5490196 1 0.1921569 0.3686275 0.5490196 1 0.1921569 0.3686275 0.5490196 1 0.1921569 0.3686275 0.5490196 1 0.1921569 0.3686275 0.5490196 1 0.1921569 0.3686275 0.5490196 1 0.1921569 0.3686275 0.5490196 1 0.1921569 0.3686275 0.5490196 1 0.1921569 0.3686275 0.5490196 1 0.1921569 0.3686275 0.5490196 1 0.1921569 0.3686275 0.5490196 1 0.1921569 0.3686275 0.5490196 1 0.1921569 0.3686275 0.5490196 1 0.1921569 0.3686275 0.5490196 1 0.1921569 0.3686275 0.5490196 1 0.1921569 0.3686275 0.5490196 1 0.1921569 0.3686275 0.5490196 1 0.1921569 0.3686275 0.5490196 1 0.1921569 0.3686275 0.5490196 1 0.1921569 0.3686275 0.5490196 1 0.1921569 0.3686275 0.5490196 1 0.1921569 0.3686275 0.5490196 1 0.1921569 0.3686275 0.5490196 1 0.1921569 0.3686275 0.5490196 1 0.1921569 0.3686275 0.5490196 1 0.1921569 0.3686275 0.5490196 1 0.1921569 0.3686275 0.5490196 1 0.1921569 0.3686275 0.5490196 1 0.1921569 0.3686275 0.5490196 1 0.1921569 0.3686275 0.5490196 1 0.1921569 0.3686275 0.5490196 1 0.1921569 0.3686275 0.5490196 1 0.1921569 0.3686275 0.5490196 1 0.1921569 0.3686275 0.5490196 1 0.1921569 0.3686275 0.5490196 1 0.1921569 0.3686275 0.5490196 1 0.1921569 0.3686275 0.5490196 1 0.1921569 0.3686275 0.5490196 1 0.1921569 0.3686275 0.5490196 1 0.1921569 0.3686275 0.5490196 1 0.1921569 0.3686275 0.5490196 1 0.1921569 0.3686275 0.5490196 1 0.1921569 0.3686275 0.5490196 1 0.1921569 0.3686275 0.5490196 1 0.1921569 0.3686275 0.5490196 1 0.1921569 0.3686275 0.5490196 1 0.1921569 0.3686275 0.5490196 1 0.1921569 0.3686275 0.5490196 1 0.1921569 0.3686275 0.5490196 1 0.1921569 0.3686275 0.5490196 1 0.1921569 0.3686275 0.5490196 1 0.1921569 0.3686275 0.5490196 1 0.1921569 0.3686275 0.5490196 1 0.1921569 0.3686275 0.5490196 1 0.1921569 0.3686275 0.5490196 1 0.1921569 0.3686275 0.5490196 1 0.1921569 0.3686275 0.5490196 1 0.1921569 0.3686275 0.5490196 1 0.1921569 0.3686275 0.5490196 1 0.1921569 0.3686275 0.5490196 1 0.1921569 0.3686275 0.5490196 1 0.1921569 0.3686275 0.5490196 1 0.1921569 0.3686275 0.5490196 1 0.1921569 0.3686275 0.5490196 1 0.1921569 0.3686275 0.5490196 1 0.1921569 0.3686275 0.5490196 1 0.1921569 0.3686275 0.5490196 1 0.1921569 0.3686275 0.5490196 1 0.1921569 0.3686275 0.5490196 1 0.1921569 0.3686275 0.5490196 1 0.1921569 0.3686275 0.5490196 1 0.1921569 0.3686275 0.5490196 1 0.1921569 0.3686275 0.5490196 1 0.1921569 0.3686275 0.5490196 1 0.1921569 0.3686275 0.5490196 1 0.1921569 0.3686275 0.5490196 1 0.1921569 0.3686275 0.5490196 1 0.1921569 0.3686275 0.5490196 1 0.1921569 0.3686275 0.5490196 1 0.1921569 0.3686275 0.5490196 1 0.1921569 0.3686275 0.5490196 1 0.1921569 0.3686275 0.5490196 1 0.1921569 0.3686275 0.5490196 1 0.1921569 0.3686275 0.5490196 1 0.1921569 0.3686275 0.5490196 1 0.1921569 0.3686275 0.5490196 1 0.1921569 0.3686275 0.5490196 1 0.1921569 0.3686275 0.5490196 1 0.1921569 0.3686275 0.5490196 1 0.1921569 0.3686275 0.5490196 1 0.1921569 0.3686275 0.5490196 1 0.1921569 0.3686275 0.5490196 1 0.1921569 0.3686275 0.5490196 1 0.1921569 0.3686275 0.5490196 1 0.1921569 0.3686275 0.5490196 1 0.1921569 0.3686275 0.5490196 1 0.1921569 0.3686275 0.5490196 1 0.1921569 0.3686275 0.5490196 1 0.1921569 0.3686275 0.5490196 1 0.1921569 0.3686275 0.5490196 1 0.1921569 0.3686275 0.5490196 1 0.1921569 0.3686275 0.5490196 1 0.1921569 0.3686275 0.5490196 1 0.1921569 0.3686275 0.5490196 1 0.1921569 0.3686275 0.5490196 1 0.1921569 0.3686275 0.5490196 1 0.1921569 0.3686275 0.5490196 1 0.1921569 0.3686275 0.5490196 1 0.1921569 0.3686275 0.5490196 1 0.1921569 0.3686275 0.5490196 1 0.1921569 0.3686275 0.5490196 1 0.1921569 0.3686275 0.5490196 1 0.1921569 0.3686275 0.5490196 1 0.1921569 0.3686275 0.5490196 1 0.1921569 0.3686275 0.5490196 1 0.1921569 0.3686275 0.5490196 1 0.1921569 0.3686275 0.5490196 1 0.1921569 0.3686275 0.5490196 1 0.1921569 0.3686275 0.5490196 1 0.1921569 0.3686275 0.5490196 1 0.1921569 0.3686275 0.5490196 1 0.1921569 0.3686275 0.5490196 1 0.1921569 0.3686275 0.5490196 1 0.1921569 0.3686275 0.5490196 1 0.1921569 0.3686275 0.5490196 1 0.1921569 0.3686275 0.5490196 1 0.1921569 0.3686275 0.5490196 1 0.1921569 0.3686275 0.5490196 1 0.1921569 0.3686275 0.5490196 1 0.1921569 0.3686275 0.5490196 1 0.1921569 0.3686275 0.5490196 1 0.1921569 0.3686275 0.5490196 1 0.1921569 0.3686275 0.5490196 1 0.1921569 0.3686275 0.5490196 1 0.1921569 0.3686275 0.5490196 1 0.1921569 0.3686275 0.5490196 1 0.1921569 0.3686275 0.5490196 1 0.1921569 0.3686275 0.5490196 1 0.1921569 0.3686275 0.5490196 1 0.1921569 0.3686275 0.5490196 1 0.1921569 0.3686275 0.5490196 1 0.1921569 0.3686275 0.5490196 1 0.1921569 0.3686275 0.5490196 1 0.1921569 0.3686275 0.5490196 1 0.1921569 0.3686275 0.5490196 1 0.1921569 0.3686275 0.5490196 1 0.1921569 0.3686275 0.5490196 1 0.1921569 0.3686275 0.5490196 1 0.1921569 0.3686275 0.5490196 1 0.1921569 0.3686275 0.5490196 1 0.1921569 0.3686275 0.5490196 1 0.1921569 0.3686275 0.5490196 1 0.1921569 0.3686275 0.5490196 1 0.1921569 0.3686275 0.5490196 1 0.1921569 0.3686275 0.5490196 1 0.1921569 0.3686275 0.5490196 1 0.1921569 0.3686275 0.5490196 1 0.1921569 0.3686275 0.5490196 1 0.1921569 0.3686275 0.5490196 1 0.1921569 0.3686275 0.5490196 1 0.1921569 0.3686275 0.5490196 1 0.1921569 0.3686275 0.5490196 1 0.1921569 0.3686275 0.5490196 1 0.1921569 0.3686275 0.5490196 1 0.1921569 0.3686275 0.5490196 1 0.1921569 0.3686275 0.5490196 1 0.1921569 0.3686275 0.5490196 1 0.1921569 0.3686275 0.5490196 1 0.1921569 0.3686275 0.5490196 1 0.1921569 0.3686275 0.5490196 1 0.1921569 0.3686275 0.5490196 1 0.1921569 0.3686275 0.5490196 1 0.1921569 0.3686275 0.5490196 1 0.1921569 0.3686275 0.5490196 1 0.1921569 0.3686275 0.5490196 1 0.1921569 0.3686275 0.5490196 1 0.1921569 0.3686275 0.5490196 1 0.1921569 0.3686275 0.5490196 1 0.1921569 0.3686275 0.5490196 1 0.1921569 0.3686275 0.5490196 1 0.1921569 0.3686275 0.5490196 1 0.5019608 0.5019608 0.5019608 1 0.5019608 0.5019608 0.5019608 1 0.5019608 0.5019608 0.5019608 1 0.5019608 0.5019608 0.5019608 1 0.5019608 0.5019608 0.5019608 1 0.5019608 0.5019608 0.5019608 1 0.5019608 0.5019608 0.5019608 1 0.5019608 0.5019608 0.5019608 1 0.5019608 0.5019608 0.5019608 1 0.5019608 0.5019608 0.5019608 1 0.5019608 0.5019608 0.5019608 1 0.5019608 0.5019608 0.5019608 1 0.5019608 0.5019608 0.5019608 1 0.5019608 0.5019608 0.5019608 1 0.5019608 0.5019608 0.5019608 1 0.5019608 0.5019608 0.5019608 1 0.5019608 0.5019608 0.5019608 1 0.5019608 0.5019608 0.5019608 1 0.5019608 0.5019608 0.5019608 1 0.5019608 0.5019608 0.5019608 1 0.454902 0.4196078 0.3882353 1 0.454902 0.4196078 0.3882353 1 0.454902 0.4196078 0.3882353 1 0.454902 0.4196078 0.3882353 1 0.454902 0.4196078 0.3882353 1 0.454902 0.4196078 0.3882353 1 0.454902 0.4196078 0.3882353 1 0.454902 0.4196078 0.3882353 1 0.454902 0.4196078 0.3882353 1 0.454902 0.4196078 0.3882353 1 0.454902 0.4196078 0.3882353 1 0.454902 0.4196078 0.3882353 1 0.454902 0.4196078 0.3882353 1 0.454902 0.4196078 0.3882353 1 0.454902 0.4196078 0.3882353 1 0.454902 0.4196078 0.3882353 1 0.454902 0.4196078 0.3882353 1 0.454902 0.4196078 0.3882353 1 0.454902 0.4196078 0.3882353 1 0.454902 0.4196078 0.3882353 1 0.454902 0.4196078 0.3882353 1 0.454902 0.4196078 0.3882353 1 0.454902 0.4196078 0.3882353 1 0.454902 0.4196078 0.3882353 1 0.454902 0.4196078 0.3882353 1 0.454902 0.4196078 0.3882353 1 0.454902 0.4196078 0.3882353 1 0.454902 0.4196078 0.3882353 1 0.454902 0.4196078 0.3882353 1 0.454902 0.4196078 0.3882353 1 0.454902 0.4196078 0.3882353 1 0.454902 0.4196078 0.3882353 1 0.454902 0.4196078 0.3882353 1 0.454902 0.4196078 0.3882353 1 0.454902 0.4196078 0.3882353 1 0.454902 0.4196078 0.3882353 1 0.454902 0.4196078 0.3882353 1 0.454902 0.4196078 0.3882353 1 0.454902 0.4196078 0.3882353 1 0.454902 0.4196078 0.3882353 1 0.454902 0.4196078 0.3882353 1 0.454902 0.4196078 0.3882353 1 0.454902 0.4196078 0.3882353 1 0.454902 0.4196078 0.3882353 1 0.454902 0.4196078 0.3882353 1 0.454902 0.4196078 0.3882353 1 0.454902 0.4196078 0.3882353 1 0.454902 0.4196078 0.3882353 1 0.454902 0.4196078 0.3882353 1 0.454902 0.4196078 0.3882353 1 0.454902 0.4196078 0.3882353 1 0.454902 0.4196078 0.3882353 1 0.454902 0.4196078 0.3882353 1 0.454902 0.4196078 0.3882353 1 0.454902 0.4196078 0.3882353 1 0.454902 0.4196078 0.3882353 1 0.454902 0.4196078 0.3882353 1 0.454902 0.4196078 0.3882353 1 0.454902 0.4196078 0.3882353 1 0.454902 0.4196078 0.3882353 1 0.454902 0.4196078 0.3882353 1 0.454902 0.4196078 0.3882353 1 0.454902 0.4196078 0.3882353 1 0.454902 0.4196078 0.3882353 1 0.454902 0.4196078 0.3882353 1 0.454902 0.4196078 0.3882353 1 0.454902 0.4196078 0.3882353 1 0.454902 0.4196078 0.3882353 1 0.454902 0.4196078 0.3882353 1 0.454902 0.4196078 0.3882353 1 0.454902 0.4196078 0.3882353 1 0.454902 0.4196078 0.3882353 1 0.454902 0.4196078 0.3882353 1 0.454902 0.4196078 0.3882353 1 0.454902 0.4196078 0.3882353 1 0.454902 0.4196078 0.3882353 1 0.454902 0.4196078 0.3882353 1 0.454902 0.4196078 0.3882353 1 0.454902 0.4196078 0.3882353 1 0.454902 0.4196078 0.3882353 1 0.454902 0.4196078 0.3882353 1 0.454902 0.4196078 0.3882353 1 0.454902 0.4196078 0.3882353 1 0.5019608 0.5019608 0.5019608 1 0.5019608 0.5019608 0.5019608 1 0.5019608 0.5019608 0.5019608 1 0.5019608 0.5019608 0.5019608 1 0.5019608 0.5019608 0.5019608 1 0.5019608 0.5019608 0.5019608 1 0.5019608 0.5019608 0.5019608 1 0.5019608 0.5019608 0.5019608 1 0.5019608 0.5019608 0.5019608 1 0.5019608 0.5019608 0.5019608 1 0.5019608 0.5019608 0.5019608 1 0.5019608 0.5019608 0.5019608 1 0.5019608 0.5019608 0.5019608 1 0.5019608 0.5019608 0.5019608 1 0.5019608 0.5019608 0.5019608 1 0.5019608 0.5019608 0.5019608 1 0.5019608 0.5019608 0.5019608 1 0.5019608 0.5019608 0.5019608 1 0.5019608 0.5019608 0.5019608 1 0.5019608 0.5019608 0.5019608 1 0.5019608 0.5019608 0.5019608 1 0.5019608 0.5019608 0.5019608 1 0.5019608 0.5019608 0.5019608 1 0.5019608 0.5019608 0.5019608 1 0.5019608 0.5019608 0.5019608 1 0.5019608 0.5019608 0.5019608 1 0.5019608 0.5019608 0.5019608 1 0.5019608 0.5019608 0.5019608 1 0.5019608 0.5019608 0.5019608 1 0.5019608 0.5019608 0.5019608 1 0.5019608 0.5019608 0.5019608 1 0.5019608 0.5019608 0.5019608 1 0.5019608 0.5019608 0.5019608 1 0.5019608 0.5019608 0.5019608 1 0.5019608 0.5019608 0.5019608 1 0.5019608 0.5019608 0.5019608 1 0.5019608 0.5019608 0.5019608 1 0.5019608 0.5019608 0.5019608 1 0.5019608 0.5019608 0.5019608 1 0.5019608 0.5019608 0.5019608 1 0.5019608 0.5019608 0.5019608 1 0.5019608 0.5019608 0.5019608 1 0.5019608 0.5019608 0.5019608 1 0.5019608 0.5019608 0.5019608 1 0.5019608 0.5019608 0.5019608 1 0.5019608 0.5019608 0.5019608 1 0.5019608 0.5019608 0.5019608 1 0.5019608 0.5019608 0.5019608 1 0.5019608 0.5019608 0.5019608 1 0.5019608 0.5019608 0.5019608 1 0.5019608 0.5019608 0.5019608 1 0.5019608 0.5019608 0.5019608 1 0.5019608 0.5019608 0.5019608 1 0.5019608 0.5019608 0.5019608 1 0.5019608 0.5019608 0.5019608 1 0.5019608 0.5019608 0.5019608 1 0.5019608 0.5019608 0.5019608 1 0.5019608 0.5019608 0.5019608 1 0.5019608 0.5019608 0.5019608 1 0.5019608 0.5019608 0.5019608 1 0.5019608 0.5019608 0.5019608 1 0.5019608 0.5019608 0.5019608 1 0.5019608 0.5019608 0.5019608 1 0.5019608 0.5019608 0.5019608 1 0.5019608 0.5019608 0.5019608 1 0.5019608 0.5019608 0.5019608 1 0.5019608 0.5019608 0.5019608 1 0.5019608 0.5019608 0.5019608 1 0.5019608 0.5019608 0.5019608 1 0.5019608 0.5019608 0.5019608 1 0.5019608 0.5019608 0.5019608 1 0.5019608 0.5019608 0.5019608 1 0.5019608 0.5019608 0.5019608 1 0.5019608 0.5019608 0.5019608 1 0.5019608 0.5019608 0.5019608 1 0.5019608 0.5019608 0.5019608 1 0.5019608 0.5019608 0.5019608 1 0.5019608 0.5019608 0.5019608 1 0.5019608 0.5019608 0.5019608 1 0.5019608 0.5019608 0.5019608 1 0.5019608 0.5019608 0.5019608 1 0.5019608 0.5019608 0.5019608 1 0.5019608 0.5019608 0.5019608 1 0.5019608 0.5019608 0.5019608 1 0.5019608 0.5019608 0.5019608 1 0.5019608 0.5019608 0.5019608 1 0.5019608 0.5019608 0.5019608 1 0.5019608 0.5019608 0.5019608 1 0.5019608 0.5019608 0.5019608 1 0.5490196 0.2196078 0.09019608 1 0.5490196 0.2196078 0.09019608 1 0.5490196 0.2196078 0.09019608 1 0.5490196 0.2196078 0.09019608 1 0.5490196 0.2196078 0.09019608 1 0.5490196 0.2196078 0.09019608 1 0.5490196 0.2196078 0.09019608 1 0.5490196 0.2196078 0.09019608 1 0.5490196 0.2196078 0.09019608 1 0.5490196 0.2196078 0.09019608 1 0.5490196 0.2196078 0.09019608 1 0.5490196 0.2196078 0.09019608 1 0.5490196 0.2196078 0.09019608 1 0.5490196 0.2196078 0.09019608 1 0.5490196 0.2196078 0.09019608 1 0.5490196 0.2196078 0.09019608 1 0.5490196 0.2196078 0.09019608 1 0.5490196 0.2196078 0.09019608 1 0.5490196 0.2196078 0.09019608 1 0.5490196 0.2196078 0.09019608 1 0.5490196 0.2196078 0.09019608 1 0.5490196 0.2196078 0.09019608 1 0.5490196 0.2196078 0.09019608 1 0.5490196 0.2196078 0.09019608 1 0.5490196 0.2196078 0.09019608 1 0.5490196 0.2196078 0.09019608 1 0.5490196 0.2196078 0.09019608 1 0.5490196 0.2196078 0.09019608 1 0.5490196 0.2196078 0.09019608 1 0.5490196 0.2196078 0.09019608 1 0.5490196 0.2196078 0.09019608 1 0.5490196 0.2196078 0.09019608 1 0.5490196 0.2196078 0.09019608 1 0.5490196 0.2196078 0.09019608 1 0.5490196 0.2196078 0.09019608 1 0.5490196 0.2196078 0.09019608 1 0.5490196 0.2196078 0.09019608 1 0.5490196 0.2196078 0.09019608 1 0.5490196 0.2196078 0.09019608 1 0.5490196 0.2196078 0.09019608 1 0.5490196 0.2196078 0.09019608 1 0.5490196 0.2196078 0.09019608 1 0.5490196 0.2196078 0.09019608 1 0.5490196 0.2196078 0.09019608 1 0.5490196 0.2196078 0.09019608 1 0.5490196 0.2196078 0.09019608 1 0.5490196 0.2196078 0.09019608 1 0.5490196 0.2196078 0.09019608 1 0.5490196 0.2196078 0.09019608 1 0.5490196 0.2196078 0.09019608 1 0.5490196 0.2196078 0.09019608 1 0.5490196 0.2196078 0.09019608 1 0.5019608 0.5019608 0.5019608 1 0.5019608 0.5019608 0.5019608 1 0.5019608 0.5019608 0.5019608 1 0.5019608 0.5019608 0.5019608 1 0.5019608 0.5019608 0.5019608 1 0.5019608 0.5019608 0.5019608 1 0.5019608 0.5019608 0.5019608 1 0.5019608 0.5019608 0.5019608 1 0.5019608 0.5019608 0.5019608 1 0.5019608 0.5019608 0.5019608 1 0.5019608 0.5019608 0.5019608 1 0.5019608 0.5019608 0.5019608 1 0.5019608 0.5019608 0.5019608 1 0.5019608 0.5019608 0.5019608 1 0.5019608 0.5019608 0.5019608 1 0.5019608 0.5019608 0.5019608 1 0.5019608 0.5019608 0.5019608 1 0.5019608 0.5019608 0.5019608 1 0.5019608 0.5019608 0.5019608 1 0.5019608 0.5019608 0.5019608 1 0.5019608 0.5019608 0.5019608 1 0.5019608 0.5019608 0.5019608 1 0.5019608 0.5019608 0.5019608 1 0.5019608 0.5019608 0.5019608 1 0.5019608 0.5019608 0.5019608 1 0.5019608 0.5019608 0.5019608 1 0.5019608 0.5019608 0.5019608 1 0.5019608 0.5019608 0.5019608 1 0.5019608 0.5019608 0.5019608 1 0.5019608 0.5019608 0.5019608 1 0.5019608 0.5019608 0.5019608 1 0.5019608 0.5019608 0.5019608 1 0.5019608 0.5019608 0.5019608 1 0.5019608 0.5019608 0.5019608 1 0.5019608 0.5019608 0.5019608 1 0.5019608 0.5019608 0.5019608 1 0.5019608 0.5019608 0.5019608 1 0.5019608 0.5019608 0.5019608 1 0.5019608 0.5019608 0.5019608 1 0.5019608 0.5019608 0.5019608 1 0.5019608 0.5019608 0.5019608 1 0.5019608 0.5019608 0.5019608 1 0.5019608 0.5019608 0.5019608 1 0.5019608 0.5019608 0.5019608 1 0.5019608 0.5019608 0.5019608 1 0.5019608 0.5019608 0.5019608 1 0.5019608 0.5019608 0.5019608 1 0.5019608 0.5019608 0.5019608 1 0.5019608 0.5019608 0.5019608 1 0.5019608 0.5019608 0.5019608 1 0.5019608 0.5019608 0.5019608 1 0.5019608 0.5019608 0.5019608 1 0.5019608 0.5019608 0.5019608 1 0.5019608 0.5019608 0.5019608 1 0.5019608 0.5019608 0.5019608 1 0.5019608 0.5019608 0.5019608 1 0.5019608 0.5019608 0.5019608 1 0.5019608 0.5019608 0.5019608 1 0.5019608 0.5019608 0.5019608 1 0.5019608 0.5019608 0.5019608 1 0.5019608 0.5019608 0.5019608 1 0.5019608 0.5019608 0.5019608 1 0.5019608 0.5019608 0.5019608 1 0.5019608 0.5019608 0.5019608 1 0.5019608 0.5019608 0.5019608 1 0.5019608 0.5019608 0.5019608 1 0.5019608 0.5019608 0.5019608 1 0.5019608 0.5019608 0.5019608 1 0.5019608 0.5019608 0.5019608 1 0.5019608 0.5019608 0.5019608 1 0.5019608 0.5019608 0.5019608 1 0.5019608 0.5019608 0.5019608 1 0.5019608 0.5019608 0.5019608 1 0.5019608 0.5019608 0.5019608 1 0.5019608 0.5019608 0.5019608 1 0.5019608 0.5019608 0.5019608 1 0.5019608 0.5019608 0.5019608 1 0.5490196 0.2196078 0.09019608 1 0.5490196 0.2196078 0.09019608 1 0.5490196 0.2196078 0.09019608 1 0.5490196 0.2196078 0.09019608 1 0.5490196 0.2196078 0.09019608 1 0.5490196 0.2196078 0.09019608 1 0.5490196 0.2196078 0.09019608 1 0.5490196 0.2196078 0.09019608 1 0.5490196 0.2196078 0.09019608 1 0.5490196 0.2196078 0.09019608 1 0.5490196 0.2196078 0.09019608 1 0.5490196 0.2196078 0.09019608 1 0.5490196 0.2196078 0.09019608 1 0.5490196 0.2196078 0.09019608 1 0.5490196 0.2196078 0.09019608 1 0.5490196 0.2196078 0.09019608 1 0.5490196 0.2196078 0.09019608 1 0.5490196 0.2196078 0.09019608 1 0.5490196 0.2196078 0.09019608 1 0.5490196 0.2196078 0.09019608 1 0.5490196 0.2196078 0.09019608 1 0.5490196 0.2196078 0.09019608 1 0.5490196 0.2196078 0.09019608 1 0.5490196 0.2196078 0.09019608 1 0.5490196 0.2196078 0.09019608 1 0.5490196 0.2196078 0.09019608 1 0.5490196 0.2196078 0.09019608 1 0.5490196 0.2196078 0.09019608 1 0.5490196 0.2196078 0.09019608 1 0.5490196 0.2196078 0.09019608 1 0.5490196 0.2196078 0.09019608 1 0.5490196 0.2196078 0.09019608 1 0.454902 0.4196078 0.3882353 1 0.454902 0.4196078 0.3882353 1 0.454902 0.4196078 0.3882353 1 0.454902 0.4196078 0.3882353 1 0.454902 0.4196078 0.3882353 1 0.454902 0.4196078 0.3882353 1 0.454902 0.4196078 0.3882353 1 0.454902 0.4196078 0.3882353 1 0.454902 0.4196078 0.3882353 1 0.454902 0.4196078 0.3882353 1 0.454902 0.4196078 0.3882353 1 0.454902 0.4196078 0.3882353 1 0.454902 0.4196078 0.3882353 1 0.454902 0.4196078 0.3882353 1 0.454902 0.4196078 0.3882353 1 0.454902 0.4196078 0.3882353 1 0.454902 0.4196078 0.3882353 1 0.454902 0.4196078 0.3882353 1 0.454902 0.4196078 0.3882353 1 0.454902 0.4196078 0.3882353 1 0.454902 0.4196078 0.3882353 1 0.454902 0.4196078 0.3882353 1 0.454902 0.4196078 0.3882353 1 0.454902 0.4196078 0.3882353 1 0.454902 0.4196078 0.3882353 1 0.454902 0.4196078 0.3882353 1 0.454902 0.4196078 0.3882353 1 0.454902 0.4196078 0.3882353 1 0.454902 0.4196078 0.3882353 1 0.454902 0.4196078 0.3882353 1 0.454902 0.4196078 0.3882353 1 0.454902 0.4196078 0.3882353 1 0.454902 0.4196078 0.3882353 1 0.454902 0.4196078 0.3882353 1 0.454902 0.4196078 0.3882353 1 0.454902 0.4196078 0.3882353 1 0.454902 0.4196078 0.3882353 1 0.454902 0.4196078 0.3882353 1 0.454902 0.4196078 0.3882353 1 0.454902 0.4196078 0.3882353 1 0.454902 0.4196078 0.3882353 1 0.454902 0.4196078 0.3882353 1 0.454902 0.4196078 0.3882353 1 0.454902 0.4196078 0.3882353 1 0.454902 0.4196078 0.3882353 1 0.454902 0.4196078 0.3882353 1 0.454902 0.4196078 0.3882353 1 0.454902 0.4196078 0.3882353 1 0.5490196 0.2196078 0.09019608 1 0.5490196 0.2196078 0.09019608 1 0.5490196 0.2196078 0.09019608 1 0.5490196 0.2196078 0.09019608 1 0.5490196 0.2196078 0.09019608 1 0.5490196 0.2196078 0.09019608 1 0.5490196 0.2196078 0.09019608 1 0.5490196 0.2196078 0.09019608 1 0.5490196 0.2196078 0.09019608 1 0.5490196 0.2196078 0.09019608 1 0.5490196 0.2196078 0.09019608 1 0.5490196 0.2196078 0.09019608 1 0.5490196 0.2196078 0.09019608 1 0.5490196 0.2196078 0.09019608 1 0.5490196 0.2196078 0.09019608 1 0.5490196 0.2196078 0.09019608 1 0.5490196 0.2196078 0.09019608 1 0.5490196 0.2196078 0.09019608 1 0.5490196 0.2196078 0.09019608 1 0.5490196 0.2196078 0.09019608 1 0.5490196 0.2196078 0.09019608 1 0.5490196 0.2196078 0.09019608 1 0.5490196 0.2196078 0.09019608 1 0.5490196 0.2196078 0.09019608 1 0.5490196 0.2196078 0.09019608 1 0.5490196 0.2196078 0.09019608 1 0.5490196 0.2196078 0.09019608 1 0.5490196 0.2196078 0.09019608 1 0.5490196 0.2196078 0.09019608 1 0.5490196 0.2196078 0.09019608 1 0.5490196 0.2196078 0.09019608 1 0.5490196 0.2196078 0.09019608 1 0.5490196 0.2196078 0.09019608 1 0.5490196 0.2196078 0.09019608 1 0.5490196 0.2196078 0.09019608 1 0.5490196 0.2196078 0.09019608 1 0.5490196 0.2196078 0.09019608 1 0.5490196 0.2196078 0.09019608 1 0.5490196 0.2196078 0.09019608 1 0.5490196 0.2196078 0.09019608 1 0.5490196 0.2196078 0.09019608 1 0.5490196 0.2196078 0.09019608 1 0.5490196 0.2196078 0.09019608 1 0.5490196 0.2196078 0.09019608 1 0.5490196 0.2196078 0.09019608 1 0.5490196 0.2196078 0.09019608 1 0.5490196 0.2196078 0.09019608 1 0.5490196 0.2196078 0.09019608 1 0.5490196 0.2196078 0.09019608 1 0.5490196 0.2196078 0.09019608 1 0.5490196 0.2196078 0.09019608 1 0.5490196 0.2196078 0.09019608 1 0.5490196 0.2196078 0.09019608 1 0.5490196 0.2196078 0.09019608 1 0.5490196 0.2196078 0.09019608 1 0.5490196 0.2196078 0.09019608 1 0.5490196 0.2196078 0.09019608 1 0.5490196 0.2196078 0.09019608 1 0.5490196 0.2196078 0.09019608 1 0.5490196 0.2196078 0.09019608 1 0.5490196 0.2196078 0.09019608 1 0.5490196 0.2196078 0.09019608 1 0.5490196 0.2196078 0.09019608 1 0.5490196 0.2196078 0.09019608 1</float_array>
          <technique_common>
            <accessor source="#CmFillerObjectAM1_pCube35_polySurface2__CmFillerObjectA03C-color-array" count="3801" stride="4">
              <param name="R" type="float" />
              <param name="G" type="float" />
              <param name="B" type="float" />
              <param name="A" type="float" />
            </accessor>
          </technique_common>
        </source>
        <source id="CmFillerObjectAM1_pCube35_polySurface2__CmFillerObjectA03C-texcoord">
          <float_array id="CmFillerObjectAM1_pCube35_polySurface2__CmFillerObjectA03C-texcoord-array" count="7602">0.1367188 0.3530273 0.1367188 0.324707 0.2546387 0.3530273 0.2546387 0.324707 0.1367188 0.3149414 0.2546387 0.3149414 0.1367188 0.324707 0.2546387 0.324707 0.2546387 0.362793 0.1367188 0.362793 0.2546387 0.3530273 0.1367188 0.3530273 0.01432037 0.5695801 0.01255798 0.5695801 0.01432037 0.5571289 0.01255798 0.5571289 0.1367188 0.2929688 0.1367188 0.2646484 0.2546387 0.2929688 0.2546387 0.2646484 0.1367188 0.2548828 0.2546387 0.2548828 0.1367188 0.2646484 0.2546387 0.2646484 0.2546387 0.3032227 0.1367188 0.3032227 0.2546387 0.2929688 0.1367188 0.2929688 0.9477539 0.4736328 0.972168 0.4736328 0.9477539 0.4838867 0.972168 0.4838867 0.5805664 0.4838867 0.578125 0.4838867 0.5805664 0.4736328 0.578125 0.4736328 0.01405334 0.5493164 0.01229095 0.5493164 0.01405334 0.5368652 0.01229095 0.5368652 0.005908966 0.2929688 0.005908966 0.2641602 0.1239624 0.2929688 0.1239624 0.2641602 0.005908966 0.2543945 0.1239624 0.2543945 0.005908966 0.2641602 0.1239624 0.2641602 0.1239624 0.3027344 0.005908966 0.3027344 0.1239624 0.2929688 0.005908966 0.2929688 0.9516602 0.4033203 0.9760742 0.4033203 0.9516602 0.4130859 0.9760742 0.4130859 0.5849609 0.4130859 0.5820313 0.4130859 0.5849609 0.4033203 0.5820313 0.4033203 0.2546387 0.4111328 0.225708 0.4111328 0.2546387 0.3925781 0.225708 0.3925781 0.1394043 0.3925781 0.1689453 0.3925781 0.1394043 0.4111328 0.1689453 0.4111328 0.2277832 0.440918 0.2565918 0.440918 0.2277832 0.4594727 0.2565918 0.4594727 0.1981201 0.4594727 0.1691895 0.4594727 0.1981201 0.440918 0.1691895 0.440918 0.1396484 0.440918 0.1691895 0.440918 0.1396484 0.4594727 0.1691895 0.4594727 0.1981201 0.440918 0.2277832 0.440918 0.1981201 0.4594727 0.2277832 0.4594727 0.1395264 0.4355469 0.1395264 0.4165039 0.168335 0.4355469 0.168335 0.4165039 0.2546387 0.4165039 0.2546387 0.4355469 0.2250977 0.4165039 0.2250977 0.4355469 0.1401367 0.3891602 0.1401367 0.3701172 0.1690674 0.3891602 0.1690674 0.3701172 0.2553711 0.3701172 0.2553711 0.3891602 0.225708 0.3701172 0.225708 0.3891602 0.2263184 0.465332 0.2558594 0.465332 0.2263184 0.484375 0.2558594 0.484375 0.1975098 0.484375 0.1678467 0.484375 0.1975098 0.465332 0.1678467 0.465332 0.1390381 0.465332 0.1678467 0.465332 0.1390381 0.484375 0.1678467 0.484375 0.1975098 0.465332 0.2263184 0.465332 0.1975098 0.484375 0.2263184 0.484375 0.2232666 0.5092773 0.194458 0.5092773 0.2232666 0.4907227 0.194458 0.4907227 0.2232666 0.4907227 0.2529297 0.4907227 0.2232666 0.5092773 0.2529297 0.5092773 0.005908966 0.3530273 0.005908966 0.3242188 0.1239624 0.3530273 0.1239624 0.3242188 0.005908966 0.3144531 0.1239624 0.3144531 0.005908966 0.3242188 0.1239624 0.3242188 0.1239624 0.362793 0.005908966 0.362793 0.1239624 0.3530273 0.005908966 0.3530273 0.12854 0.4111328 0.09967041 0.4111328 0.12854 0.3920898 0.09967041 0.3920898 0.01335144 0.3920898 0.04293823 0.3920898 0.01335144 0.4111328 0.04293823 0.4111328 0.1016235 0.4404297 0.1304932 0.4404297 0.1016235 0.4594727 0.1304932 0.4594727 0.07202148 0.4594727 0.04315186 0.4594727 0.07202148 0.4404297 0.04315186 0.4404297 0.01355743 0.4404297 0.04315186 0.4404297 0.01355743 0.4594727 0.04315186 0.4594727 0.07202148 0.4404297 0.1016235 0.4404297 0.07202148 0.4594727 0.1016235 0.4594727 0.0134201 0.4350586 0.0134201 0.4165039 0.04229736 0.4350586 0.04229736 0.4165039 0.12854 0.4165039 0.12854 0.4350586 0.09899902 0.4165039 0.09899902 0.4350586 0.01407623 0.3886719 0.01407623 0.3696289 0.04293823 0.3886719 0.04293823 0.3696289 0.1292725 0.3696289 0.1292725 0.3886719 0.09967041 0.3696289 0.09967041 0.3886719 0.1002808 0.4648438 0.1298828 0.4648438 0.1002808 0.4838867 0.1298828 0.4838867 0.07141113 0.4838867 0.04180908 0.4838867 0.07141113 0.4648438 0.04180908 0.4648438 0.01294708 0.4648438 0.04180908 0.4648438 0.01294708 0.4838867 0.04180908 0.4838867 0.07141113 0.4648438 0.1002808 0.4648438 0.07141113 0.4838867 0.1002808 0.4838867 0.097229 0.5090332 0.06835938 0.5090332 0.097229 0.4902344 0.06835938 0.4902344 0.097229 0.4902344 0.1268311 0.4902344 0.097229 0.5090332 0.1268311 0.5090332 0.01337433 0.6943359 0.2037354 0.6943359 0.01337433 0.7124023 0.2037354 0.7124023 0.01172638 0.7241211 0.2021484 0.7241211 0.01172638 0.7421875 0.2020264 0.7421875 0.01352692 0.7562256 0.2026367 0.7562256 0.01351929 0.774292 0.2027588 0.774292 0.0144577 0.784668 0.2015381 0.784668 0.0144577 0.8027344 0.201416 0.8027344 0.05825806 0.5976563 0.05825806 0.5822754 0.2402344 0.5976563 0.2402344 0.5822754 0.05227661 0.6259766 0.05227661 0.6105957 0.2354736 0.6259766 0.2354736 0.6105957 0.05227661 0.6105957 0.05227661 0.6259766 0.01248932 0.6105957 0.01248932 0.6259766 0.0146637 0.5822754 0.05825806 0.5822754 0.0146637 0.5976563 0.05825806 0.5976563 0.04470825 0.6538086 0.04470825 0.6384277 0.2265625 0.6538086 0.2265625 0.6384277 0.04199219 0.6799316 0.04199219 0.6647949 0.2258301 0.6799316 0.2258301 0.6647949 0.0129776 0.6384277 0.04470825 0.6384277 0.0129776 0.6538086 0.04470825 0.6538086 0.04199219 0.6647949 0.04199219 0.6799316 0.01026154 0.6647949 0.01026154 0.6799316 0.8183594 0.864624 0.8183594 0.852417 0.8574219 0.864624 0.8574219 0.852417 0.8574219 0.8481445 0.8178711 0.8481445 0.8574219 0.8358154 0.8178711 0.8358154 0.8574219 0.8481445 0.8574219 0.8358154 0.8583984 0.8492432 0.8583984 0.8347168 0.8574219 0.8358154 0.8178711 0.8358154 0.8583984 0.8347168 0.8178711 0.8347168 0.8178711 0.8481445 0.8574219 0.8481445 0.8178711 0.8492432 0.8583984 0.8492432 0.8183594 0.864624 0.8183594 0.852417 0.8574219 0.864624 0.8574219 0.852417 0.8574219 0.8481445 0.8178711 0.8481445 0.8574219 0.8358154 0.8178711 0.8358154 0.8574219 0.8481445 0.8574219 0.8358154 0.8583984 0.8492432 0.8583984 0.8347168 0.8574219 0.8358154 0.8178711 0.8358154 0.8583984 0.8347168 0.8178711 0.8347168 0.8178711 0.8481445 0.8574219 0.8481445 0.8178711 0.8492432 0.8583984 0.8492432 0.8183594 0.864624 0.8183594 0.852417 0.8574219 0.864624 0.8574219 0.852417 0.8574219 0.8481445 0.8178711 0.8481445 0.8574219 0.8358154 0.8178711 0.8358154 0.8574219 0.8481445 0.8574219 0.8358154 0.8583984 0.8492432 0.8583984 0.8347168 0.8574219 0.8358154 0.8178711 0.8358154 0.8583984 0.8347168 0.8178711 0.8347168 0.8178711 0.8481445 0.8574219 0.8481445 0.8178711 0.8492432 0.8583984 0.8492432 0.8183594 0.864624 0.8183594 0.852417 0.8574219 0.864624 0.8574219 0.852417 0.8574219 0.8481445 0.8178711 0.8481445 0.8574219 0.8358154 0.8178711 0.8358154 0.8574219 0.8481445 0.8574219 0.8358154 0.8583984 0.8492432 0.8583984 0.8347168 0.8574219 0.8358154 0.8178711 0.8358154 0.8583984 0.8347168 0.8178711 0.8347168 0.8178711 0.8481445 0.8574219 0.8481445 0.8178711 0.8492432 0.8583984 0.8492432 0.8183594 0.864624 0.8183594 0.852417 0.8574219 0.864624 0.8574219 0.852417 0.8574219 0.8481445 0.8178711 0.8481445 0.8574219 0.8358154 0.8178711 0.8358154 0.8574219 0.8481445 0.8574219 0.8358154 0.8583984 0.8492432 0.8583984 0.8347168 0.8574219 0.8358154 0.8178711 0.8358154 0.8583984 0.8347168 0.8178711 0.8347168 0.8178711 0.8481445 0.8574219 0.8481445 0.8178711 0.8492432 0.8583984 0.8492432 0.8183594 0.864624 0.8183594 0.852417 0.8574219 0.864624 0.8574219 0.852417 0.8574219 0.8481445 0.8178711 0.8481445 0.8574219 0.8358154 0.8178711 0.8358154 0.8574219 0.8481445 0.8574219 0.8358154 0.8583984 0.8492432 0.8583984 0.8347168 0.8574219 0.8358154 0.8178711 0.8358154 0.8583984 0.8347168 0.8178711 0.8347168 0.8178711 0.8481445 0.8574219 0.8481445 0.8178711 0.8492432 0.8583984 0.8492432 0.9135742 0.2490234 0.9169922 0.2963867 0.9121094 0.2641602 0.9101563 0.296875 0.6943359 0.9293213 0.6943359 0.9100342 0.8354492 0.9100342 0.8354492 0.9293213 0.9736328 0.9100342 0.9736328 0.9293213 0.6933594 0.8747559 0.6933594 0.8939819 0.6831055 0.8747559 0.6831055 0.8939819 0.4973145 0.8747559 0.4973145 0.8939819 0.4921875 0.8939819 0.4921875 0.8747559 0.4870605 0.8939819 0.4870605 0.8747559 0.3549805 0.8747559 0.3549805 0.8939819 0.2235107 0.8747559 0.2235107 0.8939819 0.21875 0.8747559 0.21875 0.8939819 0.2141113 0.8939819 0.2141113 0.8747559 0.02676392 0.8747559 0.02676392 0.8939819 0.01728821 0.8939819 0.01728821 0.8747559 0.6933594 0.8939819 0.6933594 0.8747559 0.8359375 0.8747559 0.8359375 0.8939819 0.9780273 0.8747559 0.9780273 0.8939819 0.4089355 0.8154297 0.4089355 0.831543 0.2944336 0.8154297 0.2944336 0.831543 0.1802979 0.8154297 0.1802979 0.831543 0.4104004 0.8460693 0.4104004 0.8620605 0.2963867 0.8460693 0.2963867 0.8620605 0.1827393 0.8460693 0.1827393 0.8620605 0.7978516 0.8460693 0.7978516 0.8620605 0.6865234 0.8620605 0.6865234 0.8460693 0.574707 0.8620605 0.574707 0.8460693 0.5708008 0.8460693 0.5708008 0.8620605 0.5668945 0.8620605 0.5668945 0.8460693 0.4177246 0.8620605 0.4177246 0.8460693 0.4104004 0.8620605 0.4104004 0.8460693 0.7988281 0.8154297 0.7988281 0.831543 0.6870117 0.831543 0.6870117 0.8154297 0.574707 0.831543 0.574707 0.8154297 0.5708008 0.831543 0.5708008 0.8154297 0.5668945 0.8154297 0.5668945 0.831543 0.4165039 0.831543 0.4165039 0.8154297 0.4089355 0.8154297 0.4089355 0.831543 0.7988281 0.831543 0.7988281 0.8330078 0.6870117 0.8330078 0.6870117 0.831543 0.574707 0.8330078 0.574707 0.831543 0.5708008 0.8330078 0.5708008 0.831543 0.5668945 0.831543 0.5668945 0.8330078 0.4165039 0.831543 0.4165039 0.8330078 0.4089355 0.831543 0.4089355 0.8330078 0.2944336 0.8330078 0.2944336 0.831543 0.1802979 0.8330078 0.1802979 0.831543 0.1719971 0.8330078 0.1719971 0.831543 0.02223206 0.8330078 0.02223206 0.831543 0.01795959 0.831543 0.01795959 0.8330078 0.01348877 0.8330078 0.01374054 0.831543 0.7978516 0.8620605 0.7978516 0.8636475 0.6865234 0.8636475 0.6865234 0.8620605 0.574707 0.8636475 0.574707 0.8620605 0.5708008 0.8636475 0.5708008 0.8620605 0.5668945 0.8620605 0.5668945 0.8636475 0.4177246 0.8620605 0.4177246 0.8636475 0.4104004 0.8620605 0.4104004 0.8636475 0.2963867 0.8636475 0.2963867 0.8620605 0.1827393 0.8636475 0.1827393 0.8620605 0.1745605 0.8636475 0.1745605 0.8620605 0.02612305 0.8636475 0.02612305 0.8620605 0.02185059 0.8620605 0.02185059 0.8636475 0.01724243 0.8636475 0.01765442 0.8620605 0.378418 0.4780273 0.2697754 0.4780273 0.380127 0.4775391 0.2683105 0.4775391 0.3806152 0.4760742 0.2675781 0.4760742 0.3806152 0.3686523 0.2675781 0.3686523 0.2683105 0.3671875 0.380127 0.3671875 0.378418 0.3666992 0.2697754 0.3666992 0.3962402 0.3662109 0.5048828 0.3662109 0.3947754 0.3666992 0.5063477 0.3671875 0.394043 0.3681641 0.5068359 0.3681641 0.5068359 0.4755859 0.394043 0.4755859 0.3947754 0.4770508 0.5063477 0.4770508 0.3962402 0.4775391 0.5048828 0.4775391 0.5805664 0.4838867 0.5805664 0.4736328 0.5830078 0.4736328 0.5830078 0.4838867 0.7470703 0.4736328 0.7470703 0.4838867 0.75 0.4736328 0.75 0.4838867 0.5024414 0.3574219 0.4001465 0.3574219 0.5039063 0.3569336 0.3986816 0.3569336 0.5043945 0.3554688 0.3981934 0.3554688 0.5043945 0.2548828 0.3981934 0.2548828 0.3986816 0.253418 0.5039063 0.253418 0.5024414 0.2529297 0.4001465 0.2529297 0.2734375 0.2529297 0.3757324 0.2529297 0.2719727 0.2539063 0.3771973 0.2539063 0.2712402 0.2553711 0.3776855 0.2553711 0.3776855 0.355957 0.2712402 0.355957 0.2719727 0.3574219 0.3771973 0.3574219 0.2734375 0.3579102 0.3757324 0.3579102 0.5849609 0.4130859 0.5849609 0.4033203 0.5874023 0.4033203 0.5874023 0.4130859 0.7514648 0.4033203 0.7514648 0.4130859 0.7539063 0.4033203 0.7539063 0.4130859 0.1970215 0.3925781 0.1970215 0.4111328 0.1942139 0.4111328 0.1942139 0.3925781 0.1689453 0.4111328 0.1689453 0.3925781 0.2250977 0.4165039 0.2250977 0.4355469 0.1998291 0.4165039 0.1998291 0.4355469 0.1970215 0.4165039 0.1970215 0.4355469 0.225708 0.3701172 0.225708 0.3891602 0.2004395 0.3701172 0.2004395 0.3891602 0.1977539 0.3701172 0.1977539 0.3891602 0.1657715 0.4907227 0.1657715 0.5092773 0.1629639 0.5092773 0.1629639 0.4907227 0.1376953 0.5092773 0.1376953 0.4907227 0.07092285 0.3920898 0.07092285 0.4111328 0.06817627 0.4111328 0.06817627 0.3920898 0.04293823 0.4111328 0.04293823 0.3920898 0.09899902 0.4165039 0.09899902 0.4350586 0.0737915 0.4165039 0.0737915 0.4350586 0.07098389 0.4165039 0.07098389 0.4350586 0.09967041 0.3696289 0.09967041 0.3886719 0.07440186 0.3696289 0.07440186 0.3886719 0.07165527 0.3696289 0.07165527 0.3886719 0.03967285 0.4902344 0.03967285 0.5090332 0.03686523 0.5090332 0.03686523 0.4902344 0.01165009 0.5090332 0.01165009 0.4902344 0.9624023 0.7241211 0.9628906 0.7421875 0.9199219 0.7421875 0.9194336 0.7241211 0.7568359 0.7421875 0.7568359 0.7241211 0.6733398 0.7421875 0.6733398 0.7241211 0.6665039 0.7421875 0.6665039 0.7241211 0.659668 0.7241211 0.659668 0.7421875 0.5048828 0.7241211 0.5048828 0.7421875 0.4978027 0.7421875 0.4980469 0.7241211 0.4912109 0.7241211 0.4909668 0.7421875 0.2468262 0.7241211 0.246582 0.7421875 0.2021484 0.7241211 0.2020264 0.7421875 0.9501953 0.5822754 0.9501953 0.5976563 0.7861328 0.5976563 0.7861328 0.5822754 0.7075195 0.5976563 0.7075195 0.5822754 0.7011719 0.5976563 0.7011719 0.5822754 0.6948242 0.5822754 0.6948242 0.5976563 0.5385742 0.5976563 0.5385742 0.5822754 0.5322266 0.5976563 0.5322266 0.5822754 0.5258789 0.5822754 0.5258789 0.5976563 0.2839355 0.5976563 0.2839355 0.5822754 0.2402344 0.5822754 0.2402344 0.5976563 0.9555664 0.6105957 0.9555664 0.6259766 0.7910156 0.6105957 0.7910156 0.6259766 0.706543 0.6105957 0.706543 0.6259766 0.7001953 0.6105957 0.7001953 0.6259766 0.6933594 0.6259766 0.6933594 0.6105957 0.5366211 0.6259766 0.5366211 0.6105957 0.5302734 0.6105957 0.5302734 0.6259766 0.5239258 0.6259766 0.5239258 0.6105957 0.2766113 0.6259766 0.2766113 0.6105957 0.2354736 0.6259766 0.2354736 0.6105957 0.9482422 0.6384277 0.9482422 0.6538086 0.6933594 0.6538086 0.6933594 0.6384277 0.6855469 0.6538086 0.6855469 0.6384277 0.6806641 0.6384277 0.6806641 0.6538086 0.5249023 0.6538086 0.5249023 0.6384277 0.5185547 0.6538086 0.5185547 0.6384277 0.512207 0.6384277 0.512207 0.6538086 0.2702637 0.6538086 0.2702637 0.6384277 0.2265625 0.6384277 0.2265625 0.6538086 0.2258301 0.6799316 0.2258301 0.6647949 0.2602539 0.6647949 0.2602539 0.6799316 0.5151367 0.6647949 0.5151367 0.6799316 0.5219727 0.6647949 0.5219727 0.6799316 0.5283203 0.6799316 0.5283203 0.6647949 0.6850586 0.6647949 0.6850586 0.6799316 0.6914063 0.6647949 0.6914063 0.6799316 0.6982422 0.6799316 0.6982422 0.6647949 0.956543 0.6647949 0.956543 0.6799316 0.0146637 0.5822754 0.0146637 0.5808105 0.05825806 0.5808105 0.05825806 0.5822754 0.2402344 0.5808105 0.2402344 0.5822754 0.2839355 0.5808105 0.2839355 0.5822754 0.5258789 0.5808105 0.5258789 0.5822754 0.5322266 0.5808105 0.5322266 0.5822754 0.5385742 0.5822754 0.5385742 0.5808105 0.6948242 0.5808105 0.6948242 0.5822754 0.7011719 0.5822754 0.7011719 0.5808105 0.7075195 0.5822754 0.7075195 0.5808105 0.7861328 0.5822754 0.7861328 0.5808105 0.9501953 0.5808105 0.9501953 0.5822754 0.9555664 0.6091309 0.9555664 0.6105957 0.7910156 0.6091309 0.7910156 0.6105957 0.706543 0.6091309 0.706543 0.6105957 0.7001953 0.6091309 0.7001953 0.6105957 0.6933594 0.6091309 0.6933594 0.6105957 0.5366211 0.6105957 0.5366211 0.6091309 0.5302734 0.6091309 0.5302734 0.6105957 0.5239258 0.6105957 0.5239258 0.6091309 0.2766113 0.6105957 0.2766113 0.6091309 0.2354736 0.6105957 0.2359619 0.6091309 0.05227661 0.6105957 0.05227661 0.6091309 0.01248932 0.6091309 0.01248932 0.6105957 0.9482422 0.6538086 0.9482422 0.6552734 0.6933594 0.6552734 0.6933594 0.6538086 0.6855469 0.6552734 0.6855469 0.6538086 0.6806641 0.6552734 0.6806641 0.6538086 0.5249023 0.6552734 0.5249023 0.6538086 0.5185547 0.6552734 0.5185547 0.6538086 0.512207 0.6538086 0.512207 0.6552734 0.2702637 0.6552734 0.2702637 0.6538086 0.2265625 0.6552734 0.2265625 0.6538086 0.04470825 0.6552734 0.04470825 0.6538086 0.0129776 0.6552734 0.0129776 0.6538086 0.956543 0.6799316 0.956543 0.6813965 0.6982422 0.6813965 0.6982422 0.6799316 0.6914063 0.6813965 0.6914063 0.6799316 0.6850586 0.6813965 0.6850586 0.6799316 0.5283203 0.6813965 0.5283203 0.6799316 0.5219727 0.6813965 0.5219727 0.6799316 0.5151367 0.6799316 0.5151367 0.6813965 0.2602539 0.6813965 0.2602539 0.6799316 0.2258301 0.6799316 0.2258301 0.6813965 0.04168701 0.6813965 0.04199219 0.6799316 0.01026154 0.6813965 0.01026154 0.6799316 0.7202148 0.9757843 0.7192383 0.990593 0.480957 0.9757843 0.4802246 0.990593 0.479248 0.9757843 0.4787598 0.990593 0.4775391 0.9757843 0.4775391 0.990593 0.3688965 0.9757843 0.3688965 0.990593 0.3671875 0.990593 0.3666992 0.9757843 0.3662109 0.990593 0.3652344 0.9757843 0.1286621 0.9757843 0.1295166 0.990593 0.1278076 0.990593 0.1273193 0.9757843 0.1259766 0.990593 0.1259766 0.9757843 0.01864624 0.9757843 0.01863098 0.990593 0.01715088 0.9757843 0.01698303 0.990593 0.01565552 0.9757843 0.01547241 0.990593 0.01534271 0.9615479 0.01534271 0.9440308 0.01646423 0.9440308 0.01646423 0.9615479 0.01748657 0.9440308 0.01748657 0.9615479 0.1001587 0.9440308 0.1001587 0.9615479 0.1011353 0.9615479 0.1011353 0.9440308 0.1022339 0.9615479 0.1022339 0.9440308 0.326416 0.9440308 0.326416 0.9615479 0.3271484 0.9615479 0.3271484 0.9440308 0.3283691 0.9615479 0.3283691 0.9440308 0.4104004 0.9440308 0.4104004 0.9615479 0.411377 0.9440308 0.411377 0.9615479 0.4125977 0.9440308 0.4125977 0.9615479 0.6357422 0.9440308 0.6357422 0.9615479 0.6357422 0.9615479 0.6357422 0.9628296 0.4125977 0.9628296 0.4125977 0.9615479 0.411377 0.9628296 0.411377 0.9615479 0.4104004 0.9615479 0.4104004 0.9628296 0.3283691 0.9628296 0.3283691 0.9615479 0.3271484 0.9628296 0.3271484 0.9615479 0.326416 0.9628296 0.326416 0.9615479 0.1022339 0.9628296 0.1022339 0.9615479 0.1011353 0.9628296 0.1011353 0.9615479 0.1001587 0.9615479 0.1001587 0.9628296 0.01748657 0.9628296 0.01748657 0.9615479 0.01646423 0.9628296 0.01646423 0.9615479 0.01534271 0.9615479 0.01529694 0.9628296 0.9833984 0.3833008 0.9833984 0.3916016 0.9697266 0.3833008 0.9697266 0.3916016 0.9663086 0.3833008 0.9663086 0.3916016 0.9492188 0.3833008 0.9492188 0.3916016 0.9453125 0.3916016 0.9453125 0.3833008 0.9316406 0.3833008 0.9316406 0.3916016 0.9277344 0.3916016 0.9277344 0.3833008 0.9106445 0.3833008 0.9106445 0.3916016 0.9072266 0.3916016 0.9072266 0.3833008 0.9804688 0.3569336 0.9804688 0.3432617 0.9868164 0.3569336 0.9868164 0.3432617 0.9931641 0.3569336 0.9931641 0.3432617 0.9833984 0.3833008 0.9833984 0.3916016 0.9697266 0.3833008 0.9697266 0.3916016 0.9663086 0.3833008 0.9663086 0.3916016 0.9492188 0.3833008 0.9492188 0.3916016 0.9453125 0.3916016 0.9453125 0.3833008 0.9316406 0.3833008 0.9316406 0.3916016 0.9277344 0.3916016 0.9277344 0.3833008 0.9106445 0.3833008 0.9106445 0.3916016 0.9072266 0.3916016 0.9072266 0.3833008 0.9804688 0.3569336 0.9804688 0.3432617 0.9868164 0.3569336 0.9868164 0.3432617 0.9931641 0.3569336 0.9931641 0.3432617 0.9833984 0.3833008 0.9833984 0.3916016 0.9697266 0.3833008 0.9697266 0.3916016 0.9663086 0.3833008 0.9663086 0.3916016 0.9492188 0.3833008 0.9492188 0.3916016 0.9453125 0.3916016 0.9453125 0.3833008 0.9316406 0.3833008 0.9316406 0.3916016 0.9277344 0.3916016 0.9277344 0.3833008 0.9106445 0.3833008 0.9106445 0.3916016 0.9072266 0.3916016 0.9072266 0.3833008 0.9804688 0.3569336 0.9804688 0.3432617 0.9868164 0.3569336 0.9868164 0.3432617 0.9931641 0.3569336 0.9931641 0.3432617 0.9833984 0.3833008 0.9833984 0.3916016 0.9697266 0.3833008 0.9697266 0.3916016 0.9663086 0.3833008 0.9663086 0.3916016 0.9492188 0.3833008 0.9492188 0.3916016 0.9453125 0.3916016 0.9453125 0.3833008 0.9316406 0.3833008 0.9316406 0.3916016 0.9277344 0.3916016 0.9277344 0.3833008 0.9106445 0.3833008 0.9106445 0.3916016 0.9072266 0.3916016 0.9072266 0.3833008 0.9804688 0.3569336 0.9804688 0.3432617 0.9868164 0.3569336 0.9868164 0.3432617 0.9931641 0.3569336 0.9931641 0.3432617 0.9833984 0.3833008 0.9833984 0.3916016 0.9697266 0.3833008 0.9697266 0.3916016 0.9663086 0.3833008 0.9663086 0.3916016 0.9492188 0.3833008 0.9492188 0.3916016 0.9453125 0.3916016 0.9453125 0.3833008 0.9316406 0.3833008 0.9316406 0.3916016 0.9277344 0.3916016 0.9277344 0.3833008 0.9106445 0.3833008 0.9106445 0.3916016 0.9072266 0.3916016 0.9072266 0.3833008 0.9804688 0.3569336 0.9804688 0.3432617 0.9868164 0.3569336 0.9868164 0.3432617 0.9931641 0.3569336 0.9931641 0.3432617 0.9833984 0.3833008 0.9833984 0.3916016 0.9697266 0.3833008 0.9697266 0.3916016 0.9663086 0.3833008 0.9663086 0.3916016 0.9492188 0.3833008 0.9492188 0.3916016 0.9453125 0.3916016 0.9453125 0.3833008 0.9316406 0.3833008 0.9316406 0.3916016 0.9277344 0.3916016 0.9277344 0.3833008 0.9106445 0.3833008 0.9106445 0.3916016 0.9072266 0.3916016 0.9072266 0.3833008 0.9804688 0.3569336 0.9804688 0.3432617 0.9868164 0.3569336 0.9868164 0.3432617 0.9931641 0.3569336 0.9931641 0.3432617 0.1745605 0.8460693 0.1827393 0.8460693 0.1827393 0.8620605 0.1745605 0.8620605 0.02612305 0.8460693 0.02612305 0.8620605 0.02185059 0.8460693 0.02185059 0.8620605 0.01765442 0.8460693 0.01765442 0.8620605 0.01795959 0.831543 0.01374054 0.831543 0.01374054 0.8154297 0.01795959 0.8154297 0.02223206 0.831543 0.02223206 0.8154297 0.1719971 0.831543 0.1719971 0.8154297 0.1802979 0.8154297 0.1802979 0.831543 0.7988281 0.8154297 0.6870117 0.8154297 0.7988281 0.8139648 0.6870117 0.8139648 0.574707 0.8154297 0.574707 0.8139648 0.5708008 0.8139648 0.5708008 0.8154297 0.5668945 0.8154297 0.5668945 0.8139648 0.4165039 0.8154297 0.4165039 0.8139648 0.4089355 0.8154297 0.4089355 0.8139648 0.2944336 0.8154297 0.2944336 0.8139648 0.1802979 0.8154297 0.1802979 0.8139648 0.1719971 0.8139648 0.1719971 0.8154297 0.02223206 0.8139648 0.02223206 0.8154297 0.01795959 0.8154297 0.01795959 0.8139648 0.01354218 0.8139648 0.01374054 0.8154297 0.7978516 0.8460693 0.6865234 0.8460693 0.7978516 0.8444824 0.6865234 0.8444824 0.574707 0.8460693 0.574707 0.8444824 0.5708008 0.8444824 0.5708008 0.8460693 0.5668945 0.8460693 0.5668945 0.8444824 0.4177246 0.8460693 0.4177246 0.8444824 0.4104004 0.8460693 0.4104004 0.8444824 0.2963867 0.8460693 0.2963867 0.8444824 0.1827393 0.8460693 0.1827393 0.8444824 0.1745605 0.8444824 0.1745605 0.8460693 0.02612305 0.8444824 0.02612305 0.8460693 0.02185059 0.8460693 0.02185059 0.8444824 0.01765442 0.8444824 0.01765442 0.8460693 0.0246582 0.9293213 0.01512909 0.9293213 0.01512909 0.9100342 0.0246582 0.9100342 0.2160645 0.9293213 0.2160645 0.9100342 0.2207031 0.9293213 0.2207031 0.9100342 0.2253418 0.9100342 0.2253418 0.9293213 0.3522949 0.9293213 0.3522949 0.9100342 0.4853516 0.9293213 0.4853516 0.9100342 0.4904785 0.9100342 0.4904785 0.9293213 0.4958496 0.9100342 0.4958496 0.9293213 0.684082 0.9293213 0.684082 0.9100342 0.6943359 0.9100342 0.6943359 0.9293213 0.5776367 0.4916992 0.5810547 0.4916992 0.5776367 0.501709 0.5810547 0.501709 0.7456055 0.4916992 0.7456055 0.501709 0.7485352 0.501709 0.7485352 0.4916992 0.7485352 0.4916992 0.7729492 0.4916992 0.7485352 0.501709 0.7729492 0.501709 0.7758789 0.4916992 0.7758789 0.501709 0.7768555 0.4736328 0.7802734 0.4736328 0.7768555 0.4838867 0.7802734 0.4838867 0.9443359 0.4736328 0.9443359 0.4838867 0.9477539 0.4838867 0.9477539 0.4736328 0.7807617 0.4033203 0.7841797 0.4033203 0.7807617 0.4130859 0.7841797 0.4130859 0.9487305 0.4033203 0.9487305 0.4130859 0.9516602 0.4130859 0.9516602 0.4033203 0.5820313 0.421875 0.5854492 0.421875 0.5820313 0.4316406 0.5854492 0.4316406 0.7495117 0.421875 0.7495117 0.4316406 0.7529297 0.4316406 0.7529297 0.421875 0.7529297 0.421875 0.7773438 0.421875 0.7529297 0.4316406 0.7773438 0.4316406 0.7797852 0.421875 0.7797852 0.4316406 0.9150391 0.6943359 0.9624023 0.6943359 0.9619141 0.7124023 0.9150391 0.7124023 0.7519531 0.6943359 0.7519531 0.7124023 0.6738281 0.6943359 0.6738281 0.7124023 0.6669922 0.6943359 0.6669922 0.7124023 0.6601563 0.7124023 0.6601563 0.6943359 0.5048828 0.6943359 0.5048828 0.7124023 0.498291 0.6943359 0.4985352 0.7124023 0.4916992 0.7124023 0.4914551 0.6943359 0.2509766 0.6943359 0.2512207 0.7124023 0.2037354 0.7124023 0.2037354 0.6943359 0.2380371 0.8027344 0.201416 0.8027344 0.2015381 0.784668 0.2382813 0.784668 0.4833984 0.8027344 0.4838867 0.784668 0.4904785 0.8027344 0.4904785 0.784668 0.4973145 0.784668 0.4973145 0.8027344 0.6542969 0.8027344 0.6542969 0.784668 0.6611328 0.8027344 0.6611328 0.784668 0.6679688 0.784668 0.668457 0.8027344 0.9296875 0.8027344 0.9291992 0.784668 0.9638672 0.784668 0.9643555 0.8027344 0.9267578 0.7562256 0.9614258 0.7562256 0.9614258 0.774292 0.9267578 0.774292 0.6728516 0.7562256 0.6728516 0.774292 0.6645508 0.7562256 0.6645508 0.774292 0.6591797 0.774292 0.6591797 0.7562256 0.5039063 0.7562256 0.5039063 0.774292 0.4973145 0.7562256 0.4973145 0.774292 0.4907227 0.774292 0.4904785 0.7562256 0.2502441 0.7562256 0.2504883 0.774292 0.2027588 0.774292 0.2026367 0.7562256 0.0146637 0.5976563 0.05825806 0.5976563 0.0146637 0.5991211 0.05825806 0.5991211 0.2402344 0.5976563 0.2402344 0.5991211 0.2839355 0.5976563 0.2839355 0.5991211 0.5258789 0.5976563 0.5258789 0.5991211 0.5322266 0.5991211 0.5322266 0.5976563 0.5385742 0.5976563 0.5385742 0.5991211 0.6948242 0.5976563 0.6948242 0.5991211 0.7011719 0.5976563 0.7011719 0.5991211 0.7075195 0.5976563 0.7075195 0.5991211 0.7861328 0.5976563 0.7861328 0.5991211 0.9501953 0.5991211 0.9501953 0.5976563 0.01248932 0.6259766 0.05227661 0.6259766 0.01248932 0.6274414 0.05227661 0.6274414 0.2354736 0.6259766 0.2354736 0.6274414 0.2766113 0.6274414 0.2766113 0.6259766 0.5239258 0.6259766 0.5239258 0.6274414 0.5302734 0.6274414 0.5302734 0.6259766 0.5366211 0.6259766 0.5366211 0.6274414 0.6933594 0.6259766 0.6933594 0.6274414 0.7001953 0.6259766 0.7001953 0.6274414 0.706543 0.6259766 0.706543 0.6274414 0.7910156 0.6259766 0.7910156 0.6274414 0.9555664 0.6274414 0.9555664 0.6259766 0.9736328 0.371582 0.9702148 0.3754883 0.9458008 0.3754883 0.9423828 0.371582 0.9736328 0.3549805 0.9423828 0.3549805 0.9458008 0.3510742 0.9697266 0.3510742 0.9736328 0.371582 0.9702148 0.3754883 0.9458008 0.3754883 0.9423828 0.371582 0.9736328 0.3549805 0.9423828 0.3549805 0.9458008 0.3510742 0.9697266 0.3510742 0.9736328 0.371582 0.9702148 0.3754883 0.9458008 0.3754883 0.9423828 0.371582 0.9736328 0.3549805 0.9423828 0.3549805 0.9458008 0.3510742 0.9697266 0.3510742 0.9736328 0.371582 0.9702148 0.3754883 0.9458008 0.3754883 0.9423828 0.371582 0.9736328 0.3549805 0.9423828 0.3549805 0.9458008 0.3510742 0.9697266 0.3510742 0.9736328 0.371582 0.9702148 0.3754883 0.9458008 0.3754883 0.9423828 0.371582 0.9736328 0.3549805 0.9423828 0.3549805 0.9458008 0.3510742 0.9697266 0.3510742 0.9736328 0.371582 0.9702148 0.3754883 0.9458008 0.3754883 0.9423828 0.371582 0.9736328 0.3549805 0.9423828 0.3549805 0.9458008 0.3510742 0.9697266 0.3510742 0.987793 0.01025391 0.987793 0.005859375 0.9892578 0.006835938 0.9892578 0.009765625 0.9887695 0.01611328 0.9897461 0.015625 0.9892578 0.02294922 0.987793 0.0234375 0.9902344 0.02978516 0.9887695 0.03076172 0.9975586 0.1508789 0.9956055 0.1513672 0.996582 0.1665039 0.9985352 0.1665039 0.9980469 0.1757813 0.9956055 0.1757813 0.9946289 0.2275391 0.9926758 0.2382813 0.9575195 0.237793 0.9926758 0.2436523 0.9575195 0.2431641 0.9575195 0.2260742 0.9956055 0.1757813 0.9438477 0.2358398 0.9433594 0.2421875 0.9301758 0.2426758 0.9438477 0.2304688 0.9306641 0.2373047 0.9013672 0.2392578 0.9584961 0.1748047 0.996582 0.1665039 0.9453125 0.1733398 0.9316406 0.2285156 0.9589844 0.1655273 0.9589844 0.1552734 0.9956055 0.1513672 0.9462891 0.1645508 0.9628906 0.03613281 0.9887695 0.03076172 0.9458008 0.1523438 0.9345703 0.1645508 0.9633789 0.02636719 0.987793 0.0234375 0.9477539 0.03027344 0.9638672 0.02050781 0.9887695 0.01611328 0.9482422 0.02294922 0.934082 0.152832 0.9643555 0.01269531 0.987793 0.01025391 0.987793 0.005859375 0.9643555 0.006347656 0.9487305 0.01708984 0.949707 0.01074219 0.9492188 0.005859375 0.9379883 0.01025391 0.9389648 0.004394531 0.9375 0.01416016 0.9033203 0.005371094 0.9033203 0 0.8701172 0.003417969 0.9370117 0.01904297 0.9033203 0.009765625 0.8706055 0.007324219 0.8598633 0.00390625 0.9360352 0.02539063 0.9038086 0.01904297 0.9023438 0.1425781 0.871582 0.01464844 0.8725586 0.02636719 0.9013672 0.1640625 0.8720703 0.1435547 0.8608398 0.015625 0.8598633 0.0078125 0.8618164 0.02880859 0.8491211 0.0078125 0.8491211 0.004394531 0.8496094 0.01513672 0.7949219 0.009277344 0.7949219 0.005371094 0.7836914 0.005371094 0.8505859 0.02685547 0.7836914 0.01025391 0.7744141 0.005859375 0.7954102 0.01757813 0.7954102 0.02685547 0.7958984 0.1318359 0.7841797 0.02685547 0.7836914 0.01806641 0.7744141 0.01171875 0.7338867 0.009277344 0.7338867 0.006347656 0.7749023 0.01806641 0.6923828 0.009765625 0.6923828 0.006835938 0.6816406 0.006347656 0.734375 0.015625 0.6816406 0.01025391 0.6708984 0.006347656 0.6928711 0.01611328 0.6816406 0.01416016 0.6708984 0.01171875 0.734375 0.02050781 0.7749023 0.0234375 0.6928711 0.02197266 0.7348633 0.1240234 0.7753906 0.1357422 0.6816406 0.02099609 0.784668 0.1337891 0.6708984 0.01806641 0.7954102 0.1499023 0.6708984 0.01513672 0.8500977 0.1376953 0.8613281 0.1425781 0.8486328 0.1567383 0.859375 0.1582031 0.8706055 0.159668 0.8500977 0.1635742 0.8613281 0.1674805 0.8720703 0.1689453 0.7963867 0.1577148 0.8515625 0.2241211 0.7973633 0.2250977 0.784668 0.1591797 0.8632813 0.2299805 0.7973633 0.2373047 0.8515625 0.2368164 0.7851563 0.2319336 0.7836914 0.1484375 0.7753906 0.1586914 0.7749023 0.1474609 0.7348633 0.1420898 0.7348633 0.1494141 0.7753906 0.2280273 0.734375 0.2231445 0.6928711 0.1489258 0.6933594 0.1362305 0.6928711 0.1259766 0.6821289 0.1474609 0.6821289 0.1220703 0.6826172 0.1347656 0.6708984 0.1176758 0.671875 0.1333008 0.6708984 0.1420898 0.6181641 0.1254883 0.6162109 0.1103516 0.6171875 0.01757813 0.6064453 0.1235352 0.6171875 0.01416016 0.605957 0.02099609 0.6171875 0.01123047 0.6176758 0.005859375 0.605957 0.01708984 0.6064453 0.009765625 0.6064453 0.005859375 0.605957 0.01220703 0.597168 0.009277344 0.5976563 0.005371094 0.5664063 0.002441406 0.5966797 0.01806641 0.5957031 0.01318359 0.5664063 0.007324219 0.5668945 0.01171875 0.5317383 0.0078125 0.53125 0.002441406 0.5200195 0.002929688 0.565918 0.015625 0.5322266 0.01318359 0.5205078 0.008789063 0.5205078 0.01416016 0.5078125 0.008789063 0.5073242 0.003417969 0.5078125 0.01318359 0.4736328 0.008300781 0.4736328 0.003417969 0.4628906 0.003417969 0.4736328 0.01269531 0.4628906 0.008300781 0.4538574 0.003417969 0.4736328 0.01806641 0.4536133 0.009277344 0.4626465 0.01367188 0.4067383 0.003417969 0.5078125 0.01806641 0.4072266 0.006347656 0.5205078 0.01953125 0.3764648 0.01269531 0.3754883 0.005859375 0.4074707 0.01318359 0.3681641 0.01220703 0.3666992 0.006347656 0.4533691 0.01513672 0.3569336 0.01123047 0.3566895 0.006835938 0.3686523 0.02001953 0.3779297 0.02050781 0.3034668 0.01269531 0.3032227 0.008789063 0.2924805 0.008789063 0.3571777 0.01611328 0.2927246 0.01318359 0.3034668 0.01806641 0.2819824 0.01318359 0.2819824 0.009277344 0.2410889 0.009277344 0.3688965 0.02587891 0.3583984 0.1088867 0.3781738 0.02929688 0.2927246 0.01806641 0.3701172 0.112793 0.4077148 0.02001953 0.3793945 0.1108398 0.4077148 0.1010742 0.4533691 0.02294922 0.4626465 0.02001953 0.4533691 0.105957 0.4741211 0.1000977 0.4631348 0.1064453 0.5087891 0.09960938 0.4077148 0.1176758 0.4541016 0.1171875 0.4746094 0.1171875 0.4633789 0.1176758 0.5087891 0.1171875 0.4746094 0.1289063 0.4633789 0.1318359 0.4538574 0.1318359 0.4755859 0.2265625 0.4084473 0.1274414 0.463623 0.2314453 0.3774414 0.1225586 0.4106445 0.2211914 0.3684082 0.1240234 0.3793945 0.1367188 0.3701172 0.1376953 0.3569336 0.1259766 0.3586426 0.1357422 0.3735352 0.2314453 0.3613281 0.2324219 0.3044434 0.144043 0.3041992 0.1181641 0.3034668 0.1347656 0.2932129 0.1254883 0.2924805 0.1367188 0.2822266 0.1240234 0.2819824 0.01855469 0.2410889 0.01757813 0.2410889 0.02246094 0.201416 0.01708984 0.2015381 0.009277344 0.2404785 0.1254883 0.1923828 0.01611328 0.192749 0.008789063 0.2011719 0.02197266 0.1922607 0.02148438 0.1812744 0.01269531 0.1816406 0.008789063 0.1810303 0.01806641 0.1274414 0.01025391 0.1279297 0.005859375 0.1269531 0.01464844 0.1170654 0.008789063 0.1176758 0.004882813 0.1166992 0.01123047 0.1066895 0.0078125 0.1074829 0.00390625 0.07421875 0.0009765625 0.0736084 0.005859375 0.02552795 0.004394531 0.1060791 0.01123047 0.0737915 0.009277344 0.02626038 0.009765625 0.1161499 0.01611328 0.07391357 0.01367188 0.1053467 0.01660156 0.1155396 0.02148438 0.02703857 0.015625 0.07366943 0.02246094 0.027771 0.02294922 0.1043091 0.02490234 0.02850342 0.03076172 0.07250977 0.1459961 0.1026001 0.1459961 0.01849365 0.02246094 0.0274353 0.1484375 0.01760864 0.01464844 0.01913452 0.03222656 0.002967834 0.0234375 0.003608704 0.03027344 0.002401352 0.01660156 0.008857727 0.1474609 0.01707458 0.009765625 0.002101898 0.01074219 0.01651001 0.005859375 0.001653671 0.008300781 0.01789856 0.1479492 0.009048462 0.1625977 0.02638245 0.1630859 0.016922 0.1625977 0.01687622 0.1713867 0.008705139 0.1713867 0.007331848 0.2246094 0.0725708 0.1640625 0.026474 0.1723633 0.01689148 0.2299805 0.00629425 0.2363281 0.07171631 0.1699219 0.01797485 0.2358398 0.006973267 0.2412109 0.01802063 0.2416992 0.02888489 0.2416992 0.02874756 0.2358398 0.06878662 0.2382813 0.0279541 0.2304688 0.06951904 0.2324219 0.06976318 0.2241211 0.09649658 0.2363281 0.0960083 0.2426758 0.09753418 0.230957 0.1019287 0.1699219 0.1088257 0.2353516 0.1087036 0.2416992 0.1204834 0.2426758 0.1091919 0.2299805 0.1206665 0.2373047 0.1756592 0.2387695 0.1756592 0.2441406 0.1209717 0.2285156 0.1129761 0.168457 0.1040649 0.1601563 0.1241455 0.1660156 0.1134033 0.1513672 0.1149902 0.1591797 0.1247559 0.1396484 0.1258545 0.1582031 0.1790771 0.1337891 0.1796875 0.1523438 0.1785889 0.1611328 0.1757813 0.2299805 0.1901855 0.1621094 0.1879883 0.2329102 0.1878662 0.2382813 0.1876221 0.2441406 0.1971436 0.2446289 0.1976318 0.2392578 0.2401123 0.2456055 0.1955566 0.230957 0.2401123 0.2402344 0.199707 0.1621094 0.2836914 0.2392578 0.2841797 0.2446289 0.2402344 0.2280273 0.295166 0.2373047 0.2954102 0.2431641 0.3068848 0.2446289 0.2861328 0.230957 0.3068848 0.2387695 0.2822266 0.1518555 0.3615723 0.2382813 0.3618164 0.2436523 0.295166 0.2319336 0.3068848 0.2333984 0.2932129 0.1489258 0.3737793 0.2373047 0.3740234 0.2431641 0.3847656 0.2436523 0.2817383 0.1386719 0.3842773 0.237793 0.4118652 0.2402344 0.3835449 0.2319336 0.4111328 0.2348633 0.4533691 0.2319336 0.4528809 0.2373047 0.4528809 0.2426758 0.463623 0.2368164 0.4633789 0.2426758 0.4753418 0.2426758 0.4755859 0.2373047 0.5102539 0.2373047 0.5102539 0.2426758 0.5102539 0.2265625 0.5239258 0.2358398 0.5239258 0.2416992 0.5371094 0.2431641 0.5239258 0.2299805 0.5087891 0.128418 0.5366211 0.2373047 0.5668945 0.2402344 0.5361328 0.2319336 0.5664063 0.2348633 0.5219727 0.1318359 0.5341797 0.1318359 0.5214844 0.1176758 0.5336914 0.1171875 0.5219727 0.1064453 0.5341797 0.105957 0.5322266 0.02148438 0.5668945 0.1171875 0.565918 0.1010742 0.565918 0.01953125 0.5966797 0.02197266 0.5952148 0.1108398 0.6044922 0.1118164 0.597168 0.1220703 0.5664063 0.1274414 0.6044922 0.137207 0.565918 0.2246094 0.5952148 0.1357422 0.5932617 0.230957 0.5917969 0.2363281 0.6025391 0.230957 0.5913086 0.2412109 0.5688477 0.2680664 0.6020508 0.2373047 0.5917969 0.2670898 0.5737305 0.2807617 0.6020508 0.2436523 0.6147461 0.2368164 0.6147461 0.2421875 0.6015625 0.2670898 0.6137695 0.2670898 0.6689453 0.2431641 0.6147461 0.2246094 0.6689453 0.237793 0.6162109 0.1347656 0.6694336 0.2250977 0.6806641 0.2314453 0.6806641 0.237793 0.6923828 0.2285156 0.6928711 0.237793 0.734375 0.2373047 0.6928711 0.2431641 0.7749023 0.237793 0.734375 0.2426758 0.7851563 0.2382813 0.7749023 0.2426758 0.7973633 0.2426758 0.7851563 0.2446289 0.8515625 0.2421875 0.7973633 0.2670898 0.7758789 0.2670898 0.7851563 0.2670898 0.7348633 0.2675781 0.6923828 0.2670898 0.7348633 0.2792969 0.7758789 0.2792969 0.6806641 0.2441406 0.6689453 0.2670898 0.6806641 0.2670898 0.6137695 0.2792969 0.6694336 0.2792969 0.6918945 0.2792969 0.6806641 0.2792969 0.6806641 0.2929688 0.6923828 0.2929688 0.7348633 0.2929688 0.6689453 0.2929688 0.7758789 0.2929688 0.6137695 0.2929688 0.6694336 0.3276367 0.6142578 0.328125 0.6020508 0.293457 0.6025391 0.328125 0.6142578 0.3393555 0.6020508 0.2797852 0.5922852 0.2797852 0.5922852 0.293457 0.5708008 0.2939453 0.5712891 0.3286133 0.5927734 0.328125 0.5756836 0.3398438 0.5932617 0.3393555 0.6025391 0.3393555 0.5932617 0.3491211 0.5717773 0.3491211 0.5717773 0.3867188 0.5932617 0.3867188 0.6025391 0.3833008 0.6025391 0.3491211 0.6142578 0.3491211 0.6142578 0.3867188 0.6694336 0.3867188 0.6694336 0.3393555 0.6694336 0.3486328 0.6806641 0.3833008 0.6806641 0.3276367 0.6806641 0.3486328 0.6806641 0.3393555 0.6923828 0.3276367 0.6918945 0.3388672 0.7348633 0.3276367 0.6923828 0.3486328 0.6923828 0.3862305 0.7348633 0.3862305 0.7348633 0.3388672 0.7348633 0.3486328 0.7758789 0.3486328 0.7758789 0.3862305 0.7856445 0.3828125 0.7763672 0.3388672 0.7856445 0.3486328 0.7758789 0.3276367 0.7856445 0.3388672 0.7856445 0.2924805 0.7856445 0.3276367 0.7973633 0.3388672 0.7973633 0.3486328 0.7973633 0.3862305 0.8525391 0.3862305 0.8525391 0.3486328 0.8637695 0.3828125 0.8525391 0.3388672 0.8637695 0.3481445 0.875 0.3486328 0.875 0.3857422 0.8979492 0.3857422 0.8979492 0.3486328 0.8935547 0.3388672 0.875 0.3388672 0.8637695 0.3388672 0.8754883 0.3276367 0.8979492 0.3276367 0.8984375 0.2929688 0.8637695 0.3276367 0.8754883 0.2924805 0.8955078 0.2792969 0.8525391 0.3276367 0.8642578 0.2924805 0.8759766 0.2788086 0.7973633 0.3276367 0.8525391 0.2924805 0.7973633 0.2929688 0.8525391 0.2788086 0.8642578 0.2788086 0.8642578 0.2666016 0.8759766 0.2661133 0.9003906 0.2666016 0.8525391 0.2666016 0.8637695 0.2426758 0.8764648 0.2407227 0.7973633 0.2792969 0.7856445 0.2792969 0.8637695 0.2363281 0.8759766 0.2358398 0.8740234 0.2270508 0.9018555 0.2333984 0.9018555 0.1733398 0.9023438 0.2211914 0.9335938 0.1738281 0.9472656 0.4916992 0.9716797 0.4916992 0.9716797 0.501709 0.9472656 0.501709 0.9448242 0.501709 0.9448242 0.4916992 0.9448242 0.501709 0.9423828 0.501709 0.9448242 0.4916992 0.9423828 0.4916992 0.7783203 0.4916992 0.7783203 0.501709 0.7758789 0.501709 0.7758789 0.4916992 0.4223633 0.5571289 0.5561523 0.5571289 0.5561523 0.5695801 0.4223633 0.5695801 0.4206543 0.5695801 0.4206543 0.5571289 0.2861328 0.5571289 0.2861328 0.5695801 0.2844238 0.5695801 0.2844238 0.5571289 0.1506348 0.5571289 0.1506348 0.5695801 0.1489258 0.5695801 0.1489258 0.5571289 0.2861328 0.5571289 0.2878418 0.5571289 0.2861328 0.5695801 0.2878418 0.5695801 0.4189453 0.5695801 0.4189453 0.5571289 0.4206543 0.5571289 0.4206543 0.5695801 0.1489258 0.5695801 0.1472168 0.5695801 0.1489258 0.5571289 0.1472168 0.5571289 0.01597595 0.5571289 0.01597595 0.5695801 0.01432037 0.5695801 0.01432037 0.5571289 0.7524414 0.4736328 0.7768555 0.4736328 0.7768555 0.4838867 0.7524414 0.4838867 0.75 0.4838867 0.75 0.4736328 0.4221191 0.5368652 0.5561523 0.5368652 0.5561523 0.5493164 0.4221191 0.5493164 0.4204102 0.5493164 0.4204102 0.5368652 0.2858887 0.5368652 0.2858887 0.5493164 0.2841797 0.5493164 0.2841797 0.5368652 0.1502686 0.5368652 0.1502686 0.5493164 0.1485596 0.5493164 0.1485596 0.5368652 0.2858887 0.5368652 0.2875977 0.5368652 0.2858887 0.5493164 0.2875977 0.5493164 0.4187012 0.5493164 0.4187012 0.5368652 0.4204102 0.5368652 0.4204102 0.5493164 0.1485596 0.5493164 0.1468506 0.5493164 0.1485596 0.5368652 0.1468506 0.5368652 0.01570129 0.5368652 0.01570129 0.5493164 0.01405334 0.5493164 0.01405334 0.5368652 0.7563477 0.4033203 0.7807617 0.4033203 0.7807617 0.4130859 0.7563477 0.4130859 0.7539063 0.4130859 0.7539063 0.4033203 0.1998291 0.3925781 0.225708 0.3925781 0.225708 0.4111328 0.1998291 0.4111328 0.1970215 0.4111328 0.1970215 0.3925781 0.168335 0.4355469 0.168335 0.4165039 0.1942139 0.4165039 0.1942139 0.4355469 0.1970215 0.4355469 0.1970215 0.4165039 0.1690674 0.3891602 0.1690674 0.3701172 0.1948242 0.3701172 0.1948242 0.3891602 0.1977539 0.3891602 0.1977539 0.3701172 0.1685791 0.4907227 0.194458 0.4907227 0.194458 0.5092773 0.1685791 0.5092773 0.1657715 0.5092773 0.1657715 0.4907227 0.9516602 0.421875 0.9760742 0.421875 0.9760742 0.4316406 0.9516602 0.4316406 0.9492188 0.4316406 0.9492188 0.421875 0.9492188 0.4316406 0.9467773 0.4316406 0.9492188 0.421875 0.9467773 0.421875 0.7822266 0.421875 0.7822266 0.4316406 0.7797852 0.4316406 0.7797852 0.421875 0.0737915 0.3920898 0.09967041 0.3920898 0.09967041 0.4111328 0.0737915 0.4111328 0.07092285 0.4111328 0.07092285 0.3920898 0.04229736 0.4350586 0.04229736 0.4165039 0.06817627 0.4165039 0.06817627 0.4350586 0.07098389 0.4350586 0.07098389 0.4165039 0.04293823 0.3886719 0.04293823 0.3696289 0.06878662 0.3696289 0.06878662 0.3886719 0.07165527 0.3886719 0.07165527 0.3696289 0.04248047 0.4902344 0.06835938 0.4902344 0.06835938 0.5090332 0.04248047 0.5090332 0.03967285 0.5090332 0.03967285 0.4902344 0.9482422 0.6384277 0.6933594 0.6384277 0.9482422 0.6369629 0.6933594 0.6369629 0.6855469 0.6369629 0.6855469 0.6384277 0.6806641 0.6369629 0.6806641 0.6384277 0.5249023 0.6384277 0.5249023 0.6369629 0.5185547 0.6369629 0.5185547 0.6384277 0.512207 0.6384277 0.512207 0.6369629 0.2702637 0.6384277 0.2702637 0.6369629 0.2265625 0.6384277 0.2265625 0.6369629 0.04470825 0.6384277 0.04446411 0.6369629 0.0129776 0.6369629 0.0129776 0.6384277 0.956543 0.6647949 0.6982422 0.6647949 0.956543 0.6630859 0.6982422 0.6630859 0.6914063 0.6630859 0.6914063 0.6647949 0.6850586 0.6630859 0.6850586 0.6647949 0.5283203 0.6647949 0.5283203 0.6630859 0.5219727 0.6630859 0.5219727 0.6647949 0.5151367 0.6647949 0.5151367 0.6630859 0.2602539 0.6647949 0.2602539 0.6630859 0.2258301 0.6647949 0.2261963 0.6630859 0.04199219 0.6647949 0.04199219 0.6630859 0.01026154 0.6630859 0.01026154 0.6647949 0.6357422 0.9440308 0.4125977 0.9440308 0.6357422 0.942749 0.4125977 0.942749 0.411377 0.942749 0.411377 0.9440308 0.4104004 0.9440308 0.4104004 0.942749 0.3283691 0.9440308 0.3283691 0.942749 0.3271484 0.942749 0.3271484 0.9440308 0.326416 0.942749 0.326416 0.9440308 0.1022339 0.9440308 0.1022339 0.942749 0.1011353 0.942749 0.1011353 0.9440308 0.1001587 0.9440308 0.1001587 0.942749 0.01748657 0.9440308 0.01748657 0.942749 0.01646423 0.942749 0.01646423 0.9440308 0.01534271 0.9440308 0.01534271 0.942749 0.9946289 0.3598633 0.9951172 0.3623047 0.9882813 0.3686523 0.9902344 0.3691406 0.9921875 0.3769531 0.9907227 0.3789063 0.980957 0.3779297 0.9794922 0.3759766 0.984375 0.3681641 0.9819336 0.3681641 0.9780273 0.3608398 0.9785156 0.3588867 0.9946289 0.3598633 0.9951172 0.3623047 0.9882813 0.3686523 0.9902344 0.3691406 0.9921875 0.3769531 0.9907227 0.3789063 0.980957 0.3779297 0.9794922 0.3759766 0.984375 0.3681641 0.9819336 0.3681641 0.9780273 0.3608398 0.9785156 0.3588867 0.9946289 0.3598633 0.9951172 0.3623047 0.9882813 0.3686523 0.9902344 0.3691406 0.9921875 0.3769531 0.9907227 0.3789063 0.980957 0.3779297 0.9794922 0.3759766 0.984375 0.3681641 0.9819336 0.3681641 0.9780273 0.3608398 0.9785156 0.3588867 0.9946289 0.3598633 0.9951172 0.3623047 0.9882813 0.3686523 0.9902344 0.3691406 0.9921875 0.3769531 0.9907227 0.3789063 0.980957 0.3779297 0.9794922 0.3759766 0.984375 0.3681641 0.9819336 0.3681641 0.9780273 0.3608398 0.9785156 0.3588867 0.9946289 0.3598633 0.9951172 0.3623047 0.9882813 0.3686523 0.9902344 0.3691406 0.9921875 0.3769531 0.9907227 0.3789063 0.980957 0.3779297 0.9794922 0.3759766 0.984375 0.3681641 0.9819336 0.3681641 0.9780273 0.3608398 0.9785156 0.3588867 0.9946289 0.3598633 0.9951172 0.3623047 0.9882813 0.3686523 0.9902344 0.3691406 0.9921875 0.3769531 0.9907227 0.3789063 0.980957 0.3779297 0.9794922 0.3759766 0.984375 0.3681641 0.9819336 0.3681641 0.9780273 0.3608398 0.9785156 0.3588867 0.7446289 0.5126953 0.7475586 0.5126953 0.7475586 0.5371094 0.746582 0.5100098 0.7446289 0.5371094 0.7446289 0.5092773 0.5800781 0.5126953 0.5800781 0.5371094 0.5800781 0.5092773 0.5771484 0.5371094 0.578125 0.510498 0.5771484 0.5126953 0.9208984 0.513916 0.9243164 0.513916 0.9238281 0.5383301 0.9233398 0.5114746 0.9208984 0.5383301 0.9208984 0.510498 0.7563477 0.5134277 0.7563477 0.5378418 0.7563477 0.5100098 0.753418 0.5378418 0.7543945 0.5109863 0.753418 0.5134277 0.9223633 0.4433594 0.925293 0.4433594 0.925293 0.4677734 0.9243164 0.440918 0.921875 0.4677734 0.9223633 0.4399414 0.7578125 0.4428711 0.7578125 0.4672852 0.7578125 0.4394531 0.7543945 0.4672852 0.7558594 0.4404297 0.7543945 0.4428711 0.7451172 0.4418945 0.7485352 0.4418945 0.7485352 0.4667969 0.7475586 0.4394531 0.7451172 0.4667969 0.7451172 0.4389648 0.5810547 0.4418945 0.5810547 0.4667969 0.5810547 0.4389648 0.5776367 0.4667969 0.5786133 0.4399414 0.5776367 0.4418945 0.9111328 0.3505859 0.9125977 0.3540039 0.9077148 0.3544922 0.9335938 0.3505859 0.9106445 0.355957 0.9321289 0.3540039 0.9077148 0.3725586 0.9365234 0.3544922 0.9106445 0.3710938 0.9335938 0.355957 0.9121094 0.3730469 0.9335938 0.371582 0.9111328 0.3769531 0.9365234 0.3730469 0.9321289 0.3730469 0.9331055 0.3769531 0.9111328 0.3505859 0.9125977 0.3540039 0.9077148 0.3544922 0.9335938 0.3505859 0.9106445 0.355957 0.9321289 0.3540039 0.9077148 0.3725586 0.9365234 0.3544922 0.9106445 0.3710938 0.9335938 0.355957 0.9121094 0.3730469 0.9335938 0.371582 0.9111328 0.3769531 0.9365234 0.3730469 0.9321289 0.3730469 0.9331055 0.3769531 0.9111328 0.3505859 0.9125977 0.3540039 0.9077148 0.3544922 0.9335938 0.3505859 0.9106445 0.355957 0.9321289 0.3540039 0.9077148 0.3725586 0.9365234 0.3544922 0.9106445 0.3710938 0.9335938 0.355957 0.9121094 0.3730469 0.9335938 0.371582 0.9111328 0.3769531 0.9365234 0.3730469 0.9321289 0.3730469 0.9331055 0.3769531 0.9111328 0.3505859 0.9125977 0.3540039 0.9077148 0.3544922 0.9335938 0.3505859 0.9106445 0.355957 0.9321289 0.3540039 0.9077148 0.3725586 0.9365234 0.3544922 0.9106445 0.3710938 0.9335938 0.355957 0.9121094 0.3730469 0.9335938 0.371582 0.9111328 0.3769531 0.9365234 0.3730469 0.9321289 0.3730469 0.9331055 0.3769531 0.9111328 0.3505859 0.9125977 0.3540039 0.9077148 0.3544922 0.9335938 0.3505859 0.9106445 0.355957 0.9321289 0.3540039 0.9077148 0.3725586 0.9365234 0.3544922 0.9106445 0.3710938 0.9335938 0.355957 0.9121094 0.3730469 0.9335938 0.371582 0.9111328 0.3769531 0.9365234 0.3730469 0.9321289 0.3730469 0.9331055 0.3769531 0.9111328 0.3505859 0.9125977 0.3540039 0.9077148 0.3544922 0.9335938 0.3505859 0.9106445 0.355957 0.9321289 0.3540039 0.9077148 0.3725586 0.9365234 0.3544922 0.9106445 0.3710938 0.9335938 0.355957 0.9121094 0.3730469 0.9335938 0.371582 0.9111328 0.3769531 0.9365234 0.3730469 0.9321289 0.3730469 0.9331055 0.3769531 0.2403564 0.1538086 0.2404785 0.1445313 0.2001953 0.1499023 0.1998291 0.1328125 0.19104 0.1513672 0.1904297 0.1435547 0.9780273 0.8939819 0.6933594 0.8939819 0.9780273 0.8747559 0.6933594 0.8939819 0.6831055 0.8939819 0.6933594 0.8747559 0.6933594 0.8939819 0.6933594 0.8747559 0.9780273 0.8747559 0.01374054 0.8154297 0.01354218 0.8139648 0.01928711 0.8139648 0.1827393 0.8620605 0.182251 0.8636475 0.0229187 0.8636475 0.5805664 0.4838867 0.578125 0.4736328 0.5805664 0.4736328 0.5854492 0.4130859 0.5820313 0.4033203 0.5849609 0.4033203 0.05227661 0.6105957 0.05227661 0.6274414 0.01248932 0.6105957 0.0146637 0.5822754 0.05825806 0.5822754 0.05825806 0.5991211 0.0129776 0.6384277 0.04470825 0.6384277 0.04470825 0.6552734 0.04199219 0.6647949 0.04168701 0.6813965 0.01026154 0.6647949 0.956543 0.6647949 0.6943359 0.6630859 0.956543 0.6630859 0.668457 0.7241211 0.9624023 0.7241211 0.6713867 0.7421875 0.6357422 0.9440308 0.411377 0.942749 0.6357422 0.942749 0.8178711 0.8358154 0.8178711 0.8347168 0.8583984 0.8347168 0.8178711 0.8481445 0.8583984 0.8492432 0.8178711 0.8492432 0.8178711 0.8358154 0.8178711 0.8347168 0.8583984 0.8347168 0.8178711 0.8481445 0.8583984 0.8492432 0.8178711 0.8492432 0.8178711 0.8358154 0.8178711 0.8347168 0.8583984 0.8347168 0.8178711 0.8481445 0.8583984 0.8492432 0.8178711 0.8492432 0.8178711 0.8358154 0.8178711 0.8347168 0.8583984 0.8347168 0.8178711 0.8481445 0.8583984 0.8492432 0.8178711 0.8492432 0.8178711 0.8358154 0.8178711 0.8347168 0.8583984 0.8347168 0.8178711 0.8481445 0.8583984 0.8492432 0.8178711 0.8492432 0.8178711 0.8358154 0.8178711 0.8347168 0.8583984 0.8347168 0.8178711 0.8481445 0.8583984 0.8492432 0.8178711 0.8492432 0.9135742 0.2490234 0.9169922 0.2963867 0.9101563 0.296875 0.01849365 0.831543 0.01902771 0.8330078 0.01361847 0.8322754 0.1802979 0.831543 0.01902771 0.8330078 0.1802979 0.8330078 0.4089355 0.8330078 0.1802979 0.8330078 0.4089355 0.831543 0.5688477 0.8330078 0.7978516 0.8460693 0.574707 0.8444824 0.7978516 0.8444824 0.5708008 0.8460693 0.5683594 0.8444824 0.1719971 0.8139648 0.1802979 0.8139648 0.01928711 0.8139648 0.4089355 0.8154297 0.4089355 0.8139648 0.5668945 0.8139648 0.5668945 0.8154297 0.5708008 0.8139648 0.5732422 0.8154297 0.574707 0.8139648 0.7988281 0.8139648 0.7988281 0.8154297 0.9448242 0.501709 0.9423828 0.4916992 0.9448242 0.4916992 0.9448242 0.501709 0.7783203 0.4916992 0.7758789 0.501709 0.7758789 0.501709 0.7758789 0.4916992 0.5771484 0.5371094 0.5786133 0.510498 0.746582 0.510498 0.5771484 0.5371094 0.7475586 0.5371094 0.5805664 0.4838867 0.5805664 0.4736328 0.5830078 0.4736328 0.7470703 0.4736328 0.5805664 0.4838867 0.7504883 0.4838867 0.7504883 0.4838867 0.75 0.4736328 0.753418 0.5378418 0.7543945 0.5112305 0.9233398 0.5119629 0.753418 0.5378418 0.9238281 0.5383301 0.5854492 0.4130859 0.5849609 0.4033203 0.5874023 0.4033203 0.7514648 0.4033203 0.5854492 0.4130859 0.7543945 0.4130859 0.7543945 0.4130859 0.7539063 0.4033203 0.7543945 0.4672852 0.7563477 0.4399414 0.9243164 0.4414063 0.7543945 0.4672852 0.925293 0.4677734 0.9492188 0.4316406 0.9467773 0.421875 0.9492188 0.421875 0.9492188 0.4316406 0.7822266 0.421875 0.7802734 0.4316406 0.7802734 0.4316406 0.7797852 0.421875 0.5776367 0.4667969 0.5791016 0.4399414 0.7470703 0.4399414 0.5776367 0.4667969 0.7485352 0.4667969 0.9624023 0.7241211 0.9628906 0.7421875 0.9199219 0.7421875 0.6713867 0.7421875 0.9624023 0.7241211 0.668457 0.7241211 0.659668 0.7241211 0.659668 0.7421875 0.5024414 0.7241211 0.5009766 0.7421875 0.4912109 0.7241211 0.4909668 0.7421875 0.2468262 0.7241211 0.246582 0.7421875 0.2021484 0.7241211 0.2020264 0.7421875 0.7978516 0.8460693 0.7978516 0.862915 0.5737305 0.8636475 0.5737305 0.8636475 0.574707 0.8620605 0.574707 0.8444824 0.5708008 0.8460693 0.5737305 0.8636475 0.5737305 0.8636475 0.5668945 0.8620605 0.5683594 0.8444824 0.4104004 0.8620605 0.4104004 0.8444824 0.7758789 0.501709 0.7729492 0.4916992 0.7758789 0.4916992 0.7485352 0.4916992 0.7485352 0.501709 0.7758789 0.501709 0.2856445 0.5571289 0.2878418 0.5571289 0.2856445 0.5695801 0.2856445 0.5695801 0.4206543 0.5695801 0.4211426 0.5571289 0.7802734 0.4316406 0.7773438 0.421875 0.7797852 0.421875 0.7529297 0.421875 0.7529297 0.4316406 0.7802734 0.4316406 0.9150391 0.7124023 0.9624023 0.6943359 0.9619141 0.7124023 0.6738281 0.6943359 0.9624023 0.6943359 0.6738281 0.7124023 0.6645508 0.6943359 0.6625977 0.7124023 0.5048828 0.6943359 0.5048828 0.7124023 0.4958496 0.6943359 0.4941406 0.7124023 0.2509766 0.6943359 0.2037354 0.7124023 0.2037354 0.6943359 0.9267578 0.774292 0.9614258 0.7562256 0.9614258 0.774292 0.6728516 0.7562256 0.9614258 0.7562256 0.6728516 0.774292 0.6630859 0.7562256 0.6616211 0.774292 0.5039063 0.7562256 0.5009766 0.774292 0.4946289 0.7562256 0.4907227 0.774292 0.2026367 0.7562256 0.2027588 0.774292 0.9638672 0.784668 0.9643555 0.8027344 0.9296875 0.8027344 0.6679688 0.784668 0.9638672 0.784668 0.6645508 0.8027344 0.6611328 0.784668 0.6542969 0.784668 0.6542969 0.8027344 0.4973145 0.784668 0.4934082 0.8027344 0.4868164 0.784668 0.4833984 0.8027344 0.2382813 0.784668 0.201416 0.8027344 0.2015381 0.784668 0.3266602 0.9440308 0.1010132 0.942749 0.3271484 0.942749 0.1001587 0.9440308 0.01748657 0.9440308 0.01628113 0.942749 0.01534271 0.9440308 0.9736328 0.9293213 0.6943359 0.9293213 0.9736328 0.9100342 0.6938477 0.9100342 0.4089355 0.8154297 0.4089355 0.831543 0.1802979 0.8139648 0.1802979 0.831543 0.02345276 0.8460693 0.0229187 0.8636475 0.01765442 0.8460693 0.0174408 0.862915 0.01928711 0.8139648 0.01849365 0.831543 0.01374054 0.8154297 0.01361847 0.8322754 0.6933594 0.8747559 0.6831055 0.8939819 0.4934082 0.8747559 0.4938965 0.8939819 0.1802979 0.8139648 0.1802979 0.831543 0.01928711 0.8139648 0.01849365 0.831543 0.6938477 0.9100342 0.6943359 0.9293213 0.4919434 0.9100342 0.4919434 0.9293213 0.1827393 0.8460693 0.1827393 0.8620605 0.02345276 0.8460693 0.0229187 0.8636475 0.1367188 0.3530273 0.1367188 0.324707 0.2546387 0.3530273 0.2546387 0.324707 0.1367188 0.3149414 0.2546387 0.3149414 0.1367188 0.324707 0.2546387 0.324707 0.2546387 0.362793 0.1367188 0.362793 0.2546387 0.3530273 0.1367188 0.3530273 0.7456055 0.4916992 0.7485352 0.4916992 0.7485352 0.501709 0.5810547 0.4916992 0.5776367 0.4916992 0.5776367 0.501709 0.7485352 0.501709 0.1488037 0.5571289 0.1489258 0.5695801 0.014328 0.5571289 0.01377106 0.5695801 0.4206543 0.5695801 0.4211426 0.5571289 0.5561523 0.5695801 0.5561523 0.5571289 0.1489258 0.5695801 0.1488037 0.5571289 0.2856445 0.5695801 0.2856445 0.5571289 0.5058594 0.3666992 0.5063477 0.4770508 0.3947754 0.3671875 0.3952637 0.4770508 0.1367188 0.2929688 0.1367188 0.2646484 0.2546387 0.2929688 0.2546387 0.2646484 0.1367188 0.2548828 0.2546387 0.2548828 0.1367188 0.2646484 0.2546387 0.2646484 0.2546387 0.3032227 0.1367188 0.3032227 0.2546387 0.2929688 0.1367188 0.2929688 0.9477539 0.4736328 0.972168 0.4736328 0.9477539 0.4838867 0.972168 0.4838867 0.9443359 0.4736328 0.9477539 0.4736328 0.9477539 0.4838867 0.7802734 0.4736328 0.7768555 0.4736328 0.7768555 0.4838867 0.9477539 0.4838867 0.286377 0.5493164 0.286377 0.5368652 0.420166 0.5493164 0.4208984 0.5368652 0.1485596 0.5368652 0.1486816 0.5493164 0.01405334 0.5368652 0.01399994 0.5493164 0.420166 0.5493164 0.4208984 0.5368652 0.5561523 0.5493164 0.5561523 0.5368652 0.503418 0.3569336 0.3991699 0.3574219 0.503418 0.253418 0.3984375 0.2539063 0.005908966 0.2929688 0.005908966 0.2641602 0.1239624 0.2929688 0.1239624 0.2641602 0.005908966 0.2543945 0.1239624 0.2543945 0.005908966 0.2641602 0.1239624 0.2641602 0.1239624 0.3027344 0.005908966 0.3027344 0.1239624 0.2929688 0.005908966 0.2929688 0.9516602 0.4033203 0.9760742 0.4033203 0.9516602 0.4130859 0.9760742 0.4130859 0.9487305 0.4033203 0.9516602 0.4033203 0.9516602 0.4130859 0.7841797 0.4033203 0.7807617 0.4033203 0.7807617 0.4130859 0.9516602 0.4130859 0.2546387 0.4111328 0.225708 0.4111328 0.2546387 0.3925781 0.225708 0.3925781 0.1394043 0.3925781 0.1689453 0.3925781 0.1394043 0.4111328 0.1689453 0.4111328 0.2277832 0.440918 0.2565918 0.440918 0.2277832 0.4594727 0.2565918 0.4594727 0.1981201 0.4594727 0.1691895 0.4594727 0.1981201 0.440918 0.1691895 0.440918 0.1396484 0.440918 0.1691895 0.440918 0.1396484 0.4594727 0.1691895 0.4594727 0.1981201 0.440918 0.2277832 0.440918 0.1981201 0.4594727 0.2277832 0.4594727 0.1395264 0.4355469 0.1395264 0.4165039 0.168335 0.4355469 0.168335 0.4165039 0.2546387 0.4165039 0.2546387 0.4355469 0.2250977 0.4165039 0.2250977 0.4355469 0.1401367 0.3891602 0.1401367 0.3701172 0.1690674 0.3891602 0.1690674 0.3701172 0.2553711 0.3701172 0.2553711 0.3891602 0.225708 0.3701172 0.225708 0.3891602 0.2263184 0.465332 0.2558594 0.465332 0.2263184 0.484375 0.2558594 0.484375 0.1975098 0.484375 0.1678467 0.484375 0.1975098 0.465332 0.1678467 0.465332 0.1390381 0.465332 0.1678467 0.465332 0.1390381 0.484375 0.1678467 0.484375 0.1975098 0.465332 0.2263184 0.465332 0.1975098 0.484375 0.2263184 0.484375 0.2232666 0.5092773 0.194458 0.5092773 0.2232666 0.4907227 0.194458 0.4907227 0.2232666 0.4907227 0.2529297 0.4907227 0.2232666 0.5092773 0.2529297 0.5092773 0.005908966 0.3530273 0.005908966 0.3242188 0.1239624 0.3530273 0.1239624 0.3242188 0.005908966 0.3144531 0.1239624 0.3144531 0.005908966 0.3242188 0.1239624 0.3242188 0.1239624 0.362793 0.005908966 0.362793 0.1239624 0.3530273 0.005908966 0.3530273 0.7495117 0.421875 0.7529297 0.421875 0.7529297 0.4316406 0.5854492 0.421875 0.5820313 0.421875 0.5820313 0.4316406 0.7529297 0.4316406 0.12854 0.4111328 0.09967041 0.4111328 0.12854 0.3920898 0.09967041 0.3920898 0.01335144 0.3920898 0.04293823 0.3920898 0.01335144 0.4111328 0.04293823 0.4111328 0.1016235 0.4404297 0.1304932 0.4404297 0.1016235 0.4594727 0.1304932 0.4594727 0.07202148 0.4594727 0.04315186 0.4594727 0.07202148 0.4404297 0.04315186 0.4404297 0.01355743 0.4404297 0.04315186 0.4404297 0.01355743 0.4594727 0.04315186 0.4594727 0.07202148 0.4404297 0.1016235 0.4404297 0.07202148 0.4594727 0.1016235 0.4594727 0.0134201 0.4350586 0.0134201 0.4165039 0.04229736 0.4350586 0.04229736 0.4165039 0.12854 0.4165039 0.12854 0.4350586 0.09899902 0.4165039 0.09899902 0.4350586 0.01407623 0.3886719 0.01407623 0.3696289 0.04293823 0.3886719 0.04293823 0.3696289 0.1292725 0.3696289 0.1292725 0.3886719 0.09967041 0.3696289 0.09967041 0.3886719 0.1002808 0.4648438 0.1298828 0.4648438 0.1002808 0.4838867 0.1298828 0.4838867 0.07141113 0.4838867 0.04180908 0.4838867 0.07141113 0.4648438 0.04180908 0.4648438 0.01294708 0.4648438 0.04180908 0.4648438 0.01294708 0.4838867 0.04180908 0.4838867 0.07141113 0.4648438 0.1002808 0.4648438 0.07141113 0.4838867 0.1002808 0.4838867 0.097229 0.5090332 0.06835938 0.5090332 0.097229 0.4902344 0.06835938 0.4902344 0.097229 0.4902344 0.1268311 0.4902344 0.097229 0.5090332 0.1268311 0.5090332 0.01337433 0.6943359 0.2037354 0.6943359 0.01337433 0.7124023 0.2037354 0.7124023 0.01172638 0.7241211 0.2021484 0.7241211 0.01172638 0.7421875 0.2020264 0.7421875 0.01352692 0.7562256 0.2026367 0.7562256 0.01351929 0.774292 0.2027588 0.774292 0.0144577 0.784668 0.2015381 0.784668 0.0144577 0.8027344 0.201416 0.8027344 0.05825806 0.5991211 0.05825806 0.5822754 0.2402344 0.5991211 0.2402344 0.5822754 0.05227661 0.6274414 0.05227661 0.6105957 0.2354736 0.6259766 0.2359619 0.6091309 0.04470825 0.6552734 0.04470825 0.6384277 0.2265625 0.6538086 0.2265625 0.6369629 0.04168701 0.6813965 0.04199219 0.6647949 0.2258301 0.6813965 0.2258301 0.6647949 0.2766113 0.6105957 0.2766113 0.6091309 0.5239258 0.6091309 0.2359619 0.6091309 0.05227661 0.6105957 0.05227661 0.6091309 0.01248932 0.6091309 0.01248932 0.6105957 0.6982422 0.6799316 0.956543 0.6806641 0.6982422 0.6813965 0.6914063 0.6813965 0.6850586 0.6813965 0.5283203 0.6813965 0.5283203 0.6799316 0.5180664 0.6813965 0.5180664 0.6799316 0.2602539 0.6813965 0.2258301 0.6813965 0.1013184 0.9615479 0.1013184 0.9628296 0.01716614 0.9628296 0.3273926 0.9628296 0.3283691 0.9615479 0.4116211 0.9615479 0.4116211 0.9628296 0.6357422 0.9621887 0.9804688 0.3569336 0.9804688 0.3432617 0.9868164 0.3569336 0.9868164 0.3432617 0.9946289 0.3598633 0.9936523 0.3696289 0.9882813 0.3686523 0.9907227 0.3789063 0.980957 0.3779297 0.9785156 0.3686523 0.984375 0.3681641 0.9804688 0.3569336 0.9868164 0.3569336 0.9868164 0.3432617 0.9931641 0.3569336 0.9931641 0.3432617 0.9438477 0.3530273 0.9707031 0.3520508 0.9448242 0.3745117 0.972168 0.3735352 0.9804688 0.3569336 0.9804688 0.3432617 0.9868164 0.3569336 0.9868164 0.3432617 0.9946289 0.3598633 0.9936523 0.3696289 0.9882813 0.3686523 0.9907227 0.3789063 0.980957 0.3779297 0.9785156 0.3686523 0.984375 0.3681641 0.9804688 0.3569336 0.9868164 0.3569336 0.9868164 0.3432617 0.9931641 0.3569336 0.9931641 0.3432617 0.9438477 0.3530273 0.9707031 0.3520508 0.9448242 0.3745117 0.972168 0.3735352 0.9804688 0.3569336 0.9804688 0.3432617 0.9868164 0.3569336 0.9868164 0.3432617 0.9946289 0.3598633 0.9936523 0.3696289 0.9882813 0.3686523 0.9907227 0.3789063 0.9868164 0.3569336 0.9868164 0.3432617 0.9931641 0.3569336 0.9931641 0.3432617 0.9438477 0.3530273 0.9707031 0.3520508 0.9448242 0.3745117 0.972168 0.3735352 0.9804688 0.3569336 0.9804688 0.3432617 0.9868164 0.3569336 0.9868164 0.3432617 0.980957 0.3779297 0.9785156 0.3686523 0.984375 0.3681641 0.9804688 0.3569336 0.9868164 0.3569336 0.9868164 0.3432617 0.9931641 0.3569336 0.9931641 0.3432617 0.9804688 0.3569336 0.9804688 0.3432617 0.9868164 0.3569336 0.9868164 0.3432617 0.9868164 0.3569336 0.9868164 0.3432617 0.9931641 0.3569336 0.9931641 0.3432617 0.9804688 0.3569336 0.9804688 0.3432617 0.9868164 0.3569336 0.9868164 0.3432617 0.9946289 0.3598633 0.9936523 0.3696289 0.9882813 0.3686523 0.9907227 0.3789063 0.980957 0.3779297 0.9785156 0.3686523 0.984375 0.3681641 0.9804688 0.3569336 0.9868164 0.3569336 0.9868164 0.3432617 0.9931641 0.3569336 0.9931641 0.3432617 0.9438477 0.3530273 0.9707031 0.3520508 0.9448242 0.3745117 0.972168 0.3735352 0.8183594 0.864624 0.8183594 0.852417 0.8574219 0.864624 0.8574219 0.852417 0.8583984 0.8492432 0.8178711 0.8481445 0.8583984 0.8347168 0.8178711 0.8358154 0.8183594 0.864624 0.8183594 0.852417 0.8574219 0.864624 0.8574219 0.852417 0.8583984 0.8492432 0.8178711 0.8481445 0.8583984 0.8347168 0.8178711 0.8358154 0.8183594 0.864624 0.8183594 0.852417 0.8574219 0.864624 0.8574219 0.852417 0.8583984 0.8492432 0.8178711 0.8481445 0.8583984 0.8347168 0.8178711 0.8358154 0.8183594 0.864624 0.8183594 0.852417 0.8574219 0.864624 0.8574219 0.852417 0.8583984 0.8492432 0.8178711 0.8481445 0.8583984 0.8347168 0.8178711 0.8358154 0.8183594 0.864624 0.8183594 0.852417 0.8574219 0.864624 0.8574219 0.852417 0.8583984 0.8492432 0.8178711 0.8481445 0.8583984 0.8347168 0.8178711 0.8358154 0.8183594 0.864624 0.8183594 0.852417 0.8574219 0.864624 0.8574219 0.852417 0.8583984 0.8492432 0.8178711 0.8481445 0.8583984 0.8347168 0.8178711 0.8358154 0.9975586 0.1508789 0.9985352 0.1665039 0.996582 0.1665039 0.9902344 0.02978516 0.9887695 0.03076172 0.987793 0.0234375 0.9892578 0.02294922 0.987793 0.0234375 0.9887695 0.01611328 0.9897461 0.015625 0.9892578 0.006835938 0.9887695 0.01611328 0.987793 0.005859375 0.9980469 0.1757813 0.996582 0.1665039 0.9956055 0.1757813 0.9956055 0.1757813 0.9946289 0.2275391 0.9926758 0.2397461 0.9575195 0.2363281 0.9956055 0.1757813 0.9575195 0.2431641 0.9926758 0.2397461 0.9438477 0.1738281 0.9438477 0.2333984 0.940918 0.2421875 0.996582 0.1665039 0.9306641 0.2348633 0.9013672 0.2392578 0.9472656 0.1645508 0.9975586 0.1508789 0.9018555 0.2319336 0.9013672 0.1640625 0.8759766 0.237793 0.9404297 0.152832 0.8671875 0.2661133 0.9433594 0.02197266 0.9975586 0.1508789 0.8964844 0.2773438 0.9887695 0.03076172 0.987793 0.0234375 0.9633789 0.02636719 0.8662109 0.2788086 0.9638672 0.02050781 0.987793 0.0234375 0.9887695 0.01611328 0.9887695 0.01611328 0.987793 0.005859375 0.9414063 0.01123047 0.9492188 0.005859375 0.9389648 0.004394531 0.9033203 0 0.9033203 0.01220703 0.8598633 0.0078125 0.8701172 0.003417969 0.8598633 0.00390625 0.8491211 0.004394531 0.7949219 0.005371094 0.7836914 0.005371094 0.8583984 0.02587891 0.7827148 0.01757813 0.7744141 0.005859375 0.7338867 0.006347656 0.6923828 0.006835938 0.8623047 0.1606445 0.6870117 0.02001953 0.8642578 0.2285156 0.8491211 0.1582031 0.78125 0.02587891 0.7954102 0.1503906 0.7880859 0.2299805 0.7841797 0.1503906 0.7749023 0.1484375 0.7753906 0.2280273 0.6933594 0.137207 0.734375 0.2231445 0.734375 0.2373047 0.6923828 0.2285156 0.6806641 0.1357422 0.7749023 0.237793 0.6928711 0.237793 0.734375 0.2426758 0.7851563 0.2431641 0.6791992 0.2304688 0.7749023 0.2426758 0.7973633 0.2387695 0.7758789 0.2670898 0.7875977 0.2670898 0.8515625 0.2387695 0.8637695 0.2412109 0.8525391 0.2788086 0.7856445 0.2792969 0.7348633 0.2792969 0.8662109 0.2924805 0.8984375 0.2929688 0.784668 0.2924805 0.8979492 0.3276367 0.875 0.3388672 0.8979492 0.3276367 0.8935547 0.3388672 0.8979492 0.3486328 0.8935547 0.3388672 0.8979492 0.3486328 0.8979492 0.3857422 0.8657227 0.3833008 0.8637695 0.3393555 0.8525391 0.3393555 0.8525391 0.3862305 0.784668 0.3276367 0.7973633 0.3413086 0.7851563 0.3842773 0.7856445 0.3413086 0.7348633 0.3256836 0.7744141 0.3417969 0.6923828 0.3862305 0.6923828 0.3398438 0.6772461 0.3842773 0.6811523 0.2929688 0.6806641 0.3388672 0.6694336 0.3398438 0.6142578 0.340332 0.6025391 0.3842773 0.6821289 0.2768555 0.6005859 0.3393555 0.6005859 0.293457 0.5932617 0.3491211 0.5717773 0.3867188 0.5751953 0.3408203 0.5751953 0.3408203 0.5712891 0.3286133 0.5751953 0.3408203 0.5732422 0.2832031 0.6025391 0.2797852 0.6694336 0.2773438 0.6010742 0.2670898 0.5688477 0.2680664 0.6806641 0.2426758 0.6000977 0.2421875 0.5668945 0.2402344 0.6689453 0.2392578 0.6147461 0.2387695 0.6049805 0.2294922 0.5922852 0.2338867 0.6928711 0.2431641 0.6923828 0.2670898 0.7348633 0.2675781 0.6176758 0.1269531 0.6040039 0.1254883 0.6088867 0.01171875 0.565918 0.2246094 0.6787109 0.01269531 0.6816406 0.006347656 0.6708984 0.006347656 0.6176758 0.005859375 0.6064453 0.005859375 0.5976563 0.005371094 0.5664063 0.002441406 0.5664063 0.2348633 0.5366211 0.234375 0.5371094 0.2431641 0.5239258 0.2329102 0.5214844 0.2416992 0.5336914 0.1176758 0.5102539 0.2353516 0.4753418 0.2426758 0.5219727 0.1186523 0.5668945 0.1186523 0.5322266 0.02148438 0.5952148 0.1108398 0.565918 0.1010742 0.6044922 0.1118164 0.5966797 0.02197266 0.605957 0.02099609 0.565918 0.01953125 0.5966797 0.01806641 0.565918 0.015625 0.5668945 0.01171875 0.5224609 0.01464844 0.515625 0.0078125 0.53125 0.002441406 0.5200195 0.002929688 0.5073242 0.003417969 0.4736328 0.003417969 0.4628906 0.003417969 0.4538574 0.003417969 0.4536133 0.009277344 0.4067383 0.003417969 0.4702148 0.01318359 0.4072266 0.006347656 0.4533691 0.01513672 0.3764648 0.01269531 0.3754883 0.005859375 0.4074707 0.01318359 0.3681641 0.01220703 0.3666992 0.006347656 0.3779297 0.02050781 0.3686523 0.02001953 0.3496094 0.01269531 0.3566895 0.006835938 0.3032227 0.008789063 0.2924805 0.008789063 0.3759766 0.02832031 0.4077148 0.02001953 0.2834473 0.01611328 0.2819824 0.009277344 0.2410889 0.009277344 0.4594727 0.02148438 0.4077148 0.1166992 0.4746094 0.1176758 0.3710938 0.1254883 0.5087891 0.1176758 0.4755859 0.2353516 0.4621582 0.2426758 0.4633789 0.1186523 0.4621582 0.2426758 0.463623 0.2314453 0.4538574 0.1181641 0.4621582 0.2426758 0.453125 0.234375 0.4118652 0.2402344 0.4111328 0.2329102 0.3837891 0.2348633 0.3742676 0.2436523 0.3737793 0.234375 0.3615723 0.234375 0.2990723 0.2436523 0.3569336 0.1254883 0.3068848 0.2358398 0.2954102 0.137207 0.295166 0.2348633 0.2841797 0.2446289 0.2817383 0.1396484 0.2841797 0.237793 0.1976318 0.2392578 0.1882324 0.2441406 0.1955566 0.230957 0.2001953 0.1503906 0.1878662 0.2363281 0.1756592 0.2368164 0.1204834 0.2426758 0.1887207 0.1523438 0.1207275 0.2353516 0.1882324 0.015625 0.2015381 0.009277344 0.192749 0.008789063 0.1816406 0.008789063 0.116394 0.1606445 0.1205444 0.01318359 0.1223145 0.009765625 0.1279297 0.005859375 0.1176758 0.004882813 0.1074829 0.00390625 0.07421875 0.0009765625 0.07366943 0.006835938 0.02552795 0.004394531 0.02568054 0.009765625 0.01651001 0.005859375 0.001998901 0.008300781 0.002401352 0.01660156 0.02055359 0.01513672 0.002967834 0.0234375 0.0737915 0.01611328 0.02255249 0.02246094 0.003608704 0.03027344 0.02088928 0.03173828 0.1120605 0.02246094 0.003608704 0.03027344 0.008857727 0.1474609 0.07244873 0.1640625 0.02087402 0.1479492 0.009048462 0.1625977 0.1032104 0.1616211 0.01928711 0.1625977 0.01687622 0.1713867 0.008705139 0.1713867 0.007331848 0.2246094 0.01689148 0.2299805 0.026474 0.1723633 0.01802063 0.2416992 0.006504059 0.237793 0.007331848 0.2246094 0.01802063 0.2416992 0.02888489 0.2416992 0.0279541 0.2304688 0.06958008 0.2299805 0.02888489 0.2416992 0.02888489 0.2416992 0.06878662 0.2382813 0.09698486 0.2338867 0.1063232 0.2416992 0.1090088 0.2329102 0.4089355 0.831543 0.4089355 0.8154297 0.5668945 0.8154297 0.5688477 0.8330078 0.5732422 0.8154297 0.574707 0.8330078 0.7988281 0.8154297 0.7988281 0.8322754 0.4104004 0.8444824 0.4104004 0.8620605 0.1827393 0.8460693 0.182251 0.8636475 0.1827393 0.8620605 0.01765442 0.8460693 0.01765442 0.8444824 0.02345276 0.8460693 0.0229187 0.8444824 0.1827393 0.8460693 0.1827393 0.8444824 0.4104004 0.8444824 0.9448242 0.501709 0.9448242 0.4916992 0.9472656 0.4916992 0.9716797 0.501709 0.9716797 0.4916992 0.2675781 0.3686523 0.2687988 0.3671875 0.3798828 0.3671875 0.2685547 0.4775391 0.3798828 0.4770508 0.7504883 0.4838867 0.75 0.4736328 0.7524414 0.4736328 0.7768555 0.4838867 0.7768555 0.4736328 0.1486816 0.5493164 0.1485596 0.5368652 0.2841797 0.5493164 0.286377 0.5368652 0.286377 0.5493164 0.3771973 0.3569336 0.2722168 0.3569336 0.2722168 0.2539063 0.3771973 0.2543945 0.3757324 0.2529297 0.7543945 0.4130859 0.7539063 0.4033203 0.7563477 0.4033203 0.7807617 0.4130859 0.7807617 0.4033203 0.1970215 0.3925781 0.1970215 0.4111328 0.1942139 0.4111328 0.1942139 0.3925781 0.1689453 0.4111328 0.1689453 0.3925781 0.2250977 0.4165039 0.2250977 0.4355469 0.1998291 0.4165039 0.1998291 0.4355469 0.1970215 0.4165039 0.1970215 0.4355469 0.225708 0.3701172 0.225708 0.3891602 0.2004395 0.3701172 0.2004395 0.3891602 0.1977539 0.3701172 0.1977539 0.3891602 0.1657715 0.4907227 0.1657715 0.5092773 0.1629639 0.5092773 0.1629639 0.4907227 0.1376953 0.5092773 0.1376953 0.4907227 0.9492188 0.4316406 0.9492188 0.421875 0.9516602 0.421875 0.9760742 0.4316406 0.9760742 0.421875 0.07092285 0.3920898 0.07092285 0.4111328 0.06817627 0.4111328 0.06817627 0.3920898 0.04293823 0.4111328 0.04293823 0.3920898 0.09899902 0.4165039 0.09899902 0.4350586 0.0737915 0.4165039 0.0737915 0.4350586 0.07098389 0.4165039 0.07098389 0.4350586 0.09967041 0.3696289 0.09967041 0.3886719 0.07440186 0.3696289 0.07440186 0.3886719 0.07165527 0.3696289 0.07165527 0.3886719 0.03967285 0.4902344 0.03967285 0.5090332 0.03686523 0.5090332 0.03686523 0.4902344 0.01165009 0.5090332 0.01165009 0.4902344 0.9501953 0.5822754 0.9501953 0.5983887 0.7075195 0.5991211 0.7075195 0.5822754 0.6987305 0.5991211 0.6972656 0.5822754 0.5385742 0.5976563 0.5385742 0.5808105 0.5297852 0.5976563 0.5283203 0.5808105 0.2402344 0.5991211 0.2402344 0.5822754 0.9555664 0.6105957 0.9555664 0.626709 0.7045898 0.6105957 0.7021484 0.6274414 0.6933594 0.6091309 0.534668 0.6259766 0.5332031 0.6091309 0.5239258 0.6259766 0.5239258 0.6091309 0.2766113 0.6259766 0.2766113 0.6105957 0.2354736 0.6259766 0.2359619 0.6091309 0.9482422 0.6384277 0.9482422 0.654541 0.6933594 0.6552734 0.6933594 0.6384277 0.6845703 0.6538086 0.6831055 0.6369629 0.5249023 0.6538086 0.5219727 0.6369629 0.5161133 0.6538086 0.512207 0.6369629 0.2265625 0.6538086 0.2265625 0.6369629 0.2258301 0.6813965 0.2258301 0.6647949 0.5151367 0.6630859 0.5180664 0.6799316 0.5244141 0.6630859 0.5283203 0.6799316 0.6850586 0.6630859 0.6914063 0.6813965 0.6982422 0.6799316 0.6943359 0.6630859 0.956543 0.6647949 0.956543 0.6806641 0.6972656 0.5822754 0.5385742 0.5808105 0.6972656 0.5808105 0.7075195 0.5822754 0.7075195 0.5808105 0.9501953 0.5808105 0.9501953 0.5822754 0.0146637 0.5822754 0.0146637 0.5808105 0.05825806 0.5808105 0.05825806 0.5822754 0.2402344 0.5808105 0.2402344 0.5822754 0.5283203 0.5808105 0.9555664 0.6091309 0.9555664 0.6105957 0.7045898 0.6091309 0.7045898 0.6105957 0.6933594 0.6091309 0.6831055 0.6369629 0.6933594 0.6369629 0.6933594 0.6384277 0.9482422 0.6369629 0.9482422 0.6384277 0.0129776 0.6384277 0.0129776 0.6369629 0.04470825 0.6384277 0.04446411 0.6369629 0.2265625 0.6369629 0.7202148 0.9757843 0.7192383 0.990593 0.4794922 0.9757843 0.4785156 0.990593 0.3671875 0.9757843 0.3671875 0.990593 0.1274414 0.9757843 0.1274414 0.990593 0.01818848 0.9757843 0.01679993 0.990593 0.01565552 0.9757843 0.980957 0.3779297 0.9794922 0.3759766 0.984375 0.3681641 0.9780273 0.3608398 0.9804688 0.3569336 0.9833984 0.3833008 0.9833984 0.3916016 0.9682617 0.3833008 0.9672852 0.3916016 0.9482422 0.3833008 0.9467773 0.3916016 0.9301758 0.3833008 0.9287109 0.3916016 0.9101563 0.3833008 0.9106445 0.3916016 0.9072266 0.3916016 0.9946289 0.3598633 0.9951172 0.3623047 0.9882813 0.3686523 0.9921875 0.3769531 0.9907227 0.3789063 0.9423828 0.3549805 0.9458008 0.3510742 0.9707031 0.3520508 0.9448242 0.3745117 0.972168 0.3735352 0.9833984 0.3833008 0.9833984 0.3916016 0.9682617 0.3833008 0.9672852 0.3916016 0.9482422 0.3833008 0.9467773 0.3916016 0.9301758 0.3833008 0.9287109 0.3916016 0.9101563 0.3833008 0.9106445 0.3916016 0.9072266 0.3916016 0.9946289 0.3598633 0.9951172 0.3623047 0.9882813 0.3686523 0.9921875 0.3769531 0.9907227 0.3789063 0.980957 0.3779297 0.9794922 0.3759766 0.984375 0.3681641 0.9780273 0.3608398 0.9804688 0.3569336 0.9423828 0.3549805 0.9458008 0.3510742 0.9707031 0.3520508 0.9448242 0.3745117 0.972168 0.3735352 0.2141113 0.8939819 0.01728821 0.8939819 0.01728821 0.8747559 0.2166748 0.8747559 0.21875 0.8939819 0.2235107 0.8939819 0.2235107 0.8747559 0.4870605 0.8939819 0.4870605 0.8747559 0.4934082 0.8747559 0.4938965 0.8939819 0.4919434 0.9293213 0.4853516 0.9293213 0.4919434 0.9100342 0.4853516 0.9100342 0.2253418 0.9293213 0.223877 0.9100342 0.2177734 0.9293213 0.2160645 0.9100342 0.01512909 0.9100342 0.01512909 0.9293213 0.182251 0.8636475 0.4104004 0.8620605 0.4104004 0.8636475 0.5668945 0.8636475 0.5668945 0.8620605 0.5737305 0.8636475 0.5385742 0.5976563 0.6987305 0.5991211 0.5385742 0.5991211 0.5297852 0.5991211 0.5297852 0.5976563 0.2839355 0.5991211 0.2402344 0.5991211 0.2354736 0.6259766 0.2354736 0.6274414 0.05227661 0.6274414 0.2766113 0.6274414 0.2766113 0.6259766 0.5239258 0.6259766 0.5239258 0.6274414 0.534668 0.6274414 0.534668 0.6259766 0.7021484 0.6274414 0.6933594 0.6274414 0.2265625 0.6538086 0.2265625 0.6552734 0.04470825 0.6552734 0.5161133 0.6538086 0.5161133 0.6552734 0.5249023 0.6538086 0.5249023 0.6552734 0.6845703 0.6538086 0.6845703 0.6552734 0.6933594 0.6552734 0.2258301 0.6647949 0.2261963 0.6630859 0.5151367 0.6630859 0.04199219 0.6647949 0.04199219 0.6630859 0.01026154 0.6630859 0.01026154 0.6647949 0.6357422 0.9621887 0.4116211 0.9615479 0.6357422 0.9440308 0.411377 0.942749 0.3283691 0.9615479 0.3271484 0.942749 0.3266602 0.9440308 0.3273926 0.9628296 0.1013184 0.9615479 0.1010132 0.942749 0.1001587 0.9440308 0.01716614 0.9628296 0.01748657 0.9440308 0.01534271 0.9440308 0.01531982 0.9621887 0.9833984 0.3862305 0.9672852 0.3916016 0.9682617 0.3833008 0.9482422 0.3833008 0.9467773 0.3916016 0.9301758 0.3833008 0.9287109 0.3916016 0.909668 0.3862305 0.9833984 0.3862305 0.9672852 0.3916016 0.9682617 0.3833008 0.9482422 0.3833008 0.9467773 0.3916016 0.9301758 0.3833008 0.9287109 0.3916016 0.909668 0.3862305 0.9833984 0.3862305 0.9672852 0.3916016 0.9682617 0.3833008 0.9482422 0.3833008 0.9467773 0.3916016 0.9301758 0.3833008 0.9287109 0.3916016 0.909668 0.3862305 0.9833984 0.3862305 0.9672852 0.3916016 0.9682617 0.3833008 0.9482422 0.3833008 0.9467773 0.3916016 0.9301758 0.3833008 0.9287109 0.3916016 0.909668 0.3862305 0.1998291 0.3925781 0.225708 0.3925781 0.225708 0.4111328 0.1998291 0.4111328 0.1970215 0.4111328 0.1970215 0.3925781 0.168335 0.4355469 0.168335 0.4165039 0.1942139 0.4165039 0.1942139 0.4355469 0.1970215 0.4355469 0.1970215 0.4165039 0.1690674 0.3891602 0.1690674 0.3701172 0.1948242 0.3701172 0.1948242 0.3891602 0.1977539 0.3891602 0.1977539 0.3701172 0.1685791 0.4907227 0.194458 0.4907227 0.194458 0.5092773 0.1685791 0.5092773 0.1657715 0.5092773 0.1657715 0.4907227 0.0737915 0.3920898 0.09967041 0.3920898 0.09967041 0.4111328 0.0737915 0.4111328 0.07092285 0.4111328 0.07092285 0.3920898 0.04229736 0.4350586 0.04229736 0.4165039 0.06817627 0.4165039 0.06817627 0.4350586 0.07098389 0.4350586 0.07098389 0.4165039 0.04293823 0.3886719 0.04293823 0.3696289 0.06878662 0.3696289 0.06878662 0.3886719 0.07165527 0.3886719 0.07165527 0.3696289 0.04248047 0.4902344 0.06835938 0.4902344 0.06835938 0.5090332 0.04248047 0.5090332 0.03967285 0.5090332 0.03967285 0.4902344 0.9101563 0.3759766 0.9106445 0.3710938 0.9121094 0.3730469 0.9321289 0.3730469 0.9106445 0.355957 0.9350586 0.3745117 0.9091797 0.3525391 0.9335938 0.3637695 0.9125977 0.3540039 0.934082 0.3515625 0.9321289 0.3540039 0.934082 0.3515625 0.9335938 0.355957 0.9321289 0.3540039 0.9125977 0.3540039 0.9335938 0.371582 0.9091797 0.3525391 0.9350586 0.3745117 0.9106445 0.3637695 0.9321289 0.3730469 0.9101563 0.3759766 0.9121094 0.3730469 0.934082 0.3515625 0.9335938 0.355957 0.9321289 0.3540039 0.9125977 0.3540039 0.9335938 0.371582 0.9091797 0.3525391 0.9350586 0.3745117 0.9106445 0.355957 0.9321289 0.3730469 0.9101563 0.3759766 0.9106445 0.3710938 0.9121094 0.3730469 0.934082 0.3515625 0.9321289 0.3540039 0.9125977 0.3540039 0.9335938 0.3637695 0.9091797 0.3525391 0.9350586 0.3745117 0.9106445 0.3637695 0.9321289 0.3730469 0.9101563 0.3759766 0.9121094 0.3730469 0.934082 0.3515625 0.9321289 0.3540039 0.9125977 0.3540039 0.9335938 0.3637695 0.9091797 0.3525391 0.9350586 0.3745117 0.9106445 0.3637695 0.9321289 0.3730469 0.9101563 0.3759766 0.9121094 0.3730469 0.934082 0.3515625 0.9321289 0.3540039 0.9125977 0.3540039 0.9335938 0.3637695 0.9091797 0.3525391 0.9350586 0.3745117 0.9106445 0.3637695 0.9321289 0.3730469 0.9101563 0.3759766 0.9121094 0.3730469</float_array>
          <technique_common>
            <accessor source="#CmFillerObjectAM1_pCube35_polySurface2__CmFillerObjectA03C-texcoord-array" count="3801" stride="2">
              <param name="S" type="float" />
              <param name="T" type="float" />
            </accessor>
          </technique_common>
        </source>
        <vertices id="CmFillerObjectAM1_pCube35_polySurface2__CmFillerObjectA03C-vertex">
          <input semantic="POSITION" source="#CmFillerObjectAM1_pCube35_polySurface2__CmFillerObjectA03C-position" />
        </vertices>
        <triangles material="CmFillerObjectA03C" count="2339">
          <input semantic="VERTEX" source="#CmFillerObjectAM1_pCube35_polySurface2__CmFillerObjectA03C-vertex" offset="0" />
          <input semantic="NORMAL" source="#CmFillerObjectAM1_pCube35_polySurface2__CmFillerObjectA03C-normal" offset="1" />
          <input semantic="COLOR" source="#CmFillerObjectAM1_pCube35_polySurface2__CmFillerObjectA03C-color" offset="2" set="0" />
          <input semantic="TEXCOORD" source="#CmFillerObjectAM1_pCube35_polySurface2__CmFillerObjectA03C-texcoord" offset="3" set="0" />
          <p>0 0 0 0 1 1 1 1 2 2 2 2 1 1 1 1 3 3 3 3 2 2 2 2 4 4 4 4 5 5 5 5 6 6 6 6 5 5 5 5 7 7 7 7 6 6 6 6 8 8 8 8 9 9 9 9 10 10 10 10 9 9 9 9 11 11 11 11 10 10 10 10 12 12 12 12 13 13 13 13 14 14 14 14 13 13 13 13 15 15 15 15 14 14 14 14 16 16 16 16 17 17 17 17 18 18 18 18 17 17 17 17 19 19 19 19 18 18 18 18 20 20 20 20 21 21 21 21 22 22 22 22 21 21 21 21 23 23 23 23 22 22 22 22 24 24 24 24 25 25 25 25 26 26 26 26 25 25 25 25 27 27 27 27 26 26 26 26 28 28 28 28 29 29 29 29 30 30 30 30 29 29 29 29 31 31 31 31 30 30 30 30 32 32 32 32 33 33 33 33 34 34 34 34 33 33 33 33 35 35 35 35 34 34 34 34 36 36 36 36 37 37 37 37 38 38 38 38 37 37 37 37 39 39 39 39 38 38 38 38 40 40 40 40 41 41 41 41 42 42 42 42 41 41 41 41 43 43 43 43 42 42 42 42 44 44 44 44 45 45 45 45 46 46 46 46 45 45 45 45 47 47 47 47 46 46 46 46 48 48 48 48 49 49 49 49 50 50 50 50 49 49 49 49 51 51 51 51 50 50 50 50 52 52 52 52 53 53 53 53 54 54 54 54 53 53 53 53 55 55 55 55 54 54 54 54 56 56 56 56 57 57 57 57 58 58 58 58 57 57 57 57 59 59 59 59 58 58 58 58 60 60 60 60 61 61 61 61 62 62 62 62 61 61 61 61 63 63 63 63 62 62 62 62 64 64 64 64 65 65 65 65 66 66 66 66 65 65 65 65 67 67 67 67 66 66 66 66 68 68 68 68 69 69 69 69 70 70 70 70 69 69 69 69 71 71 71 71 70 70 70 70 72 72 72 72 73 73 73 73 74 74 74 74 73 73 73 73 75 75 75 75 74 74 74 74 76 76 76 76 77 77 77 77 78 78 78 78 77 77 77 77 79 79 79 79 78 78 78 78 80 80 80 80 81 81 81 81 82 82 82 82 81 81 81 81 83 83 83 83 82 82 82 82 84 84 84 84 85 85 85 85 86 86 86 86 85 85 85 85 87 87 87 87 86 86 86 86 88 88 88 88 89 89 89 89 90 90 90 90 89 89 89 89 91 91 91 91 90 90 90 90 92 92 92 92 93 93 93 93 94 94 94 94 93 93 93 93 95 95 95 95 94 94 94 94 96 96 96 96 97 97 97 97 98 98 98 98 97 97 97 97 99 99 99 99 98 98 98 98 100 100 100 100 101 101 101 101 102 102 102 102 101 101 101 101 103 103 103 103 102 102 102 102 104 104 104 104 105 105 105 105 106 106 106 106 105 105 105 105 107 107 107 107 106 106 106 106 108 108 108 108 109 109 109 109 110 110 110 110 109 109 109 109 111 111 111 111 110 110 110 110 112 112 112 112 113 113 113 113 114 114 114 114 113 113 113 113 115 115 115 115 114 114 114 114 116 116 116 116 117 117 117 117 118 118 118 118 117 117 117 117 119 119 119 119 118 118 118 118 120 120 120 120 121 121 121 121 122 122 122 122 121 121 121 121 123 123 123 123 122 122 122 122 124 124 124 124 125 125 125 125 126 126 126 126 125 125 125 125 127 127 127 127 126 126 126 126 128 128 128 128 129 129 129 129 130 130 130 130 129 129 129 129 131 131 131 131 130 130 130 130 132 132 132 132 133 133 133 133 134 134 134 134 133 133 133 133 135 135 135 135 134 134 134 134 136 136 136 136 137 137 137 137 138 138 138 138 137 137 137 137 139 139 139 139 138 138 138 138 140 140 140 140 141 141 141 141 142 142 142 142 141 141 141 141 143 143 143 143 142 142 142 142 144 144 144 144 145 145 145 145 146 146 146 146 145 145 145 145 147 147 147 147 146 146 146 146 148 148 148 148 149 149 149 149 150 150 150 150 149 149 149 149 151 151 151 151 150 150 150 150 152 152 152 152 153 153 153 153 154 154 154 154 153 153 153 153 155 155 155 155 154 154 154 154 156 156 156 156 157 157 157 157 158 158 158 158 157 157 157 157 159 159 159 159 158 158 158 158 160 160 160 160 161 161 161 161 162 162 162 162 161 161 161 161 163 163 163 163 162 162 162 162 164 164 164 164 165 165 165 165 166 166 166 166 165 165 165 165 167 167 167 167 166 166 166 166 168 168 168 168 169 169 169 169 170 170 170 170 169 169 169 169 171 171 171 171 170 170 170 170 172 172 172 172 173 173 173 173 174 174 174 174 173 173 173 173 175 175 175 175 174 174 174 174 176 176 176 176 177 177 177 177 178 178 178 178 177 177 177 177 179 179 179 179 178 178 178 178 180 180 180 180 181 181 181 181 182 182 182 182 181 181 181 181 183 183 183 183 182 182 182 182 184 184 184 184 185 185 185 185 186 186 186 186 185 185 185 185 187 187 187 187 186 186 186 186 188 188 188 188 189 189 189 189 190 190 190 190 189 189 189 189 191 191 191 191 190 190 190 190 192 192 192 192 193 193 193 193 194 194 194 194 193 193 193 193 195 195 195 195 194 194 194 194 196 196 196 196 197 197 197 197 198 198 198 198 197 197 197 197 199 199 199 199 198 198 198 198 200 200 200 200 201 201 201 201 202 202 202 202 201 201 201 201 203 203 203 203 202 202 202 202 204 204 204 204 205 205 205 205 206 206 206 206 205 205 205 205 207 207 207 207 206 206 206 206 208 208 208 208 209 209 209 209 210 210 210 210 209 209 209 209 211 211 211 211 210 210 210 210 212 212 212 212 213 213 213 213 214 214 214 214 213 213 213 213 215 215 215 215 214 214 214 214 216 216 216 216 217 217 217 217 218 218 218 218 217 217 217 217 219 219 219 219 218 218 218 218 220 220 220 220 221 221 221 221 222 222 222 222 221 221 221 221 223 223 223 223 222 222 222 222 224 224 224 224 225 225 225 225 226 226 226 226 225 225 225 225 227 227 227 227 226 226 226 226 228 228 228 228 229 229 229 229 230 230 230 230 229 229 229 229 231 231 231 231 230 230 230 230 232 232 232 232 233 233 233 233 234 234 234 234 233 233 233 233 235 235 235 235 234 234 234 234 236 236 236 236 237 237 237 237 238 238 238 238 237 237 237 237 239 239 239 239 238 238 238 238 240 240 240 240 241 241 241 241 242 242 242 242 241 241 241 241 243 243 243 243 242 242 242 242 244 244 244 244 245 245 245 245 246 246 246 246 245 245 245 245 247 247 247 247 246 246 246 246 248 248 248 248 249 249 249 249 250 250 250 250 249 249 249 249 251 251 251 251 250 250 250 250 252 252 252 252 253 253 253 253 254 254 254 254 253 253 253 253 255 255 255 255 254 254 254 254 256 256 256 256 257 257 257 257 258 258 258 258 257 257 257 257 259 259 259 259 258 258 258 258 260 260 260 260 261 261 261 261 262 262 262 262 261 261 261 261 263 263 263 263 262 262 262 262 264 264 264 264 265 265 265 265 266 266 266 266 265 265 265 265 267 267 267 267 266 266 266 266 268 268 268 268 269 269 269 269 270 270 270 270 269 269 269 269 271 271 271 271 270 270 270 270 272 272 272 272 273 273 273 273 274 274 274 274 273 273 273 273 275 275 275 275 274 274 274 274 276 276 276 276 277 277 277 277 278 278 278 278 277 277 277 277 279 279 279 279 278 278 278 278 280 280 280 280 281 281 281 281 282 282 282 282 281 281 281 281 283 283 283 283 282 282 282 282 284 284 284 284 285 285 285 285 286 286 286 286 285 285 285 285 287 287 287 287 286 286 286 286 288 288 288 288 289 289 289 289 290 290 290 290 289 289 289 289 291 291 291 291 290 290 290 290 292 292 292 292 293 293 293 293 294 294 294 294 293 293 293 293 295 295 295 295 294 294 294 294 296 296 296 296 297 297 297 297 298 298 298 298 297 297 297 297 299 299 299 299 298 298 298 298 300 300 300 300 301 301 301 301 302 302 302 302 301 301 301 301 303 303 303 303 302 302 302 302 304 304 304 304 305 305 305 305 306 306 306 306 305 305 305 305 307 307 307 307 306 306 306 306 308 308 308 308 309 309 309 309 310 310 310 310 309 309 309 309 311 311 311 311 310 310 310 310 312 312 312 312 313 313 313 313 314 314 314 314 313 313 313 313 315 315 315 315 314 314 314 314 316 316 316 316 317 317 317 317 318 318 318 318 317 317 317 317 319 319 319 319 318 318 318 318 320 320 320 320 321 321 321 321 322 322 322 322 321 321 321 321 323 323 323 323 322 322 322 322 324 324 324 324 325 325 325 325 326 326 326 326 325 325 325 325 327 327 327 327 326 326 326 326 328 328 328 328 329 329 329 329 330 330 330 330 329 329 329 329 331 331 331 331 330 330 330 330 332 332 332 332 333 333 333 333 334 334 334 334 333 333 333 333 335 335 335 335 334 334 334 334 336 336 336 336 337 337 337 337 338 338 338 338 337 337 337 337 339 339 339 339 338 338 338 338 340 340 340 340 341 341 341 341 342 342 342 342 341 341 341 341 343 343 343 343 342 342 342 342 344 344 344 344 345 345 345 345 346 346 346 346 345 345 345 345 347 347 347 347 346 346 346 346 348 348 348 348 349 349 349 349 350 350 350 350 349 349 349 349 351 351 351 351 350 350 350 350 352 352 352 352 353 353 353 353 354 354 354 354 353 353 353 353 355 355 355 355 354 354 354 354 356 356 356 356 357 357 357 357 358 358 358 358 357 357 357 357 359 359 359 359 358 358 358 358 360 360 360 360 361 361 361 361 362 362 362 362 361 361 361 361 363 363 363 363 362 362 362 362 364 364 364 364 365 365 365 365 366 366 366 366 365 365 365 365 367 367 367 367 366 366 366 366 368 368 368 368 369 369 369 369 370 370 370 370 370 370 370 370 369 369 369 369 371 371 371 371 372 372 372 372 373 373 373 373 374 374 374 374 375 375 375 375 372 372 372 372 374 374 374 374 375 375 375 375 374 374 374 374 376 376 376 376 377 377 377 377 375 375 375 375 376 376 376 376 378 378 378 378 379 379 379 379 380 380 380 380 379 379 379 379 381 381 381 381 380 380 380 380 380 380 380 380 381 381 381 381 382 382 382 382 381 381 381 381 383 383 383 383 382 382 382 382 383 383 383 383 384 384 384 384 382 382 382 382 384 384 384 384 385 385 385 385 382 382 382 382 384 384 384 384 386 386 386 386 385 385 385 385 386 386 386 386 387 387 387 387 385 385 385 385 388 388 388 388 387 387 387 387 386 386 386 386 389 389 389 389 388 388 388 388 386 386 386 386 390 390 390 390 388 388 388 388 389 389 389 389 391 391 391 391 390 390 390 390 389 389 389 389 392 392 392 392 390 390 390 390 391 391 391 391 393 393 393 393 392 392 392 392 391 391 391 391 392 392 392 392 393 393 393 393 394 394 394 394 395 395 395 395 392 392 392 392 394 394 394 394 395 395 395 395 394 394 394 394 396 396 396 396 394 394 394 394 397 397 397 397 396 396 396 396 397 397 397 397 398 398 398 398 396 396 396 396 398 398 398 398 399 399 399 399 396 396 396 396 400 400 400 400 401 401 401 401 402 402 402 402 403 403 403 403 400 400 400 400 402 402 402 402 403 403 403 403 402 402 402 402 404 404 404 404 405 405 405 405 403 403 403 403 404 404 404 404 406 406 406 406 407 407 407 407 408 408 408 408 407 407 407 407 409 409 409 409 408 408 408 408 408 408 408 408 409 409 409 409 410 410 410 410 409 409 409 409 411 411 411 411 410 410 410 410 412 412 412 412 413 413 413 413 414 414 414 414 413 413 413 413 415 415 415 415 414 414 414 414 414 414 414 414 415 415 415 415 416 416 416 416 415 415 415 415 417 417 417 417 416 416 416 416 418 418 418 418 419 419 419 419 420 420 420 420 421 421 421 421 418 418 418 418 420 420 420 420 421 421 421 421 420 420 420 420 422 422 422 422 423 423 423 423 421 421 421 421 422 422 422 422 423 423 423 423 422 422 422 422 424 424 424 424 422 422 422 422 425 425 425 425 424 424 424 424 424 424 424 424 425 425 425 425 426 426 426 426 427 427 427 427 424 424 424 424 426 426 426 426 426 426 426 426 428 428 428 428 427 427 427 427 428 428 428 428 429 429 429 429 427 427 427 427 428 428 428 428 430 430 430 430 429 429 429 429 430 430 430 430 431 431 431 431 429 429 429 429 432 432 432 432 433 433 433 433 434 434 434 434 435 435 435 435 432 432 432 432 434 434 434 434 435 435 435 435 434 434 434 434 436 436 436 436 437 437 437 437 435 435 435 435 436 436 436 436 437 437 437 437 436 436 436 436 438 438 438 438 439 439 439 439 437 437 437 437 438 438 438 438 440 440 440 440 439 439 439 439 438 438 438 438 441 441 441 441 440 440 440 440 438 438 438 438 441 441 441 441 442 442 442 442 440 440 440 440 442 442 442 442 443 443 443 443 440 440 440 440 443 443 443 443 442 442 442 442 444 444 444 444 442 442 442 442 445 445 445 445 444 444 444 444 446 446 446 446 447 447 447 447 448 448 448 448 449 449 449 449 446 446 446 446 448 448 448 448 449 449 449 449 448 448 448 448 450 450 450 450 451 451 451 451 449 449 449 449 450 450 450 450 451 451 451 451 450 450 450 450 452 452 452 452 453 453 453 453 451 451 451 451 452 452 452 452 453 453 453 453 452 452 452 452 454 454 454 454 452 452 452 452 455 455 455 455 454 454 454 454 456 456 456 456 454 454 454 454 455 455 455 455 457 457 457 457 456 456 456 456 455 455 455 455 456 456 456 456 457 457 457 457 458 458 458 458 457 457 457 457 459 459 459 459 458 458 458 458 458 458 458 458 459 459 459 459 460 460 460 460 461 461 461 461 458 458 458 458 460 460 460 460 461 461 461 461 460 460 460 460 462 462 462 462 463 463 463 463 461 461 461 461 462 462 462 462 463 463 463 463 462 462 462 462 464 464 464 464 465 465 465 465 463 463 463 463 464 464 464 464 465 465 465 465 464 464 464 464 466 466 466 466 467 467 467 467 465 465 465 465 466 466 466 466 467 467 467 467 466 466 466 466 468 468 468 468 466 466 466 466 469 469 469 469 468 468 468 468 468 468 468 468 469 469 469 469 470 470 470 470 471 471 471 471 468 468 468 468 470 470 470 470 472 472 472 472 473 473 473 473 474 474 474 474 475 475 475 475 472 472 472 472 474 474 474 474 475 475 475 475 474 474 474 474 476 476 476 476 477 477 477 477 475 475 475 475 476 476 476 476 477 477 477 477 476 476 476 476 478 478 478 478 479 479 479 479 477 477 477 477 478 478 478 478 479 479 479 479 478 478 478 478 480 480 480 480 478 478 478 478 481 481 481 481 480 480 480 480 482 482 482 482 480 480 480 480 481 481 481 481 483 483 483 483 482 482 482 482 481 481 481 481 482 482 482 482 483 483 483 483 484 484 484 484 483 483 483 483 485 485 485 485 484 484 484 484 484 484 484 484 485 485 485 485 486 486 486 486 487 487 487 487 484 484 484 484 486 486 486 486 487 487 487 487 486 486 486 486 488 488 488 488 489 489 489 489 487 487 487 487 488 488 488 488 489 489 489 489 488 488 488 488 490 490 490 490 491 491 491 491 489 489 489 489 490 490 490 490 491 491 491 491 490 490 490 490 492 492 492 492 493 493 493 493 491 491 491 491 492 492 492 492 493 493 493 493 492 492 492 492 494 494 494 494 492 492 492 492 495 495 495 495 494 494 494 494 494 494 494 494 495 495 495 495 496 496 496 496 497 497 497 497 494 494 494 494 496 496 496 496 498 498 498 498 499 499 499 499 500 500 500 500 499 499 499 499 501 501 501 501 500 500 500 500 500 500 500 500 501 501 501 501 502 502 502 502 501 501 501 501 503 503 503 503 502 502 502 502 502 502 502 502 503 503 503 503 504 504 504 504 503 503 503 503 505 505 505 505 504 504 504 504 505 505 505 505 506 506 506 506 504 504 504 504 506 506 506 506 507 507 507 507 504 504 504 504 507 507 507 507 506 506 506 506 508 508 508 508 506 506 506 506 509 509 509 509 508 508 508 508 510 510 510 510 511 511 511 511 512 512 512 512 511 511 511 511 513 513 513 513 512 512 512 512 512 512 512 512 513 513 513 513 514 514 514 514 513 513 513 513 515 515 515 515 514 514 514 514 515 515 515 515 516 516 516 516 514 514 514 514 516 516 516 516 517 517 517 517 514 514 514 514 517 517 517 517 516 516 516 516 518 518 518 518 516 516 516 516 519 519 519 519 518 518 518 518 518 518 518 518 519 519 519 519 520 520 520 520 519 519 519 519 521 521 521 521 520 520 520 520 522 522 522 522 523 523 523 523 524 524 524 524 525 525 525 525 522 522 522 522 524 524 524 524 524 524 524 524 526 526 526 526 525 525 525 525 526 526 526 526 527 527 527 527 525 525 525 525 527 527 527 527 526 526 526 526 528 528 528 528 529 529 529 529 527 527 527 527 528 528 528 528 530 530 530 530 531 531 531 531 532 532 532 532 531 531 531 531 533 533 533 533 532 532 532 532 532 532 532 532 533 533 533 533 534 534 534 534 533 533 533 533 535 535 535 535 534 534 534 534 534 534 534 534 535 535 535 535 536 536 536 536 535 535 535 535 537 537 537 537 536 536 536 536 537 537 537 537 538 538 538 538 536 536 536 536 538 538 538 538 539 539 539 539 536 536 536 536 539 539 539 539 538 538 538 538 540 540 540 540 538 538 538 538 541 541 541 541 540 540 540 540 542 542 542 542 543 543 543 543 544 544 544 544 543 543 543 543 545 545 545 545 544 544 544 544 544 544 544 544 545 545 545 545 546 546 546 546 545 545 545 545 547 547 547 547 546 546 546 546 547 547 547 547 548 548 548 548 546 546 546 546 548 548 548 548 549 549 549 549 546 546 546 546 549 549 549 549 548 548 548 548 550 550 550 550 548 548 548 548 551 551 551 551 550 550 550 550 550 550 550 550 551 551 551 551 552 552 552 552 551 551 551 551 553 553 553 553 552 552 552 552 554 554 554 554 555 555 555 555 556 556 556 556 557 557 557 557 554 554 554 554 556 556 556 556 556 556 556 556 558 558 558 558 557 557 557 557 558 558 558 558 559 559 559 559 557 557 557 557 559 559 559 559 558 558 558 558 560 560 560 560 561 561 561 561 559 559 559 559 560 560 560 560 562 562 562 562 563 563 563 563 564 564 564 564 565 565 565 565 562 562 562 562 564 564 564 564 565 565 565 565 564 564 564 564 566 566 566 566 567 567 567 567 565 565 565 565 566 566 566 566 568 568 568 568 569 569 569 569 570 570 570 570 569 569 569 569 571 571 571 571 570 570 570 570 570 570 570 570 571 571 571 571 572 572 572 572 571 571 571 571 573 573 573 573 572 572 572 572 574 574 574 574 575 575 575 575 576 576 576 576 575 575 575 575 577 577 577 577 576 576 576 576 576 576 576 576 577 577 577 577 578 578 578 578 577 577 577 577 579 579 579 579 578 578 578 578 580 580 580 580 581 581 581 581 582 582 582 582 583 583 583 583 580 580 580 580 582 582 582 582 583 583 583 583 582 582 582 582 584 584 584 584 585 585 585 585 583 583 583 583 584 584 584 584 586 586 586 586 587 587 587 587 588 588 588 588 589 589 589 589 586 586 586 586 588 588 588 588 589 589 589 589 588 588 588 588 590 590 590 590 591 591 591 591 589 589 589 589 590 590 590 590 592 592 592 592 593 593 593 593 594 594 594 594 593 593 593 593 595 595 595 595 594 594 594 594 594 594 594 594 595 595 595 595 596 596 596 596 595 595 595 595 597 597 597 597 596 596 596 596 598 598 598 598 599 599 599 599 600 600 600 600 599 599 599 599 601 601 601 601 600 600 600 600 600 600 600 600 601 601 601 601 602 602 602 602 601 601 601 601 603 603 603 603 602 602 602 602 604 604 604 604 605 605 605 605 606 606 606 606 607 607 607 607 604 604 604 604 606 606 606 606 607 607 607 607 606 606 606 606 608 608 608 608 609 609 609 609 607 607 607 607 608 608 608 608 610 610 610 610 611 611 611 611 612 612 612 612 613 613 613 613 610 610 610 610 612 612 612 612 612 612 612 612 614 614 614 614 613 613 613 613 614 614 614 614 615 615 615 615 613 613 613 613 615 615 615 615 614 614 614 614 616 616 616 616 617 617 617 617 615 615 615 615 616 616 616 616 616 616 616 616 618 618 618 618 617 617 617 617 618 618 618 618 619 619 619 619 617 617 617 617 619 619 619 619 618 618 618 618 620 620 620 620 618 618 618 618 621 621 621 621 620 620 620 620 620 620 620 620 621 621 621 621 622 622 622 622 621 621 621 621 623 623 623 623 622 622 622 622 623 623 623 623 624 624 624 624 622 622 622 622 624 624 624 624 625 625 625 625 622 622 622 622 625 625 625 625 624 624 624 624 626 626 626 626 624 624 624 624 627 627 627 627 626 626 626 626 626 626 626 626 627 627 627 627 628 628 628 628 627 627 627 627 629 629 629 629 628 628 628 628 628 628 628 628 629 629 629 629 630 630 630 630 629 629 629 629 631 631 631 631 630 630 630 630 632 632 632 632 633 633 633 633 634 634 634 634 635 635 635 635 632 632 632 632 634 634 634 634 635 635 635 635 634 634 634 634 636 636 636 636 637 637 637 637 635 635 635 635 636 636 636 636 636 636 636 636 638 638 638 638 637 637 637 637 638 638 638 638 639 639 639 639 637 637 637 637 640 640 640 640 639 639 639 639 638 638 638 638 641 641 641 641 640 640 640 640 638 638 638 638 641 641 641 641 642 642 642 642 640 640 640 640 642 642 642 642 643 643 643 643 640 640 640 640 642 642 642 642 644 644 644 644 643 643 643 643 644 644 644 644 645 645 645 645 643 643 643 643 646 646 646 646 645 645 645 645 644 644 644 644 647 647 647 647 646 646 646 646 644 644 644 644 647 647 647 647 648 648 648 648 646 646 646 646 648 648 648 648 649 649 649 649 646 646 646 646 650 650 650 650 649 649 649 649 648 648 648 648 651 651 651 651 650 650 650 650 648 648 648 648 652 652 652 652 653 653 653 653 654 654 654 654 653 653 653 653 655 655 655 655 654 654 654 654 654 654 654 654 655 655 655 655 656 656 656 656 655 655 655 655 657 657 657 657 656 656 656 656 656 656 656 656 657 657 657 657 658 658 658 658 657 657 657 657 659 659 659 659 658 658 658 658 659 659 659 659 660 660 660 660 658 658 658 658 660 660 660 660 661 661 661 661 658 658 658 658 660 660 660 660 662 662 662 662 661 661 661 661 662 662 662 662 663 663 663 663 661 661 661 661 663 663 663 663 662 662 662 662 664 664 664 664 662 662 662 662 665 665 665 665 664 664 664 664 665 665 665 665 666 666 666 666 664 664 664 664 666 666 666 666 667 667 667 667 664 664 664 664 666 666 666 666 668 668 668 668 667 667 667 667 668 668 668 668 669 669 669 669 667 667 667 667 668 668 668 668 670 670 670 670 669 669 669 669 670 670 670 670 671 671 671 671 669 669 669 669 672 672 672 672 673 673 673 673 674 674 674 674 675 675 675 675 672 672 672 672 674 674 674 674 674 674 674 674 676 676 676 676 675 675 675 675 676 676 676 676 677 677 677 677 675 675 675 675 678 678 678 678 677 677 677 677 676 676 676 676 679 679 679 679 678 678 678 678 676 676 676 676 679 679 679 679 680 680 680 680 678 678 678 678 680 680 680 680 681 681 681 681 678 678 678 678 680 680 680 680 682 682 682 682 681 681 681 681 682 682 682 682 683 683 683 683 681 681 681 681 684 684 684 684 683 683 683 683 682 682 682 682 685 685 685 685 684 684 684 684 682 682 682 682 685 685 685 685 686 686 686 686 684 684 684 684 686 686 686 686 687 687 687 687 684 684 684 684 688 688 688 688 687 687 687 687 686 686 686 686 689 689 689 689 688 688 688 688 686 686 686 686 690 690 690 690 691 691 691 691 692 692 692 692 693 693 693 693 690 690 690 690 692 692 692 692 693 693 693 693 692 692 692 692 694 694 694 694 695 695 695 695 693 693 693 693 694 694 694 694 695 695 695 695 694 694 694 694 696 696 696 696 697 697 697 697 695 695 695 695 696 696 696 696 698 698 698 698 697 697 697 697 696 696 696 696 699 699 699 699 698 698 698 698 696 696 696 696 698 698 698 698 699 699 699 699 700 700 700 700 701 701 701 701 698 698 698 698 700 700 700 700 701 701 701 701 700 700 700 700 702 702 702 702 703 703 703 703 701 701 701 701 702 702 702 702 704 704 704 704 703 703 703 703 702 702 702 702 705 705 705 705 704 704 704 704 702 702 702 702 705 705 705 705 706 706 706 706 704 704 704 704 706 706 706 706 707 707 707 707 704 704 704 704 708 708 708 708 709 709 709 709 710 710 710 710 711 711 711 711 708 708 708 708 710 710 710 710 711 711 711 711 710 710 710 710 712 712 712 712 713 713 713 713 711 711 711 711 712 712 712 712 713 713 713 713 712 712 712 712 714 714 714 714 715 715 715 715 713 713 713 713 714 714 714 714 715 715 715 715 714 714 714 714 716 716 716 716 717 717 717 717 715 715 715 715 716 716 716 716 717 717 717 717 716 716 716 716 718 718 718 718 719 719 719 719 717 717 717 717 718 718 718 718 719 719 719 719 718 718 718 718 720 720 720 720 718 718 718 718 721 721 721 721 720 720 720 720 720 720 720 720 721 721 721 721 722 722 722 722 723 723 723 723 720 720 720 720 722 722 722 722 723 723 723 723 722 722 722 722 724 724 724 724 722 722 722 722 725 725 725 725 724 724 724 724 724 724 724 724 725 725 725 725 726 726 726 726 725 725 725 725 727 727 727 727 726 726 726 726 728 728 728 728 726 726 726 726 727 727 727 727 729 729 729 729 728 728 728 728 727 727 727 727 728 728 728 728 729 729 729 729 730 730 730 730 731 731 731 731 728 728 728 728 730 730 730 730 732 732 732 732 733 733 733 733 734 734 734 734 733 733 733 733 735 735 735 735 734 734 734 734 734 734 734 734 735 735 735 735 736 736 736 736 735 735 735 735 737 737 737 737 736 736 736 736 738 738 738 738 736 736 736 736 737 737 737 737 739 739 739 739 738 738 738 738 737 737 737 737 740 740 740 740 738 738 738 738 739 739 739 739 741 741 741 741 740 740 740 740 739 739 739 739 741 741 741 741 742 742 742 742 740 740 740 740 742 742 742 742 743 743 743 743 740 740 740 740 744 744 744 744 743 743 743 743 742 742 742 742 745 745 745 745 744 744 744 744 742 742 742 742 745 745 745 745 746 746 746 746 744 744 744 744 746 746 746 746 747 747 747 747 744 744 744 744 746 746 746 746 748 748 748 748 747 747 747 747 748 748 748 748 749 749 749 749 747 747 747 747 748 748 748 748 750 750 750 750 749 749 749 749 750 750 750 750 751 751 751 751 749 749 749 749 750 750 750 750 752 752 752 752 751 751 751 751 752 752 752 752 753 753 753 753 751 751 751 751 754 754 754 754 753 753 753 753 752 752 752 752 755 755 755 755 754 754 754 754 752 752 752 752 756 756 756 756 757 757 757 757 758 758 758 758 759 759 759 759 756 756 756 756 758 758 758 758 759 759 759 759 758 758 758 758 760 760 760 760 761 761 761 761 759 759 759 759 760 760 760 760 761 761 761 761 760 760 760 760 762 762 762 762 763 763 763 763 761 761 761 761 762 762 762 762 763 763 763 763 762 762 762 762 764 764 764 764 765 765 765 765 763 763 763 763 764 764 764 764 765 765 765 765 764 764 764 764 766 766 766 766 767 767 767 767 765 765 765 765 766 766 766 766 767 767 767 767 766 766 766 766 768 768 768 768 766 766 766 766 769 769 769 769 768 768 768 768 768 768 768 768 769 769 769 769 770 770 770 770 771 771 771 771 768 768 768 768 770 770 770 770 771 771 771 771 770 770 770 770 772 772 772 772 773 773 773 773 771 771 771 771 772 772 772 772 773 773 773 773 772 772 772 772 774 774 774 774 775 775 775 775 773 773 773 773 774 774 774 774 775 775 775 775 774 774 774 774 776 776 776 776 777 777 777 777 775 775 775 775 776 776 776 776 778 778 778 778 779 779 779 779 780 780 780 780 781 781 781 781 778 778 778 778 780 780 780 780 781 781 781 781 780 780 780 780 782 782 782 782 783 783 783 783 781 781 781 781 782 782 782 782 783 783 783 783 782 782 782 782 784 784 784 784 785 785 785 785 783 783 783 783 784 784 784 784 785 785 785 785 784 784 784 784 786 786 786 786 787 787 787 787 785 785 785 785 786 786 786 786 787 787 787 787 786 786 786 786 788 788 788 788 789 789 789 789 787 787 787 787 788 788 788 788 789 789 789 789 788 788 788 788 790 790 790 790 788 788 788 788 791 791 791 791 790 790 790 790 790 790 790 790 791 791 791 791 792 792 792 792 793 793 793 793 790 790 790 790 792 792 792 792 793 793 793 793 792 792 792 792 794 794 794 794 792 792 792 792 795 795 795 795 794 794 794 794 794 794 794 794 795 795 795 795 796 796 796 796 797 797 797 797 794 794 794 794 796 796 796 796 797 797 797 797 796 796 796 796 798 798 798 798 799 799 799 799 797 797 797 797 798 798 798 798 800 800 800 800 801 801 801 801 802 802 802 802 801 801 801 801 803 803 803 803 802 802 802 802 804 804 804 804 802 802 802 802 803 803 803 803 805 805 805 805 804 804 804 804 803 803 803 803 804 804 804 804 805 805 805 805 806 806 806 806 805 805 805 805 807 807 807 807 806 806 806 806 808 808 808 808 806 806 806 806 807 807 807 807 809 809 809 809 808 808 808 808 807 807 807 807 808 808 808 808 809 809 809 809 810 810 810 810 811 811 811 811 808 808 808 808 810 810 810 810 811 811 811 811 810 810 810 810 812 812 812 812 813 813 813 813 811 811 811 811 812 812 812 812 814 814 814 814 813 813 813 813 812 812 812 812 815 815 815 815 814 814 814 814 812 812 812 812 814 814 814 814 815 815 815 815 816 816 816 816 817 817 817 817 814 814 814 814 816 816 816 816 817 817 817 817 816 816 816 816 818 818 818 818 819 819 819 819 817 817 817 817 818 818 818 818 820 820 820 820 819 819 819 819 818 818 818 818 821 821 821 821 820 820 820 820 818 818 818 818 822 822 822 822 820 820 820 820 821 821 821 821 823 823 823 823 822 822 822 822 821 821 821 821 822 822 822 822 823 823 823 823 824 824 824 824 823 823 823 823 825 825 825 825 824 824 824 824 826 826 826 826 827 827 827 827 828 828 828 828 829 829 829 829 826 826 826 826 828 828 828 828 829 829 829 829 828 828 828 828 830 830 830 830 831 831 831 831 829 829 829 829 830 830 830 830 830 830 830 830 832 832 832 832 831 831 831 831 832 832 832 832 833 833 833 833 831 831 831 831 833 833 833 833 832 832 832 832 834 834 834 834 832 832 832 832 835 835 835 835 834 834 834 834 836 836 836 836 834 834 834 834 835 835 835 835 837 837 837 837 836 836 836 836 835 835 835 835 837 837 837 837 838 838 838 838 836 836 836 836 838 838 838 838 839 839 839 839 836 836 836 836 839 839 839 839 838 838 838 838 840 840 840 840 838 838 838 838 841 841 841 841 840 840 840 840 842 842 842 842 840 840 840 840 841 841 841 841 843 843 843 843 842 842 842 842 841 841 841 841 843 843 843 843 844 844 844 844 842 842 842 842 844 844 844 844 845 845 845 845 842 842 842 842 845 845 845 845 844 844 844 844 846 846 846 846 847 847 847 847 845 845 845 845 846 846 846 846 847 847 847 847 846 846 846 846 848 848 848 848 849 849 849 849 847 847 847 847 848 848 848 848 849 849 849 849 848 848 848 848 850 850 850 850 851 851 851 851 849 849 849 849 850 850 850 850 852 852 852 852 853 853 853 853 854 854 854 854 855 855 855 855 852 852 852 852 854 854 854 854 855 855 855 855 854 854 854 854 856 856 856 856 857 857 857 857 855 855 855 855 856 856 856 856 857 857 857 857 856 856 856 856 858 858 858 858 856 856 856 856 859 859 859 859 858 858 858 858 858 858 858 858 859 859 859 859 860 860 860 860 861 861 861 861 858 858 858 858 860 860 860 860 861 861 861 861 860 860 860 860 862 862 862 862 863 863 863 863 861 861 861 861 862 862 862 862 863 863 863 863 862 862 862 862 864 864 864 864 865 865 865 865 863 863 863 863 864 864 864 864 865 865 865 865 864 864 864 864 866 866 866 866 867 867 867 867 865 865 865 865 866 866 866 866 867 867 867 867 866 866 866 866 868 868 868 868 869 869 869 869 867 867 867 867 868 868 868 868 869 869 869 869 868 868 868 868 870 870 870 870 868 868 868 868 871 871 871 871 870 870 870 870 870 870 870 870 871 871 871 871 872 872 872 872 873 873 873 873 870 870 870 870 872 872 872 872 873 873 873 873 872 872 872 872 874 874 874 874 875 875 875 875 873 873 873 873 874 874 874 874 875 875 875 875 874 874 874 874 876 876 876 876 874 874 874 874 877 877 877 877 876 876 876 876 878 878 878 878 879 879 879 879 880 880 880 880 879 879 879 879 881 881 881 881 880 880 880 880 880 880 880 880 881 881 881 881 882 882 882 882 881 881 881 881 883 883 883 883 882 882 882 882 882 882 882 882 883 883 883 883 884 884 884 884 883 883 883 883 885 885 885 885 884 884 884 884 884 884 884 884 885 885 885 885 886 886 886 886 887 887 887 887 884 884 884 884 886 886 886 886 887 887 887 887 886 886 886 886 888 888 888 888 886 886 886 886 889 889 889 889 888 888 888 888 888 888 888 888 889 889 889 889 890 890 890 890 891 891 891 891 888 888 888 888 890 890 890 890 891 891 891 891 890 890 890 890 892 892 892 892 890 890 890 890 893 893 893 893 892 892 892 892 892 892 892 892 893 893 893 893 894 894 894 894 895 895 895 895 892 892 892 892 894 894 894 894 896 896 896 896 897 897 897 897 898 898 898 898 897 897 897 897 899 899 899 899 898 898 898 898 898 898 898 898 899 899 899 899 900 900 900 900 899 899 899 899 901 901 901 901 900 900 900 900 902 902 902 902 903 903 903 903 904 904 904 904 903 903 903 903 905 905 905 905 904 904 904 904 904 904 904 904 905 905 905 905 906 906 906 906 905 905 905 905 907 907 907 907 906 906 906 906 906 906 906 906 907 907 907 907 908 908 908 908 907 907 907 907 909 909 909 909 908 908 908 908 908 908 908 908 909 909 909 909 910 910 910 910 911 911 911 911 908 908 908 908 910 910 910 910 911 911 911 911 910 910 910 910 912 912 912 912 910 910 910 910 913 913 913 913 912 912 912 912 912 912 912 912 913 913 913 913 914 914 914 914 915 915 915 915 912 912 912 912 914 914 914 914 915 915 915 915 914 914 914 914 916 916 916 916 914 914 914 914 917 917 917 917 916 916 916 916 916 916 916 916 917 917 917 917 918 918 918 918 919 919 919 919 916 916 916 916 918 918 918 918 920 920 920 920 921 921 921 921 922 922 922 922 921 921 921 921 923 923 923 923 922 922 922 922 922 922 922 922 923 923 923 923 924 924 924 924 923 923 923 923 925 925 925 925 924 924 924 924 926 926 926 926 927 927 927 927 928 928 928 928 927 927 927 927 929 929 929 929 928 928 928 928 928 928 928 928 929 929 929 929 930 930 930 930 929 929 929 929 931 931 931 931 930 930 930 930 930 930 930 930 931 931 931 931 932 932 932 932 931 931 931 931 933 933 933 933 932 932 932 932 932 932 932 932 933 933 933 933 934 934 934 934 935 935 935 935 932 932 932 932 934 934 934 934 935 935 935 935 934 934 934 934 936 936 936 936 934 934 934 934 937 937 937 937 936 936 936 936 936 936 936 936 937 937 937 937 938 938 938 938 939 939 939 939 936 936 936 936 938 938 938 938 939 939 939 939 938 938 938 938 940 940 940 940 938 938 938 938 941 941 941 941 940 940 940 940 940 940 940 940 941 941 941 941 942 942 942 942 943 943 943 943 940 940 940 940 942 942 942 942 944 944 944 944 945 945 945 945 946 946 946 946 945 945 945 945 947 947 947 947 946 946 946 946 946 946 946 946 947 947 947 947 948 948 948 948 947 947 947 947 949 949 949 949 948 948 948 948 950 950 950 950 951 951 951 951 952 952 952 952 951 951 951 951 953 953 953 953 952 952 952 952 952 952 952 952 953 953 953 953 954 954 954 954 953 953 953 953 955 955 955 955 954 954 954 954 954 954 954 954 955 955 955 955 956 956 956 956 955 955 955 955 957 957 957 957 956 956 956 956 956 956 956 956 957 957 957 957 958 958 958 958 959 959 959 959 956 956 956 956 958 958 958 958 959 959 959 959 958 958 958 958 960 960 960 960 958 958 958 958 961 961 961 961 960 960 960 960 960 960 960 960 961 961 961 961 962 962 962 962 963 963 963 963 960 960 960 960 962 962 962 962 963 963 963 963 962 962 962 962 964 964 964 964 962 962 962 962 965 965 965 965 964 964 964 964 964 964 964 964 965 965 965 965 966 966 966 966 967 967 967 967 964 964 964 964 966 966 966 966 968 968 968 968 969 969 969 969 970 970 970 970 969 969 969 969 971 971 971 971 970 970 970 970 970 970 970 970 971 971 971 971 972 972 972 972 971 971 971 971 973 973 973 973 972 972 972 972 974 974 974 974 975 975 975 975 976 976 976 976 975 975 975 975 977 977 977 977 976 976 976 976 976 976 976 976 977 977 977 977 978 978 978 978 977 977 977 977 979 979 979 979 978 978 978 978 978 978 978 978 979 979 979 979 980 980 980 980 979 979 979 979 981 981 981 981 980 980 980 980 980 980 980 980 981 981 981 981 982 982 982 982 983 983 983 983 980 980 980 980 982 982 982 982 983 983 983 983 982 982 982 982 984 984 984 984 982 982 982 982 985 985 985 985 984 984 984 984 984 984 984 984 985 985 985 985 986 986 986 986 987 987 987 987 984 984 984 984 986 986 986 986 987 987 987 987 986 986 986 986 988 988 988 988 986 986 986 986 989 989 989 989 988 988 988 988 988 988 988 988 989 989 989 989 990 990 990 990 991 991 991 991 988 988 988 988 990 990 990 990 992 992 992 992 993 993 993 993 994 994 994 994 993 993 993 993 995 995 995 995 994 994 994 994 994 994 994 994 995 995 995 995 996 996 996 996 995 995 995 995 997 997 997 997 996 996 996 996 998 998 998 998 999 999 999 999 1000 1000 1000 1000 999 999 999 999 1001 1001 1001 1001 1000 1000 1000 1000 1000 1000 1000 1000 1001 1001 1001 1001 1002 1002 1002 1002 1001 1001 1001 1001 1003 1003 1003 1003 1002 1002 1002 1002 1002 1002 1002 1002 1003 1003 1003 1003 1004 1004 1004 1004 1003 1003 1003 1003 1005 1005 1005 1005 1004 1004 1004 1004 1004 1004 1004 1004 1005 1005 1005 1005 1006 1006 1006 1006 1007 1007 1007 1007 1004 1004 1004 1004 1006 1006 1006 1006 1007 1007 1007 1007 1006 1006 1006 1006 1008 1008 1008 1008 1006 1006 1006 1006 1009 1009 1009 1009 1008 1008 1008 1008 1008 1008 1008 1008 1009 1009 1009 1009 1010 1010 1010 1010 1011 1011 1011 1011 1008 1008 1008 1008 1010 1010 1010 1010 1011 1011 1011 1011 1010 1010 1010 1010 1012 1012 1012 1012 1010 1010 1010 1010 1013 1013 1013 1013 1012 1012 1012 1012 1012 1012 1012 1012 1013 1013 1013 1013 1014 1014 1014 1014 1015 1015 1015 1015 1012 1012 1012 1012 1014 1014 1014 1014 1016 1016 1016 1016 1017 1017 1017 1017 1018 1018 1018 1018 1017 1017 1017 1017 1019 1019 1019 1019 1018 1018 1018 1018 1018 1018 1018 1018 1019 1019 1019 1019 1020 1020 1020 1020 1019 1019 1019 1019 1021 1021 1021 1021 1020 1020 1020 1020 1022 1022 1022 1022 1023 1023 1023 1023 1024 1024 1024 1024 1025 1025 1025 1025 1022 1022 1022 1022 1024 1024 1024 1024 1022 1022 1022 1022 1025 1025 1025 1025 1026 1026 1026 1026 1025 1025 1025 1025 1027 1027 1027 1027 1026 1026 1026 1026 1026 1026 1026 1026 1027 1027 1027 1027 1028 1028 1028 1028 1027 1027 1027 1027 1029 1029 1029 1029 1028 1028 1028 1028 1028 1028 1028 1028 1029 1029 1029 1029 1030 1030 1030 1030 1029 1029 1029 1029 1031 1031 1031 1031 1030 1030 1030 1030 1032 1032 1032 1032 1033 1033 1033 1033 1034 1034 1034 1034 1035 1035 1035 1035 1032 1032 1032 1032 1034 1034 1034 1034 1036 1036 1036 1036 1032 1032 1032 1032 1035 1035 1035 1035 1037 1037 1037 1037 1036 1036 1036 1036 1035 1035 1035 1035 1038 1038 1038 1038 1036 1036 1036 1036 1037 1037 1037 1037 1039 1039 1039 1039 1038 1038 1038 1038 1037 1037 1037 1037 1038 1038 1038 1038 1039 1039 1039 1039 1040 1040 1040 1040 1041 1041 1041 1041 1038 1038 1038 1038 1040 1040 1040 1040 1042 1042 1042 1042 1043 1043 1043 1043 1044 1044 1044 1044 1043 1043 1043 1043 1045 1045 1045 1045 1044 1044 1044 1044 1043 1043 1043 1043 1046 1046 1046 1046 1045 1045 1045 1045 1046 1046 1046 1046 1047 1047 1047 1047 1045 1045 1045 1045 1048 1048 1048 1048 1047 1047 1047 1047 1046 1046 1046 1046 1049 1049 1049 1049 1048 1048 1048 1048 1046 1046 1046 1046 1049 1049 1049 1049 1050 1050 1050 1050 1048 1048 1048 1048 1050 1050 1050 1050 1051 1051 1051 1051 1048 1048 1048 1048 1050 1050 1050 1050 1052 1052 1052 1052 1051 1051 1051 1051 1052 1052 1052 1052 1053 1053 1053 1053 1051 1051 1051 1051 1052 1052 1052 1052 1054 1054 1054 1054 1053 1053 1053 1053 1054 1054 1054 1054 1055 1055 1055 1055 1053 1053 1053 1053 1054 1054 1054 1054 1056 1056 1056 1056 1055 1055 1055 1055 1056 1056 1056 1056 1057 1057 1057 1057 1055 1055 1055 1055 1056 1056 1056 1056 1058 1058 1058 1058 1057 1057 1057 1057 1058 1058 1058 1058 1059 1059 1059 1059 1057 1057 1057 1057 1060 1060 1060 1060 1059 1059 1059 1059 1058 1058 1058 1058 1061 1061 1061 1061 1060 1060 1060 1060 1058 1058 1058 1058 1060 1060 1060 1060 1061 1061 1061 1061 1062 1062 1062 1062 1061 1061 1061 1061 1063 1063 1063 1063 1062 1062 1062 1062 1063 1063 1063 1063 1064 1064 1064 1064 1062 1062 1062 1062 1064 1064 1064 1064 1065 1065 1065 1065 1062 1062 1062 1062 1066 1066 1066 1066 1065 1065 1065 1065 1064 1064 1064 1064 1067 1067 1067 1067 1066 1066 1066 1066 1064 1064 1064 1064 1068 1068 1068 1068 1069 1069 1069 1069 1070 1070 1070 1070 1069 1069 1069 1069 1071 1071 1071 1071 1070 1070 1070 1070 1069 1069 1069 1069 1072 1072 1072 1072 1071 1071 1071 1071 1072 1072 1072 1072 1073 1073 1073 1073 1071 1071 1071 1071 1074 1074 1074 1074 1073 1073 1073 1073 1072 1072 1072 1072 1075 1075 1075 1075 1074 1074 1074 1074 1072 1072 1072 1072 1075 1075 1075 1075 1076 1076 1076 1076 1074 1074 1074 1074 1076 1076 1076 1076 1077 1077 1077 1077 1074 1074 1074 1074 1076 1076 1076 1076 1078 1078 1078 1078 1077 1077 1077 1077 1078 1078 1078 1078 1079 1079 1079 1079 1077 1077 1077 1077 1078 1078 1078 1078 1080 1080 1080 1080 1079 1079 1079 1079 1080 1080 1080 1080 1081 1081 1081 1081 1079 1079 1079 1079 1080 1080 1080 1080 1082 1082 1082 1082 1081 1081 1081 1081 1082 1082 1082 1082 1083 1083 1083 1083 1081 1081 1081 1081 1082 1082 1082 1082 1084 1084 1084 1084 1083 1083 1083 1083 1084 1084 1084 1084 1085 1085 1085 1085 1083 1083 1083 1083 1086 1086 1086 1086 1085 1085 1085 1085 1084 1084 1084 1084 1087 1087 1087 1087 1086 1086 1086 1086 1084 1084 1084 1084 1086 1086 1086 1086 1087 1087 1087 1087 1088 1088 1088 1088 1087 1087 1087 1087 1089 1089 1089 1089 1088 1088 1088 1088 1089 1089 1089 1089 1090 1090 1090 1090 1088 1088 1088 1088 1090 1090 1090 1090 1091 1091 1091 1091 1088 1088 1088 1088 1092 1092 1092 1092 1091 1091 1091 1091 1090 1090 1090 1090 1093 1093 1093 1093 1092 1092 1092 1092 1090 1090 1090 1090 1094 1094 1094 1094 1095 1095 1095 1095 1096 1096 1096 1096 1097 1097 1097 1097 1094 1094 1094 1094 1096 1096 1096 1096 1098 1098 1098 1098 1094 1094 1094 1094 1097 1097 1097 1097 1099 1099 1099 1099 1098 1098 1098 1098 1097 1097 1097 1097 1100 1100 1100 1100 1098 1098 1098 1098 1099 1099 1099 1099 1101 1101 1101 1101 1100 1100 1100 1100 1099 1099 1099 1099 1101 1101 1101 1101 1102 1102 1102 1102 1100 1100 1100 1100 1102 1102 1102 1102 1103 1103 1103 1103 1100 1100 1100 1100 1103 1103 1103 1103 1102 1102 1102 1102 1104 1104 1104 1104 1102 1102 1102 1102 1105 1105 1105 1105 1104 1104 1104 1104 1104 1104 1104 1104 1105 1105 1105 1105 1106 1106 1106 1106 1105 1105 1105 1105 1107 1107 1107 1107 1106 1106 1106 1106 1106 1106 1106 1106 1107 1107 1107 1107 1108 1108 1108 1108 1109 1109 1109 1109 1106 1106 1106 1106 1108 1108 1108 1108 1109 1109 1109 1109 1108 1108 1108 1108 1110 1110 1110 1110 1111 1111 1111 1111 1109 1109 1109 1109 1110 1110 1110 1110 1112 1112 1112 1112 1111 1111 1111 1111 1110 1110 1110 1110 1113 1113 1113 1113 1112 1112 1112 1112 1110 1110 1110 1110 1112 1112 1112 1112 1113 1113 1113 1113 1114 1114 1114 1114 1115 1115 1115 1115 1112 1112 1112 1112 1114 1114 1114 1114 1116 1116 1116 1116 1117 1117 1117 1117 1118 1118 1118 1118 1117 1117 1117 1117 1119 1119 1119 1119 1118 1118 1118 1118 1119 1119 1119 1119 1117 1117 1117 1117 1120 1120 1120 1120 1121 1121 1121 1121 1119 1119 1119 1119 1120 1120 1120 1120 1121 1121 1121 1121 1120 1120 1120 1120 1122 1122 1122 1122 1120 1120 1120 1120 1123 1123 1123 1123 1122 1122 1122 1122 1124 1124 1124 1124 1125 1125 1125 1125 1126 1126 1126 1126 1125 1125 1125 1125 1127 1127 1127 1127 1126 1126 1126 1126 1127 1127 1127 1127 1125 1125 1125 1125 1128 1128 1128 1128 1129 1129 1129 1129 1127 1127 1127 1127 1128 1128 1128 1128 1130 1130 1130 1130 1131 1131 1131 1131 1132 1132 1132 1132 1131 1131 1131 1131 1133 1133 1133 1133 1132 1132 1132 1132 1133 1133 1133 1133 1131 1131 1131 1131 1134 1134 1134 1134 1135 1135 1135 1135 1133 1133 1133 1133 1134 1134 1134 1134 1135 1135 1135 1135 1134 1134 1134 1134 1136 1136 1136 1136 1134 1134 1134 1134 1137 1137 1137 1137 1136 1136 1136 1136 1138 1138 1138 1138 1139 1139 1139 1139 1140 1140 1140 1140 1139 1139 1139 1139 1141 1141 1141 1141 1140 1140 1140 1140 1141 1141 1141 1141 1139 1139 1139 1139 1142 1142 1142 1142 1143 1143 1143 1143 1141 1141 1141 1141 1142 1142 1142 1142 1143 1143 1143 1143 1142 1142 1142 1142 1144 1144 1144 1144 1142 1142 1142 1142 1145 1145 1145 1145 1144 1144 1144 1144 1146 1146 1146 1146 1147 1147 1147 1147 1148 1148 1148 1148 1147 1147 1147 1147 1149 1149 1149 1149 1148 1148 1148 1148 1149 1149 1149 1149 1147 1147 1147 1147 1150 1150 1150 1150 1151 1151 1151 1151 1149 1149 1149 1149 1150 1150 1150 1150 1151 1151 1151 1151 1150 1150 1150 1150 1152 1152 1152 1152 1150 1150 1150 1150 1153 1153 1153 1153 1152 1152 1152 1152 1154 1154 1154 1154 1155 1155 1155 1155 1156 1156 1156 1156 1155 1155 1155 1155 1157 1157 1157 1157 1156 1156 1156 1156 1157 1157 1157 1157 1155 1155 1155 1155 1158 1158 1158 1158 1159 1159 1159 1159 1157 1157 1157 1157 1158 1158 1158 1158 1160 1160 1160 1160 1161 1161 1161 1161 1162 1162 1162 1162 1163 1163 1163 1163 1160 1160 1160 1160 1162 1162 1162 1162 1164 1164 1164 1164 1160 1160 1160 1160 1163 1163 1163 1163 1165 1165 1165 1165 1164 1164 1164 1164 1163 1163 1163 1163 1166 1166 1166 1166 1164 1164 1164 1164 1165 1165 1165 1165 1167 1167 1167 1167 1166 1166 1166 1166 1165 1165 1165 1165 1168 1168 1168 1168 1166 1166 1166 1166 1167 1167 1167 1167 1169 1169 1169 1169 1168 1168 1168 1168 1167 1167 1167 1167 1169 1169 1169 1169 1170 1170 1170 1170 1168 1168 1168 1168 1170 1170 1170 1170 1171 1171 1171 1171 1168 1168 1168 1168 1171 1171 1171 1171 1170 1170 1170 1170 1172 1172 1172 1172 1170 1170 1170 1170 1173 1173 1173 1173 1172 1172 1172 1172 1174 1174 1174 1174 1172 1172 1172 1172 1173 1173 1173 1173 1175 1175 1175 1175 1174 1174 1174 1174 1173 1173 1173 1173 1175 1175 1175 1175 1176 1176 1176 1176 1174 1174 1174 1174 1176 1176 1176 1176 1177 1177 1177 1177 1174 1174 1174 1174 1177 1177 1177 1177 1176 1176 1176 1176 1178 1178 1178 1178 1176 1176 1176 1176 1179 1179 1179 1179 1178 1178 1178 1178 1179 1179 1179 1179 1180 1180 1180 1180 1178 1178 1178 1178 1180 1180 1180 1180 1181 1181 1181 1181 1178 1178 1178 1178 1182 1182 1182 1182 1183 1183 1183 1183 1184 1184 1184 1184 1185 1185 1185 1185 1182 1182 1182 1182 1184 1184 1184 1184 1186 1186 1186 1186 1182 1182 1182 1182 1185 1185 1185 1185 1187 1187 1187 1187 1186 1186 1186 1186 1185 1185 1185 1185 1188 1188 1188 1188 1186 1186 1186 1186 1187 1187 1187 1187 1189 1189 1189 1189 1188 1188 1188 1188 1187 1187 1187 1187 1188 1188 1188 1188 1189 1189 1189 1189 1190 1190 1190 1190 1191 1191 1191 1191 1188 1188 1188 1188 1190 1190 1190 1190 1192 1192 1192 1192 1191 1191 1191 1191 1190 1190 1190 1190 1193 1193 1193 1193 1192 1192 1192 1192 1190 1190 1190 1190 1194 1194 1194 1194 1192 1192 1192 1192 1193 1193 1193 1193 1195 1195 1195 1195 1194 1194 1194 1194 1193 1193 1193 1193 1194 1194 1194 1194 1195 1195 1195 1195 1196 1196 1196 1196 1197 1197 1197 1197 1194 1194 1194 1194 1196 1196 1196 1196 1197 1197 1197 1197 1196 1196 1196 1196 1198 1198 1198 1198 1196 1196 1196 1196 1199 1199 1199 1199 1198 1198 1198 1198 1199 1199 1199 1199 1200 1200 1200 1200 1198 1198 1198 1198 1200 1200 1200 1200 1201 1201 1201 1201 1198 1198 1198 1198 1202 1202 1202 1202 1203 1203 1203 1203 1204 1204 1204 1204 1205 1205 1205 1205 1202 1202 1202 1202 1204 1204 1204 1204 1206 1206 1206 1206 1202 1202 1202 1202 1205 1205 1205 1205 1207 1207 1207 1207 1206 1206 1206 1206 1205 1205 1205 1205 1208 1208 1208 1208 1206 1206 1206 1206 1207 1207 1207 1207 1209 1209 1209 1209 1208 1208 1208 1208 1207 1207 1207 1207 1209 1209 1209 1209 1210 1210 1210 1210 1208 1208 1208 1208 1210 1210 1210 1210 1211 1211 1211 1211 1208 1208 1208 1208 1211 1211 1211 1211 1210 1210 1210 1210 1212 1212 1212 1212 1210 1210 1210 1210 1213 1213 1213 1213 1212 1212 1212 1212 1214 1214 1214 1214 1212 1212 1212 1212 1213 1213 1213 1213 1215 1215 1215 1215 1214 1214 1214 1214 1213 1213 1213 1213 1215 1215 1215 1215 1216 1216 1216 1216 1214 1214 1214 1214 1216 1216 1216 1216 1217 1217 1217 1217 1214 1214 1214 1214 1217 1217 1217 1217 1216 1216 1216 1216 1218 1218 1218 1218 1216 1216 1216 1216 1219 1219 1219 1219 1218 1218 1218 1218 1219 1219 1219 1219 1220 1220 1220 1220 1218 1218 1218 1218 1220 1220 1220 1220 1221 1221 1221 1221 1218 1218 1218 1218 1222 1222 1222 1222 1223 1223 1223 1223 1224 1224 1224 1224 1223 1223 1223 1223 1225 1225 1225 1225 1224 1224 1224 1224 1223 1223 1223 1223 1226 1226 1226 1226 1225 1225 1225 1225 1226 1226 1226 1226 1227 1227 1227 1227 1225 1225 1225 1225 1226 1226 1226 1226 1228 1228 1228 1228 1227 1227 1227 1227 1228 1228 1228 1228 1229 1229 1229 1229 1227 1227 1227 1227 1228 1228 1228 1228 1230 1230 1230 1230 1229 1229 1229 1229 1230 1230 1230 1230 1231 1231 1231 1231 1229 1229 1229 1229 1232 1232 1232 1232 1231 1231 1231 1231 1230 1230 1230 1230 1233 1233 1233 1233 1232 1232 1232 1232 1230 1230 1230 1230 1233 1233 1233 1233 1234 1234 1234 1234 1232 1232 1232 1232 1234 1234 1234 1234 1235 1235 1235 1235 1232 1232 1232 1232 1234 1234 1234 1234 1236 1236 1236 1236 1235 1235 1235 1235 1236 1236 1236 1236 1237 1237 1237 1237 1235 1235 1235 1235 1236 1236 1236 1236 1238 1238 1238 1238 1237 1237 1237 1237 1238 1238 1238 1238 1239 1239 1239 1239 1237 1237 1237 1237 1238 1238 1238 1238 1240 1240 1240 1240 1239 1239 1239 1239 1240 1240 1240 1240 1241 1241 1241 1241 1239 1239 1239 1239 1240 1240 1240 1240 1242 1242 1242 1242 1241 1241 1241 1241 1242 1242 1242 1242 1243 1243 1243 1243 1241 1241 1241 1241 1243 1243 1243 1243 1242 1242 1242 1242 1244 1244 1244 1244 1242 1242 1242 1242 1245 1245 1245 1245 1244 1244 1244 1244 1246 1246 1246 1246 1247 1247 1247 1247 1248 1248 1248 1248 1247 1247 1247 1247 1249 1249 1249 1249 1248 1248 1248 1248 1247 1247 1247 1247 1250 1250 1250 1250 1249 1249 1249 1249 1250 1250 1250 1250 1251 1251 1251 1251 1249 1249 1249 1249 1252 1252 1252 1252 1251 1251 1251 1251 1250 1250 1250 1250 1253 1253 1253 1253 1252 1252 1252 1252 1250 1250 1250 1250 1253 1253 1253 1253 1254 1254 1254 1254 1252 1252 1252 1252 1254 1254 1254 1254 1255 1255 1255 1255 1252 1252 1252 1252 1256 1256 1256 1256 1255 1255 1255 1255 1254 1254 1254 1254 1257 1257 1257 1257 1256 1256 1256 1256 1254 1254 1254 1254 1257 1257 1257 1257 1258 1258 1258 1258 1256 1256 1256 1256 1258 1258 1258 1258 1259 1259 1259 1259 1256 1256 1256 1256 1258 1258 1258 1258 1260 1260 1260 1260 1259 1259 1259 1259 1260 1260 1260 1260 1261 1261 1261 1261 1259 1259 1259 1259 1260 1260 1260 1260 1262 1262 1262 1262 1261 1261 1261 1261 1262 1262 1262 1262 1263 1263 1263 1263 1261 1261 1261 1261 1262 1262 1262 1262 1264 1264 1264 1264 1263 1263 1263 1263 1264 1264 1264 1264 1265 1265 1265 1265 1263 1263 1263 1263 1264 1264 1264 1264 1266 1266 1266 1266 1265 1265 1265 1265 1266 1266 1266 1266 1267 1267 1267 1267 1265 1265 1265 1265 1268 1268 1268 1268 1267 1267 1267 1267 1266 1266 1266 1266 1269 1269 1269 1269 1268 1268 1268 1268 1266 1266 1266 1266 1270 1270 1270 1270 1271 1271 1271 1271 1272 1272 1272 1272 1273 1273 1273 1273 1270 1270 1270 1270 1272 1272 1272 1272 1274 1274 1274 1274 1270 1270 1270 1270 1273 1273 1273 1273 1275 1275 1275 1275 1274 1274 1274 1274 1273 1273 1273 1273 1275 1275 1275 1275 1276 1276 1276 1276 1274 1274 1274 1274 1276 1276 1276 1276 1277 1277 1277 1277 1274 1274 1274 1274 1278 1278 1278 1278 1279 1279 1279 1279 1280 1280 1280 1280 1281 1281 1281 1281 1278 1278 1278 1278 1280 1280 1280 1280 1282 1282 1282 1282 1278 1278 1278 1278 1281 1281 1281 1281 1283 1283 1283 1283 1282 1282 1282 1282 1281 1281 1281 1281 1283 1283 1283 1283 1284 1284 1284 1284 1282 1282 1282 1282 1284 1284 1284 1284 1285 1285 1285 1285 1282 1282 1282 1282 1286 1286 1286 1286 1287 1287 1287 1287 1288 1288 1288 1288 1289 1289 1289 1289 1286 1286 1286 1286 1288 1288 1288 1288 1290 1290 1290 1290 1286 1286 1286 1286 1289 1289 1289 1289 1291 1291 1291 1291 1290 1290 1290 1290 1289 1289 1289 1289 1291 1291 1291 1291 1292 1292 1292 1292 1290 1290 1290 1290 1292 1292 1292 1292 1293 1293 1293 1293 1290 1290 1290 1290 1294 1294 1294 1294 1295 1295 1295 1295 1296 1296 1296 1296 1297 1297 1297 1297 1294 1294 1294 1294 1296 1296 1296 1296 1298 1298 1298 1298 1294 1294 1294 1294 1297 1297 1297 1297 1299 1299 1299 1299 1298 1298 1298 1298 1297 1297 1297 1297 1299 1299 1299 1299 1300 1300 1300 1300 1298 1298 1298 1298 1300 1300 1300 1300 1301 1301 1301 1301 1298 1298 1298 1298 1302 1302 1302 1302 1303 1303 1303 1303 1304 1304 1304 1304 1305 1305 1305 1305 1302 1302 1302 1302 1304 1304 1304 1304 1306 1306 1306 1306 1302 1302 1302 1302 1305 1305 1305 1305 1307 1307 1307 1307 1306 1306 1306 1306 1305 1305 1305 1305 1307 1307 1307 1307 1308 1308 1308 1308 1306 1306 1306 1306 1308 1308 1308 1308 1309 1309 1309 1309 1306 1306 1306 1306 1310 1310 1310 1310 1311 1311 1311 1311 1312 1312 1312 1312 1313 1313 1313 1313 1310 1310 1310 1310 1312 1312 1312 1312 1314 1314 1314 1314 1310 1310 1310 1310 1313 1313 1313 1313 1315 1315 1315 1315 1314 1314 1314 1314 1313 1313 1313 1313 1315 1315 1315 1315 1316 1316 1316 1316 1314 1314 1314 1314 1316 1316 1316 1316 1317 1317 1317 1317 1314 1314 1314 1314 1318 1318 1318 1318 1319 1319 1319 1319 1320 1320 1320 1320 1321 1321 1321 1321 1318 1318 1318 1318 1320 1320 1320 1320 1318 1318 1318 1318 1321 1321 1321 1321 1322 1322 1322 1322 1321 1321 1321 1321 1323 1323 1323 1323 1322 1322 1322 1322 1323 1323 1323 1323 1324 1324 1324 1324 1322 1322 1322 1322 1324 1324 1324 1324 1325 1325 1325 1325 1322 1322 1322 1322 1324 1324 1324 1324 1326 1326 1326 1326 1325 1325 1325 1325 1326 1326 1326 1326 1327 1327 1327 1327 1325 1325 1325 1325 1326 1326 1326 1326 1328 1328 1328 1328 1327 1327 1327 1327 1328 1328 1328 1328 1329 1329 1329 1329 1327 1327 1327 1327 1329 1329 1329 1329 1328 1328 1328 1328 1330 1330 1330 1330 1328 1328 1328 1328 1331 1331 1331 1331 1330 1330 1330 1330 1331 1331 1331 1331 1332 1332 1332 1332 1330 1330 1330 1330 1332 1332 1332 1332 1333 1333 1333 1333 1330 1330 1330 1330 1333 1333 1333 1333 1332 1332 1332 1332 1334 1334 1334 1334 1335 1335 1335 1335 1336 1336 1336 1336 1334 1334 1334 1334 1336 1336 1336 1336 1335 1335 1335 1335 1337 1337 1337 1337 1338 1338 1338 1338 1336 1336 1336 1336 1337 1337 1337 1337 1336 1336 1336 1336 1339 1339 1339 1339 1334 1334 1334 1334 1340 1340 1340 1340 1334 1334 1334 1334 1339 1339 1339 1339 1341 1341 1341 1341 1336 1336 1336 1336 1338 1338 1338 1338 1342 1342 1342 1342 1341 1341 1341 1341 1338 1338 1338 1338 1341 1341 1341 1341 1342 1342 1342 1342 1343 1343 1343 1343 1341 1341 1341 1341 1344 1344 1344 1344 1336 1336 1336 1336 1344 1344 1344 1344 1339 1339 1339 1339 1336 1336 1336 1336 1345 1345 1345 1345 1341 1341 1341 1341 1343 1343 1343 1343 1341 1341 1341 1341 1345 1345 1345 1345 1344 1344 1344 1344 1345 1345 1345 1345 1343 1343 1343 1343 1346 1346 1346 1346 1347 1347 1347 1347 1340 1340 1340 1340 1339 1339 1339 1339 1348 1348 1348 1348 1340 1340 1340 1340 1347 1347 1347 1347 1339 1339 1339 1339 1344 1344 1344 1344 1349 1349 1349 1349 1347 1347 1347 1347 1339 1339 1339 1339 1349 1349 1349 1349 1345 1345 1345 1345 1350 1350 1350 1350 1344 1344 1344 1344 1349 1349 1349 1349 1344 1344 1344 1344 1350 1350 1350 1350 1351 1351 1351 1351 1348 1348 1348 1348 1347 1347 1347 1347 1351 1351 1351 1351 1347 1347 1347 1347 1349 1349 1349 1349 1348 1348 1348 1348 1351 1351 1351 1351 1352 1352 1352 1352 1353 1353 1353 1353 1348 1348 1348 1348 1352 1352 1352 1352 1354 1354 1354 1354 1351 1351 1351 1351 1349 1349 1349 1349 1352 1352 1352 1352 1351 1351 1351 1351 1354 1354 1354 1354 1353 1353 1353 1353 1352 1352 1352 1352 1355 1355 1355 1355 1356 1356 1356 1356 1353 1353 1353 1353 1355 1355 1355 1355 1357 1357 1357 1357 1352 1352 1352 1352 1354 1354 1354 1354 1355 1355 1355 1355 1352 1352 1352 1352 1357 1357 1357 1357 1354 1354 1354 1354 1349 1349 1349 1349 1358 1358 1358 1358 1357 1357 1357 1357 1354 1354 1354 1354 1358 1358 1358 1358 1356 1356 1356 1356 1355 1355 1355 1355 1359 1359 1359 1359 1360 1360 1360 1360 1356 1356 1356 1356 1359 1359 1359 1359 1361 1361 1361 1361 1355 1355 1355 1355 1357 1357 1357 1357 1359 1359 1359 1359 1355 1355 1355 1355 1361 1361 1361 1361 1360 1360 1360 1360 1359 1359 1359 1359 1362 1362 1362 1362 1363 1363 1363 1363 1360 1360 1360 1360 1362 1362 1362 1362 1364 1364 1364 1364 1359 1359 1359 1359 1361 1361 1361 1361 1362 1362 1362 1362 1359 1359 1359 1359 1364 1364 1364 1364 1361 1361 1361 1361 1357 1357 1357 1357 1365 1365 1365 1365 1365 1365 1365 1365 1357 1357 1357 1357 1358 1358 1358 1358 1363 1363 1363 1363 1362 1362 1362 1362 1366 1366 1366 1366 1367 1367 1367 1367 1363 1363 1363 1363 1366 1366 1366 1366 1368 1368 1368 1368 1367 1367 1367 1367 1369 1369 1369 1369 1367 1367 1367 1367 1366 1366 1366 1366 1369 1369 1369 1369 1366 1366 1366 1366 1362 1362 1362 1362 1370 1370 1370 1370 1370 1370 1370 1370 1362 1362 1362 1362 1364 1364 1364 1364 1369 1369 1369 1369 1366 1366 1366 1366 1371 1371 1371 1371 1371 1371 1371 1371 1366 1366 1366 1366 1370 1370 1370 1370 1372 1372 1372 1372 1369 1369 1369 1369 1371 1371 1371 1371 1372 1372 1372 1372 1371 1371 1371 1371 1373 1373 1373 1373 1374 1374 1374 1374 1372 1372 1372 1372 1373 1373 1373 1373 1371 1371 1371 1371 1370 1370 1370 1370 1375 1375 1375 1375 1373 1373 1373 1373 1371 1371 1371 1371 1375 1375 1375 1375 1374 1374 1374 1374 1373 1373 1373 1373 1376 1376 1376 1376 1376 1376 1376 1376 1373 1373 1373 1373 1375 1375 1375 1375 1377 1377 1377 1377 1374 1374 1374 1374 1376 1376 1376 1376 1377 1377 1377 1377 1376 1376 1376 1376 1378 1378 1378 1378 1375 1375 1375 1375 1370 1370 1370 1370 1379 1379 1379 1379 1370 1370 1370 1370 1364 1364 1364 1364 1379 1379 1379 1379 1376 1376 1376 1376 1375 1375 1375 1375 1380 1380 1380 1380 1375 1375 1375 1375 1379 1379 1379 1379 1380 1380 1380 1380 1376 1376 1376 1376 1381 1381 1381 1381 1378 1378 1378 1378 1376 1376 1376 1376 1380 1380 1380 1380 1381 1381 1381 1381 1378 1378 1378 1378 1381 1381 1381 1381 1382 1382 1382 1382 1379 1379 1379 1379 1364 1364 1364 1364 1383 1383 1383 1383 1364 1364 1364 1364 1361 1361 1361 1361 1383 1383 1383 1383 1383 1383 1383 1383 1361 1361 1361 1361 1365 1365 1365 1365 1379 1379 1379 1379 1383 1383 1383 1383 1384 1384 1384 1384 1380 1380 1380 1380 1379 1379 1379 1379 1384 1384 1384 1384 1383 1383 1383 1383 1365 1365 1365 1365 1385 1385 1385 1385 1384 1384 1384 1384 1383 1383 1383 1383 1385 1385 1385 1385 1380 1380 1380 1380 1384 1384 1384 1384 1386 1386 1386 1386 1380 1380 1380 1380 1386 1386 1386 1386 1381 1381 1381 1381 1384 1384 1384 1384 1385 1385 1385 1385 1387 1387 1387 1387 1384 1384 1384 1384 1387 1387 1387 1387 1386 1386 1386 1386 1385 1385 1385 1385 1365 1365 1365 1365 1388 1388 1388 1388 1365 1365 1365 1365 1358 1358 1358 1358 1388 1388 1388 1388 1385 1385 1385 1385 1389 1389 1389 1389 1387 1387 1387 1387 1385 1385 1385 1385 1388 1388 1388 1388 1389 1389 1389 1389 1386 1386 1386 1386 1387 1387 1387 1387 1390 1390 1390 1390 1391 1391 1391 1391 1381 1381 1381 1381 1386 1386 1386 1386 1390 1390 1390 1390 1391 1391 1391 1391 1386 1386 1386 1386 1381 1381 1381 1381 1391 1391 1391 1391 1382 1382 1382 1382 1387 1387 1387 1387 1392 1392 1392 1392 1390 1390 1390 1390 1387 1387 1387 1387 1389 1389 1389 1389 1392 1392 1392 1392 1382 1382 1382 1382 1391 1391 1391 1391 1393 1393 1393 1393 1394 1394 1394 1394 1382 1382 1382 1382 1393 1393 1393 1393 1391 1391 1391 1391 1390 1390 1390 1390 1395 1395 1395 1395 1393 1393 1393 1393 1391 1391 1391 1391 1395 1395 1395 1395 1394 1394 1394 1394 1393 1393 1393 1393 1396 1396 1396 1396 1393 1393 1393 1393 1395 1395 1395 1395 1396 1396 1396 1396 1397 1397 1397 1397 1394 1394 1394 1394 1396 1396 1396 1396 1397 1397 1397 1397 1396 1396 1396 1396 1398 1398 1398 1398 1395 1395 1395 1395 1390 1390 1390 1390 1399 1399 1399 1399 1390 1390 1390 1390 1392 1392 1392 1392 1399 1399 1399 1399 1396 1396 1396 1396 1400 1400 1400 1400 1398 1398 1398 1398 1398 1398 1398 1398 1400 1400 1400 1400 1401 1401 1401 1401 1395 1395 1395 1395 1402 1402 1402 1402 1396 1396 1396 1396 1396 1396 1396 1396 1402 1402 1402 1402 1400 1400 1400 1400 1395 1395 1395 1395 1399 1399 1399 1399 1403 1403 1403 1403 1402 1402 1402 1402 1395 1395 1395 1395 1403 1403 1403 1403 1403 1403 1403 1403 1399 1399 1399 1399 1404 1404 1404 1404 1402 1402 1402 1402 1403 1403 1403 1403 1405 1405 1405 1405 1403 1403 1403 1403 1404 1404 1404 1404 1405 1405 1405 1405 1402 1402 1402 1402 1406 1406 1406 1406 1400 1400 1400 1400 1406 1406 1406 1406 1402 1402 1402 1402 1405 1405 1405 1405 1400 1400 1400 1400 1407 1407 1407 1407 1401 1401 1401 1401 1407 1407 1407 1407 1400 1400 1400 1400 1406 1406 1406 1406 1401 1401 1401 1401 1407 1407 1407 1407 1408 1408 1408 1408 1409 1409 1409 1409 1401 1401 1401 1401 1408 1408 1408 1408 1410 1410 1410 1410 1407 1407 1407 1407 1406 1406 1406 1406 1409 1409 1409 1409 1408 1408 1408 1408 1411 1411 1411 1411 1412 1412 1412 1412 1409 1409 1409 1409 1411 1411 1411 1411 1413 1413 1413 1413 1412 1412 1412 1412 1411 1411 1411 1411 1414 1414 1414 1414 1408 1408 1408 1408 1407 1407 1407 1407 1410 1410 1410 1410 1414 1414 1414 1414 1407 1407 1407 1407 1415 1415 1415 1415 1413 1413 1413 1413 1411 1411 1411 1411 1413 1413 1413 1413 1415 1415 1415 1415 1416 1416 1416 1416 1417 1417 1417 1417 1411 1411 1411 1411 1408 1408 1408 1408 1414 1414 1414 1414 1417 1417 1417 1417 1408 1408 1408 1408 1418 1418 1418 1418 1415 1415 1415 1415 1411 1411 1411 1411 1417 1417 1417 1417 1418 1418 1418 1418 1411 1411 1411 1411 1415 1415 1415 1415 1419 1419 1419 1419 1416 1416 1416 1416 1415 1415 1415 1415 1418 1418 1418 1418 1419 1419 1419 1419 1414 1414 1414 1414 1420 1420 1420 1420 1417 1417 1417 1417 1414 1414 1414 1414 1410 1410 1410 1410 1420 1420 1420 1420 1410 1410 1410 1410 1406 1406 1406 1406 1421 1421 1421 1421 1410 1410 1410 1410 1421 1421 1421 1421 1420 1420 1420 1420 1406 1406 1406 1406 1405 1405 1405 1405 1421 1421 1421 1421 1420 1420 1420 1420 1422 1422 1422 1422 1417 1417 1417 1417 1420 1420 1420 1420 1421 1421 1421 1421 1423 1423 1423 1423 1420 1420 1420 1420 1423 1423 1423 1423 1422 1422 1422 1422 1421 1421 1421 1421 1405 1405 1405 1405 1424 1424 1424 1424 1421 1421 1421 1421 1424 1424 1424 1424 1423 1423 1423 1423 1417 1417 1417 1417 1422 1422 1422 1422 1425 1425 1425 1425 1418 1418 1418 1418 1417 1417 1417 1417 1425 1425 1425 1425 1405 1405 1405 1405 1426 1426 1426 1426 1424 1424 1424 1424 1404 1404 1404 1404 1426 1426 1426 1426 1405 1405 1405 1405 1418 1418 1418 1418 1425 1425 1425 1425 1427 1427 1427 1427 1404 1404 1404 1404 1428 1428 1428 1428 1426 1426 1426 1426 1429 1429 1429 1429 1418 1418 1418 1418 1427 1427 1427 1427 1418 1418 1418 1418 1429 1429 1429 1429 1419 1419 1419 1419 1404 1404 1404 1404 1430 1430 1430 1430 1428 1428 1428 1428 1399 1399 1399 1399 1430 1430 1430 1430 1404 1404 1404 1404 1399 1399 1399 1399 1392 1392 1392 1392 1430 1430 1430 1430 1392 1392 1392 1392 1431 1431 1431 1431 1430 1430 1430 1430 1389 1389 1389 1389 1431 1431 1431 1431 1392 1392 1392 1392 1430 1430 1430 1430 1431 1431 1431 1431 1432 1432 1432 1432 1430 1430 1430 1430 1432 1432 1432 1432 1428 1428 1428 1428 1431 1431 1431 1431 1389 1389 1389 1389 1433 1433 1433 1433 1431 1431 1431 1431 1433 1433 1433 1433 1432 1432 1432 1432 1389 1389 1389 1389 1434 1434 1434 1434 1433 1433 1433 1433 1388 1388 1388 1388 1434 1434 1434 1434 1389 1389 1389 1389 1432 1432 1432 1432 1433 1433 1433 1433 1435 1435 1435 1435 1433 1433 1433 1433 1434 1434 1434 1434 1436 1436 1436 1436 1433 1433 1433 1433 1436 1436 1436 1436 1435 1435 1435 1435 1434 1434 1434 1434 1388 1388 1388 1388 1437 1437 1437 1437 1434 1434 1434 1434 1437 1437 1437 1437 1436 1436 1436 1436 1432 1432 1432 1432 1435 1435 1435 1435 1438 1438 1438 1438 1428 1428 1428 1428 1432 1432 1432 1432 1438 1438 1438 1438 1435 1435 1435 1435 1436 1436 1436 1436 1439 1439 1439 1439 1438 1438 1438 1438 1435 1435 1435 1435 1440 1440 1440 1440 1435 1435 1435 1435 1439 1439 1439 1439 1440 1440 1440 1440 1428 1428 1428 1428 1438 1438 1438 1438 1441 1441 1441 1441 1438 1438 1438 1438 1440 1440 1440 1440 1441 1441 1441 1441 1436 1436 1436 1436 1442 1442 1442 1442 1439 1439 1439 1439 1436 1436 1436 1436 1437 1437 1437 1437 1442 1442 1442 1442 1443 1443 1443 1443 1440 1440 1440 1440 1439 1439 1439 1439 1444 1444 1444 1444 1439 1439 1439 1439 1442 1442 1442 1442 1444 1444 1444 1444 1443 1443 1443 1443 1439 1439 1439 1439 1440 1440 1440 1440 1445 1445 1445 1445 1441 1441 1441 1441 1445 1445 1445 1445 1440 1440 1440 1440 1443 1443 1443 1443 1446 1446 1446 1446 1428 1428 1428 1428 1441 1441 1441 1441 1428 1428 1428 1428 1446 1446 1446 1446 1426 1426 1426 1426 1426 1426 1426 1426 1446 1446 1446 1446 1424 1424 1424 1424 1446 1446 1446 1446 1441 1441 1441 1441 1447 1447 1447 1447 1446 1446 1446 1446 1448 1448 1448 1448 1424 1424 1424 1424 1448 1448 1448 1448 1446 1446 1446 1446 1447 1447 1447 1447 1424 1424 1424 1424 1448 1448 1448 1448 1449 1449 1449 1449 1423 1423 1423 1423 1424 1424 1424 1424 1449 1449 1449 1449 1448 1448 1448 1448 1447 1447 1447 1447 1450 1450 1450 1450 1449 1449 1449 1449 1448 1448 1448 1448 1450 1450 1450 1450 1447 1447 1447 1447 1441 1441 1441 1441 1451 1451 1451 1451 1441 1441 1441 1441 1445 1445 1445 1445 1451 1451 1451 1451 1450 1450 1450 1450 1447 1447 1447 1447 1452 1452 1452 1452 1447 1447 1447 1447 1451 1451 1451 1451 1452 1452 1452 1452 1449 1449 1449 1449 1450 1450 1450 1450 1453 1453 1453 1453 1450 1450 1450 1450 1452 1452 1452 1452 1453 1453 1453 1453 1423 1423 1423 1423 1449 1449 1449 1449 1454 1454 1454 1454 1454 1454 1454 1454 1449 1449 1449 1449 1453 1453 1453 1453 1455 1455 1455 1455 1423 1423 1423 1423 1454 1454 1454 1454 1423 1423 1423 1423 1455 1455 1455 1455 1422 1422 1422 1422 1454 1454 1454 1454 1453 1453 1453 1453 1456 1456 1456 1456 1422 1422 1422 1422 1455 1455 1455 1455 1457 1457 1457 1457 1425 1425 1425 1425 1422 1422 1422 1422 1457 1457 1457 1457 1455 1455 1455 1455 1454 1454 1454 1454 1458 1458 1458 1458 1457 1457 1457 1457 1455 1455 1455 1455 1458 1458 1458 1458 1458 1458 1458 1458 1454 1454 1454 1454 1456 1456 1456 1456 1425 1425 1425 1425 1457 1457 1457 1457 1459 1459 1459 1459 1427 1427 1427 1427 1425 1425 1425 1425 1459 1459 1459 1459 1457 1457 1457 1457 1458 1458 1458 1458 1460 1460 1460 1460 1459 1459 1459 1459 1457 1457 1457 1457 1460 1460 1460 1460 1460 1460 1460 1460 1458 1458 1458 1458 1461 1461 1461 1461 1458 1458 1458 1458 1456 1456 1456 1456 1461 1461 1461 1461 1459 1459 1459 1459 1460 1460 1460 1460 1462 1462 1462 1462 1460 1460 1460 1460 1461 1461 1461 1461 1462 1462 1462 1462 1427 1427 1427 1427 1459 1459 1459 1459 1463 1463 1463 1463 1463 1463 1463 1463 1459 1459 1459 1459 1462 1462 1462 1462 1464 1464 1464 1464 1427 1427 1427 1427 1463 1463 1463 1463 1429 1429 1429 1429 1427 1427 1427 1427 1464 1464 1464 1464 1463 1463 1463 1463 1462 1462 1462 1462 1465 1465 1465 1465 1466 1466 1466 1466 1429 1429 1429 1429 1464 1464 1464 1464 1419 1419 1419 1419 1429 1429 1429 1429 1466 1466 1466 1466 1464 1464 1464 1464 1463 1463 1463 1463 1467 1467 1467 1467 1468 1468 1468 1468 1419 1419 1419 1419 1466 1466 1466 1466 1416 1416 1416 1416 1419 1419 1419 1419 1468 1468 1468 1468 1469 1469 1469 1469 1416 1416 1416 1416 1468 1468 1468 1468 1466 1466 1466 1466 1464 1464 1464 1464 1470 1470 1470 1470 1464 1464 1464 1464 1467 1467 1467 1467 1470 1470 1470 1470 1469 1469 1469 1469 1468 1468 1468 1468 1471 1471 1471 1471 1472 1472 1472 1472 1469 1469 1469 1469 1471 1471 1471 1471 1468 1468 1468 1468 1466 1466 1466 1466 1473 1473 1473 1473 1471 1471 1471 1471 1468 1468 1468 1468 1473 1473 1473 1473 1466 1466 1466 1466 1470 1470 1470 1470 1473 1473 1473 1473 1472 1472 1472 1472 1471 1471 1471 1471 1474 1474 1474 1474 1471 1471 1471 1471 1473 1473 1473 1473 1474 1474 1474 1474 1475 1475 1475 1475 1472 1472 1472 1472 1474 1474 1474 1474 1475 1475 1475 1475 1474 1474 1474 1474 1476 1476 1476 1476 1473 1473 1473 1473 1470 1470 1470 1470 1477 1477 1477 1477 1477 1477 1477 1477 1470 1470 1470 1470 1467 1467 1467 1467 1473 1473 1473 1473 1478 1478 1478 1478 1474 1474 1474 1474 1478 1478 1478 1478 1473 1473 1473 1473 1477 1477 1477 1477 1474 1474 1474 1474 1479 1479 1479 1479 1476 1476 1476 1476 1474 1474 1474 1474 1478 1478 1478 1478 1480 1480 1480 1480 1479 1479 1479 1479 1474 1474 1474 1474 1480 1480 1480 1480 1476 1476 1476 1476 1479 1479 1479 1479 1481 1481 1481 1481 1481 1481 1481 1481 1479 1479 1479 1479 1480 1480 1480 1480 1482 1482 1482 1482 1476 1476 1476 1476 1481 1481 1481 1481 1483 1483 1483 1483 1482 1482 1482 1482 1481 1481 1481 1481 1480 1480 1480 1480 1478 1478 1478 1478 1484 1484 1484 1484 1478 1478 1478 1478 1477 1477 1477 1477 1484 1484 1484 1484 1485 1485 1485 1485 1481 1481 1481 1481 1480 1480 1480 1480 1485 1485 1485 1485 1480 1480 1480 1480 1484 1484 1484 1484 1486 1486 1486 1486 1483 1483 1483 1483 1481 1481 1481 1481 1481 1481 1481 1481 1485 1485 1485 1485 1487 1487 1487 1487 1486 1486 1486 1486 1481 1481 1481 1481 1487 1487 1487 1487 1483 1483 1483 1483 1486 1486 1486 1486 1488 1488 1488 1488 1489 1489 1489 1489 1483 1483 1483 1483 1488 1488 1488 1488 1486 1486 1486 1486 1487 1487 1487 1487 1490 1490 1490 1490 1488 1488 1488 1488 1486 1486 1486 1486 1490 1490 1490 1490 1489 1489 1489 1489 1488 1488 1488 1488 1491 1491 1491 1491 1492 1492 1492 1492 1489 1489 1489 1489 1491 1491 1491 1491 1493 1493 1493 1493 1492 1492 1492 1492 1491 1491 1491 1491 1491 1491 1491 1491 1488 1488 1488 1488 1494 1494 1494 1494 1488 1488 1488 1488 1490 1490 1490 1490 1494 1494 1494 1494 1495 1495 1495 1495 1493 1493 1493 1493 1491 1491 1491 1491 1495 1495 1495 1495 1491 1491 1491 1491 1494 1494 1494 1494 1496 1496 1496 1496 1493 1493 1493 1493 1495 1495 1495 1495 1494 1494 1494 1494 1490 1490 1490 1490 1497 1497 1497 1497 1498 1498 1498 1498 1496 1496 1496 1496 1495 1495 1495 1495 1499 1499 1499 1499 1495 1495 1495 1495 1494 1494 1494 1494 1498 1498 1498 1498 1495 1495 1495 1495 1499 1499 1499 1499 1499 1499 1499 1499 1494 1494 1494 1494 1497 1497 1497 1497 1500 1500 1500 1500 1496 1496 1496 1496 1498 1498 1498 1498 1490 1490 1490 1490 1501 1501 1501 1501 1497 1497 1497 1497 1490 1490 1490 1490 1487 1487 1487 1487 1501 1501 1501 1501 1500 1500 1500 1500 1498 1498 1498 1498 1502 1502 1502 1502 1487 1487 1487 1487 1503 1503 1503 1503 1501 1501 1501 1501 1487 1487 1487 1487 1485 1485 1485 1485 1503 1503 1503 1503 1502 1502 1502 1502 1504 1504 1504 1504 1500 1500 1500 1500 1504 1504 1504 1504 1505 1505 1505 1505 1500 1500 1500 1500 1506 1506 1506 1506 1502 1502 1502 1502 1498 1498 1498 1498 1502 1502 1502 1502 1506 1506 1506 1506 1504 1504 1504 1504 1504 1504 1504 1504 1507 1507 1507 1507 1505 1505 1505 1505 1507 1507 1507 1507 1508 1508 1508 1508 1505 1505 1505 1505 1509 1509 1509 1509 1506 1506 1506 1506 1498 1498 1498 1498 1509 1509 1509 1509 1498 1498 1498 1498 1499 1499 1499 1499 1507 1507 1507 1507 1510 1510 1510 1510 1508 1508 1508 1508 1510 1510 1510 1510 1511 1511 1511 1511 1508 1508 1508 1508 1507 1507 1507 1507 1504 1504 1504 1504 1512 1512 1512 1512 1512 1512 1512 1512 1510 1510 1510 1510 1507 1507 1507 1507 1506 1506 1506 1506 1513 1513 1513 1513 1504 1504 1504 1504 1504 1504 1504 1504 1513 1513 1513 1513 1512 1512 1512 1512 1510 1510 1510 1510 1514 1514 1514 1514 1511 1511 1511 1511 1514 1514 1514 1514 1515 1515 1515 1515 1511 1511 1511 1511 1516 1516 1516 1516 1515 1515 1515 1515 1514 1514 1514 1514 1517 1517 1517 1517 1510 1510 1510 1510 1512 1512 1512 1512 1518 1518 1518 1518 1516 1516 1516 1516 1514 1514 1514 1514 1519 1519 1519 1519 1514 1514 1514 1514 1510 1510 1510 1510 1514 1514 1514 1514 1519 1519 1519 1519 1518 1518 1518 1518 1517 1517 1517 1517 1519 1519 1519 1519 1510 1510 1510 1510 1518 1518 1518 1518 1520 1520 1520 1520 1516 1516 1516 1516 1520 1520 1520 1520 1521 1521 1521 1521 1516 1516 1516 1516 1522 1522 1522 1522 1521 1521 1521 1521 1520 1520 1520 1520 1523 1523 1523 1523 1517 1517 1517 1517 1512 1512 1512 1512 1523 1523 1523 1523 1512 1512 1512 1512 1513 1513 1513 1513 1517 1517 1517 1517 1523 1523 1523 1523 1524 1524 1524 1524 1519 1519 1519 1519 1517 1517 1517 1517 1524 1524 1524 1524 1525 1525 1525 1525 1523 1523 1523 1523 1513 1513 1513 1513 1519 1519 1519 1519 1526 1526 1526 1526 1518 1518 1518 1518 1518 1518 1518 1518 1526 1526 1526 1526 1520 1520 1520 1520 1527 1527 1527 1527 1523 1523 1523 1523 1525 1525 1525 1525 1523 1523 1523 1523 1527 1527 1527 1527 1524 1524 1524 1524 1525 1525 1525 1525 1513 1513 1513 1513 1528 1528 1528 1528 1513 1513 1513 1513 1506 1506 1506 1506 1528 1528 1528 1528 1506 1506 1506 1506 1509 1509 1509 1509 1528 1528 1528 1528 1529 1529 1529 1529 1527 1527 1527 1527 1525 1525 1525 1525 1525 1525 1525 1525 1528 1528 1528 1528 1530 1530 1530 1530 1529 1529 1529 1529 1525 1525 1525 1525 1530 1530 1530 1530 1509 1509 1509 1509 1531 1531 1531 1531 1528 1528 1528 1528 1528 1528 1528 1528 1531 1531 1531 1531 1530 1530 1530 1530 1531 1531 1531 1531 1509 1509 1509 1509 1532 1532 1532 1532 1509 1509 1509 1509 1499 1499 1499 1499 1532 1532 1532 1532 1532 1532 1532 1532 1499 1499 1499 1499 1497 1497 1497 1497 1531 1531 1531 1531 1533 1533 1533 1533 1530 1530 1530 1530 1497 1497 1497 1497 1534 1534 1534 1534 1532 1532 1532 1532 1534 1534 1534 1534 1497 1497 1497 1497 1501 1501 1501 1501 1531 1531 1531 1531 1532 1532 1532 1532 1535 1535 1535 1535 1534 1534 1534 1534 1535 1535 1535 1535 1532 1532 1532 1532 1533 1533 1533 1533 1531 1531 1531 1531 1535 1535 1535 1535 1536 1536 1536 1536 1534 1534 1534 1534 1501 1501 1501 1501 1501 1501 1501 1501 1503 1503 1503 1503 1536 1536 1536 1536 1530 1530 1530 1530 1533 1533 1533 1533 1537 1537 1537 1537 1529 1529 1529 1529 1530 1530 1530 1530 1537 1537 1537 1537 1538 1538 1538 1538 1533 1533 1533 1533 1535 1535 1535 1535 1533 1533 1533 1533 1538 1538 1538 1538 1537 1537 1537 1537 1535 1535 1535 1535 1534 1534 1534 1534 1539 1539 1539 1539 1540 1540 1540 1540 1538 1538 1538 1538 1535 1535 1535 1535 1540 1540 1540 1540 1535 1535 1535 1535 1539 1539 1539 1539 1539 1539 1539 1539 1534 1534 1534 1534 1541 1541 1541 1541 1534 1534 1534 1534 1536 1536 1536 1536 1541 1541 1541 1541 1540 1540 1540 1540 1539 1539 1539 1539 1542 1542 1542 1542 1542 1542 1542 1542 1539 1539 1539 1539 1541 1541 1541 1541 1538 1538 1538 1538 1540 1540 1540 1540 1543 1543 1543 1543 1543 1543 1543 1543 1540 1540 1540 1540 1542 1542 1542 1542 1544 1544 1544 1544 1538 1538 1538 1538 1543 1543 1543 1543 1538 1538 1538 1538 1544 1544 1544 1544 1537 1537 1537 1537 1543 1543 1543 1543 1542 1542 1542 1542 1545 1545 1545 1545 1544 1544 1544 1544 1546 1546 1546 1546 1537 1537 1537 1537 1547 1547 1547 1547 1543 1543 1543 1543 1545 1545 1545 1545 1544 1544 1544 1544 1543 1543 1543 1543 1547 1547 1547 1547 1548 1548 1548 1548 1537 1537 1537 1537 1546 1546 1546 1546 1548 1548 1548 1548 1529 1529 1529 1529 1537 1537 1537 1537 1527 1527 1527 1527 1529 1529 1529 1529 1548 1548 1548 1548 1546 1546 1546 1546 1544 1544 1544 1544 1549 1549 1549 1549 1550 1550 1550 1550 1527 1527 1527 1527 1548 1548 1548 1548 1524 1524 1524 1524 1527 1527 1527 1527 1550 1550 1550 1550 1551 1551 1551 1551 1548 1548 1548 1548 1546 1546 1546 1546 1551 1551 1551 1551 1546 1546 1546 1546 1549 1549 1549 1549 1552 1552 1552 1552 1550 1550 1550 1550 1548 1548 1548 1548 1551 1551 1551 1551 1552 1552 1552 1552 1548 1548 1548 1548 1553 1553 1553 1553 1524 1524 1524 1524 1550 1550 1550 1550 1552 1552 1552 1552 1554 1554 1554 1554 1550 1550 1550 1550 1554 1554 1554 1554 1553 1553 1553 1553 1550 1550 1550 1550 1555 1555 1555 1555 1552 1552 1552 1552 1551 1551 1551 1551 1556 1556 1556 1556 1554 1554 1554 1554 1552 1552 1552 1552 1555 1555 1555 1555 1556 1556 1556 1556 1552 1552 1552 1552 1554 1554 1554 1554 1557 1557 1557 1557 1553 1553 1553 1553 1557 1557 1557 1557 1554 1554 1554 1554 1556 1556 1556 1556 1558 1558 1558 1558 1524 1524 1524 1524 1553 1553 1553 1553 1558 1558 1558 1558 1519 1519 1519 1519 1524 1524 1524 1524 1526 1526 1526 1526 1519 1519 1519 1519 1558 1558 1558 1558 1559 1559 1559 1559 1558 1558 1558 1558 1553 1553 1553 1553 1557 1557 1557 1557 1559 1559 1559 1559 1553 1553 1553 1553 1560 1560 1560 1560 1526 1526 1526 1526 1558 1558 1558 1558 1560 1560 1560 1560 1558 1558 1558 1558 1559 1559 1559 1559 1561 1561 1561 1561 1559 1559 1559 1559 1557 1557 1557 1557 1561 1561 1561 1561 1560 1560 1560 1560 1559 1559 1559 1559 1560 1560 1560 1560 1562 1562 1562 1562 1526 1526 1526 1526 1562 1562 1562 1562 1560 1560 1560 1560 1561 1561 1561 1561 1562 1562 1562 1562 1563 1563 1563 1563 1526 1526 1526 1526 1526 1526 1526 1526 1563 1563 1563 1563 1520 1520 1520 1520 1520 1520 1520 1520 1563 1563 1563 1563 1564 1564 1564 1564 1564 1564 1564 1564 1522 1522 1522 1522 1520 1520 1520 1520 1563 1563 1563 1563 1565 1565 1565 1565 1564 1564 1564 1564 1565 1565 1565 1565 1563 1563 1563 1563 1562 1562 1562 1562 1564 1564 1564 1564 1566 1566 1566 1566 1522 1522 1522 1522 1564 1564 1564 1564 1565 1565 1565 1565 1566 1566 1566 1566 1566 1566 1566 1566 1567 1567 1567 1567 1522 1522 1522 1522 1568 1568 1568 1568 1565 1565 1565 1565 1562 1562 1562 1562 1566 1566 1566 1566 1569 1569 1569 1569 1567 1567 1567 1567 1569 1569 1569 1569 1570 1570 1570 1570 1567 1567 1567 1567 1565 1565 1565 1565 1571 1571 1571 1571 1566 1566 1566 1566 1571 1571 1571 1571 1565 1565 1565 1565 1568 1568 1568 1568 1572 1572 1572 1572 1569 1569 1569 1569 1566 1566 1566 1566 1571 1571 1571 1571 1572 1572 1572 1572 1566 1566 1566 1566 1569 1569 1569 1569 1573 1573 1573 1573 1570 1570 1570 1570 1573 1573 1573 1573 1574 1574 1574 1574 1570 1570 1570 1570 1572 1572 1572 1572 1575 1575 1575 1575 1569 1569 1569 1569 1575 1575 1575 1575 1573 1573 1573 1573 1569 1569 1569 1569 1573 1573 1573 1573 1576 1576 1576 1576 1574 1574 1574 1574 1576 1576 1576 1576 1577 1577 1577 1577 1574 1574 1574 1574 1575 1575 1575 1575 1578 1578 1578 1578 1573 1573 1573 1573 1578 1578 1578 1578 1576 1576 1576 1576 1573 1573 1573 1573 1576 1576 1576 1576 1579 1579 1579 1579 1577 1577 1577 1577 1579 1579 1579 1579 1580 1580 1580 1580 1577 1577 1577 1577 1576 1576 1576 1576 1581 1581 1581 1581 1579 1579 1579 1579 1581 1581 1581 1581 1576 1576 1576 1576 1578 1578 1578 1578 1579 1579 1579 1579 1582 1582 1582 1582 1580 1580 1580 1580 1582 1582 1582 1582 1579 1579 1579 1579 1581 1581 1581 1581 1582 1582 1582 1582 1583 1583 1583 1583 1580 1580 1580 1580 1584 1584 1584 1584 1583 1583 1583 1583 1582 1582 1582 1582 1585 1585 1585 1585 1584 1584 1584 1584 1582 1582 1582 1582 1584 1584 1584 1584 1585 1585 1585 1585 1586 1586 1586 1586 1587 1587 1587 1587 1582 1582 1582 1582 1581 1581 1581 1581 1588 1588 1588 1588 1585 1585 1585 1585 1582 1582 1582 1582 1587 1587 1587 1587 1588 1588 1588 1588 1582 1582 1582 1582 1585 1585 1585 1585 1589 1589 1589 1589 1586 1586 1586 1586 1585 1585 1585 1585 1588 1588 1588 1588 1589 1589 1589 1589 1587 1587 1587 1587 1581 1581 1581 1581 1590 1590 1590 1590 1590 1590 1590 1590 1581 1581 1581 1581 1578 1578 1578 1578 1591 1591 1591 1591 1588 1588 1588 1588 1587 1587 1587 1587 1592 1592 1592 1592 1587 1587 1587 1587 1590 1590 1590 1590 1592 1592 1592 1592 1591 1591 1591 1591 1587 1587 1587 1587 1578 1578 1578 1578 1593 1593 1593 1593 1590 1590 1590 1590 1592 1592 1592 1592 1590 1590 1590 1590 1593 1593 1593 1593 1588 1588 1588 1588 1591 1591 1591 1591 1594 1594 1594 1594 1588 1588 1588 1588 1594 1594 1594 1594 1589 1589 1589 1589 1595 1595 1595 1595 1591 1591 1591 1591 1592 1592 1592 1592 1591 1591 1591 1591 1596 1596 1596 1596 1594 1594 1594 1594 1591 1591 1591 1591 1595 1595 1595 1595 1596 1596 1596 1596 1597 1597 1597 1597 1595 1595 1595 1595 1592 1592 1592 1592 1597 1597 1597 1597 1592 1592 1592 1592 1593 1593 1593 1593 1595 1595 1595 1595 1598 1598 1598 1598 1596 1596 1596 1596 1599 1599 1599 1599 1595 1595 1595 1595 1597 1597 1597 1597 1595 1595 1595 1595 1599 1599 1599 1599 1598 1598 1598 1598 1600 1600 1600 1600 1597 1597 1597 1597 1593 1593 1593 1593 1600 1600 1600 1600 1599 1599 1599 1599 1597 1597 1597 1597 1596 1596 1596 1596 1598 1598 1598 1598 1601 1601 1601 1601 1594 1594 1594 1594 1596 1596 1596 1596 1601 1601 1601 1601 1599 1599 1599 1599 1602 1602 1602 1602 1598 1598 1598 1598 1603 1603 1603 1603 1594 1594 1594 1594 1601 1601 1601 1601 1589 1589 1589 1589 1594 1594 1594 1594 1603 1603 1603 1603 1598 1598 1598 1598 1604 1604 1604 1604 1601 1601 1601 1601 1598 1598 1598 1598 1602 1602 1602 1602 1604 1604 1604 1604 1603 1603 1603 1603 1601 1601 1601 1601 1605 1605 1605 1605 1605 1605 1605 1605 1601 1601 1601 1601 1606 1606 1606 1606 1601 1601 1601 1601 1604 1604 1604 1604 1606 1606 1606 1606 1607 1607 1607 1607 1603 1603 1603 1603 1605 1605 1605 1605 1606 1606 1606 1606 1604 1604 1604 1604 1608 1608 1608 1608 1609 1609 1609 1609 1603 1603 1603 1603 1607 1607 1607 1607 1609 1609 1609 1609 1589 1589 1589 1589 1603 1603 1603 1603 1586 1586 1586 1586 1589 1589 1589 1589 1609 1609 1609 1609 1610 1610 1610 1610 1609 1609 1609 1609 1607 1607 1607 1607 1611 1611 1611 1611 1586 1586 1586 1586 1609 1609 1609 1609 1611 1611 1611 1611 1609 1609 1609 1609 1610 1610 1610 1610 1612 1612 1612 1612 1611 1611 1611 1611 1610 1610 1610 1610 1604 1604 1604 1604 1613 1613 1613 1613 1608 1608 1608 1608 1602 1602 1602 1602 1613 1613 1613 1613 1604 1604 1604 1604 1608 1608 1608 1608 1613 1613 1613 1613 1614 1614 1614 1614 1602 1602 1602 1602 1615 1615 1615 1615 1613 1613 1613 1613 1613 1613 1613 1613 1616 1616 1616 1616 1614 1614 1614 1614 1615 1615 1615 1615 1616 1616 1616 1616 1613 1613 1613 1613 1614 1614 1614 1614 1616 1616 1616 1616 1617 1617 1617 1617 1616 1616 1616 1616 1615 1615 1615 1615 1617 1617 1617 1617 1618 1618 1618 1618 1614 1614 1614 1614 1617 1617 1617 1617 1618 1618 1618 1618 1617 1617 1617 1617 1619 1619 1619 1619 1620 1620 1620 1620 1615 1615 1615 1615 1602 1602 1602 1602 1599 1599 1599 1599 1620 1620 1620 1620 1602 1602 1602 1602 1620 1620 1620 1620 1599 1599 1599 1599 1600 1600 1600 1600 1615 1615 1615 1615 1621 1621 1621 1621 1617 1617 1617 1617 1615 1615 1615 1615 1620 1620 1620 1620 1621 1621 1621 1621 1617 1617 1617 1617 1622 1622 1622 1622 1619 1619 1619 1619 1617 1617 1617 1617 1621 1621 1621 1621 1622 1622 1622 1622 1623 1623 1623 1623 1619 1619 1619 1619 1622 1622 1622 1622 1620 1620 1620 1620 1624 1624 1624 1624 1621 1621 1621 1621 1625 1625 1625 1625 1623 1623 1623 1623 1622 1622 1622 1622 1623 1623 1623 1623 1625 1625 1625 1625 1626 1626 1626 1626 1625 1625 1625 1625 1627 1627 1627 1627 1626 1626 1626 1626 1627 1627 1627 1627 1625 1625 1625 1625 1628 1628 1628 1628 1625 1625 1625 1625 1629 1629 1629 1629 1628 1628 1628 1628 1625 1625 1625 1625 1622 1622 1622 1622 1629 1629 1629 1629 1628 1628 1628 1628 1629 1629 1629 1629 1630 1630 1630 1630 1622 1622 1622 1622 1631 1631 1631 1631 1629 1629 1629 1629 1621 1621 1621 1621 1631 1631 1631 1631 1622 1622 1622 1622 1629 1629 1629 1629 1632 1632 1632 1632 1630 1630 1630 1630 1629 1629 1629 1629 1631 1631 1631 1631 1632 1632 1632 1632 1633 1633 1633 1633 1631 1631 1631 1631 1621 1621 1621 1621 1631 1631 1631 1631 1633 1633 1633 1633 1632 1632 1632 1632 1624 1624 1624 1624 1633 1633 1633 1633 1621 1621 1621 1621 1632 1632 1632 1632 1634 1634 1634 1634 1630 1630 1630 1630 1634 1634 1634 1634 1635 1635 1635 1635 1630 1630 1630 1630 1632 1632 1632 1632 1633 1633 1633 1633 1636 1636 1636 1636 1634 1634 1634 1634 1632 1632 1632 1632 1636 1636 1636 1636 1633 1633 1633 1633 1624 1624 1624 1624 1637 1637 1637 1637 1636 1636 1636 1636 1633 1633 1633 1633 1637 1637 1637 1637 1624 1624 1624 1624 1620 1620 1620 1620 1637 1637 1637 1637 1634 1634 1634 1634 1638 1638 1638 1638 1635 1635 1635 1635 1638 1638 1638 1638 1634 1634 1634 1634 1636 1636 1636 1636 1638 1638 1638 1638 1639 1639 1639 1639 1635 1635 1635 1635 1640 1640 1640 1640 1639 1639 1639 1639 1638 1638 1638 1638 1641 1641 1641 1641 1638 1638 1638 1638 1636 1636 1636 1636 1636 1636 1636 1636 1637 1637 1637 1637 1641 1641 1641 1641 1642 1642 1642 1642 1640 1640 1640 1640 1638 1638 1638 1638 1642 1642 1642 1642 1638 1638 1638 1638 1641 1641 1641 1641 1642 1642 1642 1642 1643 1643 1643 1643 1640 1640 1640 1640 1643 1643 1643 1643 1644 1644 1644 1644 1640 1640 1640 1640 1645 1645 1645 1645 1642 1642 1642 1642 1641 1641 1641 1641 1643 1643 1643 1643 1642 1642 1642 1642 1645 1645 1645 1645 1637 1637 1637 1637 1646 1646 1646 1646 1641 1641 1641 1641 1641 1641 1641 1641 1646 1646 1646 1646 1645 1645 1645 1645 1620 1620 1620 1620 1647 1647 1647 1647 1637 1637 1637 1637 1637 1637 1637 1637 1647 1647 1647 1647 1646 1646 1646 1646 1647 1647 1647 1647 1620 1620 1620 1620 1600 1600 1600 1600 1646 1646 1646 1646 1648 1648 1648 1648 1645 1645 1645 1645 1647 1647 1647 1647 1600 1600 1600 1600 1649 1649 1649 1649 1649 1649 1649 1649 1600 1600 1600 1600 1593 1593 1593 1593 1647 1647 1647 1647 1650 1650 1650 1650 1646 1646 1646 1646 1650 1650 1650 1650 1647 1647 1647 1647 1649 1649 1649 1649 1646 1646 1646 1646 1650 1650 1650 1650 1648 1648 1648 1648 1649 1649 1649 1649 1593 1593 1593 1593 1651 1651 1651 1651 1593 1593 1593 1593 1578 1578 1578 1578 1651 1651 1651 1651 1650 1650 1650 1650 1649 1649 1649 1649 1652 1652 1652 1652 1649 1649 1649 1649 1651 1651 1651 1651 1652 1652 1652 1652 1650 1650 1650 1650 1652 1652 1652 1652 1648 1648 1648 1648 1651 1651 1651 1651 1578 1578 1578 1578 1653 1653 1653 1653 1578 1578 1578 1578 1575 1575 1575 1575 1653 1653 1653 1653 1653 1653 1653 1653 1575 1575 1575 1575 1572 1572 1572 1572 1652 1652 1652 1652 1651 1651 1651 1651 1654 1654 1654 1654 1651 1651 1651 1651 1653 1653 1653 1653 1654 1654 1654 1654 1648 1648 1648 1648 1652 1652 1652 1652 1655 1655 1655 1655 1652 1652 1652 1652 1654 1654 1654 1654 1655 1655 1655 1655 1648 1648 1648 1648 1655 1655 1655 1655 1656 1656 1656 1656 1645 1645 1645 1645 1648 1648 1648 1648 1656 1656 1656 1656 1656 1656 1656 1656 1643 1643 1643 1643 1645 1645 1645 1645 1656 1656 1656 1656 1655 1655 1655 1655 1657 1657 1657 1657 1655 1655 1655 1655 1654 1654 1654 1654 1657 1657 1657 1657 1643 1643 1643 1643 1656 1656 1656 1656 1658 1658 1658 1658 1658 1658 1658 1658 1656 1656 1656 1656 1657 1657 1657 1657 1659 1659 1659 1659 1643 1643 1643 1643 1658 1658 1658 1658 1643 1643 1643 1643 1659 1659 1659 1659 1644 1644 1644 1644 1659 1659 1659 1659 1660 1660 1660 1660 1644 1644 1644 1644 1661 1661 1661 1661 1660 1660 1660 1660 1659 1659 1659 1659 1662 1662 1662 1662 1661 1661 1661 1661 1659 1659 1659 1659 1662 1662 1662 1662 1659 1659 1659 1659 1658 1658 1658 1658 1663 1663 1663 1663 1661 1661 1661 1661 1662 1662 1662 1662 1664 1664 1664 1664 1662 1662 1662 1662 1658 1658 1658 1658 1658 1658 1658 1658 1657 1657 1657 1657 1664 1664 1664 1664 1665 1665 1665 1665 1663 1663 1663 1663 1662 1662 1662 1662 1657 1657 1657 1657 1666 1666 1666 1666 1664 1664 1664 1664 1663 1663 1663 1663 1665 1665 1665 1665 1667 1667 1667 1667 1668 1668 1668 1668 1663 1663 1663 1663 1667 1667 1667 1667 1665 1665 1665 1665 1662 1662 1662 1662 1669 1669 1669 1669 1662 1662 1662 1662 1664 1664 1664 1664 1669 1669 1669 1669 1665 1665 1665 1665 1669 1669 1669 1669 1667 1667 1667 1667 1664 1664 1664 1664 1666 1666 1666 1666 1669 1669 1669 1669 1667 1667 1667 1667 1670 1670 1670 1670 1668 1668 1668 1668 1670 1670 1670 1670 1671 1671 1671 1671 1668 1668 1668 1668 1672 1672 1672 1672 1671 1671 1671 1671 1670 1670 1670 1670 1669 1669 1669 1669 1673 1673 1673 1673 1667 1667 1667 1667 1670 1670 1670 1670 1667 1667 1667 1667 1673 1673 1673 1673 1674 1674 1674 1674 1672 1672 1672 1672 1670 1670 1670 1670 1673 1673 1673 1673 1669 1669 1669 1669 1675 1675 1675 1675 1674 1674 1674 1674 1676 1676 1676 1676 1672 1672 1672 1672 1676 1676 1676 1676 1677 1677 1677 1677 1672 1672 1672 1672 1678 1678 1678 1678 1670 1670 1670 1670 1673 1673 1673 1673 1673 1673 1673 1673 1675 1675 1675 1675 1678 1678 1678 1678 1674 1674 1674 1674 1670 1670 1670 1670 1679 1679 1679 1679 1670 1670 1670 1670 1678 1678 1678 1678 1679 1679 1679 1679 1676 1676 1676 1676 1674 1674 1674 1674 1679 1679 1679 1679 1678 1678 1678 1678 1680 1680 1680 1680 1679 1679 1679 1679 1675 1675 1675 1675 1680 1680 1680 1680 1678 1678 1678 1678 1556 1556 1556 1556 1676 1676 1676 1676 1679 1679 1679 1679 1679 1679 1679 1679 1557 1557 1557 1557 1556 1556 1556 1556 1680 1680 1680 1680 1557 1557 1557 1557 1679 1679 1679 1679 1676 1676 1676 1676 1556 1556 1556 1556 1555 1555 1555 1555 1680 1680 1680 1680 1561 1561 1561 1561 1557 1557 1557 1557 1676 1676 1676 1676 1681 1681 1681 1681 1677 1677 1677 1677 1681 1681 1681 1681 1676 1676 1676 1676 1555 1555 1555 1555 1681 1681 1681 1681 1682 1682 1682 1682 1677 1677 1677 1677 1683 1683 1683 1683 1682 1682 1682 1682 1681 1681 1681 1681 1684 1684 1684 1684 1561 1561 1561 1561 1680 1680 1680 1680 1675 1675 1675 1675 1684 1684 1684 1684 1680 1680 1680 1680 1684 1684 1684 1684 1562 1562 1562 1562 1561 1561 1561 1561 1568 1568 1568 1568 1562 1562 1562 1562 1684 1684 1684 1684 1685 1685 1685 1685 1683 1683 1683 1683 1681 1681 1681 1681 1685 1685 1685 1685 1681 1681 1681 1681 1555 1555 1555 1555 1686 1686 1686 1686 1683 1683 1683 1683 1685 1685 1685 1685 1687 1687 1687 1687 1685 1685 1685 1685 1555 1555 1555 1555 1687 1687 1687 1687 1555 1555 1555 1555 1551 1551 1551 1551 1687 1687 1687 1687 1551 1551 1551 1551 1549 1549 1549 1549 1688 1688 1688 1688 1685 1685 1685 1685 1687 1687 1687 1687 1549 1549 1549 1549 1688 1688 1688 1688 1687 1687 1687 1687 1688 1688 1688 1688 1686 1686 1686 1686 1685 1685 1685 1685 1688 1688 1688 1688 1549 1549 1549 1549 1689 1689 1689 1689 1544 1544 1544 1544 1689 1689 1689 1689 1549 1549 1549 1549 1688 1688 1688 1688 1690 1690 1690 1690 1686 1686 1686 1686 1690 1690 1690 1690 1688 1688 1688 1688 1689 1689 1689 1689 1689 1689 1689 1689 1544 1544 1544 1544 1547 1547 1547 1547 1690 1690 1690 1690 1689 1689 1689 1689 1547 1547 1547 1547 1690 1690 1690 1690 1691 1691 1691 1691 1686 1686 1686 1686 1690 1690 1690 1690 1692 1692 1692 1692 1691 1691 1691 1691 1692 1692 1692 1692 1690 1690 1690 1690 1547 1547 1547 1547 1692 1692 1692 1692 1693 1693 1693 1693 1691 1691 1691 1691 1694 1694 1694 1694 1693 1693 1693 1693 1692 1692 1692 1692 1695 1695 1695 1695 1692 1692 1692 1692 1547 1547 1547 1547 1695 1695 1695 1695 1694 1694 1694 1694 1692 1692 1692 1692 1545 1545 1545 1545 1695 1695 1695 1695 1547 1547 1547 1547 1695 1695 1695 1695 1696 1696 1696 1696 1694 1694 1694 1694 1696 1696 1696 1696 1695 1695 1695 1695 1545 1545 1545 1545 1696 1696 1696 1696 1697 1697 1697 1697 1694 1694 1694 1694 1698 1698 1698 1698 1696 1696 1696 1696 1545 1545 1545 1545 1545 1545 1545 1545 1542 1542 1542 1542 1698 1698 1698 1698 1696 1696 1696 1696 1699 1699 1699 1699 1697 1697 1697 1697 1699 1699 1699 1699 1700 1700 1700 1700 1697 1697 1697 1697 1701 1701 1701 1701 1700 1700 1700 1700 1699 1699 1699 1699 1696 1696 1696 1696 1698 1698 1698 1698 1702 1702 1702 1702 1699 1699 1699 1699 1696 1696 1696 1696 1702 1702 1702 1702 1542 1542 1542 1542 1703 1703 1703 1703 1698 1698 1698 1698 1703 1703 1703 1703 1542 1542 1542 1542 1541 1541 1541 1541 1704 1704 1704 1704 1701 1701 1701 1701 1699 1699 1699 1699 1705 1705 1705 1705 1701 1701 1701 1701 1704 1704 1704 1704 1704 1704 1704 1704 1699 1699 1699 1699 1706 1706 1706 1706 1699 1699 1699 1699 1702 1702 1702 1702 1706 1706 1706 1706 1707 1707 1707 1707 1705 1705 1705 1705 1704 1704 1704 1704 1707 1707 1707 1707 1704 1704 1704 1704 1706 1706 1706 1706 1708 1708 1708 1708 1702 1702 1702 1702 1698 1698 1698 1698 1703 1703 1703 1703 1708 1708 1708 1708 1698 1698 1698 1698 1709 1709 1709 1709 1706 1706 1706 1706 1702 1702 1702 1702 1708 1708 1708 1708 1709 1709 1709 1709 1702 1702 1702 1702 1708 1708 1708 1708 1703 1703 1703 1703 1710 1710 1710 1710 1703 1703 1703 1703 1541 1541 1541 1541 1710 1710 1710 1710 1708 1708 1708 1708 1710 1710 1710 1710 1711 1711 1711 1711 1709 1709 1709 1709 1708 1708 1708 1708 1711 1711 1711 1711 1710 1710 1710 1710 1541 1541 1541 1541 1712 1712 1712 1712 1710 1710 1710 1710 1712 1712 1712 1712 1711 1711 1711 1711 1541 1541 1541 1541 1536 1536 1536 1536 1712 1712 1712 1712 1503 1503 1503 1503 1712 1712 1712 1712 1536 1536 1536 1536 1712 1712 1712 1712 1713 1713 1713 1713 1711 1711 1711 1711 1503 1503 1503 1503 1714 1714 1714 1714 1712 1712 1712 1712 1714 1714 1714 1714 1713 1713 1713 1713 1712 1712 1712 1712 1485 1485 1485 1485 1714 1714 1714 1714 1503 1503 1503 1503 1714 1714 1714 1714 1485 1485 1485 1485 1484 1484 1484 1484 1711 1711 1711 1711 1713 1713 1713 1713 1715 1715 1715 1715 1709 1709 1709 1709 1711 1711 1711 1711 1715 1715 1715 1715 1713 1713 1713 1713 1714 1714 1714 1714 1716 1716 1716 1716 1713 1713 1713 1713 1716 1716 1716 1716 1715 1715 1715 1715 1717 1717 1717 1717 1714 1714 1714 1714 1484 1484 1484 1484 1714 1714 1714 1714 1717 1717 1717 1717 1716 1716 1716 1716 1484 1484 1484 1484 1477 1477 1477 1477 1717 1717 1717 1717 1477 1477 1477 1477 1718 1718 1718 1718 1717 1717 1717 1717 1717 1717 1717 1717 1718 1718 1718 1718 1716 1716 1716 1716 1718 1718 1718 1718 1477 1477 1477 1477 1467 1467 1467 1467 1718 1718 1718 1718 1719 1719 1719 1719 1716 1716 1716 1716 1716 1716 1716 1716 1719 1719 1719 1719 1715 1715 1715 1715 1718 1718 1718 1718 1467 1467 1467 1467 1720 1720 1720 1720 1719 1719 1719 1719 1718 1718 1718 1718 1720 1720 1720 1720 1463 1463 1463 1463 1720 1720 1720 1720 1467 1467 1467 1467 1720 1720 1720 1720 1463 1463 1463 1463 1465 1465 1465 1465 1719 1719 1719 1719 1720 1720 1720 1720 1721 1721 1721 1721 1720 1720 1720 1720 1465 1465 1465 1465 1721 1721 1721 1721 1719 1719 1719 1719 1721 1721 1721 1721 1715 1715 1715 1715 1715 1715 1715 1715 1721 1721 1721 1721 1722 1722 1722 1722 1722 1722 1722 1722 1709 1709 1709 1709 1715 1715 1715 1715 1465 1465 1465 1465 1723 1723 1723 1723 1721 1721 1721 1721 1709 1709 1709 1709 1722 1722 1722 1722 1724 1724 1724 1724 1706 1706 1706 1706 1709 1709 1709 1709 1724 1724 1724 1724 1724 1724 1724 1724 1707 1707 1707 1707 1706 1706 1706 1706 1721 1721 1721 1721 1725 1725 1725 1725 1722 1722 1722 1722 1722 1722 1722 1722 1725 1725 1725 1725 1724 1724 1724 1724 1723 1723 1723 1723 1725 1725 1725 1725 1721 1721 1721 1721 1707 1707 1707 1707 1724 1724 1724 1724 1726 1726 1726 1726 1725 1725 1725 1725 1726 1726 1726 1726 1724 1724 1724 1724 1727 1727 1727 1727 1707 1707 1707 1707 1726 1726 1726 1726 1707 1707 1707 1707 1727 1727 1727 1727 1705 1705 1705 1705 1728 1728 1728 1728 1726 1726 1726 1726 1725 1725 1725 1725 1727 1727 1727 1727 1726 1726 1726 1726 1728 1728 1728 1728 1723 1723 1723 1723 1728 1728 1728 1728 1725 1725 1725 1725 1727 1727 1727 1727 1729 1729 1729 1729 1705 1705 1705 1705 1705 1705 1705 1705 1729 1729 1729 1729 1730 1730 1730 1730 1731 1731 1731 1731 1727 1727 1727 1727 1728 1728 1728 1728 1727 1727 1727 1727 1731 1731 1731 1731 1729 1729 1729 1729 1729 1729 1729 1729 1732 1732 1732 1732 1730 1730 1730 1730 1730 1730 1730 1730 1732 1732 1732 1732 1733 1733 1733 1733 1731 1731 1731 1731 1734 1734 1734 1734 1729 1729 1729 1729 1732 1732 1732 1732 1729 1729 1729 1729 1734 1734 1734 1734 1731 1731 1731 1731 1728 1728 1728 1728 1735 1735 1735 1735 1734 1734 1734 1734 1731 1731 1731 1731 1736 1736 1736 1736 1731 1731 1731 1731 1735 1735 1735 1735 1736 1736 1736 1736 1737 1737 1737 1737 1732 1732 1732 1732 1734 1734 1734 1734 1734 1734 1734 1734 1736 1736 1736 1736 1738 1738 1738 1738 1737 1737 1737 1737 1734 1734 1734 1734 1738 1738 1738 1738 1736 1736 1736 1736 1735 1735 1735 1735 1739 1739 1739 1739 1738 1738 1738 1738 1736 1736 1736 1736 1739 1739 1739 1739 1728 1728 1728 1728 1740 1740 1740 1740 1735 1735 1735 1735 1740 1740 1740 1740 1728 1728 1728 1728 1723 1723 1723 1723 1735 1735 1735 1735 1741 1741 1741 1741 1739 1739 1739 1739 1735 1735 1735 1735 1740 1740 1740 1740 1741 1741 1741 1741 1742 1742 1742 1742 1740 1740 1740 1740 1723 1723 1723 1723 1742 1742 1742 1742 1723 1723 1723 1723 1465 1465 1465 1465 1462 1462 1462 1462 1742 1742 1742 1742 1465 1465 1465 1465 1461 1461 1461 1461 1742 1742 1742 1742 1462 1462 1462 1462 1742 1742 1742 1742 1461 1461 1461 1461 1740 1740 1740 1740 1461 1461 1461 1461 1743 1743 1743 1743 1740 1740 1740 1740 1740 1740 1740 1740 1743 1743 1743 1743 1741 1741 1741 1741 1461 1461 1461 1461 1456 1456 1456 1456 1743 1743 1743 1743 1741 1741 1741 1741 1743 1743 1743 1743 1744 1744 1744 1744 1456 1456 1456 1456 1744 1744 1744 1744 1743 1743 1743 1743 1745 1745 1745 1745 1741 1741 1741 1741 1744 1744 1744 1744 1741 1741 1741 1741 1745 1745 1745 1745 1739 1739 1739 1739 1746 1746 1746 1746 1744 1744 1744 1744 1456 1456 1456 1456 1453 1453 1453 1453 1746 1746 1746 1746 1456 1456 1456 1456 1452 1452 1452 1452 1746 1746 1746 1746 1453 1453 1453 1453 1744 1744 1744 1744 1746 1746 1746 1746 1747 1747 1747 1747 1745 1745 1745 1745 1744 1744 1744 1744 1747 1747 1747 1747 1746 1746 1746 1746 1452 1452 1452 1452 1748 1748 1748 1748 1747 1747 1747 1747 1746 1746 1746 1746 1748 1748 1748 1748 1452 1452 1452 1452 1451 1451 1451 1451 1748 1748 1748 1748 1745 1745 1745 1745 1747 1747 1747 1747 1749 1749 1749 1749 1451 1451 1451 1451 1750 1750 1750 1750 1748 1748 1748 1748 1750 1750 1750 1750 1451 1451 1451 1451 1445 1445 1445 1445 1747 1747 1747 1747 1748 1748 1748 1748 1751 1751 1751 1751 1748 1748 1748 1748 1750 1750 1750 1750 1751 1751 1751 1751 1749 1749 1749 1749 1747 1747 1747 1747 1751 1751 1751 1751 1752 1752 1752 1752 1750 1750 1750 1750 1445 1445 1445 1445 1752 1752 1752 1752 1445 1445 1445 1445 1443 1443 1443 1443 1750 1750 1750 1750 1752 1752 1752 1752 1753 1753 1753 1753 1750 1750 1750 1750 1753 1753 1753 1753 1751 1751 1751 1751 1752 1752 1752 1752 1443 1443 1443 1443 1754 1754 1754 1754 1752 1752 1752 1752 1755 1755 1755 1755 1753 1753 1753 1753 1755 1755 1755 1755 1752 1752 1752 1752 1754 1754 1754 1754 1754 1754 1754 1754 1443 1443 1443 1443 1756 1756 1756 1756 1443 1443 1443 1443 1444 1444 1444 1444 1756 1756 1756 1756 1755 1755 1755 1755 1754 1754 1754 1754 1757 1757 1757 1757 1757 1757 1757 1757 1754 1754 1754 1754 1756 1756 1756 1756 1758 1758 1758 1758 1753 1753 1753 1753 1755 1755 1755 1755 1751 1751 1751 1751 1753 1753 1753 1753 1758 1758 1758 1758 1759 1759 1759 1759 1755 1755 1755 1755 1757 1757 1757 1757 1759 1759 1759 1759 1758 1758 1758 1758 1755 1755 1755 1755 1760 1760 1760 1760 1751 1751 1751 1751 1758 1758 1758 1758 1751 1751 1751 1751 1760 1760 1760 1760 1761 1761 1761 1761 1749 1749 1749 1749 1751 1751 1751 1751 1761 1761 1761 1761 1762 1762 1762 1762 1760 1760 1760 1760 1758 1758 1758 1758 1760 1760 1760 1760 1762 1762 1762 1762 1761 1761 1761 1761 1763 1763 1763 1763 1758 1758 1758 1758 1759 1759 1759 1759 1763 1763 1763 1763 1762 1762 1762 1762 1758 1758 1758 1758 1764 1764 1764 1764 1749 1749 1749 1749 1761 1761 1761 1761 1764 1764 1764 1764 1745 1745 1745 1745 1749 1749 1749 1749 1745 1745 1745 1745 1764 1764 1764 1764 1739 1739 1739 1739 1765 1765 1765 1765 1739 1739 1739 1739 1764 1764 1764 1764 1765 1765 1765 1765 1738 1738 1738 1738 1739 1739 1739 1739 1766 1766 1766 1766 1764 1764 1764 1764 1761 1761 1761 1761 1766 1766 1766 1766 1765 1765 1765 1765 1764 1764 1764 1764 1767 1767 1767 1767 1738 1738 1738 1738 1765 1765 1765 1765 1737 1737 1737 1737 1738 1738 1738 1738 1767 1767 1767 1767 1768 1768 1768 1768 1765 1765 1765 1765 1766 1766 1766 1766 1768 1768 1768 1768 1767 1767 1767 1767 1765 1765 1765 1765 1766 1766 1766 1766 1761 1761 1761 1761 1769 1769 1769 1769 1762 1762 1762 1762 1769 1769 1769 1769 1761 1761 1761 1761 1770 1770 1770 1770 1768 1768 1768 1768 1766 1766 1766 1766 1770 1770 1770 1770 1766 1766 1766 1766 1769 1769 1769 1769 1768 1768 1768 1768 1770 1770 1770 1770 1771 1771 1771 1771 1771 1771 1771 1771 1770 1770 1770 1770 1769 1769 1769 1769 1769 1769 1769 1769 1762 1762 1762 1762 1772 1772 1772 1772 1772 1772 1772 1772 1771 1771 1771 1771 1769 1769 1769 1769 1762 1762 1762 1762 1773 1773 1773 1773 1772 1772 1772 1772 1774 1774 1774 1774 1768 1768 1768 1768 1771 1771 1771 1771 1773 1773 1773 1773 1762 1762 1762 1762 1775 1775 1775 1775 1762 1762 1762 1762 1763 1763 1763 1763 1775 1775 1775 1775 1774 1774 1774 1774 1776 1776 1776 1776 1768 1768 1768 1768 1776 1776 1776 1776 1767 1767 1767 1767 1768 1768 1768 1768 1777 1777 1777 1777 1774 1774 1774 1774 1771 1771 1771 1771 1778 1778 1778 1778 1776 1776 1776 1776 1774 1774 1774 1774 1777 1777 1777 1777 1778 1778 1778 1778 1774 1774 1774 1774 1776 1776 1776 1776 1779 1779 1779 1779 1767 1767 1767 1767 1778 1778 1778 1778 1780 1780 1780 1780 1776 1776 1776 1776 1780 1780 1780 1780 1779 1779 1779 1779 1776 1776 1776 1776 1781 1781 1781 1781 1778 1778 1778 1778 1777 1777 1777 1777 1780 1780 1780 1780 1778 1778 1778 1778 1781 1781 1781 1781 1779 1779 1779 1779 1782 1782 1782 1782 1767 1767 1767 1767 1782 1782 1782 1782 1737 1737 1737 1737 1767 1767 1767 1767 1782 1782 1782 1782 1783 1783 1783 1783 1737 1737 1737 1737 1783 1783 1783 1783 1782 1782 1782 1782 1779 1779 1779 1779 1783 1783 1783 1783 1732 1732 1732 1732 1737 1737 1737 1737 1732 1732 1732 1732 1783 1783 1783 1783 1733 1733 1733 1733 1783 1783 1783 1783 1784 1784 1784 1784 1733 1733 1733 1733 1784 1784 1784 1784 1783 1783 1783 1783 1779 1779 1779 1779 1784 1784 1784 1784 1785 1785 1785 1785 1733 1733 1733 1733 1785 1785 1785 1785 1784 1784 1784 1784 1786 1786 1786 1786 1787 1787 1787 1787 1784 1784 1784 1784 1779 1779 1779 1779 1784 1784 1784 1784 1787 1787 1787 1787 1786 1786 1786 1786 1780 1780 1780 1780 1787 1787 1787 1787 1779 1779 1779 1779 1786 1786 1786 1786 1787 1787 1787 1787 1788 1788 1788 1788 1789 1789 1789 1789 1787 1787 1787 1787 1780 1780 1780 1780 1787 1787 1787 1787 1789 1789 1789 1789 1788 1788 1788 1788 1790 1790 1790 1790 1789 1789 1789 1789 1780 1780 1780 1780 1790 1790 1790 1790 1780 1780 1780 1780 1781 1781 1781 1781 1789 1789 1789 1789 1791 1791 1791 1791 1788 1788 1788 1788 1791 1791 1791 1791 1792 1792 1792 1792 1788 1788 1788 1788 1792 1792 1792 1792 1791 1791 1791 1791 1793 1793 1793 1793 1791 1791 1791 1791 1794 1794 1794 1794 1793 1793 1793 1793 1794 1794 1794 1794 1791 1791 1791 1791 1795 1795 1795 1795 1789 1789 1789 1789 1790 1790 1790 1790 1796 1796 1796 1796 1791 1791 1791 1791 1789 1789 1789 1789 1796 1796 1796 1796 1791 1791 1791 1791 1796 1796 1796 1796 1795 1795 1795 1795 1796 1796 1796 1796 1790 1790 1790 1790 1781 1781 1781 1781 1796 1796 1796 1796 1797 1797 1797 1797 1795 1795 1795 1795 1797 1797 1797 1797 1796 1796 1796 1796 1781 1781 1781 1781 1797 1797 1797 1797 1798 1798 1798 1798 1795 1795 1795 1795 1798 1798 1798 1798 1797 1797 1797 1797 1799 1799 1799 1799 1797 1797 1797 1797 1781 1781 1781 1781 1800 1800 1800 1800 1800 1800 1800 1800 1781 1781 1781 1781 1777 1777 1777 1777 1797 1797 1797 1797 1801 1801 1801 1801 1799 1799 1799 1799 1801 1801 1801 1801 1797 1797 1797 1797 1800 1800 1800 1800 1799 1799 1799 1799 1801 1801 1801 1801 1802 1802 1802 1802 1800 1800 1800 1800 1777 1777 1777 1777 1803 1803 1803 1803 1803 1803 1803 1803 1777 1777 1777 1777 1771 1771 1771 1771 1803 1803 1803 1803 1771 1771 1771 1771 1772 1772 1772 1772 1801 1801 1801 1801 1800 1800 1800 1800 1804 1804 1804 1804 1801 1801 1801 1801 1804 1804 1804 1804 1802 1802 1802 1802 1805 1805 1805 1805 1800 1800 1800 1800 1803 1803 1803 1803 1800 1800 1800 1800 1805 1805 1805 1805 1804 1804 1804 1804 1806 1806 1806 1806 1803 1803 1803 1803 1772 1772 1772 1772 1772 1772 1772 1772 1773 1773 1773 1773 1806 1806 1806 1806 1805 1805 1805 1805 1803 1803 1803 1803 1807 1807 1807 1807 1803 1803 1803 1803 1806 1806 1806 1806 1807 1807 1807 1807 1804 1804 1804 1804 1805 1805 1805 1805 1807 1807 1807 1807 1773 1773 1773 1773 1808 1808 1808 1808 1806 1806 1806 1806 1807 1807 1807 1807 1806 1806 1806 1806 1808 1808 1808 1808 1804 1804 1804 1804 1809 1809 1809 1809 1802 1802 1802 1802 1809 1809 1809 1809 1804 1804 1804 1804 1807 1807 1807 1807 1809 1809 1809 1809 1810 1810 1810 1810 1802 1802 1802 1802 1811 1811 1811 1811 1810 1810 1810 1810 1809 1809 1809 1809 1807 1807 1807 1807 1812 1812 1812 1812 1809 1809 1809 1809 1812 1812 1812 1812 1807 1807 1807 1807 1808 1808 1808 1808 1813 1813 1813 1813 1811 1811 1811 1811 1809 1809 1809 1809 1812 1812 1812 1812 1813 1813 1813 1813 1809 1809 1809 1809 1811 1811 1811 1811 1813 1813 1813 1813 1814 1814 1814 1814 1815 1815 1815 1815 1811 1811 1811 1811 1814 1814 1814 1814 1815 1815 1815 1815 1814 1814 1814 1814 1816 1816 1816 1816 1812 1812 1812 1812 1817 1817 1817 1817 1813 1813 1813 1813 1817 1817 1817 1817 1814 1814 1814 1814 1813 1813 1813 1813 1812 1812 1812 1812 1808 1808 1808 1808 1817 1817 1817 1817 1814 1814 1814 1814 1818 1818 1818 1818 1816 1816 1816 1816 1814 1814 1814 1814 1817 1817 1817 1817 1818 1818 1818 1818 1808 1808 1808 1808 1773 1773 1773 1773 1819 1819 1819 1819 1808 1808 1808 1808 1819 1819 1819 1819 1817 1817 1817 1817 1773 1773 1773 1773 1775 1775 1775 1775 1819 1819 1819 1819 1817 1817 1817 1817 1820 1820 1820 1820 1818 1818 1818 1818 1819 1819 1819 1819 1775 1775 1775 1775 1821 1821 1821 1821 1775 1775 1775 1775 1763 1763 1763 1763 1821 1821 1821 1821 1817 1817 1817 1817 1819 1819 1819 1819 1822 1822 1822 1822 1820 1820 1820 1820 1817 1817 1817 1817 1822 1822 1822 1822 1822 1822 1822 1822 1819 1819 1819 1819 1821 1821 1821 1821 1818 1818 1818 1818 1820 1820 1820 1820 1823 1823 1823 1823 1820 1820 1820 1820 1822 1822 1822 1822 1823 1823 1823 1823 1818 1818 1818 1818 1824 1824 1824 1824 1816 1816 1816 1816 1824 1824 1824 1824 1818 1818 1818 1818 1823 1823 1823 1823 1824 1824 1824 1824 1825 1825 1825 1825 1816 1816 1816 1816 1825 1825 1825 1825 1824 1824 1824 1824 1826 1826 1826 1826 1824 1824 1824 1824 1827 1827 1827 1827 1826 1826 1826 1826 1826 1826 1826 1826 1827 1827 1827 1827 1828 1828 1828 1828 1827 1827 1827 1827 1824 1824 1824 1824 1829 1829 1829 1829 1824 1824 1824 1824 1823 1823 1823 1823 1829 1829 1829 1829 1827 1827 1827 1827 1830 1830 1830 1830 1828 1828 1828 1828 1827 1827 1827 1827 1829 1829 1829 1829 1830 1830 1830 1830 1830 1830 1830 1830 1831 1831 1831 1831 1828 1828 1828 1828 1831 1831 1831 1831 1832 1832 1832 1832 1828 1828 1828 1828 1832 1832 1832 1832 1831 1831 1831 1831 1833 1833 1833 1833 1831 1831 1831 1831 1834 1834 1834 1834 1833 1833 1833 1833 1834 1834 1834 1834 1831 1831 1831 1831 1835 1835 1835 1835 1831 1831 1831 1831 1830 1830 1830 1830 1836 1836 1836 1836 1831 1831 1831 1831 1836 1836 1836 1836 1835 1835 1835 1835 1830 1830 1830 1830 1837 1837 1837 1837 1836 1836 1836 1836 1829 1829 1829 1829 1837 1837 1837 1837 1830 1830 1830 1830 1836 1836 1836 1836 1838 1838 1838 1838 1835 1835 1835 1835 1838 1838 1838 1838 1839 1839 1839 1839 1835 1835 1835 1835 1839 1839 1839 1839 1838 1838 1838 1838 1840 1840 1840 1840 1837 1837 1837 1837 1841 1841 1841 1841 1836 1836 1836 1836 1841 1841 1841 1841 1838 1838 1838 1838 1836 1836 1836 1836 1837 1837 1837 1837 1829 1829 1829 1829 1841 1841 1841 1841 1838 1838 1838 1838 1842 1842 1842 1842 1840 1840 1840 1840 1838 1838 1838 1838 1841 1841 1841 1841 1842 1842 1842 1842 1840 1840 1840 1840 1842 1842 1842 1842 1843 1843 1843 1843 1829 1829 1829 1829 1844 1844 1844 1844 1841 1841 1841 1841 1829 1829 1829 1829 1823 1823 1823 1823 1844 1844 1844 1844 1841 1841 1841 1841 1845 1845 1845 1845 1842 1842 1842 1842 1841 1841 1841 1841 1844 1844 1844 1844 1845 1845 1845 1845 1842 1842 1842 1842 1846 1846 1846 1846 1843 1843 1843 1843 1842 1842 1842 1842 1845 1845 1845 1845 1846 1846 1846 1846 1823 1823 1823 1823 1847 1847 1847 1847 1844 1844 1844 1844 1822 1822 1822 1822 1847 1847 1847 1847 1823 1823 1823 1823 1844 1844 1844 1844 1847 1847 1847 1847 1848 1848 1848 1848 1844 1844 1844 1844 1848 1848 1848 1848 1845 1845 1845 1845 1847 1847 1847 1847 1822 1822 1822 1822 1849 1849 1849 1849 1847 1847 1847 1847 1849 1849 1849 1849 1848 1848 1848 1848 1822 1822 1822 1822 1821 1821 1821 1821 1849 1849 1849 1849 1848 1848 1848 1848 1850 1850 1850 1850 1845 1845 1845 1845 1848 1848 1848 1848 1849 1849 1849 1849 1850 1850 1850 1850 1845 1845 1845 1845 1851 1851 1851 1851 1846 1846 1846 1846 1850 1850 1850 1850 1851 1851 1851 1851 1845 1845 1845 1845 1851 1851 1851 1851 1852 1852 1852 1852 1846 1846 1846 1846 1851 1851 1851 1851 1850 1850 1850 1850 1852 1852 1852 1852 1846 1846 1846 1846 1853 1853 1853 1853 1843 1843 1843 1843 1852 1852 1852 1852 1853 1853 1853 1853 1846 1846 1846 1846 1853 1853 1853 1853 1854 1854 1854 1854 1843 1843 1843 1843 1854 1854 1854 1854 1853 1853 1853 1853 1346 1346 1346 1346 1850 1850 1850 1850 1855 1855 1855 1855 1852 1852 1852 1852 1852 1852 1852 1852 1856 1856 1856 1856 1853 1853 1853 1853 1852 1852 1852 1852 1855 1855 1855 1855 1856 1856 1856 1856 1853 1853 1853 1853 1857 1857 1857 1857 1346 1346 1346 1346 1856 1856 1856 1856 1857 1857 1857 1857 1853 1853 1853 1853 1849 1849 1849 1849 1858 1858 1858 1858 1850 1850 1850 1850 1850 1850 1850 1850 1858 1858 1858 1858 1855 1855 1855 1855 1849 1849 1849 1849 1821 1821 1821 1821 1858 1858 1858 1858 1855 1855 1855 1855 1756 1756 1756 1756 1856 1856 1856 1856 1821 1821 1821 1821 1859 1859 1859 1859 1858 1858 1858 1858 1763 1763 1763 1763 1859 1859 1859 1859 1821 1821 1821 1821 1859 1859 1859 1859 1763 1763 1763 1763 1759 1759 1759 1759 1859 1859 1859 1859 1759 1759 1759 1759 1858 1858 1858 1858 1759 1759 1759 1759 1757 1757 1757 1757 1858 1858 1858 1858 1858 1858 1858 1858 1757 1757 1757 1757 1855 1855 1855 1855 1855 1855 1855 1855 1757 1757 1757 1757 1756 1756 1756 1756 1860 1860 1860 1860 1856 1856 1856 1856 1756 1756 1756 1756 1856 1856 1856 1856 1860 1860 1860 1860 1857 1857 1857 1857 1444 1444 1444 1444 1860 1860 1860 1860 1756 1756 1756 1756 1860 1860 1860 1860 1444 1444 1444 1444 1442 1442 1442 1442 1860 1860 1860 1860 1861 1861 1861 1861 1857 1857 1857 1857 1860 1860 1860 1860 1442 1442 1442 1442 1861 1861 1861 1861 1857 1857 1857 1857 1861 1861 1861 1861 1346 1346 1346 1346 1442 1442 1442 1442 1862 1862 1862 1862 1861 1861 1861 1861 1437 1437 1437 1437 1862 1862 1862 1862 1442 1442 1442 1442 1861 1861 1861 1861 1863 1863 1863 1863 1346 1346 1346 1346 1861 1861 1861 1861 1862 1862 1862 1862 1863 1863 1863 1863 1863 1863 1863 1863 1345 1345 1345 1345 1346 1346 1346 1346 1345 1345 1345 1345 1863 1863 1863 1863 1350 1350 1350 1350 1437 1437 1437 1437 1864 1864 1864 1864 1862 1862 1862 1862 1388 1388 1388 1388 1864 1864 1864 1864 1437 1437 1437 1437 1862 1862 1862 1862 1865 1865 1865 1865 1863 1863 1863 1863 1864 1864 1864 1864 1865 1865 1865 1865 1862 1862 1862 1862 1863 1863 1863 1863 1865 1865 1865 1865 1350 1350 1350 1350 1866 1866 1866 1866 1864 1864 1864 1864 1388 1388 1388 1388 1864 1864 1864 1864 1866 1866 1866 1866 1865 1865 1865 1865 1866 1866 1866 1866 1350 1350 1350 1350 1865 1865 1865 1865 1358 1358 1358 1358 1866 1866 1866 1866 1388 1388 1388 1388 1866 1866 1866 1866 1349 1349 1349 1349 1350 1350 1350 1350 1349 1349 1349 1349 1866 1866 1866 1866 1358 1358 1358 1358 1867 1867 1867 1867 1868 1868 1868 1868 1869 1869 1869 1869 1870 1870 1870 1870 1867 1867 1867 1867 1869 1869 1869 1869 1870 1870 1870 1870 1871 1871 1871 1871 1867 1867 1867 1867 1871 1871 1871 1871 1872 1872 1872 1872 1867 1867 1867 1867 1873 1873 1873 1873 1874 1874 1874 1874 1875 1875 1875 1875 1874 1874 1874 1874 1876 1876 1876 1876 1875 1875 1875 1875 1876 1876 1876 1876 1874 1874 1874 1874 1877 1877 1877 1877 1874 1874 1874 1874 1878 1878 1878 1878 1877 1877 1877 1877 1878 1878 1878 1878 1879 1879 1879 1879 1877 1877 1877 1877 1879 1879 1879 1879 1880 1880 1880 1880 1877 1877 1877 1877 1881 1881 1881 1881 1882 1882 1882 1882 1883 1883 1883 1883 1884 1884 1884 1884 1881 1881 1881 1881 1883 1883 1883 1883 1881 1881 1881 1881 1884 1884 1884 1884 1885 1885 1885 1885 1886 1886 1886 1886 1881 1881 1881 1881 1885 1885 1885 1885 1887 1887 1887 1887 1888 1888 1888 1888 1889 1889 1889 1889 1890 1890 1890 1890 1887 1887 1887 1887 1889 1889 1889 1889 1891 1891 1891 1891 1890 1890 1890 1890 1889 1889 1889 1889 1892 1892 1892 1892 1891 1891 1891 1891 1889 1889 1889 1889 1892 1892 1892 1892 1893 1893 1893 1893 1891 1891 1891 1891 1893 1893 1893 1893 1894 1894 1894 1894 1891 1891 1891 1891 1895 1895 1895 1895 1896 1896 1896 1896 1897 1897 1897 1897 1896 1896 1896 1896 1898 1898 1898 1898 1897 1897 1897 1897 1898 1898 1898 1898 1896 1896 1896 1896 1899 1899 1899 1899 1896 1896 1896 1896 1900 1900 1900 1900 1899 1899 1899 1899 1900 1900 1900 1900 1901 1901 1901 1901 1899 1899 1899 1899 1901 1901 1901 1901 1902 1902 1902 1902 1899 1899 1899 1899 1903 1903 1903 1903 1904 1904 1904 1904 1905 1905 1905 1905 1904 1904 1904 1904 1906 1906 1906 1906 1905 1905 1905 1905 1906 1906 1906 1906 1904 1904 1904 1904 1907 1907 1907 1907 1904 1904 1904 1904 1908 1908 1908 1908 1907 1907 1907 1907 1908 1908 1908 1908 1909 1909 1909 1909 1907 1907 1907 1907 1909 1909 1909 1909 1910 1910 1910 1910 1907 1907 1907 1907 1911 1911 1911 1911 1912 1912 1912 1912 1913 1913 1913 1913 1914 1914 1914 1914 1911 1911 1911 1911 1913 1913 1913 1913 1914 1914 1914 1914 1915 1915 1915 1915 1911 1911 1911 1911 1915 1915 1915 1915 1916 1916 1916 1916 1911 1911 1911 1911 1917 1917 1917 1917 1918 1918 1918 1918 1919 1919 1919 1919 1920 1920 1920 1920 1917 1917 1917 1917 1919 1919 1919 1919 1917 1917 1917 1917 1920 1920 1920 1920 1921 1921 1921 1921 1922 1922 1922 1922 1917 1917 1917 1917 1921 1921 1921 1921 1923 1923 1923 1923 1924 1924 1924 1924 1925 1925 1925 1925 1926 1926 1926 1926 1923 1923 1923 1923 1925 1925 1925 1925 1927 1927 1927 1927 1926 1926 1926 1926 1925 1925 1925 1925 1928 1928 1928 1928 1927 1927 1927 1927 1925 1925 1925 1925 1928 1928 1928 1928 1929 1929 1929 1929 1927 1927 1927 1927 1929 1929 1929 1929 1930 1930 1930 1930 1927 1927 1927 1927 1931 1931 1931 1931 1932 1932 1932 1932 1933 1933 1933 1933 1932 1932 1932 1932 1934 1934 1934 1934 1933 1933 1933 1933 1934 1934 1934 1934 1932 1932 1932 1932 1935 1935 1935 1935 1932 1932 1932 1932 1936 1936 1936 1936 1935 1935 1935 1935 1936 1936 1936 1936 1937 1937 1937 1937 1935 1935 1935 1935 1937 1937 1937 1937 1938 1938 1938 1938 1935 1935 1935 1935 1939 1939 1939 1939 1940 1940 1940 1940 1941 1941 1941 1941 1940 1940 1940 1940 1942 1942 1942 1942 1941 1941 1941 1941 1942 1942 1942 1942 1940 1940 1940 1940 1943 1943 1943 1943 1940 1940 1940 1940 1944 1944 1944 1944 1943 1943 1943 1943 1944 1944 1944 1944 1945 1945 1945 1945 1943 1943 1943 1943 1945 1945 1945 1945 1946 1946 1946 1946 1943 1943 1943 1943 1947 1947 1947 1947 1948 1948 1948 1948 1949 1949 1949 1949 1950 1950 1950 1950 1947 1947 1947 1947 1949 1949 1949 1949 1950 1950 1950 1950 1951 1951 1951 1951 1947 1947 1947 1947 1951 1951 1951 1951 1952 1952 1952 1952 1947 1947 1947 1947 1953 1953 1953 1953 1954 1954 1954 1954 1955 1955 1955 1955 1956 1956 1956 1956 1953 1953 1953 1953 1955 1955 1955 1955 1953 1953 1953 1953 1956 1956 1956 1956 1957 1957 1957 1957 1958 1958 1958 1958 1953 1953 1953 1953 1957 1957 1957 1957 1959 1959 1959 1959 1960 1960 1960 1960 1961 1961 1961 1961 1962 1962 1962 1962 1959 1959 1959 1959 1961 1961 1961 1961 1963 1963 1963 1963 1962 1962 1962 1962 1961 1961 1961 1961 1964 1964 1964 1964 1963 1963 1963 1963 1961 1961 1961 1961 1965 1965 1965 1965 1966 1966 1966 1966 1967 1967 1967 1967 1968 1968 1968 1968 1965 1965 1965 1965 1967 1967 1967 1967 1969 1969 1969 1969 1968 1968 1968 1968 1967 1967 1967 1967 1970 1970 1970 1970 1969 1969 1969 1969 1967 1967 1967 1967 1971 1971 1971 1971 1972 1972 1972 1972 1973 1973 1973 1973 1974 1974 1974 1974 1971 1971 1971 1971 1973 1973 1973 1973 1971 1971 1971 1971 1974 1974 1974 1974 1975 1975 1975 1975 1976 1976 1976 1976 1971 1971 1971 1971 1975 1975 1975 1975 1977 1977 1977 1977 1978 1978 1978 1978 1979 1979 1979 1979 1980 1980 1980 1980 1977 1977 1977 1977 1979 1979 1979 1979 1980 1980 1980 1980 1981 1981 1981 1981 1977 1977 1977 1977 1981 1981 1981 1981 1982 1982 1982 1982 1977 1977 1977 1977 1983 1983 1983 1983 1984 1984 1984 1984 1985 1985 1985 1985 1984 1984 1984 1984 1986 1986 1986 1986 1985 1985 1985 1985 1986 1986 1986 1986 1984 1984 1984 1984 1987 1987 1987 1987 1984 1984 1984 1984 1988 1988 1988 1988 1987 1987 1987 1987 1988 1988 1988 1988 1989 1989 1989 1989 1987 1987 1987 1987 1989 1989 1989 1989 1990 1990 1990 1990 1987 1987 1987 1987 1991 1991 1991 1991 1992 1992 1992 1992 1993 1993 1993 1993 1994 1994 1994 1994 1991 1991 1991 1991 1993 1993 1993 1993 1991 1991 1991 1991 1994 1994 1994 1994 1995 1995 1995 1995 1996 1996 1996 1996 1991 1991 1991 1991 1995 1995 1995 1995 1997 1997 1997 1997 1998 1998 1998 1998 1999 1999 1999 1999 2000 2000 2000 2000 1997 1997 1997 1997 1999 1999 1999 1999 2001 2001 2001 2001 2000 2000 2000 2000 1999 1999 1999 1999 2002 2002 2002 2002 2001 2001 2001 2001 1999 1999 1999 1999 2003 2003 2003 2003 2004 2004 2004 2004 2005 2005 2005 2005 2006 2006 2006 2006 2003 2003 2003 2003 2005 2005 2005 2005 2007 2007 2007 2007 2006 2006 2006 2006 2005 2005 2005 2005 2008 2008 2008 2008 2007 2007 2007 2007 2005 2005 2005 2005 2009 2009 2009 2009 2010 2010 2010 2010 2011 2011 2011 2011 2012 2012 2012 2012 2009 2009 2009 2009 2011 2011 2011 2011 2009 2009 2009 2009 2012 2012 2012 2012 2013 2013 2013 2013 2014 2014 2014 2014 2009 2009 2009 2009 2013 2013 2013 2013 2015 2015 2015 2015 2016 2016 2016 2016 2017 2017 2017 2017 2016 2016 2016 2016 2018 2018 2018 2018 2017 2017 2017 2017 2019 2019 2019 2019 2018 2018 2018 2018 2016 2016 2016 2016 2020 2020 2020 2020 2019 2019 2019 2019 2016 2016 2016 2016 2021 2021 2021 2021 2019 2019 2019 2019 2020 2020 2020 2020 2022 2022 2022 2022 2021 2021 2021 2021 2020 2020 2020 2020 2022 2022 2022 2022 2023 2023 2023 2023 2021 2021 2021 2021 2023 2023 2023 2023 2024 2024 2024 2024 2021 2021 2021 2021 2025 2025 2025 2025 2024 2024 2024 2024 2023 2023 2023 2023 2026 2026 2026 2026 2025 2025 2025 2025 2023 2023 2023 2023 2026 2026 2026 2026 2027 2027 2027 2027 2025 2025 2025 2025 2027 2027 2027 2027 2028 2028 2028 2028 2025 2025 2025 2025 2027 2027 2027 2027 2029 2029 2029 2029 2028 2028 2028 2028 2029 2029 2029 2029 2030 2030 2030 2030 2028 2028 2028 2028 2029 2029 2029 2029 2031 2031 2031 2031 2030 2030 2030 2030 2031 2031 2031 2031 2032 2032 2032 2032 2030 2030 2030 2030 2031 2031 2031 2031 2033 2033 2033 2033 2032 2032 2032 2032 2033 2033 2033 2033 2034 2034 2034 2034 2032 2032 2032 2032 2035 2035 2035 2035 2034 2034 2034 2034 2033 2033 2033 2033 2036 2036 2036 2036 2035 2035 2035 2035 2033 2033 2033 2033 2037 2037 2037 2037 2038 2038 2038 2038 2039 2039 2039 2039 2038 2038 2038 2038 2040 2040 2040 2040 2039 2039 2039 2039 2041 2041 2041 2041 2040 2040 2040 2040 2038 2038 2038 2038 2042 2042 2042 2042 2041 2041 2041 2041 2038 2038 2038 2038 2043 2043 2043 2043 2041 2041 2041 2041 2042 2042 2042 2042 2044 2044 2044 2044 2043 2043 2043 2043 2042 2042 2042 2042 2044 2044 2044 2044 2045 2045 2045 2045 2043 2043 2043 2043 2045 2045 2045 2045 2046 2046 2046 2046 2043 2043 2043 2043 2047 2047 2047 2047 2046 2046 2046 2046 2045 2045 2045 2045 2048 2048 2048 2048 2047 2047 2047 2047 2045 2045 2045 2045 2048 2048 2048 2048 2049 2049 2049 2049 2047 2047 2047 2047 2049 2049 2049 2049 2050 2050 2050 2050 2047 2047 2047 2047 2049 2049 2049 2049 2051 2051 2051 2051 2050 2050 2050 2050 2051 2051 2051 2051 2052 2052 2052 2052 2050 2050 2050 2050 2051 2051 2051 2051 2053 2053 2053 2053 2052 2052 2052 2052 2053 2053 2053 2053 2054 2054 2054 2054 2052 2052 2052 2052 2053 2053 2053 2053 2055 2055 2055 2055 2054 2054 2054 2054 2055 2055 2055 2055 2056 2056 2056 2056 2054 2054 2054 2054 2057 2057 2057 2057 2056 2056 2056 2056 2055 2055 2055 2055 2058 2058 2058 2058 2057 2057 2057 2057 2055 2055 2055 2055 2059 2059 2059 2059 2060 2060 2060 2060 2061 2061 2061 2061 2060 2060 2060 2060 2062 2062 2062 2062 2061 2061 2061 2061 2063 2063 2063 2063 2062 2062 2062 2062 2060 2060 2060 2060 2064 2064 2064 2064 2063 2063 2063 2063 2060 2060 2060 2060 2064 2064 2064 2064 2065 2065 2065 2065 2063 2063 2063 2063 2065 2065 2065 2065 2066 2066 2066 2066 2063 2063 2063 2063 2065 2065 2065 2065 2067 2067 2067 2067 2066 2066 2066 2066 2067 2067 2067 2067 2068 2068 2068 2068 2066 2066 2066 2066 2069 2069 2069 2069 2068 2068 2068 2068 2067 2067 2067 2067 2070 2070 2070 2070 2069 2069 2069 2069 2067 2067 2067 2067 2071 2071 2071 2071 2069 2069 2069 2069 2070 2070 2070 2070 2072 2072 2072 2072 2071 2071 2071 2071 2070 2070 2070 2070 2072 2072 2072 2072 2073 2073 2073 2073 2071 2071 2071 2071 2073 2073 2073 2073 2074 2074 2074 2074 2071 2071 2071 2071 2075 2075 2075 2075 2074 2074 2074 2074 2073 2073 2073 2073 2076 2076 2076 2076 2075 2075 2075 2075 2073 2073 2073 2073 2076 2076 2076 2076 2077 2077 2077 2077 2075 2075 2075 2075 2077 2077 2077 2077 2078 2078 2078 2078 2075 2075 2075 2075 2077 2077 2077 2077 2079 2079 2079 2079 2078 2078 2078 2078 2079 2079 2079 2079 2080 2080 2080 2080 2078 2078 2078 2078 2081 2081 2081 2081 2080 2080 2080 2080 2079 2079 2079 2079 2082 2082 2082 2082 2081 2081 2081 2081 2079 2079 2079 2079 2082 2082 2082 2082 2083 2083 2083 2083 2081 2081 2081 2081 2083 2083 2083 2083 2084 2084 2084 2084 2081 2081 2081 2081 2085 2085 2085 2085 2086 2086 2086 2086 2087 2087 2087 2087 2086 2086 2086 2086 2088 2088 2088 2088 2087 2087 2087 2087 2088 2088 2088 2088 2086 2086 2086 2086 2089 2089 2089 2089 2087 2087 2087 2087 2088 2088 2088 2088 2089 2089 2089 2089 2090 2090 2090 2090 2087 2087 2087 2087 2089 2089 2089 2089 2091 2091 2091 2091 2092 2092 2092 2092 2093 2093 2093 2093 2092 2092 2092 2092 2094 2094 2094 2094 2093 2093 2093 2093 2094 2094 2094 2094 2092 2092 2092 2092 2095 2095 2095 2095 2093 2093 2093 2093 2094 2094 2094 2094 2095 2095 2095 2095 2096 2096 2096 2096 2093 2093 2093 2093 2095 2095 2095 2095 2097 2097 2097 2097 2098 2098 2098 2098 2099 2099 2099 2099 2098 2098 2098 2098 2100 2100 2100 2100 2099 2099 2099 2099 2100 2100 2100 2100 2098 2098 2098 2098 2101 2101 2101 2101 2099 2099 2099 2099 2100 2100 2100 2100 2101 2101 2101 2101 2102 2102 2102 2102 2099 2099 2099 2099 2101 2101 2101 2101 2103 2103 2103 2103 2104 2104 2104 2104 2105 2105 2105 2105 2104 2104 2104 2104 2106 2106 2106 2106 2105 2105 2105 2105 2106 2106 2106 2106 2104 2104 2104 2104 2107 2107 2107 2107 2105 2105 2105 2105 2106 2106 2106 2106 2107 2107 2107 2107 2108 2108 2108 2108 2105 2105 2105 2105 2107 2107 2107 2107 2109 2109 2109 2109 2110 2110 2110 2110 2111 2111 2111 2111 2110 2110 2110 2110 2112 2112 2112 2112 2111 2111 2111 2111 2112 2112 2112 2112 2110 2110 2110 2110 2113 2113 2113 2113 2111 2111 2111 2111 2112 2112 2112 2112 2113 2113 2113 2113 2114 2114 2114 2114 2111 2111 2111 2111 2113 2113 2113 2113 2115 2115 2115 2115 2116 2116 2116 2116 2117 2117 2117 2117 2116 2116 2116 2116 2118 2118 2118 2118 2117 2117 2117 2117 2118 2118 2118 2118 2116 2116 2116 2116 2119 2119 2119 2119 2117 2117 2117 2117 2118 2118 2118 2118 2119 2119 2119 2119 2120 2120 2120 2120 2117 2117 2117 2117 2119 2119 2119 2119 2121 2121 2121 2121 2122 2122 2122 2122 2123 2123 2123 2123 2122 2122 2122 2122 2124 2124 2124 2124 2123 2123 2123 2123 2124 2124 2124 2124 2122 2122 2122 2122 2125 2125 2125 2125 2123 2123 2123 2123 2124 2124 2124 2124 2125 2125 2125 2125 2126 2126 2126 2126 2123 2123 2123 2123 2125 2125 2125 2125 2127 2127 2127 2127 2128 2128 2128 2128 2129 2129 2129 2129 2128 2128 2128 2128 2130 2130 2130 2130 2129 2129 2129 2129 2130 2130 2130 2130 2128 2128 2128 2128 2131 2131 2131 2131 2129 2129 2129 2129 2130 2130 2130 2130 2131 2131 2131 2131 2132 2132 2132 2132 2129 2129 2129 2129 2131 2131 2131 2131 2133 2133 2133 2133 2134 2134 2134 2134 2135 2135 2135 2135 2134 2134 2134 2134 2136 2136 2136 2136 2135 2135 2135 2135 2136 2136 2136 2136 2134 2134 2134 2134 2137 2137 2137 2137 2135 2135 2135 2135 2136 2136 2136 2136 2137 2137 2137 2137 2138 2138 2138 2138 2135 2135 2135 2135 2137 2137 2137 2137 2139 2139 2139 2139 2140 2140 2140 2140 2141 2141 2141 2141 2140 2140 2140 2140 2142 2142 2142 2142 2141 2141 2141 2141 2142 2142 2142 2142 2140 2140 2140 2140 2143 2143 2143 2143 2141 2141 2141 2141 2142 2142 2142 2142 2143 2143 2143 2143 2144 2144 2144 2144 2141 2141 2141 2141 2143 2143 2143 2143 2145 2145 2145 2145 2146 2146 2146 2146 2147 2147 2147 2147 2146 2146 2146 2146 2148 2148 2148 2148 2147 2147 2147 2147 2148 2148 2148 2148 2146 2146 2146 2146 2149 2149 2149 2149 2147 2147 2147 2147 2148 2148 2148 2148 2149 2149 2149 2149 2150 2150 2150 2150 2147 2147 2147 2147 2149 2149 2149 2149 2151 2151 2151 2151 2152 2152 2152 2152 2153 2153 2153 2153 2152 2152 2152 2152 2154 2154 2154 2154 2153 2153 2153 2153 2154 2154 2154 2154 2152 2152 2152 2152 2155 2155 2155 2155 2153 2153 2153 2153 2154 2154 2154 2154 2155 2155 2155 2155 2156 2156 2156 2156 2153 2153 2153 2153 2155 2155 2155 2155 2157 2157 2157 2157 2158 2158 2158 2158 2159 2159 2159 2159 2160 2160 2160 2160 2158 2158 2158 2158 2157 2157 2157 2157 2161 2161 2161 2161 2157 2157 2157 2157 2159 2159 2159 2159 2162 2162 2162 2162 2160 2160 2160 2160 2157 2157 2157 2157 2163 2163 2163 2163 2157 2157 2157 2157 2161 2161 2161 2161 2157 2157 2157 2157 2163 2163 2163 2163 2162 2162 2162 2162 2164 2164 2164 2164 2163 2163 2163 2163 2161 2161 2161 2161 2163 2163 2163 2163 2165 2165 2165 2165 2162 2162 2162 2162 2163 2163 2163 2163 2164 2164 2164 2164 2166 2166 2166 2166 2165 2165 2165 2165 2163 2163 2163 2163 2167 2167 2167 2167 2168 2168 2168 2168 2163 2163 2163 2163 2166 2166 2166 2166 2163 2163 2163 2163 2168 2168 2168 2168 2167 2167 2167 2167 2169 2169 2169 2169 2170 2170 2170 2170 2171 2171 2171 2171 2172 2172 2172 2172 2170 2170 2170 2170 2169 2169 2169 2169 2173 2173 2173 2173 2169 2169 2169 2169 2171 2171 2171 2171 2174 2174 2174 2174 2172 2172 2172 2172 2169 2169 2169 2169 2175 2175 2175 2175 2169 2169 2169 2169 2173 2173 2173 2173 2169 2169 2169 2169 2175 2175 2175 2175 2174 2174 2174 2174 2176 2176 2176 2176 2175 2175 2175 2175 2173 2173 2173 2173 2175 2175 2175 2175 2177 2177 2177 2177 2174 2174 2174 2174 2175 2175 2175 2175 2176 2176 2176 2176 2178 2178 2178 2178 2177 2177 2177 2177 2175 2175 2175 2175 2179 2179 2179 2179 2180 2180 2180 2180 2175 2175 2175 2175 2178 2178 2178 2178 2175 2175 2175 2175 2180 2180 2180 2180 2179 2179 2179 2179 2181 2181 2181 2181 2182 2182 2182 2182 2183 2183 2183 2183 2184 2184 2184 2184 2182 2182 2182 2182 2181 2181 2181 2181 2185 2185 2185 2185 2181 2181 2181 2181 2183 2183 2183 2183 2186 2186 2186 2186 2184 2184 2184 2184 2181 2181 2181 2181 2187 2187 2187 2187 2181 2181 2181 2181 2185 2185 2185 2185 2181 2181 2181 2181 2187 2187 2187 2187 2186 2186 2186 2186 2188 2188 2188 2188 2187 2187 2187 2187 2185 2185 2185 2185 2187 2187 2187 2187 2189 2189 2189 2189 2186 2186 2186 2186 2187 2187 2187 2187 2188 2188 2188 2188 2190 2190 2190 2190 2189 2189 2189 2189 2187 2187 2187 2187 2191 2191 2191 2191 2192 2192 2192 2192 2187 2187 2187 2187 2190 2190 2190 2190 2187 2187 2187 2187 2192 2192 2192 2192 2191 2191 2191 2191 2193 2193 2193 2193 2194 2194 2194 2194 2195 2195 2195 2195 2196 2196 2196 2196 2194 2194 2194 2194 2193 2193 2193 2193 2197 2197 2197 2197 2193 2193 2193 2193 2195 2195 2195 2195 2198 2198 2198 2198 2196 2196 2196 2196 2193 2193 2193 2193 2199 2199 2199 2199 2193 2193 2193 2193 2197 2197 2197 2197 2193 2193 2193 2193 2199 2199 2199 2199 2198 2198 2198 2198 2200 2200 2200 2200 2199 2199 2199 2199 2197 2197 2197 2197 2199 2199 2199 2199 2201 2201 2201 2201 2198 2198 2198 2198 2199 2199 2199 2199 2200 2200 2200 2200 2202 2202 2202 2202 2201 2201 2201 2201 2199 2199 2199 2199 2203 2203 2203 2203 2204 2204 2204 2204 2199 2199 2199 2199 2202 2202 2202 2202 2199 2199 2199 2199 2204 2204 2204 2204 2203 2203 2203 2203 2205 2205 2205 2205 2206 2206 2206 2206 2207 2207 2207 2207 2205 2205 2205 2205 2208 2208 2208 2208 2206 2206 2206 2206 2206 2206 2206 2206 2209 2209 2209 2209 2207 2207 2207 2207 2208 2208 2208 2208 2210 2210 2210 2210 2206 2206 2206 2206 2211 2211 2211 2211 2207 2207 2207 2207 2209 2209 2209 2209 2208 2208 2208 2208 2212 2212 2212 2212 2210 2210 2210 2210 2213 2213 2213 2213 2211 2211 2211 2211 2209 2209 2209 2209 2212 2212 2212 2212 2214 2214 2214 2214 2210 2210 2210 2210 2211 2211 2211 2211 2213 2213 2213 2213 2215 2215 2215 2215 2214 2214 2214 2214 2212 2212 2212 2212 2216 2216 2216 2216 2217 2217 2217 2217 2211 2211 2211 2211 2215 2215 2215 2215 2212 2212 2212 2212 2218 2218 2218 2218 2216 2216 2216 2216 2217 2217 2217 2217 2215 2215 2215 2215 2219 2219 2219 2219 2219 2219 2219 2219 2216 2216 2216 2216 2218 2218 2218 2218 2220 2220 2220 2220 2217 2217 2217 2217 2219 2219 2219 2219 2220 2220 2220 2220 2219 2219 2219 2219 2218 2218 2218 2218 2221 2221 2221 2221 2222 2222 2222 2222 2223 2223 2223 2223 2221 2221 2221 2221 2224 2224 2224 2224 2222 2222 2222 2222 2222 2222 2222 2222 2225 2225 2225 2225 2223 2223 2223 2223 2224 2224 2224 2224 2226 2226 2226 2226 2222 2222 2222 2222 2227 2227 2227 2227 2223 2223 2223 2223 2225 2225 2225 2225 2224 2224 2224 2224 2228 2228 2228 2228 2226 2226 2226 2226 2229 2229 2229 2229 2227 2227 2227 2227 2225 2225 2225 2225 2228 2228 2228 2228 2230 2230 2230 2230 2226 2226 2226 2226 2227 2227 2227 2227 2229 2229 2229 2229 2231 2231 2231 2231 2230 2230 2230 2230 2228 2228 2228 2228 2232 2232 2232 2232 2233 2233 2233 2233 2227 2227 2227 2227 2231 2231 2231 2231 2228 2228 2228 2228 2234 2234 2234 2234 2232 2232 2232 2232 2233 2233 2233 2233 2231 2231 2231 2231 2235 2235 2235 2235 2235 2235 2235 2235 2232 2232 2232 2232 2234 2234 2234 2234 2236 2236 2236 2236 2233 2233 2233 2233 2235 2235 2235 2235 2236 2236 2236 2236 2235 2235 2235 2235 2234 2234 2234 2234 2237 2237 2237 2237 2238 2238 2238 2238 2239 2239 2239 2239 2237 2237 2237 2237 2240 2240 2240 2240 2238 2238 2238 2238 2238 2238 2238 2238 2241 2241 2241 2241 2239 2239 2239 2239 2240 2240 2240 2240 2242 2242 2242 2242 2238 2238 2238 2238 2243 2243 2243 2243 2239 2239 2239 2239 2241 2241 2241 2241 2240 2240 2240 2240 2244 2244 2244 2244 2242 2242 2242 2242 2245 2245 2245 2245 2243 2243 2243 2243 2241 2241 2241 2241 2244 2244 2244 2244 2246 2246 2246 2246 2242 2242 2242 2242 2243 2243 2243 2243 2245 2245 2245 2245 2247 2247 2247 2247 2246 2246 2246 2246 2244 2244 2244 2244 2248 2248 2248 2248 2249 2249 2249 2249 2243 2243 2243 2243 2247 2247 2247 2247 2244 2244 2244 2244 2250 2250 2250 2250 2248 2248 2248 2248 2249 2249 2249 2249 2247 2247 2247 2247 2251 2251 2251 2251 2251 2251 2251 2251 2248 2248 2248 2248 2250 2250 2250 2250 2252 2252 2252 2252 2249 2249 2249 2249 2251 2251 2251 2251 2252 2252 2252 2252 2251 2251 2251 2251 2250 2250 2250 2250 2253 2253 2253 2253 2254 2254 2254 2254 2255 2255 2255 2255 2253 2253 2253 2253 2256 2256 2256 2256 2254 2254 2254 2254 2254 2254 2254 2254 2257 2257 2257 2257 2255 2255 2255 2255 2256 2256 2256 2256 2258 2258 2258 2258 2254 2254 2254 2254 2259 2259 2259 2259 2255 2255 2255 2255 2257 2257 2257 2257 2256 2256 2256 2256 2260 2260 2260 2260 2258 2258 2258 2258 2261 2261 2261 2261 2259 2259 2259 2259 2257 2257 2257 2257 2260 2260 2260 2260 2262 2262 2262 2262 2258 2258 2258 2258 2259 2259 2259 2259 2261 2261 2261 2261 2263 2263 2263 2263 2262 2262 2262 2262 2260 2260 2260 2260 2264 2264 2264 2264 2265 2265 2265 2265 2259 2259 2259 2259 2263 2263 2263 2263 2260 2260 2260 2260 2266 2266 2266 2266 2264 2264 2264 2264 2265 2265 2265 2265 2263 2263 2263 2263 2267 2267 2267 2267 2267 2267 2267 2267 2264 2264 2264 2264 2266 2266 2266 2266 2268 2268 2268 2268 2265 2265 2265 2265 2267 2267 2267 2267 2268 2268 2268 2268 2267 2267 2267 2267 2266 2266 2266 2266 2269 2269 2269 2269 2270 2270 2270 2270 2271 2271 2271 2271 2269 2269 2269 2269 2272 2272 2272 2272 2270 2270 2270 2270 2270 2270 2270 2270 2273 2273 2273 2273 2271 2271 2271 2271 2272 2272 2272 2272 2274 2274 2274 2274 2270 2270 2270 2270 2275 2275 2275 2275 2271 2271 2271 2271 2273 2273 2273 2273 2272 2272 2272 2272 2276 2276 2276 2276 2274 2274 2274 2274 2277 2277 2277 2277 2275 2275 2275 2275 2273 2273 2273 2273 2276 2276 2276 2276 2278 2278 2278 2278 2274 2274 2274 2274 2275 2275 2275 2275 2277 2277 2277 2277 2279 2279 2279 2279 2278 2278 2278 2278 2276 2276 2276 2276 2280 2280 2280 2280 2281 2281 2281 2281 2275 2275 2275 2275 2279 2279 2279 2279 2276 2276 2276 2276 2282 2282 2282 2282 2280 2280 2280 2280 2281 2281 2281 2281 2279 2279 2279 2279 2283 2283 2283 2283 2283 2283 2283 2283 2280 2280 2280 2280 2282 2282 2282 2282 2284 2284 2284 2284 2281 2281 2281 2281 2283 2283 2283 2283 2284 2284 2284 2284 2283 2283 2283 2283 2282 2282 2282 2282 2285 2285 2285 2285 2286 2286 2286 2286 2287 2287 2287 2287 2285 2285 2285 2285 2288 2288 2288 2288 2286 2286 2286 2286 2286 2286 2286 2286 2289 2289 2289 2289 2287 2287 2287 2287 2288 2288 2288 2288 2290 2290 2290 2290 2286 2286 2286 2286 2291 2291 2291 2291 2287 2287 2287 2287 2289 2289 2289 2289 2288 2288 2288 2288 2292 2292 2292 2292 2290 2290 2290 2290 2293 2293 2293 2293 2291 2291 2291 2291 2289 2289 2289 2289 2292 2292 2292 2292 2294 2294 2294 2294 2290 2290 2290 2290 2291 2291 2291 2291 2293 2293 2293 2293 2295 2295 2295 2295 2294 2294 2294 2294 2292 2292 2292 2292 2296 2296 2296 2296 2297 2297 2297 2297 2291 2291 2291 2291 2295 2295 2295 2295 2292 2292 2292 2292 2298 2298 2298 2298 2296 2296 2296 2296 2297 2297 2297 2297 2295 2295 2295 2295 2299 2299 2299 2299 2299 2299 2299 2299 2296 2296 2296 2296 2298 2298 2298 2298 2300 2300 2300 2300 2297 2297 2297 2297 2299 2299 2299 2299 2300 2300 2300 2300 2299 2299 2299 2299 2298 2298 2298 2298 1669 1669 1669 1669 2301 2301 2301 2301 1675 1675 1675 1675 1666 1666 1666 1666 2301 2301 2301 2301 1669 1669 1669 1669 2301 2301 2301 2301 2302 2302 2302 2302 1675 1675 1675 1675 2302 2302 2302 2302 1684 1684 1684 1684 1675 1675 1675 1675 2302 2302 2302 2302 1568 1568 1568 1568 1684 1684 1684 1684 1666 1666 1666 1666 2303 2303 2303 2303 2301 2301 2301 2301 2303 2303 2303 2303 2302 2302 2302 2302 2301 2301 2301 2301 2304 2304 2304 2304 1568 1568 1568 1568 2302 2302 2302 2302 2303 2303 2303 2303 2304 2304 2304 2304 2302 2302 2302 2302 2304 2304 2304 2304 1571 1571 1571 1571 1568 1568 1568 1568 1572 1572 1572 1572 1571 1571 1571 1571 2304 2304 2304 2304 2305 2305 2305 2305 2303 2303 2303 2303 1666 1666 1666 1666 1657 1657 1657 1657 2305 2305 2305 2305 1666 1666 1666 1666 1654 1654 1654 1654 2305 2305 2305 2305 1657 1657 1657 1657 2306 2306 2306 2306 2304 2304 2304 2304 2303 2303 2303 2303 2305 2305 2305 2305 2306 2306 2306 2306 2303 2303 2303 2303 2306 2306 2306 2306 1572 1572 1572 1572 2304 2304 2304 2304 2305 2305 2305 2305 1654 1654 1654 1654 2306 2306 2306 2306 2306 2306 2306 2306 1653 1653 1653 1653 1572 1572 1572 1572 1654 1654 1654 1654 1653 1653 1653 1653 2306 2306 2306 2306 </p>
        </triangles>
      </mesh>
    </geometry>
    <geometry id="CollisionM__CollisionC-mesh" name="CollisionM__CollisionC">
      <mesh>
        <source id="CollisionM__CollisionC-position">
          <float_array id="CollisionM__CollisionC-position-array" count="3">0 0 0</float_array>
          <technique_common>
            <accessor source="#CollisionM__CollisionC-position-array" count="1" stride="3">
              <param name="X" type="float" />
              <param name="Y" type="float" />
              <param name="Z" type="float" />
            </accessor>
          </technique_common>
        </source>
        <vertices id="CollisionM__CollisionC-vertex">
          <input semantic="POSITION" source="#CollisionM__CollisionC-position" />
        </vertices>
        <triangles material="CollisionC" count="1">
          <input semantic="VERTEX" source="#CollisionM__CollisionC-vertex" offset="0" />
          <p>0 0 0 </p>
        </triangles>
      </mesh>
    </geometry>
  </library_geometries>
  <library_controllers>
    <controller id="Armature_CmFillerObjectAM1_pCube35_polySurface2__CmFillerObjectA03C-mesh">
      <skin source="#CmFillerObjectAM1_pCube35_polySurface2__CmFillerObjectA03C-mesh">
        <bind_shape_matrix>1 0 0 0 0 1 0 0 0 0 1 0 0 0 0 1</bind_shape_matrix>
        <source id="CmFillerObjectAM1_pCube35_polySurface2__CmFillerObjectA03C-mesh-joint">
          <Name_array id="CmFillerObjectAM1_pCube35_polySurface2__CmFillerObjectA03C-mesh-joint-array" count="1">CmFillerObjectA03L</Name_array>
          <technique_common>
            <accessor source="#CmFillerObjectAM1_pCube35_polySurface2__CmFillerObjectA03C-mesh-joint-array" count="1" stride="1">
              <param name="JOINT" type="name" />
            </accessor>
          </technique_common>
        </source>
        <source id="CmFillerObjectAM1_pCube35_polySurface2__CmFillerObjectA03C-mesh-inv_bind_matrix">
          <float_array id="CmFillerObjectAM1_pCube35_polySurface2__CmFillerObjectA03C-mesh-inv_bind_matrix-array" count="16">1 0 0 0 0 1 0 0 0 0 1 0 0 0 0 1</float_array>
          <technique_common>
            <accessor source="#CmFillerObjectAM1_pCube35_polySurface2__CmFillerObjectA03C-mesh-inv_bind_matrix-array" count="1" stride="16">
              <param name="TRANSFORM" type="float4x4" />
            </accessor>
          </technique_common>
        </source>
        <source id="CmFillerObjectAM1_pCube35_polySurface2__CmFillerObjectA03C-mesh-weight">
          <float_array id="CmFillerObjectAM1_pCube35_polySurface2__CmFillerObjectA03C-mesh-weight-array" count="1">1</float_array>
          <technique_common>
            <accessor source="#CmFillerObjectAM1_pCube35_polySurface2__CmFillerObjectA03C-mesh-weight-array" count="1" stride="1">
              <param name="WEIGHT" type="float" />
            </accessor>
          </technique_common>
        </source>
        <joints>
          <input semantic="JOINT" source="#CmFillerObjectAM1_pCube35_polySurface2__CmFillerObjectA03C-mesh-joint" />
          <input semantic="INV_BIND_MATRIX" source="#CmFillerObjectAM1_pCube35_polySurface2__CmFillerObjectA03C-mesh-inv_bind_matrix" />
        </joints>
        <vertex_weights count="3801">
          <input semantic="JOINT" source="#CmFillerObjectAM1_pCube35_polySurface2__CmFillerObjectA03C-mesh-joint" offset="0" />
          <input semantic="WEIGHT" source="#CmFillerObjectAM1_pCube35_polySurface2__CmFillerObjectA03C-mesh-weight" offset="1" />
          <vcount>1 1 1 1 1 1 1 1 1 1 1 1 1 1 1 1 1 1 1 1 1 1 1 1 1 1 1 1 1 1 1 1 1 1 1 1 1 1 1 1 1 1 1 1 1 1 1 1 1 1 1 1 1 1 1 1 1 1 1 1 1 1 1 1 1 1 1 1 1 1 1 1 1 1 1 1 1 1 1 1 1 1 1 1 1 1 1 1 1 1 1 1 1 1 1 1 1 1 1 1 1 1 1 1 1 1 1 1 1 1 1 1 1 1 1 1 1 1 1 1 1 1 1 1 1 1 1 1 1 1 1 1 1 1 1 1 1 1 1 1 1 1 1 1 1 1 1 1 1 1 1 1 1 1 1 1 1 1 1 1 1 1 1 1 1 1 1 1 1 1 1 1 1 1 1 1 1 1 1 1 1 1 1 1 1 1 1 1 1 1 1 1 1 1 1 1 1 1 1 1 1 1 1 1 1 1 1 1 1 1 1 1 1 1 1 1 1 1 1 1 1 1 1 1 1 1 1 1 1 1 1 1 1 1 1 1 1 1 1 1 1 1 1 1 1 1 1 1 1 1 1 1 1 1 1 1 1 1 1 1 1 1 1 1 1 1 1 1 1 1 1 1 1 1 1 1 1 1 1 1 1 1 1 1 1 1 1 1 1 1 1 1 1 1 1 1 1 1 1 1 1 1 1 1 1 1 1 1 1 1 1 1 1 1 1 1 1 1 1 1 1 1 1 1 1 1 1 1 1 1 1 1 1 1 1 1 1 1 1 1 1 1 1 1 1 1 1 1 1 1 1 1 1 1 1 1 1 1 1 1 1 1 1 1 1 1 1 1 1 1 1 1 1 1 1 1 1 1 1 1 1 1 1 1 1 1 1 1 1 1 1 1 1 1 1 1 1 1 1 1 1 1 1 1 1 1 1 1 1 1 1 1 1 1 1 1 1 1 1 1 1 1 1 1 1 1 1 1 1 1 1 1 1 1 1 1 1 1 1 1 1 1 1 1 1 1 1 1 1 1 1 1 1 1 1 1 1 1 1 1 1 1 1 1 1 1 1 1 1 1 1 1 1 1 1 1 1 1 1 1 1 1 1 1 1 1 1 1 1 1 1 1 1 1 1 1 1 1 1 1 1 1 1 1 1 1 1 1 1 1 1 1 1 1 1 1 1 1 1 1 1 1 1 1 1 1 1 1 1 1 1 1 1 1 1 1 1 1 1 1 1 1 1 1 1 1 1 1 1 1 1 1 1 1 1 1 1 1 1 1 1 1 1 1 1 1 1 1 1 1 1 1 1 1 1 1 1 1 1 1 1 1 1 1 1 1 1 1 1 1 1 1 1 1 1 1 1 1 1 1 1 1 1 1 1 1 1 1 1 1 1 1 1 1 1 1 1 1 1 1 1 1 1 1 1 1 1 1 1 1 1 1 1 1 1 1 1 1 1 1 1 1 1 1 1 1 1 1 1 1 1 1 1 1 1 1 1 1 1 1 1 1 1 1 1 1 1 1 1 1 1 1 1 1 1 1 1 1 1 1 1 1 1 1 1 1 1 1 1 1 1 1 1 1 1 1 1 1 1 1 1 1 1 1 1 1 1 1 1 1 1 1 1 1 1 1 1 1 1 1 1 1 1 1 1 1 1 1 1 1 1 1 1 1 1 1 1 1 1 1 1 1 1 1 1 1 1 1 1 1 1 1 1 1 1 1 1 1 1 1 1 1 1 1 1 1 1 1 1 1 1 1 1 1 1 1 1 1 1 1 1 1 1 1 1 1 1 1 1 1 1 1 1 1 1 1 1 1 1 1 1 1 1 1 1 1 1 1 1 1 1 1 1 1 1 1 1 1 1 1 1 1 1 1 1 1 1 1 1 1 1 1 1 1 1 1 1 1 1 1 1 1 1 1 1 1 1 1 1 1 1 1 1 1 1 1 1 1 1 1 1 1 1 1 1 1 1 1 1 1 1 1 1 1 1 1 1 1 1 1 1 1 1 1 1 1 1 1 1 1 1 1 1 1 1 1 1 1 1 1 1 1 1 1 1 1 1 1 1 1 1 1 1 1 1 1 1 1 1 1 1 1 1 1 1 1 1 1 1 1 1 1 1 1 1 1 1 1 1 1 1 1 1 1 1 1 1 1 1 1 1 1 1 1 1 1 1 1 1 1 1 1 1 1 1 1 1 1 1 1 1 1 1 1 1 1 1 1 1 1 1 1 1 1 1 1 1 1 1 1 1 1 1 1 1 1 1 1 1 1 1 1 1 1 1 1 1 1 1 1 1 1 1 1 1 1 1 1 1 1 1 1 1 1 1 1 1 1 1 1 1 1 1 1 1 1 1 1 1 1 1 1 1 1 1 1 1 1 1 1 1 1 1 1 1 1 1 1 1 1 1 1 1 1 1 1 1 1 1 1 1 1 1 1 1 1 1 1 1 1 1 1 1 1 1 1 1 1 1 1 1 1 1 1 1 1 1 1 1 1 1 1 1 1 1 1 1 1 1 1 1 1 1 1 1 1 1 1 1 1 1 1 1 1 1 1 1 1 1 1 1 1 1 1 1 1 1 1 1 1 1 1 1 1 1 1 1 1 1 1 1 1 1 1 1 1 1 1 1 1 1 1 1 1 1 1 1 1 1 1 1 1 1 1 1 1 1 1 1 1 1 1 1 1 1 1 1 1 1 1 1 1 1 1 1 1 1 1 1 1 1 1 1 1 1 1 1 1 1 1 1 1 1 1 1 1 1 1 1 1 1 1 1 1 1 1 1 1 1 1 1 1 1 1 1 1 1 1 1 1 1 1 1 1 1 1 1 1 1 1 1 1 1 1 1 1 1 1 1 1 1 1 1 1 1 1 1 1 1 1 1 1 1 1 1 1 1 1 1 1 1 1 1 1 1 1 1 1 1 1 1 1 1 1 1 1 1 1 1 1 1 1 1 1 1 1 1 1 1 1 1 1 1 1 1 1 1 1 1 1 1 1 1 1 1 1 1 1 1 1 1 1 1 1 1 1 1 1 1 1 1 1 1 1 1 1 1 1 1 1 1 1 1 1 1 1 1 1 1 1 1 1 1 1 1 1 1 1 1 1 1 1 1 1 1 1 1 1 1 1 1 1 1 1 1 1 1 1 1 1 1 1 1 1 1 1 1 1 1 1 1 1 1 1 1 1 1 1 1 1 1 1 1 1 1 1 1 1 1 1 1 1 1 1 1 1 1 1 1 1 1 1 1 1 1 1 1 1 1 1 1 1 1 1 1 1 1 1 1 1 1 1 1 1 1 1 1 1 1 1 1 1 1 1 1 1 1 1 1 1 1 1 1 1 1 1 1 1 1 1 1 1 1 1 1 1 1 1 1 1 1 1 1 1 1 1 1 1 1 1 1 1 1 1 1 1 1 1 1 1 1 1 1 1 1 1 1 1 1 1 1 1 1 1 1 1 1 1 1 1 1 1 1 1 1 1 1 1 1 1 1 1 1 1 1 1 1 1 1 1 1 1 1 1 1 1 1 1 1 1 1 1 1 1 1 1 1 1 1 1 1 1 1 1 1 1 1 1 1 1 1 1 1 1 1 1 1 1 1 1 1 1 1 1 1 1 1 1 1 1 1 1 1 1 1 1 1 1 1 1 1 1 1 1 1 1 1 1 1 1 1 1 1 1 1 1 1 1 1 1 1 1 1 1 1 1 1 1 1 1 1 1 1 1 1 1 1 1 1 1 1 1 1 1 1 1 1 1 1 1 1 1 1 1 1 1 1 1 1 1 1 1 1 1 1 1 1 1 1 1 1 1 1 1 1 1 1 1 1 1 1 1 1 1 1 1 1 1 1 1 1 1 1 1 1 1 1 1 1 1 1 1 1 1 1 1 1 1 1 1 1 1 1 1 1 1 1 1 1 1 1 1 1 1 1 1 1 1 1 1 1 1 1 1 1 1 1 1 1 1 1 1 1 1 1 1 1 1 1 1 1 1 1 1 1 1 1 1 1 1 1 1 1 1 1 1 1 1 1 1 1 1 1 1 1 1 1 1 1 1 1 1 1 1 1 1 1 1 1 1 1 1 1 1 1 1 1 1 1 1 1 1 1 1 1 1 1 1 1 1 1 1 1 1 1 1 1 1 1 1 1 1 1 1 1 1 1 1 1 1 1 1 1 1 1 1 1 1 1 1 1 1 1 1 1 1 1 1 1 1 1 1 1 1 1 1 1 1 1 1 1 1 1 1 1 1 1 1 1 1 1 1 1 1 1 1 1 1 1 1 1 1 1 1 1 1 1 1 1 1 1 1 1 1 1 1 1 1 1 1 1 1 1 1 1 1 1 1 1 1 1 1 1 1 1 1 1 1 1 1 1 1 1 1 1 1 1 1 1 1 1 1 1 1 1 1 1 1 1 1 1 1 1 1 1 1 1 1 1 1 1 1 1 1 1 1 1 1 1 1 1 1 1 1 1 1 1 1 1 1 1 1 1 1 1 1 1 1 1 1 1 1 1 1 1 1 1 1 1 1 1 1 1 1 1 1 1 1 1 1 1 1 1 1 1 1 1 1 1 1 1 1 1 1 1 1 1 1 1 1 1 1 1 1 1 1 1 1 1 1 1 1 1 1 1 1 1 1 1 1 1 1 1 1 1 1 1 1 1 1 1 1 1 1 1 1 1 1 1 1 1 1 1 1 1 1 1 1 1 1 1 1 1 1 1 1 1 1 1 1 1 1 1 1 1 1 1 1 1 1 1 1 1 1 1 1 1 1 1 1 1 1 1 1 1 1 1 1 1 1 1 1 1 1 1 1 1 1 1 1 1 1 1 1 1 1 1 1 1 1 1 1 1 1 1 1 1 1 1 1 1 1 1 1 1 1 1 1 1 1 1 1 1 1 1 1 1 1 1 1 1 1 1 1 1 1 1 1 1 1 1 1 1 1 1 1 1 1 1 1 1 1 1 1 1 1 1 1 1 1 1 1 1 1 1 1 1 1 1 1 1 1 1 1 1 1 1 1 1 1 1 1 1 1 1 1 1 1 1 1 1 1 1 1 1 1 1 1 1 1 1 1 1 1 1 1 1 1 1 1 1 1 1 1 1 1 1 1 1 1 1 1 1 1 1 1 1 1 1 1 1 1 1 1 1 1 1 1 1 1 1 1 1 1 1 1 1 1 1 1 1 1 1 1 1 1 1 1 1 1 1 1 1 1 1 1 1 1 1 1 1 1 1 1 1 1 1 1 1 1 1 1 1 1 1 1 1 1 1 1 1 1 1 1 1 1 1 1 1 1 1 1 1 1 1 1 1 1 1 1 1 1 1 1 1 1 1 1 1 1 1 1 1 1 1 1 1 1 1 1 1 1 1 1 1 1 1 1 1 1 1 1 1 1 1 1 1 1 1 1 1 1 1 1 1 1 1 1 1 1 1 1 1 1 1 1 1 1 1 1 1 1 1 1 1 1 1 1 1 1 1 1 1 1 1 1 1 1 1 1 1 1 1 1 1 1 1 1 1 1 1 1 1 1 1 1 1 1 1 1 1 1 1 1 1 1 1 1 1 1 1 1 1 1 1 1 1 1 1 1 1 1 1 1 1 1 1 1 1 1 1 1 1 1 1 1 1 1 1 1 1 1 1 1 1 1 1 1 1 1 1 1 1 1 1 1 1 1 1 1 1 1 1 1 1 1 1 1 1 1 1 1 1 1 1 1 1 1 1 1 1 1 1 1 1 1 1 1 1 1 1 1 1 1 1 1 1 1 1 1 1 1 1 1 1 1 1 1 1 1 1 1 1 1 1 1 1 1 1 1 1 1 1 1 1 1 1 1 1 1 1 1 1 1 1 1 1 1 1 1 1 1 1 1 1 1 1 1 1 1 1 1 1 1 1 1 1 1 1 1 1 1 1 1 1 1 1 1 1 1 1 1 1 1 1 1 1 1 1 1 1 1 1 1 1 1 1 1 1 1 1 1 1 1 1 1 1 1 1 1 1 1 1 1 1 1 1 1 1 1 1 1 1 1 1 1 1 1 1 1 1 1 1 1 1 1 1 1 1 1 1 1 1 1 1 1 1 1 1 1 1 1 1 1 1 1 1 1 1 1 1 1 1 1 1 1 1 1 1 1 1 1 1 1 1 1 1 1 1 1 1 1 1 1 1 1 1 1 1 1 1 1 1 1 1 1 1 1 1 1 1 1 1 1 1 1 1 1 1 1 1 1 1 1 1 1 1 1 1 1 1 1 1 1 1 1 1 1 1 1 1 1 1 1 1 1 1 1 1 1 1 1 1 1 1 1 1 1 1 1 1 1 1 1 1 1 1 1 1 1 1 1 1 1 1 1 1 1 1 1 1 1 1 1 1 1 1 1 1 1 1 1 1 1 1 1 1 1 1 1 1 1 1 1 1 1 1 1 1 1 1 1 1 1 1 1 1 1 1 1 1 1 1 1 1 1 1 1 1 1 1 1 1 1 1 1 1 1 1 1 1 1 1 1 1 1 1 1 1 1 1 1 1 1 1 1 1 1 1 1 1 1 1 1 1 1 1 1 1 1 1 1 1 1 1 1 1 1 1 1 1 1 1 1 1 1 1 1 1 1 1 1 1 1 1 1 1 1 1 1 1 1 1 1 1 1 1 1 1 1 1 1 1 1 1 1 1 1 1 1 1 1 1 1 1 1 1 1 1 1 1 1 1 1 1 1 1 1 1 1 1 1 1 1 1 1 1 1 1 1 1 1 1 1 1 1 1 1 1 1 1 1 1 1 1 1 1 1 1 1 1 1 1 1 1 1 1 1 1 1 1 1 1 1 1 1 1 1 1 1 1 1 1 1 1 1 1 1 1 1 1 1 1 1 1 1 1 1 1 1 1 1 1 1 1 1 1 1 1 1 1 1 1 1 1 1 1 1 1 1 1 1 1 1 1 1 1 1 1 1 1 1 1 1 1 1 1 1 1 1 1 1 1 1 1 1 1 1 1 1 1 1 1 1 1 1 1 1 1 1 1 1 1 1 1 1 1 1 1 1 1 1 1 1 1 1 1 1 1 1 1 1 1 1 1 1 1 1 1 1 1 1 1 1 1 1 1 1 1 1 1 1 1 1 1 1 1 1 1 1 1 1 1 1 1 1 1 1 1 1 1 1 1 1 1 1 1 1 1 1 1 1 1 1 1 1 1 1 1 1 1 1 1 1 1 1 1 1 1 1 1 1 1 1 1 1 1 1 1 1 1 1 1 1 1 1 1 1 1 1 1 1 1 1 1 1 1 1 1 1 1 1 1 1 1 1 1 1 1 1 1 1 1 1 1 1 1 1 1 1 1 1 1 1 1 1 1 1 1 1 1 1 1 1 1 1 1 1 1 1 1 1 1 1 1 1 1 1 1 1 1 1 1 1 1 1 1 1 1 1 1 1 1 1 1 1 1 1 1 1 1 1 1 1 1 1 1 1 1 1 1 1 1 1 1 1 1 1 1 1 1 1 1 1 1 1 1 1 1 1 1 1 1 1 1 1 1 1 1 1 1 1 1 1 1 1 1 1 1 1 1 1 1 1 1 1 1 1 1 1 1 1 1 1 1 1 1 1 1 1 1 1 1 1 1 1 1 1 1 1 1 1 1 1 1 1 1 1 1 1 1 1 1 1 1 1 1 1 1 1 1 1 1 1 1 1 1 1 1 1 1 1 1 1 1 1 1 1 1 1 1 1 1 1 1 1 1 1 1 1 1 1 1 1 1 1 1 1 1 1 1 1 1 1 1 1 1 1 1 1 1 1 1 1 1 1 1 1 1 1 1 1 1 1 1 1 1 1 1 1 1 1 1 1 1 1 1 1 1 1 1 1 1 1 1 1 1 1 1 1 1 1 1 1 1 1 1 1 1 1 1 1 1 1 1 1 1 1 1 1 1 1 1 1 1 1 1 1 1 1 1 1 1 1 1 1 1 1 1 1 1 1 1 1 1 1 1 1 1 1 1 1 1 1 1 1 1 1 1 1 1 1 1 1 1 1 1 1 1 1 1 1 1 1 1 1 1 1 1 1 1 1 1 1 1 1 1 1 1 1 1 1 1 1 1 1 1 1 1 1 1 1 1 1 1 1 1 1 1 1 1 1 1 1 1 1 1 1 1 1 1 1 1 1 1 1 1 1 1 1 1 1 1 1 1 1 1 1 1 1 1 1 1 1 1 1 1 1 1 1 1 1 1 1 1 1 1 1 1 1 1 1 1 1 1 1 1 1 1 1 1 1 1 1 1 1 1 1 1 1 1 1 1 1 1 1 1 1 1 1 1 1 1 1 1 1 1 1 1 1 1 1 1 1 1 1 1 1 1 1 1 1 1 1 1 1 1 1 1 1 1 1 1 1 1 1 1 1 1 1 1 1 1 1 1 1 1 1 1 1 1 1 1 1 1 1 1 1 1 1 1 1 1 1 1 1 1 1 1 1 1 1 1 1 1 1 1 1 1 1 1 1 1 1 1 1 1 1 1 1 1 1 1 1 1 1 1 1 1 1 1 1 1 1 1 1 1 1 1 1 1 1 1 1 1 1 1 1 1 1 1 1 1 1 1 1 1 1 1 1 1 </vcount>
          <v>0 0 0 0 0 0 0 0 0 0 0 0 0 0 0 0 0 0 0 0 0 0 0 0 0 0 0 0 0 0 0 0 0 0 0 0 0 0 0 0 0 0 0 0 0 0 0 0 0 0 0 0 0 0 0 0 0 0 0 0 0 0 0 0 0 0 0 0 0 0 0 0 0 0 0 0 0 0 0 0 0 0 0 0 0 0 0 0 0 0 0 0 0 0 0 0 0 0 0 0 0 0 0 0 0 0 0 0 0 0 0 0 0 0 0 0 0 0 0 0 0 0 0 0 0 0 0 0 0 0 0 0 0 0 0 0 0 0 0 0 0 0 0 0 0 0 0 0 0 0 0 0 0 0 0 0 0 0 0 0 0 0 0 0 0 0 0 0 0 0 0 0 0 0 0 0 0 0 0 0 0 0 0 0 0 0 0 0 0 0 0 0 0 0 0 0 0 0 0 0 0 0 0 0 0 0 0 0 0 0 0 0 0 0 0 0 0 0 0 0 0 0 0 0 0 0 0 0 0 0 0 0 0 0 0 0 0 0 0 0 0 0 0 0 0 0 0 0 0 0 0 0 0 0 0 0 0 0 0 0 0 0 0 0 0 0 0 0 0 0 0 0 0 0 0 0 0 0 0 0 0 0 0 0 0 0 0 0 0 0 0 0 0 0 0 0 0 0 0 0 0 0 0 0 0 0 0 0 0 0 0 0 0 0 0 0 0 0 0 0 0 0 0 0 0 0 0 0 0 0 0 0 0 0 0 0 0 0 0 0 0 0 0 0 0 0 0 0 0 0 0 0 0 0 0 0 0 0 0 0 0 0 0 0 0 0 0 0 0 0 0 0 0 0 0 0 0 0 0 0 0 0 0 0 0 0 0 0 0 0 0 0 0 0 0 0 0 0 0 0 0 0 0 0 0 0 0 0 0 0 0 0 0 0 0 0 0 0 0 0 0 0 0 0 0 0 0 0 0 0 0 0 0 0 0 0 0 0 0 0 0 0 0 0 0 0 0 0 0 0 0 0 0 0 0 0 0 0 0 0 0 0 0 0 0 0 0 0 0 0 0 0 0 0 0 0 0 0 0 0 0 0 0 0 0 0 0 0 0 0 0 0 0 0 0 0 0 0 0 0 0 0 0 0 0 0 0 0 0 0 0 0 0 0 0 0 0 0 0 0 0 0 0 0 0 0 0 0 0 0 0 0 0 0 0 0 0 0 0 0 0 0 0 0 0 0 0 0 0 0 0 0 0 0 0 0 0 0 0 0 0 0 0 0 0 0 0 0 0 0 0 0 0 0 0 0 0 0 0 0 0 0 0 0 0 0 0 0 0 0 0 0 0 0 0 0 0 0 0 0 0 0 0 0 0 0 0 0 0 0 0 0 0 0 0 0 0 0 0 0 0 0 0 0 0 0 0 0 0 0 0 0 0 0 0 0 0 0 0 0 0 0 0 0 0 0 0 0 0 0 0 0 0 0 0 0 0 0 0 0 0 0 0 0 0 0 0 0 0 0 0 0 0 0 0 0 0 0 0 0 0 0 0 0 0 0 0 0 0 0 0 0 0 0 0 0 0 0 0 0 0 0 0 0 0 0 0 0 0 0 0 0 0 0 0 0 0 0 0 0 0 0 0 0 0 0 0 0 0 0 0 0 0 0 0 0 0 0 0 0 0 0 0 0 0 0 0 0 0 0 0 0 0 0 0 0 0 0 0 0 0 0 0 0 0 0 0 0 0 0 0 0 0 0 0 0 0 0 0 0 0 0 0 0 0 0 0 0 0 0 0 0 0 0 0 0 0 0 0 0 0 0 0 0 0 0 0 0 0 0 0 0 0 0 0 0 0 0 0 0 0 0 0 0 0 0 0 0 0 0 0 0 0 0 0 0 0 0 0 0 0 0 0 0 0 0 0 0 0 0 0 0 0 0 0 0 0 0 0 0 0 0 0 0 0 0 0 0 0 0 0 0 0 0 0 0 0 0 0 0 0 0 0 0 0 0 0 0 0 0 0 0 0 0 0 0 0 0 0 0 0 0 0 0 0 0 0 0 0 0 0 0 0 0 0 0 0 0 0 0 0 0 0 0 0 0 0 0 0 0 0 0 0 0 0 0 0 0 0 0 0 0 0 0 0 0 0 0 0 0 0 0 0 0 0 0 0 0 0 0 0 0 0 0 0 0 0 0 0 0 0 0 0 0 0 0 0 0 0 0 0 0 0 0 0 0 0 0 0 0 0 0 0 0 0 0 0 0 0 0 0 0 0 0 0 0 0 0 0 0 0 0 0 0 0 0 0 0 0 0 0 0 0 0 0 0 0 0 0 0 0 0 0 0 0 0 0 0 0 0 0 0 0 0 0 0 0 0 0 0 0 0 0 0 0 0 0 0 0 0 0 0 0 0 0 0 0 0 0 0 0 0 0 0 0 0 0 0 0 0 0 0 0 0 0 0 0 0 0 0 0 0 0 0 0 0 0 0 0 0 0 0 0 0 0 0 0 0 0 0 0 0 0 0 0 0 0 0 0 0 0 0 0 0 0 0 0 0 0 0 0 0 0 0 0 0 0 0 0 0 0 0 0 0 0 0 0 0 0 0 0 0 0 0 0 0 0 0 0 0 0 0 0 0 0 0 0 0 0 0 0 0 0 0 0 0 0 0 0 0 0 0 0 0 0 0 0 0 0 0 0 0 0 0 0 0 0 0 0 0 0 0 0 0 0 0 0 0 0 0 0 0 0 0 0 0 0 0 0 0 0 0 0 0 0 0 0 0 0 0 0 0 0 0 0 0 0 0 0 0 0 0 0 0 0 0 0 0 0 0 0 0 0 0 0 0 0 0 0 0 0 0 0 0 0 0 0 0 0 0 0 0 0 0 0 0 0 0 0 0 0 0 0 0 0 0 0 0 0 0 0 0 0 0 0 0 0 0 0 0 0 0 0 0 0 0 0 0 0 0 0 0 0 0 0 0 0 0 0 0 0 0 0 0 0 0 0 0 0 0 0 0 0 0 0 0 0 0 0 0 0 0 0 0 0 0 0 0 0 0 0 0 0 0 0 0 0 0 0 0 0 0 0 0 0 0 0 0 0 0 0 0 0 0 0 0 0 0 0 0 0 0 0 0 0 0 0 0 0 0 0 0 0 0 0 0 0 0 0 0 0 0 0 0 0 0 0 0 0 0 0 0 0 0 0 0 0 0 0 0 0 0 0 0 0 0 0 0 0 0 0 0 0 0 0 0 0 0 0 0 0 0 0 0 0 0 0 0 0 0 0 0 0 0 0 0 0 0 0 0 0 0 0 0 0 0 0 0 0 0 0 0 0 0 0 0 0 0 0 0 0 0 0 0 0 0 0 0 0 0 0 0 0 0 0 0 0 0 0 0 0 0 0 0 0 0 0 0 0 0 0 0 0 0 0 0 0 0 0 0 0 0 0 0 0 0 0 0 0 0 0 0 0 0 0 0 0 0 0 0 0 0 0 0 0 0 0 0 0 0 0 0 0 0 0 0 0 0 0 0 0 0 0 0 0 0 0 0 0 0 0 0 0 0 0 0 0 0 0 0 0 0 0 0 0 0 0 0 0 0 0 0 0 0 0 0 0 0 0 0 0 0 0 0 0 0 0 0 0 0 0 0 0 0 0 0 0 0 0 0 0 0 0 0 0 0 0 0 0 0 0 0 0 0 0 0 0 0 0 0 0 0 0 0 0 0 0 0 0 0 0 0 0 0 0 0 0 0 0 0 0 0 0 0 0 0 0 0 0 0 0 0 0 0 0 0 0 0 0 0 0 0 0 0 0 0 0 0 0 0 0 0 0 0 0 0 0 0 0 0 0 0 0 0 0 0 0 0 0 0 0 0 0 0 0 0 0 0 0 0 0 0 0 0 0 0 0 0 0 0 0 0 0 0 0 0 0 0 0 0 0 0 0 0 0 0 0 0 0 0 0 0 0 0 0 0 0 0 0 0 0 0 0 0 0 0 0 0 0 0 0 0 0 0 0 0 0 0 0 0 0 0 0 0 0 0 0 0 0 0 0 0 0 0 0 0 0 0 0 0 0 0 0 0 0 0 0 0 0 0 0 0 0 0 0 0 0 0 0 0 0 0 0 0 0 0 0 0 0 0 0 0 0 0 0 0 0 0 0 0 0 0 0 0 0 0 0 0 0 0 0 0 0 0 0 0 0 0 0 0 0 0 0 0 0 0 0 0 0 0 0 0 0 0 0 0 0 0 0 0 0 0 0 0 0 0 0 0 0 0 0 0 0 0 0 0 0 0 0 0 0 0 0 0 0 0 0 0 0 0 0 0 0 0 0 0 0 0 0 0 0 0 0 0 0 0 0 0 0 0 0 0 0 0 0 0 0 0 0 0 0 0 0 0 0 0 0 0 0 0 0 0 0 0 0 0 0 0 0 0 0 0 0 0 0 0 0 0 0 0 0 0 0 0 0 0 0 0 0 0 0 0 0 0 0 0 0 0 0 0 0 0 0 0 0 0 0 0 0 0 0 0 0 0 0 0 0 0 0 0 0 0 0 0 0 0 0 0 0 0 0 0 0 0 0 0 0 0 0 0 0 0 0 0 0 0 0 0 0 0 0 0 0 0 0 0 0 0 0 0 0 0 0 0 0 0 0 0 0 0 0 0 0 0 0 0 0 0 0 0 0 0 0 0 0 0 0 0 0 0 0 0 0 0 0 0 0 0 0 0 0 0 0 0 0 0 0 0 0 0 0 0 0 0 0 0 0 0 0 0 0 0 0 0 0 0 0 0 0 0 0 0 0 0 0 0 0 0 0 0 0 0 0 0 0 0 0 0 0 0 0 0 0 0 0 0 0 0 0 0 0 0 0 0 0 0 0 0 0 0 0 0 0 0 0 0 0 0 0 0 0 0 0 0 0 0 0 0 0 0 0 0 0 0 0 0 0 0 0 0 0 0 0 0 0 0 0 0 0 0 0 0 0 0 0 0 0 0 0 0 0 0 0 0 0 0 0 0 0 0 0 0 0 0 0 0 0 0 0 0 0 0 0 0 0 0 0 0 0 0 0 0 0 0 0 0 0 0 0 0 0 0 0 0 0 0 0 0 0 0 0 0 0 0 0 0 0 0 0 0 0 0 0 0 0 0 0 0 0 0 0 0 0 0 0 0 0 0 0 0 0 0 0 0 0 0 0 0 0 0 0 0 0 0 0 0 0 0 0 0 0 0 0 0 0 0 0 0 0 0 0 0 0 0 0 0 0 0 0 0 0 0 0 0 0 0 0 0 0 0 0 0 0 0 0 0 0 0 0 0 0 0 0 0 0 0 0 0 0 0 0 0 0 0 0 0 0 0 0 0 0 0 0 0 0 0 0 0 0 0 0 0 0 0 0 0 0 0 0 0 0 0 0 0 0 0 0 0 0 0 0 0 0 0 0 0 0 0 0 0 0 0 0 0 0 0 0 0 0 0 0 0 0 0 0 0 0 0 0 0 0 0 0 0 0 0 0 0 0 0 0 0 0 0 0 0 0 0 0 0 0 0 0 0 0 0 0 0 0 0 0 0 0 0 0 0 0 0 0 0 0 0 0 0 0 0 0 0 0 0 0 0 0 0 0 0 0 0 0 0 0 0 0 0 0 0 0 0 0 0 0 0 0 0 0 0 0 0 0 0 0 0 0 0 0 0 0 0 0 0 0 0 0 0 0 0 0 0 0 0 0 0 0 0 0 0 0 0 0 0 0 0 0 0 0 0 0 0 0 0 0 0 0 0 0 0 0 0 0 0 0 0 0 0 0 0 0 0 0 0 0 0 0 0 0 0 0 0 0 0 0 0 0 0 0 0 0 0 0 0 0 0 0 0 0 0 0 0 0 0 0 0 0 0 0 0 0 0 0 0 0 0 0 0 0 0 0 0 0 0 0 0 0 0 0 0 0 0 0 0 0 0 0 0 0 0 0 0 0 0 0 0 0 0 0 0 0 0 0 0 0 0 0 0 0 0 0 0 0 0 0 0 0 0 0 0 0 0 0 0 0 0 0 0 0 0 0 0 0 0 0 0 0 0 0 0 0 0 0 0 0 0 0 0 0 0 0 0 0 0 0 0 0 0 0 0 0 0 0 0 0 0 0 0 0 0 0 0 0 0 0 0 0 0 0 0 0 0 0 0 0 0 0 0 0 0 0 0 0 0 0 0 0 0 0 0 0 0 0 0 0 0 0 0 0 0 0 0 0 0 0 0 0 0 0 0 0 0 0 0 0 0 0 0 0 0 0 0 0 0 0 0 0 0 0 0 0 0 0 0 0 0 0 0 0 0 0 0 0 0 0 0 0 0 0 0 0 0 0 0 0 0 0 0 0 0 0 0 0 0 0 0 0 0 0 0 0 0 0 0 0 0 0 0 0 0 0 0 0 0 0 0 0 0 0 0 0 0 0 0 0 0 0 0 0 0 0 0 0 0 0 0 0 0 0 0 0 0 0 0 0 0 0 0 0 0 0 0 0 0 0 0 0 0 0 0 0 0 0 0 0 0 0 0 0 0 0 0 0 0 0 0 0 0 0 0 0 0 0 0 0 0 0 0 0 0 0 0 0 0 0 0 0 0 0 0 0 0 0 0 0 0 0 0 0 0 0 0 0 0 0 0 0 0 0 0 0 0 0 0 0 0 0 0 0 0 0 0 0 0 0 0 0 0 0 0 0 0 0 0 0 0 0 0 0 0 0 0 0 0 0 0 0 0 0 0 0 0 0 0 0 0 0 0 0 0 0 0 0 0 0 0 0 0 0 0 0 0 0 0 0 0 0 0 0 0 0 0 0 0 0 0 0 0 0 0 0 0 0 0 0 0 0 0 0 0 0 0 0 0 0 0 0 0 0 0 0 0 0 0 0 0 0 0 0 0 0 0 0 0 0 0 0 0 0 0 0 0 0 0 0 0 0 0 0 0 0 0 0 0 0 0 0 0 0 0 0 0 0 0 0 0 0 0 0 0 0 0 0 0 0 0 0 0 0 0 0 0 0 0 0 0 0 0 0 0 0 0 0 0 0 0 0 0 0 0 0 0 0 0 0 0 0 0 0 0 0 0 0 0 0 0 0 0 0 0 0 0 0 0 0 0 0 0 0 0 0 0 0 0 0 0 0 0 0 0 0 0 0 0 0 0 0 0 0 0 0 0 0 0 0 0 0 0 0 0 0 0 0 0 0 0 0 0 0 0 0 0 0 0 0 0 0 0 0 0 0 0 0 0 0 0 0 0 0 0 0 0 0 0 0 0 0 0 0 0 0 0 0 0 0 0 0 0 0 0 0 0 0 0 0 0 0 0 0 0 0 0 0 0 0 0 0 0 0 0 0 0 0 0 0 0 0 0 0 0 0 0 0 0 0 0 0 0 0 0 0 0 0 0 0 0 0 0 0 0 0 0 0 0 0 0 0 0 0 0 0 0 0 0 0 0 0 0 0 0 0 0 0 0 0 0 0 0 0 0 0 0 0 0 0 0 0 0 0 0 0 0 0 0 0 0 0 0 0 0 0 0 0 0 0 0 0 0 0 0 0 0 0 0 0 0 0 0 0 0 0 0 0 0 0 0 0 0 0 0 0 0 0 0 0 0 0 0 0 0 0 0 0 0 0 0 0 0 0 0 0 0 0 0 0 0 0 0 0 0 0 0 0 0 0 0 0 0 0 0 0 0 0 0 0 0 0 0 0 0 0 0 0 0 0 0 0 0 0 0 0 0 0 0 0 0 0 0 0 0 0 0 0 0 0 0 0 0 0 0 0 0 0 0 0 0 0 0 0 0 0 0 0 0 0 0 0 0 0 0 0 0 0 0 0 0 0 0 0 0 0 0 0 0 0 0 0 0 0 0 0 0 0 0 0 0 0 0 0 0 0 0 0 0 0 0 0 0 0 0 0 0 0 0 0 0 0 0 0 0 0 0 0 0 0 0 0 0 0 0 0 0 0 0 0 0 0 0 0 0 0 0 0 0 0 0 0 0 0 0 0 0 0 0 0 0 0 0 0 0 0 0 0 0 0 0 0 0 0 0 0 0 0 0 0 0 0 0 0 0 0 0 0 0 0 0 0 0 0 0 0 0 0 0 0 0 0 0 0 0 0 0 0 0 0 0 0 0 0 0 0 0 0 0 0 0 0 0 0 0 0 0 0 0 0 0 0 0 0 0 0 0 0 0 0 0 0 0 0 0 0 0 0 0 0 0 0 0 0 0 0 0 0 0 0 0 0 0 0 0 0 0 0 0 0 0 0 0 0 0 0 0 0 0 0 0 0 0 0 0 0 0 0 0 0 0 0 0 0 0 0 0 0 0 0 0 0 0 0 0 0 0 0 0 0 0 0 0 0 0 0 0 0 0 0 0 0 0 0 0 0 0 0 0 0 0 0 0 0 0 0 0 0 0 0 0 0 0 0 0 0 0 0 0 0 0 0 0 0 0 0 0 0 0 0 0 0 0 0 0 0 0 0 0 0 0 0 0 0 0 0 0 0 0 0 0 0 0 0 0 0 0 0 0 0 0 0 0 0 0 0 0 0 0 0 0 0 0 0 0 0 0 0 0 0 0 0 0 0 0 0 0 0 0 0 0 0 0 0 0 0 0 0 0 0 0 0 0 0 0 0 0 0 0 0 0 0 0 0 0 0 0 0 0 0 0 0 0 0 0 0 0 0 0 0 0 0 0 0 0 0 0 0 0 0 0 0 0 0 0 0 0 0 0 0 0 0 0 0 0 0 0 0 0 0 0 0 0 0 0 0 0 0 0 0 0 0 0 0 0 0 0 0 0 0 0 0 0 0 0 0 0 0 0 0 0 0 0 0 0 0 0 0 0 0 0 0 0 0 0 0 0 0 0 0 0 0 0 0 0 0 0 0 0 0 0 0 0 0 0 0 0 0 0 0 0 0 0 0 0 0 0 0 0 0 0 0 0 0 0 0 0 0 0 0 0 0 0 0 0 0 0 0 0 0 0 0 0 0 0 0 0 0 0 0 0 0 0 0 0 0 0 0 0 0 0 0 0 0 0 0 0 0 0 0 0 0 0 0 0 0 0 0 0 0 0 0 0 0 0 0 0 0 0 0 0 0 0 0 0 0 0 0 0 0 0 0 0 0 0 0 0 0 0 0 0 0 0 0 0 0 0 0 0 0 0 0 0 0 0 0 0 0 0 0 0 0 0 0 0 0 0 0 0 0 0 0 0 0 0 0 0 0 0 0 0 0 0 0 0 0 0 0 0 0 0 0 0 0 0 0 0 0 0 0 0 0 0 0 0 0 0 0 0 0 0 0 0 0 0 0 0 0 0 0 0 0 0 0 0 0 0 0 0 0 0 0 0 0 0 0 0 0 0 0 0 0 0 0 0 0 0 0 0 0 0 0 0 0 0 0 0 0 0 0 0 0 0 0 0 0 0 0 0 0 0 0 0 0 0 0 0 0 0 0 0 0 0 0 0 0 0 0 0 0 0 0 0 0 0 0 0 0 0 0 0 0 0 0 0 0 0 0 0 0 0 0 0 0 0 0 0 0 0 0 0 0 0 0 0 0 0 0 0 0 0 0 0 0 0 0 0 0 0 0 0 0 0 0 0 0 0 0 0 0 0 0 0 0 0 0 0 0 0 0 0 0 0 0 0 0 0 0 0 0 0 0 0 0 0 0 0 0 0 0 0 0 0 0 0 0 0 0 0 0 0 0 0 0 0 0 0 0 0 0 0 0 0 0 0 0 0 0 0 0 0 0 0 0 0 0 0 0 0 0 0 0 0 0 0 0 0 0 0 0 0 0 0 0 0 0 0 0 0 0 0 0 0 0 0 0 0 0 0 0 0 0 0 0 0 0 0 0 0 0 0 0 0 0 0 0 0 0 0 0 0 0 0 0 0 0 0 0 0 0 0 0 0 0 0 0 0 0 0 0 0 0 0 0 0 0 0 0 0 0 0 0 0 0 0 0 0 0 0 0 0 0 0 0 0 0 0 0 0 0 0 0 0 0 0 0 0 0 0 0 0 0 0 0 0 0 0 0 0 0 0 0 0 0 0 0 0 0 0 0 0 0 0 0 0 0 0 0 0 0 0 0 0 0 0 0 0 0 0 0 0 0 0 0 0 0 0 0 0 0 0 0 0 0 0 0 0 0 0 0 0 0 0 0 0 0 0 0 0 0 0 0 0 0 0 0 0 0 0 0 0 0 0 0 0 0 0 0 0 0 0 0 0 0 0 0 0 0 0 0 0 0 0 0 0 0 0 0 0 0 0 0 0 0 0 0 0 0 0 0 0 0 0 0 0 0 0 0 0 0 0 0 0 0 0 0 0 0 0 0 0 0 0 0 0 0 0 0 0 0 0 0 0 0 0 0 0 0 0 0 0 0 0 0 0 0 0 0 0 0 0 0 0 0 0 0 0 0 0 0 0 0 0 0 0 0 0 0 0 0 0 0 0 0 0 0 0 0 0 0 0 0 0 0 0 0 0 0 0 0 0 0 0 0 0 0 0 0 0 0 0 0 0 0 0 0 0 0 0 0 0 0 0 0 0 0 0 0 0 0 0 0 0 0 0 0 0 0 0 0 0 0 0 0 0 0 0 0 0 0 0 0 0 0 0 0 0 0 0 0 0 0 0 0 0 0 0 0 0 0 0 0 0 0 0 0 0 0 0 0 0 0 0 0 0 0 0 0 0 0 0 0 0 0 0 0 0 0 0 0 0 0 0 0 0 0 0 0 0 0 0 0 0 0 0 0 0 0 0 0 0 0 0 0 0 0 0 0 0 0 0 0 0 0 0 0 0 0 0 0 0 0 0 0 0 0 0 0 0 0 0 0 0 0 0 0 0 0 0 0 0 0 0 0 0 0 0 0 0 0 0 0 0 0 0 0 0 0 0 0 0 0 0 0 0 0 0 0 0 0 0 0 0 0 0 0 0 0 0 0 0 0 0 0 0 0 0 0 0 0 0 0 0 0 0 0 0 0 0 0 0 0 0 0 0 0 0 0 0 0 0 0 0 0 0 0 0 0 0 0 0 0 0 0 0 0 0 0 0 0 0 0 0 0 0 0 0 0 0 0 0 0 0 0 0 0 0 0 0 0 0 0 0 0 0 0 0 0 0 0 0 0 0 0 0 0 0 0 0 0 0 0 0 0 0 0 0 0 0 0 0 0 0 0 0 0 0 0 0 0 0 0 0 0 0 0 0 0 0 0 0 0 0 0 0 0 0 0 0 0 0 0 0 0 0 0 0 0 0 0 0 0 0 0 0 0 0 0 0 0 0 0 0 0 0 0 0 0 0 0 0 0 0 0 0 0 0 0 0 0 0 0 0 0 0 0 0 0 0 0 0 0 0 0 0 0 0 0 0 0 0 0 0 0 0 0 0 0 0 0 0 0 0 0 0 0 0 0 0 0 0 0 0 0 0 0 0 0 0 0 0 0 0 0 0 0 0 0 0 0 0 0 0 0 0 0 0 0 0 0 0 0 0 0 0 0 0 0 0 0 0 0 0 0 0 0 0 0 0 0 0 0 0 0 0 0 0 0 0 0 0 0 0 0 0 0 0 0 0 0 0 0 0 0 0 0 0 0 0 0 0 0 0 0 0 0 0 0 0 0 0 0 0 0 0 0 0 0 0 0 0 0 0 0 0 0 0 0 0 0 0 0 0 0 0 0 0 0 0 0 0 0 0 0 0 0 0 0 0 0 0 0 0 0 0 0 0 0 0 0 0 0 0 0 0 0 0 0 0 0 0 0 0 0 0 0 0 0 0 0 0 0 0 0 0 0 0 0 0 0 0 0 0 0 0 0 0 0 0 0 0 0 0 0 0 0 0 0 0 0 0 0 0 0 0 0 0 0 0 0 0 0 0 0 0 0 0 0 0 0 0 0 0 0 0 0 0 0 0 0 0 0 0 0 0 0 0 0 0 0 0 0 0 0 0 0 0 0 0 0 0 0 0 0 0 0 0 0 0 0 0 0 0 0 0 0 0 0 0 0 0 0 0 0 0 0 0 0 0 0 0 0 0 0 0 0 0 0 0 0 0 0 0 0 0 0 0 0 0 0 0 0 0 0 0 0 0 0 0 0 0 0 0 0 0 0 0 0 0 0 0 0 0 0 0 0 0 0 0 0 0 0 0 0 0 0 0 0 0 0 0 0 0 0 0 0 0 0 0 0 0 0 0 0 0 0 0 0 0 0 0 0 0 0 0 0 0 0 0 0 0 0 0 0 0 0 0 0 0 0 0 0 0 0 0 0 0 0 0 0 0 0 0 0 0 0 0 0 0 0 0 0 0 0 0 0 0 0 0 0 0 0 0 0 0 0 0 0 0 0 0 0 0 0 0 0 0 0 0 0 0 0 0 0 0 0 0 0 0 0 0 0 0 0 0 0 0 0 0 0 0 0 0 0 0 0 0 0 0 0 0 0 0 0 0 0 0 0 0 0 0 0 0 0 0 0 0 0 0 0 0 0 0 0 0 0 0 0 0 0 0 0 0 0 0 0 0 0 0 0 0 0 0 0 0 0 0 0 0 0 0 0 0 0 0 0 0 0 0 0 0 0 0 0 0 0 0 0 0 0 0 0 0 0 0 0 0 0 0 0 0 0 0 0 0 0 0 0 0 0 0 0 0 0 0 0 0 0 0 0 0 0 0 0 0 0 0 0 0 0 0 0 0 0 0 0 0 0 0 0 0 0 0 0 0 0 0 0 0 0 0 0 0 0 0 0 0 0 0 0 0 0 0 0 0 0 0 0 0 0 0 0 0 0 0 0 0 0 0 0 0 0 0 0 0 0 0 0 0 0 0 0 0 0 0 0 0 0 0 0 0 0 0 0 0 0 0 0 0 0 0 0 0 0 0 0 0 0 0 0 0 0 0 0 0 0 0 0 0 0 0 0 0 0 0 0 0 0 0 0 0 0 0 0 0 0 0 0 0 0 0 0 0 0 0 0 0 0 0 0 0 0 0 0 0 0 0 0 0 0 0 0 0 0 0 0 0 0 0 0 0 0 0 0 0 0 0 0 0 0 0 0 0 0 0 0 0 0 0 0 0 0 0 0 0 0 0 0 0 0 0 0 0 0 0 0 0 0 0 0 0 0 0 0 0 0 0 0 0 0 0 0 0 0 0 0 0 0 0 0 0 0 0 0 0 0 0 0 0 0 0 0 0 0 0 0 0 0 0 0 0 0 0 0 0 0 0 0 0 0 0 0 0 0 0 0 0 0 0 0 0 0 0 0 0 0 0 0 0 0 0 0 0 0 0 0 0 0 0 0 0 0 0 0 0 0 0 0 0 0 0 0 0 0 0 0 0 0 0 0 0 0 0 0 0 0 0 0 0 0 0 0 0 0 0 0 0 0 0 0 0 0 0 0 0 0 0 0 0 0 0 0 0 0 0 0 0 0 0 0 0 0 0 0 0 0 0 0 0 0 0 0 0 0 0 0 0 0 0 0 0 0 0 0 0 0 0 0 0 0 0 0 0 0 0 0 0 0 0 0 0 0 0 0 0 0 0 0 0 0 0 0 0 0 0 0 0 0 0 0 0 0 0 0 0 0 0 0 0 0 0 0 0 0 0 0 0 0 0 0 0 0 0 0 0 0 0 0 0 0 0 0 0 0 0 0 0 0 0 0 0 0 0 0 0 0 0 0 0 0 0 0 0 0 0 0 0 0 0 0 0 0 0 0 0 0 0 0 0 0 0 0 0 0 0 0 0 0 0 0 0 0 0 0 0 0 0 0 0 0 0 0 0 0 0 0 0 0 0 0 0 0 0 0 0 0 0 0 0 0 0 0 0 0 0 0 0 0 0 0 0 0 0 0 0 0 0 0 0 0 0 0 0 0 0 0 0 0 0 0 0 0 0 0 0 0 0 0 0 0 0 0 0 0 0 0 0 0 0 0 0 0 0 0 0 0 0 0 0 0 0 0 0 0 0 0 0 0 0 0 0 0 0 0 0 0 0 0 0 0 0 0 0 0 0 0 0 0 0 0 0 0 0 0 0 0 0 0 0 0 0 0 0 0 0 0 0 0 0 0 0 0 0 0 0 0 0 0 0 0 0 0 0 0 0 0 0 0 0 0 0 0 0 0 0 0 0 0 0 0 0 0 0 0 0 0 0 0 0 0 0 0 0 0 0 0 0 0 0 0 0 0 0 0 0 0 0 0 0 0 0 0 0 0 0 0 0 0 0 0 0 0 0 0 0 0 0 0 0 0 0 0 0 0 0 0 0 0 0 0 0 0 0 0 0 0 0 0 0 0 0 0 0 0 0 0 0 0 0 0 0 0 0 0 0 0 0 0 0 0 0 0 0 0 0 0 0 0 0 0 0 0 0 0 0 0 0 0 0 0 0 0 0 0 0 0 0 0 0 0 0 0 0 0 0 0 0 0 0 0 0 0 0 0 0 0 0 0 0 0 0 0 0 0 0 0 0 0 0 0 0 0 0 0 0 0 0 0 0 0 0 0 0 0 0 0 0 0 0 0 0 0 0 0 0 0 0 0 0 0 0 0 0 0 0 0 0 0 0 0 0 0 0 0 0 0 0 0 0 0 0 0 0 0 0 0 0 0 0 0 0 0 0 0 0 0 0 0 0 0 0 0 0 0 0 0 0 0 0 0 0 0 0 0 0 0 0 0 0 0 0 0 0 0 0 0 0 0 0 0 0 0 0 0 0 0 0 0 0 0 0 0 0 0 0 0 0 0 0 0 0 0 0 0 0 0 0 0 0 0 0 0 0 0 0 0 0 0 0 0 0 0 0 0 0 0 0 0 0 0 0 0 0 0 0 0 0 0 0 0 0 0 0 0 0 0 0 0 0 0 0 0 0 0 0 0 0 0 0 0 0 0 0 0 0 0 0 0 0 0 0 0 0 0 0 0 0 0 0 0 0 0 0 0 0 0 0 0 0 0 0 0 0 0 0 0 0 0 0 0 0 0 0 0 0 0 0 0 0 0 0 0 0 0 0 0 0 0 0 0 0 0 0 0 0 0 0 0 0 0 0 0 0 0 0 0 0 0 0 0 0 0 0 0 0 0 0 0 0 0 0 0 0 0 0 0 0 0 0 0 0 0 0 0 0 0 0 0 0 0 0 0 0 0 0 0 0 0 0 0 0 0 0 0 0 0 0 0 0 0 0 0 0 0 0 0 0 0 0 0 0 0 0 0 0 0 0 0 0 0 0 0 0 0 0 0 0 0 0 0 0 0 0 0 0 0 0 0 0 0 0 0 0 0 0 0 0 0 0 0 0 0 0 0 0 0 0 0 0 0 0 0 0 0 0 0 0 0 0 0 0 0 0 0 0 0 0 0 0 0 0 0 0 0 0 0 0 0 0 0 0 0 0 0 0 0 0 0 0 0 0 0 0 0 0 0 0 0 0 0 0 0 0 0 0 0 0 0 0 0 0 0 0 0 0 0 0 0 0 0 0 0 0 0 0 0 0 0 0 0 0 0 0 0 0 0 0 0 0 0 0 0 0 0 0 0 0 0 0 0 0 0 0 0 0 0 0 0 0 0 0 0 0 0 0 0 0 0 0 0 0 0 0 0 0 0 0 0 0 0 0 0 0 0 0 0 0 0 0 0 0 0 0 0 0 0 0 0 0 0 0 0 0 0 0 0 0 0 0 0 0 0 0 0 0 0 0 0 0 0 0 0 0 0 0 0 0 0 0 0 0 0 0 0 0 0 0 0 0 0 0 0 0 0 0 0 0 0 0 0 0 0 0 0 0 0 0 0 0 0 0 0 0 0 0 0 0 0 0 0 0 0 0 0 0 0 0 0 0 0 0 0 0 0 0 0 0 0 0 0 0 0 0 0 0 0 0 0 0 0 0 0 0 0 0 0 0 0 0 0 0 0 0 0 0 0 0 0 0 0 0 0 0 0 0 0 0 0 0 0 0 0 0 0 0 0 0 0 0 0 0 0 0 0 0 0 0 0 0 0 0 0 0 0 0 0 0 0 0 0 0 0 0 0 0 0 0 0 0 0 0 0 0 0 0 0 0 0 0 0 0 0 0 0 0 0 0 0 0 0 0 0 0 0 0 0 0 0 0 0 0 0 0 0 0 0 0 0 0 0 0 0 0 0 0 0 0 0 0 0 0 0 0 0 0 0 0 0 0 0 0 0 0 0 0 0 0 0 0 0 0 0 0 0 0 0 0 0 0 0 0 0 0 0 0 0 0 0 0 0 0 0 0 0 0 0 0 0 0 0 0 0 0 0 0 0 0 0 0 0 0 0 0 0 0 0 0 0 0 0 0 0 0 0 0 0 0 0 0 0 0 0 0 0 0 0 0 0 0 0 0 0 0 0 0 0 0 0 0 0 0 0 0 0 0 0 0 0 0 0 0 0 0 0 0 0 0 0 0 0 0 0 0 0 0 0 0 0 0 0 0 0 0 0 0 0 0 0 0 0 0 0 0 0 0 0 0 0 0 0 0 0 0 0 0 0 0 0 0 0 0 0 0 0 0 0 0 0 0 0 0 0 0 0 0 0 0 0 0 0 0 0 0 0 0 0 0 0 0 0 0 0 0 0 0 0 0 0 0 0 0 0 0 0 0 0 0 0 0 0 0 0 0 0 0 0 0 0 0 0 0 0 0 0 0 0 0 0 0 0 0 0 0 0 0 0 0 0 0 0 0 0 0 0 0 0 0 0 0 0 0 0 0 0 0 0 0 0 0 0 0 0 0 0 0 0 0 0 0 0 0 0 0 0 0 0 0 0 0 0 0 0 0 0 0 0 0 0 0 0 0 0 0 0 0 0 0 0 0 0 0 0 0 0 0 0 0 0 0 0 0 0 0 0 0 0 0 0 0 0 0 0 0 0 0 0 0 0 0 0 0 0 0 0 0 0 0 0 0 0 0 0 0 0 0 0 0 0 0 0 0 0 0 0 0 0 0 0 0 0 0 0 0 0 0 0 0 0 0 0 0 0 0 0 0 0 0 0 0 0 0 0 0 0 0 0 0 0 0 0 0 0 0 0 0 0 0 0 0 0 0 0 0 0 0 0 0 0 0 0 0 0 0 0 0 0 0 0 0 0 0 0 0 0 0 0 0 0 0 0 0 0 0 0 0 0 0 0 0 0 0 0 0 0 0 0 0 0 0 0 0 </v>
        </vertex_weights>
      </skin>
    </controller>
    <controller id="Armature_CollisionM__CollisionC-mesh">
      <skin source="#CollisionM__CollisionC-mesh">
        <bind_shape_matrix>1 0 0 0 0 1 0 0 0 0 1 0 0 0 0 1</bind_shape_matrix>
        <source id="CollisionM__CollisionC-mesh-joint">
          <Name_array id="CollisionM__CollisionC-mesh-joint-array" count="1">CmFillerObjectA03L</Name_array>
          <technique_common>
            <accessor source="#CollisionM__CollisionC-mesh-joint-array" count="1" stride="1">
              <param name="JOINT" type="name" />
            </accessor>
          </technique_common>
        </source>
        <source id="CollisionM__CollisionC-mesh-inv_bind_matrix">
          <float_array id="CollisionM__CollisionC-mesh-inv_bind_matrix-array" count="16">1 0 0 0 0 1 0 0 0 0 1 0 0 0 0 1</float_array>
          <technique_common>
            <accessor source="#CollisionM__CollisionC-mesh-inv_bind_matrix-array" count="1" stride="16">
              <param name="TRANSFORM" type="float4x4" />
            </accessor>
          </technique_common>
        </source>
        <source id="CollisionM__CollisionC-mesh-weight">
          <float_array id="CollisionM__CollisionC-mesh-weight-array" count="1">1</float_array>
          <technique_common>
            <accessor source="#CollisionM__CollisionC-mesh-weight-array" count="1" stride="1">
              <param name="WEIGHT" type="float" />
            </accessor>
          </technique_common>
        </source>
        <joints>
          <input semantic="JOINT" source="#CollisionM__CollisionC-mesh-joint" />
          <input semantic="INV_BIND_MATRIX" source="#CollisionM__CollisionC-mesh-inv_bind_matrix" />
        </joints>
        <vertex_weights count="1">
          <input semantic="JOINT" source="#CollisionM__CollisionC-mesh-joint" offset="0" />
          <input semantic="WEIGHT" source="#CollisionM__CollisionC-mesh-weight" offset="1" />
          <vcount>1 </vcount>
          <v>0 0 </v>
        </vertex_weights>
      </skin>
    </controller>
  </library_controllers>
  <library_visual_scenes>
    <visual_scene id="Scene" name="Scene">
      <node id="Armature" name="Armature" type="NODE">
        <matrix sid="transform">1 0 0 0 0 1 0 0 0 0 1 0 0 0 0 1</matrix>
        <node id="Armature_CmFillerObjectA03L" name="CmFillerObjectA03L" sid="CmFillerObjectA03L" type="JOINT">
          <matrix sid="transform">1 0 0 0 0 1 0 0 0 0 1 0 0 0 0 1</matrix>
        </node>
      </node>
      <node id="CmFillerObjectAM1_pCube35_polySurface2__CmFillerObjectA03C" name="CmFillerObjectAM1_pCube35_polySurface2__CmFillerObjectA03C" type="NODE">
        <instance_controller url="#Armature_CmFillerObjectAM1_pCube35_polySurface2__CmFillerObjectA03C-mesh">
          <skeleton>#Armature_CmFillerObjectA03L</skeleton>
          <bind_material>
            <technique_common>
              <instance_material symbol="CmFillerObjectA03C" target="#CmFillerObjectA03C" />
              <bind_vertex_input semantic="CHANNEL0" input_semantic="TEXCOORD" input_set="0" />
              <bind_vertex_input semantic="CHANNEL1" input_semantic="TEXCOORD" input_set="1" />
              <bind_vertex_input semantic="CHANNEL2" input_semantic="TEXCOORD" input_set="2" />
            </technique_common>
          </bind_material>
        </instance_controller>
      </node>
      <node id="CollisionM__CollisionC" name="CollisionM__CollisionC" type="NODE">
        <instance_controller url="#Armature_CollisionM__CollisionC-mesh">
          <skeleton>#Armature_CmFillerObjectA03L</skeleton>
          <bind_material>
            <technique_common>
              <instance_material symbol="CollisionC" target="#CollisionC" />
              <bind_vertex_input semantic="CHANNEL0" input_semantic="TEXCOORD" input_set="0" />
              <bind_vertex_input semantic="CHANNEL1" input_semantic="TEXCOORD" input_set="1" />
              <bind_vertex_input semantic="CHANNEL2" input_semantic="TEXCOORD" input_set="2" />
            </technique_common>
          </bind_material>
        </instance_controller>
      </node>
    </visual_scene>
  </library_visual_scenes>
  <scene>
    <instance_visual_scene url="#Scene" />
  </scene>
</COLLADA>