<?xml version="1.0" encoding="utf-8"?>
<COLLADA xmlns="http://www.collada.org/2005/11/COLLADASchema" version="1.4.1">
  <asset />
  <library_images>
    <image id="CmFillerObjectBC_BaseColor.1893212905">
      <init_from>CmFillerObjectBC_BaseColor.1893212905.png</init_from>
    </image>
    <image id="CmFillerObjectBC_MRA.1540993231">
      <init_from>CmFillerObjectBC_MRA.1540993231.png</init_from>
    </image>
    <image id="CmFillerObjectBC_Normal._568127623">
      <init_from>CmFillerObjectBC_Normal._568127623.png</init_from>
    </image>
  </library_images>
  <library_materials>
    <material id="CmFillerObjectBC">
      <instance_effect url="#Effect_CmFillerObjectBC" />
    </material>
    <material id="CollisionC">
      <instance_effect url="#Effect_CollisionC" />
    </material>
  </library_materials>
  <library_effects>
    <effect id="Effect_CmFillerObjectBC">
      <profile_COMMON>
        <newparam sid="surface_CmFillerObjectBC-diffuse">
          <surface type="2D">
            <init_from>CmFillerObjectBC_BaseColor.1893212905</init_from>
            <format>A8R8G8B8</format>
          </surface>
        </newparam>
        <newparam sid="sampler_CmFillerObjectBC-diffuse">
          <sampler2D>
            <source>surface_CmFillerObjectBC-diffuse</source>
            <wrap_s>WRAP</wrap_s>
            <wrap_t>WRAP</wrap_t>
          </sampler2D>
        </newparam>
        <newparam sid="surface_CmFillerObjectBC-bump">
          <surface type="2D">
            <init_from>CmFillerObjectBC_Normal._568127623</init_from>
            <format>A8R8G8B8</format>
          </surface>
        </newparam>
        <newparam sid="sampler_CmFillerObjectBC-bump">
          <sampler2D>
            <source>surface_CmFillerObjectBC-bump</source>
            <wrap_s>WRAP</wrap_s>
            <wrap_t>WRAP</wrap_t>
          </sampler2D>
        </newparam>
        <technique sid="common">
          <phong>
            <diffuse>
              <texture texture="sampler_CmFillerObjectBC-diffuse" texcoord="CHANNEL0" />
            </diffuse>
            <bump>
              <texture texture="sampler_CmFillerObjectBC-bump" texcoord="CHANNEL0" />
            </bump>
            <emission>
              <color sid="emission">0 0 0 1</color>
            </emission>
            <specular>
              <color sid="specular">0 0 0 1</color>
            </specular>
          </phong>
        </technique>
      </profile_COMMON>
    </effect>
    <effect id="Effect_CollisionC">
      <profile_COMMON>
        <technique sid="common">
          <phong>
            <diffuse>
              <color sid="diffuse">1 1 1 1</color>
            </diffuse>
            <emission>
              <color sid="emission">0 0 0 1</color>
            </emission>
            <specular>
              <color sid="specular">0 0 0 1</color>
            </specular>
          </phong>
        </technique>
      </profile_COMMON>
    </effect>
  </library_effects>
  <library_geometries>
    <geometry id="CollisionM__CollisionC-mesh" name="CollisionM__CollisionC">
      <mesh>
        <source id="CollisionM__CollisionC-position">
          <float_array id="CollisionM__CollisionC-position-array" count="3">0 0 0</float_array>
          <technique_common>
            <accessor source="#CollisionM__CollisionC-position-array" count="1" stride="3">
              <param name="X" type="float" />
              <param name="Y" type="float" />
              <param name="Z" type="float" />
            </accessor>
          </technique_common>
        </source>
        <vertices id="CollisionM__CollisionC-vertex">
          <input semantic="POSITION" source="#CollisionM__CollisionC-position" />
        </vertices>
        <triangles material="CollisionC" count="1">
          <input semantic="VERTEX" source="#CollisionM__CollisionC-vertex" offset="0" />
          <p>0 0 0 </p>
        </triangles>
      </mesh>
    </geometry>
    <geometry id="dai__CmFillerObjectBC-mesh" name="dai__CmFillerObjectBC">
      <mesh>
        <source id="dai__CmFillerObjectBC-position">
          <float_array id="dai__CmFillerObjectBC-position-array" count="6036">-0.8798532 0.26964 0.9258683 0.8798532 0.26964 0.9258683 -0.8798532 0.26964 -0.9258683 0.8798532 0.26964 -0.9258683 -0.8086185 0 0.8712902 -0.5913811 0 0.8712902 -0.8086185 0.1219603 0.8712902 -0.5913811 0.1219603 0.8712902 -0.8086185 0.1219603 -0.8712902 -0.5913811 0.1219603 -0.8712902 -0.8086185 0 -0.8712902 -0.5913811 0 -0.8712902 0.5913811 0 0.8712902 0.8086185 0 0.8712902 0.5913811 0.1219603 0.8712902 0.8086185 0.1219603 0.8712902 0.5913811 0.1219603 -0.8712902 0.8086185 0.1219603 -0.8712902 0.5913811 0 -0.8712902 0.8086185 0 -0.8712902 -0.4738727 2.261031 -0.9664633 -0.5104399 2.456972 -0.9829077 -0.4667697 2.261731 -0.9734674 -0.5033369 2.457671 -0.9899119 0.9360113 2.402583 -0.8547139 0.8207703 2.240149 -0.8730155 0.937952 2.402407 -0.8645222 0.822711 2.239973 -0.8828238 0.996479 0.8980644 0.5625072 0.9011168 0.7829962 0.4295957 1.00465 0.8979097 0.5567445 0.9092879 0.7828415 0.423833 -0.8492117 0.6165941 -0.8894808 0.8292122 0.816594 -0.8894808 -0.8492117 0.8165941 -0.8894808 0.8292122 1.016594 -0.8894808 0.9628024 0.9787376 0.5118073 0.8863511 0.8256347 0.4082955 0.996479 0.8980644 0.5625072 0.9011168 0.7829962 0.4295957 0.8733768 1.116594 0.8335447 0.8733768 1.316594 0.8335447 0.8733768 1.711699 -0.8453164 0.8733768 1.911698 -0.8453164 -0.8767209 0.6153009 -0.8728253 -0.8492117 0.6165941 -0.8894808 -0.8767209 0.8153009 -0.8728253 -0.8492117 0.8165941 -0.8894808 0.657259 1.237679 -0.8912252 0.4936337 1.332664 -0.9893135 0.6605582 1.234271 -0.9000287 0.4974165 1.331332 -0.9987394 0.8733768 1.711699 -0.8453164 0.8733768 1.911698 -0.8453164 0.85675 1.713849 -0.8725497 0.85675 1.913849 -0.8725497 0.7163467 1.308589 -0.8965286 0.5815926 1.453719 -0.9402899 0.657259 1.237679 -0.8912252 0.4936337 1.332664 -0.9893135 -0.7618861 0.26964 -0.3483421 -0.7618861 3.194101 -0.3483421 -0.7418623 3.194101 -0.3 -0.7418623 0.26964 -0.3 -0.7618861 3.194101 -0.2516579 -0.7618861 0.26964 -0.2516579 -0.8102283 3.194101 -0.2316339 -0.8102283 0.26964 -0.2316339 -0.8585706 3.194101 -0.2516579 -0.8585706 0.26964 -0.2516579 -0.8785944 3.194101 -0.3 -0.8785944 0.26964 -0.3 -0.8585706 3.194101 -0.3483421 -0.8585706 0.26964 -0.3483421 -0.8102283 3.194101 -0.3683661 -0.8102283 0.26964 -0.3683661 -0.7618861 3.194101 -0.3483421 -0.7618861 0.26964 -0.3483421 -0.7618861 0.26964 0.2516579 -0.7618861 3.194101 0.2516579 -0.7418623 3.194101 0.3 -0.7418623 0.26964 0.3 -0.7618861 3.194101 0.3483421 -0.7618861 0.26964 0.3483421 -0.8102283 3.194101 0.3683661 -0.8102283 0.26964 0.3683661 -0.8585706 3.194101 0.3483421 -0.8585706 0.26964 0.3483421 -0.8785944 3.194101 0.3 -0.8785944 0.26964 0.3 -0.8585706 3.194101 0.2516579 -0.8585706 0.26964 0.2516579 -0.8102283 3.194101 0.2316339 -0.8102283 0.26964 0.2316339 -0.7618861 3.194101 0.2516579 -0.7618861 0.26964 0.2516579 -0.3483424 0.26964 -0.8490011 -0.3483424 3.194101 -0.8490011 -0.3000002 3.194101 -0.8690251 -0.3000002 0.26964 -0.8690251 -0.251658 3.194101 -0.8490011 -0.251658 0.26964 -0.8490011 -0.2316341 3.194101 -0.800659 -0.2316341 0.26964 -0.800659 -0.251658 3.194101 -0.7523169 -0.251658 0.26964 -0.7523169 -0.3000002 3.194101 -0.732293 -0.3000002 0.26964 -0.732293 -0.3483424 3.194101 -0.7523169 -0.3483424 0.26964 -0.7523169 -0.3683662 3.194101 -0.800659 -0.3683662 0.26964 -0.800659 -0.3483424 3.194101 -0.8490011 -0.3483424 0.26964 -0.8490011 0.251658 0.26964 -0.8490011 0.251658 3.194101 -0.8490011 0.3000002 3.194101 -0.8690251 0.3000002 0.26964 -0.8690251 0.3483424 3.194101 -0.8490011 0.3483424 0.26964 -0.8490011 0.3683662 3.194101 -0.800659 0.3683662 0.26964 -0.800659 0.3483424 3.194101 -0.7523169 0.3483424 0.26964 -0.7523169 0.3000002 3.194101 -0.732293 0.3000002 0.26964 -0.732293 0.251658 3.194101 -0.7523169 0.251658 0.26964 -0.7523169 0.2316341 3.194101 -0.800659 0.2316341 0.26964 -0.800659 0.251658 3.194101 -0.8490011 0.251658 0.26964 -0.8490011 0.8381138 0.26964 -0.3483421 0.8381138 3.194101 -0.3483421 0.8581376 3.194101 -0.3 0.8581376 0.26964 -0.3 0.8381138 3.194101 -0.2516579 0.8381138 0.26964 -0.2516579 0.7897716 3.194101 -0.2316339 0.7897716 0.26964 -0.2316339 0.7414293 3.194101 -0.2516579 0.7414293 0.26964 -0.2516579 0.7214055 3.194101 -0.3 0.7214055 0.26964 -0.3 0.7414293 3.194101 -0.3483421 0.7414293 0.26964 -0.3483421 0.7897716 3.194101 -0.3683661 0.7897716 0.26964 -0.3683661 0.8381138 3.194101 -0.3483421 0.8381138 0.26964 -0.3483421 0.8381138 0.26964 0.2516579 0.8381138 3.194101 0.2516579 0.8581376 3.194101 0.3 0.8581376 0.26964 0.3 0.8381138 3.194101 0.3483421 0.8381138 0.26964 0.3483421 0.7897716 3.194101 0.3683661 0.7897716 0.26964 0.3683661 0.7414293 3.194101 0.3483421 0.7414293 0.26964 0.3483421 0.7214055 3.194101 0.3 0.7214055 0.26964 0.3 0.7414293 3.194101 0.2516579 0.7414293 0.26964 0.2516579 0.7897716 3.194101 0.2316339 0.7897716 0.26964 0.2316339 0.8381138 3.194101 0.2516579 0.8381138 0.26964 0.2516579 -0.8086185 0 -0.8712902 -0.5913811 0 -0.8712902 -0.8086185 -3.72529E-09 -0.5470942 -0.5913811 -3.72529E-09 -0.5470942 -0.8086185 0.05 -0.3411268 -0.5913811 0.05 -0.3411268 -0.8086185 0.05 0.3411264 -0.5913811 0.05 0.3411267 -0.8086185 -3.72529E-09 0.5470942 -0.5913811 -3.72529E-09 0.5470942 -0.8086185 0 0.8712902 -0.5913811 0 0.8712902 0.5913811 0 -0.8712902 0.8086185 0 -0.8712902 0.5913811 -3.72529E-09 -0.5470942 0.8086185 -3.72529E-09 -0.5470942 0.5913811 0.05 -0.3411268 0.8086185 0.05 -0.3411268 0.5913811 0.05 0.3411264 0.8086185 0.05 0.3411267 0.5913811 -3.72529E-09 0.5470942 0.8086185 -3.72529E-09 0.5470942 0.5913811 0 0.8712902 0.8086185 0 0.8712902 0.937952 2.402407 -0.8645222 0.822711 2.239973 -0.8828238 0.7888002 2.264699 -0.8915625 0.8998208 2.430145 -0.8709819 0.7607756 2.284282 -0.895218 0.8547482 2.460125 -0.8823704 0.7370625 2.29838 -0.8942657 0.799655 2.487542 -0.8894034 0.7320504 2.502891 -0.8909083 0.6988764 2.301933 -0.8959677 0.6988764 2.501933 -0.8959677 -0.8533444 2.521526 -0.8994902 -0.8533444 2.721526 -0.8994902 -0.884491 2.522759 -0.8806682 -0.884491 2.722759 -0.8806683 -0.9033766 2.721526 -0.8494583 -0.9033766 2.521526 -0.849458 -0.9033766 2.621526 0.8376874 -0.9033766 2.421526 0.8376866 -0.8792644 2.620475 0.8736321 -0.8792644 2.420475 0.8736319 -0.8533545 2.421526 0.8877091 -0.853354 2.621526 0.8877091 0.8333545 2.621526 0.8877091 0.8333545 2.821526 0.8877091 0.8645129 2.622621 0.8688768 0.8645129 2.822621 0.8688769 0.8833771 2.821526 0.8376866 0.8833771 2.621526 0.8376863 0.8833771 2.721526 -0.849458 0.8833771 2.521526 -0.8494583 0.8644662 2.52221 -0.8806317 0.8644738 2.72217 -0.8805918 0.8333812 2.721419 -0.8994537 0.8333807 2.521419 -0.8994536 -0.3115048 2.521709 -0.9069095 -0.3115044 2.313982 -0.899475 -0.3473639 2.515438 -0.9079093 -0.3465042 2.305829 -0.9070137 -0.3850603 2.505626 -0.9123337 -0.3789024 2.296478 -0.9110697 -0.423872 2.491369 -0.9245618 -0.4079208 2.285965 -0.9211214 -0.4635534 2.473905 -0.9490111 -0.4361882 2.274024 -0.94016 -0.5033369 2.457671 -0.9899119 -0.4667697 2.261731 -0.9734674 -0.4738727 2.261031 -0.9664633 -0.4667697 2.261731 -0.9734674 -0.4361882 2.274024 -0.94016 -0.4424734 2.273513 -0.9323078 -0.4079208 2.285965 -0.9211214 -0.4121814 2.285779 -0.9119936 -0.3789024 2.296478 -0.9110697 -0.3810778 2.296464 -0.9012606 -0.3477135 2.30586 -0.8970872 -0.3465042 2.305829 -0.9070137 -0.3115044 2.313982 -0.899475 -0.3121567 2.314172 -0.8894808 0.8333807 2.521419 -0.8994536 0.8292122 2.521526 -0.8894808 0.8566713 2.522178 -0.872854 0.8644662 2.52221 -0.8806317 0.8833771 2.521526 -0.8494583 0.8733768 2.521526 -0.8453164 0.8833771 2.621526 0.8376863 0.8733768 2.621526 0.8335447 0.8567214 2.622497 0.8610823 0.8645129 2.622621 0.8688768 0.8333545 2.621526 0.8877091 0.8292122 2.621526 0.8777092 -0.8533545 2.421526 0.8877091 -0.8492117 2.421526 0.8777092 -0.8720875 2.420593 0.8652806 -0.8792644 2.420475 0.8736319 -0.9033766 2.421526 0.8376866 -0.8933764 2.421526 0.8335447 -0.9033766 2.521526 -0.849458 -0.8933764 2.521526 -0.8453164 -0.8767047 2.522619 -0.8728663 -0.884491 2.522759 -0.8806682 -0.8533444 2.521526 -0.8994902 -0.8492117 2.521526 -0.8894808 0.6988764 2.301933 -0.8959677 0.6983914 2.301886 -0.8859687 0.7364593 2.298247 -0.8842788 0.7370625 2.29838 -0.8942657 0.7594042 2.284309 -0.8852967 0.7607756 2.284282 -0.895218 0.7869015 2.264878 -0.8817461 0.7888002 2.264699 -0.8915625 0.822711 2.239973 -0.8828238 0.8207703 2.240149 -0.8730155 -0.5104399 2.456972 -0.9829077 -0.4738727 2.261031 -0.9664633 -0.4424734 2.273513 -0.9323078 -0.4698391 2.473394 -0.9411595 -0.4121814 2.285779 -0.9119936 -0.4281321 2.491183 -0.9154339 -0.3810778 2.296464 -0.9012606 -0.3872356 2.505613 -0.9025247 -0.3477135 2.30586 -0.8970872 -0.3485994 2.515633 -0.8979879 -0.3121567 2.314172 -0.8894808 -0.3121567 2.521899 -0.8969153 0.8292122 2.521526 -0.8894808 0.8292122 2.721526 -0.8894808 0.8566713 2.522178 -0.872854 0.856678 2.722142 -0.8728189 0.8733768 2.721526 -0.8453164 0.8733768 2.521526 -0.8453164 0.8733768 2.621526 0.8335447 0.8733768 2.821526 0.8335447 0.8567214 2.622497 0.8610823 0.8567214 2.822498 0.8610823 0.8292122 2.821526 0.8777092 0.8292122 2.621526 0.8777092 -0.8492117 2.621526 0.8777092 -0.8492117 2.421526 0.8777092 -0.8720865 2.620593 0.8652806 -0.8720875 2.420593 0.8652806 -0.8933764 2.421526 0.8335447 -0.8933764 2.621526 0.8335447 -0.8933764 2.521526 -0.8453164 -0.8933764 2.721526 -0.8453164 -0.8767047 2.522619 -0.8728663 -0.8767047 2.722619 -0.8728663 -0.8492117 2.721526 -0.8894808 -0.8492117 2.521526 -0.8894808 0.6983914 2.501886 -0.8859687 0.6983914 2.301886 -0.8859687 0.7314477 2.502758 -0.8809214 0.7364593 2.298247 -0.8842788 0.7991076 2.487394 -0.8794153 0.7594042 2.284309 -0.8852967 0.8533778 2.460152 -0.872449 0.7869015 2.264878 -0.8817461 0.8978801 2.430321 -0.8611737 0.8207703 2.240149 -0.8730155 0.9360113 2.402583 -0.8547139 -0.8520031 0.6165941 -0.8994808 -0.8520031 0.8165941 -0.8994808 0.8319941 0.816594 -0.8994808 0.8319941 1.016594 -0.8994808 0.8640637 0.8169776 -0.880141 0.8640642 1.016978 -0.8801408 0.8834057 1.016594 -0.8480491 0.8834062 0.816594 -0.8480487 0.8712363 0.8724661 0.3143297 0.8712363 1.072466 0.3143293 0.8950443 1.059081 0.3701342 0.8723516 0.8687823 0.3274675 0.9095592 1.050959 0.4013528 0.8792543 0.8586942 0.3670571 0.9379807 1.027932 0.4506511 0.8836188 0.8462053 0.3872426 0.9709735 0.9785829 0.5060447 0.8946314 0.825186 0.4027065 1.00465 0.8979097 0.5567445 0.9092879 0.7828415 0.423833 -0.8492117 0.6165941 -0.8894808 -0.8520031 0.6165941 -0.8994808 0.8319941 0.816594 -0.8994808 0.8292122 0.816594 -0.8894808 0.8640637 0.8169776 -0.880141 0.8567781 0.8169776 -0.872857 0.8733768 0.816594 -0.8453164 0.8834062 0.816594 -0.8480487 0.8712363 0.8724661 0.3143297 0.861218 0.8725541 0.3160513 0.8723516 0.8687823 0.3274675 0.8628983 0.869218 0.3307161 0.8792543 0.8586942 0.3670571 0.8700171 0.8594527 0.3709034 0.8836188 0.8462053 0.3872426 0.8750224 0.8468346 0.3923492 0.8863511 0.8256347 0.4082955 0.8946314 0.825186 0.4027065 0.9011168 0.7829962 0.4295957 0.9092879 0.7828415 0.423833 0.8833771 1.711699 -0.8481273 0.8833771 1.911698 -0.848127 0.8833771 1.316594 0.8366166 0.8833771 1.116594 0.836616 0.8589845 1.315765 0.8725681 0.858984 1.115764 0.8725685 0.8318105 1.116594 0.8877091 0.831811 1.316594 0.8877091 -0.8520069 1.016594 0.8877091 -0.8520064 0.816594 0.8877091 -0.8839512 1.016279 0.8683355 -0.8839517 0.8162789 0.8683351 -0.9033766 0.816594 0.8363425 -0.9033766 1.016594 0.8363431 -0.9033766 0.8165941 -0.8481078 -0.9033766 0.6165941 -0.8481086 -0.8840027 0.8153009 -0.8801066 -0.8840027 0.6153009 -0.8801067 -0.8520031 0.6165941 -0.8994808 -0.8520031 0.8165941 -0.8994808 0.8733768 1.711699 -0.8453164 0.8833771 1.711699 -0.8481273 0.8833771 1.116594 0.836616 0.8733768 1.116594 0.8335447 0.858984 1.115764 0.8725685 0.8520427 1.115764 0.8649883 0.8292122 1.116594 0.8777092 0.8318105 1.116594 0.8877091 -0.8520064 0.816594 0.8877091 -0.8492117 0.816594 0.8777092 -0.8839517 0.8162789 0.8683351 -0.8766737 0.8162789 0.8610536 -0.8933764 0.816594 0.8335447 -0.9033766 0.816594 0.8363425 -0.9033766 0.6165941 -0.8481086 -0.8933764 0.6165941 -0.8453164 -0.8840027 0.6153009 -0.8801067 -0.8767209 0.6153009 -0.8728253 -0.8492117 0.6165941 -0.8894808 -0.8520031 0.6165941 -0.8994808 -0.8767209 0.6153009 -0.8728253 -0.8767209 0.8153009 -0.8728253 -0.8933764 0.6165941 -0.8453164 -0.8933764 0.8165941 -0.8453164 -0.8933764 0.816594 0.8335447 -0.8933764 1.016594 0.8335447 -0.8766737 1.016279 0.8610536 -0.8766737 0.8162789 0.8610536 -0.8492117 0.816594 0.8777092 -0.8492117 1.016594 0.8777092 0.8292122 1.116594 0.8777092 0.8292122 1.316594 0.8777092 0.8520427 1.315764 0.8649884 0.8520427 1.115764 0.8649883 0.8733768 1.116594 0.8335447 0.8733768 1.316594 0.8335447 0.657259 1.237679 -0.8912252 0.6605582 1.234271 -0.9000287 0.7163467 1.308589 -0.8965286 0.7212543 1.307135 -0.9054857 0.763495 1.348835 -0.8848641 0.7657981 1.348178 -0.8945843 0.8013306 1.373922 -0.8792464 0.804431 1.373483 -0.8888308 0.835495 1.396269 -0.8703934 0.8403616 1.396353 -0.8791606 0.8682461 1.416799 -0.8453164 0.8782411 1.416887 -0.8507172 0.8798704 1.411699 0.8361138 0.8698678 1.411699 0.8335447 0.8623595 1.411683 0.867875 0.8547974 1.411683 0.8608795 0.8292122 1.411699 0.8777092 0.8322062 1.411699 0.8877091 -0.8519993 1.411699 0.8877091 -0.8492117 1.411699 0.8777092 -0.8840437 1.411052 0.8683351 -0.8767591 1.411052 0.8610536 -0.8933764 1.411699 0.8335447 -0.9033766 1.411699 0.8363305 -0.9033766 1.611699 -0.8481035 -0.8933764 1.611699 -0.8453164 -0.8840337 1.61202 -0.8801064 -0.8767495 1.61202 -0.8728253 -0.8492117 1.611699 -0.8894808 -0.8520002 1.611699 -0.8994808 0.8320403 1.711699 -0.8994808 0.8292122 1.711699 -0.8894808 0.8640337 1.713849 -0.8798105 0.85675 1.713849 -0.8725497 0.8733768 1.711699 -0.8453164 0.8833771 1.711699 -0.8481273 0.5815926 1.453719 -0.9402899 0.7163467 1.308589 -0.8965286 0.763495 1.348835 -0.8848641 0.6717811 1.525617 -0.9183989 0.8013306 1.373922 -0.8792464 0.756319 1.568761 -0.9063666 0.835495 1.396269 -0.8703934 0.8413525 1.600855 -0.859983 0.8682461 1.416799 -0.8453164 0.8682461 1.616799 -0.8453164 0.8698678 1.611698 0.8335447 0.8698678 1.411699 0.8335447 0.8547974 1.611682 0.8608795 0.8547974 1.411683 0.8608795 0.8292122 1.611698 0.8777092 0.8292122 1.411699 0.8777092 -0.8492117 1.611698 0.8777092 -0.8492117 1.411699 0.8777092 -0.8767591 1.611052 0.8610536 -0.8767591 1.411052 0.8610536 -0.8933764 1.411699 0.8335447 -0.8933764 1.611698 0.8335447 -0.8933764 1.611699 -0.8453164 -0.8933764 1.811698 -0.8453164 -0.8767495 1.61202 -0.8728253 -0.8767495 1.81202 -0.8728253 -0.8492117 1.811698 -0.8894808 -0.8492117 1.611699 -0.8894808 0.8292122 1.711699 -0.8894808 0.8292122 1.911698 -0.8894808 0.85675 1.713849 -0.8725497 0.85675 1.913849 -0.8725497 0.9093866 0.1219602 0.9258683 0.8798532 0.1219602 0.9554012 -0.8798532 0.1219602 0.9554012 -0.9093866 0.1219602 0.9258683 0.9093866 0.1219602 -0.9258683 -0.9093866 0.1219602 -0.9258683 -0.8798532 0.1219602 -0.9554012 0.8798532 0.1219602 -0.9554012 -0.8086185 0 -0.8712902 -0.8086185 -3.72529E-09 -0.5470942 -0.8086185 0.1219603 -0.8712902 -0.8086185 0.1219603 -0.5470942 -0.8086185 0.05 -0.3411268 -0.8086185 0.1219603 -0.3411268 -0.8086185 0.05 0.3411264 -0.8086185 0.1219603 0.3411264 -0.8086185 0.1219603 0.5470942 -0.8086185 -3.72529E-09 0.5470942 -0.8086185 0 0.8712902 -0.8086185 0.1219603 0.8712902 -0.5913811 0 0.8712902 -0.5913811 -3.72529E-09 0.5470942 -0.5913811 0.1219603 0.8712902 -0.5913811 0.1219603 0.5470942 -0.5913811 0.05 0.3411267 -0.5913811 0.1219603 0.3411267 -0.5913811 0.05 -0.3411268 -0.5913811 0.1219603 -0.3411268 -0.5913811 0.1219603 -0.5470942 -0.5913811 -3.72529E-09 -0.5470942 -0.5913811 0 -0.8712902 -0.5913811 0.1219603 -0.8712902 0.5913811 0 -0.8712902 0.5913811 -3.72529E-09 -0.5470942 0.5913811 0.1219603 -0.8712902 0.5913811 0.1219603 -0.5470942 0.5913811 0.05 -0.3411268 0.5913811 0.1219603 -0.3411268 0.5913811 0.05 0.3411264 0.5913811 0.1219603 0.3411264 0.5913811 0.1219603 0.5470942 0.5913811 -3.72529E-09 0.5470942 0.5913811 0 0.8712902 0.5913811 0.1219603 0.8712902 0.8086185 0 0.8712902 0.8086185 -3.72529E-09 0.5470942 0.8086185 0.1219603 0.8712902 0.8086185 0.1219603 0.5470942 0.8086185 0.05 0.3411267 0.8086185 0.1219603 0.3411267 0.8086185 0.05 -0.3411268 0.8086185 0.1219603 -0.3411268 0.8086185 0.1219603 -0.5470942 0.8086185 -3.72529E-09 -0.5470942 0.8086185 0 -0.8712902 0.8086185 0.1219603 -0.8712902 0.9628024 0.9787376 0.5118073 0.8750224 0.8468346 0.3923492 0.8863511 0.8256347 0.4082955 0.9293818 1.028562 0.4557537 0.8700171 0.8594527 0.3709034 0.900322 1.051718 0.4051995 0.8628983 0.869218 0.3307161 0.885592 1.059511 0.3733869 0.861218 0.8725541 0.3160513 0.861218 1.072554 0.3160513 0.8733768 1.016594 -0.8453164 0.8733768 0.816594 -0.8453164 0.8567781 0.8169776 -0.872857 0.8567781 1.016978 -0.872857 0.8292122 1.016594 -0.8894808 0.8292122 0.816594 -0.8894808 0.4974165 1.331332 -0.9987394 0.7212543 1.307135 -0.9054857 0.6605582 1.234271 -0.9000287 0.5849218 1.453947 -0.9497613 0.7657981 1.348178 -0.8945843 0.6740861 1.52496 -0.9281185 0.804431 1.373483 -0.8888308 0.7594204 1.568323 -0.9159509 0.8403616 1.396353 -0.8791606 0.8462181 1.600939 -0.8687508 0.8782411 1.416887 -0.8507172 0.8782411 1.616887 -0.8507169 0.8798704 1.611698 0.8361139 0.8798704 1.411699 0.8361138 0.8623595 1.411683 0.867875 0.86236 1.611682 0.8678746 0.8322062 1.611698 0.8877091 0.8322062 1.411699 0.8877091 -0.8519998 1.611698 0.8877091 -0.8519993 1.411699 0.8877091 -0.8840437 1.611052 0.8683347 -0.8840437 1.411052 0.8683351 -0.9033766 1.411699 0.8363305 -0.9033766 1.611698 0.8363308 -0.9033766 1.611699 -0.8481035 -0.9033766 1.811698 -0.8481035 -0.8840337 1.61202 -0.8801064 -0.8840337 1.81202 -0.8801064 -0.8520007 1.811698 -0.8994808 -0.8520002 1.611699 -0.8994808 0.8320403 1.711699 -0.8994808 0.8320403 1.911698 -0.8994808 0.8640337 1.713849 -0.8798105 0.8640337 1.913849 -0.8798103 0.8833771 1.911698 -0.848127 0.8833771 1.711699 -0.8481273 -0.4635534 2.473905 -0.9490111 -0.5033369 2.457671 -0.9899119 -0.5104399 2.456972 -0.9829077 -0.4698391 2.473394 -0.9411595 -0.4281321 2.491183 -0.9154339 -0.423872 2.491369 -0.9245618 -0.3872356 2.505613 -0.9025247 -0.3850603 2.505626 -0.9123337 -0.3485994 2.515633 -0.8979879 -0.3473639 2.515438 -0.9079093 -0.3121567 2.521899 -0.8969153 -0.3115048 2.521709 -0.9069095 0.8292122 2.721526 -0.8894808 0.8333812 2.721419 -0.8994537 0.856678 2.722142 -0.8728189 0.8644738 2.72217 -0.8805918 0.8833771 2.721526 -0.849458 0.8733768 2.721526 -0.8453164 0.8733768 2.821526 0.8335447 0.8833771 2.821526 0.8376866 0.8567214 2.822498 0.8610823 0.8645129 2.822621 0.8688769 0.8333545 2.821526 0.8877091 0.8292122 2.821526 0.8777092 -0.8492117 2.621526 0.8777092 -0.853354 2.621526 0.8877091 -0.8720865 2.620593 0.8652806 -0.8792644 2.620475 0.8736321 -0.9033766 2.621526 0.8376874 -0.8933764 2.621526 0.8335447 -0.8933764 2.721526 -0.8453164 -0.9033766 2.721526 -0.8494583 -0.8767047 2.722619 -0.8728663 -0.884491 2.722759 -0.8806683 -0.8533444 2.721526 -0.8994902 -0.8492117 2.721526 -0.8894808 0.6983914 2.501886 -0.8859687 0.6988764 2.501933 -0.8959677 0.7320504 2.502891 -0.8909083 0.7314477 2.502758 -0.8809214 0.7991076 2.487394 -0.8794153 0.799655 2.487542 -0.8894034 0.8547482 2.460125 -0.8823704 0.8533778 2.460152 -0.872449 0.8998208 2.430145 -0.8709819 0.8978801 2.430321 -0.8611737 0.9360113 2.402583 -0.8547139 0.937952 2.402407 -0.8645222 -0.8492117 0.8165941 -0.8894808 0.8292122 1.016594 -0.8894808 -0.8520031 0.8165941 -0.8994808 0.8319941 1.016594 -0.8994808 0.8640642 1.016978 -0.8801408 0.8567781 1.016978 -0.872857 0.8733768 1.016594 -0.8453164 0.8834057 1.016594 -0.8480491 0.861218 1.072554 0.3160513 0.8712363 1.072466 0.3143293 0.885592 1.059511 0.3733869 0.8950443 1.059081 0.3701342 0.900322 1.051718 0.4051995 0.9095592 1.050959 0.4013528 0.9293818 1.028562 0.4557537 0.9379807 1.027932 0.4506511 0.9709735 0.9785829 0.5060447 0.9628024 0.9787376 0.5118073 0.996479 0.8980644 0.5625072 1.00465 0.8979097 0.5567445 0.8733768 1.911698 -0.8453164 0.8733768 1.316594 0.8335447 0.8833771 1.911698 -0.848127 0.8833771 1.316594 0.8366166 0.8589845 1.315765 0.8725681 0.8520427 1.315764 0.8649884 0.8292122 1.316594 0.8777092 0.831811 1.316594 0.8877091 -0.8492117 1.016594 0.8777092 -0.8520069 1.016594 0.8877091 -0.8839512 1.016279 0.8683355 -0.8766737 1.016279 0.8610536 -0.8933764 1.016594 0.8335447 -0.9033766 1.016594 0.8363431 -0.8933764 0.8165941 -0.8453164 -0.9033766 0.8165941 -0.8481078 -0.8840027 0.8153009 -0.8801066 -0.8767209 0.8153009 -0.8728253 -0.8492117 0.8165941 -0.8894808 -0.8520031 0.8165941 -0.8994808 0.5849218 1.453947 -0.9497613 0.4974165 1.331332 -0.9987394 0.4936337 1.332664 -0.9893135 0.5815926 1.453719 -0.9402899 0.6717811 1.525617 -0.9183989 0.6740861 1.52496 -0.9281185 0.756319 1.568761 -0.9063666 0.7594204 1.568323 -0.9159509 0.8462181 1.600939 -0.8687508 0.8413525 1.600855 -0.859983 0.8682461 1.616799 -0.8453164 0.8782411 1.616887 -0.8507169 0.8698678 1.611698 0.8335447 0.8798704 1.611698 0.8361139 0.86236 1.611682 0.8678746 0.8547974 1.611682 0.8608795 0.8292122 1.611698 0.8777092 0.8322062 1.611698 0.8877091 -0.8492117 1.611698 0.8777092 -0.8519998 1.611698 0.8877091 -0.8840437 1.611052 0.8683347 -0.8767591 1.611052 0.8610536 -0.8933764 1.611698 0.8335447 -0.9033766 1.611698 0.8363308 -0.8933764 1.811698 -0.8453164 -0.9033766 1.811698 -0.8481035 -0.8840337 1.81202 -0.8801064 -0.8767495 1.81202 -0.8728253 -0.8492117 1.811698 -0.8894808 -0.8520007 1.811698 -0.8994808 0.8292122 1.911698 -0.8894808 0.8320403 1.911698 -0.8994808 0.8640337 1.913849 -0.8798103 0.85675 1.913849 -0.8725497 0.8733768 1.911698 -0.8453164 0.8833771 1.911698 -0.848127 -0.8102283 0.4420793 -0.695694 -0.8651772 0.4193187 -0.695694 -0.8102283 0.4420793 0.695694 -0.8651772 0.4193187 0.695694 -0.8879375 0.36437 -0.695694 -0.8102283 0.4392426 0.7252264 -0.8879375 0.36437 0.695694 -0.8651772 0.3094212 -0.695694 -0.8651772 0.4218605 0.7359388 -0.8651772 0.3094212 0.695694 -0.8102283 0.2866607 -0.695694 -0.8879375 0.3727419 0.7541764 -0.8651772 0.4288619 0.742501 -0.8102283 0.2866607 0.695694 -0.7552795 0.3094212 -0.695694 -0.8651772 0.46964 0.7450511 -0.8102283 0.46964 0.7222908 -0.8102283 2.901261 0.7222908 -0.8879375 0.4109551 0.7918303 -0.8879375 0.46964 0.8 -0.8651772 2.901261 0.7450511 -0.810441 3.011858 0.7147989 -0.8653669 3.015691 0.7369742 -0.8108931 3.075781 0.6846471 -0.8879375 2.901261 0.8 -0.865839 3.090607 0.7006612 -0.8113365 3.108245 0.6268234 -0.8880739 3.025095 0.7903502 -0.8651772 0.46964 0.8549488 -0.8651772 2.901261 0.8549488 -0.8651772 0.3930484 0.8411596 -0.8102283 0.46964 0.8777092 -0.8651772 0.3236234 0.7724144 -0.8102283 0.3856312 0.8615923 -0.8102283 0.3032779 0.7799687 -0.7552795 0.3094212 0.695694 -0.7325191 0.36437 -0.695694 -0.7552795 0.3236234 0.7724144 -0.7325191 0.36437 0.695694 -0.7552795 0.4193187 -0.695694 -0.7325191 0.3727419 0.7541764 -0.7552795 0.3930484 0.8411596 -0.7552795 0.4193187 0.695694 -0.8102283 0.4420793 -0.695694 -0.8102283 0.4420793 0.695694 -0.8102283 0.4392426 0.7252264 -0.7552795 0.4218605 0.7359388 -0.7552795 0.4288619 0.742501 -0.7325191 0.4109551 0.7918303 -0.7552795 0.46964 0.7450511 -0.8102283 0.46964 0.7222908 -0.7325191 0.46964 0.8 -0.7552795 0.46964 0.8549488 -0.7552795 2.901261 0.7450511 -0.8102283 2.901261 0.7222908 -0.810441 3.011858 0.7147989 -0.8102283 2.901261 0.8777092 -0.7554693 3.015843 0.736814 -0.8108931 3.075781 0.6846471 -0.7325191 2.901261 0.8 -0.7559433 3.090926 0.7003465 -0.8113365 3.108245 0.6268234 -0.7326565 3.025311 0.7901237 -0.7552795 2.901261 0.8549488 -0.7331791 3.127169 0.7385626 -0.8102875 3.038547 0.865675 -0.7553616 3.034715 0.8434999 -0.7559347 3.16328 0.7769089 -0.8108797 3.178105 0.7929227 -0.8652592 3.034563 0.8436601 -0.8658304 3.162961 0.7772236 -0.8885956 3.126718 0.7390075 -0.8664093 3.235963 0.6523902 -0.8663063 3.130091 0.6312714 -0.8891182 3.182994 0.6418614 -0.8664951 3.139152 0.5190446 -0.8115463 3.116392 0.5190446 -0.8115463 3.116392 -0.5190446 -0.8892555 3.194101 0.5190446 -0.8664951 3.139152 -0.5190446 -0.8115463 3.108244 -0.6268234 -0.8664951 3.24905 0.5190446 -0.8892555 3.194101 -0.5190446 -0.8664951 3.130171 -0.631197 -0.8664951 3.090765 -0.7005029 -0.8115463 3.075781 -0.6846464 -0.8892555 3.183107 -0.6417563 -0.8664951 3.015767 -0.7368937 -0.8115463 3.011858 -0.7147982 -0.8892555 3.126943 -0.7387843 -0.8892555 3.025202 -0.7902367 -0.8664951 2.901261 -0.7450511 -0.8115463 2.901261 -0.7222908 -0.8115463 0.46964 -0.7222908 -0.8892555 2.901261 -0.8 -0.8664951 0.46964 -0.7450511 -0.8108873 0.4392409 -0.7252283 -0.8651772 0.4193187 -0.695694 -0.8102283 0.4420793 -0.695694 -0.8892555 0.46964 -0.8 -0.8655605 0.4215757 -0.735671 -0.8879375 0.36437 -0.695694 -0.866106 0.4285903 -0.7422202 -0.8882113 0.3723414 -0.753798 -0.8651772 0.3094212 -0.695694 -0.8889751 0.4105711 -0.791431 -0.8653431 0.3233414 -0.7721477 -0.8663273 0.392776 -0.8408759 -0.8664951 0.46964 -0.8549488 -0.8664951 2.901261 -0.8549488 -0.8114281 0.3856292 -0.8615909 -0.8115463 2.901261 -0.8777092 -0.8103523 0.3032794 -0.7799709 -0.8102283 0.2866607 -0.695694 -0.7552795 0.3094212 -0.695694 -0.8115463 0.46964 -0.8777092 -0.7564344 0.3933171 -0.8414414 -0.7565975 0.46964 -0.8549488 -0.7554502 0.3239073 -0.7726851 -0.7328005 0.3731415 -0.7545581 -0.7325191 0.36437 -0.695694 -0.7335653 0.4113364 -0.7922306 -0.7556677 0.4221414 -0.7362084 -0.7552795 0.4193187 -0.695694 -0.8108873 0.4392409 -0.7252283 -0.8102283 0.4420793 -0.695694 -0.7562132 0.4291315 -0.7427857 -0.7338371 0.46964 -0.8 -0.7565975 0.46964 -0.7450511 -0.8115463 0.46964 -0.7222908 -0.8115463 2.901261 -0.7222908 -0.7565975 2.901261 -0.7450511 -0.8115463 3.011858 -0.7147982 -0.7338371 2.901261 -0.8 -0.7565975 3.015767 -0.7368937 -0.8115463 3.075781 -0.6846464 -0.7565975 2.901261 -0.8549488 -0.7565975 3.090765 -0.7005029 -0.8115463 3.108244 -0.6268234 -0.7338371 3.025202 -0.7902367 -0.7565975 3.034638 -0.8435798 -0.8115463 3.038547 -0.865675 -0.7338371 3.126943 -0.7387843 -0.8664951 3.034638 -0.8435798 -0.7565975 3.130171 -0.631197 -0.8664951 3.16312 -0.7770658 -0.8115463 3.178105 -0.7929223 -0.8664951 3.236044 -0.6523156 -0.8664951 3.24905 -0.5190446 -0.8115463 3.257971 -0.6566892 -0.7565975 3.16312 -0.7770658 -0.7565975 3.236044 -0.6523156 -0.7338371 3.183107 -0.6417563 -0.7565975 3.24905 -0.5190446 -0.7338371 3.194101 -0.5190446 -0.7565975 3.139152 -0.5190446 -0.8115463 3.116392 -0.5190446 -0.8115463 3.116392 0.5190446 -0.7565975 3.139152 0.5190446 -0.7338371 3.194101 0.5190446 -0.7564087 3.130252 0.6311233 -0.7337017 3.183222 0.6416519 -0.7565975 3.24905 0.5190446 -0.7565126 3.236125 0.6522422 -0.8115463 3.27181 -0.5190446 -0.8114815 3.25797 0.6566901 -0.8115463 3.27181 0.5190446 -0.5456944 0.4420793 -0.8006589 0.5456939 0.4420793 -0.8006592 0.5456939 0.4193187 -0.855608 -0.5456944 0.4193187 -0.8556077 0.5456939 0.36437 -0.8783684 -0.5752277 0.4392409 -0.8000001 -0.5456944 0.36437 -0.8783681 0.5456939 0.3094212 -0.855608 -0.5862083 0.4221414 -0.8552196 -0.5456944 0.3094212 -0.8556077 0.5456939 0.2866607 -0.8006592 -0.604558 0.3731415 -0.8780868 -0.5927858 0.4291315 -0.8546741 -0.64223 0.4113364 -0.877322 -0.6226854 0.3239073 -0.855437 -0.5950508 0.46964 -0.8542898 -0.5722904 0.46964 -0.799341 -0.5722904 2.901261 -0.799341 -0.6499996 0.46964 -0.8770502 -0.5950508 2.901261 -0.8542898 -0.5647984 3.011858 -0.799341 -0.5868931 3.015767 -0.8542898 -0.534646 3.075781 -0.799341 -0.6499996 2.901261 -0.8770502 -0.5505028 3.090765 -0.8542898 -0.4768238 3.108244 -0.799341 -0.6402369 3.025202 -0.8770502 -0.7049484 0.46964 -0.8542898 -0.7049484 2.901261 -0.8542898 -0.6914415 0.3933171 -0.8544528 -0.7277088 0.46964 -0.799341 -0.6299706 0.3032794 -0.800535 -0.7115908 0.3856292 -0.7994592 -0.5456944 0.2866607 -0.8006589 0.5456939 0.3094212 -0.7457104 -0.5456944 0.3094212 -0.7457101 0.5456939 0.36437 -0.72295 -0.6221476 0.3233414 -0.7455442 -0.5456944 0.36437 -0.7229497 0.5456939 0.4193187 -0.7457104 -0.6037979 0.3723414 -0.722676 -0.690876 0.392776 -0.74456 -0.5456944 0.4193187 -0.7457101 0.5456939 0.4420793 -0.8006592 -0.5456944 0.4420793 -0.8006589 -0.5752277 0.4392409 -0.8000001 -0.5856705 0.4215757 -0.7453268 -0.5922203 0.4285903 -0.7447813 -0.6414309 0.4105711 -0.7219121 -0.5950508 0.46964 -0.7443922 -0.5722904 0.46964 -0.799341 -0.6499996 0.46964 -0.7216318 -0.7049484 0.46964 -0.7443922 -0.5950508 2.901261 -0.7443922 -0.5722904 2.901261 -0.799341 -0.5647984 3.011858 -0.799341 -0.6499996 2.901261 -0.7216318 -0.5868931 3.015767 -0.7443922 -0.534646 3.075781 -0.799341 -0.7049484 2.901261 -0.7443922 -0.6402369 3.025202 -0.7216318 -0.5505028 3.090765 -0.7443922 -0.4768238 3.108244 -0.799341 -0.7277088 2.901261 -0.799341 -0.6935797 3.034638 -0.7443922 -0.6935797 3.034638 -0.8542898 -0.7156754 3.038547 -0.799341 -0.6429224 3.178105 -0.799341 -0.6270657 3.16312 -0.7443922 -0.6270657 3.16312 -0.8542898 -0.5887842 3.126943 -0.7216318 -0.5887842 3.126943 -0.8770502 -0.4811974 3.130171 -0.7443922 -0.4811974 3.130171 -0.8542898 -0.4917564 3.183107 -0.8770502 -0.3690443 3.139152 -0.8542898 -0.3690443 3.116392 -0.799341 0.3690443 3.116392 -0.7993412 -0.3690443 3.194101 -0.8770502 0.3690443 3.139152 -0.85429 0.4768233 3.108245 -0.799551 -0.5023155 3.236044 -0.8542898 -0.3690443 3.24905 -0.8542898 0.3690443 3.194101 -0.8770504 0.481123 3.130252 -0.8544788 0.5503464 3.090926 -0.8549442 0.534647 3.075781 -0.7999945 0.4916515 3.183222 -0.8771858 0.5868139 3.015843 -0.8554182 0.5647988 3.011858 -0.8004465 0.5885625 3.127169 -0.8777084 0.6401234 3.025311 -0.878231 0.5950508 2.901261 -0.855608 0.5722904 2.901261 -0.8006592 0.5722904 0.46964 -0.8006592 0.6499996 2.901261 -0.8783684 0.5950508 0.46964 -0.855608 0.5752263 0.4392426 -0.8006592 0.5456939 0.4193187 -0.855608 0.5456939 0.4420793 -0.8006592 0.6499996 0.46964 -0.8783684 0.5859385 0.4218605 -0.855608 0.5456939 0.36437 -0.8783684 0.5925007 0.4288619 -0.855608 0.6041765 0.3727419 -0.8783684 0.5456939 0.3094212 -0.855608 0.6418304 0.4109551 -0.8783684 0.6224146 0.3236234 -0.855608 0.6911592 0.3930484 -0.855608 0.7049484 0.46964 -0.855608 0.6299686 0.3032779 -0.8006592 0.5456939 0.2866607 -0.8006592 0.5456939 0.3094212 -0.7457104 0.7115922 0.3856312 -0.8006592 0.6224146 0.3236234 -0.7457104 0.6041765 0.3727419 -0.72295 0.5456939 0.36437 -0.72295 0.6911592 0.3930484 -0.7457104 0.5859385 0.4218605 -0.7457104 0.5456939 0.4193187 -0.7457104 0.6418304 0.4109551 -0.72295 0.5752263 0.4392426 -0.8006592 0.5456939 0.4420793 -0.8006592 0.5925007 0.4288619 -0.7457104 0.5950508 0.46964 -0.7457104 0.5722904 0.46964 -0.8006592 0.5722904 2.901261 -0.8006592 0.6499996 0.46964 -0.72295 0.5950508 2.901261 -0.7457104 0.5647988 3.011858 -0.8004465 0.7049484 0.46964 -0.7457104 0.6499996 2.901261 -0.72295 0.5869741 3.015691 -0.7455206 0.534647 3.075781 -0.7999945 0.7277088 0.46964 -0.8006592 0.5506611 3.090607 -0.7450485 0.4768233 3.108245 -0.799551 0.7049484 2.901261 -0.7457104 0.6403503 3.025095 -0.7228136 0.7277088 2.901261 -0.8006592 0.6936598 3.034563 -0.7456284 0.5890074 3.126718 -0.7222919 0.7049484 2.901261 -0.855608 0.7156749 3.038547 -0.8006001 0.6934996 3.034715 -0.855526 0.6269088 3.16328 -0.8549528 0.6429224 3.178105 -0.8000078 0.5022421 3.236125 -0.8543749 0.3690443 3.24905 -0.85429 0.50669 3.25797 -0.7994061 0.6272235 3.162961 -0.7450571 0.5023899 3.235963 -0.7444782 0.4918613 3.182994 -0.7217693 0.3690443 3.24905 -0.7443924 0.3690443 3.27181 -0.7993412 -0.3690443 3.27181 -0.799341 -0.3690443 3.24905 -0.7443922 -0.5066891 3.257971 -0.799341 -0.5023155 3.236044 -0.7443922 -0.4917564 3.183107 -0.7216318 -0.3690443 3.194101 -0.7216318 -0.3690443 3.139152 -0.7443922 -0.3690443 3.116392 -0.799341 0.3690443 3.194101 -0.721632 0.3690443 3.139152 -0.7443924 0.3690443 3.116392 -0.7993412 0.4812713 3.130091 -0.7445812 0.7897716 0.4420793 -0.695694 0.7348228 0.4193187 -0.695694 0.7897716 0.4420793 0.695694 0.7348228 0.4193187 0.695694 0.7120624 0.36437 -0.695694 0.7897716 0.4392426 0.7252264 0.7120624 0.36437 0.695694 0.7348228 0.3094212 -0.695694 0.7348228 0.4218605 0.7359388 0.7348228 0.3094212 0.695694 0.7897716 0.2866607 -0.695694 0.7120624 0.3727419 0.7541764 0.7348228 0.4288619 0.742501 0.7897716 0.2866607 0.695694 0.8447204 0.3094212 -0.695694 0.7348228 0.46964 0.7450511 0.7897716 0.46964 0.7222908 0.7897716 2.901261 0.7222908 0.7120624 0.4109551 0.7918303 0.7120624 0.46964 0.8 0.7348228 2.901261 0.7450511 0.7895589 3.011858 0.7147989 0.734633 3.015691 0.7369742 0.7891068 3.075781 0.6846471 0.7120624 2.901261 0.8 0.7341609 3.090607 0.7006612 0.7886634 3.108245 0.6268234 0.711926 3.025095 0.7903502 0.7348228 0.46964 0.8549488 0.7348228 2.901261 0.8549488 0.7348228 0.3930484 0.8411596 0.7897716 0.46964 0.8777092 0.7348228 0.3236234 0.7724144 0.7897716 0.3856312 0.8615923 0.7897716 0.3032779 0.7799687 0.8447204 0.3094212 0.695694 0.8674808 0.36437 -0.695694 0.8447204 0.3236234 0.7724144 0.8674808 0.36437 0.695694 0.8447204 0.4193187 -0.695694 0.8674808 0.3727419 0.7541764 0.8447204 0.3930484 0.8411596 0.8447204 0.4193187 0.695694 0.7897716 0.4420793 -0.695694 0.7897716 0.4420793 0.695694 0.7897716 0.4392426 0.7252264 0.8447204 0.4218605 0.7359388 0.8447204 0.4288619 0.742501 0.8674808 0.4109551 0.7918303 0.8447204 0.46964 0.7450511 0.7897716 0.46964 0.7222908 0.8674808 0.46964 0.8 0.8447204 0.46964 0.8549488 0.8447204 2.901261 0.7450511 0.7897716 2.901261 0.7222908 0.7895589 3.011858 0.7147989 0.7897716 2.901261 0.8777092 0.8445306 3.015843 0.736814 0.7891068 3.075781 0.6846471 0.8674808 2.901261 0.8 0.8440566 3.090926 0.7003465 0.7886634 3.108245 0.6268234 0.8673434 3.025311 0.7901237 0.8447204 2.901261 0.8549488 0.8668208 3.127169 0.7385626 0.7897124 3.038547 0.865675 0.8446383 3.034715 0.8434999 0.8440652 3.16328 0.7769089 0.7891202 3.178105 0.7929227 0.7347407 3.034563 0.8436601 0.7341695 3.162961 0.7772236 0.7114043 3.126718 0.7390075 0.7335906 3.235963 0.6523902 0.7336936 3.130091 0.6312714 0.7108817 3.182994 0.6418614 0.7335048 3.139152 0.5190446 0.7884536 3.116392 0.5190446 0.7884536 3.116392 -0.5190446 0.7107444 3.194101 0.5190446 0.7335048 3.139152 -0.5190446 0.7884536 3.108244 -0.6268234 0.7335048 3.24905 0.5190446 0.7107444 3.194101 -0.5190446 0.7335048 3.130171 -0.631197 0.7335048 3.090765 -0.7005029 0.7884536 3.075781 -0.6846464 0.7107444 3.183107 -0.6417563 0.7335048 3.015767 -0.7368937 0.7884536 3.011858 -0.7147982 0.7107444 3.126943 -0.7387843 0.7107444 3.025202 -0.7902367 0.7335048 2.901261 -0.7450511 0.7884536 2.901261 -0.7222908 0.7884536 0.46964 -0.7222908 0.7107444 2.901261 -0.8 0.7335048 0.46964 -0.7450511 0.7891126 0.4392409 -0.7252283 0.7348228 0.4193187 -0.695694 0.7897716 0.4420793 -0.695694 0.7107444 0.46964 -0.8 0.7344394 0.4215757 -0.735671 0.7120624 0.36437 -0.695694 0.7338939 0.4285903 -0.7422202 0.7117887 0.3723414 -0.753798 0.7348228 0.3094212 -0.695694 0.7110248 0.4105711 -0.791431 0.7346568 0.3233414 -0.7721477 0.7336726 0.392776 -0.8408759 0.7335048 0.46964 -0.8549488 0.7335048 2.901261 -0.8549488 0.7885718 0.3856292 -0.8615909 0.7884536 2.901261 -0.8777092 0.7896476 0.3032794 -0.7799709 0.7897716 0.2866607 -0.695694 0.8447204 0.3094212 -0.695694 0.7884536 0.46964 -0.8777092 0.8435655 0.3933171 -0.8414414 0.8434024 0.46964 -0.8549488 0.8445497 0.3239073 -0.7726851 0.8671994 0.3731415 -0.7545581 0.8674808 0.36437 -0.695694 0.8664346 0.4113364 -0.7922306 0.8443322 0.4221414 -0.7362084 0.8447204 0.4193187 -0.695694 0.7891126 0.4392409 -0.7252283 0.7897716 0.4420793 -0.695694 0.8437867 0.4291315 -0.7427857 0.8661628 0.46964 -0.8 0.8434024 0.46964 -0.7450511 0.7884536 0.46964 -0.7222908 0.7884536 2.901261 -0.7222908 0.8434024 2.901261 -0.7450511 0.7884536 3.011858 -0.7147982 0.8661628 2.901261 -0.8 0.8434024 3.015767 -0.7368937 0.7884536 3.075781 -0.6846464 0.8434024 2.901261 -0.8549488 0.8434024 3.090765 -0.7005029 0.7884536 3.108244 -0.6268234 0.8661628 3.025202 -0.7902367 0.8434024 3.034638 -0.8435798 0.7884536 3.038547 -0.865675 0.8661628 3.126943 -0.7387843 0.7335048 3.034638 -0.8435798 0.8434024 3.130171 -0.631197 0.7335048 3.16312 -0.7770658 0.7884536 3.178105 -0.7929223 0.7335048 3.236044 -0.6523156 0.7335048 3.24905 -0.5190446 0.7884536 3.257971 -0.6566892 0.8434024 3.16312 -0.7770658 0.8434024 3.236044 -0.6523156 0.8661628 3.183107 -0.6417563 0.8434024 3.24905 -0.5190446 0.8661628 3.194101 -0.5190446 0.8434024 3.139152 -0.5190446 0.7884536 3.116392 -0.5190446 0.7884536 3.116392 0.5190446 0.8434024 3.139152 0.5190446 0.8661628 3.194101 0.5190446 0.8435912 3.130252 0.6311233 0.8662982 3.183222 0.6416519 0.8434024 3.24905 0.5190446 0.8434873 3.236125 0.6522422 0.7884536 3.27181 -0.5190446 0.7885184 3.25797 0.6566901 0.7884536 3.27181 0.5190446 -0.8798532 0.240107 -0.9554012 -0.8798532 0.1219602 -0.9554012 -0.9093866 0.1219602 -0.9258683 -0.9093866 0.240107 -0.9258683 -0.8798532 0.26964 -0.9258683 -0.8798532 0.26964 0.9258683 -0.9093866 0.240107 0.9258683 -0.9093866 0.1219602 0.9258683 -0.8798532 0.1219602 0.9554012 -0.8798532 0.240107 0.9554012 0.8798532 0.26964 0.9258683 0.8798532 0.240107 0.9554012 0.8798532 0.1219602 0.9554012 0.9093866 0.1219602 0.9258683 0.9093866 0.240107 0.9258683 0.8798532 0.26964 -0.9258683 0.9093866 0.240107 -0.9258683 0.9093866 0.1219602 -0.9258683 0.8798532 0.1219602 -0.9554012 0.8798532 0.240107 -0.9554012 -0.8798532 0.26964 -0.9258683 -0.8798532 0.1219602 -0.9554012 -0.8798532 0.240107 -0.9554012 0.8786513 2.721687 -0.8572415 0.8532823 2.521704 -0.8683728 0.8469806 2.521765 -0.8912191 -0.8783478 2.721897 -0.878194 -0.8533444 2.521526 -0.8994902 -0.8715497 2.522414 -0.8759816 -0.8745652 0.6162051 -0.8673919 -0.8492117 0.8165941 -0.8894808 -0.8798438 0.8155434 -0.8676674 0.8644581 1.912051 -0.8599786 0.8460374 1.912639 -0.890875 -0.8578173 1.811799 -0.884276 0.4936337 1.332664 -0.9893135 0.4974165 1.331332 -0.9987394 0.657259 1.237679 -0.8912252 0.5815926 1.453719 -0.9402899 0.4974165 1.331332 -0.9987394 0.4936337 1.332664 -0.9893135 -0.371224 2.509567 -0.9008449 0.8292122 2.721526 -0.8894808 -0.3473639 2.515438 -0.9079093 0.8681585 2.721719 -0.8539109 0.8786513 2.721687 -0.8572415 0.8545657 2.821818 0.8556289 0.8583584 2.821855 0.8664127 -0.8708764 2.621205 0.8596355 -0.8663092 2.621 0.8806707 -0.9033766 2.621526 0.8376874 -0.8712825 2.721855 -0.8706821 -0.8783478 2.721897 -0.878194 0.7622753 2.493925 -0.8811784 0.9313682 2.405832 -0.8556902 0.8237582 2.475547 -0.8863264 0.8710272 0.855267 0.3725402 0.8608907 0.8168188 -0.8642138 0.8715152 0.8715452 0.3176142 -0.8745652 0.6162051 -0.8673919 0.8460245 0.8167619 -0.8910196 -0.8776822 0.6162051 -0.8775997 0.8472919 1.01673 -0.8752908 0.861218 1.072554 0.3160513 0.8773615 1.016714 -0.8580778 0.9066163 1.04547 0.4142159 0.9023018 1.05502 0.3857435 0.9544771 1.003257 0.4783479 0.9943743 0.9031065 0.5593384 0.844534 1.116438 0.8642829 0.8318105 1.116594 0.8877091 -0.8612263 0.8164561 0.8704224 0.8512965 1.712345 -0.8705869 0.8833771 1.116594 0.836616 0.8833771 1.711699 -0.8481273 0.8532823 2.521704 -0.8683728 -0.3763247 2.29646 -0.9030981 0.8469806 2.521765 -0.8912191 -0.4719102 2.261811 -0.9643285 -0.425588 2.278502 -0.9330205 -0.3748527 2.297647 -0.9105627 -0.8798532 0.26964 0.9258683 0.8798532 0.26964 0.9258683 -0.8798532 0.2567193 -0.9387889 0.8798532 0.26964 -0.9258683 -0.8946199 0.1219602 -0.9406347 0.8946199 0.1219602 -0.9406347 -0.8890824 0.1219602 0.9461721 0.9001575 0.1219602 0.9350973 -0.8086185 0 0.8712902 -0.5913811 0 0.8712902 -0.8086185 0.1219603 0.8712902 -0.5913811 0.1219603 0.8712902 -0.8086185 0.1219603 -0.8712902 -0.5913811 0.1219603 -0.8712902 -0.8086185 0 -0.8712902 -0.5913811 0 -0.8712902 -0.8086185 0 -0.8712902 -0.5913811 0 -0.8712902 -0.8086185 0.015625 -0.4827294 -0.5913811 0.034375 -0.4054917 -0.5913811 0 0.8712902 -0.5913811 0.015625 0.4827293 -0.5913811 0.1219603 0.8712902 -0.5913811 0.1219603 0.5470942 -0.5913811 0.015625 0.4827293 -0.5913811 0.1219603 0.3411267 -0.5913811 0.034375 -0.4054917 -0.5913811 0.1219603 -0.3411268 -0.5913811 0.1219603 -0.5470942 -0.5913811 0 -0.8712902 -0.5913811 0.1219603 -0.8712902 -0.8086185 0.034375 0.4054914 -0.5913811 0.015625 0.4827293 -0.8086185 0 0.8712902 -0.5913811 0 0.8712902 -0.8086185 0.015625 -0.4827294 -0.5913811 0.034375 -0.4054917 -0.8086185 0.034375 0.4054914 -0.5913811 0.015625 0.4827293 0.5913811 0 0.8712902 0.8086185 0 0.8712902 0.5913811 0.1219603 0.8712902 0.8086185 0.1219603 0.8712902 0.5913811 0.1219603 -0.8712902 0.8086185 0.1219603 -0.8712902 0.5913811 0 -0.8712902 0.8086185 0 -0.8712902 0.5913811 0 -0.8712902 0.8086185 0 -0.8712902 0.5913811 0.015625 -0.4827294 0.8086185 0.034375 -0.4054917 0.8086185 0 0.8712902 0.8086185 0.015625 0.4827293 0.8086185 0.1219603 0.8712902 0.8086185 0.1219603 0.5470942 0.8086185 0.015625 0.4827293 0.8086185 0.1219603 0.3411267 0.8086185 0.034375 -0.4054917 0.8086185 0.1219603 -0.3411268 0.8086185 0.1219603 -0.5470942 0.8086185 0 -0.8712902 0.8086185 0.1219603 -0.8712902 0.5913811 0.034375 0.4054914 0.8086185 0.015625 0.4827293 0.5913811 0 0.8712902 0.8086185 0 0.8712902 0.5913811 0.015625 -0.4827294 0.8086185 0.034375 -0.4054917 0.5913811 0.034375 0.4054914 0.8086185 0.015625 0.4827293 0.8412474 2.621951 0.8704349 0.8469863 2.622005 0.87947 -0.8606496 2.42106 0.8714949 0.8733768 2.621526 0.8335447 -0.8745652 0.6162051 -0.8673919 0.8608907 0.8168188 -0.8642138 -0.8492117 0.8165941 -0.8894808 0.8472919 1.01673 -0.8752908 -0.8745652 0.6162051 -0.8673919 -0.8933764 0.816594 0.8335447 -0.8776822 0.6162051 -0.8775997 -0.9033766 0.816594 0.8363425 0.844534 1.116438 0.8642829 0.8733768 1.316594 0.8335447 0.8512965 1.712345 -0.8705869 0.8644581 1.912051 -0.8599786 -0.8612636 1.611416 0.8704224 -0.8933764 1.611698 0.8335447 -0.866019 1.611416 0.8792328 0.8436038 1.611689 0.8682425 0.8798704 1.611698 0.8361139 0.8698678 1.611698 0.8335447 0.8782411 1.616887 -0.8507169 0.8665652 1.615803 -0.8462331 0.7222403 1.313619 -0.8950706 0.5815926 1.453719 -0.9402899 0.657259 1.237679 -0.8912252 0.4936337 1.332664 -0.9893135 -0.7562714 3.118345 0.6479397 -0.8108931 3.075781 0.6846471 -0.8113365 3.108245 0.6268234 -0.7554575 3.008682 0.7373288 -0.8108931 3.075781 0.6846471 -0.8104277 3.004946 0.7152672 -0.8102283 0.4392426 0.7252264 -0.8104277 3.004946 0.7152672 -0.7552795 0.4249236 0.7388098 -0.8108873 0.4392409 -0.7252283 -0.8102283 0.4392426 0.7252264 -0.7552795 0.4193187 -0.695694 -0.7326565 3.025311 0.7901237 -0.7325191 0.3934208 0.7714311 -0.7325191 0.36437 -0.695694 -0.7552795 0.3227358 0.7676194 -0.7552795 0.3094212 -0.695694 -0.7553616 3.034715 0.8434999 -0.8102283 0.3012007 0.7694344 -0.8480057 0.3023085 -0.695694 -0.7552795 0.4026223 0.8428832 -0.8102283 0.3908817 0.8625996 -0.8651772 0.3227358 0.7676194 -0.8879375 0.3934208 0.7714311 -0.8722898 0.4021472 -0.695694 -0.8108873 0.4392409 -0.7252283 -0.8102283 0.4392426 0.7252264 -0.8651772 0.4249236 0.7388098 -0.8102283 0.4392426 0.7252264 -0.8104277 3.004946 0.7152672 -0.8653669 3.015691 0.7369742 -0.8108931 3.075781 0.6846471 -0.865839 3.090607 0.7006612 -0.8113365 3.108245 0.6268234 -0.8108931 3.075781 0.6846471 -0.8663181 3.130657 0.6242572 -0.8884326 3.094961 0.7550521 -0.8115463 3.108244 -0.6268234 -0.8113365 3.108245 0.6268234 -0.8664951 3.118243 -0.648036 -0.8115463 3.075781 -0.6846464 -0.8115463 3.108244 -0.6268234 -0.8651772 0.3978354 0.8420214 -0.865254 3.026231 0.8443657 -0.8891268 3.183688 0.6341854 -0.8658304 3.162961 0.7772236 -0.8102838 3.029967 0.8664271 -0.8108797 3.178105 0.7929227 -0.7559347 3.16328 0.7769089 -0.8664093 3.235963 0.6523902 -0.7335774 3.169719 0.6601323 -0.7565179 3.236932 0.6439173 -0.8114855 3.258835 0.6480873 -0.8664951 3.24905 0.5190446 -0.8892555 3.169582 -0.6602612 -0.8664951 3.236856 -0.6439862 -0.8115463 3.258836 -0.6480864 -0.7565975 3.236856 -0.6439862 -0.8115463 3.178105 -0.7929223 -0.8664951 3.16312 -0.7770658 -0.7338371 3.169582 -0.6602612 -0.7565975 3.16312 -0.7770658 -0.7565975 3.120741 -0.6432663 -0.8113365 3.108245 0.6268234 -0.8115463 3.108244 -0.6268234 -0.8115463 3.075781 -0.6846464 -0.7338371 3.025202 -0.7902367 -0.7565975 3.026302 -0.8442903 -0.7565975 3.015767 -0.7368937 -0.8115463 3.075781 -0.6846464 -0.8115463 3.004946 -0.7152665 -0.8108873 0.4392409 -0.7252283 -0.7559745 0.4260733 -0.7399082 -0.8108873 0.4392409 -0.7252283 -0.7552795 0.4193187 -0.695694 -0.7325191 0.36437 -0.695694 -0.7331829 0.392239 -0.7733943 -0.7552795 0.3094212 -0.695694 -0.7564446 0.3980873 -0.8422856 -0.7554502 0.3239073 -0.7726851 -0.8309739 0.3108026 -0.7770371 -0.8480057 0.3023085 -0.695694 -0.8114429 0.3961305 -0.8636056 -0.8115463 3.029966 -0.8664271 -0.8663483 0.402384 -0.842635 -0.8885932 0.3914562 -0.7726145 -0.8722898 0.4021472 -0.695694 -0.8664951 3.034638 -0.8435798 -0.8657651 0.4242061 -0.738127 -0.8108873 0.4392409 -0.7252283 -0.8892555 3.025202 -0.7902367 -0.8664951 3.00861 -0.7374035 -0.8108873 0.4392409 -0.7252283 -0.8115463 3.004946 -0.7152665 -0.8115463 3.075781 -0.6846464 -0.8115463 3.004946 -0.7152665 0.4768233 3.108245 -0.799551 0.534647 3.075781 -0.7999945 0.4933581 3.120645 -0.7446892 -0.4768238 3.108244 -0.799341 0.4768233 3.108245 -0.799551 -0.4980362 3.118243 -0.7443922 -0.534646 3.075781 -0.799341 -0.4768238 3.108244 -0.799341 0.4841853 3.183688 -0.7217607 0.6210967 3.063204 -0.722618 -0.5102612 3.169582 -0.7216318 0.5869741 3.015691 -0.7455206 0.534647 3.075781 -0.7999945 0.5652671 3.004946 -0.8004598 0.5752263 0.4392426 -0.8006592 0.5888094 0.4249236 -0.7457104 0.5752263 0.4392426 -0.8006592 0.5456939 0.4193187 -0.7457104 0.5456939 0.36437 -0.72295 0.6351852 0.4067702 -0.72295 0.5456939 0.3094212 -0.7457104 0.6920211 0.3978354 -0.7457104 0.6224146 0.3236234 -0.7457104 0.6266637 0.312179 -0.8246993 0.5456939 0.3023085 -0.8384365 0.7125995 0.3908817 -0.8006592 0.6943653 3.026231 -0.7456335 0.6272235 3.162961 -0.7450571 0.716427 3.029967 -0.8006037 0.4940558 3.236781 -0.7444729 0.6429224 3.178105 -0.8000078 0.6928829 0.4026223 -0.855608 0.6934996 3.034715 -0.855526 0.6351852 0.4067702 -0.8783684 0.5456939 0.36437 -0.8783684 0.5888094 0.4249236 -0.855608 0.5456939 0.4193187 -0.855608 0.5752263 0.4392426 -0.8006592 0.5950508 0.46964 -0.855608 0.5752263 0.4392426 -0.8006592 0.6401234 3.025311 -0.878231 0.5873287 3.008682 -0.8554301 0.5752263 0.4392426 -0.8006592 0.5652671 3.004946 -0.8004598 0.5652671 3.004946 -0.8004598 0.534647 3.075781 -0.7999945 0.4979394 3.118345 -0.8546162 0.534647 3.075781 -0.7999945 0.4768233 3.108245 -0.799551 0.6269088 3.16328 -0.8549528 0.5101321 3.169719 -0.8773102 0.4939172 3.236932 -0.8543696 0.4980872 3.258835 -0.799402 -0.4939861 3.236856 -0.8542898 -0.4939861 3.236856 -0.7443922 -0.4980863 3.258836 -0.799341 -0.6429224 3.178105 -0.799341 -0.6270657 3.16312 -0.7443922 -0.6402369 3.025202 -0.7216318 -0.6935797 3.034638 -0.7443922 -0.5874029 3.00861 -0.7443922 -0.534646 3.075781 -0.799341 -0.5652666 3.004946 -0.799341 -0.5733819 0.4394183 -0.8000413 -0.5652666 3.004946 -0.799341 -0.5866314 0.4250801 -0.745128 -0.5733819 0.4394183 -0.8000413 0.5752263 0.4392426 -0.8006592 0.5456939 0.4193187 -0.7457104 -0.6210665 0.3930531 -0.7222939 0.5456939 0.36437 -0.72295 -0.6926351 0.402384 -0.744539 -0.6173692 0.3224714 -0.7455546 0.5456939 0.3094212 -0.7457104 -0.7164274 3.029966 -0.799341 -0.7136055 0.3961305 -0.7994444 -0.619436 0.3012021 -0.8005505 0.5456939 0.3023085 -0.8384365 -0.6942902 3.026302 -0.8542898 -0.6922857 0.3980873 -0.8544427 -0.6130615 0.3220965 -0.8554584 -0.624139 0.3943863 -0.8776643 0.5456939 0.36437 -0.8783684 -0.6402369 3.025202 -0.8770502 -0.6270657 3.16312 -0.8542898 -0.5102612 3.169582 -0.8770502 -0.4932665 3.120741 -0.8542898 0.4768233 3.108245 -0.799551 -0.4768238 3.108244 -0.799341 -0.534646 3.075781 -0.799341 -0.5868931 3.015767 -0.8542898 -0.534646 3.075781 -0.799341 -0.5652666 3.004946 -0.799341 -0.5899082 0.4260733 -0.8549128 -0.5733819 0.4394183 -0.8000413 0.5456939 0.4193187 -0.855608 0.5752263 0.4392426 -0.8006592 0.8437285 3.118345 0.6479397 0.7891068 3.075781 0.6846471 0.7886634 3.108245 0.6268234 0.8445424 3.008682 0.7373288 0.7891068 3.075781 0.6846471 0.7895722 3.004946 0.7152672 0.7897716 0.4392426 0.7252264 0.7895722 3.004946 0.7152672 0.8447204 0.46964 0.7450511 0.8673434 3.025311 0.7901237 0.8447204 0.4249236 0.7388098 0.7897716 0.4392426 0.7252264 0.7891126 0.4392409 -0.7252283 0.7897716 0.4392426 0.7252264 0.8447204 0.4193187 -0.695694 0.8674808 0.4146229 0.7923409 0.8674808 0.3722187 0.7505212 0.8674808 0.36437 -0.695694 0.8447204 0.3227358 0.7676194 0.8447204 0.3094212 -0.695694 0.8447204 0.4026223 0.8428832 0.7897716 0.3012007 0.7694344 0.7519943 0.3023085 -0.695694 0.7897716 0.3908817 0.8625996 0.8446383 3.034715 0.8434999 0.7348228 0.3227358 0.7676194 0.7120624 0.3934208 0.7714311 0.7120624 0.36437 -0.695694 0.7348228 0.3978354 0.8420214 0.7897161 3.029967 0.8664271 0.7347459 3.026231 0.8443657 0.711926 3.025095 0.7903502 0.7348228 0.4249236 0.7388098 0.7348228 0.4193187 -0.695694 0.7891126 0.4392409 -0.7252283 0.7897716 0.4392426 0.7252264 0.7897716 0.4392426 0.7252264 0.7895722 3.004946 0.7152672 0.734633 3.015691 0.7369742 0.7891068 3.075781 0.6846471 0.7339857 3.105413 0.67464 0.7886634 3.108245 0.6268234 0.7891068 3.075781 0.6846471 0.7335048 3.139152 0.5190446 0.7884536 3.108244 -0.6268234 0.7886634 3.108245 0.6268234 0.7335048 3.118243 -0.648036 0.7884536 3.075781 -0.6846464 0.7884536 3.108244 -0.6268234 0.7110059 3.169446 0.6603909 0.7341695 3.162961 0.7772236 0.7335852 3.236781 0.6440561 0.7891202 3.178105 0.7929227 0.7107444 3.169582 -0.6602612 0.8440652 3.16328 0.7769089 0.7885144 3.258835 0.6480873 0.8664225 3.169719 0.6601323 0.843482 3.236932 0.6439173 0.7335048 3.236856 -0.6439862 0.7884536 3.258836 -0.6480864 0.8434024 3.236856 -0.6439862 0.8661628 3.169582 -0.6602612 0.7884536 3.178105 -0.7929223 0.7335048 3.16312 -0.7770658 0.7107444 3.025202 -0.7902367 0.7335048 3.034638 -0.8435798 0.8434024 3.16312 -0.7770658 0.7884536 3.029966 -0.8664271 0.8434024 3.026302 -0.8442903 0.8661628 3.025202 -0.7902367 0.8434024 3.120741 -0.6432663 0.7886634 3.108245 0.6268234 0.7884536 3.108244 -0.6268234 0.7884536 3.075781 -0.6846464 0.8434024 3.015767 -0.7368937 0.7884536 3.075781 -0.6846464 0.7884536 3.004946 -0.7152665 0.7891126 0.4392409 -0.7252283 0.8440254 0.4260733 -0.7399082 0.7891126 0.4392409 -0.7252283 0.8447204 0.4193187 -0.695694 0.8674808 0.36437 -0.695694 0.866578 0.4041749 -0.785167 0.8447204 0.3094212 -0.695694 0.8435553 0.3980873 -0.8422856 0.8445497 0.3239073 -0.7726851 0.769026 0.3108026 -0.7770371 0.7519943 0.3023085 -0.695694 0.7885571 0.3961305 -0.8636056 0.7336516 0.402384 -0.842635 0.7111537 0.4064026 -0.7848099 0.7120624 0.36437 -0.695694 0.7342348 0.4242061 -0.738127 0.7348228 0.4193187 -0.695694 0.7891126 0.4392409 -0.7252283 0.7335048 3.00861 -0.7374035 0.7891126 0.4392409 -0.7252283 0.7884536 3.004946 -0.7152665 0.7884536 3.075781 -0.6846464 0.7884536 3.004946 -0.7152665 -0.7618861 0.26964 -0.3483421 -0.7618861 3.194101 -0.3483421 -0.7418623 3.194101 -0.3 -0.7418623 0.26964 -0.3 -0.7618861 3.194101 -0.2516579 -0.7618861 0.26964 -0.2516579 -0.8102283 3.194101 -0.2316339 -0.8102283 0.26964 -0.2316339 -0.8585706 3.194101 -0.2516579 -0.8585706 0.26964 -0.2516579 -0.8785944 3.194101 -0.3 -0.8785944 0.26964 -0.3 -0.8585706 3.194101 -0.3483421 -0.8585706 0.26964 -0.3483421 -0.8102283 3.194101 -0.3683661 -0.8102283 0.26964 -0.3683661 -0.7618861 3.194101 -0.3483421 -0.7618861 0.26964 -0.3483421 -0.7618861 0.26964 0.2516579 -0.7618861 3.194101 0.2516579 -0.7418623 3.194101 0.3 -0.7418623 0.26964 0.3 -0.7618861 3.194101 0.3483421 -0.7618861 0.26964 0.3483421 -0.8102283 3.194101 0.3683661 -0.8102283 0.26964 0.3683661 -0.8585706 3.194101 0.3483421 -0.8585706 0.26964 0.3483421 -0.8785944 3.194101 0.3 -0.8785944 0.26964 0.3 -0.8585706 3.194101 0.2516579 -0.8585706 0.26964 0.2516579 -0.8102283 3.194101 0.2316339 -0.8102283 0.26964 0.2316339 -0.7618861 3.194101 0.2516579 -0.7618861 0.26964 0.2516579 -0.3483424 0.26964 -0.8490011 -0.3483424 3.194101 -0.8490011 -0.3000002 3.194101 -0.8690251 -0.3000002 0.26964 -0.8690251 -0.251658 3.194101 -0.8490011 -0.251658 0.26964 -0.8490011 -0.2316341 3.194101 -0.800659 -0.2316341 0.26964 -0.800659 -0.251658 3.194101 -0.7523169 -0.251658 0.26964 -0.7523169 -0.3000002 3.194101 -0.732293 -0.3000002 0.26964 -0.732293 -0.3483424 3.194101 -0.7523169 -0.3483424 0.26964 -0.7523169 -0.3683662 3.194101 -0.800659 -0.3683662 0.26964 -0.800659 -0.3483424 3.194101 -0.8490011 -0.3483424 0.26964 -0.8490011 0.251658 0.26964 -0.8490011 0.251658 3.194101 -0.8490011 0.3000002 3.194101 -0.8690251 0.3000002 0.26964 -0.8690251 0.3483424 3.194101 -0.8490011 0.3483424 0.26964 -0.8490011 0.3683662 3.194101 -0.800659 0.3683662 0.26964 -0.800659 0.3483424 3.194101 -0.7523169 0.3483424 0.26964 -0.7523169 0.3000002 3.194101 -0.732293 0.3000002 0.26964 -0.732293 0.251658 3.194101 -0.7523169 0.251658 0.26964 -0.7523169 0.2316341 3.194101 -0.800659 0.2316341 0.26964 -0.800659 0.251658 3.194101 -0.8490011 0.251658 0.26964 -0.8490011 0.8381138 0.26964 -0.3483421 0.8381138 3.194101 -0.3483421 0.8581376 3.194101 -0.3 0.8581376 0.26964 -0.3 0.8381138 3.194101 -0.2516579 0.8381138 0.26964 -0.2516579 0.7897716 3.194101 -0.2316339 0.7897716 0.26964 -0.2316339 0.7414293 3.194101 -0.2516579 0.7414293 0.26964 -0.2516579 0.7214055 3.194101 -0.3 0.7214055 0.26964 -0.3 0.7414293 3.194101 -0.3483421 0.7414293 0.26964 -0.3483421 0.7897716 3.194101 -0.3683661 0.7897716 0.26964 -0.3683661 0.8381138 3.194101 -0.3483421 0.8381138 0.26964 -0.3483421 0.8381138 0.26964 0.2516579 0.8381138 3.194101 0.2516579 0.8581376 3.194101 0.3 0.8581376 0.26964 0.3 0.8381138 3.194101 0.3483421 0.8381138 0.26964 0.3483421 0.7897716 3.194101 0.3683661 0.7897716 0.26964 0.3683661 0.7414293 3.194101 0.3483421 0.7414293 0.26964 0.3483421 0.7214055 3.194101 0.3 0.7214055 0.26964 0.3 0.7414293 3.194101 0.2516579 0.7414293 0.26964 0.2516579 0.7897716 3.194101 0.2316339 0.7897716 0.26964 0.2316339 0.8381138 3.194101 0.2516579 0.8381138 0.26964 0.2516579 -0.8086185 0.034375 0.4054914 -0.8086185 0 0.8712902 -0.8086185 0.1219603 0.5470942 -0.8086185 0.1219603 0.8712902 -0.8086185 0.1219603 0.3411264 -0.8086185 0.034375 0.4054914 -0.8086185 0.1219603 -0.3411268 -0.8086185 0.015625 -0.4827294 -0.8086185 0.1219603 -0.5470942 -0.8086185 0.1219603 -0.8712902 -0.8086185 0 -0.8712902 0.5913811 0.034375 0.4054914 0.5913811 0 0.8712902 0.5913811 0.1219603 0.5470942 0.5913811 0.1219603 0.8712902 0.5913811 0.1219603 0.3411264 0.5913811 0.034375 0.4054914 0.5913811 0.1219603 -0.3411268 0.5913811 0.015625 -0.4827294 0.5913811 0.1219603 -0.5470942 0.5913811 0.1219603 -0.8712902 0.5913811 0 -0.8712902 -0.8715497 2.522414 -0.8759816 -0.8533444 2.521526 -0.8994902 0.7444728 2.293974 -0.8945633 0.7393274 2.296505 -0.884406 0.8207703 2.240149 -0.8730155 -0.8606496 2.42106 0.8714949 -0.8663092 2.621 0.8806707 -0.8933764 2.421526 0.8335447 -0.9033766 2.621526 0.8376874 -0.8933764 2.521526 -0.8453164 -0.9033766 2.621526 0.8376874 -0.8783478 2.721897 -0.878194 -0.8715497 2.522414 -0.8759816 0.7622753 2.493925 -0.8811784 -0.8533444 2.521526 -0.8994902 0.7444728 2.293974 -0.8945633 0.8237582 2.475547 -0.8863264 0.9313682 2.405832 -0.8556902 0.8207703 2.240149 -0.8730155 0.8833771 1.711699 -0.8481273 0.8644581 1.912051 -0.8599786 0.8733768 1.316594 0.8335447 0.8833771 1.116594 0.836616 0.8470961 1.316128 0.8791924 0.844534 1.116438 0.8642829 0.8318105 1.116594 0.8877091 -0.8772837 1.016483 0.8668527 -0.8612263 0.8164561 0.8704224 -0.8933764 0.816594 0.8335447 -0.9033766 0.816594 0.8363425 -0.9033766 0.8165941 -0.8481078 -0.8776822 0.6162051 -0.8775997 -0.8798438 0.8155434 -0.8676674 -0.8492117 0.8165941 -0.8894808 -0.8798438 0.8155434 -0.8676674 -0.9033766 0.8165941 -0.8481078 -0.8772837 1.016483 0.8668527 -0.8702902 1.016471 0.8608521 0.8470961 1.316128 0.8791924 0.8420544 1.316127 0.8705537 0.8733768 1.316594 0.8335447 0.8420544 1.316127 0.8705537 0.8733768 1.316594 0.8335447 0.844534 1.116438 0.8642829 -0.8702902 1.016471 0.8608521 -0.8612263 0.8164561 0.8704224 -0.8933764 0.816594 0.8335447 -0.8798438 0.8155434 -0.8676674 -0.8745652 0.6162051 -0.8673919 0.657259 1.237679 -0.8912252 0.7212543 1.307135 -0.9054857 0.7222403 1.313619 -0.8950706 0.8322484 1.391122 -0.8809088 0.8566768 1.409511 -0.8534988 0.8782411 1.416887 -0.8507172 0.8698678 1.411699 0.8335447 0.8356085 1.411695 0.8735018 0.8453983 1.411692 0.8790317 -0.8612636 1.411416 0.8704224 -0.9033766 1.411699 0.8363305 -0.8837794 1.611824 -0.8726462 -0.8765304 1.611824 -0.8664131 0.8460374 1.71264 -0.890875 0.8512965 1.712345 -0.8705869 0.8833771 1.711699 -0.8481273 -0.8606496 2.42106 0.8714949 0.8469863 2.622005 0.87947 -0.8663092 2.621 0.8806707 0.8583584 2.821855 0.8664127 0.8733768 2.621526 0.8335447 0.8786513 2.721687 -0.8572415 0.8532823 2.521704 -0.8683728 0.8469806 2.521765 -0.8912191 0.8292122 2.721526 -0.8894808 -0.3473639 2.515438 -0.9079093 -0.3763247 2.29646 -0.9030981 -0.3748527 2.297647 -0.9105627 -0.371224 2.509567 -0.9008449 -0.425588 2.278502 -0.9330205 -0.4437722 2.484512 -0.925081 -0.5104399 2.456972 -0.9829077 -0.4719102 2.261811 -0.9643285 0.7393274 2.296505 -0.884406 0.8207703 2.240149 -0.8730155 0.9313682 2.405832 -0.8556902 0.7622753 2.493925 -0.8811784 -0.8715497 2.522414 -0.8759816 -0.8712825 2.721855 -0.8706821 -0.8933764 2.521526 -0.8453164 -0.8708764 2.621205 0.8596355 -0.8933764 2.421526 0.8335447 -0.8606496 2.42106 0.8714949 0.8412474 2.621951 0.8704349 0.8545657 2.821818 0.8556289 0.8733768 2.621526 0.8335447 0.8681585 2.721719 -0.8539109 0.8532823 2.521704 -0.8683728 0.8292122 2.721526 -0.8894808 -0.371224 2.509567 -0.9008449 -0.3763247 2.29646 -0.9030981 -0.4437722 2.484512 -0.925081 -0.4719102 2.261811 -0.9643285 -0.5104399 2.456972 -0.9829077 0.900194 0.7856612 0.4282644 0.9544771 1.003257 0.4783479 0.9943743 0.9031065 0.5593384 0.8710272 0.855267 0.3725402 0.9023018 1.05502 0.3857435 0.8715152 0.8715452 0.3176142 0.861218 1.072554 0.3160513 0.8773615 1.016714 -0.8580778 0.8608907 0.8168188 -0.8642138 0.8460245 0.8167619 -0.8910196 0.8472919 1.01673 -0.8752908 -0.8492117 0.8165941 -0.8894808 -0.8776822 0.6162051 -0.8775997 0.4974165 1.331332 -0.9987394 0.7212543 1.307135 -0.9054857 0.657259 1.237679 -0.8912252 0.5815926 1.453719 -0.9402899 0.8322484 1.391122 -0.8809088 0.6717811 1.525617 -0.9183989 0.756319 1.568761 -0.9063666 0.8665652 1.615803 -0.8462331 0.8782411 1.416887 -0.8507172 0.8782411 1.616887 -0.8507169 0.8798704 1.611698 0.8361139 0.8698678 1.411699 0.8335447 0.8453983 1.411692 0.8790317 0.8436038 1.611689 0.8682425 -0.866019 1.611416 0.8792328 -0.8612636 1.411416 0.8704224 -0.9033766 1.411699 0.8363305 -0.8933764 1.611698 0.8335447 -0.8837794 1.611824 -0.8726462 -0.8933764 1.811698 -0.8453164 -0.8578173 1.811799 -0.884276 0.8460374 1.71264 -0.890875 0.8460374 1.912639 -0.890875 0.8644581 1.912051 -0.8599786 0.8833771 1.711699 -0.8481273 0.6717811 1.525617 -0.9183989 0.5815926 1.453719 -0.9402899 0.7222403 1.313619 -0.8950706 0.8566768 1.409511 -0.8534988 0.756319 1.568761 -0.9063666 0.8665652 1.615803 -0.8462331 0.8698678 1.611698 0.8335447 0.8698678 1.411699 0.8335447 0.8436038 1.611689 0.8682425 0.8356085 1.411695 0.8735018 -0.8612636 1.611416 0.8704224 -0.8612636 1.411416 0.8704224 -0.8933764 1.611698 0.8335447 -0.8765304 1.611824 -0.8664131 -0.8933764 1.811698 -0.8453164 -0.8578173 1.811799 -0.884276 0.8512965 1.712345 -0.8705869 0.8644581 1.912051 -0.8599786 0.8472919 1.01673 -0.8752908 0.8608907 0.8168188 -0.8642138 0.8710272 0.855267 0.3725402 0.861218 1.072554 0.3160513 0.9066163 1.04547 0.4142159 0.9943743 0.9031065 0.5593384 0.900194 0.7856612 0.4282644 -0.8964658 0.240107 0.9387889 -0.8798532 0.26964 0.9258683 -0.8798532 0.2567193 -0.9387889 0.8798532 0.26964 0.9258683 -0.8798532 0.2567193 -0.9387889 -0.8946199 0.1219602 -0.9406347 -0.8890824 0.1219602 0.9461721 0.8927741 0.240107 0.9424806 0.8798532 0.26964 -0.9258683 0.9001575 0.1219602 0.9350973 0.8927741 0.240107 -0.9424806 -0.8798532 0.2567193 -0.9387889 0.8946199 0.1219602 -0.9406347 -0.8946199 0.1219602 -0.9406347 -0.8798532 0.2567193 -0.9387889</float_array>
          <technique_common>
            <accessor source="#dai__CmFillerObjectBC-position-array" count="2012" stride="3">
              <param name="X" type="float" />
              <param name="Y" type="float" />
              <param name="Z" type="float" />
            </accessor>
          </technique_common>
        </source>
        <source id="dai__CmFillerObjectBC-normal">
          <float_array id="dai__CmFillerObjectBC-normal-array" count="6036">-0.01565558 1 0.01565558 0.01565558 1 0.01565558 -0.01565558 1 -0.01565558 0.01565558 1 -0.01565558 0 0 1 0 0 1 0 0 1 0 0 1 0 0 -1 0 0 -1 0 0 -1 0 0 -1 0 0 1 0 0 1 0 0 1 0 0 1 0 0 -1 0 0 -1 0 0 -1 0 0 -1 -0.6810176 -0.18591 -0.7084149 -0.6810176 -0.18591 -0.7084149 -0.6810176 -0.18591 -0.7084149 -0.6810176 -0.18591 -0.7084149 0.7945206 -0.5831702 0.1682975 0.7945206 -0.5831702 0.1682975 0.7945206 -0.5831702 0.1682975 0.7945206 -0.5831702 0.1682975 0.3209393 -0.8180039 0.4774951 0.3209393 -0.8180039 0.4774951 0.3209393 -0.8180039 0.4774951 0.3209393 -0.8180039 0.4774951 0 0 1 0 0 1 0 0 1 0 0 1 -0.8180039 0.01565558 0.5753425 -0.8180039 0.01565558 0.5753425 -0.8180039 0.01565558 0.5753425 -0.8180039 0.01565558 0.5753425 -1 0 0 -1 0 0 -1 0 0 -1 0 0 0.518591 0 0.8551859 0.518591 0 0.8551859 0.518591 0 0.8551859 0.518591 0 0.8551859 -0.516634 -0.8551859 0.02152642 -0.516634 -0.8551859 0.02152642 -0.516634 -0.8551859 0.02152642 -0.516634 -0.8551859 0.02152642 -0.853229 0 0.5205479 -0.853229 0 0.5205479 -0.853229 0 0.5205479 -0.853229 0 0.5205479 -0.3757339 0.07827789 0.9236791 -0.3757339 0.07827789 0.9236791 -0.3757339 0.07827789 0.9236791 -0.3757339 0.07827789 0.9236791 0.7064579 0 -0.7064579 0.7064579 0 -0.7064579 1 0 0 1 0 0 0.7064579 0 0.7064579 0.7064579 0 0.7064579 0 0 1 0 0 1 -0.7064579 0 0.7064579 -0.7064579 0 0.7064579 -1 0 0 -1 0 0 -0.7064579 0 -0.7064579 -0.7064579 0 -0.7064579 0 0 -1 0 0 -1 0.7064579 0 -0.7064579 0.7064579 0 -0.7064579 0.7064579 0 -0.7064579 0.7064579 0 -0.7064579 1 0 0 1 0 0 0.7064579 0 0.7064579 0.7064579 0 0.7064579 0 0 1 0 0 1 -0.7064579 0 0.7064579 -0.7064579 0 0.7064579 -1 0 0 -1 0 0 -0.7064579 0 -0.7064579 -0.7064579 0 -0.7064579 0 0 -1 0 0 -1 0.7064579 0 -0.7064579 0.7064579 0 -0.7064579 -0.7064579 0 -0.7064579 -0.7064579 0 -0.7064579 0 0 -1 0 0 -1 0.7064579 0 -0.7064579 0.7064579 0 -0.7064579 1 0 0 1 0 0 0.7064579 0 0.7064579 0.7064579 0 0.7064579 0 0 1 0 0 1 -0.7064579 0 0.7064579 -0.7064579 0 0.7064579 -1 0 0 -1 0 0 -0.7064579 0 -0.7064579 -0.7064579 0 -0.7064579 -0.7064579 0 -0.7064579 -0.7064579 0 -0.7064579 0 0 -1 0 0 -1 0.7064579 0 -0.7064579 0.7064579 0 -0.7064579 1 0 0 1 0 0 0.7064579 0 0.7064579 0.7064579 0 0.7064579 0 0 1 0 0 1 -0.7064579 0 0.7064579 -0.7064579 0 0.7064579 -1 0 0 -1 0 0 -0.7064579 0 -0.7064579 -0.7064579 0 -0.7064579 0.7064579 0 -0.7064579 0.7064579 0 -0.7064579 1 0 0 1 0 0 0.7064579 0 0.7064579 0.7064579 0 0.7064579 0 0 1 0 0 1 -0.7064579 0 0.7064579 -0.7064579 0 0.7064579 -1 0 0 -1 0 0 -0.7064579 0 -0.7064579 -0.7064579 0 -0.7064579 0 0 -1 0 0 -1 0.7064579 0 -0.7064579 0.7064579 0 -0.7064579 0.7064579 0 -0.7064579 0.7064579 0 -0.7064579 1 0 0 1 0 0 0.7064579 0 0.7064579 0.7064579 0 0.7064579 0 0 1 0 0 1 -0.7064579 0 0.7064579 -0.7064579 0 0.7064579 -1 0 0 -1 0 0 -0.7064579 0 -0.7064579 -0.7064579 0 -0.7064579 0 0 -1 0 0 -1 0.7064579 0 -0.7064579 0.7064579 0 -0.7064579 0 -1 0 0 -1 0 0 -0.9960861 0.09393346 0 -0.9960861 0.09393346 0 -0.9980431 0.05675147 0 -0.9980431 0.05675147 0 -0.9980431 -0.05675147 0 -0.9980431 -0.05675147 0 -0.9960861 -0.09393346 0 -0.9960861 -0.09393346 0 -1 0 0 -1 0 0 -1 0 0 -1 0 0 -0.9960861 0.09393346 0 -0.9960861 0.09393346 0 -0.9980431 0.05675147 0 -0.9980431 0.05675147 0 -0.9980431 -0.05675147 0 -0.9980431 -0.05675147 0 -0.9960861 -0.09393346 0 -0.9960861 -0.09393346 0 -1 0 0 -1 0 0.1937378 -0.01761252 -0.9804305 0.1937378 -0.01761252 -0.9804305 0.1917808 -0.01761252 -0.9804305 0.1917808 -0.01761252 -0.9804305 0.1389433 -0.003913894 -0.9902152 0.1369863 -0.001956947 -0.9902152 0.08219178 0.01174168 -0.9960861 0.05870841 0.01369863 -0.9980431 0.06457926 0.01369863 -0.9980431 0.003913894 0 -1 0.003913894 0 -1 -0.007827789 0 -1 -0.01174168 0 -1 -0.7064579 0 -0.7064579 -0.7064579 0 -0.7064579 -1 0 -0.01174168 -1 0 -0.009784736 -1 0 0.01369863 -1 0 0.01565558 -0.7064579 0 0.7084149 -0.7084149 0 0.7064579 -0.009784736 0 1 -0.007827789 0 1 0.009784736 0 1 0.01174168 0 1 0.7064579 0 0.7064579 0.7064579 0 0.7064579 1 0 0.01174168 1 0 0.009784736 1 0 -0.009784736 1 0 -0.01174168 0.7064579 0 -0.7064579 0.7064579 0 -0.7064579 0.02348337 -0.01761252 -1 0.01956947 -0.01761252 -1 0.009784736 -0.01761252 -1 0.01174168 -0.01761252 -1 0.1232877 -0.01174168 -0.9921722 0.1213307 -0.009784736 -0.9921722 0.2015656 0 -0.9804305 0.2328767 0.001956947 -0.9726027 0.4109589 0.01761252 -0.9119374 0.4461839 0.02152642 -0.8943248 0.6242661 0.05088063 -0.7808219 0.6438356 0.05479452 -0.7632094 0.7103718 0.0704501 -0.7005871 0.7103718 0.0704501 -0.7005871 0.2367906 -0.962818 0.1350294 0.2367906 -0.962818 0.1350294 0.2622309 -0.9549902 0.1389433 0.2622309 -0.9549902 0.1389433 0.297456 -0.9471624 0.1193738 0.297456 -0.9471624 0.1193738 0.2857143 -0.9549902 0.06849315 0.2857143 -0.9549902 0.06849315 0.2426614 -0.9686888 0.03913894 0.2446184 -0.9686888 0.03913894 0.1800391 -0.9823875 0.05675147 0.1800391 -0.9823875 0.05675147 0.1722113 -0.9843444 0.05675147 0.1741683 -0.9823875 0.05675147 0.003913894 -1 -0.001956947 0.003913894 -1 -0.001956947 0 -0.9980431 0.05870841 0 -0.9980431 0.05870841 0 -0.9980431 0.05870841 0 -0.9980431 0.05870841 0.007827789 -1 0.007827789 0.007827789 -1 0.007827789 0.1154599 -0.9941292 0 0.1154599 -0.9941292 0 0.1174168 -0.9941292 0 0.1174168 -0.9941292 0 0.007827789 -1 -0.007827789 0.007827789 -1 -0.007827789 0 -0.9980431 -0.05870841 0 -0.9980431 -0.05870841 0 -0.9980431 -0.05870841 0 -0.9980431 -0.05870841 -0.009784736 -1 -0.009784736 -0.009784736 -1 -0.009784736 -0.1389433 -0.9902152 0.02348337 -0.1389433 -0.9902152 0.02348337 -0.1389433 -0.9902152 0.02152642 -0.1389433 -0.9902152 0.02152642 -0.2681018 -0.962818 -0.03131115 -0.2818004 -0.9589041 -0.0332681 -0.5420744 -0.8375734 -0.0704501 -0.5459883 -0.8356164 -0.07240704 -0.5675147 -0.8180039 -0.09197652 -0.5675147 -0.8180039 -0.09197652 -0.5694716 -0.816047 -0.09589041 -0.5694716 -0.816047 -0.09589041 -0.7103718 -0.0704501 0.7005871 -0.7103718 -0.0704501 0.7005871 -0.6418787 -0.05479452 0.7651663 -0.6223092 -0.05088063 0.7808219 -0.4461839 -0.02152642 0.8943248 -0.4109589 -0.01761252 0.9119374 -0.2348337 -0.001956947 0.9726027 -0.2035225 0 0.9784736 -0.1213307 0.009784736 0.9921722 -0.1232877 0.01174168 0.9921722 -0.01174168 0.01761252 1 -0.009784736 0.01761252 1 -0.01956947 0.01761252 1 -0.02152642 0.01761252 1 -0.7064579 0 0.7064579 -0.7064579 0 0.7064579 -1 0 0.009784736 -1 0 0.009784736 -1 0 -0.009784736 -1 0 -0.009784736 -0.7064579 0 -0.7064579 -0.7064579 0 -0.7064579 -0.009784736 0 -1 -0.009784736 0 -1 0.005870841 0 -1 0.007827789 0 -1 0.7064579 0 -0.7084149 0.7084149 0 -0.7064579 1 0 -0.01369863 1 0 -0.01174168 1 0 0.009784736 1 0 0.009784736 0.7064579 0 0.7064579 0.7064579 0 0.7064579 0.009784736 0 1 0.007827789 0 1 -0.003913894 0 1 -0.003913894 0 1 -0.05088063 -0.01565558 0.9980431 -0.04109589 -0.01761252 1 -0.06457926 -0.01369863 0.9980431 -0.08414873 -0.009784736 0.9960861 -0.1722113 0.01174168 0.9843444 -0.1878669 0.01761252 0.9823875 -0.2093934 0.02348337 0.9765166 -0.221135 0.02935421 0.9745597 -0.1643836 0.003913894 0.9863014 0 0 -1 0 0 -1 0.009784736 0 -1 0.01174168 0 -1 0.7064579 0 -0.7064579 0.7064579 0 -0.7064579 1 0 -0.005870841 1 0 -0.005870841 1 0 -0.001956947 1 0 0 0.9452055 -0.04500978 -0.3248532 0.9452055 -0.04500978 -0.3248532 0.9197652 -0.07632094 -0.3835616 0.9158513 -0.07632094 -0.3953033 0.8571429 -0.06262231 -0.5127202 0.849315 -0.05675147 -0.5244619 0.8219178 -0.02935421 -0.5694716 0.8219178 -0.02544031 -0.5694716 0.8180039 -0.01565558 -0.5753425 0.8180039 -0.01565558 -0.5753425 0.1174168 -0.9921722 0 0.1174168 -0.9921722 0 0.1154599 -0.9941292 0 0.1154599 -0.9941292 0 0.001956947 -1 -0.001956947 0.001956947 -1 -0.001956947 0.005870841 -0.9980431 0.04696673 0.005870841 -0.9980431 0.04696673 0.005870841 -0.9980431 0.04500978 0.005870841 -0.9980431 0.04500978 -0.1252446 -0.9667319 -0.221135 -0.1311155 -0.9667319 -0.2191781 -0.1937378 -0.9354208 -0.2935421 -0.2074364 -0.925636 -0.3150685 -0.3639922 -0.7651663 -0.5322896 -0.369863 -0.7573385 -0.5401174 -0.4735812 -0.5812133 -0.6634051 -0.4755382 -0.5753425 -0.6653621 -0.4990215 -0.518591 -0.6947162 -0.4990215 -0.518591 -0.6947162 1 0 0 1 0 0 1 0 0.01174168 1 0 0.01761252 0.702544 0 0.7103718 0.704501 0 0.7103718 0.007827789 0 1 0.009784736 0 1 -0.009784736 0 1 -0.01369863 0 1 -0.7064579 0 0.7064579 -0.7064579 0 0.7064579 -1 0 0.009784736 -1 0 0.01174168 -1 0 -0.009784736 -1 0 -0.01174168 -0.7064579 0 -0.7064579 -0.7064579 0 -0.7064579 -0.518591 0 -0.8551859 -0.518591 0 -0.8551859 0.003913894 -0.9432485 -0.332681 0.003913894 -0.9432485 -0.332681 0.003913894 -0.9452055 -0.3268102 0.003913894 -0.9452055 -0.3268102 -0.003913894 -1 -0.003913894 -0.003913894 -1 -0.003913894 0.1722113 -0.9843444 0.001956947 0.1722113 -0.9843444 0.001956947 0.1722113 -0.9843444 0.001956947 0.1722113 -0.9843444 0.001956947 0.001956947 -1 -0.001956947 0.001956947 -1 -0.001956947 0 -0.9941292 0.1154599 0 -0.9941292 0.1154599 0 -0.9941292 0.1154599 0 -0.9941292 0.1154599 0.005870841 -1 0.005870841 0.005870841 -1 0.005870841 0.03131115 -1 -0.01956947 0.03131115 -1 -0.01956947 0.8551859 0 0.518591 0.8551859 0 0.518591 1 0 0.01174168 1 0 0.009784736 1 0 -0.009784736 1 0 -0.009784736 0.7064579 0 -0.7064579 0.7064579 0 -0.7064579 0.01174168 0 -1 0.007827789 0 -1 -0.007827789 0 -1 -0.007827789 0 -1 -0.7064579 0 -0.7084149 -0.7084149 0 -0.7064579 -0.8277887 0 -0.5616438 -0.8277887 0 -0.5616438 0.6947162 -0.5440313 0.4696673 0.6947162 -0.5440313 0.4696673 0.6634051 -0.6203523 0.4187867 0.6516634 -0.6438356 0.4011742 0.5596869 -0.7866927 0.2622309 0.5596869 -0.7866927 0.2622309 0.5048923 -0.8375734 0.2074364 0.5029354 -0.8395303 0.2093934 0.3894325 -0.8806262 0.2681018 0.3835616 -0.8825831 0.2700587 0.01174168 -1 0.005870841 0.01369863 -1 0.005870841 0.003913894 -1 -0.003913894 0.003913894 -1 -0.003913894 0 -1 0 0 -1 0 0 -1 0 0 -1 0 0 -1 0 0 -1 0 0.003913894 -1 -0.003913894 0.003913894 -1 -0.003913894 0 -0.9941292 -0.1154599 0 -0.9941292 -0.1154599 0 -0.9941292 -0.1154599 0 -0.9941292 -0.1154599 -0.001956947 -1 -0.001956947 -0.001956947 -1 -0.001956947 0.05870841 -0.9980431 0 0.05870841 -0.9980431 0 0.05870841 -0.9980431 0 0.05870841 -0.9980431 0 0.01174168 -1 -0.01174168 0.01174168 -1 -0.01174168 -0.03131115 -0.9980431 -0.05283757 -0.03131115 -0.9980431 -0.05283757 -0.2700587 0.04109589 0.962818 -0.2700587 0.04109589 0.962818 -0.2387476 0.06066536 0.9686888 -0.2328767 0.06457926 0.9706458 -0.2818004 0.05283757 0.9569471 -0.3170255 0.03913894 0.9471624 -0.4461839 -0.005870841 0.8943248 -0.481409 -0.007827789 0.8767123 -1 0 0.02348337 -1 0 0.01369863 -1 0 -0.007827789 -1 0 -0.007827789 -0.7358121 0 -0.6771037 -0.7358121 0 -0.6771037 -0.009784736 0 -1 -0.009784736 0 -1 0.009784736 0 -1 0.009784736 0 -1 0.7064579 0 -0.7064579 0.7064579 0 -0.7064579 1 0 -0.009784736 1 0 -0.009784736 1 0 0.009784736 1 0 0.009784736 0.7064579 0 0.7064579 0.7064579 0 0.7064579 0.009784736 0 1 0.009784736 0 1 -0.009784736 0 1 -0.009784736 0 1 -0.5244619 0 0.851272 -0.5244619 0 0.851272 0 -1 0 0 -1 0 0 -1 0 0 -1 0 0 -1 0 0 -1 0 0 -1 0 0 -1 0 -1 0 0 -1 0 0 -1 0 0 -1 0 0 -1 0 0 -1 0 0 -1 0 0 -1 0 0 -1 0 0 -1 0 0 -1 0 0 -1 0 0 1 0 0 1 0 0 1 0 0 1 0 0 1 0 0 1 0 0 1 0 0 1 0 0 1 0 0 1 0 0 1 0 0 1 0 0 -1 0 0 -1 0 0 -1 0 0 -1 0 0 -1 0 0 -1 0 0 -1 0 0 -1 0 0 -1 0 0 -1 0 0 -1 0 0 -1 0 0 1 0 0 1 0 0 1 0 0 1 0 0 1 0 0 1 0 0 1 0 0 1 0 0 1 0 0 1 0 0 1 0 0 1 0 0 -0.8630137 0.08219178 0.4990215 -0.8551859 0.0704501 0.5146771 -0.8101761 0.007827789 0.5870842 -0.890411 0.08023483 0.4481409 -0.8943248 0.08023483 0.4422701 -0.9236791 0.06262231 0.3776908 -0.925636 0.06066536 0.3737769 -0.9295499 0.01761252 0.3679061 -1 0 -0.001956947 -1 0 -0.001956947 -1 0 0.003913894 -1 0 0.003913894 -0.7064579 0 0.7064579 -0.7064579 0 0.7064579 -0.516634 0 0.8571429 -0.516634 0 0.8571429 0.3855186 0 -0.9236791 0.3131115 -0.07632094 -0.9471624 0.3307241 -0.3405088 -0.8806262 0.3287671 0.01956947 -0.9452055 0.2387476 -0.06066536 -0.9686888 0.2328767 -0.06457926 -0.9706458 0.2837573 -0.05283757 -0.9569471 0.3170255 -0.03913894 -0.9471624 0.4500979 0.005870841 -0.8923679 0.4853229 0.007827789 -0.8747554 1 0 -0.02739726 1 0 -0.01565558 1 0 0.009784736 1 0 0.009784736 0.7338552 0 0.6790606 0.7338552 0 0.6790606 0.01174168 0 1 0.01174168 0 1 -0.01174168 0 1 -0.01174168 0 1 -0.7064579 0 0.7064579 -0.7064579 0 0.7064579 -1 0 0.01174168 -1 0 0.009784736 -1 0 -0.009784736 -1 0 -0.01174168 -0.7064579 0 -0.7064579 -0.7064579 0 -0.7064579 -0.01174168 0 -1 -0.01174168 0 -1 0.009784736 0 -1 0.01174168 0 -1 0.7064579 0 -0.7064579 0.7064579 0 -0.7064579 0.853229 0 -0.5205479 0.853229 0 -0.5205479 -0.2739726 0.9510763 -0.146771 -0.2446184 0.9589041 -0.1409002 -0.2446184 0.9589041 -0.1409002 -0.2739726 0.9510763 -0.146771 -0.3111546 0.9412916 -0.1272016 -0.3111546 0.9412916 -0.1272016 -0.2798434 0.9569471 -0.07436399 -0.2798434 0.9569471 -0.07436399 -0.2113503 0.9765166 -0.04305284 -0.2074364 0.9765166 -0.04305284 -0.1722113 0.9843444 -0.05479452 -0.1722113 0.9843444 -0.05479452 -0.1663405 0.9843444 -0.05479452 -0.1663405 0.9843444 -0.05479452 -0.001956947 1 0 -0.001956947 1 0 0 0.9980431 -0.05870841 0 0.9980431 -0.05870841 0 0.9980431 -0.05870841 0 0.9980431 -0.05870841 -0.007827789 1 -0.007827789 -0.007827789 1 -0.007827789 -0.1154599 0.9941292 0 -0.1154599 0.9941292 0 -0.1174168 0.9941292 0 -0.1154599 0.9941292 0 -0.007827789 1 0.007827789 -0.007827789 1 0.007827789 0 0.9980431 0.05870841 0 0.9980431 0.05870841 0 0.9980431 0.05870841 0 0.9980431 0.05870841 0.009784736 1 0.009784736 0.009784736 1 0.009784736 0.1389433 0.9902152 -0.02348337 0.1389433 0.9902152 -0.02348337 0.1369863 0.9902152 -0.02348337 0.1369863 0.9902152 -0.02348337 0.1389433 0.9902152 0.01956947 0.1428571 0.9902152 0.01956947 0.3287671 0.9432485 0.037182 0.3248532 0.9452055 0.037182 0.4872798 0.8708415 0.06457926 0.4892368 0.8688846 0.06457926 0.555773 0.8258317 0.09001957 0.555773 0.8258317 0.09001957 0.5733855 0.8121331 0.0998043 0.5733855 0.8121331 0.0998043 -0.1174168 0.9921722 0 -0.1154599 0.9941292 0 -0.1174168 0.9921722 0 -0.1154599 0.9941292 0 -0.001956947 1 0.001956947 -0.001956947 1 0.001956947 -0.005870841 0.9980431 -0.04696673 -0.005870841 0.9980431 -0.04696673 -0.001956947 1 -0.03522505 -0.001956947 1 -0.03522505 0.09393346 0.9765166 0.1917808 0.09784736 0.9765166 0.1917808 0.1878669 0.9491194 0.2544031 0.1937378 0.9452055 0.2622309 0.3013699 0.8590998 0.4129159 0.3033268 0.8571429 0.4148728 0.4207436 0.6947162 0.5831702 0.4227006 0.6927593 0.5851272 0.4677104 0.6027398 0.6477495 0.4677104 0.6027398 0.6477495 -0.003913894 0.9432485 0.332681 -0.003913894 0.9452055 0.3268102 -0.003913894 0.9432485 0.332681 -0.003913894 0.9452055 0.3268102 0.003913894 1 0.003913894 0.003913894 1 0.003913894 -0.1722113 0.9843444 -0.001956947 -0.1722113 0.9843444 -0.001956947 -0.1722113 0.9843444 -0.001956947 -0.1722113 0.9843444 -0.001956947 -0.001956947 1 0.001956947 -0.001956947 1 0.001956947 0 0.9941292 -0.1154599 0 0.9941292 -0.1154599 0 0.9941292 -0.1154599 0 0.9941292 -0.1154599 -0.005870841 1 -0.005870841 -0.005870841 1 -0.005870841 -0.03131115 1 0.01956947 -0.03131115 1 0.01956947 -0.6614481 0.704501 -0.2563601 -0.7103718 0.6340509 -0.3052838 -0.7103718 0.6340509 -0.3052838 -0.6614481 0.704501 -0.2563601 -0.5146771 0.8375734 -0.1819961 -0.5146771 0.8375734 -0.1819961 -0.3522505 0.9236791 -0.1545988 -0.3542074 0.9217221 -0.1565558 -0.2896282 0.9393346 -0.18591 -0.2896282 0.9393346 -0.18591 -0.009784736 1 -0.003913894 -0.009784736 1 -0.003913894 -0.003913894 1 0.003913894 -0.003913894 1 0.003913894 0 1 0 0 1 0 0 1 0 0 1 0 0 1 0 0 1 0 -0.003913894 1 0.003913894 -0.003913894 1 0.003913894 0 0.9941292 0.1154599 0 0.9941292 0.1154599 0 0.9941292 0.1154599 0 0.9941292 0.1154599 0.001956947 1 0.001956947 0.001956947 1 0.001956947 -0.05870841 0.9980431 0 -0.05870841 0.9980431 0 -0.05870841 0.9980431 0 -0.05870841 0.9980431 0 -0.01174168 1 0.01174168 -0.01174168 1 0.01174168 0.03131115 0.9980431 0.05283757 0.03131115 0.9980431 0.05283757 0 1 0 -0.7084149 0.7064579 0 0 1 0 -0.7084149 0.7064579 0 -1 -0.003913894 0 0 0.7005871 -0.7142857 -1 -0.003913894 0.001956947 -0.704501 -0.7103718 -0.005870841 -0.8199608 0.553816 -0.1409002 -0.704501 -0.7103718 0.007827789 0 -1 -0.009784736 -0.9823875 -0.1545988 0.109589 -0.816047 0.1330724 -0.5616438 0 -1 0.009784736 0.704501 -0.7103718 -0.007827789 -0.7084149 0 -0.7064579 0 0 -1 0 -0.003913894 -1 -0.9823875 -0.1076321 0.1545988 -1 0 0.001956947 -0.7084149 -0.001956947 -0.7064579 0 -0.223092 -0.9745597 -0.7416829 -0.1565558 -0.6536204 0 -0.6771037 -0.7358121 -1 0 0.001956947 -0.7651663 -0.4403131 -0.4696673 0 -0.9667319 -0.2524462 -0.9960861 0.02935421 0.07827789 -0.7064579 -0.003913894 0.7084149 -0.7064579 0.003913894 0.7084149 -0.6086106 -0.3913894 0.6888454 0 -0.005870841 1 -0.6086106 -0.6868885 0.3972603 0 -0.4911937 0.8708415 0 -0.8669276 0.4970646 0.704501 -0.7103718 0.007827789 1 -0.003913894 -0.001956947 0.6086106 -0.6868885 0.3972603 1 -0.003913894 0.001956947 0.7084149 0.7064579 0 0.9823875 -0.1545988 0.109589 0.6086106 -0.3913894 0.6888454 0.7084149 0.7064579 0 0 1 0 0 1 0 0 0.7005871 -0.7142857 0.8199608 0.553816 -0.1409002 0.816047 0.1330724 -0.5616438 0.9823875 -0.1076321 0.1545988 0.7084149 0 -0.7064579 0 0 -1 1 0 0.001956947 0.7064579 -0.003913894 0.7084149 0.7084149 -0.001956947 -0.7064579 0 -0.003913894 -1 0 -0.223092 -0.9745597 0 0.003913894 1 0.739726 -0.1526419 -0.6555773 0 -0.6771037 -0.7358121 1 0 0.001956947 0.7651663 -0.4344423 -0.4755382 0 -0.9667319 -0.2524462 0.9960861 0.0332681 0.07436399 0.7064579 0.003913894 0.7084149 0.9921722 0.09197652 0.09001957 0.001956947 0.2837573 0.9589041 0.6594912 0.2172211 0.7201566 0.6340509 0.5342466 0.5596869 0 0.6888454 0.7240704 -0.6575342 0.2133072 0.7221135 -0.6340509 0.5303327 0.5636008 -0.9921722 0.08610567 0.09589041 -0.6555773 0.7162427 0.2407045 -0.7455969 -0.6457925 -0.1702544 -0.9960861 0.08023483 0.03913894 -0.7084149 -0.7064579 -0.005870841 0 -1 -0.007827789 0 -1 0.007827789 -1 0.003913894 0 -0.7084149 -0.7064579 0.005870841 0 -0.9667319 0.2524462 -0.704501 0.7103718 0.007827789 -1 0.003913894 0 -0.7455969 -0.6438356 0.1722113 -0.7651663 -0.4363992 0.4735812 0 -0.6771037 0.7358121 -0.9960861 0.08219178 -0.037182 -0.739726 -0.1545988 0.6536204 0 -0.223092 0.9745597 -0.9921722 0.08806262 -0.09197652 -0.9960861 0.03131115 -0.07632094 -0.7084149 -0.001956947 0.7064579 0 -0.003913894 1 0 0 1 -1 0 -0.001956947 -0.7084149 0 0.7064579 0 0.7005871 0.7142857 -0.7084149 0.7064579 0 0 1 0 -1 0 -0.001956947 -0.8238748 0.5479452 0.146771 -1 -0.003913894 0 -0.81409 0.1252446 0.5655577 -0.9823875 -0.1604697 -0.1017613 -0.704501 -0.7103718 -0.005870841 -0.9823875 -0.1135029 -0.146771 -0.6066536 -0.6908023 -0.3933464 -0.6105675 -0.3953033 -0.6868885 -0.7064579 -0.003913894 -0.7084149 -0.7064579 0.003913894 -0.7084149 -0.001956947 -0.4911937 -0.8708415 0 0.003913894 -1 0.001956947 -0.8669276 -0.4970646 0 -1 -0.009784736 0.704501 -0.7103718 -0.007827789 0 -0.005870841 -1 0.6066536 -0.3894325 -0.6927593 0.704501 -0.003913894 -0.7084149 0.6105675 -0.6829746 -0.4011742 0.9823875 -0.148728 -0.1154599 1 -0.003913894 -0.001956947 0.9823875 -0.0998043 -0.1604697 0.8180039 0.5596869 0.1330724 0.7084149 0.7064579 0 0 0.7005871 0.7142857 0 1 0 0.8199608 0.1409002 0.555773 1 0 -0.001956947 0.7084149 0 0.7064579 0 0 1 0 -0.003913894 1 0.7084149 -0.001956947 0.7064579 0 -0.223092 0.9745597 1 0 -0.001956947 0.739726 -0.1545988 0.6536204 0 -0.6771037 0.7358121 0.7064579 0.003913894 -0.7084149 0.7651663 -0.4363992 0.4735812 0 -0.9667319 0.2524462 0.9960861 0.03131115 -0.07632094 0.6594912 0.2152642 -0.7221135 0 0.2837573 -0.9589041 0.9921722 0.08806262 -0.09197652 -0.6594912 0.2152642 -0.7221135 0.7455969 -0.6438356 0.1722113 -0.6340509 0.5322896 -0.5616438 0 0.6888454 -0.7240704 -0.6536204 0.7162427 -0.2387476 -0.704501 0.7103718 -0.007827789 0 0.9491194 -0.3131115 0.6340509 0.5322896 -0.5616438 0.6536204 0.7162427 -0.2387476 0.9960861 0.08219178 -0.037182 0.704501 0.7103718 -0.007827789 1 0.003913894 0 0.7084149 -0.7064579 0.005870841 0 -1 0.007827789 0 -1 -0.007827789 0.7084149 -0.7064579 -0.005870841 1 0.003913894 0 0.7455969 -0.6438356 -0.1741683 0.9960861 0.08414873 0.03522505 0.704501 0.7103718 0.007827789 0.6536204 0.7181996 0.2387476 0 1 -0.01174168 -0.001956947 0.9491194 0.3131115 0 1 0.01174168 0 1 0 0 1 0 0 0.7064579 -0.7084149 0 0.7064579 -0.7084149 0.001956947 -0.005870841 -1 0.7142857 0.7005871 0 -0.001956947 -0.005870841 -1 0.007827789 -0.7103718 -0.704501 0.1330724 0.5596869 -0.8180039 -0.009784736 -0.7103718 -0.704501 0.01174168 -1 0 -0.1154599 -0.148728 -0.9823875 0.555773 0.1409002 -0.8180039 -0.1604697 -0.0998043 -0.9823875 -0.4011742 -0.6829746 -0.6105675 0.7064579 0 -0.7084149 1 0 0 1 -0.003913894 0 -0.001956947 0 -1 0.7064579 -0.001956947 -0.7084149 0.9745597 -0.223092 0 0.6536204 -0.1545988 -0.739726 0.7358121 -0.6771037 0 -0.001956947 0 -1 0.4735812 -0.4363992 -0.7651663 0.2524462 -0.9667319 0 -0.07632094 0.03131115 -0.9960861 -0.7084149 -0.003913894 -0.704501 -0.7084149 0.003913894 -0.7064579 -0.6927593 -0.3894325 -0.6066536 -1 -0.005870841 0 -0.4970646 -0.8669276 -0.001956947 -0.8708415 -0.4911937 0.001956947 -0.01174168 -1 0 0.007827789 -0.7103718 0.704501 -0.007827789 -0.7103718 0.702544 0.001956947 -0.005870841 1 -0.3933464 -0.6908023 0.6066536 -0.001956947 -0.005870841 1 0 0.7064579 0.7084149 -0.1017613 -0.1604697 0.9823875 -0.6868885 -0.3953033 0.6105675 0.001956947 0.7064579 0.7084149 0 1 0 0 1 0 0.7142857 0.7005871 0 0.146771 0.5479452 0.8238748 0.5655577 0.1252446 0.81409 -0.146771 -0.1135029 0.9823875 0.7064579 0 0.7084149 1 0 0 -0.001956947 0 1 -0.7084149 -0.003913894 0.7064579 0.7064579 -0.001956947 0.7084149 1 -0.003913894 0 0.9745597 -0.223092 0 -0.001956947 0 1 0.6536204 -0.1545988 0.739726 0.7358121 -0.6771037 0 -0.7084149 0.003913894 0.7064579 -0.07632094 0.03131115 0.9960861 0.4735812 -0.4363992 0.7651663 0.2524462 -0.9667319 0 -1 0.003913894 0 -0.7221135 0.2152642 0.6594912 -0.7221135 0.2152642 -0.6594912 -0.9589041 0.2837573 0 -0.7240704 0.6888454 0 -0.5616438 0.5322896 0.6340509 -0.5616438 0.5322896 -0.6340509 -0.09197652 0.08806262 0.9921722 -0.09197652 0.08806262 -0.9921722 0.1722113 -0.6438356 0.7455969 0.1722113 -0.6438356 -0.7455969 -0.037182 0.08219178 -0.9960861 0.007827789 -0.704501 -0.7084149 0.009784736 -1 0 -0.009784736 -1 0 0 0.005870841 -1 -0.007827789 -0.704501 -0.7084149 -0.2524462 -0.9667319 0 -0.2387476 0.7162427 -0.6536204 -0.009784736 0.7103718 -0.704501 0 0.005870841 -1 -0.1741683 -0.6438356 -0.7455969 -0.4755382 -0.4344423 -0.7651663 -0.7358121 -0.6771037 0 0.03522505 0.08414873 -0.9960861 -0.6555773 -0.1526419 -0.739726 -0.9745597 -0.223092 0 0.09001957 0.09197652 -0.9921722 0.07436399 0.0332681 -0.9960861 -0.7064579 -0.001956947 -0.7084149 -1 -0.003913894 0 -1 0 0 0.001956947 0 -1 -0.7064579 0 -0.7084149 -0.7142857 0.7005871 0 0 0.7064579 -0.7084149 0 1 0 0.001956947 0 -1 -0.1409002 0.553816 -0.8199608 0.001956947 -0.005870841 -1 -0.5616438 0.1330724 -0.816047 0.109589 -0.1545988 -0.9823875 0.007827789 -0.7103718 -0.704501 0.1545988 -0.1076321 -0.9823875 0.3972603 -0.6868885 -0.6086106 0.6888454 -0.3913894 -0.6086106 0.7084149 -0.003913894 -0.7064579 0.4970646 -0.8669276 0 0.01174168 -1 0 0.007827789 -0.7103718 0.704501 0.8708415 -0.4911937 0 0.3972603 -0.6868885 0.6086106 0.109589 -0.1545988 0.9823875 0.001956947 -0.005870841 1 0.6888454 -0.3913894 0.6086106 -0.1409002 0.553816 0.8199608 0 0.7064579 0.7084149 0.1545988 -0.1076321 0.9823875 -0.7142857 0.7005871 0 0 1 0 -0.5616438 0.1330724 0.816047 -0.7064579 0 0.7084149 -1 0 0 -1 -0.003913894 0 0.001956947 0 1 -0.7064579 -0.001956947 0.7084149 -0.9745597 -0.223092 0 0.7084149 -0.003913894 0.7064579 0.001956947 0 1 -0.6536204 -0.1565558 0.7416829 -0.7358121 -0.6771037 0 1 -0.005870841 0 -0.4696673 -0.4403131 0.7651663 -0.2524462 -0.9667319 0 0.7084149 0.003913894 0.7064579 0.07827789 0.02935421 0.9960861 1 0.003913894 0 0.7221135 0.2133072 0.6575342 0.09589041 0.08610567 0.9921722 0.7084149 0.003913894 -0.7064579 0.9589041 0.2837573 -0.001956947 0.7201566 0.2172211 -0.6594912 0.5596869 0.5342466 -0.6340509 0.7240704 0.6888454 0 0.2387476 0.7181996 -0.6536204 0.009784736 0.7103718 -0.702544 0.3131115 0.9491194 0.001956947 0.5636008 0.5303327 0.6340509 0.2407045 0.7162427 0.6555773 0.03913894 0.08023483 0.9960861 0.009784736 0.7103718 0.704501 0.01565558 1 0 -0.01565558 1 0 -0.009784736 0.7103718 0.704501 -0.3131115 0.9491194 0 -0.2387476 0.7162427 0.6536204 -0.037182 0.08219178 0.9960861 0 0.005870841 1 0.007827789 -0.704501 0.7084149 0.009784736 -1 0 0 0.005870841 1 -0.007827789 -0.704501 0.7084149 -0.009784736 -1 0 -0.1702544 -0.6457925 0.7455969 0 1 0 -0.7084149 0.7064579 0 0 1 0 -0.7084149 0.7064579 0 -1 -0.003913894 0 0 0.7005871 -0.7142857 -1 -0.003913894 0.001956947 -0.704501 -0.7103718 -0.005870841 -0.8199608 0.553816 -0.1409002 -0.704501 -0.7103718 0.007827789 0 -1 -0.009784736 -0.9823875 -0.1545988 0.109589 -0.816047 0.1330724 -0.5616438 0 -1 0.009784736 0.704501 -0.7103718 -0.007827789 -0.7084149 0 -0.7064579 0 0 -1 0 -0.003913894 -1 -0.9823875 -0.1076321 0.1545988 -1 0 0.001956947 -0.7084149 -0.001956947 -0.7064579 0 -0.223092 -0.9745597 -0.7416829 -0.1565558 -0.6536204 0 -0.6771037 -0.7358121 -1 0 0.001956947 -0.7651663 -0.4403131 -0.4696673 0 -0.9667319 -0.2524462 -0.9960861 0.02935421 0.07827789 -0.7064579 -0.003913894 0.7084149 -0.7064579 0.003913894 0.7084149 -0.6086106 -0.3913894 0.6888454 0 -0.005870841 1 -0.6086106 -0.6868885 0.3972603 0 -0.4911937 0.8708415 0 -0.8669276 0.4970646 0.704501 -0.7103718 0.007827789 1 -0.003913894 -0.001956947 0.6086106 -0.6868885 0.3972603 1 -0.003913894 0.001956947 0.7084149 0.7064579 0 0.9823875 -0.1545988 0.109589 0.6086106 -0.3913894 0.6888454 0.7084149 0.7064579 0 0 1 0 0 1 0 0 0.7005871 -0.7142857 0.8199608 0.553816 -0.1409002 0.816047 0.1330724 -0.5616438 0.9823875 -0.1076321 0.1545988 0.7084149 0 -0.7064579 0 0 -1 1 0 0.001956947 0.7064579 -0.003913894 0.7084149 0.7084149 -0.001956947 -0.7064579 0 -0.003913894 -1 0 -0.223092 -0.9745597 0 0.003913894 1 0.739726 -0.1526419 -0.6555773 0 -0.6771037 -0.7358121 1 0 0.001956947 0.7651663 -0.4344423 -0.4755382 0 -0.9667319 -0.2524462 0.9960861 0.0332681 0.07436399 0.7064579 0.003913894 0.7084149 0.9921722 0.09197652 0.09001957 0.001956947 0.2837573 0.9589041 0.6594912 0.2172211 0.7201566 0.6340509 0.5342466 0.5596869 0 0.6888454 0.7240704 -0.6575342 0.2133072 0.7221135 -0.6340509 0.5303327 0.5636008 -0.9921722 0.08610567 0.09589041 -0.6555773 0.7162427 0.2407045 -0.7455969 -0.6457925 -0.1702544 -0.9960861 0.08023483 0.03913894 -0.7084149 -0.7064579 -0.005870841 0 -1 -0.007827789 0 -1 0.007827789 -1 0.003913894 0 -0.7084149 -0.7064579 0.005870841 0 -0.9667319 0.2524462 -0.704501 0.7103718 0.007827789 -1 0.003913894 0 -0.7455969 -0.6438356 0.1722113 -0.7651663 -0.4363992 0.4735812 0 -0.6771037 0.7358121 -0.9960861 0.08219178 -0.037182 -0.739726 -0.1545988 0.6536204 0 -0.223092 0.9745597 -0.9921722 0.08806262 -0.09197652 -0.9960861 0.03131115 -0.07632094 -0.7084149 -0.001956947 0.7064579 0 -0.003913894 1 0 0 1 -1 0 -0.001956947 -0.7084149 0 0.7064579 0 0.7005871 0.7142857 -0.7084149 0.7064579 0 0 1 0 -1 0 -0.001956947 -0.8238748 0.5479452 0.146771 -1 -0.003913894 0 -0.81409 0.1252446 0.5655577 -0.9823875 -0.1604697 -0.1017613 -0.704501 -0.7103718 -0.005870841 -0.9823875 -0.1135029 -0.146771 -0.6066536 -0.6908023 -0.3933464 -0.6105675 -0.3953033 -0.6868885 -0.7064579 -0.003913894 -0.7084149 -0.7064579 0.003913894 -0.7084149 -0.001956947 -0.4911937 -0.8708415 0 0.003913894 -1 0.001956947 -0.8669276 -0.4970646 0 -1 -0.009784736 0.704501 -0.7103718 -0.007827789 0 -0.005870841 -1 0.6066536 -0.3894325 -0.6927593 0.704501 -0.003913894 -0.7084149 0.6105675 -0.6829746 -0.4011742 0.9823875 -0.148728 -0.1154599 1 -0.003913894 -0.001956947 0.9823875 -0.0998043 -0.1604697 0.8180039 0.5596869 0.1330724 0.7084149 0.7064579 0 0 0.7005871 0.7142857 0 1 0 0.8199608 0.1409002 0.555773 1 0 -0.001956947 0.7084149 0 0.7064579 0 0 1 0 -0.003913894 1 0.7084149 -0.001956947 0.7064579 0 -0.223092 0.9745597 1 0 -0.001956947 0.739726 -0.1545988 0.6536204 0 -0.6771037 0.7358121 0.7064579 0.003913894 -0.7084149 0.7651663 -0.4363992 0.4735812 0 -0.9667319 0.2524462 0.9960861 0.03131115 -0.07632094 0.6594912 0.2152642 -0.7221135 0 0.2837573 -0.9589041 0.9921722 0.08806262 -0.09197652 -0.6594912 0.2152642 -0.7221135 0.7455969 -0.6438356 0.1722113 -0.6340509 0.5322896 -0.5616438 0 0.6888454 -0.7240704 -0.6536204 0.7162427 -0.2387476 -0.704501 0.7103718 -0.007827789 0 0.9491194 -0.3131115 0.6340509 0.5322896 -0.5616438 0.6536204 0.7162427 -0.2387476 0.9960861 0.08219178 -0.037182 0.704501 0.7103718 -0.007827789 1 0.003913894 0 0.7084149 -0.7064579 0.005870841 0 -1 0.007827789 0 -1 -0.007827789 0.7084149 -0.7064579 -0.005870841 1 0.003913894 0 0.7455969 -0.6438356 -0.1741683 0.9960861 0.08414873 0.03522505 0.704501 0.7103718 0.007827789 0.6536204 0.7181996 0.2387476 0 1 -0.01174168 -0.001956947 0.9491194 0.3131115 0 1 0.01174168 -0.01369863 0.1937378 -0.9804305 -0.01565558 0 -1 -1 0 -0.01565558 -0.9804305 0.1937378 -0.01369863 -0.01565558 1 -0.01565558 -0.01565558 1 0.01565558 -0.9804305 0.1937378 0.01369863 -1 0 0.01565558 -0.01565558 0 1 -0.01369863 0.1937378 0.9804305 0.01565558 1 0.01565558 0.01369863 0.1937378 0.9804305 0.01565558 0 1 1 0 0.01565558 0.9804305 0.1937378 0.01369863 0.01565558 1 -0.01565558 0.9804305 0.1937378 -0.01369863 1 0 -0.01565558 0.01565558 0 -1 0.01369863 0.1937378 -0.9804305 -0.01565558 1 -0.01565558 -0.01565558 0 -1 -0.01369863 0.1937378 -0.9804305 0.9941292 -0.109589 -0.02739726 0.9921722 -0.1252446 -0.007827789 0.0332681 0.003913894 -1 -0.7221135 0.1252446 -0.6810176 0.001956947 0.1037182 -0.9941292 -0.8043053 -0.0332681 -0.5949119 0.5792564 0.01565558 0.81409 0.5792564 0.01565558 0.81409 0.5792564 0.01565558 0.81409 -0.05870841 0.9960861 0.05479452 -0.05870841 0.9960861 0.05479452 -0.05870841 0.9960861 0.05479452 -0.4716243 -0.8786693 -0.06457926 -0.4716243 -0.8786693 -0.06457926 -0.4716243 -0.8786693 -0.06457926 -0.6771037 0.6399217 -0.3620352 -0.6771037 0.6399217 -0.3620352 -0.6771037 0.6399217 -0.3620352 -0.1722113 0.960861 0.2191781 -0.0704501 0.9941292 0.08610567 -0.1722113 0.960861 0.2191781 -0.01565558 0.9980431 -0.05675147 -0.01565558 0.9980431 -0.05675147 -0.02348337 1 0.003913894 -0.09197652 0.9960861 0.02935421 -0.06849315 0.9960861 0.04696673 -0.1154599 0.9921722 0.03522505 -0.02935421 0.9980431 0.05870841 0.03913894 0.9980431 -0.03131115 0.04500978 0.9980431 -0.037182 0.2622309 0.7299413 0.6320939 0.2641879 0.7005871 0.6634051 0.2641879 0.7005871 0.6634051 0.9980431 -0.05283757 -0.005870841 0.1213307 -0.9902152 -0.06066536 0.9980431 -0.05283757 -0.005870841 0.1154599 -0.9921722 -0.03522505 0.1154599 -0.9921722 -0.06066536 0.1154599 -0.9921722 -0.03522505 0.02739726 0.9980431 -0.04696673 0.007827789 1 -0.009784736 0.02739726 0.9980431 -0.04696673 0.2172211 0.8923679 0.3972603 -0.08219178 0.9412916 0.3287671 -0.6575342 0.3013699 0.6888454 -0.6653621 0.2915851 0.6888454 -0.07632094 -0.9823875 -0.1663405 0.1722113 -0.9804305 0.0998043 0.1722113 -0.9804305 0.0998043 0.1976517 -0.9236791 -0.3268102 -0.2191781 -0.9217221 -0.3170255 0.2093934 -0.9217221 -0.3248532 0.1819961 -0.9823875 -0.05283757 0.2876712 -0.9549902 -0.06262231 0.1819961 -0.9823875 -0.05283757 -0.37182 0.925636 0.05675147 -0.37182 0.9275929 0.05479452 0.3796478 -0.9217221 -0.07240704 -0.01956947 1 0.01369863 0.01761252 1 0.01565558 -0.08023483 0.9941292 -0.08023483 0.01369863 1 -0.01956947 0 -1 0 0 -1 0 0 -1 0 0 -1 0 0 0 1 0 0 1 0 0 1 0 0 1 0 0 -1 0 0 -1 0 0 -1 0 0 -1 0 -1 0.04109589 0.02152642 -0.9980431 0.05283757 0.06457926 -0.9980431 0.04109589 0.05870841 -0.9980431 0.02935421 1 0 0 1 0 0 1 0 0 1 0 0 1 0 0 1 0 0 1 0 0 1 0 0 1 0 0 1 0 0 1 0 0 -0.05870841 -0.9980431 -0.02935421 -0.06457926 -0.9980431 -0.04109589 -0.02152642 -0.9980431 -0.05283757 0 -1 -0.04109589 0.06457926 -0.9980431 0.04109589 0.05870841 -0.9980431 0.02935421 -0.05870841 -0.9980431 -0.02935421 -0.06457926 -0.9980431 -0.04109589 0 0 1 0 0 1 0 0 1 0 0 1 0 0 -1 0 0 -1 0 0 -1 0 0 -1 0 -1 0.04109589 0.02152642 -0.9980431 0.05283757 0.06457926 -0.9980431 0.04109589 0.05870841 -0.9980431 0.02935421 1 0 0 1 0 0 1 0 0 1 0 0 1 0 0 1 0 0 1 0 0 1 0 0 1 0 0 1 0 0 1 0 0 -0.05870841 -0.9980431 -0.02935421 -0.06457926 -0.9980431 -0.04109589 -0.02152642 -0.9980431 -0.05283757 0 -1 -0.04109589 0.06457926 -0.9980431 0.04109589 0.05870841 -0.9980431 0.02935421 -0.05870841 -0.9980431 -0.02935421 -0.06457926 -0.9980431 -0.04109589 0.1135029 -0.9921722 -0.0665362 0.1135029 -0.9921722 -0.0665362 0.1174168 -0.9902152 -0.06849315 -0.003913894 -1 0.007827789 -0.01565558 0.111546 0.9941292 -0.01565558 0.05870841 0.9980431 -0.01565558 0.1076321 0.9941292 -0.01565558 0.05479452 0.9980431 -0.3463796 -0.9315069 0.1056751 0.0332681 -0.9921722 0.1174168 -0.3287671 -0.9373777 0.1076321 0.0332681 -0.9921722 0.1174168 -0.9882583 0.148728 0.04696673 -0.9882583 0.1448141 0.04696673 -0.9980431 0.06849315 0.02935421 -0.9980431 0.06457926 0.02739726 0 1 0 0.005870841 1 0.001956947 0 1 0 0 1 0 0 1 0.003913894 -0.001956947 1 0.003913894 -0.09197652 0.9960861 0.001956947 -0.09197652 0.9960861 0.001956947 -0.1428571 0.1722113 0.9745597 -0.4383562 0.05088063 0.8962818 -0.3405088 0.09393346 0.9354208 -0.5068493 0.01761252 0.8630137 0.7123288 -0.6986302 -0.06262231 -0.111546 -0.6477495 -0.7534246 -0.07240704 -0.9960861 -0.02544031 0.7260274 -0.01761252 -0.6868885 -0.111546 -0.6477495 -0.7534246 -0.01174168 -0.01369863 -1 -0.001956947 0.483366 -0.8747554 -0.01174168 -0.01369863 -1 0.7084149 0.3463796 -0.6144814 -0.04696673 0.3561644 0.9334638 -0.001956947 0.483366 -0.8747554 0.6536204 0.7573385 -0.003913894 0.9980431 0.001956947 0.0704501 0.9960861 -0.04305284 0.06457926 1 -0.009784736 -0.005870841 0.7592955 -0.6477495 0.04109589 0.479452 -0.8786693 -0.007827789 0.6908023 0.01956947 0.7221135 0 -0.9980431 0.05870841 -0.6144814 -0.7886497 -0.01174168 0.7514677 -0.01565558 0.6594912 -0.01565558 -0.03131115 1 -0.7632094 -0.6457925 0.0332681 -0.9960861 -0.04305284 0.07240704 -0.9471624 0.3228963 0.003913894 -0.04696673 0.3561644 0.9334638 -0.001956947 0.483366 -0.8747554 -0.7064579 0.3444227 -0.6183953 -0.001956947 0.483366 -0.8747554 -0.01174168 -0.01369863 -1 -0.5088063 -0.009784736 -0.8610567 -0.111546 -0.6477495 -0.7534246 -0.6477495 -0.5479452 -0.5303327 -0.07240704 -0.9960861 -0.02544031 -0.111546 -0.6477495 -0.7534246 -0.7162427 -0.6986302 -0.02348337 -0.9902152 0.01174168 0.1448141 0.01174168 -1 0.02348337 -0.07240704 -0.9960861 -0.02544031 -0.7123288 -0.6986302 0.06849315 0.007827789 -0.6575342 0.7534246 0.01174168 -1 0.02348337 -0.7592955 -0.01565558 0.6497065 -0.849315 0.009784736 0.5264188 -0.9941292 -0.1037182 0.009784736 -0.6966732 0.4892368 0.5244619 0.02152642 0.02348337 1 0 0.6888454 0.7240704 0.7710372 0.4461839 0.4540117 -0.6575342 0.7084149 0.2544031 1 0.01565558 0.007827789 0.7553816 0.6536204 0.03131115 0.2074364 0.9745597 0.07632094 -0.7064579 0.7084149 -0.005870841 -1 0 -0.009784736 -0.7416829 0.6692759 -0.03522505 -0.001956947 0.9980431 -0.05479452 0.7612525 0.6477495 -0.03131115 0.007827789 0.6947162 -0.7201566 -0.7710372 0.444227 -0.4559687 1 0.0332681 -0.007827789 0.7671233 0.4422701 -0.4657534 0.7064579 -0.7064579 0.05479452 -0.07240704 -0.9960861 -0.02544031 0.01174168 -1 0.02348337 0.007827789 -0.6575342 0.7534246 1 0.005870841 -0.03522505 0.6908023 0.01761252 -0.7240704 0.7299413 -0.01956947 0.6829746 0.007827789 -0.6575342 0.7534246 0.009784736 -0.01369863 1 -0.04696673 0.3561644 0.9334638 0.6183953 0.01369863 0.7866927 -0.04696673 0.3561644 0.9334638 0.6536204 0.7573385 -0.003913894 1 -0.009784736 -0.005870841 0.9941292 -0.007827789 -0.1135029 0.479452 -0.8786693 -0.007827789 0.7553816 -0.02152642 -0.6555773 0.5459883 -0.7240704 -0.4227006 -0.3189824 -0.8473581 -0.4266145 -0.6144814 -0.7886497 -0.01174168 0.01174168 -0.02935421 -1 -0.02152642 0.02348337 -1 -0.7651663 -0.01956947 -0.6438356 -0.9960861 -0.02739726 -0.08610567 -0.9471624 0.3228963 0.003913894 -0.6908023 0.01956947 -0.7240704 -0.6203523 0.01565558 0.7847358 -0.04696673 0.3561644 0.9334638 -0.9980431 0.001956947 -0.0704501 -0.7279844 -0.01956947 0.6868885 -0.04696673 0.3561644 0.9334638 0.009784736 -0.01369863 1 0.007827789 -0.6575342 0.7534246 0.009784736 -0.01369863 1 -0.02544031 -1 0.01174168 -0.7534246 -0.6575342 0.007827789 -0.07240704 -0.6731898 0.7358121 0.02544031 -1 -0.01369863 -0.02544031 -1 0.01174168 0.08219178 -0.6927593 0.7162427 0.7534246 -0.6575342 -0.007827789 0.02544031 -1 -0.01369863 0.007827789 0.02152642 1 0.08806262 0.003913894 0.9960861 -0.009784736 0.01956947 1 -0.7514677 -0.01761252 0.6594912 -0.7534246 -0.6575342 0.007827789 -1 -0.01369863 0.01174168 -0.9452055 0.3228963 0.01565558 -0.7260274 0.01565558 0.6868885 -0.9452055 0.3228963 0.01565558 0.005870841 0.7534246 0.6594912 0.007827789 -0.01565558 1 0.08023483 -0.003913894 0.9960861 0.009784736 -0.8767123 0.481409 0.7318982 -0.01761252 0.6829746 0.3776908 -0.7260274 0.5753425 0.4129159 -0.8356164 -0.3639922 0.009784736 -0.9178082 -0.3972603 1 -0.0332681 0.01565558 0.6027398 0.01174168 0.7964775 0.479452 0.4618395 0.7475538 1 0.02348337 -0.02152642 0.04892368 0.7358121 0.6751468 0.7201566 0.6947162 0.007827789 0.7318982 -0.02152642 -0.6810176 0.7240704 0.02152642 -0.6888454 0.18591 -0.02152642 -0.9823875 0.003913894 -0.1722113 -0.9843444 -0.4129159 0.4657534 -0.7827789 -0.001956947 0.7573385 -0.6516634 -0.9452055 0.3228963 0.01565558 -0.7632094 0 -0.6457925 -0.9452055 0.3228963 0.01565558 0.0704501 0.001956947 -0.9980431 -0.6888454 -0.01956947 -0.7240704 -0.9452055 0.3228963 0.01565558 -1 -0.01369863 0.01174168 -1 -0.01369863 0.01174168 -0.7534246 -0.6575342 0.007827789 -0.07827789 -0.6927593 -0.7162427 -0.7534246 -0.6575342 0.007827789 -0.02544031 -1 0.01174168 0.4540117 0.4461839 -0.7710372 0.009784736 0.01956947 -1 0.03913894 0.6575342 -0.7534246 0.06849315 0.9980431 0 -0.03913894 0.6497065 -0.7592955 -0.03913894 0.6555773 0.7534246 -0.06849315 0.9980431 0.001956947 -0.7201566 0.6947162 -0.007827789 -0.4559687 0.444227 0.7710372 -0.0704501 0.001956947 0.9980431 -0.7240704 0.01956947 0.6908023 0.6868885 -0.01761252 0.7279844 0.7534246 -0.6575342 -0.007827789 1 -0.01369863 -0.009784736 0.9138943 0.407045 -0.02152642 1 -0.01369863 -0.009784736 0.6418787 0.2876712 0.7103718 0.9138943 0.407045 -0.02152642 -0.9452055 0.3228963 0.01565558 0.005870841 0.7534246 0.6594912 -0.06262231 -0.03913894 0.9980431 0.007827789 -0.01565558 1 -0.6418787 -0.01565558 0.7671233 -0.05283757 -0.6555773 0.7534246 0.009784736 -0.8767123 0.481409 -1 0.02348337 0.02152642 -1 -0.02935421 -0.01174168 -0.07240704 -0.9980431 0.01174168 0.009784736 -0.9178082 -0.3972603 -0.7240704 0.01761252 -0.6908023 -0.6614481 -0.02152642 -0.7495108 -0.0332681 -0.6360078 -0.7710372 -0.07632094 -0.0332681 -0.9960861 0.003913894 -0.1722113 -0.9843444 -0.03522505 0.005870841 -1 -0.4657534 0.4422701 -0.7671233 -0.01174168 0.037182 -1 0.06849315 -0.7005871 -0.7103718 -0.02544031 -1 0.01174168 0.02544031 -1 -0.01369863 0.7534246 -0.6575342 -0.007827789 0.6829746 -0.01956947 -0.7299413 0.7534246 -0.6575342 -0.007827789 1 -0.01369863 -0.009784736 0.6379648 0.2778865 -0.7181996 0.9138943 0.407045 -0.02152642 -0.001956947 0.7573385 -0.6516634 -0.9452055 0.3228963 0.01565558 0.7123288 -0.6986302 -0.06262231 -0.07436399 -0.6418787 -0.7632094 0.01565558 -1 -0.03913894 0.7240704 -0.01956947 -0.6888454 -0.07436399 -0.6418787 -0.7632094 -0.01174168 -0.01369863 -1 -0.01369863 0.5694716 -0.8219178 -0.01174168 -0.01369863 -1 0.6810176 0 -0.7318982 0.9980431 0.003913894 0.0704501 0.7142857 0.6986302 -0.02544031 -0.01369863 0.5694716 -0.8219178 0.009784736 0.3268102 0.9452055 -0.01369863 0.5694716 -0.8219178 0.6536204 0.7573385 -0.001956947 0.9843444 -0.001956947 0.1780822 0.9980431 -0.07436399 0.009784736 1 -0.01174168 -0.003913894 0.6418787 -0.7651663 0.05088063 0.481409 -0.8767123 -0.007827789 0.630137 -0.01956947 0.776908 0 -0.9980431 0.05870841 -0.3933464 -0.9197652 -0.007827789 -0.01565558 -0.03131115 1 0.6888454 0.02152642 0.7240704 -0.7632094 -0.6457925 0.0332681 -0.9960861 -0.04500978 0.0665362 -0.9863014 -0.1663405 -0.003913894 -0.7534246 -0.01761252 0.6575342 0.02152642 0.02348337 1 -0.6888454 0.01761252 0.7240704 -1 0.005870841 0.037182 -0.7103718 0.3444227 -0.6125244 -0.6555773 0.7553816 0.001956947 0.009784736 0.3268102 0.9452055 -0.01369863 0.5694716 -0.8219178 -0.01369863 0.5694716 -0.8219178 -0.01174168 -0.01369863 -1 -0.7299413 -0.01369863 -0.6829746 -0.07436399 -0.6418787 -0.7632094 -0.7005871 -0.5870842 -0.4031311 0.01565558 -1 -0.03913894 -0.07436399 -0.6418787 -0.7632094 -0.6046967 -0.7964775 0 0.01565558 -1 0.02739726 0.01565558 -1 -0.03913894 -0.7260274 -0.6829746 0.0704501 0.007827789 -0.6575342 0.7534246 0.01565558 -1 0.02739726 -0.9823875 0.1878669 0.01565558 -0.7671233 0.4383562 0.4696673 -0.7632094 0.6457925 0.03131115 -0.007827789 0.6947162 0.7201566 -1 0.01369863 -0.009784736 0.7710372 0.4461839 0.4540117 0 0.9980431 0.05479452 1 0.01565558 0.007827789 0.7553816 0.6536204 0.03131115 -0.7573385 0.6536204 -0.03131115 -0.001956947 0.9980431 -0.05479452 0.7612525 0.6477495 -0.03131115 1 0.0332681 -0.007827789 0.007827789 0.6947162 -0.7201566 -0.7710372 0.444227 -0.4559687 -0.9980431 0.001956947 -0.06849315 -0.6888454 0.01956947 -0.7240704 0.7671233 0.4422701 -0.4657534 -0.02152642 0.02348337 -1 0.6908023 0.01761252 -0.7240704 1 0.003913894 -0.0332681 0.7064579 -0.7064579 0.05479452 0.01565558 -1 -0.03913894 0.01565558 -1 0.02739726 0.007827789 -0.6575342 0.7534246 0.7299413 -0.01956947 0.6829746 0.007827789 -0.6575342 0.7534246 0.009784736 -0.01369863 1 0.009784736 0.3268102 0.9452055 0.6888454 0.01565558 0.7240704 0.009784736 0.3268102 0.9452055 0.6536204 0.7573385 -0.001956947 1 -0.01174168 -0.003913894 0.9960861 -0.005870841 -0.08610567 0.481409 -0.8767123 -0.007827789 0.6927593 -0.02348337 -0.7221135 0.5792564 -0.7064579 -0.407045 -0.3600783 -0.8336595 -0.4187867 -0.3933464 -0.9197652 -0.007827789 0.01174168 -0.02935421 -1 -0.6986302 -0.02152642 -0.7162427 -0.9980431 -0.01956947 -0.06066536 -0.9863014 -0.1663405 -0.003913894 -0.6849315 0.01761252 0.7279844 -0.6555773 0.7553816 0.001956947 0.009784736 0.3268102 0.9452055 -0.7279844 -0.01956947 0.6868885 0.009784736 0.3268102 0.9452055 0.009784736 -0.01369863 1 0.007827789 -0.6575342 0.7534246 0.009784736 -0.01369863 1 0.7064579 0 -0.7064579 0.7064579 0 -0.7064579 1 0 0 1 0 0 0.7064579 0 0.7064579 0.7064579 0 0.7064579 0 0 1 0 0 1 -0.7064579 0 0.7064579 -0.7064579 0 0.7064579 -1 0 0 -1 0 0 -0.7064579 0 -0.7064579 -0.7064579 0 -0.7064579 0 0 -1 0 0 -1 0.7064579 0 -0.7064579 0.7064579 0 -0.7064579 0.7064579 0 -0.7064579 0.7064579 0 -0.7064579 1 0 0 1 0 0 0.7064579 0 0.7064579 0.7064579 0 0.7064579 0 0 1 0 0 1 -0.7064579 0 0.7064579 -0.7064579 0 0.7064579 -1 0 0 -1 0 0 -0.7064579 0 -0.7064579 -0.7064579 0 -0.7064579 0 0 -1 0 0 -1 0.7064579 0 -0.7064579 0.7064579 0 -0.7064579 -0.7064579 0 -0.7064579 -0.7064579 0 -0.7064579 0 0 -1 0 0 -1 0.7064579 0 -0.7064579 0.7064579 0 -0.7064579 1 0 0 1 0 0 0.7064579 0 0.7064579 0.7064579 0 0.7064579 0 0 1 0 0 1 -0.7064579 0 0.7064579 -0.7064579 0 0.7064579 -1 0 0 -1 0 0 -0.7064579 0 -0.7064579 -0.7064579 0 -0.7064579 -0.7064579 0 -0.7064579 -0.7064579 0 -0.7064579 0 0 -1 0 0 -1 0.7064579 0 -0.7064579 0.7064579 0 -0.7064579 1 0 0 1 0 0 0.7064579 0 0.7064579 0.7064579 0 0.7064579 0 0 1 0 0 1 -0.7064579 0 0.7064579 -0.7064579 0 0.7064579 -1 0 0 -1 0 0 -0.7064579 0 -0.7064579 -0.7064579 0 -0.7064579 0.7064579 0 -0.7064579 0.7064579 0 -0.7064579 1 0 0 1 0 0 0.7064579 0 0.7064579 0.7064579 0 0.7064579 0 0 1 0 0 1 -0.7064579 0 0.7064579 -0.7064579 0 0.7064579 -1 0 0 -1 0 0 -0.7064579 0 -0.7064579 -0.7064579 0 -0.7064579 0 0 -1 0 0 -1 0.7064579 0 -0.7064579 0.7064579 0 -0.7064579 0.7064579 0 -0.7064579 0.7064579 0 -0.7064579 1 0 0 1 0 0 0.7064579 0 0.7064579 0.7064579 0 0.7064579 0 0 1 0 0 1 -0.7064579 0 0.7064579 -0.7064579 0 0.7064579 -1 0 0 -1 0 0 -0.7064579 0 -0.7064579 -0.7064579 0 -0.7064579 0 0 -1 0 0 -1 0.7064579 0 -0.7064579 0.7064579 0 -0.7064579 -1 0 0 -1 0 0 -1 0 0 -1 0 0 -1 0 0 -1 0 0 -1 0 0 -1 0 0 -1 0 0 -1 0 0 -1 0 0 -1 0 0 -1 0 0 -1 0 0 -1 0 0 -1 0 0 -1 0 0 -1 0 0 -1 0 0 -1 0 0 -1 0 0 -1 0 0 -0.1409002 -0.9882583 -0.0704501 -0.1409002 -0.9882583 -0.07240704 -0.1800391 -0.9726027 0.1448141 -0.1506849 -0.9745597 0.1663405 -0.5596869 -0.8258317 -0.07827789 -0.02152642 -0.04696673 0.9980431 -0.02152642 -0.03913894 0.9980431 -0.9980431 -0.05088063 0.01761252 -0.9980431 -0.04109589 0.01761252 -0.9980431 0.06457926 -0.01956947 -0.9980431 -0.04109589 0.01761252 -0.7221135 0.1252446 -0.6810176 -0.8043053 -0.0332681 -0.5949119 0.009784736 0.06849315 -0.9980431 0.001956947 0.1037182 -0.9941292 0.02739726 0.05675147 -0.9980431 0.1389433 -0.01565558 -0.9902152 0.2367906 -0.05870841 -0.9706458 0.2348337 -0.05479452 -0.9706458 0.9960861 0.09393346 0.02739726 0.9941292 0.09589041 0.02935421 0.9980431 0.05283757 0.03131115 0.9980431 0.04696673 0.04500978 0.01565558 0.04500978 0.9980431 0.6986302 -0.06262231 0.7142857 -0.003913894 0.04109589 1 -0.6144814 0.09197652 0.7847358 -0.03522505 0.01565558 1 -0.6086106 -0.08219178 0.7886497 -0.9941292 0.111546 0.003913894 -0.9941292 -0.109589 -0.009784736 -0.9921722 -0.1272016 -0.003913894 -0.6066536 0.0332681 -0.7945206 -0.5812133 0.0332681 -0.81409 -0.05088063 0.9921722 -0.1154599 -0.05088063 0.9921722 -0.1154599 -0.1232877 0.9804305 -0.148728 -0.1311155 0.9804305 -0.1545988 -0.1663405 0.9804305 0.09784736 -0.1682975 0.9804305 0.09784736 -0.009784736 1 0.005870841 -0.02348337 0.03131115 -1 -0.7632094 0.01174168 -0.6457925 -0.001956947 0.02544031 -1 0.6105675 -0.1037182 -0.7847358 0.02739726 -0.04696673 -0.9980431 0.9941292 -0.1056751 -0.005870841 1 0.01565558 0.007827789 1 0.02739726 0.007827789 0.7299413 -0.6086106 0.3091977 0.6340509 -0.6810176 0.3639922 0.5655577 -0.739726 0.3659491 0.5675147 -0.8219178 0.05088063 0.3307241 -0.9432485 0.009784736 0.3228963 -0.9471624 0 0.2622309 -0.964775 -0.001956947 0 -1 0 0 -1 0 0.08610567 -0.9902152 -0.1154599 0.08610567 -0.9902152 -0.1154599 0.08219178 -0.9921722 -0.09589041 0.07827789 -0.9921722 -0.09197652 0.05675147 -0.9980431 -0.02935421 0.05675147 -0.9980431 -0.02935421 -0.01174168 -1 -0.01174168 -0.02152642 -0.04696673 0.9980431 0.02348337 0.05675147 0.9980431 -0.02152642 -0.03913894 0.9980431 0.6888454 0.09784736 0.7181996 0.9980431 0.05870841 0.01761252 0.9941292 -0.109589 -0.02739726 0.9921722 -0.1252446 -0.007827789 0.0332681 0.003913894 -1 0.03913894 0.01174168 -1 0.009784736 -0.01956947 -1 0.02152642 -0.02544031 -1 0.4853229 0.01956947 -0.8747554 0.111546 0.05870841 -0.9921722 0.4951076 0.04696673 -0.8669276 0.4559687 0.07436399 -0.8864971 0.6242661 0.07827789 -0.776908 0.5518591 0.02935421 -0.8336595 -0.01174168 -0.01565558 1 -0.1428571 -0.007827789 0.9902152 -0.146771 0 0.9882583 -0.009784736 -0.01565558 1 0.01956947 -0.02544031 1 0.7142857 -0.09784736 0.6927593 0.9941292 -0.109589 0.003913894 0.667319 -0.1174168 -0.7358121 0.9941292 -0.109589 -0.02348337 0.02739726 -0.05675147 -0.9980431 -0.01174168 -0.07240704 -0.9980431 -0.7005871 -0.1174168 -0.704501 -0.9960861 -0.08023483 -0.01761252 -0.9980431 0.06066536 0.02544031 -0.7710372 0.111546 0.62818 -0.05283757 0.09784736 0.9941292 -0.03913894 0 1 -0.07632094 -0.01761252 0.9960861 -0.479452 -0.03913894 0.8767123 -0.5459883 -0.07827789 0.8336595 -0.6418787 -0.05283757 0.7651663 0.8395303 -0.08610567 -0.5362035 0.8434442 -0.09197652 -0.5303327 0.8454012 -0.09001957 -0.5264188 0.9001957 -0.1076321 -0.4227006 0.8688846 -0.04305284 -0.4931507 1 0.02935421 0 0.9980431 0.05088063 -0.01761252 0.9980431 -0.0665362 -0.02544031 0.9960861 -0.08219178 -0.01761252 0.01174168 0.06849315 -0.9980431 0.009784736 0.07827789 -0.9960861 0 -0.05088063 -0.9980431 0 -0.05870841 -0.9980431 0.3874756 0.03913894 -0.9217221 0.2935421 -0.07436399 -0.9530333 0.3013699 -0.4500979 -0.8395303 0.3228963 0.08806262 -0.9412916 0.3209393 0.009784736 -0.9471624 0.2133072 -0.01761252 -0.9765166 0.3424658 0.01174168 -0.9393346 0.3776908 0.06066536 -0.9236791 1 -0.001956947 -0.03522505 1 0 -0.007827789 0.9980431 -0.04500978 0.02348337 0.9980431 -0.05088063 0.01956947 0.02935421 0.04500978 0.9980431 0.02544031 0.05479452 0.9980431 -0.02935421 -0.03522505 0.9980431 -0.02348337 -0.04500978 0.9980431 -0.9980431 0.04696673 0.01956947 -0.9980431 0.04305284 0.009784736 -0.7416829 -0.0665362 -0.667319 -0.9980431 -0.04500978 -0.02348337 -0.02544031 -0.05088063 -0.9980431 0.01956947 -0.003913894 -1 0.01369863 0 -1 0.8356164 0.007827789 -0.5479452 0.7534246 0.03131115 -0.6575342 -0.2759295 0.07240704 0.9589041 -0.2681018 0.04305284 0.962818 -0.3033268 0.0332681 0.9530333 -0.9921722 0.04696673 0.111546 -0.3600783 0.08219178 0.9295499 -0.9980431 0.04696673 0.04696673 -1 0.003913894 -0.007827789 -1 0 -0.01174168 -0.02348337 -0.02544031 -1 -0.02348337 -0.02348337 -1 0.02348337 -0.001956947 -1 0.6320939 0.1017613 -0.7671233 0.9882583 0.1526419 -0.003913894 0.7299413 0.1232877 0.6712329 0.9960861 0.08023483 0.02935421 0.01565558 0.07827789 0.9960861 -0.009784736 -0.04305284 1 -0.01174168 -0.05283757 0.9980431 -0.9980431 -0.06457926 0.009784736 -0.9980431 -0.0665362 0.009784736 -0.9941292 -0.02739726 0.1056751 -0.9980431 -0.03522505 0.0332681 -0.8649706 0.05283757 0.4990215 -0.8395303 0.04500978 0.5420744 -0.8414873 0.07632094 0.5362035 -0.7514677 0.1076321 0.6497065 -0.01956947 1 0.01369863 -0.08023483 0.9941292 -0.08023483 0.01761252 1 0.01565558 -0.08023483 0.9941292 -0.08023483 -0.7436399 0.08610567 -0.6634051 -0.6966732 -0.001956947 0.7162427 0.6927593 0.109589 0.7123288 0.01369863 1 -0.01956947 0.7534246 0.003913894 0.6575342 0.704501 0.109589 -0.7005871 -0.08023483 0.9941292 -0.08023483 0.7299413 0 -0.6849315 -0.7436399 0.08610567 -0.6634051 -0.08023483 0.9941292 -0.08023483</float_array>
          <technique_common>
            <accessor source="#dai__CmFillerObjectBC-normal-array" count="2012" stride="3">
              <param name="X" type="float" />
              <param name="Y" type="float" />
              <param name="Z" type="float" />
            </accessor>
          </technique_common>
        </source>
        <source id="dai__CmFillerObjectBC-color">
          <float_array id="dai__CmFillerObjectBC-color-array" count="8048">0.03921569 0.07058824 0.1921569 1 0.03921569 0.07058824 0.1921569 1 0.03921569 0.07058824 0.1921569 1 0.03921569 0.07058824 0.1921569 1 0.03529412 0.03137255 0.03529412 1 0.03529412 0.03137255 0.03529412 1 0.03529412 0.03137255 0.03529412 1 0.03529412 0.03137255 0.03529412 1 0.03529412 0.03137255 0.03529412 1 0.03529412 0.03137255 0.03529412 1 0.03529412 0.03137255 0.03529412 1 0.03529412 0.03137255 0.03529412 1 0.03529412 0.03137255 0.03529412 1 0.03529412 0.03137255 0.03529412 1 0.03529412 0.03137255 0.03529412 1 0.03529412 0.03137255 0.03529412 1 0.03529412 0.03137255 0.03529412 1 0.03529412 0.03137255 0.03529412 1 0.03529412 0.03137255 0.03529412 1 0.03529412 0.03137255 0.03529412 1 0.4078431 0.3411765 0.06666667 1 0.4078431 0.3411765 0.06666667 1 0.4078431 0.3411765 0.06666667 1 0.4078431 0.3411765 0.06666667 1 0.4078431 0.3411765 0.06666667 1 0.4078431 0.3411765 0.06666667 1 0.4078431 0.3411765 0.06666667 1 0.4078431 0.3411765 0.06666667 1 0.4078431 0.3411765 0.06666667 1 0.4078431 0.3411765 0.06666667 1 0.4078431 0.3411765 0.06666667 1 0.4078431 0.3411765 0.06666667 1 0.4078431 0.3411765 0.06666667 1 0.4078431 0.3411765 0.06666667 1 0.4078431 0.3411765 0.06666667 1 0.4078431 0.3411765 0.06666667 1 0.4078431 0.3411765 0.06666667 1 0.4078431 0.3411765 0.06666667 1 0.4078431 0.3411765 0.06666667 1 0.4078431 0.3411765 0.06666667 1 0.4078431 0.3411765 0.06666667 1 0.4078431 0.3411765 0.06666667 1 0.4078431 0.3411765 0.06666667 1 0.4078431 0.3411765 0.06666667 1 0.4078431 0.3411765 0.06666667 1 0.4078431 0.3411765 0.06666667 1 0.4078431 0.3411765 0.06666667 1 0.4078431 0.3411765 0.06666667 1 0.4078431 0.3411765 0.06666667 1 0.4078431 0.3411765 0.06666667 1 0.4078431 0.3411765 0.06666667 1 0.4078431 0.3411765 0.06666667 1 0.4078431 0.3411765 0.06666667 1 0.4078431 0.3411765 0.06666667 1 0.4078431 0.3411765 0.06666667 1 0.4078431 0.3411765 0.06666667 1 0.4078431 0.3411765 0.06666667 1 0.4078431 0.3411765 0.06666667 1 0.4078431 0.3411765 0.06666667 1 0.4078431 0.3411765 0.06666667 1 0.2941177 0.3098039 0.3529412 1 0.2941177 0.3098039 0.3529412 1 0.2941177 0.3098039 0.3529412 1 0.2941177 0.3098039 0.3529412 1 0.2941177 0.3098039 0.3529412 1 0.2941177 0.3098039 0.3529412 1 0.2941177 0.3098039 0.3529412 1 0.2941177 0.3098039 0.3529412 1 0.2941177 0.3098039 0.3529412 1 0.2941177 0.3098039 0.3529412 1 0.2941177 0.3098039 0.3529412 1 0.2941177 0.3098039 0.3529412 1 0.2941177 0.3098039 0.3529412 1 0.2941177 0.3098039 0.3529412 1 0.2941177 0.3098039 0.3529412 1 0.2941177 0.3098039 0.3529412 1 0.2941177 0.3098039 0.3529412 1 0.2941177 0.3098039 0.3529412 1 0.2941177 0.3098039 0.3529412 1 0.2941177 0.3098039 0.3529412 1 0.2941177 0.3098039 0.3529412 1 0.2941177 0.3098039 0.3529412 1 0.2941177 0.3098039 0.3529412 1 0.2941177 0.3098039 0.3529412 1 0.2941177 0.3098039 0.3529412 1 0.2941177 0.3098039 0.3529412 1 0.2941177 0.3098039 0.3529412 1 0.2941177 0.3098039 0.3529412 1 0.2941177 0.3098039 0.3529412 1 0.2941177 0.3098039 0.3529412 1 0.2941177 0.3098039 0.3529412 1 0.2941177 0.3098039 0.3529412 1 0.2941177 0.3098039 0.3529412 1 0.2941177 0.3098039 0.3529412 1 0.2941177 0.3098039 0.3529412 1 0.2941177 0.3098039 0.3529412 1 0.2941177 0.3098039 0.3529412 1 0.2941177 0.3098039 0.3529412 1 0.2941177 0.3098039 0.3529412 1 0.2941177 0.3098039 0.3529412 1 0.2941177 0.3098039 0.3529412 1 0.2941177 0.3098039 0.3529412 1 0.2941177 0.3098039 0.3529412 1 0.2941177 0.3098039 0.3529412 1 0.2941177 0.3098039 0.3529412 1 0.2941177 0.3098039 0.3529412 1 0.2941177 0.3098039 0.3529412 1 0.2941177 0.3098039 0.3529412 1 0.2941177 0.3098039 0.3529412 1 0.2941177 0.3098039 0.3529412 1 0.2941177 0.3098039 0.3529412 1 0.2941177 0.3098039 0.3529412 1 0.2941177 0.3098039 0.3529412 1 0.2941177 0.3098039 0.3529412 1 0.2941177 0.3098039 0.3529412 1 0.2941177 0.3098039 0.3529412 1 0.2941177 0.3098039 0.3529412 1 0.2941177 0.3098039 0.3529412 1 0.2941177 0.3098039 0.3529412 1 0.2941177 0.3098039 0.3529412 1 0.2941177 0.3098039 0.3529412 1 0.2941177 0.3098039 0.3529412 1 0.2941177 0.3098039 0.3529412 1 0.2941177 0.3098039 0.3529412 1 0.2941177 0.3098039 0.3529412 1 0.2941177 0.3098039 0.3529412 1 0.2941177 0.3098039 0.3529412 1 0.2941177 0.3098039 0.3529412 1 0.2941177 0.3098039 0.3529412 1 0.2941177 0.3098039 0.3529412 1 0.2941177 0.3098039 0.3529412 1 0.2941177 0.3098039 0.3529412 1 0.2941177 0.3098039 0.3529412 1 0.2941177 0.3098039 0.3529412 1 0.2941177 0.3098039 0.3529412 1 0.2941177 0.3098039 0.3529412 1 0.2941177 0.3098039 0.3529412 1 0.2941177 0.3098039 0.3529412 1 0.2941177 0.3098039 0.3529412 1 0.2941177 0.3098039 0.3529412 1 0.2941177 0.3098039 0.3529412 1 0.2941177 0.3098039 0.3529412 1 0.2941177 0.3098039 0.3529412 1 0.2941177 0.3098039 0.3529412 1 0.2941177 0.3098039 0.3529412 1 0.2941177 0.3098039 0.3529412 1 0.2941177 0.3098039 0.3529412 1 0.2941177 0.3098039 0.3529412 1 0.2941177 0.3098039 0.3529412 1 0.2941177 0.3098039 0.3529412 1 0.2941177 0.3098039 0.3529412 1 0.2941177 0.3098039 0.3529412 1 0.2941177 0.3098039 0.3529412 1 0.2941177 0.3098039 0.3529412 1 0.2941177 0.3098039 0.3529412 1 0.2941177 0.3098039 0.3529412 1 0.2941177 0.3098039 0.3529412 1 0.2941177 0.3098039 0.3529412 1 0.2941177 0.3098039 0.3529412 1 0.2941177 0.3098039 0.3529412 1 0.2941177 0.3098039 0.3529412 1 0.2941177 0.3098039 0.3529412 1 0.2941177 0.3098039 0.3529412 1 0.2941177 0.3098039 0.3529412 1 0.2941177 0.3098039 0.3529412 1 0.2941177 0.3098039 0.3529412 1 0.2941177 0.3098039 0.3529412 1 0.2941177 0.3098039 0.3529412 1 0.03529412 0.03137255 0.03529412 1 0.03529412 0.03137255 0.03529412 1 0.03529412 0.03137255 0.03529412 1 0.03529412 0.03137255 0.03529412 1 0.03529412 0.03137255 0.03529412 1 0.03529412 0.03137255 0.03529412 1 0.03529412 0.03137255 0.03529412 1 0.03529412 0.03137255 0.03529412 1 0.03529412 0.03137255 0.03529412 1 0.03529412 0.03137255 0.03529412 1 0.03529412 0.03137255 0.03529412 1 0.03529412 0.03137255 0.03529412 1 0.03529412 0.03137255 0.03529412 1 0.03529412 0.03137255 0.03529412 1 0.03529412 0.03137255 0.03529412 1 0.03529412 0.03137255 0.03529412 1 0.03529412 0.03137255 0.03529412 1 0.03529412 0.03137255 0.03529412 1 0.03529412 0.03137255 0.03529412 1 0.03529412 0.03137255 0.03529412 1 0.03529412 0.03137255 0.03529412 1 0.03529412 0.03137255 0.03529412 1 0.03529412 0.03137255 0.03529412 1 0.03529412 0.03137255 0.03529412 1 0.4078431 0.3411765 0.06666667 1 0.4078431 0.3411765 0.06666667 1 0.4078431 0.3411765 0.06666667 1 0.4078431 0.3411765 0.06666667 1 0.4078431 0.3411765 0.06666667 1 0.4078431 0.3411765 0.06666667 1 0.4078431 0.3411765 0.06666667 1 0.4078431 0.3411765 0.06666667 1 0.4078431 0.3411765 0.06666667 1 0.4078431 0.3411765 0.06666667 1 0.4078431 0.3411765 0.06666667 1 0.4078431 0.3411765 0.06666667 1 0.4078431 0.3411765 0.06666667 1 0.4078431 0.3411765 0.06666667 1 0.4078431 0.3411765 0.06666667 1 0.4078431 0.3411765 0.06666667 1 0.4078431 0.3411765 0.06666667 1 0.4078431 0.3411765 0.06666667 1 0.4078431 0.3411765 0.06666667 1 0.4078431 0.3411765 0.06666667 1 0.4078431 0.3411765 0.06666667 1 0.4078431 0.3411765 0.06666667 1 0.4078431 0.3411765 0.06666667 1 0.4078431 0.3411765 0.06666667 1 0.4078431 0.3411765 0.06666667 1 0.4078431 0.3411765 0.06666667 1 0.4078431 0.3411765 0.06666667 1 0.4078431 0.3411765 0.06666667 1 0.4078431 0.3411765 0.06666667 1 0.4078431 0.3411765 0.06666667 1 0.4078431 0.3411765 0.06666667 1 0.4078431 0.3411765 0.06666667 1 0.4078431 0.3411765 0.06666667 1 0.4078431 0.3411765 0.06666667 1 0.4078431 0.3411765 0.06666667 1 0.4078431 0.3411765 0.06666667 1 0.4078431 0.3411765 0.06666667 1 0.4078431 0.3411765 0.06666667 1 0.4078431 0.3411765 0.06666667 1 0.4078431 0.3411765 0.06666667 1 0.4078431 0.3411765 0.06666667 1 0.4078431 0.3411765 0.06666667 1 0.4078431 0.3411765 0.06666667 1 0.4078431 0.3411765 0.06666667 1 0.4078431 0.3411765 0.06666667 1 0.4078431 0.3411765 0.06666667 1 0.4078431 0.3411765 0.06666667 1 0.4078431 0.3411765 0.06666667 1 0.4078431 0.3411765 0.06666667 1 0.4078431 0.3411765 0.06666667 1 0.4078431 0.3411765 0.06666667 1 0.4078431 0.3411765 0.06666667 1 0.4078431 0.3411765 0.06666667 1 0.4078431 0.3411765 0.06666667 1 0.4078431 0.3411765 0.06666667 1 0.4078431 0.3411765 0.06666667 1 0.4078431 0.3411765 0.06666667 1 0.4078431 0.3411765 0.06666667 1 0.4078431 0.3411765 0.06666667 1 0.4078431 0.3411765 0.06666667 1 0.4078431 0.3411765 0.06666667 1 0.4078431 0.3411765 0.06666667 1 0.4078431 0.3411765 0.06666667 1 0.4078431 0.3411765 0.06666667 1 0.4078431 0.3411765 0.06666667 1 0.4078431 0.3411765 0.06666667 1 0.4078431 0.3411765 0.06666667 1 0.4078431 0.3411765 0.06666667 1 0.4078431 0.3411765 0.06666667 1 0.4078431 0.3411765 0.06666667 1 0.4078431 0.3411765 0.06666667 1 0.4078431 0.3411765 0.06666667 1 0.4078431 0.3411765 0.06666667 1 0.4078431 0.3411765 0.06666667 1 0.4078431 0.3411765 0.06666667 1 0.4078431 0.3411765 0.06666667 1 0.4078431 0.3411765 0.06666667 1 0.4078431 0.3411765 0.06666667 1 0.4078431 0.3411765 0.06666667 1 0.4078431 0.3411765 0.06666667 1 0.4078431 0.3411765 0.06666667 1 0.4078431 0.3411765 0.06666667 1 0.4078431 0.3411765 0.06666667 1 0.4078431 0.3411765 0.06666667 1 0.4078431 0.3411765 0.06666667 1 0.4078431 0.3411765 0.06666667 1 0.4078431 0.3411765 0.06666667 1 0.4078431 0.3411765 0.06666667 1 0.4078431 0.3411765 0.06666667 1 0.4078431 0.3411765 0.06666667 1 0.4078431 0.3411765 0.06666667 1 0.4078431 0.3411765 0.06666667 1 0.4078431 0.3411765 0.06666667 1 0.4078431 0.3411765 0.06666667 1 0.4078431 0.3411765 0.06666667 1 0.4078431 0.3411765 0.06666667 1 0.4078431 0.3411765 0.06666667 1 0.4078431 0.3411765 0.06666667 1 0.4078431 0.3411765 0.06666667 1 0.4078431 0.3411765 0.06666667 1 0.4078431 0.3411765 0.06666667 1 0.4078431 0.3411765 0.06666667 1 0.4078431 0.3411765 0.06666667 1 0.4078431 0.3411765 0.06666667 1 0.4078431 0.3411765 0.06666667 1 0.4078431 0.3411765 0.06666667 1 0.4078431 0.3411765 0.06666667 1 0.4078431 0.3411765 0.06666667 1 0.4078431 0.3411765 0.06666667 1 0.4078431 0.3411765 0.06666667 1 0.4078431 0.3411765 0.06666667 1 0.4078431 0.3411765 0.06666667 1 0.4078431 0.3411765 0.06666667 1 0.4078431 0.3411765 0.06666667 1 0.4078431 0.3411765 0.06666667 1 0.4078431 0.3411765 0.06666667 1 0.4078431 0.3411765 0.06666667 1 0.4078431 0.3411765 0.06666667 1 0.4078431 0.3411765 0.06666667 1 0.4078431 0.3411765 0.06666667 1 0.4078431 0.3411765 0.06666667 1 0.4078431 0.3411765 0.06666667 1 0.4078431 0.3411765 0.06666667 1 0.4078431 0.3411765 0.06666667 1 0.4078431 0.3411765 0.06666667 1 0.4078431 0.3411765 0.06666667 1 0.4078431 0.3411765 0.06666667 1 0.4078431 0.3411765 0.06666667 1 0.4078431 0.3411765 0.06666667 1 0.4078431 0.3411765 0.06666667 1 0.4078431 0.3411765 0.06666667 1 0.4078431 0.3411765 0.06666667 1 0.4078431 0.3411765 0.06666667 1 0.4078431 0.3411765 0.06666667 1 0.4078431 0.3411765 0.06666667 1 0.4078431 0.3411765 0.06666667 1 0.4078431 0.3411765 0.06666667 1 0.4078431 0.3411765 0.06666667 1 0.4078431 0.3411765 0.06666667 1 0.4078431 0.3411765 0.06666667 1 0.4078431 0.3411765 0.06666667 1 0.4078431 0.3411765 0.06666667 1 0.4078431 0.3411765 0.06666667 1 0.4078431 0.3411765 0.06666667 1 0.4078431 0.3411765 0.06666667 1 0.4078431 0.3411765 0.06666667 1 0.4078431 0.3411765 0.06666667 1 0.4078431 0.3411765 0.06666667 1 0.4078431 0.3411765 0.06666667 1 0.4078431 0.3411765 0.06666667 1 0.4078431 0.3411765 0.06666667 1 0.4078431 0.3411765 0.06666667 1 0.4078431 0.3411765 0.06666667 1 0.4078431 0.3411765 0.06666667 1 0.4078431 0.3411765 0.06666667 1 0.4078431 0.3411765 0.06666667 1 0.4078431 0.3411765 0.06666667 1 0.4078431 0.3411765 0.06666667 1 0.4078431 0.3411765 0.06666667 1 0.4078431 0.3411765 0.06666667 1 0.4078431 0.3411765 0.06666667 1 0.4078431 0.3411765 0.06666667 1 0.4078431 0.3411765 0.06666667 1 0.4078431 0.3411765 0.06666667 1 0.4078431 0.3411765 0.06666667 1 0.4078431 0.3411765 0.06666667 1 0.4078431 0.3411765 0.06666667 1 0.4078431 0.3411765 0.06666667 1 0.4078431 0.3411765 0.06666667 1 0.4078431 0.3411765 0.06666667 1 0.4078431 0.3411765 0.06666667 1 0.4078431 0.3411765 0.06666667 1 0.4078431 0.3411765 0.06666667 1 0.4078431 0.3411765 0.06666667 1 0.4078431 0.3411765 0.06666667 1 0.4078431 0.3411765 0.06666667 1 0.4078431 0.3411765 0.06666667 1 0.4078431 0.3411765 0.06666667 1 0.4078431 0.3411765 0.06666667 1 0.4078431 0.3411765 0.06666667 1 0.4078431 0.3411765 0.06666667 1 0.4078431 0.3411765 0.06666667 1 0.4078431 0.3411765 0.06666667 1 0.4078431 0.3411765 0.06666667 1 0.4078431 0.3411765 0.06666667 1 0.4078431 0.3411765 0.06666667 1 0.4078431 0.3411765 0.06666667 1 0.4078431 0.3411765 0.06666667 1 0.4078431 0.3411765 0.06666667 1 0.4078431 0.3411765 0.06666667 1 0.4078431 0.3411765 0.06666667 1 0.4078431 0.3411765 0.06666667 1 0.4078431 0.3411765 0.06666667 1 0.4078431 0.3411765 0.06666667 1 0.4078431 0.3411765 0.06666667 1 0.4078431 0.3411765 0.06666667 1 0.4078431 0.3411765 0.06666667 1 0.4078431 0.3411765 0.06666667 1 0.4078431 0.3411765 0.06666667 1 0.4078431 0.3411765 0.06666667 1 0.4078431 0.3411765 0.06666667 1 0.4078431 0.3411765 0.06666667 1 0.4078431 0.3411765 0.06666667 1 0.4078431 0.3411765 0.06666667 1 0.4078431 0.3411765 0.06666667 1 0.4078431 0.3411765 0.06666667 1 0.4078431 0.3411765 0.06666667 1 0.4078431 0.3411765 0.06666667 1 0.4078431 0.3411765 0.06666667 1 0.4078431 0.3411765 0.06666667 1 0.4078431 0.3411765 0.06666667 1 0.4078431 0.3411765 0.06666667 1 0.4078431 0.3411765 0.06666667 1 0.4078431 0.3411765 0.06666667 1 0.4078431 0.3411765 0.06666667 1 0.4078431 0.3411765 0.06666667 1 0.4078431 0.3411765 0.06666667 1 0.4078431 0.3411765 0.06666667 1 0.4078431 0.3411765 0.06666667 1 0.4078431 0.3411765 0.06666667 1 0.4078431 0.3411765 0.06666667 1 0.4078431 0.3411765 0.06666667 1 0.4078431 0.3411765 0.06666667 1 0.4078431 0.3411765 0.06666667 1 0.4078431 0.3411765 0.06666667 1 0.4078431 0.3411765 0.06666667 1 0.4078431 0.3411765 0.06666667 1 0.4078431 0.3411765 0.06666667 1 0.4078431 0.3411765 0.06666667 1 0.4078431 0.3411765 0.06666667 1 0.4078431 0.3411765 0.06666667 1 0.4078431 0.3411765 0.06666667 1 0.4078431 0.3411765 0.06666667 1 0.4078431 0.3411765 0.06666667 1 0.4078431 0.3411765 0.06666667 1 0.4078431 0.3411765 0.06666667 1 0.4078431 0.3411765 0.06666667 1 0.4078431 0.3411765 0.06666667 1 0.4078431 0.3411765 0.06666667 1 0.4078431 0.3411765 0.06666667 1 0.4078431 0.3411765 0.06666667 1 0.4078431 0.3411765 0.06666667 1 0.4078431 0.3411765 0.06666667 1 0.4078431 0.3411765 0.06666667 1 0.4078431 0.3411765 0.06666667 1 0.4078431 0.3411765 0.06666667 1 0.4078431 0.3411765 0.06666667 1 0.4078431 0.3411765 0.06666667 1 0.4078431 0.3411765 0.06666667 1 0.4078431 0.3411765 0.06666667 1 0.4078431 0.3411765 0.06666667 1 0.4078431 0.3411765 0.06666667 1 0.4078431 0.3411765 0.06666667 1 0.4078431 0.3411765 0.06666667 1 0.4078431 0.3411765 0.06666667 1 0.4078431 0.3411765 0.06666667 1 0.4078431 0.3411765 0.06666667 1 0.4078431 0.3411765 0.06666667 1 0.4078431 0.3411765 0.06666667 1 0.4078431 0.3411765 0.06666667 1 0.4078431 0.3411765 0.06666667 1 0.4078431 0.3411765 0.06666667 1 0.4078431 0.3411765 0.06666667 1 0.4078431 0.3411765 0.06666667 1 0.4078431 0.3411765 0.06666667 1 0.4078431 0.3411765 0.06666667 1 0.4078431 0.3411765 0.06666667 1 0.4078431 0.3411765 0.06666667 1 0.4078431 0.3411765 0.06666667 1 0.4078431 0.3411765 0.06666667 1 0.4078431 0.3411765 0.06666667 1 0.4078431 0.3411765 0.06666667 1 0.4078431 0.3411765 0.06666667 1 0.4078431 0.3411765 0.06666667 1 0.4078431 0.3411765 0.06666667 1 0.4078431 0.3411765 0.06666667 1 0.4078431 0.3411765 0.06666667 1 0.4078431 0.3411765 0.06666667 1 0.4078431 0.3411765 0.06666667 1 0.4078431 0.3411765 0.06666667 1 0.4078431 0.3411765 0.06666667 1 0.4078431 0.3411765 0.06666667 1 0.4078431 0.3411765 0.06666667 1 0.4078431 0.3411765 0.06666667 1 0.4078431 0.3411765 0.06666667 1 0.4078431 0.3411765 0.06666667 1 0.4078431 0.3411765 0.06666667 1 0.4078431 0.3411765 0.06666667 1 0.4078431 0.3411765 0.06666667 1 0.4078431 0.3411765 0.06666667 1 0.4078431 0.3411765 0.06666667 1 0.4078431 0.3411765 0.06666667 1 0.4078431 0.3411765 0.06666667 1 0.4078431 0.3411765 0.06666667 1 0.4078431 0.3411765 0.06666667 1 0.4078431 0.3411765 0.06666667 1 0.4078431 0.3411765 0.06666667 1 0.4078431 0.3411765 0.06666667 1 0.4078431 0.3411765 0.06666667 1 0.4078431 0.3411765 0.06666667 1 0.4078431 0.3411765 0.06666667 1 0.4078431 0.3411765 0.06666667 1 0.4078431 0.3411765 0.06666667 1 0.4078431 0.3411765 0.06666667 1 0.03921569 0.07058824 0.1921569 1 0.03921569 0.07058824 0.1921569 1 0.03921569 0.07058824 0.1921569 1 0.03921569 0.07058824 0.1921569 1 0.03921569 0.07058824 0.1921569 1 0.03921569 0.07058824 0.1921569 1 0.03921569 0.07058824 0.1921569 1 0.03921569 0.07058824 0.1921569 1 0.03529412 0.03137255 0.03529412 1 0.03529412 0.03137255 0.03529412 1 0.03529412 0.03137255 0.03529412 1 0.03529412 0.03137255 0.03529412 1 0.03529412 0.03137255 0.03529412 1 0.03529412 0.03137255 0.03529412 1 0.03529412 0.03137255 0.03529412 1 0.03529412 0.03137255 0.03529412 1 0.03529412 0.03137255 0.03529412 1 0.03529412 0.03137255 0.03529412 1 0.03529412 0.03137255 0.03529412 1 0.03529412 0.03137255 0.03529412 1 0.03529412 0.03137255 0.03529412 1 0.03529412 0.03137255 0.03529412 1 0.03529412 0.03137255 0.03529412 1 0.03529412 0.03137255 0.03529412 1 0.03529412 0.03137255 0.03529412 1 0.03529412 0.03137255 0.03529412 1 0.03529412 0.03137255 0.03529412 1 0.03529412 0.03137255 0.03529412 1 0.03529412 0.03137255 0.03529412 1 0.03529412 0.03137255 0.03529412 1 0.03529412 0.03137255 0.03529412 1 0.03529412 0.03137255 0.03529412 1 0.03529412 0.03137255 0.03529412 1 0.03529412 0.03137255 0.03529412 1 0.03529412 0.03137255 0.03529412 1 0.03529412 0.03137255 0.03529412 1 0.03529412 0.03137255 0.03529412 1 0.03529412 0.03137255 0.03529412 1 0.03529412 0.03137255 0.03529412 1 0.03529412 0.03137255 0.03529412 1 0.03529412 0.03137255 0.03529412 1 0.03529412 0.03137255 0.03529412 1 0.03529412 0.03137255 0.03529412 1 0.03529412 0.03137255 0.03529412 1 0.03529412 0.03137255 0.03529412 1 0.03529412 0.03137255 0.03529412 1 0.03529412 0.03137255 0.03529412 1 0.03529412 0.03137255 0.03529412 1 0.03529412 0.03137255 0.03529412 1 0.03529412 0.03137255 0.03529412 1 0.03529412 0.03137255 0.03529412 1 0.03529412 0.03137255 0.03529412 1 0.03529412 0.03137255 0.03529412 1 0.03529412 0.03137255 0.03529412 1 0.03529412 0.03137255 0.03529412 1 0.03529412 0.03137255 0.03529412 1 0.4078431 0.3411765 0.06666667 1 0.4078431 0.3411765 0.06666667 1 0.4078431 0.3411765 0.06666667 1 0.4078431 0.3411765 0.06666667 1 0.4078431 0.3411765 0.06666667 1 0.4078431 0.3411765 0.06666667 1 0.4078431 0.3411765 0.06666667 1 0.4078431 0.3411765 0.06666667 1 0.4078431 0.3411765 0.06666667 1 0.4078431 0.3411765 0.06666667 1 0.4078431 0.3411765 0.06666667 1 0.4078431 0.3411765 0.06666667 1 0.4078431 0.3411765 0.06666667 1 0.4078431 0.3411765 0.06666667 1 0.4078431 0.3411765 0.06666667 1 0.4078431 0.3411765 0.06666667 1 0.4078431 0.3411765 0.06666667 1 0.4078431 0.3411765 0.06666667 1 0.4078431 0.3411765 0.06666667 1 0.4078431 0.3411765 0.06666667 1 0.4078431 0.3411765 0.06666667 1 0.4078431 0.3411765 0.06666667 1 0.4078431 0.3411765 0.06666667 1 0.4078431 0.3411765 0.06666667 1 0.4078431 0.3411765 0.06666667 1 0.4078431 0.3411765 0.06666667 1 0.4078431 0.3411765 0.06666667 1 0.4078431 0.3411765 0.06666667 1 0.4078431 0.3411765 0.06666667 1 0.4078431 0.3411765 0.06666667 1 0.4078431 0.3411765 0.06666667 1 0.4078431 0.3411765 0.06666667 1 0.4078431 0.3411765 0.06666667 1 0.4078431 0.3411765 0.06666667 1 0.4078431 0.3411765 0.06666667 1 0.4078431 0.3411765 0.06666667 1 0.4078431 0.3411765 0.06666667 1 0.4078431 0.3411765 0.06666667 1 0.4078431 0.3411765 0.06666667 1 0.4078431 0.3411765 0.06666667 1 0.4078431 0.3411765 0.06666667 1 0.4078431 0.3411765 0.06666667 1 0.4078431 0.3411765 0.06666667 1 0.4078431 0.3411765 0.06666667 1 0.4078431 0.3411765 0.06666667 1 0.4078431 0.3411765 0.06666667 1 0.4078431 0.3411765 0.06666667 1 0.4078431 0.3411765 0.06666667 1 0.4078431 0.3411765 0.06666667 1 0.4078431 0.3411765 0.06666667 1 0.4078431 0.3411765 0.06666667 1 0.4078431 0.3411765 0.06666667 1 0.4078431 0.3411765 0.06666667 1 0.4078431 0.3411765 0.06666667 1 0.4078431 0.3411765 0.06666667 1 0.4078431 0.3411765 0.06666667 1 0.4078431 0.3411765 0.06666667 1 0.4078431 0.3411765 0.06666667 1 0.4078431 0.3411765 0.06666667 1 0.4078431 0.3411765 0.06666667 1 0.4078431 0.3411765 0.06666667 1 0.4078431 0.3411765 0.06666667 1 0.4078431 0.3411765 0.06666667 1 0.4078431 0.3411765 0.06666667 1 0.4078431 0.3411765 0.06666667 1 0.4078431 0.3411765 0.06666667 1 0.4078431 0.3411765 0.06666667 1 0.4078431 0.3411765 0.06666667 1 0.4078431 0.3411765 0.06666667 1 0.4078431 0.3411765 0.06666667 1 0.4078431 0.3411765 0.06666667 1 0.4078431 0.3411765 0.06666667 1 0.4078431 0.3411765 0.06666667 1 0.4078431 0.3411765 0.06666667 1 0.4078431 0.3411765 0.06666667 1 0.4078431 0.3411765 0.06666667 1 0.4078431 0.3411765 0.06666667 1 0.4078431 0.3411765 0.06666667 1 0.4078431 0.3411765 0.06666667 1 0.4078431 0.3411765 0.06666667 1 0.4078431 0.3411765 0.06666667 1 0.4078431 0.3411765 0.06666667 1 0.4078431 0.3411765 0.06666667 1 0.4078431 0.3411765 0.06666667 1 0.4078431 0.3411765 0.06666667 1 0.4078431 0.3411765 0.06666667 1 0.4078431 0.3411765 0.06666667 1 0.4078431 0.3411765 0.06666667 1 0.4078431 0.3411765 0.06666667 1 0.4078431 0.3411765 0.06666667 1 0.4078431 0.3411765 0.06666667 1 0.4078431 0.3411765 0.06666667 1 0.4078431 0.3411765 0.06666667 1 0.4078431 0.3411765 0.06666667 1 0.4078431 0.3411765 0.06666667 1 0.4078431 0.3411765 0.06666667 1 0.4078431 0.3411765 0.06666667 1 0.4078431 0.3411765 0.06666667 1 0.4078431 0.3411765 0.06666667 1 0.4078431 0.3411765 0.06666667 1 0.4078431 0.3411765 0.06666667 1 0.4078431 0.3411765 0.06666667 1 0.4078431 0.3411765 0.06666667 1 0.4078431 0.3411765 0.06666667 1 0.4078431 0.3411765 0.06666667 1 0.4078431 0.3411765 0.06666667 1 0.4078431 0.3411765 0.06666667 1 0.4078431 0.3411765 0.06666667 1 0.4078431 0.3411765 0.06666667 1 0.4078431 0.3411765 0.06666667 1 0.4078431 0.3411765 0.06666667 1 0.4078431 0.3411765 0.06666667 1 0.4078431 0.3411765 0.06666667 1 0.4078431 0.3411765 0.06666667 1 0.4078431 0.3411765 0.06666667 1 0.4078431 0.3411765 0.06666667 1 0.4078431 0.3411765 0.06666667 1 0.4078431 0.3411765 0.06666667 1 0.4078431 0.3411765 0.06666667 1 0.4078431 0.3411765 0.06666667 1 0.4078431 0.3411765 0.06666667 1 0.4078431 0.3411765 0.06666667 1 0.4078431 0.3411765 0.06666667 1 0.4078431 0.3411765 0.06666667 1 0.4078431 0.3411765 0.06666667 1 0.4078431 0.3411765 0.06666667 1 0.4078431 0.3411765 0.06666667 1 0.4078431 0.3411765 0.06666667 1 0.4078431 0.3411765 0.06666667 1 0.4078431 0.3411765 0.06666667 1 0.4078431 0.3411765 0.06666667 1 0.4078431 0.3411765 0.06666667 1 0.4078431 0.3411765 0.06666667 1 0.4078431 0.3411765 0.06666667 1 0.4078431 0.3411765 0.06666667 1 0.4078431 0.3411765 0.06666667 1 0.4078431 0.3411765 0.06666667 1 0.4078431 0.3411765 0.06666667 1 0.4078431 0.3411765 0.06666667 1 0.4078431 0.3411765 0.06666667 1 0.4078431 0.3411765 0.06666667 1 0.4078431 0.3411765 0.06666667 1 0.4078431 0.3411765 0.06666667 1 0.4078431 0.3411765 0.06666667 1 0.4078431 0.3411765 0.06666667 1 0.4078431 0.3411765 0.06666667 1 0.4078431 0.3411765 0.06666667 1 0.4078431 0.3411765 0.06666667 1 0.4078431 0.3411765 0.06666667 1 0.4078431 0.3411765 0.06666667 1 0.4078431 0.3411765 0.06666667 1 0.4078431 0.3411765 0.06666667 1 0.4078431 0.3411765 0.06666667 1 0.4078431 0.3411765 0.06666667 1 0.4078431 0.3411765 0.06666667 1 0.4078431 0.3411765 0.06666667 1 0.4078431 0.3411765 0.06666667 1 0.4078431 0.3411765 0.06666667 1 0.4078431 0.3411765 0.06666667 1 0.4078431 0.3411765 0.06666667 1 0.4078431 0.3411765 0.06666667 1 0.4078431 0.3411765 0.06666667 1 0.4078431 0.3411765 0.06666667 1 0.4078431 0.3411765 0.06666667 1 0.4078431 0.3411765 0.06666667 1 0.4078431 0.3411765 0.06666667 1 0.4078431 0.3411765 0.06666667 1 0.4078431 0.3411765 0.06666667 1 0.4078431 0.3411765 0.06666667 1 0.4078431 0.3411765 0.06666667 1 0.4078431 0.3411765 0.06666667 1 0.4078431 0.3411765 0.06666667 1 0.4078431 0.3411765 0.06666667 1 0.4078431 0.3411765 0.06666667 1 0.4078431 0.3411765 0.06666667 1 0.4078431 0.3411765 0.06666667 1 0.2941177 0.3098039 0.3529412 1 0.2941177 0.3098039 0.3529412 1 0.2941177 0.3098039 0.3529412 1 0.2941177 0.3098039 0.3529412 1 0.2941177 0.3098039 0.3529412 1 0.2941177 0.3098039 0.3529412 1 0.2941177 0.3098039 0.3529412 1 0.2941177 0.3098039 0.3529412 1 0.2941177 0.3098039 0.3529412 1 0.2941177 0.3098039 0.3529412 1 0.2941177 0.3098039 0.3529412 1 0.2941177 0.3098039 0.3529412 1 0.2941177 0.3098039 0.3529412 1 0.2941177 0.3098039 0.3529412 1 0.2941177 0.3098039 0.3529412 1 0.2941177 0.3098039 0.3529412 1 0.2941177 0.3098039 0.3529412 1 0.2941177 0.3098039 0.3529412 1 0.2941177 0.3098039 0.3529412 1 0.2941177 0.3098039 0.3529412 1 0.2941177 0.3098039 0.3529412 1 0.2941177 0.3098039 0.3529412 1 0.2941177 0.3098039 0.3529412 1 0.2941177 0.3098039 0.3529412 1 0.2941177 0.3098039 0.3529412 1 0.2941177 0.3098039 0.3529412 1 0.2941177 0.3098039 0.3529412 1 0.2941177 0.3098039 0.3529412 1 0.2941177 0.3098039 0.3529412 1 0.2941177 0.3098039 0.3529412 1 0.2941177 0.3098039 0.3529412 1 0.2941177 0.3098039 0.3529412 1 0.2941177 0.3098039 0.3529412 1 0.2941177 0.3098039 0.3529412 1 0.2941177 0.3098039 0.3529412 1 0.2941177 0.3098039 0.3529412 1 0.2941177 0.3098039 0.3529412 1 0.2941177 0.3098039 0.3529412 1 0.2941177 0.3098039 0.3529412 1 0.2941177 0.3098039 0.3529412 1 0.2941177 0.3098039 0.3529412 1 0.2941177 0.3098039 0.3529412 1 0.2941177 0.3098039 0.3529412 1 0.2941177 0.3098039 0.3529412 1 0.2941177 0.3098039 0.3529412 1 0.2941177 0.3098039 0.3529412 1 0.2941177 0.3098039 0.3529412 1 0.2941177 0.3098039 0.3529412 1 0.2941177 0.3098039 0.3529412 1 0.2941177 0.3098039 0.3529412 1 0.2941177 0.3098039 0.3529412 1 0.2941177 0.3098039 0.3529412 1 0.2941177 0.3098039 0.3529412 1 0.2941177 0.3098039 0.3529412 1 0.2941177 0.3098039 0.3529412 1 0.2941177 0.3098039 0.3529412 1 0.2941177 0.3098039 0.3529412 1 0.2941177 0.3098039 0.3529412 1 0.2941177 0.3098039 0.3529412 1 0.2941177 0.3098039 0.3529412 1 0.2941177 0.3098039 0.3529412 1 0.2941177 0.3098039 0.3529412 1 0.2941177 0.3098039 0.3529412 1 0.2941177 0.3098039 0.3529412 1 0.2941177 0.3098039 0.3529412 1 0.2941177 0.3098039 0.3529412 1 0.2941177 0.3098039 0.3529412 1 0.2941177 0.3098039 0.3529412 1 0.2941177 0.3098039 0.3529412 1 0.2941177 0.3098039 0.3529412 1 0.2941177 0.3098039 0.3529412 1 0.2941177 0.3098039 0.3529412 1 0.2941177 0.3098039 0.3529412 1 0.2941177 0.3098039 0.3529412 1 0.2941177 0.3098039 0.3529412 1 0.2941177 0.3098039 0.3529412 1 0.2941177 0.3098039 0.3529412 1 0.2941177 0.3098039 0.3529412 1 0.2941177 0.3098039 0.3529412 1 0.2941177 0.3098039 0.3529412 1 0.2941177 0.3098039 0.3529412 1 0.2941177 0.3098039 0.3529412 1 0.2941177 0.3098039 0.3529412 1 0.2941177 0.3098039 0.3529412 1 0.2941177 0.3098039 0.3529412 1 0.2941177 0.3098039 0.3529412 1 0.2941177 0.3098039 0.3529412 1 0.2941177 0.3098039 0.3529412 1 0.2941177 0.3098039 0.3529412 1 0.2941177 0.3098039 0.3529412 1 0.2941177 0.3098039 0.3529412 1 0.2941177 0.3098039 0.3529412 1 0.2941177 0.3098039 0.3529412 1 0.2941177 0.3098039 0.3529412 1 0.2941177 0.3098039 0.3529412 1 0.2941177 0.3098039 0.3529412 1 0.2941177 0.3098039 0.3529412 1 0.2941177 0.3098039 0.3529412 1 0.2941177 0.3098039 0.3529412 1 0.2941177 0.3098039 0.3529412 1 0.2941177 0.3098039 0.3529412 1 0.2941177 0.3098039 0.3529412 1 0.2941177 0.3098039 0.3529412 1 0.2941177 0.3098039 0.3529412 1 0.2941177 0.3098039 0.3529412 1 0.2941177 0.3098039 0.3529412 1 0.2941177 0.3098039 0.3529412 1 0.2941177 0.3098039 0.3529412 1 0.2941177 0.3098039 0.3529412 1 0.2941177 0.3098039 0.3529412 1 0.2941177 0.3098039 0.3529412 1 0.2941177 0.3098039 0.3529412 1 0.2941177 0.3098039 0.3529412 1 0.2941177 0.3098039 0.3529412 1 0.2941177 0.3098039 0.3529412 1 0.2941177 0.3098039 0.3529412 1 0.2941177 0.3098039 0.3529412 1 0.2941177 0.3098039 0.3529412 1 0.2941177 0.3098039 0.3529412 1 0.2941177 0.3098039 0.3529412 1 0.2941177 0.3098039 0.3529412 1 0.2941177 0.3098039 0.3529412 1 0.2941177 0.3098039 0.3529412 1 0.2941177 0.3098039 0.3529412 1 0.2941177 0.3098039 0.3529412 1 0.2941177 0.3098039 0.3529412 1 0.2941177 0.3098039 0.3529412 1 0.2941177 0.3098039 0.3529412 1 0.2941177 0.3098039 0.3529412 1 0.2941177 0.3098039 0.3529412 1 0.2941177 0.3098039 0.3529412 1 0.2941177 0.3098039 0.3529412 1 0.2941177 0.3098039 0.3529412 1 0.2941177 0.3098039 0.3529412 1 0.2941177 0.3098039 0.3529412 1 0.2941177 0.3098039 0.3529412 1 0.2941177 0.3098039 0.3529412 1 0.2941177 0.3098039 0.3529412 1 0.2941177 0.3098039 0.3529412 1 0.2941177 0.3098039 0.3529412 1 0.2941177 0.3098039 0.3529412 1 0.2941177 0.3098039 0.3529412 1 0.2941177 0.3098039 0.3529412 1 0.2941177 0.3098039 0.3529412 1 0.2941177 0.3098039 0.3529412 1 0.2941177 0.3098039 0.3529412 1 0.2941177 0.3098039 0.3529412 1 0.2941177 0.3098039 0.3529412 1 0.2941177 0.3098039 0.3529412 1 0.2941177 0.3098039 0.3529412 1 0.2941177 0.3098039 0.3529412 1 0.2941177 0.3098039 0.3529412 1 0.2941177 0.3098039 0.3529412 1 0.2941177 0.3098039 0.3529412 1 0.2941177 0.3098039 0.3529412 1 0.2941177 0.3098039 0.3529412 1 0.2941177 0.3098039 0.3529412 1 0.2941177 0.3098039 0.3529412 1 0.2941177 0.3098039 0.3529412 1 0.2941177 0.3098039 0.3529412 1 0.2941177 0.3098039 0.3529412 1 0.2941177 0.3098039 0.3529412 1 0.2941177 0.3098039 0.3529412 1 0.2941177 0.3098039 0.3529412 1 0.2941177 0.3098039 0.3529412 1 0.2941177 0.3098039 0.3529412 1 0.2941177 0.3098039 0.3529412 1 0.2941177 0.3098039 0.3529412 1 0.2941177 0.3098039 0.3529412 1 0.2941177 0.3098039 0.3529412 1 0.2941177 0.3098039 0.3529412 1 0.2941177 0.3098039 0.3529412 1 0.2941177 0.3098039 0.3529412 1 0.2941177 0.3098039 0.3529412 1 0.2941177 0.3098039 0.3529412 1 0.2941177 0.3098039 0.3529412 1 0.2941177 0.3098039 0.3529412 1 0.2941177 0.3098039 0.3529412 1 0.2941177 0.3098039 0.3529412 1 0.2941177 0.3098039 0.3529412 1 0.2941177 0.3098039 0.3529412 1 0.2941177 0.3098039 0.3529412 1 0.2941177 0.3098039 0.3529412 1 0.2941177 0.3098039 0.3529412 1 0.2941177 0.3098039 0.3529412 1 0.2941177 0.3098039 0.3529412 1 0.2941177 0.3098039 0.3529412 1 0.2941177 0.3098039 0.3529412 1 0.2941177 0.3098039 0.3529412 1 0.2941177 0.3098039 0.3529412 1 0.2941177 0.3098039 0.3529412 1 0.2941177 0.3098039 0.3529412 1 0.2941177 0.3098039 0.3529412 1 0.2941177 0.3098039 0.3529412 1 0.2941177 0.3098039 0.3529412 1 0.2941177 0.3098039 0.3529412 1 0.2941177 0.3098039 0.3529412 1 0.2941177 0.3098039 0.3529412 1 0.2941177 0.3098039 0.3529412 1 0.2941177 0.3098039 0.3529412 1 0.2941177 0.3098039 0.3529412 1 0.2941177 0.3098039 0.3529412 1 0.2941177 0.3098039 0.3529412 1 0.2941177 0.3098039 0.3529412 1 0.2941177 0.3098039 0.3529412 1 0.2941177 0.3098039 0.3529412 1 0.2941177 0.3098039 0.3529412 1 0.2941177 0.3098039 0.3529412 1 0.2941177 0.3098039 0.3529412 1 0.2941177 0.3098039 0.3529412 1 0.2941177 0.3098039 0.3529412 1 0.2941177 0.3098039 0.3529412 1 0.2941177 0.3098039 0.3529412 1 0.2941177 0.3098039 0.3529412 1 0.2941177 0.3098039 0.3529412 1 0.2941177 0.3098039 0.3529412 1 0.2941177 0.3098039 0.3529412 1 0.2941177 0.3098039 0.3529412 1 0.2941177 0.3098039 0.3529412 1 0.2941177 0.3098039 0.3529412 1 0.2941177 0.3098039 0.3529412 1 0.2941177 0.3098039 0.3529412 1 0.2941177 0.3098039 0.3529412 1 0.2941177 0.3098039 0.3529412 1 0.2941177 0.3098039 0.3529412 1 0.2941177 0.3098039 0.3529412 1 0.2941177 0.3098039 0.3529412 1 0.2941177 0.3098039 0.3529412 1 0.2941177 0.3098039 0.3529412 1 0.2941177 0.3098039 0.3529412 1 0.2941177 0.3098039 0.3529412 1 0.2941177 0.3098039 0.3529412 1 0.2941177 0.3098039 0.3529412 1 0.2941177 0.3098039 0.3529412 1 0.2941177 0.3098039 0.3529412 1 0.2941177 0.3098039 0.3529412 1 0.2941177 0.3098039 0.3529412 1 0.2941177 0.3098039 0.3529412 1 0.2941177 0.3098039 0.3529412 1 0.2941177 0.3098039 0.3529412 1 0.2941177 0.3098039 0.3529412 1 0.2941177 0.3098039 0.3529412 1 0.2941177 0.3098039 0.3529412 1 0.2941177 0.3098039 0.3529412 1 0.2941177 0.3098039 0.3529412 1 0.2941177 0.3098039 0.3529412 1 0.2941177 0.3098039 0.3529412 1 0.2941177 0.3098039 0.3529412 1 0.2941177 0.3098039 0.3529412 1 0.2941177 0.3098039 0.3529412 1 0.2941177 0.3098039 0.3529412 1 0.2941177 0.3098039 0.3529412 1 0.2941177 0.3098039 0.3529412 1 0.2941177 0.3098039 0.3529412 1 0.2941177 0.3098039 0.3529412 1 0.2941177 0.3098039 0.3529412 1 0.2941177 0.3098039 0.3529412 1 0.2941177 0.3098039 0.3529412 1 0.2941177 0.3098039 0.3529412 1 0.2941177 0.3098039 0.3529412 1 0.2941177 0.3098039 0.3529412 1 0.2941177 0.3098039 0.3529412 1 0.2941177 0.3098039 0.3529412 1 0.2941177 0.3098039 0.3529412 1 0.2941177 0.3098039 0.3529412 1 0.2941177 0.3098039 0.3529412 1 0.2941177 0.3098039 0.3529412 1 0.2941177 0.3098039 0.3529412 1 0.2941177 0.3098039 0.3529412 1 0.2941177 0.3098039 0.3529412 1 0.2941177 0.3098039 0.3529412 1 0.2941177 0.3098039 0.3529412 1 0.2941177 0.3098039 0.3529412 1 0.2941177 0.3098039 0.3529412 1 0.2941177 0.3098039 0.3529412 1 0.2941177 0.3098039 0.3529412 1 0.2941177 0.3098039 0.3529412 1 0.2941177 0.3098039 0.3529412 1 0.2941177 0.3098039 0.3529412 1 0.2941177 0.3098039 0.3529412 1 0.2941177 0.3098039 0.3529412 1 0.2941177 0.3098039 0.3529412 1 0.2941177 0.3098039 0.3529412 1 0.2941177 0.3098039 0.3529412 1 0.2941177 0.3098039 0.3529412 1 0.2941177 0.3098039 0.3529412 1 0.2941177 0.3098039 0.3529412 1 0.2941177 0.3098039 0.3529412 1 0.2941177 0.3098039 0.3529412 1 0.2941177 0.3098039 0.3529412 1 0.2941177 0.3098039 0.3529412 1 0.2941177 0.3098039 0.3529412 1 0.2941177 0.3098039 0.3529412 1 0.2941177 0.3098039 0.3529412 1 0.2941177 0.3098039 0.3529412 1 0.2941177 0.3098039 0.3529412 1 0.2941177 0.3098039 0.3529412 1 0.2941177 0.3098039 0.3529412 1 0.2941177 0.3098039 0.3529412 1 0.2941177 0.3098039 0.3529412 1 0.2941177 0.3098039 0.3529412 1 0.2941177 0.3098039 0.3529412 1 0.2941177 0.3098039 0.3529412 1 0.2941177 0.3098039 0.3529412 1 0.2941177 0.3098039 0.3529412 1 0.2941177 0.3098039 0.3529412 1 0.2941177 0.3098039 0.3529412 1 0.2941177 0.3098039 0.3529412 1 0.2941177 0.3098039 0.3529412 1 0.2941177 0.3098039 0.3529412 1 0.2941177 0.3098039 0.3529412 1 0.2941177 0.3098039 0.3529412 1 0.2941177 0.3098039 0.3529412 1 0.2941177 0.3098039 0.3529412 1 0.2941177 0.3098039 0.3529412 1 0.2941177 0.3098039 0.3529412 1 0.2941177 0.3098039 0.3529412 1 0.2941177 0.3098039 0.3529412 1 0.2941177 0.3098039 0.3529412 1 0.2941177 0.3098039 0.3529412 1 0.2941177 0.3098039 0.3529412 1 0.2941177 0.3098039 0.3529412 1 0.2941177 0.3098039 0.3529412 1 0.2941177 0.3098039 0.3529412 1 0.2941177 0.3098039 0.3529412 1 0.2941177 0.3098039 0.3529412 1 0.2941177 0.3098039 0.3529412 1 0.2941177 0.3098039 0.3529412 1 0.2941177 0.3098039 0.3529412 1 0.2941177 0.3098039 0.3529412 1 0.2941177 0.3098039 0.3529412 1 0.2941177 0.3098039 0.3529412 1 0.2941177 0.3098039 0.3529412 1 0.2941177 0.3098039 0.3529412 1 0.2941177 0.3098039 0.3529412 1 0.2941177 0.3098039 0.3529412 1 0.2941177 0.3098039 0.3529412 1 0.2941177 0.3098039 0.3529412 1 0.2941177 0.3098039 0.3529412 1 0.2941177 0.3098039 0.3529412 1 0.2941177 0.3098039 0.3529412 1 0.2941177 0.3098039 0.3529412 1 0.2941177 0.3098039 0.3529412 1 0.2941177 0.3098039 0.3529412 1 0.2941177 0.3098039 0.3529412 1 0.2941177 0.3098039 0.3529412 1 0.2941177 0.3098039 0.3529412 1 0.2941177 0.3098039 0.3529412 1 0.2941177 0.3098039 0.3529412 1 0.2941177 0.3098039 0.3529412 1 0.2941177 0.3098039 0.3529412 1 0.2941177 0.3098039 0.3529412 1 0.2941177 0.3098039 0.3529412 1 0.2941177 0.3098039 0.3529412 1 0.2941177 0.3098039 0.3529412 1 0.2941177 0.3098039 0.3529412 1 0.2941177 0.3098039 0.3529412 1 0.2941177 0.3098039 0.3529412 1 0.2941177 0.3098039 0.3529412 1 0.2941177 0.3098039 0.3529412 1 0.2941177 0.3098039 0.3529412 1 0.2941177 0.3098039 0.3529412 1 0.2941177 0.3098039 0.3529412 1 0.2941177 0.3098039 0.3529412 1 0.2941177 0.3098039 0.3529412 1 0.2941177 0.3098039 0.3529412 1 0.2941177 0.3098039 0.3529412 1 0.2941177 0.3098039 0.3529412 1 0.2941177 0.3098039 0.3529412 1 0.2941177 0.3098039 0.3529412 1 0.2941177 0.3098039 0.3529412 1 0.2941177 0.3098039 0.3529412 1 0.2941177 0.3098039 0.3529412 1 0.2941177 0.3098039 0.3529412 1 0.2941177 0.3098039 0.3529412 1 0.2941177 0.3098039 0.3529412 1 0.2941177 0.3098039 0.3529412 1 0.2941177 0.3098039 0.3529412 1 0.2941177 0.3098039 0.3529412 1 0.2941177 0.3098039 0.3529412 1 0.2941177 0.3098039 0.3529412 1 0.2941177 0.3098039 0.3529412 1 0.2941177 0.3098039 0.3529412 1 0.2941177 0.3098039 0.3529412 1 0.2941177 0.3098039 0.3529412 1 0.2941177 0.3098039 0.3529412 1 0.2941177 0.3098039 0.3529412 1 0.2941177 0.3098039 0.3529412 1 0.2941177 0.3098039 0.3529412 1 0.2941177 0.3098039 0.3529412 1 0.2941177 0.3098039 0.3529412 1 0.2941177 0.3098039 0.3529412 1 0.2941177 0.3098039 0.3529412 1 0.2941177 0.3098039 0.3529412 1 0.2941177 0.3098039 0.3529412 1 0.2941177 0.3098039 0.3529412 1 0.2941177 0.3098039 0.3529412 1 0.2941177 0.3098039 0.3529412 1 0.2941177 0.3098039 0.3529412 1 0.2941177 0.3098039 0.3529412 1 0.2941177 0.3098039 0.3529412 1 0.2941177 0.3098039 0.3529412 1 0.2941177 0.3098039 0.3529412 1 0.2941177 0.3098039 0.3529412 1 0.2941177 0.3098039 0.3529412 1 0.2941177 0.3098039 0.3529412 1 0.2941177 0.3098039 0.3529412 1 0.2941177 0.3098039 0.3529412 1 0.2941177 0.3098039 0.3529412 1 0.2941177 0.3098039 0.3529412 1 0.2941177 0.3098039 0.3529412 1 0.2941177 0.3098039 0.3529412 1 0.2941177 0.3098039 0.3529412 1 0.2941177 0.3098039 0.3529412 1 0.2941177 0.3098039 0.3529412 1 0.2941177 0.3098039 0.3529412 1 0.2941177 0.3098039 0.3529412 1 0.2941177 0.3098039 0.3529412 1 0.2941177 0.3098039 0.3529412 1 0.2941177 0.3098039 0.3529412 1 0.2941177 0.3098039 0.3529412 1 0.2941177 0.3098039 0.3529412 1 0.2941177 0.3098039 0.3529412 1 0.2941177 0.3098039 0.3529412 1 0.2941177 0.3098039 0.3529412 1 0.2941177 0.3098039 0.3529412 1 0.2941177 0.3098039 0.3529412 1 0.2941177 0.3098039 0.3529412 1 0.2941177 0.3098039 0.3529412 1 0.2941177 0.3098039 0.3529412 1 0.2941177 0.3098039 0.3529412 1 0.2941177 0.3098039 0.3529412 1 0.2941177 0.3098039 0.3529412 1 0.2941177 0.3098039 0.3529412 1 0.2941177 0.3098039 0.3529412 1 0.2941177 0.3098039 0.3529412 1 0.2941177 0.3098039 0.3529412 1 0.2941177 0.3098039 0.3529412 1 0.2941177 0.3098039 0.3529412 1 0.2941177 0.3098039 0.3529412 1 0.2941177 0.3098039 0.3529412 1 0.2941177 0.3098039 0.3529412 1 0.2941177 0.3098039 0.3529412 1 0.2941177 0.3098039 0.3529412 1 0.2941177 0.3098039 0.3529412 1 0.2941177 0.3098039 0.3529412 1 0.2941177 0.3098039 0.3529412 1 0.2941177 0.3098039 0.3529412 1 0.2941177 0.3098039 0.3529412 1 0.2941177 0.3098039 0.3529412 1 0.2941177 0.3098039 0.3529412 1 0.2941177 0.3098039 0.3529412 1 0.2941177 0.3098039 0.3529412 1 0.2941177 0.3098039 0.3529412 1 0.2941177 0.3098039 0.3529412 1 0.2941177 0.3098039 0.3529412 1 0.2941177 0.3098039 0.3529412 1 0.2941177 0.3098039 0.3529412 1 0.2941177 0.3098039 0.3529412 1 0.2941177 0.3098039 0.3529412 1 0.2941177 0.3098039 0.3529412 1 0.2941177 0.3098039 0.3529412 1 0.2941177 0.3098039 0.3529412 1 0.2941177 0.3098039 0.3529412 1 0.2941177 0.3098039 0.3529412 1 0.2941177 0.3098039 0.3529412 1 0.2941177 0.3098039 0.3529412 1 0.2941177 0.3098039 0.3529412 1 0.2941177 0.3098039 0.3529412 1 0.2941177 0.3098039 0.3529412 1 0.2941177 0.3098039 0.3529412 1 0.2941177 0.3098039 0.3529412 1 0.2941177 0.3098039 0.3529412 1 0.2941177 0.3098039 0.3529412 1 0.2941177 0.3098039 0.3529412 1 0.2941177 0.3098039 0.3529412 1 0.2941177 0.3098039 0.3529412 1 0.2941177 0.3098039 0.3529412 1 0.2941177 0.3098039 0.3529412 1 0.2941177 0.3098039 0.3529412 1 0.2941177 0.3098039 0.3529412 1 0.2941177 0.3098039 0.3529412 1 0.2941177 0.3098039 0.3529412 1 0.2941177 0.3098039 0.3529412 1 0.2941177 0.3098039 0.3529412 1 0.2941177 0.3098039 0.3529412 1 0.2941177 0.3098039 0.3529412 1 0.2941177 0.3098039 0.3529412 1 0.2941177 0.3098039 0.3529412 1 0.2941177 0.3098039 0.3529412 1 0.2941177 0.3098039 0.3529412 1 0.2941177 0.3098039 0.3529412 1 0.2941177 0.3098039 0.3529412 1 0.2941177 0.3098039 0.3529412 1 0.2941177 0.3098039 0.3529412 1 0.2941177 0.3098039 0.3529412 1 0.2941177 0.3098039 0.3529412 1 0.2941177 0.3098039 0.3529412 1 0.2941177 0.3098039 0.3529412 1 0.2941177 0.3098039 0.3529412 1 0.2941177 0.3098039 0.3529412 1 0.03921569 0.07058824 0.1921569 1 0.03921569 0.07058824 0.1921569 1 0.03921569 0.07058824 0.1921569 1 0.03921569 0.07058824 0.1921569 1 0.03921569 0.07058824 0.1921569 1 0.03921569 0.07058824 0.1921569 1 0.03921569 0.07058824 0.1921569 1 0.03921569 0.07058824 0.1921569 1 0.03921569 0.07058824 0.1921569 1 0.03921569 0.07058824 0.1921569 1 0.03921569 0.07058824 0.1921569 1 0.03921569 0.07058824 0.1921569 1 0.03921569 0.07058824 0.1921569 1 0.03921569 0.07058824 0.1921569 1 0.03921569 0.07058824 0.1921569 1 0.03921569 0.07058824 0.1921569 1 0.03921569 0.07058824 0.1921569 1 0.03921569 0.07058824 0.1921569 1 0.03921569 0.07058824 0.1921569 1 0.03921569 0.07058824 0.1921569 1 0.03921569 0.07058824 0.1921569 1 0.03921569 0.07058824 0.1921569 1 0.03921569 0.07058824 0.1921569 1 0.4078431 0.3411765 0.06666667 1 0.4078431 0.3411765 0.06666667 1 0.4078431 0.3411765 0.06666667 1 0.4078431 0.3411765 0.06666667 1 0.4078431 0.3411765 0.06666667 1 0.4078431 0.3411765 0.06666667 1 0.4078431 0.3411765 0.06666667 1 0.4078431 0.3411765 0.06666667 1 0.4078431 0.3411765 0.06666667 1 0.4078431 0.3411765 0.06666667 1 0.4078431 0.3411765 0.06666667 1 0.4078431 0.3411765 0.06666667 1 0.4078431 0.3411765 0.06666667 1 0.4078431 0.3411765 0.06666667 1 0.4078431 0.3411765 0.06666667 1 0.4078431 0.3411765 0.06666667 1 0.4078431 0.3411765 0.06666667 1 0.4078431 0.3411765 0.06666667 1 0.4078431 0.3411765 0.06666667 1 0.4078431 0.3411765 0.06666667 1 0.4078431 0.3411765 0.06666667 1 0.4078431 0.3411765 0.06666667 1 0.4078431 0.3411765 0.06666667 1 0.4078431 0.3411765 0.06666667 1 0.4078431 0.3411765 0.06666667 1 0.4078431 0.3411765 0.06666667 1 0.4078431 0.3411765 0.06666667 1 0.4078431 0.3411765 0.06666667 1 0.4078431 0.3411765 0.06666667 1 0.4078431 0.3411765 0.06666667 1 0.4078431 0.3411765 0.06666667 1 0.4078431 0.3411765 0.06666667 1 0.4078431 0.3411765 0.06666667 1 0.4078431 0.3411765 0.06666667 1 0.4078431 0.3411765 0.06666667 1 0.4078431 0.3411765 0.06666667 1 0.4078431 0.3411765 0.06666667 1 0.4078431 0.3411765 0.06666667 1 0.4078431 0.3411765 0.06666667 1 0.4078431 0.3411765 0.06666667 1 0.4078431 0.3411765 0.06666667 1 0.4078431 0.3411765 0.06666667 1 0.4078431 0.3411765 0.06666667 1 0.4078431 0.3411765 0.06666667 1 0.4078431 0.3411765 0.06666667 1 0.4078431 0.3411765 0.06666667 1 0.4078431 0.3411765 0.06666667 1 0.4078431 0.3411765 0.06666667 1 0.4078431 0.3411765 0.06666667 1 0.4078431 0.3411765 0.06666667 1 0.4078431 0.3411765 0.06666667 1 0.4078431 0.3411765 0.06666667 1 0.4078431 0.3411765 0.06666667 1 0.4078431 0.3411765 0.06666667 1 0.4078431 0.3411765 0.06666667 1 0.4078431 0.3411765 0.06666667 1 0.4078431 0.3411765 0.06666667 1 0.4078431 0.3411765 0.06666667 1 0.03921569 0.07058824 0.1921569 1 0.03921569 0.07058824 0.1921569 1 0.03921569 0.07058824 0.1921569 1 0.03921569 0.07058824 0.1921569 1 0.03921569 0.07058824 0.1921569 1 0.03921569 0.07058824 0.1921569 1 0.03921569 0.07058824 0.1921569 1 0.03921569 0.07058824 0.1921569 1 0.03529412 0.03137255 0.03529412 1 0.03529412 0.03137255 0.03529412 1 0.03529412 0.03137255 0.03529412 1 0.03529412 0.03137255 0.03529412 1 0.03529412 0.03137255 0.03529412 1 0.03529412 0.03137255 0.03529412 1 0.03529412 0.03137255 0.03529412 1 0.03529412 0.03137255 0.03529412 1 0.03529412 0.03137255 0.03529412 1 0.03529412 0.03137255 0.03529412 1 0.03529412 0.03137255 0.03529412 1 0.03529412 0.03137255 0.03529412 1 0.03529412 0.03137255 0.03529412 1 0.03529412 0.03137255 0.03529412 1 0.03529412 0.03137255 0.03529412 1 0.03529412 0.03137255 0.03529412 1 0.03529412 0.03137255 0.03529412 1 0.03529412 0.03137255 0.03529412 1 0.03529412 0.03137255 0.03529412 1 0.03529412 0.03137255 0.03529412 1 0.03529412 0.03137255 0.03529412 1 0.03529412 0.03137255 0.03529412 1 0.03529412 0.03137255 0.03529412 1 0.03529412 0.03137255 0.03529412 1 0.03529412 0.03137255 0.03529412 1 0.03529412 0.03137255 0.03529412 1 0.03529412 0.03137255 0.03529412 1 0.03529412 0.03137255 0.03529412 1 0.03529412 0.03137255 0.03529412 1 0.03529412 0.03137255 0.03529412 1 0.03529412 0.03137255 0.03529412 1 0.03529412 0.03137255 0.03529412 1 0.03529412 0.03137255 0.03529412 1 0.03529412 0.03137255 0.03529412 1 0.03529412 0.03137255 0.03529412 1 0.03529412 0.03137255 0.03529412 1 0.03529412 0.03137255 0.03529412 1 0.03529412 0.03137255 0.03529412 1 0.03529412 0.03137255 0.03529412 1 0.03529412 0.03137255 0.03529412 1 0.03529412 0.03137255 0.03529412 1 0.03529412 0.03137255 0.03529412 1 0.03529412 0.03137255 0.03529412 1 0.03529412 0.03137255 0.03529412 1 0.03529412 0.03137255 0.03529412 1 0.03529412 0.03137255 0.03529412 1 0.03529412 0.03137255 0.03529412 1 0.03529412 0.03137255 0.03529412 1 0.03529412 0.03137255 0.03529412 1 0.03529412 0.03137255 0.03529412 1 0.03529412 0.03137255 0.03529412 1 0.03529412 0.03137255 0.03529412 1 0.03529412 0.03137255 0.03529412 1 0.03529412 0.03137255 0.03529412 1 0.03529412 0.03137255 0.03529412 1 0.03529412 0.03137255 0.03529412 1 0.03529412 0.03137255 0.03529412 1 0.03529412 0.03137255 0.03529412 1 0.03529412 0.03137255 0.03529412 1 0.03529412 0.03137255 0.03529412 1 0.03529412 0.03137255 0.03529412 1 0.03529412 0.03137255 0.03529412 1 0.4078431 0.3411765 0.06666667 1 0.4078431 0.3411765 0.06666667 1 0.4078431 0.3411765 0.06666667 1 0.4078431 0.3411765 0.06666667 1 0.4078431 0.3411765 0.06666667 1 0.4078431 0.3411765 0.06666667 1 0.4078431 0.3411765 0.06666667 1 0.4078431 0.3411765 0.06666667 1 0.4078431 0.3411765 0.06666667 1 0.4078431 0.3411765 0.06666667 1 0.4078431 0.3411765 0.06666667 1 0.4078431 0.3411765 0.06666667 1 0.4078431 0.3411765 0.06666667 1 0.4078431 0.3411765 0.06666667 1 0.4078431 0.3411765 0.06666667 1 0.4078431 0.3411765 0.06666667 1 0.4078431 0.3411765 0.06666667 1 0.4078431 0.3411765 0.06666667 1 0.4078431 0.3411765 0.06666667 1 0.4078431 0.3411765 0.06666667 1 0.4078431 0.3411765 0.06666667 1 0.4078431 0.3411765 0.06666667 1 0.4078431 0.3411765 0.06666667 1 0.4078431 0.3411765 0.06666667 1 0.4078431 0.3411765 0.06666667 1 0.4078431 0.3411765 0.06666667 1 0.4078431 0.3411765 0.06666667 1 0.4078431 0.3411765 0.06666667 1 0.2941177 0.3098039 0.3529412 1 0.2941177 0.3098039 0.3529412 1 0.2941177 0.3098039 0.3529412 1 0.2941177 0.3098039 0.3529412 1 0.2941177 0.3098039 0.3529412 1 0.2941177 0.3098039 0.3529412 1 0.2941177 0.3098039 0.3529412 1 0.2941177 0.3098039 0.3529412 1 0.2941177 0.3098039 0.3529412 1 0.2941177 0.3098039 0.3529412 1 0.2941177 0.3098039 0.3529412 1 0.2941177 0.3098039 0.3529412 1 0.2941177 0.3098039 0.3529412 1 0.2941177 0.3098039 0.3529412 1 0.2941177 0.3098039 0.3529412 1 0.2941177 0.3098039 0.3529412 1 0.2941177 0.3098039 0.3529412 1 0.2941177 0.3098039 0.3529412 1 0.2941177 0.3098039 0.3529412 1 0.2941177 0.3098039 0.3529412 1 0.2941177 0.3098039 0.3529412 1 0.2941177 0.3098039 0.3529412 1 0.2941177 0.3098039 0.3529412 1 0.2941177 0.3098039 0.3529412 1 0.2941177 0.3098039 0.3529412 1 0.2941177 0.3098039 0.3529412 1 0.2941177 0.3098039 0.3529412 1 0.2941177 0.3098039 0.3529412 1 0.2941177 0.3098039 0.3529412 1 0.2941177 0.3098039 0.3529412 1 0.2941177 0.3098039 0.3529412 1 0.2941177 0.3098039 0.3529412 1 0.2941177 0.3098039 0.3529412 1 0.2941177 0.3098039 0.3529412 1 0.2941177 0.3098039 0.3529412 1 0.2941177 0.3098039 0.3529412 1 0.2941177 0.3098039 0.3529412 1 0.2941177 0.3098039 0.3529412 1 0.2941177 0.3098039 0.3529412 1 0.2941177 0.3098039 0.3529412 1 0.2941177 0.3098039 0.3529412 1 0.2941177 0.3098039 0.3529412 1 0.2941177 0.3098039 0.3529412 1 0.2941177 0.3098039 0.3529412 1 0.2941177 0.3098039 0.3529412 1 0.2941177 0.3098039 0.3529412 1 0.2941177 0.3098039 0.3529412 1 0.2941177 0.3098039 0.3529412 1 0.2941177 0.3098039 0.3529412 1 0.2941177 0.3098039 0.3529412 1 0.2941177 0.3098039 0.3529412 1 0.2941177 0.3098039 0.3529412 1 0.2941177 0.3098039 0.3529412 1 0.2941177 0.3098039 0.3529412 1 0.2941177 0.3098039 0.3529412 1 0.2941177 0.3098039 0.3529412 1 0.2941177 0.3098039 0.3529412 1 0.2941177 0.3098039 0.3529412 1 0.2941177 0.3098039 0.3529412 1 0.2941177 0.3098039 0.3529412 1 0.2941177 0.3098039 0.3529412 1 0.2941177 0.3098039 0.3529412 1 0.2941177 0.3098039 0.3529412 1 0.2941177 0.3098039 0.3529412 1 0.2941177 0.3098039 0.3529412 1 0.2941177 0.3098039 0.3529412 1 0.2941177 0.3098039 0.3529412 1 0.2941177 0.3098039 0.3529412 1 0.2941177 0.3098039 0.3529412 1 0.2941177 0.3098039 0.3529412 1 0.2941177 0.3098039 0.3529412 1 0.2941177 0.3098039 0.3529412 1 0.2941177 0.3098039 0.3529412 1 0.2941177 0.3098039 0.3529412 1 0.2941177 0.3098039 0.3529412 1 0.2941177 0.3098039 0.3529412 1 0.2941177 0.3098039 0.3529412 1 0.2941177 0.3098039 0.3529412 1 0.2941177 0.3098039 0.3529412 1 0.2941177 0.3098039 0.3529412 1 0.2941177 0.3098039 0.3529412 1 0.2941177 0.3098039 0.3529412 1 0.2941177 0.3098039 0.3529412 1 0.2941177 0.3098039 0.3529412 1 0.2941177 0.3098039 0.3529412 1 0.2941177 0.3098039 0.3529412 1 0.2941177 0.3098039 0.3529412 1 0.2941177 0.3098039 0.3529412 1 0.2941177 0.3098039 0.3529412 1 0.2941177 0.3098039 0.3529412 1 0.2941177 0.3098039 0.3529412 1 0.2941177 0.3098039 0.3529412 1 0.2941177 0.3098039 0.3529412 1 0.2941177 0.3098039 0.3529412 1 0.2941177 0.3098039 0.3529412 1 0.2941177 0.3098039 0.3529412 1 0.2941177 0.3098039 0.3529412 1 0.2941177 0.3098039 0.3529412 1 0.2941177 0.3098039 0.3529412 1 0.2941177 0.3098039 0.3529412 1 0.2941177 0.3098039 0.3529412 1 0.2941177 0.3098039 0.3529412 1 0.2941177 0.3098039 0.3529412 1 0.2941177 0.3098039 0.3529412 1 0.2941177 0.3098039 0.3529412 1 0.2941177 0.3098039 0.3529412 1 0.2941177 0.3098039 0.3529412 1 0.2941177 0.3098039 0.3529412 1 0.2941177 0.3098039 0.3529412 1 0.2941177 0.3098039 0.3529412 1 0.2941177 0.3098039 0.3529412 1 0.2941177 0.3098039 0.3529412 1 0.2941177 0.3098039 0.3529412 1 0.2941177 0.3098039 0.3529412 1 0.2941177 0.3098039 0.3529412 1 0.2941177 0.3098039 0.3529412 1 0.2941177 0.3098039 0.3529412 1 0.2941177 0.3098039 0.3529412 1 0.2941177 0.3098039 0.3529412 1 0.2941177 0.3098039 0.3529412 1 0.2941177 0.3098039 0.3529412 1 0.2941177 0.3098039 0.3529412 1 0.2941177 0.3098039 0.3529412 1 0.2941177 0.3098039 0.3529412 1 0.2941177 0.3098039 0.3529412 1 0.2941177 0.3098039 0.3529412 1 0.2941177 0.3098039 0.3529412 1 0.2941177 0.3098039 0.3529412 1 0.2941177 0.3098039 0.3529412 1 0.2941177 0.3098039 0.3529412 1 0.2941177 0.3098039 0.3529412 1 0.2941177 0.3098039 0.3529412 1 0.2941177 0.3098039 0.3529412 1 0.2941177 0.3098039 0.3529412 1 0.2941177 0.3098039 0.3529412 1 0.2941177 0.3098039 0.3529412 1 0.2941177 0.3098039 0.3529412 1 0.2941177 0.3098039 0.3529412 1 0.2941177 0.3098039 0.3529412 1 0.2941177 0.3098039 0.3529412 1 0.2941177 0.3098039 0.3529412 1 0.2941177 0.3098039 0.3529412 1 0.2941177 0.3098039 0.3529412 1 0.2941177 0.3098039 0.3529412 1 0.2941177 0.3098039 0.3529412 1 0.2941177 0.3098039 0.3529412 1 0.2941177 0.3098039 0.3529412 1 0.2941177 0.3098039 0.3529412 1 0.2941177 0.3098039 0.3529412 1 0.2941177 0.3098039 0.3529412 1 0.2941177 0.3098039 0.3529412 1 0.2941177 0.3098039 0.3529412 1 0.2941177 0.3098039 0.3529412 1 0.2941177 0.3098039 0.3529412 1 0.2941177 0.3098039 0.3529412 1 0.2941177 0.3098039 0.3529412 1 0.2941177 0.3098039 0.3529412 1 0.2941177 0.3098039 0.3529412 1 0.2941177 0.3098039 0.3529412 1 0.2941177 0.3098039 0.3529412 1 0.2941177 0.3098039 0.3529412 1 0.2941177 0.3098039 0.3529412 1 0.2941177 0.3098039 0.3529412 1 0.2941177 0.3098039 0.3529412 1 0.2941177 0.3098039 0.3529412 1 0.2941177 0.3098039 0.3529412 1 0.2941177 0.3098039 0.3529412 1 0.2941177 0.3098039 0.3529412 1 0.2941177 0.3098039 0.3529412 1 0.2941177 0.3098039 0.3529412 1 0.2941177 0.3098039 0.3529412 1 0.2941177 0.3098039 0.3529412 1 0.2941177 0.3098039 0.3529412 1 0.2941177 0.3098039 0.3529412 1 0.2941177 0.3098039 0.3529412 1 0.2941177 0.3098039 0.3529412 1 0.2941177 0.3098039 0.3529412 1 0.2941177 0.3098039 0.3529412 1 0.2941177 0.3098039 0.3529412 1 0.2941177 0.3098039 0.3529412 1 0.2941177 0.3098039 0.3529412 1 0.2941177 0.3098039 0.3529412 1 0.2941177 0.3098039 0.3529412 1 0.2941177 0.3098039 0.3529412 1 0.2941177 0.3098039 0.3529412 1 0.2941177 0.3098039 0.3529412 1 0.2941177 0.3098039 0.3529412 1 0.2941177 0.3098039 0.3529412 1 0.2941177 0.3098039 0.3529412 1 0.2941177 0.3098039 0.3529412 1 0.2941177 0.3098039 0.3529412 1 0.2941177 0.3098039 0.3529412 1 0.2941177 0.3098039 0.3529412 1 0.2941177 0.3098039 0.3529412 1 0.2941177 0.3098039 0.3529412 1 0.2941177 0.3098039 0.3529412 1 0.2941177 0.3098039 0.3529412 1 0.2941177 0.3098039 0.3529412 1 0.2941177 0.3098039 0.3529412 1 0.2941177 0.3098039 0.3529412 1 0.2941177 0.3098039 0.3529412 1 0.2941177 0.3098039 0.3529412 1 0.2941177 0.3098039 0.3529412 1 0.2941177 0.3098039 0.3529412 1 0.2941177 0.3098039 0.3529412 1 0.2941177 0.3098039 0.3529412 1 0.2941177 0.3098039 0.3529412 1 0.2941177 0.3098039 0.3529412 1 0.2941177 0.3098039 0.3529412 1 0.2941177 0.3098039 0.3529412 1 0.2941177 0.3098039 0.3529412 1 0.2941177 0.3098039 0.3529412 1 0.2941177 0.3098039 0.3529412 1 0.2941177 0.3098039 0.3529412 1 0.2941177 0.3098039 0.3529412 1 0.2941177 0.3098039 0.3529412 1 0.2941177 0.3098039 0.3529412 1 0.2941177 0.3098039 0.3529412 1 0.2941177 0.3098039 0.3529412 1 0.2941177 0.3098039 0.3529412 1 0.2941177 0.3098039 0.3529412 1 0.2941177 0.3098039 0.3529412 1 0.2941177 0.3098039 0.3529412 1 0.2941177 0.3098039 0.3529412 1 0.2941177 0.3098039 0.3529412 1 0.2941177 0.3098039 0.3529412 1 0.2941177 0.3098039 0.3529412 1 0.2941177 0.3098039 0.3529412 1 0.2941177 0.3098039 0.3529412 1 0.2941177 0.3098039 0.3529412 1 0.2941177 0.3098039 0.3529412 1 0.2941177 0.3098039 0.3529412 1 0.2941177 0.3098039 0.3529412 1 0.2941177 0.3098039 0.3529412 1 0.2941177 0.3098039 0.3529412 1 0.2941177 0.3098039 0.3529412 1 0.2941177 0.3098039 0.3529412 1 0.2941177 0.3098039 0.3529412 1 0.2941177 0.3098039 0.3529412 1 0.2941177 0.3098039 0.3529412 1 0.2941177 0.3098039 0.3529412 1 0.2941177 0.3098039 0.3529412 1 0.2941177 0.3098039 0.3529412 1 0.2941177 0.3098039 0.3529412 1 0.2941177 0.3098039 0.3529412 1 0.2941177 0.3098039 0.3529412 1 0.2941177 0.3098039 0.3529412 1 0.2941177 0.3098039 0.3529412 1 0.2941177 0.3098039 0.3529412 1 0.2941177 0.3098039 0.3529412 1 0.2941177 0.3098039 0.3529412 1 0.2941177 0.3098039 0.3529412 1 0.2941177 0.3098039 0.3529412 1 0.2941177 0.3098039 0.3529412 1 0.2941177 0.3098039 0.3529412 1 0.2941177 0.3098039 0.3529412 1 0.2941177 0.3098039 0.3529412 1 0.2941177 0.3098039 0.3529412 1 0.2941177 0.3098039 0.3529412 1 0.2941177 0.3098039 0.3529412 1 0.2941177 0.3098039 0.3529412 1 0.2941177 0.3098039 0.3529412 1 0.2941177 0.3098039 0.3529412 1 0.2941177 0.3098039 0.3529412 1 0.2941177 0.3098039 0.3529412 1 0.2941177 0.3098039 0.3529412 1 0.2941177 0.3098039 0.3529412 1 0.2941177 0.3098039 0.3529412 1 0.2941177 0.3098039 0.3529412 1 0.2941177 0.3098039 0.3529412 1 0.2941177 0.3098039 0.3529412 1 0.2941177 0.3098039 0.3529412 1 0.2941177 0.3098039 0.3529412 1 0.2941177 0.3098039 0.3529412 1 0.2941177 0.3098039 0.3529412 1 0.2941177 0.3098039 0.3529412 1 0.2941177 0.3098039 0.3529412 1 0.2941177 0.3098039 0.3529412 1 0.2941177 0.3098039 0.3529412 1 0.2941177 0.3098039 0.3529412 1 0.2941177 0.3098039 0.3529412 1 0.2941177 0.3098039 0.3529412 1 0.2941177 0.3098039 0.3529412 1 0.2941177 0.3098039 0.3529412 1 0.2941177 0.3098039 0.3529412 1 0.2941177 0.3098039 0.3529412 1 0.2941177 0.3098039 0.3529412 1 0.2941177 0.3098039 0.3529412 1 0.2941177 0.3098039 0.3529412 1 0.2941177 0.3098039 0.3529412 1 0.2941177 0.3098039 0.3529412 1 0.2941177 0.3098039 0.3529412 1 0.2941177 0.3098039 0.3529412 1 0.2941177 0.3098039 0.3529412 1 0.2941177 0.3098039 0.3529412 1 0.2941177 0.3098039 0.3529412 1 0.2941177 0.3098039 0.3529412 1 0.2941177 0.3098039 0.3529412 1 0.2941177 0.3098039 0.3529412 1 0.2941177 0.3098039 0.3529412 1 0.2941177 0.3098039 0.3529412 1 0.2941177 0.3098039 0.3529412 1 0.2941177 0.3098039 0.3529412 1 0.2941177 0.3098039 0.3529412 1 0.2941177 0.3098039 0.3529412 1 0.2941177 0.3098039 0.3529412 1 0.2941177 0.3098039 0.3529412 1 0.2941177 0.3098039 0.3529412 1 0.2941177 0.3098039 0.3529412 1 0.2941177 0.3098039 0.3529412 1 0.2941177 0.3098039 0.3529412 1 0.2941177 0.3098039 0.3529412 1 0.2941177 0.3098039 0.3529412 1 0.2941177 0.3098039 0.3529412 1 0.2941177 0.3098039 0.3529412 1 0.2941177 0.3098039 0.3529412 1 0.2941177 0.3098039 0.3529412 1 0.2941177 0.3098039 0.3529412 1 0.2941177 0.3098039 0.3529412 1 0.2941177 0.3098039 0.3529412 1 0.2941177 0.3098039 0.3529412 1 0.2941177 0.3098039 0.3529412 1 0.2941177 0.3098039 0.3529412 1 0.2941177 0.3098039 0.3529412 1 0.2941177 0.3098039 0.3529412 1 0.2941177 0.3098039 0.3529412 1 0.2941177 0.3098039 0.3529412 1 0.2941177 0.3098039 0.3529412 1 0.2941177 0.3098039 0.3529412 1 0.2941177 0.3098039 0.3529412 1 0.2941177 0.3098039 0.3529412 1 0.2941177 0.3098039 0.3529412 1 0.2941177 0.3098039 0.3529412 1 0.2941177 0.3098039 0.3529412 1 0.2941177 0.3098039 0.3529412 1 0.2941177 0.3098039 0.3529412 1 0.2941177 0.3098039 0.3529412 1 0.2941177 0.3098039 0.3529412 1 0.2941177 0.3098039 0.3529412 1 0.2941177 0.3098039 0.3529412 1 0.2941177 0.3098039 0.3529412 1 0.2941177 0.3098039 0.3529412 1 0.2941177 0.3098039 0.3529412 1 0.2941177 0.3098039 0.3529412 1 0.2941177 0.3098039 0.3529412 1 0.2941177 0.3098039 0.3529412 1 0.2941177 0.3098039 0.3529412 1 0.2941177 0.3098039 0.3529412 1 0.2941177 0.3098039 0.3529412 1 0.2941177 0.3098039 0.3529412 1 0.2941177 0.3098039 0.3529412 1 0.2941177 0.3098039 0.3529412 1 0.2941177 0.3098039 0.3529412 1 0.2941177 0.3098039 0.3529412 1 0.2941177 0.3098039 0.3529412 1 0.2941177 0.3098039 0.3529412 1 0.2941177 0.3098039 0.3529412 1 0.2941177 0.3098039 0.3529412 1 0.2941177 0.3098039 0.3529412 1 0.2941177 0.3098039 0.3529412 1 0.2941177 0.3098039 0.3529412 1 0.2941177 0.3098039 0.3529412 1 0.2941177 0.3098039 0.3529412 1 0.2941177 0.3098039 0.3529412 1 0.2941177 0.3098039 0.3529412 1 0.2941177 0.3098039 0.3529412 1 0.2941177 0.3098039 0.3529412 1 0.2941177 0.3098039 0.3529412 1 0.2941177 0.3098039 0.3529412 1 0.2941177 0.3098039 0.3529412 1 0.2941177 0.3098039 0.3529412 1 0.2941177 0.3098039 0.3529412 1 0.2941177 0.3098039 0.3529412 1 0.2941177 0.3098039 0.3529412 1 0.2941177 0.3098039 0.3529412 1 0.2941177 0.3098039 0.3529412 1 0.2941177 0.3098039 0.3529412 1 0.2941177 0.3098039 0.3529412 1 0.2941177 0.3098039 0.3529412 1 0.2941177 0.3098039 0.3529412 1 0.2941177 0.3098039 0.3529412 1 0.2941177 0.3098039 0.3529412 1 0.2941177 0.3098039 0.3529412 1 0.2941177 0.3098039 0.3529412 1 0.2941177 0.3098039 0.3529412 1 0.2941177 0.3098039 0.3529412 1 0.2941177 0.3098039 0.3529412 1 0.2941177 0.3098039 0.3529412 1 0.2941177 0.3098039 0.3529412 1 0.2941177 0.3098039 0.3529412 1 0.2941177 0.3098039 0.3529412 1 0.2941177 0.3098039 0.3529412 1 0.2941177 0.3098039 0.3529412 1 0.2941177 0.3098039 0.3529412 1 0.2941177 0.3098039 0.3529412 1 0.2941177 0.3098039 0.3529412 1 0.2941177 0.3098039 0.3529412 1 0.2941177 0.3098039 0.3529412 1 0.2941177 0.3098039 0.3529412 1 0.2941177 0.3098039 0.3529412 1 0.2941177 0.3098039 0.3529412 1 0.03529412 0.03137255 0.03529412 1 0.03529412 0.03137255 0.03529412 1 0.03529412 0.03137255 0.03529412 1 0.03529412 0.03137255 0.03529412 1 0.03529412 0.03137255 0.03529412 1 0.03529412 0.03137255 0.03529412 1 0.03529412 0.03137255 0.03529412 1 0.03529412 0.03137255 0.03529412 1 0.03529412 0.03137255 0.03529412 1 0.03529412 0.03137255 0.03529412 1 0.03529412 0.03137255 0.03529412 1 0.03529412 0.03137255 0.03529412 1 0.03529412 0.03137255 0.03529412 1 0.03529412 0.03137255 0.03529412 1 0.03529412 0.03137255 0.03529412 1 0.03529412 0.03137255 0.03529412 1 0.03529412 0.03137255 0.03529412 1 0.03529412 0.03137255 0.03529412 1 0.03529412 0.03137255 0.03529412 1 0.03529412 0.03137255 0.03529412 1 0.03529412 0.03137255 0.03529412 1 0.03529412 0.03137255 0.03529412 1 0.4078431 0.3411765 0.06666667 1 0.4078431 0.3411765 0.06666667 1 0.4078431 0.3411765 0.06666667 1 0.4078431 0.3411765 0.06666667 1 0.4078431 0.3411765 0.06666667 1 0.4078431 0.3411765 0.06666667 1 0.4078431 0.3411765 0.06666667 1 0.4078431 0.3411765 0.06666667 1 0.4078431 0.3411765 0.06666667 1 0.4078431 0.3411765 0.06666667 1 0.4078431 0.3411765 0.06666667 1 0.4078431 0.3411765 0.06666667 1 0.4078431 0.3411765 0.06666667 1 0.4078431 0.3411765 0.06666667 1 0.4078431 0.3411765 0.06666667 1 0.4078431 0.3411765 0.06666667 1 0.4078431 0.3411765 0.06666667 1 0.4078431 0.3411765 0.06666667 1 0.4078431 0.3411765 0.06666667 1 0.4078431 0.3411765 0.06666667 1 0.4078431 0.3411765 0.06666667 1 0.4078431 0.3411765 0.06666667 1 0.4078431 0.3411765 0.06666667 1 0.4078431 0.3411765 0.06666667 1 0.4078431 0.3411765 0.06666667 1 0.4078431 0.3411765 0.06666667 1 0.4078431 0.3411765 0.06666667 1 0.4078431 0.3411765 0.06666667 1 0.4078431 0.3411765 0.06666667 1 0.4078431 0.3411765 0.06666667 1 0.4078431 0.3411765 0.06666667 1 0.4078431 0.3411765 0.06666667 1 0.4078431 0.3411765 0.06666667 1 0.4078431 0.3411765 0.06666667 1 0.4078431 0.3411765 0.06666667 1 0.4078431 0.3411765 0.06666667 1 0.4078431 0.3411765 0.06666667 1 0.4078431 0.3411765 0.06666667 1 0.4078431 0.3411765 0.06666667 1 0.4078431 0.3411765 0.06666667 1 0.4078431 0.3411765 0.06666667 1 0.4078431 0.3411765 0.06666667 1 0.4078431 0.3411765 0.06666667 1 0.4078431 0.3411765 0.06666667 1 0.4078431 0.3411765 0.06666667 1 0.4078431 0.3411765 0.06666667 1 0.4078431 0.3411765 0.06666667 1 0.4078431 0.3411765 0.06666667 1 0.4078431 0.3411765 0.06666667 1 0.4078431 0.3411765 0.06666667 1 0.4078431 0.3411765 0.06666667 1 0.4078431 0.3411765 0.06666667 1 0.4078431 0.3411765 0.06666667 1 0.4078431 0.3411765 0.06666667 1 0.4078431 0.3411765 0.06666667 1 0.4078431 0.3411765 0.06666667 1 0.4078431 0.3411765 0.06666667 1 0.4078431 0.3411765 0.06666667 1 0.4078431 0.3411765 0.06666667 1 0.4078431 0.3411765 0.06666667 1 0.4078431 0.3411765 0.06666667 1 0.4078431 0.3411765 0.06666667 1 0.4078431 0.3411765 0.06666667 1 0.4078431 0.3411765 0.06666667 1 0.4078431 0.3411765 0.06666667 1 0.4078431 0.3411765 0.06666667 1 0.4078431 0.3411765 0.06666667 1 0.4078431 0.3411765 0.06666667 1 0.4078431 0.3411765 0.06666667 1 0.4078431 0.3411765 0.06666667 1 0.4078431 0.3411765 0.06666667 1 0.4078431 0.3411765 0.06666667 1 0.4078431 0.3411765 0.06666667 1 0.4078431 0.3411765 0.06666667 1 0.4078431 0.3411765 0.06666667 1 0.4078431 0.3411765 0.06666667 1 0.4078431 0.3411765 0.06666667 1 0.4078431 0.3411765 0.06666667 1 0.4078431 0.3411765 0.06666667 1 0.4078431 0.3411765 0.06666667 1 0.4078431 0.3411765 0.06666667 1 0.4078431 0.3411765 0.06666667 1 0.4078431 0.3411765 0.06666667 1 0.4078431 0.3411765 0.06666667 1 0.4078431 0.3411765 0.06666667 1 0.4078431 0.3411765 0.06666667 1 0.4078431 0.3411765 0.06666667 1 0.4078431 0.3411765 0.06666667 1 0.4078431 0.3411765 0.06666667 1 0.4078431 0.3411765 0.06666667 1 0.4078431 0.3411765 0.06666667 1 0.4078431 0.3411765 0.06666667 1 0.4078431 0.3411765 0.06666667 1 0.4078431 0.3411765 0.06666667 1 0.4078431 0.3411765 0.06666667 1 0.4078431 0.3411765 0.06666667 1 0.4078431 0.3411765 0.06666667 1 0.4078431 0.3411765 0.06666667 1 0.4078431 0.3411765 0.06666667 1 0.4078431 0.3411765 0.06666667 1 0.4078431 0.3411765 0.06666667 1 0.4078431 0.3411765 0.06666667 1 0.4078431 0.3411765 0.06666667 1 0.4078431 0.3411765 0.06666667 1 0.4078431 0.3411765 0.06666667 1 0.4078431 0.3411765 0.06666667 1 0.4078431 0.3411765 0.06666667 1 0.4078431 0.3411765 0.06666667 1 0.4078431 0.3411765 0.06666667 1 0.4078431 0.3411765 0.06666667 1 0.4078431 0.3411765 0.06666667 1 0.4078431 0.3411765 0.06666667 1 0.4078431 0.3411765 0.06666667 1 0.4078431 0.3411765 0.06666667 1 0.4078431 0.3411765 0.06666667 1 0.4078431 0.3411765 0.06666667 1 0.4078431 0.3411765 0.06666667 1 0.4078431 0.3411765 0.06666667 1 0.4078431 0.3411765 0.06666667 1 0.4078431 0.3411765 0.06666667 1 0.4078431 0.3411765 0.06666667 1 0.4078431 0.3411765 0.06666667 1 0.4078431 0.3411765 0.06666667 1 0.4078431 0.3411765 0.06666667 1 0.4078431 0.3411765 0.06666667 1 0.4078431 0.3411765 0.06666667 1 0.4078431 0.3411765 0.06666667 1 0.4078431 0.3411765 0.06666667 1 0.4078431 0.3411765 0.06666667 1 0.4078431 0.3411765 0.06666667 1 0.4078431 0.3411765 0.06666667 1 0.4078431 0.3411765 0.06666667 1 0.4078431 0.3411765 0.06666667 1 0.4078431 0.3411765 0.06666667 1 0.4078431 0.3411765 0.06666667 1 0.4078431 0.3411765 0.06666667 1 0.4078431 0.3411765 0.06666667 1 0.4078431 0.3411765 0.06666667 1 0.4078431 0.3411765 0.06666667 1 0.4078431 0.3411765 0.06666667 1 0.4078431 0.3411765 0.06666667 1 0.4078431 0.3411765 0.06666667 1 0.4078431 0.3411765 0.06666667 1 0.4078431 0.3411765 0.06666667 1 0.4078431 0.3411765 0.06666667 1 0.4078431 0.3411765 0.06666667 1 0.4078431 0.3411765 0.06666667 1 0.4078431 0.3411765 0.06666667 1 0.4078431 0.3411765 0.06666667 1 0.4078431 0.3411765 0.06666667 1 0.4078431 0.3411765 0.06666667 1 0.4078431 0.3411765 0.06666667 1 0.4078431 0.3411765 0.06666667 1 0.4078431 0.3411765 0.06666667 1 0.4078431 0.3411765 0.06666667 1 0.4078431 0.3411765 0.06666667 1 0.4078431 0.3411765 0.06666667 1 0.4078431 0.3411765 0.06666667 1 0.4078431 0.3411765 0.06666667 1 0.4078431 0.3411765 0.06666667 1 0.4078431 0.3411765 0.06666667 1 0.4078431 0.3411765 0.06666667 1 0.4078431 0.3411765 0.06666667 1 0.4078431 0.3411765 0.06666667 1 0.4078431 0.3411765 0.06666667 1 0.4078431 0.3411765 0.06666667 1 0.03921569 0.07058824 0.1921569 1 0.03921569 0.07058824 0.1921569 1 0.03921569 0.07058824 0.1921569 1 0.03921569 0.07058824 0.1921569 1 0.03921569 0.07058824 0.1921569 1 0.03921569 0.07058824 0.1921569 1 0.03921569 0.07058824 0.1921569 1 0.03921569 0.07058824 0.1921569 1 0.03921569 0.07058824 0.1921569 1 0.03921569 0.07058824 0.1921569 1 0.03921569 0.07058824 0.1921569 1 0.03921569 0.07058824 0.1921569 1 0.03921569 0.07058824 0.1921569 1 0.03921569 0.07058824 0.1921569 1 0.03921569 0.07058824 0.1921569 1</float_array>
          <technique_common>
            <accessor source="#dai__CmFillerObjectBC-color-array" count="2012" stride="4">
              <param name="R" type="float" />
              <param name="G" type="float" />
              <param name="B" type="float" />
              <param name="A" type="float" />
            </accessor>
          </technique_common>
        </source>
        <source id="dai__CmFillerObjectBC-texcoord">
          <float_array id="dai__CmFillerObjectBC-texcoord-array" count="4024">0.2534066 0.2644389 0.4115053 0.2644389 0.2534066 0.4308079 0.4115053 0.4308079 0.6112764 0.5611506 0.6307927 0.5611506 0.6112764 0.5721065 0.6307927 0.5721065 0.8068666 0.5721065 0.7873503 0.5721065 0.8068666 0.5611506 0.7873503 0.5611506 0.6112764 0.5113146 0.6307927 0.5113146 0.6112764 0.5222706 0.6307927 0.5222706 0.8068666 0.5222706 0.7873503 0.5222706 0.8068666 0.5113146 0.7873503 0.5113146 0.7977874 0.2249485 0.7984741 0.2410773 0.7970397 0.2253758 0.7976348 0.2407569 0.03260853 0.2367743 0.04112306 0.222034 0.03349355 0.23682 0.04162661 0.2227207 0.009063859 0.1530632 0.01998932 0.1406882 0.009903105 0.1531548 0.02038605 0.1414816 0.5053635 0.01705956 0.6545663 0.01705956 0.5053635 0.03497368 0.6545663 0.03497368 0.7838865 0.02796978 0.7735561 0.01329058 0.7899443 0.02121001 0.7762112 0.009674191 0.1846647 0.01705956 0.1846647 0.03497368 0.03102159 0.01705956 0.03102159 0.03497368 0.5024949 0.01705956 0.5053635 0.01705956 0.5024949 0.03497368 0.5053635 0.03497368 0.7486839 0.1722896 0.7624018 0.1831235 0.7485161 0.1731288 0.761593 0.1833219 0.6887312 0.06706339 0.6887312 0.08502328 0.6858778 0.06706339 0.6858778 0.08502328 0.04798963 0.05711454 0.03527886 0.07014573 0.04289311 0.05055314 0.02597086 0.05949491 0.1221637 0.5124895 0.1221637 0.7752346 0.117464 0.7752346 0.117464 0.5124895 0.1127642 0.7752346 0.1127642 0.5124895 0.1080644 0.7752346 0.1080644 0.5125048 0.1033646 0.7752346 0.1033646 0.5124895 0.09866484 0.7752346 0.09866484 0.5125048 0.09396505 0.7752346 0.09396505 0.5125048 0.08926528 0.7752346 0.08926528 0.5125048 0.0845655 0.7752346 0.0845655 0.5125048 0.05996796 0.5125048 0.05996796 0.7752346 0.05526818 0.7752346 0.05526818 0.5125048 0.0505684 0.7752346 0.0505684 0.5125048 0.04586862 0.7752346 0.04586862 0.5125048 0.04116884 0.7752346 0.04116884 0.5125048 0.03646906 0.7752346 0.03646906 0.5125048 0.03175402 0.7752346 0.03175402 0.5125048 0.02705425 0.7752346 0.02705425 0.5125048 0.02235447 0.7752346 0.02235447 0.5125048 0.4121004 0.5107653 0.4121004 0.7735103 0.4074006 0.7735103 0.4074006 0.5107653 0.4027008 0.7735103 0.4027008 0.5107653 0.3980011 0.7735103 0.3980011 0.5107653 0.3933013 0.7735103 0.3933013 0.5107653 0.3886015 0.7735103 0.3886015 0.5107653 0.3839017 0.7735103 0.3839017 0.5107653 0.3792019 0.7735103 0.3792019 0.5107653 0.3745022 0.7735103 0.3745022 0.5107653 0.3410697 0.5107653 0.3410697 0.7735103 0.3363699 0.7735103 0.3363699 0.5107653 0.3316701 0.7735103 0.3316701 0.5107653 0.3269703 0.7735103 0.3269703 0.5107653 0.3222705 0.7735103 0.3222705 0.5107653 0.3175708 0.7735103 0.3175708 0.5107653 0.312871 0.7735103 0.312871 0.5107653 0.3081712 0.7735103 0.3081712 0.5107653 0.3034562 0.7735103 0.3034562 0.5107653 0.2565194 0.511574 0.2565194 0.7743191 0.2518044 0.7743191 0.2518044 0.511574 0.2471046 0.7743191 0.2471046 0.511574 0.2424048 0.7743191 0.2424048 0.511574 0.237705 0.7743191 0.237705 0.511574 0.2330053 0.7743191 0.2330053 0.511574 0.2283055 0.7743191 0.2283055 0.511574 0.2236057 0.7743191 0.2236057 0.511574 0.2189059 0.7743191 0.2189059 0.511574 0.1943084 0.511574 0.1943084 0.7743191 0.1896086 0.7743191 0.1896086 0.511574 0.1849088 0.7743191 0.1849088 0.511574 0.1802091 0.7743191 0.1802091 0.511574 0.1755093 0.7743191 0.1755093 0.511574 0.1708095 0.7743191 0.1708095 0.511574 0.1660945 0.7743191 0.1660945 0.511574 0.1613947 0.7743191 0.1613947 0.511574 0.1566949 0.7743191 0.1566949 0.511574 0.501442 0.430396 0.5210345 0.430396 0.501442 0.4011597 0.5210345 0.4011597 0.501442 0.3825895 0.5210345 0.3825895 0.501442 0.3210956 0.5210345 0.3210956 0.501442 0.3025253 0.5210345 0.3025253 0.501442 0.2732891 0.5210345 0.2732891 0.445655 0.430396 0.4652476 0.430396 0.445655 0.4011597 0.4652476 0.4011597 0.445655 0.3825895 0.4652476 0.3825895 0.445655 0.3210956 0.4652476 0.3210956 0.445655 0.3025253 0.4652476 0.3025253 0.445655 0.2732891 0.4652476 0.2732891 0.03349355 0.23682 0.04162661 0.2227207 0.04536507 0.2240177 0.03651484 0.2395361 0.04823377 0.2252842 0.04080262 0.2418097 0.05061417 0.226215 0.04580759 0.2437323 0.05172808 0.2448463 0.05413901 0.2266575 0.05468833 0.2446937 0.1941711 0.2265354 0.1941711 0.2444953 0.197406 0.2265354 0.197406 0.2444953 0.200763 0.2444953 0.200763 0.2265354 0.3523155 0.2444953 0.3523155 0.2265354 0.3562219 0.2444953 0.3562219 0.2265354 0.3588769 0.2265354 0.3588769 0.2444953 0.5103227 0.2265354 0.5103227 0.2444953 0.5135424 0.2265354 0.5135424 0.2444953 0.5168993 0.2444953 0.5168993 0.2265354 0.6684977 0.2444953 0.6684977 0.2265354 0.6718395 0.2265354 0.6718395 0.2444953 0.6751507 0.2444648 0.6751507 0.2264744 0.7792019 0.2444648 0.7792019 0.2264744 0.7812619 0.2446479 0.7836881 0.2262303 0.784741 0.244358 0.7867399 0.2257115 0.7885252 0.2437171 0.7896086 0.2251927 0.7928588 0.2426642 0.7927977 0.2248112 0.7976348 0.2407569 0.7970397 0.2253758 0.7977874 0.2249485 0.7970397 0.2253758 0.7927977 0.2248112 0.7929503 0.2239109 0.7896086 0.2251927 0.789517 0.2242923 0.7867399 0.2257115 0.786572 0.2248112 0.7835508 0.2253605 0.7836881 0.2262303 0.7792019 0.2264744 0.7792019 0.2255741 0.6751507 0.2264744 0.6751507 0.2255741 0.6718395 0.2256047 0.6718395 0.2265354 0.6684977 0.2265354 0.6684977 0.2256047 0.5168993 0.2265354 0.5168993 0.2256047 0.5135424 0.2256047 0.5135424 0.2265354 0.5103227 0.2265354 0.5103227 0.2256047 0.3588769 0.2265354 0.3592889 0.2256047 0.3562219 0.2256047 0.3562219 0.2265354 0.3523155 0.2265354 0.3523155 0.2256047 0.200763 0.2265354 0.200763 0.2256047 0.197406 0.2256047 0.197406 0.2265354 0.1941711 0.2265354 0.1941711 0.2256047 0.05413901 0.2266575 0.0542916 0.2257572 0.05085832 0.22533 0.05061417 0.226215 0.04858473 0.2244754 0.04823377 0.2252842 0.0455787 0.2231022 0.04536507 0.2240177 0.04162661 0.2227207 0.04112306 0.222034 0.7795377 0.1018845 0.7795377 0.1196002 0.7747463 0.1196002 0.7747463 0.1018845 0.7708095 0.1196002 0.7708095 0.1018845 0.7673304 0.1196002 0.7673304 0.1018845 0.7639887 0.1196002 0.7639887 0.1018845 0.760647 0.1196002 0.760647 0.1018845 0.6560159 0.1196002 0.6560159 0.1018845 0.6530709 0.1196002 0.6530709 0.1018845 0.6501411 0.1018845 0.6501411 0.1196002 0.4965743 0.1196002 0.4965743 0.1018845 0.4936294 0.1196002 0.4936294 0.1018845 0.4906996 0.1018845 0.4906996 0.1196002 0.3376974 0.1018845 0.3376974 0.1196002 0.335317 0.1018845 0.335317 0.1196002 0.3318227 0.1196002 0.3318227 0.1018845 0.1782559 0.1196002 0.1782559 0.1018845 0.1753109 0.1196002 0.1753109 0.1018845 0.1723812 0.1018845 0.1723812 0.1196002 0.02996872 0.1018845 0.02996872 0.1194324 0.0268864 0.1019303 0.02645914 0.1197681 0.02066072 0.1033493 0.0243534 0.1210498 0.01562524 0.1058518 0.02180514 0.1228351 0.01141375 0.1086137 0.01858549 0.125124 0.007843138 0.1111619 0.2962387 0.1401389 0.2962387 0.1580071 0.1455253 0.1401389 0.1455253 0.1580071 0.1421378 0.1401389 0.1421378 0.1580071 0.1387503 0.1580071 0.1387503 0.1401389 0.03405814 0.1468529 0.03501945 0.1649958 0.02973983 0.1642634 0.03277638 0.1466392 0.02671855 0.1638666 0.02896162 0.1458305 0.02166781 0.1625239 0.0268864 0.1448234 0.01562524 0.1592737 0.02458228 0.1434959 0.009903105 0.1531548 0.02038605 0.1414816 0.2962387 0.1392233 0.2962387 0.1401389 0.1455253 0.1401389 0.1455253 0.1392233 0.1421378 0.1401389 0.1421378 0.1392233 0.1387503 0.1392233 0.1387503 0.1401389 0.03405814 0.1468529 0.03393606 0.1459678 0.03277638 0.1466392 0.03276112 0.1457389 0.02896162 0.1458305 0.02911421 0.1449302 0.0268864 0.1448234 0.02720684 0.1439536 0.02487221 0.1426566 0.02458228 0.1434959 0.01998932 0.1406882 0.02038605 0.1414816 0.7769436 0.1401389 0.7769436 0.1580071 0.6202487 0.1580071 0.6202487 0.1401389 0.6164035 0.1580071 0.6164035 0.1401389 0.6136263 0.1401389 0.6136263 0.1580071 0.4612802 0.1580071 0.4612802 0.1401389 0.4579538 0.1580071 0.4579538 0.1401389 0.4545968 0.1401389 0.4545968 0.1580071 0.3029831 0.1580071 0.3029831 0.1401389 0.2996261 0.1580071 0.2996261 0.1401389 0.2962387 0.1401389 0.2962387 0.1580071 0.7769436 0.1392233 0.7769436 0.1401389 0.6202487 0.1401389 0.6202487 0.1392233 0.6164035 0.1401389 0.6164035 0.1392233 0.6136263 0.1392233 0.6136263 0.1401389 0.4612802 0.1401389 0.4612802 0.1392233 0.4579538 0.1401389 0.4579538 0.1392233 0.4545968 0.1392233 0.4545968 0.1401389 0.3029831 0.1401389 0.3029831 0.1392233 0.2996261 0.1401389 0.2996261 0.1392233 0.2962387 0.1392233 0.2962387 0.1401389 0.5024949 0.01705956 0.5024949 0.03497368 0.4996109 0.01705956 0.4996109 0.03497368 0.3481498 0.01705956 0.3481498 0.03497368 0.3452659 0.03497368 0.3452659 0.01705956 0.3423972 0.01705956 0.3423972 0.03497368 0.1904173 0.01705956 0.1904173 0.03497368 0.1880827 0.03497368 0.1880827 0.01705956 0.1846647 0.01705956 0.1846647 0.03497368 0.7486839 0.1722896 0.7485161 0.1731288 0.7409018 0.1779202 0.741207 0.178851 0.7359579 0.1812161 0.7364462 0.1819944 0.732372 0.1835508 0.7328146 0.1843442 0.7289845 0.1856871 0.7293202 0.186511 0.7258869 0.1858397 0.7248646 0.1867247 0.5756618 0.1867247 0.5756618 0.1858397 0.5723812 0.1867247 0.5723812 0.1858397 0.5691158 0.1858397 0.5691158 0.1867247 0.4197604 0.1867247 0.4197604 0.1858397 0.4163729 0.1867247 0.4163729 0.1858397 0.4130007 0.1858397 0.4130007 0.1867247 0.2613871 0.1867247 0.2613871 0.1858397 0.2580148 0.1867247 0.2580148 0.1858397 0.2546273 0.1858397 0.2546273 0.1867247 0.1042649 0.1867247 0.1042649 0.1858397 0.1009689 0.1867247 0.1009689 0.1858397 0.09961089 0.1858397 0.0975967 0.1867247 0.03527886 0.07014573 0.04798963 0.05711454 0.0523537 0.06073093 0.04359503 0.07661557 0.05577172 0.06300449 0.0512398 0.0805524 0.0589456 0.06501871 0.0599527 0.08339053 0.06265354 0.06684977 0.06271458 0.08482492 0.2134737 0.08502328 0.2134737 0.06706339 0.2162814 0.08502328 0.2162814 0.06706339 0.219028 0.08502328 0.219028 0.06706339 0.3697871 0.08502328 0.3697871 0.06706339 0.3726711 0.08502328 0.3726711 0.06706339 0.375555 0.06706339 0.375555 0.08502328 0.5264058 0.06706339 0.5264058 0.08502328 0.5292897 0.06706339 0.5292897 0.08502328 0.5321889 0.08502328 0.5321889 0.06706339 0.6829633 0.06706339 0.6829633 0.08502328 0.6858778 0.06706339 0.6858778 0.08502328 0.1914549 0.2645915 0.1888151 0.2619516 0.03070115 0.2619516 0.02806134 0.2645915 0.1914549 0.4309605 0.02806134 0.4309605 0.03070115 0.4336156 0.1888151 0.4336156 0.4547036 0.5611506 0.4838331 0.5611506 0.4547036 0.5721065 0.4838331 0.5721065 0.5023423 0.565652 0.5023423 0.5721065 0.5636377 0.565652 0.5636377 0.5721065 0.5821469 0.5721065 0.5821469 0.5611506 0.6112764 0.5611506 0.6112764 0.5721065 0.6307927 0.5611506 0.6599069 0.5611506 0.6307927 0.5721065 0.6599069 0.5721065 0.6784161 0.565652 0.6784161 0.5721065 0.7397116 0.565652 0.7397116 0.5721065 0.7582208 0.5721065 0.7582208 0.5611506 0.7873503 0.5611506 0.7873503 0.5721065 0.4547036 0.5113146 0.4838331 0.5113146 0.4547036 0.5222706 0.4838331 0.5222706 0.5023423 0.5158007 0.5023423 0.5222706 0.5636377 0.5158007 0.5636377 0.5222706 0.5821469 0.5222706 0.5821469 0.5113146 0.6112764 0.5113146 0.6112764 0.5222706 0.6307927 0.5113146 0.6599069 0.5113146 0.6307927 0.5222706 0.6599069 0.5222706 0.6784161 0.5158007 0.6784161 0.5222706 0.7397116 0.5158007 0.7397116 0.5222706 0.7582208 0.5222706 0.7582208 0.5113146 0.7873503 0.5113146 0.7873503 0.5222706 0.7838865 0.02796978 0.7716488 0.01503015 0.7735561 0.01329058 0.7776913 0.03193712 0.7696193 0.01606774 0.7723049 0.03360039 0.7659266 0.01676965 0.769131 0.03408867 0.7645838 0.01701379 0.7634699 0.03491265 0.6603342 0.03497368 0.6603342 0.01705956 0.6574502 0.01705956 0.6574502 0.03497368 0.6545663 0.03497368 0.6545663 0.01705956 0.761593 0.1833219 0.741207 0.178851 0.7485161 0.1731288 0.7534447 0.1934997 0.7364462 0.1819944 0.7447318 0.1989471 0.7328146 0.1843442 0.7368582 0.2021058 0.7293202 0.186511 0.7280842 0.2050813 0.7248646 0.1867247 0.7248646 0.2048676 0.5756618 0.2048676 0.5756618 0.1867247 0.5723812 0.1867247 0.5723812 0.2048676 0.5691158 0.2048676 0.5691158 0.1867247 0.4197604 0.2048676 0.4197604 0.1867247 0.4163729 0.2048676 0.4163729 0.1867247 0.4130007 0.1867247 0.4130007 0.2048676 0.2613871 0.1867247 0.2613871 0.2048676 0.2580148 0.1867247 0.2580148 0.2048676 0.2546273 0.2048676 0.2546273 0.1867247 0.1042649 0.1867247 0.1042649 0.2048676 0.1009689 0.1867247 0.1009689 0.2048676 0.0975967 0.2048676 0.0975967 0.1867247 0.7928588 0.2426642 0.7976348 0.2407569 0.7984741 0.2410773 0.7932708 0.2434729 0.7887388 0.2446021 0.7885252 0.2437171 0.7848478 0.2452583 0.784741 0.244358 0.7813535 0.2455482 0.7812619 0.2446479 0.7792019 0.2453803 0.7792019 0.2444648 0.6751507 0.2453803 0.6751507 0.2444648 0.6718395 0.2454261 0.6718395 0.2444953 0.6684977 0.2444953 0.6684977 0.2454261 0.5168993 0.2454261 0.5168993 0.2444953 0.5135424 0.2454261 0.5135424 0.2444953 0.5103227 0.2444953 0.5099108 0.2454261 0.3588769 0.2454261 0.3588769 0.2444953 0.3562219 0.2454261 0.3562219 0.2444953 0.3523155 0.2444953 0.3523155 0.2454261 0.200763 0.2454261 0.200763 0.2444953 0.197406 0.2454261 0.197406 0.2444953 0.1941711 0.2444953 0.1937743 0.2454261 0.0546273 0.245594 0.05468833 0.2446937 0.05172808 0.2448463 0.05160601 0.2457313 0.04551766 0.2445869 0.04580759 0.2437323 0.04080262 0.2418097 0.04037537 0.2426032 0.03651484 0.2395361 0.03591974 0.2401922 0.03260853 0.2367743 0.03349355 0.23682 0.2962387 0.1588617 0.1455253 0.1588617 0.2962387 0.1580071 0.1455253 0.1580071 0.1421378 0.1580071 0.1421378 0.1588617 0.1387503 0.1588617 0.1387503 0.1580071 0.03494316 0.1659113 0.03501945 0.1649958 0.02966354 0.1651484 0.02973983 0.1642634 0.02659648 0.1647516 0.02671855 0.1638666 0.0213016 0.1633478 0.02166781 0.1625239 0.01562524 0.1592737 0.01495384 0.1598993 0.009063859 0.1530632 0.009903105 0.1531548 0.7781491 0.1588617 0.6202487 0.1588617 0.7769436 0.1580071 0.6202487 0.1580071 0.6164035 0.1580071 0.6164035 0.1588617 0.6136263 0.1588617 0.6136263 0.1580071 0.4612802 0.1588617 0.4612802 0.1580071 0.4579538 0.1580071 0.4579538 0.1588617 0.4545968 0.1588617 0.4545968 0.1580071 0.3029831 0.1588617 0.3029831 0.1580071 0.2996261 0.1580071 0.2996261 0.1588617 0.2962387 0.1588617 0.2962387 0.1580071 0.7534447 0.1934997 0.761593 0.1833219 0.7624018 0.1831235 0.7541466 0.1940643 0.7451591 0.1997406 0.7447318 0.1989471 0.7371634 0.202945 0.7368582 0.2021058 0.7280842 0.2050813 0.7284046 0.2059358 0.7248646 0.2057832 0.7248646 0.2048676 0.5756618 0.2057832 0.5756618 0.2048676 0.5723812 0.2048676 0.5723812 0.2057832 0.5691158 0.2057832 0.5691158 0.2048676 0.4197604 0.2057832 0.4197604 0.2048676 0.4163729 0.2048676 0.4163729 0.2057832 0.4130007 0.2057832 0.4130007 0.2048676 0.2613871 0.2057832 0.2613871 0.2048676 0.2580148 0.2048676 0.2580148 0.2057832 0.2546273 0.2057832 0.2546273 0.2048676 0.1042649 0.2057832 0.1042649 0.2048676 0.1009689 0.2048676 0.1009689 0.2057832 0.0975967 0.2057832 0.0975967 0.2048676 0.7881895 0.8764172 0.7881895 0.8824445 0.6627909 0.8764172 0.6627909 0.8824445 0.7881895 0.8871137 0.6569467 0.8764172 0.6627909 0.8871137 0.7881895 0.8927901 0.6569467 0.8824445 0.6627909 0.8927901 0.7881895 0.8980087 0.6569467 0.889128 0.6569467 0.8824445 0.6627909 0.8980087 0.7881895 0.9034104 0.6509957 0.8824445 0.6509957 0.8764172 0.4321355 0.8764172 0.6569467 0.889128 0.6509957 0.8880598 0.4321355 0.8824445 0.4209812 0.8764172 0.4209812 0.8824445 0.4112459 0.8764172 0.4321355 0.8880598 0.4112459 0.8824445 0.4017853 0.8764172 0.4209812 0.8880598 0.6509957 0.8927901 0.4321355 0.8927901 0.6569467 0.8927901 0.6509957 0.8980087 0.6569467 0.8927901 0.6569467 0.8980087 0.6569467 0.8980087 0.6627909 0.9034104 0.7881895 0.9082017 0.6569467 0.9034104 0.6627909 0.9082017 0.7881895 0.9130083 0.6569467 0.9062028 0.6569467 0.9034104 0.6627909 0.9130083 0.7881895 0.9192492 0.6627909 0.9192492 0.6569467 0.9192492 0.6569467 0.9130083 0.6569467 0.9130083 0.6569467 0.9062028 0.6509957 0.9130083 0.6509957 0.9192492 0.6509957 0.9075913 0.6509957 0.9034104 0.4321355 0.9130083 0.4321355 0.9192492 0.4209812 0.9192492 0.4321355 0.8980087 0.4209812 0.9130083 0.4112459 0.9192492 0.4321355 0.9075913 0.4112459 0.9130083 0.4017853 0.9192492 0.4209812 0.9075913 0.4321355 0.9034104 0.4112459 0.9075913 0.4209812 0.8980087 0.4209812 0.9034104 0.4112459 0.9034104 0.4112459 0.8980087 0.4209812 0.8927901 0.4112459 0.8927901 0.4112459 0.8880598 0.4017853 0.8927901 0.4017853 0.8824445 0.4017853 0.8880598 0.3907988 0.8824445 0.3907988 0.8764172 0.2973526 0.8764172 0.3907988 0.8880598 0.2973526 0.8824445 0.2863508 0.8764172 0.3907988 0.8927901 0.2973526 0.8880598 0.2863508 0.8824445 0.2768902 0.8824445 0.2768902 0.8764172 0.2863508 0.8880598 0.267155 0.8824445 0.267155 0.8764172 0.2768902 0.8880598 0.267155 0.8880598 0.2560006 0.8824445 0.2560006 0.8764172 0.03671321 0.8764172 0.2560006 0.8880598 0.03671321 0.8824445 0.03227283 0.8764172 0.02652018 0.8803998 0.0301976 0.8752575 0.03671321 0.8880598 0.03030442 0.8824445 0.02137789 0.8854505 0.03227283 0.8824445 0.02677958 0.8880598 0.01702907 0.8927901 0.03227283 0.8880598 0.02452125 0.8927901 0.03227283 0.8927901 0.03671321 0.8927901 0.2560006 0.8927901 0.03227283 0.8980087 0.2560006 0.8980087 0.02452125 0.8980087 0.01702907 0.8980087 0.01702907 0.9034104 0.03671321 0.8980087 0.03227283 0.9034104 0.03671321 0.9034104 0.02452125 0.9034104 0.02693217 0.9075913 0.021561 0.9112383 0.03227283 0.9075913 0.03050278 0.9130083 0.0268101 0.9159838 0.03227283 0.9192492 0.03045701 0.9206531 0.03227283 0.9130083 0.03671321 0.9075913 0.03671321 0.9130083 0.03671321 0.9192492 0.2560006 0.9192492 0.2560006 0.9130083 0.267155 0.9192492 0.2560006 0.9075913 0.267155 0.9130083 0.2768902 0.9192492 0.2560006 0.9034104 0.2768902 0.9130083 0.2863508 0.9192492 0.267155 0.9075913 0.267155 0.9034104 0.267155 0.8980087 0.2768902 0.9075913 0.267155 0.8927901 0.2863508 0.9130083 0.2768902 0.8927901 0.2768902 0.8980087 0.2863508 0.8927901 0.2973526 0.8927901 0.2863508 0.8980087 0.2768902 0.9034104 0.2863508 0.9034104 0.2863508 0.9075913 0.2973526 0.9034104 0.2973526 0.9075913 0.2973526 0.9130083 0.2973526 0.9192492 0.3907988 0.9192492 0.3907988 0.9130083 0.3907988 0.9075913 0.4017853 0.9130083 0.4017853 0.9075913 0.3907988 0.9034104 0.4017853 0.9034104 0.2973526 0.8980087 0.4017853 0.8980087 0.3907988 0.8980087 0.6498207 0.8122835 0.7678035 0.8122835 0.7678035 0.8175784 0.6498207 0.8175784 0.7678035 0.8226291 0.6439002 0.8122835 0.6498207 0.8226291 0.7678035 0.8267643 0.6439002 0.8175784 0.6498207 0.8267643 0.7678035 0.8325475 0.6439002 0.8226291 0.6439002 0.8175784 0.6439002 0.8226291 0.6439002 0.8267643 0.6378271 0.8175784 0.6378271 0.8122835 0.4231479 0.8122835 0.6378271 0.8226291 0.4231479 0.8175784 0.4122377 0.8122835 0.4122377 0.8175784 0.4029145 0.8122835 0.4231479 0.8226291 0.4029145 0.8175784 0.3938964 0.8122835 0.4122377 0.8226291 0.6378271 0.8267643 0.4231479 0.8267643 0.6439002 0.8267643 0.6378271 0.8325475 0.6439002 0.8325475 0.6439002 0.8325475 0.6498207 0.8325475 0.7678035 0.8379034 0.6498207 0.8379034 0.7678035 0.842649 0.6439002 0.8379034 0.6498207 0.842649 0.7678035 0.8479591 0.6439002 0.842649 0.6439002 0.8379034 0.6498207 0.8479591 0.7678035 0.853315 0.6498207 0.853315 0.6439002 0.853315 0.6439002 0.8479591 0.6439002 0.8479591 0.6439002 0.842649 0.6378271 0.8479591 0.6378271 0.853315 0.6378271 0.842649 0.6378271 0.8379034 0.4231479 0.8479591 0.4231479 0.853315 0.4122377 0.853315 0.4231479 0.842649 0.4122377 0.8479591 0.4029145 0.853315 0.4231479 0.8379034 0.4122377 0.842649 0.4029145 0.8479591 0.3938964 0.853315 0.4231479 0.8325475 0.4122377 0.8379034 0.4122377 0.8267643 0.4122377 0.8325475 0.4029145 0.8325475 0.4029145 0.8379034 0.4029145 0.8267643 0.4029145 0.842649 0.4029145 0.8226291 0.3938964 0.8479591 0.3938964 0.8175784 0.3938964 0.8226291 0.3830625 0.8175784 0.3830625 0.8122835 0.2912032 0.8122835 0.3830625 0.8226291 0.2912032 0.8175784 0.2803693 0.8122835 0.3938964 0.8267643 0.3830625 0.8267643 0.2912032 0.8226291 0.2803693 0.8175784 0.2713817 0.8175784 0.2713817 0.8122835 0.2803693 0.8226291 0.2621195 0.8175784 0.2621195 0.8122835 0.2713817 0.8226291 0.2621195 0.8226291 0.2511635 0.8175784 0.2511635 0.8122835 0.03807126 0.8122835 0.2511635 0.8226291 0.03807126 0.8175784 0.03337148 0.8122835 0.02851911 0.8152285 0.03178454 0.8104067 0.03807126 0.8226291 0.03173877 0.8175784 0.02389563 0.819913 0.03337148 0.8175784 0.02830549 0.8226291 0.01927214 0.8267643 0.03337148 0.8226291 0.02571145 0.8267643 0.03337148 0.8267643 0.03807126 0.8267643 0.02571145 0.8325475 0.01927214 0.8325475 0.01927214 0.8379034 0.03337148 0.8325475 0.02571145 0.8379034 0.02830549 0.842649 0.02388037 0.8444037 0.03337148 0.8379034 0.03169299 0.8479591 0.02847333 0.849073 0.03337148 0.842649 0.03337148 0.853315 0.03170825 0.8539101 0.03337148 0.8479591 0.03807126 0.8479591 0.03807126 0.853315 0.2511635 0.853315 0.03807126 0.842649 0.2511635 0.8479591 0.2621195 0.853315 0.03807126 0.8379034 0.2511635 0.842649 0.2621195 0.8479591 0.2713817 0.853315 0.03807126 0.8325475 0.2713817 0.8479591 0.2803693 0.853315 0.2511635 0.8379034 0.2621195 0.842649 0.2511635 0.8325475 0.2621195 0.8379034 0.2713817 0.842649 0.2511635 0.8267643 0.2621195 0.8325475 0.2621195 0.8267643 0.2713817 0.8267643 0.2713817 0.8325475 0.2803693 0.8267643 0.2912032 0.8267643 0.2803693 0.8325475 0.2713817 0.8379034 0.2803693 0.8379034 0.2803693 0.842649 0.2912032 0.8379034 0.2912032 0.8325475 0.3830625 0.8325475 0.3830625 0.8379034 0.3938964 0.8325475 0.3938964 0.8379034 0.3938964 0.842649 0.3830625 0.842649 0.3830625 0.8479591 0.3830625 0.853315 0.2912032 0.842649 0.2912032 0.8479591 0.2912032 0.853315 0.2803693 0.8479591 0.7881895 0.9412985 0.7881895 0.9473258 0.6627909 0.9412985 0.6627909 0.9473258 0.7881895 0.9519951 0.6569467 0.9412985 0.6627909 0.9519951 0.7881895 0.9576715 0.6569467 0.9473258 0.6627909 0.9576715 0.7881895 0.96289 0.6569467 0.9540093 0.6569467 0.9473258 0.6627909 0.96289 0.7881895 0.9682765 0.6509957 0.9473258 0.6509957 0.9412985 0.4321355 0.9412985 0.6569467 0.9540093 0.6509957 0.9529412 0.4321355 0.9473258 0.4209812 0.9412985 0.4209812 0.9473258 0.4112459 0.9412985 0.4321355 0.9529412 0.4112459 0.9473258 0.4017853 0.9412985 0.4209812 0.9529412 0.6509957 0.9576715 0.4321355 0.9576715 0.6569467 0.9576715 0.6509957 0.96289 0.6569467 0.9576715 0.6569467 0.96289 0.6569467 0.96289 0.6627909 0.9682765 0.7881895 0.9730831 0.6569467 0.9682765 0.6627909 0.9730831 0.7881895 0.9778897 0.6569467 0.9710842 0.6569467 0.9682765 0.6627909 0.9778897 0.7881895 0.9841306 0.6627909 0.9841306 0.6569467 0.9841306 0.6569467 0.9778897 0.6569467 0.9778897 0.6569467 0.9710842 0.6509957 0.9778897 0.6509957 0.9841306 0.6509957 0.9724727 0.6509957 0.9682765 0.4321355 0.9778897 0.4321355 0.9841306 0.4209812 0.9841306 0.4321355 0.96289 0.4209812 0.9778897 0.4112459 0.9841306 0.4321355 0.9724727 0.4112459 0.9778897 0.4017853 0.9841306 0.4209812 0.9724727 0.4321355 0.9682765 0.4112459 0.9724727 0.4209812 0.96289 0.4209812 0.9682765 0.4112459 0.9682765 0.4112459 0.96289 0.4209812 0.9576715 0.4112459 0.9576715 0.4112459 0.9529412 0.4017853 0.9576715 0.4017853 0.9473258 0.4017853 0.9529412 0.3907988 0.9473258 0.3907988 0.9412985 0.2973526 0.9412985 0.3907988 0.9529412 0.2973526 0.9473258 0.2863508 0.9412985 0.3907988 0.9576715 0.2973526 0.9529412 0.2863508 0.9473258 0.2768902 0.9473258 0.2768902 0.9412985 0.2863508 0.9529412 0.267155 0.9473258 0.267155 0.9412985 0.2768902 0.9529412 0.267155 0.9529412 0.2560006 0.9473258 0.2560006 0.9412985 0.03671321 0.9412985 0.2560006 0.9529412 0.03671321 0.9473258 0.03227283 0.9412985 0.02652018 0.9452811 0.0301976 0.9401389 0.03671321 0.9529412 0.03030442 0.9473258 0.02137789 0.9503319 0.03227283 0.9473258 0.02677958 0.9529412 0.01702907 0.9576715 0.03227283 0.9529412 0.02452125 0.9576715 0.03227283 0.9576715 0.03671321 0.9576715 0.2560006 0.9576715 0.03227283 0.96289 0.2560006 0.96289 0.02452125 0.96289 0.01702907 0.96289 0.01702907 0.9682765 0.03671321 0.96289 0.03227283 0.9682765 0.03671321 0.9682765 0.02452125 0.9682765 0.02693217 0.9724727 0.021561 0.9761044 0.03227283 0.9724727 0.03050278 0.9778897 0.0268101 0.9808652 0.03227283 0.9841306 0.03045701 0.9855344 0.03227283 0.9778897 0.03671321 0.9724727 0.03671321 0.9778897 0.03671321 0.9841306 0.2560006 0.9841306 0.2560006 0.9778897 0.267155 0.9841306 0.2560006 0.9724727 0.267155 0.9778897 0.2768902 0.9841306 0.2560006 0.9682765 0.2768902 0.9778897 0.2863508 0.9841306 0.267155 0.9724727 0.267155 0.9682765 0.267155 0.96289 0.2768902 0.9724727 0.267155 0.9576715 0.2863508 0.9778897 0.2768902 0.9576715 0.2768902 0.96289 0.2863508 0.9576715 0.2973526 0.9576715 0.2863508 0.96289 0.2768902 0.9682765 0.2863508 0.9682765 0.2863508 0.9724727 0.2973526 0.9682765 0.2973526 0.9724727 0.2973526 0.9778897 0.2973526 0.9841306 0.3907988 0.9841306 0.3907988 0.9778897 0.3907988 0.9724727 0.4017853 0.9778897 0.4017853 0.9724727 0.3907988 0.9682765 0.4017853 0.9682765 0.2973526 0.96289 0.4017853 0.96289 0.3907988 0.96289 0.02606241 0.470924 0.02565042 0.4593729 0.0296788 0.4593729 0.02972458 0.470924 0.02969406 0.4738079 0.1973602 0.4738079 0.1969635 0.470924 0.196582 0.4593729 0.1981842 0.4593729 0.1977874 0.470924 0.3572442 0.4738079 0.3568322 0.470924 0.3564355 0.4593729 0.3580224 0.4593729 0.357641 0.470924 0.5253987 0.4738079 0.5250019 0.470924 0.5246204 0.4593729 0.5262226 0.4593729 0.5258107 0.470924 0.6847333 0.4738079 0.6848096 0.4593729 0.6847486 0.470924 0.6693217 0.2444953 0.6717479 0.2255894 0.673701 0.2265049 0.1972076 0.2444953 0.1941711 0.2265354 0.1967956 0.2256047 0.5022812 0.01705956 0.5053635 0.03497368 0.5019608 0.03497368 0.09956512 0.2054933 0.1028306 0.2048676 0.2556802 0.2057832 0.7624018 0.1831235 0.761593 0.1833219 0.7486839 0.1722896 0.7541466 0.1940643 0.761593 0.1833219 0.7624018 0.1831235 0.7834745 0.2453498 0.6751507 0.2453803 0.7812619 0.2446479 0.6695353 0.2454261 0.6693217 0.2444953 0.5137103 0.2454261 0.513344 0.2444953 0.3559167 0.2454261 0.3575494 0.2444953 0.3523155 0.2444953 0.1970398 0.2454261 0.1972076 0.2444953 0.04884413 0.2450599 0.03305104 0.23711 0.04362554 0.2428931 0.02896162 0.1446097 0.1411612 0.1392233 0.0337377 0.1468071 0.2998703 0.1392233 0.1440452 0.1401389 0.2993667 0.1401389 0.1430533 0.1588617 0.03494316 0.1659113 0.1398032 0.1580071 0.02555886 0.1643549 0.02822919 0.164065 0.01864653 0.1608911 0.009430076 0.1534905 0.6158084 0.1392233 0.6136263 0.1401389 0.4598306 0.1392233 0.7769436 0.1392233 0.6202487 0.1401389 0.7769436 0.1401389 0.6717479 0.2255894 0.7859159 0.2247959 0.673701 0.2265049 0.7974975 0.2248875 0.7916076 0.2249485 0.7863584 0.2257878 0.2534066 0.2644389 0.4115053 0.2644389 0.2534066 0.4308079 0.4115053 0.4308079 0.02938888 0.4322881 0.1901274 0.4322881 0.02987717 0.2627756 0.190631 0.2637675 0.6112764 0.5611506 0.6307927 0.5611506 0.6112764 0.5721065 0.6307927 0.5721065 0.8068666 0.5721065 0.7873503 0.5721065 0.8068666 0.5611506 0.7873503 0.5611506 0.501442 0.430396 0.5210345 0.430396 0.501442 0.3953612 0.5210345 0.3884031 0.6307927 0.5611506 0.6656901 0.5625544 0.6307927 0.5721065 0.6599069 0.5721065 0.6656901 0.5625544 0.6784161 0.5721065 0.7454948 0.5642481 0.7397116 0.5721065 0.7582208 0.5721065 0.7873503 0.5611506 0.7873503 0.5721065 0.501442 0.3152819 0.5210345 0.3083238 0.501442 0.2732891 0.5210345 0.2732891 0.501442 0.3953612 0.5210345 0.3884031 0.501442 0.3152819 0.5210345 0.3083238 0.6112764 0.5113146 0.6307927 0.5113146 0.6112764 0.5222706 0.6307927 0.5222706 0.8068666 0.5222706 0.7873503 0.5222706 0.8068666 0.5113146 0.7873503 0.5113146 0.445655 0.430396 0.4652476 0.430396 0.445655 0.3953612 0.4652476 0.3884031 0.6307927 0.5113146 0.6656901 0.5127184 0.6307927 0.5222706 0.6599069 0.5222706 0.6656901 0.5127184 0.6784161 0.5222706 0.7454948 0.5143969 0.7397116 0.5222706 0.7582208 0.5222706 0.7873503 0.5113146 0.7873503 0.5222706 0.445655 0.3152819 0.4652476 0.3083238 0.445655 0.2732891 0.4652476 0.2732891 0.445655 0.3953612 0.4652476 0.3884031 0.445655 0.3152819 0.4652476 0.3083238 0.5117266 0.2256047 0.5117266 0.2265354 0.357763 0.2256047 0.5168993 0.2256047 0.5022812 0.01705956 0.6582742 0.01705956 0.5053635 0.03497368 0.656672 0.03497368 0.2998703 0.1392233 0.4545968 0.1392233 0.2993667 0.1401389 0.4545968 0.1401389 0.1885405 0.01705956 0.1846647 0.03497368 0.03102159 0.01705956 0.03102159 0.03497368 0.4182803 0.2057832 0.4130007 0.2057832 0.4182803 0.2048676 0.5709468 0.2057832 0.5756618 0.2048676 0.5756618 0.2057832 0.7248646 0.2048676 0.7250782 0.2057832 0.04853895 0.05757231 0.03527886 0.07014573 0.04289311 0.05055314 0.02597086 0.05949491 0.4042725 0.9130083 0.4112459 0.9192492 0.4017853 0.9192492 0.4216831 0.9130083 0.4112459 0.9192492 0.4216831 0.9192492 0.6569467 0.9192492 0.4216831 0.9192492 0.6569467 0.9130083 0.7881895 0.9192492 0.6569467 0.9192492 0.7881895 0.9130083 0.4209812 0.9075913 0.6569467 0.9063096 0.7881895 0.9082017 0.6573129 0.9034104 0.7881895 0.9034104 0.4209812 0.9034104 0.6576791 0.8980087 0.7881895 0.8944228 0.6562142 0.9034104 0.6565804 0.8980087 0.6573129 0.8927901 0.6569467 0.8890364 0.7881895 0.8839093 0.7881895 0.8764172 0.6569467 0.8764172 0.6569467 0.8824445 0.6569467 0.8764172 0.4216831 0.8764172 0.4209812 0.8824445 0.4112459 0.8764172 0.4112459 0.8824445 0.4017853 0.8764172 0.4112459 0.8764172 0.4010986 0.8824445 0.4142824 0.8880598 0.2863508 0.8764172 0.4017853 0.8764172 0.2838636 0.8824445 0.2768902 0.8764172 0.2863508 0.8764172 0.6565804 0.8927901 0.4216831 0.8927901 0.4010986 0.8880598 0.4112459 0.8927901 0.4216831 0.8980087 0.4112459 0.8980087 0.4112459 0.9034104 0.4017853 0.8927901 0.4036317 0.9075913 0.4010986 0.9034104 0.4010986 0.8980087 0.3907988 0.8927901 0.2845045 0.8880598 0.2870375 0.8927901 0.2870375 0.8980087 0.2870375 0.9034104 0.2768902 0.8980087 0.2768902 0.8927901 0.2845045 0.9075913 0.2768902 0.9034104 0.2845045 0.9130083 0.4017853 0.9192492 0.2863508 0.9192492 0.2768902 0.9192492 0.267155 0.9075913 0.266453 0.9034104 0.267155 0.9130083 0.2768902 0.9192492 0.266453 0.9192492 0.03227283 0.9192492 0.03149462 0.9130083 0.03227283 0.9192492 0.0268101 0.9159838 0.021561 0.9112383 0.0296025 0.9075913 0.01702907 0.9034104 0.03254749 0.9034104 0.02452125 0.9034104 0.02452125 0.8960555 0.01702907 0.8944228 0.03282215 0.8980087 0.266453 0.8980087 0.03282215 0.8927901 0.02952621 0.8880598 0.02491798 0.8819715 0.267155 0.8927901 0.03103685 0.8824445 0.03227283 0.8764172 0.267155 0.8880598 0.266453 0.8824445 0.03227283 0.8764172 0.266453 0.8764172 0.2768902 0.8764172 0.266453 0.8764172 0.2803693 0.853315 0.2713817 0.853315 0.2786298 0.8479591 0.3938964 0.853315 0.2803693 0.853315 0.3962463 0.8479591 0.4029145 0.853315 0.3938964 0.853315 0.2810407 0.842649 0.2655833 0.842649 0.3956359 0.842649 0.2621195 0.8479591 0.2713817 0.853315 0.2614328 0.853315 0.03337148 0.853315 0.03242542 0.8479591 0.03337148 0.853315 0.02847333 0.849073 0.02388037 0.8444037 0.03265431 0.842649 0.01927214 0.8379034 0.0336614 0.8379034 0.02571145 0.8379034 0.02571145 0.8300145 0.01927214 0.8285649 0.0336614 0.8325475 0.2614328 0.8379034 0.2713817 0.8379034 0.2614328 0.8325475 0.2810407 0.8379034 0.2713817 0.8325475 0.03395132 0.8267643 0.2621195 0.8267643 0.03265431 0.8226291 0.02389563 0.819913 0.03245594 0.8175784 0.02851911 0.8152285 0.03337148 0.8122835 0.03807126 0.8175784 0.03337148 0.8122835 0.2621195 0.8226291 0.2614328 0.8175784 0.03337148 0.8122835 0.2614328 0.8122835 0.2614328 0.8122835 0.2713817 0.8122835 0.2780194 0.8175784 0.2713817 0.8122835 0.2803693 0.8122835 0.2713817 0.8267643 0.2786298 0.8226291 0.2810407 0.8267643 0.2810407 0.8325475 0.3932097 0.8267643 0.3932097 0.8379034 0.3932097 0.8325475 0.4029145 0.8325475 0.4029145 0.8379034 0.4122377 0.842649 0.4122377 0.8379034 0.4129244 0.8479591 0.4029145 0.853315 0.4129244 0.853315 0.6442664 0.853315 0.4129244 0.853315 0.6439918 0.8479591 0.6442664 0.853315 0.7678035 0.853315 0.7678035 0.8479591 0.6439002 0.842649 0.7678035 0.842649 0.6431373 0.8379034 0.6442664 0.8379034 0.7678035 0.8379034 0.4129244 0.8325475 0.6431373 0.8325475 0.6446479 0.8325475 0.7678035 0.8285649 0.4129244 0.8267643 0.6435187 0.8267643 0.6446479 0.8267643 0.6440681 0.8226291 0.7678035 0.8226291 0.4122377 0.8226291 0.4029145 0.8267643 0.3956359 0.8226291 0.3956359 0.8175784 0.2803693 0.8122835 0.3938964 0.8122835 0.4029145 0.8122835 0.4122377 0.8175784 0.4029145 0.8122835 0.4129244 0.8122835 0.6439002 0.8175784 0.6442664 0.8122835 0.7678035 0.8175784 0.7678035 0.8122835 0.4042725 0.9778897 0.4112459 0.9841306 0.4017853 0.9841306 0.4216831 0.9778897 0.4112459 0.9841306 0.4216831 0.9841306 0.6569467 0.9841306 0.4216831 0.9841306 0.6509957 0.9778897 0.4209812 0.9724727 0.6569467 0.9778897 0.6569467 0.9841306 0.7881895 0.9841306 0.6569467 0.9841306 0.7881895 0.9778897 0.6565804 0.9711757 0.6573129 0.9712062 0.7881895 0.9730831 0.6573129 0.9682765 0.7881895 0.9682765 0.6562142 0.9682765 0.6576791 0.96289 0.7881895 0.9593042 0.6565804 0.96289 0.4209812 0.9682765 0.6573129 0.9576715 0.6569467 0.9539177 0.7881895 0.9519951 0.6565804 0.9576715 0.4216831 0.96289 0.4216831 0.9576715 0.4209812 0.9529412 0.6569467 0.9473258 0.7881895 0.9473258 0.7881895 0.9412985 0.6569467 0.9412985 0.6569467 0.9412985 0.4216831 0.9412985 0.4209812 0.9473258 0.4112459 0.9412985 0.4076906 0.9473258 0.4017853 0.9412985 0.4112459 0.9412985 0.3907988 0.9473258 0.2863508 0.9412985 0.4017853 0.9412985 0.2838636 0.9473258 0.2768902 0.9412985 0.2863508 0.9412985 0.4036317 0.9529412 0.4112459 0.9576715 0.4010986 0.9576715 0.4112459 0.96289 0.2845045 0.9529412 0.4112459 0.9682765 0.4010986 0.96289 0.4036317 0.9724727 0.4010986 0.9682765 0.2870375 0.9576715 0.2870375 0.96289 0.2870375 0.9682765 0.2845045 0.9724727 0.2768902 0.96289 0.2768902 0.9576715 0.267155 0.9529412 0.267155 0.9576715 0.2768902 0.9682765 0.266453 0.96289 0.266453 0.9682765 0.267155 0.9724727 0.2845045 0.9778897 0.4017853 0.9841306 0.2863508 0.9841306 0.2768902 0.9841306 0.267155 0.9778897 0.2768902 0.9841306 0.266453 0.9841306 0.03227283 0.9841306 0.03149462 0.9778897 0.03227283 0.9841306 0.0268101 0.9808652 0.021561 0.9761044 0.03126574 0.9724727 0.01702907 0.9682765 0.03254749 0.9682765 0.02452125 0.9682765 0.02452125 0.9609369 0.01702907 0.9593042 0.03282215 0.96289 0.03282215 0.9576715 0.0314641 0.9529412 0.02137789 0.9503319 0.03103685 0.9473258 0.02652018 0.9452811 0.03227283 0.9412985 0.266453 0.9473258 0.03227283 0.9412985 0.266453 0.9412985 0.2768902 0.9412985 0.266453 0.9412985 0.1221637 0.5124895 0.1221637 0.7752346 0.117464 0.7752346 0.117464 0.5124895 0.1127642 0.7752346 0.1127642 0.5124895 0.1080644 0.7752346 0.1080644 0.5125048 0.1033646 0.7752346 0.1033646 0.5124895 0.09866484 0.7752346 0.09866484 0.5125048 0.09396505 0.7752346 0.09396505 0.5125048 0.08926528 0.7752346 0.08926528 0.5125048 0.0845655 0.7752346 0.0845655 0.5125048 0.05996796 0.5125048 0.05996796 0.7752346 0.05526818 0.7752346 0.05526818 0.5125048 0.0505684 0.7752346 0.0505684 0.5125048 0.04586862 0.7752346 0.04586862 0.5125048 0.04116884 0.7752346 0.04116884 0.5125048 0.03646906 0.7752346 0.03646906 0.5125048 0.03175402 0.7752346 0.03175402 0.5125048 0.02705425 0.7752346 0.02705425 0.5125048 0.02235447 0.7752346 0.02235447 0.5125048 0.4121004 0.5107653 0.4121004 0.7735103 0.4074006 0.7735103 0.4074006 0.5107653 0.4027008 0.7735103 0.4027008 0.5107653 0.3980011 0.7735103 0.3980011 0.5107653 0.3933013 0.7735103 0.3933013 0.5107653 0.3886015 0.7735103 0.3886015 0.5107653 0.3839017 0.7735103 0.3839017 0.5107653 0.3792019 0.7735103 0.3792019 0.5107653 0.3745022 0.7735103 0.3745022 0.5107653 0.3410697 0.5107653 0.3410697 0.7735103 0.3363699 0.7735103 0.3363699 0.5107653 0.3316701 0.7735103 0.3316701 0.5107653 0.3269703 0.7735103 0.3269703 0.5107653 0.3222705 0.7735103 0.3222705 0.5107653 0.3175708 0.7735103 0.3175708 0.5107653 0.312871 0.7735103 0.312871 0.5107653 0.3081712 0.7735103 0.3081712 0.5107653 0.3034562 0.7735103 0.3034562 0.5107653 0.2565194 0.511574 0.2565194 0.7743191 0.2518044 0.7743191 0.2518044 0.511574 0.2471046 0.7743191 0.2471046 0.511574 0.2424048 0.7743191 0.2424048 0.511574 0.237705 0.7743191 0.237705 0.511574 0.2330053 0.7743191 0.2330053 0.511574 0.2283055 0.7743191 0.2283055 0.511574 0.2236057 0.7743191 0.2236057 0.511574 0.2189059 0.7743191 0.2189059 0.511574 0.1943084 0.511574 0.1943084 0.7743191 0.1896086 0.7743191 0.1896086 0.511574 0.1849088 0.7743191 0.1849088 0.511574 0.1802091 0.7743191 0.1802091 0.511574 0.1755093 0.7743191 0.1755093 0.511574 0.1708095 0.7743191 0.1708095 0.511574 0.1660945 0.7743191 0.1660945 0.511574 0.1613947 0.7743191 0.1613947 0.511574 0.1566949 0.7743191 0.1566949 0.511574 0.5694209 0.5642481 0.6112764 0.5611506 0.5821469 0.5721065 0.6112764 0.5721065 0.5636377 0.5721065 0.5694209 0.5642481 0.5023423 0.5721065 0.4896162 0.5625544 0.4838331 0.5721065 0.4547036 0.5721065 0.4547036 0.5611506 0.5694209 0.5143969 0.6112764 0.5113146 0.5821469 0.5222706 0.6112764 0.5222706 0.5636377 0.5222706 0.5694209 0.5143969 0.5023423 0.5222706 0.4896162 0.5127184 0.4838331 0.5222706 0.4547036 0.5222706 0.4547036 0.5113146 0.1967956 0.2256047 0.1941711 0.2265354 0.04988174 0.2259251 0.0505684 0.2252232 0.04112306 0.222034 0.357763 0.2256047 0.3575494 0.2444953 0.3523155 0.2256047 0.3523155 0.2444953 0.200763 0.2256047 0.3523155 0.2444953 0.1972076 0.2444953 0.1967956 0.2256047 0.04884413 0.2450599 0.1941711 0.2265354 0.04988174 0.2259251 0.04362554 0.2428931 0.03305104 0.23711 0.04112306 0.222034 0.7769436 0.1401389 0.777554 0.1584345 0.6202487 0.1588617 0.6202487 0.1401389 0.615198 0.1580071 0.6158084 0.1392233 0.6136263 0.1401389 0.4582895 0.1580071 0.4598306 0.1392233 0.4545968 0.1392233 0.4545968 0.1401389 0.3029831 0.1580071 0.2993667 0.1401389 0.300267 0.1588617 0.2962387 0.1588617 0.300267 0.1588617 0.3029831 0.1580071 0.4582895 0.1580071 0.4584115 0.1588617 0.615198 0.1580071 0.615198 0.1588617 0.6202487 0.1588617 0.1891051 0.03497368 0.1846647 0.03497368 0.1885405 0.01705956 0.3448692 0.03497368 0.3436484 0.01705956 0.3481498 0.01705956 0.5019608 0.03497368 0.5022812 0.01705956 0.7486839 0.1722896 0.741207 0.178851 0.7402915 0.1783322 0.7300984 0.1860228 0.7269856 0.1857176 0.7248646 0.1867247 0.5756618 0.1858397 0.5699245 0.1858397 0.5705348 0.1867247 0.4182803 0.1858397 0.4130007 0.1867247 0.2584878 0.1867247 0.2584878 0.1858397 0.1028306 0.1867247 0.1018235 0.1858397 0.0975967 0.1867247 0.357763 0.2256047 0.5117266 0.2265354 0.3575494 0.2444953 0.513344 0.2444953 0.5168993 0.2256047 0.6693217 0.2444953 0.6717479 0.2255894 0.673701 0.2265049 0.6751507 0.2453803 0.7812619 0.2446479 0.7859159 0.2247959 0.7863584 0.2257878 0.7834745 0.2453498 0.7916076 0.2249485 0.7904326 0.2441749 0.7984741 0.2410773 0.7974975 0.2248875 0.02619974 0.1199207 0.01858549 0.125124 0.008285649 0.1108568 0.02406348 0.1027237 0.1747616 0.1196002 0.1750973 0.1018845 0.1782559 0.1196002 0.3350424 0.1018845 0.3318227 0.1196002 0.3365072 0.1196002 0.4919814 0.1196002 0.493843 0.1018845 0.4965743 0.1196002 0.6510567 0.1018845 0.6530098 0.1196002 0.6560159 0.1018845 0.7659266 0.1018845 0.7670863 0.1196002 0.7722896 0.1018845 0.7792324 0.1196002 0.7795377 0.1018845 0.0202945 0.1408103 0.01864653 0.1608911 0.009430076 0.1534905 0.02896162 0.1446097 0.02822919 0.164065 0.0337377 0.1468071 0.03494316 0.1659113 0.1398032 0.1580071 0.1411612 0.1392233 0.1440452 0.1401389 0.1430533 0.1588617 0.2962387 0.1588617 0.2993667 0.1401389 0.761593 0.1833219 0.741207 0.178851 0.7486839 0.1722896 0.7541466 0.1940643 0.7300984 0.1860228 0.7451591 0.1997406 0.7371634 0.202945 0.7250782 0.2057832 0.7248646 0.1867247 0.7248646 0.2048676 0.5756618 0.2048676 0.5756618 0.1858397 0.5705348 0.1867247 0.5709468 0.2057832 0.4182803 0.2048676 0.4182803 0.1858397 0.4130007 0.1867247 0.4130007 0.2057832 0.2584878 0.1867247 0.2613871 0.2057832 0.2556802 0.2057832 0.1028306 0.1867247 0.1028306 0.2048676 0.09956512 0.2054933 0.0975967 0.1867247 0.04359503 0.07661557 0.03527886 0.07014573 0.04853895 0.05757231 0.06137178 0.06619364 0.0512398 0.0805524 0.06253147 0.08473337 0.2134737 0.08502328 0.2134737 0.06706339 0.2174868 0.08502328 0.2183414 0.06706339 0.3710384 0.08502328 0.3710384 0.06706339 0.375555 0.08502328 0.5288929 0.06706339 0.5264058 0.08502328 0.5312886 0.08502328 0.6856489 0.06706339 0.6870527 0.08502328 0.656672 0.03497368 0.6582742 0.01705956 0.7698024 0.01570153 0.7634699 0.03491265 0.7733272 0.03312731 0.7895628 0.02163732 0.7760434 0.009994686 0.1973297 0.470924 0.1973602 0.4738079 0.02810712 0.4725567 0.3572442 0.4738079 0.02810712 0.4725567 0.02766461 0.4593729 0.1976806 0.4593729 0.3571832 0.470924 0.5253987 0.4738079 0.3575341 0.4593729 0.5254597 0.470924 0.6847486 0.4725567 0.5254139 0.4593729 0.6848096 0.4593729 0.6847486 0.4725567</float_array>
          <technique_common>
            <accessor source="#dai__CmFillerObjectBC-texcoord-array" count="2012" stride="2">
              <param name="S" type="float" />
              <param name="T" type="float" />
            </accessor>
          </technique_common>
        </source>
        <vertices id="dai__CmFillerObjectBC-vertex">
          <input semantic="POSITION" source="#dai__CmFillerObjectBC-position" />
        </vertices>
        <triangles material="CmFillerObjectBC" count="1520">
          <input semantic="VERTEX" source="#dai__CmFillerObjectBC-vertex" offset="0" />
          <input semantic="NORMAL" source="#dai__CmFillerObjectBC-normal" offset="1" />
          <input semantic="COLOR" source="#dai__CmFillerObjectBC-color" offset="2" set="0" />
          <input semantic="TEXCOORD" source="#dai__CmFillerObjectBC-texcoord" offset="3" set="0" />
          <p>0 0 0 0 1 1 1 1 2 2 2 2 1 1 1 1 3 3 3 3 2 2 2 2 4 4 4 4 5 5 5 5 6 6 6 6 5 5 5 5 7 7 7 7 6 6 6 6 8 8 8 8 9 9 9 9 10 10 10 10 9 9 9 9 11 11 11 11 10 10 10 10 12 12 12 12 13 13 13 13 14 14 14 14 13 13 13 13 15 15 15 15 14 14 14 14 16 16 16 16 17 17 17 17 18 18 18 18 17 17 17 17 19 19 19 19 18 18 18 18 20 20 20 20 21 21 21 21 22 22 22 22 21 21 21 21 23 23 23 23 22 22 22 22 24 24 24 24 25 25 25 25 26 26 26 26 25 25 25 25 27 27 27 27 26 26 26 26 28 28 28 28 29 29 29 29 30 30 30 30 29 29 29 29 31 31 31 31 30 30 30 30 32 32 32 32 33 33 33 33 34 34 34 34 33 33 33 33 35 35 35 35 34 34 34 34 36 36 36 36 37 37 37 37 38 38 38 38 37 37 37 37 39 39 39 39 38 38 38 38 40 40 40 40 41 41 41 41 42 42 42 42 41 41 41 41 43 43 43 43 42 42 42 42 44 44 44 44 45 45 45 45 46 46 46 46 45 45 45 45 47 47 47 47 46 46 46 46 48 48 48 48 49 49 49 49 50 50 50 50 49 49 49 49 51 51 51 51 50 50 50 50 52 52 52 52 53 53 53 53 54 54 54 54 53 53 53 53 55 55 55 55 54 54 54 54 56 56 56 56 57 57 57 57 58 58 58 58 57 57 57 57 59 59 59 59 58 58 58 58 60 60 60 60 61 61 61 61 62 62 62 62 63 63 63 63 60 60 60 60 62 62 62 62 63 63 63 63 62 62 62 62 64 64 64 64 65 65 65 65 63 63 63 63 64 64 64 64 65 65 65 65 64 64 64 64 66 66 66 66 67 67 67 67 65 65 65 65 66 66 66 66 67 67 67 67 66 66 66 66 68 68 68 68 69 69 69 69 67 67 67 67 68 68 68 68 69 69 69 69 68 68 68 68 70 70 70 70 71 71 71 71 69 69 69 69 70 70 70 70 71 71 71 71 70 70 70 70 72 72 72 72 73 73 73 73 71 71 71 71 72 72 72 72 73 73 73 73 72 72 72 72 74 74 74 74 75 75 75 75 73 73 73 73 74 74 74 74 75 75 75 75 74 74 74 74 76 76 76 76 77 77 77 77 75 75 75 75 76 76 76 76 78 78 78 78 79 79 79 79 80 80 80 80 81 81 81 81 78 78 78 78 80 80 80 80 81 81 81 81 80 80 80 80 82 82 82 82 83 83 83 83 81 81 81 81 82 82 82 82 83 83 83 83 82 82 82 82 84 84 84 84 85 85 85 85 83 83 83 83 84 84 84 84 85 85 85 85 84 84 84 84 86 86 86 86 87 87 87 87 85 85 85 85 86 86 86 86 87 87 87 87 86 86 86 86 88 88 88 88 89 89 89 89 87 87 87 87 88 88 88 88 89 89 89 89 88 88 88 88 90 90 90 90 91 91 91 91 89 89 89 89 90 90 90 90 91 91 91 91 90 90 90 90 92 92 92 92 93 93 93 93 91 91 91 91 92 92 92 92 93 93 93 93 92 92 92 92 94 94 94 94 95 95 95 95 93 93 93 93 94 94 94 94 96 96 96 96 97 97 97 97 98 98 98 98 99 99 99 99 96 96 96 96 98 98 98 98 99 99 99 99 98 98 98 98 100 100 100 100 101 101 101 101 99 99 99 99 100 100 100 100 101 101 101 101 100 100 100 100 102 102 102 102 103 103 103 103 101 101 101 101 102 102 102 102 103 103 103 103 102 102 102 102 104 104 104 104 105 105 105 105 103 103 103 103 104 104 104 104 105 105 105 105 104 104 104 104 106 106 106 106 107 107 107 107 105 105 105 105 106 106 106 106 107 107 107 107 106 106 106 106 108 108 108 108 109 109 109 109 107 107 107 107 108 108 108 108 109 109 109 109 108 108 108 108 110 110 110 110 111 111 111 111 109 109 109 109 110 110 110 110 111 111 111 111 110 110 110 110 112 112 112 112 113 113 113 113 111 111 111 111 112 112 112 112 114 114 114 114 115 115 115 115 116 116 116 116 117 117 117 117 114 114 114 114 116 116 116 116 117 117 117 117 116 116 116 116 118 118 118 118 119 119 119 119 117 117 117 117 118 118 118 118 119 119 119 119 118 118 118 118 120 120 120 120 121 121 121 121 119 119 119 119 120 120 120 120 121 121 121 121 120 120 120 120 122 122 122 122 123 123 123 123 121 121 121 121 122 122 122 122 123 123 123 123 122 122 122 122 124 124 124 124 125 125 125 125 123 123 123 123 124 124 124 124 125 125 125 125 124 124 124 124 126 126 126 126 127 127 127 127 125 125 125 125 126 126 126 126 127 127 127 127 126 126 126 126 128 128 128 128 129 129 129 129 127 127 127 127 128 128 128 128 129 129 129 129 128 128 128 128 130 130 130 130 131 131 131 131 129 129 129 129 130 130 130 130 132 132 132 132 133 133 133 133 134 134 134 134 135 135 135 135 132 132 132 132 134 134 134 134 135 135 135 135 134 134 134 134 136 136 136 136 137 137 137 137 135 135 135 135 136 136 136 136 137 137 137 137 136 136 136 136 138 138 138 138 139 139 139 139 137 137 137 137 138 138 138 138 139 139 139 139 138 138 138 138 140 140 140 140 141 141 141 141 139 139 139 139 140 140 140 140 141 141 141 141 140 140 140 140 142 142 142 142 143 143 143 143 141 141 141 141 142 142 142 142 143 143 143 143 142 142 142 142 144 144 144 144 145 145 145 145 143 143 143 143 144 144 144 144 145 145 145 145 144 144 144 144 146 146 146 146 147 147 147 147 145 145 145 145 146 146 146 146 147 147 147 147 146 146 146 146 148 148 148 148 149 149 149 149 147 147 147 147 148 148 148 148 150 150 150 150 151 151 151 151 152 152 152 152 153 153 153 153 150 150 150 150 152 152 152 152 153 153 153 153 152 152 152 152 154 154 154 154 155 155 155 155 153 153 153 153 154 154 154 154 155 155 155 155 154 154 154 154 156 156 156 156 157 157 157 157 155 155 155 155 156 156 156 156 157 157 157 157 156 156 156 156 158 158 158 158 159 159 159 159 157 157 157 157 158 158 158 158 159 159 159 159 158 158 158 158 160 160 160 160 161 161 161 161 159 159 159 159 160 160 160 160 161 161 161 161 160 160 160 160 162 162 162 162 163 163 163 163 161 161 161 161 162 162 162 162 163 163 163 163 162 162 162 162 164 164 164 164 165 165 165 165 163 163 163 163 164 164 164 164 165 165 165 165 164 164 164 164 166 166 166 166 167 167 167 167 165 165 165 165 166 166 166 166 168 168 168 168 169 169 169 169 170 170 170 170 169 169 169 169 171 171 171 171 170 170 170 170 170 170 170 170 171 171 171 171 172 172 172 172 171 171 171 171 173 173 173 173 172 172 172 172 172 172 172 172 173 173 173 173 174 174 174 174 173 173 173 173 175 175 175 175 174 174 174 174 174 174 174 174 175 175 175 175 176 176 176 176 175 175 175 175 177 177 177 177 176 176 176 176 176 176 176 176 177 177 177 177 178 178 178 178 177 177 177 177 179 179 179 179 178 178 178 178 180 180 180 180 181 181 181 181 182 182 182 182 181 181 181 181 183 183 183 183 182 182 182 182 182 182 182 182 183 183 183 183 184 184 184 184 183 183 183 183 185 185 185 185 184 184 184 184 184 184 184 184 185 185 185 185 186 186 186 186 185 185 185 185 187 187 187 187 186 186 186 186 186 186 186 186 187 187 187 187 188 188 188 188 187 187 187 187 189 189 189 189 188 188 188 188 188 188 188 188 189 189 189 189 190 190 190 190 189 189 189 189 191 191 191 191 190 190 190 190 192 192 192 192 193 193 193 193 194 194 194 194 195 195 195 195 192 192 192 192 194 194 194 194 195 195 195 195 194 194 194 194 196 196 196 196 197 197 197 197 195 195 195 195 196 196 196 196 197 197 197 197 196 196 196 196 198 198 198 198 199 199 199 199 197 197 197 197 198 198 198 198 198 198 198 198 200 200 200 200 199 199 199 199 200 200 200 200 198 198 198 198 201 201 201 201 202 202 202 202 200 200 200 200 201 201 201 201 202 202 202 202 201 201 201 201 203 203 203 203 204 204 204 204 202 202 202 202 203 203 203 203 204 204 204 204 203 203 203 203 205 205 205 205 206 206 206 206 204 204 204 204 205 205 205 205 206 206 206 206 205 205 205 205 207 207 207 207 205 205 205 205 208 208 208 208 207 207 207 207 207 207 207 207 208 208 208 208 209 209 209 209 208 208 208 208 210 210 210 210 209 209 209 209 211 211 211 211 209 209 209 209 210 210 210 210 212 212 212 212 211 211 211 211 210 210 210 210 211 211 211 211 212 212 212 212 213 213 213 213 214 214 214 214 211 211 211 211 213 213 213 213 213 213 213 213 215 215 215 215 214 214 214 214 215 215 215 215 216 216 216 216 214 214 214 214 216 216 216 216 215 215 215 215 217 217 217 217 218 218 218 218 216 216 216 216 217 217 217 217 218 218 218 218 217 217 217 217 219 219 219 219 217 217 217 217 220 220 220 220 219 219 219 219 219 219 219 219 220 220 220 220 221 221 221 221 220 220 220 220 222 222 222 222 221 221 221 221 221 221 221 221 222 222 222 222 223 223 223 223 224 224 224 224 221 221 221 221 223 223 223 223 224 224 224 224 223 223 223 223 225 225 225 225 223 223 223 223 226 226 226 226 225 225 225 225 227 227 227 227 225 225 225 225 226 226 226 226 228 228 228 228 227 227 227 227 226 226 226 226 227 227 227 227 228 228 228 228 229 229 229 229 228 228 228 228 230 230 230 230 229 229 229 229 229 229 229 229 230 230 230 230 231 231 231 231 230 230 230 230 232 232 232 232 231 231 231 231 231 231 231 231 232 232 232 232 233 233 233 233 232 232 232 232 234 234 234 234 233 233 233 233 233 233 233 233 234 234 234 234 235 235 235 235 234 234 234 234 236 236 236 236 235 235 235 235 235 235 235 235 236 236 236 236 237 237 237 237 236 236 236 236 238 238 238 238 237 237 237 237 239 239 239 239 240 240 240 240 241 241 241 241 242 242 242 242 239 239 239 239 241 241 241 241 242 242 242 242 241 241 241 241 243 243 243 243 244 244 244 244 242 242 242 242 243 243 243 243 244 244 244 244 243 243 243 243 245 245 245 245 246 246 246 246 244 244 244 244 245 245 245 245 246 246 246 246 245 245 245 245 247 247 247 247 245 245 245 245 248 248 248 248 247 247 247 247 247 247 247 247 248 248 248 248 249 249 249 249 250 250 250 250 247 247 247 247 249 249 249 249 250 250 250 250 249 249 249 249 251 251 251 251 252 252 252 252 250 250 250 250 251 251 251 251 253 253 253 253 252 252 252 252 251 251 251 251 254 254 254 254 253 253 253 253 251 251 251 251 253 253 253 253 254 254 254 254 255 255 255 255 256 256 256 256 253 253 253 253 255 255 255 255 256 256 256 256 255 255 255 255 257 257 257 257 258 258 258 258 256 256 256 256 257 257 257 257 259 259 259 259 258 258 258 258 257 257 257 257 260 260 260 260 259 259 259 259 257 257 257 257 259 259 259 259 260 260 260 260 261 261 261 261 262 262 262 262 259 259 259 259 261 261 261 261 262 262 262 262 261 261 261 261 263 263 263 263 264 264 264 264 262 262 262 262 263 263 263 263 265 265 265 265 264 264 264 264 263 263 263 263 266 266 266 266 265 265 265 265 263 263 263 263 265 265 265 265 266 266 266 266 267 267 267 267 268 268 268 268 265 265 265 265 267 267 267 267 268 268 268 268 267 267 267 267 269 269 269 269 270 270 270 270 268 268 268 268 269 269 269 269 271 271 271 271 270 270 270 270 269 269 269 269 272 272 272 272 271 271 271 271 269 269 269 269 271 271 271 271 272 272 272 272 273 273 273 273 274 274 274 274 271 271 271 271 273 273 273 273 274 274 274 274 273 273 273 273 275 275 275 275 276 276 276 276 274 274 274 274 275 275 275 275 276 276 276 276 275 275 275 275 277 277 277 277 275 275 275 275 278 278 278 278 277 277 277 277 277 277 277 277 278 278 278 278 279 279 279 279 278 278 278 278 280 280 280 280 279 279 279 279 279 279 279 279 280 280 280 280 281 281 281 281 280 280 280 280 282 282 282 282 281 281 281 281 281 281 281 281 282 282 282 282 283 283 283 283 284 284 284 284 281 281 281 281 283 283 283 283 285 285 285 285 286 286 286 286 287 287 287 287 288 288 288 288 285 285 285 285 287 287 287 287 288 288 288 288 287 287 287 287 289 289 289 289 290 290 290 290 288 288 288 288 289 289 289 289 290 290 290 290 289 289 289 289 291 291 291 291 292 292 292 292 290 290 290 290 291 291 291 291 292 292 292 292 291 291 291 291 293 293 293 293 294 294 294 294 292 292 292 292 293 293 293 293 294 294 294 294 293 293 293 293 295 295 295 295 296 296 296 296 294 294 294 294 295 295 295 295 296 296 296 296 295 295 295 295 297 297 297 297 298 298 298 298 296 296 296 296 297 297 297 297 297 297 297 297 299 299 299 299 298 298 298 298 299 299 299 299 300 300 300 300 298 298 298 298 300 300 300 300 299 299 299 299 301 301 301 301 299 299 299 299 302 302 302 302 301 301 301 301 302 302 302 302 303 303 303 303 301 301 301 301 303 303 303 303 304 304 304 304 301 301 301 301 303 303 303 303 305 305 305 305 304 304 304 304 305 305 305 305 306 306 306 306 304 304 304 304 306 306 306 306 305 305 305 305 307 307 307 307 305 305 305 305 308 308 308 308 307 307 307 307 307 307 307 307 308 308 308 308 309 309 309 309 308 308 308 308 310 310 310 310 309 309 309 309 309 309 309 309 310 310 310 310 311 311 311 311 310 310 310 310 312 312 312 312 311 311 311 311 312 312 312 312 313 313 313 313 311 311 311 311 313 313 313 313 314 314 314 314 311 311 311 311 313 313 313 313 315 315 315 315 314 314 314 314 315 315 315 315 316 316 316 316 314 314 314 314 315 315 315 315 317 317 317 317 316 316 316 316 317 317 317 317 318 318 318 318 316 316 316 316 318 318 318 318 317 317 317 317 319 319 319 319 317 317 317 317 320 320 320 320 319 319 319 319 319 319 319 319 320 320 320 320 321 321 321 321 320 320 320 320 322 322 322 322 321 321 321 321 321 321 321 321 322 322 322 322 323 323 323 323 322 322 322 322 324 324 324 324 323 323 323 323 323 323 323 323 324 324 324 324 325 325 325 325 324 324 324 324 326 326 326 326 325 325 325 325 325 325 325 325 326 326 326 326 327 327 327 327 326 326 326 326 328 328 328 328 327 327 327 327 327 327 327 327 328 328 328 328 329 329 329 329 328 328 328 328 330 330 330 330 329 329 329 329 329 329 329 329 330 330 330 330 331 331 331 331 332 332 332 332 333 333 333 333 334 334 334 334 333 333 333 333 335 335 335 335 334 334 334 334 336 336 336 336 334 334 334 334 335 335 335 335 337 337 337 337 336 336 336 336 335 335 335 335 336 336 336 336 337 337 337 337 338 338 338 338 339 339 339 339 336 336 336 336 338 338 338 338 339 339 339 339 338 338 338 338 340 340 340 340 338 338 338 338 341 341 341 341 340 340 340 340 340 340 340 340 341 341 341 341 342 342 342 342 343 343 343 343 340 340 340 340 342 342 342 342 343 343 343 343 342 342 342 342 344 344 344 344 345 345 345 345 343 343 343 343 344 344 344 344 345 345 345 345 344 344 344 344 346 346 346 346 347 347 347 347 345 345 345 345 346 346 346 346 347 347 347 347 346 346 346 346 348 348 348 348 349 349 349 349 347 347 347 347 348 348 348 348 349 349 349 349 348 348 348 348 350 350 350 350 351 351 351 351 349 349 349 349 350 350 350 350 352 352 352 352 353 353 353 353 354 354 354 354 355 355 355 355 352 352 352 352 354 354 354 354 355 355 355 355 354 354 354 354 356 356 356 356 357 357 357 357 355 355 355 355 356 356 356 356 357 357 357 357 356 356 356 356 358 358 358 358 356 356 356 356 359 359 359 359 358 358 358 358 358 358 358 358 359 359 359 359 360 360 360 360 361 361 361 361 358 358 358 358 360 360 360 360 361 361 361 361 360 360 360 360 362 362 362 362 363 363 363 363 361 361 361 361 362 362 362 362 363 363 363 363 362 362 362 362 364 364 364 364 365 365 365 365 363 363 363 363 364 364 364 364 365 365 365 365 364 364 364 364 366 366 366 366 367 367 367 367 365 365 365 365 366 366 366 366 367 367 367 367 366 366 366 366 368 368 368 368 366 366 366 366 369 369 369 369 368 368 368 368 368 368 368 368 369 369 369 369 370 370 370 370 369 369 369 369 371 371 371 371 370 370 370 370 372 372 372 372 373 373 373 373 374 374 374 374 375 375 375 375 372 372 372 372 374 374 374 374 375 375 375 375 374 374 374 374 376 376 376 376 377 377 377 377 375 375 375 375 376 376 376 376 377 377 377 377 376 376 376 376 378 378 378 378 376 376 376 376 379 379 379 379 378 378 378 378 378 378 378 378 379 379 379 379 380 380 380 380 381 381 381 381 378 378 378 378 380 380 380 380 381 381 381 381 380 380 380 380 382 382 382 382 383 383 383 383 381 381 381 381 382 382 382 382 384 384 384 384 383 383 383 383 382 382 382 382 385 385 385 385 384 384 384 384 382 382 382 382 384 384 384 384 385 385 385 385 386 386 386 386 387 387 387 387 384 384 384 384 386 386 386 386 387 387 387 387 386 386 386 386 388 388 388 388 389 389 389 389 387 387 387 387 388 388 388 388 389 389 389 389 388 388 388 388 390 390 390 390 388 388 388 388 391 391 391 391 390 390 390 390 392 392 392 392 393 393 393 393 394 394 394 394 395 395 395 395 392 392 392 392 394 394 394 394 395 395 395 395 394 394 394 394 396 396 396 396 397 397 397 397 395 395 395 395 396 396 396 396 397 397 397 397 396 396 396 396 398 398 398 398 396 396 396 396 399 399 399 399 398 398 398 398 398 398 398 398 399 399 399 399 400 400 400 400 401 401 401 401 398 398 398 398 400 400 400 400 401 401 401 401 400 400 400 400 402 402 402 402 403 403 403 403 401 401 401 401 402 402 402 402 403 403 403 403 402 402 402 402 404 404 404 404 402 402 402 402 405 405 405 405 404 404 404 404 404 404 404 404 405 405 405 405 406 406 406 406 407 407 407 407 404 404 404 404 406 406 406 406 407 407 407 407 406 406 406 406 408 408 408 408 409 409 409 409 407 407 407 407 408 408 408 408 409 409 409 409 408 408 408 408 410 410 410 410 408 408 408 408 411 411 411 411 410 410 410 410 412 412 412 412 413 413 413 413 414 414 414 414 413 413 413 413 415 415 415 415 414 414 414 414 414 414 414 414 415 415 415 415 416 416 416 416 415 415 415 415 417 417 417 417 416 416 416 416 417 417 417 417 418 418 418 418 416 416 416 416 418 418 418 418 419 419 419 419 416 416 416 416 419 419 419 419 418 418 418 418 420 420 420 420 418 418 418 418 421 421 421 421 420 420 420 420 420 420 420 420 421 421 421 421 422 422 422 422 421 421 421 421 423 423 423 423 422 422 422 422 423 423 423 423 424 424 424 424 422 422 422 422 424 424 424 424 425 425 425 425 422 422 422 422 425 425 425 425 424 424 424 424 426 426 426 426 424 424 424 424 427 427 427 427 426 426 426 426 428 428 428 428 429 429 429 429 430 430 430 430 429 429 429 429 431 431 431 431 430 430 430 430 430 430 430 430 431 431 431 431 432 432 432 432 431 431 431 431 433 433 433 433 432 432 432 432 432 432 432 432 433 433 433 433 434 434 434 434 433 433 433 433 435 435 435 435 434 434 434 434 434 434 434 434 435 435 435 435 436 436 436 436 435 435 435 435 437 437 437 437 436 436 436 436 436 436 436 436 437 437 437 437 438 438 438 438 437 437 437 437 439 439 439 439 438 438 438 438 438 438 438 438 439 439 439 439 440 440 440 440 441 441 441 441 438 438 438 438 440 440 440 440 441 441 441 441 440 440 440 440 442 442 442 442 443 443 443 443 441 441 441 441 442 442 442 442 443 443 443 443 442 442 442 442 444 444 444 444 442 442 442 442 445 445 445 445 444 444 444 444 444 444 444 444 445 445 445 445 446 446 446 446 447 447 447 447 444 444 444 444 446 446 446 446 447 447 447 447 446 446 446 446 448 448 448 448 449 449 449 449 447 447 447 447 448 448 448 448 449 449 449 449 448 448 448 448 450 450 450 450 448 448 448 448 451 451 451 451 450 450 450 450 450 450 450 450 451 451 451 451 452 452 452 452 453 453 453 453 450 450 450 450 452 452 452 452 453 453 453 453 452 452 452 452 454 454 454 454 455 455 455 455 453 453 453 453 454 454 454 454 455 455 455 455 454 454 454 454 456 456 456 456 454 454 454 454 457 457 457 457 456 456 456 456 456 456 456 456 457 457 457 457 458 458 458 458 459 459 459 459 456 456 456 456 458 458 458 458 459 459 459 459 458 458 458 458 460 460 460 460 461 461 461 461 459 459 459 459 460 460 460 460 461 461 461 461 460 460 460 460 462 462 462 462 460 460 460 460 463 463 463 463 462 462 462 462 464 464 464 464 465 465 465 465 466 466 466 466 467 467 467 467 464 464 464 464 466 466 466 466 467 467 467 467 466 466 466 466 468 468 468 468 469 469 469 469 467 467 467 467 468 468 468 468 469 469 469 469 468 468 468 468 470 470 470 470 471 471 471 471 469 469 469 469 470 470 470 470 471 471 471 471 470 470 470 470 472 472 472 472 473 473 473 473 471 471 471 471 472 472 472 472 474 474 474 474 473 473 473 473 472 472 472 472 475 475 475 475 474 474 474 474 472 472 472 472 476 476 476 476 474 474 474 474 475 475 475 475 477 477 477 477 476 476 476 476 475 475 475 475 478 478 478 478 476 476 476 476 477 477 477 477 479 479 479 479 478 478 478 478 477 477 477 477 480 480 480 480 478 478 478 478 479 479 479 479 481 481 481 481 480 480 480 480 479 479 479 479 482 482 482 482 480 480 480 480 481 481 481 481 483 483 483 483 482 482 482 482 481 481 481 481 482 482 482 482 483 483 483 483 484 484 484 484 485 485 485 485 482 482 482 482 484 484 484 484 485 485 485 485 484 484 484 484 486 486 486 486 487 487 487 487 485 485 485 485 486 486 486 486 487 487 487 487 486 486 486 486 488 488 488 488 489 489 489 489 487 487 487 487 488 488 488 488 490 490 490 490 489 489 489 489 488 488 488 488 491 491 491 491 490 490 490 490 488 488 488 488 490 490 490 490 491 491 491 491 492 492 492 492 493 493 493 493 490 490 490 490 492 492 492 492 492 492 492 492 494 494 494 494 493 493 493 493 494 494 494 494 495 495 495 495 493 493 493 493 496 496 496 496 497 497 497 497 498 498 498 498 499 499 499 499 496 496 496 496 498 498 498 498 500 500 500 500 496 496 496 496 499 499 499 499 501 501 501 501 500 500 500 500 499 499 499 499 501 501 501 501 502 502 502 502 500 500 500 500 502 502 502 502 503 503 503 503 500 500 500 500 504 504 504 504 505 505 505 505 506 506 506 506 505 505 505 505 507 507 507 507 506 506 506 506 505 505 505 505 508 508 508 508 507 507 507 507 508 508 508 508 509 509 509 509 507 507 507 507 508 508 508 508 510 510 510 510 509 509 509 509 510 510 510 510 511 511 511 511 509 509 509 509 512 512 512 512 511 511 511 511 510 510 510 510 513 513 513 513 512 512 512 512 510 510 510 510 513 513 513 513 514 514 514 514 512 512 512 512 514 514 514 514 515 515 515 515 512 512 512 512 516 516 516 516 517 517 517 517 518 518 518 518 517 517 517 517 519 519 519 519 518 518 518 518 517 517 517 517 520 520 520 520 519 519 519 519 520 520 520 520 521 521 521 521 519 519 519 519 520 520 520 520 522 522 522 522 521 521 521 521 522 522 522 522 523 523 523 523 521 521 521 521 524 524 524 524 523 523 523 523 522 522 522 522 525 525 525 525 524 524 524 524 522 522 522 522 525 525 525 525 526 526 526 526 524 524 524 524 526 526 526 526 527 527 527 527 524 524 524 524 528 528 528 528 529 529 529 529 530 530 530 530 529 529 529 529 531 531 531 531 530 530 530 530 529 529 529 529 532 532 532 532 531 531 531 531 532 532 532 532 533 533 533 533 531 531 531 531 532 532 532 532 534 534 534 534 533 533 533 533 534 534 534 534 535 535 535 535 533 533 533 533 536 536 536 536 535 535 535 535 534 534 534 534 537 537 537 537 536 536 536 536 534 534 534 534 537 537 537 537 538 538 538 538 536 536 536 536 538 538 538 538 539 539 539 539 536 536 536 536 540 540 540 540 541 541 541 541 542 542 542 542 541 541 541 541 543 543 543 543 542 542 542 542 541 541 541 541 544 544 544 544 543 543 543 543 544 544 544 544 545 545 545 545 543 543 543 543 544 544 544 544 546 546 546 546 545 545 545 545 546 546 546 546 547 547 547 547 545 545 545 545 548 548 548 548 547 547 547 547 546 546 546 546 549 549 549 549 548 548 548 548 546 546 546 546 549 549 549 549 550 550 550 550 548 548 548 548 550 550 550 550 551 551 551 551 548 548 548 548 552 552 552 552 553 553 553 553 554 554 554 554 553 553 553 553 552 552 552 552 555 555 555 555 556 556 556 556 553 553 553 553 555 555 555 555 556 556 556 556 555 555 555 555 557 557 557 557 558 558 558 558 556 556 556 556 557 557 557 557 558 558 558 558 557 557 557 557 559 559 559 559 560 560 560 560 558 558 558 558 559 559 559 559 560 560 560 560 559 559 559 559 561 561 561 561 561 561 561 561 562 562 562 562 560 560 560 560 562 562 562 562 563 563 563 563 560 560 560 560 563 563 563 563 562 562 562 562 564 564 564 564 562 562 562 562 565 565 565 565 564 564 564 564 565 565 565 565 566 566 566 566 564 564 564 564 566 566 566 566 567 567 567 567 564 564 564 564 568 568 568 568 569 569 569 569 570 570 570 570 571 571 571 571 569 569 569 569 568 568 568 568 569 569 569 569 571 571 571 571 572 572 572 572 571 571 571 571 573 573 573 573 572 572 572 572 572 572 572 572 573 573 573 573 574 574 574 574 573 573 573 573 575 575 575 575 574 574 574 574 574 574 574 574 575 575 575 575 576 576 576 576 575 575 575 575 577 577 577 577 576 576 576 576 576 576 576 576 577 577 577 577 578 578 578 578 577 577 577 577 579 579 579 579 578 578 578 578 578 578 578 578 579 579 579 579 580 580 580 580 581 581 581 581 578 578 578 578 580 580 580 580 582 582 582 582 581 581 581 581 580 580 580 580 583 583 583 583 582 582 582 582 580 580 580 580 582 582 582 582 583 583 583 583 584 584 584 584 585 585 585 585 582 582 582 582 584 584 584 584 585 585 585 585 584 584 584 584 586 586 586 586 587 587 587 587 585 585 585 585 586 586 586 586 587 587 587 587 586 586 586 586 588 588 588 588 589 589 589 589 587 587 587 587 588 588 588 588 590 590 590 590 589 589 589 589 588 588 588 588 591 591 591 591 590 590 590 590 588 588 588 588 590 590 590 590 591 591 591 591 592 592 592 592 591 591 591 591 593 593 593 593 592 592 592 592 594 594 594 594 592 592 592 592 593 593 593 593 595 595 595 595 594 594 594 594 593 593 593 593 594 594 594 594 595 595 595 595 596 596 596 596 597 597 597 597 594 594 594 594 596 596 596 596 597 597 597 597 596 596 596 596 598 598 598 598 596 596 596 596 599 599 599 599 598 598 598 598 600 600 600 600 598 598 598 598 599 599 599 599 601 601 601 601 600 600 600 600 599 599 599 599 600 600 600 600 601 601 601 601 602 602 602 602 603 603 603 603 600 600 600 600 602 602 602 602 604 604 604 604 605 605 605 605 606 606 606 606 607 607 607 607 604 604 604 604 606 606 606 606 607 607 607 607 608 608 608 608 604 604 604 604 608 608 608 608 609 609 609 609 604 604 604 604 608 608 608 608 610 610 610 610 609 609 609 609 610 610 610 610 611 611 611 611 609 609 609 609 610 610 610 610 612 612 612 612 611 611 611 611 612 612 612 612 613 613 613 613 611 611 611 611 612 612 612 612 614 614 614 614 613 613 613 613 614 614 614 614 615 615 615 615 613 613 613 613 614 614 614 614 616 616 616 616 615 615 615 615 616 616 616 616 617 617 617 617 615 615 615 615 616 616 616 616 618 618 618 618 617 617 617 617 618 618 618 618 619 619 619 619 617 617 617 617 619 619 619 619 618 618 618 618 620 620 620 620 618 618 618 618 621 621 621 621 620 620 620 620 621 621 621 621 622 622 622 622 620 620 620 620 622 622 622 622 623 623 623 623 620 620 620 620 622 622 622 622 624 624 624 624 623 623 623 623 624 624 624 624 625 625 625 625 623 623 623 623 625 625 625 625 624 624 624 624 626 626 626 626 624 624 624 624 627 627 627 627 626 626 626 626 627 627 627 627 628 628 628 628 626 626 626 626 628 628 628 628 629 629 629 629 626 626 626 626 628 628 628 628 630 630 630 630 629 629 629 629 630 630 630 630 631 631 631 631 629 629 629 629 631 631 631 631 630 630 630 630 632 632 632 632 630 630 630 630 633 633 633 633 632 632 632 632 633 633 633 633 634 634 634 634 632 632 632 632 634 634 634 634 635 635 635 635 632 632 632 632 634 634 634 634 636 636 636 636 635 635 635 635 636 636 636 636 637 637 637 637 635 635 635 635 637 637 637 637 636 636 636 636 638 638 638 638 636 636 636 636 639 639 639 639 638 638 638 638 639 639 639 639 640 640 640 640 638 638 638 638 640 640 640 640 641 641 641 641 638 638 638 638 642 642 642 642 641 641 641 641 640 640 640 640 643 643 643 643 642 642 642 642 640 640 640 640 643 643 643 643 644 644 644 644 642 642 642 642 644 644 644 644 645 645 645 645 642 642 642 642 646 646 646 646 645 645 645 645 644 644 644 644 647 647 647 647 646 646 646 646 644 644 644 644 648 648 648 648 646 646 646 646 647 647 647 647 649 649 649 649 648 648 648 648 647 647 647 647 649 649 649 649 650 650 650 650 648 648 648 648 650 650 650 650 651 651 651 651 648 648 648 648 652 652 652 652 653 653 653 653 654 654 654 654 653 653 653 653 655 655 655 655 654 654 654 654 656 656 656 656 655 655 655 655 653 653 653 653 657 657 657 657 656 656 656 656 653 653 653 653 657 657 657 657 658 658 658 658 656 656 656 656 658 658 658 658 659 659 659 659 656 656 656 656 658 658 658 658 660 660 660 660 659 659 659 659 660 660 660 660 661 661 661 661 659 659 659 659 660 660 660 660 662 662 662 662 661 661 661 661 662 662 662 662 663 663 663 663 661 661 661 661 662 662 662 662 664 664 664 664 663 663 663 663 664 664 664 664 665 665 665 665 663 663 663 663 664 664 664 664 666 666 666 666 665 665 665 665 666 666 666 666 667 667 667 667 665 665 665 665 668 668 668 668 667 667 667 667 666 666 666 666 669 669 669 669 668 668 668 668 666 666 666 666 669 669 669 669 670 670 670 670 668 668 668 668 670 670 670 670 671 671 671 671 668 668 668 668 672 672 672 672 673 673 673 673 674 674 674 674 673 673 673 673 675 675 675 675 674 674 674 674 676 676 676 676 675 675 675 675 673 673 673 673 677 677 677 677 676 676 676 676 673 673 673 673 677 677 677 677 678 678 678 678 676 676 676 676 678 678 678 678 679 679 679 679 676 676 676 676 678 678 678 678 680 680 680 680 679 679 679 679 680 680 680 680 681 681 681 681 679 679 679 679 682 682 682 682 681 681 681 681 680 680 680 680 683 683 683 683 682 682 682 682 680 680 680 680 683 683 683 683 684 684 684 684 682 682 682 682 684 684 684 684 685 685 685 685 682 682 682 682 684 684 684 684 686 686 686 686 685 685 685 685 686 686 686 686 687 687 687 687 685 685 685 685 688 688 688 688 687 687 687 687 686 686 686 686 689 689 689 689 688 688 688 688 686 686 686 686 689 689 689 689 690 690 690 690 688 688 688 688 690 690 690 690 691 691 691 691 688 688 688 688 692 692 692 692 693 693 693 693 694 694 694 694 695 695 695 695 692 692 692 692 694 694 694 694 695 695 695 695 696 696 696 696 692 692 692 692 696 696 696 696 697 697 697 697 692 692 692 692 696 696 696 696 698 698 698 698 697 697 697 697 698 698 698 698 699 699 699 699 697 697 697 697 700 700 700 700 699 699 699 699 698 698 698 698 701 701 701 701 700 700 700 700 698 698 698 698 701 701 701 701 702 702 702 702 700 700 700 700 702 702 702 702 703 703 703 703 700 700 700 700 702 702 702 702 704 704 704 704 703 703 703 703 704 704 704 704 705 705 705 705 703 703 703 703 706 706 706 706 705 705 705 705 704 704 704 704 707 707 707 707 706 706 706 706 704 704 704 704 707 707 707 707 708 708 708 708 706 706 706 706 708 708 708 708 709 709 709 709 706 706 706 706 708 708 708 708 710 710 710 710 709 709 709 709 710 710 710 710 711 711 711 711 709 709 709 709 712 712 712 712 711 711 711 711 710 710 710 710 713 713 713 713 712 712 712 712 710 710 710 710 713 713 713 713 714 714 714 714 712 712 712 712 714 714 714 714 715 715 715 715 712 712 712 712 714 714 714 714 716 716 716 716 715 715 715 715 716 716 716 716 717 717 717 717 715 715 715 715 718 718 718 718 717 717 717 717 716 716 716 716 719 719 719 719 718 718 718 718 716 716 716 716 719 719 719 719 720 720 720 720 718 718 718 718 720 720 720 720 721 721 721 721 718 718 718 718 720 720 720 720 722 722 722 722 721 721 721 721 722 722 722 722 723 723 723 723 721 721 721 721 724 724 724 724 723 723 723 723 722 722 722 722 725 725 725 725 724 724 724 724 722 722 722 722 725 725 725 725 726 726 726 726 724 724 724 724 726 726 726 726 727 727 727 727 724 724 724 724 728 728 728 728 729 729 729 729 730 730 730 730 729 729 729 729 731 731 731 731 730 730 730 730 729 729 729 729 732 732 732 732 731 731 731 731 733 733 733 733 730 730 730 730 731 731 731 731 732 732 732 732 734 734 734 734 731 731 731 731 732 732 732 732 735 735 735 735 734 734 734 734 736 736 736 736 733 733 733 733 731 731 731 731 736 736 736 736 731 731 731 731 734 734 734 734 735 735 735 735 737 737 737 737 734 734 734 734 735 735 735 735 738 738 738 738 737 737 737 737 739 739 739 739 736 736 736 736 734 734 734 734 739 739 739 739 734 734 734 734 737 737 737 737 740 740 740 740 733 733 733 733 736 736 736 736 738 738 738 738 741 741 741 741 737 737 737 737 738 738 738 738 742 742 742 742 741 741 741 741 733 733 733 733 740 740 740 740 743 743 743 743 744 744 744 744 733 733 733 733 743 743 743 743 744 744 744 744 743 743 743 743 745 745 745 745 740 740 740 740 736 736 736 736 746 746 746 746 736 736 736 736 739 739 739 739 746 746 746 746 743 743 743 743 740 740 740 740 747 747 747 747 740 740 740 740 746 746 746 746 747 747 747 747 743 743 743 743 748 748 748 748 745 745 745 745 743 743 743 743 747 747 747 747 748 748 748 748 749 749 749 749 745 745 745 745 748 748 748 748 750 750 750 750 749 749 749 749 748 748 748 748 751 751 751 751 749 749 749 749 750 750 750 750 747 747 747 747 752 752 752 752 748 748 748 748 750 750 750 750 748 748 748 748 752 752 752 752 753 753 753 753 751 751 751 751 750 750 750 750 754 754 754 754 751 751 751 751 753 753 753 753 755 755 755 755 750 750 750 750 752 752 752 752 753 753 753 753 750 750 750 750 755 755 755 755 747 747 747 747 756 756 756 756 752 752 752 752 747 747 747 747 746 746 746 746 756 756 756 756 755 755 755 755 752 752 752 752 757 757 757 757 756 756 756 756 757 757 757 757 752 752 752 752 746 746 746 746 758 758 758 758 756 756 756 756 746 746 746 746 739 739 739 739 758 758 758 758 756 756 756 756 759 759 759 759 757 757 757 757 739 739 739 739 760 760 760 760 758 758 758 758 760 760 760 760 739 739 739 739 737 737 737 737 756 756 756 756 758 758 758 758 761 761 761 761 758 758 758 758 760 760 760 760 761 761 761 761 759 759 759 759 756 756 756 756 761 761 761 761 760 760 760 760 737 737 737 737 762 762 762 762 760 760 760 760 762 762 762 762 761 761 761 761 737 737 737 737 741 741 741 741 762 762 762 762 762 762 762 762 741 741 741 741 763 763 763 763 742 742 742 742 763 763 763 763 741 741 741 741 742 742 742 742 764 764 764 764 763 763 763 763 761 761 761 761 762 762 762 762 765 765 765 765 765 765 765 765 762 762 762 762 763 763 763 763 764 764 764 764 766 766 766 766 763 763 763 763 764 764 764 764 767 767 767 767 766 766 766 766 765 765 765 765 763 763 763 763 768 768 768 768 763 763 763 763 766 766 766 766 768 768 768 768 769 769 769 769 761 761 761 761 765 765 765 765 769 769 769 769 765 765 765 765 768 768 768 768 767 767 767 767 770 770 770 770 766 766 766 766 767 767 767 767 771 771 771 771 770 770 770 770 771 771 771 771 772 772 772 772 770 770 770 770 770 770 770 770 772 772 772 772 773 773 773 773 766 766 766 766 770 770 770 770 774 774 774 774 774 774 774 774 770 770 770 770 773 773 773 773 768 768 768 768 766 766 766 766 774 774 774 774 773 773 773 773 775 775 775 775 774 774 774 774 776 776 776 776 768 768 768 768 774 774 774 774 775 775 775 775 776 776 776 776 774 774 774 774 776 776 776 776 769 769 769 769 768 768 768 768 777 777 777 777 775 775 775 775 773 773 773 773 778 778 778 778 777 777 777 777 773 773 773 773 779 779 779 779 776 776 776 776 775 775 775 775 777 777 777 777 779 779 779 779 775 775 775 775 780 780 780 780 769 769 769 769 776 776 776 776 779 779 779 779 780 780 780 780 776 776 776 776 761 761 761 761 769 769 769 769 780 780 780 780 759 759 759 759 761 761 761 761 780 780 780 780 777 777 777 777 778 778 778 778 781 781 781 781 778 778 778 778 782 782 782 782 781 781 781 781 781 781 781 781 782 782 782 782 783 783 783 783 759 759 759 759 780 780 780 780 784 784 784 784 759 759 759 759 784 784 784 784 757 757 757 757 785 785 785 785 781 781 781 781 783 783 783 783 785 785 785 785 783 783 783 783 786 786 786 786 777 777 777 777 781 781 781 781 787 787 787 787 787 787 787 787 781 781 781 781 785 785 785 785 779 779 779 779 777 777 777 777 787 787 787 787 788 788 788 788 785 785 785 785 786 786 786 786 788 788 788 788 786 786 786 786 789 789 789 789 790 790 790 790 787 787 787 787 785 785 785 785 790 790 790 790 785 785 785 785 788 788 788 788 779 779 779 779 787 787 787 787 791 791 791 791 780 780 780 780 779 779 779 779 791 791 791 791 791 791 791 791 787 787 787 787 790 790 790 790 780 780 780 780 791 791 791 791 784 784 784 784 792 792 792 792 790 790 790 790 788 788 788 788 793 793 793 793 784 784 784 784 791 791 791 791 794 794 794 794 791 791 791 791 790 790 790 790 794 794 794 794 793 793 793 793 791 791 791 791 795 795 795 795 794 794 794 794 790 790 790 790 792 792 792 792 795 795 795 795 790 790 790 790 796 796 796 796 793 793 793 793 794 794 794 794 795 795 795 795 796 796 796 796 794 794 794 794 793 793 793 793 797 797 797 797 784 784 784 784 797 797 797 797 793 793 793 793 796 796 796 796 797 797 797 797 757 757 757 757 784 784 784 784 797 797 797 797 755 755 755 755 757 757 757 757 755 755 755 755 797 797 797 797 798 798 798 798 798 798 798 798 797 797 797 797 796 796 796 796 799 799 799 799 755 755 755 755 798 798 798 798 799 799 799 799 753 753 753 753 755 755 755 755 800 800 800 800 798 798 798 798 796 796 796 796 801 801 801 801 753 753 753 753 799 799 799 799 801 801 801 801 754 754 754 754 753 753 753 753 802 802 802 802 799 799 799 799 798 798 798 798 802 802 802 802 801 801 801 801 799 799 799 799 800 800 800 800 802 802 802 802 798 798 798 798 754 754 754 754 801 801 801 801 803 803 803 803 804 804 804 804 754 754 754 754 803 803 803 803 805 805 805 805 804 804 804 804 803 803 803 803 801 801 801 801 802 802 802 802 806 806 806 806 803 803 803 803 801 801 801 801 806 806 806 806 807 807 807 807 805 805 805 805 803 803 803 803 807 807 807 807 803 803 803 803 806 806 806 806 805 805 805 805 807 807 807 807 808 808 808 808 806 806 806 806 802 802 802 802 809 809 809 809 802 802 802 802 800 800 800 800 809 809 809 809 810 810 810 810 807 807 807 807 806 806 806 806 810 810 810 810 806 806 806 806 809 809 809 809 807 807 807 807 811 811 811 811 808 808 808 808 807 807 807 807 810 810 810 810 811 811 811 811 811 811 811 811 812 812 812 812 808 808 808 808 812 812 812 812 813 813 813 813 808 808 808 808 810 810 810 810 814 814 814 814 811 811 811 811 812 812 812 812 815 815 815 815 813 813 813 813 815 815 815 815 816 816 816 816 813 813 813 813 817 817 817 817 812 812 812 812 811 811 811 811 814 814 814 814 817 817 817 817 811 811 811 811 818 818 818 818 815 815 815 815 812 812 812 812 817 817 817 817 818 818 818 818 812 812 812 812 815 815 815 815 819 819 819 819 816 816 816 816 819 819 819 819 820 820 820 820 816 816 816 816 821 821 821 821 820 820 820 820 819 819 819 819 822 822 822 822 819 819 819 819 815 815 815 815 818 818 818 818 822 822 822 822 815 815 815 815 823 823 823 823 821 821 821 821 819 819 819 819 823 823 823 823 819 819 819 819 822 822 822 822 821 821 821 821 823 823 823 823 824 824 824 824 825 825 825 825 826 826 826 826 824 824 824 824 827 827 827 827 823 823 823 823 822 822 822 822 828 828 828 828 825 825 825 825 824 824 824 824 829 829 829 829 825 825 825 825 828 828 828 828 823 823 823 823 830 830 830 830 824 824 824 824 824 824 824 824 830 830 830 830 828 828 828 828 823 823 823 823 827 827 827 827 830 830 830 830 831 831 831 831 829 829 829 829 828 828 828 828 832 832 832 832 829 829 829 829 831 831 831 831 830 830 830 830 833 833 833 833 828 828 828 828 833 833 833 833 831 831 831 831 828 828 828 828 827 827 827 827 833 833 833 833 830 830 830 830 834 834 834 834 832 832 832 832 831 831 831 831 833 833 833 833 835 835 835 835 831 831 831 831 835 835 835 835 834 834 834 834 831 831 831 831 827 827 827 827 836 836 836 836 833 833 833 833 836 836 836 836 835 835 835 835 833 833 833 833 827 827 827 827 822 822 822 822 837 837 837 837 836 836 836 836 827 827 827 827 837 837 837 837 837 837 837 837 822 822 822 822 818 818 818 818 838 838 838 838 835 835 835 835 836 836 836 836 835 835 835 835 838 838 838 838 834 834 834 834 836 836 836 836 837 837 837 837 839 839 839 839 834 834 834 834 840 840 840 840 832 832 832 832 838 838 838 838 840 840 840 840 834 834 834 834 840 840 840 840 841 841 841 841 832 832 832 832 842 842 842 842 841 841 841 841 840 840 840 840 843 843 843 843 838 838 838 838 836 836 836 836 843 843 843 843 836 836 836 836 839 839 839 839 838 838 838 838 844 844 844 844 840 840 840 840 843 843 843 843 845 845 845 845 838 838 838 838 845 845 845 845 844 844 844 844 838 838 838 838 846 846 846 846 842 842 842 842 840 840 840 840 844 844 844 844 846 846 846 846 840 840 840 840 846 846 846 846 847 847 847 847 842 842 842 842 847 847 847 847 848 848 848 848 842 842 842 842 844 844 844 844 849 849 849 849 846 846 846 846 849 849 849 849 847 847 847 847 846 846 846 846 849 849 849 849 844 844 844 844 845 845 845 845 847 847 847 847 850 850 850 850 848 848 848 848 850 850 850 850 847 847 847 847 849 849 849 849 850 850 850 850 851 851 851 851 848 848 848 848 852 852 852 852 853 853 853 853 851 851 851 851 850 850 850 850 852 852 852 852 851 851 851 851 854 854 854 854 850 850 850 850 849 849 849 849 854 854 854 854 852 852 852 852 850 850 850 850 854 854 854 854 849 849 849 849 855 855 855 855 855 855 855 855 849 849 849 849 845 845 845 845 852 852 852 852 854 854 854 854 856 856 856 856 856 856 856 856 854 854 854 854 855 855 855 855 857 857 857 857 852 852 852 852 856 856 856 856 857 857 857 857 856 856 856 856 858 858 858 858 856 856 856 856 859 859 859 859 858 858 858 858 856 856 856 856 855 855 855 855 859 859 859 859 860 860 860 860 858 858 858 858 859 859 859 859 855 855 855 855 861 861 861 861 859 859 859 859 855 855 855 855 845 845 845 845 861 861 861 861 862 862 862 862 860 860 860 860 859 859 859 859 862 862 862 862 859 859 859 859 861 861 861 861 863 863 863 863 860 860 860 860 862 862 862 862 845 845 845 845 864 864 864 864 861 861 861 861 845 845 845 845 843 843 843 843 864 864 864 864 843 843 843 843 839 839 839 839 864 864 864 864 865 865 865 865 863 863 863 863 862 862 862 862 866 866 866 866 863 863 863 863 865 865 865 865 867 867 867 867 862 862 862 862 861 861 861 861 867 867 867 867 861 861 861 861 864 864 864 864 865 865 865 865 862 862 862 862 867 867 867 867 868 868 868 868 864 864 864 864 839 839 839 839 868 868 868 868 867 867 867 867 864 864 864 864 869 869 869 869 868 868 868 868 839 839 839 839 870 870 870 870 865 865 865 865 867 867 867 867 869 869 869 869 839 839 839 839 871 871 871 871 839 839 839 839 837 837 837 837 871 871 871 871 871 871 871 871 837 837 837 837 818 818 818 818 872 872 872 872 865 865 865 865 870 870 870 870 872 872 872 872 866 866 866 866 865 865 865 865 873 873 873 873 871 871 871 871 818 818 818 818 817 817 817 817 873 873 873 873 818 818 818 818 873 873 873 873 817 817 817 817 814 814 814 814 874 874 874 874 869 869 869 869 871 871 871 871 873 873 873 873 874 874 874 874 871 871 871 871 868 868 868 868 869 869 869 869 874 874 874 874 875 875 875 875 873 873 873 873 814 814 814 814 874 874 874 874 873 873 873 873 875 875 875 875 876 876 876 876 875 875 875 875 814 814 814 814 810 810 810 810 876 876 876 876 814 814 814 814 876 876 876 876 810 810 810 810 809 809 809 809 877 877 877 877 874 874 874 874 875 875 875 875 877 877 877 877 875 875 875 875 876 876 876 876 878 878 878 878 868 868 868 868 874 874 874 874 867 867 867 867 868 868 868 868 878 878 878 878 870 870 870 870 867 867 867 867 878 878 878 878 879 879 879 879 878 878 878 878 874 874 874 874 877 877 877 877 879 879 879 879 874 874 874 874 880 880 880 880 870 870 870 870 878 878 878 878 879 879 879 879 880 880 880 880 878 878 878 878 880 880 880 880 872 872 872 872 870 870 870 870 881 881 881 881 879 879 879 879 877 877 877 877 880 880 880 880 879 879 879 879 881 881 881 881 872 872 872 872 880 880 880 880 882 882 882 882 882 882 882 882 880 880 880 880 881 881 881 881 883 883 883 883 872 872 872 872 882 882 882 882 866 866 866 866 872 872 872 872 883 883 883 883 884 884 884 884 866 866 866 866 883 883 883 883 884 884 884 884 883 883 883 883 885 885 885 885 883 883 883 883 886 886 886 886 885 885 885 885 883 883 883 883 882 882 882 882 886 886 886 886 885 885 885 885 886 886 886 886 789 789 789 789 882 882 882 882 887 887 887 887 886 886 886 886 882 882 882 882 881 881 881 881 887 887 887 887 886 886 886 886 888 888 888 888 789 789 789 789 886 886 886 886 887 887 887 887 888 888 888 888 888 888 888 888 788 788 788 788 789 789 789 789 792 792 792 792 788 788 788 788 888 888 888 888 889 889 889 889 792 792 792 792 888 888 888 888 887 887 887 887 889 889 889 889 888 888 888 888 795 795 795 795 792 792 792 792 889 889 889 889 887 887 887 887 890 890 890 890 889 889 889 889 881 881 881 881 890 890 890 890 887 887 887 887 891 891 891 891 795 795 795 795 889 889 889 889 890 890 890 890 891 891 891 891 889 889 889 889 796 796 796 796 795 795 795 795 891 891 891 891 881 881 881 881 892 892 892 892 890 890 890 890 892 892 892 892 881 881 881 881 877 877 877 877 892 892 892 892 877 877 877 877 876 876 876 876 893 893 893 893 796 796 796 796 891 891 891 891 893 893 893 893 891 891 891 891 890 890 890 890 893 893 893 893 800 800 800 800 796 796 796 796 809 809 809 809 800 800 800 800 893 893 893 893 892 892 892 892 894 894 894 894 890 890 890 890 894 894 894 894 893 893 893 893 890 890 890 890 892 892 892 892 876 876 876 876 894 894 894 894 894 894 894 894 809 809 809 809 893 893 893 893 876 876 876 876 809 809 809 809 894 894 894 894 895 895 895 895 896 896 896 896 897 897 897 897 898 898 898 898 895 895 895 895 897 897 897 897 898 898 898 898 897 897 897 897 899 899 899 899 900 900 900 900 895 895 895 895 898 898 898 898 901 901 901 901 898 898 898 898 899 899 899 899 901 901 901 901 899 899 899 899 902 902 902 902 903 903 903 903 900 900 900 900 898 898 898 898 903 903 903 903 898 898 898 898 901 901 901 901 904 904 904 904 901 901 901 901 902 902 902 902 904 904 904 904 902 902 902 902 905 905 905 905 906 906 906 906 903 903 903 903 901 901 901 901 906 906 906 906 901 901 901 901 904 904 904 904 907 907 907 907 900 900 900 900 903 903 903 903 903 903 903 903 906 906 906 906 908 908 908 908 907 907 907 907 903 903 903 903 908 908 908 908 909 909 909 909 906 906 906 906 904 904 904 904 908 908 908 908 906 906 906 906 909 909 909 909 900 900 900 900 907 907 907 907 910 910 910 910 911 911 911 911 900 900 900 900 910 910 910 910 911 911 911 911 910 910 910 910 912 912 912 912 910 910 910 910 907 907 907 907 913 913 913 913 907 907 907 907 908 908 908 908 913 913 913 913 910 910 910 910 914 914 914 914 912 912 912 912 910 910 910 910 913 913 913 913 914 914 914 914 915 915 915 915 912 912 912 912 914 914 914 914 916 916 916 916 915 915 915 915 914 914 914 914 917 917 917 917 915 915 915 915 916 916 916 916 913 913 913 913 918 918 918 918 914 914 914 914 916 916 916 916 914 914 914 914 918 918 918 918 919 919 919 919 917 917 917 917 916 916 916 916 920 920 920 920 917 917 917 917 919 919 919 919 921 921 921 921 916 916 916 916 918 918 918 918 919 919 919 919 916 916 916 916 921 921 921 921 913 913 913 913 922 922 922 922 918 918 918 918 913 913 913 913 908 908 908 908 922 922 922 922 921 921 921 921 918 918 918 918 923 923 923 923 922 922 922 922 923 923 923 923 918 918 918 918 908 908 908 908 924 924 924 924 922 922 922 922 924 924 924 924 908 908 908 908 909 909 909 909 922 922 922 922 925 925 925 925 923 923 923 923 924 924 924 924 909 909 909 909 926 926 926 926 909 909 909 909 904 904 904 904 926 926 926 926 922 922 922 922 924 924 924 924 927 927 927 927 925 925 925 925 922 922 922 922 927 927 927 927 927 927 927 927 924 924 924 924 926 926 926 926 904 904 904 904 928 928 928 928 926 926 926 926 928 928 928 928 904 904 904 904 905 905 905 905 928 928 928 928 905 905 905 905 929 929 929 929 930 930 930 930 928 928 928 928 929 929 929 929 926 926 926 926 928 928 928 928 930 930 930 930 930 930 930 930 929 929 929 929 931 931 931 931 927 927 927 927 926 926 926 926 932 932 932 932 932 932 932 932 926 926 926 926 930 930 930 930 933 933 933 933 930 930 930 930 931 931 931 931 933 933 933 933 931 931 931 931 934 934 934 934 932 932 932 932 930 930 930 930 935 935 935 935 930 930 930 930 933 933 933 933 935 935 935 935 936 936 936 936 927 927 927 927 932 932 932 932 936 936 936 936 932 932 932 932 935 935 935 935 937 937 937 937 933 933 933 933 934 934 934 934 937 937 937 937 934 934 934 934 938 938 938 938 939 939 939 939 937 937 937 937 938 938 938 938 937 937 937 937 939 939 939 939 940 940 940 940 933 933 933 933 937 937 937 937 941 941 941 941 941 941 941 941 937 937 937 937 940 940 940 940 935 935 935 935 933 933 933 933 941 941 941 941 940 940 940 940 942 942 942 942 941 941 941 941 943 943 943 943 935 935 935 935 941 941 941 941 942 942 942 942 943 943 943 943 941 941 941 941 943 943 943 943 936 936 936 936 935 935 935 935 944 944 944 944 942 942 942 942 940 940 940 940 945 945 945 945 944 944 944 944 940 940 940 940 946 946 946 946 943 943 943 943 942 942 942 942 944 944 944 944 946 946 946 946 942 942 942 942 947 947 947 947 936 936 936 936 943 943 943 943 946 946 946 946 947 947 947 947 943 943 943 943 927 927 927 927 936 936 936 936 947 947 947 947 925 925 925 925 927 927 927 927 947 947 947 947 944 944 944 944 945 945 945 945 948 948 948 948 945 945 945 945 949 949 949 949 948 948 948 948 948 948 948 948 949 949 949 949 950 950 950 950 944 944 944 944 948 948 948 948 951 951 951 951 946 946 946 946 944 944 944 944 951 951 951 951 952 952 952 952 948 948 948 948 950 950 950 950 951 951 951 951 948 948 948 948 952 952 952 952 952 952 952 952 950 950 950 950 953 953 953 953 946 946 946 946 951 951 951 951 954 954 954 954 947 947 947 947 946 946 946 946 954 954 954 954 955 955 955 955 951 951 951 951 952 952 952 952 954 954 954 954 951 951 951 951 955 955 955 955 956 956 956 956 952 952 952 952 953 953 953 953 955 955 955 955 952 952 952 952 956 956 956 956 956 956 956 956 953 953 953 953 957 957 957 957 947 947 947 947 954 954 954 954 958 958 958 958 925 925 925 925 947 947 947 947 958 958 958 958 925 925 925 925 958 958 958 958 923 923 923 923 959 959 959 959 954 954 954 954 955 955 955 955 958 958 958 958 954 954 954 954 959 959 959 959 960 960 960 960 923 923 923 923 958 958 958 958 960 960 960 960 921 921 921 921 923 923 923 923 961 961 961 961 958 958 958 958 959 959 959 959 961 961 961 961 960 960 960 960 958 958 958 958 962 962 962 962 961 961 961 961 959 959 959 959 960 960 960 960 961 961 961 961 962 962 962 962 963 963 963 963 959 959 959 959 955 955 955 955 963 963 963 963 962 962 962 962 959 959 959 959 921 921 921 921 960 960 960 960 964 964 964 964 964 964 964 964 960 960 960 960 962 962 962 962 965 965 965 965 963 963 963 963 955 955 955 955 965 965 965 965 955 955 955 955 956 956 956 956 966 966 966 966 921 921 921 921 964 964 964 964 966 966 966 966 919 919 919 919 921 921 921 921 965 965 965 965 956 956 956 956 967 967 967 967 967 967 967 967 956 956 956 956 957 957 957 957 968 968 968 968 919 919 919 919 966 966 966 966 968 968 968 968 920 920 920 920 919 919 919 919 969 969 969 969 966 966 966 966 964 964 964 964 969 969 969 969 968 968 968 968 966 966 966 966 920 920 920 920 968 968 968 968 970 970 970 970 971 971 971 971 920 920 920 920 970 970 970 970 971 971 971 971 970 970 970 970 972 972 972 972 970 970 970 970 968 968 968 968 973 973 973 973 968 968 968 968 969 969 969 969 973 973 973 973 970 970 970 970 974 974 974 974 972 972 972 972 970 970 970 970 973 973 973 973 974 974 974 974 972 972 972 972 974 974 974 974 975 975 975 975 976 976 976 976 969 969 969 969 964 964 964 964 976 976 976 976 964 964 964 964 962 962 962 962 973 973 973 973 969 969 969 969 977 977 977 977 969 969 969 969 976 976 976 976 977 977 977 977 973 973 973 973 978 978 978 978 974 974 974 974 973 973 973 973 977 977 977 977 978 978 978 978 974 974 974 974 979 979 979 979 975 975 975 975 974 974 974 974 978 978 978 978 979 979 979 979 979 979 979 979 980 980 980 980 975 975 975 975 980 980 980 980 981 981 981 981 975 975 975 975 978 978 978 978 982 982 982 982 979 979 979 979 980 980 980 980 983 983 983 983 981 981 981 981 983 983 983 983 984 984 984 984 981 981 981 981 985 985 985 985 980 980 980 980 979 979 979 979 982 982 982 982 985 985 985 985 979 979 979 979 986 986 986 986 983 983 983 983 980 980 980 980 985 985 985 985 986 986 986 986 980 980 980 980 983 983 983 983 987 987 987 987 984 984 984 984 987 987 987 987 988 988 988 988 984 984 984 984 989 989 989 989 988 988 988 988 987 987 987 987 990 990 990 990 987 987 987 987 983 983 983 983 986 986 986 986 990 990 990 990 983 983 983 983 991 991 991 991 989 989 989 989 987 987 987 987 991 991 991 991 987 987 987 987 990 990 990 990 989 989 989 989 991 991 991 991 992 992 992 992 993 993 993 993 994 994 994 994 992 992 992 992 995 995 995 995 991 991 991 991 990 990 990 990 996 996 996 996 993 993 993 993 992 992 992 992 997 997 997 997 993 993 993 993 996 996 996 996 991 991 991 991 998 998 998 998 992 992 992 992 992 992 992 992 998 998 998 998 996 996 996 996 991 991 991 991 995 995 995 995 998 998 998 998 999 999 999 999 997 997 997 997 996 996 996 996 1000 1000 1000 1000 997 997 997 997 999 999 999 999 998 998 998 998 1001 1001 1001 1001 996 996 996 996 1001 1001 1001 1001 999 999 999 999 996 996 996 996 995 995 995 995 1001 1001 1001 1001 998 998 998 998 1002 1002 1002 1002 1000 1000 1000 1000 999 999 999 999 1001 1001 1001 1001 1003 1003 1003 1003 999 999 999 999 1003 1003 1003 1003 1002 1002 1002 1002 999 999 999 999 995 995 995 995 1004 1004 1004 1004 1001 1001 1001 1001 1004 1004 1004 1004 1003 1003 1003 1003 1001 1001 1001 1001 1002 1002 1002 1002 1005 1005 1005 1005 1000 1000 1000 1000 1005 1005 1005 1005 1006 1006 1006 1006 1000 1000 1000 1000 1007 1007 1007 1007 1006 1006 1006 1006 1005 1005 1005 1005 1003 1003 1003 1003 1008 1008 1008 1008 1002 1002 1002 1002 1008 1008 1008 1008 1005 1005 1005 1005 1002 1002 1002 1002 1008 1008 1008 1008 1003 1003 1003 1003 1004 1004 1004 1004 1009 1009 1009 1009 1007 1007 1007 1007 1005 1005 1005 1005 1009 1009 1009 1009 1005 1005 1005 1005 1008 1008 1008 1008 1009 1009 1009 1009 1010 1010 1010 1010 1007 1007 1007 1007 1010 1010 1010 1010 1011 1011 1011 1011 1007 1007 1007 1007 1012 1012 1012 1012 1009 1009 1009 1009 1008 1008 1008 1008 1010 1010 1010 1010 1009 1009 1009 1009 1012 1012 1012 1012 1010 1010 1010 1010 1013 1013 1013 1013 1011 1011 1011 1011 1013 1013 1013 1013 1014 1014 1014 1014 1011 1011 1011 1011 1015 1015 1015 1015 1010 1010 1010 1010 1012 1012 1012 1012 1013 1013 1013 1013 1010 1010 1010 1010 1015 1015 1015 1015 1016 1016 1016 1016 1017 1017 1017 1017 1014 1014 1014 1014 1013 1013 1013 1013 1016 1016 1016 1016 1014 1014 1014 1014 1018 1018 1018 1018 1016 1016 1016 1016 1013 1013 1013 1013 1018 1018 1018 1018 1013 1013 1013 1013 1015 1015 1015 1015 1016 1016 1016 1016 1018 1018 1018 1018 1019 1019 1019 1019 1020 1020 1020 1020 1016 1016 1016 1016 1019 1019 1019 1019 1020 1020 1020 1020 1019 1019 1019 1019 1021 1021 1021 1021 1018 1018 1018 1018 1015 1015 1015 1015 1022 1022 1022 1022 1019 1019 1019 1019 1018 1018 1018 1018 1022 1022 1022 1022 1019 1019 1019 1019 1023 1023 1023 1023 1021 1021 1021 1021 1019 1019 1019 1019 1022 1022 1022 1022 1023 1023 1023 1023 1024 1024 1024 1024 1021 1021 1021 1021 1023 1023 1023 1023 1022 1022 1022 1022 1015 1015 1015 1015 1025 1025 1025 1025 1015 1015 1015 1015 1012 1012 1012 1012 1025 1025 1025 1025 1025 1025 1025 1025 1012 1012 1012 1012 1008 1008 1008 1008 1022 1022 1022 1022 1026 1026 1026 1026 1023 1023 1023 1023 1022 1022 1022 1022 1025 1025 1025 1025 1026 1026 1026 1026 1027 1027 1027 1027 1024 1024 1024 1024 1023 1023 1023 1023 1027 1027 1027 1027 1023 1023 1023 1023 1026 1026 1026 1026 1028 1028 1028 1028 1024 1024 1024 1024 1027 1027 1027 1027 1029 1029 1029 1029 1025 1025 1025 1025 1008 1008 1008 1008 1029 1029 1029 1029 1008 1008 1008 1008 1004 1004 1004 1004 1030 1030 1030 1030 1028 1028 1028 1028 1027 1027 1027 1027 1031 1031 1031 1031 1028 1028 1028 1028 1030 1030 1030 1030 1025 1025 1025 1025 1029 1029 1029 1029 1032 1032 1032 1032 1025 1025 1025 1025 1032 1032 1032 1032 1026 1026 1026 1026 1033 1033 1033 1033 1027 1027 1027 1027 1026 1026 1026 1026 1033 1033 1033 1033 1026 1026 1026 1026 1032 1032 1032 1032 1030 1030 1030 1030 1027 1027 1027 1027 1033 1033 1033 1033 1029 1029 1029 1029 1034 1034 1034 1034 1032 1032 1032 1032 1029 1029 1029 1029 1004 1004 1004 1004 1034 1034 1034 1034 1035 1035 1035 1035 1033 1033 1033 1033 1032 1032 1032 1032 1035 1035 1035 1035 1032 1032 1032 1032 1034 1034 1034 1034 1036 1036 1036 1036 1030 1030 1030 1030 1033 1033 1033 1033 1004 1004 1004 1004 1037 1037 1037 1037 1034 1034 1034 1034 1004 1004 1004 1004 995 995 995 995 1037 1037 1037 1037 995 995 995 995 990 990 990 990 1037 1037 1037 1037 1037 1037 1037 1037 990 990 990 990 986 986 986 986 1038 1038 1038 1038 1034 1034 1034 1034 1037 1037 1037 1037 1038 1038 1038 1038 1035 1035 1035 1035 1034 1034 1034 1034 1039 1039 1039 1039 1037 1037 1037 1037 986 986 986 986 1039 1039 1039 1039 1038 1038 1038 1038 1037 1037 1037 1037 1040 1040 1040 1040 1039 1039 1039 1039 986 986 986 986 985 985 985 985 1040 1040 1040 1040 986 986 986 986 1040 1040 1040 1040 985 985 985 985 982 982 982 982 1041 1041 1041 1041 1038 1038 1038 1038 1039 1039 1039 1039 1040 1040 1040 1040 1041 1041 1041 1041 1039 1039 1039 1039 1035 1035 1035 1035 1038 1038 1038 1038 1041 1041 1041 1041 1042 1042 1042 1042 1040 1040 1040 1040 982 982 982 982 1041 1041 1041 1041 1040 1040 1040 1040 1042 1042 1042 1042 1043 1043 1043 1043 1042 1042 1042 1042 982 982 982 982 978 978 978 978 1043 1043 1043 1043 982 982 982 982 977 977 977 977 1043 1043 1043 1043 978 978 978 978 1044 1044 1044 1044 1041 1041 1041 1041 1042 1042 1042 1042 1044 1044 1044 1044 1042 1042 1042 1042 1043 1043 1043 1043 1045 1045 1045 1045 1035 1035 1035 1035 1041 1041 1041 1041 1033 1033 1033 1033 1035 1035 1035 1035 1045 1045 1045 1045 1036 1036 1036 1036 1033 1033 1033 1033 1045 1045 1045 1045 1046 1046 1046 1046 1045 1045 1045 1045 1041 1041 1041 1041 1044 1044 1044 1044 1046 1046 1046 1046 1041 1041 1041 1041 1047 1047 1047 1047 1036 1036 1036 1036 1045 1045 1045 1045 1046 1046 1046 1046 1047 1047 1047 1047 1045 1045 1045 1045 1048 1048 1048 1048 1046 1046 1046 1046 1044 1044 1044 1044 1047 1047 1047 1047 1046 1046 1046 1046 1048 1048 1048 1048 1049 1049 1049 1049 1044 1044 1044 1044 1043 1043 1043 1043 1049 1049 1049 1049 1048 1048 1048 1048 1044 1044 1044 1044 1050 1050 1050 1050 1049 1049 1049 1049 1043 1043 1043 1043 977 977 977 977 1050 1050 1050 1050 1043 1043 1043 1043 1051 1051 1051 1051 1048 1048 1048 1048 1049 1049 1049 1049 1050 1050 1050 1050 1051 1051 1051 1051 1049 1049 1049 1049 1050 1050 1050 1050 977 977 977 977 1052 1052 1052 1052 1050 1050 1050 1050 1052 1052 1052 1052 1051 1051 1051 1051 977 977 977 977 976 976 976 976 1052 1052 1052 1052 1052 1052 1052 1052 976 976 976 976 962 962 962 962 1052 1052 1052 1052 962 962 962 962 1053 1053 1053 1053 1052 1052 1052 1052 1053 1053 1053 1053 1051 1051 1051 1051 962 962 962 962 963 963 963 963 1053 1053 1053 1053 1053 1053 1053 1053 963 963 963 963 1054 1054 1054 1054 1051 1051 1051 1051 1053 1053 1053 1053 1054 1054 1054 1054 963 963 963 963 965 965 965 965 1054 1054 1054 1054 1054 1054 1054 1054 965 965 965 965 967 967 967 967 1055 1055 1055 1055 1051 1051 1051 1051 1054 1054 1054 1054 1055 1055 1055 1055 1054 1054 1054 1054 967 967 967 967 1051 1051 1051 1051 1055 1055 1055 1055 1048 1048 1048 1048 1056 1056 1056 1056 1055 1055 1055 1055 967 967 967 967 1056 1056 1056 1056 967 967 967 967 957 957 957 957 1057 1057 1057 1057 1056 1056 1056 1056 957 957 957 957 1055 1055 1055 1055 1058 1058 1058 1058 1048 1048 1048 1048 1055 1055 1055 1055 1056 1056 1056 1056 1058 1058 1058 1058 1058 1058 1058 1058 1047 1047 1047 1047 1048 1048 1048 1048 1056 1056 1056 1056 1057 1057 1057 1057 1059 1059 1059 1059 1056 1056 1056 1056 1059 1059 1059 1059 1058 1058 1058 1058 1057 1057 1057 1057 1060 1060 1060 1060 1059 1059 1059 1059 1060 1060 1060 1060 1031 1031 1031 1031 1059 1059 1059 1059 1061 1061 1061 1061 1047 1047 1047 1047 1058 1058 1058 1058 1059 1059 1059 1059 1061 1061 1061 1061 1058 1058 1058 1058 1031 1031 1031 1031 1061 1061 1061 1061 1059 1059 1059 1059 1047 1047 1047 1047 1061 1061 1061 1061 1036 1036 1036 1036 1061 1061 1061 1061 1031 1031 1031 1031 1030 1030 1030 1030 1061 1061 1061 1061 1030 1030 1030 1030 1036 1036 1036 1036 1062 1062 1062 1062 1063 1063 1063 1063 1064 1064 1064 1064 1063 1063 1063 1063 1065 1065 1065 1065 1064 1064 1064 1064 1063 1063 1063 1063 1066 1066 1066 1066 1065 1065 1065 1065 1067 1067 1067 1067 1064 1064 1064 1064 1065 1065 1065 1065 1066 1066 1066 1066 1068 1068 1068 1068 1065 1065 1065 1065 1066 1066 1066 1066 1069 1069 1069 1069 1068 1068 1068 1068 1070 1070 1070 1070 1067 1067 1067 1067 1065 1065 1065 1065 1070 1070 1070 1070 1065 1065 1065 1065 1068 1068 1068 1068 1069 1069 1069 1069 1071 1071 1071 1071 1068 1068 1068 1068 1069 1069 1069 1069 1072 1072 1072 1072 1071 1071 1071 1071 1073 1073 1073 1073 1070 1070 1070 1070 1068 1068 1068 1068 1073 1073 1073 1073 1068 1068 1068 1068 1071 1071 1071 1071 1074 1074 1074 1074 1067 1067 1067 1067 1070 1070 1070 1070 1072 1072 1072 1072 1075 1075 1075 1075 1071 1071 1071 1071 1072 1072 1072 1072 1076 1076 1076 1076 1075 1075 1075 1075 1067 1067 1067 1067 1074 1074 1074 1074 1077 1077 1077 1077 1078 1078 1078 1078 1067 1067 1067 1067 1077 1077 1077 1077 1078 1078 1078 1078 1077 1077 1077 1077 1079 1079 1079 1079 1074 1074 1074 1074 1070 1070 1070 1070 1080 1080 1080 1080 1070 1070 1070 1070 1073 1073 1073 1073 1080 1080 1080 1080 1077 1077 1077 1077 1074 1074 1074 1074 1081 1081 1081 1081 1074 1074 1074 1074 1080 1080 1080 1080 1081 1081 1081 1081 1077 1077 1077 1077 1082 1082 1082 1082 1079 1079 1079 1079 1077 1077 1077 1077 1081 1081 1081 1081 1082 1082 1082 1082 1083 1083 1083 1083 1079 1079 1079 1079 1082 1082 1082 1082 1084 1084 1084 1084 1083 1083 1083 1083 1082 1082 1082 1082 1085 1085 1085 1085 1083 1083 1083 1083 1084 1084 1084 1084 1081 1081 1081 1081 1086 1086 1086 1086 1082 1082 1082 1082 1084 1084 1084 1084 1082 1082 1082 1082 1086 1086 1086 1086 1087 1087 1087 1087 1085 1085 1085 1085 1084 1084 1084 1084 1088 1088 1088 1088 1085 1085 1085 1085 1087 1087 1087 1087 1089 1089 1089 1089 1084 1084 1084 1084 1086 1086 1086 1086 1087 1087 1087 1087 1084 1084 1084 1084 1089 1089 1089 1089 1081 1081 1081 1081 1090 1090 1090 1090 1086 1086 1086 1086 1081 1081 1081 1081 1080 1080 1080 1080 1090 1090 1090 1090 1089 1089 1089 1089 1086 1086 1086 1086 1091 1091 1091 1091 1090 1090 1090 1090 1091 1091 1091 1091 1086 1086 1086 1086 1080 1080 1080 1080 1092 1092 1092 1092 1090 1090 1090 1090 1080 1080 1080 1080 1073 1073 1073 1073 1092 1092 1092 1092 1090 1090 1090 1090 1093 1093 1093 1093 1091 1091 1091 1091 1073 1073 1073 1073 1094 1094 1094 1094 1092 1092 1092 1092 1094 1094 1094 1094 1073 1073 1073 1073 1071 1071 1071 1071 1090 1090 1090 1090 1092 1092 1092 1092 1095 1095 1095 1095 1092 1092 1092 1092 1094 1094 1094 1094 1095 1095 1095 1095 1093 1093 1093 1093 1090 1090 1090 1090 1095 1095 1095 1095 1094 1094 1094 1094 1071 1071 1071 1071 1096 1096 1096 1096 1094 1094 1094 1094 1096 1096 1096 1096 1095 1095 1095 1095 1071 1071 1071 1071 1075 1075 1075 1075 1096 1096 1096 1096 1096 1096 1096 1096 1075 1075 1075 1075 1097 1097 1097 1097 1076 1076 1076 1076 1097 1097 1097 1097 1075 1075 1075 1075 1076 1076 1076 1076 1098 1098 1098 1098 1097 1097 1097 1097 1095 1095 1095 1095 1096 1096 1096 1096 1099 1099 1099 1099 1099 1099 1099 1099 1096 1096 1096 1096 1097 1097 1097 1097 1098 1098 1098 1098 1100 1100 1100 1100 1097 1097 1097 1097 1098 1098 1098 1098 1101 1101 1101 1101 1100 1100 1100 1100 1099 1099 1099 1099 1097 1097 1097 1097 1102 1102 1102 1102 1097 1097 1097 1097 1100 1100 1100 1100 1102 1102 1102 1102 1103 1103 1103 1103 1095 1095 1095 1095 1099 1099 1099 1099 1103 1103 1103 1103 1099 1099 1099 1099 1102 1102 1102 1102 1101 1101 1101 1101 1104 1104 1104 1104 1100 1100 1100 1100 1101 1101 1101 1101 1105 1105 1105 1105 1104 1104 1104 1104 1105 1105 1105 1105 1106 1106 1106 1106 1104 1104 1104 1104 1104 1104 1104 1104 1106 1106 1106 1106 1107 1107 1107 1107 1100 1100 1100 1100 1104 1104 1104 1104 1108 1108 1108 1108 1108 1108 1108 1108 1104 1104 1104 1104 1107 1107 1107 1107 1102 1102 1102 1102 1100 1100 1100 1100 1108 1108 1108 1108 1107 1107 1107 1107 1109 1109 1109 1109 1108 1108 1108 1108 1110 1110 1110 1110 1102 1102 1102 1102 1108 1108 1108 1108 1109 1109 1109 1109 1110 1110 1110 1110 1108 1108 1108 1108 1110 1110 1110 1110 1103 1103 1103 1103 1102 1102 1102 1102 1111 1111 1111 1111 1109 1109 1109 1109 1107 1107 1107 1107 1112 1112 1112 1112 1111 1111 1111 1111 1107 1107 1107 1107 1113 1113 1113 1113 1110 1110 1110 1110 1109 1109 1109 1109 1111 1111 1111 1111 1113 1113 1113 1113 1109 1109 1109 1109 1114 1114 1114 1114 1103 1103 1103 1103 1110 1110 1110 1110 1113 1113 1113 1113 1114 1114 1114 1114 1110 1110 1110 1110 1095 1095 1095 1095 1103 1103 1103 1103 1114 1114 1114 1114 1093 1093 1093 1093 1095 1095 1095 1095 1114 1114 1114 1114 1111 1111 1111 1111 1112 1112 1112 1112 1115 1115 1115 1115 1112 1112 1112 1112 1116 1116 1116 1116 1115 1115 1115 1115 1115 1115 1115 1115 1116 1116 1116 1116 1117 1117 1117 1117 1093 1093 1093 1093 1114 1114 1114 1114 1118 1118 1118 1118 1093 1093 1093 1093 1118 1118 1118 1118 1091 1091 1091 1091 1119 1119 1119 1119 1115 1115 1115 1115 1117 1117 1117 1117 1119 1119 1119 1119 1117 1117 1117 1117 1120 1120 1120 1120 1111 1111 1111 1111 1115 1115 1115 1115 1121 1121 1121 1121 1121 1121 1121 1121 1115 1115 1115 1115 1119 1119 1119 1119 1113 1113 1113 1113 1111 1111 1111 1111 1121 1121 1121 1121 1122 1122 1122 1122 1119 1119 1119 1119 1120 1120 1120 1120 1122 1122 1122 1122 1120 1120 1120 1120 1123 1123 1123 1123 1124 1124 1124 1124 1121 1121 1121 1121 1119 1119 1119 1119 1124 1124 1124 1124 1119 1119 1119 1119 1122 1122 1122 1122 1113 1113 1113 1113 1121 1121 1121 1121 1125 1125 1125 1125 1114 1114 1114 1114 1113 1113 1113 1113 1125 1125 1125 1125 1125 1125 1125 1125 1121 1121 1121 1121 1124 1124 1124 1124 1114 1114 1114 1114 1125 1125 1125 1125 1118 1118 1118 1118 1126 1126 1126 1126 1124 1124 1124 1124 1122 1122 1122 1122 1127 1127 1127 1127 1118 1118 1118 1118 1125 1125 1125 1125 1128 1128 1128 1128 1125 1125 1125 1125 1124 1124 1124 1124 1128 1128 1128 1128 1127 1127 1127 1127 1125 1125 1125 1125 1129 1129 1129 1129 1128 1128 1128 1128 1124 1124 1124 1124 1126 1126 1126 1126 1129 1129 1129 1129 1124 1124 1124 1124 1130 1130 1130 1130 1127 1127 1127 1127 1128 1128 1128 1128 1129 1129 1129 1129 1130 1130 1130 1130 1128 1128 1128 1128 1127 1127 1127 1127 1131 1131 1131 1131 1118 1118 1118 1118 1131 1131 1131 1131 1127 1127 1127 1127 1130 1130 1130 1130 1131 1131 1131 1131 1091 1091 1091 1091 1118 1118 1118 1118 1131 1131 1131 1131 1089 1089 1089 1089 1091 1091 1091 1091 1089 1089 1089 1089 1131 1131 1131 1131 1132 1132 1132 1132 1132 1132 1132 1132 1131 1131 1131 1131 1130 1130 1130 1130 1133 1133 1133 1133 1089 1089 1089 1089 1132 1132 1132 1132 1133 1133 1133 1133 1087 1087 1087 1087 1089 1089 1089 1089 1134 1134 1134 1134 1132 1132 1132 1132 1130 1130 1130 1130 1135 1135 1135 1135 1087 1087 1087 1087 1133 1133 1133 1133 1135 1135 1135 1135 1088 1088 1088 1088 1087 1087 1087 1087 1136 1136 1136 1136 1133 1133 1133 1133 1132 1132 1132 1132 1136 1136 1136 1136 1135 1135 1135 1135 1133 1133 1133 1133 1134 1134 1134 1134 1136 1136 1136 1136 1132 1132 1132 1132 1088 1088 1088 1088 1135 1135 1135 1135 1137 1137 1137 1137 1138 1138 1138 1138 1088 1088 1088 1088 1137 1137 1137 1137 1139 1139 1139 1139 1138 1138 1138 1138 1137 1137 1137 1137 1135 1135 1135 1135 1136 1136 1136 1136 1140 1140 1140 1140 1137 1137 1137 1137 1135 1135 1135 1135 1140 1140 1140 1140 1141 1141 1141 1141 1139 1139 1139 1139 1137 1137 1137 1137 1141 1141 1141 1141 1137 1137 1137 1137 1140 1140 1140 1140 1139 1139 1139 1139 1141 1141 1141 1141 1142 1142 1142 1142 1140 1140 1140 1140 1136 1136 1136 1136 1143 1143 1143 1143 1136 1136 1136 1136 1134 1134 1134 1134 1143 1143 1143 1143 1144 1144 1144 1144 1141 1141 1141 1141 1140 1140 1140 1140 1144 1144 1144 1144 1140 1140 1140 1140 1143 1143 1143 1143 1141 1141 1141 1141 1145 1145 1145 1145 1142 1142 1142 1142 1141 1141 1141 1141 1144 1144 1144 1144 1145 1145 1145 1145 1145 1145 1145 1145 1146 1146 1146 1146 1142 1142 1142 1142 1146 1146 1146 1146 1147 1147 1147 1147 1142 1142 1142 1142 1144 1144 1144 1144 1148 1148 1148 1148 1145 1145 1145 1145 1146 1146 1146 1146 1149 1149 1149 1149 1147 1147 1147 1147 1149 1149 1149 1149 1150 1150 1150 1150 1147 1147 1147 1147 1151 1151 1151 1151 1146 1146 1146 1146 1145 1145 1145 1145 1148 1148 1148 1148 1151 1151 1151 1151 1145 1145 1145 1145 1152 1152 1152 1152 1149 1149 1149 1149 1146 1146 1146 1146 1151 1151 1151 1151 1152 1152 1152 1152 1146 1146 1146 1146 1149 1149 1149 1149 1153 1153 1153 1153 1150 1150 1150 1150 1153 1153 1153 1153 1154 1154 1154 1154 1150 1150 1150 1150 1155 1155 1155 1155 1154 1154 1154 1154 1153 1153 1153 1153 1156 1156 1156 1156 1153 1153 1153 1153 1149 1149 1149 1149 1152 1152 1152 1152 1156 1156 1156 1156 1149 1149 1149 1149 1157 1157 1157 1157 1155 1155 1155 1155 1153 1153 1153 1153 1157 1157 1157 1157 1153 1153 1153 1153 1156 1156 1156 1156 1155 1155 1155 1155 1157 1157 1157 1157 1158 1158 1158 1158 1159 1159 1159 1159 1160 1160 1160 1160 1158 1158 1158 1158 1161 1161 1161 1161 1157 1157 1157 1157 1156 1156 1156 1156 1162 1162 1162 1162 1159 1159 1159 1159 1158 1158 1158 1158 1163 1163 1163 1163 1159 1159 1159 1159 1162 1162 1162 1162 1157 1157 1157 1157 1164 1164 1164 1164 1158 1158 1158 1158 1158 1158 1158 1158 1164 1164 1164 1164 1162 1162 1162 1162 1157 1157 1157 1157 1161 1161 1161 1161 1164 1164 1164 1164 1165 1165 1165 1165 1163 1163 1163 1163 1162 1162 1162 1162 1166 1166 1166 1166 1163 1163 1163 1163 1165 1165 1165 1165 1164 1164 1164 1164 1167 1167 1167 1167 1162 1162 1162 1162 1167 1167 1167 1167 1165 1165 1165 1165 1162 1162 1162 1162 1161 1161 1161 1161 1167 1167 1167 1167 1164 1164 1164 1164 1168 1168 1168 1168 1166 1166 1166 1166 1165 1165 1165 1165 1167 1167 1167 1167 1169 1169 1169 1169 1165 1165 1165 1165 1169 1169 1169 1169 1168 1168 1168 1168 1165 1165 1165 1165 1161 1161 1161 1161 1170 1170 1170 1170 1167 1167 1167 1167 1170 1170 1170 1170 1169 1169 1169 1169 1167 1167 1167 1167 1161 1161 1161 1161 1156 1156 1156 1156 1171 1171 1171 1171 1170 1170 1170 1170 1161 1161 1161 1161 1171 1171 1171 1171 1171 1171 1171 1171 1156 1156 1156 1156 1152 1152 1152 1152 1172 1172 1172 1172 1169 1169 1169 1169 1170 1170 1170 1170 1169 1169 1169 1169 1172 1172 1172 1172 1168 1168 1168 1168 1170 1170 1170 1170 1171 1171 1171 1171 1173 1173 1173 1173 1168 1168 1168 1168 1174 1174 1174 1174 1166 1166 1166 1166 1172 1172 1172 1172 1174 1174 1174 1174 1168 1168 1168 1168 1174 1174 1174 1174 1175 1175 1175 1175 1166 1166 1166 1166 1176 1176 1176 1176 1175 1175 1175 1175 1174 1174 1174 1174 1177 1177 1177 1177 1172 1172 1172 1172 1170 1170 1170 1170 1177 1177 1177 1177 1170 1170 1170 1170 1173 1173 1173 1173 1172 1172 1172 1172 1178 1178 1178 1178 1174 1174 1174 1174 1177 1177 1177 1177 1179 1179 1179 1179 1172 1172 1172 1172 1179 1179 1179 1179 1178 1178 1178 1178 1172 1172 1172 1172 1180 1180 1180 1180 1176 1176 1176 1176 1174 1174 1174 1174 1178 1178 1178 1178 1180 1180 1180 1180 1174 1174 1174 1174 1180 1180 1180 1180 1181 1181 1181 1181 1176 1176 1176 1176 1181 1181 1181 1181 1182 1182 1182 1182 1176 1176 1176 1176 1178 1178 1178 1178 1183 1183 1183 1183 1180 1180 1180 1180 1183 1183 1183 1183 1181 1181 1181 1181 1180 1180 1180 1180 1183 1183 1183 1183 1178 1178 1178 1178 1179 1179 1179 1179 1181 1181 1181 1181 1184 1184 1184 1184 1182 1182 1182 1182 1184 1184 1184 1184 1181 1181 1181 1181 1183 1183 1183 1183 1184 1184 1184 1184 1185 1185 1185 1185 1182 1182 1182 1182 1186 1186 1186 1186 1187 1187 1187 1187 1185 1185 1185 1185 1184 1184 1184 1184 1186 1186 1186 1186 1185 1185 1185 1185 1188 1188 1188 1188 1184 1184 1184 1184 1183 1183 1183 1183 1188 1188 1188 1188 1186 1186 1186 1186 1184 1184 1184 1184 1188 1188 1188 1188 1183 1183 1183 1183 1189 1189 1189 1189 1189 1189 1189 1189 1183 1183 1183 1183 1179 1179 1179 1179 1186 1186 1186 1186 1188 1188 1188 1188 1190 1190 1190 1190 1190 1190 1190 1190 1188 1188 1188 1188 1189 1189 1189 1189 1191 1191 1191 1191 1186 1186 1186 1186 1190 1190 1190 1190 1191 1191 1191 1191 1190 1190 1190 1190 1192 1192 1192 1192 1190 1190 1190 1190 1193 1193 1193 1193 1192 1192 1192 1192 1190 1190 1190 1190 1189 1189 1189 1189 1193 1193 1193 1193 1194 1194 1194 1194 1192 1192 1192 1192 1193 1193 1193 1193 1189 1189 1189 1189 1195 1195 1195 1195 1193 1193 1193 1193 1189 1189 1189 1189 1179 1179 1179 1179 1195 1195 1195 1195 1196 1196 1196 1196 1194 1194 1194 1194 1193 1193 1193 1193 1196 1196 1196 1196 1193 1193 1193 1193 1195 1195 1195 1195 1197 1197 1197 1197 1194 1194 1194 1194 1196 1196 1196 1196 1179 1179 1179 1179 1198 1198 1198 1198 1195 1195 1195 1195 1179 1179 1179 1179 1177 1177 1177 1177 1198 1198 1198 1198 1177 1177 1177 1177 1173 1173 1173 1173 1198 1198 1198 1198 1199 1199 1199 1199 1197 1197 1197 1197 1196 1196 1196 1196 1200 1200 1200 1200 1197 1197 1197 1197 1199 1199 1199 1199 1201 1201 1201 1201 1196 1196 1196 1196 1195 1195 1195 1195 1201 1201 1201 1201 1195 1195 1195 1195 1198 1198 1198 1198 1199 1199 1199 1199 1196 1196 1196 1196 1201 1201 1201 1201 1202 1202 1202 1202 1198 1198 1198 1198 1173 1173 1173 1173 1202 1202 1202 1202 1201 1201 1201 1201 1198 1198 1198 1198 1203 1203 1203 1203 1202 1202 1202 1202 1173 1173 1173 1173 1204 1204 1204 1204 1199 1199 1199 1199 1201 1201 1201 1201 1203 1203 1203 1203 1173 1173 1173 1173 1205 1205 1205 1205 1173 1173 1173 1173 1171 1171 1171 1171 1205 1205 1205 1205 1205 1205 1205 1205 1171 1171 1171 1171 1152 1152 1152 1152 1206 1206 1206 1206 1199 1199 1199 1199 1204 1204 1204 1204 1206 1206 1206 1206 1200 1200 1200 1200 1199 1199 1199 1199 1207 1207 1207 1207 1205 1205 1205 1205 1152 1152 1152 1152 1151 1151 1151 1151 1207 1207 1207 1207 1152 1152 1152 1152 1207 1207 1207 1207 1151 1151 1151 1151 1148 1148 1148 1148 1208 1208 1208 1208 1203 1203 1203 1203 1205 1205 1205 1205 1207 1207 1207 1207 1208 1208 1208 1208 1205 1205 1205 1205 1202 1202 1202 1202 1203 1203 1203 1203 1208 1208 1208 1208 1209 1209 1209 1209 1207 1207 1207 1207 1148 1148 1148 1148 1208 1208 1208 1208 1207 1207 1207 1207 1209 1209 1209 1209 1210 1210 1210 1210 1209 1209 1209 1209 1148 1148 1148 1148 1144 1144 1144 1144 1210 1210 1210 1210 1148 1148 1148 1148 1210 1210 1210 1210 1144 1144 1144 1144 1143 1143 1143 1143 1211 1211 1211 1211 1208 1208 1208 1208 1209 1209 1209 1209 1211 1211 1211 1211 1209 1209 1209 1209 1210 1210 1210 1210 1212 1212 1212 1212 1202 1202 1202 1202 1208 1208 1208 1208 1201 1201 1201 1201 1202 1202 1202 1202 1212 1212 1212 1212 1204 1204 1204 1204 1201 1201 1201 1201 1212 1212 1212 1212 1213 1213 1213 1213 1212 1212 1212 1212 1208 1208 1208 1208 1211 1211 1211 1211 1213 1213 1213 1213 1208 1208 1208 1208 1214 1214 1214 1214 1204 1204 1204 1204 1212 1212 1212 1212 1213 1213 1213 1213 1214 1214 1214 1214 1212 1212 1212 1212 1214 1214 1214 1214 1206 1206 1206 1206 1204 1204 1204 1204 1215 1215 1215 1215 1213 1213 1213 1213 1211 1211 1211 1211 1214 1214 1214 1214 1213 1213 1213 1213 1215 1215 1215 1215 1206 1206 1206 1206 1214 1214 1214 1214 1216 1216 1216 1216 1216 1216 1216 1216 1214 1214 1214 1214 1215 1215 1215 1215 1217 1217 1217 1217 1206 1206 1206 1206 1216 1216 1216 1216 1200 1200 1200 1200 1206 1206 1206 1206 1217 1217 1217 1217 1218 1218 1218 1218 1200 1200 1200 1200 1217 1217 1217 1217 1218 1218 1218 1218 1217 1217 1217 1217 1219 1219 1219 1219 1217 1217 1217 1217 1220 1220 1220 1220 1219 1219 1219 1219 1217 1217 1217 1217 1216 1216 1216 1216 1220 1220 1220 1220 1219 1219 1219 1219 1220 1220 1220 1220 1123 1123 1123 1123 1216 1216 1216 1216 1221 1221 1221 1221 1220 1220 1220 1220 1216 1216 1216 1216 1215 1215 1215 1215 1221 1221 1221 1221 1220 1220 1220 1220 1222 1222 1222 1222 1123 1123 1123 1123 1220 1220 1220 1220 1221 1221 1221 1221 1222 1222 1222 1222 1222 1222 1222 1222 1122 1122 1122 1122 1123 1123 1123 1123 1126 1126 1126 1126 1122 1122 1122 1122 1222 1222 1222 1222 1223 1223 1223 1223 1126 1126 1126 1126 1222 1222 1222 1222 1221 1221 1221 1221 1223 1223 1223 1223 1222 1222 1222 1222 1129 1129 1129 1129 1126 1126 1126 1126 1223 1223 1223 1223 1221 1221 1221 1221 1224 1224 1224 1224 1223 1223 1223 1223 1215 1215 1215 1215 1224 1224 1224 1224 1221 1221 1221 1221 1225 1225 1225 1225 1129 1129 1129 1129 1223 1223 1223 1223 1224 1224 1224 1224 1225 1225 1225 1225 1223 1223 1223 1223 1130 1130 1130 1130 1129 1129 1129 1129 1225 1225 1225 1225 1215 1215 1215 1215 1226 1226 1226 1226 1224 1224 1224 1224 1226 1226 1226 1226 1215 1215 1215 1215 1211 1211 1211 1211 1226 1226 1226 1226 1211 1211 1211 1211 1210 1210 1210 1210 1227 1227 1227 1227 1130 1130 1130 1130 1225 1225 1225 1225 1227 1227 1227 1227 1225 1225 1225 1225 1224 1224 1224 1224 1227 1227 1227 1227 1134 1134 1134 1134 1130 1130 1130 1130 1143 1143 1143 1143 1134 1134 1134 1134 1227 1227 1227 1227 1226 1226 1226 1226 1228 1228 1228 1228 1224 1224 1224 1224 1228 1228 1228 1228 1227 1227 1227 1227 1224 1224 1224 1224 1226 1226 1226 1226 1210 1210 1210 1210 1228 1228 1228 1228 1228 1228 1228 1228 1143 1143 1143 1143 1227 1227 1227 1227 1210 1210 1210 1210 1143 1143 1143 1143 1228 1228 1228 1228 1229 1229 1229 1229 1230 1230 1230 1230 1231 1231 1231 1231 1232 1232 1232 1232 1229 1229 1229 1229 1231 1231 1231 1231 1232 1232 1232 1232 1233 1233 1233 1233 1229 1229 1229 1229 1234 1234 1234 1234 1233 1233 1233 1233 1232 1232 1232 1232 1232 1232 1232 1232 1231 1231 1231 1231 1235 1235 1235 1235 1235 1235 1235 1235 1234 1234 1234 1234 1232 1232 1232 1232 1231 1231 1231 1231 1236 1236 1236 1236 1235 1235 1235 1235 1235 1235 1235 1235 1236 1236 1236 1236 1237 1237 1237 1237 1235 1235 1235 1235 1238 1238 1238 1238 1234 1234 1234 1234 1238 1238 1238 1238 1235 1235 1235 1235 1237 1237 1237 1237 1234 1234 1234 1234 1238 1238 1238 1238 1239 1239 1239 1239 1238 1238 1238 1238 1237 1237 1237 1237 1240 1240 1240 1240 1238 1238 1238 1238 1240 1240 1240 1240 1239 1239 1239 1239 1237 1237 1237 1237 1241 1241 1241 1241 1240 1240 1240 1240 1240 1240 1240 1240 1241 1241 1241 1241 1242 1242 1242 1242 1239 1239 1239 1239 1240 1240 1240 1240 1243 1243 1243 1243 1243 1243 1243 1243 1240 1240 1240 1240 1242 1242 1242 1242 1239 1239 1239 1239 1243 1243 1243 1243 1244 1244 1244 1244 1243 1243 1243 1243 1242 1242 1242 1242 1245 1245 1245 1245 1243 1243 1243 1243 1245 1245 1245 1245 1244 1244 1244 1244 1242 1242 1242 1242 1246 1246 1246 1246 1245 1245 1245 1245 1245 1245 1245 1245 1246 1246 1246 1246 1247 1247 1247 1247 1248 1248 1248 1248 1244 1244 1244 1244 1245 1245 1245 1245 1248 1248 1248 1248 1245 1245 1245 1245 1247 1247 1247 1247 1249 1249 1249 1249 1244 1244 1244 1244 1248 1248 1248 1248 1248 1248 1248 1248 1247 1247 1247 1247 1250 1250 1250 1250 1251 1251 1251 1251 1249 1249 1249 1249 1248 1248 1248 1248 1251 1251 1251 1251 1248 1248 1248 1248 1250 1250 1250 1250 </p>
        </triangles>
      </mesh>
    </geometry>
  </library_geometries>
  <library_controllers>
    <controller id="Armature_CollisionM__CollisionC-mesh">
      <skin source="#CollisionM__CollisionC-mesh">
        <bind_shape_matrix>1 0 0 0 0 1 0 0 0 0 1 0 0 0 0 1</bind_shape_matrix>
        <source id="CollisionM__CollisionC-mesh-joint">
          <Name_array id="CollisionM__CollisionC-mesh-joint-array" count="1">CmFillerObjectBL</Name_array>
          <technique_common>
            <accessor source="#CollisionM__CollisionC-mesh-joint-array" count="1" stride="1">
              <param name="JOINT" type="name" />
            </accessor>
          </technique_common>
        </source>
        <source id="CollisionM__CollisionC-mesh-inv_bind_matrix">
          <float_array id="CollisionM__CollisionC-mesh-inv_bind_matrix-array" count="16">1 0 0 0 0 1 0 0 0 0 1 0 0 0 0 1</float_array>
          <technique_common>
            <accessor source="#CollisionM__CollisionC-mesh-inv_bind_matrix-array" count="1" stride="16">
              <param name="TRANSFORM" type="float4x4" />
            </accessor>
          </technique_common>
        </source>
        <source id="CollisionM__CollisionC-mesh-weight">
          <float_array id="CollisionM__CollisionC-mesh-weight-array" count="1">1</float_array>
          <technique_common>
            <accessor source="#CollisionM__CollisionC-mesh-weight-array" count="1" stride="1">
              <param name="WEIGHT" type="float" />
            </accessor>
          </technique_common>
        </source>
        <joints>
          <input semantic="JOINT" source="#CollisionM__CollisionC-mesh-joint" />
          <input semantic="INV_BIND_MATRIX" source="#CollisionM__CollisionC-mesh-inv_bind_matrix" />
        </joints>
        <vertex_weights count="1">
          <input semantic="JOINT" source="#CollisionM__CollisionC-mesh-joint" offset="0" />
          <input semantic="WEIGHT" source="#CollisionM__CollisionC-mesh-weight" offset="1" />
          <vcount>1 </vcount>
          <v>0 0 </v>
        </vertex_weights>
      </skin>
    </controller>
    <controller id="Armature_dai__CmFillerObjectBC-mesh">
      <skin source="#dai__CmFillerObjectBC-mesh">
        <bind_shape_matrix>1 0 0 0 0 1 0 0 0 0 1 0 0 0 0 1</bind_shape_matrix>
        <source id="dai__CmFillerObjectBC-mesh-joint">
          <Name_array id="dai__CmFillerObjectBC-mesh-joint-array" count="1">CmFillerObjectBL</Name_array>
          <technique_common>
            <accessor source="#dai__CmFillerObjectBC-mesh-joint-array" count="1" stride="1">
              <param name="JOINT" type="name" />
            </accessor>
          </technique_common>
        </source>
        <source id="dai__CmFillerObjectBC-mesh-inv_bind_matrix">
          <float_array id="dai__CmFillerObjectBC-mesh-inv_bind_matrix-array" count="16">1 0 0 0 0 1 0 0 0 0 1 0 0 0 0 1</float_array>
          <technique_common>
            <accessor source="#dai__CmFillerObjectBC-mesh-inv_bind_matrix-array" count="1" stride="16">
              <param name="TRANSFORM" type="float4x4" />
            </accessor>
          </technique_common>
        </source>
        <source id="dai__CmFillerObjectBC-mesh-weight">
          <float_array id="dai__CmFillerObjectBC-mesh-weight-array" count="1">1</float_array>
          <technique_common>
            <accessor source="#dai__CmFillerObjectBC-mesh-weight-array" count="1" stride="1">
              <param name="WEIGHT" type="float" />
            </accessor>
          </technique_common>
        </source>
        <joints>
          <input semantic="JOINT" source="#dai__CmFillerObjectBC-mesh-joint" />
          <input semantic="INV_BIND_MATRIX" source="#dai__CmFillerObjectBC-mesh-inv_bind_matrix" />
        </joints>
        <vertex_weights count="2012">
          <input semantic="JOINT" source="#dai__CmFillerObjectBC-mesh-joint" offset="0" />
          <input semantic="WEIGHT" source="#dai__CmFillerObjectBC-mesh-weight" offset="1" />
          <vcount>1 1 1 1 1 1 1 1 1 1 1 1 1 1 1 1 1 1 1 1 1 1 1 1 1 1 1 1 1 1 1 1 1 1 1 1 1 1 1 1 1 1 1 1 1 1 1 1 1 1 1 1 1 1 1 1 1 1 1 1 1 1 1 1 1 1 1 1 1 1 1 1 1 1 1 1 1 1 1 1 1 1 1 1 1 1 1 1 1 1 1 1 1 1 1 1 1 1 1 1 1 1 1 1 1 1 1 1 1 1 1 1 1 1 1 1 1 1 1 1 1 1 1 1 1 1 1 1 1 1 1 1 1 1 1 1 1 1 1 1 1 1 1 1 1 1 1 1 1 1 1 1 1 1 1 1 1 1 1 1 1 1 1 1 1 1 1 1 1 1 1 1 1 1 1 1 1 1 1 1 1 1 1 1 1 1 1 1 1 1 1 1 1 1 1 1 1 1 1 1 1 1 1 1 1 1 1 1 1 1 1 1 1 1 1 1 1 1 1 1 1 1 1 1 1 1 1 1 1 1 1 1 1 1 1 1 1 1 1 1 1 1 1 1 1 1 1 1 1 1 1 1 1 1 1 1 1 1 1 1 1 1 1 1 1 1 1 1 1 1 1 1 1 1 1 1 1 1 1 1 1 1 1 1 1 1 1 1 1 1 1 1 1 1 1 1 1 1 1 1 1 1 1 1 1 1 1 1 1 1 1 1 1 1 1 1 1 1 1 1 1 1 1 1 1 1 1 1 1 1 1 1 1 1 1 1 1 1 1 1 1 1 1 1 1 1 1 1 1 1 1 1 1 1 1 1 1 1 1 1 1 1 1 1 1 1 1 1 1 1 1 1 1 1 1 1 1 1 1 1 1 1 1 1 1 1 1 1 1 1 1 1 1 1 1 1 1 1 1 1 1 1 1 1 1 1 1 1 1 1 1 1 1 1 1 1 1 1 1 1 1 1 1 1 1 1 1 1 1 1 1 1 1 1 1 1 1 1 1 1 1 1 1 1 1 1 1 1 1 1 1 1 1 1 1 1 1 1 1 1 1 1 1 1 1 1 1 1 1 1 1 1 1 1 1 1 1 1 1 1 1 1 1 1 1 1 1 1 1 1 1 1 1 1 1 1 1 1 1 1 1 1 1 1 1 1 1 1 1 1 1 1 1 1 1 1 1 1 1 1 1 1 1 1 1 1 1 1 1 1 1 1 1 1 1 1 1 1 1 1 1 1 1 1 1 1 1 1 1 1 1 1 1 1 1 1 1 1 1 1 1 1 1 1 1 1 1 1 1 1 1 1 1 1 1 1 1 1 1 1 1 1 1 1 1 1 1 1 1 1 1 1 1 1 1 1 1 1 1 1 1 1 1 1 1 1 1 1 1 1 1 1 1 1 1 1 1 1 1 1 1 1 1 1 1 1 1 1 1 1 1 1 1 1 1 1 1 1 1 1 1 1 1 1 1 1 1 1 1 1 1 1 1 1 1 1 1 1 1 1 1 1 1 1 1 1 1 1 1 1 1 1 1 1 1 1 1 1 1 1 1 1 1 1 1 1 1 1 1 1 1 1 1 1 1 1 1 1 1 1 1 1 1 1 1 1 1 1 1 1 1 1 1 1 1 1 1 1 1 1 1 1 1 1 1 1 1 1 1 1 1 1 1 1 1 1 1 1 1 1 1 1 1 1 1 1 1 1 1 1 1 1 1 1 1 1 1 1 1 1 1 1 1 1 1 1 1 1 1 1 1 1 1 1 1 1 1 1 1 1 1 1 1 1 1 1 1 1 1 1 1 1 1 1 1 1 1 1 1 1 1 1 1 1 1 1 1 1 1 1 1 1 1 1 1 1 1 1 1 1 1 1 1 1 1 1 1 1 1 1 1 1 1 1 1 1 1 1 1 1 1 1 1 1 1 1 1 1 1 1 1 1 1 1 1 1 1 1 1 1 1 1 1 1 1 1 1 1 1 1 1 1 1 1 1 1 1 1 1 1 1 1 1 1 1 1 1 1 1 1 1 1 1 1 1 1 1 1 1 1 1 1 1 1 1 1 1 1 1 1 1 1 1 1 1 1 1 1 1 1 1 1 1 1 1 1 1 1 1 1 1 1 1 1 1 1 1 1 1 1 1 1 1 1 1 1 1 1 1 1 1 1 1 1 1 1 1 1 1 1 1 1 1 1 1 1 1 1 1 1 1 1 1 1 1 1 1 1 1 1 1 1 1 1 1 1 1 1 1 1 1 1 1 1 1 1 1 1 1 1 1 1 1 1 1 1 1 1 1 1 1 1 1 1 1 1 1 1 1 1 1 1 1 1 1 1 1 1 1 1 1 1 1 1 1 1 1 1 1 1 1 1 1 1 1 1 1 1 1 1 1 1 1 1 1 1 1 1 1 1 1 1 1 1 1 1 1 1 1 1 1 1 1 1 1 1 1 1 1 1 1 1 1 1 1 1 1 1 1 1 1 1 1 1 1 1 1 1 1 1 1 1 1 1 1 1 1 1 1 1 1 1 1 1 1 1 1 1 1 1 1 1 1 1 1 1 1 1 1 1 1 1 1 1 1 1 1 1 1 1 1 1 1 1 1 1 1 1 1 1 1 1 1 1 1 1 1 1 1 1 1 1 1 1 1 1 1 1 1 1 1 1 1 1 1 1 1 1 1 1 1 1 1 1 1 1 1 1 1 1 1 1 1 1 1 1 1 1 1 1 1 1 1 1 1 1 1 1 1 1 1 1 1 1 1 1 1 1 1 1 1 1 1 1 1 1 1 1 1 1 1 1 1 1 1 1 1 1 1 1 1 1 1 1 1 1 1 1 1 1 1 1 1 1 1 1 1 1 1 1 1 1 1 1 1 1 1 1 1 1 1 1 1 1 1 1 1 1 1 1 1 1 1 1 1 1 1 1 1 1 1 1 1 1 1 1 1 1 1 1 1 1 1 1 1 1 1 1 1 1 1 1 1 1 1 1 1 1 1 1 1 1 1 1 1 1 1 1 1 1 1 1 1 1 1 1 1 1 1 1 1 1 1 1 1 1 1 1 1 1 1 1 1 1 1 1 1 1 1 1 1 1 1 1 1 1 1 1 1 1 1 1 1 1 1 1 1 1 1 1 1 1 1 1 1 1 1 1 1 1 1 1 1 1 1 1 1 1 1 1 1 1 1 1 1 1 1 1 1 1 1 1 1 1 1 1 1 1 1 1 1 1 1 1 1 1 1 1 1 1 1 1 1 1 1 1 1 1 1 1 1 1 1 1 1 1 1 1 1 1 1 1 1 1 1 1 1 1 1 1 1 1 1 1 1 1 1 1 1 1 1 1 1 1 1 1 1 1 1 1 1 1 1 1 1 1 1 1 1 1 1 1 1 1 1 1 1 1 1 1 1 1 1 1 1 1 1 1 1 1 1 1 1 1 1 1 1 1 1 1 1 1 1 1 1 1 1 1 1 1 1 1 1 1 1 1 1 1 1 1 1 1 1 1 1 1 1 1 1 1 1 1 1 1 1 1 1 1 1 1 1 1 1 1 1 1 1 1 1 1 1 1 1 1 1 1 1 1 1 1 1 1 1 1 1 1 1 1 1 1 1 1 1 1 1 1 1 1 1 1 1 1 1 1 1 1 1 1 1 1 1 1 1 1 1 1 1 1 1 1 1 1 1 1 1 1 1 1 1 1 1 1 1 1 1 1 1 1 1 1 1 1 1 1 1 1 1 1 1 1 1 1 1 1 1 1 1 1 1 1 1 1 1 1 1 1 1 1 1 1 1 1 1 1 1 1 1 1 1 1 1 1 1 1 1 1 1 1 1 1 1 1 1 1 1 1 1 1 1 1 1 1 1 1 1 1 1 1 1 1 1 1 1 1 1 1 1 1 1 1 1 1 1 1 1 1 1 1 1 1 1 1 1 1 1 1 1 1 1 1 1 1 1 1 1 1 1 1 1 1 1 1 1 1 1 1 1 1 1 1 1 1 1 1 1 1 1 1 1 1 1 1 1 1 1 1 1 1 1 1 1 1 1 1 1 1 1 1 1 1 1 1 1 1 1 1 1 1 1 1 1 1 1 1 1 1 1 1 1 1 1 1 1 1 1 1 1 1 1 1 1 1 1 1 1 1 1 1 1 1 1 1 1 1 1 1 1 1 1 1 1 1 1 1 1 1 1 1 1 1 1 1 1 1 1 1 1 1 1 1 1 1 1 1 1 1 1 1 1 1 1 1 1 1 1 1 1 1 1 1 1 1 1 1 1 1 1 1 1 1 1 1 1 1 1 1 1 1 1 1 1 1 1 1 1 1 1 1 1 1 1 1 1 1 1 1 1 1 1 1 1 1 1 1 1 1 1 1 1 1 1 1 1 1 1 1 1 1 1 1 1 1 1 1 1 1 1 1 1 1 1 1 1 1 1 1 1 1 1 1 1 1 1 1 1 1 1 1 1 1 1 1 1 1 1 1 1 1 1 1 1 1 1 1 1 1 1 1 1 1 1 1 1 1 1 1 1 1 1 1 1 1 1 1 1 1 1 1 1 1 1 1 </vcount>
          <v>0 0 0 0 0 0 0 0 0 0 0 0 0 0 0 0 0 0 0 0 0 0 0 0 0 0 0 0 0 0 0 0 0 0 0 0 0 0 0 0 0 0 0 0 0 0 0 0 0 0 0 0 0 0 0 0 0 0 0 0 0 0 0 0 0 0 0 0 0 0 0 0 0 0 0 0 0 0 0 0 0 0 0 0 0 0 0 0 0 0 0 0 0 0 0 0 0 0 0 0 0 0 0 0 0 0 0 0 0 0 0 0 0 0 0 0 0 0 0 0 0 0 0 0 0 0 0 0 0 0 0 0 0 0 0 0 0 0 0 0 0 0 0 0 0 0 0 0 0 0 0 0 0 0 0 0 0 0 0 0 0 0 0 0 0 0 0 0 0 0 0 0 0 0 0 0 0 0 0 0 0 0 0 0 0 0 0 0 0 0 0 0 0 0 0 0 0 0 0 0 0 0 0 0 0 0 0 0 0 0 0 0 0 0 0 0 0 0 0 0 0 0 0 0 0 0 0 0 0 0 0 0 0 0 0 0 0 0 0 0 0 0 0 0 0 0 0 0 0 0 0 0 0 0 0 0 0 0 0 0 0 0 0 0 0 0 0 0 0 0 0 0 0 0 0 0 0 0 0 0 0 0 0 0 0 0 0 0 0 0 0 0 0 0 0 0 0 0 0 0 0 0 0 0 0 0 0 0 0 0 0 0 0 0 0 0 0 0 0 0 0 0 0 0 0 0 0 0 0 0 0 0 0 0 0 0 0 0 0 0 0 0 0 0 0 0 0 0 0 0 0 0 0 0 0 0 0 0 0 0 0 0 0 0 0 0 0 0 0 0 0 0 0 0 0 0 0 0 0 0 0 0 0 0 0 0 0 0 0 0 0 0 0 0 0 0 0 0 0 0 0 0 0 0 0 0 0 0 0 0 0 0 0 0 0 0 0 0 0 0 0 0 0 0 0 0 0 0 0 0 0 0 0 0 0 0 0 0 0 0 0 0 0 0 0 0 0 0 0 0 0 0 0 0 0 0 0 0 0 0 0 0 0 0 0 0 0 0 0 0 0 0 0 0 0 0 0 0 0 0 0 0 0 0 0 0 0 0 0 0 0 0 0 0 0 0 0 0 0 0 0 0 0 0 0 0 0 0 0 0 0 0 0 0 0 0 0 0 0 0 0 0 0 0 0 0 0 0 0 0 0 0 0 0 0 0 0 0 0 0 0 0 0 0 0 0 0 0 0 0 0 0 0 0 0 0 0 0 0 0 0 0 0 0 0 0 0 0 0 0 0 0 0 0 0 0 0 0 0 0 0 0 0 0 0 0 0 0 0 0 0 0 0 0 0 0 0 0 0 0 0 0 0 0 0 0 0 0 0 0 0 0 0 0 0 0 0 0 0 0 0 0 0 0 0 0 0 0 0 0 0 0 0 0 0 0 0 0 0 0 0 0 0 0 0 0 0 0 0 0 0 0 0 0 0 0 0 0 0 0 0 0 0 0 0 0 0 0 0 0 0 0 0 0 0 0 0 0 0 0 0 0 0 0 0 0 0 0 0 0 0 0 0 0 0 0 0 0 0 0 0 0 0 0 0 0 0 0 0 0 0 0 0 0 0 0 0 0 0 0 0 0 0 0 0 0 0 0 0 0 0 0 0 0 0 0 0 0 0 0 0 0 0 0 0 0 0 0 0 0 0 0 0 0 0 0 0 0 0 0 0 0 0 0 0 0 0 0 0 0 0 0 0 0 0 0 0 0 0 0 0 0 0 0 0 0 0 0 0 0 0 0 0 0 0 0 0 0 0 0 0 0 0 0 0 0 0 0 0 0 0 0 0 0 0 0 0 0 0 0 0 0 0 0 0 0 0 0 0 0 0 0 0 0 0 0 0 0 0 0 0 0 0 0 0 0 0 0 0 0 0 0 0 0 0 0 0 0 0 0 0 0 0 0 0 0 0 0 0 0 0 0 0 0 0 0 0 0 0 0 0 0 0 0 0 0 0 0 0 0 0 0 0 0 0 0 0 0 0 0 0 0 0 0 0 0 0 0 0 0 0 0 0 0 0 0 0 0 0 0 0 0 0 0 0 0 0 0 0 0 0 0 0 0 0 0 0 0 0 0 0 0 0 0 0 0 0 0 0 0 0 0 0 0 0 0 0 0 0 0 0 0 0 0 0 0 0 0 0 0 0 0 0 0 0 0 0 0 0 0 0 0 0 0 0 0 0 0 0 0 0 0 0 0 0 0 0 0 0 0 0 0 0 0 0 0 0 0 0 0 0 0 0 0 0 0 0 0 0 0 0 0 0 0 0 0 0 0 0 0 0 0 0 0 0 0 0 0 0 0 0 0 0 0 0 0 0 0 0 0 0 0 0 0 0 0 0 0 0 0 0 0 0 0 0 0 0 0 0 0 0 0 0 0 0 0 0 0 0 0 0 0 0 0 0 0 0 0 0 0 0 0 0 0 0 0 0 0 0 0 0 0 0 0 0 0 0 0 0 0 0 0 0 0 0 0 0 0 0 0 0 0 0 0 0 0 0 0 0 0 0 0 0 0 0 0 0 0 0 0 0 0 0 0 0 0 0 0 0 0 0 0 0 0 0 0 0 0 0 0 0 0 0 0 0 0 0 0 0 0 0 0 0 0 0 0 0 0 0 0 0 0 0 0 0 0 0 0 0 0 0 0 0 0 0 0 0 0 0 0 0 0 0 0 0 0 0 0 0 0 0 0 0 0 0 0 0 0 0 0 0 0 0 0 0 0 0 0 0 0 0 0 0 0 0 0 0 0 0 0 0 0 0 0 0 0 0 0 0 0 0 0 0 0 0 0 0 0 0 0 0 0 0 0 0 0 0 0 0 0 0 0 0 0 0 0 0 0 0 0 0 0 0 0 0 0 0 0 0 0 0 0 0 0 0 0 0 0 0 0 0 0 0 0 0 0 0 0 0 0 0 0 0 0 0 0 0 0 0 0 0 0 0 0 0 0 0 0 0 0 0 0 0 0 0 0 0 0 0 0 0 0 0 0 0 0 0 0 0 0 0 0 0 0 0 0 0 0 0 0 0 0 0 0 0 0 0 0 0 0 0 0 0 0 0 0 0 0 0 0 0 0 0 0 0 0 0 0 0 0 0 0 0 0 0 0 0 0 0 0 0 0 0 0 0 0 0 0 0 0 0 0 0 0 0 0 0 0 0 0 0 0 0 0 0 0 0 0 0 0 0 0 0 0 0 0 0 0 0 0 0 0 0 0 0 0 0 0 0 0 0 0 0 0 0 0 0 0 0 0 0 0 0 0 0 0 0 0 0 0 0 0 0 0 0 0 0 0 0 0 0 0 0 0 0 0 0 0 0 0 0 0 0 0 0 0 0 0 0 0 0 0 0 0 0 0 0 0 0 0 0 0 0 0 0 0 0 0 0 0 0 0 0 0 0 0 0 0 0 0 0 0 0 0 0 0 0 0 0 0 0 0 0 0 0 0 0 0 0 0 0 0 0 0 0 0 0 0 0 0 0 0 0 0 0 0 0 0 0 0 0 0 0 0 0 0 0 0 0 0 0 0 0 0 0 0 0 0 0 0 0 0 0 0 0 0 0 0 0 0 0 0 0 0 0 0 0 0 0 0 0 0 0 0 0 0 0 0 0 0 0 0 0 0 0 0 0 0 0 0 0 0 0 0 0 0 0 0 0 0 0 0 0 0 0 0 0 0 0 0 0 0 0 0 0 0 0 0 0 0 0 0 0 0 0 0 0 0 0 0 0 0 0 0 0 0 0 0 0 0 0 0 0 0 0 0 0 0 0 0 0 0 0 0 0 0 0 0 0 0 0 0 0 0 0 0 0 0 0 0 0 0 0 0 0 0 0 0 0 0 0 0 0 0 0 0 0 0 0 0 0 0 0 0 0 0 0 0 0 0 0 0 0 0 0 0 0 0 0 0 0 0 0 0 0 0 0 0 0 0 0 0 0 0 0 0 0 0 0 0 0 0 0 0 0 0 0 0 0 0 0 0 0 0 0 0 0 0 0 0 0 0 0 0 0 0 0 0 0 0 0 0 0 0 0 0 0 0 0 0 0 0 0 0 0 0 0 0 0 0 0 0 0 0 0 0 0 0 0 0 0 0 0 0 0 0 0 0 0 0 0 0 0 0 0 0 0 0 0 0 0 0 0 0 0 0 0 0 0 0 0 0 0 0 0 0 0 0 0 0 0 0 0 0 0 0 0 0 0 0 0 0 0 0 0 0 0 0 0 0 0 0 0 0 0 0 0 0 0 0 0 0 0 0 0 0 0 0 0 0 0 0 0 0 0 0 0 0 0 0 0 0 0 0 0 0 0 0 0 0 0 0 0 0 0 0 0 0 0 0 0 0 0 0 0 0 0 0 0 0 0 0 0 0 0 0 0 0 0 0 0 0 0 0 0 0 0 0 0 0 0 0 0 0 0 0 0 0 0 0 0 0 0 0 0 0 0 0 0 0 0 0 0 0 0 0 0 0 0 0 0 0 0 0 0 0 0 0 0 0 0 0 0 0 0 0 0 0 0 0 0 0 0 0 0 0 0 0 0 0 0 0 0 0 0 0 0 0 0 0 0 0 0 0 0 0 0 0 0 0 0 0 0 0 0 0 0 0 0 0 0 0 0 0 0 0 0 0 0 0 0 0 0 0 0 0 0 0 0 0 0 0 0 0 0 0 0 0 0 0 0 0 0 0 0 0 0 0 0 0 0 0 0 0 0 0 0 0 0 0 0 0 0 0 0 0 0 0 0 0 0 0 0 0 0 0 0 0 0 0 0 0 0 0 0 0 0 0 0 0 0 0 0 0 0 0 0 0 0 0 0 0 0 0 0 0 0 0 0 0 0 0 0 0 0 0 0 0 0 0 0 0 0 0 0 0 0 0 0 0 0 0 0 0 0 0 0 0 0 0 0 0 0 0 0 0 0 0 0 0 0 0 0 0 0 0 0 0 0 0 0 0 0 0 0 0 0 0 0 0 0 0 0 0 0 0 0 0 0 0 0 0 0 0 0 0 0 0 0 0 0 0 0 0 0 0 0 0 0 0 0 0 0 0 0 0 0 0 0 0 0 0 0 0 0 0 0 0 0 0 0 0 0 0 0 0 0 0 0 0 0 0 0 0 0 0 0 0 0 0 0 0 0 0 0 0 0 0 0 0 0 0 0 0 0 0 0 0 0 0 0 0 0 0 0 0 0 0 0 0 0 0 0 0 0 0 0 0 0 0 0 0 0 0 0 0 0 0 0 0 0 0 0 0 0 0 0 0 0 0 0 0 0 0 0 0 0 0 0 0 0 0 0 0 0 0 0 0 0 0 0 0 0 0 0 0 0 0 0 0 0 0 0 0 0 0 0 0 0 0 0 0 0 0 0 0 0 0 0 0 0 0 0 0 0 0 0 0 0 0 0 0 0 0 0 0 0 0 0 0 0 0 0 0 0 0 0 0 0 0 0 0 0 0 0 0 0 0 0 0 0 0 0 0 0 0 0 0 0 0 0 0 0 0 0 0 0 0 0 0 0 0 0 0 0 0 0 0 0 0 0 0 0 0 0 0 0 0 0 0 0 0 0 0 0 0 0 0 0 0 0 0 0 0 0 0 0 0 0 0 0 0 0 0 0 0 0 0 0 0 0 0 0 0 0 0 0 0 0 0 0 0 0 0 0 0 0 0 0 0 0 0 0 0 0 0 0 0 0 0 0 0 0 0 0 0 0 0 0 0 0 0 0 0 0 0 0 0 0 0 0 0 0 0 0 0 0 0 0 0 0 0 0 0 0 0 0 0 0 0 0 0 0 0 0 0 0 0 0 0 0 0 0 0 0 0 0 0 0 0 0 0 0 0 0 0 0 0 0 0 0 0 0 0 0 0 0 0 0 0 0 0 0 0 0 0 0 0 0 0 0 0 0 0 0 0 0 0 0 0 0 0 0 0 0 0 0 0 0 0 0 0 0 0 0 0 0 0 0 0 0 0 0 0 0 0 0 0 0 0 0 0 0 0 0 0 0 0 0 0 0 0 0 0 0 0 0 0 0 0 0 0 0 0 0 0 0 0 0 0 0 0 0 0 0 0 0 0 0 0 0 0 0 0 0 0 0 0 0 0 0 0 0 0 0 0 0 0 0 0 0 0 0 0 0 0 0 0 0 0 0 0 0 0 0 0 0 0 0 0 0 0 0 0 0 0 0 0 0 0 0 0 0 0 0 0 0 0 0 0 0 0 0 0 0 0 0 0 0 0 0 0 0 0 0 0 0 0 0 0 0 0 0 0 0 0 0 0 0 0 0 0 0 0 0 0 0 0 0 0 0 0 0 0 0 0 0 0 0 0 0 0 0 0 0 0 0 0 0 0 0 0 0 0 0 0 0 0 0 0 0 0 0 0 0 0 0 0 0 0 0 0 0 0 0 0 0 0 0 0 0 0 0 0 0 0 0 0 0 0 0 0 0 0 0 0 0 0 0 0 0 0 0 0 0 0 0 0 0 0 0 0 0 0 0 0 0 0 0 0 0 0 0 0 0 0 0 0 0 0 0 0 0 0 0 0 0 0 0 0 0 0 0 0 0 0 0 0 0 0 0 0 0 0 0 0 0 0 0 0 0 0 0 0 0 0 0 0 0 0 0 0 0 0 0 0 0 0 0 0 0 0 0 0 0 0 0 0 0 0 0 0 0 0 0 0 0 0 0 0 0 0 0 0 0 0 0 0 0 0 0 0 0 0 0 0 0 0 0 0 0 0 0 0 0 0 0 0 0 0 0 0 0 0 0 0 0 0 0 0 0 0 0 0 0 0 0 0 0 0 0 0 0 0 0 0 0 0 0 0 0 0 0 0 0 0 0 0 0 0 0 0 0 0 0 0 0 0 0 0 0 0 0 0 0 0 0 0 0 0 0 0 0 0 0 0 0 0 0 0 0 0 0 0 0 0 0 0 0 0 0 0 0 0 0 0 0 0 0 0 0 0 0 0 0 0 0 0 0 0 0 0 0 0 0 0 0 0 0 0 0 0 0 0 0 0 0 0 0 0 0 0 0 0 0 0 0 0 0 0 0 0 0 0 0 0 0 0 0 0 0 0 0 0 0 0 0 0 0 0 0 0 0 0 0 0 0 0 0 0 0 0 0 0 0 0 0 0 0 0 0 0 0 0 0 0 0 0 0 0 0 0 0 0 0 0 0 0 0 0 0 0 0 0 0 0 0 0 0 0 0 0 0 0 0 0 0 0 0 0 0 0 0 0 0 0 0 0 0 0 0 0 0 0 0 0 0 0 0 0 0 0 0 0 0 0 0 0 0 0 0 0 0 0 0 0 0 0 0 0 0 0 0 0 0 0 0 0 0 0 0 0 0 0 0 0 0 0 0 0 0 0 0 0 0 0 0 0 0 0 0 0 0 0 0 0 0 0 0 0 0 0 0 0 0 0 0 0 0 0 0 0 0 0 0 0 0 0 0 0 0 0 0 0 0 0 0 0 0 0 0 0 0 0 0 0 0 0 0 0 0 0 0 0 0 0 0 0 0 0 0 0 0 0 0 0 0 0 0 0 0 0 0 0 0 0 0 0 0 0 0 0 0 0 0 0 0 0 0 0 0 0 0 0 0 0 0 0 0 0 0 0 0 0 0 0 0 0 0 0 0 0 0 0 0 0 0 0 0 0 0 0 0 0 0 0 0 0 0 0 0 0 0 0 0 0 0 0 0 0 0 0 0 0 0 0 0 0 0 0 0 0 0 0 0 0 0 0 0 0 0 0 0 0 0 0 0 0 0 0 0 0 0 0 0 0 0 0 0 0 0 0 0 0 0 0 0 0 0 0 0 0 0 0 0 0 0 0 0 0 0 0 0 0 0 0 0 0 0 0 0 0 0 0 0 0 0 0 0 0 0 0 0 0 0 0 0 0 0 0 0 0 0 0 0 0 0 0 0 0 0 0 0 0 0 0 0 0 0 0 0 0 0 0 0 0 0 0 0 0 0 0 0 0 0 0 0 0 0 0 0 0 0 0 0 0 0 0 0 0 0 0 0 0 0 0 0 0 0 0 0 0 0 0 0 0 0 0 0 0 0 0 0 0 0 0 0 0 0 0 0 0 0 0 0 0 0 0 0 0 0 0 0 0 0 0 0 0 0 0 0 0 0 0 0 0 0 0 0 0 0 0 0 0 0 0 0 0 0 0 0 0 0 0 0 0 0 0 0 0 0 0 0 0 0 0 0 0 0 0 0 0 0 0 0 0 0 0 0 0 0 0 0 0 0 0 0 0 0 0 0 0 0 0 0 0 0 0 0 0 0 0 0 0 0 0 0 0 0 0 0 0 0 0 0 0 0 0 0 0 0 0 0 0 0 0 0 0 0 0 0 0 0 0 0 0 0 0 0 0 0 0 0 0 0 0 0 0 0 0 0 0 0 0 0 0 0 0 0 0 0 0 0 0 0 0 0 0 0 0 0 0 0 0 0 0 0 0 0 0 0 0 0 0 0 0 0 0 0 0 0 0 0 0 0 0 0 0 0 0 0 0 0 0 0 0 0 0 0 0 0 0 0 0 0 0 0 0 0 0 0 0 0 0 0 0 0 0 0 0 0 0 0 0 0 0 0 0 0 0 0 0 0 0 0 0 0 0 0 0 0 0 0 0 0 0 0 0 0 0 0 0 0 0 0 0 0 0 0 0 0 0 0 0 0 0 0 0 0 0 0 0 0 0 0 0 0 0 0 0 0 0 0 0 0 0 0 0 0 0 0 0 0 0 0 0 0 0 0 0 0 0 0 0 0 0 0 0 0 0 0 0 0 0 0 0 0 0 0 0 0 0 0 0 0 0 0 0 0 0 0 0 0 0 0 0 0 0 0 0 0 0 0 0 0 0 0 0 0 0 0 0 0 0 0 0 0 0 0 0 0 0 0 0 0 0 0 0 0 0 0 0 0 0 0 0 0 0 0 0 0 0 0 0 0 0 0 0 0 0 0 0 0 0 0 0 0 0 0 0 0 0 0 0 0 0 0 0 0 0 0 0 0 0 0 0 0 0 0 0 0 0 0 0 </v>
        </vertex_weights>
      </skin>
    </controller>
  </library_controllers>
  <library_visual_scenes>
    <visual_scene id="Scene" name="Scene">
      <node id="Armature" name="Armature" type="NODE">
        <matrix sid="transform">1 0 0 0 0 1 0 0 0 0 1 0 0 0 0 1</matrix>
        <node id="Armature_CmFillerObjectBL" name="CmFillerObjectBL" sid="CmFillerObjectBL" type="JOINT">
          <matrix sid="transform">1 0 0 0 0 1 0 0 0 0 1 0 0 0 0 1</matrix>
        </node>
      </node>
      <node id="CollisionM__CollisionC" name="CollisionM__CollisionC" type="NODE">
        <instance_controller url="#Armature_CollisionM__CollisionC-mesh">
          <skeleton>#Armature_CmFillerObjectBL</skeleton>
          <bind_material>
            <technique_common>
              <instance_material symbol="CollisionC" target="#CollisionC" />
              <bind_vertex_input semantic="CHANNEL0" input_semantic="TEXCOORD" input_set="0" />
              <bind_vertex_input semantic="CHANNEL1" input_semantic="TEXCOORD" input_set="1" />
              <bind_vertex_input semantic="CHANNEL2" input_semantic="TEXCOORD" input_set="2" />
            </technique_common>
          </bind_material>
        </instance_controller>
      </node>
      <node id="dai__CmFillerObjectBC" name="dai__CmFillerObjectBC" type="NODE">
        <instance_controller url="#Armature_dai__CmFillerObjectBC-mesh">
          <skeleton>#Armature_CmFillerObjectBL</skeleton>
          <bind_material>
            <technique_common>
              <instance_material symbol="CmFillerObjectBC" target="#CmFillerObjectBC" />
              <bind_vertex_input semantic="CHANNEL0" input_semantic="TEXCOORD" input_set="0" />
              <bind_vertex_input semantic="CHANNEL1" input_semantic="TEXCOORD" input_set="1" />
              <bind_vertex_input semantic="CHANNEL2" input_semantic="TEXCOORD" input_set="2" />
            </technique_common>
          </bind_material>
        </instance_controller>
      </node>
    </visual_scene>
  </library_visual_scenes>
  <scene>
    <instance_visual_scene url="#Scene" />
  </scene>
</COLLADA>