<?xml version="1.0" encoding="utf-8"?>
<COLLADA xmlns="http://www.collada.org/2005/11/COLLADASchema" version="1.4.1">
  <asset />
  <library_images>
    <image id="CmFillerObjectAC_BaseColor.261709288">
      <init_from>CmFillerObjectAC_BaseColor.261709288.png</init_from>
    </image>
    <image id="CmFillerObjectAC_MRA._1610996270">
      <init_from>CmFillerObjectAC_MRA._1610996270.png</init_from>
    </image>
    <image id="CmFillerObjectAC_Normal._87075814">
      <init_from>CmFillerObjectAC_Normal._87075814.png</init_from>
    </image>
  </library_images>
  <library_materials>
    <material id="CmFillerObjectAC">
      <instance_effect url="#Effect_CmFillerObjectAC" />
    </material>
    <material id="CollisionC">
      <instance_effect url="#Effect_CollisionC" />
    </material>
  </library_materials>
  <library_effects>
    <effect id="Effect_CmFillerObjectAC">
      <profile_COMMON>
        <newparam sid="surface_CmFillerObjectAC-diffuse">
          <surface type="2D">
            <init_from>CmFillerObjectAC_BaseColor.261709288</init_from>
            <format>A8R8G8B8</format>
          </surface>
        </newparam>
        <newparam sid="sampler_CmFillerObjectAC-diffuse">
          <sampler2D>
            <source>surface_CmFillerObjectAC-diffuse</source>
            <wrap_s>WRAP</wrap_s>
            <wrap_t>WRAP</wrap_t>
          </sampler2D>
        </newparam>
        <newparam sid="surface_CmFillerObjectAC-bump">
          <surface type="2D">
            <init_from>CmFillerObjectAC_Normal._87075814</init_from>
            <format>A8R8G8B8</format>
          </surface>
        </newparam>
        <newparam sid="sampler_CmFillerObjectAC-bump">
          <sampler2D>
            <source>surface_CmFillerObjectAC-bump</source>
            <wrap_s>WRAP</wrap_s>
            <wrap_t>WRAP</wrap_t>
          </sampler2D>
        </newparam>
        <technique sid="common">
          <phong>
            <diffuse>
              <texture texture="sampler_CmFillerObjectAC-diffuse" texcoord="CHANNEL0" />
            </diffuse>
            <bump>
              <texture texture="sampler_CmFillerObjectAC-bump" texcoord="CHANNEL0" />
            </bump>
            <emission>
              <color sid="emission">0 0 0 1</color>
            </emission>
            <specular>
              <color sid="specular">0 0 0 1</color>
            </specular>
          </phong>
        </technique>
      </profile_COMMON>
    </effect>
    <effect id="Effect_CollisionC">
      <profile_COMMON>
        <technique sid="common">
          <phong>
            <diffuse>
              <color sid="diffuse">1 1 1 1</color>
            </diffuse>
            <emission>
              <color sid="emission">0 0 0 1</color>
            </emission>
            <specular>
              <color sid="specular">0 0 0 1</color>
            </specular>
          </phong>
        </technique>
      </profile_COMMON>
    </effect>
  </library_effects>
  <library_geometries>
    <geometry id="CmFillerObjectAL_CmFillerObjectAM_pCube35_polySurface2__CmFillerObjectAC-mesh" name="CmFillerObjectAL_CmFillerObjectAM_pCube35_polySurface2__CmFillerObjectAC">
      <mesh>
        <source id="CmFillerObjectAL_CmFillerObjectAM_pCube35_polySurface2__CmFillerObjectAC-position">
          <float_array id="CmFillerObjectAL_CmFillerObjectAM_pCube35_polySurface2__CmFillerObjectAC-position-array" count="6474">-0.9313912 0.4252565 -0.568705 -0.9507133 0.4236966 -0.3704287 -0.9475232 0.4225436 -0.5725674 0.9819441 0.3047311 -0.3632651 -0.9928274 0.3047311 -0.3632651 0.9819441 0.3047311 -0.4632651 -0.9928284 0.3047311 -0.4632651 0.9819412 0.3036071 0.5567033 -0.9928331 0.3036071 0.5567033 0.9819412 0.3036071 0.4567034 -0.9928331 0.3036071 0.4567034 0.9714851 0.3147311 -0.3632651 0.9714851 0.3147311 -0.4632651 -0.9824247 0.3147311 -0.3632651 -0.9824247 0.3147311 -0.4632651 0.9714813 0.3136071 0.5567033 0.9714813 0.3136071 0.4567034 -0.9824286 0.3136071 0.5567033 -0.9824286 0.3136071 0.4567034 0.6268873 -1.192093E-07 0.6244134 0.6268873 0.1100779 0.6244134 0.6268873 -8.940697E-08 -0.6425813 0.6268873 0.1100779 -0.6425813 -0.9419193 0.1100779 -0.9503845 -0.9419193 -7.450581E-08 -0.9503845 -0.9682436 0.1100779 -0.9394063 -0.9682436 -7.450581E-08 -0.9394063 -0.6364498 -1.192093E-07 0.6244134 -0.6364498 -8.940697E-08 -0.6425813 -0.6364498 0.1100779 0.6244134 -0.6364498 0.1100779 -0.6425813 -0.6364498 0.1100779 -0.6425813 -0.6364498 -8.940697E-08 -0.6425813 0.6268873 0.1100779 -0.6425813 0.6268873 -8.940697E-08 -0.6425813 -0.6364498 -1.192093E-07 0.6244134 -0.6364498 0.1100779 0.6244134 0.6268873 -1.192093E-07 0.6244134 0.6268873 0.1100779 0.6244134 0.6268873 0.3175915 0.6190338 0.9563265 0.3175915 0.6190338 0.6268873 0.1065139 0.6190341 0.9563265 0.1065139 0.6190341 0.6268873 0.1065139 0.6190341 0.6268873 0.1065139 0.9405053 0.6268873 0.3175915 0.6190338 0.6268873 0.3175915 0.9405053 -0.6364498 0.3175915 0.6207423 -0.6364498 0.3175915 0.9422131 -0.6364498 0.1065139 0.6207423 -0.6364498 0.1065138 0.9422135 -0.6364498 0.1065139 0.6207423 -0.965888 0.1065139 0.6207421 -0.6364498 0.3175915 0.6207423 -0.965888 0.3175915 0.6207426 0.1590252 0.1065139 0.6244134 -0.1704121 0.1065139 0.6244134 0.1590252 0.3175914 0.6244134 -0.1704121 0.3175914 0.6244134 0.1590252 0.3175914 0.9458846 -0.1704121 0.3175914 0.9458846 0.1590252 0.1065139 0.9458846 -0.1704121 0.1065139 0.9458846 -0.1704121 0.1065139 0.6244134 -0.1704121 0.1065139 0.9458846 -0.1704121 0.3175914 0.6244134 -0.1704121 0.3175914 0.9458846 0.1590252 0.1065139 0.9458846 0.1590252 0.1065139 0.6244134 0.1590252 0.3175914 0.9458846 0.1590252 0.3175914 0.6244134 0.6268873 0.3175915 -0.6180631 0.6268873 0.1065139 -0.6180633 0.9563265 0.3175915 -0.6180631 0.9563265 0.1065139 -0.6180633 0.6268873 0.1065139 -0.6180633 0.6268873 0.3175915 -0.6180631 0.6268873 0.1065139 -0.9395345 0.6268873 0.3175915 -0.9395345 -0.6364498 0.3175915 -0.6197716 -0.6364498 0.1065139 -0.6197716 -0.6364498 0.3175915 -0.9412423 -0.6364498 0.1065138 -0.9412428 -0.6364498 0.1065139 -0.6197716 -0.6364498 0.3175915 -0.6197716 -0.965888 0.1065139 -0.6197714 -0.965888 0.3175915 -0.6197718 0.1590252 0.1065139 -0.6234426 0.1590252 0.3175914 -0.6234426 -0.1704121 0.1065139 -0.6234426 -0.1704121 0.3175914 -0.6234426 0.1590252 0.3175914 -0.9449139 0.1590252 0.1065139 -0.9449139 -0.1704121 0.3175914 -0.9449139 -0.1704121 0.1065139 -0.9449139 -0.1704121 0.1065139 -0.6234426 -0.1704121 0.3175914 -0.6234426 -0.1704121 0.1065139 -0.9449139 -0.1704121 0.3175914 -0.9449139 0.1590252 0.1065139 -0.9449139 0.1590252 0.3175914 -0.9449139 0.1590252 0.1065139 -0.6234426 0.1590252 0.3175914 -0.6234426 -0.9685497 0.4236967 -0.9408374 -0.9312906 0.4236969 -0.9512672 -0.9685497 0.3136187 -0.9408374 -0.9312906 0.3136189 -0.9512672 0.9207116 1.857765 -0.3753209 0.9440617 1.910415 -0.3711071 0.9553208 1.911144 -0.3710364 0.9140562 1.959604 -0.3672291 0.943944 1.902023 -0.2655927 0.920592 1.849374 -0.2698064 0.9552011 1.902753 -0.2655218 0.9139366 1.951212 -0.2617147 0.9527044 1.592465 -0.2932343 0.9527044 1.600691 -0.3966587 0.9070192 1.922968 -0.2669463 0.9070192 1.931195 -0.3703708 0.9427972 1.591105 -0.2933425 0.8971112 1.921607 -0.2670545 0.9427972 1.59933 -0.3967671 0.8971112 1.929834 -0.3704791 0.9427972 1.591105 -0.2933425 0.9427972 1.59933 -0.3967671 0.9527044 1.592465 -0.2932343 0.9527044 1.600691 -0.3966587 0.9427972 1.59933 -0.3967671 0.8971112 1.929834 -0.3704791 0.9527044 1.600691 -0.3966587 0.9070192 1.931195 -0.3703708 0.8971112 1.921607 -0.2670545 0.9427972 1.591105 -0.2933425 0.9070192 1.922968 -0.2669463 0.9527044 1.592465 -0.2932343 -0.8978543 2.507861 0.4477969 -0.921503 2.56039 0.4437378 -0.932764 2.561061 0.4437378 -0.891778 2.609734 0.439679 -0.9220037 2.552011 0.3382234 -0.898354 2.499483 0.3422824 -0.9332647 2.552683 0.3382234 -0.8922777 2.601356 0.3341646 -0.9260935 2.241412 0.3658129 -0.9253157 2.249602 0.4692374 -0.8754011 2.571168 0.3393188 -0.8746234 2.579359 0.4427433 -0.9162095 2.239897 0.3658586 -0.8655171 2.569653 0.3393645 -0.9154317 2.248086 0.469283 -0.8647394 2.577842 0.442789 -0.9162095 2.239897 0.3658586 -0.9154317 2.248086 0.469283 -0.9260935 2.241412 0.3658129 -0.9253157 2.249602 0.4692374 -0.9154317 2.248086 0.469283 -0.8647394 2.577842 0.442789 -0.9253157 2.249602 0.4692374 -0.8746234 2.579359 0.4427433 -0.8655171 2.569653 0.3393645 -0.9162095 2.239897 0.3658586 -0.8754011 2.571168 0.3393188 -0.9260935 2.241412 0.3658129 0.4718077 2.502238 0.9024537 0.4711171 2.554423 0.9271767 0.4711534 2.554862 0.9384497 0.4702494 2.604525 0.898472 0.3652814 2.552825 0.9275885 0.3659737 2.50064 0.9028643 0.3653177 2.553265 0.9388616 0.3644136 2.602928 0.8988827 0.3729209 2.241845 0.9187807 0.4766586 2.243411 0.918378 0.3677677 2.574926 0.8865103 0.4715072 2.576492 0.8861076 0.3728968 2.24088 0.9088275 0.3677445 2.573961 0.876557 0.4766354 2.242446 0.9084247 0.4714832 2.575527 0.8761543 0.3728968 2.24088 0.9088275 0.4766354 2.242446 0.9084247 0.3729209 2.241845 0.9187807 0.4766586 2.243411 0.918378 0.4766354 2.242446 0.9084247 0.4714832 2.575527 0.8761543 0.4766586 2.243411 0.918378 0.4715072 2.576492 0.8861076 0.3677445 2.573961 0.876557 0.3728968 2.24088 0.9088275 0.3677677 2.574926 0.8865103 0.3729209 2.241845 0.9187807 -0.4067007 2.030255 0.926011 -0.403998 2.082378 0.9507253 -0.4039608 2.082818 0.9619984 -0.4014718 2.13242 0.9220118 -0.509707 2.087794 0.9508635 -0.5124089 2.035671 0.926148 -0.5096698 2.088234 0.9621365 -0.5071818 2.137835 0.9221488 -0.5226583 1.776988 0.9421167 -0.4190412 1.77168 0.9419824 -0.5056548 2.109669 0.909789 -0.4020415 2.104361 0.9096546 -0.5227196 1.776024 0.9321635 -0.5057171 2.108705 0.8998357 -0.4191034 1.770716 0.9320291 -0.4021028 2.103397 0.8997014 -0.5227196 1.776024 0.9321635 -0.4191034 1.770716 0.9320291 -0.5226583 1.776988 0.9421167 -0.4190412 1.77168 0.9419824 -0.4191034 1.770716 0.9320291 -0.4021028 2.103397 0.8997014 -0.4190412 1.77168 0.9419824 -0.4020415 2.104361 0.9096546 -0.5057171 2.108705 0.8998357 -0.5227196 1.776024 0.9321635 -0.5056548 2.109669 0.909789 -0.5226583 1.776988 0.9421167 0.5411472 -0.01000011 -0.9656118 0.5411472 -0.01000011 0.9620471 0.4411468 -0.01000011 -0.9656118 0.4411468 -0.01000011 0.9620471 -0.4671078 -0.01000011 -0.9656104 -0.4671078 -0.01000011 0.9620457 -0.5671082 -0.01000011 -0.9656104 -0.5671082 -0.01000011 0.9620457 0.5411472 -1.192093E-07 -0.9552064 0.4411468 -1.192093E-07 -0.9552064 0.5411472 -1.192093E-07 0.9516417 0.4411468 -1.192093E-07 0.9516417 -0.4671078 -1.192093E-07 -0.9552064 -0.5671082 -1.192093E-07 -0.9552064 -0.4671078 -1.192093E-07 0.9516417 -0.5671082 -1.192093E-07 0.9516417 -0.7539921 3.045967 -0.2107759 -0.7539911 3.045967 -0.3107758 -0.8233166 3.007087 -0.3107758 -0.8233166 3.007087 -0.2107759 -0.85394 2.938912 -0.3107758 -0.85394 2.938913 -0.2107759 -0.9928274 0.3047311 -0.3632651 -0.9928284 0.3047311 -0.4632651 -0.7539911 3.035967 0.4221493 -0.7539911 3.035967 0.3221494 -0.8233166 2.997087 0.3221494 -0.8233166 2.997087 0.4221493 -0.85394 2.928914 0.3221494 -0.8539391 2.928915 0.4221493 -0.9928331 0.3036071 0.5567033 -0.9928331 0.3036071 0.4567034 0.9714813 0.3136071 0.4567034 0.9714813 0.3136071 0.5567033 0.8428154 2.93376 0.4221493 0.8428154 2.93376 0.3221494 0.8075647 2.981858 0.4215813 0.8075647 2.981858 0.3215814 0.7509899 3.025967 0.3221494 0.7509899 3.025967 0.4221493 -0.7520533 3.025967 0.4221493 -0.7520533 3.025967 0.3221494 -0.8158445 2.989316 0.3221494 -0.8158445 2.989316 0.4221493 -0.8440237 2.926584 0.3221494 -0.8440237 2.926584 0.4221493 -0.9824286 0.3136071 0.5567033 -0.9824286 0.3136071 0.4567034 -0.7520533 3.035967 -0.3107758 -0.7539911 3.045967 -0.3107758 0.753705 3.045967 -0.3107758 0.7509899 3.035967 -0.3107758 0.8147068 2.99926 -0.3101345 0.8075666 2.991854 -0.3101345 0.8428154 2.94376 -0.3107758 0.8526859 2.946874 -0.3107758 0.9819441 0.3047311 -0.4632651 0.9714851 0.3147311 -0.4632651 -0.9928284 0.3047311 -0.4632651 -0.9824247 0.3147311 -0.4632651 -0.85394 2.938912 -0.3107758 -0.8440237 2.936584 -0.3107758 -0.8158445 2.999316 -0.3107758 -0.8233166 3.007087 -0.3107758 -0.7520533 3.035967 -0.3107758 -0.7539911 3.045967 -0.3107758 -0.7520533 3.035967 -0.2107759 -0.7539921 3.045967 -0.2107759 -0.8233166 3.007087 -0.2107759 -0.8158445 2.999316 -0.2107759 -0.85394 2.938913 -0.2107759 -0.8440237 2.936584 -0.2107759 -0.9928274 0.3047311 -0.3632651 -0.9824247 0.3147311 -0.3632651 0.9819441 0.3047311 -0.3632651 0.9714851 0.3147311 -0.3632651 0.8526859 2.946875 -0.2107759 0.8428154 2.94376 -0.2107759 0.8147087 2.999259 -0.2101346 0.8075666 2.991854 -0.2101346 0.7509899 3.035967 -0.2107759 0.7537041 3.045967 -0.2107759 -0.7539921 3.045967 -0.2107759 -0.7520533 3.035967 -0.2107759 -0.7520533 3.025967 0.3221494 -0.7539911 3.035967 0.3221494 0.7537041 3.035967 0.3221494 0.7509899 3.025967 0.3221494 0.8147049 2.989265 0.3215814 0.8075647 2.981858 0.3215814 0.8428154 2.93376 0.3221494 0.852685 2.936876 0.3221494 0.9819412 0.3036071 0.4567034 0.9714813 0.3136071 0.4567034 -0.9928331 0.3036071 0.4567034 -0.9824286 0.3136071 0.4567034 -0.85394 2.928914 0.3221494 -0.8440237 2.926584 0.3221494 -0.8158445 2.989316 0.3221494 -0.8233166 2.997087 0.3221494 -0.7520533 3.025967 0.3221494 -0.7539911 3.035967 0.3221494 -0.7520533 3.025967 0.4221493 -0.7539911 3.035967 0.4221493 -0.8233166 2.997087 0.4221493 -0.8158445 2.989316 0.4221493 -0.8539391 2.928915 0.4221493 -0.8440237 2.926584 0.4221493 -0.9928331 0.3036071 0.5567033 -0.9824286 0.3136071 0.5567033 0.9819412 0.3036071 0.5567033 0.9714813 0.3136071 0.5567033 0.852685 2.936875 0.4221493 0.8428154 2.93376 0.4221493 0.8147049 2.989265 0.4215813 0.8075647 2.981858 0.4215813 0.7509899 3.025967 0.4221493 0.7537041 3.035967 0.4221493 -0.7539911 3.035967 0.4221493 -0.7520533 3.025967 0.4221493 -0.9682436 0.1100779 -0.9394063 -0.9682436 -7.450581E-08 -0.9394063 -0.9794903 0.1100779 -0.9137245 -0.9794903 -4.470348E-08 -0.9137245 -0.9794941 0.1100779 0.9146457 -0.9794941 -1.341105E-07 0.9146457 -0.9682446 0.1100779 0.9403522 -0.9682446 -1.043081E-07 0.9403522 -0.9682446 0.1100779 0.9403522 -0.9682446 -1.043081E-07 0.9403522 -0.9419184 0.1100779 0.9513321 -0.9419184 -1.341105E-07 0.9513321 0.9296761 0.1100779 0.9513321 0.9296761 -1.341105E-07 0.9513321 0.9560022 -1.043081E-07 0.9403522 0.9560022 0.1100779 0.9403522 0.9439192 0.1065139 0.9283986 0.9439192 0.3175915 0.9283986 0.9148026 0.3175915 0.9405053 0.9148026 0.1065139 0.9405053 0.6268873 0.3175915 0.9405053 0.6268873 0.1065139 0.9405053 -0.9534807 0.1065139 0.9301066 -0.9534807 0.3175915 0.9301066 -0.965888 0.3175915 0.9016943 -0.965888 0.1065138 0.9016945 -0.965888 0.3175915 0.6207426 -0.965888 0.1065139 0.6207421 0.6268873 0.1065139 -0.9395345 0.6268873 0.3175915 -0.9395345 0.9148026 0.1065139 -0.9395345 0.9148026 0.3175915 -0.9395345 0.9439192 0.1065139 -0.9274279 0.9439192 0.3175915 -0.9274279 -0.965888 0.1065139 -0.6197714 -0.965888 0.3175915 -0.6197718 -0.965888 0.1065138 -0.9007238 -0.965888 0.3175915 -0.9007236 -0.9534807 0.1065139 -0.9291359 -0.9534807 0.3175915 -0.9291359 0.9206539 1.861105 -0.4002644 0.8872964 1.858942 -0.4004743 0.9141747 1.960249 -0.3923868 0.8808191 1.958086 -0.3925966 0.9127641 1.980056 -0.3726502 0.8794085 1.977893 -0.3728601 0.9126306 1.97055 -0.2531323 0.8792731 1.968387 -0.2533421 0.8806407 1.945709 -0.2369812 0.9139982 1.947873 -0.2367714 0.9204755 1.848728 -0.2446491 0.88712 1.846565 -0.244859 0.8885306 1.826759 -0.2645955 0.9218861 1.828922 -0.2643856 0.9220216 1.838427 -0.3839036 0.8886641 1.836264 -0.3841134 0.8872964 1.858942 -0.4004743 0.9206539 1.861105 -0.4002644 0.920592 1.849374 -0.2698064 0.9207116 1.857765 -0.3753209 0.9552011 1.902753 -0.2655218 0.9553208 1.911144 -0.3710364 0.9139366 1.951212 -0.2617147 0.9140562 1.959604 -0.3672291 -0.8976561 2.511198 0.47274 -0.8642882 2.509208 0.47274 -0.8917407 2.610375 0.4648369 -0.8583736 2.608385 0.464837 -0.8905578 2.630191 0.445095 -0.8571907 2.628202 0.445095 -0.8911248 2.620701 0.325577 -0.8577568 2.618711 0.325577 -0.8591097 2.596029 0.3092216 -0.8924776 2.598019 0.3092216 -0.8983922 2.498842 0.3171247 -0.8650252 2.496851 0.3171247 -0.8662081 2.477035 0.3368667 -0.8995751 2.479025 0.3368667 -0.899009 2.488516 0.4563846 -0.8656411 2.486526 0.4563845 -0.8642882 2.509208 0.47274 -0.8976561 2.511198 0.47274 -0.898354 2.499483 0.3422824 -0.8978543 2.507861 0.4477969 -0.9332647 2.552683 0.3382234 -0.932764 2.561061 0.4437378 -0.8922777 2.601356 0.3341646 -0.891778 2.609734 0.439679 0.4969138 2.50397 0.9023042 0.4968046 2.502669 0.8689026 0.4953966 2.603551 0.898428 0.4952858 2.602249 0.8650272 0.4769675 2.624613 0.8976668 0.4768575 2.623312 0.864266 0.3570866 2.622804 0.8981331 0.3569766 2.621502 0.8647314 0.3391979 2.599894 0.8656322 0.3393087 2.601195 0.8990338 0.3408259 2.501614 0.9029093 0.3407167 2.500313 0.8695085 0.3591458 2.47925 0.8702697 0.359255 2.480552 0.9036704 0.479136 2.482361 0.9032051 0.4790268 2.48106 0.8698034 0.4969138 2.50397 0.9023042 0.4968046 2.502669 0.8689026 0.3659737 2.50064 0.9028643 0.4718077 2.502238 0.9024537 0.3653177 2.553265 0.9388616 0.4711534 2.554862 0.9384497 0.3644136 2.602928 0.8988827 0.4702494 2.604525 0.898472 -0.3815345 2.030321 0.9259265 -0.3816437 2.02902 0.8925248 -0.3764433 2.129782 0.9220331 -0.3765541 2.128481 0.8886324 -0.393435 2.152019 0.9212214 -0.393545 2.150717 0.8878207 -0.5131733 2.158153 0.9213777 -0.5132834 2.156851 0.887976 -0.5324556 2.136467 0.8888335 -0.5323464 2.137769 0.9222353 -0.537436 2.038308 0.9261278 -0.5375476 2.037006 0.892727 -0.5205551 2.01477 0.8935387 -0.5204451 2.016072 0.9269394 -0.4007067 2.009937 0.9267842 -0.4008167 2.008635 0.8933824 -0.3816437 2.02902 0.8925248 -0.3815345 2.030321 0.9259265 -0.5124089 2.035671 0.926148 -0.4067007 2.030255 0.926011 -0.5096698 2.088234 0.9621365 -0.4039608 2.082818 0.9619984 -0.5071818 2.137835 0.9221488 -0.4014718 2.13242 0.9220118 -0.9313912 0.4252565 -0.568705 -0.9475232 0.4225436 -0.5725674 -0.9443519 0.4777578 -0.5578526 -0.9318596 0.4740098 -0.5553839 -0.9187374 0.5113554 -0.5489066 -0.9066142 0.5122485 -0.5463607 -0.9156231 0.57508 -0.5419659 -0.905732 0.5738784 -0.5413859 -0.8928999 0.6364653 -0.5359663 -0.8991572 0.6428106 -0.5316639 -0.8847214 1.826491 -0.463187 -0.899436 1.827552 -0.461249 -0.8778245 2.952884 -0.3704282 0.4411468 -1.192093E-07 -0.9552064 0.5411472 -1.192093E-07 -0.9552064 0.5294611 0.428313 -0.9573017 0.4294609 0.428313 -0.9573017 0.4611463 2.932165 -0.8501309 0.3611469 2.932165 -0.8501309 0.460844 2.987214 -0.8150703 0.3608446 2.987214 -0.8150703 0.3611469 3.020089 -0.7586917 0.4611463 3.020089 -0.7586917 0.4611463 3.020089 0.7646835 0.3611469 3.020089 0.7646835 0.460844 2.987214 0.8210621 0.3608446 2.987214 0.8210621 0.3611469 2.932165 0.8561227 0.4611463 2.932165 0.8561227 0.3714375 2.554994 0.8745627 0.471437 2.554994 0.8745627 0.4291829 0.4385023 0.9503443 0.5291831 0.4385023 0.9503443 0.4411468 -1.192093E-07 0.9516417 0.5411472 -1.192093E-07 0.9516417 0.5411472 -1.192093E-07 -0.9552064 0.5411472 -0.01000011 -0.9656118 0.5294611 0.4202259 -0.9676311 0.5294611 0.428313 -0.9573017 0.4611463 2.93526 -0.8600159 0.4611463 2.932165 -0.8501309 0.460844 2.994631 -0.8222021 0.460844 2.987214 -0.8150703 0.4611463 3.020089 -0.7586917 0.4611463 3.030089 -0.7613944 0.4611463 3.030089 0.7673858 0.4611463 3.020089 0.7646835 0.460844 2.994631 0.828194 0.460844 2.987214 0.8210621 0.4611463 2.932165 0.8561227 0.4611463 2.93526 0.8660076 0.471437 2.554994 0.8745627 0.471437 2.556404 0.8845145 0.5291831 0.4385023 0.9503443 0.5291831 0.4304606 0.9606718 0.5411472 -1.192093E-07 0.9516417 0.5411472 -0.01000011 0.9620471 0.5411472 -0.01000011 -0.9656118 0.5411472 -1.192093E-07 -0.9552064 0.4411468 -1.192093E-07 -0.9552064 0.4411468 -0.01000011 -0.9656118 0.4411468 -0.01000011 0.9620471 0.4411468 -1.192093E-07 0.9516417 0.4291829 0.4304606 0.9606718 0.4291829 0.4385023 0.9503443 0.3714375 2.554994 0.8745627 0.3714375 2.556404 0.8845145 0.3611469 2.93526 0.8660076 0.3611469 2.932165 0.8561227 0.3608446 2.994631 0.8281939 0.3608446 2.987214 0.8210621 0.3611469 3.020089 0.7646835 0.3611469 3.030089 0.7673861 0.3611469 3.030089 -0.761394 0.3611469 3.020089 -0.7586917 0.3608446 2.994631 -0.822202 0.3608446 2.987214 -0.8150703 0.3611469 2.932165 -0.8501309 0.3611469 2.93526 -0.8600159 0.4294609 0.428313 -0.9573017 0.4294609 0.4202259 -0.9676311 0.4411468 -1.192093E-07 -0.9552064 0.4411468 -0.01000011 -0.9656118 -0.4671078 -1.192093E-07 -0.9552064 -0.4671078 -0.01000011 -0.9656104 -0.4539544 0.4219445 -0.9676172 -0.4539544 0.4299943 -0.9572904 -0.3771077 2.945509 -0.8600063 -0.3771077 2.942165 -0.8501309 -0.3767824 3.013296 -0.8122858 -0.3767824 3.005562 -0.8055015 -0.3771077 3.030089 -0.7586917 -0.3771077 3.040089 -0.761153 -0.3771077 3.040089 0.767386 -0.3771077 3.030089 0.7646835 -0.3767681 3.00463 0.8281954 -0.3767681 2.997213 0.8210636 -0.3771077 2.942165 0.8561227 -0.3771077 2.945259 0.8660081 -0.4039608 2.064318 0.8988948 -0.4039608 2.063505 0.908935 -0.4536143 0.4411129 0.9502899 -0.4536143 0.433076 0.9606162 -0.4671078 -1.192093E-07 0.9516417 -0.4671078 -0.01000011 0.9620457 -0.4671078 -0.01000011 -0.9656104 -0.4671078 -1.192093E-07 -0.9552064 -0.5671082 -1.192093E-07 -0.9552064 -0.5671082 -0.01000011 -0.9656104 -0.5671082 -0.01000011 0.9620457 -0.5671082 -1.192093E-07 0.9516417 -0.5536147 0.433076 0.9606162 -0.5536147 0.4411129 0.9502899 -0.5039612 2.064318 0.8988948 -0.5039612 2.063506 0.908935 -0.477108 2.94526 0.866008 -0.477108 2.942165 0.8561227 -0.4767685 3.00463 0.8281953 -0.4767685 2.997213 0.8210636 -0.477108 3.030089 0.7646835 -0.477108 3.040089 0.7673861 -0.477108 3.040089 -0.7611533 -0.477108 3.030089 -0.7586917 -0.4767819 3.013296 -0.8122858 -0.4767819 3.005562 -0.8055015 -0.477108 2.942165 -0.8501309 -0.477108 2.945509 -0.8600063 -0.5539548 0.4299943 -0.9572904 -0.5539548 0.4219445 -0.9676172 -0.5671082 -1.192093E-07 -0.9552064 -0.5671082 -0.01000011 -0.9656104 -0.4671078 -1.192093E-07 0.9516417 -0.5671082 -1.192093E-07 0.9516417 -0.5536147 0.4411129 0.9502899 -0.4536143 0.4411129 0.9502899 -0.5039612 2.064318 0.8988948 -0.4039608 2.064318 0.8988948 -0.477108 2.942165 0.8561227 -0.3771077 2.942165 0.8561227 -0.4767685 2.997213 0.8210636 -0.3767681 2.997213 0.8210636 -0.3771077 3.030089 0.7646835 -0.477108 3.030089 0.7646835 -0.477108 3.030089 -0.7586917 -0.3771077 3.030089 -0.7586917 -0.4767819 3.005562 -0.8055015 -0.3767824 3.005562 -0.8055015 -0.3771077 2.942165 -0.8501309 -0.477108 2.942165 -0.8501309 -0.5539548 0.4299943 -0.9572904 -0.4539544 0.4299943 -0.9572904 -0.4671078 -1.192093E-07 -0.9552064 -0.5671082 -1.192093E-07 -0.9552064 0.753705 3.045967 -0.3107758 -0.7539911 3.045967 -0.3107758 -0.7539921 3.045967 -0.2107759 0.7537041 3.045967 -0.2107759 0.8147068 2.99926 -0.3101345 0.8147087 2.999259 -0.2101346 0.8526859 2.946875 -0.2107759 0.8526859 2.946874 -0.3107758 0.9819441 0.3047311 -0.4632651 0.9819441 0.3047311 -0.3632651 0.852685 2.936875 0.4221493 0.9819412 0.3036071 0.5567033 0.9819412 0.3036071 0.4567034 0.852685 2.936876 0.3221494 0.8147049 2.989265 0.4215813 0.8147049 2.989265 0.3215814 0.7537041 3.035967 0.3221494 0.7537041 3.035967 0.4221493 -0.7539911 3.035967 0.4221493 -0.7539911 3.035967 0.3221494 0.8806407 1.945709 -0.2369812 0.8792731 1.968387 -0.2533421 0.8794085 1.977893 -0.3728601 0.8808191 1.958086 -0.3925966 0.88712 1.846565 -0.244859 0.8872964 1.858942 -0.4004743 0.8886641 1.836264 -0.3841134 0.8885306 1.826759 -0.2645955 -0.8591097 2.596029 0.3092216 -0.8577568 2.618711 0.325577 -0.8571907 2.628202 0.445095 -0.8583736 2.608385 0.464837 -0.8650252 2.496851 0.3171247 -0.8642882 2.509208 0.47274 -0.8656411 2.486526 0.4563845 -0.8662081 2.477035 0.3368667 0.3391979 2.599894 0.8656322 0.3569766 2.621502 0.8647314 0.4768575 2.623312 0.864266 0.4952858 2.602249 0.8650272 0.3407167 2.500313 0.8695085 0.4968046 2.502669 0.8689026 0.4790268 2.48106 0.8698034 0.3591458 2.47925 0.8702697 -0.5324556 2.136467 0.8888335 -0.5132834 2.156851 0.887976 -0.393545 2.150717 0.8878207 -0.3765541 2.128481 0.8886324 -0.5375476 2.037006 0.892727 -0.3816437 2.02902 0.8925248 -0.4008167 2.008635 0.8933824 -0.5205551 2.01477 0.8935387 0.5294611 0.4202259 -0.9676311 0.5411472 -0.01000011 -0.9656118 0.4411468 -0.01000011 -0.9656118 0.4294609 0.4202259 -0.9676311 0.4611463 2.93526 -0.8600159 0.3611469 2.93526 -0.8600159 0.460844 2.994631 -0.8222021 0.3608446 2.994631 -0.822202 0.3611469 3.030089 -0.761394 0.4611463 3.030089 -0.7613944 0.4611463 3.030089 0.7673858 0.3611469 3.030089 0.7673861 0.460844 2.994631 0.828194 0.3608446 2.994631 0.8281939 0.3611469 2.93526 0.8660076 0.4611463 2.93526 0.8660076 0.3714375 2.556404 0.8845145 0.471437 2.556404 0.8845145 0.5291831 0.4304606 0.9606718 0.4291829 0.4304606 0.9606718 0.4411468 -0.01000011 0.9620471 0.5411472 -0.01000011 0.9620471 -0.5536147 0.433076 0.9606162 -0.5671082 -0.01000011 0.9620457 -0.4671078 -0.01000011 0.9620457 -0.4536143 0.433076 0.9606162 -0.5039612 2.063506 0.908935 -0.4039608 2.063505 0.908935 -0.477108 2.94526 0.866008 -0.3771077 2.945259 0.8660081 -0.4767685 3.00463 0.8281953 -0.3767681 3.00463 0.8281954 -0.3771077 3.040089 0.767386 -0.477108 3.040089 0.7673861 -0.477108 3.040089 -0.7611533 -0.3771077 3.040089 -0.761153 -0.4767819 3.013296 -0.8122858 -0.3767824 3.013296 -0.8122858 -0.3771077 2.945509 -0.8600063 -0.477108 2.945509 -0.8600063 -0.5539548 0.4219445 -0.9676172 -0.4539544 0.4219445 -0.9676172 -0.4671078 -0.01000011 -0.9656104 -0.5671082 -0.01000011 -0.9656104 -0.9824247 0.3147311 -0.4632651 -0.8440237 2.936584 -0.3107758 -0.9824247 0.3147311 -0.3632651 -0.8440237 2.936584 -0.2107759 -0.8158445 2.999316 -0.2107759 -0.8158445 2.999316 -0.3107758 -0.7520533 3.035967 -0.2107759 -0.7520533 3.035967 -0.3107758 0.7509899 3.035967 -0.3107758 0.7509899 3.035967 -0.2107759 0.8075666 2.991854 -0.3101345 0.8075666 2.991854 -0.2101346 0.8428154 2.94376 -0.2107759 0.8428154 2.94376 -0.3107758 0.9714851 0.3147311 -0.4632651 0.9714851 0.3147311 -0.3632651 0.929677 -7.450581E-08 -0.9503845 -0.9419193 -7.450581E-08 -0.9503845 -0.9419193 0.1100779 -0.9503845 0.929677 0.1100779 -0.9503845 0.9560013 0.1100779 -0.9394063 0.9560013 -7.450581E-08 -0.9394063 0.9560013 0.1100779 -0.9394063 0.967248 0.1100779 -0.9137245 0.9560013 -7.450581E-08 -0.9394063 0.967248 -4.470348E-08 -0.9137245 0.9672518 -1.341105E-07 0.9146457 0.9672518 0.1100779 0.9146457 0.9560022 0.1100779 0.9403522 0.9560022 -1.043081E-07 0.9403522 0.9563265 0.1065138 0.899986 0.9563265 0.1065139 0.6190341 0.9563265 0.3175915 0.6190338 0.9563265 0.3175915 0.899986 0.9439192 0.3175915 0.9283986 0.9439192 0.1065139 0.9283986 -0.9243641 0.1065138 0.9422135 -0.6364498 0.1065138 0.9422135 -0.6364498 0.3175915 0.9422131 -0.9243641 0.3175915 0.9422133 -0.9534807 0.3175915 0.9301066 -0.9534807 0.1065139 0.9301066 0.9563265 0.3175915 -0.6180631 0.9563265 0.1065139 -0.6180633 0.9563265 0.1065138 -0.8990153 0.9563265 0.3175915 -0.8990153 0.9439192 0.3175915 -0.9274279 0.9439192 0.1065139 -0.9274279 -0.6364498 0.3175915 -0.9412423 -0.6364498 0.1065138 -0.9412428 -0.9243641 0.1065138 -0.9412428 -0.9243641 0.3175915 -0.9412426 -0.9534807 0.3175915 -0.9291359 -0.9534807 0.1065139 -0.9291359 0.9199028 0.3136189 -0.9512675 -0.9312906 0.3136189 -0.9512672 -0.9312906 0.4236969 -0.9512672 0.9199018 0.4236969 -0.951267 0.9571609 0.4236967 -0.9408379 0.9571609 0.3136187 -0.9408369 0.9574375 0.3136189 0.9385753 0.9574375 0.4236969 0.9385753 0.9199028 0.4236969 0.9502208 0.9199028 0.3136189 0.9502199 -0.9312906 0.3136189 0.9502201 -0.9312906 0.4236969 0.9502201 -0.9688253 0.4236968 0.9385753 -0.9688253 0.3136189 0.9385753 0.9574375 0.3136189 0.9385753 0.9681253 0.3136189 0.9022174 0.9574375 0.4236969 0.9385753 0.9681253 0.4236969 0.9022179 0.9690952 0.4236969 -0.9042101 0.9690952 0.3136189 -0.9042101 0.9571609 0.3136187 -0.9408369 0.9571609 0.4236967 -0.9408379 -0.9688253 0.4236968 0.9385753 -0.9795141 0.4236969 0.9022169 -0.9688253 0.3136189 0.9385753 -0.9795141 0.3136189 0.9022169 -0.9804831 0.3136189 -0.9042103 -0.9804831 0.4236969 -0.9042103 -0.9685497 0.4236967 -0.9408374 -0.9685497 0.3136187 -0.9408374 -0.9252021 0.4236966 -0.9200321 -0.9313912 0.4252565 -0.568705 -0.9032641 0.4705966 -0.8966908 -0.9318596 0.4740098 -0.5553839 -0.9066142 0.5122485 -0.5463607 -0.896256 0.6201298 -0.8806264 -0.905732 0.5738784 -0.5413859 -0.8928999 0.6364653 -0.5359663 -0.8778243 0.73359 -0.8726544 -0.8847214 1.826491 -0.463187 -0.8778243 1.825993 -0.8726544 -0.8778243 2.952884 -0.5930784 -0.8778243 2.952884 -0.8726544 -0.8778245 2.952884 -0.3704282 -0.8778241 1.825994 -0.3704282 -0.899436 1.827552 -0.461249 -0.8991572 0.6428106 -0.5316639 -0.8293408 2.779556 -0.2668974 -0.8256109 2.935495 -0.2668974 -0.8778243 2.922806 -0.1440607 -0.9190092 0.6147316 -0.3704282 -0.9156231 0.57508 -0.5419659 -0.8523526 1.779753 -0.2668974 -0.8778243 1.70417 -0.1440607 -0.8778243 2.922806 0.2383588 -0.9201438 0.5906452 -0.2668974 -0.9422159 0.4915558 -0.3704287 -0.9187374 0.5113554 -0.5489066 -0.9443519 0.4777578 -0.5578526 -0.9475232 0.4225436 -0.5725674 -0.9507133 0.4236966 -0.3704287 -0.9405535 0.4670056 -0.2668979 -0.9319957 0.4236966 -0.2668979 -0.9211726 0.5765132 -0.1440607 -0.9504271 0.4549691 -0.1440612 -0.9418694 0.4236966 -0.1440611 -0.9418694 0.4236966 0.2383592 -0.9504271 0.4707037 0.2383593 -0.9211726 0.6140751 0.2383588 -0.9338198 0.4752654 0.3838282 -0.9252622 0.4236966 0.3838282 -0.9252021 0.4236966 0.5137178 -0.8778243 1.70417 0.2383588 -0.8987529 0.6266519 0.3996698 -0.8557594 1.774704 0.3838277 -0.832594 2.925146 0.3838277 -0.9337597 0.4770051 0.5137179 -0.8948304 0.6303042 0.5137173 -0.8778243 1.825993 0.5137173 -0.8778243 2.952884 0.5137173 -0.8778243 2.952884 0.8716072 -0.9227723 0.4571383 0.9172573 -0.9252021 0.4236966 0.918985 -0.5528179 0.4236966 0.9220517 -0.901359 0.5803672 0.8972998 -0.5528181 0.4702342 0.9306097 -0.4506975 0.4702342 0.917677 -0.4506975 0.4236966 0.909119 -0.5528179 0.5535105 0.9217219 -0.8928819 0.7061012 0.8851791 -0.5528171 0.6591581 0.8746738 -0.8778243 1.825993 0.8716072 -0.5528171 1.825993 0.8716072 -0.5528154 2.952884 0.8716072 -0.4506966 1.817216 0.8520216 -0.8449689 3.009703 0.8387521 -0.8778243 2.952884 0.5137173 -0.4506958 2.934891 0.8314598 -0.5528154 3.007277 0.8387961 -0.4506966 0.633653 0.8617411 -0.3227219 1.825993 0.8716072 -0.4506975 0.5535105 0.9087892 -0.3227227 0.6212556 0.8901034 -0.3227227 0.5459765 0.9176639 -0.3227227 0.4641022 0.9270115 -0.3227227 0.4236966 0.9370636 0.2831792 0.4236966 0.9370636 0.2831792 0.464102 0.9270115 0.4056305 0.4236966 0.909119 0.2831792 0.5459763 0.9176639 0.4056313 0.4714909 0.917677 0.5274538 0.4236966 0.9220517 0.2831792 0.6212553 0.8901034 0.4056305 0.5640323 0.9087892 0.5274538 0.4714909 0.9306097 0.9138151 0.4236966 0.918985 0.5274538 0.5640323 0.9217219 0.4056305 0.6441748 0.8617411 0.9081428 0.5144802 0.9090658 0.940102 0.4236966 0.5137178 0.883158 0.5818001 0.8941779 0.9390523 0.4796495 0.4948655 0.940102 0.4236966 0.3838282 0.9023901 0.5369631 0.5137175 0.9390523 0.4772089 0.3649758 0.940102 0.4236966 0.2383592 0.9139772 0.5238292 0.3838278 0.9390523 0.4667756 0.2195069 0.940102 0.4236966 -0.1440611 0.9139772 0.4990473 0.2383589 0.9390523 0.4619623 -0.1629136 0.940102 0.4236966 -0.2668979 0.9139772 0.4835072 -0.1440608 0.9390523 0.4769841 -0.2857503 0.940102 0.4236966 -0.3704287 0.9139772 0.5191883 -0.2668975 0.9134858 0.5223752 -0.1440611 0.9390523 0.476574 -0.3892811 0.940102 0.4236966 -0.6140825 0.9139772 0.518214 -0.3704284 0.9362823 0.4840452 -0.6367289 0.9138151 0.4236966 -0.9200321 0.9025932 0.5305079 -0.6005026 0.9134858 0.5701762 -0.2668979 0.9176071 0.5052637 -0.9140382 0.5274536 0.4661741 -0.9285902 0.5274538 0.4236966 -0.9200321 0.4056305 0.4236966 -0.9200321 0.9014335 0.5657116 -0.8968667 0.9134858 0.571291 -0.3704287 0.9134858 0.5837504 -0.6139363 0.4056312 0.4661741 -0.9285902 0.2831792 0.4236966 -0.9200321 0.5274538 0.5674837 -0.9197023 0.2831793 0.4661741 -0.9285902 -0.3227227 0.4236966 -0.9200321 0.4056305 0.5616752 -0.9176505 0.2831792 0.556951 -0.9176505 -0.3227226 0.4915558 -0.9285902 -0.4506975 0.4236966 -0.9200321 0.2831792 0.659282 -0.8930514 -0.4506977 0.4915558 -0.9285902 -0.5528179 0.4236966 -0.9200321 -0.3227227 0.5913352 -0.9197023 -0.4506975 0.5862296 -0.9197023 -0.5528181 0.4915558 -0.9285902 -0.9252021 0.4236966 -0.9200321 -0.9032641 0.4705966 -0.8966908 -0.5528179 0.5822082 -0.9197023 -0.896256 0.6201298 -0.8806264 -0.5528171 0.6862584 -0.8726544 -0.8778243 0.73359 -0.8726544 -0.4506966 0.694091 -0.8726544 -0.5528171 1.830785 -0.8726544 -0.8778243 1.825993 -0.8726544 -0.8778243 2.952884 -0.8726544 -0.5528154 2.952884 -0.8726544 -0.4506958 2.934891 -0.8325068 -0.4506966 1.830156 -0.8530688 -0.3227227 0.7040353 -0.8726544 -0.3227219 1.84928 -0.8726544 -0.3227219 2.952884 -0.8726544 0.2831776 1.887239 -0.8726544 0.2831776 2.952884 -0.8726544 0.4056297 2.924793 -0.8344756 0.4056305 0.668483 -0.8930514 0.4056305 1.883107 -0.8540293 0.5274538 0.6795737 -0.8726544 0.5274529 1.904443 -0.8726544 0.5274529 2.952884 -0.8726544 0.8664373 0.7487192 -0.8726544 0.8664373 1.910933 -0.8726544 0.8664373 2.952884 -0.8726544 0.8664373 2.952884 -0.5930784 0.8916469 0.6393642 -0.5930784 0.8664373 1.904496 -0.5930784 0.8664373 2.952884 -0.3704282 0.8916469 0.6572435 -0.3704282 0.8664373 1.899369 -0.3704282 0.8142239 2.935494 -0.2668974 0.8916469 0.6526337 -0.2668974 0.8409656 1.885382 -0.2668974 0.8664373 1.888881 -0.1440607 0.8664373 2.952884 -0.1440607 0.8664373 2.952884 0.2383588 0.8916469 0.6045464 -0.1440607 0.8664373 1.842939 0.2383588 0.8212079 2.925146 0.3838277 0.9134858 0.541643 0.2383592 0.8916469 0.6045467 0.2383588 0.9134858 0.5717909 0.3838282 0.8916469 0.6384053 0.3838277 0.9134858 0.6018407 0.5137177 0.8443724 1.826233 0.3838277 0.8916469 0.6696079 0.5137173 0.8664373 1.832983 0.5137173 0.8664373 2.952884 0.5137173 0.8664373 2.952884 0.8716072 0.8664373 0.7417192 0.8716072 0.5274538 0.6696799 0.8746738 0.8664373 1.825993 0.8716072 0.5274529 1.825993 0.8716072 0.4056305 1.812289 0.8529821 0.2831776 1.825993 0.8716072 0.4056297 2.924793 0.8334286 0.5274529 2.952884 0.8716072 -0.3227219 2.952884 0.8716072 0.2831776 2.952884 0.8716072 -0.3227219 3.007277 0.8387961 0.4056297 2.976803 0.8018724 0.2831776 3.007277 0.8387961 -0.4506958 2.986779 0.7999697 0.2831776 3.040089 0.7844029 -0.3227219 3.040089 0.7844029 -0.5528154 3.040089 0.7844029 -0.4506958 3.018081 0.7482697 -0.3227219 3.040089 0.5137165 -0.7906192 3.040089 0.7844029 -0.5528154 3.040089 0.5137165 -0.8450128 3.007277 0.5137168 -0.7906192 3.040089 0.5137165 -0.8012718 2.976716 0.3838273 -0.832594 2.925146 0.3838277 -0.7499127 3.007828 0.3838268 -0.4506958 3.018081 0.513716 -0.5528154 3.030932 0.3838268 -0.7906192 3.040089 0.2383579 -0.4506958 3.024835 0.3838264 -0.8450128 3.007277 0.2383583 -0.8778243 2.922806 0.2383588 -0.8778243 2.922806 -0.1440607 -0.5528154 3.040089 0.2383579 -0.7906192 3.040089 -0.1440598 -0.8450128 3.007277 -0.1440602 -0.8256109 2.935495 -0.2668974 -0.4506958 3.018081 0.2383575 -0.7945214 2.986629 -0.266897 -0.8450128 3.007277 -0.3704277 -0.8778245 2.952884 -0.3704282 -0.7436274 3.017478 -0.2668965 -0.8455306 3.007795 -0.5737482 -0.8778243 2.952884 -0.5930784 -0.7906192 3.040089 -0.3704273 -0.7906192 3.040089 -0.554418 -0.8449689 3.009703 -0.8397992 -0.8778243 2.952884 -0.8726544 -0.5528154 2.952884 -0.8726544 -0.7906192 3.040089 -0.7854501 -0.5528154 3.007277 -0.8398432 -0.4506958 2.934891 -0.8325068 -0.5528154 3.040089 -0.554418 -0.5528154 3.040089 -0.7854501 -0.4506958 2.986779 -0.8010147 -0.4506958 3.018081 -0.7493169 -0.5528154 3.040089 -0.3704273 -0.4506958 3.018081 -0.538399 -0.3227219 3.040089 -0.7854501 -0.3227219 3.007277 -0.8398432 -0.3227219 2.952884 -0.8726544 0.2831776 2.952884 -0.8726544 -0.3227219 3.040089 -0.554418 0.2831776 3.040089 -0.7854501 0.2831776 3.007277 -0.8398432 0.4056297 2.976803 -0.8029072 0.4056297 2.924793 -0.8344756 0.5274529 2.952884 -0.8726544 0.2831776 3.040089 -0.554418 0.4056297 3.00818 -0.7510889 0.5274529 3.007277 -0.8398432 0.5274529 3.040089 -0.7854501 0.8335823 3.009702 -0.8397993 0.8664373 2.952884 -0.8726544 0.8664373 2.952884 -0.5930784 0.7792331 3.040089 -0.7854501 0.834144 3.007795 -0.5737482 0.8664373 2.952884 -0.3704282 0.5274529 3.040089 -0.554418 0.7792331 3.040089 -0.554418 0.8336262 3.007277 -0.3704278 0.8142239 2.935494 -0.2668974 0.7792331 3.040089 -0.3704273 0.7831192 2.986628 -0.266897 0.8336262 3.007277 -0.1440602 0.8664373 2.952884 -0.1440607 0.7322412 3.017478 -0.2668965 0.8336262 3.007277 0.2383583 0.8664373 2.952884 0.2383588 0.7792331 3.040089 -0.1440598 0.789883 2.976716 0.3838273 0.8212079 2.925146 0.3838277 0.8664373 2.952884 0.5137173 0.7792331 3.040089 0.2383579 0.5274529 3.040089 -0.1440598 0.5274529 3.040089 -0.3704273 0.5274521 3.040582 -0.2668965 0.4056297 3.00818 -0.5391845 0.4056297 3.025353 -0.2668962 0.4056297 3.00818 -0.370427 0.2831776 3.040089 -0.3704273 -0.3227219 3.040089 -0.3704273 0.2831776 3.040582 -0.2668965 -0.4506958 3.018081 -0.370427 -0.322721 3.040582 -0.2668965 -0.4506958 3.034662 -0.2668962 -0.5528154 3.040582 -0.2668965 -0.5528154 3.040089 -0.1440598 -0.4506958 3.018081 -0.1440594 -0.3227219 3.040089 -0.1440598 -0.3227219 3.040089 0.2383579 0.2831776 3.040089 -0.1440598 0.2831776 3.040089 0.2383579 0.4056297 3.00818 -0.1440595 0.4056297 3.00818 0.2383575 0.5274529 3.040089 0.2383579 0.2831776 3.030931 0.3838268 0.7385266 3.007828 0.3838268 0.5274521 3.030931 0.3838268 0.4056297 3.015447 0.3838265 0.4056297 3.00818 0.513716 0.5274529 3.040089 0.5137165 0.7792331 3.040089 0.5137165 0.8336262 3.007277 0.5137169 0.7792331 3.040089 0.7844029 0.8335823 3.009703 0.8387522 0.5274529 3.007277 0.8387961 0.5274529 3.040089 0.7844029 0.4056297 3.00818 0.7500417 0.2831776 3.040089 0.5137165 -0.322721 3.030931 0.3838268 -0.9794941 0.1100779 0.9146457 -0.9682446 0.1100779 0.9403522 -0.9419184 0.1100779 0.9513321 -0.6364498 0.1100779 0.6244134 0.9296761 0.1100779 0.9513321 -0.9794903 0.1100779 -0.9137245 0.6268873 0.1100779 0.6244134 -0.6364498 0.1100779 -0.6425813 0.9672518 0.1100779 0.9146457 0.9560022 0.1100779 0.9403522 0.967248 0.1100779 -0.9137245 0.6268873 0.1100779 -0.6425813 0.929677 0.1100779 -0.9503845 0.9560013 0.1100779 -0.9394063 -0.9419193 0.1100779 -0.9503845 -0.9682436 0.1100779 -0.9394063 0.9207116 1.857765 -0.3753209 0.9200962 1.868001 -0.3827055 0.9440617 1.910415 -0.3711071 0.9365672 1.910576 -0.3793007 0.9146903 1.950664 -0.3761375 0.9140562 1.959604 -0.3672291 0.9139366 1.951212 -0.2617147 0.9145522 1.940976 -0.2543303 0.943944 1.902023 -0.2655927 0.936429 1.900889 -0.2574935 0.9199581 1.858313 -0.2608984 0.920592 1.849374 -0.2698064 -0.8978543 2.507861 0.4477969 -0.8972445 2.518099 0.455179 -0.921503 2.56039 0.4437378 -0.9139571 2.560588 0.4518842 -0.8923105 2.60079 0.4485897 -0.891778 2.609734 0.439679 -0.8922777 2.601356 0.3341646 -0.8928874 2.591118 0.3267826 -0.9220037 2.552011 0.3382234 -0.914534 2.550917 0.3300771 -0.8978214 2.508427 0.3333719 -0.898354 2.499483 0.3422824 0.4718077 2.502238 0.9024537 0.4798326 2.511991 0.9020479 0.4711171 2.554423 0.9271767 0.479263 2.554253 0.91963 0.478567 2.595018 0.8988141 0.4702494 2.604525 0.898472 0.3644136 2.602928 0.8988827 0.3563899 2.593174 0.8992884 0.3652814 2.552825 0.9275885 0.3570852 2.552409 0.9201043 0.3576564 2.510147 0.9025222 0.3659737 2.50064 0.9028643 -0.4067007 2.030255 0.926011 -0.3980463 2.039456 0.9256248 -0.403998 2.082378 0.9507253 -0.3958609 2.081667 0.9431998 -0.393802 2.122383 0.9223768 -0.4014718 2.13242 0.9220118 -0.5071818 2.137835 0.9221488 -0.515833 2.128634 0.9225351 -0.509707 2.087794 0.9508635 -0.5178935 2.087919 0.9433581 -0.5200772 2.045708 0.925783 -0.5124089 2.035671 0.926148 0.9571609 0.3136187 -0.9408369 0.9690952 0.3136189 -0.9042101 0.9199047 0.3136189 -0.904212 0.9199028 0.3136189 -0.9512675 0.9681253 0.3136189 0.9022174 -0.9312925 0.3136189 -0.9042127 -0.9312906 0.3136189 -0.9512672 -0.9685497 0.3136187 -0.9408374 -0.9804831 0.3136189 -0.9042103 -0.9795141 0.3136189 0.9022169 0.9199038 0.3136189 0.9022198 0.9574375 0.3136189 0.9385753 0.9199028 0.3136189 0.9502199 -0.9312935 0.3136189 0.9022198 -0.9688253 0.3136189 0.9385753 -0.9312906 0.3136189 0.9502201 0.9199038 0.4236968 0.9022193 0.9199028 0.4236969 0.9502208 0.9574375 0.4236969 0.9385753 0.9681253 0.4236969 0.9022179 -0.9312906 0.4236969 0.9502201 0.9199047 0.4236969 -0.9042125 0.9690952 0.4236969 -0.9042101 0.9571609 0.4236967 -0.9408379 0.9199018 0.4236969 -0.951267 -0.9312935 0.4236968 0.9022193 -0.9688253 0.4236968 0.9385753 -0.9795141 0.4236969 0.9022169 -0.9312925 0.4236969 -0.9042127 -0.9312906 0.4236969 -0.9512672 -0.9804831 0.4236969 -0.9042103 -0.9685497 0.4236967 -0.9408374 0.9218861 1.828922 -0.2643856 0.920592 1.849374 -0.2698064 0.9204755 1.848728 -0.2446491 0.9220216 1.838427 -0.3839036 0.9199581 1.858313 -0.2608984 0.9207116 1.857765 -0.3753209 0.9139982 1.947873 -0.2367714 0.9206539 1.861105 -0.4002644 0.9145522 1.940976 -0.2543303 0.9200962 1.868001 -0.3827055 0.9139366 1.951212 -0.2617147 0.9146903 1.950664 -0.3761375 0.9126306 1.97055 -0.2531323 0.9141747 1.960249 -0.3923868 0.9140562 1.959604 -0.3672291 0.9127641 1.980056 -0.3726502 -0.8995751 2.479025 0.3368667 -0.898354 2.499483 0.3422824 -0.8983922 2.498842 0.3171247 -0.899009 2.488516 0.4563846 -0.8978214 2.508427 0.3333719 -0.8978543 2.507861 0.4477969 -0.8924776 2.598019 0.3092216 -0.8976561 2.511198 0.47274 -0.8928874 2.591118 0.3267826 -0.8972445 2.518099 0.455179 -0.8922777 2.601356 0.3341646 -0.8923105 2.60079 0.4485897 -0.8911248 2.620701 0.325577 -0.8917407 2.610375 0.4648369 -0.891778 2.609734 0.439679 -0.8905578 2.630191 0.445095 0.359255 2.480552 0.9036704 0.3659737 2.50064 0.9028643 0.3408259 2.501614 0.9029093 0.479136 2.482361 0.9032051 0.3576564 2.510147 0.9025222 0.4718077 2.502238 0.9024537 0.3393087 2.601195 0.8990338 0.4969138 2.50397 0.9023042 0.3563899 2.593174 0.8992884 0.4798326 2.511991 0.9020479 0.3644136 2.602928 0.8988827 0.478567 2.595018 0.8988141 0.3570866 2.622804 0.8981331 0.4953966 2.603551 0.898428 0.4702494 2.604525 0.898472 0.4769675 2.624613 0.8976668 -0.5204451 2.016072 0.9269394 -0.5124089 2.035671 0.926148 -0.537436 2.038308 0.9261278 -0.4007067 2.009937 0.9267842 -0.5200772 2.045708 0.925783 -0.4067007 2.030255 0.926011 -0.5323464 2.137769 0.9222353 -0.3815345 2.030321 0.9259265 -0.515833 2.128634 0.9225351 -0.3980463 2.039456 0.9256248 -0.5071818 2.137835 0.9221488 -0.393802 2.122383 0.9223768 -0.5131733 2.158153 0.9213777 -0.3764433 2.129782 0.9220331 -0.4014718 2.13242 0.9220118 -0.393435 2.152019 0.9212214 -0.7520533 3.035967 -0.2107759 0.7509899 3.035967 -0.2107759 -0.7539921 3.045967 -0.2107759 -0.9419193 -7.450581E-08 -0.9503845 -0.9682436 -7.450581E-08 -0.9394063 -0.9679163 0.1100779 -0.9370828 -0.8647394 2.577842 0.442789 -0.8746234 2.579359 0.4427433 -0.9154317 2.248086 0.469283 -0.8655171 2.569653 0.3393645 -0.9162095 2.239897 0.3658586 -0.8754011 2.571168 0.3393188 -0.4191034 1.770716 0.9320291 -0.4190412 1.77168 0.9419824 -0.5227196 1.776024 0.9321635 -0.5057171 2.108705 0.8998357 -0.5227196 1.776024 0.9321635 -0.5056548 2.109669 0.909789 -0.9163352 0.5024377 -0.5493325 -0.9313912 0.4252565 -0.568705 -0.9467304 0.4363471 -0.5688887 -0.9313912 0.4252565 -0.568705 -0.9507133 0.4236966 -0.3704287 -0.9467304 0.4363471 -0.5688887 0.4411468 -1.192093E-07 -0.9552064 0.4411468 -0.01000011 -0.9656118 0.4411468 -1.192093E-07 0.9516417 -0.5671082 -1.192093E-07 -0.9552064 -0.5671082 -0.01000011 -0.9656104 -0.5671082 -1.192093E-07 0.9516417 -0.3771077 2.942165 -0.8501309 -0.3771077 2.945509 -0.8600063 -0.3768434 3.01016 -0.7967246 -0.5671082 -0.01000011 -0.9656104 -0.5671082 -1.192093E-07 -0.9552064 -0.477108 2.942165 -0.8501309 -0.3771077 2.942165 -0.8501309 -0.4671078 -0.005000114 -0.9604084 -0.3771077 2.945509 -0.8600063 -0.4536143 0.4411129 0.9502899 -0.4671078 -1.192093E-07 0.9516417 -0.5671082 -1.192093E-07 0.9516417 0.9527629 0.1100779 -0.9368209 0.967248 -4.470348E-08 -0.9137245 0.9560013 -7.450581E-08 -0.9394063 0.9527629 0.1100779 -0.9368209 0.9672518 -1.341105E-07 0.9146457 0.9533511 0.1100779 0.9371893 0.9560022 -1.043081E-07 0.9403522 0.9533511 0.1100779 0.9371893 0.9296761 -1.341105E-07 0.9513321 0.9560022 -1.043081E-07 0.9403522 -0.9419184 -1.341105E-07 0.9513321 0.9533511 0.1100779 0.9371893 -0.9705541 0.1100779 0.932001 -0.9682446 -1.043081E-07 0.9403522 -0.9705541 0.1100779 0.932001 -0.9794941 -1.341105E-07 0.9146457 -0.9682446 -1.043081E-07 0.9403522 -0.9705541 0.1100779 0.932001 -0.9705541 0.1100779 0.932001 -0.9794903 -4.470348E-08 -0.9137245 -0.9679163 0.1100779 -0.9370828 -0.9682436 -7.450581E-08 -0.9394063 -0.9679163 0.1100779 -0.9370828 -0.9700414 0.4236967 -0.936259 -0.9638923 0.3136187 -0.9421411 -0.9804831 0.3136189 -0.9042103 -0.967732 0.3136189 0.9350423 -0.9641335 0.4236968 0.9400309 -0.9700414 0.4236967 -0.936259 -0.4671078 -1.192093E-07 0.9516417 -0.4671078 -0.01000011 0.9620457 -0.4671078 -0.005000114 -0.9604084 -0.4536143 0.4411129 0.9502899 -0.4671078 -1.192093E-07 0.9516417 -0.4536143 0.4411129 0.9502899 -0.3771077 2.945259 0.8660081 -0.3771077 2.942165 0.8561227 -0.3770228 3.02187 0.7787785 0.9819441 0.3047311 -0.3632651 -0.9824247 0.3147311 -0.3632651 0.9819441 0.3047311 -0.4632651 -0.9928284 0.3047311 -0.4632651 0.9714813 0.3136071 0.5567033 -0.9824286 0.3136071 0.5567033 0.9819412 0.3036071 0.4567034 -0.9928331 0.3036071 0.4567034 0.9714851 0.3147311 -0.3632651 0.9714851 0.3147311 -0.4632651 -0.9824247 0.3147311 -0.3632651 -0.9824247 0.3147311 -0.4632651 0.9714813 0.3136071 0.5567033 0.9714813 0.3136071 0.4567034 -0.9824286 0.3136071 0.5567033 -0.9824286 0.3136071 0.4567034 0.7615981 3.027696 -0.3106556 -0.7530222 3.040967 -0.3107758 0.7651429 3.037209 -0.3106556 0.8428154 2.94376 -0.3107758 0.9714851 0.3147311 -0.4632651 0.9819441 0.3047311 -0.4632651 -0.9928284 0.3047311 -0.4632651 -0.9824247 0.3147311 -0.4632651 -0.85394 2.938912 -0.3107758 -0.8176057 2.995395 -0.3107758 -0.8299341 2.96795 -0.2107759 -0.7520533 3.035967 -0.2107759 -0.8233166 3.007087 -0.2107759 -0.7539921 3.045967 -0.2107759 0.8362059 2.942778 0.4220428 0.9714813 0.3136071 0.5567033 0.8455637 2.946698 0.4220428 0.7509899 3.025967 0.4221493 0.7615977 3.017697 0.3220429 -0.7879359 3.005351 0.3221494 0.7537041 3.035967 0.3221494 -0.7539911 3.035967 0.3221494 0.6268873 -1.192093E-07 0.6244134 0.6268873 0.1100779 0.6244134 0.6268873 -8.940697E-08 -0.6425813 0.6268873 0.1100779 -0.6425813 -0.6364498 -1.192093E-07 0.6244134 -0.6364498 -8.940697E-08 -0.6425813 -0.6364498 0.1100779 0.6244134 -0.6364498 0.1100779 -0.6425813 -0.9705541 0.1100779 0.932001 -0.6364498 0.1100779 0.6244134 -0.9679163 0.1100779 -0.9370828 -0.6364498 0.1100779 -0.6425813 -0.6364498 0.1100779 -0.6425813 -0.6364498 -8.940697E-08 -0.6425813 0.6268873 0.1100779 -0.6425813 0.6268873 -8.940697E-08 -0.6425813 -0.6364498 -1.192093E-07 0.6244134 -0.6364498 0.1100779 0.6244134 0.6268873 -1.192093E-07 0.6244134 0.6268873 0.1100779 0.6244134 0.6268873 0.3175915 0.6190338 0.9563265 0.3175915 0.6190338 0.6268873 0.1065139 0.6190341 0.9563265 0.1065139 0.6190341 0.6268873 0.1065139 0.6190341 0.6268873 0.1065139 0.9405053 0.6268873 0.3175915 0.6190338 0.6268873 0.3175915 0.9405053 -0.6364498 0.3175915 0.6207423 -0.6364498 0.3175915 0.9422131 -0.6364498 0.1065139 0.6207423 -0.6364498 0.1065138 0.9422135 -0.6364498 0.1065139 0.6207423 -0.965888 0.1065139 0.6207421 -0.6364498 0.3175915 0.6207423 -0.965888 0.3175915 0.6207426 0.1590252 0.1065139 0.6244134 -0.1704121 0.1065139 0.6244134 0.1590252 0.3175914 0.6244134 -0.1704121 0.3175914 0.6244134 0.1590252 0.3175914 0.9458846 -0.1704121 0.3175914 0.9458846 0.1590252 0.1065139 0.9458846 -0.1704121 0.1065139 0.9458846 -0.1704121 0.1065139 0.6244134 -0.1704121 0.1065139 0.9458846 -0.1704121 0.3175914 0.6244134 -0.1704121 0.3175914 0.9458846 0.1590252 0.1065139 0.9458846 0.1590252 0.1065139 0.6244134 0.1590252 0.3175914 0.9458846 0.1590252 0.3175914 0.6244134 0.6268873 0.3175915 -0.6180631 0.6268873 0.1065139 -0.6180633 0.9563265 0.3175915 -0.6180631 0.9563265 0.1065139 -0.6180633 0.6268873 0.1065139 -0.6180633 0.6268873 0.3175915 -0.6180631 0.6268873 0.1065139 -0.9395345 0.6268873 0.3175915 -0.9395345 -0.6364498 0.3175915 -0.6197716 -0.6364498 0.1065139 -0.6197716 -0.6364498 0.3175915 -0.9412423 -0.6364498 0.1065138 -0.9412428 -0.6364498 0.1065139 -0.6197716 -0.6364498 0.3175915 -0.6197716 -0.965888 0.1065139 -0.6197714 -0.965888 0.3175915 -0.6197718 0.1590252 0.1065139 -0.6234426 0.1590252 0.3175914 -0.6234426 -0.1704121 0.1065139 -0.6234426 -0.1704121 0.3175914 -0.6234426 0.1590252 0.3175914 -0.9449139 0.1590252 0.1065139 -0.9449139 -0.1704121 0.3175914 -0.9449139 -0.1704121 0.1065139 -0.9449139 -0.1704121 0.1065139 -0.6234426 -0.1704121 0.3175914 -0.6234426 -0.1704121 0.1065139 -0.9449139 -0.1704121 0.3175914 -0.9449139 0.1590252 0.1065139 -0.9449139 0.1590252 0.3175914 -0.9449139 0.1590252 0.1065139 -0.6234426 0.1590252 0.3175914 -0.6234426 0.9563441 0.4236969 0.9350425 0.9527457 0.3136189 0.9400308 0.9535406 0.4236967 -0.9397708 0.9586527 0.3136187 -0.9362586 0.9535406 0.4236967 -0.9397708 0.9586527 0.3136187 -0.9362586 -0.9700414 0.4236967 -0.936259 -0.9638923 0.3136187 -0.9421411 -0.9641335 0.4236968 0.9400309 -0.967732 0.3136189 0.9350423 0.9563441 0.4236969 0.9350425 0.9527457 0.3136189 0.9400308 0.9535406 0.4236967 -0.9397708 -0.9700414 0.4236967 -0.936259 0.9563441 0.4236969 0.9350425 -0.9641335 0.4236968 0.9400309 0.9207116 1.857765 -0.3753209 0.9173932 1.909332 -0.3794215 0.9440617 1.910415 -0.3711071 0.9140562 1.959604 -0.3672291 0.9139366 1.951212 -0.2617147 0.9172551 1.899645 -0.2576144 0.943944 1.902023 -0.2655927 0.920592 1.849374 -0.2698064 0.9090104 1.845943 -0.3899898 0.8881779 1.83171 -0.2596613 0.8797612 1.972941 -0.3777942 0.8800424 1.955631 -0.2441391 0.9207116 1.857765 -0.3753209 0.9440617 1.910415 -0.3711071 0.9553208 1.911144 -0.3710364 0.9140562 1.959604 -0.3672291 0.943944 1.902023 -0.2655927 0.920592 1.849374 -0.2698064 0.9552011 1.902753 -0.2655218 0.9139366 1.951212 -0.2617147 0.9527044 1.592465 -0.2932343 0.9527044 1.600691 -0.3966587 0.9070192 1.922968 -0.2669463 0.9070192 1.931195 -0.3703708 0.9427972 1.591105 -0.2933425 0.8971112 1.921607 -0.2670545 0.9427972 1.59933 -0.3967671 0.8971112 1.929834 -0.3704791 0.9427972 1.591105 -0.2933425 0.9427972 1.59933 -0.3967671 0.9527044 1.592465 -0.2932343 0.9527044 1.600691 -0.3966587 0.9427972 1.59933 -0.3967671 0.8971112 1.929834 -0.3704791 0.9527044 1.600691 -0.3966587 0.9070192 1.931195 -0.3703708 0.8971112 1.921607 -0.2670545 0.9427972 1.591105 -0.2933425 0.9070192 1.922968 -0.2669463 0.9527044 1.592465 -0.2932343 -0.8978543 2.507861 0.4477969 -0.8947775 2.559444 0.4518844 -0.921503 2.56039 0.4437378 -0.891778 2.609734 0.439679 -0.8922777 2.601356 0.3341646 -0.8953544 2.549772 0.3300772 -0.9220037 2.552011 0.3382234 -0.898354 2.499483 0.3422824 -0.8859993 2.496098 0.4623901 -0.8659124 2.481989 0.3319312 -0.8574865 2.623248 0.4500305 -0.8585178 2.605953 0.3163771 -0.8978543 2.507861 0.4477969 -0.921503 2.56039 0.4437378 -0.932764 2.561061 0.4437378 -0.891778 2.609734 0.439679 -0.9220037 2.552011 0.3382234 -0.898354 2.499483 0.3422824 -0.9332647 2.552683 0.3382234 -0.8922777 2.601356 0.3341646 -0.9162095 2.239897 0.3658586 -0.9154317 2.248086 0.469283 -0.8754011 2.571168 0.3393188 -0.8746234 2.579359 0.4427433 -0.9162095 2.239897 0.3658586 -0.8655171 2.569653 0.3393645 -0.9154317 2.248086 0.469283 -0.8647394 2.577842 0.442789 0.4718077 2.502238 0.9024537 0.4791998 2.553505 0.900431 0.4711171 2.554423 0.9271767 0.4702494 2.604525 0.898472 0.3644136 2.602928 0.8988827 0.3570232 2.551661 0.9009053 0.3652814 2.552825 0.9275885 0.3659737 2.50064 0.9028643 0.4856228 2.489808 0.8903487 0.3545386 2.484516 0.8700794 0.4814646 2.618046 0.8644564 0.3469761 2.609347 0.8652381 0.4718077 2.502238 0.9024537 0.4711171 2.554423 0.9271767 0.4711534 2.554862 0.9384497 0.4702494 2.604525 0.898472 0.3652814 2.552825 0.9275885 0.3659737 2.50064 0.9028643 0.3653177 2.553265 0.9388616 0.3644136 2.602928 0.8988827 0.3729209 2.241845 0.9187807 0.4766586 2.243411 0.918378 0.3677677 2.574926 0.8865103 0.4715072 2.576492 0.8861076 0.3728968 2.24088 0.9088275 0.3677445 2.573961 0.876557 0.4766354 2.242446 0.9084247 0.4714832 2.575527 0.8761543 0.3728968 2.24088 0.9088275 0.4766354 2.242446 0.9084247 0.3729209 2.241845 0.9187807 0.4766586 2.243411 0.918378 0.4766354 2.242446 0.9084247 0.4714832 2.575527 0.8761543 0.4766586 2.243411 0.918378 0.4715072 2.576492 0.8861076 0.3677445 2.573961 0.876557 0.3728968 2.24088 0.9088275 0.3677677 2.574926 0.8865103 0.3729209 2.241845 0.9187807 -0.4067007 2.030255 0.926011 -0.3959242 2.08092 0.9240008 -0.403998 2.082378 0.9507253 -0.4014718 2.13242 0.9220118 -0.393708 2.016934 0.9139436 -0.5248032 2.020329 0.8933358 -0.3892973 2.145158 0.8880236 -0.5240678 2.145385 0.8884584 -0.4067007 2.030255 0.926011 -0.403998 2.082378 0.9507253 -0.4039608 2.082818 0.9619984 -0.4014718 2.13242 0.9220118 -0.509707 2.087794 0.9508635 -0.5124089 2.035671 0.926148 -0.5096698 2.088234 0.9621365 -0.5071818 2.137835 0.9221488 -0.5227196 1.776024 0.9321635 -0.4190412 1.77168 0.9419824 -0.5056548 2.109669 0.909789 -0.4020415 2.104361 0.9096546 -0.5227196 1.776024 0.9321635 -0.5057171 2.108705 0.8998357 -0.4191034 1.770716 0.9320291 -0.4021028 2.103397 0.8997014 -0.4191034 1.770716 0.9320291 -0.4021028 2.103397 0.8997014 -0.4190412 1.77168 0.9419824 -0.4020415 2.104361 0.9096546 0.5411472 -0.005000114 -0.9604091 0.5411472 -0.01000011 0.9620471 0.4411468 -0.01000011 -0.9656118 0.4411468 -1.192093E-07 0.9516417 -0.4671078 -0.005000114 -0.9604084 -0.4671078 -0.01000011 0.9620457 -0.5671082 -0.01000011 -0.9656104 -0.5671082 -1.192093E-07 0.9516417 0.5411472 -0.005000114 -0.9604091 0.4411468 -1.192093E-07 -0.9552064 0.5411472 -1.192093E-07 0.9516417 0.4411468 -1.192093E-07 0.9516417 -0.4671078 -0.005000114 -0.9604084 -0.5671082 -1.192093E-07 -0.9552064 -0.4671078 -1.192093E-07 0.9516417 -0.5671082 -1.192093E-07 0.9516417 0.5411472 -1.192093E-07 0.9516417 0.5411472 -0.01000011 0.9620471 0.5411472 -0.005000114 -0.9604091 0.4611463 2.932165 0.8561227 0.4610141 3.005706 0.7893491 0.4610141 3.014576 0.7939894 0.4609574 2.999542 -0.7939283 0.4609574 3.007928 -0.7993992 0.4611463 2.932165 -0.8501309 0.4611463 2.93526 -0.8600159 0.3611469 2.93526 0.8660076 0.3611469 2.932165 0.8561227 0.4411468 -1.192093E-07 0.9516417 0.3610146 3.005706 0.7893491 -0.477108 2.942165 -0.8501309 -0.5671082 -1.192093E-07 -0.9552064 -0.3771077 2.942165 -0.8501309 -0.4671078 -0.005000114 -0.9604084 -0.477108 2.942165 -0.8501309 -0.3771077 2.945509 -0.8600063 -0.5671082 -0.01000011 -0.9656104 -0.4671078 -0.005000114 -0.9604084 0.4411468 -1.192093E-07 -0.9552064 0.5411472 -0.005000114 -0.9604091 0.4611463 2.932165 -0.8501309 0.3610146 2.956249 -0.8347919 0.4611463 2.932165 -0.8501309 0.4609574 2.999542 -0.7939283 0.3611469 3.020089 -0.7586917 0.4610141 3.005706 0.7893491 0.3610146 3.005706 0.7893491 0.3611469 2.932165 0.8561227 0.4611463 2.932165 0.8561227 0.4411468 -1.192093E-07 0.9516417 0.5411472 -1.192093E-07 0.9516417 0.3610146 2.956249 -0.8347919 0.4611463 2.93526 -0.8600159 0.4411468 -1.192093E-07 -0.9552064 0.5294611 0.4202259 -0.9676311 0.4411468 -1.192093E-07 -0.9552064 0.4411468 -0.01000011 -0.9656118 0.5411472 -0.005000114 -0.9604091 0.4611463 2.932165 -0.8501309 0.5411472 -0.005000114 -0.9604091 0.4611463 2.93526 -0.8600159 0.5294611 0.4202259 -0.9676311 0.8212079 2.925146 0.3838277 0.8664373 2.952884 0.5137173 0.8916469 0.6578732 0.4646032 0.8664373 2.952884 0.2383588 0.8212079 2.925146 0.3838277 0.8664373 2.952884 0.5137173 0.8664373 0.7417192 0.8716072 0.8664373 2.952884 0.8716072 0.8925273 0.5565552 0.8997608 0.5274529 2.952884 0.8716072 0.4437003 0.6521451 0.8657826 0.8165982 3.019198 0.821768 0.8664373 2.952884 0.5137173 0.8030301 3.025734 0.5137166 0.5274529 3.025733 0.8081999 0.5274526 3.036225 0.3685673 0.4056297 2.994452 0.7727177 0.4056297 2.924793 0.8334286 0.2831792 0.6212553 0.8901034 0.2831776 2.976681 0.8572523 0.4384387 0.5632564 0.9132119 -0.3227219 2.952884 0.8716072 -0.3227227 0.6212556 0.8901034 -0.3227219 3.019581 0.8183987 -0.4506958 2.934891 0.8314598 0.2831776 3.040089 0.7844029 -0.4698432 3.015849 0.7655463 -0.3227213 3.033578 0.393407 0.2831776 3.034043 0.3860199 0.4056297 3.009968 0.3946259 0.2831776 3.040089 -0.2713915 0.4056297 3.017773 -0.2834151 -0.4177025 3.031916 -0.3083347 0.4056297 2.994452 -0.7737594 0.2831776 3.029835 -0.8024479 0.2831776 2.952884 -0.8726544 0.4056297 2.924793 -0.8344756 0.5274529 2.952884 -0.8726544 0.5274529 3.025734 -0.8092471 0.5274529 3.040089 -0.2713915 0.8165982 3.019198 -0.8228152 0.5274529 2.952884 -0.8726544 0.8664373 2.952884 -0.8726544 0.8664373 2.952884 -0.3704282 0.8336262 3.007277 -0.3704278 0.8142239 2.935494 -0.2668974 0.8664373 2.952884 -0.3704282 0.7481406 3.007837 -0.2668967 0.7792331 3.040089 -0.3704273 0.8064296 3.023683 -0.14406 0.8142239 2.935494 -0.2668974 0.8664373 2.952884 -0.1440607 0.8030301 3.025734 0.2383581 0.8664373 2.952884 -0.1440607 0.8664373 2.952884 0.2383588 0.760995 2.994216 0.383827 0.8664373 2.952884 0.2383588 0.8212079 2.925146 0.3838277 0.8664373 2.952884 0.5137173 0.8212079 2.925146 0.3838277 -0.3227219 3.019582 -0.8194457 0.2831776 2.952884 -0.8726544 -0.3227219 2.952884 -0.8726544 -0.3227219 2.952884 -0.8726544 -0.4506958 2.934891 -0.8325068 -0.4506958 3.010256 -0.7622414 -0.5528154 2.952884 -0.8726544 -0.5528154 3.023683 -0.8126466 -0.5177118 3.032524 -0.2572434 -0.8279846 3.019198 -0.8228151 -0.5528154 2.952884 -0.8726544 -0.8778243 2.952884 -0.8726544 -0.8778245 2.952884 -0.3704282 -0.817816 3.023683 -0.3704275 -0.8256109 2.935495 -0.2668974 -0.7595317 3.007838 -0.2668967 -0.817816 3.023683 -0.14406 -0.8778243 2.922806 -0.1440607 -0.4802148 3.02449 0.3891273 -0.8280148 3.017531 0.2383582 -0.8778243 2.922806 0.2383588 -0.832594 2.925146 0.3838277 -0.7691724 2.996161 0.383827 -0.8778243 2.952884 0.5137173 -0.8076172 3.029835 0.5137166 -0.8347783 3.0154 0.8285616 -0.8778243 2.952884 0.5137173 -0.8778243 2.952884 0.8716072 -0.5528154 2.98348 0.853151 -0.4889918 0.6432174 0.8665909 -0.9002993 0.5960839 0.8957847 -0.8778243 2.952884 0.5137173 -0.4716123 0.5528631 0.9135933 -0.8963013 0.6289346 0.4709495 0.2831792 0.4236966 0.9370636 0.5274538 0.4236966 0.9220517 0.4056305 0.4236966 0.909119 -0.3227227 0.4236966 0.9370636 -0.4506975 0.4236966 0.909119 0.9138151 0.4236966 0.918985 -0.5528179 0.4236966 0.9220517 -0.9252021 0.4236966 0.918985 0.940102 0.4236966 0.5137178 -0.9252021 0.4236966 0.5137178 0.9390523 0.4784292 0.4299207 0.940102 0.4236966 0.3838282 0.940102 0.4236966 0.2383592 0.9138663 0.5336363 0.3725452 0.9385654 0.4691203 -0.2528262 0.940102 0.4236966 -0.1440611 0.940102 0.4236966 -0.2668979 0.940102 0.4236966 -0.3704287 0.940102 0.4236966 -0.6140825 0.9138151 0.4236966 -0.9200321 0.8916469 0.6488917 -0.3024994 0.8664373 2.952884 0.2383588 0.8664373 2.952884 -0.1440607 0.8142239 2.935494 -0.2668974 0.8664373 2.952884 -0.1440607 0.8664373 2.952884 -0.3704282 0.8142239 2.935494 -0.2668974 0.9124621 0.5769109 -0.3780466 0.913521 0.5071253 -0.2376566 0.9095203 0.5354877 -0.9054525 0.8664373 0.7487192 -0.8726544 0.8664373 2.952884 -0.3704282 0.8664373 2.952884 -0.8726544 0.5274529 2.952884 -0.8726544 0.5274538 0.6795737 -0.8726544 0.4056297 2.924793 -0.8344756 0.2831776 2.952884 -0.8726544 0.5274529 2.952884 -0.8726544 0.4309894 0.6361946 -0.9012997 0.2831776 2.952884 -0.8726544 0.4990034 0.4667938 -0.9285902 0.5274538 0.4236966 -0.9200321 0.4056305 0.4236966 -0.9200321 0.2831792 0.4236966 -0.9200321 -0.3227227 0.4236966 -0.9200321 -0.4506975 0.4236966 -0.9200321 -0.5528179 0.4236966 -0.9200321 -0.5415469 0.5713234 -0.9208133 -0.9252021 0.4236966 -0.9200321 -0.8870401 0.6768599 -0.8766404 -0.5528154 2.952884 -0.8726544 -0.8778243 2.952884 -0.8726544 -0.3982982 0.6981663 -0.8726544 -0.5528154 2.952884 -0.8726544 0.2831776 2.952884 -0.8726544 -0.3227219 2.952884 -0.8726544 -0.4506958 2.934891 -0.8325068 -0.3227219 2.952884 -0.8726544 -0.7539921 3.045967 -0.2107759 -0.7530222 3.040967 -0.3107758 -0.8176057 2.995395 -0.3107758 -0.8233166 3.007087 -0.2107759 -0.85394 2.938912 -0.3107758 -0.8299341 2.96795 -0.2107759 -0.9824247 0.3147311 -0.3632651 -0.9928284 0.3047311 -0.4632651 0.9527629 0.1100779 -0.9368209 0.9560013 -7.450581E-08 -0.9394063 0.929677 -7.450581E-08 -0.9503845 -0.9679163 0.1100779 -0.9370828 -0.9419193 -7.450581E-08 -0.9503845 0.9439192 0.1065139 0.9283986 0.9439192 0.3175915 0.9283986 0.9148026 0.3175915 0.9405053 0.9148026 0.1065139 0.9405053 0.6268873 0.3175915 0.9405053 0.6268873 0.1065139 0.9405053 -0.9534807 0.1065139 0.9301066 -0.9534807 0.3175915 0.9301066 -0.965888 0.3175915 0.9016943 -0.965888 0.1065138 0.9016945 -0.965888 0.3175915 0.6207426 -0.965888 0.1065139 0.6207421 0.6268873 0.1065139 -0.9395345 0.6268873 0.3175915 -0.9395345 0.9148026 0.1065139 -0.9395345 0.9148026 0.3175915 -0.9395345 0.9439192 0.1065139 -0.9274279 0.9439192 0.3175915 -0.9274279 -0.965888 0.1065139 -0.6197714 -0.965888 0.3175915 -0.6197718 -0.965888 0.1065138 -0.9007238 -0.965888 0.3175915 -0.9007236 -0.9534807 0.1065139 -0.9291359 -0.9534807 0.3175915 -0.9291359 0.920592 1.849374 -0.2698064 0.9207116 1.857765 -0.3753209 0.9552011 1.902753 -0.2655218 0.9553208 1.911144 -0.3710364 0.9139366 1.951212 -0.2617147 0.9140562 1.959604 -0.3672291 -0.898354 2.499483 0.3422824 -0.8978543 2.507861 0.4477969 -0.9332647 2.552683 0.3382234 -0.932764 2.561061 0.4437378 -0.8922777 2.601356 0.3341646 -0.891778 2.609734 0.439679 0.3659737 2.50064 0.9028643 0.4718077 2.502238 0.9024537 0.3653177 2.553265 0.9388616 0.4711534 2.554862 0.9384497 0.3644136 2.602928 0.8988827 0.4702494 2.604525 0.898472 -0.5124089 2.035671 0.926148 -0.4067007 2.030255 0.926011 -0.5096698 2.088234 0.9621365 -0.4039608 2.082818 0.9619984 -0.5071818 2.137835 0.9221488 -0.4014718 2.13242 0.9220118 -0.5071818 2.137835 0.9221488 -0.515833 2.128634 0.9225351 -0.509707 2.087794 0.9508635 -0.5200772 2.045708 0.925783 -0.5124089 2.035671 0.926148 -0.4536143 0.4411129 0.9502899 -0.5671082 -1.192093E-07 0.9516417 -0.477108 2.942165 0.8561227 -0.3771077 2.942165 0.8561227 -0.4768958 3.009541 0.799921 -0.3770228 3.02187 0.7787785 -0.476945 3.017825 -0.7820966 -0.3768434 3.01016 -0.7967246 -0.3771077 2.942165 -0.8501309 -0.477108 2.942165 -0.8501309 -0.9824286 0.3136071 0.4567034 -0.8440237 2.926584 0.3221494 -0.9824286 0.3136071 0.5567033 -0.8228893 2.973633 0.4221493 -0.7879359 3.005351 0.3221494 -0.7530222 3.030967 0.4221493 0.7615977 3.017697 0.3220429 0.7509899 3.025967 0.4221493 0.8362059 2.942778 0.4220428 0.8428154 2.93376 0.3221494 0.9714813 0.3136071 0.4567034 0.9714813 0.3136071 0.5567033 0.9714851 0.3147311 -0.3632651 -0.9824247 0.3147311 -0.3632651 0.9819441 0.3047311 -0.3632651 0.8526859 2.946875 -0.2107759 0.8384093 2.949771 -0.2106958 0.9714813 0.3136071 0.4567034 0.8428154 2.93376 0.3221494 0.9819412 0.3036071 0.4567034 -0.9928331 0.3036071 0.4567034 -0.9824286 0.3136071 0.4567034 -0.8309724 2.980044 0.3221494 -0.8440237 2.926584 0.3221494 -0.7879359 3.005351 0.3221494 -0.7539911 3.035967 0.3221494 -0.9705541 0.1100779 0.932001 0.9533511 0.1100779 0.9371893 -0.6364498 0.1100779 0.6244134 0.6268873 0.1100779 0.6244134 0.9527629 0.1100779 -0.9368209 0.6268873 0.1100779 -0.6425813 -0.9679163 0.1100779 -0.9370828 -0.6364498 0.1100779 -0.6425813 0.6268873 0.1100779 -0.6425813 -0.9638923 0.3136187 -0.9421411 0.9586527 0.3136187 -0.9362586 0.9527457 0.3136189 0.9400308 -0.967732 0.3136189 0.9350423 -0.9804831 0.3136189 -0.9042103 0.9090104 1.845943 -0.3899898 0.8797612 1.972941 -0.3777942 0.9135576 1.968914 -0.383752 0.9129725 1.964881 -0.2490421 0.8800424 1.955631 -0.2441391 0.9210926 1.840063 -0.2532838 0.8881779 1.83171 -0.2596613 0.9090104 1.845943 -0.3899898 -0.8859993 2.496098 0.4623901 -0.8574865 2.623248 0.4500305 -0.8912231 2.619045 0.4561998 -0.891463 2.615031 0.3214882 -0.8585178 2.605953 0.3163771 -0.8989097 2.490172 0.3257618 -0.8659124 2.481989 0.3319312 -0.8859993 2.496098 0.4623901 0.4856228 2.489808 0.8903487 0.4814646 2.618046 0.8644564 0.4873339 2.612766 0.898095 0.3526421 2.617402 0.8983583 0.3469761 2.609347 0.8652381 0.3488887 2.4924 0.9032423 0.3545386 2.484516 0.8700794 0.4856228 2.489808 0.8903487 -0.393708 2.016934 0.9139436 -0.3892973 2.145158 0.8880236 -0.3838772 2.139511 0.9216779 -0.5179666 2.153057 0.9215921 -0.5240678 2.145385 0.8884584 -0.5300025 2.02858 0.9264829 -0.5248032 2.020329 0.8933358 -0.393708 2.016934 0.9139436 -0.9313912 0.4252565 -0.568705 -0.9163352 0.5024377 -0.5493325 -0.9252021 0.4236966 -0.9200321 -0.8870401 0.6768599 -0.8766404 -0.8999999 0.6233858 -0.5357984 -0.477108 2.942165 0.8561227 -0.5671082 -1.192093E-07 0.9516417 -0.4671078 -0.01000011 0.9620457 -0.3771077 2.945259 0.8660081 -0.4768958 3.017927 0.8053919 -0.3770228 3.02187 0.7787785 -0.476945 3.026692 -0.7867196 -0.3768434 3.01016 -0.7967246 -0.3771077 2.945509 -0.8600063 -0.477108 2.942165 -0.8501309 0.4609574 3.007928 -0.7993992 0.4611463 2.93526 -0.8600159 0.3610146 2.956249 -0.8347919 0.3611469 3.020089 -0.7586917 0.4610141 3.014576 0.7939894 0.3610146 3.005706 0.7893491 0.3611469 2.93526 0.8660076 0.4611463 2.932165 0.8561227 0.5411472 -0.01000011 0.9620471 0.4411468 -1.192093E-07 0.9516417 -0.476945 3.017825 -0.7820966 -0.476945 3.026692 -0.7867196 -0.477108 2.942165 -0.8501309 -0.4768958 3.009541 0.799921 -0.4768958 3.017927 0.8053919 -0.477108 2.942165 0.8561227 0.8526859 2.946875 -0.2107759 0.9819441 0.3047311 -0.3632651 0.9819441 0.3047311 -0.4632651 0.8428154 2.94376 -0.3107758 0.7651429 3.037209 -0.3106556 0.8384093 2.949771 -0.2106958 0.7509899 3.035967 -0.2107759 -0.7539921 3.045967 -0.2107759 -0.7530222 3.040967 -0.3107758 -0.9928331 0.3036071 0.4567034 -0.9824286 0.3136071 0.5567033 -0.8309724 2.980044 0.3221494 -0.8228893 2.973633 0.4221493 -0.7530222 3.030967 0.4221493 -0.7539911 3.035967 0.3221494 0.7537041 3.035967 0.3221494 -0.7539911 3.035967 0.3221494 -0.7530222 3.030967 0.4221493 0.7509899 3.025967 0.4221493 0.8455637 2.946698 0.4220428 0.7615977 3.017697 0.3220429 0.8428154 2.93376 0.3221494 0.9819412 0.3036071 0.4567034 0.9714813 0.3136071 0.5567033 -0.9824247 0.3147311 -0.4632651 -0.8176057 2.995395 -0.3107758 -0.9824247 0.3147311 -0.3632651 -0.8299341 2.96795 -0.2107759 -0.7520533 3.035967 -0.2107759 -0.7530222 3.040967 -0.3107758 0.7615981 3.027696 -0.3106556 0.7509899 3.035967 -0.2107759 0.8384093 2.949771 -0.2106958 0.8428154 2.94376 -0.3107758 0.9714851 0.3147311 -0.4632651 0.9714851 0.3147311 -0.3632651 0.9563265 0.1065138 0.899986 0.9563265 0.1065139 0.6190341 0.9563265 0.3175915 0.6190338 0.9563265 0.3175915 0.899986 0.9439192 0.3175915 0.9283986 0.9439192 0.1065139 0.9283986 -0.9243641 0.1065138 0.9422135 -0.6364498 0.1065138 0.9422135 -0.6364498 0.3175915 0.9422131 -0.9243641 0.3175915 0.9422133 -0.9534807 0.3175915 0.9301066 -0.9534807 0.1065139 0.9301066 0.9563265 0.3175915 -0.6180631 0.9563265 0.1065139 -0.6180633 0.9563265 0.1065138 -0.8990153 0.9563265 0.3175915 -0.8990153 0.9439192 0.3175915 -0.9274279 0.9439192 0.1065139 -0.9274279 -0.6364498 0.3175915 -0.9412423 -0.6364498 0.1065138 -0.9412428 -0.9243641 0.1065138 -0.9412428 -0.9243641 0.3175915 -0.9412426 -0.9534807 0.3175915 -0.9291359 -0.9534807 0.1065139 -0.9291359 -0.8999999 0.6233858 -0.5357984 -0.8778245 2.952884 -0.3704282 -0.8870401 0.6768599 -0.8766404 -0.8778243 2.952884 -0.8726544 -0.8603125 1.794203 -0.2992508 -0.8256109 2.935495 -0.2668974 -0.8999999 0.6233858 -0.5357984 -0.8778243 1.70417 -0.1440607 -0.8778243 2.922806 -0.1440607 -0.8778243 2.922806 0.2383588 -0.9192929 0.6087099 -0.3445455 -0.9507133 0.4236966 -0.3704287 -0.9163352 0.5024377 -0.5493325 -0.9467304 0.4363471 -0.5688887 -0.9319957 0.4236966 -0.2668979 -0.9418694 0.4236966 -0.1440611 -0.9418694 0.4236966 0.2383592 -0.9211726 0.6117275 0.2144576 -0.9252622 0.4236966 0.3838282 -0.8585175 1.765887 0.3656441 -0.8778243 2.952884 0.5137173 -0.832594 2.925146 0.3838277 -0.8778243 2.952884 0.5137173 -0.5179666 2.153057 0.9215921 -0.515833 2.128634 0.9225351 -0.5071818 2.137835 0.9221488 -0.4014718 2.13242 0.9220118 -0.5200772 2.045708 0.925783 -0.3838772 2.139511 0.9216779 -0.5300025 2.02858 0.9264829 -0.3959242 2.08092 0.9240008 -0.5124089 2.035671 0.926148 -0.393708 2.016934 0.9139436 -0.4067007 2.030255 0.926011 0.9090104 1.845943 -0.3899898 0.9207116 1.857765 -0.3753209 0.920592 1.849374 -0.2698064 0.9173932 1.909332 -0.3794215 0.9210926 1.840063 -0.2532838 0.9135576 1.968914 -0.383752 0.9172551 1.899645 -0.2576144 0.9140562 1.959604 -0.3672291 0.9129725 1.964881 -0.2490421 0.9139366 1.951212 -0.2617147 -0.8859993 2.496098 0.4623901 -0.8978543 2.507861 0.4477969 -0.898354 2.499483 0.3422824 -0.8947775 2.559444 0.4518844 -0.8989097 2.490172 0.3257618 -0.8912231 2.619045 0.4561998 -0.8953544 2.549772 0.3300772 -0.891778 2.609734 0.439679 -0.891463 2.615031 0.3214882 -0.8922777 2.601356 0.3341646 0.4856228 2.489808 0.8903487 0.4718077 2.502238 0.9024537 0.3659737 2.50064 0.9028643 0.4791998 2.553505 0.900431 0.3488887 2.4924 0.9032423 0.4873339 2.612766 0.898095 0.3570232 2.551661 0.9009053 0.4702494 2.604525 0.898472 0.3526421 2.617402 0.8983583 0.3644136 2.602928 0.8988827</float_array>
          <technique_common>
            <accessor source="#CmFillerObjectAL_CmFillerObjectAM_pCube35_polySurface2__CmFillerObjectAC-position-array" count="2158" stride="3">
              <param name="X" type="float" />
              <param name="Y" type="float" />
              <param name="Z" type="float" />
            </accessor>
          </technique_common>
        </source>
        <source id="CmFillerObjectAL_CmFillerObjectAM_pCube35_polySurface2__CmFillerObjectAC-normal">
          <float_array id="CmFillerObjectAL_CmFillerObjectAM_pCube35_polySurface2__CmFillerObjectAC-normal-array" count="6474">0.1643836 -0.9863014 0.007827789 0.1643836 -0.9863014 0.007827789 0.1643836 -0.9863014 0.007827789 0 -1 0 0 -1 0 0 -1 0 0 -1 0 0 -1 0 0 -1 0 0 -1 0 0 -1 0 0 1 0 0 1 0 0 1 0 0 1 0 0 1 0 0 1 0 0 1 0 0 1 0 -1 0 0 -1 0 0 -1 0 0 -1 0 0 -0.005870841 0 -1 -0.005870841 0 -1 -0.3855186 0 -0.9236791 -0.3855186 0 -0.9236791 1 0 0 1 0 0 1 0 0 1 0 0 0 0 1 0 0 1 0 0 1 0 0 1 0 0 -1 0 0 -1 0 0 -1 0 0 -1 0 0 -1 0 0 -1 0 0 -1 0 0 -1 -1 0 0 -1 0 0 -1 0 0 -1 0 0 1 0 0 1 0 0 1 0 0 1 0 0 0 0 -1 0 0 -1 0 0 -1 0 0 -1 0 0 -1 0 0 -1 0 0 -1 0 0 -1 0 0 1 0 0 1 0 0 1 0 0 1 -1 0 0 -1 0 0 -1 0 0 -1 0 0 1 0 0 1 0 0 1 0 0 1 0 0 0 0 1 0 0 1 0 0 1 0 0 1 -1 0 0 -1 0 0 -1 0 0 -1 0 0 1 0 0 1 0 0 1 0 0 1 0 0 0 0 1 0 0 1 0 0 1 0 0 1 0 0 1 0 0 1 0 0 1 0 0 1 0 0 -1 0 0 -1 0 0 -1 0 0 -1 -1 0 0 -1 0 0 -1 0 0 -1 0 0 1 0 0 1 0 0 1 0 0 1 0 0 -0.2700587 0 -0.962818 -0.005870841 0 -1 -0.2700587 0 -0.962818 -0.005870841 0 -1 0.001956947 0.08023483 -0.9960861 0.001956947 0.08023483 -0.9960861 0.001956947 0.08023483 -0.9960861 0.001956947 0.08023483 -0.9960861 -0.001956947 -0.08023483 0.9960861 -0.001956947 -0.08023483 0.9960861 -0.001956947 -0.08023483 0.9960861 -0.001956947 -0.08023483 0.9960861 0.9902152 0.1369863 0.01174168 0.9902152 0.1369863 0.01174168 0.9902152 0.1369863 0.01174168 0.9902152 0.1369863 0.01174168 -0.9902152 -0.1369863 -0.01174168 -0.9902152 -0.1369863 -0.01174168 -0.9902152 -0.1369863 -0.01174168 -0.9902152 -0.1369863 -0.01174168 0.1369863 -0.9882583 -0.07827789 0.1369863 -0.9882583 -0.07827789 0.1369863 -0.9882583 -0.07827789 0.1369863 -0.9882583 -0.07827789 0 0.08023483 -0.9960861 0 0.08023483 -0.9960861 0 0.08023483 -0.9960861 0 0.08023483 -0.9960861 0 -0.08023483 0.9960861 0 -0.08023483 0.9960861 0 -0.08023483 0.9960861 0 -0.08023483 0.9960861 0.003913894 0.07827789 0.9960861 0.003913894 0.07827789 0.9960861 0.003913894 0.07827789 0.9960861 0.003913894 0.07827789 0.9960861 -0.003913894 -0.07827789 -0.9960861 -0.003913894 -0.07827789 -0.9960861 -0.003913894 -0.07827789 -0.9960861 -0.003913894 -0.07827789 -0.9960861 -0.9882583 0.1506849 -0.003913894 -0.9882583 0.1506849 -0.003913894 -0.9882583 0.1506849 -0.003913894 -0.9882583 0.1506849 -0.003913894 0.9882583 -0.1506849 0.003913894 0.9882583 -0.1506849 0.003913894 0.9882583 -0.1506849 0.003913894 0.9882583 -0.1506849 0.003913894 -0.1506849 -0.9843444 0.07827789 -0.1506849 -0.9843444 0.07827789 -0.1506849 -0.9843444 0.07827789 -0.1506849 -0.9843444 0.07827789 0.007827789 0.07827789 0.9960861 0.007827789 0.07827789 0.9960861 0.007827789 0.07827789 0.9960861 0.007827789 0.07827789 0.9960861 -0.007827789 -0.07827789 -0.9960861 -0.007827789 -0.07827789 -0.9960861 -0.007827789 -0.07827789 -0.9960861 -0.007827789 -0.07827789 -0.9960861 1 0.01565558 -0.003913894 1 0.01565558 -0.003913894 1 0.01565558 -0.003913894 1 0.01565558 -0.003913894 -1 -0.01565558 0.003913894 -1 -0.01565558 0.003913894 -1 -0.01565558 0.003913894 -1 -0.01565558 0.003913894 0.001956947 0.09589041 0.9960861 0.001956947 0.09589041 0.9960861 0.001956947 0.09589041 0.9960861 0.001956947 0.09589041 0.9960861 -0.001956947 -0.09589041 -0.9960861 -0.001956947 -0.09589041 -0.9960861 -0.001956947 -0.09589041 -0.9960861 -0.001956947 -0.09589041 -0.9960861 0.01565558 -0.9960861 0.09589041 0.01565558 -0.9960861 0.09589041 0.01565558 -0.9960861 0.09589041 0.01565558 -0.9960861 0.09589041 1 0.01565558 -0.003913894 1 0.01565558 -0.003913894 1 0.01565558 -0.003913894 1 0.01565558 -0.003913894 -1 -0.01565558 0.003913894 -1 -0.01565558 0.003913894 -1 -0.01565558 0.003913894 -1 -0.01565558 0.003913894 0.9980431 -0.05088063 -0.001956947 0.9980431 -0.05088063 -0.001956947 0.9980431 -0.05088063 -0.001956947 0.9980431 -0.05088063 -0.001956947 -0.9980431 0.05088063 0.001956947 -0.9980431 0.05088063 0.001956947 -0.9980431 0.05088063 0.001956947 -0.9980431 0.05088063 0.001956947 0.005870841 0.09589041 0.9960861 0.005870841 0.09589041 0.9960861 0.005870841 0.09589041 0.9960861 0.005870841 0.09589041 0.9960861 -0.005870841 -0.09589041 -0.9960861 -0.005870841 -0.09589041 -0.9960861 -0.005870841 -0.09589041 -0.9960861 -0.005870841 -0.09589041 -0.9960861 -0.05088063 -0.9941292 0.09589041 -0.05088063 -0.9941292 0.09589041 -0.05088063 -0.9941292 0.09589041 -0.05088063 -0.9941292 0.09589041 0.9980431 -0.05088063 -0.001956947 0.9980431 -0.05088063 -0.001956947 0.9980431 -0.05088063 -0.001956947 0.9980431 -0.05088063 -0.001956947 -0.9980431 0.05088063 0.001956947 -0.9980431 0.05088063 0.001956947 -0.9980431 0.05088063 0.001956947 -0.9980431 0.05088063 0.001956947 0 -1 0 0 -1 0 0 -1 0 0 -1 0 0 -1 0 0 -1 0 0 -1 0 0 -1 0 0 1 0 0 1 0 0 1 0 0 1 0 0 1 0 0 1 0 0 1 0 0 1 0 -0.02544031 1 0 -0.02544031 1 0 -0.7318982 0.6829746 0 -0.7318982 0.6829746 0 -0.9980431 0.06262231 0 -0.9980431 0.06262231 0 -0.9980431 0.05283757 0 -0.9980431 0.05283757 0 -0.02544031 1 0 -0.02544031 1 0 -0.7318982 0.6829746 0 -0.7318982 0.6829746 0 -0.9980431 0.06262231 0 -0.9980431 0.06262231 0 -0.9980431 0.05283757 0 -0.9980431 0.05283757 0 -0.9980431 -0.04892368 0 -0.9980431 -0.04892368 0 -0.9980431 -0.06066536 0 -0.9980431 -0.06262231 0 -0.7084149 -0.7064579 0 -0.7084149 -0.7064579 0 -0.02935421 -1 0 -0.02739726 -1 0 0.02348337 -1 0 0.02348337 -1 0 0.7338552 -0.6790606 0 0.7338552 -0.6790606 0 0.9980431 -0.06262231 0 0.9980431 -0.06262231 0 0.9980431 -0.05283757 0 0.9980431 -0.05283757 0 0 0 -1 0 0 -1 0 0 -1 0 0 -1 0.001956947 0.001956947 -1 0.001956947 0.001956947 -1 0.01956947 0.05675147 -0.9980431 0.01956947 0.05675147 -0.9980431 0.01174168 0.0332681 -1 0.01174168 0.0332681 -1 -0.01369863 0.0332681 -1 -0.01369863 0.0332681 -1 -0.02152642 0.05675147 -0.9980431 -0.02152642 0.05675147 -0.9980431 0 0 -1 0 0 -1 0 0 -1 0 0 -1 0 0 1 0 0 1 0 0 1 0 0 1 0.02152642 -0.05675147 0.9980431 0.02152642 -0.05675147 0.9980431 0.01369863 -0.0332681 1 0.01369863 -0.0332681 1 -0.01174168 -0.0332681 1 -0.01174168 -0.0332681 1 -0.01956947 -0.05675147 0.9980431 -0.01956947 -0.05675147 0.9980431 -0.001956947 -0.001956947 1 -0.001956947 -0.001956947 1 0 0 1 0 0 1 0 0 1 0 0 1 0 0 -1 0 0 -1 0 0 -1 0 0 -1 -0.001956947 -0.001956947 -1 -0.001956947 -0.001956947 -1 -0.01761252 -0.05088063 -0.9980431 -0.01761252 -0.05088063 -0.9980431 -0.009784736 -0.02935421 -1 -0.009784736 -0.02935421 -1 0.01174168 -0.02935421 -1 0.01174168 -0.02935421 -1 0.01956947 -0.05088063 -0.9980431 0.01956947 -0.05088063 -0.9980431 0 0 -1 0 0 -1 0 0 -1 0 0 -1 0 0 1 0 0 1 0 0 1 0 0 1 -0.01956947 0.05088063 0.9980431 -0.01956947 0.05088063 0.9980431 -0.01174168 0.02935421 1 -0.01174168 0.02935421 1 0.009784736 0.02935421 1 0.009784736 0.02935421 1 0.01761252 0.05088063 0.9980431 0.01761252 0.05088063 0.9980431 0.001956947 0.001956947 1 0.001956947 0.001956947 1 0 0 1 0 0 1 0 0 1 0 0 1 -0.9158513 0 -0.4011742 -0.9158513 0 -0.4011742 -1 0 -0.005870841 -1 0 -0.005870841 -1 0 0.005870841 -1 0 0.005870841 -0.9158513 0 0.4011742 -0.9158513 0 0.4011742 -0.3855186 0 0.9236791 -0.3855186 0 0.9236791 -0.005870841 0 1 -0.005870841 0 1 0.005870841 0 1 0.005870841 0 1 0.3855186 0 0.9236791 0.3855186 0 0.9236791 0.3835616 0 0.9236791 0.3835616 0 0.9236791 0.037182 0 1 0.037182 0 1 0 0 1 0 0 1 -0.9158513 0 0.3992172 -0.9158513 0 0.3992172 -1 0 0.03913894 -1 0 0.03913894 -1 0 0 -1 0 0 0 0 -1 0 0 -1 0.037182 0 -1 0.037182 0 -1 0.3835616 0 -0.9236791 0.3835616 0 -0.9236791 -1 0 0 -1 0 0 -1 0 -0.03913894 -1 0 -0.03913894 -0.9158513 0 -0.3992172 -0.9158513 0 -0.3992172 0.009784736 -0.06849315 -0.9980431 0.009784736 -0.06849315 -0.9980431 -0.007827789 0.2250489 -0.9745597 -0.007827789 0.2250489 -0.9745597 -0.06457926 0.9960861 -0.07436399 -0.06457926 0.9960861 -0.07436399 -0.06457926 0.9706458 0.2309198 -0.06457926 0.9706458 0.2309198 -0.009784736 0.06849315 0.9980431 -0.009784736 0.06849315 0.9980431 0.007827789 -0.2250489 0.9745597 0.007827789 -0.2250489 0.9745597 0.06457926 -0.9960861 0.07436399 0.06457926 -0.9960861 0.07436399 0.06457926 -0.9706458 -0.2309198 0.06457926 -0.9706458 -0.2309198 0.009784736 -0.06849315 -0.9980431 0.009784736 -0.06849315 -0.9980431 0.8395303 -0.5420744 -0.04305284 0.8395303 -0.5420744 -0.04305284 0.9980431 0.06457926 0.005870841 0.9980431 0.06457926 0.005870841 0.7632094 0.6457925 0.05283757 0.7632094 0.6457925 0.05283757 -0.003913894 -0.06849315 0.9980431 -0.003913894 -0.06849315 0.9980431 0.01369863 0.2250489 0.9745597 0.01369863 0.2250489 0.9745597 0.05870841 0.9960861 0.07436399 0.05870841 0.9960861 0.07436399 0.05870841 0.9706458 -0.2309198 0.05870841 0.9706458 -0.2309198 0.003913894 0.06849315 -0.9980431 0.003913894 0.06849315 -0.9980431 -0.01369863 -0.2250489 -0.9745597 -0.01369863 -0.2250489 -0.9745597 -0.05870841 -0.9960861 -0.07436399 -0.05870841 -0.9960861 -0.07436399 -0.05870841 -0.9706458 0.2309198 -0.05870841 -0.9706458 0.2309198 -0.003913894 -0.06849315 0.9980431 -0.003913894 -0.06849315 0.9980431 -0.8375734 -0.5459883 0.04696673 -0.8375734 -0.5459883 0.04696673 -0.9980431 0.05870841 0 -0.9980431 0.05870841 0 -0.7651663 0.6418787 -0.04696673 -0.7651663 0.6418787 -0.04696673 0.9902152 -0.1330724 0.001956947 0.9902152 -0.1330724 0.001956947 0.9863014 0.1624266 -0.009784736 0.9863014 0.1624266 -0.009784736 0.1369863 0.9902152 -0.03913894 0.1369863 0.9902152 -0.03913894 -0.1682975 0.9843444 -0.037182 -0.1682975 0.9843444 -0.037182 -0.9902152 0.1330724 -0.001956947 -0.9902152 0.1330724 -0.001956947 -0.9863014 -0.1624266 0.009784736 -0.9863014 -0.1624266 0.009784736 -0.1369863 -0.9902152 0.03913894 -0.1369863 -0.9902152 0.03913894 0.1682975 -0.9843444 0.037182 0.1682975 -0.9843444 0.037182 0.9902152 -0.1330724 0.001956947 0.9902152 -0.1330724 0.001956947 0.01174168 -0.5636008 0.8258317 0.01174168 -0.5636008 0.8258317 0.003913894 0.03913894 1 0.003913894 0.03913894 1 -0.005870841 0.6262231 0.778865 -0.005870841 0.6262231 0.778865 0.9804305 -0.1976517 0.003913894 0.9804305 -0.1976517 0.003913894 0.9960861 0.09784736 -0.007827789 0.9960861 0.09784736 -0.007827789 0.2035225 0.9784736 -0.03913894 0.2035225 0.9784736 -0.03913894 -0.1017613 0.9941292 -0.03913894 -0.1017613 0.9941292 -0.03913894 -0.9804305 0.1976517 -0.003913894 -0.9804305 0.1976517 -0.003913894 -0.9960861 -0.09784736 0.007827789 -0.9960861 -0.09784736 0.007827789 -0.2035225 -0.9784736 0.03913894 -0.2035225 -0.9784736 0.03913894 0.1017613 -0.9941292 0.03913894 0.1017613 -0.9941292 0.03913894 0.9804305 -0.1976517 0.003913894 0.9804305 -0.1976517 0.003913894 -0.02739726 -0.5636008 0.8258317 -0.02739726 -0.5636008 0.8258317 0.003913894 0.03913894 1 0.003913894 0.03913894 1 0.0332681 0.6262231 0.778865 0.0332681 0.6262231 0.778865 0.2172211 0.2485323 -0.9432485 0.2172211 0.2485323 -0.9432485 0.2152642 0.1956947 -0.9569471 0.2152642 0.1878669 -0.9589041 0.1780822 0.09197652 -0.9804305 0.1604697 0.09001957 -0.9823875 0.007827789 0.1193738 -0.9921722 0.005870841 0.1193738 -0.9921722 -0.2544031 0.06849315 -0.964775 -0.2641879 0.06066536 -0.962818 -0.2133072 0.06849315 -0.9745597 -0.2074364 0.06849315 -0.9765166 -0.1252446 0.08219178 -0.9882583 0 0.003913894 1 0 0.003913894 1 0 -0.03522505 1 0 -0.03522505 1 0 -0.05479452 0.9980431 0 -0.05479452 0.9980431 0 -0.7201566 0.6927593 0 -0.7201566 0.6927593 0 -1 0.02152642 0 -1 0.02152642 0 -1 -0.02152642 0 -1 -0.02152642 0 -0.7201566 -0.6927593 0 -0.7201566 -0.6927593 0 -0.1232877 -0.9921722 0 -0.1213307 -0.9921722 0 -0.037182 -1 0 -0.037182 -1 0 -0.02935421 -1 0 -0.02935421 -1 0 -0.003913894 -1 0 -0.003913894 -1 1 0.005870841 -0.003913894 1 0.005870841 -0.003913894 1 0.02739726 -0.01174168 1 0.02739726 -0.007827789 1 0.02739726 -0.005870841 1 0.02739726 -0.005870841 1 0 0 1 0 0 1 0 0 1 0 0 1 0 0 1 0 0 1 0 0 1 0 0 1 0.02348337 -0.005870841 1 0.02348337 -0.005870841 1 0.02739726 0.007827789 1 0.02739726 0.007827789 1 0.02739726 0.009784736 1 0.02739726 0.01369863 1 0.005870841 0.003913894 1 0.005870841 0.003913894 1 0.005870841 -0.003913894 1 0.005870841 -0.003913894 -1 -0.005870841 0.003913894 -1 -0.005870841 0.003913894 -1 -0.005870841 -0.003913894 -1 -0.005870841 -0.003913894 -1 -0.02739726 -0.01369863 -1 -0.02739726 -0.009784736 -1 -0.02739726 -0.005870841 -1 -0.02739726 -0.005870841 -1 -0.02348337 0.005870841 -1 -0.02348337 0.005870841 -1 0 0 -1 0 0 -1 0 0 -1 0 0 -1 0 0 -1 0 0 -1 0 0 -1 0 0 -1 -0.02739726 0.005870841 -1 -0.02739726 0.005870841 -1 -0.02739726 0.007827789 -1 -0.02739726 0.01174168 -1 -0.005870841 0.003913894 -1 -0.005870841 0.003913894 1 -0.005870841 0.005870841 1 -0.005870841 0.005870841 1 -0.03131115 0.01369863 1 -0.03131115 0.007827789 1 -0.02935421 0.007827789 1 -0.02935421 0.007827789 1 0 0 1 0 0 1 0 0 1 0 0 1 0 0 1 0 0 1 0 0 1 0 0 1 -0.02935421 0.003913894 1 -0.02935421 0.003913894 1 -0.03131115 -0.007827789 1 -0.03131115 -0.007827789 1 -0.03131115 -0.01565558 1 -0.03131115 -0.01956947 1 -0.005870841 -0.005870841 1 -0.005870841 -0.005870841 1 -0.005870841 0.005870841 1 -0.005870841 0.005870841 -1 0.005870841 -0.005870841 -1 0.005870841 -0.005870841 -1 0.005870841 0.005870841 -1 0.005870841 0.005870841 -1 0.03131115 0.01956947 -1 0.03131115 0.01565558 -1 0.03131115 0.007827789 -1 0.03131115 0.007827789 -1 0.02935421 -0.003913894 -1 0.02935421 -0.003913894 -1 0 0 -1 0 0 -1 0 0 -1 0 0 -1 0 0 -1 0 0 -1 0 0 -1 0 0 -1 0.02935421 -0.007827789 -1 0.02935421 -0.007827789 -1 0.03131115 -0.007827789 -1 0.03131115 -0.01369863 -1 0.005870841 -0.005870841 -1 0.005870841 -0.005870841 0 -0.003913894 -1 0 -0.003913894 -1 0 -0.02544031 -1 0 -0.02544031 -1 0 -0.037182 -1 0 -0.037182 -1 0 -0.08219178 -0.9960861 0 -0.08414873 -0.9960861 0 -0.7201566 -0.6927593 0 -0.7201566 -0.6927593 0 -1 -0.02152642 0 -1 -0.02152642 0 -1 0.01565558 0 -1 0.01565558 0 -0.7201566 0.6927593 0 -0.7201566 0.6927593 0 -0.05870841 0.9980431 0 -0.05870841 0.9980431 0 -0.03522505 1 0 -0.03522505 1 0 0.003913894 1 0 0.003913894 1 0.02935421 1 0 -0.02544031 1 0 -0.02544031 1 0 0.02935421 1 0 0.7084149 0.7064579 0 0.7084149 0.7064579 0 0.9980431 0.06262231 0 0.9980431 0.06066536 0 0.9980431 0.04892368 0 0.9980431 0.04892368 0 0.9980431 0.06262231 0 0.9980431 0.04892368 0 0.9980431 0.04892368 0 0.9980431 0.06262231 0 0.7084149 0.7064579 0 0.7084149 0.7064579 0 0.02935421 1 0 0.02935421 1 0 -0.02544031 1 0 -0.02544031 1 0 -0.9980431 -0.06457926 -0.005870841 -0.9980431 -0.06457926 -0.005870841 -0.9980431 -0.06457926 -0.005870841 -0.9980431 -0.06457926 -0.005870841 -0.9980431 -0.06457926 -0.005870841 -0.9980431 -0.06457926 -0.005870841 -0.9980431 -0.06457926 -0.005870841 -0.9980431 -0.06457926 -0.005870841 0.9980431 -0.05870841 0 0.9980431 -0.05870841 0 0.9980431 -0.05870841 0 0.9980431 -0.05870841 0 0.9980431 -0.05870841 0 0.9980431 -0.05870841 0 0.9980431 -0.05870841 0 0.9980431 -0.05870841 0 -0.003913894 -0.03913894 -1 -0.003913894 -0.03913894 -1 -0.003913894 -0.03913894 -1 -0.003913894 -0.03913894 -1 -0.003913894 -0.03913894 -1 -0.003913894 -0.03913894 -1 -0.003913894 -0.03913894 -1 -0.003913894 -0.03913894 -1 -0.003913894 -0.03913894 -1 -0.003913894 -0.03913894 -1 -0.003913894 -0.03913894 -1 -0.003913894 -0.03913894 -1 -0.003913894 -0.03913894 -1 -0.003913894 -0.03913894 -1 -0.003913894 -0.03913894 -1 -0.003913894 -0.03913894 -1 0 0.03522505 -1 0 -0.003913894 -1 0 -0.003913894 -1 0 0.03522505 -1 0 0.05675147 -0.9980431 0 0.05675147 -0.9980431 0 0.7201566 -0.6927593 0 0.7201566 -0.6927593 0 1 -0.02152642 0 1 -0.02152642 0 1 0.02152642 0 1 0.02152642 0 0.7201566 0.6927593 0 0.7201566 0.6927593 0 0.1291585 0.9921722 0 0.1252446 0.9921722 0 0.037182 1 0 0.037182 1 0 0.02935421 1 0 0.03131115 1 0 0.003913894 1 0 0.003913894 1 0 0.02544031 1 0 0.003913894 1 0 0.003913894 1 0 0.02544031 1 0 0.037182 1 0 0.037182 1 0 0.08414873 0.9960861 0 0.08610567 0.9960861 0 0.7201566 0.6927593 0 0.7201566 0.6927593 0 1 0.02152642 0 1 0.02152642 0 1 -0.01761252 0 1 -0.01761252 0 0.7221135 -0.6908023 0 0.7221135 -0.6908023 0 0.06066536 -0.9980431 0 0.05870841 -0.9980431 0 0.03522505 -1 0 0.03522505 -1 0 -0.003913894 -1 0 -0.003913894 -1 0.9980431 -0.05283757 0 0.9980431 -0.06066536 0 0.9980431 -0.05283757 0 0.9980431 -0.06262231 0 0.7338552 -0.6790606 0 0.7338552 -0.6790606 0 0.02348337 -1 0 0.02348337 -1 0 -0.02739726 -1 0 -0.02935421 -1 0 -0.7084149 -0.7064579 0 -0.7084149 -0.7064579 0 -0.9980431 -0.06262231 0 -0.9980431 -0.06066536 0 -0.9980431 -0.04892368 0 -0.9980431 -0.04892368 0 0.005870841 0 -1 -0.005870841 0 -1 -0.005870841 0 -1 0.005870841 0 -1 0.3855186 0 -0.9236791 0.3855186 0 -0.9236791 0.9158513 0 -0.4011742 1 0 -0.005870841 0.9158513 0 -0.4011742 1 0 -0.005870841 1 0 0.005870841 1 0 0.005870841 0.9158513 0 0.4011742 0.9158513 0 0.4011742 1 0 0.03913894 1 0 0 1 0 0 1 0 0.03913894 0.9158513 0 0.3992172 0.9158513 0 0.3992172 -0.037182 0 1 0 0 1 0 0 1 -0.037182 0 1 -0.3835616 0 0.9236791 -0.3835616 0 0.9236791 1 0 0 1 0 0 1 0 -0.03913894 1 0 -0.03913894 0.9158513 0 -0.3992172 0.9158513 0 -0.3992172 0 0 -1 0 0 -1 -0.037182 0 -1 -0.037182 0 -1 -0.3835616 0 -0.9236791 -0.3835616 0 -0.9236791 0.005870841 0 -1 -0.005870841 0 -1 -0.005870841 0 -1 0.005870841 0 -1 0.2700587 0 -0.962818 0.2700587 0 -0.962818 0.295499 0 0.9549902 0.295499 0 0.9549902 0.005870841 0 1 0.005870841 0 1 -0.005870841 0 1 -0.005870841 0 1 -0.295499 0 0.9549902 -0.295499 0 0.9549902 0.9589041 0 0.2818004 1 0 0.005870841 0.9589041 0 0.2818004 1 0 0.005870841 1 0 -0.005870841 1 0 -0.005870841 0.9510763 0 -0.3091977 0.9510763 0 -0.3091977 -0.9589041 0 0.2818004 -1 0 0.005870841 -0.9589041 0 0.2818004 -1 0 0.005870841 -1 0 -0.005870841 -1 0 -0.005870841 -0.9510763 0 -0.3091977 -0.9510763 0 -0.3091977 -0.6066536 0.2407045 -0.7573385 -0.9706458 0.2367906 -0.05088063 -0.6438356 0.1604697 -0.7475538 -0.9275929 0.3659491 -0.06066536 -0.9941292 0.111546 -0.02739726 -0.6751468 0.1898239 -0.7123288 -0.9941292 0.0998043 -0.009784736 -1 0.01956947 -0.02544031 -0.7632094 0.02348337 -0.6457925 -1 0.003913894 -0.01956947 -0.7377691 0.001956947 -0.6751468 -1 0.03131115 -0.007827789 -0.7221135 0.02544031 -0.6908023 -0.9921722 0.06066536 0.1135029 -0.9843444 0.01956947 0.1741683 -0.9980431 0.01369863 0.06457926 -1 0.0332681 0.001956947 -1 0.007827789 0.005870841 -0.962818 0.08023483 -0.258317 -0.9980431 0.02739726 -0.06457926 -0.9960861 0.04696673 0.06262231 -0.9804305 0.1800391 -0.07827789 -0.9980431 0.03522505 0.06457926 -1 0.02348337 -0.02544031 -0.9980431 0.02739726 0.06262231 -0.9980431 0.06066536 0.001956947 -0.9902152 0.146771 0.001956947 -0.9491194 0.2994129 -0.09197652 -0.9804305 0.1937378 -0.01174168 -0.9960861 0.09589041 -0.005870841 -0.9980431 0.06457926 0.02739726 -0.9941292 0.109589 0.009784736 -0.9941292 -0.1017613 0.01369863 -0.9980431 0.06066536 -0.02348337 -0.9941292 0.109589 -0.01761252 -0.9765166 -0.2152642 -0.01761252 -0.9784736 -0.1996086 0.04109589 -0.9921722 0.1213307 0.02739726 -0.9980431 0.05870841 0.0332681 -0.9902152 0.1252446 0.06849315 -0.9843444 -0.1663405 0.05870841 -0.9960861 -0.09589041 0.009784736 -0.9980431 0.02152642 0.04696673 -0.9980431 0.05479452 0.04305284 -1 0.01956947 0.037182 -1 0.03522505 -0.01174168 -0.9941292 0.1154599 0.009784736 -1 0.03913894 -0.01761252 -0.9980431 0.009784736 -0.05088063 -0.9980431 0.02935421 -0.0665362 -0.739726 0.02739726 0.6712329 -0.6457925 0.09001957 0.7573385 -0.7651663 -0.1056751 0.6360078 0.01565558 -0.1076321 0.9941292 -0.6966732 0.2504892 0.6731898 -0.007827789 0.0665362 0.9980431 0.005870841 0.04500978 0.9980431 -0.01956947 -0.07632094 0.9960861 0.01174168 0.2152642 0.9765166 -0.7534246 0.04109589 0.6555773 0.05479452 0.03522505 0.9980431 -0.739726 0.007827789 0.6731898 0.06066536 0.003913894 0.9980431 0.0665362 0.02935421 0.9980431 -0.01956947 0.009784736 1 -0.4970646 0.7436399 0.4481409 -0.9980431 0.02935421 -0.0665362 0.001956947 0.03522505 1 0.1037182 0.6888454 0.7181996 -0.04696673 0.04109589 0.9980431 -0.037182 0.007827789 1 0.02739726 0.295499 0.9549902 -0.02935421 0.037182 0.9980431 -0.01369863 0.2367906 0.9706458 -0.01565558 0.1428571 0.9902152 -0.02544031 0.2035225 0.9784736 0.02544031 0.2035225 0.9784736 0.01565558 0.1428571 0.9902152 0.01761252 -0.08414873 0.9960861 0.01174168 0.2328767 0.9726027 -0.009784736 0.03913894 1 0.005870841 -0.02348337 1 0.02739726 0.037182 0.9980431 -0.037182 0.2896282 0.9569471 0.007827789 0.06457926 0.9980431 0.7260274 0.04892368 0.6868885 -0.007827789 0.2309198 0.9726027 0.04500978 0.04109589 0.9980431 0.7103718 0.1174168 0.6947162 0.9960861 0.05283757 0.05870841 0.6164383 0.2426614 0.7495108 0.9726027 0.2270059 0.037182 1 0.01956947 0 0.9686888 0.2485323 0.0332681 0.9569471 0.2915851 -0.01956947 1 0.02348337 0 0.9667319 0.2563601 0.005870841 0.9373777 0.3463796 -0.01369863 1 0.02544031 0 0.9491194 0.3131115 -0.02152642 0.9452055 0.3287671 0.01956947 1 0.02152642 0 0.9197652 0.3894325 0.003913894 0.9549902 0.2935421 0.02544031 1 0.0332681 -0.003913894 0.964775 0.2622309 0.0332681 0.9843444 0.1780822 0.009784736 0.9569471 0.2915851 -0.003913894 1 0.01761252 -0.03913894 0.9706458 0.2426614 -0.01174168 0.9765166 0.2113503 -0.04109589 0.6066536 -0.02152642 -0.7945206 0.9726027 0.2348337 -0.009784736 0.9823875 0.1800391 0.04305284 0.5714286 0.08219178 -0.816047 0.02152642 0.06066536 -0.9980431 0.01565558 -0.05283757 -0.9980431 0 -0.1976517 -0.9804305 0.516634 0.2524462 -0.8180039 0.9902152 0.1369863 -0.007827789 0.9863014 0.1663405 -0.01761252 -0.003913894 0.01369863 -1 -0.001956947 -0.1585127 -0.9863014 0.02152642 0.2113503 -0.9765166 0.001956947 0.007827789 -1 -0.001956947 -0.146771 -0.9882583 0.007827789 0.1956947 -0.9804305 0.003913894 0.2093934 -0.9784736 0.001956947 0.009784736 -1 0 -0.1252446 -0.9921722 0 0.03913894 -1 -0.001956947 0.001956947 -1 -0.03522505 0.0704501 -0.9960861 0.001956947 0.2309198 -0.9726027 -0.01369863 0.2641879 -0.964775 -0.0665362 0.09197652 -0.9941292 -0.6066536 0.2407045 -0.7573385 -0.6438356 0.1604697 -0.7475538 -0.05675147 0.1878669 -0.9804305 -0.6751468 0.1898239 -0.7123288 0.01956947 0.0332681 -1 -0.7632094 0.02348337 -0.6457925 0.001956947 0.04500978 -0.9980431 0.04696673 0.001956947 -0.9980431 -0.7377691 0.001956947 -0.6751468 -0.7221135 0.02544031 -0.6908023 0.0665362 0.02935421 -0.9980431 0.001956947 0.03522505 -1 0.003913894 0.009784736 -1 -0.02544031 0.03522505 -1 -0.03522505 0.005870841 -1 -0.03913894 0.03131115 -0.9980431 0.01761252 0.005870841 -1 0.03522505 0.03131115 -0.9980431 0 0.03522505 -1 0.04109589 0.04305284 -0.9980431 0.02739726 0.01565558 -1 0.003913894 0.03522505 -1 -0.03131115 0.003913894 -1 -0.05870841 0.03131115 -0.9980431 0.6477495 0.03522505 -0.7612525 0.6320939 0.003913894 -0.7749511 0.6360078 0.02935421 -0.7710372 1 0.02935421 0 0.9980431 0.03913894 -0.02152642 1 0.007827789 -0.01369863 0.9921722 0.03131115 0.1154599 0.9980431 0.037182 0.037182 0.9960861 0.01369863 0.07827789 1 0.04109589 0.001956947 1 0.04109589 -0.005870841 1 0.02348337 -0.001956947 0.9980431 0.01369863 -0.04696673 0.9960861 0.03131115 -0.07240704 0.9980431 0.03131115 0.06262231 1 0.03913894 -0.01565558 0.9980431 0.01369863 0.04305284 1 0.03522505 -0.001956947 0.9804305 0.1917808 -0.01369863 1 0.03913894 0.01565558 0.9863014 0.1624266 -0.02739726 0.9980431 0.04500978 0.005870841 0.9882583 0.1526419 0.03913894 1 0.02152642 -0.001956947 1 0.03522505 -0.001956947 1 0.009784736 -0.03522505 0.9980431 0.02935421 -0.06457926 0.7240704 0.02739726 0.6888454 0.7103718 0.03522505 0.704501 -0.037182 0.037182 0.9980431 0.7201566 0.003913894 0.6927593 -0.04696673 0.001956947 0.9980431 0.01761252 0.007827789 1 0.03522505 0.007827789 1 0 0.03131115 1 -0.05870841 0.02935421 0.9980431 -0.03913894 0.02935421 0.9980431 0.037182 0.02935421 0.9980431 -0.05479452 0.704501 0.7084149 0 0.7103718 0.702544 0.06066536 0.704501 0.7064579 0.001956947 0.7181996 0.6966732 0.04109589 0.9941292 0.1037182 -0.03131115 0.9941292 0.1056751 0.0665362 0.9921722 0.1135029 0.001956947 0.9960861 0.08219178 -0.02544031 1 -0.01956947 -0.1232877 0.9863014 0.109589 0.04500978 0.9980431 -0.037182 -0.7142857 0.6908023 -0.111546 -0.1350294 0.9882583 -0.06457926 -0.7299413 0.6829746 0.003913894 -1 0.03522505 -0.01174168 -0.1409002 0.9902152 0 0 1 -0.003913894 0.007827789 1 0 -0.1291585 0.9902152 0.04892368 0 1 0 -0.7906067 0.6066536 0.08219178 -0.9980431 0.02739726 0.06262231 -0.9980431 0.02739726 -0.06457926 0.04892368 0.9980431 0.02739726 -0.1291585 0.9902152 -0.037182 -0.7945206 0.6007828 -0.08219178 -0.962818 0.08023483 -0.258317 0 1 0.001956947 -0.7201566 0.6947162 -0.007827789 -0.7103718 0.6868885 0.1545988 -0.9921722 0.06066536 0.1135029 -0.1330724 0.9902152 0 -0.7123288 0.702544 0.001956947 -1 0.03131115 -0.007827789 -0.1409002 0.9882583 0.06457926 -0.111546 0.9941292 0 -0.4461839 0.7436399 -0.4990215 -0.7221135 0.02544031 -0.6908023 0.0665362 0.02935421 -0.9980431 -0.1154599 0.9843444 -0.1252446 0.1037182 0.6888454 -0.7181996 0.001956947 0.03522505 -1 0.06262231 0.9980431 0 0.06849315 0.9902152 -0.1272016 0.001956947 0.7181996 -0.6966732 0.001956947 0.9960861 -0.09197652 0.04305284 0.9980431 0.01956947 0 1 0 -0.03131115 0.9921722 -0.1193738 -0.05479452 0.704501 -0.7084149 -0.03913894 0.03131115 -0.9980431 0.03522505 0.03131115 -0.9980431 -0.02935421 1 0 0.04305284 0.9921722 -0.1174168 0.06066536 0.704501 -0.7064579 0 0.7103718 -0.702544 0 0.03522505 -1 -0.05870841 0.03131115 -0.9980431 0.04305284 1 0 0 0.9960861 -0.09784736 -0.1076321 0.6908023 -0.7142857 -0.08610567 0.9882583 -0.1252446 0.4344423 0.7436399 -0.5088063 0.6360078 0.02935421 -0.7710372 1 0.02935421 0 0.111546 0.9863014 -0.1272016 0.7123288 0.702544 0.001956947 0.9921722 0.03131115 0.1154599 -0.08414873 0.9960861 0 0.1076321 0.9941292 0 0.7103718 0.6868885 0.1545988 1 0.04109589 0.001956947 0.1350294 0.9882583 0.06457926 0.6888454 0.7240704 0.001956947 0.7084149 0.7005871 -0.09393346 0.9960861 0.03131115 -0.07240704 0.1252446 0.9921722 0 0.7064579 0.702544 0.09393346 0.9980431 0.03131115 0.06262231 0.1232877 0.9921722 -0.03522505 0.7005871 0.7142857 0 1 0.03522505 -0.001956947 0.9980431 0.02935421 -0.06457926 0.1232877 0.9921722 0.04696673 -0.07436399 0.9980431 -0.009784736 -0.0665362 0.9980431 0.01565558 -0.03522505 1 0 0 1 0 0 1 0 0 1 -0.03131115 0.03913894 1 -0.005870841 -0.02544031 1 -0.005870841 0.0332681 1 0 0 1 -0.02935421 -0.01956947 1 0 0 1 0 0.007827789 1 0 0.05088063 0.9980431 -0.009784736 0 1 0.01761252 -0.02739726 1 0.003913894 -0.02739726 1 0.01565558 0.04109589 1 0.003913894 0.04109589 1 0.01565558 0 1 0.01761252 0 1 0.001956947 -0.07240704 0.9980431 0.02544031 0.0332681 1 0 0.1330724 0.9902152 0 -0.03522505 1 0 0 1 0 0 1 -0.001956947 -0.0665362 0.9980431 -0.03522505 0.1291585 0.9902152 -0.06262231 0.7142857 0.6908023 -0.111546 0.1193738 0.9863014 0.111546 0.4872798 0.7436399 0.4579256 -0.1076321 0.6908023 0.7142857 -0.08414873 0.9902152 0.111546 0 0.9960861 0.08610567 0.03913894 1 -0.01956947 -0.01956947 1 0 0 1 0 0 1 0 0 1 0 0 1 0 0 1 0 0 1 0 0 1 0 0 1 0 0 1 0 0 1 0 0 1 0 0 1 0 0 1 0 0 1 0 0 1 0 0 1 0 0.7651663 -0.2739726 -0.5812133 0.6457925 -0.2113503 -0.7338552 0.7984344 0.0998043 -0.5949119 0.4403131 0.0998043 -0.8923679 0.6046967 0.4050881 -0.6849315 0.7181996 0.4579256 -0.5244619 0.7162427 0.369863 0.5909981 0.6027398 0.2915851 0.7416829 0.7964775 0.003913894 0.6046967 0.4383562 -0.04305284 0.8982387 0.6438356 -0.3248532 0.6927593 0.7651663 -0.3620352 0.5322896 -0.7612525 -0.2778865 0.5870842 -0.6399217 -0.2152642 0.7377691 -0.7945206 0.09589041 0.5988258 -0.4344423 0.09784736 0.8943248 -0.6027398 0.4031311 0.6888454 -0.7162427 0.4540117 0.5283757 -0.7221135 0.3659491 -0.5870842 -0.6105675 0.2896282 -0.7377691 -0.8003914 0 -0.5988258 -0.444227 -0.04500978 -0.8943248 -0.6457925 -0.3287671 -0.6888454 -0.7671233 -0.3659491 -0.5283757 0.5675147 -0.3307241 0.7553816 0.7221135 -0.2739726 0.6340509 0.6046967 0.04109589 0.7964775 0.9001957 0.03131115 0.4363992 0.7123288 0.3444227 0.6105675 0.555773 0.4050881 0.7260274 -0.5616438 0.3874756 0.7299413 -0.7181996 0.3228963 0.6164383 -0.5988258 0.02152642 0.8003914 -0.8962818 0.003913894 0.4422701 -0.7084149 -0.295499 0.6399217 -0.5499021 -0.3463796 0.7592955 0.5420744 -0.3679061 0.7553816 0.7005871 -0.3209393 0.6360078 0.6027398 0 0.7984344 0.8982387 -0.02935421 0.4383562 0.7318982 0.297456 0.6125244 0.5792564 0.3679061 0.7279844 -0.5362035 0.4246575 0.7279844 -0.6966732 0.369863 0.6144814 -0.5988258 0.06262231 0.7984344 -0.8962818 0.06262231 0.4403131 -0.7279844 -0.2485323 0.6379648 -0.5753425 -0.3091977 0.7573385 0 -1 0 0 -1 0 0 -1 0 0 -1 0 0 -1 0 0 -1 0 0 -1 0 0 -1 0 0 -1 0 0 -1 0 0 -1 0 0 -1 0 0 -1 0 0 -1 0 0 -1 0 0 -1 0 0 1 0 0 1 0 0 1 0 0 1 0 0 1 0 0 1 0 0 1 0 0 1 0 0 1 0 0 1 0 0 1 0 0 1 0 0 1 0 0 1 0 0 1 0 0 1 0 0.9980431 0.06457926 0.005870841 0.9980431 0.06457926 0.005870841 0.9980431 0.06457926 0.005870841 0.9980431 0.06457926 0.005870841 0.9980431 0.06457926 0.005870841 0.9980431 0.06457926 0.005870841 0.9980431 0.06457926 0.005870841 0.9980431 0.06457926 0.005870841 0.9980431 0.06457926 0.005870841 0.9980431 0.06457926 0.005870841 0.9980431 0.06457926 0.005870841 0.9980431 0.06457926 0.005870841 0.9980431 0.06457926 0.005870841 0.9980431 0.06457926 0.005870841 0.9980431 0.06457926 0.005870841 0.9980431 0.06457926 0.005870841 -0.9980431 0.05870841 0 -0.9980431 0.05870841 0 -0.9980431 0.05870841 0 -0.9980431 0.05870841 0 -0.9980431 0.05870841 0 -0.9980431 0.05870841 0 -0.9980431 0.05870841 0 -0.9980431 0.05870841 0 -0.9980431 0.05870841 0 -0.9980431 0.05870841 0 -0.9980431 0.05870841 0 -0.9980431 0.05870841 0 -0.9980431 0.05870841 0 -0.9980431 0.05870841 0 -0.9980431 0.05870841 0 -0.9980431 0.05870841 0 0.003913894 0.03913894 1 0.003913894 0.03913894 1 0.003913894 0.03913894 1 0.003913894 0.03913894 1 0.003913894 0.03913894 1 0.003913894 0.03913894 1 0.003913894 0.03913894 1 0.003913894 0.03913894 1 0.003913894 0.03913894 1 0.003913894 0.03913894 1 0.003913894 0.03913894 1 0.003913894 0.03913894 1 0.003913894 0.03913894 1 0.003913894 0.03913894 1 0.003913894 0.03913894 1 0.003913894 0.03913894 1 0.003913894 0.03913894 1 0.003913894 0.03913894 1 0.003913894 0.03913894 1 0.003913894 0.03913894 1 0.003913894 0.03913894 1 0.003913894 0.03913894 1 0.003913894 0.03913894 1 0.003913894 0.03913894 1 0.003913894 0.03913894 1 0.003913894 0.03913894 1 0.003913894 0.03913894 1 0.003913894 0.03913894 1 0.003913894 0.03913894 1 0.003913894 0.03913894 1 0.003913894 0.03913894 1 0.003913894 0.03913894 1 0 0 1 0 0 1 0 0 1 -0.003913894 0.1193738 -0.9921722 -0.3855186 0.02152642 -0.9236791 -0.001956947 0.1193738 -0.9921722 0.007827789 0.07827789 0.9960861 0.007827789 0.07827789 0.9960861 0.007827789 0.07827789 0.9960861 -0.007827789 -0.07827789 -0.9960861 -0.007827789 -0.07827789 -0.9960861 -0.007827789 -0.07827789 -0.9960861 -0.05088063 -0.9941292 0.09589041 -0.05088063 -0.9941292 0.09589041 -0.05088063 -0.9941292 0.09589041 -0.9980431 0.05088063 0.001956947 -0.9980431 0.05088063 0.001956947 -0.9980431 0.05088063 0.001956947 0.1643836 0.2093934 -0.964775 0.1643836 0.2093934 -0.964775 0.1643836 0.2093934 -0.964775 -0.5851272 -0.8082192 -0.06262231 -0.5851272 -0.8082192 -0.06262231 -0.5851272 -0.8082192 -0.06262231 -1 0 0 -1 0 0 -1 0 0 -1 0.01956947 -0.01761252 -1 0.01956947 -0.01761252 -1 0 0 1 -0.02935421 -0.009784736 1 -0.02935421 -0.009784736 1 -0.003913894 -0.001956947 -1 0.01956947 -0.01761252 -1 0.01956947 -0.01761252 -1 0.01761252 -0.01565558 1 -0.02935421 -0.009784736 1 -0.02935421 -0.009784736 1 -0.02935421 -0.009784736 0.1252446 -0.03522505 -0.9921722 0 -0.003913894 -1 0.06849315 -0.02152642 -0.9980431 0.9921722 0.1291585 -0.001956947 0.9921722 0.1291585 -0.003913894 0.9158513 0.037182 -0.4011742 0.9921722 0.1291585 -0.001956947 0.9921722 0.1252446 0.003913894 0.9921722 0.1252446 0 0.9158513 0.0332681 0.4011742 0 0.1291585 0.9921722 0.003913894 0.1272016 0.9921722 0.3855186 0.03522505 0.9217221 -0.005870841 0.1702544 0.9863014 0 0.1291585 0.9921722 -0.003913894 0.1722113 0.9843444 -0.3835616 0.06262231 0.9217221 -0.003913894 0.1722113 0.9843444 -0.9960861 0.08023483 0.005870841 -0.9158513 0.01174168 0.4011742 -0.9960861 0.08219178 0.001956947 -0.9960861 0.08219178 0.001956947 -0.9941292 0.1017613 -0.005870841 -0.9941292 0.1037182 -0.001956947 -0.9158513 0.01174168 -0.4011742 -0.9941292 0.1037182 -0.001956947 -0.9960861 0.09393346 0 -0.9158513 -0.02935421 -0.4011742 -0.9960861 0.09197652 -0.001956947 -1 0.0332681 0.007827789 -1 0.03522505 0.005870841 -0.9960861 0.09393346 0 1 -0.005870841 -0.005870841 1 -0.005870841 -0.005870841 1 0 0 -0.9960861 0.02739726 -0.08414873 1 -0.005870841 -0.005870841 -0.9960861 0.02739726 -0.08414873 1 -0.02935421 0.009784736 1 -0.02935421 0.009784736 1 0 0 -0.005870841 -1 0 0 -0.9960861 0.09589041 -0.005870841 -1 0.003913894 0 -0.9941292 0.0998043 0 -0.9941292 0.0998043 0 -0.9941292 0.0998043 0 -0.9941292 0.0998043 0 -0.9941292 0.0998043 0 1 0 0 1 0 0 1 0 0 1 0 0 1 0 0 1 0 0 1 0 0 1 0 0 0 -1 0 0 -1 0 0 -1 0.03131115 0.0332681 -0.9980431 0.0332681 0.03522505 -0.9980431 0.0332681 0.03522505 -0.9980431 -0.0332681 0.03522505 -0.9980431 -0.0332681 0.03522505 -0.9980431 -0.09784736 0.06262231 -0.9941292 -0.09784736 0.06262231 -0.9941292 0 0 1 0 0 1 0 0 1 0 0 1 -0.01956947 0.04696673 0.9980431 -0.02152642 0.05088063 0.9980431 -0.01956947 0.04892368 0.9980431 0 0 1 0 0.005870841 -1 0 0 -1 0 0.005870841 -1 0 0 -1 -1 0 0 -1 0 0 -1 0 0 -1 0 0 1 0 0 1 0 0 1 0 0 1 0 0 0 1 0 0 1 0 0 1 0 0 1 0 0 0 1 0 0 1 0 0 1 0 0 1 0 0 -1 0 0 -1 0 0 -1 0 0 -1 0 0 -1 0 0 -1 0 0 -1 0 0 -1 -1 0 0 -1 0 0 -1 0 0 -1 0 0 1 0 0 1 0 0 1 0 0 1 0 0 0 0 -1 0 0 -1 0 0 -1 0 0 -1 0 0 -1 0 0 -1 0 0 -1 0 0 -1 0 0 1 0 0 1 0 0 1 0 0 1 -1 0 0 -1 0 0 -1 0 0 -1 0 0 1 0 0 1 0 0 1 0 0 1 0 0 0 0 1 0 0 1 0 0 1 0 0 1 -1 0 0 -1 0 0 -1 0 0 -1 0 0 1 0 0 1 0 0 1 0 0 1 0 0 0 0 1 0 0 1 0 0 1 0 0 1 0 0 1 0 0 1 0 0 1 0 0 1 0 0 -1 0 0 -1 0 0 -1 0 0 -1 -1 0 0 -1 0 0 -1 0 0 -1 0 0 1 0 0 1 0 0 1 0 0 1 0 0 1 -0.0332681 -0.001956947 1 -0.02935421 -0.001956947 1 0.04305284 0.003913894 0.9980431 0.04696673 0.003913894 -0.001956947 -0.03131115 -1 -0.001956947 -0.02935421 -1 0.001956947 0.05088063 -0.9980431 0.003913894 0.05283757 -0.9980431 0.001956947 -0.04500978 0.9980431 0.001956947 -0.04109589 1 -0.001956947 0.04109589 1 -0.001956947 0.04500978 0.9980431 0 1 0 0 1 0 0 1 0 0 1 0 0.2994129 -0.05675147 -0.9530333 0.2935421 0.09393346 -0.9510763 0.2935421 0.09393346 -0.9510763 0.2798434 0.2446184 -0.9295499 0.2778865 0.09393346 0.9569471 0.2896282 -0.05675147 0.9549902 0.2896282 -0.05675147 0.9549902 0.297456 -0.2054795 0.9315069 -0.962818 -0.2054795 -0.1761252 -0.9863014 -0.1350294 -0.09197652 -0.9863014 -0.1389433 -0.09589041 -0.9980431 -0.06457926 -0.005870841 0.001956947 0.08023483 -0.9960861 0.001956947 0.08023483 -0.9960861 0.001956947 0.08023483 -0.9960861 0.001956947 0.08023483 -0.9960861 -0.001956947 -0.08023483 0.9960861 -0.001956947 -0.08023483 0.9960861 -0.001956947 -0.08023483 0.9960861 -0.001956947 -0.08023483 0.9960861 0.9902152 0.1369863 0.01174168 0.9902152 0.1369863 0.01174168 0.9902152 0.1369863 0.01174168 0.9902152 0.1369863 0.01174168 -0.9902152 -0.1369863 -0.01174168 -0.9902152 -0.1369863 -0.01174168 -0.9902152 -0.1369863 -0.01174168 -0.9902152 -0.1369863 -0.01174168 0.1369863 -0.9882583 -0.07827789 0.1369863 -0.9882583 -0.07827789 0.1369863 -0.9882583 -0.07827789 0.1369863 -0.9882583 -0.07827789 0 0.08023483 -0.9960861 0 0.08023483 -0.9960861 0 0.08023483 -0.9960861 0 0.08023483 -0.9960861 0 -0.08023483 0.9960861 0 -0.08023483 0.9960861 0 -0.08023483 0.9960861 0 -0.08023483 0.9960861 -0.2935421 -0.05870841 0.9549902 -0.2876712 0.09393346 0.9530333 -0.2876712 0.09393346 0.9530333 -0.2759295 0.2426614 0.9295499 -0.2837573 0.09197652 -0.9549902 -0.295499 -0.05870841 -0.9530333 -0.295499 -0.05870841 -0.9530333 -0.3013699 -0.2074364 -0.9295499 0.964775 -0.1996086 0.1702544 0.9882583 -0.1311155 0.08610567 0.9863014 -0.1350294 0.09001957 0.9980431 -0.05870841 0 0.003913894 0.07827789 0.9960861 0.003913894 0.07827789 0.9960861 0.003913894 0.07827789 0.9960861 0.003913894 0.07827789 0.9960861 -0.003913894 -0.07827789 -0.9960861 -0.003913894 -0.07827789 -0.9960861 -0.003913894 -0.07827789 -0.9960861 -0.003913894 -0.07827789 -0.9960861 -0.9921722 0.1213307 -0.001956947 -0.9921722 0.1213307 -0.001956947 -0.9921722 0.1213307 -0.001956947 -0.9921722 0.1213307 -0.001956947 0.9882583 -0.1506849 0.003913894 0.9882583 -0.1506849 0.003913894 0.9882583 -0.1506849 0.003913894 0.9882583 -0.1506849 0.003913894 0.9491194 -0.1252446 0.2915851 0.9569471 0.02544031 0.2876712 0.9569471 0.02544031 0.2876712 0.9432485 0.1761252 0.2798434 -0.9471624 0.148728 0.2857143 -0.9549902 -0.003913894 0.295499 -0.9549902 -0.003913894 0.295499 -0.9412916 -0.1545988 0.297456 0.1565558 -0.1898239 -0.9686888 0.07632094 -0.1154599 -0.9902152 0.08219178 -0.1193738 -0.9902152 -0.003913894 -0.03913894 -1 1 0.01565558 -0.003913894 1 0.01565558 -0.003913894 1 0.01565558 -0.003913894 1 0.01565558 -0.003913894 -1 -0.01565558 0.003913894 -1 -0.01565558 0.003913894 -1 -0.01565558 0.003913894 -1 -0.01565558 0.003913894 0.001956947 0.09589041 0.9960861 0.001956947 0.09589041 0.9960861 0.001956947 0.09589041 0.9960861 0.001956947 0.09589041 0.9960861 -0.001956947 -0.09589041 -0.9960861 -0.001956947 -0.09589041 -0.9960861 -0.001956947 -0.09589041 -0.9960861 -0.001956947 -0.09589041 -0.9960861 0.01565558 -0.9960861 0.09589041 0.01565558 -0.9960861 0.09589041 0.01565558 -0.9960861 0.09589041 0.01565558 -0.9960861 0.09589041 1 0.01565558 -0.003913894 1 0.01565558 -0.003913894 1 0.01565558 -0.003913894 1 0.01565558 -0.003913894 -1 -0.01565558 0.003913894 -1 -0.01565558 0.003913894 -1 -0.01565558 0.003913894 -1 -0.01565558 0.003913894 0.9373777 -0.1878669 0.2935421 0.9569471 -0.037182 0.2915851 0.9569471 -0.037182 0.2915851 0.9530333 0.1135029 0.2818004 0.146771 -0.2015656 -0.9686888 0.07240704 -0.1193738 -0.9902152 0.07632094 -0.1252446 -0.9902152 -0.003913894 -0.03913894 -1 0.9980431 -0.05088063 -0.001956947 0.9980431 -0.05088063 -0.001956947 0.9980431 -0.05088063 -0.001956947 0.9980431 -0.05088063 -0.001956947 -0.9980431 0.05088063 0.001956947 -0.9980431 0.05088063 0.001956947 -0.9980431 0.05088063 0.001956947 -0.9980431 0.05088063 0.001956947 -0.09197652 0.0704501 0.9941292 -0.07240704 0.07632094 0.9941292 -0.01174168 0.09197652 0.9960861 0.005870841 0.09589041 0.9960861 -0.005870841 -0.09589041 -0.9960861 -0.005870841 -0.09589041 -0.9960861 -0.005870841 -0.09589041 -0.9960861 -0.005870841 -0.09589041 -0.9960861 0.9980431 -0.05088063 -0.001956947 0.9980431 -0.05088063 -0.001956947 0.9980431 -0.05088063 -0.001956947 0.9980431 -0.05088063 -0.001956947 0.05088063 -0.9980431 -0.001956947 -0.09393346 -0.9960861 0.005870841 0.04500978 -0.9980431 -0.001956947 -0.0998043 -0.9941292 0.005870841 0.05088063 -0.9980431 -0.001956947 -0.09393346 -0.9960861 0.005870841 0.04500978 -0.9980431 -0.001956947 -0.0998043 -0.9941292 0.005870841 0.04892368 0.9980431 -0.001956947 0.04892368 0.9980431 -0.001956947 0.001956947 1 0 0 1 0 0.04892368 0.9980431 -0.001956947 0.04892368 0.9980431 -0.001956947 0.001956947 1 0 0 1 0 1 0.01761252 0.01565558 1 0.01761252 0.01565558 1 0.02739726 -0.003913894 1 0.01565558 0.01369863 1 0 0 1 0 0 1 0 0 1 0 0 1 0.02544031 0.007827789 1 0.02544031 0.007827789 -1 -0.02544031 0.007827789 -1 -0.02544031 0.007827789 -1 -0.02739726 0.007827789 -1 -0.001956947 0 0 -0.05675147 0.9980431 0.04892368 -0.03913894 0.9980431 0.001956947 -0.05479452 0.9980431 0.05088063 -0.03913894 0.9980431 -0.0998043 0.06066536 -0.9921722 -0.09589041 0.06262231 -0.9941292 0.04696673 0.0332681 -0.9980431 0.05088063 0.0332681 -0.9980431 0.05283757 -0.03522505 0.9980431 0.05088063 -0.03522505 0.9980431 0.1389433 -0.04892368 0.9882583 0.1389433 -0.0665362 0.9882583 0.1389433 -0.04892368 0.9882583 -0.18591 -0.9804305 0.06457926 -0.18591 -0.9823875 0.02739726 -0.007827789 -0.9980431 -0.05283757 0 -0.9980431 -0.05479452 0 -0.05479452 -0.9980431 0 -0.05283757 -0.9980431 0 -0.0332681 -1 0 -0.0332681 -1 -0.2348337 0.06262231 -0.9706458 -0.2348337 0.04696673 -0.9706458 -0.4050881 0.06066536 -0.9119374 -0.2876712 0.0332681 -0.9569471 -0.4050881 0.06066536 -0.9119374 -0.01369863 -0.001956947 -1 0.05283757 -0.01565558 -0.9980431 1 0.02544031 0.007827789 1 0.02739726 -0.003913894 1 0.02544031 0.007827789 1 0.02739726 -0.005870841 0.9980431 0.05479452 0.003913894 0.9960861 0.02935421 -0.08023483 1 0.01956947 0.01956947 0.9980431 0.03913894 0.06457926 0.9980431 0.05479452 0.003913894 0.9960861 0.02935421 -0.08023483 0.6712329 0.01761252 0.7416829 0.7260274 0.01956947 0.6868885 0.6575342 0.2152642 0.7221135 -0.07632094 0.02544031 0.9960861 0.037182 0.02544031 0.9980431 0.2152642 0.9549902 0.2054795 0.9960861 0.02935421 -0.08023483 0.2367906 0.9706458 -0.05088063 -0.06849315 0.9843444 0.1643836 -0.05088063 0.9980431 0.01565558 0.01761252 0.9882583 0.148728 -0.037182 0.03131115 0.9980431 0.02935421 0.02544031 1 0.04892368 0.04500978 0.9980431 0.02544031 0.2426614 0.9706458 -0.03522505 0.0332681 0.9980431 -0.02739726 0.02935421 1 -0.04109589 0.9823875 0.1819961 -0.05675147 0.0332681 0.9980431 0.05088063 0.9902152 0.1232877 -0.001956947 0.9941292 0.111546 -0.01565558 1 0.005870841 0.02935421 1 0 -0.005870841 1 0.02348337 0.01761252 1 -0.003913894 0.001956947 1 -0.01761252 -0.009784736 1 -0.01174168 0.007827789 0.9921722 -0.1311155 0.037182 0.9902152 -0.1369863 0.0332681 0.0332681 -0.9980431 0.009784736 0.04109589 -1 -0.07827789 0.02544031 -0.9960861 -0.0665362 0.9882583 -0.1448141 -0.05479452 0.9980431 -0.01369863 0.2328767 0.9569471 -0.1761252 -0.07827789 0.02544031 -0.9960861 0.8277887 0.01956947 -0.5596869 0.9980431 0.01956947 0.0704501 0.7123288 0.6966732 0.09784736 0.9980431 0.05870841 0 0.9980431 0.01956947 0.0704501 0.295499 0.9549902 0.03913894 0.09001957 0.9960861 0.005870841 0.2544031 0.9667319 -0.04500978 0.9980431 0.05870841 0 0.9941292 0.04109589 -0.09197652 0.1917808 0.9804305 0.04305284 0.9941292 0.04109589 -0.09197652 0.9980431 0.03913894 0.06457926 0.3365949 0.9412916 -0.009784736 0.9980431 0.03913894 0.06457926 0.9980431 0.05479452 0.003913894 0.9960861 0.02935421 -0.08023483 0.9980431 0.05479452 0.003913894 -0.03131115 0.9882583 -0.146771 0.0332681 0.0332681 -0.9980431 -0.04892368 0.02348337 -0.9980431 -0.04892368 0.02348337 -0.9980431 0.007827789 0.04500978 -0.9980431 0.01565558 0.9921722 -0.1232877 0.07827789 0.02739726 -0.9960861 0.03522505 0.9902152 -0.1369863 -0.01761252 1 -0.001956947 -0.2309198 0.960861 -0.1506849 0.07827789 0.02739726 -0.9960861 -0.8395303 0.02348337 -0.5440313 -0.9980431 0.03131115 0.04892368 -0.2093934 0.9765166 0.03131115 -0.9980431 0.0665362 0.02544031 -0.2485323 0.9686888 0.003913894 -0.2054795 0.9784736 -0.01956947 -0.9941292 0.04109589 -0.1056751 -0.02935421 1 0.01565558 -0.2544031 0.9667319 0.05088063 -0.9960861 0.03522505 0.08023483 -0.9980431 0.07240704 -0.02348337 -0.2426614 0.9686888 -0.02348337 -0.9980431 0.03913894 -0.05088063 -0.1565558 0.9863014 -0.037182 -0.2113503 0.9549902 0.2054795 -0.9980431 0.03913894 -0.05088063 -0.6927593 0.02739726 0.7201566 0.09001957 0.05479452 0.9941292 0.009784736 0.02935421 1 -0.702544 0.02935421 0.7123288 -0.9980431 0.03913894 -0.05088063 -0.01761252 0.2387476 0.9706458 -1 0.02739726 0.01174168 0.003913894 0.1624266 0.9863014 0.03522505 0.08806262 0.9960861 0 -1 0 -0.01174168 0.1643836 0.9863014 -0.08219178 -0.04696673 0.9960861 0.6927593 0.2113503 0.6888454 -0.01174168 0.08610567 0.9960861 -0.7260274 0.1937378 0.6594912 0.9882583 0.1350294 0.0704501 -0.9902152 0.1409002 0.02544031 0.9491194 0.3170255 0.01956947 1 0.01956947 0 1 0.02348337 -0.001956947 0.9686888 0.2504892 0.003913894 0.9119374 0.4109589 -0.003913894 1 0.0332681 0 1 0.0332681 0 1 0.0332681 0 0.8199608 0.5694716 -0.06849315 0.8199608 0.1056751 -0.5636008 1 0.01761252 0.03522505 0.9980431 0.03913894 0.06457926 0.9941292 0.04109589 -0.09197652 0.9980431 0.05870841 0 0.9941292 0.04109589 -0.09197652 0.9980431 0.01956947 0.0704501 0.9980431 0.05870841 0 0.9980431 0.02544031 -0.04892368 0.960861 0.2739726 -0.003913894 0.8180039 0.1898239 -0.5440313 0.8199608 0.02935421 -0.5714286 0.9980431 0.01956947 0.0704501 0.8277887 0.01956947 -0.5596869 -0.07827789 0.02544031 -0.9960861 0.07827789 0.03131115 -0.9960861 0.009784736 0.04109589 -1 0.0332681 0.0332681 -0.9980431 -0.07827789 0.02544031 -0.9960861 -0.001956947 0.0332681 -1 0.0332681 0.0332681 -0.9980431 0.01369863 0.1272016 -0.9921722 0 -0.1956947 -0.9804305 0 -0.1956947 -0.9804305 0 -0.1956947 -0.9804305 0 -0.1956947 -0.9804305 0 -0.1956947 -0.9804305 -0.005870841 -0.005870841 -1 -0.01174168 0.1545988 -0.9882583 -0.6986302 0.2035225 -0.6868885 -0.6536204 0.02739726 -0.7553816 0.07827789 0.02739726 -0.9960861 -0.8395303 0.02348337 -0.5440313 -0.01565558 0.02935421 -1 0.07827789 0.02739726 -0.9960861 0.0332681 0.0332681 -0.9980431 -0.04892368 0.02348337 -0.9980431 0.007827789 0.04500978 -0.9980431 -0.04892368 0.02348337 -0.9980431 -0.02348337 0.9980431 -0.05088063 -0.02739726 0.9980431 -0.05088063 -0.6947162 0.7123288 -0.09784736 -0.6908023 0.7201566 -0.0704501 -0.9745597 0.04892368 0.2152642 -0.9745597 0.04696673 0.221135 -0.9941292 0.04696673 0.1017613 -0.9941292 0.04696673 0.09784736 0.001956947 0.1213307 -0.9921722 0.3855186 0.0332681 -0.9217221 0.003913894 0.1213307 -0.9921722 -0.001956947 0.1193738 -0.9921722 -0.003913894 0.1193738 -0.9921722 0.3835616 0 0.9236791 0.3835616 0 0.9236791 0.037182 0 1 0.037182 0 1 0 0 1 0 0 1 -0.9158513 0 0.4011742 -0.9158513 0 0.3992172 -1 0 0.03913894 -1 0 0.03913894 -1 0 0 -1 0 0 0 0 -1 0 0 -1 0.037182 0 -1 0.037182 0 -1 0.3835616 0 -0.9236791 0.3835616 0 -0.9236791 -1 0 0 -1 0 0 -1 0 -0.03913894 -1 0 -0.03913894 -0.9158513 0 -0.4011742 -0.9158513 0 -0.3992172 0.8395303 -0.5420744 -0.04305284 0.8395303 -0.5420744 -0.04305284 0.9980431 0.06457926 0.005870841 0.9980431 0.06457926 0.005870841 0.7632094 0.6457925 0.05283757 0.7632094 0.6457925 0.05283757 -0.8375734 -0.5459883 0.04696673 -0.8375734 -0.5459883 0.04696673 -0.9980431 0.05870841 0 -0.9980431 0.05870841 0 -0.7651663 0.6418787 -0.04696673 -0.7651663 0.6418787 -0.04696673 0.01174168 -0.5636008 0.8258317 0.01174168 -0.5636008 0.8258317 0.003913894 0.03913894 1 0.003913894 0.03913894 1 -0.005870841 0.6262231 0.778865 -0.005870841 0.6262231 0.778865 -0.02739726 -0.5636008 0.8258317 -0.02739726 -0.5636008 0.8258317 0.003913894 0.03913894 1 0.003913894 0.03913894 1 0.0332681 0.6262231 0.778865 0.0332681 0.6262231 0.778865 -0.4559687 0.4598826 0.7612525 -0.7925636 0.2622309 0.5499021 -0.9452055 0.06066536 0.3170255 -0.8121331 -0.1369863 0.5655577 -0.4970646 -0.3502935 0.7945206 0.1252446 -0.03522505 -0.9921722 0.06849315 -0.02152642 -0.9980431 0.003913894 -0.05870841 -0.9980431 -0.001956947 -0.06262231 -0.9980431 0.111546 -0.9921722 -0.06262231 0.1076321 -0.9941292 -0.04109589 -0.06457926 -0.9960861 0.04305284 -0.06849315 -0.9960861 0.05675147 0.001956947 -0.05479452 0.9980431 0 -0.05675147 0.9980431 0.9980431 -0.05283757 0 0.9823875 -0.07827789 -0.1682975 0.9980431 -0.05283757 -0.003913894 0.9804305 -0.1037182 -0.1663405 0.07240704 -0.9686888 0.2348337 0.02935421 -0.9726027 0.2328767 -0.06262231 -0.9941292 0.08414873 -0.04892368 -0.9960861 0.07632094 -0.9941292 -0.08414873 -0.05675147 -0.9960861 -0.07827789 -0.05870841 -0.9980431 -0.05088063 -0.001956947 -0.9980431 -0.05088063 0 -0.0332681 -0.03522505 0.9980431 0 0 1 -0.0332681 -0.03522505 0.9980431 -0.005870841 -0.05870841 0.9980431 -0.005870841 -0.05870841 0.9980431 -0.02935421 -0.03131115 -1 -0.05088063 -0.05283757 -0.9980431 -0.02935421 -0.03131115 -1 0.02935421 -0.02935421 -1 0.02935421 -0.03131115 -1 -0.9491194 0.2289628 0.2133072 -0.2622309 0.06457926 0.962818 0 0 -1 0 0 -1 0 1 0 0 1 0 0 1 0 0 1 0 0 1 0 0 1 0 0 1 0 0 1 0 0 1 0 0 -1 0 0 -1 0 0 -1 0 0 -1 0 0 -1 0 0.0704501 -0.6653621 -0.7436399 -0.0332681 0.8649706 -0.4990215 -0.04109589 0.7064579 -0.7064579 -0.0665362 0.7514677 0.6555773 -0.08023483 0.5772994 0.8121331 0.07632094 -0.6888454 0.7201566 0.1017613 -0.8258317 0.555773 0.0704501 -0.6653621 -0.7436399 -0.06262231 -0.6653621 0.7436399 0.03131115 0.8669276 0.4990215 0.04109589 0.7064579 0.7064579 0.05870841 0.7514677 -0.6555773 0.07240704 0.5792564 -0.8121331 -0.07827789 -0.6888454 -0.7201566 -0.1017613 -0.8258317 -0.555773 -0.06262231 -0.6653621 0.7436399 0.6986302 -0.7123288 0.04696673 0.553816 0.8317025 -0.01369863 0.7495108 0.6614481 -0.02739726 -0.6066536 0.7945206 -0.04305284 -0.7729941 0.630137 -0.06066536 -0.7632094 -0.6438356 0.06457926 -0.6066536 -0.7906067 0.08414873 0.6986302 -0.7123288 0.04696673 0.6497065 -0.7573385 0.04892368 0.6066536 0.7945206 -0.01369863 0.7925636 0.6105675 -0.02544031 -0.5518591 0.8317025 -0.04500978 -0.7299413 0.6810176 -0.06262231 -0.8043053 -0.5909981 0.06262231 -0.6575342 -0.7475538 0.08219178 0.6497065 -0.7573385 0.04892368 -0.9804305 0.1956947 -0.01761252 -0.9882583 0.1545988 -0.01369863 -0.6986302 0.2035225 -0.6868885 -0.6536204 0.02739726 -0.7553816 -1 0.01956947 -0.03522505 -0.0998043 0.05088063 0.9941292 -0.0998043 0.03522505 0.9941292 -0.0998043 0.03522505 0.9941292 -0.09589041 0.05870841 0.9941292 -0.03131115 0.9980431 0.0665362 -0.02152642 0.9980431 0.03913894 0.148728 0.9882583 -0.04500978 0.1585127 0.9863014 -0.05283757 -0.09589041 0.06262231 -0.9941292 -0.0998043 0.06066536 -0.9921722 0.1017613 0.9921722 -0.06849315 -0.2348337 0.04696673 -0.9706458 -0.2348337 0.06262231 -0.9706458 0.1037182 0.9941292 -0.02739726 -0.07632094 0.9960861 0.05675147 -0.09001957 0.9941292 0.05088063 0.09197652 0.06066536 0.9941292 0.0998043 0.05675147 0.9941292 -0.09589041 0.02739726 0.9941292 -0.1017613 0.02544031 0.9941292 -1 0 0 -1 0 0 -1 0.01761252 -0.01565558 -1 0 0 -1 0 0 -1 0.001956947 -0.001956947 0.9921722 0.07632094 -0.09589041 0.9980431 0.04892368 0 0.9980431 0.04892368 -0.001956947 0.9921722 0.08414873 -0.0998043 0.06849315 0.9980431 0.01174168 0.5675147 0.778865 0.2661448 0.05283757 0.9980431 0.01956947 -0.02348337 0.9980431 -0.05088063 -0.02739726 0.9980431 -0.05088063 -0.9941292 0.06457926 0.09589041 -0.9941292 0.06457926 0.09589041 -0.9921722 0.09001957 0.08610567 -0.9921722 0.08610567 0.08610567 -0.03522505 0.9980431 0.05479452 -0.03522505 0.9980431 0.05088063 0.037182 0.9941292 0.09589041 -0.03522505 0.9980431 0.05088063 -0.03522505 0.9980431 0.05479452 0.05283757 0.9941292 0.1017613 0.9960861 0.08219178 -0.03131115 0.776908 0.5851272 -0.2367906 0.9960861 0.07632094 -0.037182 0.9941292 0.05283757 0.09589041 0.9941292 0.05283757 0.09784736 0.9980431 -0.06066536 0 0.9902152 -0.09589041 0.09589041 0.9980431 -0.06066536 0.001956947 0.9921722 -0.08219178 0.0998043 0.02935421 -0.9980431 -0.04892368 0.01956947 -0.9980431 -0.05088063 -0.06262231 -0.9960861 0.0704501 -0.04696673 -0.9960861 0.07827789 -0.9960861 -0.08023483 -0.03913894 -0.9960861 -0.07240704 -0.03913894 -0.9980431 -0.05088063 -0.001956947 -0.9980431 -0.05088063 0 1 0 0.03913894 1 0 0 1 0 0 1 0 0.03913894 0.9158513 0 0.3992172 0.9158513 0 0.3992172 -0.037182 0 1 0 0 1 0 0 1 -0.037182 0 1 -0.3835616 0 0.9236791 -0.3835616 0 0.9236791 1 0 0 1 0 0 1 0 -0.03913894 1 0 -0.03913894 0.9158513 0 -0.3992172 0.9158513 0 -0.3992172 0 0 -1 0 0 -1 -0.037182 0 -1 -0.037182 0 -1 -0.3835616 0 -0.9236791 -0.3835616 0 -0.9236791 -1 0.01956947 -0.03522505 -0.9980431 0.03131115 0.04892368 -0.6536204 0.02739726 -0.7553816 -0.8395303 0.02348337 -0.5440313 -0.9960861 0.01369863 0.08610567 -0.9980431 0.0665362 0.02544031 -0.9960861 0.05870841 -0.0665362 -1 0.02739726 0 -0.9941292 0.04109589 -0.1056751 -0.9960861 0.03522505 0.08023483 -0.9980431 0.06457926 -0.03131115 -0.9863014 0.1624266 -0.01956947 -0.9686888 0.2348337 -0.08219178 -0.9099804 0.4148728 0.007827789 0 -1 0 0 -1 0 -0.9941292 0.111546 0.02935421 -0.9980431 0.05479452 0.02935421 0 -1 0 -0.9980431 0.01565558 -0.04696673 -0.9980431 0.03913894 -0.05088063 -0.9980431 0.07240704 -0.02348337 -0.9980431 0.03913894 -0.05088063 0.003913894 0.03913894 1 0.003913894 0.03913894 1 0.003913894 0.03913894 1 0.003913894 0.03913894 1 0.003913894 0.03913894 1 0.07436399 0.02348337 0.9960861 0.03913894 -0.05088063 0.9980431 0.592955 -0.09001957 0.8003914 0.06457926 -0.1741683 0.9823875 0.2563601 -0.483366 0.8375734 0.2035225 -0.5401174 0.816047 0.849315 -0.4246575 -0.3150685 0.8297456 -0.4872798 -0.2681018 0.9941292 -0.08023483 -0.05675147 0.8023483 0.007827789 -0.5949119 1 0.001956947 -0.02935421 0.9960861 0.05870841 -0.0665362 0.9980431 0.06457926 0.005870841 0.9980431 0.06457926 0.005870841 0.9980431 0.06457926 0.005870841 0.9980431 0.06457926 0.005870841 -0.8454012 -0.4285714 0.3189824 -0.8258317 -0.4931507 0.2739726 -0.9941292 -0.08610567 0.06262231 -0.8003914 0.003913894 0.6007828 -1 -0.001956947 0.03522505 -0.9960861 0.05479452 0.07240704 -0.9980431 0.05870841 0 -0.9980431 0.05870841 0 -0.9980431 0.05870841 0 -0.9980431 0.05870841 0 0.2915851 -0.4657534 0.8356164 0.2407045 -0.5264188 0.816047 0.05675147 -0.109589 0.9921722 0.5988258 -0.05088063 0.7984344 0.03522505 -0.02544031 1 0.07436399 0.02935421 0.9960861 0.003913894 0.03913894 1 0.003913894 0.03913894 1 0.003913894 0.03913894 1 0.003913894 0.03913894 1</float_array>
          <technique_common>
            <accessor source="#CmFillerObjectAL_CmFillerObjectAM_pCube35_polySurface2__CmFillerObjectAC-normal-array" count="2158" stride="3">
              <param name="X" type="float" />
              <param name="Y" type="float" />
              <param name="Z" type="float" />
            </accessor>
          </technique_common>
        </source>
        <source id="CmFillerObjectAL_CmFillerObjectAM_pCube35_polySurface2__CmFillerObjectAC-color">
          <float_array id="CmFillerObjectAL_CmFillerObjectAM_pCube35_polySurface2__CmFillerObjectAC-color-array" count="8632">0.1921569 0.3686275 0.5490196 1 0.1921569 0.3686275 0.5490196 1 0.1921569 0.3686275 0.5490196 1 0.5019608 0.5019608 0.5019608 1 0.5019608 0.5019608 0.5019608 1 0.5019608 0.5019608 0.5019608 1 0.5019608 0.5019608 0.5019608 1 0.5019608 0.5019608 0.5019608 1 0.5019608 0.5019608 0.5019608 1 0.5019608 0.5019608 0.5019608 1 0.5019608 0.5019608 0.5019608 1 0.5019608 0.5019608 0.5019608 1 0.5019608 0.5019608 0.5019608 1 0.5019608 0.5019608 0.5019608 1 0.5019608 0.5019608 0.5019608 1 0.5019608 0.5019608 0.5019608 1 0.5019608 0.5019608 0.5019608 1 0.5019608 0.5019608 0.5019608 1 0.5019608 0.5019608 0.5019608 1 0.454902 0.4196078 0.3882353 1 0.454902 0.4196078 0.3882353 1 0.454902 0.4196078 0.3882353 1 0.454902 0.4196078 0.3882353 1 0.454902 0.4196078 0.3882353 1 0.454902 0.4196078 0.3882353 1 0.454902 0.4196078 0.3882353 1 0.454902 0.4196078 0.3882353 1 0.454902 0.4196078 0.3882353 1 0.454902 0.4196078 0.3882353 1 0.454902 0.4196078 0.3882353 1 0.454902 0.4196078 0.3882353 1 0.454902 0.4196078 0.3882353 1 0.454902 0.4196078 0.3882353 1 0.454902 0.4196078 0.3882353 1 0.454902 0.4196078 0.3882353 1 0.454902 0.4196078 0.3882353 1 0.454902 0.4196078 0.3882353 1 0.454902 0.4196078 0.3882353 1 0.454902 0.4196078 0.3882353 1 0.454902 0.4196078 0.3882353 1 0.454902 0.4196078 0.3882353 1 0.454902 0.4196078 0.3882353 1 0.454902 0.4196078 0.3882353 1 0.454902 0.4196078 0.3882353 1 0.454902 0.4196078 0.3882353 1 0.454902 0.4196078 0.3882353 1 0.454902 0.4196078 0.3882353 1 0.454902 0.4196078 0.3882353 1 0.454902 0.4196078 0.3882353 1 0.454902 0.4196078 0.3882353 1 0.454902 0.4196078 0.3882353 1 0.454902 0.4196078 0.3882353 1 0.454902 0.4196078 0.3882353 1 0.454902 0.4196078 0.3882353 1 0.454902 0.4196078 0.3882353 1 0.454902 0.4196078 0.3882353 1 0.454902 0.4196078 0.3882353 1 0.454902 0.4196078 0.3882353 1 0.454902 0.4196078 0.3882353 1 0.454902 0.4196078 0.3882353 1 0.454902 0.4196078 0.3882353 1 0.454902 0.4196078 0.3882353 1 0.454902 0.4196078 0.3882353 1 0.454902 0.4196078 0.3882353 1 0.454902 0.4196078 0.3882353 1 0.454902 0.4196078 0.3882353 1 0.454902 0.4196078 0.3882353 1 0.454902 0.4196078 0.3882353 1 0.454902 0.4196078 0.3882353 1 0.454902 0.4196078 0.3882353 1 0.454902 0.4196078 0.3882353 1 0.454902 0.4196078 0.3882353 1 0.454902 0.4196078 0.3882353 1 0.454902 0.4196078 0.3882353 1 0.454902 0.4196078 0.3882353 1 0.454902 0.4196078 0.3882353 1 0.454902 0.4196078 0.3882353 1 0.454902 0.4196078 0.3882353 1 0.454902 0.4196078 0.3882353 1 0.454902 0.4196078 0.3882353 1 0.454902 0.4196078 0.3882353 1 0.454902 0.4196078 0.3882353 1 0.454902 0.4196078 0.3882353 1 0.454902 0.4196078 0.3882353 1 0.454902 0.4196078 0.3882353 1 0.454902 0.4196078 0.3882353 1 0.454902 0.4196078 0.3882353 1 0.454902 0.4196078 0.3882353 1 0.454902 0.4196078 0.3882353 1 0.454902 0.4196078 0.3882353 1 0.454902 0.4196078 0.3882353 1 0.454902 0.4196078 0.3882353 1 0.454902 0.4196078 0.3882353 1 0.454902 0.4196078 0.3882353 1 0.454902 0.4196078 0.3882353 1 0.454902 0.4196078 0.3882353 1 0.454902 0.4196078 0.3882353 1 0.454902 0.4196078 0.3882353 1 0.454902 0.4196078 0.3882353 1 0.454902 0.4196078 0.3882353 1 0.454902 0.4196078 0.3882353 1 0.454902 0.4196078 0.3882353 1 0.454902 0.4196078 0.3882353 1 0.454902 0.4196078 0.3882353 1 0.454902 0.4196078 0.3882353 1 0.454902 0.4196078 0.3882353 1 0.454902 0.4196078 0.3882353 1 0.5019608 0.5019608 0.5019608 1 0.5019608 0.5019608 0.5019608 1 0.5019608 0.5019608 0.5019608 1 0.5019608 0.5019608 0.5019608 1 0.5019608 0.5019608 0.5019608 1 0.5019608 0.5019608 0.5019608 1 0.5019608 0.5019608 0.5019608 1 0.5019608 0.5019608 0.5019608 1 0.5019608 0.5019608 0.5019608 1 0.5019608 0.5019608 0.5019608 1 0.5019608 0.5019608 0.5019608 1 0.5019608 0.5019608 0.5019608 1 0.5019608 0.5019608 0.5019608 1 0.5019608 0.5019608 0.5019608 1 0.5019608 0.5019608 0.5019608 1 0.5019608 0.5019608 0.5019608 1 0.5019608 0.5019608 0.5019608 1 0.5019608 0.5019608 0.5019608 1 0.5019608 0.5019608 0.5019608 1 0.5019608 0.5019608 0.5019608 1 0.5019608 0.5019608 0.5019608 1 0.5019608 0.5019608 0.5019608 1 0.5019608 0.5019608 0.5019608 1 0.5019608 0.5019608 0.5019608 1 0.5019608 0.5019608 0.5019608 1 0.5019608 0.5019608 0.5019608 1 0.5019608 0.5019608 0.5019608 1 0.5019608 0.5019608 0.5019608 1 0.5019608 0.5019608 0.5019608 1 0.5019608 0.5019608 0.5019608 1 0.5019608 0.5019608 0.5019608 1 0.5019608 0.5019608 0.5019608 1 0.5019608 0.5019608 0.5019608 1 0.5019608 0.5019608 0.5019608 1 0.5019608 0.5019608 0.5019608 1 0.5019608 0.5019608 0.5019608 1 0.5019608 0.5019608 0.5019608 1 0.5019608 0.5019608 0.5019608 1 0.5019608 0.5019608 0.5019608 1 0.5019608 0.5019608 0.5019608 1 0.5019608 0.5019608 0.5019608 1 0.5019608 0.5019608 0.5019608 1 0.5019608 0.5019608 0.5019608 1 0.5019608 0.5019608 0.5019608 1 0.5019608 0.5019608 0.5019608 1 0.5019608 0.5019608 0.5019608 1 0.5019608 0.5019608 0.5019608 1 0.5019608 0.5019608 0.5019608 1 0.5019608 0.5019608 0.5019608 1 0.5019608 0.5019608 0.5019608 1 0.5019608 0.5019608 0.5019608 1 0.5019608 0.5019608 0.5019608 1 0.5019608 0.5019608 0.5019608 1 0.5019608 0.5019608 0.5019608 1 0.5019608 0.5019608 0.5019608 1 0.5019608 0.5019608 0.5019608 1 0.5019608 0.5019608 0.5019608 1 0.5019608 0.5019608 0.5019608 1 0.5019608 0.5019608 0.5019608 1 0.5019608 0.5019608 0.5019608 1 0.5019608 0.5019608 0.5019608 1 0.5019608 0.5019608 0.5019608 1 0.5019608 0.5019608 0.5019608 1 0.5019608 0.5019608 0.5019608 1 0.5019608 0.5019608 0.5019608 1 0.5019608 0.5019608 0.5019608 1 0.5019608 0.5019608 0.5019608 1 0.5019608 0.5019608 0.5019608 1 0.5019608 0.5019608 0.5019608 1 0.5019608 0.5019608 0.5019608 1 0.5019608 0.5019608 0.5019608 1 0.5019608 0.5019608 0.5019608 1 0.5019608 0.5019608 0.5019608 1 0.5019608 0.5019608 0.5019608 1 0.5019608 0.5019608 0.5019608 1 0.5019608 0.5019608 0.5019608 1 0.5019608 0.5019608 0.5019608 1 0.5019608 0.5019608 0.5019608 1 0.5019608 0.5019608 0.5019608 1 0.5019608 0.5019608 0.5019608 1 0.5019608 0.5019608 0.5019608 1 0.5019608 0.5019608 0.5019608 1 0.5019608 0.5019608 0.5019608 1 0.5019608 0.5019608 0.5019608 1 0.5019608 0.5019608 0.5019608 1 0.5019608 0.5019608 0.5019608 1 0.5019608 0.5019608 0.5019608 1 0.5019608 0.5019608 0.5019608 1 0.5019608 0.5019608 0.5019608 1 0.5019608 0.5019608 0.5019608 1 0.5019608 0.5019608 0.5019608 1 0.5019608 0.5019608 0.5019608 1 0.5019608 0.5019608 0.5019608 1 0.5019608 0.5019608 0.5019608 1 0.5019608 0.5019608 0.5019608 1 0.5019608 0.5019608 0.5019608 1 0.5019608 0.5019608 0.5019608 1 0.5019608 0.5019608 0.5019608 1 0.5019608 0.5019608 0.5019608 1 0.5019608 0.5019608 0.5019608 1 0.5019608 0.5019608 0.5019608 1 0.5019608 0.5019608 0.5019608 1 0.5019608 0.5019608 0.5019608 1 0.5019608 0.5019608 0.5019608 1 0.5019608 0.5019608 0.5019608 1 0.5019608 0.5019608 0.5019608 1 0.5019608 0.5019608 0.5019608 1 0.5019608 0.5019608 0.5019608 1 0.5019608 0.5019608 0.5019608 1 0.5019608 0.5019608 0.5019608 1 0.5019608 0.5019608 0.5019608 1 0.5019608 0.5019608 0.5019608 1 0.5019608 0.5019608 0.5019608 1 0.5019608 0.5019608 0.5019608 1 0.5019608 0.5019608 0.5019608 1 0.5019608 0.5019608 0.5019608 1 0.5019608 0.5019608 0.5019608 1 0.5019608 0.5019608 0.5019608 1 0.5019608 0.5019608 0.5019608 1 0.5019608 0.5019608 0.5019608 1 0.5019608 0.5019608 0.5019608 1 0.5019608 0.5019608 0.5019608 1 0.5019608 0.5019608 0.5019608 1 0.5019608 0.5019608 0.5019608 1 0.5019608 0.5019608 0.5019608 1 0.5019608 0.5019608 0.5019608 1 0.5019608 0.5019608 0.5019608 1 0.5019608 0.5019608 0.5019608 1 0.5019608 0.5019608 0.5019608 1 0.5019608 0.5019608 0.5019608 1 0.5019608 0.5019608 0.5019608 1 0.5019608 0.5019608 0.5019608 1 0.5019608 0.5019608 0.5019608 1 0.5019608 0.5019608 0.5019608 1 0.5019608 0.5019608 0.5019608 1 0.5019608 0.5019608 0.5019608 1 0.5019608 0.5019608 0.5019608 1 0.5019608 0.5019608 0.5019608 1 0.5019608 0.5019608 0.5019608 1 0.5019608 0.5019608 0.5019608 1 0.5019608 0.5019608 0.5019608 1 0.5019608 0.5019608 0.5019608 1 0.5019608 0.5019608 0.5019608 1 0.5019608 0.5019608 0.5019608 1 0.5019608 0.5019608 0.5019608 1 0.5019608 0.5019608 0.5019608 1 0.5019608 0.5019608 0.5019608 1 0.5019608 0.5019608 0.5019608 1 0.5019608 0.5019608 0.5019608 1 0.5019608 0.5019608 0.5019608 1 0.5019608 0.5019608 0.5019608 1 0.5019608 0.5019608 0.5019608 1 0.5019608 0.5019608 0.5019608 1 0.5019608 0.5019608 0.5019608 1 0.5019608 0.5019608 0.5019608 1 0.5019608 0.5019608 0.5019608 1 0.5019608 0.5019608 0.5019608 1 0.5019608 0.5019608 0.5019608 1 0.5019608 0.5019608 0.5019608 1 0.5019608 0.5019608 0.5019608 1 0.5019608 0.5019608 0.5019608 1 0.5019608 0.5019608 0.5019608 1 0.5019608 0.5019608 0.5019608 1 0.5019608 0.5019608 0.5019608 1 0.5019608 0.5019608 0.5019608 1 0.5019608 0.5019608 0.5019608 1 0.5019608 0.5019608 0.5019608 1 0.5019608 0.5019608 0.5019608 1 0.5019608 0.5019608 0.5019608 1 0.5019608 0.5019608 0.5019608 1 0.5019608 0.5019608 0.5019608 1 0.5019608 0.5019608 0.5019608 1 0.5019608 0.5019608 0.5019608 1 0.5019608 0.5019608 0.5019608 1 0.5019608 0.5019608 0.5019608 1 0.5019608 0.5019608 0.5019608 1 0.5019608 0.5019608 0.5019608 1 0.5019608 0.5019608 0.5019608 1 0.5019608 0.5019608 0.5019608 1 0.5019608 0.5019608 0.5019608 1 0.5019608 0.5019608 0.5019608 1 0.5019608 0.5019608 0.5019608 1 0.5019608 0.5019608 0.5019608 1 0.5019608 0.5019608 0.5019608 1 0.5019608 0.5019608 0.5019608 1 0.5019608 0.5019608 0.5019608 1 0.5019608 0.5019608 0.5019608 1 0.5019608 0.5019608 0.5019608 1 0.5019608 0.5019608 0.5019608 1 0.5019608 0.5019608 0.5019608 1 0.5019608 0.5019608 0.5019608 1 0.5019608 0.5019608 0.5019608 1 0.5019608 0.5019608 0.5019608 1 0.5019608 0.5019608 0.5019608 1 0.5019608 0.5019608 0.5019608 1 0.5019608 0.5019608 0.5019608 1 0.5019608 0.5019608 0.5019608 1 0.5019608 0.5019608 0.5019608 1 0.5019608 0.5019608 0.5019608 1 0.5019608 0.5019608 0.5019608 1 0.5019608 0.5019608 0.5019608 1 0.5019608 0.5019608 0.5019608 1 0.5019608 0.5019608 0.5019608 1 0.5019608 0.5019608 0.5019608 1 0.5019608 0.5019608 0.5019608 1 0.5019608 0.5019608 0.5019608 1 0.5019608 0.5019608 0.5019608 1 0.5019608 0.5019608 0.5019608 1 0.5019608 0.5019608 0.5019608 1 0.5019608 0.5019608 0.5019608 1 0.5019608 0.5019608 0.5019608 1 0.5019608 0.5019608 0.5019608 1 0.5019608 0.5019608 0.5019608 1 0.5019608 0.5019608 0.5019608 1 0.5019608 0.5019608 0.5019608 1 0.5019608 0.5019608 0.5019608 1 0.5019608 0.5019608 0.5019608 1 0.5019608 0.5019608 0.5019608 1 0.5019608 0.5019608 0.5019608 1 0.5019608 0.5019608 0.5019608 1 0.5019608 0.5019608 0.5019608 1 0.5019608 0.5019608 0.5019608 1 0.5019608 0.5019608 0.5019608 1 0.5019608 0.5019608 0.5019608 1 0.5019608 0.5019608 0.5019608 1 0.5019608 0.5019608 0.5019608 1 0.5019608 0.5019608 0.5019608 1 0.5019608 0.5019608 0.5019608 1 0.5019608 0.5019608 0.5019608 1 0.5019608 0.5019608 0.5019608 1 0.5019608 0.5019608 0.5019608 1 0.5019608 0.5019608 0.5019608 1 0.454902 0.4196078 0.3882353 1 0.454902 0.4196078 0.3882353 1 0.454902 0.4196078 0.3882353 1 0.454902 0.4196078 0.3882353 1 0.454902 0.4196078 0.3882353 1 0.454902 0.4196078 0.3882353 1 0.454902 0.4196078 0.3882353 1 0.454902 0.4196078 0.3882353 1 0.454902 0.4196078 0.3882353 1 0.454902 0.4196078 0.3882353 1 0.454902 0.4196078 0.3882353 1 0.454902 0.4196078 0.3882353 1 0.454902 0.4196078 0.3882353 1 0.454902 0.4196078 0.3882353 1 0.454902 0.4196078 0.3882353 1 0.454902 0.4196078 0.3882353 1 0.454902 0.4196078 0.3882353 1 0.454902 0.4196078 0.3882353 1 0.454902 0.4196078 0.3882353 1 0.454902 0.4196078 0.3882353 1 0.454902 0.4196078 0.3882353 1 0.454902 0.4196078 0.3882353 1 0.454902 0.4196078 0.3882353 1 0.454902 0.4196078 0.3882353 1 0.454902 0.4196078 0.3882353 1 0.454902 0.4196078 0.3882353 1 0.454902 0.4196078 0.3882353 1 0.454902 0.4196078 0.3882353 1 0.454902 0.4196078 0.3882353 1 0.454902 0.4196078 0.3882353 1 0.454902 0.4196078 0.3882353 1 0.454902 0.4196078 0.3882353 1 0.454902 0.4196078 0.3882353 1 0.454902 0.4196078 0.3882353 1 0.454902 0.4196078 0.3882353 1 0.454902 0.4196078 0.3882353 1 0.454902 0.4196078 0.3882353 1 0.454902 0.4196078 0.3882353 1 0.454902 0.4196078 0.3882353 1 0.454902 0.4196078 0.3882353 1 0.5490196 0.2196078 0.09019608 1 0.5490196 0.2196078 0.09019608 1 0.5490196 0.2196078 0.09019608 1 0.5490196 0.2196078 0.09019608 1 0.5490196 0.2196078 0.09019608 1 0.5490196 0.2196078 0.09019608 1 0.5490196 0.2196078 0.09019608 1 0.5490196 0.2196078 0.09019608 1 0.5490196 0.2196078 0.09019608 1 0.5490196 0.2196078 0.09019608 1 0.5490196 0.2196078 0.09019608 1 0.5490196 0.2196078 0.09019608 1 0.5490196 0.2196078 0.09019608 1 0.5490196 0.2196078 0.09019608 1 0.5490196 0.2196078 0.09019608 1 0.5490196 0.2196078 0.09019608 1 0.5490196 0.2196078 0.09019608 1 0.5490196 0.2196078 0.09019608 1 0.5019608 0.5019608 0.5019608 1 0.5019608 0.5019608 0.5019608 1 0.5019608 0.5019608 0.5019608 1 0.5019608 0.5019608 0.5019608 1 0.5019608 0.5019608 0.5019608 1 0.5019608 0.5019608 0.5019608 1 0.5490196 0.2196078 0.09019608 1 0.5490196 0.2196078 0.09019608 1 0.5490196 0.2196078 0.09019608 1 0.5490196 0.2196078 0.09019608 1 0.5490196 0.2196078 0.09019608 1 0.5490196 0.2196078 0.09019608 1 0.5490196 0.2196078 0.09019608 1 0.5490196 0.2196078 0.09019608 1 0.5490196 0.2196078 0.09019608 1 0.5490196 0.2196078 0.09019608 1 0.5490196 0.2196078 0.09019608 1 0.5490196 0.2196078 0.09019608 1 0.5490196 0.2196078 0.09019608 1 0.5490196 0.2196078 0.09019608 1 0.5490196 0.2196078 0.09019608 1 0.5490196 0.2196078 0.09019608 1 0.5490196 0.2196078 0.09019608 1 0.5490196 0.2196078 0.09019608 1 0.5019608 0.5019608 0.5019608 1 0.5019608 0.5019608 0.5019608 1 0.5019608 0.5019608 0.5019608 1 0.5019608 0.5019608 0.5019608 1 0.5019608 0.5019608 0.5019608 1 0.5019608 0.5019608 0.5019608 1 0.5490196 0.2196078 0.09019608 1 0.5490196 0.2196078 0.09019608 1 0.5490196 0.2196078 0.09019608 1 0.5490196 0.2196078 0.09019608 1 0.5490196 0.2196078 0.09019608 1 0.5490196 0.2196078 0.09019608 1 0.5490196 0.2196078 0.09019608 1 0.5490196 0.2196078 0.09019608 1 0.5490196 0.2196078 0.09019608 1 0.5490196 0.2196078 0.09019608 1 0.5490196 0.2196078 0.09019608 1 0.5490196 0.2196078 0.09019608 1 0.5490196 0.2196078 0.09019608 1 0.5490196 0.2196078 0.09019608 1 0.5490196 0.2196078 0.09019608 1 0.5490196 0.2196078 0.09019608 1 0.5490196 0.2196078 0.09019608 1 0.5490196 0.2196078 0.09019608 1 0.5019608 0.5019608 0.5019608 1 0.5019608 0.5019608 0.5019608 1 0.5019608 0.5019608 0.5019608 1 0.5019608 0.5019608 0.5019608 1 0.5019608 0.5019608 0.5019608 1 0.5019608 0.5019608 0.5019608 1 0.5490196 0.2196078 0.09019608 1 0.5490196 0.2196078 0.09019608 1 0.5490196 0.2196078 0.09019608 1 0.5490196 0.2196078 0.09019608 1 0.5490196 0.2196078 0.09019608 1 0.5490196 0.2196078 0.09019608 1 0.5490196 0.2196078 0.09019608 1 0.5490196 0.2196078 0.09019608 1 0.5490196 0.2196078 0.09019608 1 0.5490196 0.2196078 0.09019608 1 0.5490196 0.2196078 0.09019608 1 0.5490196 0.2196078 0.09019608 1 0.5490196 0.2196078 0.09019608 1 0.5490196 0.2196078 0.09019608 1 0.5490196 0.2196078 0.09019608 1 0.5490196 0.2196078 0.09019608 1 0.5490196 0.2196078 0.09019608 1 0.5490196 0.2196078 0.09019608 1 0.5019608 0.5019608 0.5019608 1 0.5019608 0.5019608 0.5019608 1 0.5019608 0.5019608 0.5019608 1 0.5019608 0.5019608 0.5019608 1 0.5019608 0.5019608 0.5019608 1 0.5019608 0.5019608 0.5019608 1 0.1921569 0.3686275 0.5490196 1 0.1921569 0.3686275 0.5490196 1 0.1921569 0.3686275 0.5490196 1 0.1921569 0.3686275 0.5490196 1 0.1921569 0.3686275 0.5490196 1 0.1921569 0.3686275 0.5490196 1 0.1921569 0.3686275 0.5490196 1 0.1921569 0.3686275 0.5490196 1 0.1921569 0.3686275 0.5490196 1 0.1921569 0.3686275 0.5490196 1 0.1921569 0.3686275 0.5490196 1 0.1921569 0.3686275 0.5490196 1 0.1921569 0.3686275 0.5490196 1 0.5019608 0.5019608 0.5019608 1 0.5019608 0.5019608 0.5019608 1 0.5019608 0.5019608 0.5019608 1 0.5019608 0.5019608 0.5019608 1 0.5019608 0.5019608 0.5019608 1 0.5019608 0.5019608 0.5019608 1 0.5019608 0.5019608 0.5019608 1 0.5019608 0.5019608 0.5019608 1 0.5019608 0.5019608 0.5019608 1 0.5019608 0.5019608 0.5019608 1 0.5019608 0.5019608 0.5019608 1 0.5019608 0.5019608 0.5019608 1 0.5019608 0.5019608 0.5019608 1 0.5019608 0.5019608 0.5019608 1 0.5019608 0.5019608 0.5019608 1 0.5019608 0.5019608 0.5019608 1 0.5019608 0.5019608 0.5019608 1 0.5019608 0.5019608 0.5019608 1 0.5019608 0.5019608 0.5019608 1 0.5019608 0.5019608 0.5019608 1 0.5019608 0.5019608 0.5019608 1 0.5019608 0.5019608 0.5019608 1 0.5019608 0.5019608 0.5019608 1 0.5019608 0.5019608 0.5019608 1 0.5019608 0.5019608 0.5019608 1 0.5019608 0.5019608 0.5019608 1 0.5019608 0.5019608 0.5019608 1 0.5019608 0.5019608 0.5019608 1 0.5019608 0.5019608 0.5019608 1 0.5019608 0.5019608 0.5019608 1 0.5019608 0.5019608 0.5019608 1 0.5019608 0.5019608 0.5019608 1 0.5019608 0.5019608 0.5019608 1 0.5019608 0.5019608 0.5019608 1 0.5019608 0.5019608 0.5019608 1 0.5019608 0.5019608 0.5019608 1 0.5019608 0.5019608 0.5019608 1 0.5019608 0.5019608 0.5019608 1 0.5019608 0.5019608 0.5019608 1 0.5019608 0.5019608 0.5019608 1 0.5019608 0.5019608 0.5019608 1 0.5019608 0.5019608 0.5019608 1 0.5019608 0.5019608 0.5019608 1 0.5019608 0.5019608 0.5019608 1 0.5019608 0.5019608 0.5019608 1 0.5019608 0.5019608 0.5019608 1 0.5019608 0.5019608 0.5019608 1 0.5019608 0.5019608 0.5019608 1 0.5019608 0.5019608 0.5019608 1 0.5019608 0.5019608 0.5019608 1 0.5019608 0.5019608 0.5019608 1 0.5019608 0.5019608 0.5019608 1 0.5019608 0.5019608 0.5019608 1 0.5019608 0.5019608 0.5019608 1 0.5019608 0.5019608 0.5019608 1 0.5019608 0.5019608 0.5019608 1 0.5019608 0.5019608 0.5019608 1 0.5019608 0.5019608 0.5019608 1 0.5019608 0.5019608 0.5019608 1 0.5019608 0.5019608 0.5019608 1 0.5019608 0.5019608 0.5019608 1 0.5019608 0.5019608 0.5019608 1 0.5019608 0.5019608 0.5019608 1 0.5019608 0.5019608 0.5019608 1 0.5019608 0.5019608 0.5019608 1 0.5019608 0.5019608 0.5019608 1 0.5019608 0.5019608 0.5019608 1 0.5019608 0.5019608 0.5019608 1 0.5019608 0.5019608 0.5019608 1 0.5019608 0.5019608 0.5019608 1 0.5019608 0.5019608 0.5019608 1 0.5019608 0.5019608 0.5019608 1 0.5019608 0.5019608 0.5019608 1 0.5019608 0.5019608 0.5019608 1 0.5019608 0.5019608 0.5019608 1 0.5019608 0.5019608 0.5019608 1 0.5019608 0.5019608 0.5019608 1 0.5019608 0.5019608 0.5019608 1 0.5019608 0.5019608 0.5019608 1 0.5019608 0.5019608 0.5019608 1 0.5019608 0.5019608 0.5019608 1 0.5019608 0.5019608 0.5019608 1 0.5019608 0.5019608 0.5019608 1 0.5019608 0.5019608 0.5019608 1 0.5019608 0.5019608 0.5019608 1 0.5019608 0.5019608 0.5019608 1 0.5019608 0.5019608 0.5019608 1 0.5019608 0.5019608 0.5019608 1 0.5019608 0.5019608 0.5019608 1 0.5019608 0.5019608 0.5019608 1 0.5019608 0.5019608 0.5019608 1 0.5019608 0.5019608 0.5019608 1 0.5019608 0.5019608 0.5019608 1 0.5019608 0.5019608 0.5019608 1 0.5019608 0.5019608 0.5019608 1 0.5019608 0.5019608 0.5019608 1 0.5019608 0.5019608 0.5019608 1 0.5019608 0.5019608 0.5019608 1 0.5019608 0.5019608 0.5019608 1 0.5019608 0.5019608 0.5019608 1 0.5019608 0.5019608 0.5019608 1 0.5019608 0.5019608 0.5019608 1 0.5019608 0.5019608 0.5019608 1 0.5019608 0.5019608 0.5019608 1 0.5019608 0.5019608 0.5019608 1 0.5019608 0.5019608 0.5019608 1 0.5019608 0.5019608 0.5019608 1 0.5019608 0.5019608 0.5019608 1 0.5019608 0.5019608 0.5019608 1 0.5019608 0.5019608 0.5019608 1 0.5019608 0.5019608 0.5019608 1 0.5019608 0.5019608 0.5019608 1 0.5019608 0.5019608 0.5019608 1 0.5019608 0.5019608 0.5019608 1 0.5019608 0.5019608 0.5019608 1 0.5019608 0.5019608 0.5019608 1 0.5019608 0.5019608 0.5019608 1 0.5019608 0.5019608 0.5019608 1 0.5019608 0.5019608 0.5019608 1 0.5019608 0.5019608 0.5019608 1 0.5019608 0.5019608 0.5019608 1 0.5019608 0.5019608 0.5019608 1 0.5019608 0.5019608 0.5019608 1 0.5019608 0.5019608 0.5019608 1 0.5019608 0.5019608 0.5019608 1 0.5019608 0.5019608 0.5019608 1 0.5019608 0.5019608 0.5019608 1 0.5019608 0.5019608 0.5019608 1 0.5019608 0.5019608 0.5019608 1 0.5019608 0.5019608 0.5019608 1 0.5019608 0.5019608 0.5019608 1 0.5019608 0.5019608 0.5019608 1 0.5019608 0.5019608 0.5019608 1 0.5019608 0.5019608 0.5019608 1 0.5019608 0.5019608 0.5019608 1 0.5019608 0.5019608 0.5019608 1 0.5019608 0.5019608 0.5019608 1 0.5019608 0.5019608 0.5019608 1 0.5019608 0.5019608 0.5019608 1 0.5019608 0.5019608 0.5019608 1 0.5019608 0.5019608 0.5019608 1 0.5019608 0.5019608 0.5019608 1 0.5019608 0.5019608 0.5019608 1 0.5019608 0.5019608 0.5019608 1 0.5019608 0.5019608 0.5019608 1 0.5019608 0.5019608 0.5019608 1 0.5019608 0.5019608 0.5019608 1 0.5019608 0.5019608 0.5019608 1 0.5019608 0.5019608 0.5019608 1 0.5019608 0.5019608 0.5019608 1 0.5019608 0.5019608 0.5019608 1 0.5019608 0.5019608 0.5019608 1 0.5019608 0.5019608 0.5019608 1 0.5019608 0.5019608 0.5019608 1 0.5019608 0.5019608 0.5019608 1 0.5019608 0.5019608 0.5019608 1 0.5019608 0.5019608 0.5019608 1 0.5019608 0.5019608 0.5019608 1 0.5019608 0.5019608 0.5019608 1 0.5019608 0.5019608 0.5019608 1 0.5490196 0.2196078 0.09019608 1 0.5490196 0.2196078 0.09019608 1 0.5490196 0.2196078 0.09019608 1 0.5490196 0.2196078 0.09019608 1 0.5490196 0.2196078 0.09019608 1 0.5490196 0.2196078 0.09019608 1 0.5490196 0.2196078 0.09019608 1 0.5490196 0.2196078 0.09019608 1 0.5490196 0.2196078 0.09019608 1 0.5490196 0.2196078 0.09019608 1 0.5490196 0.2196078 0.09019608 1 0.5490196 0.2196078 0.09019608 1 0.5490196 0.2196078 0.09019608 1 0.5490196 0.2196078 0.09019608 1 0.5490196 0.2196078 0.09019608 1 0.5490196 0.2196078 0.09019608 1 0.5490196 0.2196078 0.09019608 1 0.5490196 0.2196078 0.09019608 1 0.5490196 0.2196078 0.09019608 1 0.5490196 0.2196078 0.09019608 1 0.5490196 0.2196078 0.09019608 1 0.5490196 0.2196078 0.09019608 1 0.5490196 0.2196078 0.09019608 1 0.5490196 0.2196078 0.09019608 1 0.5490196 0.2196078 0.09019608 1 0.5490196 0.2196078 0.09019608 1 0.5490196 0.2196078 0.09019608 1 0.5490196 0.2196078 0.09019608 1 0.5490196 0.2196078 0.09019608 1 0.5490196 0.2196078 0.09019608 1 0.5490196 0.2196078 0.09019608 1 0.5490196 0.2196078 0.09019608 1 0.5019608 0.5019608 0.5019608 1 0.5019608 0.5019608 0.5019608 1 0.5019608 0.5019608 0.5019608 1 0.5019608 0.5019608 0.5019608 1 0.5019608 0.5019608 0.5019608 1 0.5019608 0.5019608 0.5019608 1 0.5019608 0.5019608 0.5019608 1 0.5019608 0.5019608 0.5019608 1 0.5019608 0.5019608 0.5019608 1 0.5019608 0.5019608 0.5019608 1 0.5019608 0.5019608 0.5019608 1 0.5019608 0.5019608 0.5019608 1 0.5019608 0.5019608 0.5019608 1 0.5019608 0.5019608 0.5019608 1 0.5019608 0.5019608 0.5019608 1 0.5019608 0.5019608 0.5019608 1 0.5019608 0.5019608 0.5019608 1 0.5019608 0.5019608 0.5019608 1 0.5019608 0.5019608 0.5019608 1 0.5019608 0.5019608 0.5019608 1 0.5019608 0.5019608 0.5019608 1 0.5019608 0.5019608 0.5019608 1 0.5019608 0.5019608 0.5019608 1 0.5019608 0.5019608 0.5019608 1 0.5019608 0.5019608 0.5019608 1 0.5019608 0.5019608 0.5019608 1 0.5019608 0.5019608 0.5019608 1 0.5019608 0.5019608 0.5019608 1 0.5019608 0.5019608 0.5019608 1 0.5019608 0.5019608 0.5019608 1 0.5019608 0.5019608 0.5019608 1 0.5019608 0.5019608 0.5019608 1 0.5019608 0.5019608 0.5019608 1 0.5019608 0.5019608 0.5019608 1 0.5019608 0.5019608 0.5019608 1 0.5019608 0.5019608 0.5019608 1 0.5019608 0.5019608 0.5019608 1 0.5019608 0.5019608 0.5019608 1 0.5019608 0.5019608 0.5019608 1 0.5019608 0.5019608 0.5019608 1 0.5019608 0.5019608 0.5019608 1 0.5019608 0.5019608 0.5019608 1 0.5019608 0.5019608 0.5019608 1 0.5019608 0.5019608 0.5019608 1 0.5019608 0.5019608 0.5019608 1 0.5019608 0.5019608 0.5019608 1 0.5019608 0.5019608 0.5019608 1 0.5019608 0.5019608 0.5019608 1 0.5019608 0.5019608 0.5019608 1 0.5019608 0.5019608 0.5019608 1 0.5019608 0.5019608 0.5019608 1 0.5019608 0.5019608 0.5019608 1 0.5019608 0.5019608 0.5019608 1 0.5019608 0.5019608 0.5019608 1 0.5019608 0.5019608 0.5019608 1 0.5019608 0.5019608 0.5019608 1 0.5019608 0.5019608 0.5019608 1 0.5019608 0.5019608 0.5019608 1 0.5019608 0.5019608 0.5019608 1 0.5019608 0.5019608 0.5019608 1 0.454902 0.4196078 0.3882353 1 0.454902 0.4196078 0.3882353 1 0.454902 0.4196078 0.3882353 1 0.454902 0.4196078 0.3882353 1 0.454902 0.4196078 0.3882353 1 0.454902 0.4196078 0.3882353 1 0.454902 0.4196078 0.3882353 1 0.454902 0.4196078 0.3882353 1 0.454902 0.4196078 0.3882353 1 0.454902 0.4196078 0.3882353 1 0.454902 0.4196078 0.3882353 1 0.454902 0.4196078 0.3882353 1 0.454902 0.4196078 0.3882353 1 0.454902 0.4196078 0.3882353 1 0.454902 0.4196078 0.3882353 1 0.454902 0.4196078 0.3882353 1 0.454902 0.4196078 0.3882353 1 0.454902 0.4196078 0.3882353 1 0.454902 0.4196078 0.3882353 1 0.454902 0.4196078 0.3882353 1 0.454902 0.4196078 0.3882353 1 0.454902 0.4196078 0.3882353 1 0.454902 0.4196078 0.3882353 1 0.454902 0.4196078 0.3882353 1 0.454902 0.4196078 0.3882353 1 0.454902 0.4196078 0.3882353 1 0.454902 0.4196078 0.3882353 1 0.454902 0.4196078 0.3882353 1 0.454902 0.4196078 0.3882353 1 0.454902 0.4196078 0.3882353 1 0.454902 0.4196078 0.3882353 1 0.454902 0.4196078 0.3882353 1 0.454902 0.4196078 0.3882353 1 0.454902 0.4196078 0.3882353 1 0.454902 0.4196078 0.3882353 1 0.454902 0.4196078 0.3882353 1 0.454902 0.4196078 0.3882353 1 0.454902 0.4196078 0.3882353 1 0.454902 0.4196078 0.3882353 1 0.454902 0.4196078 0.3882353 1 0.454902 0.4196078 0.3882353 1 0.454902 0.4196078 0.3882353 1 0.454902 0.4196078 0.3882353 1 0.454902 0.4196078 0.3882353 1 0.454902 0.4196078 0.3882353 1 0.454902 0.4196078 0.3882353 1 0.454902 0.4196078 0.3882353 1 0.454902 0.4196078 0.3882353 1 0.454902 0.4196078 0.3882353 1 0.454902 0.4196078 0.3882353 1 0.454902 0.4196078 0.3882353 1 0.454902 0.4196078 0.3882353 1 0.454902 0.4196078 0.3882353 1 0.454902 0.4196078 0.3882353 1 0.454902 0.4196078 0.3882353 1 0.454902 0.4196078 0.3882353 1 0.454902 0.4196078 0.3882353 1 0.454902 0.4196078 0.3882353 1 0.454902 0.4196078 0.3882353 1 0.454902 0.4196078 0.3882353 1 0.454902 0.4196078 0.3882353 1 0.454902 0.4196078 0.3882353 1 0.454902 0.4196078 0.3882353 1 0.454902 0.4196078 0.3882353 1 0.454902 0.4196078 0.3882353 1 0.454902 0.4196078 0.3882353 1 0.454902 0.4196078 0.3882353 1 0.454902 0.4196078 0.3882353 1 0.1921569 0.3686275 0.5490196 1 0.1921569 0.3686275 0.5490196 1 0.1921569 0.3686275 0.5490196 1 0.1921569 0.3686275 0.5490196 1 0.1921569 0.3686275 0.5490196 1 0.1921569 0.3686275 0.5490196 1 0.1921569 0.3686275 0.5490196 1 0.1921569 0.3686275 0.5490196 1 0.1921569 0.3686275 0.5490196 1 0.1921569 0.3686275 0.5490196 1 0.1921569 0.3686275 0.5490196 1 0.1921569 0.3686275 0.5490196 1 0.1921569 0.3686275 0.5490196 1 0.1921569 0.3686275 0.5490196 1 0.1921569 0.3686275 0.5490196 1 0.1921569 0.3686275 0.5490196 1 0.1921569 0.3686275 0.5490196 1 0.1921569 0.3686275 0.5490196 1 0.1921569 0.3686275 0.5490196 1 0.1921569 0.3686275 0.5490196 1 0.1921569 0.3686275 0.5490196 1 0.1921569 0.3686275 0.5490196 1 0.1921569 0.3686275 0.5490196 1 0.1921569 0.3686275 0.5490196 1 0.1921569 0.3686275 0.5490196 1 0.1921569 0.3686275 0.5490196 1 0.1921569 0.3686275 0.5490196 1 0.1921569 0.3686275 0.5490196 1 0.1921569 0.3686275 0.5490196 1 0.1921569 0.3686275 0.5490196 1 0.1921569 0.3686275 0.5490196 1 0.1921569 0.3686275 0.5490196 1 0.1921569 0.3686275 0.5490196 1 0.1921569 0.3686275 0.5490196 1 0.1921569 0.3686275 0.5490196 1 0.1921569 0.3686275 0.5490196 1 0.1921569 0.3686275 0.5490196 1 0.1921569 0.3686275 0.5490196 1 0.1921569 0.3686275 0.5490196 1 0.1921569 0.3686275 0.5490196 1 0.1921569 0.3686275 0.5490196 1 0.1921569 0.3686275 0.5490196 1 0.1921569 0.3686275 0.5490196 1 0.1921569 0.3686275 0.5490196 1 0.1921569 0.3686275 0.5490196 1 0.1921569 0.3686275 0.5490196 1 0.1921569 0.3686275 0.5490196 1 0.1921569 0.3686275 0.5490196 1 0.1921569 0.3686275 0.5490196 1 0.1921569 0.3686275 0.5490196 1 0.1921569 0.3686275 0.5490196 1 0.1921569 0.3686275 0.5490196 1 0.1921569 0.3686275 0.5490196 1 0.1921569 0.3686275 0.5490196 1 0.1921569 0.3686275 0.5490196 1 0.1921569 0.3686275 0.5490196 1 0.1921569 0.3686275 0.5490196 1 0.1921569 0.3686275 0.5490196 1 0.1921569 0.3686275 0.5490196 1 0.1921569 0.3686275 0.5490196 1 0.1921569 0.3686275 0.5490196 1 0.1921569 0.3686275 0.5490196 1 0.1921569 0.3686275 0.5490196 1 0.1921569 0.3686275 0.5490196 1 0.1921569 0.3686275 0.5490196 1 0.1921569 0.3686275 0.5490196 1 0.1921569 0.3686275 0.5490196 1 0.1921569 0.3686275 0.5490196 1 0.1921569 0.3686275 0.5490196 1 0.1921569 0.3686275 0.5490196 1 0.1921569 0.3686275 0.5490196 1 0.1921569 0.3686275 0.5490196 1 0.1921569 0.3686275 0.5490196 1 0.1921569 0.3686275 0.5490196 1 0.1921569 0.3686275 0.5490196 1 0.1921569 0.3686275 0.5490196 1 0.1921569 0.3686275 0.5490196 1 0.1921569 0.3686275 0.5490196 1 0.1921569 0.3686275 0.5490196 1 0.1921569 0.3686275 0.5490196 1 0.1921569 0.3686275 0.5490196 1 0.1921569 0.3686275 0.5490196 1 0.1921569 0.3686275 0.5490196 1 0.1921569 0.3686275 0.5490196 1 0.1921569 0.3686275 0.5490196 1 0.1921569 0.3686275 0.5490196 1 0.1921569 0.3686275 0.5490196 1 0.1921569 0.3686275 0.5490196 1 0.1921569 0.3686275 0.5490196 1 0.1921569 0.3686275 0.5490196 1 0.1921569 0.3686275 0.5490196 1 0.1921569 0.3686275 0.5490196 1 0.1921569 0.3686275 0.5490196 1 0.1921569 0.3686275 0.5490196 1 0.1921569 0.3686275 0.5490196 1 0.1921569 0.3686275 0.5490196 1 0.1921569 0.3686275 0.5490196 1 0.1921569 0.3686275 0.5490196 1 0.1921569 0.3686275 0.5490196 1 0.1921569 0.3686275 0.5490196 1 0.1921569 0.3686275 0.5490196 1 0.1921569 0.3686275 0.5490196 1 0.1921569 0.3686275 0.5490196 1 0.1921569 0.3686275 0.5490196 1 0.1921569 0.3686275 0.5490196 1 0.1921569 0.3686275 0.5490196 1 0.1921569 0.3686275 0.5490196 1 0.1921569 0.3686275 0.5490196 1 0.1921569 0.3686275 0.5490196 1 0.1921569 0.3686275 0.5490196 1 0.1921569 0.3686275 0.5490196 1 0.1921569 0.3686275 0.5490196 1 0.1921569 0.3686275 0.5490196 1 0.1921569 0.3686275 0.5490196 1 0.1921569 0.3686275 0.5490196 1 0.1921569 0.3686275 0.5490196 1 0.1921569 0.3686275 0.5490196 1 0.1921569 0.3686275 0.5490196 1 0.1921569 0.3686275 0.5490196 1 0.1921569 0.3686275 0.5490196 1 0.1921569 0.3686275 0.5490196 1 0.1921569 0.3686275 0.5490196 1 0.1921569 0.3686275 0.5490196 1 0.1921569 0.3686275 0.5490196 1 0.1921569 0.3686275 0.5490196 1 0.1921569 0.3686275 0.5490196 1 0.1921569 0.3686275 0.5490196 1 0.1921569 0.3686275 0.5490196 1 0.1921569 0.3686275 0.5490196 1 0.1921569 0.3686275 0.5490196 1 0.1921569 0.3686275 0.5490196 1 0.1921569 0.3686275 0.5490196 1 0.1921569 0.3686275 0.5490196 1 0.1921569 0.3686275 0.5490196 1 0.1921569 0.3686275 0.5490196 1 0.1921569 0.3686275 0.5490196 1 0.1921569 0.3686275 0.5490196 1 0.1921569 0.3686275 0.5490196 1 0.1921569 0.3686275 0.5490196 1 0.1921569 0.3686275 0.5490196 1 0.1921569 0.3686275 0.5490196 1 0.1921569 0.3686275 0.5490196 1 0.1921569 0.3686275 0.5490196 1 0.1921569 0.3686275 0.5490196 1 0.1921569 0.3686275 0.5490196 1 0.1921569 0.3686275 0.5490196 1 0.1921569 0.3686275 0.5490196 1 0.1921569 0.3686275 0.5490196 1 0.1921569 0.3686275 0.5490196 1 0.1921569 0.3686275 0.5490196 1 0.1921569 0.3686275 0.5490196 1 0.1921569 0.3686275 0.5490196 1 0.1921569 0.3686275 0.5490196 1 0.1921569 0.3686275 0.5490196 1 0.1921569 0.3686275 0.5490196 1 0.1921569 0.3686275 0.5490196 1 0.1921569 0.3686275 0.5490196 1 0.1921569 0.3686275 0.5490196 1 0.1921569 0.3686275 0.5490196 1 0.1921569 0.3686275 0.5490196 1 0.1921569 0.3686275 0.5490196 1 0.1921569 0.3686275 0.5490196 1 0.1921569 0.3686275 0.5490196 1 0.1921569 0.3686275 0.5490196 1 0.1921569 0.3686275 0.5490196 1 0.1921569 0.3686275 0.5490196 1 0.1921569 0.3686275 0.5490196 1 0.1921569 0.3686275 0.5490196 1 0.1921569 0.3686275 0.5490196 1 0.1921569 0.3686275 0.5490196 1 0.1921569 0.3686275 0.5490196 1 0.1921569 0.3686275 0.5490196 1 0.1921569 0.3686275 0.5490196 1 0.1921569 0.3686275 0.5490196 1 0.1921569 0.3686275 0.5490196 1 0.1921569 0.3686275 0.5490196 1 0.1921569 0.3686275 0.5490196 1 0.1921569 0.3686275 0.5490196 1 0.1921569 0.3686275 0.5490196 1 0.1921569 0.3686275 0.5490196 1 0.1921569 0.3686275 0.5490196 1 0.1921569 0.3686275 0.5490196 1 0.1921569 0.3686275 0.5490196 1 0.1921569 0.3686275 0.5490196 1 0.1921569 0.3686275 0.5490196 1 0.1921569 0.3686275 0.5490196 1 0.1921569 0.3686275 0.5490196 1 0.1921569 0.3686275 0.5490196 1 0.1921569 0.3686275 0.5490196 1 0.1921569 0.3686275 0.5490196 1 0.1921569 0.3686275 0.5490196 1 0.1921569 0.3686275 0.5490196 1 0.1921569 0.3686275 0.5490196 1 0.1921569 0.3686275 0.5490196 1 0.1921569 0.3686275 0.5490196 1 0.1921569 0.3686275 0.5490196 1 0.1921569 0.3686275 0.5490196 1 0.1921569 0.3686275 0.5490196 1 0.1921569 0.3686275 0.5490196 1 0.1921569 0.3686275 0.5490196 1 0.1921569 0.3686275 0.5490196 1 0.1921569 0.3686275 0.5490196 1 0.1921569 0.3686275 0.5490196 1 0.1921569 0.3686275 0.5490196 1 0.1921569 0.3686275 0.5490196 1 0.1921569 0.3686275 0.5490196 1 0.1921569 0.3686275 0.5490196 1 0.1921569 0.3686275 0.5490196 1 0.1921569 0.3686275 0.5490196 1 0.1921569 0.3686275 0.5490196 1 0.1921569 0.3686275 0.5490196 1 0.1921569 0.3686275 0.5490196 1 0.1921569 0.3686275 0.5490196 1 0.1921569 0.3686275 0.5490196 1 0.1921569 0.3686275 0.5490196 1 0.1921569 0.3686275 0.5490196 1 0.1921569 0.3686275 0.5490196 1 0.1921569 0.3686275 0.5490196 1 0.1921569 0.3686275 0.5490196 1 0.1921569 0.3686275 0.5490196 1 0.1921569 0.3686275 0.5490196 1 0.1921569 0.3686275 0.5490196 1 0.1921569 0.3686275 0.5490196 1 0.1921569 0.3686275 0.5490196 1 0.1921569 0.3686275 0.5490196 1 0.1921569 0.3686275 0.5490196 1 0.1921569 0.3686275 0.5490196 1 0.1921569 0.3686275 0.5490196 1 0.1921569 0.3686275 0.5490196 1 0.1921569 0.3686275 0.5490196 1 0.1921569 0.3686275 0.5490196 1 0.1921569 0.3686275 0.5490196 1 0.1921569 0.3686275 0.5490196 1 0.1921569 0.3686275 0.5490196 1 0.1921569 0.3686275 0.5490196 1 0.1921569 0.3686275 0.5490196 1 0.1921569 0.3686275 0.5490196 1 0.1921569 0.3686275 0.5490196 1 0.1921569 0.3686275 0.5490196 1 0.1921569 0.3686275 0.5490196 1 0.1921569 0.3686275 0.5490196 1 0.1921569 0.3686275 0.5490196 1 0.1921569 0.3686275 0.5490196 1 0.1921569 0.3686275 0.5490196 1 0.1921569 0.3686275 0.5490196 1 0.1921569 0.3686275 0.5490196 1 0.1921569 0.3686275 0.5490196 1 0.1921569 0.3686275 0.5490196 1 0.1921569 0.3686275 0.5490196 1 0.1921569 0.3686275 0.5490196 1 0.1921569 0.3686275 0.5490196 1 0.1921569 0.3686275 0.5490196 1 0.1921569 0.3686275 0.5490196 1 0.1921569 0.3686275 0.5490196 1 0.1921569 0.3686275 0.5490196 1 0.1921569 0.3686275 0.5490196 1 0.1921569 0.3686275 0.5490196 1 0.1921569 0.3686275 0.5490196 1 0.1921569 0.3686275 0.5490196 1 0.1921569 0.3686275 0.5490196 1 0.1921569 0.3686275 0.5490196 1 0.1921569 0.3686275 0.5490196 1 0.1921569 0.3686275 0.5490196 1 0.1921569 0.3686275 0.5490196 1 0.1921569 0.3686275 0.5490196 1 0.1921569 0.3686275 0.5490196 1 0.1921569 0.3686275 0.5490196 1 0.1921569 0.3686275 0.5490196 1 0.1921569 0.3686275 0.5490196 1 0.1921569 0.3686275 0.5490196 1 0.1921569 0.3686275 0.5490196 1 0.1921569 0.3686275 0.5490196 1 0.1921569 0.3686275 0.5490196 1 0.1921569 0.3686275 0.5490196 1 0.1921569 0.3686275 0.5490196 1 0.1921569 0.3686275 0.5490196 1 0.1921569 0.3686275 0.5490196 1 0.1921569 0.3686275 0.5490196 1 0.1921569 0.3686275 0.5490196 1 0.1921569 0.3686275 0.5490196 1 0.1921569 0.3686275 0.5490196 1 0.1921569 0.3686275 0.5490196 1 0.1921569 0.3686275 0.5490196 1 0.1921569 0.3686275 0.5490196 1 0.1921569 0.3686275 0.5490196 1 0.1921569 0.3686275 0.5490196 1 0.1921569 0.3686275 0.5490196 1 0.1921569 0.3686275 0.5490196 1 0.1921569 0.3686275 0.5490196 1 0.1921569 0.3686275 0.5490196 1 0.1921569 0.3686275 0.5490196 1 0.1921569 0.3686275 0.5490196 1 0.1921569 0.3686275 0.5490196 1 0.1921569 0.3686275 0.5490196 1 0.1921569 0.3686275 0.5490196 1 0.1921569 0.3686275 0.5490196 1 0.1921569 0.3686275 0.5490196 1 0.1921569 0.3686275 0.5490196 1 0.1921569 0.3686275 0.5490196 1 0.1921569 0.3686275 0.5490196 1 0.1921569 0.3686275 0.5490196 1 0.1921569 0.3686275 0.5490196 1 0.1921569 0.3686275 0.5490196 1 0.1921569 0.3686275 0.5490196 1 0.1921569 0.3686275 0.5490196 1 0.1921569 0.3686275 0.5490196 1 0.1921569 0.3686275 0.5490196 1 0.1921569 0.3686275 0.5490196 1 0.1921569 0.3686275 0.5490196 1 0.1921569 0.3686275 0.5490196 1 0.1921569 0.3686275 0.5490196 1 0.1921569 0.3686275 0.5490196 1 0.1921569 0.3686275 0.5490196 1 0.1921569 0.3686275 0.5490196 1 0.1921569 0.3686275 0.5490196 1 0.1921569 0.3686275 0.5490196 1 0.1921569 0.3686275 0.5490196 1 0.1921569 0.3686275 0.5490196 1 0.1921569 0.3686275 0.5490196 1 0.454902 0.4196078 0.3882353 1 0.454902 0.4196078 0.3882353 1 0.454902 0.4196078 0.3882353 1 0.454902 0.4196078 0.3882353 1 0.454902 0.4196078 0.3882353 1 0.454902 0.4196078 0.3882353 1 0.454902 0.4196078 0.3882353 1 0.454902 0.4196078 0.3882353 1 0.454902 0.4196078 0.3882353 1 0.454902 0.4196078 0.3882353 1 0.454902 0.4196078 0.3882353 1 0.454902 0.4196078 0.3882353 1 0.454902 0.4196078 0.3882353 1 0.454902 0.4196078 0.3882353 1 0.454902 0.4196078 0.3882353 1 0.454902 0.4196078 0.3882353 1 0.5490196 0.2196078 0.09019608 1 0.5490196 0.2196078 0.09019608 1 0.5490196 0.2196078 0.09019608 1 0.5490196 0.2196078 0.09019608 1 0.5490196 0.2196078 0.09019608 1 0.5490196 0.2196078 0.09019608 1 0.5490196 0.2196078 0.09019608 1 0.5490196 0.2196078 0.09019608 1 0.5490196 0.2196078 0.09019608 1 0.5490196 0.2196078 0.09019608 1 0.5490196 0.2196078 0.09019608 1 0.5490196 0.2196078 0.09019608 1 0.5490196 0.2196078 0.09019608 1 0.5490196 0.2196078 0.09019608 1 0.5490196 0.2196078 0.09019608 1 0.5490196 0.2196078 0.09019608 1 0.5490196 0.2196078 0.09019608 1 0.5490196 0.2196078 0.09019608 1 0.5490196 0.2196078 0.09019608 1 0.5490196 0.2196078 0.09019608 1 0.5490196 0.2196078 0.09019608 1 0.5490196 0.2196078 0.09019608 1 0.5490196 0.2196078 0.09019608 1 0.5490196 0.2196078 0.09019608 1 0.5490196 0.2196078 0.09019608 1 0.5490196 0.2196078 0.09019608 1 0.5490196 0.2196078 0.09019608 1 0.5490196 0.2196078 0.09019608 1 0.5490196 0.2196078 0.09019608 1 0.5490196 0.2196078 0.09019608 1 0.5490196 0.2196078 0.09019608 1 0.5490196 0.2196078 0.09019608 1 0.5490196 0.2196078 0.09019608 1 0.5490196 0.2196078 0.09019608 1 0.5490196 0.2196078 0.09019608 1 0.5490196 0.2196078 0.09019608 1 0.5490196 0.2196078 0.09019608 1 0.5490196 0.2196078 0.09019608 1 0.5490196 0.2196078 0.09019608 1 0.5490196 0.2196078 0.09019608 1 0.5490196 0.2196078 0.09019608 1 0.5490196 0.2196078 0.09019608 1 0.5490196 0.2196078 0.09019608 1 0.5490196 0.2196078 0.09019608 1 0.5490196 0.2196078 0.09019608 1 0.5490196 0.2196078 0.09019608 1 0.5490196 0.2196078 0.09019608 1 0.5490196 0.2196078 0.09019608 1 0.454902 0.4196078 0.3882353 1 0.454902 0.4196078 0.3882353 1 0.454902 0.4196078 0.3882353 1 0.454902 0.4196078 0.3882353 1 0.454902 0.4196078 0.3882353 1 0.454902 0.4196078 0.3882353 1 0.454902 0.4196078 0.3882353 1 0.454902 0.4196078 0.3882353 1 0.454902 0.4196078 0.3882353 1 0.454902 0.4196078 0.3882353 1 0.454902 0.4196078 0.3882353 1 0.454902 0.4196078 0.3882353 1 0.454902 0.4196078 0.3882353 1 0.454902 0.4196078 0.3882353 1 0.454902 0.4196078 0.3882353 1 0.454902 0.4196078 0.3882353 1 0.454902 0.4196078 0.3882353 1 0.454902 0.4196078 0.3882353 1 0.454902 0.4196078 0.3882353 1 0.454902 0.4196078 0.3882353 1 0.454902 0.4196078 0.3882353 1 0.454902 0.4196078 0.3882353 1 0.454902 0.4196078 0.3882353 1 0.454902 0.4196078 0.3882353 1 0.454902 0.4196078 0.3882353 1 0.454902 0.4196078 0.3882353 1 0.454902 0.4196078 0.3882353 1 0.454902 0.4196078 0.3882353 1 0.454902 0.4196078 0.3882353 1 0.454902 0.4196078 0.3882353 1 0.454902 0.4196078 0.3882353 1 0.454902 0.4196078 0.3882353 1 0.5490196 0.2196078 0.09019608 1 0.5490196 0.2196078 0.09019608 1 0.5490196 0.2196078 0.09019608 1 0.5490196 0.2196078 0.09019608 1 0.5490196 0.2196078 0.09019608 1 0.5490196 0.2196078 0.09019608 1 0.5490196 0.2196078 0.09019608 1 0.5490196 0.2196078 0.09019608 1 0.5490196 0.2196078 0.09019608 1 0.5490196 0.2196078 0.09019608 1 0.5490196 0.2196078 0.09019608 1 0.5490196 0.2196078 0.09019608 1 0.5490196 0.2196078 0.09019608 1 0.5490196 0.2196078 0.09019608 1 0.5490196 0.2196078 0.09019608 1 0.5490196 0.2196078 0.09019608 1 0.5490196 0.2196078 0.09019608 1 0.5490196 0.2196078 0.09019608 1 0.5490196 0.2196078 0.09019608 1 0.5490196 0.2196078 0.09019608 1 0.5490196 0.2196078 0.09019608 1 0.5490196 0.2196078 0.09019608 1 0.5490196 0.2196078 0.09019608 1 0.5490196 0.2196078 0.09019608 1 0.5490196 0.2196078 0.09019608 1 0.5490196 0.2196078 0.09019608 1 0.5490196 0.2196078 0.09019608 1 0.5490196 0.2196078 0.09019608 1 0.5490196 0.2196078 0.09019608 1 0.5490196 0.2196078 0.09019608 1 0.5490196 0.2196078 0.09019608 1 0.5490196 0.2196078 0.09019608 1 0.5490196 0.2196078 0.09019608 1 0.5490196 0.2196078 0.09019608 1 0.5490196 0.2196078 0.09019608 1 0.5490196 0.2196078 0.09019608 1 0.5490196 0.2196078 0.09019608 1 0.5490196 0.2196078 0.09019608 1 0.5490196 0.2196078 0.09019608 1 0.5490196 0.2196078 0.09019608 1 0.5490196 0.2196078 0.09019608 1 0.5490196 0.2196078 0.09019608 1 0.5490196 0.2196078 0.09019608 1 0.5490196 0.2196078 0.09019608 1 0.5490196 0.2196078 0.09019608 1 0.5490196 0.2196078 0.09019608 1 0.5490196 0.2196078 0.09019608 1 0.5490196 0.2196078 0.09019608 1 0.5490196 0.2196078 0.09019608 1 0.5490196 0.2196078 0.09019608 1 0.5490196 0.2196078 0.09019608 1 0.5490196 0.2196078 0.09019608 1 0.5490196 0.2196078 0.09019608 1 0.5490196 0.2196078 0.09019608 1 0.5490196 0.2196078 0.09019608 1 0.5490196 0.2196078 0.09019608 1 0.5490196 0.2196078 0.09019608 1 0.5490196 0.2196078 0.09019608 1 0.5490196 0.2196078 0.09019608 1 0.5490196 0.2196078 0.09019608 1 0.5490196 0.2196078 0.09019608 1 0.5490196 0.2196078 0.09019608 1 0.5490196 0.2196078 0.09019608 1 0.5490196 0.2196078 0.09019608 1 0.5019608 0.5019608 0.5019608 1 0.5019608 0.5019608 0.5019608 1 0.5019608 0.5019608 0.5019608 1 0.454902 0.4196078 0.3882353 1 0.454902 0.4196078 0.3882353 1 0.454902 0.4196078 0.3882353 1 0.5019608 0.5019608 0.5019608 1 0.5019608 0.5019608 0.5019608 1 0.5019608 0.5019608 0.5019608 1 0.5019608 0.5019608 0.5019608 1 0.5019608 0.5019608 0.5019608 1 0.5019608 0.5019608 0.5019608 1 0.5019608 0.5019608 0.5019608 1 0.5019608 0.5019608 0.5019608 1 0.5019608 0.5019608 0.5019608 1 0.5019608 0.5019608 0.5019608 1 0.5019608 0.5019608 0.5019608 1 0.5019608 0.5019608 0.5019608 1 0.1921569 0.3686275 0.5490196 1 0.1921569 0.3686275 0.5490196 1 0.1921569 0.3686275 0.5490196 1 0.1921569 0.3686275 0.5490196 1 0.1921569 0.3686275 0.5490196 1 0.1921569 0.3686275 0.5490196 1 0.5019608 0.5019608 0.5019608 1 0.5019608 0.5019608 0.5019608 1 0.5019608 0.5019608 0.5019608 1 0.5019608 0.5019608 0.5019608 1 0.5019608 0.5019608 0.5019608 1 0.5019608 0.5019608 0.5019608 1 0.5019608 0.5019608 0.5019608 1 0.5019608 0.5019608 0.5019608 1 0.5019608 0.5019608 0.5019608 1 0.5019608 0.5019608 0.5019608 1 0.5019608 0.5019608 0.5019608 1 0.5019608 0.5019608 0.5019608 1 0.5019608 0.5019608 0.5019608 1 0.5019608 0.5019608 0.5019608 1 0.5019608 0.5019608 0.5019608 1 0.5019608 0.5019608 0.5019608 1 0.5019608 0.5019608 0.5019608 1 0.5019608 0.5019608 0.5019608 1 0.454902 0.4196078 0.3882353 1 0.454902 0.4196078 0.3882353 1 0.454902 0.4196078 0.3882353 1 0.454902 0.4196078 0.3882353 1 0.454902 0.4196078 0.3882353 1 0.454902 0.4196078 0.3882353 1 0.454902 0.4196078 0.3882353 1 0.454902 0.4196078 0.3882353 1 0.454902 0.4196078 0.3882353 1 0.454902 0.4196078 0.3882353 1 0.454902 0.4196078 0.3882353 1 0.454902 0.4196078 0.3882353 1 0.454902 0.4196078 0.3882353 1 0.454902 0.4196078 0.3882353 1 0.454902 0.4196078 0.3882353 1 0.454902 0.4196078 0.3882353 1 0.454902 0.4196078 0.3882353 1 0.454902 0.4196078 0.3882353 1 0.454902 0.4196078 0.3882353 1 0.454902 0.4196078 0.3882353 1 0.454902 0.4196078 0.3882353 1 0.454902 0.4196078 0.3882353 1 0.454902 0.4196078 0.3882353 1 0.454902 0.4196078 0.3882353 1 0.454902 0.4196078 0.3882353 1 0.454902 0.4196078 0.3882353 1 0.454902 0.4196078 0.3882353 1 0.454902 0.4196078 0.3882353 1 0.454902 0.4196078 0.3882353 1 0.5019608 0.5019608 0.5019608 1 0.5019608 0.5019608 0.5019608 1 0.5019608 0.5019608 0.5019608 1 0.5019608 0.5019608 0.5019608 1 0.5019608 0.5019608 0.5019608 1 0.5019608 0.5019608 0.5019608 1 0.5019608 0.5019608 0.5019608 1 0.5019608 0.5019608 0.5019608 1 0.5019608 0.5019608 0.5019608 1 0.5019608 0.5019608 0.5019608 1 0.5019608 0.5019608 0.5019608 1 0.5019608 0.5019608 0.5019608 1 0.5019608 0.5019608 0.5019608 1 0.5019608 0.5019608 0.5019608 1 0.5019608 0.5019608 0.5019608 1 0.5019608 0.5019608 0.5019608 1 0.5019608 0.5019608 0.5019608 1 0.5019608 0.5019608 0.5019608 1 0.5019608 0.5019608 0.5019608 1 0.5019608 0.5019608 0.5019608 1 0.5019608 0.5019608 0.5019608 1 0.5019608 0.5019608 0.5019608 1 0.5019608 0.5019608 0.5019608 1 0.5019608 0.5019608 0.5019608 1 0.5019608 0.5019608 0.5019608 1 0.5019608 0.5019608 0.5019608 1 0.5019608 0.5019608 0.5019608 1 0.5019608 0.5019608 0.5019608 1 0.5019608 0.5019608 0.5019608 1 0.5019608 0.5019608 0.5019608 1 0.5019608 0.5019608 0.5019608 1 0.5019608 0.5019608 0.5019608 1 0.5019608 0.5019608 0.5019608 1 0.5019608 0.5019608 0.5019608 1 0.5019608 0.5019608 0.5019608 1 0.5019608 0.5019608 0.5019608 1 0.5019608 0.5019608 0.5019608 1 0.5019608 0.5019608 0.5019608 1 0.5019608 0.5019608 0.5019608 1 0.5019608 0.5019608 0.5019608 1 0.5019608 0.5019608 0.5019608 1 0.5019608 0.5019608 0.5019608 1 0.5019608 0.5019608 0.5019608 1 0.5019608 0.5019608 0.5019608 1 0.5019608 0.5019608 0.5019608 1 0.5019608 0.5019608 0.5019608 1 0.5019608 0.5019608 0.5019608 1 0.454902 0.4196078 0.3882353 1 0.454902 0.4196078 0.3882353 1 0.454902 0.4196078 0.3882353 1 0.454902 0.4196078 0.3882353 1 0.454902 0.4196078 0.3882353 1 0.454902 0.4196078 0.3882353 1 0.454902 0.4196078 0.3882353 1 0.454902 0.4196078 0.3882353 1 0.454902 0.4196078 0.3882353 1 0.454902 0.4196078 0.3882353 1 0.454902 0.4196078 0.3882353 1 0.454902 0.4196078 0.3882353 1 0.454902 0.4196078 0.3882353 1 0.454902 0.4196078 0.3882353 1 0.454902 0.4196078 0.3882353 1 0.454902 0.4196078 0.3882353 1 0.454902 0.4196078 0.3882353 1 0.454902 0.4196078 0.3882353 1 0.454902 0.4196078 0.3882353 1 0.454902 0.4196078 0.3882353 1 0.454902 0.4196078 0.3882353 1 0.454902 0.4196078 0.3882353 1 0.454902 0.4196078 0.3882353 1 0.454902 0.4196078 0.3882353 1 0.454902 0.4196078 0.3882353 1 0.454902 0.4196078 0.3882353 1 0.454902 0.4196078 0.3882353 1 0.454902 0.4196078 0.3882353 1 0.454902 0.4196078 0.3882353 1 0.454902 0.4196078 0.3882353 1 0.454902 0.4196078 0.3882353 1 0.454902 0.4196078 0.3882353 1 0.454902 0.4196078 0.3882353 1 0.454902 0.4196078 0.3882353 1 0.454902 0.4196078 0.3882353 1 0.454902 0.4196078 0.3882353 1 0.454902 0.4196078 0.3882353 1 0.454902 0.4196078 0.3882353 1 0.454902 0.4196078 0.3882353 1 0.454902 0.4196078 0.3882353 1 0.454902 0.4196078 0.3882353 1 0.454902 0.4196078 0.3882353 1 0.454902 0.4196078 0.3882353 1 0.454902 0.4196078 0.3882353 1 0.454902 0.4196078 0.3882353 1 0.454902 0.4196078 0.3882353 1 0.454902 0.4196078 0.3882353 1 0.454902 0.4196078 0.3882353 1 0.454902 0.4196078 0.3882353 1 0.454902 0.4196078 0.3882353 1 0.454902 0.4196078 0.3882353 1 0.454902 0.4196078 0.3882353 1 0.454902 0.4196078 0.3882353 1 0.454902 0.4196078 0.3882353 1 0.454902 0.4196078 0.3882353 1 0.454902 0.4196078 0.3882353 1 0.454902 0.4196078 0.3882353 1 0.454902 0.4196078 0.3882353 1 0.454902 0.4196078 0.3882353 1 0.454902 0.4196078 0.3882353 1 0.454902 0.4196078 0.3882353 1 0.454902 0.4196078 0.3882353 1 0.454902 0.4196078 0.3882353 1 0.454902 0.4196078 0.3882353 1 0.454902 0.4196078 0.3882353 1 0.454902 0.4196078 0.3882353 1 0.454902 0.4196078 0.3882353 1 0.454902 0.4196078 0.3882353 1 0.454902 0.4196078 0.3882353 1 0.454902 0.4196078 0.3882353 1 0.454902 0.4196078 0.3882353 1 0.454902 0.4196078 0.3882353 1 0.454902 0.4196078 0.3882353 1 0.454902 0.4196078 0.3882353 1 0.454902 0.4196078 0.3882353 1 0.454902 0.4196078 0.3882353 1 0.454902 0.4196078 0.3882353 1 0.454902 0.4196078 0.3882353 1 0.454902 0.4196078 0.3882353 1 0.454902 0.4196078 0.3882353 1 0.454902 0.4196078 0.3882353 1 0.454902 0.4196078 0.3882353 1 0.454902 0.4196078 0.3882353 1 0.454902 0.4196078 0.3882353 1 0.454902 0.4196078 0.3882353 1 0.454902 0.4196078 0.3882353 1 0.454902 0.4196078 0.3882353 1 0.454902 0.4196078 0.3882353 1 0.454902 0.4196078 0.3882353 1 0.454902 0.4196078 0.3882353 1 0.454902 0.4196078 0.3882353 1 0.454902 0.4196078 0.3882353 1 0.454902 0.4196078 0.3882353 1 0.454902 0.4196078 0.3882353 1 0.454902 0.4196078 0.3882353 1 0.454902 0.4196078 0.3882353 1 0.454902 0.4196078 0.3882353 1 0.454902 0.4196078 0.3882353 1 0.454902 0.4196078 0.3882353 1 0.454902 0.4196078 0.3882353 1 0.5490196 0.2196078 0.09019608 1 0.5490196 0.2196078 0.09019608 1 0.5490196 0.2196078 0.09019608 1 0.5490196 0.2196078 0.09019608 1 0.5490196 0.2196078 0.09019608 1 0.5490196 0.2196078 0.09019608 1 0.5490196 0.2196078 0.09019608 1 0.5490196 0.2196078 0.09019608 1 0.5490196 0.2196078 0.09019608 1 0.5490196 0.2196078 0.09019608 1 0.5490196 0.2196078 0.09019608 1 0.5490196 0.2196078 0.09019608 1 0.5019608 0.5019608 0.5019608 1 0.5019608 0.5019608 0.5019608 1 0.5019608 0.5019608 0.5019608 1 0.5019608 0.5019608 0.5019608 1 0.5019608 0.5019608 0.5019608 1 0.5019608 0.5019608 0.5019608 1 0.5019608 0.5019608 0.5019608 1 0.5019608 0.5019608 0.5019608 1 0.5019608 0.5019608 0.5019608 1 0.5019608 0.5019608 0.5019608 1 0.5019608 0.5019608 0.5019608 1 0.5019608 0.5019608 0.5019608 1 0.5019608 0.5019608 0.5019608 1 0.5019608 0.5019608 0.5019608 1 0.5019608 0.5019608 0.5019608 1 0.5019608 0.5019608 0.5019608 1 0.5019608 0.5019608 0.5019608 1 0.5019608 0.5019608 0.5019608 1 0.5019608 0.5019608 0.5019608 1 0.5019608 0.5019608 0.5019608 1 0.5019608 0.5019608 0.5019608 1 0.5019608 0.5019608 0.5019608 1 0.5019608 0.5019608 0.5019608 1 0.5019608 0.5019608 0.5019608 1 0.5019608 0.5019608 0.5019608 1 0.5019608 0.5019608 0.5019608 1 0.5019608 0.5019608 0.5019608 1 0.5019608 0.5019608 0.5019608 1 0.5490196 0.2196078 0.09019608 1 0.5490196 0.2196078 0.09019608 1 0.5490196 0.2196078 0.09019608 1 0.5490196 0.2196078 0.09019608 1 0.5490196 0.2196078 0.09019608 1 0.5490196 0.2196078 0.09019608 1 0.5490196 0.2196078 0.09019608 1 0.5490196 0.2196078 0.09019608 1 0.5490196 0.2196078 0.09019608 1 0.5490196 0.2196078 0.09019608 1 0.5490196 0.2196078 0.09019608 1 0.5490196 0.2196078 0.09019608 1 0.5019608 0.5019608 0.5019608 1 0.5019608 0.5019608 0.5019608 1 0.5019608 0.5019608 0.5019608 1 0.5019608 0.5019608 0.5019608 1 0.5019608 0.5019608 0.5019608 1 0.5019608 0.5019608 0.5019608 1 0.5019608 0.5019608 0.5019608 1 0.5019608 0.5019608 0.5019608 1 0.5019608 0.5019608 0.5019608 1 0.5019608 0.5019608 0.5019608 1 0.5019608 0.5019608 0.5019608 1 0.5019608 0.5019608 0.5019608 1 0.5019608 0.5019608 0.5019608 1 0.5019608 0.5019608 0.5019608 1 0.5019608 0.5019608 0.5019608 1 0.5019608 0.5019608 0.5019608 1 0.5490196 0.2196078 0.09019608 1 0.5490196 0.2196078 0.09019608 1 0.5490196 0.2196078 0.09019608 1 0.5490196 0.2196078 0.09019608 1 0.5490196 0.2196078 0.09019608 1 0.5490196 0.2196078 0.09019608 1 0.5490196 0.2196078 0.09019608 1 0.5490196 0.2196078 0.09019608 1 0.5490196 0.2196078 0.09019608 1 0.5490196 0.2196078 0.09019608 1 0.5490196 0.2196078 0.09019608 1 0.5490196 0.2196078 0.09019608 1 0.5019608 0.5019608 0.5019608 1 0.5019608 0.5019608 0.5019608 1 0.5019608 0.5019608 0.5019608 1 0.5019608 0.5019608 0.5019608 1 0.5019608 0.5019608 0.5019608 1 0.5019608 0.5019608 0.5019608 1 0.5019608 0.5019608 0.5019608 1 0.5019608 0.5019608 0.5019608 1 0.5019608 0.5019608 0.5019608 1 0.5019608 0.5019608 0.5019608 1 0.5019608 0.5019608 0.5019608 1 0.5019608 0.5019608 0.5019608 1 0.5019608 0.5019608 0.5019608 1 0.5019608 0.5019608 0.5019608 1 0.5019608 0.5019608 0.5019608 1 0.5019608 0.5019608 0.5019608 1 0.5019608 0.5019608 0.5019608 1 0.5019608 0.5019608 0.5019608 1 0.5019608 0.5019608 0.5019608 1 0.5019608 0.5019608 0.5019608 1 0.5019608 0.5019608 0.5019608 1 0.5019608 0.5019608 0.5019608 1 0.5019608 0.5019608 0.5019608 1 0.5019608 0.5019608 0.5019608 1 0.5019608 0.5019608 0.5019608 1 0.5019608 0.5019608 0.5019608 1 0.5019608 0.5019608 0.5019608 1 0.5019608 0.5019608 0.5019608 1 0.5490196 0.2196078 0.09019608 1 0.5490196 0.2196078 0.09019608 1 0.5490196 0.2196078 0.09019608 1 0.5490196 0.2196078 0.09019608 1 0.5490196 0.2196078 0.09019608 1 0.5490196 0.2196078 0.09019608 1 0.5490196 0.2196078 0.09019608 1 0.5490196 0.2196078 0.09019608 1 0.5019608 0.5019608 0.5019608 1 0.5019608 0.5019608 0.5019608 1 0.5019608 0.5019608 0.5019608 1 0.5019608 0.5019608 0.5019608 1 0.5019608 0.5019608 0.5019608 1 0.5019608 0.5019608 0.5019608 1 0.5019608 0.5019608 0.5019608 1 0.5019608 0.5019608 0.5019608 1 0.5019608 0.5019608 0.5019608 1 0.5019608 0.5019608 0.5019608 1 0.5019608 0.5019608 0.5019608 1 0.5019608 0.5019608 0.5019608 1 0.5019608 0.5019608 0.5019608 1 0.5019608 0.5019608 0.5019608 1 0.5019608 0.5019608 0.5019608 1 0.5019608 0.5019608 0.5019608 1 0.5019608 0.5019608 0.5019608 1 0.5019608 0.5019608 0.5019608 1 0.5019608 0.5019608 0.5019608 1 0.5019608 0.5019608 0.5019608 1 0.5019608 0.5019608 0.5019608 1 0.5019608 0.5019608 0.5019608 1 0.5019608 0.5019608 0.5019608 1 0.5019608 0.5019608 0.5019608 1 0.5019608 0.5019608 0.5019608 1 0.5019608 0.5019608 0.5019608 1 0.5019608 0.5019608 0.5019608 1 0.5019608 0.5019608 0.5019608 1 0.5019608 0.5019608 0.5019608 1 0.5019608 0.5019608 0.5019608 1 0.5019608 0.5019608 0.5019608 1 0.5019608 0.5019608 0.5019608 1 0.5019608 0.5019608 0.5019608 1 0.5019608 0.5019608 0.5019608 1 0.5019608 0.5019608 0.5019608 1 0.5019608 0.5019608 0.5019608 1 0.5019608 0.5019608 0.5019608 1 0.5019608 0.5019608 0.5019608 1 0.5019608 0.5019608 0.5019608 1 0.5019608 0.5019608 0.5019608 1 0.5019608 0.5019608 0.5019608 1 0.5019608 0.5019608 0.5019608 1 0.5019608 0.5019608 0.5019608 1 0.5019608 0.5019608 0.5019608 1 0.5019608 0.5019608 0.5019608 1 0.5019608 0.5019608 0.5019608 1 0.5019608 0.5019608 0.5019608 1 0.5019608 0.5019608 0.5019608 1 0.5019608 0.5019608 0.5019608 1 0.5019608 0.5019608 0.5019608 1 0.5019608 0.5019608 0.5019608 1 0.5019608 0.5019608 0.5019608 1 0.5019608 0.5019608 0.5019608 1 0.5019608 0.5019608 0.5019608 1 0.5019608 0.5019608 0.5019608 1 0.5019608 0.5019608 0.5019608 1 0.5019608 0.5019608 0.5019608 1 0.5019608 0.5019608 0.5019608 1 0.5019608 0.5019608 0.5019608 1 0.5019608 0.5019608 0.5019608 1 0.5019608 0.5019608 0.5019608 1 0.5019608 0.5019608 0.5019608 1 0.5019608 0.5019608 0.5019608 1 0.5019608 0.5019608 0.5019608 1 0.5019608 0.5019608 0.5019608 1 0.5019608 0.5019608 0.5019608 1 0.5019608 0.5019608 0.5019608 1 0.5019608 0.5019608 0.5019608 1 0.5019608 0.5019608 0.5019608 1 0.5019608 0.5019608 0.5019608 1 0.5019608 0.5019608 0.5019608 1 0.5019608 0.5019608 0.5019608 1 0.5019608 0.5019608 0.5019608 1 0.5019608 0.5019608 0.5019608 1 0.5019608 0.5019608 0.5019608 1 0.5019608 0.5019608 0.5019608 1 0.5019608 0.5019608 0.5019608 1 0.5019608 0.5019608 0.5019608 1 0.5019608 0.5019608 0.5019608 1 0.5019608 0.5019608 0.5019608 1 0.5019608 0.5019608 0.5019608 1 0.5019608 0.5019608 0.5019608 1 0.1921569 0.3686275 0.5490196 1 0.1921569 0.3686275 0.5490196 1 0.1921569 0.3686275 0.5490196 1 0.1921569 0.3686275 0.5490196 1 0.1921569 0.3686275 0.5490196 1 0.1921569 0.3686275 0.5490196 1 0.1921569 0.3686275 0.5490196 1 0.1921569 0.3686275 0.5490196 1 0.1921569 0.3686275 0.5490196 1 0.1921569 0.3686275 0.5490196 1 0.1921569 0.3686275 0.5490196 1 0.1921569 0.3686275 0.5490196 1 0.1921569 0.3686275 0.5490196 1 0.1921569 0.3686275 0.5490196 1 0.1921569 0.3686275 0.5490196 1 0.1921569 0.3686275 0.5490196 1 0.1921569 0.3686275 0.5490196 1 0.1921569 0.3686275 0.5490196 1 0.1921569 0.3686275 0.5490196 1 0.1921569 0.3686275 0.5490196 1 0.1921569 0.3686275 0.5490196 1 0.1921569 0.3686275 0.5490196 1 0.1921569 0.3686275 0.5490196 1 0.1921569 0.3686275 0.5490196 1 0.1921569 0.3686275 0.5490196 1 0.1921569 0.3686275 0.5490196 1 0.1921569 0.3686275 0.5490196 1 0.1921569 0.3686275 0.5490196 1 0.1921569 0.3686275 0.5490196 1 0.1921569 0.3686275 0.5490196 1 0.1921569 0.3686275 0.5490196 1 0.1921569 0.3686275 0.5490196 1 0.1921569 0.3686275 0.5490196 1 0.1921569 0.3686275 0.5490196 1 0.1921569 0.3686275 0.5490196 1 0.1921569 0.3686275 0.5490196 1 0.1921569 0.3686275 0.5490196 1 0.1921569 0.3686275 0.5490196 1 0.1921569 0.3686275 0.5490196 1 0.1921569 0.3686275 0.5490196 1 0.1921569 0.3686275 0.5490196 1 0.1921569 0.3686275 0.5490196 1 0.1921569 0.3686275 0.5490196 1 0.1921569 0.3686275 0.5490196 1 0.1921569 0.3686275 0.5490196 1 0.1921569 0.3686275 0.5490196 1 0.1921569 0.3686275 0.5490196 1 0.1921569 0.3686275 0.5490196 1 0.1921569 0.3686275 0.5490196 1 0.1921569 0.3686275 0.5490196 1 0.1921569 0.3686275 0.5490196 1 0.1921569 0.3686275 0.5490196 1 0.1921569 0.3686275 0.5490196 1 0.1921569 0.3686275 0.5490196 1 0.1921569 0.3686275 0.5490196 1 0.1921569 0.3686275 0.5490196 1 0.1921569 0.3686275 0.5490196 1 0.1921569 0.3686275 0.5490196 1 0.1921569 0.3686275 0.5490196 1 0.1921569 0.3686275 0.5490196 1 0.1921569 0.3686275 0.5490196 1 0.1921569 0.3686275 0.5490196 1 0.1921569 0.3686275 0.5490196 1 0.1921569 0.3686275 0.5490196 1 0.1921569 0.3686275 0.5490196 1 0.1921569 0.3686275 0.5490196 1 0.1921569 0.3686275 0.5490196 1 0.1921569 0.3686275 0.5490196 1 0.1921569 0.3686275 0.5490196 1 0.1921569 0.3686275 0.5490196 1 0.1921569 0.3686275 0.5490196 1 0.1921569 0.3686275 0.5490196 1 0.1921569 0.3686275 0.5490196 1 0.1921569 0.3686275 0.5490196 1 0.1921569 0.3686275 0.5490196 1 0.1921569 0.3686275 0.5490196 1 0.1921569 0.3686275 0.5490196 1 0.1921569 0.3686275 0.5490196 1 0.1921569 0.3686275 0.5490196 1 0.1921569 0.3686275 0.5490196 1 0.1921569 0.3686275 0.5490196 1 0.1921569 0.3686275 0.5490196 1 0.1921569 0.3686275 0.5490196 1 0.1921569 0.3686275 0.5490196 1 0.1921569 0.3686275 0.5490196 1 0.1921569 0.3686275 0.5490196 1 0.1921569 0.3686275 0.5490196 1 0.1921569 0.3686275 0.5490196 1 0.1921569 0.3686275 0.5490196 1 0.1921569 0.3686275 0.5490196 1 0.1921569 0.3686275 0.5490196 1 0.1921569 0.3686275 0.5490196 1 0.1921569 0.3686275 0.5490196 1 0.1921569 0.3686275 0.5490196 1 0.1921569 0.3686275 0.5490196 1 0.1921569 0.3686275 0.5490196 1 0.1921569 0.3686275 0.5490196 1 0.1921569 0.3686275 0.5490196 1 0.1921569 0.3686275 0.5490196 1 0.1921569 0.3686275 0.5490196 1 0.1921569 0.3686275 0.5490196 1 0.1921569 0.3686275 0.5490196 1 0.1921569 0.3686275 0.5490196 1 0.1921569 0.3686275 0.5490196 1 0.1921569 0.3686275 0.5490196 1 0.1921569 0.3686275 0.5490196 1 0.1921569 0.3686275 0.5490196 1 0.1921569 0.3686275 0.5490196 1 0.1921569 0.3686275 0.5490196 1 0.1921569 0.3686275 0.5490196 1 0.1921569 0.3686275 0.5490196 1 0.1921569 0.3686275 0.5490196 1 0.1921569 0.3686275 0.5490196 1 0.1921569 0.3686275 0.5490196 1 0.1921569 0.3686275 0.5490196 1 0.1921569 0.3686275 0.5490196 1 0.1921569 0.3686275 0.5490196 1 0.1921569 0.3686275 0.5490196 1 0.1921569 0.3686275 0.5490196 1 0.1921569 0.3686275 0.5490196 1 0.1921569 0.3686275 0.5490196 1 0.1921569 0.3686275 0.5490196 1 0.1921569 0.3686275 0.5490196 1 0.1921569 0.3686275 0.5490196 1 0.1921569 0.3686275 0.5490196 1 0.1921569 0.3686275 0.5490196 1 0.1921569 0.3686275 0.5490196 1 0.1921569 0.3686275 0.5490196 1 0.1921569 0.3686275 0.5490196 1 0.1921569 0.3686275 0.5490196 1 0.1921569 0.3686275 0.5490196 1 0.1921569 0.3686275 0.5490196 1 0.1921569 0.3686275 0.5490196 1 0.1921569 0.3686275 0.5490196 1 0.1921569 0.3686275 0.5490196 1 0.1921569 0.3686275 0.5490196 1 0.1921569 0.3686275 0.5490196 1 0.1921569 0.3686275 0.5490196 1 0.1921569 0.3686275 0.5490196 1 0.1921569 0.3686275 0.5490196 1 0.1921569 0.3686275 0.5490196 1 0.1921569 0.3686275 0.5490196 1 0.1921569 0.3686275 0.5490196 1 0.1921569 0.3686275 0.5490196 1 0.1921569 0.3686275 0.5490196 1 0.1921569 0.3686275 0.5490196 1 0.1921569 0.3686275 0.5490196 1 0.1921569 0.3686275 0.5490196 1 0.1921569 0.3686275 0.5490196 1 0.1921569 0.3686275 0.5490196 1 0.1921569 0.3686275 0.5490196 1 0.1921569 0.3686275 0.5490196 1 0.5019608 0.5019608 0.5019608 1 0.5019608 0.5019608 0.5019608 1 0.5019608 0.5019608 0.5019608 1 0.5019608 0.5019608 0.5019608 1 0.5019608 0.5019608 0.5019608 1 0.5019608 0.5019608 0.5019608 1 0.5019608 0.5019608 0.5019608 1 0.5019608 0.5019608 0.5019608 1 0.454902 0.4196078 0.3882353 1 0.454902 0.4196078 0.3882353 1 0.454902 0.4196078 0.3882353 1 0.454902 0.4196078 0.3882353 1 0.454902 0.4196078 0.3882353 1 0.454902 0.4196078 0.3882353 1 0.454902 0.4196078 0.3882353 1 0.454902 0.4196078 0.3882353 1 0.454902 0.4196078 0.3882353 1 0.454902 0.4196078 0.3882353 1 0.454902 0.4196078 0.3882353 1 0.454902 0.4196078 0.3882353 1 0.454902 0.4196078 0.3882353 1 0.454902 0.4196078 0.3882353 1 0.454902 0.4196078 0.3882353 1 0.454902 0.4196078 0.3882353 1 0.454902 0.4196078 0.3882353 1 0.454902 0.4196078 0.3882353 1 0.454902 0.4196078 0.3882353 1 0.454902 0.4196078 0.3882353 1 0.454902 0.4196078 0.3882353 1 0.454902 0.4196078 0.3882353 1 0.454902 0.4196078 0.3882353 1 0.454902 0.4196078 0.3882353 1 0.454902 0.4196078 0.3882353 1 0.454902 0.4196078 0.3882353 1 0.454902 0.4196078 0.3882353 1 0.454902 0.4196078 0.3882353 1 0.454902 0.4196078 0.3882353 1 0.5019608 0.5019608 0.5019608 1 0.5019608 0.5019608 0.5019608 1 0.5019608 0.5019608 0.5019608 1 0.5019608 0.5019608 0.5019608 1 0.5019608 0.5019608 0.5019608 1 0.5019608 0.5019608 0.5019608 1 0.5019608 0.5019608 0.5019608 1 0.5019608 0.5019608 0.5019608 1 0.5019608 0.5019608 0.5019608 1 0.5019608 0.5019608 0.5019608 1 0.5019608 0.5019608 0.5019608 1 0.5019608 0.5019608 0.5019608 1 0.5019608 0.5019608 0.5019608 1 0.5019608 0.5019608 0.5019608 1 0.5019608 0.5019608 0.5019608 1 0.5019608 0.5019608 0.5019608 1 0.5019608 0.5019608 0.5019608 1 0.5019608 0.5019608 0.5019608 1 0.5019608 0.5019608 0.5019608 1 0.5019608 0.5019608 0.5019608 1 0.5019608 0.5019608 0.5019608 1 0.5019608 0.5019608 0.5019608 1 0.5019608 0.5019608 0.5019608 1 0.5019608 0.5019608 0.5019608 1 0.5490196 0.2196078 0.09019608 1 0.5490196 0.2196078 0.09019608 1 0.5490196 0.2196078 0.09019608 1 0.5490196 0.2196078 0.09019608 1 0.5490196 0.2196078 0.09019608 1 0.5019608 0.5019608 0.5019608 1 0.5019608 0.5019608 0.5019608 1 0.5019608 0.5019608 0.5019608 1 0.5019608 0.5019608 0.5019608 1 0.5019608 0.5019608 0.5019608 1 0.5019608 0.5019608 0.5019608 1 0.5019608 0.5019608 0.5019608 1 0.5019608 0.5019608 0.5019608 1 0.5019608 0.5019608 0.5019608 1 0.5019608 0.5019608 0.5019608 1 0.5019608 0.5019608 0.5019608 1 0.5019608 0.5019608 0.5019608 1 0.5019608 0.5019608 0.5019608 1 0.5019608 0.5019608 0.5019608 1 0.5019608 0.5019608 0.5019608 1 0.5019608 0.5019608 0.5019608 1 0.5019608 0.5019608 0.5019608 1 0.5019608 0.5019608 0.5019608 1 0.5019608 0.5019608 0.5019608 1 0.5019608 0.5019608 0.5019608 1 0.5019608 0.5019608 0.5019608 1 0.5019608 0.5019608 0.5019608 1 0.5019608 0.5019608 0.5019608 1 0.5019608 0.5019608 0.5019608 1 0.5019608 0.5019608 0.5019608 1 0.5019608 0.5019608 0.5019608 1 0.5019608 0.5019608 0.5019608 1 0.5019608 0.5019608 0.5019608 1 0.5019608 0.5019608 0.5019608 1 0.5019608 0.5019608 0.5019608 1 0.5019608 0.5019608 0.5019608 1 0.5019608 0.5019608 0.5019608 1 0.5019608 0.5019608 0.5019608 1 0.5019608 0.5019608 0.5019608 1 0.5019608 0.5019608 0.5019608 1 0.5019608 0.5019608 0.5019608 1 0.454902 0.4196078 0.3882353 1 0.454902 0.4196078 0.3882353 1 0.454902 0.4196078 0.3882353 1 0.454902 0.4196078 0.3882353 1 0.454902 0.4196078 0.3882353 1 0.454902 0.4196078 0.3882353 1 0.454902 0.4196078 0.3882353 1 0.454902 0.4196078 0.3882353 1 0.454902 0.4196078 0.3882353 1 0.454902 0.4196078 0.3882353 1 0.454902 0.4196078 0.3882353 1 0.454902 0.4196078 0.3882353 1 0.454902 0.4196078 0.3882353 1 0.454902 0.4196078 0.3882353 1 0.5490196 0.2196078 0.09019608 1 0.5490196 0.2196078 0.09019608 1 0.5490196 0.2196078 0.09019608 1 0.5490196 0.2196078 0.09019608 1 0.5490196 0.2196078 0.09019608 1 0.5490196 0.2196078 0.09019608 1 0.5490196 0.2196078 0.09019608 1 0.5490196 0.2196078 0.09019608 1 0.5490196 0.2196078 0.09019608 1 0.5490196 0.2196078 0.09019608 1 0.5490196 0.2196078 0.09019608 1 0.5490196 0.2196078 0.09019608 1 0.5490196 0.2196078 0.09019608 1 0.5490196 0.2196078 0.09019608 1 0.5490196 0.2196078 0.09019608 1 0.5490196 0.2196078 0.09019608 1 0.5490196 0.2196078 0.09019608 1 0.5490196 0.2196078 0.09019608 1 0.5490196 0.2196078 0.09019608 1 0.5490196 0.2196078 0.09019608 1 0.5490196 0.2196078 0.09019608 1 0.5490196 0.2196078 0.09019608 1 0.5490196 0.2196078 0.09019608 1 0.5490196 0.2196078 0.09019608 1 0.5490196 0.2196078 0.09019608 1 0.5490196 0.2196078 0.09019608 1 0.5490196 0.2196078 0.09019608 1 0.5490196 0.2196078 0.09019608 1 0.5490196 0.2196078 0.09019608 1 0.5490196 0.2196078 0.09019608 1 0.5490196 0.2196078 0.09019608 1 0.5490196 0.2196078 0.09019608 1 0.1921569 0.3686275 0.5490196 1 0.1921569 0.3686275 0.5490196 1 0.1921569 0.3686275 0.5490196 1 0.1921569 0.3686275 0.5490196 1 0.1921569 0.3686275 0.5490196 1 0.5019608 0.5019608 0.5019608 1 0.5019608 0.5019608 0.5019608 1 0.5019608 0.5019608 0.5019608 1 0.5019608 0.5019608 0.5019608 1 0.5019608 0.5019608 0.5019608 1 0.5019608 0.5019608 0.5019608 1 0.5019608 0.5019608 0.5019608 1 0.5019608 0.5019608 0.5019608 1 0.5019608 0.5019608 0.5019608 1 0.5019608 0.5019608 0.5019608 1 0.5019608 0.5019608 0.5019608 1 0.5019608 0.5019608 0.5019608 1 0.5019608 0.5019608 0.5019608 1 0.5019608 0.5019608 0.5019608 1 0.5019608 0.5019608 0.5019608 1 0.5019608 0.5019608 0.5019608 1 0.5019608 0.5019608 0.5019608 1 0.5019608 0.5019608 0.5019608 1 0.5019608 0.5019608 0.5019608 1 0.5019608 0.5019608 0.5019608 1 0.5019608 0.5019608 0.5019608 1 0.5019608 0.5019608 0.5019608 1 0.5019608 0.5019608 0.5019608 1 0.5019608 0.5019608 0.5019608 1 0.5019608 0.5019608 0.5019608 1 0.5019608 0.5019608 0.5019608 1 0.5019608 0.5019608 0.5019608 1 0.5019608 0.5019608 0.5019608 1 0.5019608 0.5019608 0.5019608 1 0.5019608 0.5019608 0.5019608 1 0.5019608 0.5019608 0.5019608 1 0.5019608 0.5019608 0.5019608 1 0.5019608 0.5019608 0.5019608 1 0.5019608 0.5019608 0.5019608 1 0.5019608 0.5019608 0.5019608 1 0.5019608 0.5019608 0.5019608 1 0.5019608 0.5019608 0.5019608 1 0.5019608 0.5019608 0.5019608 1 0.5019608 0.5019608 0.5019608 1 0.5019608 0.5019608 0.5019608 1 0.5019608 0.5019608 0.5019608 1 0.5019608 0.5019608 0.5019608 1 0.5019608 0.5019608 0.5019608 1 0.5019608 0.5019608 0.5019608 1 0.5019608 0.5019608 0.5019608 1 0.5019608 0.5019608 0.5019608 1 0.5019608 0.5019608 0.5019608 1 0.5019608 0.5019608 0.5019608 1 0.5019608 0.5019608 0.5019608 1 0.5019608 0.5019608 0.5019608 1 0.5019608 0.5019608 0.5019608 1 0.5019608 0.5019608 0.5019608 1 0.5019608 0.5019608 0.5019608 1 0.5019608 0.5019608 0.5019608 1 0.5019608 0.5019608 0.5019608 1 0.5019608 0.5019608 0.5019608 1 0.5019608 0.5019608 0.5019608 1 0.5019608 0.5019608 0.5019608 1 0.5019608 0.5019608 0.5019608 1 0.5019608 0.5019608 0.5019608 1 0.5019608 0.5019608 0.5019608 1 0.5019608 0.5019608 0.5019608 1 0.454902 0.4196078 0.3882353 1 0.454902 0.4196078 0.3882353 1 0.454902 0.4196078 0.3882353 1 0.454902 0.4196078 0.3882353 1 0.454902 0.4196078 0.3882353 1 0.454902 0.4196078 0.3882353 1 0.454902 0.4196078 0.3882353 1 0.454902 0.4196078 0.3882353 1 0.454902 0.4196078 0.3882353 1 0.454902 0.4196078 0.3882353 1 0.454902 0.4196078 0.3882353 1 0.454902 0.4196078 0.3882353 1 0.454902 0.4196078 0.3882353 1 0.454902 0.4196078 0.3882353 1 0.454902 0.4196078 0.3882353 1 0.454902 0.4196078 0.3882353 1 0.454902 0.4196078 0.3882353 1 0.454902 0.4196078 0.3882353 1 0.454902 0.4196078 0.3882353 1 0.454902 0.4196078 0.3882353 1 0.454902 0.4196078 0.3882353 1 0.454902 0.4196078 0.3882353 1 0.454902 0.4196078 0.3882353 1 0.454902 0.4196078 0.3882353 1 0.1921569 0.3686275 0.5490196 1 0.1921569 0.3686275 0.5490196 1 0.1921569 0.3686275 0.5490196 1 0.1921569 0.3686275 0.5490196 1 0.1921569 0.3686275 0.5490196 1 0.1921569 0.3686275 0.5490196 1 0.1921569 0.3686275 0.5490196 1 0.1921569 0.3686275 0.5490196 1 0.1921569 0.3686275 0.5490196 1 0.1921569 0.3686275 0.5490196 1 0.1921569 0.3686275 0.5490196 1 0.1921569 0.3686275 0.5490196 1 0.1921569 0.3686275 0.5490196 1 0.1921569 0.3686275 0.5490196 1 0.1921569 0.3686275 0.5490196 1 0.1921569 0.3686275 0.5490196 1 0.1921569 0.3686275 0.5490196 1 0.1921569 0.3686275 0.5490196 1 0.1921569 0.3686275 0.5490196 1 0.1921569 0.3686275 0.5490196 1 0.1921569 0.3686275 0.5490196 1 0.1921569 0.3686275 0.5490196 1 0.1921569 0.3686275 0.5490196 1 0.5490196 0.2196078 0.09019608 1 0.5490196 0.2196078 0.09019608 1 0.5490196 0.2196078 0.09019608 1 0.5490196 0.2196078 0.09019608 1 0.5490196 0.2196078 0.09019608 1 0.5490196 0.2196078 0.09019608 1 0.5490196 0.2196078 0.09019608 1 0.5490196 0.2196078 0.09019608 1 0.5490196 0.2196078 0.09019608 1 0.5490196 0.2196078 0.09019608 1 0.5490196 0.2196078 0.09019608 1 0.5490196 0.2196078 0.09019608 1 0.5490196 0.2196078 0.09019608 1 0.5490196 0.2196078 0.09019608 1 0.5490196 0.2196078 0.09019608 1 0.5490196 0.2196078 0.09019608 1 0.5490196 0.2196078 0.09019608 1 0.5490196 0.2196078 0.09019608 1 0.5490196 0.2196078 0.09019608 1 0.5490196 0.2196078 0.09019608 1 0.5490196 0.2196078 0.09019608 1 0.5490196 0.2196078 0.09019608 1 0.5490196 0.2196078 0.09019608 1 0.5490196 0.2196078 0.09019608 1 0.5490196 0.2196078 0.09019608 1 0.5490196 0.2196078 0.09019608 1 0.5490196 0.2196078 0.09019608 1 0.5490196 0.2196078 0.09019608 1 0.5490196 0.2196078 0.09019608 1 0.5490196 0.2196078 0.09019608 1 0.5490196 0.2196078 0.09019608 1 0.5490196 0.2196078 0.09019608 1 0.5490196 0.2196078 0.09019608 1 0.5490196 0.2196078 0.09019608 1 0.5490196 0.2196078 0.09019608 1 0.5490196 0.2196078 0.09019608 1 0.5490196 0.2196078 0.09019608 1 0.5490196 0.2196078 0.09019608 1 0.5490196 0.2196078 0.09019608 1 0.5490196 0.2196078 0.09019608 1 0.5490196 0.2196078 0.09019608 1</float_array>
          <technique_common>
            <accessor source="#CmFillerObjectAL_CmFillerObjectAM_pCube35_polySurface2__CmFillerObjectAC-color-array" count="2158" stride="4">
              <param name="R" type="float" />
              <param name="G" type="float" />
              <param name="B" type="float" />
              <param name="A" type="float" />
            </accessor>
          </technique_common>
        </source>
        <source id="CmFillerObjectAL_CmFillerObjectAM_pCube35_polySurface2__CmFillerObjectAC-texcoord">
          <float_array id="CmFillerObjectAL_CmFillerObjectAM_pCube35_polySurface2__CmFillerObjectAC-texcoord-array" count="4316">0.04509041 0.01979095 0.06175326 0.01925689 0.04594491 0.02055389 0.3721828 0.9026169 0.2331579 0.9026169 0.3719234 0.8894484 0.2334173 0.8894484 0.3720302 0.9299916 0.2327611 0.9299916 0.3722591 0.9175097 0.2325322 0.9175097 0.447776 0.8090791 0.447776 0.8239872 0.5574731 0.8090791 0.5574731 0.8239872 0.447303 0.7845274 0.447303 0.7994507 0.5566186 0.7845274 0.5566186 0.7994507 0.1545586 0.7295796 0.1545586 0.7174335 0.2267643 0.7295796 0.2267643 0.7174335 0.009079118 0.7512627 0.009079118 0.7391012 0.01048295 0.7512627 0.01048295 0.7391012 0.07978942 0.7295796 0.007583734 0.7295796 0.07978942 0.7174335 0.007583734 0.7174335 0.3015335 0.7174335 0.3015335 0.7295796 0.2267643 0.7174335 0.2267643 0.7295796 0.07978942 0.7295796 0.07978942 0.7174335 0.1545586 0.7295796 0.1545586 0.7174335 0.009094377 0.6222935 0.03540093 0.6222935 0.009094377 0.6392004 0.03540093 0.6392004 0.1117571 0.6392004 0.08601511 0.6392004 0.1117571 0.6222935 0.08601511 0.6222935 0.009643702 0.6907454 0.03556878 0.6907454 0.009643702 0.7076371 0.03556878 0.7076371 0.1123369 0.7076371 0.08610666 0.7076371 0.1123369 0.6907454 0.08610666 0.6907454 0.08824293 0.674464 0.0618143 0.674464 0.08824293 0.6575723 0.0618143 0.6575723 0.009796293 0.6575723 0.03611811 0.6575723 0.009796293 0.674464 0.03611811 0.674464 0.0618143 0.674464 0.03611811 0.674464 0.0618143 0.6575723 0.03611811 0.6575723 0.1140459 0.674464 0.08824293 0.674464 0.1140459 0.6575723 0.08824293 0.6575723 0.009094377 0.6222935 0.009094377 0.6392004 0.03540093 0.6222935 0.03540093 0.6392004 0.1117571 0.6392004 0.1117571 0.6222935 0.08601511 0.6392004 0.08601511 0.6222935 0.009643702 0.6907454 0.009643702 0.7076371 0.03556878 0.6907454 0.03556878 0.7076371 0.1123369 0.7076371 0.1123369 0.6907454 0.08610666 0.7076371 0.08610666 0.6907454 0.08824293 0.674464 0.08824293 0.6575723 0.0618143 0.674464 0.0618143 0.6575723 0.009796293 0.6575723 0.009796293 0.674464 0.03611811 0.6575723 0.03611811 0.674464 0.0618143 0.674464 0.0618143 0.6575723 0.03611811 0.674464 0.03611811 0.6575723 0.1140459 0.674464 0.1140459 0.6575723 0.08824293 0.674464 0.08824293 0.6575723 0.0124361 0.7709315 0.01020829 0.7709315 0.0124361 0.7586938 0.01020829 0.7586938 0.8488289 0.9708248 0.8553597 0.9708248 0.8553597 0.9719997 0.8618754 0.9708248 0.8553597 0.9848936 0.8488289 0.9848936 0.8553597 0.9837186 0.8618754 0.9848936 0.824033 0.9473258 0.8358282 0.9473258 0.824033 0.9860532 0.8358282 0.9860532 0.8081178 0.9458915 0.8081025 0.9860532 0.8205692 0.9459068 0.8205386 0.9860532 0.8229191 0.9462882 0.8371557 0.9462882 0.824033 0.9473258 0.8358282 0.9473258 0.8371557 0.9462882 0.8371557 0.9860532 0.8358282 0.9473258 0.8358282 0.9860532 0.8229191 0.9860532 0.8229191 0.9462882 0.824033 0.9860532 0.824033 0.9473258 0.8488289 0.9708248 0.8553597 0.9708248 0.8553597 0.9719997 0.8618754 0.9708248 0.8553597 0.9848936 0.8488289 0.9848936 0.8553597 0.9837186 0.8618754 0.9848936 0.824033 0.9473258 0.8358282 0.9473258 0.824033 0.9860532 0.8358282 0.9860532 0.8081178 0.9458915 0.8081025 0.9860532 0.8205692 0.9459068 0.8205386 0.9860532 0.8229191 0.9462882 0.8371557 0.9462882 0.824033 0.9473258 0.8358282 0.9473258 0.8371557 0.9462882 0.8371557 0.9860532 0.8358282 0.9473258 0.8358282 0.9860532 0.8229191 0.9860532 0.8229191 0.9462882 0.824033 0.9860532 0.824033 0.9473258 0.8488289 0.9708248 0.8553597 0.9708248 0.8553597 0.9719997 0.8618754 0.9708248 0.8553597 0.9848936 0.8488289 0.9848936 0.8553597 0.9837186 0.8618754 0.9848936 0.824033 0.9473258 0.8358282 0.9473258 0.824033 0.9860532 0.8358282 0.9860532 0.8081178 0.9458915 0.8081025 0.9860532 0.8205692 0.9459068 0.8205386 0.9860532 0.8229191 0.9462882 0.8371557 0.9462882 0.824033 0.9473258 0.8358282 0.9473258 0.8371557 0.9462882 0.8371557 0.9860532 0.8358282 0.9473258 0.8358282 0.9860532 0.8229191 0.9860532 0.8229191 0.9462882 0.824033 0.9860532 0.824033 0.9473258 0.8488289 0.9708248 0.8553597 0.9708248 0.8553597 0.9719997 0.8618754 0.9708248 0.8553597 0.9848936 0.8488289 0.9848936 0.8553597 0.9837186 0.8618754 0.9848936 0.824033 0.9473258 0.8358282 0.9473258 0.824033 0.9860532 0.8358282 0.9860532 0.8081178 0.9458915 0.8081025 0.9860532 0.8205692 0.9459068 0.8205386 0.9860532 0.8229191 0.9462882 0.8371557 0.9462882 0.824033 0.9473258 0.8358282 0.9473258 0.8371557 0.9462882 0.8371557 0.9860532 0.8358282 0.9473258 0.8358282 0.9860532 0.8229191 0.9860532 0.8229191 0.9462882 0.824033 0.9860532 0.824033 0.9473258 0.01036088 0.9465171 0.1585565 0.9465171 0.01036088 0.9595789 0.1586786 0.9595789 0.006607157 0.976669 0.1601129 0.976669 0.006591897 0.9897307 0.1599756 0.9897307 0.13196 0.8732128 0.13196 0.8588846 0.008255131 0.8732128 0.008255131 0.8588846 0.1292439 0.8508888 0.1292439 0.8361181 0.009109636 0.8508888 0.009109636 0.8361181 0.01152056 0.9026169 0.01176471 0.8894484 0.01792935 0.8894484 0.01774624 0.9026169 0.02420081 0.8894484 0.02377356 0.9026169 0.2331579 0.9026169 0.2334173 0.8894484 0.01062028 0.9299916 0.01060502 0.9175097 0.01680018 0.9175097 0.01681544 0.9299916 0.02288853 0.9175097 0.02325475 0.9299916 0.2327611 0.9299916 0.2325322 0.9175097 0.447303 0.7994507 0.447303 0.7845274 0.2823987 0.7845274 0.2823987 0.7994507 0.2789197 0.7845274 0.2789197 0.7994507 0.2754406 0.7994507 0.2754406 0.7845274 0.1835813 0.7845274 0.1835813 0.7994507 0.1798886 0.7994507 0.1798886 0.7845274 0.1766537 0.7994507 0.1766537 0.7845274 0.01239033 0.7845274 0.01239033 0.7994507 0.723888 0.8856031 0.7240558 0.8894484 0.5921111 0.8894484 0.5923247 0.8856031 0.5863127 0.8894484 0.5863127 0.8856031 0.5802243 0.8856031 0.5804227 0.8894484 0.3719234 0.8894484 0.372076 0.8856031 0.2334173 0.8894484 0.2332647 0.8856031 0.02420081 0.8894484 0.0243534 0.8856031 0.01792935 0.8856031 0.01792935 0.8894484 0.01194781 0.8856031 0.01176471 0.8894484 0.01168841 0.906508 0.01152056 0.9026169 0.01774624 0.9026169 0.01774624 0.906508 0.02377356 0.9026169 0.02391089 0.906508 0.2331579 0.9026169 0.2330053 0.906508 0.3721828 0.9026169 0.3723354 0.906508 0.5808499 0.9026169 0.5806516 0.906508 0.5864805 0.9026169 0.5864805 0.906508 0.5923247 0.906508 0.5921264 0.9026169 0.7240558 0.9026169 0.723888 0.906508 0.7249867 0.9133593 0.7251545 0.9175097 0.5932708 0.9175097 0.5934844 0.9133593 0.5875181 0.9175097 0.5875181 0.9133593 0.5816587 0.9133593 0.581857 0.9175097 0.3722591 0.9175097 0.3724117 0.9133593 0.2325322 0.9175097 0.2323644 0.9133593 0.02288853 0.9175097 0.02302586 0.9133593 0.01681544 0.9133593 0.01680018 0.9175097 0.01077287 0.9133593 0.01060502 0.9175097 0.01078813 0.9341268 0.01062028 0.9299916 0.01681544 0.9299916 0.01681544 0.9341268 0.02325475 0.9299916 0.02340734 0.9341268 0.2327611 0.9299916 0.2326085 0.9341268 0.3720302 0.9299916 0.3721828 0.9341268 0.5814756 0.9299916 0.5812772 0.9341268 0.5874265 0.9299916 0.5874265 0.9341268 0.5934844 0.9341268 0.5932708 0.9299916 0.7251545 0.9299916 0.7249867 0.9341268 0.01048295 0.7512627 0.01048295 0.7391012 0.01188678 0.7512627 0.01188678 0.7391012 0.1183947 0.7512627 0.1183947 0.7391012 0.1197986 0.7512627 0.1197986 0.7391012 0.1197986 0.7512627 0.1197986 0.7391012 0.1212024 0.7512627 0.1212024 0.7391012 0.2305943 0.7512627 0.2305943 0.7391012 0.2319982 0.7391012 0.2319982 0.7512627 0.0608072 0.6392004 0.0608072 0.6222935 0.06332494 0.6222935 0.06332494 0.6392004 0.08601511 0.6222935 0.08601511 0.6392004 0.06138704 0.7076371 0.06138704 0.6907454 0.06385901 0.6907454 0.06385901 0.7076371 0.08610666 0.6907454 0.08610666 0.7076371 0.08601511 0.6392004 0.08601511 0.6222935 0.06332494 0.6392004 0.06332494 0.6222935 0.0608072 0.6392004 0.0608072 0.6222935 0.08610666 0.7076371 0.08610666 0.6907454 0.06385901 0.7076371 0.06385901 0.6907454 0.06138704 0.7076371 0.06138704 0.6907454 0.9531243 0.9785 0.9531243 0.986801 0.9393301 0.9785 0.9393301 0.986801 0.9356527 0.9785 0.9356527 0.986801 0.9185778 0.9785 0.9185778 0.986801 0.9148852 0.986801 0.9148852 0.9785 0.901091 0.9785 0.901091 0.986801 0.8974136 0.986801 0.8974136 0.9785 0.8803387 0.9785 0.8803387 0.986801 0.876646 0.986801 0.876646 0.9785 0.8488289 0.9848936 0.8488289 0.9708248 0.8553597 0.9837186 0.8553597 0.9719997 0.8618754 0.9848936 0.8618754 0.9708248 0.9531243 0.9785 0.9531243 0.986801 0.9393301 0.9785 0.9393301 0.986801 0.9356527 0.9785 0.9356527 0.986801 0.9185778 0.9785 0.9185778 0.986801 0.9148852 0.986801 0.9148852 0.9785 0.901091 0.9785 0.901091 0.986801 0.8974136 0.986801 0.8974136 0.9785 0.8803387 0.9785 0.8803387 0.986801 0.876646 0.986801 0.876646 0.9785 0.8488289 0.9848936 0.8488289 0.9708248 0.8553597 0.9837186 0.8553597 0.9719997 0.8618754 0.9848936 0.8618754 0.9708248 0.9531243 0.9785 0.9531243 0.986801 0.9393301 0.9785 0.9393301 0.986801 0.9356527 0.9785 0.9356527 0.986801 0.9185778 0.9785 0.9185778 0.986801 0.9148852 0.986801 0.9148852 0.9785 0.901091 0.9785 0.901091 0.986801 0.8974136 0.986801 0.8974136 0.9785 0.8803387 0.9785 0.8803387 0.986801 0.876646 0.9785 0.876646 0.986801 0.8488289 0.9848936 0.8488289 0.9708248 0.8553597 0.9837186 0.8553597 0.9719997 0.8618754 0.9848936 0.8618754 0.9708248 0.9531243 0.9785 0.9531243 0.986801 0.9393301 0.9785 0.9393301 0.986801 0.9356527 0.9785 0.9356527 0.986801 0.9185778 0.9785 0.9185778 0.986801 0.9148852 0.986801 0.9148852 0.9785 0.901091 0.9785 0.901091 0.986801 0.8974136 0.986801 0.8974136 0.9785 0.8803387 0.9785 0.8803387 0.986801 0.876646 0.986801 0.876646 0.9785 0.8488289 0.9848936 0.8488289 0.9708248 0.8553597 0.9837186 0.8553597 0.9719997 0.8618754 0.9848936 0.8618754 0.9708248 0.04509041 0.01979095 0.04594491 0.02055389 0.0465095 0.02476537 0.04553292 0.02449071 0.04655528 0.02824444 0.04563973 0.02862591 0.0474403 0.0337835 0.04655528 0.03389031 0.04708934 0.03945982 0.04782178 0.03996336 0.05642786 0.1459067 0.05778592 0.1458915 0.06732281 0.2469062 0.13196 0.8588846 0.13196 0.8732128 0.1586328 0.8732128 0.1586328 0.8588846 0.314519 0.8732128 0.314519 0.8588846 0.3183185 0.8732128 0.3183185 0.8588846 0.3221027 0.8588846 0.3221027 0.8732128 0.4201266 0.8732128 0.4201266 0.8588846 0.424094 0.8732128 0.424094 0.8588846 0.4280613 0.8588846 0.4280613 0.8732128 0.4514992 0.8588846 0.4514992 0.8732128 0.5829862 0.8588846 0.5829862 0.8732128 0.6102235 0.8588846 0.6102235 0.8732128 0.7777523 0.9428855 0.7786068 0.9465171 0.7436484 0.9465171 0.7429618 0.9428855 0.5393606 0.9465171 0.5395743 0.9428855 0.5336996 0.9465171 0.5336843 0.9428855 0.5278706 0.9428855 0.528069 0.9465171 0.3984741 0.9465171 0.3986725 0.9428855 0.3928893 0.9465171 0.3928893 0.9428855 0.3869383 0.9428855 0.3871366 0.9465171 0.3575799 0.9428855 0.3577325 0.9465171 0.1928588 0.9428855 0.1927367 0.9465171 0.1587244 0.9428855 0.1585565 0.9465171 0.01036088 0.9465171 0.01112383 0.9428855 0.01112383 0.9632868 0.01036088 0.9595789 0.1586786 0.9595789 0.1588464 0.9632868 0.192874 0.9595789 0.1929961 0.9632868 0.357763 0.9632868 0.3579156 0.9595789 0.387335 0.9595789 0.3871366 0.9632868 0.3929351 0.9595789 0.3929351 0.9632868 0.3986877 0.9632868 0.3984741 0.9595789 0.528069 0.9595789 0.5278706 0.9632868 0.5336538 0.9595789 0.5336538 0.9632868 0.5393606 0.9632868 0.539147 0.9595789 0.7427481 0.9632868 0.7434348 0.9595789 0.7775387 0.9632868 0.7783932 0.9595789 0.7795682 0.9729763 0.7804227 0.976669 0.7453117 0.976669 0.744625 0.9729763 0.5401694 0.976669 0.5403982 0.9729763 0.5337148 0.976669 0.5337606 0.9729763 0.5289845 0.9729763 0.5291676 0.976669 0.4002136 0.976669 0.4004273 0.9729763 0.3946593 0.976669 0.3946593 0.9729763 0.3889677 0.9729763 0.3891661 0.976669 0.3207294 0.9729763 0.3208209 0.976669 0.1945678 0.9729763 0.194461 0.976669 0.1602808 0.9729763 0.1601129 0.976669 0.006607157 0.976669 0.007400626 0.9729763 0.007385367 0.993347 0.006591897 0.9897307 0.1599756 0.9897307 0.1601282 0.993347 0.1943084 0.9897307 0.1943999 0.993347 0.320531 0.993347 0.3206226 0.9897307 0.3889372 0.9897307 0.3887388 0.993347 0.3946441 0.9897307 0.3946441 0.993347 0.4004273 0.993347 0.4002289 0.9897307 0.5291676 0.9897307 0.5289845 0.993347 0.5337453 0.9897307 0.5337759 0.993347 0.5406271 0.993347 0.5404135 0.9897307 0.7448539 0.993347 0.7455558 0.9897307 0.7798123 0.993347 0.7806668 0.9897307 0.5937133 0.8508888 0.5937133 0.8361181 0.5671931 0.8361181 0.5671931 0.8508888 0.4695811 0.8361181 0.4695811 0.8508888 0.4168002 0.8361181 0.4168002 0.8508888 0.4129549 0.8361181 0.4129549 0.8508888 0.4090944 0.8508888 0.4090944 0.8361181 0.3139086 0.8361181 0.3139086 0.8508888 0.3109636 0.8361181 0.3109636 0.8508888 0.3065385 0.8508888 0.3065385 0.8361181 0.1551537 0.8361181 0.1551537 0.8508888 0.1292439 0.8508888 0.1292439 0.8361181 0.5921111 0.8894484 0.7240558 0.8894484 0.7240558 0.9026169 0.5921264 0.9026169 0.5863127 0.8894484 0.5864805 0.9026169 0.5808499 0.9026169 0.5804227 0.8894484 0.3719234 0.8894484 0.3721828 0.9026169 0.5814756 0.9299916 0.3720302 0.9299916 0.3722591 0.9175097 0.581857 0.9175097 0.5874265 0.9299916 0.5875181 0.9175097 0.5932708 0.9175097 0.5932708 0.9299916 0.7251545 0.9299916 0.7251545 0.9175097 0.9431601 0.9669642 0.9396659 0.9706111 0.9155108 0.9706111 0.9117113 0.9669642 0.9431601 0.9499351 0.9117113 0.9499351 0.9152056 0.9462882 0.9393606 0.9462882 0.9431601 0.9669642 0.9396659 0.9706111 0.9155108 0.9706111 0.9117113 0.9669642 0.9431601 0.9499351 0.9117113 0.9499351 0.9152056 0.9462882 0.9393606 0.9462882 0.9431601 0.9669642 0.9396659 0.9706111 0.9155108 0.9706111 0.9117113 0.9669642 0.9431601 0.9499351 0.9117113 0.9499351 0.9152056 0.9462882 0.9393606 0.9462882 0.9431601 0.9669642 0.9396659 0.9706111 0.9155108 0.9706111 0.9117113 0.9669642 0.9431601 0.9499351 0.9117113 0.9499351 0.9152056 0.9462882 0.9393606 0.9462882 0.7436484 0.9465171 0.7786068 0.9465171 0.7783932 0.9595789 0.7434348 0.9595789 0.5393606 0.9465171 0.539147 0.9595789 0.5336996 0.9465171 0.5336538 0.9595789 0.528069 0.9595789 0.528069 0.9465171 0.3984741 0.9465171 0.3984741 0.9595789 0.3928893 0.9465171 0.3929351 0.9595789 0.387335 0.9595789 0.3871366 0.9465171 0.3579156 0.9595789 0.3577325 0.9465171 0.1927367 0.9465171 0.192874 0.9595789 0.1586786 0.9595789 0.1585565 0.9465171 0.1943084 0.9897307 0.1599756 0.9897307 0.1601129 0.976669 0.194461 0.976669 0.3206226 0.9897307 0.3208209 0.976669 0.3889372 0.9897307 0.3891661 0.976669 0.3946441 0.9897307 0.3946593 0.976669 0.4002136 0.976669 0.4002289 0.9897307 0.5291676 0.9897307 0.5291676 0.976669 0.5337453 0.9897307 0.5337148 0.976669 0.5401694 0.976669 0.5404135 0.9897307 0.7455558 0.9897307 0.7453117 0.976669 0.7804227 0.976669 0.7806668 0.9897307 0.01164263 0.8239872 0.176669 0.8239872 0.01164263 0.8090791 0.176669 0.8090791 0.1798886 0.8090791 0.1798886 0.8239872 0.1835813 0.8090791 0.1835813 0.8239872 0.2751507 0.8239872 0.2751507 0.8090791 0.2786145 0.8239872 0.2786145 0.8090791 0.2820783 0.8090791 0.2820783 0.8239872 0.447776 0.8239872 0.447776 0.8090791 0.3427176 0.7391012 0.4521095 0.7391012 0.4521095 0.7512627 0.3427176 0.7512627 0.3413138 0.7512627 0.3413138 0.7391012 0.3413138 0.7512627 0.33991 0.7512627 0.3413138 0.7391012 0.33991 0.7391012 0.233402 0.7391012 0.233402 0.7512627 0.2319982 0.7512627 0.2319982 0.7391012 0.05830472 0.6392004 0.03540093 0.6392004 0.03540093 0.6222935 0.05830472 0.6222935 0.0608072 0.6222935 0.0608072 0.6392004 0.05885405 0.7076371 0.03556878 0.7076371 0.03556878 0.6907454 0.05885405 0.6907454 0.06138704 0.6907454 0.06138704 0.7076371 0.03540093 0.6222935 0.03540093 0.6392004 0.05830472 0.6392004 0.05830472 0.6222935 0.0608072 0.6222935 0.0608072 0.6392004 0.03556878 0.6907454 0.03556878 0.7076371 0.05885405 0.7076371 0.05885405 0.6907454 0.06138704 0.6907454 0.06138704 0.7076371 0.3431754 0.7586938 0.4499428 0.7586938 0.4499428 0.7709315 0.3431754 0.7709315 0.3409476 0.7709315 0.3409476 0.7586938 0.2323339 0.7586938 0.2323339 0.7709315 0.2300755 0.7709315 0.2300755 0.7586938 0.1233082 0.7586938 0.1233082 0.7709315 0.1210346 0.7709315 0.1210346 0.7586938 0.2323339 0.7586938 0.2345312 0.7586938 0.2323339 0.7709315 0.2345312 0.7709315 0.3387198 0.7709315 0.3387198 0.7586938 0.3409476 0.7586938 0.3409476 0.7709315 0.1210346 0.7709315 0.1188525 0.7709315 0.1210346 0.7586938 0.1188525 0.7586938 0.01464866 0.7586938 0.01464866 0.7709315 0.0124361 0.7709315 0.0124361 0.7586938 0.01396201 0.01765472 0.04509041 0.01979095 0.01554894 0.02250707 0.04553292 0.02449071 0.04563973 0.02862591 0.01599145 0.03675896 0.04655528 0.03389031 0.04708934 0.03945982 0.01651026 0.04760814 0.05642786 0.1459067 0.01930266 0.1464103 0.04734875 0.2469062 0.02229343 0.2469062 0.06732281 0.2469062 0.06626993 0.1455711 0.05778592 0.1458915 0.04782178 0.03996336 0.07772946 0.2305333 0.07775997 0.2364691 0.08975357 0.2469062 0.06247044 0.03691155 0.0474403 0.0337835 0.07588311 0.1412985 0.08703746 0.1342031 0.1237354 0.2469062 0.07170215 0.03430229 0.06221103 0.02549785 0.04655528 0.02824444 0.0465095 0.02476537 0.04594491 0.02055389 0.06175326 0.01925689 0.07121386 0.02281225 0.07101548 0.01879913 0.08265812 0.03259325 0.08215457 0.02127105 0.08200198 0.01834136 0.1160449 0.01701379 0.1162585 0.02134734 0.117174 0.03454643 0.1292439 0.02119476 0.1289387 0.01644921 0.1402457 0.01580834 0.1214008 0.1332875 0.1318685 0.03506523 0.1348287 0.1393454 0.1371633 0.2469062 0.140734 0.02067596 0.1421836 0.03482109 0.1468681 0.1435264 0.1493553 0.2469062 0.1808804 0.2469062 0.1754482 0.0156405 0.1752804 0.01260394 0.2077363 0.01316851 0.1760281 0.02723736 0.20766 0.01745629 0.216846 0.01745629 0.2167849 0.01316851 0.2075685 0.02493322 0.1763027 0.03903258 0.2074311 0.03533989 0.1790494 0.1421225 0.2083314 0.1410849 0.2098116 0.2409095 0.2178073 0.1399863 0.1854734 0.2469062 0.1779812 0.2753185 0.2195621 0.240467 0.2101015 0.2461891 0.2167849 0.03320366 0.2296635 0.140383 0.216846 0.02502477 0.2286412 0.03150988 0.2285344 0.02423131 0.228397 0.01673913 0.2283665 0.01297015 0.2832227 0.01203936 0.2834058 0.0158236 0.2942092 0.01179522 0.283711 0.02328527 0.2944534 0.01618981 0.304921 0.01133746 0.2839856 0.03054857 0.2949874 0.02455175 0.305333 0.01571679 0.3387045 0.008834958 0.3060197 0.02400243 0.2955215 0.03271532 0.3389334 0.01715112 0.3743954 0.01136798 0.3384604 0.02378881 0.3755856 0.01654077 0.3857481 0.0121004 0.3732814 0.02253759 0.3870756 0.01702905 0.3985962 0.01252764 0.3850614 0.02177465 0.4001373 0.01646447 0.4331426 0.01333636 0.3983215 0.02012664 0.4347601 0.01684594 0.444068 0.01361102 0.4329442 0.01977569 0.4457313 0.01849395 0.4531777 0.01368737 0.4439918 0.0229038 0.4329137 0.02327001 0.454963 0.01844817 0.4747234 0.01309222 0.4533608 0.0229038 0.4769055 0.01852447 0.5015488 0.0125429 0.474052 0.02388036 0.4440223 0.02755779 0.5006485 0.01991302 0.5345235 0.02038604 0.5350118 0.01647973 0.5455406 0.01728845 0.5003586 0.02574199 0.4534218 0.02772564 0.4755169 0.02874798 0.5451744 0.02119476 0.5562676 0.01791412 0.5333486 0.02949572 0.555993 0.02182043 0.6108339 0.02043182 0.5443198 0.02987719 0.5553674 0.03009081 0.6104677 0.026627 0.6223697 0.02093536 0.5546349 0.03958189 0.6220035 0.02713054 0.6316167 0.02139312 0.6099489 0.03567559 0.6215152 0.03573662 0.6311895 0.02757305 0.6653391 0.02304113 0.6631113 0.02767986 0.6307316 0.0357824 0.6616922 0.04127568 0.6302891 0.04605174 0.6595712 0.05148393 0.6209964 0.04635692 0.6258793 0.148928 0.655375 0.1495537 0.6516823 0.2510414 0.6225223 0.2501564 0.6127413 0.2482185 0.6164492 0.1485161 0.6093385 0.04669261 0.604654 0.1497368 0.6007172 0.2493172 0.549569 0.1506676 0.5468376 0.2473945 0.5355154 0.2444801 0.5433738 0.039765 0.5383688 0.1498283 0.5319905 0.04025328 0.5271534 0.1512474 0.5241474 0.2465553 0.5001144 0.0434882 0.4966812 0.1506218 0.4941939 0.2455787 0.4695048 0.2448921 0.4739605 0.03413445 0.4715648 0.1493095 0.4498665 0.2444801 0.4534829 0.03576714 0.4513771 0.148455 0.4396582 0.2427405 0.4439765 0.03529412 0.4417334 0.1470207 0.4303349 0.1469902 0.427863 0.243946 0.3942016 0.2430152 0.4327917 0.03089952 0.3956359 0.1420157 0.3808652 0.2402686 0.3981231 0.02397192 0.3978637 0.02995348 0.3847715 0.02613872 0.3844053 0.03247118 0.3728389 0.02842754 0.3822843 0.1401999 0.3723354 0.03477532 0.3703212 0.140444 0.3687343 0.2424506 0.3374228 0.2417029 0.3386435 0.03915465 0.3068589 0.03440911 0.3380636 0.1393454 0.3074235 0.1392844 0.2962387 0.1381246 0.2849622 0.1394217 0.2961166 0.2395971 0.3074998 0.2406501 0.2314488 0.240589 0.2846723 0.2406958 0.2314031 0.2459907 0.2960708 0.2459754 0.2846723 0.2460517 0.2196231 0.2467689 0.2846723 0.2514229 0.231342 0.2513924 0.2104066 0.2514534 0.2196841 0.2530709 0.23093 0.275639 0.1900816 0.2518501 0.2102083 0.2756695 0.1835966 0.2753949 0.1892119 0.2754559 0.185687 0.2877547 0.1801785 0.2877241 0.1911955 0.2877852 0.21944 0.275578 0.2098878 0.2876936 0.1888914 0.301564 0.2193027 0.2876631 0.1834134 0.3014725 0.1779355 0.3013962 0.177966 0.3357748 0.2100099 0.301091 0.1890135 0.3355459 0.1834897 0.335668 0.1810178 0.3472953 0.219379 0.3009689 0.1865263 0.3472496 0.1835508 0.3573052 0.1780423 0.3573815 0.1920195 0.3472038 0.1837034 0.3754787 0.1781186 0.3775082 0.1890593 0.3572289 0.1892882 0.3734646 0.1854124 0.3983215 0.1807126 0.4032654 0.2104524 0.4050202 0.1901122 0.3933776 0.2105287 0.3994201 0.2202029 0.4027619 0.2108186 0.3730679 0.2106203 0.3938354 0.2202182 0.3971924 0.2202182 0.391638 0.2102846 0.3564355 0.2200351 0.371664 0.2321202 0.3936828 0.2320897 0.3992065 0.232044 0.4047151 0.2861982 0.4041962 0.2315862 0.3728999 0.2858472 0.3931487 0.2860304 0.3986725 0.297612 0.3969787 0.2977493 0.4025635 0.3093919 0.4041047 0.2860761 0.3725643 0.2974746 0.3913939 0.3092241 0.3985351 0.3090715 0.3929504 0.3356069 0.396994 0.3403983 0.4018769 0.3425345 0.3760433 0.3308308 0.3921263 0.3369192 0.374136 0.3421378 0.3559472 0.3084001 0.3722743 0.3312886 0.3722438 0.3366293 0.355993 0.3389944 0.3460136 0.3311055 0.3560387 0.3335012 0.3460746 0.3363699 0.334493 0.3418631 0.3345083 0.3279927 0.3461357 0.33579 0.3005112 0.3413138 0.3003281 0.3308919 0.3344778 0.3333639 0.2869306 0.3388876 0.2868238 0.3409629 0.274464 0.3302663 0.3006943 0.3084459 0.3350729 0.3086595 0.3556878 0.3086137 0.3462425 0.2972915 0.3712062 0.297261 0.346334 0.2972915 0.3557793 0.2859083 0.3559777 0.2314031 0.3563287 0.2859541 0.3464256 0.2196994 0.3563287 0.23122 0.3468071 0.2195468 0.3468834 0.2100862 0.3469597 0.210071 0.3357748 0.2194705 0.335729 0.2312047 0.3355459 0.2310216 0.3010605 0.2857252 0.3351797 0.2853895 0.3007706 0.2971084 0.3352255 0.2967727 0.3005112 0.3080491 0.3005264 0.2854505 0.2873427 0.3278553 0.2870374 0.307866 0.2872206 0.2966354 0.2872511 0.296376 0.275227 0.3073777 0.2753185 0.329778 0.2747387 0.3353628 0.2746013 0.3283741 0.2515755 0.3328908 0.2466468 0.3073319 0.2459144 0.3071641 0.2511787 0.296025 0.2523385 0.2852522 0.2753338 0.2308537 0.2876784 0.616968 0.6844282 0.6178988 0.6822919 0.6200809 0.6813916 0.6426032 0.7068742 0.7728237 0.6813916 0.616968 0.8340887 0.7502861 0.7068742 0.6426032 0.8116426 0.7759365 0.6844282 0.7750057 0.6822919 0.7759365 0.8340887 0.7502861 0.8116426 0.7728237 0.8371252 0.7749904 0.8362097 0.6200809 0.8371252 0.6178988 0.8362097 0.9641108 0.9551384 0.9647059 0.9575341 0.9576867 0.9637446 0.9598688 0.9642176 0.9615473 0.9722896 0.9600214 0.9742275 0.9503776 0.973312 0.9490654 0.9712215 0.9537804 0.963119 0.9515526 0.9633631 0.9474174 0.9562219 0.9482567 0.9539025 0.9641108 0.9551384 0.9647059 0.9575341 0.9576867 0.9637446 0.9598688 0.9642176 0.9615473 0.9722896 0.9600214 0.9742275 0.9503776 0.973312 0.9490654 0.9712215 0.9537804 0.963119 0.9515526 0.9633631 0.9474174 0.9562219 0.9482567 0.9539025 0.9641108 0.9551384 0.9647059 0.9575341 0.9576867 0.9637446 0.9598688 0.9642176 0.9615473 0.9722896 0.9600214 0.9742275 0.9503776 0.973312 0.9490654 0.9712215 0.9537804 0.963119 0.9515526 0.9633631 0.9474174 0.9562219 0.9482567 0.9539025 0.9641108 0.9551384 0.9647059 0.9575341 0.9576867 0.9637446 0.9598688 0.9642176 0.9615473 0.9722896 0.9600214 0.9742275 0.9503776 0.973312 0.9490654 0.9712215 0.9537804 0.963119 0.9515526 0.9633631 0.9474174 0.9562219 0.9482567 0.9539025 0.936202 0.6598001 0.9328603 0.6598001 0.9328603 0.6563821 0.936202 0.6563821 0.7873503 0.6598001 0.9328603 0.5072709 0.936202 0.5072709 0.936202 0.5038071 0.9328603 0.5038071 0.7873503 0.5038071 0.7873503 0.6563821 0.783978 0.6598001 0.783978 0.6563821 0.7873503 0.5072709 0.783978 0.5038071 0.783978 0.5072709 0.7927977 0.6827192 0.7894255 0.6827192 0.7894255 0.6792554 0.7927977 0.6792554 0.7894255 0.8318456 0.9383078 0.6827192 0.9383078 0.6792554 0.9416495 0.6792554 0.9416495 0.6827192 0.7927977 0.8318456 0.7894255 0.8352484 0.7927977 0.8352484 0.9383078 0.8318456 0.9416495 0.8318456 0.9383078 0.8352484 0.9416495 0.8352484 0.8806286 0.9455711 0.8819104 0.949279 0.8772412 0.9494774 0.9028763 0.9456779 0.8803692 0.9510338 0.9015488 0.9493858 0.8771039 0.9679561 0.9062028 0.9497063 0.8802624 0.9664454 0.9030442 0.9512169 0.8817579 0.9682612 0.9029221 0.9666285 0.8804303 0.9719692 0.9060502 0.9681849 0.9013962 0.9683833 0.9026627 0.9720913 0.8806286 0.9455711 0.8819104 0.949279 0.8772412 0.9494774 0.9028763 0.9456779 0.8803692 0.9510338 0.9015488 0.9493858 0.8771039 0.9679561 0.9062028 0.9497063 0.8802624 0.9664454 0.9030442 0.9512169 0.8817579 0.9682612 0.9029221 0.9666285 0.8804303 0.9719692 0.9060502 0.9681849 0.9013962 0.9683833 0.9026627 0.9720913 0.8806286 0.9455711 0.8819104 0.949279 0.8772412 0.9494774 0.9028763 0.9456779 0.8803692 0.9510338 0.9015488 0.9493858 0.8771039 0.9679561 0.9062028 0.9497063 0.8802624 0.9664454 0.9030442 0.9512169 0.8817579 0.9682612 0.9029221 0.9666285 0.8804303 0.9719692 0.9060502 0.9681849 0.9013962 0.9683833 0.9026627 0.9720913 0.8806286 0.9455711 0.8819104 0.949279 0.8772412 0.9494774 0.9028763 0.9456779 0.8803692 0.9510338 0.9015488 0.9493858 0.8771039 0.9679561 0.9062028 0.9497063 0.8802624 0.9664454 0.9030442 0.9512169 0.8817579 0.9682612 0.9029221 0.9666285 0.8804303 0.9719692 0.9060502 0.9681849 0.9013962 0.9683833 0.9026627 0.9720913 0.723888 0.906508 0.5923247 0.906508 0.7240558 0.9026169 0.009079118 0.7391012 0.01048295 0.7391012 0.01055924 0.7512627 0.8371557 0.9860532 0.8358282 0.9860532 0.8371557 0.9462882 0.8229191 0.9860532 0.8229191 0.9462882 0.824033 0.9860532 0.8371557 0.9462882 0.8358282 0.9473258 0.8229191 0.9462882 0.8229191 0.9860532 0.8229191 0.9462882 0.824033 0.9860532 0.04586862 0.0274815 0.04509041 0.01979095 0.04608225 0.0216068 0.04509041 0.01979095 0.06175326 0.01925689 0.04608225 0.0216068 0.01112383 0.9632868 0.01036088 0.9595789 0.1588464 0.9632868 0.007385367 0.9929961 0.007003891 0.9897307 0.1601282 0.9929961 0.5403982 0.9729763 0.5401694 0.976669 0.5328603 0.9729763 0.7806668 0.9897307 0.7798123 0.9929961 0.5406271 0.9929961 0.5403982 0.9729763 0.7799954 0.9748226 0.5401694 0.976669 0.5671931 0.8508888 0.5937133 0.8508888 0.5937133 0.8361181 0.3413291 0.7512627 0.33991 0.7391012 0.3413138 0.7391012 0.3413291 0.7512627 0.233402 0.7391012 0.2320134 0.7512627 0.2319982 0.7391012 0.2320134 0.7512627 0.2305943 0.7391012 0.2319982 0.7391012 0.1212024 0.7391012 0.2320134 0.7512627 0.1193866 0.7512627 0.1197986 0.7391012 0.1193866 0.7512627 0.1183947 0.7391012 0.1197986 0.7391012 0.1193866 0.7512627 0.1193866 0.7512627 0.01188678 0.7391012 0.01055924 0.7512627 0.01048295 0.7391012 0.01055924 0.7512627 0.01271077 0.7709315 0.01216144 0.7586938 0.01464866 0.7586938 0.1209278 0.7586938 0.1213245 0.7709315 0.01271077 0.7709315 0.1602808 0.9729763 0.1601129 0.976669 0.007003891 0.9748226 0.1945678 0.9729763 0.1602808 0.9729763 0.1945678 0.9729763 0.3891661 0.976669 0.3889677 0.9729763 0.3989776 0.9729763 0.3721828 0.9026169 0.2330053 0.906508 0.3719234 0.8894484 0.2334173 0.8894484 0.3721828 0.9341268 0.2326085 0.9341268 0.3722591 0.9175097 0.2325322 0.9175097 0.447776 0.8090791 0.447776 0.8239872 0.5574731 0.8090791 0.5574731 0.8239872 0.447303 0.7845274 0.447303 0.7994507 0.5566186 0.7845274 0.5566186 0.7994507 0.5911955 0.8856031 0.7239795 0.8875257 0.5910277 0.8894484 0.5802243 0.8856031 0.372076 0.8856031 0.3719234 0.8894484 0.2334173 0.8894484 0.2332647 0.8856031 0.02420081 0.8894484 0.01834134 0.8856031 0.02082857 0.906508 0.01168841 0.906508 0.01774624 0.9026169 0.01152056 0.9026169 0.5824369 0.9341268 0.3721828 0.9341268 0.5825894 0.9299916 0.5934844 0.9341268 0.5923553 0.9133593 0.7249867 0.9133593 0.5932708 0.9175097 0.7251545 0.9175097 0.1545586 0.7295796 0.1545586 0.7174335 0.2267643 0.7295796 0.2267643 0.7174335 0.07978942 0.7295796 0.007583734 0.7295796 0.07978942 0.7174335 0.007583734 0.7174335 0.6177005 0.6829786 0.6426032 0.7068742 0.6179141 0.8360265 0.6426032 0.8116426 0.3015335 0.7174335 0.3015335 0.7295796 0.2267643 0.7174335 0.2267643 0.7295796 0.07978942 0.7295796 0.07978942 0.7174335 0.1545586 0.7295796 0.1545586 0.7174335 0.009094377 0.6222935 0.03540093 0.6222935 0.009094377 0.6392004 0.03540093 0.6392004 0.1117571 0.6392004 0.08601511 0.6392004 0.1117571 0.6222935 0.08601511 0.6222935 0.009643702 0.6907454 0.03556878 0.6907454 0.009643702 0.7076371 0.03556878 0.7076371 0.1123369 0.7076371 0.08610666 0.7076371 0.1123369 0.6907454 0.08610666 0.6907454 0.08824293 0.674464 0.0618143 0.674464 0.08824293 0.6575723 0.0618143 0.6575723 0.009796293 0.6575723 0.03611811 0.6575723 0.009796293 0.674464 0.03611811 0.674464 0.0618143 0.674464 0.03611811 0.674464 0.0618143 0.6575723 0.03611811 0.6575723 0.1140459 0.674464 0.08824293 0.674464 0.1140459 0.6575723 0.08824293 0.6575723 0.009094377 0.6222935 0.009094377 0.6392004 0.03540093 0.6222935 0.03540093 0.6392004 0.1117571 0.6392004 0.1117571 0.6222935 0.08601511 0.6392004 0.08601511 0.6222935 0.009643702 0.6907454 0.009643702 0.7076371 0.03556878 0.6907454 0.03556878 0.7076371 0.1123369 0.7076371 0.1123369 0.6907454 0.08610666 0.7076371 0.08610666 0.6907454 0.08824293 0.674464 0.08824293 0.6575723 0.0618143 0.674464 0.0618143 0.6575723 0.009796293 0.6575723 0.009796293 0.674464 0.03611811 0.6575723 0.03611811 0.674464 0.0618143 0.674464 0.0618143 0.6575723 0.03611811 0.674464 0.03611811 0.6575723 0.1140459 0.674464 0.1140459 0.6575723 0.08824293 0.674464 0.08824293 0.6575723 0.2324559 0.7709315 0.2320592 0.7586938 0.3410697 0.7709315 0.3406577 0.7586938 0.3410697 0.7709315 0.3406577 0.7586938 0.4499428 0.7709315 0.4499428 0.7586938 0.1213245 0.7709315 0.1209278 0.7586938 0.2324559 0.7709315 0.2320592 0.7586938 0.9414511 0.6796674 0.9412375 0.8352484 0.7898222 0.679469 0.7894255 0.8348211 0.9641108 0.9551384 0.9631342 0.9649042 0.9576867 0.9637446 0.9600214 0.9742275 0.9503776 0.973312 0.9482414 0.9637293 0.9537804 0.963119 0.9482567 0.9539025 0.9132372 0.948333 0.9403067 0.9472038 0.9145495 0.9696956 0.9416342 0.9685664 0.8488289 0.9708248 0.8553597 0.9708248 0.8553597 0.9719997 0.8618754 0.9708248 0.8553597 0.9848936 0.8488289 0.9848936 0.8553597 0.9837186 0.8618754 0.9848936 0.824033 0.9473258 0.8358282 0.9473258 0.824033 0.9860532 0.8358282 0.9860532 0.8081178 0.9458915 0.8081025 0.9860532 0.8205692 0.9459068 0.8205386 0.9860532 0.8229191 0.9462882 0.8371557 0.9462882 0.824033 0.9473258 0.8358282 0.9473258 0.8371557 0.9462882 0.8371557 0.9860532 0.8358282 0.9473258 0.8358282 0.9860532 0.8229191 0.9860532 0.8229191 0.9462882 0.824033 0.9860532 0.824033 0.9473258 0.9641108 0.9551384 0.9631342 0.9649042 0.9576867 0.9637446 0.9600214 0.9742275 0.9503776 0.973312 0.9482414 0.9637293 0.9537804 0.963119 0.9482567 0.9539025 0.9132372 0.948333 0.9403067 0.9472038 0.9145495 0.9696956 0.9416342 0.9685664 0.8488289 0.9708248 0.8553597 0.9708248 0.8553597 0.9719997 0.8618754 0.9708248 0.8553597 0.9848936 0.8488289 0.9848936 0.8553597 0.9837186 0.8618754 0.9848936 0.8229191 0.9462882 0.8371557 0.9462882 0.824033 0.9860532 0.8358282 0.9860532 0.8081178 0.9458915 0.8081025 0.9860532 0.8205692 0.9459068 0.8205386 0.9860532 0.9641108 0.9551384 0.9631342 0.9649042 0.9576867 0.9637446 0.9600214 0.9742275 0.9503776 0.973312 0.9482414 0.9637293 0.9537804 0.963119 0.9482567 0.9539025 0.9132372 0.948333 0.9403067 0.9472038 0.9145495 0.9696956 0.9416342 0.9685664 0.8488289 0.9708248 0.8553597 0.9708248 0.8553597 0.9719997 0.8618754 0.9708248 0.8553597 0.9848936 0.8488289 0.9848936 0.8553597 0.9837186 0.8618754 0.9848936 0.824033 0.9473258 0.8358282 0.9473258 0.824033 0.9860532 0.8358282 0.9860532 0.8081178 0.9458915 0.8081025 0.9860532 0.8205692 0.9459068 0.8205386 0.9860532 0.8229191 0.9462882 0.8371557 0.9462882 0.824033 0.9473258 0.8358282 0.9473258 0.8371557 0.9462882 0.8371557 0.9860532 0.8358282 0.9473258 0.8358282 0.9860532 0.8229191 0.9860532 0.8229191 0.9462882 0.824033 0.9860532 0.824033 0.9473258 0.9641108 0.9551384 0.9631342 0.9649042 0.9576867 0.9637446 0.9600214 0.9742275 0.9132372 0.948333 0.9403067 0.9472038 0.9145495 0.9696956 0.9416342 0.9685664 0.8488289 0.9708248 0.8553597 0.9708248 0.8553597 0.9719997 0.8618754 0.9708248 0.8553597 0.9848936 0.8488289 0.9848936 0.8553597 0.9837186 0.8618754 0.9848936 0.8229191 0.9462882 0.8358282 0.9473258 0.824033 0.9860532 0.8358282 0.9860532 0.8081178 0.9458915 0.8081025 0.9860532 0.8205692 0.9459068 0.8205386 0.9860532 0.8371557 0.9462882 0.8371557 0.9860532 0.8358282 0.9473258 0.8358282 0.9860532 0.01074235 0.9447013 0.1585565 0.9465171 0.01036088 0.9595789 0.1588464 0.9632868 0.007003891 0.9748226 0.1601129 0.976669 0.007003891 0.9897307 0.1601282 0.9929961 0.13196 0.8732128 0.13196 0.8588846 0.008255131 0.8732128 0.008255131 0.8588846 0.1292439 0.8508888 0.1292439 0.8361181 0.009109636 0.8508888 0.009109636 0.8361181 0.1587244 0.9428855 0.1585565 0.9465171 0.01074235 0.9447013 0.3869383 0.9428855 0.3961395 0.9428855 0.3960327 0.9465171 0.5315022 0.9428855 0.5315785 0.9465171 0.5395743 0.9428855 0.5393606 0.9465171 0.387335 0.9595789 0.3871366 0.9632868 0.1588464 0.9632868 0.39617 0.9632868 0.3065385 0.8361181 0.1292439 0.8361181 0.3065385 0.8508888 0.1292439 0.8508888 0.5406271 0.9929961 0.5401694 0.976669 0.7806668 0.9897307 0.7799954 0.9748226 0.13196 0.8588846 0.13196 0.8732128 0.314519 0.8732128 0.3161822 0.8588846 0.314519 0.8732128 0.3197376 0.8732128 0.3221027 0.8588846 0.4218662 0.8732128 0.4218662 0.8588846 0.4280613 0.8588846 0.4280613 0.8732128 0.6102235 0.8588846 0.6102235 0.8732128 0.5368581 0.9632868 0.5393606 0.9465171 0.7775387 0.9632868 0.7436484 0.9465171 0.7775387 0.9632868 0.7783932 0.9595789 0.7781796 0.9447013 0.5395743 0.9428855 0.7781796 0.9447013 0.5393606 0.9465171 0.7436484 0.9465171 0.3808652 0.2402686 0.3687343 0.2424506 0.3768978 0.03390557 0.3942016 0.2430152 0.3808652 0.2402686 0.3687343 0.2424506 0.3386435 0.03915465 0.3374228 0.2417029 0.3386435 0.02130157 0.3074998 0.2406501 0.2990616 0.03323418 0.331487 0.248188 0.3409629 0.274464 0.3322194 0.2746929 0.3072404 0.2488747 0.307805 0.2886091 0.2960403 0.2495461 0.2961166 0.2395971 0.2839856 0.03054857 0.2846723 0.2430457 0.2979477 0.02432287 0.2314488 0.240589 0.2286412 0.03150988 0.2313726 0.2480201 0.2195621 0.240467 0.2846723 0.2514229 0.2179293 0.2514839 0.2308843 0.286778 0.2854047 0.2871443 0.2965591 0.2861829 0.285832 0.3468834 0.2972457 0.3478447 0.2226444 0.3506523 0.2975357 0.3938354 0.2859083 0.394873 0.2861982 0.4041962 0.2977493 0.4025635 0.3093919 0.4041047 0.3091325 0.3953918 0.3085679 0.3466697 0.3341115 0.3954833 0.3093919 0.4041047 0.3403983 0.4018769 0.3421378 0.3559472 0.3366293 0.355993 0.3389944 0.3460136 0.3421378 0.3559472 0.329717 0.3461052 0.3311055 0.3560387 0.3336385 0.334493 0.3389944 0.3460136 0.3418631 0.3345083 0.3326924 0.300618 0.3418631 0.3345083 0.3413138 0.3003281 0.3302663 0.2869917 0.3413138 0.3003281 0.3388876 0.2868238 0.3409629 0.274464 0.3388876 0.2868238 0.2320897 0.3971313 0.2861982 0.4041962 0.232044 0.4047151 0.232044 0.4047151 0.2202029 0.4027619 0.2202182 0.3930266 0.2104524 0.4050202 0.2105745 0.3966278 0.2134127 0.3460899 0.1868772 0.3967804 0.2104524 0.4050202 0.1807126 0.4032654 0.1780423 0.3573815 0.1863127 0.3572595 0.1810178 0.3472953 0.1902953 0.347219 0.1862516 0.3356069 0.177966 0.3357748 0.2166781 0.2871138 0.1851225 0.301503 0.1779355 0.3013962 0.1801785 0.2877241 0.1891356 0.2877699 0.1779812 0.2753185 0.1874571 0.2754406 0.1863432 0.247837 0.1779812 0.2753185 0.1808804 0.2469062 0.2099794 0.2438849 0.2132753 0.03401238 0.1760586 0.0287022 0.1493553 0.2469062 0.2149538 0.02493322 0.138323 0.03491265 0.2832227 0.01203936 0.304921 0.01133746 0.2942092 0.01179522 0.2283665 0.01297015 0.2167849 0.01316851 0.3387045 0.009002805 0.2077363 0.01316851 0.1752804 0.01260394 0.3743954 0.01136798 0.1402457 0.01580834 0.3813382 0.01678491 0.3857481 0.0121004 0.3985962 0.01252764 0.3860227 0.02273595 0.4427405 0.01745629 0.4331426 0.01333636 0.444068 0.01361102 0.4531777 0.01368737 0.4747234 0.01309222 0.5015488 0.0125429 0.4472572 0.03497368 0.3942016 0.2430152 0.427863 0.243946 0.4396582 0.2427405 0.427863 0.243946 0.4498665 0.2444801 0.4396582 0.2427405 0.4541238 0.02816814 0.4413672 0.02185094 0.5005112 0.02282751 0.5001144 0.0434882 0.4498665 0.2444801 0.4941939 0.2455787 0.5241474 0.2465553 0.5319905 0.04025328 0.5355154 0.2444801 0.5468376 0.2473945 0.5241474 0.2465553 0.5413901 0.0365606 0.5468376 0.2473945 0.5370565 0.0205844 0.5350118 0.01647973 0.5455406 0.01728845 0.5562676 0.01791412 0.6108339 0.02043182 0.6223697 0.02093536 0.6316167 0.02139312 0.6297703 0.0347448 0.6653391 0.02304113 0.6606393 0.04638743 0.6225223 0.2501564 0.6516823 0.2510414 0.6162356 0.04649425 0.6225223 0.2501564 0.5468376 0.2473945 0.6007172 0.2493172 0.6127413 0.2482185 0.6007172 0.2493172 0.01152056 0.9026169 0.01185626 0.8875257 0.01834134 0.8856031 0.01774624 0.9026169 0.02420081 0.8894484 0.02082857 0.906508 0.2330053 0.906508 0.2334173 0.8894484 0.3413291 0.7512627 0.3413138 0.7391012 0.3427176 0.7391012 0.4521095 0.7512627 0.4521095 0.7391012 0.0608072 0.6392004 0.0608072 0.6222935 0.06332494 0.6222935 0.06332494 0.6392004 0.08601511 0.6222935 0.08601511 0.6392004 0.06138704 0.7076371 0.06138704 0.6907454 0.06385901 0.6907454 0.06385901 0.7076371 0.08610666 0.6907454 0.08610666 0.7076371 0.08601511 0.6392004 0.08601511 0.6222935 0.06332494 0.6392004 0.06332494 0.6222935 0.0608072 0.6392004 0.0608072 0.6222935 0.08610666 0.7076371 0.08610666 0.6907454 0.06385901 0.7076371 0.06385901 0.6907454 0.06138704 0.7076371 0.06138704 0.6907454 0.8488289 0.9848936 0.8488289 0.9708248 0.8553597 0.9837186 0.8553597 0.9719997 0.8618754 0.9848936 0.8618754 0.9708248 0.8488289 0.9848936 0.8488289 0.9708248 0.8553597 0.9837186 0.8553597 0.9719997 0.8618754 0.9848936 0.8618754 0.9708248 0.8488289 0.9848936 0.8488289 0.9708248 0.8553597 0.9837186 0.8553597 0.9719997 0.8618754 0.9848936 0.8618754 0.9708248 0.8488289 0.9848936 0.8488289 0.9708248 0.8553597 0.9837186 0.8553597 0.9719997 0.8618754 0.9848936 0.8618754 0.9708248 0.9503776 0.973312 0.9490654 0.9712215 0.9537804 0.963119 0.9474174 0.9562219 0.9482567 0.9539025 0.5671931 0.8508888 0.5937133 0.8361181 0.4168002 0.8361181 0.4168002 0.8508888 0.4115053 0.8361181 0.4100557 0.8508888 0.3124285 0.8361181 0.3115129 0.8508888 0.3065385 0.8508888 0.3065385 0.8361181 0.01239033 0.7994507 0.1766537 0.7994507 0.01239033 0.7845274 0.1790799 0.7845274 0.1815061 0.7994507 0.1835813 0.7845274 0.2760967 0.7994507 0.2754406 0.7845274 0.2817426 0.7845274 0.2823987 0.7994507 0.447303 0.7994507 0.447303 0.7845274 0.3723354 0.906508 0.2330053 0.906508 0.3721828 0.9026169 0.5808499 0.9026169 0.581384 0.906508 0.3724117 0.9133593 0.5816587 0.9133593 0.3722591 0.9175097 0.2325322 0.9175097 0.2323644 0.9133593 0.01832609 0.9175097 0.02302586 0.9133593 0.01417563 0.9133593 0.01060502 0.9175097 0.6177005 0.6829786 0.7747768 0.6825513 0.6426032 0.7068742 0.7502861 0.7068742 0.774731 0.835996 0.7502861 0.8116426 0.6179141 0.8360265 0.6426032 0.8116426 0.7502861 0.8116426 0.936202 0.5042344 0.9357748 0.6598001 0.783978 0.6593729 0.7843748 0.5040208 0.9328603 0.5038071 0.9531243 0.9816129 0.9365683 0.986801 0.9377279 0.9785 0.9176471 0.9785 0.9165027 0.986801 0.8994888 0.9785 0.8983291 0.986801 0.8789807 0.9816129 0.9531243 0.9816129 0.9365683 0.986801 0.9377279 0.9785 0.9176471 0.9785 0.9165027 0.986801 0.8994888 0.9785 0.8983291 0.986801 0.8789807 0.9816129 0.9531243 0.9816129 0.9365683 0.986801 0.9377279 0.9785 0.9176471 0.9785 0.9165027 0.986801 0.8994888 0.9785 0.8983291 0.986801 0.8789807 0.9816129 0.9531243 0.9816129 0.9365683 0.986801 0.9377279 0.9785 0.9176471 0.9785 0.9165027 0.986801 0.8994888 0.9785 0.8983291 0.986801 0.8789807 0.9816129 0.04509041 0.01979095 0.04586862 0.0274815 0.01396201 0.01765472 0.01625086 0.04219121 0.047364 0.03823912 0.3887388 0.9929961 0.1601282 0.9929961 0.1601129 0.976669 0.3891661 0.976669 0.3967346 0.9897307 0.3989776 0.9729763 0.5314565 0.9897307 0.5328603 0.9729763 0.5401694 0.976669 0.5406271 0.9929961 0.5315785 0.9465171 0.5393606 0.9465171 0.5368581 0.9632868 0.5278706 0.9632868 0.3960327 0.9465171 0.39617 0.9632868 0.387335 0.9595789 0.3869383 0.9428855 0.1585565 0.9465171 0.1588464 0.9632868 0.5313802 0.9929961 0.5314565 0.9897307 0.5406271 0.9929961 0.3968109 0.9929961 0.3967346 0.9897307 0.3887388 0.9929961 0.5808499 0.9026169 0.3721828 0.9026169 0.3719234 0.8894484 0.5802243 0.8856031 0.5910277 0.8894484 0.581384 0.906508 0.5923247 0.906508 0.7240558 0.9026169 0.7239795 0.8875257 0.2325322 0.9175097 0.2326085 0.9341268 0.01832609 0.9175097 0.01846342 0.9341268 0.01071183 0.9320669 0.01060502 0.9175097 0.5932708 0.9175097 0.7251545 0.9175097 0.7250782 0.9320669 0.5934844 0.9341268 0.5825894 0.9299916 0.5923553 0.9133593 0.5816587 0.9133593 0.3722591 0.9175097 0.3721828 0.9341268 0.01164263 0.8239872 0.1796902 0.8239872 0.01164263 0.8090791 0.1782864 0.8090791 0.1835813 0.8090791 0.1835813 0.8239872 0.2758068 0.8239872 0.2751507 0.8090791 0.281651 0.8090791 0.2820783 0.8239872 0.447776 0.8239872 0.447776 0.8090791 0.05830472 0.6392004 0.03540093 0.6392004 0.03540093 0.6222935 0.05830472 0.6222935 0.0608072 0.6222935 0.0608072 0.6392004 0.05885405 0.7076371 0.03556878 0.7076371 0.03556878 0.6907454 0.05885405 0.6907454 0.06138704 0.6907454 0.06138704 0.7076371 0.03540093 0.6222935 0.03540093 0.6392004 0.05830472 0.6392004 0.05830472 0.6222935 0.0608072 0.6222935 0.0608072 0.6392004 0.03556878 0.6907454 0.03556878 0.7076371 0.05885405 0.7076371 0.05885405 0.6907454 0.06138704 0.6907454 0.06138704 0.7076371 0.047364 0.03823912 0.06732281 0.2469062 0.01625086 0.04219121 0.02229343 0.2469062 0.07287709 0.1426414 0.07775997 0.2364691 0.047364 0.03823912 0.08703746 0.1342031 0.08975357 0.2469062 0.1237354 0.2469062 0.06478981 0.03625542 0.06175326 0.01925689 0.04586862 0.0274815 0.04608225 0.0216068 0.07101548 0.01879913 0.08200198 0.01834136 0.1160449 0.01701379 0.1150073 0.03442436 0.1289387 0.01644921 0.1331502 0.1385977 0.1493553 0.2469062 0.1371633 0.2469062 0.1493553 0.2469062 0.879591 0.9709621 0.8802624 0.9664454 0.8817579 0.9682612 0.9013962 0.9683833 0.8803692 0.9510338 0.9045701 0.9698939 0.8787213 0.9477684 0.9029831 0.9589227 0.8819104 0.949279 0.9037003 0.946685 0.9015488 0.9493858 0.9037003 0.946685 0.9015488 0.9493858 0.8819104 0.949279 0.9029831 0.9589227 0.8787213 0.9477684 0.9045701 0.9698939 0.8803235 0.9587396 0.9013962 0.9683833 0.879591 0.9709621 0.8817579 0.9682612 0.9037003 0.946685 0.9015488 0.9493858 0.8819104 0.949279 0.9029831 0.9589227 0.8787213 0.9477684 0.9045701 0.9698939 0.8803235 0.9587396 0.9013962 0.9683833 0.879591 0.9709621 0.8817579 0.9682612 0.9037003 0.946685 0.9015488 0.9493858 0.8819104 0.949279 0.9029831 0.9589227 0.8787213 0.9477684 0.9045701 0.9698939 0.8803235 0.9587396 0.9013962 0.9683833 0.879591 0.9709621 0.8817579 0.9682612</float_array>
          <technique_common>
            <accessor source="#CmFillerObjectAL_CmFillerObjectAM_pCube35_polySurface2__CmFillerObjectAC-texcoord-array" count="2158" stride="2">
              <param name="S" type="float" />
              <param name="T" type="float" />
            </accessor>
          </technique_common>
        </source>
        <vertices id="CmFillerObjectAL_CmFillerObjectAM_pCube35_polySurface2__CmFillerObjectAC-vertex">
          <input semantic="POSITION" source="#CmFillerObjectAL_CmFillerObjectAM_pCube35_polySurface2__CmFillerObjectAC-position" />
        </vertices>
        <triangles material="CmFillerObjectAC" count="1290">
          <input semantic="VERTEX" source="#CmFillerObjectAL_CmFillerObjectAM_pCube35_polySurface2__CmFillerObjectAC-vertex" offset="0" />
          <input semantic="NORMAL" source="#CmFillerObjectAL_CmFillerObjectAM_pCube35_polySurface2__CmFillerObjectAC-normal" offset="1" />
          <input semantic="COLOR" source="#CmFillerObjectAL_CmFillerObjectAM_pCube35_polySurface2__CmFillerObjectAC-color" offset="2" set="0" />
          <input semantic="TEXCOORD" source="#CmFillerObjectAL_CmFillerObjectAM_pCube35_polySurface2__CmFillerObjectAC-texcoord" offset="3" set="0" />
          <p>0 0 0 0 1 1 1 1 2 2 2 2 3 3 3 3 4 4 4 4 5 5 5 5 4 4 4 4 6 6 6 6 5 5 5 5 7 7 7 7 8 8 8 8 9 9 9 9 8 8 8 8 10 10 10 10 9 9 9 9 11 11 11 11 12 12 12 12 13 13 13 13 12 12 12 12 14 14 14 14 13 13 13 13 15 15 15 15 16 16 16 16 17 17 17 17 16 16 16 16 18 18 18 18 17 17 17 17 19 19 19 19 20 20 20 20 21 21 21 21 20 20 20 20 22 22 22 22 21 21 21 21 23 23 23 23 24 24 24 24 25 25 25 25 24 24 24 24 26 26 26 26 25 25 25 25 27 27 27 27 28 28 28 28 29 29 29 29 28 28 28 28 30 30 30 30 29 29 29 29 31 31 31 31 32 32 32 32 33 33 33 33 32 32 32 32 34 34 34 34 33 33 33 33 35 35 35 35 36 36 36 36 37 37 37 37 36 36 36 36 38 38 38 38 37 37 37 37 39 39 39 39 40 40 40 40 41 41 41 41 40 40 40 40 42 42 42 42 41 41 41 41 43 43 43 43 44 44 44 44 45 45 45 45 44 44 44 44 46 46 46 46 45 45 45 45 47 47 47 47 48 48 48 48 49 49 49 49 48 48 48 48 50 50 50 50 49 49 49 49 51 51 51 51 52 52 52 52 53 53 53 53 52 52 52 52 54 54 54 54 53 53 53 53 55 55 55 55 56 56 56 56 57 57 57 57 56 56 56 56 58 58 58 58 57 57 57 57 59 59 59 59 60 60 60 60 61 61 61 61 60 60 60 60 62 62 62 62 61 61 61 61 63 63 63 63 64 64 64 64 65 65 65 65 64 64 64 64 66 66 66 66 65 65 65 65 67 67 67 67 68 68 68 68 69 69 69 69 68 68 68 68 70 70 70 70 69 69 69 69 71 71 71 71 72 72 72 72 73 73 73 73 72 72 72 72 74 74 74 74 73 73 73 73 75 75 75 75 76 76 76 76 77 77 77 77 76 76 76 76 78 78 78 78 77 77 77 77 79 79 79 79 80 80 80 80 81 81 81 81 80 80 80 80 82 82 82 82 81 81 81 81 83 83 83 83 84 84 84 84 85 85 85 85 84 84 84 84 86 86 86 86 85 85 85 85 87 87 87 87 88 88 88 88 89 89 89 89 88 88 88 88 90 90 90 90 89 89 89 89 91 91 91 91 92 92 92 92 93 93 93 93 92 92 92 92 94 94 94 94 93 93 93 93 95 95 95 95 96 96 96 96 97 97 97 97 96 96 96 96 98 98 98 98 97 97 97 97 99 99 99 99 100 100 100 100 101 101 101 101 100 100 100 100 102 102 102 102 101 101 101 101 103 103 103 103 104 104 104 104 105 105 105 105 104 104 104 104 106 106 106 106 105 105 105 105 107 107 107 107 108 108 108 108 109 109 109 109 108 108 108 108 110 110 110 110 109 109 109 109 111 111 111 111 112 112 112 112 113 113 113 113 114 114 114 114 111 111 111 111 113 113 113 113 115 115 115 115 116 116 116 116 117 117 117 117 116 116 116 116 118 118 118 118 117 117 117 117 119 119 119 119 120 120 120 120 121 121 121 121 120 120 120 120 122 122 122 122 121 121 121 121 123 123 123 123 124 124 124 124 125 125 125 125 124 124 124 124 126 126 126 126 125 125 125 125 127 127 127 127 128 128 128 128 129 129 129 129 128 128 128 128 130 130 130 130 129 129 129 129 131 131 131 131 132 132 132 132 133 133 133 133 132 132 132 132 134 134 134 134 133 133 133 133 135 135 135 135 136 136 136 136 137 137 137 137 136 136 136 136 138 138 138 138 137 137 137 137 139 139 139 139 140 140 140 140 141 141 141 141 142 142 142 142 139 139 139 139 141 141 141 141 143 143 143 143 144 144 144 144 145 145 145 145 144 144 144 144 146 146 146 146 145 145 145 145 147 147 147 147 148 148 148 148 149 149 149 149 148 148 148 148 150 150 150 150 149 149 149 149 151 151 151 151 152 152 152 152 153 153 153 153 152 152 152 152 154 154 154 154 153 153 153 153 155 155 155 155 156 156 156 156 157 157 157 157 156 156 156 156 158 158 158 158 157 157 157 157 159 159 159 159 160 160 160 160 161 161 161 161 160 160 160 160 162 162 162 162 161 161 161 161 163 163 163 163 164 164 164 164 165 165 165 165 164 164 164 164 166 166 166 166 165 165 165 165 167 167 167 167 168 168 168 168 169 169 169 169 170 170 170 170 167 167 167 167 169 169 169 169 171 171 171 171 172 172 172 172 173 173 173 173 172 172 172 172 174 174 174 174 173 173 173 173 175 175 175 175 176 176 176 176 177 177 177 177 176 176 176 176 178 178 178 178 177 177 177 177 179 179 179 179 180 180 180 180 181 181 181 181 180 180 180 180 182 182 182 182 181 181 181 181 183 183 183 183 184 184 184 184 185 185 185 185 184 184 184 184 186 186 186 186 185 185 185 185 187 187 187 187 188 188 188 188 189 189 189 189 188 188 188 188 190 190 190 190 189 189 189 189 191 191 191 191 192 192 192 192 193 193 193 193 192 192 192 192 194 194 194 194 193 193 193 193 195 195 195 195 196 196 196 196 197 197 197 197 198 198 198 198 195 195 195 195 197 197 197 197 199 199 199 199 200 200 200 200 201 201 201 201 200 200 200 200 202 202 202 202 201 201 201 201 203 203 203 203 204 204 204 204 205 205 205 205 204 204 204 204 206 206 206 206 205 205 205 205 207 207 207 207 208 208 208 208 209 209 209 209 208 208 208 208 210 210 210 210 209 209 209 209 211 211 211 211 212 212 212 212 213 213 213 213 212 212 212 212 214 214 214 214 213 213 213 213 215 215 215 215 216 216 216 216 217 217 217 217 216 216 216 216 218 218 218 218 217 217 217 217 219 219 219 219 220 220 220 220 221 221 221 221 220 220 220 220 222 222 222 222 221 221 221 221 223 223 223 223 224 224 224 224 225 225 225 225 224 224 224 224 226 226 226 226 225 225 225 225 227 227 227 227 228 228 228 228 229 229 229 229 228 228 228 228 230 230 230 230 229 229 229 229 231 231 231 231 232 232 232 232 233 233 233 233 232 232 232 232 234 234 234 234 233 233 233 233 235 235 235 235 236 236 236 236 237 237 237 237 238 238 238 238 235 235 235 235 237 237 237 237 238 238 238 238 237 237 237 237 239 239 239 239 240 240 240 240 238 238 238 238 239 239 239 239 241 241 241 241 240 240 240 240 239 239 239 239 242 242 242 242 241 241 241 241 239 239 239 239 243 243 243 243 244 244 244 244 245 245 245 245 246 246 246 246 243 243 243 243 245 245 245 245 246 246 246 246 245 245 245 245 247 247 247 247 248 248 248 248 246 246 246 246 247 247 247 247 249 249 249 249 248 248 248 248 247 247 247 247 250 250 250 250 249 249 249 249 247 247 247 247 251 251 251 251 252 252 252 252 253 253 253 253 254 254 254 254 251 251 251 251 253 253 253 253 253 253 253 253 255 255 255 255 254 254 254 254 255 255 255 255 256 256 256 256 254 254 254 254 257 257 257 257 256 256 256 256 255 255 255 255 258 258 258 258 257 257 257 257 255 255 255 255 258 258 258 258 259 259 259 259 257 257 257 257 259 259 259 259 260 260 260 260 257 257 257 257 261 261 261 261 260 260 260 260 259 259 259 259 262 262 262 262 261 261 261 261 259 259 259 259 263 263 263 263 261 261 261 261 262 262 262 262 264 264 264 264 263 263 263 263 262 262 262 262 263 263 263 263 264 264 264 264 265 265 265 265 266 266 266 266 263 263 263 263 265 265 265 265 267 267 267 267 268 268 268 268 269 269 269 269 270 270 270 270 267 267 267 267 269 269 269 269 270 270 270 270 269 269 269 269 271 271 271 271 272 272 272 272 270 270 270 270 271 271 271 271 272 272 272 272 271 271 271 271 273 273 273 273 271 271 271 271 274 274 274 274 273 273 273 273 273 273 273 273 274 274 274 274 275 275 275 275 276 276 276 276 273 273 273 273 275 275 275 275 276 276 276 276 275 275 275 275 277 277 277 277 278 278 278 278 276 276 276 276 277 277 277 277 278 278 278 278 277 277 277 277 279 279 279 279 280 280 280 280 278 278 278 278 279 279 279 279 280 280 280 280 279 279 279 279 281 281 281 281 279 279 279 279 282 282 282 282 281 281 281 281 281 281 281 281 282 282 282 282 283 283 283 283 282 282 282 282 284 284 284 284 283 283 283 283 285 285 285 285 286 286 286 286 287 287 287 287 288 288 288 288 285 285 285 285 287 287 287 287 288 288 288 288 287 287 287 287 289 289 289 289 290 290 290 290 288 288 288 288 289 289 289 289 290 290 290 290 289 289 289 289 291 291 291 291 292 292 292 292 290 290 290 290 291 291 291 291 292 292 292 292 291 291 291 291 293 293 293 293 294 294 294 294 292 292 292 292 293 293 293 293 294 294 294 294 293 293 293 293 295 295 295 295 296 296 296 296 294 294 294 294 295 295 295 295 296 296 296 296 295 295 295 295 297 297 297 297 298 298 298 298 296 296 296 296 297 297 297 297 298 298 298 298 297 297 297 297 299 299 299 299 297 297 297 297 300 300 300 300 299 299 299 299 299 299 299 299 300 300 300 300 301 301 301 301 302 302 302 302 299 299 299 299 301 301 301 301 303 303 303 303 304 304 304 304 305 305 305 305 306 306 306 306 303 303 303 303 305 305 305 305 306 306 306 306 305 305 305 305 307 307 307 307 308 308 308 308 306 306 306 306 307 307 307 307 308 308 308 308 307 307 307 307 309 309 309 309 307 307 307 307 310 310 310 310 309 309 309 309 309 309 309 309 310 310 310 310 311 311 311 311 312 312 312 312 309 309 309 309 311 311 311 311 312 312 312 312 311 311 311 311 313 313 313 313 314 314 314 314 312 312 312 312 313 313 313 313 314 314 314 314 313 313 313 313 315 315 315 315 316 316 316 316 314 314 314 314 315 315 315 315 316 316 316 316 315 315 315 315 317 317 317 317 315 315 315 315 318 318 318 318 317 317 317 317 317 317 317 317 318 318 318 318 319 319 319 319 318 318 318 318 320 320 320 320 319 319 319 319 321 321 321 321 322 322 322 322 323 323 323 323 324 324 324 324 321 321 321 321 323 323 323 323 324 324 324 324 323 323 323 323 325 325 325 325 326 326 326 326 324 324 324 324 325 325 325 325 326 326 326 326 325 325 325 325 327 327 327 327 328 328 328 328 326 326 326 326 327 327 327 327 328 328 328 328 327 327 327 327 329 329 329 329 330 330 330 330 328 328 328 328 329 329 329 329 330 330 330 330 329 329 329 329 331 331 331 331 332 332 332 332 330 330 330 330 331 331 331 331 332 332 332 332 331 331 331 331 333 333 333 333 334 334 334 334 332 332 332 332 333 333 333 333 334 334 334 334 333 333 333 333 335 335 335 335 333 333 333 333 336 336 336 336 335 335 335 335 335 335 335 335 336 336 336 336 337 337 337 337 338 338 338 338 335 335 335 335 337 337 337 337 339 339 339 339 340 340 340 340 341 341 341 341 340 340 340 340 342 342 342 342 341 341 341 341 343 343 343 343 341 341 341 341 342 342 342 342 344 344 344 344 343 343 343 343 342 342 342 342 343 343 343 343 344 344 344 344 345 345 345 345 344 344 344 344 346 346 346 346 345 345 345 345 347 347 347 347 348 348 348 348 349 349 349 349 348 348 348 348 350 350 350 350 349 349 349 349 349 349 349 349 350 350 350 350 351 351 351 351 350 350 350 350 352 352 352 352 351 351 351 351 351 351 351 351 352 352 352 352 353 353 353 353 354 354 354 354 351 351 351 351 353 353 353 353 355 355 355 355 356 356 356 356 357 357 357 357 358 358 358 358 355 355 355 355 357 357 357 357 358 358 358 358 357 357 357 357 359 359 359 359 360 360 360 360 358 358 358 358 359 359 359 359 361 361 361 361 362 362 362 362 363 363 363 363 364 364 364 364 361 361 361 361 363 363 363 363 364 364 364 364 363 363 363 363 365 365 365 365 366 366 366 366 364 364 364 364 365 365 365 365 367 367 367 367 368 368 368 368 369 369 369 369 368 368 368 368 370 370 370 370 369 369 369 369 369 369 369 369 370 370 370 370 371 371 371 371 370 370 370 370 372 372 372 372 371 371 371 371 373 373 373 373 374 374 374 374 375 375 375 375 374 374 374 374 376 376 376 376 375 375 375 375 375 375 375 375 376 376 376 376 377 377 377 377 376 376 376 376 378 378 378 378 377 377 377 377 379 379 379 379 380 380 380 380 381 381 381 381 380 380 380 380 382 382 382 382 381 381 381 381 381 381 381 381 382 382 382 382 383 383 383 383 382 382 382 382 384 384 384 384 383 383 383 383 383 383 383 383 384 384 384 384 385 385 385 385 384 384 384 384 386 386 386 386 385 385 385 385 385 385 385 385 386 386 386 386 387 387 387 387 388 388 388 388 385 385 385 385 387 387 387 387 388 388 388 388 387 387 387 387 389 389 389 389 387 387 387 387 390 390 390 390 389 389 389 389 389 389 389 389 390 390 390 390 391 391 391 391 392 392 392 392 389 389 389 389 391 391 391 391 392 392 392 392 391 391 391 391 393 393 393 393 391 391 391 391 394 394 394 394 393 393 393 393 393 393 393 393 394 394 394 394 395 395 395 395 396 396 396 396 393 393 393 393 395 395 395 395 397 397 397 397 398 398 398 398 399 399 399 399 398 398 398 398 400 400 400 400 399 399 399 399 399 399 399 399 400 400 400 400 401 401 401 401 400 400 400 400 402 402 402 402 401 401 401 401 403 403 403 403 404 404 404 404 405 405 405 405 404 404 404 404 406 406 406 406 405 405 405 405 405 405 405 405 406 406 406 406 407 407 407 407 406 406 406 406 408 408 408 408 407 407 407 407 407 407 407 407 408 408 408 408 409 409 409 409 408 408 408 408 410 410 410 410 409 409 409 409 409 409 409 409 410 410 410 410 411 411 411 411 412 412 412 412 409 409 409 409 411 411 411 411 412 412 412 412 411 411 411 411 413 413 413 413 411 411 411 411 414 414 414 414 413 413 413 413 413 413 413 413 414 414 414 414 415 415 415 415 416 416 416 416 413 413 413 413 415 415 415 415 416 416 416 416 415 415 415 415 417 417 417 417 415 415 415 415 418 418 418 418 417 417 417 417 417 417 417 417 418 418 418 418 419 419 419 419 420 420 420 420 417 417 417 417 419 419 419 419 421 421 421 421 422 422 422 422 423 423 423 423 422 422 422 422 424 424 424 424 423 423 423 423 423 423 423 423 424 424 424 424 425 425 425 425 424 424 424 424 426 426 426 426 425 425 425 425 427 427 427 427 428 428 428 428 429 429 429 429 428 428 428 428 430 430 430 430 429 429 429 429 429 429 429 429 430 430 430 430 431 431 431 431 430 430 430 430 432 432 432 432 431 431 431 431 431 431 431 431 432 432 432 432 433 433 433 433 432 432 432 432 434 434 434 434 433 433 433 433 433 433 433 433 434 434 434 434 435 435 435 435 436 436 436 436 433 433 433 433 435 435 435 435 436 436 436 436 435 435 435 435 437 437 437 437 435 435 435 435 438 438 438 438 437 437 437 437 437 437 437 437 438 438 438 438 439 439 439 439 440 440 440 440 437 437 437 437 439 439 439 439 440 440 440 440 439 439 439 439 441 441 441 441 439 439 439 439 442 442 442 442 441 441 441 441 441 441 441 441 442 442 442 442 443 443 443 443 442 442 442 442 444 444 444 444 443 443 443 443 445 445 445 445 446 446 446 446 447 447 447 447 446 446 446 446 448 448 448 448 447 447 447 447 447 447 447 447 448 448 448 448 449 449 449 449 448 448 448 448 450 450 450 450 449 449 449 449 451 451 451 451 452 452 452 452 453 453 453 453 452 452 452 452 454 454 454 454 453 453 453 453 453 453 453 453 454 454 454 454 455 455 455 455 454 454 454 454 456 456 456 456 455 455 455 455 455 455 455 455 456 456 456 456 457 457 457 457 456 456 456 456 458 458 458 458 457 457 457 457 457 457 457 457 458 458 458 458 459 459 459 459 460 460 460 460 457 457 457 457 459 459 459 459 460 460 460 460 459 459 459 459 461 461 461 461 459 459 459 459 462 462 462 462 461 461 461 461 461 461 461 461 462 462 462 462 463 463 463 463 464 464 464 464 461 461 461 461 463 463 463 463 464 464 464 464 463 463 463 463 465 465 465 465 463 463 463 463 466 466 466 466 465 465 465 465 465 465 465 465 466 466 466 466 467 467 467 467 468 468 468 468 465 465 465 465 467 467 467 467 469 469 469 469 470 470 470 470 471 471 471 471 470 470 470 470 472 472 472 472 471 471 471 471 471 471 471 471 472 472 472 472 473 473 473 473 472 472 472 472 474 474 474 474 473 473 473 473 475 475 475 475 476 476 476 476 477 477 477 477 478 478 478 478 475 475 475 475 477 477 477 477 478 478 478 478 477 477 477 477 479 479 479 479 480 480 480 480 478 478 478 478 479 479 479 479 480 480 480 480 479 479 479 479 481 481 481 481 482 482 482 482 480 480 480 480 481 481 481 481 482 482 482 482 481 481 481 481 483 483 483 483 481 481 481 481 484 484 484 484 483 483 483 483 485 485 485 485 483 483 483 483 484 484 484 484 486 486 486 486 485 485 485 485 484 484 484 484 487 487 487 487 485 485 485 485 486 486 486 486 488 488 488 488 489 489 489 489 490 490 490 490 491 491 491 491 488 488 488 488 490 490 490 490 491 491 491 491 490 490 490 490 492 492 492 492 493 493 493 493 491 491 491 491 492 492 492 492 492 492 492 492 494 494 494 494 493 493 493 493 494 494 494 494 495 495 495 495 493 493 493 493 496 496 496 496 495 495 495 495 494 494 494 494 497 497 497 497 496 496 496 496 494 494 494 494 497 497 497 497 498 498 498 498 496 496 496 496 498 498 498 498 499 499 499 499 496 496 496 496 498 498 498 498 500 500 500 500 499 499 499 499 500 500 500 500 501 501 501 501 499 499 499 499 502 502 502 502 501 501 501 501 500 500 500 500 503 503 503 503 502 502 502 502 500 500 500 500 504 504 504 504 502 502 502 502 503 503 503 503 505 505 505 505 504 504 504 504 503 503 503 503 504 504 504 504 505 505 505 505 506 506 506 506 505 505 505 505 507 507 507 507 506 506 506 506 506 506 506 506 507 507 507 507 508 508 508 508 507 507 507 507 509 509 509 509 508 508 508 508 510 510 510 510 511 511 511 511 512 512 512 512 513 513 513 513 510 510 510 510 512 512 512 512 513 513 513 513 512 512 512 512 514 514 514 514 515 515 515 515 513 513 513 513 514 514 514 514 515 515 515 515 514 514 514 514 516 516 516 516 517 517 517 517 515 515 515 515 516 516 516 516 517 517 517 517 516 516 516 516 518 518 518 518 516 516 516 516 519 519 519 519 518 518 518 518 518 518 518 518 519 519 519 519 520 520 520 520 521 521 521 521 518 518 518 518 520 520 520 520 521 521 521 521 520 520 520 520 522 522 522 522 523 523 523 523 521 521 521 521 522 522 522 522 523 523 523 523 522 522 522 522 524 524 524 524 522 522 522 522 525 525 525 525 524 524 524 524 526 526 526 526 524 524 524 524 525 525 525 525 527 527 527 527 526 526 526 526 525 525 525 525 528 528 528 528 526 526 526 526 527 527 527 527 529 529 529 529 528 528 528 528 527 527 527 527 528 528 528 528 529 529 529 529 530 530 530 530 529 529 529 529 531 531 531 531 530 530 530 530 530 530 530 530 531 531 531 531 532 532 532 532 533 533 533 533 530 530 530 530 532 532 532 532 534 534 534 534 535 535 535 535 536 536 536 536 537 537 537 537 534 534 534 534 536 536 536 536 537 537 537 537 536 536 536 536 538 538 538 538 539 539 539 539 537 537 537 537 538 538 538 538 540 540 540 540 539 539 539 539 538 538 538 538 541 541 541 541 540 540 540 540 538 538 538 538 540 540 540 540 541 541 541 541 542 542 542 542 543 543 543 543 540 540 540 540 542 542 542 542 543 543 543 543 542 542 542 542 544 544 544 544 545 545 545 545 543 543 543 543 544 544 544 544 545 545 545 545 544 544 544 544 546 546 546 546 544 544 544 544 547 547 547 547 546 546 546 546 546 546 546 546 547 547 547 547 548 548 548 548 549 549 549 549 546 546 546 546 548 548 548 548 549 549 549 549 548 548 548 548 550 550 550 550 551 551 551 551 549 549 549 549 550 550 550 550 551 551 551 551 550 550 550 550 552 552 552 552 550 550 550 550 553 553 553 553 552 552 552 552 554 554 554 554 552 552 552 552 553 553 553 553 555 555 555 555 554 554 554 554 553 553 553 553 554 554 554 554 555 555 555 555 556 556 556 556 555 555 555 555 557 557 557 557 556 556 556 556 558 558 558 558 559 559 559 559 560 560 560 560 561 561 561 561 558 558 558 558 560 560 560 560 561 561 561 561 560 560 560 560 562 562 562 562 563 563 563 563 561 561 561 561 562 562 562 562 563 563 563 563 562 562 562 562 564 564 564 564 565 565 565 565 563 563 563 563 564 564 564 564 565 565 565 565 564 564 564 564 566 566 566 566 564 564 564 564 567 567 567 567 566 566 566 566 566 566 566 566 567 567 567 567 568 568 568 568 569 569 569 569 566 566 566 566 568 568 568 568 569 569 569 569 568 568 568 568 570 570 570 570 571 571 571 571 569 569 569 569 570 570 570 570 571 571 571 571 570 570 570 570 572 572 572 572 570 570 570 570 573 573 573 573 572 572 572 572 574 574 574 574 572 572 572 572 573 573 573 573 575 575 575 575 574 574 574 574 573 573 573 573 576 576 576 576 574 574 574 574 575 575 575 575 577 577 577 577 576 576 576 576 575 575 575 575 576 576 576 576 577 577 577 577 578 578 578 578 577 577 577 577 579 579 579 579 578 578 578 578 578 578 578 578 579 579 579 579 580 580 580 580 581 581 581 581 578 578 578 578 580 580 580 580 582 582 582 582 583 583 583 583 584 584 584 584 585 585 585 585 582 582 582 582 584 584 584 584 585 585 585 585 584 584 584 584 586 586 586 586 587 587 587 587 585 585 585 585 586 586 586 586 588 588 588 588 587 587 587 587 586 586 586 586 589 589 589 589 588 588 588 588 586 586 586 586 588 588 588 588 589 589 589 589 590 590 590 590 591 591 591 591 588 588 588 588 590 590 590 590 591 591 591 591 590 590 590 590 592 592 592 592 593 593 593 593 591 591 591 591 592 592 592 592 593 593 593 593 592 592 592 592 594 594 594 594 592 592 592 592 595 595 595 595 594 594 594 594 594 594 594 594 595 595 595 595 596 596 596 596 597 597 597 597 594 594 594 594 596 596 596 596 597 597 597 597 596 596 596 596 598 598 598 598 599 599 599 599 597 597 597 597 598 598 598 598 599 599 599 599 598 598 598 598 600 600 600 600 598 598 598 598 601 601 601 601 600 600 600 600 602 602 602 602 600 600 600 600 601 601 601 601 603 603 603 603 602 602 602 602 601 601 601 601 602 602 602 602 603 603 603 603 604 604 604 604 603 603 603 603 605 605 605 605 604 604 604 604 606 606 606 606 607 607 607 607 608 608 608 608 609 609 609 609 606 606 606 606 608 608 608 608 609 609 609 609 608 608 608 608 610 610 610 610 611 611 611 611 609 609 609 609 610 610 610 610 611 611 611 611 610 610 610 610 612 612 612 612 613 613 613 613 611 611 611 611 612 612 612 612 613 613 613 613 612 612 612 612 614 614 614 614 615 615 615 615 613 613 613 613 614 614 614 614 616 616 616 616 615 615 615 615 614 614 614 614 617 617 617 617 616 616 616 616 614 614 614 614 616 616 616 616 617 617 617 617 618 618 618 618 619 619 619 619 616 616 616 616 618 618 618 618 619 619 619 619 618 618 618 618 620 620 620 620 621 621 621 621 619 619 619 619 620 620 620 620 622 622 622 622 621 621 621 621 620 620 620 620 623 623 623 623 622 622 622 622 620 620 620 620 623 623 623 623 624 624 624 624 622 622 622 622 624 624 624 624 625 625 625 625 622 622 622 622 625 625 625 625 624 624 624 624 626 626 626 626 624 624 624 624 627 627 627 627 626 626 626 626 628 628 628 628 629 629 629 629 630 630 630 630 631 631 631 631 628 628 628 628 630 630 630 630 632 632 632 632 628 628 628 628 631 631 631 631 633 633 633 633 632 632 632 632 631 631 631 631 632 632 632 632 633 633 633 633 634 634 634 634 635 635 635 635 632 632 632 632 634 634 634 634 635 635 635 635 634 634 634 634 636 636 636 636 634 634 634 634 637 637 637 637 636 636 636 636 638 638 638 638 639 639 639 639 640 640 640 640 641 641 641 641 638 638 638 638 640 640 640 640 642 642 642 642 638 638 638 638 641 641 641 641 643 643 643 643 642 642 642 642 641 641 641 641 643 643 643 643 644 644 644 644 642 642 642 642 644 644 644 644 645 645 645 645 642 642 642 642 645 645 645 645 644 644 644 644 646 646 646 646 644 644 644 644 647 647 647 647 646 646 646 646 648 648 648 648 649 649 649 649 650 650 650 650 651 651 651 651 648 648 648 648 650 650 650 650 652 652 652 652 648 648 648 648 651 651 651 651 653 653 653 653 652 652 652 652 651 651 651 651 653 653 653 653 654 654 654 654 652 652 652 652 654 654 654 654 655 655 655 655 652 652 652 652 656 656 656 656 657 657 657 657 658 658 658 658 659 659 659 659 656 656 656 656 658 658 658 658 660 660 660 660 656 656 656 656 659 659 659 659 661 661 661 661 660 660 660 660 659 659 659 659 661 661 661 661 662 662 662 662 660 660 660 660 662 662 662 662 663 663 663 663 660 660 660 660 664 664 664 664 665 665 665 665 666 666 666 666 667 667 667 667 664 664 664 664 666 666 666 666 668 668 668 668 664 664 664 664 667 667 667 667 669 669 669 669 668 668 668 668 667 667 667 667 669 669 669 669 670 670 670 670 668 668 668 668 670 670 670 670 671 671 671 671 668 668 668 668 672 672 672 672 673 673 673 673 674 674 674 674 675 675 675 675 672 672 672 672 674 674 674 674 676 676 676 676 672 672 672 672 675 675 675 675 677 677 677 677 676 676 676 676 675 675 675 675 677 677 677 677 678 678 678 678 676 676 676 676 678 678 678 678 679 679 679 679 676 676 676 676 680 680 680 680 681 681 681 681 682 682 682 682 683 683 683 683 680 680 680 680 682 682 682 682 684 684 684 684 680 680 680 680 683 683 683 683 685 685 685 685 684 684 684 684 683 683 683 683 686 686 686 686 684 684 684 684 685 685 685 685 687 687 687 687 686 686 686 686 685 685 685 685 687 687 687 687 688 688 688 688 686 686 686 686 688 688 688 688 689 689 689 689 686 686 686 686 689 689 689 689 688 688 688 688 690 690 690 690 688 688 688 688 691 691 691 691 690 690 690 690 692 692 692 692 690 690 690 690 691 691 691 691 693 693 693 693 692 692 692 692 691 691 691 691 693 693 693 693 694 694 694 694 692 692 692 692 694 694 694 694 695 695 695 695 692 692 692 692 694 694 694 694 696 696 696 696 695 695 695 695 696 696 696 696 697 697 697 697 695 695 695 695 697 697 697 697 696 696 696 696 698 698 698 698 696 696 696 696 699 699 699 699 698 698 698 698 699 699 699 699 700 700 700 700 698 698 698 698 700 700 700 700 701 701 701 701 698 698 698 698 702 702 702 702 703 703 703 703 704 704 704 704 705 705 705 705 702 702 702 702 704 704 704 704 706 706 706 706 702 702 702 702 705 705 705 705 707 707 707 707 706 706 706 706 705 705 705 705 708 708 708 708 706 706 706 706 707 707 707 707 709 709 709 709 708 708 708 708 707 707 707 707 710 710 710 710 708 708 708 708 709 709 709 709 711 711 711 711 710 710 710 710 709 709 709 709 710 710 710 710 711 711 711 711 712 712 712 712 713 713 713 713 710 710 710 710 712 712 712 712 714 714 714 714 713 713 713 713 712 712 712 712 715 715 715 715 714 714 714 714 712 712 712 712 716 716 716 716 714 714 714 714 715 715 715 715 717 717 717 717 716 716 716 716 715 715 715 715 716 716 716 716 717 717 717 717 718 718 718 718 719 719 719 719 716 716 716 716 718 718 718 718 719 719 719 719 718 718 718 718 720 720 720 720 718 718 718 718 721 721 721 721 720 720 720 720 721 721 721 721 722 722 722 722 720 720 720 720 722 722 722 722 723 723 723 723 720 720 720 720 724 724 724 724 725 725 725 725 726 726 726 726 725 725 725 725 727 727 727 727 726 726 726 726 727 727 727 727 725 725 725 725 728 728 728 728 725 725 725 725 729 729 729 729 728 728 728 728 728 728 728 728 729 729 729 729 730 730 730 730 729 729 729 729 731 731 731 731 730 730 730 730 730 730 730 730 731 731 731 731 732 732 732 732 733 733 733 733 730 730 730 730 732 732 732 732 733 733 733 733 732 732 732 732 734 734 734 734 735 735 735 735 733 733 733 733 734 734 734 734 736 736 736 736 735 735 735 735 734 734 734 734 737 737 737 737 736 736 736 736 734 734 734 734 737 737 737 737 738 738 738 738 736 736 736 736 738 738 738 738 739 739 739 739 736 736 736 736 740 740 740 740 741 741 741 741 742 742 742 742 743 743 743 743 740 740 740 740 742 742 742 742 743 743 743 743 744 744 744 744 740 740 740 740 744 744 744 744 745 745 745 745 740 740 740 740 746 746 746 746 747 747 747 747 748 748 748 748 747 747 747 747 749 749 749 749 748 748 748 748 749 749 749 749 747 747 747 747 750 750 750 750 747 747 747 747 751 751 751 751 750 750 750 750 751 751 751 751 752 752 752 752 750 750 750 750 752 752 752 752 753 753 753 753 750 750 750 750 754 754 754 754 755 755 755 755 756 756 756 756 757 757 757 757 754 754 754 754 756 756 756 756 754 754 754 754 757 757 757 757 758 758 758 758 759 759 759 759 754 754 754 754 758 758 758 758 760 760 760 760 761 761 761 761 762 762 762 762 763 763 763 763 760 760 760 760 762 762 762 762 760 760 760 760 763 763 763 763 764 764 764 764 765 765 765 765 760 760 760 760 764 764 764 764 766 766 766 766 767 767 767 767 768 768 768 768 769 769 769 769 766 766 766 766 768 768 768 768 770 770 770 770 769 769 769 769 768 768 768 768 771 771 771 771 770 770 770 770 768 768 768 768 772 772 772 772 773 773 773 773 774 774 774 774 775 775 775 775 772 772 772 772 774 774 774 774 776 776 776 776 775 775 775 775 774 774 774 774 777 777 777 777 776 776 776 776 774 774 774 774 778 778 778 778 779 779 779 779 780 780 780 780 781 781 781 781 778 778 778 778 780 780 780 780 778 778 778 778 781 781 781 781 782 782 782 782 783 783 783 783 778 778 778 778 782 782 782 782 784 784 784 784 785 785 785 785 786 786 786 786 787 787 787 787 784 784 784 784 786 786 786 786 788 788 788 788 787 787 787 787 786 786 786 786 789 789 789 789 788 788 788 788 786 786 786 786 789 789 789 789 790 790 790 790 788 788 788 788 790 790 790 790 791 791 791 791 788 788 788 788 792 792 792 792 793 793 793 793 794 794 794 794 793 793 793 793 795 795 795 795 794 794 794 794 795 795 795 795 793 793 793 793 796 796 796 796 793 793 793 793 797 797 797 797 796 796 796 796 797 797 797 797 798 798 798 798 796 796 796 796 798 798 798 798 799 799 799 799 796 796 796 796 800 800 800 800 801 801 801 801 802 802 802 802 801 801 801 801 803 803 803 803 802 802 802 802 803 803 803 803 801 801 801 801 804 804 804 804 801 801 801 801 805 805 805 805 804 804 804 804 805 805 805 805 806 806 806 806 804 804 804 804 806 806 806 806 807 807 807 807 804 804 804 804 808 808 808 808 809 809 809 809 810 810 810 810 809 809 809 809 811 811 811 811 810 810 810 810 810 810 810 810 811 811 811 811 812 812 812 812 810 810 810 810 812 812 812 812 813 813 813 813 812 812 812 812 814 814 814 814 813 813 813 813 814 814 814 814 815 815 815 815 813 813 813 813 815 815 815 815 816 816 816 816 813 813 813 813 815 815 815 815 817 817 817 817 816 816 816 816 817 817 817 817 818 818 818 818 816 816 816 816 817 817 817 817 819 819 819 819 818 818 818 818 819 819 819 819 820 820 820 820 818 818 818 818 821 821 821 821 819 819 819 819 817 817 817 817 822 822 822 822 821 821 821 821 823 823 823 823 823 823 823 823 824 824 824 824 822 822 822 822 821 821 821 821 822 822 822 822 825 825 825 825 821 821 821 821 825 825 825 825 826 826 826 826 826 826 826 826 825 825 825 825 827 827 827 827 824 824 824 824 828 828 828 828 822 822 822 822 824 824 824 824 829 829 829 829 828 828 828 828 822 822 822 822 830 830 830 830 825 825 825 825 822 822 822 822 828 828 828 828 830 830 830 830 825 825 825 825 831 831 831 831 827 827 827 827 831 831 831 831 825 825 825 825 830 830 830 830 827 827 827 827 831 831 831 831 832 832 832 832 828 828 828 828 833 833 833 833 830 830 830 830 830 830 830 830 833 833 833 833 831 831 831 831 829 829 829 829 834 834 834 834 828 828 828 828 828 828 828 828 834 834 834 834 833 833 833 833 829 829 829 829 835 835 835 835 834 834 834 834 835 835 835 835 836 836 836 836 834 834 834 834 837 837 837 837 838 838 838 838 836 836 836 836 838 838 838 838 834 834 834 834 836 836 836 836 834 834 834 834 838 838 838 838 839 839 839 839 834 834 834 834 839 839 839 839 833 833 833 833 838 838 838 838 840 840 840 840 839 839 839 839 833 833 833 833 839 839 839 839 841 841 841 841 833 833 833 833 841 841 841 841 831 831 831 831 839 839 839 839 840 840 840 840 842 842 842 842 839 839 839 839 842 842 842 842 841 841 841 841 840 840 840 840 843 843 843 843 842 842 842 842 843 843 843 843 844 844 844 844 842 842 842 842 842 842 842 842 845 845 845 845 841 841 841 841 844 844 844 844 845 845 845 845 842 842 842 842 841 841 841 841 846 846 846 846 831 831 831 831 845 845 845 845 846 846 846 846 841 841 841 841 845 845 845 845 844 844 844 844 847 847 847 847 845 845 845 845 847 847 847 847 846 846 846 846 844 844 844 844 848 848 848 848 847 847 847 847 848 848 848 848 849 849 849 849 847 847 847 847 846 846 846 846 850 850 850 850 831 831 831 831 831 831 831 831 850 850 850 850 832 832 832 832 847 847 847 847 851 851 851 851 846 846 846 846 846 846 846 846 851 851 851 851 850 850 850 850 850 850 850 850 852 852 852 852 832 832 832 832 851 851 851 851 852 852 852 852 850 850 850 850 852 852 852 852 853 853 853 853 832 832 832 832 851 851 851 851 847 847 847 847 854 854 854 854 849 849 849 849 854 854 854 854 847 847 847 847 851 851 851 851 855 855 855 855 852 852 852 852 855 855 855 855 851 851 851 851 854 854 854 854 852 852 852 852 856 856 856 856 853 853 853 853 855 855 855 855 856 856 856 856 852 852 852 852 856 856 856 856 857 857 857 857 853 853 853 853 857 857 857 857 856 856 856 856 858 858 858 858 854 854 854 854 849 849 849 849 859 859 859 859 849 849 849 849 860 860 860 860 859 859 859 859 860 860 860 860 861 861 861 861 859 859 859 859 862 862 862 862 854 854 854 854 859 859 859 859 855 855 855 855 854 854 854 854 862 862 862 862 861 861 861 861 863 863 863 863 859 859 859 859 859 859 859 859 863 863 863 863 862 862 862 862 864 864 864 864 863 863 863 863 861 861 861 861 865 865 865 865 864 864 864 864 861 861 861 861 863 863 863 863 866 866 866 866 862 862 862 862 866 866 866 866 863 863 863 863 864 864 864 864 867 867 867 867 855 855 855 855 862 862 862 862 855 855 855 855 867 867 867 867 856 856 856 856 866 866 866 866 868 868 868 868 862 862 862 862 868 868 868 868 867 867 867 867 862 862 862 862 867 867 867 867 869 869 869 869 856 856 856 856 856 856 856 856 869 869 869 869 858 858 858 858 870 870 870 870 869 869 869 869 867 867 867 867 869 869 869 869 870 870 870 870 858 858 858 858 868 868 868 868 870 870 870 870 867 867 867 867 870 870 870 870 871 871 871 871 858 858 858 858 872 872 872 872 870 870 870 870 868 868 868 868 873 873 873 873 858 858 858 858 871 871 871 871 858 858 858 858 873 873 873 873 874 874 874 874 875 875 875 875 871 871 871 871 870 870 870 870 872 872 872 872 875 875 875 875 870 870 870 870 876 876 876 876 873 873 873 873 871 871 871 871 876 876 876 876 871 871 871 871 875 875 875 875 877 877 877 877 872 872 872 872 868 868 868 868 877 877 877 877 868 868 868 868 866 866 866 866 878 878 878 878 872 872 872 872 877 877 877 877 872 872 872 872 878 878 878 878 875 875 875 875 879 879 879 879 877 877 877 877 866 866 866 866 879 879 879 879 866 866 866 866 864 864 864 864 880 880 880 880 877 877 877 877 879 879 879 879 880 880 880 880 878 878 878 878 877 877 877 877 879 879 879 879 864 864 864 864 881 881 881 881 881 881 881 881 880 880 880 880 879 879 879 879 864 864 864 864 882 882 882 882 881 881 881 881 882 882 882 882 864 864 864 864 865 865 865 865 883 883 883 883 882 882 882 882 865 865 865 865 883 883 883 883 884 884 884 884 882 882 882 882 884 884 884 884 885 885 885 885 882 882 882 882 881 881 881 881 882 882 882 882 885 885 885 885 884 884 884 884 886 886 886 886 885 885 885 885 881 881 881 881 887 887 887 887 880 880 880 880 887 887 887 887 881 881 881 881 885 885 885 885 886 886 886 886 888 888 888 888 885 885 885 885 887 887 887 887 885 885 885 885 888 888 888 888 886 886 886 886 889 889 889 889 888 888 888 888 887 887 887 887 890 890 890 890 880 880 880 880 880 880 880 880 890 890 890 890 878 878 878 878 891 891 891 891 887 887 887 887 888 888 888 888 887 887 887 887 891 891 891 891 890 890 890 890 889 889 889 889 892 892 892 892 888 888 888 888 889 889 889 889 893 893 893 893 892 892 892 892 891 891 891 891 888 888 888 888 894 894 894 894 888 888 888 888 892 892 892 892 894 894 894 894 891 891 891 891 895 895 895 895 890 890 890 890 891 891 891 891 894 894 894 894 895 895 895 895 893 893 893 893 896 896 896 896 892 892 892 892 893 893 893 893 897 897 897 897 896 896 896 896 898 898 898 898 894 894 894 894 892 892 892 892 896 896 896 896 898 898 898 898 892 892 892 892 897 897 897 897 899 899 899 899 896 896 896 896 897 897 897 897 900 900 900 900 899 899 899 899 896 896 896 896 901 901 901 901 898 898 898 898 896 896 896 896 899 899 899 899 901 901 901 901 900 900 900 900 902 902 902 902 899 899 899 899 900 900 900 900 903 903 903 903 902 902 902 902 904 904 904 904 901 901 901 901 899 899 899 899 902 902 902 902 904 904 904 904 899 899 899 899 903 903 903 903 905 905 905 905 902 902 902 902 903 903 903 903 906 906 906 906 905 905 905 905 907 907 907 907 904 904 904 904 902 902 902 902 905 905 905 905 907 907 907 907 902 902 902 902 906 906 906 906 908 908 908 908 905 905 905 905 906 906 906 906 909 909 909 909 908 908 908 908 910 910 910 910 907 907 907 907 905 905 905 905 908 908 908 908 910 910 910 910 905 905 905 905 909 909 909 909 911 911 911 911 908 908 908 908 909 909 909 909 912 912 912 912 911 911 911 911 913 913 913 913 910 910 910 910 908 908 908 908 911 911 911 911 913 913 913 913 908 908 908 908 910 910 910 910 914 914 914 914 907 907 907 907 910 910 910 910 913 913 913 913 914 914 914 914 912 912 912 912 915 915 915 915 911 911 911 911 912 912 912 912 916 916 916 916 915 915 915 915 917 917 917 917 913 913 913 913 911 911 911 911 915 915 915 915 917 917 917 917 911 911 911 911 916 916 916 916 918 918 918 918 915 915 915 915 916 916 916 916 919 919 919 919 918 918 918 918 920 920 920 920 917 917 917 917 915 915 915 915 918 918 918 918 920 920 920 920 915 915 915 915 913 913 913 913 917 917 917 917 921 921 921 921 913 913 913 913 921 921 921 921 914 914 914 914 919 919 919 919 922 922 922 922 918 918 918 918 918 918 918 918 922 922 922 922 920 920 920 920 922 922 922 922 919 919 919 919 923 923 923 923 919 919 919 919 924 924 924 924 923 923 923 923 923 923 923 923 924 924 924 924 925 925 925 925 922 922 922 922 926 926 926 926 920 920 920 920 926 926 926 926 922 922 922 922 923 923 923 923 917 917 917 917 920 920 920 920 927 927 927 927 917 917 917 917 927 927 927 927 921 921 921 921 926 926 926 926 928 928 928 928 920 920 920 920 920 920 920 920 928 928 928 928 927 927 927 927 929 929 929 929 923 923 923 923 925 925 925 925 929 929 929 929 925 925 925 925 930 930 930 930 931 931 931 931 926 926 926 926 923 923 923 923 932 932 932 932 929 929 929 929 930 930 930 930 932 932 932 932 930 930 930 930 933 933 933 933 923 923 923 923 929 929 929 929 934 934 934 934 931 931 931 931 923 923 923 923 934 934 934 934 929 929 929 929 932 932 932 932 935 935 935 935 934 934 934 934 929 929 929 929 935 935 935 935 936 936 936 936 932 932 932 932 933 933 933 933 935 935 935 935 932 932 932 932 936 936 936 936 936 936 936 936 933 933 933 933 937 937 937 937 934 934 934 934 935 935 935 935 938 938 938 938 939 939 939 939 936 936 936 936 937 937 937 937 939 939 939 939 937 937 937 937 940 940 940 940 941 941 941 941 935 935 935 935 936 936 936 936 938 938 938 938 935 935 935 935 941 941 941 941 936 936 936 936 939 939 939 939 942 942 942 942 941 941 941 941 936 936 936 936 942 942 942 942 943 943 943 943 939 939 939 939 940 940 940 940 940 940 940 940 944 944 944 944 945 945 945 945 943 943 943 943 940 940 940 940 945 945 945 945 939 939 939 939 943 943 943 943 946 946 946 946 946 946 946 946 943 943 943 943 945 945 945 945 942 942 942 942 939 939 939 939 946 946 946 946 947 947 947 947 946 946 946 946 945 945 945 945 948 948 948 948 946 946 946 946 947 947 947 947 942 942 942 942 946 946 946 946 948 948 948 948 949 949 949 949 948 948 948 948 947 947 947 947 950 950 950 950 942 942 942 942 948 948 948 948 941 941 941 941 942 942 942 942 950 950 950 950 951 951 951 951 948 948 948 948 949 949 949 949 950 950 950 950 948 948 948 948 951 951 951 951 952 952 952 952 951 951 951 951 949 949 949 949 951 951 951 951 952 952 952 952 953 953 953 953 954 954 954 954 951 951 951 951 953 953 953 953 954 954 954 954 955 955 955 955 951 951 951 951 956 956 956 956 950 950 950 950 951 951 951 951 955 955 955 955 956 956 956 956 951 951 951 951 957 957 957 957 941 941 941 941 950 950 950 950 957 957 957 957 950 950 950 950 956 956 956 956 957 957 957 957 938 938 938 938 941 941 941 941 958 958 958 958 956 956 956 956 955 955 955 955 958 958 958 958 957 957 957 957 956 956 956 956 959 959 959 959 958 958 958 958 955 955 955 955 958 958 958 958 960 960 960 960 957 957 957 957 960 960 960 960 958 958 958 958 959 959 959 959 960 960 960 960 938 938 938 938 957 957 957 957 961 961 961 961 960 960 960 960 959 959 959 959 961 961 961 961 962 962 962 962 960 960 960 960 963 963 963 963 938 938 938 938 960 960 960 960 963 963 963 963 934 934 934 934 938 938 938 938 931 931 931 931 934 934 934 934 963 963 963 963 962 962 962 962 964 964 964 964 960 960 960 960 964 964 964 964 963 963 963 963 960 960 960 960 965 965 965 965 931 931 931 931 963 963 963 963 965 965 965 965 963 963 963 963 964 964 964 964 926 926 926 926 931 931 931 931 965 965 965 965 966 966 966 966 964 964 964 964 962 962 962 962 966 966 966 966 965 965 965 965 964 964 964 964 967 967 967 967 966 966 966 966 962 962 962 962 968 968 968 968 926 926 926 926 965 965 965 965 968 968 968 968 965 965 965 965 966 966 966 966 926 926 926 926 968 968 968 968 928 928 928 928 969 969 969 969 966 966 966 966 967 967 967 967 969 969 969 969 968 968 968 968 966 966 966 966 970 970 970 970 969 969 969 969 967 967 967 967 969 969 969 969 970 970 970 970 971 971 971 971 968 968 968 968 972 972 972 972 928 928 928 928 928 928 928 928 972 972 972 972 927 927 927 927 968 968 968 968 969 969 969 969 973 973 973 973 973 973 973 973 969 969 969 969 971 971 971 971 972 972 972 972 968 968 968 968 973 973 973 973 973 973 973 973 971 971 971 971 974 974 974 974 972 972 972 972 975 975 975 975 927 927 927 927 972 972 972 972 973 973 973 973 975 975 975 975 976 976 976 976 973 973 973 973 974 974 974 974 973 973 973 973 976 976 976 976 975 975 975 975 976 976 976 976 974 974 974 974 977 977 977 977 927 927 927 927 975 975 975 975 978 978 978 978 921 921 921 921 927 927 927 927 978 978 978 978 975 975 975 975 976 976 976 976 979 979 979 979 979 979 979 979 976 976 976 976 977 977 977 977 978 978 978 978 975 975 975 975 979 979 979 979 979 979 979 979 977 977 977 977 980 980 980 980 978 978 978 978 979 979 979 979 980 980 980 980 977 977 977 977 981 981 981 981 980 980 980 980 980 980 980 980 981 981 981 981 982 982 982 982 921 921 921 921 978 978 978 978 983 983 983 983 983 983 983 983 978 978 978 978 980 980 980 980 914 914 914 914 921 921 921 921 983 983 983 983 984 984 984 984 980 980 980 980 982 982 982 982 983 983 983 983 980 980 980 980 984 984 984 984 984 984 984 984 982 982 982 982 985 985 985 985 914 914 914 914 983 983 983 983 986 986 986 986 914 914 914 914 986 986 986 986 907 907 907 907 907 907 907 907 986 986 986 986 904 904 904 904 983 983 983 983 987 987 987 987 986 986 986 986 987 987 987 987 983 983 983 983 984 984 984 984 986 986 986 986 988 988 988 988 904 904 904 904 986 986 986 986 987 987 987 987 988 988 988 988 904 904 904 904 988 988 988 988 901 901 901 901 987 987 987 987 984 984 984 984 989 989 989 989 987 987 987 987 989 989 989 989 988 988 988 988 988 988 988 988 990 990 990 990 901 901 901 901 988 988 988 988 989 989 989 989 990 990 990 990 901 901 901 901 990 990 990 990 898 898 898 898 984 984 984 984 991 991 991 991 989 989 989 989 991 991 991 991 984 984 984 984 985 985 985 985 989 989 989 989 992 992 992 992 990 990 990 990 989 989 989 989 991 991 991 991 992 992 992 992 990 990 990 990 992 992 992 992 898 898 898 898 991 991 991 991 985 985 985 985 993 993 993 993 991 991 991 991 993 993 993 993 992 992 992 992 985 985 985 985 994 994 994 994 993 993 993 993 993 993 993 993 994 994 994 994 995 995 995 995 992 992 992 992 996 996 996 996 898 898 898 898 992 992 992 992 993 993 993 993 996 996 996 996 898 898 898 898 996 996 996 996 997 997 997 997 894 894 894 894 898 898 898 898 997 997 997 997 894 894 894 894 997 997 997 997 895 895 895 895 993 993 993 993 998 998 998 998 996 996 996 996 998 998 998 998 993 993 993 993 995 995 995 995 997 997 997 997 996 996 996 996 999 999 999 999 996 996 996 996 998 998 998 998 999 999 999 999 895 895 895 895 997 997 997 997 1000 1000 1000 1000 997 997 997 997 999 999 999 999 1000 1000 1000 1000 895 895 895 895 1000 1000 1000 1000 1001 1001 1001 1001 890 890 890 890 895 895 895 895 1001 1001 1001 1001 890 890 890 890 1001 1001 1001 1001 878 878 878 878 1000 1000 1000 1000 999 999 999 999 1002 1002 1002 1002 1000 1000 1000 1000 1002 1002 1002 1002 1001 1001 1001 1001 999 999 999 999 998 998 998 998 1003 1003 1003 1003 999 999 999 999 1003 1003 1003 1003 1002 1002 1002 1002 998 998 998 998 995 995 995 995 1003 1003 1003 1003 878 878 878 878 1001 1001 1001 1001 1004 1004 1004 1004 878 878 878 878 1004 1004 1004 1004 875 875 875 875 1002 1002 1002 1002 1005 1005 1005 1005 1001 1001 1001 1001 1001 1001 1001 1001 1005 1005 1005 1005 1004 1004 1004 1004 875 875 875 875 1004 1004 1004 1004 1006 1006 1006 1006 1006 1006 1006 1006 1004 1004 1004 1004 1005 1005 1005 1005 1005 1005 1005 1005 1002 1002 1002 1002 1007 1007 1007 1007 1007 1007 1007 1007 1002 1002 1002 1002 1003 1003 1003 1003 1008 1008 1008 1008 1006 1006 1006 1006 1005 1005 1005 1005 1008 1008 1008 1008 1005 1005 1005 1005 1007 1007 1007 1007 1009 1009 1009 1009 875 875 875 875 1006 1006 1006 1006 1009 1009 1009 1009 876 876 876 876 875 875 875 875 1006 1006 1006 1006 1008 1008 1008 1008 1010 1010 1010 1010 1008 1008 1008 1008 1007 1007 1007 1007 1010 1010 1010 1010 1009 1009 1009 1009 1006 1006 1006 1006 1011 1011 1011 1011 1011 1011 1011 1011 1006 1006 1006 1006 1010 1010 1010 1010 876 876 876 876 1009 1009 1009 1009 1012 1012 1012 1012 1013 1013 1013 1013 1009 1009 1009 1009 1011 1011 1011 1011 1009 1009 1009 1009 1013 1013 1013 1013 1012 1012 1012 1012 1014 1014 1014 1014 1011 1011 1011 1011 1010 1010 1010 1010 1013 1013 1013 1013 1011 1011 1011 1011 1014 1014 1014 1014 876 876 876 876 1012 1012 1012 1012 1015 1015 1015 1015 873 873 873 873 876 876 876 876 1015 1015 1015 1015 1016 1016 1016 1016 1012 1012 1012 1012 1013 1013 1013 1013 873 873 873 873 1015 1015 1015 1015 1017 1017 1017 1017 873 873 873 873 1017 1017 1017 1017 874 874 874 874 1015 1015 1015 1015 1012 1012 1012 1012 1018 1018 1018 1018 1015 1015 1015 1015 1018 1018 1018 1018 1017 1017 1017 1017 1012 1012 1012 1012 1016 1016 1016 1016 1018 1018 1018 1018 1017 1017 1017 1017 1019 1019 1019 1019 874 874 874 874 1017 1017 1017 1017 1018 1018 1018 1018 1019 1019 1019 1019 1019 1019 1019 1019 1020 1020 1020 1020 874 874 874 874 1018 1018 1018 1018 1016 1016 1016 1016 1021 1021 1021 1021 1018 1018 1018 1018 1021 1021 1021 1021 1019 1019 1019 1019 1022 1022 1022 1022 1016 1016 1016 1016 1013 1013 1013 1013 1022 1022 1022 1022 1013 1013 1013 1013 1014 1014 1014 1014 1016 1016 1016 1016 1023 1023 1023 1023 1021 1021 1021 1021 1023 1023 1023 1023 1016 1016 1016 1016 1022 1022 1022 1022 1019 1019 1019 1019 1021 1021 1021 1021 1024 1024 1024 1024 1025 1025 1025 1025 1023 1023 1023 1023 1022 1022 1022 1022 1019 1019 1019 1019 1026 1026 1026 1026 1020 1020 1020 1020 1026 1026 1026 1026 1019 1019 1019 1019 1024 1024 1024 1024 1026 1026 1026 1026 1027 1027 1027 1027 1020 1020 1020 1020 1027 1027 1027 1027 1026 1026 1026 1026 1028 1028 1028 1028 1029 1029 1029 1029 1024 1024 1024 1024 1021 1021 1021 1021 1023 1023 1023 1023 1029 1029 1029 1029 1021 1021 1021 1021 1026 1026 1026 1026 1024 1024 1024 1024 1030 1030 1030 1030 1024 1024 1024 1024 1029 1029 1029 1029 1030 1030 1030 1030 1026 1026 1026 1026 1031 1031 1031 1031 1028 1028 1028 1028 1031 1031 1031 1031 1026 1026 1026 1026 1030 1030 1030 1030 1028 1028 1028 1028 1031 1031 1031 1031 1032 1032 1032 1032 1029 1029 1029 1029 1023 1023 1023 1023 1033 1033 1033 1033 1023 1023 1023 1023 1025 1025 1025 1025 1033 1033 1033 1033 1031 1031 1031 1031 1034 1034 1034 1034 1032 1032 1032 1032 1031 1031 1031 1031 1030 1030 1030 1030 1034 1034 1034 1034 1034 1034 1034 1034 1035 1035 1035 1035 1032 1032 1032 1032 1035 1035 1035 1035 1036 1036 1036 1036 1032 1032 1032 1032 1030 1030 1030 1030 1037 1037 1037 1037 1034 1034 1034 1034 1035 1035 1035 1035 1038 1038 1038 1038 1036 1036 1036 1036 1038 1038 1038 1038 1039 1039 1039 1039 1036 1036 1036 1036 1035 1035 1035 1035 1034 1034 1034 1034 1040 1040 1040 1040 1034 1034 1034 1034 1037 1037 1037 1037 1040 1040 1040 1040 1038 1038 1038 1038 1035 1035 1035 1035 1041 1041 1041 1041 1035 1035 1035 1035 1040 1040 1040 1040 1041 1041 1041 1041 1038 1038 1038 1038 1042 1042 1042 1042 1039 1039 1039 1039 1042 1042 1042 1042 1043 1043 1043 1043 1039 1039 1039 1039 1043 1043 1043 1043 1042 1042 1042 1042 1044 1044 1044 1044 1042 1042 1042 1042 1038 1038 1038 1038 1045 1045 1045 1045 1038 1038 1038 1038 1041 1041 1041 1041 1045 1045 1045 1045 1042 1042 1042 1042 1046 1046 1046 1046 1044 1044 1044 1044 1042 1042 1042 1042 1045 1045 1045 1045 1046 1046 1046 1046 1044 1044 1044 1044 1046 1046 1046 1046 1047 1047 1047 1047 1041 1041 1041 1041 1048 1048 1048 1048 1045 1045 1045 1045 1045 1045 1045 1045 1049 1049 1049 1049 1046 1046 1046 1046 1048 1048 1048 1048 1049 1049 1049 1049 1045 1045 1045 1045 1046 1046 1046 1046 1050 1050 1050 1050 1047 1047 1047 1047 1046 1046 1046 1046 1049 1049 1049 1049 1050 1050 1050 1050 1049 1049 1049 1049 1048 1048 1048 1048 1051 1051 1051 1051 1049 1049 1049 1049 1051 1051 1051 1051 1050 1050 1050 1050 1052 1052 1052 1052 1048 1048 1048 1048 1041 1041 1041 1041 1040 1040 1040 1040 1052 1052 1052 1052 1041 1041 1041 1041 1052 1052 1052 1052 1040 1040 1040 1040 1037 1037 1037 1037 1048 1048 1048 1048 1053 1053 1053 1053 1051 1051 1051 1051 1048 1048 1048 1048 1052 1052 1052 1052 1053 1053 1053 1053 1050 1050 1050 1050 1051 1051 1051 1051 1054 1054 1054 1054 1050 1050 1050 1050 1055 1055 1055 1055 1047 1047 1047 1047 1055 1055 1055 1055 1050 1050 1050 1050 1054 1054 1054 1054 1055 1055 1055 1055 1056 1056 1056 1056 1047 1047 1047 1047 1056 1056 1056 1056 1055 1055 1055 1055 1057 1057 1057 1057 1058 1058 1058 1058 1054 1054 1054 1054 1051 1051 1051 1051 1053 1053 1053 1053 1058 1058 1058 1058 1051 1051 1051 1051 1055 1055 1055 1055 1054 1054 1054 1054 1059 1059 1059 1059 1054 1054 1054 1054 1058 1058 1058 1058 1059 1059 1059 1059 1055 1055 1055 1055 1060 1060 1060 1060 1057 1057 1057 1057 1060 1060 1060 1060 1055 1055 1055 1055 1059 1059 1059 1059 1060 1060 1060 1060 1061 1061 1061 1061 1057 1057 1057 1057 1060 1060 1060 1060 1059 1059 1059 1059 1061 1061 1061 1061 1061 1061 1061 1061 1062 1062 1062 1062 1057 1057 1057 1057 1062 1062 1062 1062 1061 1061 1061 1061 1063 1063 1063 1063 1058 1058 1058 1058 1064 1064 1064 1064 1059 1059 1059 1059 1059 1059 1059 1059 1065 1065 1065 1065 1061 1061 1061 1061 1059 1059 1059 1059 1064 1064 1064 1064 1065 1065 1065 1065 1061 1061 1061 1061 1066 1066 1066 1066 1063 1063 1063 1063 1061 1061 1061 1061 1065 1065 1065 1065 1067 1067 1067 1067 1066 1066 1066 1066 1061 1061 1061 1061 1067 1067 1067 1067 1066 1066 1066 1066 1068 1068 1068 1068 1063 1063 1063 1063 1068 1068 1068 1068 1069 1069 1069 1069 1063 1063 1063 1063 1070 1070 1070 1070 1069 1069 1069 1069 1068 1068 1068 1068 1066 1066 1066 1066 1067 1067 1067 1067 1071 1071 1071 1071 1068 1068 1068 1068 1066 1066 1066 1066 1071 1071 1071 1071 1072 1072 1072 1072 1070 1070 1070 1070 1068 1068 1068 1068 1072 1072 1072 1072 1068 1068 1068 1068 1071 1071 1071 1071 1073 1073 1073 1073 1070 1070 1070 1070 1072 1072 1072 1072 1067 1067 1067 1067 1074 1074 1074 1074 1071 1071 1071 1071 1074 1074 1074 1074 1067 1067 1067 1067 1065 1065 1065 1065 1075 1075 1075 1075 1072 1072 1072 1072 1071 1071 1071 1071 1074 1074 1074 1074 1075 1075 1075 1075 1071 1071 1071 1071 1076 1076 1076 1076 1073 1073 1073 1073 1072 1072 1072 1072 1076 1076 1076 1076 1072 1072 1072 1072 1075 1075 1075 1075 1077 1077 1077 1077 1073 1073 1073 1073 1076 1076 1076 1076 1078 1078 1078 1078 1076 1076 1076 1076 1075 1075 1075 1075 1075 1075 1075 1075 1074 1074 1074 1074 1078 1078 1078 1078 1079 1079 1079 1079 1077 1077 1077 1077 1076 1076 1076 1076 1079 1079 1079 1079 1076 1076 1076 1076 1078 1078 1078 1078 1079 1079 1079 1079 1080 1080 1080 1080 1077 1077 1077 1077 1080 1080 1080 1080 1081 1081 1081 1081 1077 1077 1077 1077 1082 1082 1082 1082 1079 1079 1079 1079 1078 1078 1078 1078 1080 1080 1080 1080 1083 1083 1083 1083 1081 1081 1081 1081 1083 1083 1083 1083 1084 1084 1084 1084 1081 1081 1081 1081 1080 1080 1080 1080 1079 1079 1079 1079 1085 1085 1085 1085 1083 1083 1083 1083 1080 1080 1080 1080 1085 1085 1085 1085 1079 1079 1079 1079 1082 1082 1082 1082 1085 1085 1085 1085 1083 1083 1083 1083 1086 1086 1086 1086 1084 1084 1084 1084 1086 1086 1086 1086 1087 1087 1087 1087 1084 1084 1084 1084 1088 1088 1088 1088 1087 1087 1087 1087 1086 1086 1086 1086 1089 1089 1089 1089 1083 1083 1083 1083 1085 1085 1085 1085 1086 1086 1086 1086 1083 1083 1083 1083 1089 1089 1089 1089 1090 1090 1090 1090 1085 1085 1085 1085 1082 1082 1082 1082 1085 1085 1085 1085 1090 1090 1090 1090 1089 1089 1089 1089 1078 1078 1078 1078 1091 1091 1091 1091 1082 1082 1082 1082 1074 1074 1074 1074 1091 1091 1091 1091 1078 1078 1078 1078 1092 1092 1092 1092 1090 1090 1090 1090 1082 1082 1082 1082 1091 1091 1091 1091 1092 1092 1092 1092 1082 1082 1082 1082 1074 1074 1074 1074 1093 1093 1093 1093 1091 1091 1091 1091 1093 1093 1093 1093 1074 1074 1074 1074 1065 1065 1065 1065 1064 1064 1064 1064 1093 1093 1093 1093 1065 1065 1065 1065 1094 1094 1094 1094 1092 1092 1092 1092 1091 1091 1091 1091 1092 1092 1092 1092 1094 1094 1094 1094 1090 1090 1090 1090 1093 1093 1093 1093 1095 1095 1095 1095 1091 1091 1091 1091 1095 1095 1095 1095 1094 1094 1094 1094 1091 1091 1091 1091 1064 1064 1064 1064 1096 1096 1096 1096 1093 1093 1093 1093 1096 1096 1096 1096 1095 1095 1095 1095 1093 1093 1093 1093 1095 1095 1095 1095 1096 1096 1096 1096 1094 1094 1094 1094 1064 1064 1064 1064 1058 1058 1058 1058 1096 1096 1096 1096 1058 1058 1058 1058 1097 1097 1097 1097 1096 1096 1096 1096 1058 1058 1058 1058 1053 1053 1053 1053 1097 1097 1097 1097 1096 1096 1096 1096 1098 1098 1098 1098 1094 1094 1094 1094 1096 1096 1096 1096 1097 1097 1097 1097 1098 1098 1098 1098 1053 1053 1053 1053 1099 1099 1099 1099 1097 1097 1097 1097 1052 1052 1052 1052 1099 1099 1099 1099 1053 1053 1053 1053 1097 1097 1097 1097 1100 1100 1100 1100 1098 1098 1098 1098 1099 1099 1099 1099 1101 1101 1101 1101 1097 1097 1097 1097 1099 1099 1099 1099 1052 1052 1052 1052 1101 1101 1101 1101 1101 1101 1101 1101 1100 1100 1100 1100 1097 1097 1097 1097 1052 1052 1052 1052 1102 1102 1102 1102 1101 1101 1101 1101 1102 1102 1102 1102 1052 1052 1052 1052 1037 1037 1037 1037 1103 1103 1103 1103 1102 1102 1102 1102 1037 1037 1037 1037 1102 1102 1102 1102 1103 1103 1103 1103 1101 1101 1101 1101 1030 1030 1030 1030 1103 1103 1103 1103 1037 1037 1037 1037 1029 1029 1029 1029 1103 1103 1103 1103 1030 1030 1030 1030 1103 1103 1103 1103 1029 1029 1029 1029 1033 1033 1033 1033 1103 1103 1103 1103 1104 1104 1104 1104 1101 1101 1101 1101 1104 1104 1104 1104 1103 1103 1103 1103 1033 1033 1033 1033 1101 1101 1101 1101 1104 1104 1104 1104 1105 1105 1105 1105 1100 1100 1100 1100 1101 1101 1101 1101 1105 1105 1105 1105 1104 1104 1104 1104 1033 1033 1033 1033 1106 1106 1106 1106 1105 1105 1105 1105 1104 1104 1104 1104 1106 1106 1106 1106 1100 1100 1100 1100 1105 1105 1105 1105 1107 1107 1107 1107 1098 1098 1098 1098 1100 1100 1100 1100 1107 1107 1107 1107 1098 1098 1098 1098 1107 1107 1107 1107 1094 1094 1094 1094 1105 1105 1105 1105 1106 1106 1106 1106 1108 1108 1108 1108 1107 1107 1107 1107 1105 1105 1105 1105 1108 1108 1108 1108 1107 1107 1107 1107 1109 1109 1109 1109 1094 1094 1094 1094 1094 1094 1094 1094 1109 1109 1109 1109 1090 1090 1090 1090 1107 1107 1107 1107 1108 1108 1108 1108 1110 1110 1110 1110 1109 1109 1109 1109 1107 1107 1107 1107 1110 1110 1110 1110 1090 1090 1090 1090 1109 1109 1109 1109 1111 1111 1111 1111 1109 1109 1109 1109 1110 1110 1110 1110 1111 1111 1111 1111 1090 1090 1090 1090 1111 1111 1111 1111 1089 1089 1089 1089 1108 1108 1108 1108 1112 1112 1112 1112 1110 1110 1110 1110 1108 1108 1108 1108 1106 1106 1106 1106 1112 1112 1112 1112 1089 1089 1089 1089 1111 1111 1111 1111 1113 1113 1113 1113 1113 1113 1113 1113 1086 1086 1086 1086 1089 1089 1089 1089 1111 1111 1111 1111 1110 1110 1110 1110 1114 1114 1114 1114 1111 1111 1111 1111 1114 1114 1114 1114 1113 1113 1113 1113 1110 1110 1110 1110 1115 1115 1115 1115 1114 1114 1114 1114 1112 1112 1112 1112 1115 1115 1115 1115 1110 1110 1110 1110 1115 1115 1115 1115 1116 1116 1116 1116 1114 1114 1114 1114 1115 1115 1115 1115 1112 1112 1112 1112 1116 1116 1116 1116 1114 1114 1114 1114 1117 1117 1117 1117 1113 1113 1113 1113 1116 1116 1116 1116 1117 1117 1117 1117 1114 1114 1114 1114 1086 1086 1086 1086 1113 1113 1113 1113 1118 1118 1118 1118 1117 1117 1117 1117 1118 1118 1118 1118 1113 1113 1113 1113 1119 1119 1119 1119 1086 1086 1086 1086 1118 1118 1118 1118 1119 1119 1119 1119 1088 1088 1088 1088 1086 1086 1086 1086 1118 1118 1118 1118 1117 1117 1117 1117 1120 1120 1120 1120 1119 1119 1119 1119 1118 1118 1118 1118 1120 1120 1120 1120 1119 1119 1119 1119 1121 1121 1121 1121 1088 1088 1088 1088 1121 1121 1121 1121 1119 1119 1119 1119 1120 1120 1120 1120 1121 1121 1121 1121 995 995 995 995 1088 1088 1088 1088 1003 1003 1003 1003 995 995 995 995 1121 1121 1121 1121 1122 1122 1122 1122 1003 1003 1003 1003 1121 1121 1121 1121 1122 1122 1122 1122 1121 1121 1121 1121 1120 1120 1120 1120 1122 1122 1122 1122 1007 1007 1007 1007 1003 1003 1003 1003 1123 1123 1123 1123 1122 1122 1122 1122 1120 1120 1120 1120 1007 1007 1007 1007 1122 1122 1122 1122 1123 1123 1123 1123 1117 1117 1117 1117 1123 1123 1123 1123 1120 1120 1120 1120 1124 1124 1124 1124 1007 1007 1007 1007 1123 1123 1123 1123 1124 1124 1124 1124 1123 1123 1123 1123 1117 1117 1117 1117 1116 1116 1116 1116 1124 1124 1124 1124 1117 1117 1117 1117 1007 1007 1007 1007 1124 1124 1124 1124 1010 1010 1010 1010 1116 1116 1116 1116 1125 1125 1125 1125 1124 1124 1124 1124 1125 1125 1125 1125 1010 1010 1010 1010 1124 1124 1124 1124 1112 1112 1112 1112 1125 1125 1125 1125 1116 1116 1116 1116 1125 1125 1125 1125 1014 1014 1014 1014 1010 1010 1010 1010 1112 1112 1112 1112 1126 1126 1126 1126 1125 1125 1125 1125 1126 1126 1126 1126 1014 1014 1014 1014 1125 1125 1125 1125 1106 1106 1106 1106 1126 1126 1126 1126 1112 1112 1112 1112 1022 1022 1022 1022 1014 1014 1014 1014 1126 1126 1126 1126 1106 1106 1106 1106 1033 1033 1033 1033 1126 1126 1126 1126 1025 1025 1025 1025 1022 1022 1022 1022 1126 1126 1126 1126 1033 1033 1033 1033 1025 1025 1025 1025 1126 1126 1126 1126 1127 1127 1127 1127 1128 1128 1128 1128 1129 1129 1129 1129 1130 1130 1130 1130 1127 1127 1127 1127 1129 1129 1129 1129 1129 1129 1129 1129 1131 1131 1131 1131 1130 1130 1130 1130 1127 1127 1127 1127 1130 1130 1130 1130 1132 1132 1132 1132 1131 1131 1131 1131 1133 1133 1133 1133 1130 1130 1130 1130 1130 1130 1130 1130 1134 1134 1134 1134 1132 1132 1132 1132 1133 1133 1133 1133 1131 1131 1131 1131 1135 1135 1135 1135 1131 1131 1131 1131 1136 1136 1136 1136 1135 1135 1135 1135 1135 1135 1135 1135 1137 1137 1137 1137 1133 1133 1133 1133 1137 1137 1137 1137 1138 1138 1138 1138 1133 1133 1133 1133 1138 1138 1138 1138 1137 1137 1137 1137 1139 1139 1139 1139 1137 1137 1137 1137 1140 1140 1140 1140 1139 1139 1139 1139 1138 1138 1138 1138 1139 1139 1139 1139 1134 1134 1134 1134 1139 1139 1139 1139 1141 1141 1141 1141 1134 1134 1134 1134 1132 1132 1132 1132 1134 1134 1134 1134 1141 1141 1141 1141 1142 1142 1142 1142 1132 1132 1132 1132 1141 1141 1141 1141 1143 1143 1143 1143 1144 1144 1144 1144 1145 1145 1145 1145 1144 1144 1144 1144 1146 1146 1146 1146 1145 1145 1145 1145 1146 1146 1146 1146 1144 1144 1144 1144 1147 1147 1147 1147 1145 1145 1145 1145 1146 1146 1146 1146 1147 1147 1147 1147 1148 1148 1148 1148 1145 1145 1145 1145 1147 1147 1147 1147 1149 1149 1149 1149 1150 1150 1150 1150 1151 1151 1151 1151 1150 1150 1150 1150 1152 1152 1152 1152 1151 1151 1151 1151 1152 1152 1152 1152 1150 1150 1150 1150 1153 1153 1153 1153 1151 1151 1151 1151 1152 1152 1152 1152 1153 1153 1153 1153 1154 1154 1154 1154 1151 1151 1151 1151 1153 1153 1153 1153 1155 1155 1155 1155 1156 1156 1156 1156 1157 1157 1157 1157 1156 1156 1156 1156 1158 1158 1158 1158 1157 1157 1157 1157 1158 1158 1158 1158 1156 1156 1156 1156 1159 1159 1159 1159 1157 1157 1157 1157 1158 1158 1158 1158 1159 1159 1159 1159 1160 1160 1160 1160 1157 1157 1157 1157 1159 1159 1159 1159 1161 1161 1161 1161 1162 1162 1162 1162 1163 1163 1163 1163 1162 1162 1162 1162 1164 1164 1164 1164 1163 1163 1163 1163 1164 1164 1164 1164 1162 1162 1162 1162 1165 1165 1165 1165 1163 1163 1163 1163 1164 1164 1164 1164 1165 1165 1165 1165 1166 1166 1166 1166 1163 1163 1163 1163 1165 1165 1165 1165 1167 1167 1167 1167 1168 1168 1168 1168 1169 1169 1169 1169 1168 1168 1168 1168 1170 1170 1170 1170 1169 1169 1169 1169 1170 1170 1170 1170 1168 1168 1168 1168 1171 1171 1171 1171 1169 1169 1169 1169 1170 1170 1170 1170 1171 1171 1171 1171 1172 1172 1172 1172 1169 1169 1169 1169 1171 1171 1171 1171 1173 1173 1173 1173 1174 1174 1174 1174 1175 1175 1175 1175 1174 1174 1174 1174 1176 1176 1176 1176 1175 1175 1175 1175 1176 1176 1176 1176 1174 1174 1174 1174 1177 1177 1177 1177 1175 1175 1175 1175 1176 1176 1176 1176 1177 1177 1177 1177 1178 1178 1178 1178 1175 1175 1175 1175 1177 1177 1177 1177 1179 1179 1179 1179 1180 1180 1180 1180 1181 1181 1181 1181 1180 1180 1180 1180 1182 1182 1182 1182 1181 1181 1181 1181 1182 1182 1182 1182 1180 1180 1180 1180 1183 1183 1183 1183 1181 1181 1181 1181 1182 1182 1182 1182 1183 1183 1183 1183 1184 1184 1184 1184 1181 1181 1181 1181 1183 1183 1183 1183 1185 1185 1185 1185 1186 1186 1186 1186 1187 1187 1187 1187 1186 1186 1186 1186 1188 1188 1188 1188 1187 1187 1187 1187 1188 1188 1188 1188 1186 1186 1186 1186 1189 1189 1189 1189 1187 1187 1187 1187 1188 1188 1188 1188 1189 1189 1189 1189 1190 1190 1190 1190 1187 1187 1187 1187 1189 1189 1189 1189 1191 1191 1191 1191 1192 1192 1192 1192 1193 1193 1193 1193 1194 1194 1194 1194 1191 1191 1191 1191 1193 1193 1193 1193 1193 1193 1193 1193 1192 1192 1192 1192 1195 1195 1195 1195 1194 1194 1194 1194 1193 1193 1193 1193 1196 1196 1196 1196 1197 1197 1197 1197 1194 1194 1194 1194 1196 1196 1196 1196 1197 1197 1197 1197 1196 1196 1196 1196 1198 1198 1198 1198 1196 1196 1196 1196 1199 1199 1199 1199 1198 1198 1198 1198 1199 1199 1199 1199 1196 1196 1196 1196 1200 1200 1200 1200 1201 1201 1201 1201 1193 1193 1193 1193 1195 1195 1195 1195 1196 1196 1196 1196 1193 1193 1193 1193 1201 1201 1201 1201 1201 1201 1201 1201 1195 1195 1195 1195 1202 1202 1202 1202 1203 1203 1203 1203 1201 1201 1201 1201 1202 1202 1202 1202 1196 1196 1196 1196 1204 1204 1204 1204 1200 1200 1200 1200 1204 1204 1204 1204 1196 1196 1196 1196 1201 1201 1201 1201 1204 1204 1204 1204 1201 1201 1201 1201 1203 1203 1203 1203 1200 1200 1200 1200 1204 1204 1204 1204 1205 1205 1205 1205 1206 1206 1206 1206 1204 1204 1204 1204 1203 1203 1203 1203 1204 1204 1204 1204 1206 1206 1206 1206 1205 1205 1205 1205 1207 1207 1207 1207 1208 1208 1208 1208 1209 1209 1209 1209 1210 1210 1210 1210 1207 1207 1207 1207 1209 1209 1209 1209 1208 1208 1208 1208 1207 1207 1207 1207 1211 1211 1211 1211 1212 1212 1212 1212 1207 1207 1207 1207 1210 1210 1210 1210 1213 1213 1213 1213 1212 1212 1212 1212 1210 1210 1210 1210 1212 1212 1212 1212 1213 1213 1213 1213 1214 1214 1214 1214 1215 1215 1215 1215 1212 1212 1212 1212 1214 1214 1214 1214 1207 1207 1207 1207 1216 1216 1216 1216 1211 1211 1211 1211 1207 1207 1207 1207 1212 1212 1212 1212 1216 1216 1216 1216 1211 1211 1211 1211 1216 1216 1216 1216 1217 1217 1217 1217 1216 1216 1216 1216 1218 1218 1218 1218 1217 1217 1217 1217 1219 1219 1219 1219 1212 1212 1212 1212 1215 1215 1215 1215 1212 1212 1212 1212 1219 1219 1219 1219 1216 1216 1216 1216 1216 1216 1216 1216 1219 1219 1219 1219 1218 1218 1218 1218 1220 1220 1220 1220 1219 1219 1219 1219 1215 1215 1215 1215 1219 1219 1219 1219 1221 1221 1221 1221 1218 1218 1218 1218 1219 1219 1219 1219 1220 1220 1220 1220 1222 1222 1222 1222 1221 1221 1221 1221 1219 1219 1219 1219 1222 1222 1222 1222 1223 1223 1223 1223 1224 1224 1224 1224 1225 1225 1225 1225 1223 1223 1223 1223 1226 1226 1226 1226 1224 1224 1224 1224 1224 1224 1224 1224 1227 1227 1227 1227 1225 1225 1225 1225 1226 1226 1226 1226 1228 1228 1228 1228 1224 1224 1224 1224 1229 1229 1229 1229 1225 1225 1225 1225 1227 1227 1227 1227 1226 1226 1226 1226 1230 1230 1230 1230 1228 1228 1228 1228 1231 1231 1231 1231 1229 1229 1229 1229 1227 1227 1227 1227 1230 1230 1230 1230 1232 1232 1232 1232 1228 1228 1228 1228 1229 1229 1229 1229 1231 1231 1231 1231 1233 1233 1233 1233 1232 1232 1232 1232 1230 1230 1230 1230 1234 1234 1234 1234 1235 1235 1235 1235 1229 1229 1229 1229 1233 1233 1233 1233 1230 1230 1230 1230 1236 1236 1236 1236 1234 1234 1234 1234 1235 1235 1235 1235 1233 1233 1233 1233 1237 1237 1237 1237 1237 1237 1237 1237 1234 1234 1234 1234 1236 1236 1236 1236 1238 1238 1238 1238 1235 1235 1235 1235 1237 1237 1237 1237 1238 1238 1238 1238 1237 1237 1237 1237 1236 1236 1236 1236 1239 1239 1239 1239 1240 1240 1240 1240 1241 1241 1241 1241 1239 1239 1239 1239 1242 1242 1242 1242 1240 1240 1240 1240 1240 1240 1240 1240 1243 1243 1243 1243 1241 1241 1241 1241 1242 1242 1242 1242 1244 1244 1244 1244 1240 1240 1240 1240 1245 1245 1245 1245 1241 1241 1241 1241 1243 1243 1243 1243 1242 1242 1242 1242 1246 1246 1246 1246 1244 1244 1244 1244 1247 1247 1247 1247 1245 1245 1245 1245 1243 1243 1243 1243 1246 1246 1246 1246 1248 1248 1248 1248 1244 1244 1244 1244 1245 1245 1245 1245 1247 1247 1247 1247 1249 1249 1249 1249 1248 1248 1248 1248 1246 1246 1246 1246 1250 1250 1250 1250 1251 1251 1251 1251 1245 1245 1245 1245 1249 1249 1249 1249 1246 1246 1246 1246 1252 1252 1252 1252 1250 1250 1250 1250 1251 1251 1251 1251 1249 1249 1249 1249 1253 1253 1253 1253 1253 1253 1253 1253 1250 1250 1250 1250 1252 1252 1252 1252 1254 1254 1254 1254 1251 1251 1251 1251 1253 1253 1253 1253 1254 1254 1254 1254 1253 1253 1253 1253 1252 1252 1252 1252 1255 1255 1255 1255 1256 1256 1256 1256 1257 1257 1257 1257 1255 1255 1255 1255 1258 1258 1258 1258 1256 1256 1256 1256 1256 1256 1256 1256 1259 1259 1259 1259 1257 1257 1257 1257 1258 1258 1258 1258 1260 1260 1260 1260 1256 1256 1256 1256 1261 1261 1261 1261 1257 1257 1257 1257 1259 1259 1259 1259 1258 1258 1258 1258 1262 1262 1262 1262 1260 1260 1260 1260 1263 1263 1263 1263 1261 1261 1261 1261 1259 1259 1259 1259 1262 1262 1262 1262 1264 1264 1264 1264 1260 1260 1260 1260 1261 1261 1261 1261 1263 1263 1263 1263 1265 1265 1265 1265 1264 1264 1264 1264 1262 1262 1262 1262 1266 1266 1266 1266 1267 1267 1267 1267 1261 1261 1261 1261 1265 1265 1265 1265 1262 1262 1262 1262 1268 1268 1268 1268 1266 1266 1266 1266 1267 1267 1267 1267 1265 1265 1265 1265 1269 1269 1269 1269 1269 1269 1269 1269 1266 1266 1266 1266 1268 1268 1268 1268 1270 1270 1270 1270 1267 1267 1267 1267 1269 1269 1269 1269 1270 1270 1270 1270 1269 1269 1269 1269 1268 1268 1268 1268 1271 1271 1271 1271 1272 1272 1272 1272 1273 1273 1273 1273 1271 1271 1271 1271 1274 1274 1274 1274 1272 1272 1272 1272 1272 1272 1272 1272 1275 1275 1275 1275 1273 1273 1273 1273 1274 1274 1274 1274 1276 1276 1276 1276 1272 1272 1272 1272 1277 1277 1277 1277 1273 1273 1273 1273 1275 1275 1275 1275 1274 1274 1274 1274 1278 1278 1278 1278 1276 1276 1276 1276 1279 1279 1279 1279 1277 1277 1277 1277 1275 1275 1275 1275 1278 1278 1278 1278 1280 1280 1280 1280 1276 1276 1276 1276 1277 1277 1277 1277 1279 1279 1279 1279 1281 1281 1281 1281 1280 1280 1280 1280 1278 1278 1278 1278 1282 1282 1282 1282 1283 1283 1283 1283 1277 1277 1277 1277 1281 1281 1281 1281 1278 1278 1278 1278 1284 1284 1284 1284 1282 1282 1282 1282 1283 1283 1283 1283 1281 1281 1281 1281 1285 1285 1285 1285 1285 1285 1285 1285 1282 1282 1282 1282 1284 1284 1284 1284 1286 1286 1286 1286 1283 1283 1283 1283 1285 1285 1285 1285 1286 1286 1286 1286 1285 1285 1285 1285 1284 1284 1284 1284 </p>
        </triangles>
      </mesh>
    </geometry>
    <geometry id="CollisionM__CollisionC-mesh" name="CollisionM__CollisionC">
      <mesh>
        <source id="CollisionM__CollisionC-position">
          <float_array id="CollisionM__CollisionC-position-array" count="3">0 0 0</float_array>
          <technique_common>
            <accessor source="#CollisionM__CollisionC-position-array" count="1" stride="3">
              <param name="X" type="float" />
              <param name="Y" type="float" />
              <param name="Z" type="float" />
            </accessor>
          </technique_common>
        </source>
        <vertices id="CollisionM__CollisionC-vertex">
          <input semantic="POSITION" source="#CollisionM__CollisionC-position" />
        </vertices>
        <triangles material="CollisionC" count="1">
          <input semantic="VERTEX" source="#CollisionM__CollisionC-vertex" offset="0" />
          <p>0 0 0 </p>
        </triangles>
      </mesh>
    </geometry>
  </library_geometries>
  <library_controllers>
    <controller id="Armature_CmFillerObjectAL_CmFillerObjectAM_pCube35_polySurface2__CmFillerObjectAC-mesh">
      <skin source="#CmFillerObjectAL_CmFillerObjectAM_pCube35_polySurface2__CmFillerObjectAC-mesh">
        <bind_shape_matrix>1 0 0 0 0 1 0 0 0 0 1 0 0 0 0 1</bind_shape_matrix>
        <source id="CmFillerObjectAL_CmFillerObjectAM_pCube35_polySurface2__CmFillerObjectAC-mesh-joint">
          <Name_array id="CmFillerObjectAL_CmFillerObjectAM_pCube35_polySurface2__CmFillerObjectAC-mesh-joint-array" count="1">CmFillerObjectAL</Name_array>
          <technique_common>
            <accessor source="#CmFillerObjectAL_CmFillerObjectAM_pCube35_polySurface2__CmFillerObjectAC-mesh-joint-array" count="1" stride="1">
              <param name="JOINT" type="name" />
            </accessor>
          </technique_common>
        </source>
        <source id="CmFillerObjectAL_CmFillerObjectAM_pCube35_polySurface2__CmFillerObjectAC-mesh-inv_bind_matrix">
          <float_array id="CmFillerObjectAL_CmFillerObjectAM_pCube35_polySurface2__CmFillerObjectAC-mesh-inv_bind_matrix-array" count="16">1 0 0 0 0 1 0 0 0 0 1 0 0 0 0 1</float_array>
          <technique_common>
            <accessor source="#CmFillerObjectAL_CmFillerObjectAM_pCube35_polySurface2__CmFillerObjectAC-mesh-inv_bind_matrix-array" count="1" stride="16">
              <param name="TRANSFORM" type="float4x4" />
            </accessor>
          </technique_common>
        </source>
        <source id="CmFillerObjectAL_CmFillerObjectAM_pCube35_polySurface2__CmFillerObjectAC-mesh-weight">
          <float_array id="CmFillerObjectAL_CmFillerObjectAM_pCube35_polySurface2__CmFillerObjectAC-mesh-weight-array" count="1">1</float_array>
          <technique_common>
            <accessor source="#CmFillerObjectAL_CmFillerObjectAM_pCube35_polySurface2__CmFillerObjectAC-mesh-weight-array" count="1" stride="1">
              <param name="WEIGHT" type="float" />
            </accessor>
          </technique_common>
        </source>
        <joints>
          <input semantic="JOINT" source="#CmFillerObjectAL_CmFillerObjectAM_pCube35_polySurface2__CmFillerObjectAC-mesh-joint" />
          <input semantic="INV_BIND_MATRIX" source="#CmFillerObjectAL_CmFillerObjectAM_pCube35_polySurface2__CmFillerObjectAC-mesh-inv_bind_matrix" />
        </joints>
        <vertex_weights count="2158">
          <input semantic="JOINT" source="#CmFillerObjectAL_CmFillerObjectAM_pCube35_polySurface2__CmFillerObjectAC-mesh-joint" offset="0" />
          <input semantic="WEIGHT" source="#CmFillerObjectAL_CmFillerObjectAM_pCube35_polySurface2__CmFillerObjectAC-mesh-weight" offset="1" />
          <vcount>1 1 1 1 1 1 1 1 1 1 1 1 1 1 1 1 1 1 1 1 1 1 1 1 1 1 1 1 1 1 1 1 1 1 1 1 1 1 1 1 1 1 1 1 1 1 1 1 1 1 1 1 1 1 1 1 1 1 1 1 1 1 1 1 1 1 1 1 1 1 1 1 1 1 1 1 1 1 1 1 1 1 1 1 1 1 1 1 1 1 1 1 1 1 1 1 1 1 1 1 1 1 1 1 1 1 1 1 1 1 1 1 1 1 1 1 1 1 1 1 1 1 1 1 1 1 1 1 1 1 1 1 1 1 1 1 1 1 1 1 1 1 1 1 1 1 1 1 1 1 1 1 1 1 1 1 1 1 1 1 1 1 1 1 1 1 1 1 1 1 1 1 1 1 1 1 1 1 1 1 1 1 1 1 1 1 1 1 1 1 1 1 1 1 1 1 1 1 1 1 1 1 1 1 1 1 1 1 1 1 1 1 1 1 1 1 1 1 1 1 1 1 1 1 1 1 1 1 1 1 1 1 1 1 1 1 1 1 1 1 1 1 1 1 1 1 1 1 1 1 1 1 1 1 1 1 1 1 1 1 1 1 1 1 1 1 1 1 1 1 1 1 1 1 1 1 1 1 1 1 1 1 1 1 1 1 1 1 1 1 1 1 1 1 1 1 1 1 1 1 1 1 1 1 1 1 1 1 1 1 1 1 1 1 1 1 1 1 1 1 1 1 1 1 1 1 1 1 1 1 1 1 1 1 1 1 1 1 1 1 1 1 1 1 1 1 1 1 1 1 1 1 1 1 1 1 1 1 1 1 1 1 1 1 1 1 1 1 1 1 1 1 1 1 1 1 1 1 1 1 1 1 1 1 1 1 1 1 1 1 1 1 1 1 1 1 1 1 1 1 1 1 1 1 1 1 1 1 1 1 1 1 1 1 1 1 1 1 1 1 1 1 1 1 1 1 1 1 1 1 1 1 1 1 1 1 1 1 1 1 1 1 1 1 1 1 1 1 1 1 1 1 1 1 1 1 1 1 1 1 1 1 1 1 1 1 1 1 1 1 1 1 1 1 1 1 1 1 1 1 1 1 1 1 1 1 1 1 1 1 1 1 1 1 1 1 1 1 1 1 1 1 1 1 1 1 1 1 1 1 1 1 1 1 1 1 1 1 1 1 1 1 1 1 1 1 1 1 1 1 1 1 1 1 1 1 1 1 1 1 1 1 1 1 1 1 1 1 1 1 1 1 1 1 1 1 1 1 1 1 1 1 1 1 1 1 1 1 1 1 1 1 1 1 1 1 1 1 1 1 1 1 1 1 1 1 1 1 1 1 1 1 1 1 1 1 1 1 1 1 1 1 1 1 1 1 1 1 1 1 1 1 1 1 1 1 1 1 1 1 1 1 1 1 1 1 1 1 1 1 1 1 1 1 1 1 1 1 1 1 1 1 1 1 1 1 1 1 1 1 1 1 1 1 1 1 1 1 1 1 1 1 1 1 1 1 1 1 1 1 1 1 1 1 1 1 1 1 1 1 1 1 1 1 1 1 1 1 1 1 1 1 1 1 1 1 1 1 1 1 1 1 1 1 1 1 1 1 1 1 1 1 1 1 1 1 1 1 1 1 1 1 1 1 1 1 1 1 1 1 1 1 1 1 1 1 1 1 1 1 1 1 1 1 1 1 1 1 1 1 1 1 1 1 1 1 1 1 1 1 1 1 1 1 1 1 1 1 1 1 1 1 1 1 1 1 1 1 1 1 1 1 1 1 1 1 1 1 1 1 1 1 1 1 1 1 1 1 1 1 1 1 1 1 1 1 1 1 1 1 1 1 1 1 1 1 1 1 1 1 1 1 1 1 1 1 1 1 1 1 1 1 1 1 1 1 1 1 1 1 1 1 1 1 1 1 1 1 1 1 1 1 1 1 1 1 1 1 1 1 1 1 1 1 1 1 1 1 1 1 1 1 1 1 1 1 1 1 1 1 1 1 1 1 1 1 1 1 1 1 1 1 1 1 1 1 1 1 1 1 1 1 1 1 1 1 1 1 1 1 1 1 1 1 1 1 1 1 1 1 1 1 1 1 1 1 1 1 1 1 1 1 1 1 1 1 1 1 1 1 1 1 1 1 1 1 1 1 1 1 1 1 1 1 1 1 1 1 1 1 1 1 1 1 1 1 1 1 1 1 1 1 1 1 1 1 1 1 1 1 1 1 1 1 1 1 1 1 1 1 1 1 1 1 1 1 1 1 1 1 1 1 1 1 1 1 1 1 1 1 1 1 1 1 1 1 1 1 1 1 1 1 1 1 1 1 1 1 1 1 1 1 1 1 1 1 1 1 1 1 1 1 1 1 1 1 1 1 1 1 1 1 1 1 1 1 1 1 1 1 1 1 1 1 1 1 1 1 1 1 1 1 1 1 1 1 1 1 1 1 1 1 1 1 1 1 1 1 1 1 1 1 1 1 1 1 1 1 1 1 1 1 1 1 1 1 1 1 1 1 1 1 1 1 1 1 1 1 1 1 1 1 1 1 1 1 1 1 1 1 1 1 1 1 1 1 1 1 1 1 1 1 1 1 1 1 1 1 1 1 1 1 1 1 1 1 1 1 1 1 1 1 1 1 1 1 1 1 1 1 1 1 1 1 1 1 1 1 1 1 1 1 1 1 1 1 1 1 1 1 1 1 1 1 1 1 1 1 1 1 1 1 1 1 1 1 1 1 1 1 1 1 1 1 1 1 1 1 1 1 1 1 1 1 1 1 1 1 1 1 1 1 1 1 1 1 1 1 1 1 1 1 1 1 1 1 1 1 1 1 1 1 1 1 1 1 1 1 1 1 1 1 1 1 1 1 1 1 1 1 1 1 1 1 1 1 1 1 1 1 1 1 1 1 1 1 1 1 1 1 1 1 1 1 1 1 1 1 1 1 1 1 1 1 1 1 1 1 1 1 1 1 1 1 1 1 1 1 1 1 1 1 1 1 1 1 1 1 1 1 1 1 1 1 1 1 1 1 1 1 1 1 1 1 1 1 1 1 1 1 1 1 1 1 1 1 1 1 1 1 1 1 1 1 1 1 1 1 1 1 1 1 1 1 1 1 1 1 1 1 1 1 1 1 1 1 1 1 1 1 1 1 1 1 1 1 1 1 1 1 1 1 1 1 1 1 1 1 1 1 1 1 1 1 1 1 1 1 1 1 1 1 1 1 1 1 1 1 1 1 1 1 1 1 1 1 1 1 1 1 1 1 1 1 1 1 1 1 1 1 1 1 1 1 1 1 1 1 1 1 1 1 1 1 1 1 1 1 1 1 1 1 1 1 1 1 1 1 1 1 1 1 1 1 1 1 1 1 1 1 1 1 1 1 1 1 1 1 1 1 1 1 1 1 1 1 1 1 1 1 1 1 1 1 1 1 1 1 1 1 1 1 1 1 1 1 1 1 1 1 1 1 1 1 1 1 1 1 1 1 1 1 1 1 1 1 1 1 1 1 1 1 1 1 1 1 1 1 1 1 1 1 1 1 1 1 1 1 1 1 1 1 1 1 1 1 1 1 1 1 1 1 1 1 1 1 1 1 1 1 1 1 1 1 1 1 1 1 1 1 1 1 1 1 1 1 1 1 1 1 1 1 1 1 1 1 1 1 1 1 1 1 1 1 1 1 1 1 1 1 1 1 1 1 1 1 1 1 1 1 1 1 1 1 1 1 1 1 1 1 1 1 1 1 1 1 1 1 1 1 1 1 1 1 1 1 1 1 1 1 1 1 1 1 1 1 1 1 1 1 1 1 1 1 1 1 1 1 1 1 1 1 1 1 1 1 1 1 1 1 1 1 1 1 1 1 1 1 1 1 1 1 1 1 1 1 1 1 1 1 1 1 1 1 1 1 1 1 1 1 1 1 1 1 1 1 1 1 1 1 1 1 1 1 1 1 1 1 1 1 1 1 1 1 1 1 1 1 1 1 1 1 1 1 1 1 1 1 1 1 1 1 1 1 1 1 1 1 1 1 1 1 1 1 1 1 1 1 1 1 1 1 1 1 1 1 1 1 1 1 1 1 1 1 1 1 1 1 1 1 1 1 1 1 1 1 1 1 1 1 1 1 1 1 1 1 1 1 1 1 1 1 1 1 1 1 1 1 1 1 1 1 1 1 1 1 1 1 1 1 1 1 1 1 1 1 1 1 1 1 1 1 1 1 1 1 1 1 1 1 1 1 1 1 1 1 1 1 1 1 1 1 1 1 1 1 1 1 1 1 1 1 1 1 1 1 1 1 1 1 1 1 1 1 1 1 1 1 1 1 1 1 1 1 1 1 1 1 1 1 1 1 1 1 1 1 1 1 1 1 1 1 1 1 1 1 1 1 1 1 1 1 1 1 1 1 1 1 1 1 1 1 1 1 1 1 1 1 1 1 1 1 1 1 1 1 1 1 1 1 1 1 1 1 1 1 1 1 1 1 1 1 1 1 1 1 1 1 1 1 1 1 1 1 1 1 1 1 1 1 1 1 1 1 1 1 1 1 1 1 1 1 1 1 1 1 1 1 1 1 1 1 1 1 1 1 1 1 1 1 1 1 1 1 1 1 1 1 1 1 1 1 1 1 1 1 1 1 1 1 1 1 1 1 1 1 1 1 1 1 1 1 1 1 1 1 1 1 1 1 1 1 1 1 1 1 1 1 1 1 1 1 1 1 1 1 1 1 1 1 1 1 1 1 1 1 1 1 1 1 1 1 1 1 1 1 1 1 1 1 1 1 1 1 1 1 1 1 1 1 1 1 1 1 1 1 1 1 1 1 1 1 1 1 1 1 1 1 1 1 1 1 1 1 1 1 1 1 1 1 1 1 1 1 1 1 1 1 </vcount>
          <v>0 0 0 0 0 0 0 0 0 0 0 0 0 0 0 0 0 0 0 0 0 0 0 0 0 0 0 0 0 0 0 0 0 0 0 0 0 0 0 0 0 0 0 0 0 0 0 0 0 0 0 0 0 0 0 0 0 0 0 0 0 0 0 0 0 0 0 0 0 0 0 0 0 0 0 0 0 0 0 0 0 0 0 0 0 0 0 0 0 0 0 0 0 0 0 0 0 0 0 0 0 0 0 0 0 0 0 0 0 0 0 0 0 0 0 0 0 0 0 0 0 0 0 0 0 0 0 0 0 0 0 0 0 0 0 0 0 0 0 0 0 0 0 0 0 0 0 0 0 0 0 0 0 0 0 0 0 0 0 0 0 0 0 0 0 0 0 0 0 0 0 0 0 0 0 0 0 0 0 0 0 0 0 0 0 0 0 0 0 0 0 0 0 0 0 0 0 0 0 0 0 0 0 0 0 0 0 0 0 0 0 0 0 0 0 0 0 0 0 0 0 0 0 0 0 0 0 0 0 0 0 0 0 0 0 0 0 0 0 0 0 0 0 0 0 0 0 0 0 0 0 0 0 0 0 0 0 0 0 0 0 0 0 0 0 0 0 0 0 0 0 0 0 0 0 0 0 0 0 0 0 0 0 0 0 0 0 0 0 0 0 0 0 0 0 0 0 0 0 0 0 0 0 0 0 0 0 0 0 0 0 0 0 0 0 0 0 0 0 0 0 0 0 0 0 0 0 0 0 0 0 0 0 0 0 0 0 0 0 0 0 0 0 0 0 0 0 0 0 0 0 0 0 0 0 0 0 0 0 0 0 0 0 0 0 0 0 0 0 0 0 0 0 0 0 0 0 0 0 0 0 0 0 0 0 0 0 0 0 0 0 0 0 0 0 0 0 0 0 0 0 0 0 0 0 0 0 0 0 0 0 0 0 0 0 0 0 0 0 0 0 0 0 0 0 0 0 0 0 0 0 0 0 0 0 0 0 0 0 0 0 0 0 0 0 0 0 0 0 0 0 0 0 0 0 0 0 0 0 0 0 0 0 0 0 0 0 0 0 0 0 0 0 0 0 0 0 0 0 0 0 0 0 0 0 0 0 0 0 0 0 0 0 0 0 0 0 0 0 0 0 0 0 0 0 0 0 0 0 0 0 0 0 0 0 0 0 0 0 0 0 0 0 0 0 0 0 0 0 0 0 0 0 0 0 0 0 0 0 0 0 0 0 0 0 0 0 0 0 0 0 0 0 0 0 0 0 0 0 0 0 0 0 0 0 0 0 0 0 0 0 0 0 0 0 0 0 0 0 0 0 0 0 0 0 0 0 0 0 0 0 0 0 0 0 0 0 0 0 0 0 0 0 0 0 0 0 0 0 0 0 0 0 0 0 0 0 0 0 0 0 0 0 0 0 0 0 0 0 0 0 0 0 0 0 0 0 0 0 0 0 0 0 0 0 0 0 0 0 0 0 0 0 0 0 0 0 0 0 0 0 0 0 0 0 0 0 0 0 0 0 0 0 0 0 0 0 0 0 0 0 0 0 0 0 0 0 0 0 0 0 0 0 0 0 0 0 0 0 0 0 0 0 0 0 0 0 0 0 0 0 0 0 0 0 0 0 0 0 0 0 0 0 0 0 0 0 0 0 0 0 0 0 0 0 0 0 0 0 0 0 0 0 0 0 0 0 0 0 0 0 0 0 0 0 0 0 0 0 0 0 0 0 0 0 0 0 0 0 0 0 0 0 0 0 0 0 0 0 0 0 0 0 0 0 0 0 0 0 0 0 0 0 0 0 0 0 0 0 0 0 0 0 0 0 0 0 0 0 0 0 0 0 0 0 0 0 0 0 0 0 0 0 0 0 0 0 0 0 0 0 0 0 0 0 0 0 0 0 0 0 0 0 0 0 0 0 0 0 0 0 0 0 0 0 0 0 0 0 0 0 0 0 0 0 0 0 0 0 0 0 0 0 0 0 0 0 0 0 0 0 0 0 0 0 0 0 0 0 0 0 0 0 0 0 0 0 0 0 0 0 0 0 0 0 0 0 0 0 0 0 0 0 0 0 0 0 0 0 0 0 0 0 0 0 0 0 0 0 0 0 0 0 0 0 0 0 0 0 0 0 0 0 0 0 0 0 0 0 0 0 0 0 0 0 0 0 0 0 0 0 0 0 0 0 0 0 0 0 0 0 0 0 0 0 0 0 0 0 0 0 0 0 0 0 0 0 0 0 0 0 0 0 0 0 0 0 0 0 0 0 0 0 0 0 0 0 0 0 0 0 0 0 0 0 0 0 0 0 0 0 0 0 0 0 0 0 0 0 0 0 0 0 0 0 0 0 0 0 0 0 0 0 0 0 0 0 0 0 0 0 0 0 0 0 0 0 0 0 0 0 0 0 0 0 0 0 0 0 0 0 0 0 0 0 0 0 0 0 0 0 0 0 0 0 0 0 0 0 0 0 0 0 0 0 0 0 0 0 0 0 0 0 0 0 0 0 0 0 0 0 0 0 0 0 0 0 0 0 0 0 0 0 0 0 0 0 0 0 0 0 0 0 0 0 0 0 0 0 0 0 0 0 0 0 0 0 0 0 0 0 0 0 0 0 0 0 0 0 0 0 0 0 0 0 0 0 0 0 0 0 0 0 0 0 0 0 0 0 0 0 0 0 0 0 0 0 0 0 0 0 0 0 0 0 0 0 0 0 0 0 0 0 0 0 0 0 0 0 0 0 0 0 0 0 0 0 0 0 0 0 0 0 0 0 0 0 0 0 0 0 0 0 0 0 0 0 0 0 0 0 0 0 0 0 0 0 0 0 0 0 0 0 0 0 0 0 0 0 0 0 0 0 0 0 0 0 0 0 0 0 0 0 0 0 0 0 0 0 0 0 0 0 0 0 0 0 0 0 0 0 0 0 0 0 0 0 0 0 0 0 0 0 0 0 0 0 0 0 0 0 0 0 0 0 0 0 0 0 0 0 0 0 0 0 0 0 0 0 0 0 0 0 0 0 0 0 0 0 0 0 0 0 0 0 0 0 0 0 0 0 0 0 0 0 0 0 0 0 0 0 0 0 0 0 0 0 0 0 0 0 0 0 0 0 0 0 0 0 0 0 0 0 0 0 0 0 0 0 0 0 0 0 0 0 0 0 0 0 0 0 0 0 0 0 0 0 0 0 0 0 0 0 0 0 0 0 0 0 0 0 0 0 0 0 0 0 0 0 0 0 0 0 0 0 0 0 0 0 0 0 0 0 0 0 0 0 0 0 0 0 0 0 0 0 0 0 0 0 0 0 0 0 0 0 0 0 0 0 0 0 0 0 0 0 0 0 0 0 0 0 0 0 0 0 0 0 0 0 0 0 0 0 0 0 0 0 0 0 0 0 0 0 0 0 0 0 0 0 0 0 0 0 0 0 0 0 0 0 0 0 0 0 0 0 0 0 0 0 0 0 0 0 0 0 0 0 0 0 0 0 0 0 0 0 0 0 0 0 0 0 0 0 0 0 0 0 0 0 0 0 0 0 0 0 0 0 0 0 0 0 0 0 0 0 0 0 0 0 0 0 0 0 0 0 0 0 0 0 0 0 0 0 0 0 0 0 0 0 0 0 0 0 0 0 0 0 0 0 0 0 0 0 0 0 0 0 0 0 0 0 0 0 0 0 0 0 0 0 0 0 0 0 0 0 0 0 0 0 0 0 0 0 0 0 0 0 0 0 0 0 0 0 0 0 0 0 0 0 0 0 0 0 0 0 0 0 0 0 0 0 0 0 0 0 0 0 0 0 0 0 0 0 0 0 0 0 0 0 0 0 0 0 0 0 0 0 0 0 0 0 0 0 0 0 0 0 0 0 0 0 0 0 0 0 0 0 0 0 0 0 0 0 0 0 0 0 0 0 0 0 0 0 0 0 0 0 0 0 0 0 0 0 0 0 0 0 0 0 0 0 0 0 0 0 0 0 0 0 0 0 0 0 0 0 0 0 0 0 0 0 0 0 0 0 0 0 0 0 0 0 0 0 0 0 0 0 0 0 0 0 0 0 0 0 0 0 0 0 0 0 0 0 0 0 0 0 0 0 0 0 0 0 0 0 0 0 0 0 0 0 0 0 0 0 0 0 0 0 0 0 0 0 0 0 0 0 0 0 0 0 0 0 0 0 0 0 0 0 0 0 0 0 0 0 0 0 0 0 0 0 0 0 0 0 0 0 0 0 0 0 0 0 0 0 0 0 0 0 0 0 0 0 0 0 0 0 0 0 0 0 0 0 0 0 0 0 0 0 0 0 0 0 0 0 0 0 0 0 0 0 0 0 0 0 0 0 0 0 0 0 0 0 0 0 0 0 0 0 0 0 0 0 0 0 0 0 0 0 0 0 0 0 0 0 0 0 0 0 0 0 0 0 0 0 0 0 0 0 0 0 0 0 0 0 0 0 0 0 0 0 0 0 0 0 0 0 0 0 0 0 0 0 0 0 0 0 0 0 0 0 0 0 0 0 0 0 0 0 0 0 0 0 0 0 0 0 0 0 0 0 0 0 0 0 0 0 0 0 0 0 0 0 0 0 0 0 0 0 0 0 0 0 0 0 0 0 0 0 0 0 0 0 0 0 0 0 0 0 0 0 0 0 0 0 0 0 0 0 0 0 0 0 0 0 0 0 0 0 0 0 0 0 0 0 0 0 0 0 0 0 0 0 0 0 0 0 0 0 0 0 0 0 0 0 0 0 0 0 0 0 0 0 0 0 0 0 0 0 0 0 0 0 0 0 0 0 0 0 0 0 0 0 0 0 0 0 0 0 0 0 0 0 0 0 0 0 0 0 0 0 0 0 0 0 0 0 0 0 0 0 0 0 0 0 0 0 0 0 0 0 0 0 0 0 0 0 0 0 0 0 0 0 0 0 0 0 0 0 0 0 0 0 0 0 0 0 0 0 0 0 0 0 0 0 0 0 0 0 0 0 0 0 0 0 0 0 0 0 0 0 0 0 0 0 0 0 0 0 0 0 0 0 0 0 0 0 0 0 0 0 0 0 0 0 0 0 0 0 0 0 0 0 0 0 0 0 0 0 0 0 0 0 0 0 0 0 0 0 0 0 0 0 0 0 0 0 0 0 0 0 0 0 0 0 0 0 0 0 0 0 0 0 0 0 0 0 0 0 0 0 0 0 0 0 0 0 0 0 0 0 0 0 0 0 0 0 0 0 0 0 0 0 0 0 0 0 0 0 0 0 0 0 0 0 0 0 0 0 0 0 0 0 0 0 0 0 0 0 0 0 0 0 0 0 0 0 0 0 0 0 0 0 0 0 0 0 0 0 0 0 0 0 0 0 0 0 0 0 0 0 0 0 0 0 0 0 0 0 0 0 0 0 0 0 0 0 0 0 0 0 0 0 0 0 0 0 0 0 0 0 0 0 0 0 0 0 0 0 0 0 0 0 0 0 0 0 0 0 0 0 0 0 0 0 0 0 0 0 0 0 0 0 0 0 0 0 0 0 0 0 0 0 0 0 0 0 0 0 0 0 0 0 0 0 0 0 0 0 0 0 0 0 0 0 0 0 0 0 0 0 0 0 0 0 0 0 0 0 0 0 0 0 0 0 0 0 0 0 0 0 0 0 0 0 0 0 0 0 0 0 0 0 0 0 0 0 0 0 0 0 0 0 0 0 0 0 0 0 0 0 0 0 0 0 0 0 0 0 0 0 0 0 0 0 0 0 0 0 0 0 0 0 0 0 0 0 0 0 0 0 0 0 0 0 0 0 0 0 0 0 0 0 0 0 0 0 0 0 0 0 0 0 0 0 0 0 0 0 0 0 0 0 0 0 0 0 0 0 0 0 0 0 0 0 0 0 0 0 0 0 0 0 0 0 0 0 0 0 0 0 0 0 0 0 0 0 0 0 0 0 0 0 0 0 0 0 0 0 0 0 0 0 0 0 0 0 0 0 0 0 0 0 0 0 0 0 0 0 0 0 0 0 0 0 0 0 0 0 0 0 0 0 0 0 0 0 0 0 0 0 0 0 0 0 0 0 0 0 0 0 0 0 0 0 0 0 0 0 0 0 0 0 0 0 0 0 0 0 0 0 0 0 0 0 0 0 0 0 0 0 0 0 0 0 0 0 0 0 0 0 0 0 0 0 0 0 0 0 0 0 0 0 0 0 0 0 0 0 0 0 0 0 0 0 0 0 0 0 0 0 0 0 0 0 0 0 0 0 0 0 0 0 0 0 0 0 0 0 0 0 0 0 0 0 0 0 0 0 0 0 0 0 0 0 0 0 0 0 0 0 0 0 0 0 0 0 0 0 0 0 0 0 0 0 0 0 0 0 0 0 0 0 0 0 0 0 0 0 0 0 0 0 0 0 0 0 0 0 0 0 0 0 0 0 0 0 0 0 0 0 0 0 0 0 0 0 0 0 0 0 0 0 0 0 0 0 0 0 0 0 0 0 0 0 0 0 0 0 0 0 0 0 0 0 0 0 0 0 0 0 0 0 0 0 0 0 0 0 0 0 0 0 0 0 0 0 0 0 0 0 0 0 0 0 0 0 0 0 0 0 0 0 0 0 0 0 0 0 0 0 0 0 0 0 0 0 0 0 0 0 0 0 0 0 0 0 0 0 0 0 0 0 0 0 0 0 0 0 0 0 0 0 0 0 0 0 0 0 0 0 0 0 0 0 0 0 0 0 0 0 0 0 0 0 0 0 0 0 0 0 0 0 0 0 0 0 0 0 0 0 0 0 0 0 0 0 0 0 0 0 0 0 0 0 0 0 0 0 0 0 0 0 0 0 0 0 0 0 0 0 0 0 0 0 0 0 0 0 0 0 0 0 0 0 0 0 0 0 0 0 0 0 0 0 0 0 0 0 0 0 0 0 0 0 0 0 0 0 0 0 0 0 0 0 0 0 0 0 0 0 0 0 0 0 0 0 0 0 0 0 0 0 0 0 0 0 0 0 0 0 0 0 0 0 0 0 0 0 0 0 0 0 0 0 0 0 0 0 0 0 0 0 0 0 0 0 0 0 0 0 0 0 0 0 0 0 0 0 0 0 0 0 0 0 0 0 0 0 0 0 0 0 0 0 0 0 0 0 0 0 0 0 0 0 0 0 0 0 0 0 0 0 0 0 0 0 0 0 0 0 0 0 0 0 0 0 0 0 0 0 0 0 0 0 0 0 0 0 0 0 0 0 0 0 0 0 0 0 0 0 0 0 0 0 0 0 0 0 0 0 0 0 0 0 0 0 0 0 0 0 0 0 0 0 0 0 0 0 0 0 0 0 0 0 0 0 0 0 0 0 0 0 0 0 0 0 0 0 0 0 0 0 0 0 0 0 0 0 0 0 0 0 0 0 0 0 0 0 0 0 0 0 0 0 0 0 0 0 0 0 0 0 0 0 0 0 0 0 0 0 0 0 0 0 0 0 0 0 0 0 0 0 0 0 0 0 0 0 0 0 0 0 0 0 0 0 0 0 0 0 0 0 0 0 0 0 0 0 0 0 0 0 0 0 0 0 0 0 0 0 0 0 0 0 0 0 0 0 0 0 0 0 0 0 0 0 0 0 0 0 0 0 0 0 0 0 0 0 0 0 0 0 0 0 0 0 0 0 0 0 0 0 0 0 0 0 0 0 0 0 0 0 0 0 0 0 0 0 0 0 0 0 0 0 0 0 0 0 0 0 0 0 0 0 0 0 0 0 0 0 0 0 0 0 0 0 0 0 0 0 0 0 0 0 0 0 0 0 0 0 0 0 0 0 0 0 0 0 0 0 0 0 0 0 0 0 0 0 0 0 0 0 0 0 0 0 0 0 0 0 0 0 0 0 0 0 0 0 0 0 0 0 0 0 0 0 0 0 0 0 0 0 0 0 0 0 0 0 0 0 0 0 0 0 0 0 0 0 0 0 0 0 0 0 0 0 0 0 0 0 0 0 0 0 0 0 0 0 0 0 0 0 0 0 0 0 0 0 0 0 0 0 0 0 0 0 0 0 0 0 0 0 0 0 0 0 0 0 0 0 0 0 0 0 0 0 0 0 0 0 0 0 0 0 0 0 0 0 0 0 0 0 0 0 0 0 0 0 0 0 0 0 0 0 0 0 0 0 0 0 0 0 0 0 0 0 0 0 0 0 0 0 0 0 0 0 0 0 0 0 0 0 0 0 0 0 0 0 0 0 0 0 0 0 0 0 0 0 0 0 0 0 0 0 0 0 0 0 0 0 0 0 0 0 0 0 0 0 0 0 0 0 0 0 0 0 0 0 0 0 0 0 0 0 0 0 0 0 0 0 0 0 0 0 0 0 0 0 0 0 0 0 0 0 0 0 0 0 0 0 0 0 0 0 0 0 0 0 0 0 0 0 0 0 0 0 0 0 0 0 0 0 0 0 0 0 0 0 0 0 0 0 0 0 0 0 0 0 0 0 0 0 0 0 0 0 0 0 0 0 0 0 0 0 0 0 0 0 0 0 0 0 0 0 0 0 0 0 0 0 0 0 0 0 0 0 0 0 0 0 0 0 0 0 0 0 0 0 0 0 0 0 0 0 0 0 0 0 0 0 0 0 0 0 0 0 0 0 0 0 0 0 0 0 0 0 0 0 0 0 0 0 0 0 0 0 0 0 0 0 0 0 0 0 0 0 0 0 0 0 0 0 0 0 0 0 0 0 0 0 0 0 0 0 0 0 0 0 0 0 0 0 0 0 0 0 0 0 0 0 0 0 0 0 0 0 0 0 0 0 0 0 0 0 0 0 0 0 0 0 0 0 0 0 0 0 0 0 0 0 0 0 0 0 0 0 0 0 0 0 0 0 0 0 0 0 0 0 0 0 0 0 0 0 0 0 0 0 0 0 0 0 0 0 0 0 0 0 0 0 0 0 0 0 0 0 0 0 0 0 0 0 0 0 0 0 0 0 0 0 0 0 0 0 0 0 0 0 0 0 0 0 0 0 0 0 0 0 0 0 0 0 0 0 0 0 0 0 0 0 0 0 0 0 0 0 0 0 0 0 0 0 0 0 0 0 0 0 0 0 0 0 0 0 0 0 0 0 0 0 0 0 0 0 0 0 0 0 0 0 0 0 0 0 0 0 0 0 0 0 0 0 0 0 0 0 0 0 0 0 0 0 0 0 0 0 0 0 0 0 0 0 0 0 0 0 0 0 0 0 0 0 0 0 0 0 0 0 0 0 0 0 0 0 0 0 0 0 0 0 0 0 0 0 0 0 0 0 0 0 0 0 0 0 0 0 0 0 0 0 0 0 0 0 0 0 0 0 0 0 0 0 0 0 0 0 0 0 0 0 0 0 0 0 0 0 0 0 0 0 0 0 0 0 0 0 0 0 0 0 0 0 0 0 0 0 0 0 0 0 0 0 0 0 0 0 0 0 0 0 0 0 0 0 0 0 0 0 0 0 0 0 0 0 0 0 0 0 0 0 0 0 0 0 0 0 0 0 0 0 0 0 0 0 0 0 0 0 0 0 0 0 0 0 0 0 0 0 0 0 0 0 0 0 0 0 0 0 0 0 0 0 0 0 0 0 0 0 0 0 0 0 0 0 0 0 0 0 0 0 0 0 0 0 0 0 0 0 0 0 0 0 0 0 0 0 0 0 0 0 0 0 0 0 0 0 0 0 0 0 0 0 0 0 0 0 0 0 0 0 0 0 0 0 0 0 0 0 0 0 0 0 0 0 0 0 0 0 0 0 0 0 0 0 0 </v>
        </vertex_weights>
      </skin>
    </controller>
    <controller id="Armature_CollisionM__CollisionC-mesh">
      <skin source="#CollisionM__CollisionC-mesh">
        <bind_shape_matrix>1 0 0 0 0 1 0 0 0 0 1 0 0 0 0 1</bind_shape_matrix>
        <source id="CollisionM__CollisionC-mesh-joint">
          <Name_array id="CollisionM__CollisionC-mesh-joint-array" count="1">CmFillerObjectAL</Name_array>
          <technique_common>
            <accessor source="#CollisionM__CollisionC-mesh-joint-array" count="1" stride="1">
              <param name="JOINT" type="name" />
            </accessor>
          </technique_common>
        </source>
        <source id="CollisionM__CollisionC-mesh-inv_bind_matrix">
          <float_array id="CollisionM__CollisionC-mesh-inv_bind_matrix-array" count="16">1 0 0 0 0 1 0 0 0 0 1 0 0 0 0 1</float_array>
          <technique_common>
            <accessor source="#CollisionM__CollisionC-mesh-inv_bind_matrix-array" count="1" stride="16">
              <param name="TRANSFORM" type="float4x4" />
            </accessor>
          </technique_common>
        </source>
        <source id="CollisionM__CollisionC-mesh-weight">
          <float_array id="CollisionM__CollisionC-mesh-weight-array" count="1">1</float_array>
          <technique_common>
            <accessor source="#CollisionM__CollisionC-mesh-weight-array" count="1" stride="1">
              <param name="WEIGHT" type="float" />
            </accessor>
          </technique_common>
        </source>
        <joints>
          <input semantic="JOINT" source="#CollisionM__CollisionC-mesh-joint" />
          <input semantic="INV_BIND_MATRIX" source="#CollisionM__CollisionC-mesh-inv_bind_matrix" />
        </joints>
        <vertex_weights count="1">
          <input semantic="JOINT" source="#CollisionM__CollisionC-mesh-joint" offset="0" />
          <input semantic="WEIGHT" source="#CollisionM__CollisionC-mesh-weight" offset="1" />
          <vcount>1 </vcount>
          <v>0 0 </v>
        </vertex_weights>
      </skin>
    </controller>
  </library_controllers>
  <library_visual_scenes>
    <visual_scene id="Scene" name="Scene">
      <node id="Armature" name="Armature" type="NODE">
        <matrix sid="transform">1 0 0 0 0 1 0 0 0 0 1 0 0 0 0 1</matrix>
        <node id="Armature_CmFillerObjectAL" name="CmFillerObjectAL" sid="CmFillerObjectAL" type="JOINT">
          <matrix sid="transform">1 0 0 0 0 1 0 0 0 0 1 0 0 0 0 1</matrix>
        </node>
      </node>
      <node id="CmFillerObjectAL_CmFillerObjectAM_pCube35_polySurface2__CmFillerObjectAC" name="CmFillerObjectAL_CmFillerObjectAM_pCube35_polySurface2__CmFillerObjectAC" type="NODE">
        <instance_controller url="#Armature_CmFillerObjectAL_CmFillerObjectAM_pCube35_polySurface2__CmFillerObjectAC-mesh">
          <skeleton>#Armature_CmFillerObjectAL</skeleton>
          <bind_material>
            <technique_common>
              <instance_material symbol="CmFillerObjectAC" target="#CmFillerObjectAC" />
              <bind_vertex_input semantic="CHANNEL0" input_semantic="TEXCOORD" input_set="0" />
              <bind_vertex_input semantic="CHANNEL1" input_semantic="TEXCOORD" input_set="1" />
              <bind_vertex_input semantic="CHANNEL2" input_semantic="TEXCOORD" input_set="2" />
            </technique_common>
          </bind_material>
        </instance_controller>
      </node>
      <node id="CollisionM__CollisionC" name="CollisionM__CollisionC" type="NODE">
        <instance_controller url="#Armature_CollisionM__CollisionC-mesh">
          <skeleton>#Armature_CmFillerObjectAL</skeleton>
          <bind_material>
            <technique_common>
              <instance_material symbol="CollisionC" target="#CollisionC" />
              <bind_vertex_input semantic="CHANNEL0" input_semantic="TEXCOORD" input_set="0" />
              <bind_vertex_input semantic="CHANNEL1" input_semantic="TEXCOORD" input_set="1" />
              <bind_vertex_input semantic="CHANNEL2" input_semantic="TEXCOORD" input_set="2" />
            </technique_common>
          </bind_material>
        </instance_controller>
      </node>
    </visual_scene>
  </library_visual_scenes>
  <scene>
    <instance_visual_scene url="#Scene" />
  </scene>
</COLLADA>