<?xml version="1.0" encoding="utf-8"?>
<COLLADA xmlns="http://www.collada.org/2005/11/COLLADASchema" version="1.4.1">
  <asset />
  <library_images>
    <image id="SmallBirdsC_BaseColor.1357602204">
      <init_from>SmallBirdsC_BaseColor.1357602204.png</init_from>
    </image>
    <image id="SmallBirdsC_MRA.991885502">
      <init_from>SmallBirdsC_MRA.991885502.png</init_from>
    </image>
    <image id="SmallBirdsC_Normal._316133002">
      <init_from>SmallBirdsC_Normal._316133002.png</init_from>
    </image>
  </library_images>
  <library_materials>
    <material id="SmallBirdsC">
      <instance_effect url="#Effect_SmallBirdsC" />
    </material>
  </library_materials>
  <library_effects>
    <effect id="Effect_SmallBirdsC">
      <profile_COMMON>
        <newparam sid="surface_SmallBirdsC-diffuse">
          <surface type="2D">
            <init_from>SmallBirdsC_BaseColor.1357602204</init_from>
            <format>A8R8G8B8</format>
          </surface>
        </newparam>
        <newparam sid="sampler_SmallBirdsC-diffuse">
          <sampler2D>
            <source>surface_SmallBirdsC-diffuse</source>
            <wrap_s>WRAP</wrap_s>
            <wrap_t>WRAP</wrap_t>
          </sampler2D>
        </newparam>
        <newparam sid="surface_SmallBirdsC-bump">
          <surface type="2D">
            <init_from>SmallBirdsC_Normal._316133002</init_from>
            <format>A8R8G8B8</format>
          </surface>
        </newparam>
        <newparam sid="sampler_SmallBirdsC-bump">
          <sampler2D>
            <source>surface_SmallBirdsC-bump</source>
            <wrap_s>WRAP</wrap_s>
            <wrap_t>WRAP</wrap_t>
          </sampler2D>
        </newparam>
        <technique sid="common">
          <phong>
            <diffuse>
              <texture texture="sampler_SmallBirdsC-diffuse" texcoord="CHANNEL0" />
            </diffuse>
            <bump>
              <texture texture="sampler_SmallBirdsC-bump" texcoord="CHANNEL0" />
            </bump>
            <emission>
              <color sid="emission">0 0 0 1</color>
            </emission>
            <specular>
              <color sid="specular">0 0 0 1</color>
            </specular>
          </phong>
        </technique>
      </profile_COMMON>
    </effect>
  </library_effects>
  <library_geometries>
    <geometry id="BodyAM1__SmallBirdsC-mesh" name="BodyAM1__SmallBirdsC">
      <mesh>
        <source id="BodyAM1__SmallBirdsC-position">
          <float_array id="BodyAM1__SmallBirdsC-position-array" count="1842">0 0.2655297 0.05853744 0 0.2546774 0.04580443 -0.06627343 0.2382284 0.06998987 -0.06526245 0.2545524 0.08217002 -0.0978619 0.2221348 0.1323625 0 0.296832 0.0730985 -0.1006593 0.244678 0.1352573 -0.06668656 0.2891725 0.09214491 -0.0586395 0.3218122 0.1074127 0 0.3295418 0.09815908 -0.08211042 0.3168515 0.1389476 -0.0538085 0.3412488 0.1398939 0 0.3542983 0.1387484 -0.0963473 0.2831271 0.1383472 -0.08883452 0.3168838 0.1961366 -0.05365256 0.3469761 0.1959076 0 0.3627614 0.1949064 -5.029679E-06 0.3478159 0.2498126 -0.05107317 0.3304071 0.2462327 -0.1037039 0.2755906 0.1948708 -0.08103713 0.3023973 0.2422328 -0.1042227 0.2419253 0.1929901 -0.04064998 0.3102082 0.2862527 -0.09102601 0.2671276 0.2396507 -0.06288953 0.2867069 0.2821284 -0.1010148 0.2173197 0.1918053 -0.1008235 0.204262 0.1900105 -0.06989329 0.2587962 0.2805487 -0.02237014 0.273433 0.3067473 -0.03849464 0.2540356 0.299836 0 0.2807271 0.3119373 -0.06456895 0.2342678 0.2822507 -0.0225007 0.2366101 0.3039827 0 0.3234222 0.2892225 0.04065739 0.3102081 0.2862527 0.02236672 0.273433 0.3067473 -0.03587317 0.2133528 0.2887258 0 0.226112 0.3069447 -0.08766986 0.2298414 0.2406773 -0.04313365 0.1955995 0.2710585 -0.08357285 0.2066809 0.2358164 -0.08419479 0.1873182 0.2296447 -0.04401507 0.1770815 0.2597716 0 0.1726335 0.2811484 0 0.2063479 0.296082 0 0.1875934 0.2824246 0.04311324 0.1955995 0.2710585 0.04399935 0.1770815 0.2597716 0.03585915 0.2133528 0.2887258 0.02249279 0.2366101 0.3039827 0.06455908 0.2331651 0.2822507 0.03848564 0.2540356 0.299836 0.08361597 0.2053438 0.2322286 0.08430219 0.1867542 0.2296456 0.1009419 0.2027149 0.1900015 0.08773886 0.2272646 0.2359678 0.1011249 0.2153172 0.1917839 0.09789442 0.2211268 0.1323437 0.09115548 0.2636668 0.2396268 0.1043884 0.2394968 0.1929571 0.1006771 0.2433322 0.1352261 0.06988714 0.2577964 0.2805487 0.1039197 0.2724995 0.1948193 0.06289259 0.2855164 0.2821284 0.08103503 0.3007185 0.2422267 0.05109003 0.3304081 0.2462316 0.08884489 0.3152033 0.1961288 0.05368879 0.346981 0.1959021 0 0.3627614 0.1949064 0 0.3542983 0.1387484 0.05383257 0.3409604 0.1398893 0 0.3295418 0.09815908 0.09636043 0.2814273 0.138303 0.08212202 0.3157604 0.1389377 0.05865157 0.3215237 0.1074097 0 0.296832 0.0730985 0.06444965 0.2889212 0.09214596 0 0.2655297 0.05853744 0.06525304 0.2544287 0.08218015 0.06626321 0.2382141 0.07000776 0 0.2546774 0.04580443 0.08467957 0.06976844 -0.2882591 0.04642585 0.07991862 -0.1700772 0 0.06984283 -0.1688804 -0.04642583 0.07991976 -0.1700772 -0.08467957 0.06976843 -0.2882591 0 0.06879761 -0.305036 0.05399802 0.08713381 -0.1699444 0.04642585 0.07991862 -0.1700772 0 0.07441635 -0.3156411 0.08910531 0.07603201 -0.2970836 0.07803531 0.08229558 -0.2885184 0.04340969 0.09795661 -0.169745 0 0.106599 -0.168933 0 0.08003511 -0.3050361 -0.07803532 0.08229556 -0.2885184 -0.04340968 0.09795742 -0.169745 -0.053998 0.08713482 -0.1699444 -0.04642583 0.07991976 -0.1700772 -0.08910532 0.076032 -0.2970836 0 0.2368515 0.3369578 -0.009603277 0.2416855 0.3376176 0 0.226112 0.3069447 -0.0225007 0.2366101 0.3039827 0 0.2425458 0.3747169 -0.01651922 0.2513843 0.3390396 -0.03849464 0.2540356 0.299836 -0.02237014 0.273433 0.3067473 -0.009603277 0.2596157 0.3404615 0 0.2807271 0.3119373 0 0.2634359 0.3411214 0.009603277 0.2596157 0.3404615 0.02236672 0.273433 0.3067473 0.01651859 0.2513843 0.3390396 0.03848564 0.2540356 0.299836 0.02249279 0.2366101 0.3039827 0.009603277 0.2416855 0.3376176 0 0.2368515 0.3369578 0 0.226112 0.3069447 0 0.2546774 0.04580443 0 0.2343626 -0.01945929 -0.05557621 0.2206298 -0.01882172 0 0.1798462 -0.0935838 -0.06627343 0.2382284 0.06998987 -0.03980036 0.1597544 -0.09469713 0 0.106599 -0.168933 -0.04340968 0.09795742 -0.169745 -0.0984033 0.181631 -0.01819428 -0.0644759 0.1271058 -0.09542551 -0.07814528 0.09258503 -0.09560036 -0.053998 0.08713482 -0.1699444 -0.04642583 0.07991976 -0.1700772 -0.1222025 0.1271567 -0.01829138 -0.1145579 0.1917761 0.07175921 -0.0978619 0.2221348 0.1323625 -0.1134697 0.07115014 -0.01854497 -0.1106013 0.183816 0.1402535 -0.1008235 0.204262 0.1900105 -0.1424568 0.1292959 0.07173228 -0.1031833 0.1696769 0.1925232 -0.08419479 0.1873182 0.2296447 -0.1286815 0.1291788 0.1403346 -0.08246808 0.155833 0.2323679 -0.04401507 0.1770815 0.2597716 -0.1097374 0.1270002 0.1925497 -0.04594114 0.1491798 0.2654978 0 0.1726335 0.2811484 0 0.1479717 0.2845345 -0.08790617 0.1232692 0.2339782 -0.0477342 0.1202413 0.2665925 0 0.1163083 0.2849235 0 0.07310562 0.2718339 -0.05074276 0.07986291 0.2572094 0 0.02987049 0.2037627 -0.08881652 0.0937211 0.2282278 -0.06238466 0.04328208 0.2037321 0 0.009057258 0.1399169 -0.100174 0.07782075 0.192453 -0.07358067 0.02219788 0.1398546 0 0.001056251 0.07100818 -0.1207863 0.06739028 0.1400847 -0.1311501 0.05999196 0.07117143 -0.07776824 0.01224349 0.07088266 -0.0693063 0.02678235 -0.01864734 0 0.01208349 -0.01827275 -0.06194345 0.06605949 -0.09534271 -0.04205647 0.0430999 -0.09437539 0 0.03325844 -0.09317881 0 0.06984283 -0.1688804 0 0.2343626 -0.01945929 0 0.2546774 0.04580443 0.05557621 0.2206261 -0.01881687 0 0.1798462 -0.0935838 0.06626321 0.2382141 0.07000776 0.03980036 0.1597544 -0.09469713 0 0.106599 -0.168933 0.04340969 0.09795661 -0.169745 0.0984033 0.181631 -0.01819428 0.06447591 0.1271059 -0.09542551 0.07814528 0.09258501 -0.09560036 0.05399802 0.08713381 -0.1699444 0.04642585 0.07991862 -0.1700772 0.1222025 0.1271567 -0.01829138 0.1145517 0.19177 0.07176638 0.09789442 0.2211268 0.1323437 0.1134697 0.0711501 -0.01854497 0.1107187 0.1832124 0.1402545 0.1009419 0.2027149 0.1900015 0.1424568 0.1292959 0.07173228 0.1034183 0.1691251 0.1925232 0.08430219 0.1867542 0.2296456 0.1286943 0.1291456 0.1403346 0.08255642 0.155833 0.2323679 0.04399935 0.1770815 0.2597716 0.1097721 0.1270002 0.1925497 0.04593415 0.1491798 0.2654978 0 0.1726335 0.2811484 0 0.1479717 0.2845345 0.08791409 0.1232692 0.2339782 0.0477342 0.1202413 0.2665925 0 0.1163083 0.2849235 0 0.07310562 0.2718339 0.05074276 0.07986291 0.2572094 0 0.02987049 0.2037627 0.08881653 0.0937211 0.2282278 0.06238466 0.04328208 0.2037321 0 0.009057258 0.1399169 0.100174 0.07782075 0.192453 0.07358067 0.02219788 0.1398546 0 0.001056251 0.07100818 0.1207863 0.06739028 0.1400847 0.1311501 0.05999196 0.07117143 0.07776824 0.01224349 0.07088266 0.0693063 0.02678231 -0.01864734 0 0.01208349 -0.01827275 0.06194345 0.06605937 -0.09534271 0.04205647 0.0430999 -0.09437539 0 0.03325844 -0.09317881 0 0.06984283 -0.1688804 -0.6096318 0.1618241 0.1658196 -0.6184781 0.156582 0.1679544 -0.4463502 0.156582 0.2051088 -0.6010896 0.156582 0.1150163 -0.4430947 0.1623068 0.2017672 -0.5928081 0.1618241 0.114601 -0.5394579 0.156582 0.04923301 -0.3421043 0.156582 0.2263917 -0.5331305 0.1619646 0.05114553 -0.4383571 0.156582 -0.006067383 -0.4353136 0.1624699 -0.002358639 -0.3598285 0.156582 -0.02713162 -0.3422349 0.1629817 0.2223588 -0.3593834 0.1629678 -0.02292981 -0.2727155 0.156582 -0.02975848 -0.2729086 0.1635178 0.2303422 -0.2704506 0.156582 0.2346431 -0.2727155 0.1636397 -0.02547135 -0.2552426 0.1635976 0.2249578 -0.2523737 0.156582 0.2289633 -0.2214071 0.1639808 -0.02242348 -0.2172201 0.156582 -0.02660829 -0.2214069 0.1638533 0.1976462 -0.2172199 0.1565821 0.2007036 -0.1727529 0.1643346 -0.01742109 -0.172753 0.1642155 0.1743395 -0.1669326 0.1565821 0.1767603 -0.1669325 0.156582 -0.02128157 -0.1322028 0.1645243 0.1593728 -0.1250211 0.1565821 0.1612912 -0.1299579 0.1646305 -0.01023215 -0.1227008 0.156582 -0.01361997 -0.08261888 0.1648864 0.1463144 -0.07377256 0.1565821 0.1477944 -0.08261888 0.1649404 -0.0004170313 -0.07377256 0.1565821 -0.003173523 -0.4463502 0.156582 0.2051088 -0.6184781 0.156582 0.1679544 -0.6096318 0.1513399 0.1658196 -0.6010896 0.156582 0.1150163 -0.4430947 0.1508573 0.2017672 -0.5928081 0.15134 0.114601 -0.5394579 0.156582 0.04923301 -0.3421043 0.156582 0.2263917 -0.5331305 0.1511995 0.05114553 -0.4383571 0.156582 -0.006067383 -0.4353136 0.1506941 -0.002358639 -0.3598285 0.156582 -0.02713162 -0.3422349 0.1501824 0.2223588 -0.3593834 0.1501962 -0.02292981 -0.2727155 0.156582 -0.02975848 -0.2729086 0.1496463 0.2303422 -0.2704506 0.156582 0.2346431 -0.2727155 0.1495243 -0.02547135 -0.2552426 0.1495665 0.2249578 -0.2523737 0.156582 0.2289633 -0.2214071 0.1491833 -0.02242348 -0.2172201 0.156582 -0.02660829 -0.2214069 0.1493108 0.1976462 -0.2172199 0.1565821 0.2007036 -0.1727529 0.1488295 -0.01742109 -0.1669325 0.156582 -0.02128157 -0.172753 0.1489487 0.1743395 -0.1669326 0.1565821 0.1767603 -0.1299579 0.1485336 -0.01023215 -0.1227008 0.156582 -0.01361997 -0.1322028 0.1486399 0.1593728 -0.1250211 0.1565821 0.1612912 -0.08261888 0.1482777 0.1463144 -0.07377256 0.1565821 0.1477944 -0.08261888 0.1482238 -0.0004170313 -0.07377256 0.1565821 -0.003173523 0.6184781 0.156582 0.1679544 0.6096318 0.1618241 0.1658196 0.4463502 0.156582 0.2051088 0.6010896 0.156582 0.1150163 0.4430947 0.1623068 0.2017672 0.5928081 0.1618241 0.114601 0.5394579 0.156582 0.04923301 0.3421043 0.156582 0.2263917 0.5331305 0.1619646 0.05114553 0.4383571 0.156582 -0.006067383 0.4353136 0.1624699 -0.002358639 0.3598285 0.156582 -0.02713162 0.3422349 0.1629817 0.2223588 0.3593834 0.1629678 -0.02292981 0.2727155 0.156582 -0.02975848 0.2729086 0.1635178 0.2303422 0.2704506 0.156582 0.2346431 0.2727155 0.1636397 -0.02547135 0.2552426 0.1635976 0.2249578 0.2523737 0.156582 0.2289633 0.2214071 0.1639808 -0.02242348 0.2172201 0.156582 -0.02660829 0.2214069 0.1638533 0.1976462 0.2172199 0.1565821 0.2007036 0.172753 0.1642155 0.1743395 0.1669326 0.1565821 0.1767603 0.1727529 0.1643346 -0.01742109 0.1669325 0.156582 -0.02128157 0.1322028 0.1645243 0.1593728 0.1250211 0.1565821 0.1612912 0.1299579 0.1646305 -0.01023215 0.1227008 0.156582 -0.01361997 0.08261888 0.1648864 0.1463144 0.07377256 0.1565821 0.1477944 0.08261888 0.1649404 -0.0004170313 0.07377256 0.1565821 -0.003173523 0.6096318 0.1513399 0.1658196 0.6184781 0.156582 0.1679544 0.4463502 0.156582 0.2051088 0.6010896 0.156582 0.1150163 0.4430947 0.1508573 0.2017672 0.5928081 0.15134 0.114601 0.5394579 0.156582 0.04923301 0.3421043 0.156582 0.2263917 0.5331305 0.1511995 0.05114553 0.4383571 0.156582 -0.006067383 0.4353136 0.1506941 -0.002358639 0.3598285 0.156582 -0.02713162 0.3422349 0.1501824 0.2223588 0.3593834 0.1501962 -0.02292981 0.2727155 0.156582 -0.02975848 0.2729086 0.1496463 0.2303422 0.2704506 0.156582 0.2346431 0.2727155 0.1495243 -0.02547135 0.2552426 0.1495665 0.2249578 0.2523737 0.156582 0.2289633 0.2214071 0.1491833 -0.02242348 0.2214069 0.1493108 0.1976462 0.2172199 0.1565821 0.2007036 0.2172201 0.156582 -0.02660829 0.172753 0.1489487 0.1743395 0.1669326 0.1565821 0.1767603 0.1727529 0.1488295 -0.01742109 0.1669325 0.156582 -0.02128157 0.1322028 0.1486399 0.1593728 0.1250211 0.1565821 0.1612912 0.1299579 0.1485336 -0.01023215 0.1227008 0.156582 -0.01361997 0.08261888 0.1482777 0.1463144 0.07377256 0.1565821 0.1477944 0.08261888 0.1482238 -0.0004170313 0.07377256 0.1565821 -0.003173523 0.2190517 0.1534009 0.199366 0.1604798 0.1619096 0.1712374 0.1514481 0.1502858 0.1673328 -0.2620588 0.1548419 0.2307511 -0.2360017 0.1518332 -0.02481447 -0.2190517 0.1534009 0.199366 -0.2727155 0.160552 -0.02734697 -0.3596094 0.1573303 -0.02506354 -0.4368591 0.157272 -0.004241986 -0.3421696 0.1533822 0.2243752 -0.2360017 0.1518332 -0.02481447 -0.2620588 0.1548419 0.2307511 -0.4447224 0.1537197 0.203438 -0.5372829 0.1570866 0.04989044 -0.5991163 0.1571759 0.1149173 -0.6163702 0.1559882 0.1674457 -0.1604798 0.1512545 0.1712374 -0.2190517 0.1534009 0.199366 -0.1616839 0.152678 -0.01795909 -0.07729726 0.1578147 0.1472047 -0.07639881 0.1551455 -0.00235519 -0.1514481 0.1628783 0.1673328 -0.1604798 0.1512545 0.1712374 0.3421696 0.1533822 0.2243752 0.2620588 0.1583222 0.2307511 0.267388 0.1496213 0.2286596 0.2620588 0.1583222 0.2307511 0.2190517 0.1534009 0.199366 0.2727155 0.1526121 -0.02734697 0.2193136 0.1528827 -0.02451589 0.2727155 0.1526121 -0.02734697 0.3421696 0.1533822 0.2243752 0.3596094 0.1558337 -0.02506354 0.4368591 0.157272 -0.004241986 0.4447224 0.1537197 0.203438 0.5372829 0.1570866 0.04989044 0.5991163 0.1571759 0.1149173 0.6163702 0.1559882 0.1674457 0.1514481 0.1502858 0.1673328 0.1604798 0.1619096 0.1712374 0.07729726 0.1578147 0.1472047 0.2190517 0.1534009 0.199366 0.2214069 0.1638533 0.1976462 0.2190517 0.1534009 0.199366 0.2620588 0.1583222 0.2307511 0.2630952 0.1637037 -0.02489987 0.2727155 0.1526121 -0.02734697 0.2193136 0.1528827 -0.02451589 0.3596094 0.1558337 -0.02506354 0.1616839 0.1604861 -0.01795909 0.07729726 0.1578147 0.1472047 0.07639881 0.1551455 -0.00235519 0.2193136 0.1528827 -0.02451589 0.2620588 0.1583222 0.2307511 0.3422349 0.1629817 0.2223588 0.3596094 0.1558337 -0.02506354 0.3421696 0.1533822 0.2243752 0.4368591 0.157272 -0.004241986 0.4430947 0.1623068 0.2017672 0.4447224 0.1537197 0.203438 0.6163702 0.1559882 0.1674457 0.5372829 0.1570866 0.04989044 0.5991163 0.1571759 0.1149173 0.6163702 0.1559882 0.1674457 -0.05244887 0.08696574 -0.1699475 -0.03980036 0.1597544 -0.09469713 0 0.106599 -0.168933 0 0.1798462 -0.0935838 0 0.106599 -0.168933 -0.05557621 0.2206298 -0.01882172 0 0.2343626 -0.01945929 0 0.2601035 0.05217093 -0.0659575 0.2433297 0.07379617 -0.0984033 0.181631 -0.01819428 -0.07729094 0.09474257 -0.09558943 -0.05244887 0.08696574 -0.1699475 -0.1145579 0.191776 0.07175921 -0.09976028 0.2198106 0.1336655 -0.1222025 0.1271567 -0.01829138 -0.1424568 0.1292959 0.07173228 -0.1134697 0.07115012 -0.01854497 -0.1192095 0.1280895 0.1664421 -0.1011708 0.2035094 0.1908154 -0.0432994 0.04453488 -0.09443584 -0.05244887 0.08696574 -0.1699475 0 0.06984282 -0.1688804 0 0.06984282 -0.1688804 0 0.0239944 -0.06040741 -0.0693063 0.02678235 -0.01864734 0 0.001056254 0.07100818 -0.07776824 0.01224348 0.07088266 -0.1311501 0.05999196 0.07117143 -0.07358067 0.02219789 0.1398546 0 0.009057254 0.1399169 -0.1182097 0.06869408 0.1466307 -0.06238466 0.04328209 0.2037321 0 0.0298705 0.2037627 -0.08858894 0.1011081 0.2296654 -0.05036669 0.08491021 0.2583823 0 0.08120614 0.2742882 0 0.1793427 0.2818923 -0.04394761 0.1791367 0.2621786 -0.08246808 0.155833 0.2323679 -0.08514713 0.2047666 0.2344184 0.2190517 0.1534009 0.199366 0.1514481 0.1502858 0.1673328 0.2193136 0.1528827 -0.02451589 0.1647288 0.148774 -0.01607317 0.07729726 0.1578147 0.1472047 0.07639881 0.1551455 -0.00235519 0.1616839 0.1604861 -0.01795909 0.2193136 0.1528827 -0.02451589 0.001650563 0.2382866 0.3371536 -0.03449615 0.2496792 0.3008727 0 0.2248768 0.3062658 0.0001404693 0.2437065 0.3704123 -0.02237014 0.273433 0.3067473 0.000187564 0.2795718 0.3137484 0.02236672 0.273433 0.3067473 0.000187564 0.2795718 0.3137484 0.03448743 0.2496792 0.3008727 0.001650563 0.2382866 0.3371536 0 0.2248768 0.3062658 0 0.2601035 0.05217093 -0.0659575 0.2433297 0.07379617 0 0.296832 0.0730985 -0.06115421 0.3116123 0.1026415 -0.09976028 0.2198106 0.1336655 0 0.3295418 0.09815907 0 0.296832 0.0730985 -0.08566964 0.3084204 0.1387975 -0.0538085 0.3412488 0.1398939 0 0.3542983 0.1387484 -0.1005344 0.2734749 0.2060658 -0.1011708 0.2035094 0.1908154 -0.08883452 0.3168838 0.1961366 -0.05365256 0.3469761 0.1959076 0 0.3627614 0.1949064 -5.029679E-06 0.3478159 0.2498126 -0.08514713 0.2047666 0.2344184 -0.1011708 0.2035094 0.1908154 -0.04394761 0.1791367 0.2621786 -0.05918849 0.2303462 0.2834648 0 0.2248768 0.3062658 -0.08514713 0.2047666 0.2344184 -0.08103713 0.3023973 0.2422328 -0.06595367 0.274496 0.2814373 -0.03449615 0.2496792 0.3008727 0 0.2248768 0.3062658 -0.02237014 0.273433 0.3067473 -0.04195288 0.3127331 0.2812502 0.000187564 0.2795718 0.3137484 0.000187564 0.2795718 0.3137484 0 0.3234222 0.2892225 0.04196147 0.3127331 0.2812501 0.02236672 0.273433 0.3067473 0.05368879 0.3469809 0.1959021 0 0.3627614 0.1949064 0 0.3542983 0.1387484 0.0659527 0.273389 0.2814373 0.03448743 0.2496792 0.3008727 0.05383257 0.3409604 0.1398893 0 0.3295418 0.09815907 0.08884489 0.3152033 0.1961288 0.08103503 0.3007185 0.2422267 0.05937633 0.3174484 0.1055018 0 0.296832 0.0730985 0.08657152 0.3050313 0.1387393 0.1007286 0.2702913 0.2060212 0 0.2601035 0.05217093 0 0.296832 0.0730985 0.06594753 0.2432812 0.07381163 0.09964962 0.2176018 0.1334902 0.1012914 0.2012729 0.1907066 0.08593509 0.2176742 0.2343319 0.08299287 0.1635633 0.2316873 0.04393146 0.1791367 0.2621786 0.06097159 0.2306886 0.2830601 0.04393146 0.1791367 0.2621786 0 0.2248768 0.3062658 0 0.1793427 0.2818923 -0.04394761 0.1791367 0.2621786 0.08734131 0.07593414 -0.2950437 0.05244889 0.08696473 -0.1699475 0 0.06984282 -0.1688804 -0.05244887 0.08696574 -0.1699475 -0.08734132 0.07593411 -0.2950437 0.05244889 0.08696473 -0.1699475 0 0.106599 -0.168933 -0.05244887 0.08696574 -0.1699475 0 0.0747675 -0.3149783 0 0.06984282 -0.1688804 -0.07729726 0.1578147 0.1472047 -0.07639881 0.1551455 -0.00235519 -0.1647288 0.1643901 -0.01607317 -0.1514481 0.1628783 0.1673328 -0.07639881 0.1551455 -0.00235519 -0.1616839 0.152678 -0.01795909 -0.2360017 0.1518332 -0.02481447 -0.2727155 0.160552 -0.02734697 -0.1604798 0.1512545 0.1712374 -0.2190517 0.1534009 0.199366 -0.267388 0.1635427 0.2286596 -0.2620588 0.1548419 0.2307511 -0.3421696 0.1533822 0.2243752 -0.3422349 0.1629817 0.2223588 -0.3596094 0.1573303 -0.02506354 -0.4368591 0.157272 -0.004241986 -0.4430947 0.1623068 0.2017672 -0.4447224 0.1537197 0.203438 -0.6163702 0.1559882 0.1674457 -0.5372829 0.1570866 0.04989044 -0.5991163 0.1571759 0.1149173 -0.6163702 0.1559882 0.1674457 0.05244889 0.08696473 -0.1699475 0 0.106599 -0.168933 0.03980036 0.1597544 -0.09469713 0.07729094 0.0947426 -0.09558943 0 0.1798462 -0.0935838 0 0.106599 -0.168933 0.05557621 0.2206261 -0.01881687 0 0.2343626 -0.01945929 0 0.2601035 0.05217093 0.06594753 0.2432812 0.07381163 0.0984033 0.181631 -0.01819428 0.1145517 0.19177 0.07176638 0.09964962 0.2176018 0.1334902 0.1222025 0.1271567 -0.01829138 0.1424568 0.1292959 0.07173228 0.1134697 0.07115009 -0.01854497 0.1192332 0.1280729 0.1664421 0.1012914 0.2012729 0.1907066 0.08299287 0.1635633 0.2316873 0.08859092 0.1011081 0.2296654 0.04393146 0.1791367 0.2621786 0.1182097 0.06869408 0.1466307 0.1311501 0.05999196 0.07117143 0.05036669 0.08491021 0.2583823 0 0.1793427 0.2818923 0 0.08120614 0.2742882 0 0.0298705 0.2037627 0.06238466 0.04328209 0.2037321 0 0.009057254 0.1399169 0.07358067 0.02219789 0.1398546 0 0.001056254 0.07100818 0.07776824 0.01224348 0.07088266 0.0693063 0.02678232 -0.01864734 0 0.0239944 -0.06040741 0.0432994 0.04453488 -0.09443584 0 0.06984282 -0.1688804 0.05244889 0.08696473 -0.1699475</float_array>
          <technique_common>
            <accessor source="#BodyAM1__SmallBirdsC-position-array" count="614" stride="3">
              <param name="X" type="float" />
              <param name="Y" type="float" />
              <param name="Z" type="float" />
            </accessor>
          </technique_common>
        </source>
        <source id="BodyAM1__SmallBirdsC-normal">
          <float_array id="BodyAM1__SmallBirdsC-normal-array" count="1842">0 0.479452 -0.8767123 0 0.9393346 -0.3444227 -0.5812133 0.7553816 -0.2994129 -0.6457925 0.3013699 -0.702544 -0.9569471 0.2661448 -0.1154599 0 0.4481409 -0.8943248 -0.9530333 0.06262231 -0.297456 -0.5714286 0.3522505 -0.739726 -0.407045 0.6438356 -0.6477495 0.001956947 0.7201566 -0.6947162 -0.8082192 0.5459883 -0.221135 -0.3855186 0.888454 -0.2485323 0.001956947 0.9569471 -0.2935421 -0.9275929 0.2367906 -0.2915851 -0.816047 0.5714286 0.09589041 -0.444227 0.890411 0.09001957 0 0.9980431 0.07436399 0 0.9354208 0.3542074 -0.4618395 0.81409 0.3502935 -0.9784736 0.18591 0.08219178 -0.7984344 0.4911937 0.3502935 -0.9941292 -0.04500978 0.09393346 -0.4207436 0.6046967 0.6771037 -0.9315069 0.1076321 0.3463796 -0.6653621 0.2915851 0.6868885 -0.9804305 -0.1252446 0.1506849 -0.9706458 0.1076321 0.2172211 -0.7318982 0 0.6810176 -0.4031311 0.2485323 0.8806262 -0.4951076 -0.05675147 0.8669276 0 0.4285714 0.9041096 -0.6810176 -0.3091977 0.6653621 -0.4109589 -0.2700587 0.8708415 0 0.702544 0.7123288 0.4285714 0.6007828 0.6751468 0.4050881 0.2504892 0.8786693 -0.3855186 -0.4735812 0.7925636 0 -0.4559687 0.890411 -0.9001957 -0.1682975 0.3992172 -0.5616438 -0.4716243 0.6790606 -0.849315 -0.1937378 0.4911937 -0.8180039 0.009784736 0.5733855 -0.555773 -0.005870841 0.8317025 0 0.09589041 0.9960861 0 -0.5518591 0.8336595 0 -0.3933464 0.9197652 0.5772994 -0.4774951 0.6614481 0.5596869 -0.001956947 0.8297456 0.3776908 -0.4774951 0.7925636 0.4090019 -0.2681018 0.8727984 0.6868885 -0.3228963 0.6516634 0.4951076 -0.05479452 0.8669276 0.8454012 -0.1624266 0.5088063 0.8062623 0.037182 0.5890411 0.9667319 0.1232877 0.221135 0.8982387 -0.1898239 0.3992172 0.9804305 -0.1193738 0.1545988 0.9569471 0.2681018 -0.1135029 0.9315069 0.09393346 0.3502935 0.9941292 -0.05088063 0.09589041 0.9510763 0.07240704 -0.3013699 0.7318982 0.001956947 0.6810176 0.9804305 0.1819961 0.08610567 0.6692759 0.2896282 0.6849315 0.8082192 0.4755382 0.3463796 0.4735812 0.8082192 0.3502935 0.8258317 0.555773 0.09589041 0.4559687 0.8845401 0.08806262 0 0.9980431 0.07436399 0.001956947 0.9569471 -0.2935421 0.3953033 0.8845401 -0.2465753 0.001956947 0.7201566 -0.6947162 0.925636 0.2407045 -0.295499 0.816047 0.5322896 -0.2250489 0.4187867 0.6360078 -0.6497065 0 0.4481409 -0.8943248 0.5655577 0.3581213 -0.7436399 0 0.479452 -0.8767123 0.6497065 0.3091977 -0.6947162 0.5812133 0.7573385 -0.2994129 0 0.9393346 -0.3444227 0.2426614 -0.9706458 0.001956947 0.3874756 -0.9217221 -0.02348337 0 -0.9941292 -0.1037182 -0.3874756 -0.9217221 -0.02348337 -0.2426614 -0.9706458 0.001956947 0 -0.9960861 -0.08806262 0.9549902 0.2857143 0.08610567 0.3874756 -0.9217221 -0.02348337 0 0.003913894 -1 0.8727984 0.05870841 -0.4853229 0.2289628 0.960861 -0.1624266 0.3855186 0.8864971 -0.2524462 0 0.9354208 -0.3542074 0 0.9667319 -0.2524462 -0.2289628 0.960861 -0.1624266 -0.3855186 0.8864971 -0.2524462 -0.9549902 0.2857143 0.08610567 -0.3874756 -0.9217221 -0.02348337 -0.8727984 0.05870841 -0.4853229 0 -0.9569471 0.2915851 -0.6066536 -0.7338552 0.3052838 0 -0.9432485 0.3307241 -0.6340509 -0.6888454 0.3502935 0 -0.2465753 0.9686888 -0.8767123 -0.01565558 0.479452 -0.8688846 -0.02739726 0.4931507 -0.6262231 0.6144814 0.479452 -0.5694716 0.6634051 0.483366 0 0.8630137 0.5068493 0 0.8590998 0.5107632 0.5694716 0.6634051 0.483366 0.6262231 0.6144814 0.479452 0.8767123 -0.01565558 0.479452 0.8688846 -0.02739726 0.4931507 0.6340509 -0.6888454 0.3502935 0.6066536 -0.7338552 0.3052838 0 -0.9569471 0.2915851 0 -0.9432485 0.3307241 0 0.9393346 -0.3444227 0 0.9001957 -0.4363992 -0.4716243 0.7808219 -0.4109589 0 0.7651663 -0.6438356 -0.5812133 0.7553816 -0.2994129 -0.4461839 0.6536204 -0.6125244 0 0.9354208 -0.3542074 -0.3855186 0.8864971 -0.2524462 -0.7573385 0.5322896 -0.3796478 -0.7162427 0.4324853 -0.5459883 -0.8649706 -0.001956947 -0.5009785 -0.9549902 0.2857143 0.08610567 -0.3874756 -0.9217221 -0.02348337 -0.9275929 0.1272016 -0.3522505 -0.8414873 0.5283757 -0.1174168 -0.9569471 0.2661448 -0.1154599 -0.8414873 -0.4481409 -0.2994129 -0.9412916 0.297456 0.1565558 -0.9706458 0.1076321 0.2172211 -0.9921722 0.1174168 -0.05088063 -0.9315069 0.1761252 0.3189824 -0.8180039 0.009784736 0.5733855 -0.9706458 0.08023483 0.2270059 -0.7651663 0.1135029 0.6340509 -0.555773 -0.005870841 0.8317025 -0.9275929 0.02544031 0.37182 -0.5127202 0.1056751 0.851272 0 0.09589041 0.9960861 0 0.1037182 0.9941292 -0.776908 -0.003913894 0.62818 -0.4872798 -0.07827789 0.8708415 0 -0.1369863 0.9902152 0 -0.6555773 0.7534246 -0.4031311 -0.5851272 0.702544 0 -0.9001957 0.4344423 -0.7455969 -0.3502935 0.5675147 -0.3894325 -0.8082192 0.4403131 0 -0.9745597 0.223092 -0.7945206 -0.4481409 0.4109589 -0.4168297 -0.8767123 0.2387476 0 -1 -0.02348337 -0.853229 -0.4540117 0.258317 -0.8786693 -0.4755382 -0.04305284 -0.4305284 -0.9021527 -0.0332681 -0.4422701 -0.8630137 -0.2426614 0 -0.9804305 -0.1996086 -0.7592955 -0.5225049 -0.3894325 -0.4011742 -0.8473581 -0.3483366 0 -0.9471624 -0.3189824 0 -0.9941292 -0.1037182 0 0.9001957 -0.4363992 0 0.9393346 -0.3444227 0.4716243 0.7808219 -0.4090019 0 0.7651663 -0.6438356 0.5812133 0.7573385 -0.2994129 0.4461839 0.6536204 -0.6125244 0 0.9354208 -0.3542074 0.3855186 0.8864971 -0.2524462 0.7573385 0.5322896 -0.3796478 0.7162427 0.4324853 -0.5459883 0.8649706 -0.001956947 -0.5009785 0.9549902 0.2857143 0.08610567 0.3874756 -0.9217221 -0.02348337 0.9275929 0.1272016 -0.3522505 0.8414873 0.5283757 -0.1154599 0.9569471 0.2681018 -0.1135029 0.8414873 -0.4481409 -0.2994129 0.9412916 0.3013699 0.1565558 0.9667319 0.1232877 0.221135 0.9921722 0.1174168 -0.05088063 0.9315069 0.1780822 0.3189824 0.8062623 0.037182 0.5890411 0.9706458 0.07827789 0.2270059 0.7632094 0.1135029 0.6360078 0.5596869 -0.001956947 0.8297456 0.9275929 0.02348337 0.37182 0.5127202 0.1056751 0.853229 0 0.09589041 0.9960861 0 0.1037182 0.9941292 0.776908 -0.005870841 0.62818 0.4872798 -0.07827789 0.8708415 0 -0.1369863 0.9902152 0 -0.6555773 0.7534246 0.4031311 -0.5851272 0.702544 0 -0.9001957 0.4344423 0.7455969 -0.3502935 0.5675147 0.3894325 -0.8082192 0.4403131 0 -0.9745597 0.223092 0.7945206 -0.4481409 0.4109589 0.4168297 -0.8767123 0.2387476 0 -1 -0.02348337 0.853229 -0.4540117 0.258317 0.8786693 -0.4755382 -0.04305284 0.4305284 -0.9021527 -0.0332681 0.4422701 -0.8630137 -0.2426614 0 -0.9804305 -0.1996086 0.7592955 -0.5225049 -0.3894325 0.4011742 -0.8473581 -0.3483366 0 -0.9471624 -0.3189824 0 -0.9941292 -0.1037182 -0.111546 0.9686888 0.2191781 -0.6360078 0 0.7710372 -0.2093934 0 0.9784736 -0.8727984 0 -0.4892368 -0.02152642 0.9960861 0.07632094 -0.06457926 0.9960861 -0.04696673 -0.6340509 0 -0.7729941 -0.1624266 0 0.9863014 -0.04500978 0.9980431 -0.06066536 -0.4031311 0 -0.9158513 -0.02935421 0.9980431 -0.05675147 -0.1369863 0 -0.9902152 -0.01369863 1 0.037182 -0.01174168 1 -0.03913894 0.001956947 0 -1 -0.009784736 1 0.03522505 -0.001956947 0 1 -0.007827789 1 -0.0332681 0.02152642 0.9980431 0.04305284 0.5440313 0 0.8395303 -0.003913894 1 -0.037182 0.08414873 0 -0.9960861 0.009784736 1 0.02739726 0.5048923 0 0.8630137 -0.001956947 1 -0.04109589 0.009784736 1 0.037182 0.3776908 0 0.925636 0.1448141 0 -0.9902152 0.007827789 1 0.04305284 0.2778865 0 0.960861 0.001956947 0.9980431 -0.04696673 0.1937378 0 -0.9804305 0.1330724 0.9902152 0.05675147 0.9843444 0 0.1800391 0.1389433 0.9882583 -0.05283757 0.9804305 0 -0.1937378 -0.2093934 0 0.9784736 -0.6360078 0 0.7710372 -0.111546 -0.9686888 0.2191781 -0.8727984 0 -0.4892368 -0.02152642 -0.9960861 0.07632094 -0.06457926 -0.9960861 -0.04696673 -0.6340509 0 -0.7729941 -0.1624266 0 0.9863014 -0.04500978 -0.9980431 -0.06066536 -0.4031311 0 -0.9158513 -0.02935421 -0.9980431 -0.05675147 -0.1369863 0 -0.9902152 -0.01369863 -1 0.037182 -0.01174168 -1 -0.03913894 0.001956947 0 -1 -0.009784736 -1 0.03522505 -0.001956947 0 1 -0.007827789 -1 -0.0332681 0.02152642 -0.9980431 0.04305284 0.5440313 0 0.8395303 -0.003913894 -1 -0.037182 0.08414873 0 -0.9960861 0.009784736 -1 0.02739726 0.5048923 0 0.8630137 -0.001956947 -1 -0.04109589 0.1448141 0 -0.9902152 0.009784736 -1 0.037182 0.3776908 0 0.925636 0.001956947 -0.9980431 -0.04696673 0.1937378 0 -0.9804305 0.007827789 -1 0.04305284 0.2778865 0 0.960861 0.1330724 -0.9902152 0.05675147 0.9843444 0 0.1800391 0.1389433 -0.9882583 -0.05283757 0.9804305 0 -0.1937378 0.6360078 0 0.7710372 0.111546 0.9686888 0.2191781 0.2093934 0 0.9784736 0.8727984 0 -0.4892368 0.02152642 0.9960861 0.07632094 0.06457926 0.9960861 -0.04696673 0.6340509 0 -0.7729941 0.1624266 0 0.9863014 0.04500978 0.9980431 -0.06066536 0.4031311 0 -0.9158513 0.02935421 0.9980431 -0.05675147 0.1369863 0 -0.9902152 0.01369863 1 0.037182 0.01174168 1 -0.03913894 -0.001956947 0 -1 0.009784736 1 0.03522505 0.001956947 0 1 0.007827789 1 -0.0332681 -0.02152642 0.9980431 0.04305284 -0.5440313 0 0.8395303 0.003913894 1 -0.037182 -0.08414873 0 -0.9960861 -0.009784736 1 0.02739726 -0.5048923 0 0.8630137 -0.009784736 1 0.037182 -0.3776908 0 0.925636 0.001956947 1 -0.04109589 -0.1448141 0 -0.9902152 -0.007827789 1 0.04305284 -0.2778865 0 0.960861 -0.001956947 0.9980431 -0.04696673 -0.1937378 0 -0.9804305 -0.1330724 0.9902152 0.05675147 -0.9843444 0 0.1800391 -0.1389433 0.9882583 -0.05283757 -0.9804305 0 -0.1937378 0.111546 -0.9686888 0.2191781 0.6360078 0 0.7710372 0.2093934 0 0.9784736 0.8727984 0 -0.4892368 0.02152642 -0.9960861 0.07632094 0.06457926 -0.9960861 -0.04696673 0.6340509 0 -0.7729941 0.1624266 0 0.9863014 0.04500978 -0.9980431 -0.06066536 0.4031311 0 -0.9158513 0.02935421 -0.9980431 -0.05675147 0.1369863 0 -0.9902152 0.01369863 -1 0.037182 0.01174168 -1 -0.03913894 -0.001956947 0 -1 0.009784736 -1 0.03522505 0.001956947 0 1 0.007827789 -1 -0.0332681 -0.02152642 -0.9980431 0.04305284 -0.5440313 0 0.8395303 0.003913894 -1 -0.037182 -0.009784736 -1 0.02739726 -0.5048923 0 0.8630137 -0.08414873 0 -0.9960861 -0.009784736 -1 0.037182 -0.3776908 0 0.925636 0.001956947 -1 -0.04109589 -0.1448141 0 -0.9902152 -0.007827789 -1 0.04305284 -0.2778865 0 0.960861 -0.001956947 -0.9980431 -0.04696673 -0.1937378 0 -0.9804305 -0.1330724 -0.9902152 0.05675147 -0.9843444 0 0.1800391 -0.1389433 -0.9882583 -0.05283757 -0.9804305 0 -0.1937378 -0.04500978 -0.9980431 0.03522505 -0.05675147 0.9980431 0.04109589 -0.03131115 -0.9980431 0.05870841 0.01956947 -0.9980431 0.04696673 -0.01761252 -0.9980431 -0.05870841 0.01761252 -0.9960861 0.09589041 -0.02544031 0.9980431 -0.05088063 -0.2504892 -0.9530333 -0.1643836 -0.3111546 -0.2152642 -0.925636 -0.009784736 -1 0.03522505 -0.01761252 -0.9980431 -0.05870841 0.01956947 -0.9980431 0.04696673 -0.01761252 -0.9980431 0.04696673 -0.5812133 -0.07240704 -0.8101761 -0.8336595 0.01174168 -0.553816 -0.9784736 -0.02544031 -0.2074364 0.03913894 -0.9980431 0.04892368 0.01761252 -0.9960861 0.09589041 0.037182 -0.9960861 -0.0704501 0.8297456 -0.55773 0.001956947 0.9902152 0.1389433 -0.04109589 0.02544031 1 0.03131115 0.03913894 -0.9980431 0.04892368 0.03522505 -0.9980431 0.0332681 -0.02739726 0.9980431 0.06066536 0.005870841 -1 0.0332681 -0.02739726 0.9980431 0.06066536 -0.04500978 -0.9980431 0.03522505 0.02152642 -0.9980431 -0.05870841 0.02152642 -0.9960861 -0.07827789 0.02152642 -0.9980431 -0.05870841 0.03522505 -0.9980431 0.0332681 0.8062623 0.4344423 -0.4011742 0.3131115 -0.2113503 -0.925636 0.01761252 -0.9980431 0.04696673 0.5812133 -0.07240704 -0.8101761 0.8336595 0.01174168 -0.553816 0.9784736 -0.02544031 -0.2074364 -0.03131115 -0.9980431 0.05870841 -0.05675147 0.9980431 0.04109589 -0.8180039 0.5733855 -0.001956947 -0.04500978 -0.9980431 0.03522505 0.02544031 0.9980431 0.04500978 -0.04500978 -0.9980431 0.03522505 -0.02739726 0.9980431 0.06066536 0.02348337 0.9980431 -0.04696673 0.02152642 -0.9980431 -0.05870841 0.02152642 -0.9960861 -0.07827789 0.8062623 0.4344423 -0.4011742 -0.05088063 0.9960861 -0.06457926 -0.8180039 0.5733855 -0.001956947 -0.9863014 -0.1585127 -0.03522505 0.02152642 -0.9960861 -0.07827789 -0.02739726 0.9980431 0.06066536 -0.005870841 1 0.037182 0.8062623 0.4344423 -0.4011742 0.03522505 -0.9980431 0.0332681 0.3131115 -0.2113503 -0.925636 0.02152642 1 0.037182 0.01761252 -0.9980431 0.04696673 0.9784736 -0.02544031 -0.2074364 0.5812133 -0.07240704 -0.8101761 0.8336595 0.01174168 -0.553816 0.9784736 -0.02544031 -0.2074364 -0.9373777 0.01174168 -0.3483366 -0.5381604 0.5812133 -0.6105675 0 0.9334638 -0.3581213 0 0.7475538 -0.6634051 0 0.9334638 -0.3581213 -0.4481409 0.7827789 -0.4305284 0 0.8806262 -0.4735812 0.02348337 0.8356164 -0.5479452 -0.6555773 0.6379648 -0.4031311 -0.7436399 0.5244619 -0.4148728 -0.8688846 0.003913894 -0.4931507 -0.9373777 0.01174168 -0.3483366 -0.8317025 0.5381604 -0.1350294 -0.9569471 0.2876712 -0.05479452 -0.9138943 0.1545988 -0.3737769 -0.9921722 0.1291585 0 -0.8434442 -0.4324853 -0.3209393 -0.9510763 0.07827789 0.297456 -0.9784736 0.0665362 0.1956947 -0.4481409 -0.8043053 -0.3874756 -0.9373777 0.01174168 -0.3483366 0 -0.9921722 -0.1232877 0 -0.9921722 -0.1232877 0 -0.9667319 -0.2563601 -0.4050881 -0.8825831 -0.2387476 0 -0.9980431 -0.05088063 -0.4109589 -0.9099804 -0.04305284 -0.8786693 -0.4735812 -0.04305284 -0.4207436 -0.8727984 0.2446184 0 -0.9765166 0.2152642 -0.8630137 -0.407045 0.2994129 -0.4422701 -0.7592955 0.4774951 0 -0.8864971 0.4618395 -0.776908 -0.2152642 0.592955 -0.4383562 -0.3835616 0.8121331 0 -0.4403131 0.8982387 0 -0.2015656 0.9784736 -0.5088063 -0.183953 0.8414873 -0.7984344 0.02739726 0.6007828 -0.8590998 -0.1037182 0.5009785 -0.04500978 -0.9980431 0.03522505 -0.03131115 -0.9980431 0.05870841 0.02152642 -0.9960861 -0.07827789 -0.01174168 -0.9980431 -0.05283757 -0.8180039 0.5733855 -0.001956947 -0.9863014 -0.1585127 -0.03522505 -0.05088063 0.9960861 -0.06457926 0.02152642 -0.9960861 -0.07827789 0.01369863 -0.9726027 0.2328767 -0.8786693 -0.1154599 0.4657534 -0.01956947 -0.9158513 0.3992172 -0.037182 0.07632094 0.9960861 -0.7005871 0.518591 0.4892368 0 0.8454012 0.5342466 0.704501 0.516634 0.4872798 0 0.8454012 0.5342466 0.8864971 -0.09393346 0.4520548 0.01369863 -0.9726027 0.2328767 -0.01956947 -0.9158513 0.3992172 0.02348337 0.8356164 -0.5479452 -0.6555773 0.6379648 -0.4031311 -0.0704501 0.5068493 -0.8590998 -0.5812133 0.4618395 -0.6692759 -0.9569471 0.2876712 -0.05479452 -0.01369863 0.7455969 -0.667319 -0.0704501 0.5068493 -0.8590998 -0.8962818 0.3307241 -0.297456 -0.4285714 0.8551859 -0.2915851 0.001956947 0.9530333 -0.3052838 -0.9863014 0.09784736 0.1291585 -0.9784736 0.0665362 0.1956947 -0.8062623 0.5792564 0.1213307 -0.4755382 0.8630137 0.1663405 0 0.9980431 0.05283757 0 0.9158513 0.4011742 -0.8590998 -0.1037182 0.5009785 -0.9784736 0.0665362 0.1956947 -0.5088063 -0.183953 0.8414873 -0.6966732 -0.2524462 0.6712329 0.003913894 -0.4559687 0.890411 -0.8590998 -0.1037182 0.5009785 -0.7964775 0.4422701 0.4109589 -0.7925636 0.09197652 0.6027398 -0.4637965 -0.1428571 0.8747554 0.003913894 -0.4559687 0.890411 -0.4403131 0.2700587 0.8551859 -0.481409 0.6536204 0.5831702 0 0.4559687 0.890411 0 0.4559687 0.890411 0 0.6908023 0.7240704 0.4892368 0.6516634 0.5792564 0.4461839 0.2681018 0.853229 0.4892368 0.8571429 0.1643836 0 0.9980431 0.05283757 0.001956947 0.9530333 -0.3052838 0.7886497 0.109589 0.6066536 0.4559687 -0.1409002 0.8786693 0.444227 0.8551859 -0.2681018 -0.01369863 0.7455969 -0.667319 0.816047 0.5655577 0.1174168 0.8062623 0.4305284 0.407045 0.5264188 0.5322896 -0.6634051 -0.0704501 0.5068493 -0.8590998 0.9021527 0.3228963 -0.2857143 0.9882583 0.1017613 0.1135029 0.02348337 0.8356164 -0.5479452 -0.0704501 0.5068493 -0.8590998 0.6497065 0.6183953 -0.4422701 0.9589041 0.2759295 -0.06262231 0.9784736 0.0704501 0.1917808 0.8688846 -0.1135029 0.483366 0.7945206 0.01956947 0.6086106 0.5205479 -0.1761252 0.8356164 0.6868885 -0.2837573 0.6692759 0.5205479 -0.1761252 0.8356164 0.003913894 -0.4559687 0.890411 0 -0.2015656 0.9784736 -0.5088063 -0.183953 0.8414873 0.592955 0.01956947 -0.8062623 0.9373777 0.01174168 -0.3483366 0 -0.9921722 -0.1232877 -0.9373777 0.01174168 -0.3483366 -0.592955 0.01956947 -0.8062623 0.9373777 0.01174168 -0.3483366 0 0.9334638 -0.3581213 -0.9373777 0.01174168 -0.3483366 0 0.003913894 -1 0 -0.9921722 -0.1232877 0.8297456 -0.55773 0.001956947 0.9902152 0.1389433 -0.04109589 0.01565558 0.9980431 -0.05088063 0.02544031 1 0.03131115 0.9902152 0.1389433 -0.04109589 0.037182 -0.9960861 -0.0704501 -0.01761252 -0.9980431 -0.05870841 -0.02544031 0.9980431 -0.05088063 0.03913894 -0.9980431 0.04892368 0.01761252 -0.9960861 0.09589041 0.001956947 1 0.02152642 0.01956947 -0.9980431 0.04696673 -0.009784736 -1 0.03522505 -0.01565558 1 0.02544031 -0.2504892 -0.9530333 -0.1643836 -0.3111546 -0.2152642 -0.925636 -0.02152642 1 0.037182 -0.01761252 -0.9980431 0.04696673 -0.9784736 -0.02544031 -0.2074364 -0.5812133 -0.07240704 -0.8101761 -0.8336595 0.01174168 -0.553816 -0.9784736 -0.02544031 -0.2074364 0.9373777 0.01174168 -0.3483366 0 0.9334638 -0.3581213 0.5381604 0.5812133 -0.6105675 0.8688846 0.003913894 -0.4931507 0 0.7475538 -0.6634051 0 0.9334638 -0.3581213 0.4481409 0.7827789 -0.4305284 0 0.8806262 -0.4735812 0.02348337 0.8356164 -0.5479452 0.6497065 0.6183953 -0.4422701 0.7436399 0.5244619 -0.4148728 0.8317025 0.5401174 -0.1272016 0.9589041 0.2759295 -0.06262231 0.9138943 0.1545988 -0.3737769 0.9921722 0.1311155 -0.001956947 0.8434442 -0.4324853 -0.3209393 0.9530333 0.07827789 0.295499 0.9784736 0.0704501 0.1917808 0.7945206 0.01956947 0.6086106 0.778865 -0.2093934 0.592955 0.5205479 -0.1761252 0.8356164 0.8630137 -0.407045 0.2994129 0.8786693 -0.4735812 -0.04305284 0.4383562 -0.3835616 0.8121331 0 -0.2015656 0.9784736 0 -0.4403131 0.8982387 0 -0.8864971 0.4618395 0.4422701 -0.7592955 0.4774951 0 -0.9765166 0.2152642 0.4207436 -0.8727984 0.2446184 0 -0.9980431 -0.05088063 0.4109589 -0.9099804 -0.04305284 0.4050881 -0.8825831 -0.2387476 0 -0.9667319 -0.2563601 0.4481409 -0.8043053 -0.3874756 0 -0.9921722 -0.1232877 0.9373777 0.01174168 -0.3483366</float_array>
          <technique_common>
            <accessor source="#BodyAM1__SmallBirdsC-normal-array" count="614" stride="3">
              <param name="X" type="float" />
              <param name="Y" type="float" />
              <param name="Z" type="float" />
            </accessor>
          </technique_common>
        </source>
        <source id="BodyAM1__SmallBirdsC-texcoord">
          <float_array id="BodyAM1__SmallBirdsC-texcoord-array" count="1228">0.02532998 0.96318 0.01055924 0.9613336 0.02214084 0.8944533 0.03936828 0.8992294 0.06076143 0.8328527 0.05622949 0.9735256 0.07429618 0.8477607 0.06872664 0.9130236 0.09736782 0.9283742 0.09851225 0.9794766 0.1132525 0.9015793 0.1302968 0.9292439 0.1491112 0.973373 0.09507897 0.874754 0.1503319 0.8764935 0.1742885 0.909987 0.2037537 0.946746 0.2509041 0.9047074 0.2031891 0.8778668 0.1306783 0.8433967 0.1772946 0.8512551 0.1176928 0.8170291 0.2210727 0.8492867 0.1622339 0.8228123 0.2052949 0.8305638 0.1092699 0.7962158 0.103975 0.7856413 0.1982147 0.8077211 0.2346685 0.8153201 0.2225986 0.8007935 0.2506142 0.8218509 0.1990997 0.7867705 0.2325628 0.7857633 0.2507515 0.8602579 0.280354 0.8491493 0.2665293 0.8154727 0.2169985 0.7662013 0.2504311 0.7771878 0.1560693 0.7902342 0.2018769 0.7490959 0.1511864 0.7703059 0.1432975 0.7546349 0.1939727 0.7321584 0.2501259 0.7260853 0.250309 0.7584039 0.2502022 0.7400473 0.2986038 0.7486687 0.3063401 0.7316854 0.283711 0.7658656 0.2683757 0.7853666 0.3018998 0.7854887 0.2784466 0.8005951 0.3497368 0.7685207 0.3574884 0.7534905 0.3971618 0.7834134 0.3451743 0.7874876 0.3921111 0.7936675 0.4405432 0.8306249 0.3397421 0.8195163 0.3840391 0.8142519 0.4273747 0.8455176 0.3029984 0.8065919 0.371664 0.8403296 0.2961929 0.8293583 0.3245441 0.8496071 0.2985123 0.8775006 0.3517967 0.8747692 0.3275807 0.9093004 0.2982223 0.9462119 0.3529107 0.9723812 0.3717403 0.9281148 0.403357 0.9780728 0.4071412 0.8726482 0.388983 0.8999923 0.4047303 0.9269856 0.4453346 0.9717708 0.433753 0.912932 0.4770733 0.9616388 0.4619669 0.8973221 0.4790722 0.8923934 0.4918135 0.9595636 0.1387655 0.4148928 0.1187762 0.5117418 0.07866026 0.5155413 0.03852903 0.5119402 0.01808194 0.415198 0.07841612 0.4146944 0.1142748 0.3175402 0.1190204 0.3181506 0.07841612 0.4124209 0.13579 0.4099031 0.1328298 0.4048982 0.1071641 0.3166094 0.07817197 0.3128405 0.07841612 0.4101625 0.02397192 0.4051576 0.04921035 0.3167468 0.04208438 0.3177081 0.03735409 0.3183489 0.02102693 0.4101778 0.0577554 0.6521706 0.06272984 0.6603799 0.030869 0.6604715 0.03801022 0.6812543 0.08813611 0.6377661 0.06979477 0.6684367 0.04588388 0.6991989 0.06701762 0.7035172 0.07899596 0.6714122 0.08813611 0.702739 0.08813611 0.6726787 0.09727626 0.6714122 0.1092546 0.7035172 0.1064775 0.6684367 0.1303883 0.6991989 0.138262 0.6812543 0.1135271 0.6603799 0.1185016 0.6521706 0.1454032 0.6604868 0.5634394 0.8699626 0.5280079 0.8473487 0.5441062 0.8225986 0.4911421 0.809781 0.5912108 0.8446784 0.5008316 0.7968566 0.4577096 0.7718929 0.4639353 0.7630579 0.5537041 0.7951324 0.5088731 0.7793241 0.5124895 0.761059 0.4654612 0.7608911 0.4664683 0.7594568 0.5587701 0.7672694 0.6007324 0.8054932 0.632578 0.8250095 0.5592126 0.7393607 0.6384985 0.80177 0.6681773 0.812253 0.6027924 0.7714657 0.6680552 0.7924773 0.6929885 0.8001984 0.6367437 0.7709163 0.6891432 0.7823148 0.7177234 0.7893034 0.6640879 0.7680018 0.7126878 0.773312 0.7421378 0.7786373 0.7378958 0.7631342 0.6877851 0.7629053 0.7081864 0.7558557 0.7327993 0.7464256 0.7186389 0.7180133 0.698024 0.733135 0.6824293 0.6890364 0.6848249 0.7456779 0.6719463 0.7157397 0.6442054 0.6750591 0.663035 0.7406119 0.6385443 0.7064622 0.6021363 0.6677806 0.636408 0.7378958 0.6025482 0.7364614 0.6023651 0.7038529 0.5553979 0.7093767 0.5470665 0.6772717 0.5131761 0.7423819 0.5098955 0.7239186 0.5020066 0.7074998 0.4603647 0.7444266 0.9016098 0.9666285 0.8661784 0.9892424 0.8855116 0.9418936 0.9384756 0.9290608 0.8384222 0.9639735 0.9287862 0.9161516 0.9719082 0.8911726 0.9656824 0.8823529 0.8759136 0.9144274 0.9207447 0.8986191 0.9171435 0.880354 0.9641566 0.8801861 0.9631495 0.8787366 0.8708476 0.8865644 0.8288853 0.924773 0.7970397 0.9443046 0.8704051 0.8586404 0.7911193 0.9210498 0.7614405 0.9315327 0.8268254 0.8907454 0.7615778 0.9117723 0.7366293 0.9194934 0.792874 0.8902113 0.7404746 0.9015946 0.7118944 0.9085985 0.7655299 0.8872816 0.7169299 0.892607 0.68748 0.8979172 0.691722 0.8824292 0.7418326 0.8822004 0.7214313 0.8751507 0.6968185 0.8657054 0.7109789 0.8373083 0.7315938 0.85243 0.7471885 0.8083314 0.7447929 0.8649729 0.7576715 0.8350195 0.7854124 0.7943541 0.7665827 0.8599069 0.7910735 0.8257573 0.8274815 0.7870604 0.7932097 0.8571908 0.8270695 0.8557565 0.8272526 0.823148 0.8742199 0.8286564 0.8825513 0.7965667 0.9164416 0.8616769 0.9197223 0.8432136 0.9276112 0.8267949 0.9692531 0.8637217 0.9787137 0.6118562 0.9858854 0.6145877 0.866331 0.6448768 0.973785 0.5757687 0.863447 0.6405737 0.9668269 0.576257 0.9291676 0.5305409 0.7933776 0.6614329 0.9238728 0.5333028 0.857847 0.4933547 0.8550393 0.4978561 0.802533 0.4792554 0.7930571 0.6561227 0.8019074 0.4845655 0.7414664 0.4776226 0.7446403 0.6616923 0.7428244 0.6674296 0.7415122 0.4833906 0.7322957 0.6583657 0.7293813 0.6635538 0.7058519 0.4859846 0.7026169 0.4802014 0.7081559 0.6406348 0.7039902 0.645304 0.6720684 0.4899977 0.6738384 0.6247959 0.6685435 0.6293278 0.6674144 0.4843061 0.6453651 0.614313 0.6388495 0.6188143 0.6423438 0.4956283 0.6360723 0.4902724 0.6112916 0.6033264 0.6028992 0.6059052 0.6092317 0.5046464 0.6009003 0.5014877 0.7086747 0.4272373 0.589868 0.3941253 0.5971008 0.3915617 0.6028839 0.3556115 0.7116655 0.4229953 0.6098421 0.3562524 0.6485542 0.3114519 0.7812314 0.4454871 0.653788 0.3143358 0.7207447 0.2759442 0.7234302 0.2805219 0.7763638 0.2631571 0.7816739 0.4401923 0.7768673 0.2684825 0.8374456 0.2629587 0.8299382 0.4469062 0.8316167 0.4526894 0.8372778 0.2687266 0.8423591 0.4438697 0.8451514 0.4491341 0.8728465 0.2721599 0.8762341 0.266453 0.8669108 0.4267185 0.8709697 0.4314793 0.9065385 0.2769665 0.9113298 0.2713817 0.9015946 0.4116731 0.9067826 0.4163424 0.9361105 0.2832838 0.9425192 0.2780957 0.9302968 0.4018769 0.9367056 0.4065309 0.9646296 0.3916991 0.972961 0.394461 0.9690089 0.2930953 0.9774166 0.290135 0.1665522 0.6145877 0.173724 0.6118562 0.2861066 0.6448768 0.1786526 0.5757687 0.2889906 0.6405737 0.185626 0.576257 0.22327 0.5305409 0.35906 0.6614329 0.2285649 0.5333028 0.2946059 0.4933547 0.2973983 0.4978561 0.3499046 0.4792554 0.3593805 0.6561227 0.3505302 0.4845655 0.4109712 0.4776226 0.4077974 0.6616923 0.4096132 0.6674296 0.4109407 0.4833906 0.4201419 0.6583657 0.4230564 0.6635538 0.4465858 0.4859846 0.4498207 0.4802014 0.4442817 0.6406348 0.4484474 0.645304 0.4785992 0.6247959 0.4838941 0.6293278 0.4803693 0.4899977 0.4850385 0.4843061 0.5070726 0.614313 0.5135881 0.6188143 0.5100939 0.4956283 0.5163805 0.4902724 0.541146 0.6033264 0.5495384 0.6059052 0.5432059 0.5046464 0.5515373 0.5014877 0.5553368 0.3915617 0.5625696 0.3941253 0.4437629 0.4272373 0.5495537 0.3556115 0.4407721 0.4229953 0.5426108 0.3562524 0.5038834 0.3114519 0.3712215 0.4454871 0.4986496 0.3143358 0.4317082 0.2759442 0.4290074 0.2805219 0.3760739 0.2631571 0.3707637 0.4401923 0.3755856 0.2684825 0.314992 0.2629587 0.3224994 0.4469062 0.3208209 0.4526894 0.3151751 0.2687266 0.3100786 0.4438697 0.3072862 0.4491341 0.2795911 0.2721599 0.2855268 0.4267185 0.2814832 0.4314793 0.2762035 0.266453 0.250843 0.4116731 0.245655 0.4163424 0.2458991 0.2769665 0.2411078 0.2713817 0.2221408 0.4018769 0.2157321 0.4065309 0.2163272 0.2832838 0.2099184 0.2780957 0.1878233 0.3916991 0.1794766 0.394461 0.1834287 0.2930953 0.175021 0.290135 0.2832532 0.4293889 0.245655 0.4163424 0.235523 0.407721 0.8378729 0.4495003 0.8628977 0.2691234 0.8691844 0.4293889 0.8374456 0.2630045 0.7764553 0.264149 0.7212482 0.2767987 0.781445 0.4428473 0.8628977 0.2691234 0.8378729 0.4495003 0.7101701 0.4251164 0.6492103 0.3118029 0.6033112 0.355642 0.591226 0.393637 0.9106126 0.410605 0.8691844 0.4293889 0.9146258 0.2753949 0.9719082 0.39411 0.9753109 0.2908674 0.9367056 0.4065309 0.9106126 0.410605 0.3709926 0.4428473 0.3132067 0.4506904 0.3186236 0.4459602 0.3132067 0.4506904 0.2832532 0.4293889 0.3150835 0.2662089 0.2778973 0.2693065 0.3150835 0.2662089 0.3709926 0.4428473 0.3758907 0.2651408 0.4312047 0.2767987 0.4422675 0.4251164 0.5032273 0.3118029 0.5491264 0.355642 0.5612116 0.393637 0.5135881 0.6188143 0.4876021 0.6235142 0.5469139 0.6050965 0.4484474 0.645304 0.4442817 0.6406348 0.4484474 0.645304 0.4157931 0.6641032 0.4176242 0.4838789 0.4109712 0.4776226 0.4498207 0.4802014 0.3500267 0.4802472 0.488426 0.4882429 0.5469139 0.6050965 0.5510185 0.5016861 0.4498207 0.4802014 0.4157931 0.6641032 0.3593805 0.6561227 0.3500267 0.4802472 0.35906 0.6614329 0.2956435 0.4950485 0.2889906 0.6405737 0.2861066 0.6448768 0.1669947 0.6144198 0.2245975 0.5312428 0.1799649 0.5758603 0.1669947 0.6144198 0.4654765 0.7608606 0.5008316 0.7968566 0.4577096 0.7718929 0.4911421 0.809781 0.4577096 0.7718929 0.5441062 0.8225986 0.5280079 0.8473487 0.5634394 0.8699626 0.5912108 0.8446784 0.5537041 0.7951324 0.5122606 0.7622034 0.4654765 0.7608606 0.6007324 0.8054932 0.6333257 0.8221103 0.5587701 0.7672694 0.6027924 0.7714657 0.5592126 0.7393607 0.6504158 0.7694514 0.668162 0.809781 0.5101091 0.7250782 0.4654765 0.7608606 0.4603647 0.7444266 0.4603647 0.7444266 0.5217212 0.6942855 0.5553979 0.7093767 0.6021363 0.6677806 0.6023651 0.7038529 0.6025482 0.7364614 0.6385443 0.7064622 0.6442054 0.6750591 0.6397345 0.7382467 0.6719463 0.7157397 0.6824293 0.6890364 0.6855574 0.7499809 0.6993057 0.7359731 0.721294 0.7233387 0.7418784 0.7776608 0.7174182 0.7883116 0.6891432 0.7823148 0.6929885 0.8001984 0.2832532 0.4293889 0.235523 0.407721 0.2778973 0.2693065 0.2403601 0.2781414 0.1805295 0.39411 0.1771267 0.2908674 0.2352636 0.272633 0.2778973 0.2693065 0.05807584 0.6526741 0.04391547 0.6947128 0.030869 0.6604715 0.08830396 0.6415198 0.06701762 0.7035172 0.08831922 0.7008317 0.1092546 0.7035172 0.08831922 0.7008317 0.1323568 0.6947128 0.1172656 0.6542306 0.1454032 0.6604868 0.01794461 0.9622644 0.02751202 0.8959487 0.05622949 0.9735256 0.08842603 0.9235828 0.06245518 0.8347143 0.09851225 0.9794766 0.05622949 0.9735256 0.1087205 0.8948806 0.1302968 0.9292439 0.1491112 0.973373 0.1385672 0.8382391 0.1056229 0.7889372 0.1503319 0.8764935 0.1742885 0.909987 0.2037537 0.946746 0.2509041 0.9047074 0.1489891 0.7691157 0.1056229 0.7889372 0.1954528 0.7353323 0.2024567 0.7829099 0.2504158 0.7760128 0.1489891 0.7691157 0.1772946 0.8512551 0.2021973 0.8205692 0.2251011 0.7970397 0.2504158 0.7760128 0.2346685 0.8153201 0.2188296 0.8528572 0.2506142 0.8218509 0.2506142 0.8218509 0.2507515 0.8602579 0.2826276 0.8526894 0.2665293 0.8154727 0.3275807 0.9093004 0.2982223 0.9462119 0.3529107 0.9723812 0.2991684 0.8193942 0.2759289 0.7967803 0.3717403 0.9281148 0.403357 0.9780728 0.3517967 0.8747692 0.3245441 0.8496071 0.4083619 0.9252308 0.4453346 0.9717708 0.3946593 0.8914473 0.3636835 0.8351263 0.4844434 0.9606012 0.4453346 0.9717708 0.4737316 0.8939345 0.4397192 0.8315557 0.3958953 0.7859769 0.3471733 0.7791867 0.3574884 0.7534905 0.3048905 0.7348745 0.2996261 0.7830319 0.3048905 0.7348745 0.2504158 0.7760128 0.2501717 0.7330739 0.1954528 0.7353323 0.1358358 0.4099794 0.1187762 0.5117418 0.07866026 0.5155413 0.03852903 0.5119402 0.02098116 0.4102541 0.1143969 0.3175555 0.07817197 0.3128405 0.04197757 0.3177233 0.07841612 0.4122835 0.07866026 0.5155413 0.6055238 0.6050965 0.6014191 0.5016861 0.6664988 0.4910506 0.6586099 0.6204776 0.6014191 0.5016861 0.6615244 0.48542 0.7026169 0.4802014 0.7414969 0.4808728 0.6685435 0.6293278 0.7039902 0.645304 0.7407798 0.6606546 0.7352712 0.6652628 0.7933776 0.6614329 0.7930571 0.6561227 0.8023041 0.481239 0.8567941 0.4950485 0.863447 0.6405737 0.866331 0.6448768 0.9854429 0.6144198 0.9278401 0.5312428 0.972488 0.5758603 0.9854429 0.6144198 0.9641413 0.8801556 0.9719082 0.8911726 0.9287862 0.9161516 0.9173571 0.8814985 0.9384756 0.9290608 0.9719082 0.8911726 0.8855116 0.9418936 0.9016098 0.9666285 0.8661784 0.9889982 0.8384222 0.9639735 0.8759136 0.9144274 0.8288853 0.924773 0.7962921 0.9413901 0.8708476 0.8865644 0.8268254 0.8907454 0.8704051 0.8586404 0.7792019 0.8887465 0.7614557 0.9290761 0.7395132 0.9060655 0.7440604 0.8692759 0.7122148 0.9075913 0.7898833 0.8575265 0.8270695 0.8557565 0.7303273 0.8552682 0.6877394 0.8969558 0.7083238 0.8426337 0.7471885 0.8083314 0.7576715 0.8350195 0.7854124 0.7943541 0.7910735 0.8257573 0.8274815 0.7870604 0.8272526 0.823148 0.8742199 0.8286564 0.9078965 0.8135653 0.9195239 0.8443732 0.9692531 0.8637217 0.9641413 0.8801556</float_array>
          <technique_common>
            <accessor source="#BodyAM1__SmallBirdsC-texcoord-array" count="614" stride="2">
              <param name="S" type="float" />
              <param name="T" type="float" />
            </accessor>
          </technique_common>
        </source>
        <vertices id="BodyAM1__SmallBirdsC-vertex">
          <input semantic="POSITION" source="#BodyAM1__SmallBirdsC-position" />
        </vertices>
        <triangles material="SmallBirdsC" count="538">
          <input semantic="VERTEX" source="#BodyAM1__SmallBirdsC-vertex" offset="0" />
          <input semantic="NORMAL" source="#BodyAM1__SmallBirdsC-normal" offset="1" />
          <input semantic="TEXCOORD" source="#BodyAM1__SmallBirdsC-texcoord" offset="2" set="0" />
          <p>0 0 0 1 1 1 2 2 2 3 3 3 0 0 0 2 2 2 2 2 2 4 4 4 3 3 3 0 0 0 3 3 3 5 5 5 4 4 4 6 6 6 3 3 3 3 3 3 7 7 7 5 5 5 3 3 3 6 6 6 7 7 7 5 5 5 7 7 7 8 8 8 9 9 9 5 5 5 8 8 8 10 10 10 8 8 8 7 7 7 8 8 8 11 11 11 9 9 9 8 8 8 10 10 10 11 11 11 11 11 11 12 12 12 9 9 9 13 13 13 10 10 10 7 7 7 6 6 6 13 13 13 7 7 7 10 10 10 14 14 14 11 11 11 14 14 14 10 10 10 13 13 13 11 11 11 15 15 15 12 12 12 14 14 14 15 15 15 11 11 11 15 15 15 16 16 16 12 12 12 17 17 17 16 16 16 15 15 15 18 18 18 15 15 15 14 14 14 18 18 18 17 17 17 15 15 15 19 19 19 14 14 14 13 13 13 19 19 19 13 13 13 6 6 6 20 20 20 18 18 18 14 14 14 20 20 20 14 14 14 19 19 19 21 21 21 19 19 19 6 6 6 20 20 20 22 22 22 18 18 18 18 18 18 22 22 22 17 17 17 23 23 23 20 20 20 19 19 19 23 23 23 19 19 19 21 21 21 20 20 20 24 24 24 22 22 22 25 25 25 21 21 21 6 6 6 4 4 4 25 25 25 6 6 6 4 4 4 26 26 26 25 25 25 20 20 20 27 27 27 24 24 24 23 23 23 27 27 27 20 20 20 27 27 27 28 28 28 24 24 24 24 24 24 28 28 28 22 22 22 27 27 27 29 29 29 28 28 28 22 22 22 28 28 28 30 30 30 29 29 29 27 27 27 31 31 31 23 23 23 31 31 31 27 27 27 32 32 32 29 29 29 31 31 31 22 22 22 30 30 30 33 33 33 17 17 17 22 22 22 33 33 33 34 34 34 33 33 33 30 30 30 34 34 34 17 17 17 33 33 33 34 34 34 30 30 30 35 35 35 36 36 36 32 32 32 31 31 31 36 36 36 37 37 37 32 32 32 38 38 38 31 31 31 23 23 23 38 38 38 23 23 23 21 21 21 38 38 38 21 21 21 25 25 25 31 31 31 39 39 39 36 36 36 38 38 38 39 39 39 31 31 31 40 40 40 38 38 38 25 25 25 39 39 39 38 38 38 40 40 40 25 25 25 26 26 26 40 40 40 26 26 26 41 41 41 40 40 40 42 42 42 40 40 40 41 41 41 39 39 39 40 40 40 42 42 42 42 42 42 43 43 43 39 39 39 39 39 39 44 44 44 36 36 36 44 44 44 37 37 37 36 36 36 39 39 39 43 43 43 45 45 45 45 45 45 44 44 44 39 39 39 45 45 45 43 43 43 46 46 46 45 45 45 46 46 46 44 44 44 46 46 46 43 43 43 47 47 47 44 44 44 48 48 48 37 37 37 44 44 44 46 46 46 48 48 48 37 37 37 48 48 48 49 49 49 48 48 48 50 50 50 49 49 49 48 48 48 46 46 46 50 50 50 51 51 51 49 49 49 50 50 50 46 46 46 47 47 47 52 52 52 52 52 52 47 47 47 53 53 53 52 52 52 53 53 53 54 54 54 46 46 46 52 52 52 55 55 55 50 50 50 46 46 46 55 55 55 56 56 56 52 52 52 54 54 54 55 55 55 52 52 52 56 56 56 57 57 57 56 56 56 54 54 54 55 55 55 58 58 58 50 50 50 59 59 59 55 55 55 56 56 56 55 55 55 59 59 59 58 58 58 57 57 57 60 60 60 56 56 56 60 60 60 59 59 59 56 56 56 61 61 61 51 51 51 50 50 50 50 50 50 58 58 58 61 61 61 61 61 61 35 35 35 51 51 51 59 59 59 62 62 62 58 58 58 59 59 59 60 60 60 62 62 62 61 61 61 63 63 63 35 35 35 63 63 63 34 34 34 35 35 35 58 58 58 64 64 64 61 61 61 61 61 61 64 64 64 63 63 63 64 64 64 34 34 34 63 63 63 64 64 64 58 58 58 62 62 62 64 64 64 65 65 65 34 34 34 65 65 65 17 17 17 34 34 34 66 66 66 64 64 64 62 62 62 65 65 65 64 64 64 66 66 66 17 17 17 65 65 65 67 67 67 67 67 67 65 65 65 66 66 66 68 68 68 17 17 17 67 67 67 69 69 69 68 68 68 67 67 67 70 70 70 69 69 69 67 67 67 70 70 70 67 67 67 66 66 66 71 71 71 69 69 69 70 70 70 66 66 66 62 62 62 72 72 72 60 60 60 72 72 72 62 62 62 73 73 73 70 70 70 66 66 66 73 73 73 66 66 66 72 72 72 74 74 74 71 71 71 70 70 70 74 74 74 70 70 70 73 73 73 71 71 71 74 74 74 75 75 75 74 74 74 73 73 73 76 76 76 74 74 74 76 76 76 75 75 75 73 73 73 72 72 72 76 76 76 77 77 77 75 75 75 76 76 76 78 78 78 76 76 76 72 72 72 78 78 78 77 77 77 76 76 76 60 60 60 78 78 78 72 72 72 78 78 78 60 60 60 57 57 57 79 79 79 78 78 78 57 57 57 77 77 77 78 78 78 79 79 79 80 80 80 77 77 77 79 79 79 81 81 81 82 82 82 83 83 83 84 84 84 85 85 85 83 83 83 81 81 81 83 83 83 86 86 86 83 83 83 85 85 85 86 86 86 87 87 87 88 88 88 81 81 81 86 86 86 85 85 85 89 89 89 86 86 86 89 89 89 81 81 81 90 90 90 87 87 87 81 81 81 89 89 89 90 90 90 81 81 81 90 90 90 91 91 91 87 87 87 90 90 90 89 89 89 91 91 91 91 91 91 92 92 92 87 87 87 92 92 92 91 91 91 93 93 93 91 91 91 94 94 94 93 93 93 89 89 89 94 94 94 91 91 91 94 94 94 95 95 95 93 93 93 95 95 95 94 94 94 89 89 89 93 93 93 95 95 95 96 96 96 96 96 96 95 95 95 97 97 97 85 85 85 98 98 98 97 97 97 99 99 99 95 95 95 89 89 89 85 85 85 99 99 99 89 89 89 95 95 95 99 99 99 97 97 97 99 99 99 85 85 85 97 97 97 100 100 100 101 101 101 102 102 102 101 101 101 103 103 103 102 102 102 100 100 100 104 104 104 101 101 101 101 101 101 105 105 105 103 103 103 101 101 101 104 104 104 105 105 105 105 105 105 106 106 106 103 103 103 106 106 106 105 105 105 107 107 107 105 105 105 108 108 108 107 107 107 105 105 105 104 104 104 108 108 108 107 107 107 108 108 108 109 109 109 108 108 108 110 110 110 109 109 109 108 108 108 104 104 104 110 110 110 109 109 109 110 110 110 111 111 111 111 111 111 110 110 110 104 104 104 112 112 112 109 109 109 111 111 111 112 112 112 111 111 111 113 113 113 113 113 113 111 111 111 104 104 104 114 114 114 112 112 112 113 113 113 114 114 114 113 113 113 115 115 115 116 116 116 113 113 113 104 104 104 113 113 113 116 116 116 115 115 115 117 117 117 116 116 116 104 104 104 115 115 115 116 116 116 118 118 118 116 116 116 117 117 117 118 118 118 119 119 119 120 120 120 121 121 121 121 121 121 120 120 120 122 122 122 123 123 123 119 119 119 121 121 121 124 124 124 121 121 121 122 122 122 122 122 122 125 125 125 124 124 124 126 126 126 124 124 124 125 125 125 123 123 123 121 121 121 127 127 127 127 127 127 121 121 121 124 124 124 128 128 128 124 124 124 126 126 126 128 128 128 127 127 127 124 124 124 126 126 126 129 129 129 128 128 128 129 129 129 126 126 126 130 130 130 129 129 129 130 130 130 131 131 131 132 132 132 127 127 127 128 128 128 129 129 129 132 132 132 128 128 128 133 133 133 123 123 123 127 127 127 133 133 133 127 127 127 132 132 132 133 133 133 134 134 134 123 123 123 135 135 135 132 132 132 129 129 129 133 133 133 136 136 136 134 134 134 137 137 137 134 134 134 136 136 136 138 138 138 133 133 133 132 132 132 136 136 136 133 133 133 138 138 138 138 138 138 132 132 132 135 135 135 139 139 139 137 137 137 136 136 136 140 140 140 137 137 137 139 139 139 141 141 141 136 136 136 138 138 138 139 139 139 136 136 136 141 141 141 142 142 142 140 140 140 139 139 139 143 143 143 140 140 140 142 142 142 144 144 144 139 139 139 141 141 141 142 142 142 139 139 139 144 144 144 145 145 145 143 143 143 142 142 142 146 146 146 143 143 143 145 145 145 147 147 147 146 146 146 145 145 145 142 142 142 148 148 148 145 145 145 148 148 148 142 142 142 144 144 144 147 147 147 145 145 145 149 149 149 148 148 148 149 149 149 145 145 145 150 150 150 147 147 147 149 149 149 150 150 150 149 149 149 151 151 151 149 149 149 152 152 152 151 151 151 149 149 149 148 148 148 152 152 152 151 151 151 152 152 152 153 153 153 148 148 148 154 154 154 152 152 152 154 154 154 148 148 148 144 144 144 152 152 152 155 155 155 153 153 153 152 152 152 154 154 154 155 155 155 153 153 153 155 155 155 156 156 156 157 157 157 154 154 154 144 144 144 154 154 154 157 157 157 155 155 155 157 157 157 144 144 144 141 141 141 155 155 155 158 158 158 156 156 156 155 155 155 157 157 157 158 158 158 156 156 156 158 158 158 159 159 159 160 160 160 157 157 157 141 141 141 157 157 157 160 160 160 158 158 158 160 160 160 141 141 141 138 138 138 161 161 161 160 160 160 138 138 138 158 158 158 160 160 160 161 161 161 161 161 161 138 138 138 135 135 135 162 162 162 158 158 158 161 161 161 162 162 162 161 161 161 135 135 135 158 158 158 162 162 162 159 159 159 159 159 159 162 162 162 163 163 163 163 163 163 162 162 162 135 135 135 164 164 164 159 159 159 163 163 163 163 163 163 135 135 135 165 165 165 165 165 165 135 135 135 129 129 129 129 129 129 131 131 131 165 165 165 164 164 164 163 163 163 166 166 166 166 166 166 163 163 163 165 165 165 165 165 165 131 131 131 166 166 166 167 167 167 164 164 164 166 166 166 166 166 166 131 131 131 168 168 168 166 166 166 168 168 168 167 167 167 169 169 169 170 170 170 171 171 171 172 172 172 169 169 169 171 171 171 170 170 170 173 173 173 171 171 171 174 174 174 172 172 172 171 171 171 172 172 172 174 174 174 175 175 175 176 176 176 175 175 175 174 174 174 171 171 171 173 173 173 177 177 177 174 174 174 171 171 171 177 177 177 176 176 176 174 174 174 178 178 178 178 178 178 174 174 174 177 177 177 176 176 176 178 178 178 179 179 179 179 179 179 180 180 180 176 176 176 179 179 179 181 181 181 180 180 180 178 178 178 177 177 177 182 182 182 179 179 179 178 178 178 182 182 182 173 173 173 183 183 183 177 177 177 177 177 177 183 183 183 182 182 182 183 183 183 173 173 173 184 184 184 179 179 179 182 182 182 185 185 185 183 183 183 184 184 184 186 186 186 184 184 184 187 187 187 186 186 186 183 183 183 188 188 188 182 182 182 183 183 183 186 186 186 188 188 188 182 182 182 188 188 188 185 185 185 187 187 187 189 189 189 186 186 186 187 187 187 190 190 190 189 189 189 186 186 186 191 191 191 188 188 188 186 186 186 189 189 189 191 191 191 190 190 190 192 192 192 189 189 189 192 192 192 190 190 190 193 193 193 189 189 189 194 194 194 191 191 191 189 189 189 192 192 192 194 194 194 195 195 195 192 192 192 193 193 193 195 195 195 193 193 193 196 196 196 197 197 197 195 195 195 196 196 196 192 192 192 195 195 195 198 198 198 192 192 192 198 198 198 194 194 194 199 199 199 195 195 195 197 197 197 195 195 195 199 199 199 198 198 198 200 200 200 199 199 199 197 197 197 200 200 200 201 201 201 199 199 199 201 201 201 202 202 202 199 199 199 199 199 199 202 202 202 198 198 198 202 202 202 201 201 201 203 203 203 202 202 202 204 204 204 198 198 198 194 194 194 198 198 198 204 204 204 205 205 205 202 202 202 203 203 203 204 204 204 202 202 202 205 205 205 205 205 205 203 203 203 206 206 206 207 207 207 194 194 194 204 204 204 207 207 207 204 204 204 205 205 205 191 191 191 194 194 194 207 207 207 208 208 208 205 205 205 206 206 206 207 207 207 205 205 205 208 208 208 208 208 208 206 206 206 209 209 209 210 210 210 191 191 191 207 207 207 210 210 210 207 207 207 208 208 208 188 188 188 191 191 191 210 210 210 211 211 211 188 188 188 210 210 210 211 211 211 210 210 210 208 208 208 188 188 188 211 211 211 185 185 185 212 212 212 211 211 211 208 208 208 185 185 185 211 211 211 212 212 212 212 212 212 208 208 208 209 209 209 213 213 213 212 212 212 209 209 209 213 213 213 185 185 185 212 212 212 214 214 214 213 213 213 209 209 209 215 215 215 185 185 185 213 213 213 215 215 215 179 179 179 185 185 185 179 179 179 215 215 215 181 181 181 216 216 216 213 213 213 214 214 214 216 216 216 215 215 215 213 213 213 215 215 215 216 216 216 181 181 181 217 217 217 216 216 216 214 214 214 181 181 181 216 216 216 218 218 218 216 216 216 217 217 217 218 218 218 219 219 219 220 220 220 221 221 221 220 220 220 219 219 219 222 222 222 223 223 223 219 219 219 221 221 221 219 219 219 224 224 224 222 222 222 223 223 223 224 224 224 219 219 219 222 222 222 224 224 224 225 225 225 223 223 223 221 221 221 226 226 226 224 224 224 227 227 227 225 225 225 223 223 223 227 227 227 224 224 224 225 225 225 227 227 227 228 228 228 227 227 227 229 229 229 228 228 228 229 229 229 227 227 227 223 223 223 228 228 228 229 229 229 230 230 230 231 231 231 223 223 223 226 226 226 231 231 231 229 229 229 223 223 223 229 229 229 232 232 232 230 230 230 229 229 229 231 231 231 232 232 232 230 230 230 232 232 232 233 233 233 234 234 234 231 231 231 226 226 226 235 235 235 234 234 234 226 226 226 236 236 236 232 232 232 231 231 231 234 234 234 236 236 236 231 231 231 232 232 232 236 236 236 233 233 233 234 234 234 235 235 235 237 237 237 236 236 236 234 234 234 237 237 237 235 235 235 238 238 238 237 237 237 236 236 236 239 239 239 233 233 233 239 239 239 240 240 240 233 233 233 236 236 236 237 237 237 241 241 241 241 241 241 237 237 237 238 238 238 239 239 239 236 236 236 241 241 241 242 242 242 241 241 241 238 238 238 239 239 239 243 243 243 240 240 240 244 244 244 241 241 241 242 242 242 241 241 241 244 244 244 239 239 239 244 244 244 243 243 243 239 239 239 245 245 245 244 244 244 242 242 242 243 243 243 246 246 246 240 240 240 247 247 247 244 244 244 245 245 245 244 244 244 247 247 247 243 243 243 248 248 248 247 247 247 245 245 245 243 243 243 249 249 249 246 246 246 247 247 247 249 249 249 243 243 243 249 249 249 250 250 250 246 246 246 251 251 251 247 247 247 248 248 248 247 247 247 251 251 251 249 249 249 252 252 252 251 251 251 248 248 248 249 249 249 253 253 253 250 250 250 251 251 251 253 253 253 249 249 249 253 253 253 251 251 251 252 252 252 253 253 253 254 254 254 250 250 250 254 254 254 253 253 253 252 252 252 255 255 255 256 256 256 257 257 257 256 256 256 258 258 258 257 257 257 259 259 259 255 255 255 257 257 257 258 258 258 260 260 260 257 257 257 259 259 259 257 257 257 260 260 260 258 258 258 261 261 261 260 260 260 262 262 262 255 255 255 259 259 259 261 261 261 263 263 263 260 260 260 259 259 259 260 260 260 263 263 263 261 261 261 264 264 264 263 263 263 264 264 264 265 265 265 263 263 263 265 265 265 259 259 259 263 263 263 264 264 264 266 266 266 265 265 265 267 267 267 262 262 262 259 259 259 267 267 267 259 259 259 265 265 265 266 266 266 268 268 268 265 265 265 265 265 265 268 268 268 267 267 267 266 266 266 269 269 269 268 268 268 262 262 262 267 267 267 270 270 270 271 271 271 262 262 262 270 270 270 268 268 268 272 272 272 267 267 267 272 272 272 270 270 270 267 267 267 269 269 269 272 272 272 268 268 268 271 271 271 270 270 270 273 273 273 273 273 273 270 270 270 272 272 272 274 274 274 271 271 271 273 273 273 275 275 275 272 272 272 269 269 269 276 276 276 275 275 275 269 269 269 273 273 273 272 272 272 277 277 277 274 274 274 273 273 273 277 277 277 272 272 272 275 275 275 277 277 277 278 278 278 274 274 274 277 277 277 275 275 275 276 276 276 279 279 279 276 276 276 280 280 280 279 279 279 281 281 281 277 277 277 275 275 275 278 278 278 277 277 277 281 281 281 279 279 279 281 281 281 275 275 275 282 282 282 278 278 278 281 281 281 279 279 279 280 280 280 283 283 283 280 280 280 284 284 284 283 283 283 281 281 281 279 279 279 285 285 285 282 282 282 281 281 281 285 285 285 279 279 279 283 283 283 285 285 285 286 286 286 282 282 282 285 285 285 286 286 286 285 285 285 287 287 287 287 287 287 285 285 285 283 283 283 288 288 288 286 286 286 287 287 287 289 289 289 287 287 287 283 283 283 288 288 288 287 287 287 289 289 289 283 283 283 284 284 284 289 289 289 290 290 290 288 288 288 289 289 289 284 284 284 290 290 290 289 289 289 291 291 291 292 292 292 293 293 293 291 291 291 294 294 294 292 292 292 292 292 292 295 295 295 293 293 293 294 294 294 296 296 296 292 292 292 295 295 295 292 292 292 296 296 296 294 294 294 297 297 297 296 296 296 293 293 293 295 295 295 298 298 298 297 297 297 299 299 299 296 296 296 295 295 295 296 296 296 299 299 299 297 297 297 300 300 300 299 299 299 300 300 300 301 301 301 299 299 299 301 301 301 295 295 295 299 299 299 300 300 300 302 302 302 301 301 301 295 295 295 303 303 303 298 298 298 303 303 303 295 295 295 301 301 301 302 302 302 304 304 304 301 301 301 301 301 301 304 304 304 303 303 303 302 302 302 305 305 305 304 304 304 298 298 298 303 303 303 306 306 306 307 307 307 298 298 298 306 306 306 304 304 304 308 308 308 303 303 303 308 308 308 306 306 306 303 303 303 305 305 305 308 308 308 304 304 304 307 307 307 306 306 306 309 309 309 308 308 308 309 309 309 306 306 306 310 310 310 307 307 307 309 309 309 308 308 308 305 305 305 311 311 311 305 305 305 312 312 312 311 311 311 309 309 309 308 308 308 313 313 313 310 310 310 309 309 309 313 313 313 308 308 308 311 311 311 313 313 313 314 314 314 310 310 310 313 313 313 314 314 314 313 313 313 315 315 315 315 315 315 313 313 313 311 311 311 316 316 316 314 314 314 315 315 315 317 317 317 311 311 311 312 312 312 317 317 317 315 315 315 311 311 311 318 318 318 317 317 317 312 312 312 316 316 316 315 315 315 319 319 319 315 315 315 317 317 317 319 319 319 320 320 320 316 316 316 319 319 319 321 321 321 317 317 317 318 318 318 317 317 317 321 321 321 319 319 319 322 322 322 321 321 321 318 318 318 320 320 320 319 319 319 323 323 323 323 323 323 319 319 319 321 321 321 324 324 324 320 320 320 323 323 323 325 325 325 321 321 321 322 322 322 325 325 325 323 323 323 321 321 321 324 324 324 323 323 323 325 325 325 326 326 326 325 325 325 322 322 322 326 326 326 324 324 324 325 325 325 327 327 327 328 328 328 329 329 329 330 330 330 328 328 328 327 327 327 331 331 331 327 327 327 329 329 329 332 332 332 330 330 330 327 327 327 331 331 331 332 332 332 327 327 327 333 333 333 330 330 330 332 332 332 331 331 331 329 329 329 334 334 334 335 335 335 333 333 333 332 332 332 331 331 331 335 335 335 332 332 332 336 336 336 333 333 333 335 335 335 337 337 337 336 336 336 335 335 335 337 337 337 335 335 335 331 331 331 338 338 338 336 336 336 337 337 337 339 339 339 331 331 331 334 334 334 339 339 339 337 337 337 331 331 331 340 340 340 338 338 338 337 337 337 337 337 337 339 339 339 340 340 340 341 341 341 338 338 338 340 340 340 339 339 339 334 334 334 342 342 342 334 334 334 343 343 343 342 342 342 344 344 344 340 340 340 339 339 339 342 342 342 344 344 344 339 339 339 344 344 344 341 341 341 340 340 340 345 345 345 342 342 342 343 343 343 345 345 345 344 344 344 342 342 342 346 346 346 345 345 345 343 343 343 344 344 344 347 347 347 341 341 341 345 345 345 346 346 346 348 348 348 344 344 344 345 345 345 348 348 348 347 347 347 344 344 344 348 348 348 346 346 346 349 349 349 348 348 348 347 347 347 350 350 350 341 341 341 348 348 348 349 349 349 351 351 351 348 348 348 351 351 351 347 347 347 349 349 349 352 352 352 351 351 351 347 347 347 353 353 353 350 350 350 351 351 351 353 353 353 347 347 347 353 353 353 354 354 354 350 350 350 351 351 351 352 352 352 355 355 355 351 351 351 355 355 355 353 353 353 352 352 352 356 356 356 355 355 355 353 353 353 357 357 357 354 354 354 355 355 355 357 357 357 353 353 353 357 357 357 358 358 358 354 354 354 355 355 355 356 356 356 359 359 359 355 355 355 359 359 359 357 357 357 356 356 356 360 360 360 359 359 359 357 357 357 361 361 361 358 358 358 359 359 359 361 361 361 357 357 357 359 359 359 360 360 360 361 361 361 361 361 361 362 362 362 358 358 358 360 360 360 362 362 362 361 361 361 </p>
        </triangles>
      </mesh>
    </geometry>
    <geometry id="WingAM1__SmallBirdsC-mesh" name="WingAM1__SmallBirdsC">
      <mesh>
        <source id="WingAM1__SmallBirdsC-position">
          <float_array id="WingAM1__SmallBirdsC-position-array" count="417">-0.07119622 0.1516455 -0.09030794 -0.07313611 0.1182631 -0.0509633 -0.05627362 0.09571665 -0.1598445 -0.06592129 0.06447596 -0.09160426 -0.09283924 0.197688 -0.01204536 -0.09101529 0.03536306 -0.01293663 -0.1015259 0.1237675 0.1103528 -0.1079657 0.2130309 0.07574689 -0.106724 0.02755357 0.08078192 -0.1087941 0.2029751 0.1435785 -0.1023761 0.0381505 0.1415055 -0.1054348 0.186934 0.1883823 -0.09935695 0.05288388 0.1798761 -0.09677288 0.1533448 0.2152644 -0.09276056 0.0888277 0.216732 -0.09439789 0.1181237 0.2243664 0.07119622 0.1516455 -0.09030794 0.05627362 0.09571665 -0.1598445 0.07313611 0.1182631 -0.0509633 0.06592129 0.06447596 -0.09160426 0.09283924 0.197688 -0.01204536 0.09101529 0.03536306 -0.01293663 0.1015259 0.1237675 0.1103528 0.1079657 0.2130309 0.07574689 0.106724 0.02755357 0.08078192 0.1087941 0.2029751 0.1435785 0.1023761 0.0381505 0.1415055 0.1054348 0.186934 0.1883823 0.09935695 0.05288388 0.1798761 0.09677288 0.1533448 0.2152644 0.09276056 0.0888277 0.216732 0.09439789 0.1181237 0.2243664 -0.06592129 0.06447596 -0.09160426 -0.09101529 0.03536306 -0.01293663 -0.08603804 0.08267782 -0.09158669 -0.05627362 0.09571665 -0.1598445 -0.1286943 0.07269038 -0.01298302 -0.106724 0.02755357 0.08078192 -0.09694196 0.1106946 -0.09139793 -0.08989565 0.1335794 -0.09087552 -0.07119622 0.1516455 -0.09030794 -0.1433528 0.122769 -0.01289488 -0.1492175 0.06475647 0.08056407 -0.1023761 0.0381505 0.1415055 -0.1281827 0.1728182 -0.01258421 -0.09283924 0.197688 -0.01204536 -0.1079657 0.2130309 0.07574689 -0.1654504 0.1250469 0.0805903 -0.1467381 0.1859304 0.08080538 -0.1087941 0.2029751 0.1435785 -0.1402185 0.1761275 0.1510139 -0.1054348 0.186934 0.1883823 -0.1446856 0.07178981 0.1455318 -0.09935695 0.05288388 0.1798761 -0.1208723 0.1636949 0.1921341 -0.09677288 0.1533448 0.2152644 -0.1565511 0.1237047 0.151748 -0.1276594 0.120368 0.1951314 -0.09439789 0.1181237 0.2243664 -0.09276056 0.0888277 0.216732 -0.1215857 0.07665091 0.1906413 0.06592129 0.06447596 -0.09160426 0.08603804 0.08267782 -0.09158669 0.09101529 0.03536306 -0.01293663 0.05627362 0.09571665 -0.1598445 0.1286943 0.07269038 -0.01298302 0.106724 0.02755357 0.08078192 0.09694196 0.1106946 -0.09139793 0.08989565 0.1335794 -0.09087552 0.07119622 0.1516455 -0.09030794 0.1433528 0.122769 -0.01289488 0.1492175 0.06475647 0.08056407 0.1023761 0.0381505 0.1415055 0.1281827 0.1728182 -0.01258421 0.09283924 0.197688 -0.01204536 0.1079657 0.2130309 0.07574689 0.1654504 0.1250469 0.0805903 0.1467381 0.1859304 0.08080538 0.1087941 0.2029751 0.1435785 0.1402185 0.1761275 0.1510139 0.1054348 0.186934 0.1883823 0.1446856 0.07178981 0.1455318 0.09935695 0.05288388 0.1798761 0.1565511 0.1237047 0.151748 0.1208723 0.1636949 0.1921341 0.09677288 0.1533448 0.2152644 0.1215857 0.07665091 0.1906413 0.09276056 0.0888277 0.216732 0.1276594 0.120368 0.1951314 0.09439789 0.1181237 0.2243664 0.05881539 0.09665278 -0.1555666 0.08474179 0.04264128 -0.03260354 0.07131746 0.1495591 -0.0878489 0.1015259 0.1237675 0.1103528 0.1013479 0.2063184 0.03733778 0.106724 0.02755357 0.08078192 0.1060647 0.1899417 0.1799816 0.1003004 0.0482797 0.1678853 0.1027977 0.1559323 0.2094818 0.09337456 0.09981371 0.2195949 -0.058375 0.09808307 -0.155534 -0.09013386 0.1919327 -0.02182818 -0.1015259 0.1237675 0.1103528 -0.1079657 0.2130309 0.07574689 -0.09886963 0.03145831 0.03392265 -0.1060647 0.1899417 0.1799816 -0.1003004 0.0482797 0.1678853 -0.09460057 0.1195625 0.2192429 0.1003004 0.0482797 0.1678853 0.1234838 0.0903125 0.1920445 0.09337456 0.09981371 0.2195949 0.1027977 0.1559323 0.2094818 0.1472348 0.06783356 0.1089874 0.106724 0.02755357 0.08078192 0.1565511 0.1237047 0.151748 0.1434783 0.181029 0.1159096 0.1060647 0.1899417 0.1799816 0.1013479 0.2063184 0.03733778 0.1654504 0.1250469 0.0805903 0.1360236 0.09772971 -0.01293895 0.08474179 0.04264128 -0.03260354 0.05881539 0.09665278 -0.1555666 0.1281827 0.1728182 -0.01258421 0.07131746 0.1495591 -0.0878489 -0.058375 0.09808307 -0.155534 -0.1281827 0.1728182 -0.01258421 -0.09013386 0.1919327 -0.02182818 -0.1079657 0.2130309 0.07574689 -0.1360236 0.09772971 -0.01293895 -0.09886963 0.03145831 0.03392265 -0.1434783 0.181029 0.1159096 -0.1060647 0.1899417 0.1799816 -0.1492175 0.06475647 0.08056407 -0.1003004 0.0482797 0.1678853 -0.1654504 0.1250469 0.0805903 -0.1331357 0.07422036 0.1680865 -0.09460057 0.1195625 0.2192429 -0.1565511 0.1237047 0.151748 -0.12469 0.1393235 0.1938201</float_array>
          <technique_common>
            <accessor source="#WingAM1__SmallBirdsC-position-array" count="139" stride="3">
              <param name="X" type="float" />
              <param name="Y" type="float" />
              <param name="Z" type="float" />
            </accessor>
          </technique_common>
        </source>
        <source id="WingAM1__SmallBirdsC-normal">
          <float_array id="WingAM1__SmallBirdsC-normal-array" count="417">0.9804305 0.1213307 0.1506849 0.9823875 0.02152642 0.1819961 0.9882583 0.05283757 0.1428571 0.9784736 -0.02348337 0.2054795 0.9745597 0.1526419 0.1624266 0.9765166 -0.1154599 0.18591 0.9960861 0.01956947 0.08023483 0.9863014 0.1154599 0.111546 0.9921722 -0.08414873 0.09784736 0.9960861 0.09393346 -0.003913894 0.9980431 -0.0332681 -0.06457926 0.9863014 0.1506849 -0.07240704 0.9941292 -0.05870841 -0.09197652 0.9902152 0.109589 -0.07632094 0.9960861 -0.003913894 -0.08414873 0.9960861 0.06066536 -0.05870841 -0.9804305 0.1213307 0.1506849 -0.9882583 0.05283757 0.1428571 -0.9823875 0.02152642 0.1819961 -0.9784736 -0.02348337 0.2054795 -0.9745597 0.1526419 0.1624266 -0.9765166 -0.1154599 0.18591 -0.9960861 0.01956947 0.08023483 -0.9863014 0.1154599 0.111546 -0.9921722 -0.08414873 0.09784736 -0.9960861 0.09393346 -0.003913894 -0.9980431 -0.0332681 -0.06457926 -0.9863014 0.1506849 -0.07240704 -0.9941292 -0.05870841 -0.09197652 -0.9902152 0.109589 -0.07632094 -0.9960861 -0.003913894 -0.08414873 -0.9960861 0.06066536 -0.05870841 -0.6223092 -0.6575342 -0.4246575 -0.6555773 -0.6966732 -0.2896282 -0.7436399 -0.4892368 -0.4540117 -0.8238748 -0.1056751 -0.55773 -0.81409 -0.4911937 -0.3111546 -0.6634051 -0.7455969 -0.06066536 -0.8590998 -0.03522505 -0.5107632 -0.6966732 0.4481409 -0.5596869 -0.518591 0.6438356 -0.5616438 -0.9412916 0.009784736 -0.3385518 -0.853229 -0.5146771 -0.07240704 -0.6164383 -0.7573385 0.2133072 -0.7749511 0.516634 -0.3620352 -0.5518591 0.7455969 -0.37182 -0.5714286 0.8062623 -0.1506849 -0.9960861 0.02544031 -0.08219178 -0.8571429 0.5068493 -0.09784736 -0.6144814 0.7495108 0.2485323 -0.8630137 0.4227006 0.2759295 -0.6183953 0.6536204 0.4383562 -0.8395303 -0.483366 0.2465753 -0.5499021 -0.7318982 0.4011742 -0.7436399 0.3463796 0.5714286 -0.6379648 0.1819961 0.7495108 -0.960861 0.02544031 0.2739726 -0.7886497 -0.01174168 0.6144814 -0.6516634 -0.0332681 0.7573385 -0.6066536 -0.258317 0.7514677 -0.7123288 -0.4285714 0.555773 0.6223092 -0.6575342 -0.4246575 0.7436399 -0.4892368 -0.4540117 0.6555773 -0.6966732 -0.2896282 0.8238748 -0.1056751 -0.55773 0.81409 -0.4911937 -0.3111546 0.6634051 -0.7455969 -0.06066536 0.8590998 -0.03522505 -0.5107632 0.6966732 0.4481409 -0.5596869 0.518591 0.6438356 -0.5616438 0.9412916 0.009784736 -0.3385518 0.853229 -0.5146771 -0.07240704 0.6164383 -0.7573385 0.2133072 0.7749511 0.516634 -0.3620352 0.5518591 0.7455969 -0.37182 0.5714286 0.8062623 -0.1506849 0.9960861 0.02544031 -0.08219178 0.8571429 0.5068493 -0.09784736 0.6144814 0.7495108 0.2485323 0.8630137 0.4227006 0.2759295 0.6183953 0.6536204 0.4383562 0.8395303 -0.483366 0.2465753 0.5499021 -0.7318982 0.4011742 0.960861 0.02544031 0.2739726 0.7436399 0.3463796 0.5714286 0.6379648 0.1819961 0.7495108 0.7123288 -0.4285714 0.555773 0.6066536 -0.258317 0.7514677 0.7886497 -0.01174168 0.6144814 0.6516634 -0.0332681 0.7573385 -0.9804305 -0.02152642 0.1976517 -0.9863014 -0.05479452 0.1585127 -0.9863014 -0.001956947 0.1682975 -0.9980431 0.009784736 0.07240704 -0.9823875 0.1213307 0.1389433 -0.9902152 -0.08610567 0.1076321 -0.9980431 0.05283757 0.01565558 -0.9960861 -0.04109589 -0.07632094 -0.9902152 0.1311155 -0.02935421 -0.9960861 0.05675147 -0.06262231 0.9863014 0.01174168 0.1585127 0.9804305 0.1232877 0.148728 0.9980431 0.02739726 0.0704501 0.9882583 0.109589 0.0998043 0.9843444 -0.09197652 0.1448141 0.9941292 0.1017613 -0.0332681 1 -0.003913894 -0.02544031 0.9960861 0.04696673 -0.06066536 0.6497065 -0.6692759 0.3620352 0.739726 -0.3268102 0.5890411 0.62818 -0.1956947 0.7534246 0.7808219 0.2544031 0.5714286 0.8317025 -0.553816 0.0332681 0.7377691 -0.6634051 -0.1213307 0.9158513 0.07436399 0.3933464 0.7338552 0.6712329 0.1037182 0.7299413 0.5909981 0.3444227 0.553816 0.816047 -0.1643836 0.9921722 0.04892368 -0.1232877 0.8923679 -0.2485323 -0.3776908 0.7475538 -0.5772994 -0.3307241 0.8551859 -0.1350294 -0.5009785 0.7808219 0.4618395 -0.4227006 0.4755382 0.6712329 -0.5675147 -0.8395303 -0.1878669 -0.5088063 -0.8121331 0.4090019 -0.4168297 -0.483366 0.7279844 -0.4872798 -0.6790606 0.7299413 -0.07827789 -0.8571429 -0.3072407 -0.4109589 -0.6575342 -0.7103718 -0.2485323 -0.8082192 0.5831702 0.09001957 -0.7221135 0.5459883 0.4246575 -0.7925636 -0.6086106 -0.01369863 -0.5283757 -0.7749511 0.3463796 -0.9921722 0.08610567 -0.09197652 -0.739726 -0.5009785 0.4500979 -0.6027398 -0.1330724 0.7866927 -0.9432485 0.02348337 0.3287671 -0.7338552 0.2015656 0.6497065</float_array>
          <technique_common>
            <accessor source="#WingAM1__SmallBirdsC-normal-array" count="139" stride="3">
              <param name="X" type="float" />
              <param name="Y" type="float" />
              <param name="Z" type="float" />
            </accessor>
          </technique_common>
        </source>
        <source id="WingAM1__SmallBirdsC-texcoord">
          <float_array id="WingAM1__SmallBirdsC-texcoord-array" count="278">0.04866102 0.1954528 0.06936751 0.2132449 0.01109331 0.2251011 0.04754711 0.2416419 0.09135576 0.1705806 0.09106585 0.2576333 0.1562524 0.2100557 0.138323 0.1624781 0.141207 0.2614328 0.1740139 0.1680323 0.1731594 0.2552224 0.1977111 0.1764858 0.1934691 0.2474555 0.2123445 0.1944305 0.2132906 0.2285649 0.2172122 0.2130465 0.187274 0.05329978 0.2248417 0.08294803 0.1665675 0.07109177 0.1883879 0.09950405 0.144564 0.02842754 0.1448691 0.1154956 0.07968261 0.06790262 0.09761196 0.02032501 0.09472801 0.1192951 0.06190585 0.02587932 0.06277562 0.1130694 0.03820859 0.03433281 0.04246586 0.1053025 0.02359045 0.05227739 0.02264439 0.08641183 0.01872282 0.07089341 0.3414664 0.05374229 0.4056611 0.0291447 0.3481804 0.07261771 0.2930343 0.08361942 0.4140841 0.06637675 0.4825055 0.02151525 0.3515526 0.09506369 0.3491417 0.1131762 0.3418173 0.1313649 0.4167544 0.1040055 0.4835279 0.0622263 0.5340353 0.02879375 0.4137026 0.142031 0.4040131 0.1712978 0.4762036 0.1855192 0.4835126 0.1068131 0.4828107 0.151751 0.5334097 0.1768215 0.5341268 0.1457542 0.5699855 0.1590601 0.5298543 0.0682078 0.5657893 0.04412907 0.5679103 0.1373922 0.5936675 0.1306019 0.5325704 0.1064317 0.5684139 0.1039597 0.6000611 0.1011978 0.5957885 0.07663083 0.5658198 0.07069504 0.9054093 0.05374229 0.8986801 0.07261771 0.8411993 0.0291447 0.9538414 0.08361942 0.8327916 0.06637675 0.7643702 0.02151525 0.8953231 0.09506369 0.897734 0.1131762 0.9050584 0.1313649 0.8301213 0.1040055 0.7633478 0.0622263 0.7128252 0.02879375 0.8331578 0.142031 0.8428473 0.1712978 0.7706569 0.1855192 0.7633478 0.1068131 0.764065 0.151751 0.7134661 0.1768215 0.7127336 0.1457542 0.6768749 0.1590601 0.7170215 0.0682078 0.6810712 0.04412907 0.7143053 0.1064317 0.6789654 0.1373922 0.6531929 0.1306019 0.6810559 0.07069504 0.651072 0.07663083 0.6784619 0.1039597 0.6468147 0.1011978 0.2248417 0.08294803 0.1557488 0.1114977 0.185977 0.05441368 0.07968261 0.06790262 0.1181506 0.0238651 0.09472801 0.1192951 0.04264897 0.03274584 0.04881361 0.1077287 0.02359045 0.05227739 0.02116426 0.08059818 0.01109331 0.2251011 0.08603036 0.1736934 0.1562524 0.2100557 0.138323 0.1624781 0.1161364 0.2595407 0.1932708 0.1748989 0.1871214 0.2498817 0.2145266 0.2122988 0.6910048 0.03933775 0.6802319 0.08108646 0.6494697 0.08584726 0.6596323 0.1322957 0.7430686 0.06483561 0.7643702 0.02151525 0.7143053 0.1064317 0.7383993 0.1487449 0.6837415 0.1623865 0.8022431 0.1793088 0.7633478 0.1068131 0.8314641 0.08519113 0.8572518 0.03529412 0.9501793 0.08433664 0.8331578 0.142031 0.9050584 0.1313649 0.2965438 0.08546579 0.4137026 0.142031 0.3962463 0.1663081 0.4762036 0.1855192 0.4154116 0.08519113 0.4440833 0.02532995 0.5084764 0.1487449 0.5631342 0.1623865 0.4835279 0.0622263 0.5558709 0.03933775 0.4835126 0.1068131 0.5478446 0.06944382 0.5968109 0.1023728 0.5325704 0.1064317 0.5681849 0.1185931</float_array>
          <technique_common>
            <accessor source="#WingAM1__SmallBirdsC-texcoord-array" count="139" stride="2">
              <param name="S" type="float" />
              <param name="T" type="float" />
            </accessor>
          </technique_common>
        </source>
        <vertices id="WingAM1__SmallBirdsC-vertex">
          <input semantic="POSITION" source="#WingAM1__SmallBirdsC-position" />
        </vertices>
        <triangles material="SmallBirdsC" count="116">
          <input semantic="VERTEX" source="#WingAM1__SmallBirdsC-vertex" offset="0" />
          <input semantic="NORMAL" source="#WingAM1__SmallBirdsC-normal" offset="1" />
          <input semantic="TEXCOORD" source="#WingAM1__SmallBirdsC-texcoord" offset="2" set="0" />
          <p>0 0 0 1 1 1 2 2 2 2 2 2 1 1 1 3 3 3 1 1 1 0 0 0 4 4 4 1 1 1 5 5 5 3 3 3 1 1 1 4 4 4 6 6 6 6 6 6 5 5 5 1 1 1 6 6 6 4 4 4 7 7 7 8 8 8 5 5 5 6 6 6 6 6 6 7 7 7 9 9 9 6 6 6 10 10 10 8 8 8 9 9 9 11 11 11 6 6 6 6 6 6 12 12 12 10 10 10 6 6 6 11 11 11 13 13 13 6 6 6 14 14 14 12 12 12 6 6 6 13 13 13 15 15 15 6 6 6 15 15 15 14 14 14 16 16 16 17 17 17 18 18 18 17 17 17 19 19 19 18 18 18 18 18 18 20 20 20 16 16 16 18 18 18 19 19 19 21 21 21 22 22 22 20 20 20 18 18 18 18 18 18 21 21 21 22 22 22 23 23 23 20 20 20 22 22 22 22 22 22 21 21 21 24 24 24 22 22 22 25 25 25 23 23 23 22 22 22 24 24 24 26 26 26 25 25 25 22 22 22 27 27 27 22 22 22 26 26 26 28 28 28 27 27 27 22 22 22 29 29 29 22 22 22 28 28 28 30 30 30 29 29 29 22 22 22 31 31 31 22 22 22 30 30 30 31 31 31 32 32 32 33 33 33 34 34 34 34 34 34 35 35 35 32 32 32 33 33 33 36 36 36 34 34 34 33 33 33 37 37 37 36 36 36 38 38 38 35 35 35 34 34 34 34 34 34 36 36 36 38 38 38 39 39 39 35 35 35 38 38 38 40 40 40 35 35 35 39 39 39 36 36 36 41 41 41 38 38 38 38 38 38 41 41 41 39 39 39 37 37 37 42 42 42 36 36 36 36 36 36 42 42 42 41 41 41 37 37 37 43 43 43 42 42 42 39 39 39 44 44 44 40 40 40 41 41 41 44 44 44 39 39 39 44 44 44 45 45 45 40 40 40 46 46 46 45 45 45 44 44 44 42 42 42 47 47 47 41 41 41 41 41 41 47 47 47 44 44 44 48 48 48 46 46 46 44 44 44 47 47 47 48 48 48 44 44 44 48 48 48 49 49 49 46 46 46 48 48 48 50 50 50 49 49 49 50 50 50 48 48 48 47 47 47 51 51 51 49 49 49 50 50 50 42 42 42 52 52 52 47 47 47 43 43 43 52 52 52 42 42 42 43 43 43 53 53 53 52 52 52 54 54 54 51 51 51 50 50 50 54 54 54 55 55 55 51 51 51 56 56 56 50 50 50 47 47 47 54 54 54 50 50 50 56 56 56 52 52 52 56 56 56 47 47 47 55 55 55 54 54 54 57 57 57 57 57 57 54 54 54 56 56 56 58 58 58 55 55 55 57 57 57 59 59 59 58 58 58 57 57 57 52 52 52 60 60 60 56 56 56 60 60 60 57 57 57 56 56 56 60 60 60 59 59 59 57 57 57 53 53 53 60 60 60 52 52 52 53 53 53 59 59 59 60 60 60 61 61 61 62 62 62 63 63 63 62 62 62 61 61 61 64 64 64 62 62 62 65 65 65 63 63 63 63 63 63 65 65 65 66 66 66 67 67 67 62 62 62 64 64 64 62 62 62 67 67 67 65 65 65 68 68 68 67 67 67 64 64 64 69 69 69 68 68 68 64 64 64 67 67 67 70 70 70 65 65 65 67 67 67 68 68 68 70 70 70 65 65 65 71 71 71 66 66 66 65 65 65 70 70 70 71 71 71 66 66 66 71 71 71 72 72 72 68 68 68 69 69 69 73 73 73 68 68 68 73 73 73 70 70 70 69 69 69 74 74 74 73 73 73 74 74 74 75 75 75 73 73 73 70 70 70 76 76 76 71 71 71 70 70 70 73 73 73 76 76 76 75 75 75 77 77 77 73 73 73 73 73 73 77 77 77 76 76 76 77 77 77 75 75 75 78 78 78 77 77 77 78 78 78 79 79 79 77 77 77 79 79 79 76 76 76 78 78 78 80 80 80 79 79 79 71 71 71 76 76 76 81 81 81 71 71 71 81 81 81 72 72 72 72 72 72 81 81 81 82 82 82 79 79 79 83 83 83 76 76 76 76 76 76 83 83 83 81 81 81 80 80 80 84 84 84 79 79 79 79 79 79 84 84 84 83 83 83 84 84 84 80 80 80 85 85 85 81 81 81 86 86 86 82 82 82 81 81 81 83 83 83 86 86 86 82 82 82 86 86 86 87 87 87 84 84 84 88 88 88 83 83 83 83 83 83 88 88 88 86 86 86 84 84 84 85 85 85 88 88 88 86 86 86 88 88 88 87 87 87 85 85 85 89 89 89 88 88 88 88 88 88 89 89 89 87 87 87 </p>
        </triangles>
      </mesh>
    </geometry>
    <geometry id="BodyBM__SmallBirdsC-mesh" name="BodyBM__SmallBirdsC">
      <mesh>
        <source id="BodyBM__SmallBirdsC-position">
          <float_array id="BodyBM__SmallBirdsC-position-array" count="1842">0 0.2655297 0.05853744 0 0.2546774 0.04580443 -0.06627343 0.2382284 0.06998987 -0.06526245 0.2545524 0.08217002 -0.0978619 0.2221348 0.1323625 0 0.296832 0.0730985 -0.1006593 0.244678 0.1352573 -0.06668656 0.2891725 0.09214491 -0.0586395 0.3218122 0.1074127 0 0.3295418 0.09815908 -0.08211042 0.3168515 0.1389476 -0.0538085 0.3412488 0.1398939 0 0.3542983 0.1387484 -0.0963473 0.2831271 0.1383472 -0.08883452 0.3168838 0.1961366 -0.05365256 0.3469761 0.1959076 0 0.3627614 0.1949064 -5.029679E-06 0.3478159 0.2498126 -0.05107317 0.3304071 0.2462327 -0.1037039 0.2755906 0.1948708 -0.08103713 0.3023973 0.2422328 -0.1042227 0.2419253 0.1929901 -0.04064998 0.3102082 0.2862527 -0.09102601 0.2671276 0.2396507 -0.06288953 0.2867069 0.2821284 -0.1010148 0.2173197 0.1918053 -0.1008235 0.204262 0.1900105 -0.06989329 0.2587962 0.2805487 -0.02237014 0.273433 0.3067473 -0.03849464 0.2540356 0.299836 0 0.2807271 0.3119373 -0.06456895 0.2342678 0.2822507 -0.0225007 0.2366101 0.3039827 0 0.3234222 0.2892225 0.04065739 0.3102081 0.2862527 0.02236672 0.273433 0.3067473 -0.03587317 0.2133528 0.2887258 0 0.226112 0.3069447 -0.08766986 0.2298414 0.2406773 -0.04313365 0.1955995 0.2710585 -0.08357285 0.2066809 0.2358164 -0.08419479 0.1873182 0.2296447 -0.04401507 0.1770815 0.2597716 0 0.1726335 0.2811484 0 0.2063479 0.296082 0 0.1875934 0.2824246 0.04311324 0.1955995 0.2710585 0.04399935 0.1770815 0.2597716 0.03585915 0.2133528 0.2887258 0.02249279 0.2366101 0.3039827 0.06455908 0.2331651 0.2822507 0.03848564 0.2540356 0.299836 0.08361597 0.2053438 0.2322286 0.08430219 0.1867542 0.2296456 0.1009419 0.2027149 0.1900015 0.08773886 0.2272646 0.2359678 0.1011249 0.2153172 0.1917839 0.09789442 0.2211268 0.1323437 0.09115548 0.2636668 0.2396268 0.1043884 0.2394968 0.1929571 0.1006771 0.2433322 0.1352261 0.06988714 0.2577964 0.2805487 0.1039197 0.2724995 0.1948193 0.06289259 0.2855164 0.2821284 0.08103503 0.3007185 0.2422267 0.05109003 0.3304081 0.2462316 0.08884489 0.3152033 0.1961288 0.05368879 0.346981 0.1959021 0 0.3627614 0.1949064 0 0.3542983 0.1387484 0.05383257 0.3409604 0.1398893 0 0.3295418 0.09815908 0.09636043 0.2814273 0.138303 0.08212202 0.3157604 0.1389377 0.05865157 0.3215237 0.1074097 0 0.296832 0.0730985 0.06444965 0.2889212 0.09214596 0 0.2655297 0.05853744 0.06525304 0.2544287 0.08218015 0.06626321 0.2382141 0.07000776 0 0.2546774 0.04580443 0.08467957 0.06976844 -0.2882591 0.04642585 0.07991862 -0.1700772 0 0.06984283 -0.1688804 -0.04642583 0.07991976 -0.1700772 -0.08467957 0.06976843 -0.2882591 0 0.06879761 -0.305036 0.05399802 0.08713381 -0.1699444 0.04642585 0.07991862 -0.1700772 0 0.07441635 -0.3156411 0.08910531 0.07603201 -0.2970836 0.07803531 0.08229558 -0.2885184 0.04340969 0.09795661 -0.169745 0 0.106599 -0.168933 0 0.08003511 -0.3050361 -0.07803532 0.08229556 -0.2885184 -0.04340968 0.09795742 -0.169745 -0.053998 0.08713482 -0.1699444 -0.04642583 0.07991976 -0.1700772 -0.08910532 0.076032 -0.2970836 0 0.2368515 0.3369578 -0.009603277 0.2416855 0.3376176 0 0.226112 0.3069447 -0.0225007 0.2366101 0.3039827 0 0.2425458 0.3747169 -0.01651922 0.2513843 0.3390396 -0.03849464 0.2540356 0.299836 -0.02237014 0.273433 0.3067473 -0.009603277 0.2596157 0.3404615 0 0.2807271 0.3119373 0 0.2634359 0.3411214 0.009603277 0.2596157 0.3404615 0.02236672 0.273433 0.3067473 0.01651859 0.2513843 0.3390396 0.03848564 0.2540356 0.299836 0.02249279 0.2366101 0.3039827 0.009603277 0.2416855 0.3376176 0 0.2368515 0.3369578 0 0.226112 0.3069447 0 0.2546774 0.04580443 0 0.2343626 -0.01945929 -0.05557621 0.2206298 -0.01882172 0 0.1798462 -0.0935838 -0.06627343 0.2382284 0.06998987 -0.03980036 0.1597544 -0.09469713 0 0.106599 -0.168933 -0.04340968 0.09795742 -0.169745 -0.0984033 0.181631 -0.01819428 -0.0644759 0.1271058 -0.09542551 -0.07814528 0.09258503 -0.09560036 -0.053998 0.08713482 -0.1699444 -0.04642583 0.07991976 -0.1700772 -0.1222025 0.1271567 -0.01829138 -0.1145579 0.1917761 0.07175921 -0.0978619 0.2221348 0.1323625 -0.1134697 0.07115014 -0.01854497 -0.1106013 0.183816 0.1402535 -0.1008235 0.204262 0.1900105 -0.1424568 0.1292959 0.07173228 -0.1031833 0.1696769 0.1925232 -0.08419479 0.1873182 0.2296447 -0.1286815 0.1291788 0.1403346 -0.08246808 0.155833 0.2323679 -0.04401507 0.1770815 0.2597716 -0.1097374 0.1270002 0.1925497 -0.04594114 0.1491798 0.2654978 0 0.1726335 0.2811484 0 0.1479717 0.2845345 -0.08790617 0.1232692 0.2339782 -0.0477342 0.1202413 0.2665925 0 0.1163083 0.2849235 0 0.07310562 0.2718339 -0.05074276 0.07986291 0.2572094 0 0.02987049 0.2037627 -0.08881652 0.0937211 0.2282278 -0.06238466 0.04328208 0.2037321 0 0.009057258 0.1399169 -0.100174 0.07782075 0.192453 -0.07358067 0.02219788 0.1398546 0 0.001056251 0.07100818 -0.1207863 0.06739028 0.1400847 -0.1311501 0.05999196 0.07117143 -0.07776824 0.01224349 0.07088266 -0.0693063 0.02678235 -0.01864734 0 0.01208349 -0.01827275 -0.06194345 0.06605949 -0.09534271 -0.04205647 0.0430999 -0.09437539 0 0.03325844 -0.09317881 0 0.06984283 -0.1688804 0 0.2343626 -0.01945929 0 0.2546774 0.04580443 0.05557621 0.2206261 -0.01881687 0 0.1798462 -0.0935838 0.06626321 0.2382141 0.07000776 0.03980036 0.1597544 -0.09469713 0 0.106599 -0.168933 0.04340969 0.09795661 -0.169745 0.0984033 0.181631 -0.01819428 0.06447591 0.1271059 -0.09542551 0.07814528 0.09258501 -0.09560036 0.05399802 0.08713381 -0.1699444 0.04642585 0.07991862 -0.1700772 0.1222025 0.1271567 -0.01829138 0.1145517 0.19177 0.07176638 0.09789442 0.2211268 0.1323437 0.1134697 0.0711501 -0.01854497 0.1107187 0.1832124 0.1402545 0.1009419 0.2027149 0.1900015 0.1424568 0.1292959 0.07173228 0.1034183 0.1691251 0.1925232 0.08430219 0.1867542 0.2296456 0.1286943 0.1291456 0.1403346 0.08255642 0.155833 0.2323679 0.04399935 0.1770815 0.2597716 0.1097721 0.1270002 0.1925497 0.04593415 0.1491798 0.2654978 0 0.1726335 0.2811484 0 0.1479717 0.2845345 0.08791409 0.1232692 0.2339782 0.0477342 0.1202413 0.2665925 0 0.1163083 0.2849235 0 0.07310562 0.2718339 0.05074276 0.07986291 0.2572094 0 0.02987049 0.2037627 0.08881653 0.0937211 0.2282278 0.06238466 0.04328208 0.2037321 0 0.009057258 0.1399169 0.100174 0.07782075 0.192453 0.07358067 0.02219788 0.1398546 0 0.001056251 0.07100818 0.1207863 0.06739028 0.1400847 0.1311501 0.05999196 0.07117143 0.07776824 0.01224349 0.07088266 0.0693063 0.02678231 -0.01864734 0 0.01208349 -0.01827275 0.06194345 0.06605937 -0.09534271 0.04205647 0.0430999 -0.09437539 0 0.03325844 -0.09317881 0 0.06984283 -0.1688804 -0.6096318 0.1618241 0.1658196 -0.6184781 0.156582 0.1679544 -0.4463502 0.156582 0.2051088 -0.6010896 0.156582 0.1150163 -0.4430947 0.1623068 0.2017672 -0.5928081 0.1618241 0.114601 -0.5394579 0.156582 0.04923301 -0.3421043 0.156582 0.2263917 -0.5331305 0.1619646 0.05114553 -0.4383571 0.156582 -0.006067383 -0.4353136 0.1624699 -0.002358639 -0.3598285 0.156582 -0.02713162 -0.3422349 0.1629817 0.2223588 -0.3593834 0.1629678 -0.02292981 -0.2727155 0.156582 -0.02975848 -0.2729086 0.1635178 0.2303422 -0.2704506 0.156582 0.2346431 -0.2727155 0.1636397 -0.02547135 -0.2552426 0.1635976 0.2249578 -0.2523737 0.156582 0.2289633 -0.2214071 0.1639808 -0.02242348 -0.2172201 0.156582 -0.02660829 -0.2214069 0.1638533 0.1976462 -0.2172199 0.1565821 0.2007036 -0.1727529 0.1643346 -0.01742109 -0.172753 0.1642155 0.1743395 -0.1669326 0.1565821 0.1767603 -0.1669325 0.156582 -0.02128157 -0.1322028 0.1645243 0.1593728 -0.1250211 0.1565821 0.1612912 -0.1299579 0.1646305 -0.01023215 -0.1227008 0.156582 -0.01361997 -0.08261888 0.1648864 0.1463144 -0.07377256 0.1565821 0.1477944 -0.08261888 0.1649404 -0.0004170313 -0.07377256 0.1565821 -0.003173523 -0.4463502 0.156582 0.2051088 -0.6184781 0.156582 0.1679544 -0.6096318 0.1513399 0.1658196 -0.6010896 0.156582 0.1150163 -0.4430947 0.1508573 0.2017672 -0.5928081 0.15134 0.114601 -0.5394579 0.156582 0.04923301 -0.3421043 0.156582 0.2263917 -0.5331305 0.1511995 0.05114553 -0.4383571 0.156582 -0.006067383 -0.4353136 0.1506941 -0.002358639 -0.3598285 0.156582 -0.02713162 -0.3422349 0.1501824 0.2223588 -0.3593834 0.1501962 -0.02292981 -0.2727155 0.156582 -0.02975848 -0.2729086 0.1496463 0.2303422 -0.2704506 0.156582 0.2346431 -0.2727155 0.1495243 -0.02547135 -0.2552426 0.1495665 0.2249578 -0.2523737 0.156582 0.2289633 -0.2214071 0.1491833 -0.02242348 -0.2172201 0.156582 -0.02660829 -0.2214069 0.1493108 0.1976462 -0.2172199 0.1565821 0.2007036 -0.1727529 0.1488295 -0.01742109 -0.1669325 0.156582 -0.02128157 -0.172753 0.1489487 0.1743395 -0.1669326 0.1565821 0.1767603 -0.1299579 0.1485336 -0.01023215 -0.1227008 0.156582 -0.01361997 -0.1322028 0.1486399 0.1593728 -0.1250211 0.1565821 0.1612912 -0.08261888 0.1482777 0.1463144 -0.07377256 0.1565821 0.1477944 -0.08261888 0.1482238 -0.0004170313 -0.07377256 0.1565821 -0.003173523 0.6184781 0.156582 0.1679544 0.6096318 0.1618241 0.1658196 0.4463502 0.156582 0.2051088 0.6010896 0.156582 0.1150163 0.4430947 0.1623068 0.2017672 0.5928081 0.1618241 0.114601 0.5394579 0.156582 0.04923301 0.3421043 0.156582 0.2263917 0.5331305 0.1619646 0.05114553 0.4383571 0.156582 -0.006067383 0.4353136 0.1624699 -0.002358639 0.3598285 0.156582 -0.02713162 0.3422349 0.1629817 0.2223588 0.3593834 0.1629678 -0.02292981 0.2727155 0.156582 -0.02975848 0.2729086 0.1635178 0.2303422 0.2704506 0.156582 0.2346431 0.2727155 0.1636397 -0.02547135 0.2552426 0.1635976 0.2249578 0.2523737 0.156582 0.2289633 0.2214071 0.1639808 -0.02242348 0.2172201 0.156582 -0.02660829 0.2214069 0.1638533 0.1976462 0.2172199 0.1565821 0.2007036 0.172753 0.1642155 0.1743395 0.1669326 0.1565821 0.1767603 0.1727529 0.1643346 -0.01742109 0.1669325 0.156582 -0.02128157 0.1322028 0.1645243 0.1593728 0.1250211 0.1565821 0.1612912 0.1299579 0.1646305 -0.01023215 0.1227008 0.156582 -0.01361997 0.08261888 0.1648864 0.1463144 0.07377256 0.1565821 0.1477944 0.08261888 0.1649404 -0.0004170313 0.07377256 0.1565821 -0.003173523 0.6096318 0.1513399 0.1658196 0.6184781 0.156582 0.1679544 0.4463502 0.156582 0.2051088 0.6010896 0.156582 0.1150163 0.4430947 0.1508573 0.2017672 0.5928081 0.15134 0.114601 0.5394579 0.156582 0.04923301 0.3421043 0.156582 0.2263917 0.5331305 0.1511995 0.05114553 0.4383571 0.156582 -0.006067383 0.4353136 0.1506941 -0.002358639 0.3598285 0.156582 -0.02713162 0.3422349 0.1501824 0.2223588 0.3593834 0.1501962 -0.02292981 0.2727155 0.156582 -0.02975848 0.2729086 0.1496463 0.2303422 0.2704506 0.156582 0.2346431 0.2727155 0.1495243 -0.02547135 0.2552426 0.1495665 0.2249578 0.2523737 0.156582 0.2289633 0.2214071 0.1491833 -0.02242348 0.2214069 0.1493108 0.1976462 0.2172199 0.1565821 0.2007036 0.2172201 0.156582 -0.02660829 0.172753 0.1489487 0.1743395 0.1669326 0.1565821 0.1767603 0.1727529 0.1488295 -0.01742109 0.1669325 0.156582 -0.02128157 0.1322028 0.1486399 0.1593728 0.1250211 0.1565821 0.1612912 0.1299579 0.1485336 -0.01023215 0.1227008 0.156582 -0.01361997 0.08261888 0.1482777 0.1463144 0.07377256 0.1565821 0.1477944 0.08261888 0.1482238 -0.0004170313 0.07377256 0.1565821 -0.003173523 0.2190517 0.1534009 0.199366 0.1604798 0.1619096 0.1712374 0.1514481 0.1502858 0.1673328 -0.2620588 0.1548419 0.2307511 -0.2360017 0.1518332 -0.02481447 -0.2190517 0.1534009 0.199366 -0.2727155 0.160552 -0.02734697 -0.3596094 0.1573303 -0.02506354 -0.4368591 0.157272 -0.004241986 -0.3421696 0.1533822 0.2243752 -0.2360017 0.1518332 -0.02481447 -0.2620588 0.1548419 0.2307511 -0.4447224 0.1537197 0.203438 -0.5372829 0.1570866 0.04989044 -0.5991163 0.1571759 0.1149173 -0.6163702 0.1559882 0.1674457 -0.1604798 0.1512545 0.1712374 -0.2190517 0.1534009 0.199366 -0.1616839 0.152678 -0.01795909 -0.07729726 0.1578147 0.1472047 -0.07639881 0.1551455 -0.00235519 -0.1514481 0.1628783 0.1673328 -0.1604798 0.1512545 0.1712374 0.3421696 0.1533822 0.2243752 0.2620588 0.1583222 0.2307511 0.267388 0.1496213 0.2286596 0.2620588 0.1583222 0.2307511 0.2190517 0.1534009 0.199366 0.2727155 0.1526121 -0.02734697 0.2193136 0.1528827 -0.02451589 0.2727155 0.1526121 -0.02734697 0.3421696 0.1533822 0.2243752 0.3596094 0.1558337 -0.02506354 0.4368591 0.157272 -0.004241986 0.4447224 0.1537197 0.203438 0.5372829 0.1570866 0.04989044 0.5991163 0.1571759 0.1149173 0.6163702 0.1559882 0.1674457 0.1514481 0.1502858 0.1673328 0.1604798 0.1619096 0.1712374 0.07729726 0.1578147 0.1472047 0.2190517 0.1534009 0.199366 0.2214069 0.1638533 0.1976462 0.2190517 0.1534009 0.199366 0.2620588 0.1583222 0.2307511 0.2630952 0.1637037 -0.02489987 0.2727155 0.1526121 -0.02734697 0.2193136 0.1528827 -0.02451589 0.3596094 0.1558337 -0.02506354 0.1616839 0.1604861 -0.01795909 0.07729726 0.1578147 0.1472047 0.07639881 0.1551455 -0.00235519 0.2193136 0.1528827 -0.02451589 0.2620588 0.1583222 0.2307511 0.3422349 0.1629817 0.2223588 0.3596094 0.1558337 -0.02506354 0.3421696 0.1533822 0.2243752 0.4368591 0.157272 -0.004241986 0.4430947 0.1623068 0.2017672 0.4447224 0.1537197 0.203438 0.6163702 0.1559882 0.1674457 0.5372829 0.1570866 0.04989044 0.5991163 0.1571759 0.1149173 0.6163702 0.1559882 0.1674457 -0.05244887 0.08696574 -0.1699475 -0.03980036 0.1597544 -0.09469713 0 0.106599 -0.168933 0 0.1798462 -0.0935838 0 0.106599 -0.168933 -0.05557621 0.2206298 -0.01882172 0 0.2343626 -0.01945929 0 0.2601035 0.05217093 -0.0659575 0.2433297 0.07379617 -0.0984033 0.181631 -0.01819428 -0.07729094 0.09474257 -0.09558943 -0.05244887 0.08696574 -0.1699475 -0.1145579 0.191776 0.07175921 -0.09976028 0.2198106 0.1336655 -0.1222025 0.1271567 -0.01829138 -0.1424568 0.1292959 0.07173228 -0.1134697 0.07115012 -0.01854497 -0.1192095 0.1280895 0.1664421 -0.1011708 0.2035094 0.1908154 -0.0432994 0.04453488 -0.09443584 -0.05244887 0.08696574 -0.1699475 0 0.06984282 -0.1688804 0 0.06984282 -0.1688804 0 0.0239944 -0.06040741 -0.0693063 0.02678235 -0.01864734 0 0.001056254 0.07100818 -0.07776824 0.01224348 0.07088266 -0.1311501 0.05999196 0.07117143 -0.07358067 0.02219789 0.1398546 0 0.009057254 0.1399169 -0.1182097 0.06869408 0.1466307 -0.06238466 0.04328209 0.2037321 0 0.0298705 0.2037627 -0.08858894 0.1011081 0.2296654 -0.05036669 0.08491021 0.2583823 0 0.08120614 0.2742882 0 0.1793427 0.2818923 -0.04394761 0.1791367 0.2621786 -0.08246808 0.155833 0.2323679 -0.08514713 0.2047666 0.2344184 0.2190517 0.1534009 0.199366 0.1514481 0.1502858 0.1673328 0.2193136 0.1528827 -0.02451589 0.1647288 0.148774 -0.01607317 0.07729726 0.1578147 0.1472047 0.07639881 0.1551455 -0.00235519 0.1616839 0.1604861 -0.01795909 0.2193136 0.1528827 -0.02451589 0.001650563 0.2382866 0.3371536 -0.03449615 0.2496792 0.3008727 0 0.2248768 0.3062658 0.0001404693 0.2437065 0.3704123 -0.02237014 0.273433 0.3067473 0.000187564 0.2795718 0.3137484 0.02236672 0.273433 0.3067473 0.000187564 0.2795718 0.3137484 0.03448743 0.2496792 0.3008727 0.001650563 0.2382866 0.3371536 0 0.2248768 0.3062658 0 0.2601035 0.05217093 -0.0659575 0.2433297 0.07379617 0 0.296832 0.0730985 -0.06115421 0.3116123 0.1026415 -0.09976028 0.2198106 0.1336655 0 0.3295418 0.09815907 0 0.296832 0.0730985 -0.08566964 0.3084204 0.1387975 -0.0538085 0.3412488 0.1398939 0 0.3542983 0.1387484 -0.1005344 0.2734749 0.2060658 -0.1011708 0.2035094 0.1908154 -0.08883452 0.3168838 0.1961366 -0.05365256 0.3469761 0.1959076 0 0.3627614 0.1949064 -5.029679E-06 0.3478159 0.2498126 -0.08514713 0.2047666 0.2344184 -0.1011708 0.2035094 0.1908154 -0.04394761 0.1791367 0.2621786 -0.05918849 0.2303462 0.2834648 0 0.2248768 0.3062658 -0.08514713 0.2047666 0.2344184 -0.08103713 0.3023973 0.2422328 -0.06595367 0.274496 0.2814373 -0.03449615 0.2496792 0.3008727 0 0.2248768 0.3062658 -0.02237014 0.273433 0.3067473 -0.04195288 0.3127331 0.2812502 0.000187564 0.2795718 0.3137484 0.000187564 0.2795718 0.3137484 0 0.3234222 0.2892225 0.04196147 0.3127331 0.2812501 0.02236672 0.273433 0.3067473 0.05368879 0.3469809 0.1959021 0 0.3627614 0.1949064 0 0.3542983 0.1387484 0.0659527 0.273389 0.2814373 0.03448743 0.2496792 0.3008727 0.05383257 0.3409604 0.1398893 0 0.3295418 0.09815907 0.08884489 0.3152033 0.1961288 0.08103503 0.3007185 0.2422267 0.05937633 0.3174484 0.1055018 0 0.296832 0.0730985 0.08657152 0.3050313 0.1387393 0.1007286 0.2702913 0.2060212 0 0.2601035 0.05217093 0 0.296832 0.0730985 0.06594753 0.2432812 0.07381163 0.09964962 0.2176018 0.1334902 0.1012914 0.2012729 0.1907066 0.08593509 0.2176742 0.2343319 0.08299287 0.1635633 0.2316873 0.04393146 0.1791367 0.2621786 0.06097159 0.2306886 0.2830601 0.04393146 0.1791367 0.2621786 0 0.2248768 0.3062658 0 0.1793427 0.2818923 -0.04394761 0.1791367 0.2621786 0.08734131 0.07593414 -0.2950437 0.05244889 0.08696473 -0.1699475 0 0.06984282 -0.1688804 -0.05244887 0.08696574 -0.1699475 -0.08734132 0.07593411 -0.2950437 0.05244889 0.08696473 -0.1699475 0 0.106599 -0.168933 -0.05244887 0.08696574 -0.1699475 0 0.0747675 -0.3149783 0 0.06984282 -0.1688804 -0.07729726 0.1578147 0.1472047 -0.07639881 0.1551455 -0.00235519 -0.1647288 0.1643901 -0.01607317 -0.1514481 0.1628783 0.1673328 -0.07639881 0.1551455 -0.00235519 -0.1616839 0.152678 -0.01795909 -0.2360017 0.1518332 -0.02481447 -0.2727155 0.160552 -0.02734697 -0.1604798 0.1512545 0.1712374 -0.2190517 0.1534009 0.199366 -0.267388 0.1635427 0.2286596 -0.2620588 0.1548419 0.2307511 -0.3421696 0.1533822 0.2243752 -0.3422349 0.1629817 0.2223588 -0.3596094 0.1573303 -0.02506354 -0.4368591 0.157272 -0.004241986 -0.4430947 0.1623068 0.2017672 -0.4447224 0.1537197 0.203438 -0.6163702 0.1559882 0.1674457 -0.5372829 0.1570866 0.04989044 -0.5991163 0.1571759 0.1149173 -0.6163702 0.1559882 0.1674457 0.05244889 0.08696473 -0.1699475 0 0.106599 -0.168933 0.03980036 0.1597544 -0.09469713 0.07729094 0.0947426 -0.09558943 0 0.1798462 -0.0935838 0 0.106599 -0.168933 0.05557621 0.2206261 -0.01881687 0 0.2343626 -0.01945929 0 0.2601035 0.05217093 0.06594753 0.2432812 0.07381163 0.0984033 0.181631 -0.01819428 0.1145517 0.19177 0.07176638 0.09964962 0.2176018 0.1334902 0.1222025 0.1271567 -0.01829138 0.1424568 0.1292959 0.07173228 0.1134697 0.07115009 -0.01854497 0.1192332 0.1280729 0.1664421 0.1012914 0.2012729 0.1907066 0.08299287 0.1635633 0.2316873 0.08859092 0.1011081 0.2296654 0.04393146 0.1791367 0.2621786 0.1182097 0.06869408 0.1466307 0.1311501 0.05999196 0.07117143 0.05036669 0.08491021 0.2583823 0 0.1793427 0.2818923 0 0.08120614 0.2742882 0 0.0298705 0.2037627 0.06238466 0.04328209 0.2037321 0 0.009057254 0.1399169 0.07358067 0.02219789 0.1398546 0 0.001056254 0.07100818 0.07776824 0.01224348 0.07088266 0.0693063 0.02678232 -0.01864734 0 0.0239944 -0.06040741 0.0432994 0.04453488 -0.09443584 0 0.06984282 -0.1688804 0.05244889 0.08696473 -0.1699475</float_array>
          <technique_common>
            <accessor source="#BodyBM__SmallBirdsC-position-array" count="614" stride="3">
              <param name="X" type="float" />
              <param name="Y" type="float" />
              <param name="Z" type="float" />
            </accessor>
          </technique_common>
        </source>
        <source id="BodyBM__SmallBirdsC-normal">
          <float_array id="BodyBM__SmallBirdsC-normal-array" count="1842">0 0.479452 -0.8767123 0 0.9393346 -0.3444227 -0.5812133 0.7553816 -0.2994129 -0.6457925 0.3013699 -0.702544 -0.9569471 0.2661448 -0.1154599 0 0.4481409 -0.8943248 -0.9530333 0.06262231 -0.297456 -0.5714286 0.3522505 -0.739726 -0.407045 0.6438356 -0.6477495 0.001956947 0.7201566 -0.6947162 -0.8082192 0.5459883 -0.221135 -0.3855186 0.888454 -0.2485323 0.001956947 0.9569471 -0.2935421 -0.9275929 0.2367906 -0.2915851 -0.816047 0.5714286 0.09589041 -0.444227 0.890411 0.09001957 0 0.9980431 0.07436399 0 0.9354208 0.3542074 -0.4618395 0.81409 0.3502935 -0.9784736 0.18591 0.08219178 -0.7984344 0.4911937 0.3502935 -0.9941292 -0.04500978 0.09393346 -0.4207436 0.6046967 0.6771037 -0.9315069 0.1076321 0.3463796 -0.6653621 0.2915851 0.6868885 -0.9804305 -0.1252446 0.1506849 -0.9706458 0.1076321 0.2172211 -0.7318982 0 0.6810176 -0.4031311 0.2485323 0.8806262 -0.4951076 -0.05675147 0.8669276 0 0.4285714 0.9041096 -0.6810176 -0.3091977 0.6653621 -0.4109589 -0.2700587 0.8708415 0 0.702544 0.7123288 0.4285714 0.6007828 0.6751468 0.4050881 0.2504892 0.8786693 -0.3855186 -0.4735812 0.7925636 0 -0.4559687 0.890411 -0.9001957 -0.1682975 0.3992172 -0.5616438 -0.4716243 0.6790606 -0.849315 -0.1937378 0.4911937 -0.8180039 0.009784736 0.5733855 -0.555773 -0.005870841 0.8317025 0 0.09589041 0.9960861 0 -0.5518591 0.8336595 0 -0.3933464 0.9197652 0.5772994 -0.4774951 0.6614481 0.5596869 -0.001956947 0.8297456 0.3776908 -0.4774951 0.7925636 0.4090019 -0.2681018 0.8727984 0.6868885 -0.3228963 0.6516634 0.4951076 -0.05479452 0.8669276 0.8454012 -0.1624266 0.5088063 0.8062623 0.037182 0.5890411 0.9667319 0.1232877 0.221135 0.8982387 -0.1898239 0.3992172 0.9804305 -0.1193738 0.1545988 0.9569471 0.2681018 -0.1135029 0.9315069 0.09393346 0.3502935 0.9941292 -0.05088063 0.09589041 0.9510763 0.07240704 -0.3013699 0.7318982 0.001956947 0.6810176 0.9804305 0.1819961 0.08610567 0.6692759 0.2896282 0.6849315 0.8082192 0.4755382 0.3463796 0.4735812 0.8082192 0.3502935 0.8258317 0.555773 0.09589041 0.4559687 0.8845401 0.08806262 0 0.9980431 0.07436399 0.001956947 0.9569471 -0.2935421 0.3953033 0.8845401 -0.2465753 0.001956947 0.7201566 -0.6947162 0.925636 0.2407045 -0.295499 0.816047 0.5322896 -0.2250489 0.4187867 0.6360078 -0.6497065 0 0.4481409 -0.8943248 0.5655577 0.3581213 -0.7436399 0 0.479452 -0.8767123 0.6497065 0.3091977 -0.6947162 0.5812133 0.7573385 -0.2994129 0 0.9393346 -0.3444227 0.2426614 -0.9706458 0.001956947 0.3874756 -0.9217221 -0.02348337 0 -0.9941292 -0.1037182 -0.3874756 -0.9217221 -0.02348337 -0.2426614 -0.9706458 0.001956947 0 -0.9960861 -0.08806262 0.9549902 0.2857143 0.08610567 0.3874756 -0.9217221 -0.02348337 0 0.003913894 -1 0.8727984 0.05870841 -0.4853229 0.2289628 0.960861 -0.1624266 0.3855186 0.8864971 -0.2524462 0 0.9354208 -0.3542074 0 0.9667319 -0.2524462 -0.2289628 0.960861 -0.1624266 -0.3855186 0.8864971 -0.2524462 -0.9549902 0.2857143 0.08610567 -0.3874756 -0.9217221 -0.02348337 -0.8727984 0.05870841 -0.4853229 0 -0.9569471 0.2915851 -0.6066536 -0.7338552 0.3052838 0 -0.9432485 0.3307241 -0.6340509 -0.6888454 0.3502935 0 -0.2465753 0.9686888 -0.8767123 -0.01565558 0.479452 -0.8688846 -0.02739726 0.4931507 -0.6262231 0.6144814 0.479452 -0.5694716 0.6634051 0.483366 0 0.8630137 0.5068493 0 0.8590998 0.5107632 0.5694716 0.6634051 0.483366 0.6262231 0.6144814 0.479452 0.8767123 -0.01565558 0.479452 0.8688846 -0.02739726 0.4931507 0.6340509 -0.6888454 0.3502935 0.6066536 -0.7338552 0.3052838 0 -0.9569471 0.2915851 0 -0.9432485 0.3307241 0 0.9393346 -0.3444227 0 0.9001957 -0.4363992 -0.4716243 0.7808219 -0.4109589 0 0.7651663 -0.6438356 -0.5812133 0.7553816 -0.2994129 -0.4461839 0.6536204 -0.6125244 0 0.9354208 -0.3542074 -0.3855186 0.8864971 -0.2524462 -0.7573385 0.5322896 -0.3796478 -0.7162427 0.4324853 -0.5459883 -0.8649706 -0.001956947 -0.5009785 -0.9549902 0.2857143 0.08610567 -0.3874756 -0.9217221 -0.02348337 -0.9275929 0.1272016 -0.3522505 -0.8414873 0.5283757 -0.1174168 -0.9569471 0.2661448 -0.1154599 -0.8414873 -0.4481409 -0.2994129 -0.9412916 0.297456 0.1565558 -0.9706458 0.1076321 0.2172211 -0.9921722 0.1174168 -0.05088063 -0.9315069 0.1761252 0.3189824 -0.8180039 0.009784736 0.5733855 -0.9706458 0.08023483 0.2270059 -0.7651663 0.1135029 0.6340509 -0.555773 -0.005870841 0.8317025 -0.9275929 0.02544031 0.37182 -0.5127202 0.1056751 0.851272 0 0.09589041 0.9960861 0 0.1037182 0.9941292 -0.776908 -0.003913894 0.62818 -0.4872798 -0.07827789 0.8708415 0 -0.1369863 0.9902152 0 -0.6555773 0.7534246 -0.4031311 -0.5851272 0.702544 0 -0.9001957 0.4344423 -0.7455969 -0.3502935 0.5675147 -0.3894325 -0.8082192 0.4403131 0 -0.9745597 0.223092 -0.7945206 -0.4481409 0.4109589 -0.4168297 -0.8767123 0.2387476 0 -1 -0.02348337 -0.853229 -0.4540117 0.258317 -0.8786693 -0.4755382 -0.04305284 -0.4305284 -0.9021527 -0.0332681 -0.4422701 -0.8630137 -0.2426614 0 -0.9804305 -0.1996086 -0.7592955 -0.5225049 -0.3894325 -0.4011742 -0.8473581 -0.3483366 0 -0.9471624 -0.3189824 0 -0.9941292 -0.1037182 0 0.9001957 -0.4363992 0 0.9393346 -0.3444227 0.4716243 0.7808219 -0.4090019 0 0.7651663 -0.6438356 0.5812133 0.7573385 -0.2994129 0.4461839 0.6536204 -0.6125244 0 0.9354208 -0.3542074 0.3855186 0.8864971 -0.2524462 0.7573385 0.5322896 -0.3796478 0.7162427 0.4324853 -0.5459883 0.8649706 -0.001956947 -0.5009785 0.9549902 0.2857143 0.08610567 0.3874756 -0.9217221 -0.02348337 0.9275929 0.1272016 -0.3522505 0.8414873 0.5283757 -0.1154599 0.9569471 0.2681018 -0.1135029 0.8414873 -0.4481409 -0.2994129 0.9412916 0.3013699 0.1565558 0.9667319 0.1232877 0.221135 0.9921722 0.1174168 -0.05088063 0.9315069 0.1780822 0.3189824 0.8062623 0.037182 0.5890411 0.9706458 0.07827789 0.2270059 0.7632094 0.1135029 0.6360078 0.5596869 -0.001956947 0.8297456 0.9275929 0.02348337 0.37182 0.5127202 0.1056751 0.853229 0 0.09589041 0.9960861 0 0.1037182 0.9941292 0.776908 -0.005870841 0.62818 0.4872798 -0.07827789 0.8708415 0 -0.1369863 0.9902152 0 -0.6555773 0.7534246 0.4031311 -0.5851272 0.702544 0 -0.9001957 0.4344423 0.7455969 -0.3502935 0.5675147 0.3894325 -0.8082192 0.4403131 0 -0.9745597 0.223092 0.7945206 -0.4481409 0.4109589 0.4168297 -0.8767123 0.2387476 0 -1 -0.02348337 0.853229 -0.4540117 0.258317 0.8786693 -0.4755382 -0.04305284 0.4305284 -0.9021527 -0.0332681 0.4422701 -0.8630137 -0.2426614 0 -0.9804305 -0.1996086 0.7592955 -0.5225049 -0.3894325 0.4011742 -0.8473581 -0.3483366 0 -0.9471624 -0.3189824 0 -0.9941292 -0.1037182 -0.111546 0.9686888 0.2191781 -0.6360078 0 0.7710372 -0.2093934 0 0.9784736 -0.8727984 0 -0.4892368 -0.02152642 0.9960861 0.07632094 -0.06457926 0.9960861 -0.04696673 -0.6340509 0 -0.7729941 -0.1624266 0 0.9863014 -0.04500978 0.9980431 -0.06066536 -0.4031311 0 -0.9158513 -0.02935421 0.9980431 -0.05675147 -0.1369863 0 -0.9902152 -0.01369863 1 0.037182 -0.01174168 1 -0.03913894 0.001956947 0 -1 -0.009784736 1 0.03522505 -0.001956947 0 1 -0.007827789 1 -0.0332681 0.02152642 0.9980431 0.04305284 0.5440313 0 0.8395303 -0.003913894 1 -0.037182 0.08414873 0 -0.9960861 0.009784736 1 0.02739726 0.5048923 0 0.8630137 -0.001956947 1 -0.04109589 0.009784736 1 0.037182 0.3776908 0 0.925636 0.1448141 0 -0.9902152 0.007827789 1 0.04305284 0.2778865 0 0.960861 0.001956947 0.9980431 -0.04696673 0.1937378 0 -0.9804305 0.1330724 0.9902152 0.05675147 0.9843444 0 0.1800391 0.1389433 0.9882583 -0.05283757 0.9804305 0 -0.1937378 -0.2093934 0 0.9784736 -0.6360078 0 0.7710372 -0.111546 -0.9686888 0.2191781 -0.8727984 0 -0.4892368 -0.02152642 -0.9960861 0.07632094 -0.06457926 -0.9960861 -0.04696673 -0.6340509 0 -0.7729941 -0.1624266 0 0.9863014 -0.04500978 -0.9980431 -0.06066536 -0.4031311 0 -0.9158513 -0.02935421 -0.9980431 -0.05675147 -0.1369863 0 -0.9902152 -0.01369863 -1 0.037182 -0.01174168 -1 -0.03913894 0.001956947 0 -1 -0.009784736 -1 0.03522505 -0.001956947 0 1 -0.007827789 -1 -0.0332681 0.02152642 -0.9980431 0.04305284 0.5440313 0 0.8395303 -0.003913894 -1 -0.037182 0.08414873 0 -0.9960861 0.009784736 -1 0.02739726 0.5048923 0 0.8630137 -0.001956947 -1 -0.04109589 0.1448141 0 -0.9902152 0.009784736 -1 0.037182 0.3776908 0 0.925636 0.001956947 -0.9980431 -0.04696673 0.1937378 0 -0.9804305 0.007827789 -1 0.04305284 0.2778865 0 0.960861 0.1330724 -0.9902152 0.05675147 0.9843444 0 0.1800391 0.1389433 -0.9882583 -0.05283757 0.9804305 0 -0.1937378 0.6360078 0 0.7710372 0.111546 0.9686888 0.2191781 0.2093934 0 0.9784736 0.8727984 0 -0.4892368 0.02152642 0.9960861 0.07632094 0.06457926 0.9960861 -0.04696673 0.6340509 0 -0.7729941 0.1624266 0 0.9863014 0.04500978 0.9980431 -0.06066536 0.4031311 0 -0.9158513 0.02935421 0.9980431 -0.05675147 0.1369863 0 -0.9902152 0.01369863 1 0.037182 0.01174168 1 -0.03913894 -0.001956947 0 -1 0.009784736 1 0.03522505 0.001956947 0 1 0.007827789 1 -0.0332681 -0.02152642 0.9980431 0.04305284 -0.5440313 0 0.8395303 0.003913894 1 -0.037182 -0.08414873 0 -0.9960861 -0.009784736 1 0.02739726 -0.5048923 0 0.8630137 -0.009784736 1 0.037182 -0.3776908 0 0.925636 0.001956947 1 -0.04109589 -0.1448141 0 -0.9902152 -0.007827789 1 0.04305284 -0.2778865 0 0.960861 -0.001956947 0.9980431 -0.04696673 -0.1937378 0 -0.9804305 -0.1330724 0.9902152 0.05675147 -0.9843444 0 0.1800391 -0.1389433 0.9882583 -0.05283757 -0.9804305 0 -0.1937378 0.111546 -0.9686888 0.2191781 0.6360078 0 0.7710372 0.2093934 0 0.9784736 0.8727984 0 -0.4892368 0.02152642 -0.9960861 0.07632094 0.06457926 -0.9960861 -0.04696673 0.6340509 0 -0.7729941 0.1624266 0 0.9863014 0.04500978 -0.9980431 -0.06066536 0.4031311 0 -0.9158513 0.02935421 -0.9980431 -0.05675147 0.1369863 0 -0.9902152 0.01369863 -1 0.037182 0.01174168 -1 -0.03913894 -0.001956947 0 -1 0.009784736 -1 0.03522505 0.001956947 0 1 0.007827789 -1 -0.0332681 -0.02152642 -0.9980431 0.04305284 -0.5440313 0 0.8395303 0.003913894 -1 -0.037182 -0.009784736 -1 0.02739726 -0.5048923 0 0.8630137 -0.08414873 0 -0.9960861 -0.009784736 -1 0.037182 -0.3776908 0 0.925636 0.001956947 -1 -0.04109589 -0.1448141 0 -0.9902152 -0.007827789 -1 0.04305284 -0.2778865 0 0.960861 -0.001956947 -0.9980431 -0.04696673 -0.1937378 0 -0.9804305 -0.1330724 -0.9902152 0.05675147 -0.9843444 0 0.1800391 -0.1389433 -0.9882583 -0.05283757 -0.9804305 0 -0.1937378 -0.04500978 -0.9980431 0.03522505 -0.05675147 0.9980431 0.04109589 -0.03131115 -0.9980431 0.05870841 0.01956947 -0.9980431 0.04696673 -0.01761252 -0.9980431 -0.05870841 0.01761252 -0.9960861 0.09589041 -0.02544031 0.9980431 -0.05088063 -0.2504892 -0.9530333 -0.1643836 -0.3111546 -0.2152642 -0.925636 -0.009784736 -1 0.03522505 -0.01761252 -0.9980431 -0.05870841 0.01956947 -0.9980431 0.04696673 -0.01761252 -0.9980431 0.04696673 -0.5812133 -0.07240704 -0.8101761 -0.8336595 0.01174168 -0.553816 -0.9784736 -0.02544031 -0.2074364 0.03913894 -0.9980431 0.04892368 0.01761252 -0.9960861 0.09589041 0.037182 -0.9960861 -0.0704501 0.8297456 -0.55773 0.001956947 0.9902152 0.1389433 -0.04109589 0.02544031 1 0.03131115 0.03913894 -0.9980431 0.04892368 0.03522505 -0.9980431 0.0332681 -0.02739726 0.9980431 0.06066536 0.005870841 -1 0.0332681 -0.02739726 0.9980431 0.06066536 -0.04500978 -0.9980431 0.03522505 0.02152642 -0.9980431 -0.05870841 0.02152642 -0.9960861 -0.07827789 0.02152642 -0.9980431 -0.05870841 0.03522505 -0.9980431 0.0332681 0.8062623 0.4344423 -0.4011742 0.3131115 -0.2113503 -0.925636 0.01761252 -0.9980431 0.04696673 0.5812133 -0.07240704 -0.8101761 0.8336595 0.01174168 -0.553816 0.9784736 -0.02544031 -0.2074364 -0.03131115 -0.9980431 0.05870841 -0.05675147 0.9980431 0.04109589 -0.8180039 0.5733855 -0.001956947 -0.04500978 -0.9980431 0.03522505 0.02544031 0.9980431 0.04500978 -0.04500978 -0.9980431 0.03522505 -0.02739726 0.9980431 0.06066536 0.02348337 0.9980431 -0.04696673 0.02152642 -0.9980431 -0.05870841 0.02152642 -0.9960861 -0.07827789 0.8062623 0.4344423 -0.4011742 -0.05088063 0.9960861 -0.06457926 -0.8180039 0.5733855 -0.001956947 -0.9863014 -0.1585127 -0.03522505 0.02152642 -0.9960861 -0.07827789 -0.02739726 0.9980431 0.06066536 -0.005870841 1 0.037182 0.8062623 0.4344423 -0.4011742 0.03522505 -0.9980431 0.0332681 0.3131115 -0.2113503 -0.925636 0.02152642 1 0.037182 0.01761252 -0.9980431 0.04696673 0.9784736 -0.02544031 -0.2074364 0.5812133 -0.07240704 -0.8101761 0.8336595 0.01174168 -0.553816 0.9784736 -0.02544031 -0.2074364 -0.9373777 0.01174168 -0.3483366 -0.5381604 0.5812133 -0.6105675 0 0.9334638 -0.3581213 0 0.7475538 -0.6634051 0 0.9334638 -0.3581213 -0.4481409 0.7827789 -0.4305284 0 0.8806262 -0.4735812 0.02348337 0.8356164 -0.5479452 -0.6555773 0.6379648 -0.4031311 -0.7436399 0.5244619 -0.4148728 -0.8688846 0.003913894 -0.4931507 -0.9373777 0.01174168 -0.3483366 -0.8317025 0.5381604 -0.1350294 -0.9569471 0.2876712 -0.05479452 -0.9138943 0.1545988 -0.3737769 -0.9921722 0.1291585 0 -0.8434442 -0.4324853 -0.3209393 -0.9510763 0.07827789 0.297456 -0.9784736 0.0665362 0.1956947 -0.4481409 -0.8043053 -0.3874756 -0.9373777 0.01174168 -0.3483366 0 -0.9921722 -0.1232877 0 -0.9921722 -0.1232877 0 -0.9667319 -0.2563601 -0.4050881 -0.8825831 -0.2387476 0 -0.9980431 -0.05088063 -0.4109589 -0.9099804 -0.04305284 -0.8786693 -0.4735812 -0.04305284 -0.4207436 -0.8727984 0.2446184 0 -0.9765166 0.2152642 -0.8630137 -0.407045 0.2994129 -0.4422701 -0.7592955 0.4774951 0 -0.8864971 0.4618395 -0.776908 -0.2152642 0.592955 -0.4383562 -0.3835616 0.8121331 0 -0.4403131 0.8982387 0 -0.2015656 0.9784736 -0.5088063 -0.183953 0.8414873 -0.7984344 0.02739726 0.6007828 -0.8590998 -0.1037182 0.5009785 -0.04500978 -0.9980431 0.03522505 -0.03131115 -0.9980431 0.05870841 0.02152642 -0.9960861 -0.07827789 -0.01174168 -0.9980431 -0.05283757 -0.8180039 0.5733855 -0.001956947 -0.9863014 -0.1585127 -0.03522505 -0.05088063 0.9960861 -0.06457926 0.02152642 -0.9960861 -0.07827789 0.01369863 -0.9726027 0.2328767 -0.8786693 -0.1154599 0.4657534 -0.01956947 -0.9158513 0.3992172 -0.037182 0.07632094 0.9960861 -0.7005871 0.518591 0.4892368 0 0.8454012 0.5342466 0.704501 0.516634 0.4872798 0 0.8454012 0.5342466 0.8864971 -0.09393346 0.4520548 0.01369863 -0.9726027 0.2328767 -0.01956947 -0.9158513 0.3992172 0.02348337 0.8356164 -0.5479452 -0.6555773 0.6379648 -0.4031311 -0.0704501 0.5068493 -0.8590998 -0.5812133 0.4618395 -0.6692759 -0.9569471 0.2876712 -0.05479452 -0.01369863 0.7455969 -0.667319 -0.0704501 0.5068493 -0.8590998 -0.8962818 0.3307241 -0.297456 -0.4285714 0.8551859 -0.2915851 0.001956947 0.9530333 -0.3052838 -0.9863014 0.09784736 0.1291585 -0.9784736 0.0665362 0.1956947 -0.8062623 0.5792564 0.1213307 -0.4755382 0.8630137 0.1663405 0 0.9980431 0.05283757 0 0.9158513 0.4011742 -0.8590998 -0.1037182 0.5009785 -0.9784736 0.0665362 0.1956947 -0.5088063 -0.183953 0.8414873 -0.6966732 -0.2524462 0.6712329 0.003913894 -0.4559687 0.890411 -0.8590998 -0.1037182 0.5009785 -0.7964775 0.4422701 0.4109589 -0.7925636 0.09197652 0.6027398 -0.4637965 -0.1428571 0.8747554 0.003913894 -0.4559687 0.890411 -0.4403131 0.2700587 0.8551859 -0.481409 0.6536204 0.5831702 0 0.4559687 0.890411 0 0.4559687 0.890411 0 0.6908023 0.7240704 0.4892368 0.6516634 0.5792564 0.4461839 0.2681018 0.853229 0.4892368 0.8571429 0.1643836 0 0.9980431 0.05283757 0.001956947 0.9530333 -0.3052838 0.7886497 0.109589 0.6066536 0.4559687 -0.1409002 0.8786693 0.444227 0.8551859 -0.2681018 -0.01369863 0.7455969 -0.667319 0.816047 0.5655577 0.1174168 0.8062623 0.4305284 0.407045 0.5264188 0.5322896 -0.6634051 -0.0704501 0.5068493 -0.8590998 0.9021527 0.3228963 -0.2857143 0.9882583 0.1017613 0.1135029 0.02348337 0.8356164 -0.5479452 -0.0704501 0.5068493 -0.8590998 0.6497065 0.6183953 -0.4422701 0.9589041 0.2759295 -0.06262231 0.9784736 0.0704501 0.1917808 0.8688846 -0.1135029 0.483366 0.7945206 0.01956947 0.6086106 0.5205479 -0.1761252 0.8356164 0.6868885 -0.2837573 0.6692759 0.5205479 -0.1761252 0.8356164 0.003913894 -0.4559687 0.890411 0 -0.2015656 0.9784736 -0.5088063 -0.183953 0.8414873 0.592955 0.01956947 -0.8062623 0.9373777 0.01174168 -0.3483366 0 -0.9921722 -0.1232877 -0.9373777 0.01174168 -0.3483366 -0.592955 0.01956947 -0.8062623 0.9373777 0.01174168 -0.3483366 0 0.9334638 -0.3581213 -0.9373777 0.01174168 -0.3483366 0 0.003913894 -1 0 -0.9921722 -0.1232877 0.8297456 -0.55773 0.001956947 0.9902152 0.1389433 -0.04109589 0.01565558 0.9980431 -0.05088063 0.02544031 1 0.03131115 0.9902152 0.1389433 -0.04109589 0.037182 -0.9960861 -0.0704501 -0.01761252 -0.9980431 -0.05870841 -0.02544031 0.9980431 -0.05088063 0.03913894 -0.9980431 0.04892368 0.01761252 -0.9960861 0.09589041 0.001956947 1 0.02152642 0.01956947 -0.9980431 0.04696673 -0.009784736 -1 0.03522505 -0.01565558 1 0.02544031 -0.2504892 -0.9530333 -0.1643836 -0.3111546 -0.2152642 -0.925636 -0.02152642 1 0.037182 -0.01761252 -0.9980431 0.04696673 -0.9784736 -0.02544031 -0.2074364 -0.5812133 -0.07240704 -0.8101761 -0.8336595 0.01174168 -0.553816 -0.9784736 -0.02544031 -0.2074364 0.9373777 0.01174168 -0.3483366 0 0.9334638 -0.3581213 0.5381604 0.5812133 -0.6105675 0.8688846 0.003913894 -0.4931507 0 0.7475538 -0.6634051 0 0.9334638 -0.3581213 0.4481409 0.7827789 -0.4305284 0 0.8806262 -0.4735812 0.02348337 0.8356164 -0.5479452 0.6497065 0.6183953 -0.4422701 0.7436399 0.5244619 -0.4148728 0.8317025 0.5401174 -0.1272016 0.9589041 0.2759295 -0.06262231 0.9138943 0.1545988 -0.3737769 0.9921722 0.1311155 -0.001956947 0.8434442 -0.4324853 -0.3209393 0.9530333 0.07827789 0.295499 0.9784736 0.0704501 0.1917808 0.7945206 0.01956947 0.6086106 0.778865 -0.2093934 0.592955 0.5205479 -0.1761252 0.8356164 0.8630137 -0.407045 0.2994129 0.8786693 -0.4735812 -0.04305284 0.4383562 -0.3835616 0.8121331 0 -0.2015656 0.9784736 0 -0.4403131 0.8982387 0 -0.8864971 0.4618395 0.4422701 -0.7592955 0.4774951 0 -0.9765166 0.2152642 0.4207436 -0.8727984 0.2446184 0 -0.9980431 -0.05088063 0.4109589 -0.9099804 -0.04305284 0.4050881 -0.8825831 -0.2387476 0 -0.9667319 -0.2563601 0.4481409 -0.8043053 -0.3874756 0 -0.9921722 -0.1232877 0.9373777 0.01174168 -0.3483366</float_array>
          <technique_common>
            <accessor source="#BodyBM__SmallBirdsC-normal-array" count="614" stride="3">
              <param name="X" type="float" />
              <param name="Y" type="float" />
              <param name="Z" type="float" />
            </accessor>
          </technique_common>
        </source>
        <source id="BodyBM__SmallBirdsC-texcoord">
          <float_array id="BodyBM__SmallBirdsC-texcoord-array" count="1228">0.02532998 0.96318 0.01055924 0.9613336 0.02214084 0.8944533 0.03936828 0.8992294 0.06076143 0.8328527 0.05622949 0.9735256 0.07429618 0.8477607 0.06872664 0.9130236 0.09736782 0.9283742 0.09851225 0.9794766 0.1132525 0.9015793 0.1302968 0.9292439 0.1491112 0.973373 0.09507897 0.874754 0.1503319 0.8764935 0.1742885 0.909987 0.2037537 0.946746 0.2509041 0.9047074 0.2031891 0.8778668 0.1306783 0.8433967 0.1772946 0.8512551 0.1176928 0.8170291 0.2210727 0.8492867 0.1622339 0.8228123 0.2052949 0.8305638 0.1092699 0.7962158 0.103975 0.7856413 0.1982147 0.8077211 0.2346685 0.8153201 0.2225986 0.8007935 0.2506142 0.8218509 0.1990997 0.7867705 0.2325628 0.7857633 0.2507515 0.8602579 0.280354 0.8491493 0.2665293 0.8154727 0.2169985 0.7662013 0.2504311 0.7771878 0.1560693 0.7902342 0.2018769 0.7490959 0.1511864 0.7703059 0.1432975 0.7546349 0.1939727 0.7321584 0.2501259 0.7260853 0.250309 0.7584039 0.2502022 0.7400473 0.2986038 0.7486687 0.3063401 0.7316854 0.283711 0.7658656 0.2683757 0.7853666 0.3018998 0.7854887 0.2784466 0.8005951 0.3497368 0.7685207 0.3574884 0.7534905 0.3971618 0.7834134 0.3451743 0.7874876 0.3921111 0.7936675 0.4405432 0.8306249 0.3397421 0.8195163 0.3840391 0.8142519 0.4273747 0.8455176 0.3029984 0.8065919 0.371664 0.8403296 0.2961929 0.8293583 0.3245441 0.8496071 0.2985123 0.8775006 0.3517967 0.8747692 0.3275807 0.9093004 0.2982223 0.9462119 0.3529107 0.9723812 0.3717403 0.9281148 0.403357 0.9780728 0.4071412 0.8726482 0.388983 0.8999923 0.4047303 0.9269856 0.4453346 0.9717708 0.433753 0.912932 0.4770733 0.9616388 0.4619669 0.8973221 0.4790722 0.8923934 0.4918135 0.9595636 0.1387655 0.4148928 0.1187762 0.5117418 0.07866026 0.5155413 0.03852903 0.5119402 0.01808194 0.415198 0.07841612 0.4146944 0.1142748 0.3175402 0.1190204 0.3181506 0.07841612 0.4124209 0.13579 0.4099031 0.1328298 0.4048982 0.1071641 0.3166094 0.07817197 0.3128405 0.07841612 0.4101625 0.02397192 0.4051576 0.04921035 0.3167468 0.04208438 0.3177081 0.03735409 0.3183489 0.02102693 0.4101778 0.0577554 0.6521706 0.06272984 0.6603799 0.030869 0.6604715 0.03801022 0.6812543 0.08813611 0.6377661 0.06979477 0.6684367 0.04588388 0.6991989 0.06701762 0.7035172 0.07899596 0.6714122 0.08813611 0.702739 0.08813611 0.6726787 0.09727626 0.6714122 0.1092546 0.7035172 0.1064775 0.6684367 0.1303883 0.6991989 0.138262 0.6812543 0.1135271 0.6603799 0.1185016 0.6521706 0.1454032 0.6604868 0.5634394 0.8699626 0.5280079 0.8473487 0.5441062 0.8225986 0.4911421 0.809781 0.5912108 0.8446784 0.5008316 0.7968566 0.4577096 0.7718929 0.4639353 0.7630579 0.5537041 0.7951324 0.5088731 0.7793241 0.5124895 0.761059 0.4654612 0.7608911 0.4664683 0.7594568 0.5587701 0.7672694 0.6007324 0.8054932 0.632578 0.8250095 0.5592126 0.7393607 0.6384985 0.80177 0.6681773 0.812253 0.6027924 0.7714657 0.6680552 0.7924773 0.6929885 0.8001984 0.6367437 0.7709163 0.6891432 0.7823148 0.7177234 0.7893034 0.6640879 0.7680018 0.7126878 0.773312 0.7421378 0.7786373 0.7378958 0.7631342 0.6877851 0.7629053 0.7081864 0.7558557 0.7327993 0.7464256 0.7186389 0.7180133 0.698024 0.733135 0.6824293 0.6890364 0.6848249 0.7456779 0.6719463 0.7157397 0.6442054 0.6750591 0.663035 0.7406119 0.6385443 0.7064622 0.6021363 0.6677806 0.636408 0.7378958 0.6025482 0.7364614 0.6023651 0.7038529 0.5553979 0.7093767 0.5470665 0.6772717 0.5131761 0.7423819 0.5098955 0.7239186 0.5020066 0.7074998 0.4603647 0.7444266 0.9016098 0.9666285 0.8661784 0.9892424 0.8855116 0.9418936 0.9384756 0.9290608 0.8384222 0.9639735 0.9287862 0.9161516 0.9719082 0.8911726 0.9656824 0.8823529 0.8759136 0.9144274 0.9207447 0.8986191 0.9171435 0.880354 0.9641566 0.8801861 0.9631495 0.8787366 0.8708476 0.8865644 0.8288853 0.924773 0.7970397 0.9443046 0.8704051 0.8586404 0.7911193 0.9210498 0.7614405 0.9315327 0.8268254 0.8907454 0.7615778 0.9117723 0.7366293 0.9194934 0.792874 0.8902113 0.7404746 0.9015946 0.7118944 0.9085985 0.7655299 0.8872816 0.7169299 0.892607 0.68748 0.8979172 0.691722 0.8824292 0.7418326 0.8822004 0.7214313 0.8751507 0.6968185 0.8657054 0.7109789 0.8373083 0.7315938 0.85243 0.7471885 0.8083314 0.7447929 0.8649729 0.7576715 0.8350195 0.7854124 0.7943541 0.7665827 0.8599069 0.7910735 0.8257573 0.8274815 0.7870604 0.7932097 0.8571908 0.8270695 0.8557565 0.8272526 0.823148 0.8742199 0.8286564 0.8825513 0.7965667 0.9164416 0.8616769 0.9197223 0.8432136 0.9276112 0.8267949 0.9692531 0.8637217 0.9787137 0.6118562 0.9858854 0.6145877 0.866331 0.6448768 0.973785 0.5757687 0.863447 0.6405737 0.9668269 0.576257 0.9291676 0.5305409 0.7933776 0.6614329 0.9238728 0.5333028 0.857847 0.4933547 0.8550393 0.4978561 0.802533 0.4792554 0.7930571 0.6561227 0.8019074 0.4845655 0.7414664 0.4776226 0.7446403 0.6616923 0.7428244 0.6674296 0.7415122 0.4833906 0.7322957 0.6583657 0.7293813 0.6635538 0.7058519 0.4859846 0.7026169 0.4802014 0.7081559 0.6406348 0.7039902 0.645304 0.6720684 0.4899977 0.6738384 0.6247959 0.6685435 0.6293278 0.6674144 0.4843061 0.6453651 0.614313 0.6388495 0.6188143 0.6423438 0.4956283 0.6360723 0.4902724 0.6112916 0.6033264 0.6028992 0.6059052 0.6092317 0.5046464 0.6009003 0.5014877 0.7086747 0.4272373 0.589868 0.3941253 0.5971008 0.3915617 0.6028839 0.3556115 0.7116655 0.4229953 0.6098421 0.3562524 0.6485542 0.3114519 0.7812314 0.4454871 0.653788 0.3143358 0.7207447 0.2759442 0.7234302 0.2805219 0.7763638 0.2631571 0.7816739 0.4401923 0.7768673 0.2684825 0.8374456 0.2629587 0.8299382 0.4469062 0.8316167 0.4526894 0.8372778 0.2687266 0.8423591 0.4438697 0.8451514 0.4491341 0.8728465 0.2721599 0.8762341 0.266453 0.8669108 0.4267185 0.8709697 0.4314793 0.9065385 0.2769665 0.9113298 0.2713817 0.9015946 0.4116731 0.9067826 0.4163424 0.9361105 0.2832838 0.9425192 0.2780957 0.9302968 0.4018769 0.9367056 0.4065309 0.9646296 0.3916991 0.972961 0.394461 0.9690089 0.2930953 0.9774166 0.290135 0.1665522 0.6145877 0.173724 0.6118562 0.2861066 0.6448768 0.1786526 0.5757687 0.2889906 0.6405737 0.185626 0.576257 0.22327 0.5305409 0.35906 0.6614329 0.2285649 0.5333028 0.2946059 0.4933547 0.2973983 0.4978561 0.3499046 0.4792554 0.3593805 0.6561227 0.3505302 0.4845655 0.4109712 0.4776226 0.4077974 0.6616923 0.4096132 0.6674296 0.4109407 0.4833906 0.4201419 0.6583657 0.4230564 0.6635538 0.4465858 0.4859846 0.4498207 0.4802014 0.4442817 0.6406348 0.4484474 0.645304 0.4785992 0.6247959 0.4838941 0.6293278 0.4803693 0.4899977 0.4850385 0.4843061 0.5070726 0.614313 0.5135881 0.6188143 0.5100939 0.4956283 0.5163805 0.4902724 0.541146 0.6033264 0.5495384 0.6059052 0.5432059 0.5046464 0.5515373 0.5014877 0.5553368 0.3915617 0.5625696 0.3941253 0.4437629 0.4272373 0.5495537 0.3556115 0.4407721 0.4229953 0.5426108 0.3562524 0.5038834 0.3114519 0.3712215 0.4454871 0.4986496 0.3143358 0.4317082 0.2759442 0.4290074 0.2805219 0.3760739 0.2631571 0.3707637 0.4401923 0.3755856 0.2684825 0.314992 0.2629587 0.3224994 0.4469062 0.3208209 0.4526894 0.3151751 0.2687266 0.3100786 0.4438697 0.3072862 0.4491341 0.2795911 0.2721599 0.2855268 0.4267185 0.2814832 0.4314793 0.2762035 0.266453 0.250843 0.4116731 0.245655 0.4163424 0.2458991 0.2769665 0.2411078 0.2713817 0.2221408 0.4018769 0.2157321 0.4065309 0.2163272 0.2832838 0.2099184 0.2780957 0.1878233 0.3916991 0.1794766 0.394461 0.1834287 0.2930953 0.175021 0.290135 0.2832532 0.4293889 0.245655 0.4163424 0.235523 0.407721 0.8378729 0.4495003 0.8628977 0.2691234 0.8691844 0.4293889 0.8374456 0.2630045 0.7764553 0.264149 0.7212482 0.2767987 0.781445 0.4428473 0.8628977 0.2691234 0.8378729 0.4495003 0.7101701 0.4251164 0.6492103 0.3118029 0.6033112 0.355642 0.591226 0.393637 0.9106126 0.410605 0.8691844 0.4293889 0.9146258 0.2753949 0.9719082 0.39411 0.9753109 0.2908674 0.9367056 0.4065309 0.9106126 0.410605 0.3709926 0.4428473 0.3132067 0.4506904 0.3186236 0.4459602 0.3132067 0.4506904 0.2832532 0.4293889 0.3150835 0.2662089 0.2778973 0.2693065 0.3150835 0.2662089 0.3709926 0.4428473 0.3758907 0.2651408 0.4312047 0.2767987 0.4422675 0.4251164 0.5032273 0.3118029 0.5491264 0.355642 0.5612116 0.393637 0.5135881 0.6188143 0.4876021 0.6235142 0.5469139 0.6050965 0.4484474 0.645304 0.4442817 0.6406348 0.4484474 0.645304 0.4157931 0.6641032 0.4176242 0.4838789 0.4109712 0.4776226 0.4498207 0.4802014 0.3500267 0.4802472 0.488426 0.4882429 0.5469139 0.6050965 0.5510185 0.5016861 0.4498207 0.4802014 0.4157931 0.6641032 0.3593805 0.6561227 0.3500267 0.4802472 0.35906 0.6614329 0.2956435 0.4950485 0.2889906 0.6405737 0.2861066 0.6448768 0.1669947 0.6144198 0.2245975 0.5312428 0.1799649 0.5758603 0.1669947 0.6144198 0.4654765 0.7608606 0.5008316 0.7968566 0.4577096 0.7718929 0.4911421 0.809781 0.4577096 0.7718929 0.5441062 0.8225986 0.5280079 0.8473487 0.5634394 0.8699626 0.5912108 0.8446784 0.5537041 0.7951324 0.5122606 0.7622034 0.4654765 0.7608606 0.6007324 0.8054932 0.6333257 0.8221103 0.5587701 0.7672694 0.6027924 0.7714657 0.5592126 0.7393607 0.6504158 0.7694514 0.668162 0.809781 0.5101091 0.7250782 0.4654765 0.7608606 0.4603647 0.7444266 0.4603647 0.7444266 0.5217212 0.6942855 0.5553979 0.7093767 0.6021363 0.6677806 0.6023651 0.7038529 0.6025482 0.7364614 0.6385443 0.7064622 0.6442054 0.6750591 0.6397345 0.7382467 0.6719463 0.7157397 0.6824293 0.6890364 0.6855574 0.7499809 0.6993057 0.7359731 0.721294 0.7233387 0.7418784 0.7776608 0.7174182 0.7883116 0.6891432 0.7823148 0.6929885 0.8001984 0.2832532 0.4293889 0.235523 0.407721 0.2778973 0.2693065 0.2403601 0.2781414 0.1805295 0.39411 0.1771267 0.2908674 0.2352636 0.272633 0.2778973 0.2693065 0.05807584 0.6526741 0.04391547 0.6947128 0.030869 0.6604715 0.08830396 0.6415198 0.06701762 0.7035172 0.08831922 0.7008317 0.1092546 0.7035172 0.08831922 0.7008317 0.1323568 0.6947128 0.1172656 0.6542306 0.1454032 0.6604868 0.01794461 0.9622644 0.02751202 0.8959487 0.05622949 0.9735256 0.08842603 0.9235828 0.06245518 0.8347143 0.09851225 0.9794766 0.05622949 0.9735256 0.1087205 0.8948806 0.1302968 0.9292439 0.1491112 0.973373 0.1385672 0.8382391 0.1056229 0.7889372 0.1503319 0.8764935 0.1742885 0.909987 0.2037537 0.946746 0.2509041 0.9047074 0.1489891 0.7691157 0.1056229 0.7889372 0.1954528 0.7353323 0.2024567 0.7829099 0.2504158 0.7760128 0.1489891 0.7691157 0.1772946 0.8512551 0.2021973 0.8205692 0.2251011 0.7970397 0.2504158 0.7760128 0.2346685 0.8153201 0.2188296 0.8528572 0.2506142 0.8218509 0.2506142 0.8218509 0.2507515 0.8602579 0.2826276 0.8526894 0.2665293 0.8154727 0.3275807 0.9093004 0.2982223 0.9462119 0.3529107 0.9723812 0.2991684 0.8193942 0.2759289 0.7967803 0.3717403 0.9281148 0.403357 0.9780728 0.3517967 0.8747692 0.3245441 0.8496071 0.4083619 0.9252308 0.4453346 0.9717708 0.3946593 0.8914473 0.3636835 0.8351263 0.4844434 0.9606012 0.4453346 0.9717708 0.4737316 0.8939345 0.4397192 0.8315557 0.3958953 0.7859769 0.3471733 0.7791867 0.3574884 0.7534905 0.3048905 0.7348745 0.2996261 0.7830319 0.3048905 0.7348745 0.2504158 0.7760128 0.2501717 0.7330739 0.1954528 0.7353323 0.1358358 0.4099794 0.1187762 0.5117418 0.07866026 0.5155413 0.03852903 0.5119402 0.02098116 0.4102541 0.1143969 0.3175555 0.07817197 0.3128405 0.04197757 0.3177233 0.07841612 0.4122835 0.07866026 0.5155413 0.6055238 0.6050965 0.6014191 0.5016861 0.6664988 0.4910506 0.6586099 0.6204776 0.6014191 0.5016861 0.6615244 0.48542 0.7026169 0.4802014 0.7414969 0.4808728 0.6685435 0.6293278 0.7039902 0.645304 0.7407798 0.6606546 0.7352712 0.6652628 0.7933776 0.6614329 0.7930571 0.6561227 0.8023041 0.481239 0.8567941 0.4950485 0.863447 0.6405737 0.866331 0.6448768 0.9854429 0.6144198 0.9278401 0.5312428 0.972488 0.5758603 0.9854429 0.6144198 0.9641413 0.8801556 0.9719082 0.8911726 0.9287862 0.9161516 0.9173571 0.8814985 0.9384756 0.9290608 0.9719082 0.8911726 0.8855116 0.9418936 0.9016098 0.9666285 0.8661784 0.9889982 0.8384222 0.9639735 0.8759136 0.9144274 0.8288853 0.924773 0.7962921 0.9413901 0.8708476 0.8865644 0.8268254 0.8907454 0.8704051 0.8586404 0.7792019 0.8887465 0.7614557 0.9290761 0.7395132 0.9060655 0.7440604 0.8692759 0.7122148 0.9075913 0.7898833 0.8575265 0.8270695 0.8557565 0.7303273 0.8552682 0.6877394 0.8969558 0.7083238 0.8426337 0.7471885 0.8083314 0.7576715 0.8350195 0.7854124 0.7943541 0.7910735 0.8257573 0.8274815 0.7870604 0.8272526 0.823148 0.8742199 0.8286564 0.9078965 0.8135653 0.9195239 0.8443732 0.9692531 0.8637217 0.9641413 0.8801556</float_array>
          <technique_common>
            <accessor source="#BodyBM__SmallBirdsC-texcoord-array" count="614" stride="2">
              <param name="S" type="float" />
              <param name="T" type="float" />
            </accessor>
          </technique_common>
        </source>
        <vertices id="BodyBM__SmallBirdsC-vertex">
          <input semantic="POSITION" source="#BodyBM__SmallBirdsC-position" />
        </vertices>
        <triangles material="SmallBirdsC" count="538">
          <input semantic="VERTEX" source="#BodyBM__SmallBirdsC-vertex" offset="0" />
          <input semantic="NORMAL" source="#BodyBM__SmallBirdsC-normal" offset="1" />
          <input semantic="TEXCOORD" source="#BodyBM__SmallBirdsC-texcoord" offset="2" set="0" />
          <p>0 0 0 1 1 1 2 2 2 3 3 3 0 0 0 2 2 2 2 2 2 4 4 4 3 3 3 0 0 0 3 3 3 5 5 5 4 4 4 6 6 6 3 3 3 3 3 3 7 7 7 5 5 5 3 3 3 6 6 6 7 7 7 5 5 5 7 7 7 8 8 8 9 9 9 5 5 5 8 8 8 10 10 10 8 8 8 7 7 7 8 8 8 11 11 11 9 9 9 8 8 8 10 10 10 11 11 11 11 11 11 12 12 12 9 9 9 13 13 13 10 10 10 7 7 7 6 6 6 13 13 13 7 7 7 10 10 10 14 14 14 11 11 11 14 14 14 10 10 10 13 13 13 11 11 11 15 15 15 12 12 12 14 14 14 15 15 15 11 11 11 15 15 15 16 16 16 12 12 12 17 17 17 16 16 16 15 15 15 18 18 18 15 15 15 14 14 14 18 18 18 17 17 17 15 15 15 19 19 19 14 14 14 13 13 13 19 19 19 13 13 13 6 6 6 20 20 20 18 18 18 14 14 14 20 20 20 14 14 14 19 19 19 21 21 21 19 19 19 6 6 6 20 20 20 22 22 22 18 18 18 18 18 18 22 22 22 17 17 17 23 23 23 20 20 20 19 19 19 23 23 23 19 19 19 21 21 21 20 20 20 24 24 24 22 22 22 25 25 25 21 21 21 6 6 6 4 4 4 25 25 25 6 6 6 4 4 4 26 26 26 25 25 25 20 20 20 27 27 27 24 24 24 23 23 23 27 27 27 20 20 20 27 27 27 28 28 28 24 24 24 24 24 24 28 28 28 22 22 22 27 27 27 29 29 29 28 28 28 22 22 22 28 28 28 30 30 30 29 29 29 27 27 27 31 31 31 23 23 23 31 31 31 27 27 27 32 32 32 29 29 29 31 31 31 22 22 22 30 30 30 33 33 33 17 17 17 22 22 22 33 33 33 34 34 34 33 33 33 30 30 30 34 34 34 17 17 17 33 33 33 34 34 34 30 30 30 35 35 35 36 36 36 32 32 32 31 31 31 36 36 36 37 37 37 32 32 32 38 38 38 31 31 31 23 23 23 38 38 38 23 23 23 21 21 21 38 38 38 21 21 21 25 25 25 31 31 31 39 39 39 36 36 36 38 38 38 39 39 39 31 31 31 40 40 40 38 38 38 25 25 25 39 39 39 38 38 38 40 40 40 25 25 25 26 26 26 40 40 40 26 26 26 41 41 41 40 40 40 42 42 42 40 40 40 41 41 41 39 39 39 40 40 40 42 42 42 42 42 42 43 43 43 39 39 39 39 39 39 44 44 44 36 36 36 44 44 44 37 37 37 36 36 36 39 39 39 43 43 43 45 45 45 45 45 45 44 44 44 39 39 39 45 45 45 43 43 43 46 46 46 45 45 45 46 46 46 44 44 44 46 46 46 43 43 43 47 47 47 44 44 44 48 48 48 37 37 37 44 44 44 46 46 46 48 48 48 37 37 37 48 48 48 49 49 49 48 48 48 50 50 50 49 49 49 48 48 48 46 46 46 50 50 50 51 51 51 49 49 49 50 50 50 46 46 46 47 47 47 52 52 52 52 52 52 47 47 47 53 53 53 52 52 52 53 53 53 54 54 54 46 46 46 52 52 52 55 55 55 50 50 50 46 46 46 55 55 55 56 56 56 52 52 52 54 54 54 55 55 55 52 52 52 56 56 56 57 57 57 56 56 56 54 54 54 55 55 55 58 58 58 50 50 50 59 59 59 55 55 55 56 56 56 55 55 55 59 59 59 58 58 58 57 57 57 60 60 60 56 56 56 60 60 60 59 59 59 56 56 56 61 61 61 51 51 51 50 50 50 50 50 50 58 58 58 61 61 61 61 61 61 35 35 35 51 51 51 59 59 59 62 62 62 58 58 58 59 59 59 60 60 60 62 62 62 61 61 61 63 63 63 35 35 35 63 63 63 34 34 34 35 35 35 58 58 58 64 64 64 61 61 61 61 61 61 64 64 64 63 63 63 64 64 64 34 34 34 63 63 63 64 64 64 58 58 58 62 62 62 64 64 64 65 65 65 34 34 34 65 65 65 17 17 17 34 34 34 66 66 66 64 64 64 62 62 62 65 65 65 64 64 64 66 66 66 17 17 17 65 65 65 67 67 67 67 67 67 65 65 65 66 66 66 68 68 68 17 17 17 67 67 67 69 69 69 68 68 68 67 67 67 70 70 70 69 69 69 67 67 67 70 70 70 67 67 67 66 66 66 71 71 71 69 69 69 70 70 70 66 66 66 62 62 62 72 72 72 60 60 60 72 72 72 62 62 62 73 73 73 70 70 70 66 66 66 73 73 73 66 66 66 72 72 72 74 74 74 71 71 71 70 70 70 74 74 74 70 70 70 73 73 73 71 71 71 74 74 74 75 75 75 74 74 74 73 73 73 76 76 76 74 74 74 76 76 76 75 75 75 73 73 73 72 72 72 76 76 76 77 77 77 75 75 75 76 76 76 78 78 78 76 76 76 72 72 72 78 78 78 77 77 77 76 76 76 60 60 60 78 78 78 72 72 72 78 78 78 60 60 60 57 57 57 79 79 79 78 78 78 57 57 57 77 77 77 78 78 78 79 79 79 80 80 80 77 77 77 79 79 79 81 81 81 82 82 82 83 83 83 84 84 84 85 85 85 83 83 83 81 81 81 83 83 83 86 86 86 83 83 83 85 85 85 86 86 86 87 87 87 88 88 88 81 81 81 86 86 86 85 85 85 89 89 89 86 86 86 89 89 89 81 81 81 90 90 90 87 87 87 81 81 81 89 89 89 90 90 90 81 81 81 90 90 90 91 91 91 87 87 87 90 90 90 89 89 89 91 91 91 91 91 91 92 92 92 87 87 87 92 92 92 91 91 91 93 93 93 91 91 91 94 94 94 93 93 93 89 89 89 94 94 94 91 91 91 94 94 94 95 95 95 93 93 93 95 95 95 94 94 94 89 89 89 93 93 93 95 95 95 96 96 96 96 96 96 95 95 95 97 97 97 85 85 85 98 98 98 97 97 97 99 99 99 95 95 95 89 89 89 85 85 85 99 99 99 89 89 89 95 95 95 99 99 99 97 97 97 99 99 99 85 85 85 97 97 97 100 100 100 101 101 101 102 102 102 101 101 101 103 103 103 102 102 102 100 100 100 104 104 104 101 101 101 101 101 101 105 105 105 103 103 103 101 101 101 104 104 104 105 105 105 105 105 105 106 106 106 103 103 103 106 106 106 105 105 105 107 107 107 105 105 105 108 108 108 107 107 107 105 105 105 104 104 104 108 108 108 107 107 107 108 108 108 109 109 109 108 108 108 110 110 110 109 109 109 108 108 108 104 104 104 110 110 110 109 109 109 110 110 110 111 111 111 111 111 111 110 110 110 104 104 104 112 112 112 109 109 109 111 111 111 112 112 112 111 111 111 113 113 113 113 113 113 111 111 111 104 104 104 114 114 114 112 112 112 113 113 113 114 114 114 113 113 113 115 115 115 116 116 116 113 113 113 104 104 104 113 113 113 116 116 116 115 115 115 117 117 117 116 116 116 104 104 104 115 115 115 116 116 116 118 118 118 116 116 116 117 117 117 118 118 118 119 119 119 120 120 120 121 121 121 121 121 121 120 120 120 122 122 122 123 123 123 119 119 119 121 121 121 124 124 124 121 121 121 122 122 122 122 122 122 125 125 125 124 124 124 126 126 126 124 124 124 125 125 125 123 123 123 121 121 121 127 127 127 127 127 127 121 121 121 124 124 124 128 128 128 124 124 124 126 126 126 128 128 128 127 127 127 124 124 124 126 126 126 129 129 129 128 128 128 129 129 129 126 126 126 130 130 130 129 129 129 130 130 130 131 131 131 132 132 132 127 127 127 128 128 128 129 129 129 132 132 132 128 128 128 133 133 133 123 123 123 127 127 127 133 133 133 127 127 127 132 132 132 133 133 133 134 134 134 123 123 123 135 135 135 132 132 132 129 129 129 133 133 133 136 136 136 134 134 134 137 137 137 134 134 134 136 136 136 138 138 138 133 133 133 132 132 132 136 136 136 133 133 133 138 138 138 138 138 138 132 132 132 135 135 135 139 139 139 137 137 137 136 136 136 140 140 140 137 137 137 139 139 139 141 141 141 136 136 136 138 138 138 139 139 139 136 136 136 141 141 141 142 142 142 140 140 140 139 139 139 143 143 143 140 140 140 142 142 142 144 144 144 139 139 139 141 141 141 142 142 142 139 139 139 144 144 144 145 145 145 143 143 143 142 142 142 146 146 146 143 143 143 145 145 145 147 147 147 146 146 146 145 145 145 142 142 142 148 148 148 145 145 145 148 148 148 142 142 142 144 144 144 147 147 147 145 145 145 149 149 149 148 148 148 149 149 149 145 145 145 150 150 150 147 147 147 149 149 149 150 150 150 149 149 149 151 151 151 149 149 149 152 152 152 151 151 151 149 149 149 148 148 148 152 152 152 151 151 151 152 152 152 153 153 153 148 148 148 154 154 154 152 152 152 154 154 154 148 148 148 144 144 144 152 152 152 155 155 155 153 153 153 152 152 152 154 154 154 155 155 155 153 153 153 155 155 155 156 156 156 157 157 157 154 154 154 144 144 144 154 154 154 157 157 157 155 155 155 157 157 157 144 144 144 141 141 141 155 155 155 158 158 158 156 156 156 155 155 155 157 157 157 158 158 158 156 156 156 158 158 158 159 159 159 160 160 160 157 157 157 141 141 141 157 157 157 160 160 160 158 158 158 160 160 160 141 141 141 138 138 138 161 161 161 160 160 160 138 138 138 158 158 158 160 160 160 161 161 161 161 161 161 138 138 138 135 135 135 162 162 162 158 158 158 161 161 161 162 162 162 161 161 161 135 135 135 158 158 158 162 162 162 159 159 159 159 159 159 162 162 162 163 163 163 163 163 163 162 162 162 135 135 135 164 164 164 159 159 159 163 163 163 163 163 163 135 135 135 165 165 165 165 165 165 135 135 135 129 129 129 129 129 129 131 131 131 165 165 165 164 164 164 163 163 163 166 166 166 166 166 166 163 163 163 165 165 165 165 165 165 131 131 131 166 166 166 167 167 167 164 164 164 166 166 166 166 166 166 131 131 131 168 168 168 166 166 166 168 168 168 167 167 167 169 169 169 170 170 170 171 171 171 172 172 172 169 169 169 171 171 171 170 170 170 173 173 173 171 171 171 174 174 174 172 172 172 171 171 171 172 172 172 174 174 174 175 175 175 176 176 176 175 175 175 174 174 174 171 171 171 173 173 173 177 177 177 174 174 174 171 171 171 177 177 177 176 176 176 174 174 174 178 178 178 178 178 178 174 174 174 177 177 177 176 176 176 178 178 178 179 179 179 179 179 179 180 180 180 176 176 176 179 179 179 181 181 181 180 180 180 178 178 178 177 177 177 182 182 182 179 179 179 178 178 178 182 182 182 173 173 173 183 183 183 177 177 177 177 177 177 183 183 183 182 182 182 183 183 183 173 173 173 184 184 184 179 179 179 182 182 182 185 185 185 183 183 183 184 184 184 186 186 186 184 184 184 187 187 187 186 186 186 183 183 183 188 188 188 182 182 182 183 183 183 186 186 186 188 188 188 182 182 182 188 188 188 185 185 185 187 187 187 189 189 189 186 186 186 187 187 187 190 190 190 189 189 189 186 186 186 191 191 191 188 188 188 186 186 186 189 189 189 191 191 191 190 190 190 192 192 192 189 189 189 192 192 192 190 190 190 193 193 193 189 189 189 194 194 194 191 191 191 189 189 189 192 192 192 194 194 194 195 195 195 192 192 192 193 193 193 195 195 195 193 193 193 196 196 196 197 197 197 195 195 195 196 196 196 192 192 192 195 195 195 198 198 198 192 192 192 198 198 198 194 194 194 199 199 199 195 195 195 197 197 197 195 195 195 199 199 199 198 198 198 200 200 200 199 199 199 197 197 197 200 200 200 201 201 201 199 199 199 201 201 201 202 202 202 199 199 199 199 199 199 202 202 202 198 198 198 202 202 202 201 201 201 203 203 203 202 202 202 204 204 204 198 198 198 194 194 194 198 198 198 204 204 204 205 205 205 202 202 202 203 203 203 204 204 204 202 202 202 205 205 205 205 205 205 203 203 203 206 206 206 207 207 207 194 194 194 204 204 204 207 207 207 204 204 204 205 205 205 191 191 191 194 194 194 207 207 207 208 208 208 205 205 205 206 206 206 207 207 207 205 205 205 208 208 208 208 208 208 206 206 206 209 209 209 210 210 210 191 191 191 207 207 207 210 210 210 207 207 207 208 208 208 188 188 188 191 191 191 210 210 210 211 211 211 188 188 188 210 210 210 211 211 211 210 210 210 208 208 208 188 188 188 211 211 211 185 185 185 212 212 212 211 211 211 208 208 208 185 185 185 211 211 211 212 212 212 212 212 212 208 208 208 209 209 209 213 213 213 212 212 212 209 209 209 213 213 213 185 185 185 212 212 212 214 214 214 213 213 213 209 209 209 215 215 215 185 185 185 213 213 213 215 215 215 179 179 179 185 185 185 179 179 179 215 215 215 181 181 181 216 216 216 213 213 213 214 214 214 216 216 216 215 215 215 213 213 213 215 215 215 216 216 216 181 181 181 217 217 217 216 216 216 214 214 214 181 181 181 216 216 216 218 218 218 216 216 216 217 217 217 218 218 218 219 219 219 220 220 220 221 221 221 220 220 220 219 219 219 222 222 222 223 223 223 219 219 219 221 221 221 219 219 219 224 224 224 222 222 222 223 223 223 224 224 224 219 219 219 222 222 222 224 224 224 225 225 225 223 223 223 221 221 221 226 226 226 224 224 224 227 227 227 225 225 225 223 223 223 227 227 227 224 224 224 225 225 225 227 227 227 228 228 228 227 227 227 229 229 229 228 228 228 229 229 229 227 227 227 223 223 223 228 228 228 229 229 229 230 230 230 231 231 231 223 223 223 226 226 226 231 231 231 229 229 229 223 223 223 229 229 229 232 232 232 230 230 230 229 229 229 231 231 231 232 232 232 230 230 230 232 232 232 233 233 233 234 234 234 231 231 231 226 226 226 235 235 235 234 234 234 226 226 226 236 236 236 232 232 232 231 231 231 234 234 234 236 236 236 231 231 231 232 232 232 236 236 236 233 233 233 234 234 234 235 235 235 237 237 237 236 236 236 234 234 234 237 237 237 235 235 235 238 238 238 237 237 237 236 236 236 239 239 239 233 233 233 239 239 239 240 240 240 233 233 233 236 236 236 237 237 237 241 241 241 241 241 241 237 237 237 238 238 238 239 239 239 236 236 236 241 241 241 242 242 242 241 241 241 238 238 238 239 239 239 243 243 243 240 240 240 244 244 244 241 241 241 242 242 242 241 241 241 244 244 244 239 239 239 244 244 244 243 243 243 239 239 239 245 245 245 244 244 244 242 242 242 243 243 243 246 246 246 240 240 240 247 247 247 244 244 244 245 245 245 244 244 244 247 247 247 243 243 243 248 248 248 247 247 247 245 245 245 243 243 243 249 249 249 246 246 246 247 247 247 249 249 249 243 243 243 249 249 249 250 250 250 246 246 246 251 251 251 247 247 247 248 248 248 247 247 247 251 251 251 249 249 249 252 252 252 251 251 251 248 248 248 249 249 249 253 253 253 250 250 250 251 251 251 253 253 253 249 249 249 253 253 253 251 251 251 252 252 252 253 253 253 254 254 254 250 250 250 254 254 254 253 253 253 252 252 252 255 255 255 256 256 256 257 257 257 256 256 256 258 258 258 257 257 257 259 259 259 255 255 255 257 257 257 258 258 258 260 260 260 257 257 257 259 259 259 257 257 257 260 260 260 258 258 258 261 261 261 260 260 260 262 262 262 255 255 255 259 259 259 261 261 261 263 263 263 260 260 260 259 259 259 260 260 260 263 263 263 261 261 261 264 264 264 263 263 263 264 264 264 265 265 265 263 263 263 265 265 265 259 259 259 263 263 263 264 264 264 266 266 266 265 265 265 267 267 267 262 262 262 259 259 259 267 267 267 259 259 259 265 265 265 266 266 266 268 268 268 265 265 265 265 265 265 268 268 268 267 267 267 266 266 266 269 269 269 268 268 268 262 262 262 267 267 267 270 270 270 271 271 271 262 262 262 270 270 270 268 268 268 272 272 272 267 267 267 272 272 272 270 270 270 267 267 267 269 269 269 272 272 272 268 268 268 271 271 271 270 270 270 273 273 273 273 273 273 270 270 270 272 272 272 274 274 274 271 271 271 273 273 273 275 275 275 272 272 272 269 269 269 276 276 276 275 275 275 269 269 269 273 273 273 272 272 272 277 277 277 274 274 274 273 273 273 277 277 277 272 272 272 275 275 275 277 277 277 278 278 278 274 274 274 277 277 277 275 275 275 276 276 276 279 279 279 276 276 276 280 280 280 279 279 279 281 281 281 277 277 277 275 275 275 278 278 278 277 277 277 281 281 281 279 279 279 281 281 281 275 275 275 282 282 282 278 278 278 281 281 281 279 279 279 280 280 280 283 283 283 280 280 280 284 284 284 283 283 283 281 281 281 279 279 279 285 285 285 282 282 282 281 281 281 285 285 285 279 279 279 283 283 283 285 285 285 286 286 286 282 282 282 285 285 285 286 286 286 285 285 285 287 287 287 287 287 287 285 285 285 283 283 283 288 288 288 286 286 286 287 287 287 289 289 289 287 287 287 283 283 283 288 288 288 287 287 287 289 289 289 283 283 283 284 284 284 289 289 289 290 290 290 288 288 288 289 289 289 284 284 284 290 290 290 289 289 289 291 291 291 292 292 292 293 293 293 291 291 291 294 294 294 292 292 292 292 292 292 295 295 295 293 293 293 294 294 294 296 296 296 292 292 292 295 295 295 292 292 292 296 296 296 294 294 294 297 297 297 296 296 296 293 293 293 295 295 295 298 298 298 297 297 297 299 299 299 296 296 296 295 295 295 296 296 296 299 299 299 297 297 297 300 300 300 299 299 299 300 300 300 301 301 301 299 299 299 301 301 301 295 295 295 299 299 299 300 300 300 302 302 302 301 301 301 295 295 295 303 303 303 298 298 298 303 303 303 295 295 295 301 301 301 302 302 302 304 304 304 301 301 301 301 301 301 304 304 304 303 303 303 302 302 302 305 305 305 304 304 304 298 298 298 303 303 303 306 306 306 307 307 307 298 298 298 306 306 306 304 304 304 308 308 308 303 303 303 308 308 308 306 306 306 303 303 303 305 305 305 308 308 308 304 304 304 307 307 307 306 306 306 309 309 309 308 308 308 309 309 309 306 306 306 310 310 310 307 307 307 309 309 309 308 308 308 305 305 305 311 311 311 305 305 305 312 312 312 311 311 311 309 309 309 308 308 308 313 313 313 310 310 310 309 309 309 313 313 313 308 308 308 311 311 311 313 313 313 314 314 314 310 310 310 313 313 313 314 314 314 313 313 313 315 315 315 315 315 315 313 313 313 311 311 311 316 316 316 314 314 314 315 315 315 317 317 317 311 311 311 312 312 312 317 317 317 315 315 315 311 311 311 318 318 318 317 317 317 312 312 312 316 316 316 315 315 315 319 319 319 315 315 315 317 317 317 319 319 319 320 320 320 316 316 316 319 319 319 321 321 321 317 317 317 318 318 318 317 317 317 321 321 321 319 319 319 322 322 322 321 321 321 318 318 318 320 320 320 319 319 319 323 323 323 323 323 323 319 319 319 321 321 321 324 324 324 320 320 320 323 323 323 325 325 325 321 321 321 322 322 322 325 325 325 323 323 323 321 321 321 324 324 324 323 323 323 325 325 325 326 326 326 325 325 325 322 322 322 326 326 326 324 324 324 325 325 325 327 327 327 328 328 328 329 329 329 330 330 330 328 328 328 327 327 327 331 331 331 327 327 327 329 329 329 332 332 332 330 330 330 327 327 327 331 331 331 332 332 332 327 327 327 333 333 333 330 330 330 332 332 332 331 331 331 329 329 329 334 334 334 335 335 335 333 333 333 332 332 332 331 331 331 335 335 335 332 332 332 336 336 336 333 333 333 335 335 335 337 337 337 336 336 336 335 335 335 337 337 337 335 335 335 331 331 331 338 338 338 336 336 336 337 337 337 339 339 339 331 331 331 334 334 334 339 339 339 337 337 337 331 331 331 340 340 340 338 338 338 337 337 337 337 337 337 339 339 339 340 340 340 341 341 341 338 338 338 340 340 340 339 339 339 334 334 334 342 342 342 334 334 334 343 343 343 342 342 342 344 344 344 340 340 340 339 339 339 342 342 342 344 344 344 339 339 339 344 344 344 341 341 341 340 340 340 345 345 345 342 342 342 343 343 343 345 345 345 344 344 344 342 342 342 346 346 346 345 345 345 343 343 343 344 344 344 347 347 347 341 341 341 345 345 345 346 346 346 348 348 348 344 344 344 345 345 345 348 348 348 347 347 347 344 344 344 348 348 348 346 346 346 349 349 349 348 348 348 347 347 347 350 350 350 341 341 341 348 348 348 349 349 349 351 351 351 348 348 348 351 351 351 347 347 347 349 349 349 352 352 352 351 351 351 347 347 347 353 353 353 350 350 350 351 351 351 353 353 353 347 347 347 353 353 353 354 354 354 350 350 350 351 351 351 352 352 352 355 355 355 351 351 351 355 355 355 353 353 353 352 352 352 356 356 356 355 355 355 353 353 353 357 357 357 354 354 354 355 355 355 357 357 357 353 353 353 357 357 357 358 358 358 354 354 354 355 355 355 356 356 356 359 359 359 355 355 355 359 359 359 357 357 357 356 356 356 360 360 360 359 359 359 357 357 357 361 361 361 358 358 358 359 359 359 361 361 361 357 357 357 359 359 359 360 360 360 361 361 361 361 361 361 362 362 362 358 358 358 360 360 360 362 362 362 361 361 361 </p>
        </triangles>
      </mesh>
    </geometry>
    <geometry id="WingBM__SmallBirdsC-mesh" name="WingBM__SmallBirdsC">
      <mesh>
        <source id="WingBM__SmallBirdsC-position">
          <float_array id="WingBM__SmallBirdsC-position-array" count="417">-0.07119622 0.1516455 -0.09030794 -0.07313611 0.1182631 -0.0509633 -0.05627362 0.09571665 -0.1598445 -0.06592129 0.06447596 -0.09160426 -0.09283924 0.197688 -0.01204536 -0.09101529 0.03536306 -0.01293663 -0.1015259 0.1237675 0.1103528 -0.1079657 0.2130309 0.07574689 -0.106724 0.02755357 0.08078192 -0.1087941 0.2029751 0.1435785 -0.1023761 0.0381505 0.1415055 -0.1054348 0.186934 0.1883823 -0.09935695 0.05288388 0.1798761 -0.09677288 0.1533448 0.2152644 -0.09276056 0.0888277 0.216732 -0.09439789 0.1181237 0.2243664 0.07119622 0.1516455 -0.09030794 0.05627362 0.09571665 -0.1598445 0.07313611 0.1182631 -0.0509633 0.06592129 0.06447596 -0.09160426 0.09283924 0.197688 -0.01204536 0.09101529 0.03536306 -0.01293663 0.1015259 0.1237675 0.1103528 0.1079657 0.2130309 0.07574689 0.106724 0.02755357 0.08078192 0.1087941 0.2029751 0.1435785 0.1023761 0.0381505 0.1415055 0.1054348 0.186934 0.1883823 0.09935695 0.05288388 0.1798761 0.09677288 0.1533448 0.2152644 0.09276056 0.0888277 0.216732 0.09439789 0.1181237 0.2243664 -0.06592129 0.06447596 -0.09160426 -0.09101529 0.03536306 -0.01293663 -0.08603804 0.08267782 -0.09158669 -0.05627362 0.09571665 -0.1598445 -0.1286943 0.07269038 -0.01298302 -0.106724 0.02755357 0.08078192 -0.09694196 0.1106946 -0.09139793 -0.08989565 0.1335794 -0.09087552 -0.07119622 0.1516455 -0.09030794 -0.1433528 0.122769 -0.01289488 -0.1492175 0.06475647 0.08056407 -0.1023761 0.0381505 0.1415055 -0.1281827 0.1728182 -0.01258421 -0.09283924 0.197688 -0.01204536 -0.1079657 0.2130309 0.07574689 -0.1654504 0.1250469 0.0805903 -0.1467381 0.1859304 0.08080538 -0.1087941 0.2029751 0.1435785 -0.1402185 0.1761275 0.1510139 -0.1054348 0.186934 0.1883823 -0.1446856 0.07178981 0.1455318 -0.09935695 0.05288388 0.1798761 -0.1208723 0.1636949 0.1921341 -0.09677288 0.1533448 0.2152644 -0.1565511 0.1237047 0.151748 -0.1276594 0.120368 0.1951314 -0.09439789 0.1181237 0.2243664 -0.09276056 0.0888277 0.216732 -0.1215857 0.07665091 0.1906413 0.06592129 0.06447596 -0.09160426 0.08603804 0.08267782 -0.09158669 0.09101529 0.03536306 -0.01293663 0.05627362 0.09571665 -0.1598445 0.1286943 0.07269038 -0.01298302 0.106724 0.02755357 0.08078192 0.09694196 0.1106946 -0.09139793 0.08989565 0.1335794 -0.09087552 0.07119622 0.1516455 -0.09030794 0.1433528 0.122769 -0.01289488 0.1492175 0.06475647 0.08056407 0.1023761 0.0381505 0.1415055 0.1281827 0.1728182 -0.01258421 0.09283924 0.197688 -0.01204536 0.1079657 0.2130309 0.07574689 0.1654504 0.1250469 0.0805903 0.1467381 0.1859304 0.08080538 0.1087941 0.2029751 0.1435785 0.1402185 0.1761275 0.1510139 0.1054348 0.186934 0.1883823 0.1446856 0.07178981 0.1455318 0.09935695 0.05288388 0.1798761 0.1565511 0.1237047 0.151748 0.1208723 0.1636949 0.1921341 0.09677288 0.1533448 0.2152644 0.1215857 0.07665091 0.1906413 0.09276056 0.0888277 0.216732 0.1276594 0.120368 0.1951314 0.09439789 0.1181237 0.2243664 0.05881539 0.09665278 -0.1555666 0.08474179 0.04264128 -0.03260353 0.07131746 0.1495591 -0.0878489 0.1015259 0.1237675 0.1103528 0.106724 0.02755357 0.08078192 0.1013479 0.2063184 0.03733778 0.1003004 0.0482797 0.1678853 0.1060647 0.1899417 0.1799816 0.09460057 0.1195625 0.2192429 -0.1015259 0.1237675 0.1103528 -0.09886963 0.03145832 0.03392265 -0.058375 0.09808307 -0.155534 -0.09013386 0.1919327 -0.02182819 -0.1003004 0.0482797 0.1678853 -0.1079657 0.2130309 0.07574689 -0.09337456 0.09981371 0.2195949 -0.1060647 0.1899417 0.1799816 -0.1027977 0.1559323 0.2094818 -0.1003004 0.0482797 0.1678853 -0.09337456 0.09981371 0.2195949 -0.1234838 0.0903125 0.1920445 -0.1027977 0.1559323 0.2094818 -0.1472348 0.06783356 0.1089874 -0.09886963 0.03145832 0.03392265 -0.1565511 0.1237047 0.151748 -0.1360236 0.0977297 -0.01293895 -0.058375 0.09808307 -0.155534 -0.1654504 0.1250469 0.0805903 -0.1434783 0.181029 0.1159096 -0.1060647 0.1899417 0.1799816 -0.1079657 0.2130309 0.07574689 -0.1281827 0.1728182 -0.01258421 -0.09013386 0.1919327 -0.02182819 0.05881539 0.09665278 -0.1555666 0.1360236 0.0977297 -0.01293895 0.08474179 0.04264128 -0.03260353 0.106724 0.02755357 0.08078192 0.1281827 0.1728182 -0.01258421 0.07131746 0.1495591 -0.0878489 0.1013479 0.2063184 0.03733778 0.1492175 0.06475647 0.08056407 0.1003004 0.0482797 0.1678853 0.1654504 0.1250469 0.0805903 0.1434783 0.181029 0.1159096 0.1060647 0.1899417 0.1799816 0.1331357 0.07422036 0.1680865 0.09460057 0.1195625 0.2192429 0.1565511 0.1237047 0.151748 0.12469 0.1393235 0.1938201</float_array>
          <technique_common>
            <accessor source="#WingBM__SmallBirdsC-position-array" count="139" stride="3">
              <param name="X" type="float" />
              <param name="Y" type="float" />
              <param name="Z" type="float" />
            </accessor>
          </technique_common>
        </source>
        <source id="WingBM__SmallBirdsC-normal">
          <float_array id="WingBM__SmallBirdsC-normal-array" count="417">0.9804305 0.1213307 0.1506849 0.9823875 0.02152642 0.1819961 0.9882583 0.05283757 0.1428571 0.9784736 -0.02348337 0.2054795 0.9745597 0.1526419 0.1624266 0.9765166 -0.1154599 0.18591 0.9960861 0.01956947 0.08023483 0.9863014 0.1154599 0.111546 0.9921722 -0.08414873 0.09784736 0.9960861 0.09393346 -0.003913894 0.9980431 -0.0332681 -0.06457926 0.9863014 0.1506849 -0.07240704 0.9941292 -0.05870841 -0.09197652 0.9902152 0.109589 -0.07632094 0.9960861 -0.003913894 -0.08414873 0.9960861 0.06066536 -0.05870841 -0.9804305 0.1213307 0.1506849 -0.9882583 0.05283757 0.1428571 -0.9823875 0.02152642 0.1819961 -0.9784736 -0.02348337 0.2054795 -0.9745597 0.1526419 0.1624266 -0.9765166 -0.1154599 0.18591 -0.9960861 0.01956947 0.08023483 -0.9863014 0.1154599 0.111546 -0.9921722 -0.08414873 0.09784736 -0.9960861 0.09393346 -0.003913894 -0.9980431 -0.0332681 -0.06457926 -0.9863014 0.1506849 -0.07240704 -0.9941292 -0.05870841 -0.09197652 -0.9902152 0.109589 -0.07632094 -0.9960861 -0.003913894 -0.08414873 -0.9960861 0.06066536 -0.05870841 -0.6223092 -0.6575342 -0.4246575 -0.6555773 -0.6966732 -0.2896282 -0.7436399 -0.4892368 -0.4540117 -0.8238748 -0.1056751 -0.55773 -0.81409 -0.4911937 -0.3111546 -0.6634051 -0.7455969 -0.06066536 -0.8590998 -0.03522505 -0.5107632 -0.6966732 0.4481409 -0.5596869 -0.518591 0.6438356 -0.5616438 -0.9412916 0.009784736 -0.3385518 -0.853229 -0.5146771 -0.07240704 -0.6164383 -0.7573385 0.2133072 -0.7749511 0.516634 -0.3620352 -0.5518591 0.7455969 -0.37182 -0.5714286 0.8062623 -0.1506849 -0.9960861 0.02544031 -0.08219178 -0.8571429 0.5068493 -0.09784736 -0.6144814 0.7495108 0.2485323 -0.8630137 0.4227006 0.2759295 -0.6183953 0.6536204 0.4383562 -0.8395303 -0.483366 0.2465753 -0.5499021 -0.7318982 0.4011742 -0.7436399 0.3463796 0.5714286 -0.6379648 0.1819961 0.7495108 -0.960861 0.02544031 0.2739726 -0.7886497 -0.01174168 0.6144814 -0.6516634 -0.0332681 0.7573385 -0.6066536 -0.258317 0.7514677 -0.7123288 -0.4285714 0.555773 0.6223092 -0.6575342 -0.4246575 0.7436399 -0.4892368 -0.4540117 0.6555773 -0.6966732 -0.2896282 0.8238748 -0.1056751 -0.55773 0.81409 -0.4911937 -0.3111546 0.6634051 -0.7455969 -0.06066536 0.8590998 -0.03522505 -0.5107632 0.6966732 0.4481409 -0.5596869 0.518591 0.6438356 -0.5616438 0.9412916 0.009784736 -0.3385518 0.853229 -0.5146771 -0.07240704 0.6164383 -0.7573385 0.2133072 0.7749511 0.516634 -0.3620352 0.5518591 0.7455969 -0.37182 0.5714286 0.8062623 -0.1506849 0.9960861 0.02544031 -0.08219178 0.8571429 0.5068493 -0.09784736 0.6144814 0.7495108 0.2485323 0.8630137 0.4227006 0.2759295 0.6183953 0.6536204 0.4383562 0.8395303 -0.483366 0.2465753 0.5499021 -0.7318982 0.4011742 0.960861 0.02544031 0.2739726 0.7436399 0.3463796 0.5714286 0.6379648 0.1819961 0.7495108 0.7123288 -0.4285714 0.555773 0.6066536 -0.258317 0.7514677 0.7886497 -0.01174168 0.6144814 0.6516634 -0.0332681 0.7573385 -0.9804305 -0.02152642 0.1976517 -0.9863014 -0.05479452 0.1585127 -0.9863014 -0.001956947 0.1682975 -0.9980431 0.01174168 0.0665362 -0.9902152 -0.08610567 0.1076321 -0.9823875 0.1213307 0.1389433 -0.9980431 -0.0332681 -0.06457926 -0.9960861 0.08219178 -0.01174168 -0.9960861 0.04696673 -0.06066536 0.9960861 0.02544031 0.07632094 0.9843444 -0.09197652 0.1448141 0.9863014 0.01174168 0.1585127 0.9804305 0.1232877 0.148728 1 -0.009784736 -0.03522505 0.9882583 0.109589 0.0998043 0.9960861 0.05675147 -0.06262231 0.9960861 0.07632094 -0.007827789 0.9902152 0.1311155 -0.02935421 -0.6027398 -0.7416829 0.2915851 -0.62818 -0.1956947 0.7534246 -0.739726 -0.3268102 0.5890411 -0.7808219 0.2544031 0.5714286 -0.7729941 -0.6340509 0.04305284 -0.7084149 -0.6653621 -0.2367906 -0.9158513 0.07436399 0.3933464 -0.8610567 -0.3209393 -0.3933464 -0.8395303 -0.1878669 -0.5088063 -0.9921722 0.04892368 -0.1232877 -0.8062623 0.5792564 0.111546 -0.778865 0.4931507 0.3855186 -0.6790606 0.7299413 -0.07827789 -0.8121331 0.4090019 -0.4168297 -0.483366 0.7279844 -0.4872798 0.8551859 -0.1350294 -0.5009785 0.890411 -0.2348337 -0.3913894 0.7475538 -0.5772994 -0.3307241 0.6947162 -0.7142857 -0.08219178 0.7808219 0.4618395 -0.4227006 0.4755382 0.6712329 -0.5675147 0.553816 0.816047 -0.1643836 0.8454012 -0.5303327 -0.05675147 0.5753425 -0.7064579 0.4148728 0.9921722 0.08610567 -0.09197652 0.7299413 0.6771037 0.08219178 0.6790606 0.6262231 0.3835616 0.739726 -0.5009785 0.4500979 0.6027398 -0.1330724 0.7866927 0.9432485 0.02348337 0.3287671 0.7338552 0.2015656 0.6497065</float_array>
          <technique_common>
            <accessor source="#WingBM__SmallBirdsC-normal-array" count="139" stride="3">
              <param name="X" type="float" />
              <param name="Y" type="float" />
              <param name="Z" type="float" />
            </accessor>
          </technique_common>
        </source>
        <source id="WingBM__SmallBirdsC-texcoord">
          <float_array id="WingBM__SmallBirdsC-texcoord-array" count="278">0.04866102 0.1954528 0.06936751 0.2132449 0.01109331 0.2251011 0.04754711 0.2416419 0.09135576 0.1705806 0.09106585 0.2576333 0.1562524 0.2100557 0.138323 0.1624781 0.141207 0.2614328 0.1740139 0.1680323 0.1731594 0.2552224 0.1977111 0.1764858 0.1934691 0.2474555 0.2123445 0.1944305 0.2132906 0.2285649 0.2172122 0.2130465 0.187274 0.05329978 0.2248417 0.08294803 0.1665675 0.07109177 0.1883879 0.09950405 0.144564 0.02842754 0.1448691 0.1154956 0.07968261 0.06790262 0.09761196 0.02032501 0.09472801 0.1192951 0.06190585 0.02587932 0.06277562 0.1130694 0.03820859 0.03433281 0.04246586 0.1053025 0.02359045 0.05227739 0.02264439 0.08641183 0.01872282 0.07089341 0.3414664 0.05374229 0.4056611 0.0291447 0.3481804 0.07261771 0.2930343 0.08361942 0.4140841 0.06637675 0.4825055 0.02151525 0.3515526 0.09506369 0.3491417 0.1131762 0.3418173 0.1313649 0.4167544 0.1040055 0.4835279 0.0622263 0.5340353 0.02879375 0.4137026 0.142031 0.4040131 0.1712978 0.4762036 0.1855192 0.4835126 0.1068131 0.4828107 0.151751 0.5334097 0.1768215 0.5341268 0.1457542 0.5699855 0.1590601 0.5298543 0.0682078 0.5657893 0.04412907 0.5679103 0.1373922 0.5936675 0.1306019 0.5325704 0.1064317 0.5684139 0.1039597 0.6000611 0.1011978 0.5957885 0.07663083 0.5658198 0.07069504 0.9054093 0.05374229 0.8986801 0.07261771 0.8411993 0.0291447 0.9538414 0.08361942 0.8327916 0.06637675 0.7643702 0.02151525 0.8953231 0.09506369 0.897734 0.1131762 0.9050584 0.1313649 0.8301213 0.1040055 0.7633478 0.0622263 0.7128252 0.02879375 0.8331578 0.142031 0.8428473 0.1712978 0.7706569 0.1855192 0.7633478 0.1068131 0.764065 0.151751 0.7134661 0.1768215 0.7127336 0.1457542 0.6768749 0.1590601 0.7170215 0.0682078 0.6810712 0.04412907 0.7143053 0.1064317 0.6789654 0.1373922 0.6531929 0.1306019 0.6810559 0.07069504 0.651072 0.07663083 0.6784619 0.1039597 0.6468147 0.1011978 0.2248417 0.08294803 0.1557488 0.1114977 0.185977 0.05441368 0.07968261 0.06790262 0.09472801 0.1192951 0.1181506 0.0238651 0.04881361 0.1077287 0.04264897 0.03274584 0.02140841 0.07014573 0.1562524 0.2100557 0.1161364 0.2595407 0.01109331 0.2251011 0.08603036 0.1736934 0.1871214 0.2498817 0.138323 0.1624781 0.2147555 0.2227512 0.1932708 0.1748989 0.2123445 0.1944305 0.5558709 0.03933775 0.5973907 0.08584726 0.5666285 0.08108646 0.5872282 0.1322957 0.5037919 0.06483561 0.4440833 0.02532995 0.5325704 0.1064317 0.4154116 0.08519113 0.2965438 0.08546579 0.4835126 0.1068131 0.5084764 0.1487449 0.5631342 0.1623865 0.4762036 0.1855192 0.4137026 0.142031 0.3962463 0.1663081 0.9501793 0.08433664 0.8314641 0.08519113 0.8572518 0.03529412 0.7643702 0.02151525 0.8331578 0.142031 0.9050584 0.1313649 0.8022431 0.1793088 0.7633478 0.0622263 0.6910048 0.03933775 0.7633478 0.1068131 0.7383993 0.1487449 0.6837415 0.1623865 0.6990311 0.06944382 0.6500648 0.1023728 0.7143053 0.1064317 0.6786755 0.1185931</float_array>
          <technique_common>
            <accessor source="#WingBM__SmallBirdsC-texcoord-array" count="139" stride="2">
              <param name="S" type="float" />
              <param name="T" type="float" />
            </accessor>
          </technique_common>
        </source>
        <vertices id="WingBM__SmallBirdsC-vertex">
          <input semantic="POSITION" source="#WingBM__SmallBirdsC-position" />
        </vertices>
        <triangles material="SmallBirdsC" count="116">
          <input semantic="VERTEX" source="#WingBM__SmallBirdsC-vertex" offset="0" />
          <input semantic="NORMAL" source="#WingBM__SmallBirdsC-normal" offset="1" />
          <input semantic="TEXCOORD" source="#WingBM__SmallBirdsC-texcoord" offset="2" set="0" />
          <p>0 0 0 1 1 1 2 2 2 2 2 2 1 1 1 3 3 3 1 1 1 0 0 0 4 4 4 1 1 1 5 5 5 3 3 3 1 1 1 4 4 4 6 6 6 6 6 6 5 5 5 1 1 1 6 6 6 4 4 4 7 7 7 8 8 8 5 5 5 6 6 6 6 6 6 7 7 7 9 9 9 6 6 6 10 10 10 8 8 8 9 9 9 11 11 11 6 6 6 6 6 6 12 12 12 10 10 10 6 6 6 11 11 11 13 13 13 6 6 6 14 14 14 12 12 12 6 6 6 13 13 13 15 15 15 6 6 6 15 15 15 14 14 14 16 16 16 17 17 17 18 18 18 17 17 17 19 19 19 18 18 18 18 18 18 20 20 20 16 16 16 18 18 18 19 19 19 21 21 21 22 22 22 20 20 20 18 18 18 18 18 18 21 21 21 22 22 22 23 23 23 20 20 20 22 22 22 22 22 22 21 21 21 24 24 24 22 22 22 25 25 25 23 23 23 22 22 22 24 24 24 26 26 26 25 25 25 22 22 22 27 27 27 22 22 22 26 26 26 28 28 28 27 27 27 22 22 22 29 29 29 22 22 22 28 28 28 30 30 30 29 29 29 22 22 22 31 31 31 22 22 22 30 30 30 31 31 31 32 32 32 33 33 33 34 34 34 34 34 34 35 35 35 32 32 32 33 33 33 36 36 36 34 34 34 33 33 33 37 37 37 36 36 36 38 38 38 35 35 35 34 34 34 34 34 34 36 36 36 38 38 38 39 39 39 35 35 35 38 38 38 40 40 40 35 35 35 39 39 39 36 36 36 41 41 41 38 38 38 38 38 38 41 41 41 39 39 39 37 37 37 42 42 42 36 36 36 36 36 36 42 42 42 41 41 41 37 37 37 43 43 43 42 42 42 39 39 39 44 44 44 40 40 40 41 41 41 44 44 44 39 39 39 44 44 44 45 45 45 40 40 40 46 46 46 45 45 45 44 44 44 42 42 42 47 47 47 41 41 41 41 41 41 47 47 47 44 44 44 48 48 48 46 46 46 44 44 44 47 47 47 48 48 48 44 44 44 48 48 48 49 49 49 46 46 46 48 48 48 50 50 50 49 49 49 50 50 50 48 48 48 47 47 47 51 51 51 49 49 49 50 50 50 42 42 42 52 52 52 47 47 47 43 43 43 52 52 52 42 42 42 43 43 43 53 53 53 52 52 52 54 54 54 51 51 51 50 50 50 54 54 54 55 55 55 51 51 51 56 56 56 50 50 50 47 47 47 54 54 54 50 50 50 56 56 56 52 52 52 56 56 56 47 47 47 55 55 55 54 54 54 57 57 57 57 57 57 54 54 54 56 56 56 58 58 58 55 55 55 57 57 57 59 59 59 58 58 58 57 57 57 52 52 52 60 60 60 56 56 56 60 60 60 57 57 57 56 56 56 60 60 60 59 59 59 57 57 57 53 53 53 60 60 60 52 52 52 53 53 53 59 59 59 60 60 60 61 61 61 62 62 62 63 63 63 62 62 62 61 61 61 64 64 64 62 62 62 65 65 65 63 63 63 63 63 63 65 65 65 66 66 66 67 67 67 62 62 62 64 64 64 62 62 62 67 67 67 65 65 65 68 68 68 67 67 67 64 64 64 69 69 69 68 68 68 64 64 64 67 67 67 70 70 70 65 65 65 67 67 67 68 68 68 70 70 70 65 65 65 71 71 71 66 66 66 65 65 65 70 70 70 71 71 71 66 66 66 71 71 71 72 72 72 68 68 68 69 69 69 73 73 73 68 68 68 73 73 73 70 70 70 69 69 69 74 74 74 73 73 73 74 74 74 75 75 75 73 73 73 70 70 70 76 76 76 71 71 71 70 70 70 73 73 73 76 76 76 75 75 75 77 77 77 73 73 73 73 73 73 77 77 77 76 76 76 77 77 77 75 75 75 78 78 78 77 77 77 78 78 78 79 79 79 77 77 77 79 79 79 76 76 76 78 78 78 80 80 80 79 79 79 71 71 71 76 76 76 81 81 81 71 71 71 81 81 81 72 72 72 72 72 72 81 81 81 82 82 82 79 79 79 83 83 83 76 76 76 76 76 76 83 83 83 81 81 81 80 80 80 84 84 84 79 79 79 79 79 79 84 84 84 83 83 83 84 84 84 80 80 80 85 85 85 81 81 81 86 86 86 82 82 82 81 81 81 83 83 83 86 86 86 82 82 82 86 86 86 87 87 87 84 84 84 88 88 88 83 83 83 83 83 83 88 88 88 86 86 86 84 84 84 85 85 85 88 88 88 86 86 86 88 88 88 87 87 87 85 85 85 89 89 89 88 88 88 88 88 88 89 89 89 87 87 87 </p>
        </triangles>
      </mesh>
    </geometry>
    <geometry id="BodyCM__SmallBirdsC-mesh" name="BodyCM__SmallBirdsC">
      <mesh>
        <source id="BodyCM__SmallBirdsC-position">
          <float_array id="BodyCM__SmallBirdsC-position-array" count="1842">0 0.2655297 0.05853744 0 0.2546774 0.04580443 -0.06627343 0.2382284 0.06998987 -0.06526245 0.2545524 0.08217002 -0.0978619 0.2221348 0.1323625 0 0.296832 0.0730985 -0.1006593 0.244678 0.1352573 -0.06668656 0.2891725 0.09214491 -0.0586395 0.3218122 0.1074127 0 0.3295418 0.09815908 -0.08211042 0.3168515 0.1389476 -0.0538085 0.3412488 0.1398939 0 0.3542983 0.1387484 -0.0963473 0.2831271 0.1383472 -0.08883452 0.3168838 0.1961366 -0.05365256 0.3469761 0.1959076 0 0.3627614 0.1949064 -5.029679E-06 0.3478159 0.2498126 -0.05107317 0.3304071 0.2462327 -0.1037039 0.2755906 0.1948708 -0.08103713 0.3023973 0.2422328 -0.1042227 0.2419253 0.1929901 -0.04064998 0.3102082 0.2862527 -0.09102601 0.2671276 0.2396507 -0.06288953 0.2867069 0.2821284 -0.1010148 0.2173197 0.1918053 -0.1008235 0.204262 0.1900105 -0.06989329 0.2587962 0.2805487 -0.02237014 0.273433 0.3067473 -0.03849464 0.2540356 0.299836 0 0.2807271 0.3119373 -0.06456895 0.2342678 0.2822507 -0.0225007 0.2366101 0.3039827 0 0.3234222 0.2892225 0.04065739 0.3102081 0.2862527 0.02236672 0.273433 0.3067473 -0.03587317 0.2133528 0.2887258 0 0.226112 0.3069447 -0.08766986 0.2298414 0.2406773 -0.04313365 0.1955995 0.2710585 -0.08357285 0.2066809 0.2358164 -0.08419479 0.1873182 0.2296447 -0.04401507 0.1770815 0.2597716 0 0.1726335 0.2811484 0 0.2063479 0.296082 0 0.1875934 0.2824246 0.04311324 0.1955995 0.2710585 0.04399935 0.1770815 0.2597716 0.03585915 0.2133528 0.2887258 0.02249279 0.2366101 0.3039827 0.06455908 0.2331651 0.2822507 0.03848564 0.2540356 0.299836 0.08361597 0.2053438 0.2322286 0.08430219 0.1867542 0.2296456 0.1009419 0.2027149 0.1900015 0.08773886 0.2272646 0.2359678 0.1011249 0.2153172 0.1917839 0.09789442 0.2211268 0.1323437 0.09115548 0.2636668 0.2396268 0.1043884 0.2394968 0.1929571 0.1006771 0.2433322 0.1352261 0.06988714 0.2577964 0.2805487 0.1039197 0.2724995 0.1948193 0.06289259 0.2855164 0.2821284 0.08103503 0.3007185 0.2422267 0.05109003 0.3304081 0.2462316 0.08884489 0.3152033 0.1961288 0.05368879 0.346981 0.1959021 0 0.3627614 0.1949064 0 0.3542983 0.1387484 0.05383257 0.3409604 0.1398893 0 0.3295418 0.09815908 0.09636043 0.2814273 0.138303 0.08212202 0.3157604 0.1389377 0.05865157 0.3215237 0.1074097 0 0.296832 0.0730985 0.06444965 0.2889212 0.09214596 0 0.2655297 0.05853744 0.06525304 0.2544287 0.08218015 0.06626321 0.2382141 0.07000776 0 0.2546774 0.04580443 0.08467957 0.06976844 -0.2882591 0.04642585 0.07991862 -0.1700772 0 0.06984283 -0.1688804 -0.04642583 0.07991976 -0.1700772 -0.08467957 0.06976843 -0.2882591 0 0.06879761 -0.305036 0.05399802 0.08713381 -0.1699444 0.04642585 0.07991862 -0.1700772 0 0.07441635 -0.3156411 0.08910531 0.07603201 -0.2970836 0.07803531 0.08229558 -0.2885184 0.04340969 0.09795661 -0.169745 0 0.106599 -0.168933 0 0.08003511 -0.3050361 -0.07803532 0.08229556 -0.2885184 -0.04340968 0.09795742 -0.169745 -0.053998 0.08713482 -0.1699444 -0.04642583 0.07991976 -0.1700772 -0.08910532 0.076032 -0.2970836 0 0.2368515 0.3369578 -0.009603277 0.2416855 0.3376176 0 0.226112 0.3069447 -0.0225007 0.2366101 0.3039827 0 0.2425458 0.3747169 -0.01651922 0.2513843 0.3390396 -0.03849464 0.2540356 0.299836 -0.02237014 0.273433 0.3067473 -0.009603277 0.2596157 0.3404615 0 0.2807271 0.3119373 0 0.2634359 0.3411214 0.009603277 0.2596157 0.3404615 0.02236672 0.273433 0.3067473 0.01651859 0.2513843 0.3390396 0.03848564 0.2540356 0.299836 0.02249279 0.2366101 0.3039827 0.009603277 0.2416855 0.3376176 0 0.2368515 0.3369578 0 0.226112 0.3069447 0 0.2546774 0.04580443 0 0.2343626 -0.01945929 -0.05557621 0.2206298 -0.01882172 0 0.1798462 -0.0935838 -0.06627343 0.2382284 0.06998987 -0.03980036 0.1597544 -0.09469713 0 0.106599 -0.168933 -0.04340968 0.09795742 -0.169745 -0.0984033 0.181631 -0.01819428 -0.0644759 0.1271058 -0.09542551 -0.07814528 0.09258503 -0.09560036 -0.053998 0.08713482 -0.1699444 -0.04642583 0.07991976 -0.1700772 -0.1222025 0.1271567 -0.01829138 -0.1145579 0.1917761 0.07175921 -0.0978619 0.2221348 0.1323625 -0.1134697 0.07115014 -0.01854497 -0.1106013 0.183816 0.1402535 -0.1008235 0.204262 0.1900105 -0.1424568 0.1292959 0.07173228 -0.1031833 0.1696769 0.1925232 -0.08419479 0.1873182 0.2296447 -0.1286815 0.1291788 0.1403346 -0.08246808 0.155833 0.2323679 -0.04401507 0.1770815 0.2597716 -0.1097374 0.1270002 0.1925497 -0.04594114 0.1491798 0.2654978 0 0.1726335 0.2811484 0 0.1479717 0.2845345 -0.08790617 0.1232692 0.2339782 -0.0477342 0.1202413 0.2665925 0 0.1163083 0.2849235 0 0.07310562 0.2718339 -0.05074276 0.07986291 0.2572094 0 0.02987049 0.2037627 -0.08881652 0.0937211 0.2282278 -0.06238466 0.04328208 0.2037321 0 0.009057258 0.1399169 -0.100174 0.07782075 0.192453 -0.07358067 0.02219788 0.1398546 0 0.001056251 0.07100818 -0.1207863 0.06739028 0.1400847 -0.1311501 0.05999196 0.07117143 -0.07776824 0.01224349 0.07088266 -0.0693063 0.02678235 -0.01864734 0 0.01208349 -0.01827275 -0.06194345 0.06605949 -0.09534271 -0.04205647 0.0430999 -0.09437539 0 0.03325844 -0.09317881 0 0.06984283 -0.1688804 0 0.2343626 -0.01945929 0 0.2546774 0.04580443 0.05557621 0.2206261 -0.01881687 0 0.1798462 -0.0935838 0.06626321 0.2382141 0.07000776 0.03980036 0.1597544 -0.09469713 0 0.106599 -0.168933 0.04340969 0.09795661 -0.169745 0.0984033 0.181631 -0.01819428 0.06447591 0.1271059 -0.09542551 0.07814528 0.09258501 -0.09560036 0.05399802 0.08713381 -0.1699444 0.04642585 0.07991862 -0.1700772 0.1222025 0.1271567 -0.01829138 0.1145517 0.19177 0.07176638 0.09789442 0.2211268 0.1323437 0.1134697 0.0711501 -0.01854497 0.1107187 0.1832124 0.1402545 0.1009419 0.2027149 0.1900015 0.1424568 0.1292959 0.07173228 0.1034183 0.1691251 0.1925232 0.08430219 0.1867542 0.2296456 0.1286943 0.1291456 0.1403346 0.08255642 0.155833 0.2323679 0.04399935 0.1770815 0.2597716 0.1097721 0.1270002 0.1925497 0.04593415 0.1491798 0.2654978 0 0.1726335 0.2811484 0 0.1479717 0.2845345 0.08791409 0.1232692 0.2339782 0.0477342 0.1202413 0.2665925 0 0.1163083 0.2849235 0 0.07310562 0.2718339 0.05074276 0.07986291 0.2572094 0 0.02987049 0.2037627 0.08881653 0.0937211 0.2282278 0.06238466 0.04328208 0.2037321 0 0.009057258 0.1399169 0.100174 0.07782075 0.192453 0.07358067 0.02219788 0.1398546 0 0.001056251 0.07100818 0.1207863 0.06739028 0.1400847 0.1311501 0.05999196 0.07117143 0.07776824 0.01224349 0.07088266 0.0693063 0.02678231 -0.01864734 0 0.01208349 -0.01827275 0.06194345 0.06605937 -0.09534271 0.04205647 0.0430999 -0.09437539 0 0.03325844 -0.09317881 0 0.06984283 -0.1688804 -0.6096318 0.1618241 0.1658196 -0.6184781 0.156582 0.1679544 -0.4463502 0.156582 0.2051088 -0.6010896 0.156582 0.1150163 -0.4430947 0.1623068 0.2017672 -0.5928081 0.1618241 0.114601 -0.5394579 0.156582 0.04923301 -0.3421043 0.156582 0.2263917 -0.5331305 0.1619646 0.05114553 -0.4383571 0.156582 -0.006067383 -0.4353136 0.1624699 -0.002358639 -0.3598285 0.156582 -0.02713162 -0.3422349 0.1629817 0.2223588 -0.3593834 0.1629678 -0.02292981 -0.2727155 0.156582 -0.02975848 -0.2729086 0.1635178 0.2303422 -0.2704506 0.156582 0.2346431 -0.2727155 0.1636397 -0.02547135 -0.2552426 0.1635976 0.2249578 -0.2523737 0.156582 0.2289633 -0.2214071 0.1639808 -0.02242348 -0.2172201 0.156582 -0.02660829 -0.2214069 0.1638533 0.1976462 -0.2172199 0.1565821 0.2007036 -0.1727529 0.1643346 -0.01742109 -0.172753 0.1642155 0.1743395 -0.1669326 0.1565821 0.1767603 -0.1669325 0.156582 -0.02128157 -0.1322028 0.1645243 0.1593728 -0.1250211 0.1565821 0.1612912 -0.1299579 0.1646305 -0.01023215 -0.1227008 0.156582 -0.01361997 -0.08261888 0.1648864 0.1463144 -0.07377256 0.1565821 0.1477944 -0.08261888 0.1649404 -0.0004170313 -0.07377256 0.1565821 -0.003173523 -0.4463502 0.156582 0.2051088 -0.6184781 0.156582 0.1679544 -0.6096318 0.1513399 0.1658196 -0.6010896 0.156582 0.1150163 -0.4430947 0.1508573 0.2017672 -0.5928081 0.15134 0.114601 -0.5394579 0.156582 0.04923301 -0.3421043 0.156582 0.2263917 -0.5331305 0.1511995 0.05114553 -0.4383571 0.156582 -0.006067383 -0.4353136 0.1506941 -0.002358639 -0.3598285 0.156582 -0.02713162 -0.3422349 0.1501824 0.2223588 -0.3593834 0.1501962 -0.02292981 -0.2727155 0.156582 -0.02975848 -0.2729086 0.1496463 0.2303422 -0.2704506 0.156582 0.2346431 -0.2727155 0.1495243 -0.02547135 -0.2552426 0.1495665 0.2249578 -0.2523737 0.156582 0.2289633 -0.2214071 0.1491833 -0.02242348 -0.2172201 0.156582 -0.02660829 -0.2214069 0.1493108 0.1976462 -0.2172199 0.1565821 0.2007036 -0.1727529 0.1488295 -0.01742109 -0.1669325 0.156582 -0.02128157 -0.172753 0.1489487 0.1743395 -0.1669326 0.1565821 0.1767603 -0.1299579 0.1485336 -0.01023215 -0.1227008 0.156582 -0.01361997 -0.1322028 0.1486399 0.1593728 -0.1250211 0.1565821 0.1612912 -0.08261888 0.1482777 0.1463144 -0.07377256 0.1565821 0.1477944 -0.08261888 0.1482238 -0.0004170313 -0.07377256 0.1565821 -0.003173523 0.6184781 0.156582 0.1679544 0.6096318 0.1618241 0.1658196 0.4463502 0.156582 0.2051088 0.6010896 0.156582 0.1150163 0.4430947 0.1623068 0.2017672 0.5928081 0.1618241 0.114601 0.5394579 0.156582 0.04923301 0.3421043 0.156582 0.2263917 0.5331305 0.1619646 0.05114553 0.4383571 0.156582 -0.006067383 0.4353136 0.1624699 -0.002358639 0.3598285 0.156582 -0.02713162 0.3422349 0.1629817 0.2223588 0.3593834 0.1629678 -0.02292981 0.2727155 0.156582 -0.02975848 0.2729086 0.1635178 0.2303422 0.2704506 0.156582 0.2346431 0.2727155 0.1636397 -0.02547135 0.2552426 0.1635976 0.2249578 0.2523737 0.156582 0.2289633 0.2214071 0.1639808 -0.02242348 0.2172201 0.156582 -0.02660829 0.2214069 0.1638533 0.1976462 0.2172199 0.1565821 0.2007036 0.172753 0.1642155 0.1743395 0.1669326 0.1565821 0.1767603 0.1727529 0.1643346 -0.01742109 0.1669325 0.156582 -0.02128157 0.1322028 0.1645243 0.1593728 0.1250211 0.1565821 0.1612912 0.1299579 0.1646305 -0.01023215 0.1227008 0.156582 -0.01361997 0.08261888 0.1648864 0.1463144 0.07377256 0.1565821 0.1477944 0.08261888 0.1649404 -0.0004170313 0.07377256 0.1565821 -0.003173523 0.6096318 0.1513399 0.1658196 0.6184781 0.156582 0.1679544 0.4463502 0.156582 0.2051088 0.6010896 0.156582 0.1150163 0.4430947 0.1508573 0.2017672 0.5928081 0.15134 0.114601 0.5394579 0.156582 0.04923301 0.3421043 0.156582 0.2263917 0.5331305 0.1511995 0.05114553 0.4383571 0.156582 -0.006067383 0.4353136 0.1506941 -0.002358639 0.3598285 0.156582 -0.02713162 0.3422349 0.1501824 0.2223588 0.3593834 0.1501962 -0.02292981 0.2727155 0.156582 -0.02975848 0.2729086 0.1496463 0.2303422 0.2704506 0.156582 0.2346431 0.2727155 0.1495243 -0.02547135 0.2552426 0.1495665 0.2249578 0.2523737 0.156582 0.2289633 0.2214071 0.1491833 -0.02242348 0.2214069 0.1493108 0.1976462 0.2172199 0.1565821 0.2007036 0.2172201 0.156582 -0.02660829 0.172753 0.1489487 0.1743395 0.1669326 0.1565821 0.1767603 0.1727529 0.1488295 -0.01742109 0.1669325 0.156582 -0.02128157 0.1322028 0.1486399 0.1593728 0.1250211 0.1565821 0.1612912 0.1299579 0.1485336 -0.01023215 0.1227008 0.156582 -0.01361997 0.08261888 0.1482777 0.1463144 0.07377256 0.1565821 0.1477944 0.08261888 0.1482238 -0.0004170313 0.07377256 0.1565821 -0.003173523 0.2190517 0.1534009 0.199366 0.1604798 0.1619096 0.1712374 0.1514481 0.1502858 0.1673328 -0.2620588 0.1548419 0.2307511 -0.2360017 0.1518332 -0.02481447 -0.2190517 0.1534009 0.199366 -0.2727155 0.160552 -0.02734697 -0.3596094 0.1573303 -0.02506354 -0.4368591 0.157272 -0.004241986 -0.3421696 0.1533822 0.2243752 -0.2360017 0.1518332 -0.02481447 -0.2620588 0.1548419 0.2307511 -0.4447224 0.1537197 0.203438 -0.5372829 0.1570866 0.04989044 -0.5991163 0.1571759 0.1149173 -0.6163702 0.1559882 0.1674457 -0.1604798 0.1512545 0.1712374 -0.2190517 0.1534009 0.199366 -0.1616839 0.152678 -0.01795909 -0.07729726 0.1578147 0.1472047 -0.07639881 0.1551455 -0.00235519 -0.1514481 0.1628783 0.1673328 -0.1604798 0.1512545 0.1712374 0.3421696 0.1533822 0.2243752 0.2620588 0.1583222 0.2307511 0.267388 0.1496213 0.2286596 0.2620588 0.1583222 0.2307511 0.2190517 0.1534009 0.199366 0.2727155 0.1526121 -0.02734697 0.2193136 0.1528827 -0.02451589 0.2727155 0.1526121 -0.02734697 0.3421696 0.1533822 0.2243752 0.3596094 0.1558337 -0.02506354 0.4368591 0.157272 -0.004241986 0.4447224 0.1537197 0.203438 0.5372829 0.1570866 0.04989044 0.5991163 0.1571759 0.1149173 0.6163702 0.1559882 0.1674457 0.1514481 0.1502858 0.1673328 0.1604798 0.1619096 0.1712374 0.07729726 0.1578147 0.1472047 0.2190517 0.1534009 0.199366 0.2214069 0.1638533 0.1976462 0.2190517 0.1534009 0.199366 0.2620588 0.1583222 0.2307511 0.2630952 0.1637037 -0.02489987 0.2727155 0.1526121 -0.02734697 0.2193136 0.1528827 -0.02451589 0.3596094 0.1558337 -0.02506354 0.1616839 0.1604861 -0.01795909 0.07729726 0.1578147 0.1472047 0.07639881 0.1551455 -0.00235519 0.2193136 0.1528827 -0.02451589 0.2620588 0.1583222 0.2307511 0.3422349 0.1629817 0.2223588 0.3596094 0.1558337 -0.02506354 0.3421696 0.1533822 0.2243752 0.4368591 0.157272 -0.004241986 0.4430947 0.1623068 0.2017672 0.4447224 0.1537197 0.203438 0.6163702 0.1559882 0.1674457 0.5372829 0.1570866 0.04989044 0.5991163 0.1571759 0.1149173 0.6163702 0.1559882 0.1674457 -0.05244887 0.08696574 -0.1699475 -0.03980036 0.1597544 -0.09469713 0 0.106599 -0.168933 0 0.1798462 -0.0935838 0 0.106599 -0.168933 -0.05557621 0.2206298 -0.01882172 0 0.2343626 -0.01945929 0 0.2601035 0.05217093 -0.0659575 0.2433297 0.07379617 -0.0984033 0.181631 -0.01819428 -0.07729094 0.09474257 -0.09558943 -0.05244887 0.08696574 -0.1699475 -0.1145579 0.191776 0.07175921 -0.09976028 0.2198106 0.1336655 -0.1222025 0.1271567 -0.01829138 -0.1424568 0.1292959 0.07173228 -0.1134697 0.07115012 -0.01854497 -0.1192095 0.1280895 0.1664421 -0.1011708 0.2035094 0.1908154 -0.0432994 0.04453488 -0.09443584 -0.05244887 0.08696574 -0.1699475 0 0.06984282 -0.1688804 0 0.06984282 -0.1688804 0 0.0239944 -0.06040741 -0.0693063 0.02678235 -0.01864734 0 0.001056254 0.07100818 -0.07776824 0.01224348 0.07088266 -0.1311501 0.05999196 0.07117143 -0.07358067 0.02219789 0.1398546 0 0.009057254 0.1399169 -0.1182097 0.06869408 0.1466307 -0.06238466 0.04328209 0.2037321 0 0.0298705 0.2037627 -0.08858894 0.1011081 0.2296654 -0.05036669 0.08491021 0.2583823 0 0.08120614 0.2742882 0 0.1793427 0.2818923 -0.04394761 0.1791367 0.2621786 -0.08246808 0.155833 0.2323679 -0.08514713 0.2047666 0.2344184 0.2190517 0.1534009 0.199366 0.1514481 0.1502858 0.1673328 0.2193136 0.1528827 -0.02451589 0.1647288 0.148774 -0.01607317 0.07729726 0.1578147 0.1472047 0.07639881 0.1551455 -0.00235519 0.1616839 0.1604861 -0.01795909 0.2193136 0.1528827 -0.02451589 0.001650563 0.2382866 0.3371536 -0.03449615 0.2496792 0.3008727 0 0.2248768 0.3062658 0.0001404693 0.2437065 0.3704123 -0.02237014 0.273433 0.3067473 0.000187564 0.2795718 0.3137484 0.02236672 0.273433 0.3067473 0.000187564 0.2795718 0.3137484 0.03448743 0.2496792 0.3008727 0.001650563 0.2382866 0.3371536 0 0.2248768 0.3062658 0 0.2601035 0.05217093 -0.0659575 0.2433297 0.07379617 0 0.296832 0.0730985 -0.06115421 0.3116123 0.1026415 -0.09976028 0.2198106 0.1336655 0 0.3295418 0.09815907 0 0.296832 0.0730985 -0.08566964 0.3084204 0.1387975 -0.0538085 0.3412488 0.1398939 0 0.3542983 0.1387484 -0.1005344 0.2734749 0.2060658 -0.1011708 0.2035094 0.1908154 -0.08883452 0.3168838 0.1961366 -0.05365256 0.3469761 0.1959076 0 0.3627614 0.1949064 -5.029679E-06 0.3478159 0.2498126 -0.08514713 0.2047666 0.2344184 -0.1011708 0.2035094 0.1908154 -0.04394761 0.1791367 0.2621786 -0.05918849 0.2303462 0.2834648 0 0.2248768 0.3062658 -0.08514713 0.2047666 0.2344184 -0.08103713 0.3023973 0.2422328 -0.06595367 0.274496 0.2814373 -0.03449615 0.2496792 0.3008727 0 0.2248768 0.3062658 -0.02237014 0.273433 0.3067473 -0.04195288 0.3127331 0.2812502 0.000187564 0.2795718 0.3137484 0.000187564 0.2795718 0.3137484 0 0.3234222 0.2892225 0.04196147 0.3127331 0.2812501 0.02236672 0.273433 0.3067473 0.05368879 0.3469809 0.1959021 0 0.3627614 0.1949064 0 0.3542983 0.1387484 0.0659527 0.273389 0.2814373 0.03448743 0.2496792 0.3008727 0.05383257 0.3409604 0.1398893 0 0.3295418 0.09815907 0.08884489 0.3152033 0.1961288 0.08103503 0.3007185 0.2422267 0.05937633 0.3174484 0.1055018 0 0.296832 0.0730985 0.08657152 0.3050313 0.1387393 0.1007286 0.2702913 0.2060212 0 0.2601035 0.05217093 0 0.296832 0.0730985 0.06594753 0.2432812 0.07381163 0.09964962 0.2176018 0.1334902 0.1012914 0.2012729 0.1907066 0.08593509 0.2176742 0.2343319 0.08299287 0.1635633 0.2316873 0.04393146 0.1791367 0.2621786 0.06097159 0.2306886 0.2830601 0.04393146 0.1791367 0.2621786 0 0.2248768 0.3062658 0 0.1793427 0.2818923 -0.04394761 0.1791367 0.2621786 0.08734131 0.07593414 -0.2950437 0.05244889 0.08696473 -0.1699475 0 0.06984282 -0.1688804 -0.05244887 0.08696574 -0.1699475 -0.08734132 0.07593411 -0.2950437 0.05244889 0.08696473 -0.1699475 0 0.106599 -0.168933 -0.05244887 0.08696574 -0.1699475 0 0.0747675 -0.3149783 0 0.06984282 -0.1688804 -0.07729726 0.1578147 0.1472047 -0.07639881 0.1551455 -0.00235519 -0.1647288 0.1643901 -0.01607317 -0.1514481 0.1628783 0.1673328 -0.07639881 0.1551455 -0.00235519 -0.1616839 0.152678 -0.01795909 -0.2360017 0.1518332 -0.02481447 -0.2727155 0.160552 -0.02734697 -0.1604798 0.1512545 0.1712374 -0.2190517 0.1534009 0.199366 -0.267388 0.1635427 0.2286596 -0.2620588 0.1548419 0.2307511 -0.3421696 0.1533822 0.2243752 -0.3422349 0.1629817 0.2223588 -0.3596094 0.1573303 -0.02506354 -0.4368591 0.157272 -0.004241986 -0.4430947 0.1623068 0.2017672 -0.4447224 0.1537197 0.203438 -0.6163702 0.1559882 0.1674457 -0.5372829 0.1570866 0.04989044 -0.5991163 0.1571759 0.1149173 -0.6163702 0.1559882 0.1674457 0.05244889 0.08696473 -0.1699475 0 0.106599 -0.168933 0.03980036 0.1597544 -0.09469713 0.07729094 0.0947426 -0.09558943 0 0.1798462 -0.0935838 0 0.106599 -0.168933 0.05557621 0.2206261 -0.01881687 0 0.2343626 -0.01945929 0 0.2601035 0.05217093 0.06594753 0.2432812 0.07381163 0.0984033 0.181631 -0.01819428 0.1145517 0.19177 0.07176638 0.09964962 0.2176018 0.1334902 0.1222025 0.1271567 -0.01829138 0.1424568 0.1292959 0.07173228 0.1134697 0.07115009 -0.01854497 0.1192332 0.1280729 0.1664421 0.1012914 0.2012729 0.1907066 0.08299287 0.1635633 0.2316873 0.08859092 0.1011081 0.2296654 0.04393146 0.1791367 0.2621786 0.1182097 0.06869408 0.1466307 0.1311501 0.05999196 0.07117143 0.05036669 0.08491021 0.2583823 0 0.1793427 0.2818923 0 0.08120614 0.2742882 0 0.0298705 0.2037627 0.06238466 0.04328209 0.2037321 0 0.009057254 0.1399169 0.07358067 0.02219789 0.1398546 0 0.001056254 0.07100818 0.07776824 0.01224348 0.07088266 0.0693063 0.02678232 -0.01864734 0 0.0239944 -0.06040741 0.0432994 0.04453488 -0.09443584 0 0.06984282 -0.1688804 0.05244889 0.08696473 -0.1699475</float_array>
          <technique_common>
            <accessor source="#BodyCM__SmallBirdsC-position-array" count="614" stride="3">
              <param name="X" type="float" />
              <param name="Y" type="float" />
              <param name="Z" type="float" />
            </accessor>
          </technique_common>
        </source>
        <source id="BodyCM__SmallBirdsC-normal">
          <float_array id="BodyCM__SmallBirdsC-normal-array" count="1842">0 0.479452 -0.8767123 0 0.9393346 -0.3444227 -0.5812133 0.7553816 -0.2994129 -0.6457925 0.3013699 -0.702544 -0.9569471 0.2661448 -0.1154599 0 0.4481409 -0.8943248 -0.9530333 0.06262231 -0.297456 -0.5714286 0.3522505 -0.739726 -0.407045 0.6438356 -0.6477495 0.001956947 0.7201566 -0.6947162 -0.8082192 0.5459883 -0.221135 -0.3855186 0.888454 -0.2485323 0.001956947 0.9569471 -0.2935421 -0.9275929 0.2367906 -0.2915851 -0.816047 0.5714286 0.09589041 -0.444227 0.890411 0.09001957 0 0.9980431 0.07436399 0 0.9354208 0.3542074 -0.4618395 0.81409 0.3502935 -0.9784736 0.18591 0.08219178 -0.7984344 0.4911937 0.3502935 -0.9941292 -0.04500978 0.09393346 -0.4207436 0.6046967 0.6771037 -0.9315069 0.1076321 0.3463796 -0.6653621 0.2915851 0.6868885 -0.9804305 -0.1252446 0.1506849 -0.9706458 0.1076321 0.2172211 -0.7318982 0 0.6810176 -0.4031311 0.2485323 0.8806262 -0.4951076 -0.05675147 0.8669276 0 0.4285714 0.9041096 -0.6810176 -0.3091977 0.6653621 -0.4109589 -0.2700587 0.8708415 0 0.702544 0.7123288 0.4285714 0.6007828 0.6751468 0.4050881 0.2504892 0.8786693 -0.3855186 -0.4735812 0.7925636 0 -0.4559687 0.890411 -0.9001957 -0.1682975 0.3992172 -0.5616438 -0.4716243 0.6790606 -0.849315 -0.1937378 0.4911937 -0.8180039 0.009784736 0.5733855 -0.555773 -0.005870841 0.8317025 0 0.09589041 0.9960861 0 -0.5518591 0.8336595 0 -0.3933464 0.9197652 0.5772994 -0.4774951 0.6614481 0.5596869 -0.001956947 0.8297456 0.3776908 -0.4774951 0.7925636 0.4090019 -0.2681018 0.8727984 0.6868885 -0.3228963 0.6516634 0.4951076 -0.05479452 0.8669276 0.8454012 -0.1624266 0.5088063 0.8062623 0.037182 0.5890411 0.9667319 0.1232877 0.221135 0.8982387 -0.1898239 0.3992172 0.9804305 -0.1193738 0.1545988 0.9569471 0.2681018 -0.1135029 0.9315069 0.09393346 0.3502935 0.9941292 -0.05088063 0.09589041 0.9510763 0.07240704 -0.3013699 0.7318982 0.001956947 0.6810176 0.9804305 0.1819961 0.08610567 0.6692759 0.2896282 0.6849315 0.8082192 0.4755382 0.3463796 0.4735812 0.8082192 0.3502935 0.8258317 0.555773 0.09589041 0.4559687 0.8845401 0.08806262 0 0.9980431 0.07436399 0.001956947 0.9569471 -0.2935421 0.3953033 0.8845401 -0.2465753 0.001956947 0.7201566 -0.6947162 0.925636 0.2407045 -0.295499 0.816047 0.5322896 -0.2250489 0.4187867 0.6360078 -0.6497065 0 0.4481409 -0.8943248 0.5655577 0.3581213 -0.7436399 0 0.479452 -0.8767123 0.6497065 0.3091977 -0.6947162 0.5812133 0.7573385 -0.2994129 0 0.9393346 -0.3444227 0.2426614 -0.9706458 0.001956947 0.3874756 -0.9217221 -0.02348337 0 -0.9941292 -0.1037182 -0.3874756 -0.9217221 -0.02348337 -0.2426614 -0.9706458 0.001956947 0 -0.9960861 -0.08806262 0.9549902 0.2857143 0.08610567 0.3874756 -0.9217221 -0.02348337 0 0.003913894 -1 0.8727984 0.05870841 -0.4853229 0.2289628 0.960861 -0.1624266 0.3855186 0.8864971 -0.2524462 0 0.9354208 -0.3542074 0 0.9667319 -0.2524462 -0.2289628 0.960861 -0.1624266 -0.3855186 0.8864971 -0.2524462 -0.9549902 0.2857143 0.08610567 -0.3874756 -0.9217221 -0.02348337 -0.8727984 0.05870841 -0.4853229 0 -0.9569471 0.2915851 -0.6066536 -0.7338552 0.3052838 0 -0.9432485 0.3307241 -0.6340509 -0.6888454 0.3502935 0 -0.2465753 0.9686888 -0.8767123 -0.01565558 0.479452 -0.8688846 -0.02739726 0.4931507 -0.6262231 0.6144814 0.479452 -0.5694716 0.6634051 0.483366 0 0.8630137 0.5068493 0 0.8590998 0.5107632 0.5694716 0.6634051 0.483366 0.6262231 0.6144814 0.479452 0.8767123 -0.01565558 0.479452 0.8688846 -0.02739726 0.4931507 0.6340509 -0.6888454 0.3502935 0.6066536 -0.7338552 0.3052838 0 -0.9569471 0.2915851 0 -0.9432485 0.3307241 0 0.9393346 -0.3444227 0 0.9001957 -0.4363992 -0.4716243 0.7808219 -0.4109589 0 0.7651663 -0.6438356 -0.5812133 0.7553816 -0.2994129 -0.4461839 0.6536204 -0.6125244 0 0.9354208 -0.3542074 -0.3855186 0.8864971 -0.2524462 -0.7573385 0.5322896 -0.3796478 -0.7162427 0.4324853 -0.5459883 -0.8649706 -0.001956947 -0.5009785 -0.9549902 0.2857143 0.08610567 -0.3874756 -0.9217221 -0.02348337 -0.9275929 0.1272016 -0.3522505 -0.8414873 0.5283757 -0.1174168 -0.9569471 0.2661448 -0.1154599 -0.8414873 -0.4481409 -0.2994129 -0.9412916 0.297456 0.1565558 -0.9706458 0.1076321 0.2172211 -0.9921722 0.1174168 -0.05088063 -0.9315069 0.1761252 0.3189824 -0.8180039 0.009784736 0.5733855 -0.9706458 0.08023483 0.2270059 -0.7651663 0.1135029 0.6340509 -0.555773 -0.005870841 0.8317025 -0.9275929 0.02544031 0.37182 -0.5127202 0.1056751 0.851272 0 0.09589041 0.9960861 0 0.1037182 0.9941292 -0.776908 -0.003913894 0.62818 -0.4872798 -0.07827789 0.8708415 0 -0.1369863 0.9902152 0 -0.6555773 0.7534246 -0.4031311 -0.5851272 0.702544 0 -0.9001957 0.4344423 -0.7455969 -0.3502935 0.5675147 -0.3894325 -0.8082192 0.4403131 0 -0.9745597 0.223092 -0.7945206 -0.4481409 0.4109589 -0.4168297 -0.8767123 0.2387476 0 -1 -0.02348337 -0.853229 -0.4540117 0.258317 -0.8786693 -0.4755382 -0.04305284 -0.4305284 -0.9021527 -0.0332681 -0.4422701 -0.8630137 -0.2426614 0 -0.9804305 -0.1996086 -0.7592955 -0.5225049 -0.3894325 -0.4011742 -0.8473581 -0.3483366 0 -0.9471624 -0.3189824 0 -0.9941292 -0.1037182 0 0.9001957 -0.4363992 0 0.9393346 -0.3444227 0.4716243 0.7808219 -0.4090019 0 0.7651663 -0.6438356 0.5812133 0.7573385 -0.2994129 0.4461839 0.6536204 -0.6125244 0 0.9354208 -0.3542074 0.3855186 0.8864971 -0.2524462 0.7573385 0.5322896 -0.3796478 0.7162427 0.4324853 -0.5459883 0.8649706 -0.001956947 -0.5009785 0.9549902 0.2857143 0.08610567 0.3874756 -0.9217221 -0.02348337 0.9275929 0.1272016 -0.3522505 0.8414873 0.5283757 -0.1154599 0.9569471 0.2681018 -0.1135029 0.8414873 -0.4481409 -0.2994129 0.9412916 0.3013699 0.1565558 0.9667319 0.1232877 0.221135 0.9921722 0.1174168 -0.05088063 0.9315069 0.1780822 0.3189824 0.8062623 0.037182 0.5890411 0.9706458 0.07827789 0.2270059 0.7632094 0.1135029 0.6360078 0.5596869 -0.001956947 0.8297456 0.9275929 0.02348337 0.37182 0.5127202 0.1056751 0.853229 0 0.09589041 0.9960861 0 0.1037182 0.9941292 0.776908 -0.005870841 0.62818 0.4872798 -0.07827789 0.8708415 0 -0.1369863 0.9902152 0 -0.6555773 0.7534246 0.4031311 -0.5851272 0.702544 0 -0.9001957 0.4344423 0.7455969 -0.3502935 0.5675147 0.3894325 -0.8082192 0.4403131 0 -0.9745597 0.223092 0.7945206 -0.4481409 0.4109589 0.4168297 -0.8767123 0.2387476 0 -1 -0.02348337 0.853229 -0.4540117 0.258317 0.8786693 -0.4755382 -0.04305284 0.4305284 -0.9021527 -0.0332681 0.4422701 -0.8630137 -0.2426614 0 -0.9804305 -0.1996086 0.7592955 -0.5225049 -0.3894325 0.4011742 -0.8473581 -0.3483366 0 -0.9471624 -0.3189824 0 -0.9941292 -0.1037182 -0.111546 0.9686888 0.2191781 -0.6360078 0 0.7710372 -0.2093934 0 0.9784736 -0.8727984 0 -0.4892368 -0.02152642 0.9960861 0.07632094 -0.06457926 0.9960861 -0.04696673 -0.6340509 0 -0.7729941 -0.1624266 0 0.9863014 -0.04500978 0.9980431 -0.06066536 -0.4031311 0 -0.9158513 -0.02935421 0.9980431 -0.05675147 -0.1369863 0 -0.9902152 -0.01369863 1 0.037182 -0.01174168 1 -0.03913894 0.001956947 0 -1 -0.009784736 1 0.03522505 -0.001956947 0 1 -0.007827789 1 -0.0332681 0.02152642 0.9980431 0.04305284 0.5440313 0 0.8395303 -0.003913894 1 -0.037182 0.08414873 0 -0.9960861 0.009784736 1 0.02739726 0.5048923 0 0.8630137 -0.001956947 1 -0.04109589 0.009784736 1 0.037182 0.3776908 0 0.925636 0.1448141 0 -0.9902152 0.007827789 1 0.04305284 0.2778865 0 0.960861 0.001956947 0.9980431 -0.04696673 0.1937378 0 -0.9804305 0.1330724 0.9902152 0.05675147 0.9843444 0 0.1800391 0.1389433 0.9882583 -0.05283757 0.9804305 0 -0.1937378 -0.2093934 0 0.9784736 -0.6360078 0 0.7710372 -0.111546 -0.9686888 0.2191781 -0.8727984 0 -0.4892368 -0.02152642 -0.9960861 0.07632094 -0.06457926 -0.9960861 -0.04696673 -0.6340509 0 -0.7729941 -0.1624266 0 0.9863014 -0.04500978 -0.9980431 -0.06066536 -0.4031311 0 -0.9158513 -0.02935421 -0.9980431 -0.05675147 -0.1369863 0 -0.9902152 -0.01369863 -1 0.037182 -0.01174168 -1 -0.03913894 0.001956947 0 -1 -0.009784736 -1 0.03522505 -0.001956947 0 1 -0.007827789 -1 -0.0332681 0.02152642 -0.9980431 0.04305284 0.5440313 0 0.8395303 -0.003913894 -1 -0.037182 0.08414873 0 -0.9960861 0.009784736 -1 0.02739726 0.5048923 0 0.8630137 -0.001956947 -1 -0.04109589 0.1448141 0 -0.9902152 0.009784736 -1 0.037182 0.3776908 0 0.925636 0.001956947 -0.9980431 -0.04696673 0.1937378 0 -0.9804305 0.007827789 -1 0.04305284 0.2778865 0 0.960861 0.1330724 -0.9902152 0.05675147 0.9843444 0 0.1800391 0.1389433 -0.9882583 -0.05283757 0.9804305 0 -0.1937378 0.6360078 0 0.7710372 0.111546 0.9686888 0.2191781 0.2093934 0 0.9784736 0.8727984 0 -0.4892368 0.02152642 0.9960861 0.07632094 0.06457926 0.9960861 -0.04696673 0.6340509 0 -0.7729941 0.1624266 0 0.9863014 0.04500978 0.9980431 -0.06066536 0.4031311 0 -0.9158513 0.02935421 0.9980431 -0.05675147 0.1369863 0 -0.9902152 0.01369863 1 0.037182 0.01174168 1 -0.03913894 -0.001956947 0 -1 0.009784736 1 0.03522505 0.001956947 0 1 0.007827789 1 -0.0332681 -0.02152642 0.9980431 0.04305284 -0.5440313 0 0.8395303 0.003913894 1 -0.037182 -0.08414873 0 -0.9960861 -0.009784736 1 0.02739726 -0.5048923 0 0.8630137 -0.009784736 1 0.037182 -0.3776908 0 0.925636 0.001956947 1 -0.04109589 -0.1448141 0 -0.9902152 -0.007827789 1 0.04305284 -0.2778865 0 0.960861 -0.001956947 0.9980431 -0.04696673 -0.1937378 0 -0.9804305 -0.1330724 0.9902152 0.05675147 -0.9843444 0 0.1800391 -0.1389433 0.9882583 -0.05283757 -0.9804305 0 -0.1937378 0.111546 -0.9686888 0.2191781 0.6360078 0 0.7710372 0.2093934 0 0.9784736 0.8727984 0 -0.4892368 0.02152642 -0.9960861 0.07632094 0.06457926 -0.9960861 -0.04696673 0.6340509 0 -0.7729941 0.1624266 0 0.9863014 0.04500978 -0.9980431 -0.06066536 0.4031311 0 -0.9158513 0.02935421 -0.9980431 -0.05675147 0.1369863 0 -0.9902152 0.01369863 -1 0.037182 0.01174168 -1 -0.03913894 -0.001956947 0 -1 0.009784736 -1 0.03522505 0.001956947 0 1 0.007827789 -1 -0.0332681 -0.02152642 -0.9980431 0.04305284 -0.5440313 0 0.8395303 0.003913894 -1 -0.037182 -0.009784736 -1 0.02739726 -0.5048923 0 0.8630137 -0.08414873 0 -0.9960861 -0.009784736 -1 0.037182 -0.3776908 0 0.925636 0.001956947 -1 -0.04109589 -0.1448141 0 -0.9902152 -0.007827789 -1 0.04305284 -0.2778865 0 0.960861 -0.001956947 -0.9980431 -0.04696673 -0.1937378 0 -0.9804305 -0.1330724 -0.9902152 0.05675147 -0.9843444 0 0.1800391 -0.1389433 -0.9882583 -0.05283757 -0.9804305 0 -0.1937378 -0.04500978 -0.9980431 0.03522505 -0.05675147 0.9980431 0.04109589 -0.03131115 -0.9980431 0.05870841 0.01956947 -0.9980431 0.04696673 -0.01761252 -0.9980431 -0.05870841 0.01761252 -0.9960861 0.09589041 -0.02544031 0.9980431 -0.05088063 -0.2504892 -0.9530333 -0.1643836 -0.3111546 -0.2152642 -0.925636 -0.009784736 -1 0.03522505 -0.01761252 -0.9980431 -0.05870841 0.01956947 -0.9980431 0.04696673 -0.01761252 -0.9980431 0.04696673 -0.5812133 -0.07240704 -0.8101761 -0.8336595 0.01174168 -0.553816 -0.9784736 -0.02544031 -0.2074364 0.03913894 -0.9980431 0.04892368 0.01761252 -0.9960861 0.09589041 0.037182 -0.9960861 -0.0704501 0.8297456 -0.55773 0.001956947 0.9902152 0.1389433 -0.04109589 0.02544031 1 0.03131115 0.03913894 -0.9980431 0.04892368 0.03522505 -0.9980431 0.0332681 -0.02739726 0.9980431 0.06066536 0.005870841 -1 0.0332681 -0.02739726 0.9980431 0.06066536 -0.04500978 -0.9980431 0.03522505 0.02152642 -0.9980431 -0.05870841 0.02152642 -0.9960861 -0.07827789 0.02152642 -0.9980431 -0.05870841 0.03522505 -0.9980431 0.0332681 0.8062623 0.4344423 -0.4011742 0.3131115 -0.2113503 -0.925636 0.01761252 -0.9980431 0.04696673 0.5812133 -0.07240704 -0.8101761 0.8336595 0.01174168 -0.553816 0.9784736 -0.02544031 -0.2074364 -0.03131115 -0.9980431 0.05870841 -0.05675147 0.9980431 0.04109589 -0.8180039 0.5733855 -0.001956947 -0.04500978 -0.9980431 0.03522505 0.02544031 0.9980431 0.04500978 -0.04500978 -0.9980431 0.03522505 -0.02739726 0.9980431 0.06066536 0.02348337 0.9980431 -0.04696673 0.02152642 -0.9980431 -0.05870841 0.02152642 -0.9960861 -0.07827789 0.8062623 0.4344423 -0.4011742 -0.05088063 0.9960861 -0.06457926 -0.8180039 0.5733855 -0.001956947 -0.9863014 -0.1585127 -0.03522505 0.02152642 -0.9960861 -0.07827789 -0.02739726 0.9980431 0.06066536 -0.005870841 1 0.037182 0.8062623 0.4344423 -0.4011742 0.03522505 -0.9980431 0.0332681 0.3131115 -0.2113503 -0.925636 0.02152642 1 0.037182 0.01761252 -0.9980431 0.04696673 0.9784736 -0.02544031 -0.2074364 0.5812133 -0.07240704 -0.8101761 0.8336595 0.01174168 -0.553816 0.9784736 -0.02544031 -0.2074364 -0.9373777 0.01174168 -0.3483366 -0.5381604 0.5812133 -0.6105675 0 0.9334638 -0.3581213 0 0.7475538 -0.6634051 0 0.9334638 -0.3581213 -0.4481409 0.7827789 -0.4305284 0 0.8806262 -0.4735812 0.02348337 0.8356164 -0.5479452 -0.6555773 0.6379648 -0.4031311 -0.7436399 0.5244619 -0.4148728 -0.8688846 0.003913894 -0.4931507 -0.9373777 0.01174168 -0.3483366 -0.8317025 0.5381604 -0.1350294 -0.9569471 0.2876712 -0.05479452 -0.9138943 0.1545988 -0.3737769 -0.9921722 0.1291585 0 -0.8434442 -0.4324853 -0.3209393 -0.9510763 0.07827789 0.297456 -0.9784736 0.0665362 0.1956947 -0.4481409 -0.8043053 -0.3874756 -0.9373777 0.01174168 -0.3483366 0 -0.9921722 -0.1232877 0 -0.9921722 -0.1232877 0 -0.9667319 -0.2563601 -0.4050881 -0.8825831 -0.2387476 0 -0.9980431 -0.05088063 -0.4109589 -0.9099804 -0.04305284 -0.8786693 -0.4735812 -0.04305284 -0.4207436 -0.8727984 0.2446184 0 -0.9765166 0.2152642 -0.8630137 -0.407045 0.2994129 -0.4422701 -0.7592955 0.4774951 0 -0.8864971 0.4618395 -0.776908 -0.2152642 0.592955 -0.4383562 -0.3835616 0.8121331 0 -0.4403131 0.8982387 0 -0.2015656 0.9784736 -0.5088063 -0.183953 0.8414873 -0.7984344 0.02739726 0.6007828 -0.8590998 -0.1037182 0.5009785 -0.04500978 -0.9980431 0.03522505 -0.03131115 -0.9980431 0.05870841 0.02152642 -0.9960861 -0.07827789 -0.01174168 -0.9980431 -0.05283757 -0.8180039 0.5733855 -0.001956947 -0.9863014 -0.1585127 -0.03522505 -0.05088063 0.9960861 -0.06457926 0.02152642 -0.9960861 -0.07827789 0.01369863 -0.9726027 0.2328767 -0.8786693 -0.1154599 0.4657534 -0.01956947 -0.9158513 0.3992172 -0.037182 0.07632094 0.9960861 -0.7005871 0.518591 0.4892368 0 0.8454012 0.5342466 0.704501 0.516634 0.4872798 0 0.8454012 0.5342466 0.8864971 -0.09393346 0.4520548 0.01369863 -0.9726027 0.2328767 -0.01956947 -0.9158513 0.3992172 0.02348337 0.8356164 -0.5479452 -0.6555773 0.6379648 -0.4031311 -0.0704501 0.5068493 -0.8590998 -0.5812133 0.4618395 -0.6692759 -0.9569471 0.2876712 -0.05479452 -0.01369863 0.7455969 -0.667319 -0.0704501 0.5068493 -0.8590998 -0.8962818 0.3307241 -0.297456 -0.4285714 0.8551859 -0.2915851 0.001956947 0.9530333 -0.3052838 -0.9863014 0.09784736 0.1291585 -0.9784736 0.0665362 0.1956947 -0.8062623 0.5792564 0.1213307 -0.4755382 0.8630137 0.1663405 0 0.9980431 0.05283757 0 0.9158513 0.4011742 -0.8590998 -0.1037182 0.5009785 -0.9784736 0.0665362 0.1956947 -0.5088063 -0.183953 0.8414873 -0.6966732 -0.2524462 0.6712329 0.003913894 -0.4559687 0.890411 -0.8590998 -0.1037182 0.5009785 -0.7964775 0.4422701 0.4109589 -0.7925636 0.09197652 0.6027398 -0.4637965 -0.1428571 0.8747554 0.003913894 -0.4559687 0.890411 -0.4403131 0.2700587 0.8551859 -0.481409 0.6536204 0.5831702 0 0.4559687 0.890411 0 0.4559687 0.890411 0 0.6908023 0.7240704 0.4892368 0.6516634 0.5792564 0.4461839 0.2681018 0.853229 0.4892368 0.8571429 0.1643836 0 0.9980431 0.05283757 0.001956947 0.9530333 -0.3052838 0.7886497 0.109589 0.6066536 0.4559687 -0.1409002 0.8786693 0.444227 0.8551859 -0.2681018 -0.01369863 0.7455969 -0.667319 0.816047 0.5655577 0.1174168 0.8062623 0.4305284 0.407045 0.5264188 0.5322896 -0.6634051 -0.0704501 0.5068493 -0.8590998 0.9021527 0.3228963 -0.2857143 0.9882583 0.1017613 0.1135029 0.02348337 0.8356164 -0.5479452 -0.0704501 0.5068493 -0.8590998 0.6497065 0.6183953 -0.4422701 0.9589041 0.2759295 -0.06262231 0.9784736 0.0704501 0.1917808 0.8688846 -0.1135029 0.483366 0.7945206 0.01956947 0.6086106 0.5205479 -0.1761252 0.8356164 0.6868885 -0.2837573 0.6692759 0.5205479 -0.1761252 0.8356164 0.003913894 -0.4559687 0.890411 0 -0.2015656 0.9784736 -0.5088063 -0.183953 0.8414873 0.592955 0.01956947 -0.8062623 0.9373777 0.01174168 -0.3483366 0 -0.9921722 -0.1232877 -0.9373777 0.01174168 -0.3483366 -0.592955 0.01956947 -0.8062623 0.9373777 0.01174168 -0.3483366 0 0.9334638 -0.3581213 -0.9373777 0.01174168 -0.3483366 0 0.003913894 -1 0 -0.9921722 -0.1232877 0.8297456 -0.55773 0.001956947 0.9902152 0.1389433 -0.04109589 0.01565558 0.9980431 -0.05088063 0.02544031 1 0.03131115 0.9902152 0.1389433 -0.04109589 0.037182 -0.9960861 -0.0704501 -0.01761252 -0.9980431 -0.05870841 -0.02544031 0.9980431 -0.05088063 0.03913894 -0.9980431 0.04892368 0.01761252 -0.9960861 0.09589041 0.001956947 1 0.02152642 0.01956947 -0.9980431 0.04696673 -0.009784736 -1 0.03522505 -0.01565558 1 0.02544031 -0.2504892 -0.9530333 -0.1643836 -0.3111546 -0.2152642 -0.925636 -0.02152642 1 0.037182 -0.01761252 -0.9980431 0.04696673 -0.9784736 -0.02544031 -0.2074364 -0.5812133 -0.07240704 -0.8101761 -0.8336595 0.01174168 -0.553816 -0.9784736 -0.02544031 -0.2074364 0.9373777 0.01174168 -0.3483366 0 0.9334638 -0.3581213 0.5381604 0.5812133 -0.6105675 0.8688846 0.003913894 -0.4931507 0 0.7475538 -0.6634051 0 0.9334638 -0.3581213 0.4481409 0.7827789 -0.4305284 0 0.8806262 -0.4735812 0.02348337 0.8356164 -0.5479452 0.6497065 0.6183953 -0.4422701 0.7436399 0.5244619 -0.4148728 0.8317025 0.5401174 -0.1272016 0.9589041 0.2759295 -0.06262231 0.9138943 0.1545988 -0.3737769 0.9921722 0.1311155 -0.001956947 0.8434442 -0.4324853 -0.3209393 0.9530333 0.07827789 0.295499 0.9784736 0.0704501 0.1917808 0.7945206 0.01956947 0.6086106 0.778865 -0.2093934 0.592955 0.5205479 -0.1761252 0.8356164 0.8630137 -0.407045 0.2994129 0.8786693 -0.4735812 -0.04305284 0.4383562 -0.3835616 0.8121331 0 -0.2015656 0.9784736 0 -0.4403131 0.8982387 0 -0.8864971 0.4618395 0.4422701 -0.7592955 0.4774951 0 -0.9765166 0.2152642 0.4207436 -0.8727984 0.2446184 0 -0.9980431 -0.05088063 0.4109589 -0.9099804 -0.04305284 0.4050881 -0.8825831 -0.2387476 0 -0.9667319 -0.2563601 0.4481409 -0.8043053 -0.3874756 0 -0.9921722 -0.1232877 0.9373777 0.01174168 -0.3483366</float_array>
          <technique_common>
            <accessor source="#BodyCM__SmallBirdsC-normal-array" count="614" stride="3">
              <param name="X" type="float" />
              <param name="Y" type="float" />
              <param name="Z" type="float" />
            </accessor>
          </technique_common>
        </source>
        <source id="BodyCM__SmallBirdsC-texcoord">
          <float_array id="BodyCM__SmallBirdsC-texcoord-array" count="1228">0.02532998 0.96318 0.01055924 0.9613336 0.02214084 0.8944533 0.03936828 0.8992294 0.06076143 0.8328527 0.05622949 0.9735256 0.07429618 0.8477607 0.06872664 0.9130236 0.09736782 0.9283742 0.09851225 0.9794766 0.1132525 0.9015793 0.1302968 0.9292439 0.1491112 0.973373 0.09507897 0.874754 0.1503319 0.8764935 0.1742885 0.909987 0.2037537 0.946746 0.2509041 0.9047074 0.2031891 0.8778668 0.1306783 0.8433967 0.1772946 0.8512551 0.1176928 0.8170291 0.2210727 0.8492867 0.1622339 0.8228123 0.2052949 0.8305638 0.1092699 0.7962158 0.103975 0.7856413 0.1982147 0.8077211 0.2346685 0.8153201 0.2225986 0.8007935 0.2506142 0.8218509 0.1990997 0.7867705 0.2325628 0.7857633 0.2507515 0.8602579 0.280354 0.8491493 0.2665293 0.8154727 0.2169985 0.7662013 0.2504311 0.7771878 0.1560693 0.7902342 0.2018769 0.7490959 0.1511864 0.7703059 0.1432975 0.7546349 0.1939727 0.7321584 0.2501259 0.7260853 0.250309 0.7584039 0.2502022 0.7400473 0.2986038 0.7486687 0.3063401 0.7316854 0.283711 0.7658656 0.2683757 0.7853666 0.3018998 0.7854887 0.2784466 0.8005951 0.3497368 0.7685207 0.3574884 0.7534905 0.3971618 0.7834134 0.3451743 0.7874876 0.3921111 0.7936675 0.4405432 0.8306249 0.3397421 0.8195163 0.3840391 0.8142519 0.4273747 0.8455176 0.3029984 0.8065919 0.371664 0.8403296 0.2961929 0.8293583 0.3245441 0.8496071 0.2985123 0.8775006 0.3517967 0.8747692 0.3275807 0.9093004 0.2982223 0.9462119 0.3529107 0.9723812 0.3717403 0.9281148 0.403357 0.9780728 0.4071412 0.8726482 0.388983 0.8999923 0.4047303 0.9269856 0.4453346 0.9717708 0.433753 0.912932 0.4770733 0.9616388 0.4619669 0.8973221 0.4790722 0.8923934 0.4918135 0.9595636 0.1387655 0.4148928 0.1187762 0.5117418 0.07866026 0.5155413 0.03852903 0.5119402 0.01808194 0.415198 0.07841612 0.4146944 0.1142748 0.3175402 0.1190204 0.3181506 0.07841612 0.4124209 0.13579 0.4099031 0.1328298 0.4048982 0.1071641 0.3166094 0.07817197 0.3128405 0.07841612 0.4101625 0.02397192 0.4051576 0.04921035 0.3167468 0.04208438 0.3177081 0.03735409 0.3183489 0.02102693 0.4101778 0.0577554 0.6521706 0.06272984 0.6603799 0.030869 0.6604715 0.03801022 0.6812543 0.08813611 0.6377661 0.06979477 0.6684367 0.04588388 0.6991989 0.06701762 0.7035172 0.07899596 0.6714122 0.08813611 0.702739 0.08813611 0.6726787 0.09727626 0.6714122 0.1092546 0.7035172 0.1064775 0.6684367 0.1303883 0.6991989 0.138262 0.6812543 0.1135271 0.6603799 0.1185016 0.6521706 0.1454032 0.6604868 0.5634394 0.8699626 0.5280079 0.8473487 0.5441062 0.8225986 0.4911421 0.809781 0.5912108 0.8446784 0.5008316 0.7968566 0.4577096 0.7718929 0.4639353 0.7630579 0.5537041 0.7951324 0.5088731 0.7793241 0.5124895 0.761059 0.4654612 0.7608911 0.4664683 0.7594568 0.5587701 0.7672694 0.6007324 0.8054932 0.632578 0.8250095 0.5592126 0.7393607 0.6384985 0.80177 0.6681773 0.812253 0.6027924 0.7714657 0.6680552 0.7924773 0.6929885 0.8001984 0.6367437 0.7709163 0.6891432 0.7823148 0.7177234 0.7893034 0.6640879 0.7680018 0.7126878 0.773312 0.7421378 0.7786373 0.7378958 0.7631342 0.6877851 0.7629053 0.7081864 0.7558557 0.7327993 0.7464256 0.7186389 0.7180133 0.698024 0.733135 0.6824293 0.6890364 0.6848249 0.7456779 0.6719463 0.7157397 0.6442054 0.6750591 0.663035 0.7406119 0.6385443 0.7064622 0.6021363 0.6677806 0.636408 0.7378958 0.6025482 0.7364614 0.6023651 0.7038529 0.5553979 0.7093767 0.5470665 0.6772717 0.5131761 0.7423819 0.5098955 0.7239186 0.5020066 0.7074998 0.4603647 0.7444266 0.9016098 0.9666285 0.8661784 0.9892424 0.8855116 0.9418936 0.9384756 0.9290608 0.8384222 0.9639735 0.9287862 0.9161516 0.9719082 0.8911726 0.9656824 0.8823529 0.8759136 0.9144274 0.9207447 0.8986191 0.9171435 0.880354 0.9641566 0.8801861 0.9631495 0.8787366 0.8708476 0.8865644 0.8288853 0.924773 0.7970397 0.9443046 0.8704051 0.8586404 0.7911193 0.9210498 0.7614405 0.9315327 0.8268254 0.8907454 0.7615778 0.9117723 0.7366293 0.9194934 0.792874 0.8902113 0.7404746 0.9015946 0.7118944 0.9085985 0.7655299 0.8872816 0.7169299 0.892607 0.68748 0.8979172 0.691722 0.8824292 0.7418326 0.8822004 0.7214313 0.8751507 0.6968185 0.8657054 0.7109789 0.8373083 0.7315938 0.85243 0.7471885 0.8083314 0.7447929 0.8649729 0.7576715 0.8350195 0.7854124 0.7943541 0.7665827 0.8599069 0.7910735 0.8257573 0.8274815 0.7870604 0.7932097 0.8571908 0.8270695 0.8557565 0.8272526 0.823148 0.8742199 0.8286564 0.8825513 0.7965667 0.9164416 0.8616769 0.9197223 0.8432136 0.9276112 0.8267949 0.9692531 0.8637217 0.9787137 0.6118562 0.9858854 0.6145877 0.866331 0.6448768 0.973785 0.5757687 0.863447 0.6405737 0.9668269 0.576257 0.9291676 0.5305409 0.7933776 0.6614329 0.9238728 0.5333028 0.857847 0.4933547 0.8550393 0.4978561 0.802533 0.4792554 0.7930571 0.6561227 0.8019074 0.4845655 0.7414664 0.4776226 0.7446403 0.6616923 0.7428244 0.6674296 0.7415122 0.4833906 0.7322957 0.6583657 0.7293813 0.6635538 0.7058519 0.4859846 0.7026169 0.4802014 0.7081559 0.6406348 0.7039902 0.645304 0.6720684 0.4899977 0.6738384 0.6247959 0.6685435 0.6293278 0.6674144 0.4843061 0.6453651 0.614313 0.6388495 0.6188143 0.6423438 0.4956283 0.6360723 0.4902724 0.6112916 0.6033264 0.6028992 0.6059052 0.6092317 0.5046464 0.6009003 0.5014877 0.7086747 0.4272373 0.589868 0.3941253 0.5971008 0.3915617 0.6028839 0.3556115 0.7116655 0.4229953 0.6098421 0.3562524 0.6485542 0.3114519 0.7812314 0.4454871 0.653788 0.3143358 0.7207447 0.2759442 0.7234302 0.2805219 0.7763638 0.2631571 0.7816739 0.4401923 0.7768673 0.2684825 0.8374456 0.2629587 0.8299382 0.4469062 0.8316167 0.4526894 0.8372778 0.2687266 0.8423591 0.4438697 0.8451514 0.4491341 0.8728465 0.2721599 0.8762341 0.266453 0.8669108 0.4267185 0.8709697 0.4314793 0.9065385 0.2769665 0.9113298 0.2713817 0.9015946 0.4116731 0.9067826 0.4163424 0.9361105 0.2832838 0.9425192 0.2780957 0.9302968 0.4018769 0.9367056 0.4065309 0.9646296 0.3916991 0.972961 0.394461 0.9690089 0.2930953 0.9774166 0.290135 0.1665522 0.6145877 0.173724 0.6118562 0.2861066 0.6448768 0.1786526 0.5757687 0.2889906 0.6405737 0.185626 0.576257 0.22327 0.5305409 0.35906 0.6614329 0.2285649 0.5333028 0.2946059 0.4933547 0.2973983 0.4978561 0.3499046 0.4792554 0.3593805 0.6561227 0.3505302 0.4845655 0.4109712 0.4776226 0.4077974 0.6616923 0.4096132 0.6674296 0.4109407 0.4833906 0.4201419 0.6583657 0.4230564 0.6635538 0.4465858 0.4859846 0.4498207 0.4802014 0.4442817 0.6406348 0.4484474 0.645304 0.4785992 0.6247959 0.4838941 0.6293278 0.4803693 0.4899977 0.4850385 0.4843061 0.5070726 0.614313 0.5135881 0.6188143 0.5100939 0.4956283 0.5163805 0.4902724 0.541146 0.6033264 0.5495384 0.6059052 0.5432059 0.5046464 0.5515373 0.5014877 0.5553368 0.3915617 0.5625696 0.3941253 0.4437629 0.4272373 0.5495537 0.3556115 0.4407721 0.4229953 0.5426108 0.3562524 0.5038834 0.3114519 0.3712215 0.4454871 0.4986496 0.3143358 0.4317082 0.2759442 0.4290074 0.2805219 0.3760739 0.2631571 0.3707637 0.4401923 0.3755856 0.2684825 0.314992 0.2629587 0.3224994 0.4469062 0.3208209 0.4526894 0.3151751 0.2687266 0.3100786 0.4438697 0.3072862 0.4491341 0.2795911 0.2721599 0.2855268 0.4267185 0.2814832 0.4314793 0.2762035 0.266453 0.250843 0.4116731 0.245655 0.4163424 0.2458991 0.2769665 0.2411078 0.2713817 0.2221408 0.4018769 0.2157321 0.4065309 0.2163272 0.2832838 0.2099184 0.2780957 0.1878233 0.3916991 0.1794766 0.394461 0.1834287 0.2930953 0.175021 0.290135 0.2832532 0.4293889 0.245655 0.4163424 0.235523 0.407721 0.8378729 0.4495003 0.8628977 0.2691234 0.8691844 0.4293889 0.8374456 0.2630045 0.7764553 0.264149 0.7212482 0.2767987 0.781445 0.4428473 0.8628977 0.2691234 0.8378729 0.4495003 0.7101701 0.4251164 0.6492103 0.3118029 0.6033112 0.355642 0.591226 0.393637 0.9106126 0.410605 0.8691844 0.4293889 0.9146258 0.2753949 0.9719082 0.39411 0.9753109 0.2908674 0.9367056 0.4065309 0.9106126 0.410605 0.3709926 0.4428473 0.3132067 0.4506904 0.3186236 0.4459602 0.3132067 0.4506904 0.2832532 0.4293889 0.3150835 0.2662089 0.2778973 0.2693065 0.3150835 0.2662089 0.3709926 0.4428473 0.3758907 0.2651408 0.4312047 0.2767987 0.4422675 0.4251164 0.5032273 0.3118029 0.5491264 0.355642 0.5612116 0.393637 0.5135881 0.6188143 0.4876021 0.6235142 0.5469139 0.6050965 0.4484474 0.645304 0.4442817 0.6406348 0.4484474 0.645304 0.4157931 0.6641032 0.4176242 0.4838789 0.4109712 0.4776226 0.4498207 0.4802014 0.3500267 0.4802472 0.488426 0.4882429 0.5469139 0.6050965 0.5510185 0.5016861 0.4498207 0.4802014 0.4157931 0.6641032 0.3593805 0.6561227 0.3500267 0.4802472 0.35906 0.6614329 0.2956435 0.4950485 0.2889906 0.6405737 0.2861066 0.6448768 0.1669947 0.6144198 0.2245975 0.5312428 0.1799649 0.5758603 0.1669947 0.6144198 0.4654765 0.7608606 0.5008316 0.7968566 0.4577096 0.7718929 0.4911421 0.809781 0.4577096 0.7718929 0.5441062 0.8225986 0.5280079 0.8473487 0.5634394 0.8699626 0.5912108 0.8446784 0.5537041 0.7951324 0.5122606 0.7622034 0.4654765 0.7608606 0.6007324 0.8054932 0.6333257 0.8221103 0.5587701 0.7672694 0.6027924 0.7714657 0.5592126 0.7393607 0.6504158 0.7694514 0.668162 0.809781 0.5101091 0.7250782 0.4654765 0.7608606 0.4603647 0.7444266 0.4603647 0.7444266 0.5217212 0.6942855 0.5553979 0.7093767 0.6021363 0.6677806 0.6023651 0.7038529 0.6025482 0.7364614 0.6385443 0.7064622 0.6442054 0.6750591 0.6397345 0.7382467 0.6719463 0.7157397 0.6824293 0.6890364 0.6855574 0.7499809 0.6993057 0.7359731 0.721294 0.7233387 0.7418784 0.7776608 0.7174182 0.7883116 0.6891432 0.7823148 0.6929885 0.8001984 0.2832532 0.4293889 0.235523 0.407721 0.2778973 0.2693065 0.2403601 0.2781414 0.1805295 0.39411 0.1771267 0.2908674 0.2352636 0.272633 0.2778973 0.2693065 0.05807584 0.6526741 0.04391547 0.6947128 0.030869 0.6604715 0.08830396 0.6415198 0.06701762 0.7035172 0.08831922 0.7008317 0.1092546 0.7035172 0.08831922 0.7008317 0.1323568 0.6947128 0.1172656 0.6542306 0.1454032 0.6604868 0.01794461 0.9622644 0.02751202 0.8959487 0.05622949 0.9735256 0.08842603 0.9235828 0.06245518 0.8347143 0.09851225 0.9794766 0.05622949 0.9735256 0.1087205 0.8948806 0.1302968 0.9292439 0.1491112 0.973373 0.1385672 0.8382391 0.1056229 0.7889372 0.1503319 0.8764935 0.1742885 0.909987 0.2037537 0.946746 0.2509041 0.9047074 0.1489891 0.7691157 0.1056229 0.7889372 0.1954528 0.7353323 0.2024567 0.7829099 0.2504158 0.7760128 0.1489891 0.7691157 0.1772946 0.8512551 0.2021973 0.8205692 0.2251011 0.7970397 0.2504158 0.7760128 0.2346685 0.8153201 0.2188296 0.8528572 0.2506142 0.8218509 0.2506142 0.8218509 0.2507515 0.8602579 0.2826276 0.8526894 0.2665293 0.8154727 0.3275807 0.9093004 0.2982223 0.9462119 0.3529107 0.9723812 0.2991684 0.8193942 0.2759289 0.7967803 0.3717403 0.9281148 0.403357 0.9780728 0.3517967 0.8747692 0.3245441 0.8496071 0.4083619 0.9252308 0.4453346 0.9717708 0.3946593 0.8914473 0.3636835 0.8351263 0.4844434 0.9606012 0.4453346 0.9717708 0.4737316 0.8939345 0.4397192 0.8315557 0.3958953 0.7859769 0.3471733 0.7791867 0.3574884 0.7534905 0.3048905 0.7348745 0.2996261 0.7830319 0.3048905 0.7348745 0.2504158 0.7760128 0.2501717 0.7330739 0.1954528 0.7353323 0.1358358 0.4099794 0.1187762 0.5117418 0.07866026 0.5155413 0.03852903 0.5119402 0.02098116 0.4102541 0.1143969 0.3175555 0.07817197 0.3128405 0.04197757 0.3177233 0.07841612 0.4122835 0.07866026 0.5155413 0.6055238 0.6050965 0.6014191 0.5016861 0.6664988 0.4910506 0.6586099 0.6204776 0.6014191 0.5016861 0.6615244 0.48542 0.7026169 0.4802014 0.7414969 0.4808728 0.6685435 0.6293278 0.7039902 0.645304 0.7407798 0.6606546 0.7352712 0.6652628 0.7933776 0.6614329 0.7930571 0.6561227 0.8023041 0.481239 0.8567941 0.4950485 0.863447 0.6405737 0.866331 0.6448768 0.9854429 0.6144198 0.9278401 0.5312428 0.972488 0.5758603 0.9854429 0.6144198 0.9641413 0.8801556 0.9719082 0.8911726 0.9287862 0.9161516 0.9173571 0.8814985 0.9384756 0.9290608 0.9719082 0.8911726 0.8855116 0.9418936 0.9016098 0.9666285 0.8661784 0.9889982 0.8384222 0.9639735 0.8759136 0.9144274 0.8288853 0.924773 0.7962921 0.9413901 0.8708476 0.8865644 0.8268254 0.8907454 0.8704051 0.8586404 0.7792019 0.8887465 0.7614557 0.9290761 0.7395132 0.9060655 0.7440604 0.8692759 0.7122148 0.9075913 0.7898833 0.8575265 0.8270695 0.8557565 0.7303273 0.8552682 0.6877394 0.8969558 0.7083238 0.8426337 0.7471885 0.8083314 0.7576715 0.8350195 0.7854124 0.7943541 0.7910735 0.8257573 0.8274815 0.7870604 0.8272526 0.823148 0.8742199 0.8286564 0.9078965 0.8135653 0.9195239 0.8443732 0.9692531 0.8637217 0.9641413 0.8801556</float_array>
          <technique_common>
            <accessor source="#BodyCM__SmallBirdsC-texcoord-array" count="614" stride="2">
              <param name="S" type="float" />
              <param name="T" type="float" />
            </accessor>
          </technique_common>
        </source>
        <vertices id="BodyCM__SmallBirdsC-vertex">
          <input semantic="POSITION" source="#BodyCM__SmallBirdsC-position" />
        </vertices>
        <triangles material="SmallBirdsC" count="538">
          <input semantic="VERTEX" source="#BodyCM__SmallBirdsC-vertex" offset="0" />
          <input semantic="NORMAL" source="#BodyCM__SmallBirdsC-normal" offset="1" />
          <input semantic="TEXCOORD" source="#BodyCM__SmallBirdsC-texcoord" offset="2" set="0" />
          <p>0 0 0 1 1 1 2 2 2 3 3 3 0 0 0 2 2 2 2 2 2 4 4 4 3 3 3 0 0 0 3 3 3 5 5 5 4 4 4 6 6 6 3 3 3 3 3 3 7 7 7 5 5 5 3 3 3 6 6 6 7 7 7 5 5 5 7 7 7 8 8 8 9 9 9 5 5 5 8 8 8 10 10 10 8 8 8 7 7 7 8 8 8 11 11 11 9 9 9 8 8 8 10 10 10 11 11 11 11 11 11 12 12 12 9 9 9 13 13 13 10 10 10 7 7 7 6 6 6 13 13 13 7 7 7 10 10 10 14 14 14 11 11 11 14 14 14 10 10 10 13 13 13 11 11 11 15 15 15 12 12 12 14 14 14 15 15 15 11 11 11 15 15 15 16 16 16 12 12 12 17 17 17 16 16 16 15 15 15 18 18 18 15 15 15 14 14 14 18 18 18 17 17 17 15 15 15 19 19 19 14 14 14 13 13 13 19 19 19 13 13 13 6 6 6 20 20 20 18 18 18 14 14 14 20 20 20 14 14 14 19 19 19 21 21 21 19 19 19 6 6 6 20 20 20 22 22 22 18 18 18 18 18 18 22 22 22 17 17 17 23 23 23 20 20 20 19 19 19 23 23 23 19 19 19 21 21 21 20 20 20 24 24 24 22 22 22 25 25 25 21 21 21 6 6 6 4 4 4 25 25 25 6 6 6 4 4 4 26 26 26 25 25 25 20 20 20 27 27 27 24 24 24 23 23 23 27 27 27 20 20 20 27 27 27 28 28 28 24 24 24 24 24 24 28 28 28 22 22 22 27 27 27 29 29 29 28 28 28 22 22 22 28 28 28 30 30 30 29 29 29 27 27 27 31 31 31 23 23 23 31 31 31 27 27 27 32 32 32 29 29 29 31 31 31 22 22 22 30 30 30 33 33 33 17 17 17 22 22 22 33 33 33 34 34 34 33 33 33 30 30 30 34 34 34 17 17 17 33 33 33 34 34 34 30 30 30 35 35 35 36 36 36 32 32 32 31 31 31 36 36 36 37 37 37 32 32 32 38 38 38 31 31 31 23 23 23 38 38 38 23 23 23 21 21 21 38 38 38 21 21 21 25 25 25 31 31 31 39 39 39 36 36 36 38 38 38 39 39 39 31 31 31 40 40 40 38 38 38 25 25 25 39 39 39 38 38 38 40 40 40 25 25 25 26 26 26 40 40 40 26 26 26 41 41 41 40 40 40 42 42 42 40 40 40 41 41 41 39 39 39 40 40 40 42 42 42 42 42 42 43 43 43 39 39 39 39 39 39 44 44 44 36 36 36 44 44 44 37 37 37 36 36 36 39 39 39 43 43 43 45 45 45 45 45 45 44 44 44 39 39 39 45 45 45 43 43 43 46 46 46 45 45 45 46 46 46 44 44 44 46 46 46 43 43 43 47 47 47 44 44 44 48 48 48 37 37 37 44 44 44 46 46 46 48 48 48 37 37 37 48 48 48 49 49 49 48 48 48 50 50 50 49 49 49 48 48 48 46 46 46 50 50 50 51 51 51 49 49 49 50 50 50 46 46 46 47 47 47 52 52 52 52 52 52 47 47 47 53 53 53 52 52 52 53 53 53 54 54 54 46 46 46 52 52 52 55 55 55 50 50 50 46 46 46 55 55 55 56 56 56 52 52 52 54 54 54 55 55 55 52 52 52 56 56 56 57 57 57 56 56 56 54 54 54 55 55 55 58 58 58 50 50 50 59 59 59 55 55 55 56 56 56 55 55 55 59 59 59 58 58 58 57 57 57 60 60 60 56 56 56 60 60 60 59 59 59 56 56 56 61 61 61 51 51 51 50 50 50 50 50 50 58 58 58 61 61 61 61 61 61 35 35 35 51 51 51 59 59 59 62 62 62 58 58 58 59 59 59 60 60 60 62 62 62 61 61 61 63 63 63 35 35 35 63 63 63 34 34 34 35 35 35 58 58 58 64 64 64 61 61 61 61 61 61 64 64 64 63 63 63 64 64 64 34 34 34 63 63 63 64 64 64 58 58 58 62 62 62 64 64 64 65 65 65 34 34 34 65 65 65 17 17 17 34 34 34 66 66 66 64 64 64 62 62 62 65 65 65 64 64 64 66 66 66 17 17 17 65 65 65 67 67 67 67 67 67 65 65 65 66 66 66 68 68 68 17 17 17 67 67 67 69 69 69 68 68 68 67 67 67 70 70 70 69 69 69 67 67 67 70 70 70 67 67 67 66 66 66 71 71 71 69 69 69 70 70 70 66 66 66 62 62 62 72 72 72 60 60 60 72 72 72 62 62 62 73 73 73 70 70 70 66 66 66 73 73 73 66 66 66 72 72 72 74 74 74 71 71 71 70 70 70 74 74 74 70 70 70 73 73 73 71 71 71 74 74 74 75 75 75 74 74 74 73 73 73 76 76 76 74 74 74 76 76 76 75 75 75 73 73 73 72 72 72 76 76 76 77 77 77 75 75 75 76 76 76 78 78 78 76 76 76 72 72 72 78 78 78 77 77 77 76 76 76 60 60 60 78 78 78 72 72 72 78 78 78 60 60 60 57 57 57 79 79 79 78 78 78 57 57 57 77 77 77 78 78 78 79 79 79 80 80 80 77 77 77 79 79 79 81 81 81 82 82 82 83 83 83 84 84 84 85 85 85 83 83 83 81 81 81 83 83 83 86 86 86 83 83 83 85 85 85 86 86 86 87 87 87 88 88 88 81 81 81 86 86 86 85 85 85 89 89 89 86 86 86 89 89 89 81 81 81 90 90 90 87 87 87 81 81 81 89 89 89 90 90 90 81 81 81 90 90 90 91 91 91 87 87 87 90 90 90 89 89 89 91 91 91 91 91 91 92 92 92 87 87 87 92 92 92 91 91 91 93 93 93 91 91 91 94 94 94 93 93 93 89 89 89 94 94 94 91 91 91 94 94 94 95 95 95 93 93 93 95 95 95 94 94 94 89 89 89 93 93 93 95 95 95 96 96 96 96 96 96 95 95 95 97 97 97 85 85 85 98 98 98 97 97 97 99 99 99 95 95 95 89 89 89 85 85 85 99 99 99 89 89 89 95 95 95 99 99 99 97 97 97 99 99 99 85 85 85 97 97 97 100 100 100 101 101 101 102 102 102 101 101 101 103 103 103 102 102 102 100 100 100 104 104 104 101 101 101 101 101 101 105 105 105 103 103 103 101 101 101 104 104 104 105 105 105 105 105 105 106 106 106 103 103 103 106 106 106 105 105 105 107 107 107 105 105 105 108 108 108 107 107 107 105 105 105 104 104 104 108 108 108 107 107 107 108 108 108 109 109 109 108 108 108 110 110 110 109 109 109 108 108 108 104 104 104 110 110 110 109 109 109 110 110 110 111 111 111 111 111 111 110 110 110 104 104 104 112 112 112 109 109 109 111 111 111 112 112 112 111 111 111 113 113 113 113 113 113 111 111 111 104 104 104 114 114 114 112 112 112 113 113 113 114 114 114 113 113 113 115 115 115 116 116 116 113 113 113 104 104 104 113 113 113 116 116 116 115 115 115 117 117 117 116 116 116 104 104 104 115 115 115 116 116 116 118 118 118 116 116 116 117 117 117 118 118 118 119 119 119 120 120 120 121 121 121 121 121 121 120 120 120 122 122 122 123 123 123 119 119 119 121 121 121 124 124 124 121 121 121 122 122 122 122 122 122 125 125 125 124 124 124 126 126 126 124 124 124 125 125 125 123 123 123 121 121 121 127 127 127 127 127 127 121 121 121 124 124 124 128 128 128 124 124 124 126 126 126 128 128 128 127 127 127 124 124 124 126 126 126 129 129 129 128 128 128 129 129 129 126 126 126 130 130 130 129 129 129 130 130 130 131 131 131 132 132 132 127 127 127 128 128 128 129 129 129 132 132 132 128 128 128 133 133 133 123 123 123 127 127 127 133 133 133 127 127 127 132 132 132 133 133 133 134 134 134 123 123 123 135 135 135 132 132 132 129 129 129 133 133 133 136 136 136 134 134 134 137 137 137 134 134 134 136 136 136 138 138 138 133 133 133 132 132 132 136 136 136 133 133 133 138 138 138 138 138 138 132 132 132 135 135 135 139 139 139 137 137 137 136 136 136 140 140 140 137 137 137 139 139 139 141 141 141 136 136 136 138 138 138 139 139 139 136 136 136 141 141 141 142 142 142 140 140 140 139 139 139 143 143 143 140 140 140 142 142 142 144 144 144 139 139 139 141 141 141 142 142 142 139 139 139 144 144 144 145 145 145 143 143 143 142 142 142 146 146 146 143 143 143 145 145 145 147 147 147 146 146 146 145 145 145 142 142 142 148 148 148 145 145 145 148 148 148 142 142 142 144 144 144 147 147 147 145 145 145 149 149 149 148 148 148 149 149 149 145 145 145 150 150 150 147 147 147 149 149 149 150 150 150 149 149 149 151 151 151 149 149 149 152 152 152 151 151 151 149 149 149 148 148 148 152 152 152 151 151 151 152 152 152 153 153 153 148 148 148 154 154 154 152 152 152 154 154 154 148 148 148 144 144 144 152 152 152 155 155 155 153 153 153 152 152 152 154 154 154 155 155 155 153 153 153 155 155 155 156 156 156 157 157 157 154 154 154 144 144 144 154 154 154 157 157 157 155 155 155 157 157 157 144 144 144 141 141 141 155 155 155 158 158 158 156 156 156 155 155 155 157 157 157 158 158 158 156 156 156 158 158 158 159 159 159 160 160 160 157 157 157 141 141 141 157 157 157 160 160 160 158 158 158 160 160 160 141 141 141 138 138 138 161 161 161 160 160 160 138 138 138 158 158 158 160 160 160 161 161 161 161 161 161 138 138 138 135 135 135 162 162 162 158 158 158 161 161 161 162 162 162 161 161 161 135 135 135 158 158 158 162 162 162 159 159 159 159 159 159 162 162 162 163 163 163 163 163 163 162 162 162 135 135 135 164 164 164 159 159 159 163 163 163 163 163 163 135 135 135 165 165 165 165 165 165 135 135 135 129 129 129 129 129 129 131 131 131 165 165 165 164 164 164 163 163 163 166 166 166 166 166 166 163 163 163 165 165 165 165 165 165 131 131 131 166 166 166 167 167 167 164 164 164 166 166 166 166 166 166 131 131 131 168 168 168 166 166 166 168 168 168 167 167 167 169 169 169 170 170 170 171 171 171 172 172 172 169 169 169 171 171 171 170 170 170 173 173 173 171 171 171 174 174 174 172 172 172 171 171 171 172 172 172 174 174 174 175 175 175 176 176 176 175 175 175 174 174 174 171 171 171 173 173 173 177 177 177 174 174 174 171 171 171 177 177 177 176 176 176 174 174 174 178 178 178 178 178 178 174 174 174 177 177 177 176 176 176 178 178 178 179 179 179 179 179 179 180 180 180 176 176 176 179 179 179 181 181 181 180 180 180 178 178 178 177 177 177 182 182 182 179 179 179 178 178 178 182 182 182 173 173 173 183 183 183 177 177 177 177 177 177 183 183 183 182 182 182 183 183 183 173 173 173 184 184 184 179 179 179 182 182 182 185 185 185 183 183 183 184 184 184 186 186 186 184 184 184 187 187 187 186 186 186 183 183 183 188 188 188 182 182 182 183 183 183 186 186 186 188 188 188 182 182 182 188 188 188 185 185 185 187 187 187 189 189 189 186 186 186 187 187 187 190 190 190 189 189 189 186 186 186 191 191 191 188 188 188 186 186 186 189 189 189 191 191 191 190 190 190 192 192 192 189 189 189 192 192 192 190 190 190 193 193 193 189 189 189 194 194 194 191 191 191 189 189 189 192 192 192 194 194 194 195 195 195 192 192 192 193 193 193 195 195 195 193 193 193 196 196 196 197 197 197 195 195 195 196 196 196 192 192 192 195 195 195 198 198 198 192 192 192 198 198 198 194 194 194 199 199 199 195 195 195 197 197 197 195 195 195 199 199 199 198 198 198 200 200 200 199 199 199 197 197 197 200 200 200 201 201 201 199 199 199 201 201 201 202 202 202 199 199 199 199 199 199 202 202 202 198 198 198 202 202 202 201 201 201 203 203 203 202 202 202 204 204 204 198 198 198 194 194 194 198 198 198 204 204 204 205 205 205 202 202 202 203 203 203 204 204 204 202 202 202 205 205 205 205 205 205 203 203 203 206 206 206 207 207 207 194 194 194 204 204 204 207 207 207 204 204 204 205 205 205 191 191 191 194 194 194 207 207 207 208 208 208 205 205 205 206 206 206 207 207 207 205 205 205 208 208 208 208 208 208 206 206 206 209 209 209 210 210 210 191 191 191 207 207 207 210 210 210 207 207 207 208 208 208 188 188 188 191 191 191 210 210 210 211 211 211 188 188 188 210 210 210 211 211 211 210 210 210 208 208 208 188 188 188 211 211 211 185 185 185 212 212 212 211 211 211 208 208 208 185 185 185 211 211 211 212 212 212 212 212 212 208 208 208 209 209 209 213 213 213 212 212 212 209 209 209 213 213 213 185 185 185 212 212 212 214 214 214 213 213 213 209 209 209 215 215 215 185 185 185 213 213 213 215 215 215 179 179 179 185 185 185 179 179 179 215 215 215 181 181 181 216 216 216 213 213 213 214 214 214 216 216 216 215 215 215 213 213 213 215 215 215 216 216 216 181 181 181 217 217 217 216 216 216 214 214 214 181 181 181 216 216 216 218 218 218 216 216 216 217 217 217 218 218 218 219 219 219 220 220 220 221 221 221 220 220 220 219 219 219 222 222 222 223 223 223 219 219 219 221 221 221 219 219 219 224 224 224 222 222 222 223 223 223 224 224 224 219 219 219 222 222 222 224 224 224 225 225 225 223 223 223 221 221 221 226 226 226 224 224 224 227 227 227 225 225 225 223 223 223 227 227 227 224 224 224 225 225 225 227 227 227 228 228 228 227 227 227 229 229 229 228 228 228 229 229 229 227 227 227 223 223 223 228 228 228 229 229 229 230 230 230 231 231 231 223 223 223 226 226 226 231 231 231 229 229 229 223 223 223 229 229 229 232 232 232 230 230 230 229 229 229 231 231 231 232 232 232 230 230 230 232 232 232 233 233 233 234 234 234 231 231 231 226 226 226 235 235 235 234 234 234 226 226 226 236 236 236 232 232 232 231 231 231 234 234 234 236 236 236 231 231 231 232 232 232 236 236 236 233 233 233 234 234 234 235 235 235 237 237 237 236 236 236 234 234 234 237 237 237 235 235 235 238 238 238 237 237 237 236 236 236 239 239 239 233 233 233 239 239 239 240 240 240 233 233 233 236 236 236 237 237 237 241 241 241 241 241 241 237 237 237 238 238 238 239 239 239 236 236 236 241 241 241 242 242 242 241 241 241 238 238 238 239 239 239 243 243 243 240 240 240 244 244 244 241 241 241 242 242 242 241 241 241 244 244 244 239 239 239 244 244 244 243 243 243 239 239 239 245 245 245 244 244 244 242 242 242 243 243 243 246 246 246 240 240 240 247 247 247 244 244 244 245 245 245 244 244 244 247 247 247 243 243 243 248 248 248 247 247 247 245 245 245 243 243 243 249 249 249 246 246 246 247 247 247 249 249 249 243 243 243 249 249 249 250 250 250 246 246 246 251 251 251 247 247 247 248 248 248 247 247 247 251 251 251 249 249 249 252 252 252 251 251 251 248 248 248 249 249 249 253 253 253 250 250 250 251 251 251 253 253 253 249 249 249 253 253 253 251 251 251 252 252 252 253 253 253 254 254 254 250 250 250 254 254 254 253 253 253 252 252 252 255 255 255 256 256 256 257 257 257 256 256 256 258 258 258 257 257 257 259 259 259 255 255 255 257 257 257 258 258 258 260 260 260 257 257 257 259 259 259 257 257 257 260 260 260 258 258 258 261 261 261 260 260 260 262 262 262 255 255 255 259 259 259 261 261 261 263 263 263 260 260 260 259 259 259 260 260 260 263 263 263 261 261 261 264 264 264 263 263 263 264 264 264 265 265 265 263 263 263 265 265 265 259 259 259 263 263 263 264 264 264 266 266 266 265 265 265 267 267 267 262 262 262 259 259 259 267 267 267 259 259 259 265 265 265 266 266 266 268 268 268 265 265 265 265 265 265 268 268 268 267 267 267 266 266 266 269 269 269 268 268 268 262 262 262 267 267 267 270 270 270 271 271 271 262 262 262 270 270 270 268 268 268 272 272 272 267 267 267 272 272 272 270 270 270 267 267 267 269 269 269 272 272 272 268 268 268 271 271 271 270 270 270 273 273 273 273 273 273 270 270 270 272 272 272 274 274 274 271 271 271 273 273 273 275 275 275 272 272 272 269 269 269 276 276 276 275 275 275 269 269 269 273 273 273 272 272 272 277 277 277 274 274 274 273 273 273 277 277 277 272 272 272 275 275 275 277 277 277 278 278 278 274 274 274 277 277 277 275 275 275 276 276 276 279 279 279 276 276 276 280 280 280 279 279 279 281 281 281 277 277 277 275 275 275 278 278 278 277 277 277 281 281 281 279 279 279 281 281 281 275 275 275 282 282 282 278 278 278 281 281 281 279 279 279 280 280 280 283 283 283 280 280 280 284 284 284 283 283 283 281 281 281 279 279 279 285 285 285 282 282 282 281 281 281 285 285 285 279 279 279 283 283 283 285 285 285 286 286 286 282 282 282 285 285 285 286 286 286 285 285 285 287 287 287 287 287 287 285 285 285 283 283 283 288 288 288 286 286 286 287 287 287 289 289 289 287 287 287 283 283 283 288 288 288 287 287 287 289 289 289 283 283 283 284 284 284 289 289 289 290 290 290 288 288 288 289 289 289 284 284 284 290 290 290 289 289 289 291 291 291 292 292 292 293 293 293 291 291 291 294 294 294 292 292 292 292 292 292 295 295 295 293 293 293 294 294 294 296 296 296 292 292 292 295 295 295 292 292 292 296 296 296 294 294 294 297 297 297 296 296 296 293 293 293 295 295 295 298 298 298 297 297 297 299 299 299 296 296 296 295 295 295 296 296 296 299 299 299 297 297 297 300 300 300 299 299 299 300 300 300 301 301 301 299 299 299 301 301 301 295 295 295 299 299 299 300 300 300 302 302 302 301 301 301 295 295 295 303 303 303 298 298 298 303 303 303 295 295 295 301 301 301 302 302 302 304 304 304 301 301 301 301 301 301 304 304 304 303 303 303 302 302 302 305 305 305 304 304 304 298 298 298 303 303 303 306 306 306 307 307 307 298 298 298 306 306 306 304 304 304 308 308 308 303 303 303 308 308 308 306 306 306 303 303 303 305 305 305 308 308 308 304 304 304 307 307 307 306 306 306 309 309 309 308 308 308 309 309 309 306 306 306 310 310 310 307 307 307 309 309 309 308 308 308 305 305 305 311 311 311 305 305 305 312 312 312 311 311 311 309 309 309 308 308 308 313 313 313 310 310 310 309 309 309 313 313 313 308 308 308 311 311 311 313 313 313 314 314 314 310 310 310 313 313 313 314 314 314 313 313 313 315 315 315 315 315 315 313 313 313 311 311 311 316 316 316 314 314 314 315 315 315 317 317 317 311 311 311 312 312 312 317 317 317 315 315 315 311 311 311 318 318 318 317 317 317 312 312 312 316 316 316 315 315 315 319 319 319 315 315 315 317 317 317 319 319 319 320 320 320 316 316 316 319 319 319 321 321 321 317 317 317 318 318 318 317 317 317 321 321 321 319 319 319 322 322 322 321 321 321 318 318 318 320 320 320 319 319 319 323 323 323 323 323 323 319 319 319 321 321 321 324 324 324 320 320 320 323 323 323 325 325 325 321 321 321 322 322 322 325 325 325 323 323 323 321 321 321 324 324 324 323 323 323 325 325 325 326 326 326 325 325 325 322 322 322 326 326 326 324 324 324 325 325 325 327 327 327 328 328 328 329 329 329 330 330 330 328 328 328 327 327 327 331 331 331 327 327 327 329 329 329 332 332 332 330 330 330 327 327 327 331 331 331 332 332 332 327 327 327 333 333 333 330 330 330 332 332 332 331 331 331 329 329 329 334 334 334 335 335 335 333 333 333 332 332 332 331 331 331 335 335 335 332 332 332 336 336 336 333 333 333 335 335 335 337 337 337 336 336 336 335 335 335 337 337 337 335 335 335 331 331 331 338 338 338 336 336 336 337 337 337 339 339 339 331 331 331 334 334 334 339 339 339 337 337 337 331 331 331 340 340 340 338 338 338 337 337 337 337 337 337 339 339 339 340 340 340 341 341 341 338 338 338 340 340 340 339 339 339 334 334 334 342 342 342 334 334 334 343 343 343 342 342 342 344 344 344 340 340 340 339 339 339 342 342 342 344 344 344 339 339 339 344 344 344 341 341 341 340 340 340 345 345 345 342 342 342 343 343 343 345 345 345 344 344 344 342 342 342 346 346 346 345 345 345 343 343 343 344 344 344 347 347 347 341 341 341 345 345 345 346 346 346 348 348 348 344 344 344 345 345 345 348 348 348 347 347 347 344 344 344 348 348 348 346 346 346 349 349 349 348 348 348 347 347 347 350 350 350 341 341 341 348 348 348 349 349 349 351 351 351 348 348 348 351 351 351 347 347 347 349 349 349 352 352 352 351 351 351 347 347 347 353 353 353 350 350 350 351 351 351 353 353 353 347 347 347 353 353 353 354 354 354 350 350 350 351 351 351 352 352 352 355 355 355 351 351 351 355 355 355 353 353 353 352 352 352 356 356 356 355 355 355 353 353 353 357 357 357 354 354 354 355 355 355 357 357 357 353 353 353 357 357 357 358 358 358 354 354 354 355 355 355 356 356 356 359 359 359 355 355 355 359 359 359 357 357 357 356 356 356 360 360 360 359 359 359 357 357 357 361 361 361 358 358 358 359 359 359 361 361 361 357 357 357 359 359 359 360 360 360 361 361 361 361 361 361 362 362 362 358 358 358 360 360 360 362 362 362 361 361 361 </p>
        </triangles>
      </mesh>
    </geometry>
    <geometry id="WingCM__SmallBirdsC-mesh" name="WingCM__SmallBirdsC">
      <mesh>
        <source id="WingCM__SmallBirdsC-position">
          <float_array id="WingCM__SmallBirdsC-position-array" count="417">-0.07119622 0.1516455 -0.09030794 -0.07313611 0.1182631 -0.0509633 -0.05627362 0.09571665 -0.1598445 -0.06592129 0.06447596 -0.09160426 -0.09283924 0.197688 -0.01204536 -0.09101529 0.03536306 -0.01293663 -0.1015259 0.1237675 0.1103528 -0.1079657 0.2130309 0.07574689 -0.106724 0.02755357 0.08078192 -0.1087941 0.2029751 0.1435785 -0.1023761 0.0381505 0.1415055 -0.1054348 0.186934 0.1883823 -0.09935695 0.05288388 0.1798761 -0.09677288 0.1533448 0.2152644 -0.09276056 0.0888277 0.216732 -0.09439789 0.1181237 0.2243664 0.07119622 0.1516455 -0.09030794 0.05627362 0.09571665 -0.1598445 0.07313611 0.1182631 -0.0509633 0.06592129 0.06447596 -0.09160426 0.09283924 0.197688 -0.01204536 0.09101529 0.03536306 -0.01293663 0.1015259 0.1237675 0.1103528 0.1079657 0.2130309 0.07574689 0.106724 0.02755357 0.08078192 0.1087941 0.2029751 0.1435785 0.1023761 0.0381505 0.1415055 0.1054348 0.186934 0.1883823 0.09935695 0.05288388 0.1798761 0.09677288 0.1533448 0.2152644 0.09276056 0.0888277 0.216732 0.09439789 0.1181237 0.2243664 -0.06592129 0.06447596 -0.09160426 -0.09101529 0.03536306 -0.01293663 -0.08603804 0.08267782 -0.09158669 -0.05627362 0.09571665 -0.1598445 -0.1286943 0.07269038 -0.01298302 -0.106724 0.02755357 0.08078192 -0.09694196 0.1106946 -0.09139793 -0.08989565 0.1335794 -0.09087552 -0.07119622 0.1516455 -0.09030794 -0.1433528 0.122769 -0.01289488 -0.1492175 0.06475647 0.08056407 -0.1023761 0.0381505 0.1415055 -0.1281827 0.1728182 -0.01258421 -0.09283924 0.197688 -0.01204536 -0.1079657 0.2130309 0.07574689 -0.1654504 0.1250469 0.0805903 -0.1467381 0.1859304 0.08080538 -0.1087941 0.2029751 0.1435785 -0.1402185 0.1761275 0.1510139 -0.1054348 0.186934 0.1883823 -0.1446856 0.07178981 0.1455318 -0.09935695 0.05288388 0.1798761 -0.1208723 0.1636949 0.1921341 -0.09677288 0.1533448 0.2152644 -0.1565511 0.1237047 0.151748 -0.1276594 0.120368 0.1951314 -0.09439789 0.1181237 0.2243664 -0.09276056 0.0888277 0.216732 -0.1215857 0.07665091 0.1906413 0.06592129 0.06447596 -0.09160426 0.08603804 0.08267782 -0.09158669 0.09101529 0.03536306 -0.01293663 0.05627362 0.09571665 -0.1598445 0.1286943 0.07269038 -0.01298302 0.106724 0.02755357 0.08078192 0.09694196 0.1106946 -0.09139793 0.08989565 0.1335794 -0.09087552 0.07119622 0.1516455 -0.09030794 0.1433528 0.122769 -0.01289488 0.1492175 0.06475647 0.08056407 0.1023761 0.0381505 0.1415055 0.1281827 0.1728182 -0.01258421 0.09283924 0.197688 -0.01204536 0.1079657 0.2130309 0.07574689 0.1654504 0.1250469 0.0805903 0.1467381 0.1859304 0.08080538 0.1087941 0.2029751 0.1435785 0.1402185 0.1761275 0.1510139 0.1054348 0.186934 0.1883823 0.1446856 0.07178981 0.1455318 0.09935695 0.05288388 0.1798761 0.1565511 0.1237047 0.151748 0.1208723 0.1636949 0.1921341 0.09677288 0.1533448 0.2152644 0.1215857 0.07665091 0.1906413 0.09276056 0.0888277 0.216732 0.1276594 0.120368 0.1951314 0.09439789 0.1181237 0.2243664 0.05881539 0.09665278 -0.1555666 0.08474179 0.04264128 -0.03260353 0.07131746 0.1495591 -0.0878489 0.1015259 0.1237675 0.1103528 0.106724 0.02755357 0.08078192 0.1013479 0.2063184 0.03733778 0.1003004 0.0482797 0.1678853 0.1060647 0.1899417 0.1799816 0.09460057 0.1195625 0.2192429 -0.1015259 0.1237675 0.1103528 -0.09886963 0.03145832 0.03392265 -0.058375 0.09808307 -0.155534 -0.09013386 0.1919327 -0.02182819 -0.1003004 0.0482797 0.1678853 -0.1079657 0.2130309 0.07574689 -0.09337456 0.09981371 0.2195949 -0.1060647 0.1899417 0.1799816 -0.1027977 0.1559323 0.2094818 -0.1003004 0.0482797 0.1678853 -0.09337456 0.09981371 0.2195949 -0.1234838 0.0903125 0.1920445 -0.1027977 0.1559323 0.2094818 -0.1472348 0.06783356 0.1089874 -0.09886963 0.03145832 0.03392265 -0.1565511 0.1237047 0.151748 -0.1360236 0.0977297 -0.01293895 -0.058375 0.09808307 -0.155534 -0.1654504 0.1250469 0.0805903 -0.1434783 0.181029 0.1159096 -0.1060647 0.1899417 0.1799816 -0.1079657 0.2130309 0.07574689 -0.1281827 0.1728182 -0.01258421 -0.09013386 0.1919327 -0.02182819 0.05881539 0.09665278 -0.1555666 0.1360236 0.0977297 -0.01293895 0.08474179 0.04264128 -0.03260353 0.106724 0.02755357 0.08078192 0.1281827 0.1728182 -0.01258421 0.07131746 0.1495591 -0.0878489 0.1013479 0.2063184 0.03733778 0.1492175 0.06475647 0.08056407 0.1003004 0.0482797 0.1678853 0.1654504 0.1250469 0.0805903 0.1434783 0.181029 0.1159096 0.1060647 0.1899417 0.1799816 0.1331357 0.07422036 0.1680865 0.09460057 0.1195625 0.2192429 0.1565511 0.1237047 0.151748 0.12469 0.1393235 0.1938201</float_array>
          <technique_common>
            <accessor source="#WingCM__SmallBirdsC-position-array" count="139" stride="3">
              <param name="X" type="float" />
              <param name="Y" type="float" />
              <param name="Z" type="float" />
            </accessor>
          </technique_common>
        </source>
        <source id="WingCM__SmallBirdsC-normal">
          <float_array id="WingCM__SmallBirdsC-normal-array" count="417">0.9804305 0.1213307 0.1506849 0.9823875 0.02152642 0.1819961 0.9882583 0.05283757 0.1428571 0.9784736 -0.02348337 0.2054795 0.9745597 0.1526419 0.1624266 0.9765166 -0.1154599 0.18591 0.9960861 0.01956947 0.08023483 0.9863014 0.1154599 0.111546 0.9921722 -0.08414873 0.09784736 0.9960861 0.09393346 -0.003913894 0.9980431 -0.0332681 -0.06457926 0.9863014 0.1506849 -0.07240704 0.9941292 -0.05870841 -0.09197652 0.9902152 0.109589 -0.07632094 0.9960861 -0.003913894 -0.08414873 0.9960861 0.06066536 -0.05870841 -0.9804305 0.1213307 0.1506849 -0.9882583 0.05283757 0.1428571 -0.9823875 0.02152642 0.1819961 -0.9784736 -0.02348337 0.2054795 -0.9745597 0.1526419 0.1624266 -0.9765166 -0.1154599 0.18591 -0.9960861 0.01956947 0.08023483 -0.9863014 0.1154599 0.111546 -0.9921722 -0.08414873 0.09784736 -0.9960861 0.09393346 -0.003913894 -0.9980431 -0.0332681 -0.06457926 -0.9863014 0.1506849 -0.07240704 -0.9941292 -0.05870841 -0.09197652 -0.9902152 0.109589 -0.07632094 -0.9960861 -0.003913894 -0.08414873 -0.9960861 0.06066536 -0.05870841 -0.6223092 -0.6575342 -0.4246575 -0.6555773 -0.6966732 -0.2896282 -0.7436399 -0.4892368 -0.4540117 -0.8238748 -0.1056751 -0.55773 -0.81409 -0.4911937 -0.3111546 -0.6634051 -0.7455969 -0.06066536 -0.8590998 -0.03522505 -0.5107632 -0.6966732 0.4481409 -0.5596869 -0.518591 0.6438356 -0.5616438 -0.9412916 0.009784736 -0.3385518 -0.853229 -0.5146771 -0.07240704 -0.6164383 -0.7573385 0.2133072 -0.7749511 0.516634 -0.3620352 -0.5518591 0.7455969 -0.37182 -0.5714286 0.8062623 -0.1506849 -0.9960861 0.02544031 -0.08219178 -0.8571429 0.5068493 -0.09784736 -0.6144814 0.7495108 0.2485323 -0.8630137 0.4227006 0.2759295 -0.6183953 0.6536204 0.4383562 -0.8395303 -0.483366 0.2465753 -0.5499021 -0.7318982 0.4011742 -0.7436399 0.3463796 0.5714286 -0.6379648 0.1819961 0.7495108 -0.960861 0.02544031 0.2739726 -0.7886497 -0.01174168 0.6144814 -0.6516634 -0.0332681 0.7573385 -0.6066536 -0.258317 0.7514677 -0.7123288 -0.4285714 0.555773 0.6223092 -0.6575342 -0.4246575 0.7436399 -0.4892368 -0.4540117 0.6555773 -0.6966732 -0.2896282 0.8238748 -0.1056751 -0.55773 0.81409 -0.4911937 -0.3111546 0.6634051 -0.7455969 -0.06066536 0.8590998 -0.03522505 -0.5107632 0.6966732 0.4481409 -0.5596869 0.518591 0.6438356 -0.5616438 0.9412916 0.009784736 -0.3385518 0.853229 -0.5146771 -0.07240704 0.6164383 -0.7573385 0.2133072 0.7749511 0.516634 -0.3620352 0.5518591 0.7455969 -0.37182 0.5714286 0.8062623 -0.1506849 0.9960861 0.02544031 -0.08219178 0.8571429 0.5068493 -0.09784736 0.6144814 0.7495108 0.2485323 0.8630137 0.4227006 0.2759295 0.6183953 0.6536204 0.4383562 0.8395303 -0.483366 0.2465753 0.5499021 -0.7318982 0.4011742 0.960861 0.02544031 0.2739726 0.7436399 0.3463796 0.5714286 0.6379648 0.1819961 0.7495108 0.7123288 -0.4285714 0.555773 0.6066536 -0.258317 0.7514677 0.7886497 -0.01174168 0.6144814 0.6516634 -0.0332681 0.7573385 -0.9804305 -0.02152642 0.1976517 -0.9863014 -0.05479452 0.1585127 -0.9863014 -0.001956947 0.1682975 -0.9980431 0.01174168 0.0665362 -0.9902152 -0.08610567 0.1076321 -0.9823875 0.1213307 0.1389433 -0.9980431 -0.0332681 -0.06457926 -0.9960861 0.08219178 -0.01174168 -0.9960861 0.04696673 -0.06066536 0.9960861 0.02544031 0.07632094 0.9843444 -0.09197652 0.1448141 0.9863014 0.01174168 0.1585127 0.9804305 0.1232877 0.148728 1 -0.009784736 -0.03522505 0.9882583 0.109589 0.0998043 0.9960861 0.05675147 -0.06262231 0.9960861 0.07632094 -0.007827789 0.9902152 0.1311155 -0.02935421 -0.6027398 -0.7416829 0.2915851 -0.62818 -0.1956947 0.7534246 -0.739726 -0.3268102 0.5890411 -0.7808219 0.2544031 0.5714286 -0.7729941 -0.6340509 0.04305284 -0.7084149 -0.6653621 -0.2367906 -0.9158513 0.07436399 0.3933464 -0.8610567 -0.3209393 -0.3933464 -0.8395303 -0.1878669 -0.5088063 -0.9921722 0.04892368 -0.1232877 -0.8062623 0.5792564 0.111546 -0.778865 0.4931507 0.3855186 -0.6790606 0.7299413 -0.07827789 -0.8121331 0.4090019 -0.4168297 -0.483366 0.7279844 -0.4872798 0.8551859 -0.1350294 -0.5009785 0.890411 -0.2348337 -0.3913894 0.7475538 -0.5772994 -0.3307241 0.6947162 -0.7142857 -0.08219178 0.7808219 0.4618395 -0.4227006 0.4755382 0.6712329 -0.5675147 0.553816 0.816047 -0.1643836 0.8454012 -0.5303327 -0.05675147 0.5753425 -0.7064579 0.4148728 0.9921722 0.08610567 -0.09197652 0.7299413 0.6771037 0.08219178 0.6790606 0.6262231 0.3835616 0.739726 -0.5009785 0.4500979 0.6027398 -0.1330724 0.7866927 0.9432485 0.02348337 0.3287671 0.7338552 0.2015656 0.6497065</float_array>
          <technique_common>
            <accessor source="#WingCM__SmallBirdsC-normal-array" count="139" stride="3">
              <param name="X" type="float" />
              <param name="Y" type="float" />
              <param name="Z" type="float" />
            </accessor>
          </technique_common>
        </source>
        <source id="WingCM__SmallBirdsC-texcoord">
          <float_array id="WingCM__SmallBirdsC-texcoord-array" count="278">0.04866102 0.1954528 0.06936751 0.2132449 0.01109331 0.2251011 0.04754711 0.2416419 0.09135576 0.1705806 0.09106585 0.2576333 0.1562524 0.2100557 0.138323 0.1624781 0.141207 0.2614328 0.1740139 0.1680323 0.1731594 0.2552224 0.1977111 0.1764858 0.1934691 0.2474555 0.2123445 0.1944305 0.2132906 0.2285649 0.2172122 0.2130465 0.187274 0.05329978 0.2248417 0.08294803 0.1665675 0.07109177 0.1883879 0.09950405 0.144564 0.02842754 0.1448691 0.1154956 0.07968261 0.06790262 0.09761196 0.02032501 0.09472801 0.1192951 0.06190585 0.02587932 0.06277562 0.1130694 0.03820859 0.03433281 0.04246586 0.1053025 0.02359045 0.05227739 0.02264439 0.08641183 0.01872282 0.07089341 0.3414664 0.05374229 0.4056611 0.0291447 0.3481804 0.07261771 0.2930343 0.08361942 0.4140841 0.06637675 0.4825055 0.02151525 0.3515526 0.09506369 0.3491417 0.1131762 0.3418173 0.1313649 0.4167544 0.1040055 0.4835279 0.0622263 0.5340353 0.02879375 0.4137026 0.142031 0.4040131 0.1712978 0.4762036 0.1855192 0.4835126 0.1068131 0.4828107 0.151751 0.5334097 0.1768215 0.5341268 0.1457542 0.5699855 0.1590601 0.5298543 0.0682078 0.5657893 0.04412907 0.5679103 0.1373922 0.5936675 0.1306019 0.5325704 0.1064317 0.5684139 0.1039597 0.6000611 0.1011978 0.5957885 0.07663083 0.5658198 0.07069504 0.9054093 0.05374229 0.8986801 0.07261771 0.8411993 0.0291447 0.9538414 0.08361942 0.8327916 0.06637675 0.7643702 0.02151525 0.8953231 0.09506369 0.897734 0.1131762 0.9050584 0.1313649 0.8301213 0.1040055 0.7633478 0.0622263 0.7128252 0.02879375 0.8331578 0.142031 0.8428473 0.1712978 0.7706569 0.1855192 0.7633478 0.1068131 0.764065 0.151751 0.7134661 0.1768215 0.7127336 0.1457542 0.6768749 0.1590601 0.7170215 0.0682078 0.6810712 0.04412907 0.7143053 0.1064317 0.6789654 0.1373922 0.6531929 0.1306019 0.6810559 0.07069504 0.651072 0.07663083 0.6784619 0.1039597 0.6468147 0.1011978 0.2248417 0.08294803 0.1557488 0.1114977 0.185977 0.05441368 0.07968261 0.06790262 0.09472801 0.1192951 0.1181506 0.0238651 0.04881361 0.1077287 0.04264897 0.03274584 0.02140841 0.07014573 0.1562524 0.2100557 0.1161364 0.2595407 0.01109331 0.2251011 0.08603036 0.1736934 0.1871214 0.2498817 0.138323 0.1624781 0.2147555 0.2227512 0.1932708 0.1748989 0.2123445 0.1944305 0.5558709 0.03933775 0.5973907 0.08584726 0.5666285 0.08108646 0.5872282 0.1322957 0.5037919 0.06483561 0.4440833 0.02532995 0.5325704 0.1064317 0.4154116 0.08519113 0.2965438 0.08546579 0.4835126 0.1068131 0.5084764 0.1487449 0.5631342 0.1623865 0.4762036 0.1855192 0.4137026 0.142031 0.3962463 0.1663081 0.9501793 0.08433664 0.8314641 0.08519113 0.8572518 0.03529412 0.7643702 0.02151525 0.8331578 0.142031 0.9050584 0.1313649 0.8022431 0.1793088 0.7633478 0.0622263 0.6910048 0.03933775 0.7633478 0.1068131 0.7383993 0.1487449 0.6837415 0.1623865 0.6990311 0.06944382 0.6500648 0.1023728 0.7143053 0.1064317 0.6786755 0.1185931</float_array>
          <technique_common>
            <accessor source="#WingCM__SmallBirdsC-texcoord-array" count="139" stride="2">
              <param name="S" type="float" />
              <param name="T" type="float" />
            </accessor>
          </technique_common>
        </source>
        <vertices id="WingCM__SmallBirdsC-vertex">
          <input semantic="POSITION" source="#WingCM__SmallBirdsC-position" />
        </vertices>
        <triangles material="SmallBirdsC" count="116">
          <input semantic="VERTEX" source="#WingCM__SmallBirdsC-vertex" offset="0" />
          <input semantic="NORMAL" source="#WingCM__SmallBirdsC-normal" offset="1" />
          <input semantic="TEXCOORD" source="#WingCM__SmallBirdsC-texcoord" offset="2" set="0" />
          <p>0 0 0 1 1 1 2 2 2 2 2 2 1 1 1 3 3 3 1 1 1 0 0 0 4 4 4 1 1 1 5 5 5 3 3 3 1 1 1 4 4 4 6 6 6 6 6 6 5 5 5 1 1 1 6 6 6 4 4 4 7 7 7 8 8 8 5 5 5 6 6 6 6 6 6 7 7 7 9 9 9 6 6 6 10 10 10 8 8 8 9 9 9 11 11 11 6 6 6 6 6 6 12 12 12 10 10 10 6 6 6 11 11 11 13 13 13 6 6 6 14 14 14 12 12 12 6 6 6 13 13 13 15 15 15 6 6 6 15 15 15 14 14 14 16 16 16 17 17 17 18 18 18 17 17 17 19 19 19 18 18 18 18 18 18 20 20 20 16 16 16 18 18 18 19 19 19 21 21 21 22 22 22 20 20 20 18 18 18 18 18 18 21 21 21 22 22 22 23 23 23 20 20 20 22 22 22 22 22 22 21 21 21 24 24 24 22 22 22 25 25 25 23 23 23 22 22 22 24 24 24 26 26 26 25 25 25 22 22 22 27 27 27 22 22 22 26 26 26 28 28 28 27 27 27 22 22 22 29 29 29 22 22 22 28 28 28 30 30 30 29 29 29 22 22 22 31 31 31 22 22 22 30 30 30 31 31 31 32 32 32 33 33 33 34 34 34 34 34 34 35 35 35 32 32 32 33 33 33 36 36 36 34 34 34 33 33 33 37 37 37 36 36 36 38 38 38 35 35 35 34 34 34 34 34 34 36 36 36 38 38 38 39 39 39 35 35 35 38 38 38 40 40 40 35 35 35 39 39 39 36 36 36 41 41 41 38 38 38 38 38 38 41 41 41 39 39 39 37 37 37 42 42 42 36 36 36 36 36 36 42 42 42 41 41 41 37 37 37 43 43 43 42 42 42 39 39 39 44 44 44 40 40 40 41 41 41 44 44 44 39 39 39 44 44 44 45 45 45 40 40 40 46 46 46 45 45 45 44 44 44 42 42 42 47 47 47 41 41 41 41 41 41 47 47 47 44 44 44 48 48 48 46 46 46 44 44 44 47 47 47 48 48 48 44 44 44 48 48 48 49 49 49 46 46 46 48 48 48 50 50 50 49 49 49 50 50 50 48 48 48 47 47 47 51 51 51 49 49 49 50 50 50 42 42 42 52 52 52 47 47 47 43 43 43 52 52 52 42 42 42 43 43 43 53 53 53 52 52 52 54 54 54 51 51 51 50 50 50 54 54 54 55 55 55 51 51 51 56 56 56 50 50 50 47 47 47 54 54 54 50 50 50 56 56 56 52 52 52 56 56 56 47 47 47 55 55 55 54 54 54 57 57 57 57 57 57 54 54 54 56 56 56 58 58 58 55 55 55 57 57 57 59 59 59 58 58 58 57 57 57 52 52 52 60 60 60 56 56 56 60 60 60 57 57 57 56 56 56 60 60 60 59 59 59 57 57 57 53 53 53 60 60 60 52 52 52 53 53 53 59 59 59 60 60 60 61 61 61 62 62 62 63 63 63 62 62 62 61 61 61 64 64 64 62 62 62 65 65 65 63 63 63 63 63 63 65 65 65 66 66 66 67 67 67 62 62 62 64 64 64 62 62 62 67 67 67 65 65 65 68 68 68 67 67 67 64 64 64 69 69 69 68 68 68 64 64 64 67 67 67 70 70 70 65 65 65 67 67 67 68 68 68 70 70 70 65 65 65 71 71 71 66 66 66 65 65 65 70 70 70 71 71 71 66 66 66 71 71 71 72 72 72 68 68 68 69 69 69 73 73 73 68 68 68 73 73 73 70 70 70 69 69 69 74 74 74 73 73 73 74 74 74 75 75 75 73 73 73 70 70 70 76 76 76 71 71 71 70 70 70 73 73 73 76 76 76 75 75 75 77 77 77 73 73 73 73 73 73 77 77 77 76 76 76 77 77 77 75 75 75 78 78 78 77 77 77 78 78 78 79 79 79 77 77 77 79 79 79 76 76 76 78 78 78 80 80 80 79 79 79 71 71 71 76 76 76 81 81 81 71 71 71 81 81 81 72 72 72 72 72 72 81 81 81 82 82 82 79 79 79 83 83 83 76 76 76 76 76 76 83 83 83 81 81 81 80 80 80 84 84 84 79 79 79 79 79 79 84 84 84 83 83 83 84 84 84 80 80 80 85 85 85 81 81 81 86 86 86 82 82 82 81 81 81 83 83 83 86 86 86 82 82 82 86 86 86 87 87 87 84 84 84 88 88 88 83 83 83 83 83 83 88 88 88 86 86 86 84 84 84 85 85 85 88 88 88 86 86 86 88 88 88 87 87 87 85 85 85 89 89 89 88 88 88 88 88 88 89 89 89 87 87 87 </p>
        </triangles>
      </mesh>
    </geometry>
    <geometry id="BodyDM__SmallBirdsC-mesh" name="BodyDM__SmallBirdsC">
      <mesh>
        <source id="BodyDM__SmallBirdsC-position">
          <float_array id="BodyDM__SmallBirdsC-position-array" count="1842">0 0.2655297 0.05853744 0 0.2546774 0.04580443 -0.06627343 0.2382284 0.06998987 -0.06526245 0.2545524 0.08217002 -0.0978619 0.2221348 0.1323625 0 0.296832 0.0730985 -0.1006593 0.244678 0.1352573 -0.06668656 0.2891725 0.09214491 -0.0586395 0.3218122 0.1074127 0 0.3295418 0.09815908 -0.08211042 0.3168515 0.1389476 -0.0538085 0.3412488 0.1398939 0 0.3542983 0.1387484 -0.0963473 0.2831271 0.1383472 -0.08883452 0.3168838 0.1961366 -0.05365256 0.3469761 0.1959076 0 0.3627614 0.1949064 -5.029679E-06 0.3478159 0.2498126 -0.05107317 0.3304071 0.2462327 -0.1037039 0.2755906 0.1948708 -0.08103713 0.3023973 0.2422328 -0.1042227 0.2419253 0.1929901 -0.04064998 0.3102082 0.2862527 -0.09102601 0.2671276 0.2396507 -0.06288953 0.2867069 0.2821284 -0.1010148 0.2173197 0.1918053 -0.1008235 0.204262 0.1900105 -0.06989329 0.2587962 0.2805487 -0.02237014 0.273433 0.3067473 -0.03849464 0.2540356 0.299836 0 0.2807271 0.3119373 -0.06456895 0.2342678 0.2822507 -0.0225007 0.2366101 0.3039827 0 0.3234222 0.2892225 0.04065739 0.3102081 0.2862527 0.02236672 0.273433 0.3067473 -0.03587317 0.2133528 0.2887258 0 0.226112 0.3069447 -0.08766986 0.2298414 0.2406773 -0.04313365 0.1955995 0.2710585 -0.08357285 0.2066809 0.2358164 -0.08419479 0.1873182 0.2296447 -0.04401507 0.1770815 0.2597716 0 0.1726335 0.2811484 0 0.2063479 0.296082 0 0.1875934 0.2824246 0.04311324 0.1955995 0.2710585 0.04399935 0.1770815 0.2597716 0.03585915 0.2133528 0.2887258 0.02249279 0.2366101 0.3039827 0.06455908 0.2331651 0.2822507 0.03848564 0.2540356 0.299836 0.08361597 0.2053438 0.2322286 0.08430219 0.1867542 0.2296456 0.1009419 0.2027149 0.1900015 0.08773886 0.2272646 0.2359678 0.1011249 0.2153172 0.1917839 0.09789442 0.2211268 0.1323437 0.09115548 0.2636668 0.2396268 0.1043884 0.2394968 0.1929571 0.1006771 0.2433322 0.1352261 0.06988714 0.2577964 0.2805487 0.1039197 0.2724995 0.1948193 0.06289259 0.2855164 0.2821284 0.08103503 0.3007185 0.2422267 0.05109003 0.3304081 0.2462316 0.08884489 0.3152033 0.1961288 0.05368879 0.346981 0.1959021 0 0.3627614 0.1949064 0 0.3542983 0.1387484 0.05383257 0.3409604 0.1398893 0 0.3295418 0.09815908 0.09636043 0.2814273 0.138303 0.08212202 0.3157604 0.1389377 0.05865157 0.3215237 0.1074097 0 0.296832 0.0730985 0.06444965 0.2889212 0.09214596 0 0.2655297 0.05853744 0.06525304 0.2544287 0.08218015 0.06626321 0.2382141 0.07000776 0 0.2546774 0.04580443 0.08467957 0.06976844 -0.2882591 0.04642585 0.07991862 -0.1700772 0 0.06984283 -0.1688804 -0.04642583 0.07991976 -0.1700772 -0.08467957 0.06976843 -0.2882591 0 0.06879761 -0.305036 0.05399802 0.08713381 -0.1699444 0.04642585 0.07991862 -0.1700772 0 0.07441635 -0.3156411 0.08910531 0.07603201 -0.2970836 0.07803531 0.08229558 -0.2885184 0.04340969 0.09795661 -0.169745 0 0.106599 -0.168933 0 0.08003511 -0.3050361 -0.07803532 0.08229556 -0.2885184 -0.04340968 0.09795742 -0.169745 -0.053998 0.08713482 -0.1699444 -0.04642583 0.07991976 -0.1700772 -0.08910532 0.076032 -0.2970836 0 0.2368515 0.3369578 -0.009603277 0.2416855 0.3376176 0 0.226112 0.3069447 -0.0225007 0.2366101 0.3039827 0 0.2425458 0.3747169 -0.01651922 0.2513843 0.3390396 -0.03849464 0.2540356 0.299836 -0.02237014 0.273433 0.3067473 -0.009603277 0.2596157 0.3404615 0 0.2807271 0.3119373 0 0.2634359 0.3411214 0.009603277 0.2596157 0.3404615 0.02236672 0.273433 0.3067473 0.01651859 0.2513843 0.3390396 0.03848564 0.2540356 0.299836 0.02249279 0.2366101 0.3039827 0.009603277 0.2416855 0.3376176 0 0.2368515 0.3369578 0 0.226112 0.3069447 0 0.2546774 0.04580443 0 0.2343626 -0.01945929 -0.05557621 0.2206298 -0.01882172 0 0.1798462 -0.0935838 -0.06627343 0.2382284 0.06998987 -0.03980036 0.1597544 -0.09469713 0 0.106599 -0.168933 -0.04340968 0.09795742 -0.169745 -0.0984033 0.181631 -0.01819428 -0.0644759 0.1271058 -0.09542551 -0.07814528 0.09258503 -0.09560036 -0.053998 0.08713482 -0.1699444 -0.04642583 0.07991976 -0.1700772 -0.1222025 0.1271567 -0.01829138 -0.1145579 0.1917761 0.07175921 -0.0978619 0.2221348 0.1323625 -0.1134697 0.07115014 -0.01854497 -0.1106013 0.183816 0.1402535 -0.1008235 0.204262 0.1900105 -0.1424568 0.1292959 0.07173228 -0.1031833 0.1696769 0.1925232 -0.08419479 0.1873182 0.2296447 -0.1286815 0.1291788 0.1403346 -0.08246808 0.155833 0.2323679 -0.04401507 0.1770815 0.2597716 -0.1097374 0.1270002 0.1925497 -0.04594114 0.1491798 0.2654978 0 0.1726335 0.2811484 0 0.1479717 0.2845345 -0.08790617 0.1232692 0.2339782 -0.0477342 0.1202413 0.2665925 0 0.1163083 0.2849235 0 0.07310562 0.2718339 -0.05074276 0.07986291 0.2572094 0 0.02987049 0.2037627 -0.08881652 0.0937211 0.2282278 -0.06238466 0.04328208 0.2037321 0 0.009057258 0.1399169 -0.100174 0.07782075 0.192453 -0.07358067 0.02219788 0.1398546 0 0.001056251 0.07100818 -0.1207863 0.06739028 0.1400847 -0.1311501 0.05999196 0.07117143 -0.07776824 0.01224349 0.07088266 -0.0693063 0.02678235 -0.01864734 0 0.01208349 -0.01827275 -0.06194345 0.06605949 -0.09534271 -0.04205647 0.0430999 -0.09437539 0 0.03325844 -0.09317881 0 0.06984283 -0.1688804 0 0.2343626 -0.01945929 0 0.2546774 0.04580443 0.05557621 0.2206261 -0.01881687 0 0.1798462 -0.0935838 0.06626321 0.2382141 0.07000776 0.03980036 0.1597544 -0.09469713 0 0.106599 -0.168933 0.04340969 0.09795661 -0.169745 0.0984033 0.181631 -0.01819428 0.06447591 0.1271059 -0.09542551 0.07814528 0.09258501 -0.09560036 0.05399802 0.08713381 -0.1699444 0.04642585 0.07991862 -0.1700772 0.1222025 0.1271567 -0.01829138 0.1145517 0.19177 0.07176638 0.09789442 0.2211268 0.1323437 0.1134697 0.0711501 -0.01854497 0.1107187 0.1832124 0.1402545 0.1009419 0.2027149 0.1900015 0.1424568 0.1292959 0.07173228 0.1034183 0.1691251 0.1925232 0.08430219 0.1867542 0.2296456 0.1286943 0.1291456 0.1403346 0.08255642 0.155833 0.2323679 0.04399935 0.1770815 0.2597716 0.1097721 0.1270002 0.1925497 0.04593415 0.1491798 0.2654978 0 0.1726335 0.2811484 0 0.1479717 0.2845345 0.08791409 0.1232692 0.2339782 0.0477342 0.1202413 0.2665925 0 0.1163083 0.2849235 0 0.07310562 0.2718339 0.05074276 0.07986291 0.2572094 0 0.02987049 0.2037627 0.08881653 0.0937211 0.2282278 0.06238466 0.04328208 0.2037321 0 0.009057258 0.1399169 0.100174 0.07782075 0.192453 0.07358067 0.02219788 0.1398546 0 0.001056251 0.07100818 0.1207863 0.06739028 0.1400847 0.1311501 0.05999196 0.07117143 0.07776824 0.01224349 0.07088266 0.0693063 0.02678231 -0.01864734 0 0.01208349 -0.01827275 0.06194345 0.06605937 -0.09534271 0.04205647 0.0430999 -0.09437539 0 0.03325844 -0.09317881 0 0.06984283 -0.1688804 -0.6096318 0.1618241 0.1658196 -0.6184781 0.156582 0.1679544 -0.4463502 0.156582 0.2051088 -0.6010896 0.156582 0.1150163 -0.4430947 0.1623068 0.2017672 -0.5928081 0.1618241 0.114601 -0.5394579 0.156582 0.04923301 -0.3421043 0.156582 0.2263917 -0.5331305 0.1619646 0.05114553 -0.4383571 0.156582 -0.006067383 -0.4353136 0.1624699 -0.002358639 -0.3598285 0.156582 -0.02713162 -0.3422349 0.1629817 0.2223588 -0.3593834 0.1629678 -0.02292981 -0.2727155 0.156582 -0.02975848 -0.2729086 0.1635178 0.2303422 -0.2704506 0.156582 0.2346431 -0.2727155 0.1636397 -0.02547135 -0.2552426 0.1635976 0.2249578 -0.2523737 0.156582 0.2289633 -0.2214071 0.1639808 -0.02242348 -0.2172201 0.156582 -0.02660829 -0.2214069 0.1638533 0.1976462 -0.2172199 0.1565821 0.2007036 -0.1727529 0.1643346 -0.01742109 -0.172753 0.1642155 0.1743395 -0.1669326 0.1565821 0.1767603 -0.1669325 0.156582 -0.02128157 -0.1322028 0.1645243 0.1593728 -0.1250211 0.1565821 0.1612912 -0.1299579 0.1646305 -0.01023215 -0.1227008 0.156582 -0.01361997 -0.08261888 0.1648864 0.1463144 -0.07377256 0.1565821 0.1477944 -0.08261888 0.1649404 -0.0004170313 -0.07377256 0.1565821 -0.003173523 -0.4463502 0.156582 0.2051088 -0.6184781 0.156582 0.1679544 -0.6096318 0.1513399 0.1658196 -0.6010896 0.156582 0.1150163 -0.4430947 0.1508573 0.2017672 -0.5928081 0.15134 0.114601 -0.5394579 0.156582 0.04923301 -0.3421043 0.156582 0.2263917 -0.5331305 0.1511995 0.05114553 -0.4383571 0.156582 -0.006067383 -0.4353136 0.1506941 -0.002358639 -0.3598285 0.156582 -0.02713162 -0.3422349 0.1501824 0.2223588 -0.3593834 0.1501962 -0.02292981 -0.2727155 0.156582 -0.02975848 -0.2729086 0.1496463 0.2303422 -0.2704506 0.156582 0.2346431 -0.2727155 0.1495243 -0.02547135 -0.2552426 0.1495665 0.2249578 -0.2523737 0.156582 0.2289633 -0.2214071 0.1491833 -0.02242348 -0.2172201 0.156582 -0.02660829 -0.2214069 0.1493108 0.1976462 -0.2172199 0.1565821 0.2007036 -0.1727529 0.1488295 -0.01742109 -0.1669325 0.156582 -0.02128157 -0.172753 0.1489487 0.1743395 -0.1669326 0.1565821 0.1767603 -0.1299579 0.1485336 -0.01023215 -0.1227008 0.156582 -0.01361997 -0.1322028 0.1486399 0.1593728 -0.1250211 0.1565821 0.1612912 -0.08261888 0.1482777 0.1463144 -0.07377256 0.1565821 0.1477944 -0.08261888 0.1482238 -0.0004170313 -0.07377256 0.1565821 -0.003173523 0.6184781 0.156582 0.1679544 0.6096318 0.1618241 0.1658196 0.4463502 0.156582 0.2051088 0.6010896 0.156582 0.1150163 0.4430947 0.1623068 0.2017672 0.5928081 0.1618241 0.114601 0.5394579 0.156582 0.04923301 0.3421043 0.156582 0.2263917 0.5331305 0.1619646 0.05114553 0.4383571 0.156582 -0.006067383 0.4353136 0.1624699 -0.002358639 0.3598285 0.156582 -0.02713162 0.3422349 0.1629817 0.2223588 0.3593834 0.1629678 -0.02292981 0.2727155 0.156582 -0.02975848 0.2729086 0.1635178 0.2303422 0.2704506 0.156582 0.2346431 0.2727155 0.1636397 -0.02547135 0.2552426 0.1635976 0.2249578 0.2523737 0.156582 0.2289633 0.2214071 0.1639808 -0.02242348 0.2172201 0.156582 -0.02660829 0.2214069 0.1638533 0.1976462 0.2172199 0.1565821 0.2007036 0.172753 0.1642155 0.1743395 0.1669326 0.1565821 0.1767603 0.1727529 0.1643346 -0.01742109 0.1669325 0.156582 -0.02128157 0.1322028 0.1645243 0.1593728 0.1250211 0.1565821 0.1612912 0.1299579 0.1646305 -0.01023215 0.1227008 0.156582 -0.01361997 0.08261888 0.1648864 0.1463144 0.07377256 0.1565821 0.1477944 0.08261888 0.1649404 -0.0004170313 0.07377256 0.1565821 -0.003173523 0.6096318 0.1513399 0.1658196 0.6184781 0.156582 0.1679544 0.4463502 0.156582 0.2051088 0.6010896 0.156582 0.1150163 0.4430947 0.1508573 0.2017672 0.5928081 0.15134 0.114601 0.5394579 0.156582 0.04923301 0.3421043 0.156582 0.2263917 0.5331305 0.1511995 0.05114553 0.4383571 0.156582 -0.006067383 0.4353136 0.1506941 -0.002358639 0.3598285 0.156582 -0.02713162 0.3422349 0.1501824 0.2223588 0.3593834 0.1501962 -0.02292981 0.2727155 0.156582 -0.02975848 0.2729086 0.1496463 0.2303422 0.2704506 0.156582 0.2346431 0.2727155 0.1495243 -0.02547135 0.2552426 0.1495665 0.2249578 0.2523737 0.156582 0.2289633 0.2214071 0.1491833 -0.02242348 0.2214069 0.1493108 0.1976462 0.2172199 0.1565821 0.2007036 0.2172201 0.156582 -0.02660829 0.172753 0.1489487 0.1743395 0.1669326 0.1565821 0.1767603 0.1727529 0.1488295 -0.01742109 0.1669325 0.156582 -0.02128157 0.1322028 0.1486399 0.1593728 0.1250211 0.1565821 0.1612912 0.1299579 0.1485336 -0.01023215 0.1227008 0.156582 -0.01361997 0.08261888 0.1482777 0.1463144 0.07377256 0.1565821 0.1477944 0.08261888 0.1482238 -0.0004170313 0.07377256 0.1565821 -0.003173523 0.2190517 0.1534009 0.199366 0.1604798 0.1619096 0.1712374 0.1514481 0.1502858 0.1673328 -0.2620588 0.1548419 0.2307511 -0.2360017 0.1518332 -0.02481447 -0.2190517 0.1534009 0.199366 -0.2727155 0.160552 -0.02734697 -0.3596094 0.1573303 -0.02506354 -0.4368591 0.157272 -0.004241986 -0.3421696 0.1533822 0.2243752 -0.2360017 0.1518332 -0.02481447 -0.2620588 0.1548419 0.2307511 -0.4447224 0.1537197 0.203438 -0.5372829 0.1570866 0.04989044 -0.5991163 0.1571759 0.1149173 -0.6163702 0.1559882 0.1674457 -0.1604798 0.1512545 0.1712374 -0.2190517 0.1534009 0.199366 -0.1616839 0.152678 -0.01795909 -0.07729726 0.1578147 0.1472047 -0.07639881 0.1551455 -0.00235519 -0.1514481 0.1628783 0.1673328 -0.1604798 0.1512545 0.1712374 0.3421696 0.1533822 0.2243752 0.2620588 0.1583222 0.2307511 0.267388 0.1496213 0.2286596 0.2620588 0.1583222 0.2307511 0.2190517 0.1534009 0.199366 0.2727155 0.1526121 -0.02734697 0.2193136 0.1528827 -0.02451589 0.2727155 0.1526121 -0.02734697 0.3421696 0.1533822 0.2243752 0.3596094 0.1558337 -0.02506354 0.4368591 0.157272 -0.004241986 0.4447224 0.1537197 0.203438 0.5372829 0.1570866 0.04989044 0.5991163 0.1571759 0.1149173 0.6163702 0.1559882 0.1674457 0.1514481 0.1502858 0.1673328 0.1604798 0.1619096 0.1712374 0.07729726 0.1578147 0.1472047 0.2190517 0.1534009 0.199366 0.2214069 0.1638533 0.1976462 0.2190517 0.1534009 0.199366 0.2620588 0.1583222 0.2307511 0.2630952 0.1637037 -0.02489987 0.2727155 0.1526121 -0.02734697 0.2193136 0.1528827 -0.02451589 0.3596094 0.1558337 -0.02506354 0.1616839 0.1604861 -0.01795909 0.07729726 0.1578147 0.1472047 0.07639881 0.1551455 -0.00235519 0.2193136 0.1528827 -0.02451589 0.2620588 0.1583222 0.2307511 0.3422349 0.1629817 0.2223588 0.3596094 0.1558337 -0.02506354 0.3421696 0.1533822 0.2243752 0.4368591 0.157272 -0.004241986 0.4430947 0.1623068 0.2017672 0.4447224 0.1537197 0.203438 0.6163702 0.1559882 0.1674457 0.5372829 0.1570866 0.04989044 0.5991163 0.1571759 0.1149173 0.6163702 0.1559882 0.1674457 -0.05244887 0.08696574 -0.1699475 -0.03980036 0.1597544 -0.09469713 0 0.106599 -0.168933 0 0.1798462 -0.0935838 0 0.106599 -0.168933 -0.05557621 0.2206298 -0.01882172 0 0.2343626 -0.01945929 0 0.2601035 0.05217093 -0.0659575 0.2433297 0.07379617 -0.0984033 0.181631 -0.01819428 -0.07729094 0.09474257 -0.09558943 -0.05244887 0.08696574 -0.1699475 -0.1145579 0.191776 0.07175921 -0.09976028 0.2198106 0.1336655 -0.1222025 0.1271567 -0.01829138 -0.1424568 0.1292959 0.07173228 -0.1134697 0.07115012 -0.01854497 -0.1192095 0.1280895 0.1664421 -0.1011708 0.2035094 0.1908154 -0.0432994 0.04453488 -0.09443584 -0.05244887 0.08696574 -0.1699475 0 0.06984282 -0.1688804 0 0.06984282 -0.1688804 0 0.0239944 -0.06040741 -0.0693063 0.02678235 -0.01864734 0 0.001056254 0.07100818 -0.07776824 0.01224348 0.07088266 -0.1311501 0.05999196 0.07117143 -0.07358067 0.02219789 0.1398546 0 0.009057254 0.1399169 -0.1182097 0.06869408 0.1466307 -0.06238466 0.04328209 0.2037321 0 0.0298705 0.2037627 -0.08858894 0.1011081 0.2296654 -0.05036669 0.08491021 0.2583823 0 0.08120614 0.2742882 0 0.1793427 0.2818923 -0.04394761 0.1791367 0.2621786 -0.08246808 0.155833 0.2323679 -0.08514713 0.2047666 0.2344184 0.2190517 0.1534009 0.199366 0.1514481 0.1502858 0.1673328 0.2193136 0.1528827 -0.02451589 0.1647288 0.148774 -0.01607317 0.07729726 0.1578147 0.1472047 0.07639881 0.1551455 -0.00235519 0.1616839 0.1604861 -0.01795909 0.2193136 0.1528827 -0.02451589 0.001650563 0.2382866 0.3371536 -0.03449615 0.2496792 0.3008727 0 0.2248768 0.3062658 0.0001404693 0.2437065 0.3704123 -0.02237014 0.273433 0.3067473 0.000187564 0.2795718 0.3137484 0.02236672 0.273433 0.3067473 0.000187564 0.2795718 0.3137484 0.03448743 0.2496792 0.3008727 0.001650563 0.2382866 0.3371536 0 0.2248768 0.3062658 0 0.2601035 0.05217093 -0.0659575 0.2433297 0.07379617 0 0.296832 0.0730985 -0.06115421 0.3116123 0.1026415 -0.09976028 0.2198106 0.1336655 0 0.3295418 0.09815907 0 0.296832 0.0730985 -0.08566964 0.3084204 0.1387975 -0.0538085 0.3412488 0.1398939 0 0.3542983 0.1387484 -0.1005344 0.2734749 0.2060658 -0.1011708 0.2035094 0.1908154 -0.08883452 0.3168838 0.1961366 -0.05365256 0.3469761 0.1959076 0 0.3627614 0.1949064 -5.029679E-06 0.3478159 0.2498126 -0.08514713 0.2047666 0.2344184 -0.1011708 0.2035094 0.1908154 -0.04394761 0.1791367 0.2621786 -0.05918849 0.2303462 0.2834648 0 0.2248768 0.3062658 -0.08514713 0.2047666 0.2344184 -0.08103713 0.3023973 0.2422328 -0.06595367 0.274496 0.2814373 -0.03449615 0.2496792 0.3008727 0 0.2248768 0.3062658 -0.02237014 0.273433 0.3067473 -0.04195288 0.3127331 0.2812502 0.000187564 0.2795718 0.3137484 0.000187564 0.2795718 0.3137484 0 0.3234222 0.2892225 0.04196147 0.3127331 0.2812501 0.02236672 0.273433 0.3067473 0.05368879 0.3469809 0.1959021 0 0.3627614 0.1949064 0 0.3542983 0.1387484 0.0659527 0.273389 0.2814373 0.03448743 0.2496792 0.3008727 0.05383257 0.3409604 0.1398893 0 0.3295418 0.09815907 0.08884489 0.3152033 0.1961288 0.08103503 0.3007185 0.2422267 0.05937633 0.3174484 0.1055018 0 0.296832 0.0730985 0.08657152 0.3050313 0.1387393 0.1007286 0.2702913 0.2060212 0 0.2601035 0.05217093 0 0.296832 0.0730985 0.06594753 0.2432812 0.07381163 0.09964962 0.2176018 0.1334902 0.1012914 0.2012729 0.1907066 0.08593509 0.2176742 0.2343319 0.08299287 0.1635633 0.2316873 0.04393146 0.1791367 0.2621786 0.06097159 0.2306886 0.2830601 0.04393146 0.1791367 0.2621786 0 0.2248768 0.3062658 0 0.1793427 0.2818923 -0.04394761 0.1791367 0.2621786 0.08734131 0.07593414 -0.2950437 0.05244889 0.08696473 -0.1699475 0 0.06984282 -0.1688804 -0.05244887 0.08696574 -0.1699475 -0.08734132 0.07593411 -0.2950437 0.05244889 0.08696473 -0.1699475 0 0.106599 -0.168933 -0.05244887 0.08696574 -0.1699475 0 0.0747675 -0.3149783 0 0.06984282 -0.1688804 -0.07729726 0.1578147 0.1472047 -0.07639881 0.1551455 -0.00235519 -0.1647288 0.1643901 -0.01607317 -0.1514481 0.1628783 0.1673328 -0.07639881 0.1551455 -0.00235519 -0.1616839 0.152678 -0.01795909 -0.2360017 0.1518332 -0.02481447 -0.2727155 0.160552 -0.02734697 -0.1604798 0.1512545 0.1712374 -0.2190517 0.1534009 0.199366 -0.267388 0.1635427 0.2286596 -0.2620588 0.1548419 0.2307511 -0.3421696 0.1533822 0.2243752 -0.3422349 0.1629817 0.2223588 -0.3596094 0.1573303 -0.02506354 -0.4368591 0.157272 -0.004241986 -0.4430947 0.1623068 0.2017672 -0.4447224 0.1537197 0.203438 -0.6163702 0.1559882 0.1674457 -0.5372829 0.1570866 0.04989044 -0.5991163 0.1571759 0.1149173 -0.6163702 0.1559882 0.1674457 0.05244889 0.08696473 -0.1699475 0 0.106599 -0.168933 0.03980036 0.1597544 -0.09469713 0.07729094 0.0947426 -0.09558943 0 0.1798462 -0.0935838 0 0.106599 -0.168933 0.05557621 0.2206261 -0.01881687 0 0.2343626 -0.01945929 0 0.2601035 0.05217093 0.06594753 0.2432812 0.07381163 0.0984033 0.181631 -0.01819428 0.1145517 0.19177 0.07176638 0.09964962 0.2176018 0.1334902 0.1222025 0.1271567 -0.01829138 0.1424568 0.1292959 0.07173228 0.1134697 0.07115009 -0.01854497 0.1192332 0.1280729 0.1664421 0.1012914 0.2012729 0.1907066 0.08299287 0.1635633 0.2316873 0.08859092 0.1011081 0.2296654 0.04393146 0.1791367 0.2621786 0.1182097 0.06869408 0.1466307 0.1311501 0.05999196 0.07117143 0.05036669 0.08491021 0.2583823 0 0.1793427 0.2818923 0 0.08120614 0.2742882 0 0.0298705 0.2037627 0.06238466 0.04328209 0.2037321 0 0.009057254 0.1399169 0.07358067 0.02219789 0.1398546 0 0.001056254 0.07100818 0.07776824 0.01224348 0.07088266 0.0693063 0.02678232 -0.01864734 0 0.0239944 -0.06040741 0.0432994 0.04453488 -0.09443584 0 0.06984282 -0.1688804 0.05244889 0.08696473 -0.1699475</float_array>
          <technique_common>
            <accessor source="#BodyDM__SmallBirdsC-position-array" count="614" stride="3">
              <param name="X" type="float" />
              <param name="Y" type="float" />
              <param name="Z" type="float" />
            </accessor>
          </technique_common>
        </source>
        <source id="BodyDM__SmallBirdsC-normal">
          <float_array id="BodyDM__SmallBirdsC-normal-array" count="1842">0 0.479452 -0.8767123 0 0.9393346 -0.3444227 -0.5812133 0.7553816 -0.2994129 -0.6457925 0.3013699 -0.702544 -0.9569471 0.2661448 -0.1154599 0 0.4481409 -0.8943248 -0.9530333 0.06262231 -0.297456 -0.5714286 0.3522505 -0.739726 -0.407045 0.6438356 -0.6477495 0.001956947 0.7201566 -0.6947162 -0.8082192 0.5459883 -0.221135 -0.3855186 0.888454 -0.2485323 0.001956947 0.9569471 -0.2935421 -0.9275929 0.2367906 -0.2915851 -0.816047 0.5714286 0.09589041 -0.444227 0.890411 0.09001957 0 0.9980431 0.07436399 0 0.9354208 0.3542074 -0.4618395 0.81409 0.3502935 -0.9784736 0.18591 0.08219178 -0.7984344 0.4911937 0.3502935 -0.9941292 -0.04500978 0.09393346 -0.4207436 0.6046967 0.6771037 -0.9315069 0.1076321 0.3463796 -0.6653621 0.2915851 0.6868885 -0.9804305 -0.1252446 0.1506849 -0.9706458 0.1076321 0.2172211 -0.7318982 0 0.6810176 -0.4031311 0.2485323 0.8806262 -0.4951076 -0.05675147 0.8669276 0 0.4285714 0.9041096 -0.6810176 -0.3091977 0.6653621 -0.4109589 -0.2700587 0.8708415 0 0.702544 0.7123288 0.4285714 0.6007828 0.6751468 0.4050881 0.2504892 0.8786693 -0.3855186 -0.4735812 0.7925636 0 -0.4559687 0.890411 -0.9001957 -0.1682975 0.3992172 -0.5616438 -0.4716243 0.6790606 -0.849315 -0.1937378 0.4911937 -0.8180039 0.009784736 0.5733855 -0.555773 -0.005870841 0.8317025 0 0.09589041 0.9960861 0 -0.5518591 0.8336595 0 -0.3933464 0.9197652 0.5772994 -0.4774951 0.6614481 0.5596869 -0.001956947 0.8297456 0.3776908 -0.4774951 0.7925636 0.4090019 -0.2681018 0.8727984 0.6868885 -0.3228963 0.6516634 0.4951076 -0.05479452 0.8669276 0.8454012 -0.1624266 0.5088063 0.8062623 0.037182 0.5890411 0.9667319 0.1232877 0.221135 0.8982387 -0.1898239 0.3992172 0.9804305 -0.1193738 0.1545988 0.9569471 0.2681018 -0.1135029 0.9315069 0.09393346 0.3502935 0.9941292 -0.05088063 0.09589041 0.9510763 0.07240704 -0.3013699 0.7318982 0.001956947 0.6810176 0.9804305 0.1819961 0.08610567 0.6692759 0.2896282 0.6849315 0.8082192 0.4755382 0.3463796 0.4735812 0.8082192 0.3502935 0.8258317 0.555773 0.09589041 0.4559687 0.8845401 0.08806262 0 0.9980431 0.07436399 0.001956947 0.9569471 -0.2935421 0.3953033 0.8845401 -0.2465753 0.001956947 0.7201566 -0.6947162 0.925636 0.2407045 -0.295499 0.816047 0.5322896 -0.2250489 0.4187867 0.6360078 -0.6497065 0 0.4481409 -0.8943248 0.5655577 0.3581213 -0.7436399 0 0.479452 -0.8767123 0.6497065 0.3091977 -0.6947162 0.5812133 0.7573385 -0.2994129 0 0.9393346 -0.3444227 0.2426614 -0.9706458 0.001956947 0.3874756 -0.9217221 -0.02348337 0 -0.9941292 -0.1037182 -0.3874756 -0.9217221 -0.02348337 -0.2426614 -0.9706458 0.001956947 0 -0.9960861 -0.08806262 0.9549902 0.2857143 0.08610567 0.3874756 -0.9217221 -0.02348337 0 0.003913894 -1 0.8727984 0.05870841 -0.4853229 0.2289628 0.960861 -0.1624266 0.3855186 0.8864971 -0.2524462 0 0.9354208 -0.3542074 0 0.9667319 -0.2524462 -0.2289628 0.960861 -0.1624266 -0.3855186 0.8864971 -0.2524462 -0.9549902 0.2857143 0.08610567 -0.3874756 -0.9217221 -0.02348337 -0.8727984 0.05870841 -0.4853229 0 -0.9569471 0.2915851 -0.6066536 -0.7338552 0.3052838 0 -0.9432485 0.3307241 -0.6340509 -0.6888454 0.3502935 0 -0.2465753 0.9686888 -0.8767123 -0.01565558 0.479452 -0.8688846 -0.02739726 0.4931507 -0.6262231 0.6144814 0.479452 -0.5694716 0.6634051 0.483366 0 0.8630137 0.5068493 0 0.8590998 0.5107632 0.5694716 0.6634051 0.483366 0.6262231 0.6144814 0.479452 0.8767123 -0.01565558 0.479452 0.8688846 -0.02739726 0.4931507 0.6340509 -0.6888454 0.3502935 0.6066536 -0.7338552 0.3052838 0 -0.9569471 0.2915851 0 -0.9432485 0.3307241 0 0.9393346 -0.3444227 0 0.9001957 -0.4363992 -0.4716243 0.7808219 -0.4109589 0 0.7651663 -0.6438356 -0.5812133 0.7553816 -0.2994129 -0.4461839 0.6536204 -0.6125244 0 0.9354208 -0.3542074 -0.3855186 0.8864971 -0.2524462 -0.7573385 0.5322896 -0.3796478 -0.7162427 0.4324853 -0.5459883 -0.8649706 -0.001956947 -0.5009785 -0.9549902 0.2857143 0.08610567 -0.3874756 -0.9217221 -0.02348337 -0.9275929 0.1272016 -0.3522505 -0.8414873 0.5283757 -0.1174168 -0.9569471 0.2661448 -0.1154599 -0.8414873 -0.4481409 -0.2994129 -0.9412916 0.297456 0.1565558 -0.9706458 0.1076321 0.2172211 -0.9921722 0.1174168 -0.05088063 -0.9315069 0.1761252 0.3189824 -0.8180039 0.009784736 0.5733855 -0.9706458 0.08023483 0.2270059 -0.7651663 0.1135029 0.6340509 -0.555773 -0.005870841 0.8317025 -0.9275929 0.02544031 0.37182 -0.5127202 0.1056751 0.851272 0 0.09589041 0.9960861 0 0.1037182 0.9941292 -0.776908 -0.003913894 0.62818 -0.4872798 -0.07827789 0.8708415 0 -0.1369863 0.9902152 0 -0.6555773 0.7534246 -0.4031311 -0.5851272 0.702544 0 -0.9001957 0.4344423 -0.7455969 -0.3502935 0.5675147 -0.3894325 -0.8082192 0.4403131 0 -0.9745597 0.223092 -0.7945206 -0.4481409 0.4109589 -0.4168297 -0.8767123 0.2387476 0 -1 -0.02348337 -0.853229 -0.4540117 0.258317 -0.8786693 -0.4755382 -0.04305284 -0.4305284 -0.9021527 -0.0332681 -0.4422701 -0.8630137 -0.2426614 0 -0.9804305 -0.1996086 -0.7592955 -0.5225049 -0.3894325 -0.4011742 -0.8473581 -0.3483366 0 -0.9471624 -0.3189824 0 -0.9941292 -0.1037182 0 0.9001957 -0.4363992 0 0.9393346 -0.3444227 0.4716243 0.7808219 -0.4090019 0 0.7651663 -0.6438356 0.5812133 0.7573385 -0.2994129 0.4461839 0.6536204 -0.6125244 0 0.9354208 -0.3542074 0.3855186 0.8864971 -0.2524462 0.7573385 0.5322896 -0.3796478 0.7162427 0.4324853 -0.5459883 0.8649706 -0.001956947 -0.5009785 0.9549902 0.2857143 0.08610567 0.3874756 -0.9217221 -0.02348337 0.9275929 0.1272016 -0.3522505 0.8414873 0.5283757 -0.1154599 0.9569471 0.2681018 -0.1135029 0.8414873 -0.4481409 -0.2994129 0.9412916 0.3013699 0.1565558 0.9667319 0.1232877 0.221135 0.9921722 0.1174168 -0.05088063 0.9315069 0.1780822 0.3189824 0.8062623 0.037182 0.5890411 0.9706458 0.07827789 0.2270059 0.7632094 0.1135029 0.6360078 0.5596869 -0.001956947 0.8297456 0.9275929 0.02348337 0.37182 0.5127202 0.1056751 0.853229 0 0.09589041 0.9960861 0 0.1037182 0.9941292 0.776908 -0.005870841 0.62818 0.4872798 -0.07827789 0.8708415 0 -0.1369863 0.9902152 0 -0.6555773 0.7534246 0.4031311 -0.5851272 0.702544 0 -0.9001957 0.4344423 0.7455969 -0.3502935 0.5675147 0.3894325 -0.8082192 0.4403131 0 -0.9745597 0.223092 0.7945206 -0.4481409 0.4109589 0.4168297 -0.8767123 0.2387476 0 -1 -0.02348337 0.853229 -0.4540117 0.258317 0.8786693 -0.4755382 -0.04305284 0.4305284 -0.9021527 -0.0332681 0.4422701 -0.8630137 -0.2426614 0 -0.9804305 -0.1996086 0.7592955 -0.5225049 -0.3894325 0.4011742 -0.8473581 -0.3483366 0 -0.9471624 -0.3189824 0 -0.9941292 -0.1037182 -0.111546 0.9686888 0.2191781 -0.6360078 0 0.7710372 -0.2093934 0 0.9784736 -0.8727984 0 -0.4892368 -0.02152642 0.9960861 0.07632094 -0.06457926 0.9960861 -0.04696673 -0.6340509 0 -0.7729941 -0.1624266 0 0.9863014 -0.04500978 0.9980431 -0.06066536 -0.4031311 0 -0.9158513 -0.02935421 0.9980431 -0.05675147 -0.1369863 0 -0.9902152 -0.01369863 1 0.037182 -0.01174168 1 -0.03913894 0.001956947 0 -1 -0.009784736 1 0.03522505 -0.001956947 0 1 -0.007827789 1 -0.0332681 0.02152642 0.9980431 0.04305284 0.5440313 0 0.8395303 -0.003913894 1 -0.037182 0.08414873 0 -0.9960861 0.009784736 1 0.02739726 0.5048923 0 0.8630137 -0.001956947 1 -0.04109589 0.009784736 1 0.037182 0.3776908 0 0.925636 0.1448141 0 -0.9902152 0.007827789 1 0.04305284 0.2778865 0 0.960861 0.001956947 0.9980431 -0.04696673 0.1937378 0 -0.9804305 0.1330724 0.9902152 0.05675147 0.9843444 0 0.1800391 0.1389433 0.9882583 -0.05283757 0.9804305 0 -0.1937378 -0.2093934 0 0.9784736 -0.6360078 0 0.7710372 -0.111546 -0.9686888 0.2191781 -0.8727984 0 -0.4892368 -0.02152642 -0.9960861 0.07632094 -0.06457926 -0.9960861 -0.04696673 -0.6340509 0 -0.7729941 -0.1624266 0 0.9863014 -0.04500978 -0.9980431 -0.06066536 -0.4031311 0 -0.9158513 -0.02935421 -0.9980431 -0.05675147 -0.1369863 0 -0.9902152 -0.01369863 -1 0.037182 -0.01174168 -1 -0.03913894 0.001956947 0 -1 -0.009784736 -1 0.03522505 -0.001956947 0 1 -0.007827789 -1 -0.0332681 0.02152642 -0.9980431 0.04305284 0.5440313 0 0.8395303 -0.003913894 -1 -0.037182 0.08414873 0 -0.9960861 0.009784736 -1 0.02739726 0.5048923 0 0.8630137 -0.001956947 -1 -0.04109589 0.1448141 0 -0.9902152 0.009784736 -1 0.037182 0.3776908 0 0.925636 0.001956947 -0.9980431 -0.04696673 0.1937378 0 -0.9804305 0.007827789 -1 0.04305284 0.2778865 0 0.960861 0.1330724 -0.9902152 0.05675147 0.9843444 0 0.1800391 0.1389433 -0.9882583 -0.05283757 0.9804305 0 -0.1937378 0.6360078 0 0.7710372 0.111546 0.9686888 0.2191781 0.2093934 0 0.9784736 0.8727984 0 -0.4892368 0.02152642 0.9960861 0.07632094 0.06457926 0.9960861 -0.04696673 0.6340509 0 -0.7729941 0.1624266 0 0.9863014 0.04500978 0.9980431 -0.06066536 0.4031311 0 -0.9158513 0.02935421 0.9980431 -0.05675147 0.1369863 0 -0.9902152 0.01369863 1 0.037182 0.01174168 1 -0.03913894 -0.001956947 0 -1 0.009784736 1 0.03522505 0.001956947 0 1 0.007827789 1 -0.0332681 -0.02152642 0.9980431 0.04305284 -0.5440313 0 0.8395303 0.003913894 1 -0.037182 -0.08414873 0 -0.9960861 -0.009784736 1 0.02739726 -0.5048923 0 0.8630137 -0.009784736 1 0.037182 -0.3776908 0 0.925636 0.001956947 1 -0.04109589 -0.1448141 0 -0.9902152 -0.007827789 1 0.04305284 -0.2778865 0 0.960861 -0.001956947 0.9980431 -0.04696673 -0.1937378 0 -0.9804305 -0.1330724 0.9902152 0.05675147 -0.9843444 0 0.1800391 -0.1389433 0.9882583 -0.05283757 -0.9804305 0 -0.1937378 0.111546 -0.9686888 0.2191781 0.6360078 0 0.7710372 0.2093934 0 0.9784736 0.8727984 0 -0.4892368 0.02152642 -0.9960861 0.07632094 0.06457926 -0.9960861 -0.04696673 0.6340509 0 -0.7729941 0.1624266 0 0.9863014 0.04500978 -0.9980431 -0.06066536 0.4031311 0 -0.9158513 0.02935421 -0.9980431 -0.05675147 0.1369863 0 -0.9902152 0.01369863 -1 0.037182 0.01174168 -1 -0.03913894 -0.001956947 0 -1 0.009784736 -1 0.03522505 0.001956947 0 1 0.007827789 -1 -0.0332681 -0.02152642 -0.9980431 0.04305284 -0.5440313 0 0.8395303 0.003913894 -1 -0.037182 -0.009784736 -1 0.02739726 -0.5048923 0 0.8630137 -0.08414873 0 -0.9960861 -0.009784736 -1 0.037182 -0.3776908 0 0.925636 0.001956947 -1 -0.04109589 -0.1448141 0 -0.9902152 -0.007827789 -1 0.04305284 -0.2778865 0 0.960861 -0.001956947 -0.9980431 -0.04696673 -0.1937378 0 -0.9804305 -0.1330724 -0.9902152 0.05675147 -0.9843444 0 0.1800391 -0.1389433 -0.9882583 -0.05283757 -0.9804305 0 -0.1937378 -0.04500978 -0.9980431 0.03522505 -0.05675147 0.9980431 0.04109589 -0.03131115 -0.9980431 0.05870841 0.01956947 -0.9980431 0.04696673 -0.01761252 -0.9980431 -0.05870841 0.01761252 -0.9960861 0.09589041 -0.02544031 0.9980431 -0.05088063 -0.2504892 -0.9530333 -0.1643836 -0.3111546 -0.2152642 -0.925636 -0.009784736 -1 0.03522505 -0.01761252 -0.9980431 -0.05870841 0.01956947 -0.9980431 0.04696673 -0.01761252 -0.9980431 0.04696673 -0.5812133 -0.07240704 -0.8101761 -0.8336595 0.01174168 -0.553816 -0.9784736 -0.02544031 -0.2074364 0.03913894 -0.9980431 0.04892368 0.01761252 -0.9960861 0.09589041 0.037182 -0.9960861 -0.0704501 0.8297456 -0.55773 0.001956947 0.9902152 0.1389433 -0.04109589 0.02544031 1 0.03131115 0.03913894 -0.9980431 0.04892368 0.03522505 -0.9980431 0.0332681 -0.02739726 0.9980431 0.06066536 0.005870841 -1 0.0332681 -0.02739726 0.9980431 0.06066536 -0.04500978 -0.9980431 0.03522505 0.02152642 -0.9980431 -0.05870841 0.02152642 -0.9960861 -0.07827789 0.02152642 -0.9980431 -0.05870841 0.03522505 -0.9980431 0.0332681 0.8062623 0.4344423 -0.4011742 0.3131115 -0.2113503 -0.925636 0.01761252 -0.9980431 0.04696673 0.5812133 -0.07240704 -0.8101761 0.8336595 0.01174168 -0.553816 0.9784736 -0.02544031 -0.2074364 -0.03131115 -0.9980431 0.05870841 -0.05675147 0.9980431 0.04109589 -0.8180039 0.5733855 -0.001956947 -0.04500978 -0.9980431 0.03522505 0.02544031 0.9980431 0.04500978 -0.04500978 -0.9980431 0.03522505 -0.02739726 0.9980431 0.06066536 0.02348337 0.9980431 -0.04696673 0.02152642 -0.9980431 -0.05870841 0.02152642 -0.9960861 -0.07827789 0.8062623 0.4344423 -0.4011742 -0.05088063 0.9960861 -0.06457926 -0.8180039 0.5733855 -0.001956947 -0.9863014 -0.1585127 -0.03522505 0.02152642 -0.9960861 -0.07827789 -0.02739726 0.9980431 0.06066536 -0.005870841 1 0.037182 0.8062623 0.4344423 -0.4011742 0.03522505 -0.9980431 0.0332681 0.3131115 -0.2113503 -0.925636 0.02152642 1 0.037182 0.01761252 -0.9980431 0.04696673 0.9784736 -0.02544031 -0.2074364 0.5812133 -0.07240704 -0.8101761 0.8336595 0.01174168 -0.553816 0.9784736 -0.02544031 -0.2074364 -0.9373777 0.01174168 -0.3483366 -0.5381604 0.5812133 -0.6105675 0 0.9334638 -0.3581213 0 0.7475538 -0.6634051 0 0.9334638 -0.3581213 -0.4481409 0.7827789 -0.4305284 0 0.8806262 -0.4735812 0.02348337 0.8356164 -0.5479452 -0.6555773 0.6379648 -0.4031311 -0.7436399 0.5244619 -0.4148728 -0.8688846 0.003913894 -0.4931507 -0.9373777 0.01174168 -0.3483366 -0.8317025 0.5381604 -0.1350294 -0.9569471 0.2876712 -0.05479452 -0.9138943 0.1545988 -0.3737769 -0.9921722 0.1291585 0 -0.8434442 -0.4324853 -0.3209393 -0.9510763 0.07827789 0.297456 -0.9784736 0.0665362 0.1956947 -0.4481409 -0.8043053 -0.3874756 -0.9373777 0.01174168 -0.3483366 0 -0.9921722 -0.1232877 0 -0.9921722 -0.1232877 0 -0.9667319 -0.2563601 -0.4050881 -0.8825831 -0.2387476 0 -0.9980431 -0.05088063 -0.4109589 -0.9099804 -0.04305284 -0.8786693 -0.4735812 -0.04305284 -0.4207436 -0.8727984 0.2446184 0 -0.9765166 0.2152642 -0.8630137 -0.407045 0.2994129 -0.4422701 -0.7592955 0.4774951 0 -0.8864971 0.4618395 -0.776908 -0.2152642 0.592955 -0.4383562 -0.3835616 0.8121331 0 -0.4403131 0.8982387 0 -0.2015656 0.9784736 -0.5088063 -0.183953 0.8414873 -0.7984344 0.02739726 0.6007828 -0.8590998 -0.1037182 0.5009785 -0.04500978 -0.9980431 0.03522505 -0.03131115 -0.9980431 0.05870841 0.02152642 -0.9960861 -0.07827789 -0.01174168 -0.9980431 -0.05283757 -0.8180039 0.5733855 -0.001956947 -0.9863014 -0.1585127 -0.03522505 -0.05088063 0.9960861 -0.06457926 0.02152642 -0.9960861 -0.07827789 0.01369863 -0.9726027 0.2328767 -0.8786693 -0.1154599 0.4657534 -0.01956947 -0.9158513 0.3992172 -0.037182 0.07632094 0.9960861 -0.7005871 0.518591 0.4892368 0 0.8454012 0.5342466 0.704501 0.516634 0.4872798 0 0.8454012 0.5342466 0.8864971 -0.09393346 0.4520548 0.01369863 -0.9726027 0.2328767 -0.01956947 -0.9158513 0.3992172 0.02348337 0.8356164 -0.5479452 -0.6555773 0.6379648 -0.4031311 -0.0704501 0.5068493 -0.8590998 -0.5812133 0.4618395 -0.6692759 -0.9569471 0.2876712 -0.05479452 -0.01369863 0.7455969 -0.667319 -0.0704501 0.5068493 -0.8590998 -0.8962818 0.3307241 -0.297456 -0.4285714 0.8551859 -0.2915851 0.001956947 0.9530333 -0.3052838 -0.9863014 0.09784736 0.1291585 -0.9784736 0.0665362 0.1956947 -0.8062623 0.5792564 0.1213307 -0.4755382 0.8630137 0.1663405 0 0.9980431 0.05283757 0 0.9158513 0.4011742 -0.8590998 -0.1037182 0.5009785 -0.9784736 0.0665362 0.1956947 -0.5088063 -0.183953 0.8414873 -0.6966732 -0.2524462 0.6712329 0.003913894 -0.4559687 0.890411 -0.8590998 -0.1037182 0.5009785 -0.7964775 0.4422701 0.4109589 -0.7925636 0.09197652 0.6027398 -0.4637965 -0.1428571 0.8747554 0.003913894 -0.4559687 0.890411 -0.4403131 0.2700587 0.8551859 -0.481409 0.6536204 0.5831702 0 0.4559687 0.890411 0 0.4559687 0.890411 0 0.6908023 0.7240704 0.4892368 0.6516634 0.5792564 0.4461839 0.2681018 0.853229 0.4892368 0.8571429 0.1643836 0 0.9980431 0.05283757 0.001956947 0.9530333 -0.3052838 0.7886497 0.109589 0.6066536 0.4559687 -0.1409002 0.8786693 0.444227 0.8551859 -0.2681018 -0.01369863 0.7455969 -0.667319 0.816047 0.5655577 0.1174168 0.8062623 0.4305284 0.407045 0.5264188 0.5322896 -0.6634051 -0.0704501 0.5068493 -0.8590998 0.9021527 0.3228963 -0.2857143 0.9882583 0.1017613 0.1135029 0.02348337 0.8356164 -0.5479452 -0.0704501 0.5068493 -0.8590998 0.6497065 0.6183953 -0.4422701 0.9589041 0.2759295 -0.06262231 0.9784736 0.0704501 0.1917808 0.8688846 -0.1135029 0.483366 0.7945206 0.01956947 0.6086106 0.5205479 -0.1761252 0.8356164 0.6868885 -0.2837573 0.6692759 0.5205479 -0.1761252 0.8356164 0.003913894 -0.4559687 0.890411 0 -0.2015656 0.9784736 -0.5088063 -0.183953 0.8414873 0.592955 0.01956947 -0.8062623 0.9373777 0.01174168 -0.3483366 0 -0.9921722 -0.1232877 -0.9373777 0.01174168 -0.3483366 -0.592955 0.01956947 -0.8062623 0.9373777 0.01174168 -0.3483366 0 0.9334638 -0.3581213 -0.9373777 0.01174168 -0.3483366 0 0.003913894 -1 0 -0.9921722 -0.1232877 0.8297456 -0.55773 0.001956947 0.9902152 0.1389433 -0.04109589 0.01565558 0.9980431 -0.05088063 0.02544031 1 0.03131115 0.9902152 0.1389433 -0.04109589 0.037182 -0.9960861 -0.0704501 -0.01761252 -0.9980431 -0.05870841 -0.02544031 0.9980431 -0.05088063 0.03913894 -0.9980431 0.04892368 0.01761252 -0.9960861 0.09589041 0.001956947 1 0.02152642 0.01956947 -0.9980431 0.04696673 -0.009784736 -1 0.03522505 -0.01565558 1 0.02544031 -0.2504892 -0.9530333 -0.1643836 -0.3111546 -0.2152642 -0.925636 -0.02152642 1 0.037182 -0.01761252 -0.9980431 0.04696673 -0.9784736 -0.02544031 -0.2074364 -0.5812133 -0.07240704 -0.8101761 -0.8336595 0.01174168 -0.553816 -0.9784736 -0.02544031 -0.2074364 0.9373777 0.01174168 -0.3483366 0 0.9334638 -0.3581213 0.5381604 0.5812133 -0.6105675 0.8688846 0.003913894 -0.4931507 0 0.7475538 -0.6634051 0 0.9334638 -0.3581213 0.4481409 0.7827789 -0.4305284 0 0.8806262 -0.4735812 0.02348337 0.8356164 -0.5479452 0.6497065 0.6183953 -0.4422701 0.7436399 0.5244619 -0.4148728 0.8317025 0.5401174 -0.1272016 0.9589041 0.2759295 -0.06262231 0.9138943 0.1545988 -0.3737769 0.9921722 0.1311155 -0.001956947 0.8434442 -0.4324853 -0.3209393 0.9530333 0.07827789 0.295499 0.9784736 0.0704501 0.1917808 0.7945206 0.01956947 0.6086106 0.778865 -0.2093934 0.592955 0.5205479 -0.1761252 0.8356164 0.8630137 -0.407045 0.2994129 0.8786693 -0.4735812 -0.04305284 0.4383562 -0.3835616 0.8121331 0 -0.2015656 0.9784736 0 -0.4403131 0.8982387 0 -0.8864971 0.4618395 0.4422701 -0.7592955 0.4774951 0 -0.9765166 0.2152642 0.4207436 -0.8727984 0.2446184 0 -0.9980431 -0.05088063 0.4109589 -0.9099804 -0.04305284 0.4050881 -0.8825831 -0.2387476 0 -0.9667319 -0.2563601 0.4481409 -0.8043053 -0.3874756 0 -0.9921722 -0.1232877 0.9373777 0.01174168 -0.3483366</float_array>
          <technique_common>
            <accessor source="#BodyDM__SmallBirdsC-normal-array" count="614" stride="3">
              <param name="X" type="float" />
              <param name="Y" type="float" />
              <param name="Z" type="float" />
            </accessor>
          </technique_common>
        </source>
        <source id="BodyDM__SmallBirdsC-texcoord">
          <float_array id="BodyDM__SmallBirdsC-texcoord-array" count="1228">0.02532998 0.96318 0.01055924 0.9613336 0.02214084 0.8944533 0.03936828 0.8992294 0.06076143 0.8328527 0.05622949 0.9735256 0.07429618 0.8477607 0.06872664 0.9130236 0.09736782 0.9283742 0.09851225 0.9794766 0.1132525 0.9015793 0.1302968 0.9292439 0.1491112 0.973373 0.09507897 0.874754 0.1503319 0.8764935 0.1742885 0.909987 0.2037537 0.946746 0.2509041 0.9047074 0.2031891 0.8778668 0.1306783 0.8433967 0.1772946 0.8512551 0.1176928 0.8170291 0.2210727 0.8492867 0.1622339 0.8228123 0.2052949 0.8305638 0.1092699 0.7962158 0.103975 0.7856413 0.1982147 0.8077211 0.2346685 0.8153201 0.2225986 0.8007935 0.2506142 0.8218509 0.1990997 0.7867705 0.2325628 0.7857633 0.2507515 0.8602579 0.280354 0.8491493 0.2665293 0.8154727 0.2169985 0.7662013 0.2504311 0.7771878 0.1560693 0.7902342 0.2018769 0.7490959 0.1511864 0.7703059 0.1432975 0.7546349 0.1939727 0.7321584 0.2501259 0.7260853 0.250309 0.7584039 0.2502022 0.7400473 0.2986038 0.7486687 0.3063401 0.7316854 0.283711 0.7658656 0.2683757 0.7853666 0.3018998 0.7854887 0.2784466 0.8005951 0.3497368 0.7685207 0.3574884 0.7534905 0.3971618 0.7834134 0.3451743 0.7874876 0.3921111 0.7936675 0.4405432 0.8306249 0.3397421 0.8195163 0.3840391 0.8142519 0.4273747 0.8455176 0.3029984 0.8065919 0.371664 0.8403296 0.2961929 0.8293583 0.3245441 0.8496071 0.2985123 0.8775006 0.3517967 0.8747692 0.3275807 0.9093004 0.2982223 0.9462119 0.3529107 0.9723812 0.3717403 0.9281148 0.403357 0.9780728 0.4071412 0.8726482 0.388983 0.8999923 0.4047303 0.9269856 0.4453346 0.9717708 0.433753 0.912932 0.4770733 0.9616388 0.4619669 0.8973221 0.4790722 0.8923934 0.4918135 0.9595636 0.1387655 0.4148928 0.1187762 0.5117418 0.07866026 0.5155413 0.03852903 0.5119402 0.01808194 0.415198 0.07841612 0.4146944 0.1142748 0.3175402 0.1190204 0.3181506 0.07841612 0.4124209 0.13579 0.4099031 0.1328298 0.4048982 0.1071641 0.3166094 0.07817197 0.3128405 0.07841612 0.4101625 0.02397192 0.4051576 0.04921035 0.3167468 0.04208438 0.3177081 0.03735409 0.3183489 0.02102693 0.4101778 0.0577554 0.6521706 0.06272984 0.6603799 0.030869 0.6604715 0.03801022 0.6812543 0.08813611 0.6377661 0.06979477 0.6684367 0.04588388 0.6991989 0.06701762 0.7035172 0.07899596 0.6714122 0.08813611 0.702739 0.08813611 0.6726787 0.09727626 0.6714122 0.1092546 0.7035172 0.1064775 0.6684367 0.1303883 0.6991989 0.138262 0.6812543 0.1135271 0.6603799 0.1185016 0.6521706 0.1454032 0.6604868 0.5634394 0.8699626 0.5280079 0.8473487 0.5441062 0.8225986 0.4911421 0.809781 0.5912108 0.8446784 0.5008316 0.7968566 0.4577096 0.7718929 0.4639353 0.7630579 0.5537041 0.7951324 0.5088731 0.7793241 0.5124895 0.761059 0.4654612 0.7608911 0.4664683 0.7594568 0.5587701 0.7672694 0.6007324 0.8054932 0.632578 0.8250095 0.5592126 0.7393607 0.6384985 0.80177 0.6681773 0.812253 0.6027924 0.7714657 0.6680552 0.7924773 0.6929885 0.8001984 0.6367437 0.7709163 0.6891432 0.7823148 0.7177234 0.7893034 0.6640879 0.7680018 0.7126878 0.773312 0.7421378 0.7786373 0.7378958 0.7631342 0.6877851 0.7629053 0.7081864 0.7558557 0.7327993 0.7464256 0.7186389 0.7180133 0.698024 0.733135 0.6824293 0.6890364 0.6848249 0.7456779 0.6719463 0.7157397 0.6442054 0.6750591 0.663035 0.7406119 0.6385443 0.7064622 0.6021363 0.6677806 0.636408 0.7378958 0.6025482 0.7364614 0.6023651 0.7038529 0.5553979 0.7093767 0.5470665 0.6772717 0.5131761 0.7423819 0.5098955 0.7239186 0.5020066 0.7074998 0.4603647 0.7444266 0.9016098 0.9666285 0.8661784 0.9892424 0.8855116 0.9418936 0.9384756 0.9290608 0.8384222 0.9639735 0.9287862 0.9161516 0.9719082 0.8911726 0.9656824 0.8823529 0.8759136 0.9144274 0.9207447 0.8986191 0.9171435 0.880354 0.9641566 0.8801861 0.9631495 0.8787366 0.8708476 0.8865644 0.8288853 0.924773 0.7970397 0.9443046 0.8704051 0.8586404 0.7911193 0.9210498 0.7614405 0.9315327 0.8268254 0.8907454 0.7615778 0.9117723 0.7366293 0.9194934 0.792874 0.8902113 0.7404746 0.9015946 0.7118944 0.9085985 0.7655299 0.8872816 0.7169299 0.892607 0.68748 0.8979172 0.691722 0.8824292 0.7418326 0.8822004 0.7214313 0.8751507 0.6968185 0.8657054 0.7109789 0.8373083 0.7315938 0.85243 0.7471885 0.8083314 0.7447929 0.8649729 0.7576715 0.8350195 0.7854124 0.7943541 0.7665827 0.8599069 0.7910735 0.8257573 0.8274815 0.7870604 0.7932097 0.8571908 0.8270695 0.8557565 0.8272526 0.823148 0.8742199 0.8286564 0.8825513 0.7965667 0.9164416 0.8616769 0.9197223 0.8432136 0.9276112 0.8267949 0.9692531 0.8637217 0.9787137 0.6118562 0.9858854 0.6145877 0.866331 0.6448768 0.973785 0.5757687 0.863447 0.6405737 0.9668269 0.576257 0.9291676 0.5305409 0.7933776 0.6614329 0.9238728 0.5333028 0.857847 0.4933547 0.8550393 0.4978561 0.802533 0.4792554 0.7930571 0.6561227 0.8019074 0.4845655 0.7414664 0.4776226 0.7446403 0.6616923 0.7428244 0.6674296 0.7415122 0.4833906 0.7322957 0.6583657 0.7293813 0.6635538 0.7058519 0.4859846 0.7026169 0.4802014 0.7081559 0.6406348 0.7039902 0.645304 0.6720684 0.4899977 0.6738384 0.6247959 0.6685435 0.6293278 0.6674144 0.4843061 0.6453651 0.614313 0.6388495 0.6188143 0.6423438 0.4956283 0.6360723 0.4902724 0.6112916 0.6033264 0.6028992 0.6059052 0.6092317 0.5046464 0.6009003 0.5014877 0.7086747 0.4272373 0.589868 0.3941253 0.5971008 0.3915617 0.6028839 0.3556115 0.7116655 0.4229953 0.6098421 0.3562524 0.6485542 0.3114519 0.7812314 0.4454871 0.653788 0.3143358 0.7207447 0.2759442 0.7234302 0.2805219 0.7763638 0.2631571 0.7816739 0.4401923 0.7768673 0.2684825 0.8374456 0.2629587 0.8299382 0.4469062 0.8316167 0.4526894 0.8372778 0.2687266 0.8423591 0.4438697 0.8451514 0.4491341 0.8728465 0.2721599 0.8762341 0.266453 0.8669108 0.4267185 0.8709697 0.4314793 0.9065385 0.2769665 0.9113298 0.2713817 0.9015946 0.4116731 0.9067826 0.4163424 0.9361105 0.2832838 0.9425192 0.2780957 0.9302968 0.4018769 0.9367056 0.4065309 0.9646296 0.3916991 0.972961 0.394461 0.9690089 0.2930953 0.9774166 0.290135 0.1665522 0.6145877 0.173724 0.6118562 0.2861066 0.6448768 0.1786526 0.5757687 0.2889906 0.6405737 0.185626 0.576257 0.22327 0.5305409 0.35906 0.6614329 0.2285649 0.5333028 0.2946059 0.4933547 0.2973983 0.4978561 0.3499046 0.4792554 0.3593805 0.6561227 0.3505302 0.4845655 0.4109712 0.4776226 0.4077974 0.6616923 0.4096132 0.6674296 0.4109407 0.4833906 0.4201419 0.6583657 0.4230564 0.6635538 0.4465858 0.4859846 0.4498207 0.4802014 0.4442817 0.6406348 0.4484474 0.645304 0.4785992 0.6247959 0.4838941 0.6293278 0.4803693 0.4899977 0.4850385 0.4843061 0.5070726 0.614313 0.5135881 0.6188143 0.5100939 0.4956283 0.5163805 0.4902724 0.541146 0.6033264 0.5495384 0.6059052 0.5432059 0.5046464 0.5515373 0.5014877 0.5553368 0.3915617 0.5625696 0.3941253 0.4437629 0.4272373 0.5495537 0.3556115 0.4407721 0.4229953 0.5426108 0.3562524 0.5038834 0.3114519 0.3712215 0.4454871 0.4986496 0.3143358 0.4317082 0.2759442 0.4290074 0.2805219 0.3760739 0.2631571 0.3707637 0.4401923 0.3755856 0.2684825 0.314992 0.2629587 0.3224994 0.4469062 0.3208209 0.4526894 0.3151751 0.2687266 0.3100786 0.4438697 0.3072862 0.4491341 0.2795911 0.2721599 0.2855268 0.4267185 0.2814832 0.4314793 0.2762035 0.266453 0.250843 0.4116731 0.245655 0.4163424 0.2458991 0.2769665 0.2411078 0.2713817 0.2221408 0.4018769 0.2157321 0.4065309 0.2163272 0.2832838 0.2099184 0.2780957 0.1878233 0.3916991 0.1794766 0.394461 0.1834287 0.2930953 0.175021 0.290135 0.2832532 0.4293889 0.245655 0.4163424 0.235523 0.407721 0.8378729 0.4495003 0.8628977 0.2691234 0.8691844 0.4293889 0.8374456 0.2630045 0.7764553 0.264149 0.7212482 0.2767987 0.781445 0.4428473 0.8628977 0.2691234 0.8378729 0.4495003 0.7101701 0.4251164 0.6492103 0.3118029 0.6033112 0.355642 0.591226 0.393637 0.9106126 0.410605 0.8691844 0.4293889 0.9146258 0.2753949 0.9719082 0.39411 0.9753109 0.2908674 0.9367056 0.4065309 0.9106126 0.410605 0.3709926 0.4428473 0.3132067 0.4506904 0.3186236 0.4459602 0.3132067 0.4506904 0.2832532 0.4293889 0.3150835 0.2662089 0.2778973 0.2693065 0.3150835 0.2662089 0.3709926 0.4428473 0.3758907 0.2651408 0.4312047 0.2767987 0.4422675 0.4251164 0.5032273 0.3118029 0.5491264 0.355642 0.5612116 0.393637 0.5135881 0.6188143 0.4876021 0.6235142 0.5469139 0.6050965 0.4484474 0.645304 0.4442817 0.6406348 0.4484474 0.645304 0.4157931 0.6641032 0.4176242 0.4838789 0.4109712 0.4776226 0.4498207 0.4802014 0.3500267 0.4802472 0.488426 0.4882429 0.5469139 0.6050965 0.5510185 0.5016861 0.4498207 0.4802014 0.4157931 0.6641032 0.3593805 0.6561227 0.3500267 0.4802472 0.35906 0.6614329 0.2956435 0.4950485 0.2889906 0.6405737 0.2861066 0.6448768 0.1669947 0.6144198 0.2245975 0.5312428 0.1799649 0.5758603 0.1669947 0.6144198 0.4654765 0.7608606 0.5008316 0.7968566 0.4577096 0.7718929 0.4911421 0.809781 0.4577096 0.7718929 0.5441062 0.8225986 0.5280079 0.8473487 0.5634394 0.8699626 0.5912108 0.8446784 0.5537041 0.7951324 0.5122606 0.7622034 0.4654765 0.7608606 0.6007324 0.8054932 0.6333257 0.8221103 0.5587701 0.7672694 0.6027924 0.7714657 0.5592126 0.7393607 0.6504158 0.7694514 0.668162 0.809781 0.5101091 0.7250782 0.4654765 0.7608606 0.4603647 0.7444266 0.4603647 0.7444266 0.5217212 0.6942855 0.5553979 0.7093767 0.6021363 0.6677806 0.6023651 0.7038529 0.6025482 0.7364614 0.6385443 0.7064622 0.6442054 0.6750591 0.6397345 0.7382467 0.6719463 0.7157397 0.6824293 0.6890364 0.6855574 0.7499809 0.6993057 0.7359731 0.721294 0.7233387 0.7418784 0.7776608 0.7174182 0.7883116 0.6891432 0.7823148 0.6929885 0.8001984 0.2832532 0.4293889 0.235523 0.407721 0.2778973 0.2693065 0.2403601 0.2781414 0.1805295 0.39411 0.1771267 0.2908674 0.2352636 0.272633 0.2778973 0.2693065 0.05807584 0.6526741 0.04391547 0.6947128 0.030869 0.6604715 0.08830396 0.6415198 0.06701762 0.7035172 0.08831922 0.7008317 0.1092546 0.7035172 0.08831922 0.7008317 0.1323568 0.6947128 0.1172656 0.6542306 0.1454032 0.6604868 0.01794461 0.9622644 0.02751202 0.8959487 0.05622949 0.9735256 0.08842603 0.9235828 0.06245518 0.8347143 0.09851225 0.9794766 0.05622949 0.9735256 0.1087205 0.8948806 0.1302968 0.9292439 0.1491112 0.973373 0.1385672 0.8382391 0.1056229 0.7889372 0.1503319 0.8764935 0.1742885 0.909987 0.2037537 0.946746 0.2509041 0.9047074 0.1489891 0.7691157 0.1056229 0.7889372 0.1954528 0.7353323 0.2024567 0.7829099 0.2504158 0.7760128 0.1489891 0.7691157 0.1772946 0.8512551 0.2021973 0.8205692 0.2251011 0.7970397 0.2504158 0.7760128 0.2346685 0.8153201 0.2188296 0.8528572 0.2506142 0.8218509 0.2506142 0.8218509 0.2507515 0.8602579 0.2826276 0.8526894 0.2665293 0.8154727 0.3275807 0.9093004 0.2982223 0.9462119 0.3529107 0.9723812 0.2991684 0.8193942 0.2759289 0.7967803 0.3717403 0.9281148 0.403357 0.9780728 0.3517967 0.8747692 0.3245441 0.8496071 0.4083619 0.9252308 0.4453346 0.9717708 0.3946593 0.8914473 0.3636835 0.8351263 0.4844434 0.9606012 0.4453346 0.9717708 0.4737316 0.8939345 0.4397192 0.8315557 0.3958953 0.7859769 0.3471733 0.7791867 0.3574884 0.7534905 0.3048905 0.7348745 0.2996261 0.7830319 0.3048905 0.7348745 0.2504158 0.7760128 0.2501717 0.7330739 0.1954528 0.7353323 0.1358358 0.4099794 0.1187762 0.5117418 0.07866026 0.5155413 0.03852903 0.5119402 0.02098116 0.4102541 0.1143969 0.3175555 0.07817197 0.3128405 0.04197757 0.3177233 0.07841612 0.4122835 0.07866026 0.5155413 0.6055238 0.6050965 0.6014191 0.5016861 0.6664988 0.4910506 0.6586099 0.6204776 0.6014191 0.5016861 0.6615244 0.48542 0.7026169 0.4802014 0.7414969 0.4808728 0.6685435 0.6293278 0.7039902 0.645304 0.7407798 0.6606546 0.7352712 0.6652628 0.7933776 0.6614329 0.7930571 0.6561227 0.8023041 0.481239 0.8567941 0.4950485 0.863447 0.6405737 0.866331 0.6448768 0.9854429 0.6144198 0.9278401 0.5312428 0.972488 0.5758603 0.9854429 0.6144198 0.9641413 0.8801556 0.9719082 0.8911726 0.9287862 0.9161516 0.9173571 0.8814985 0.9384756 0.9290608 0.9719082 0.8911726 0.8855116 0.9418936 0.9016098 0.9666285 0.8661784 0.9889982 0.8384222 0.9639735 0.8759136 0.9144274 0.8288853 0.924773 0.7962921 0.9413901 0.8708476 0.8865644 0.8268254 0.8907454 0.8704051 0.8586404 0.7792019 0.8887465 0.7614557 0.9290761 0.7395132 0.9060655 0.7440604 0.8692759 0.7122148 0.9075913 0.7898833 0.8575265 0.8270695 0.8557565 0.7303273 0.8552682 0.6877394 0.8969558 0.7083238 0.8426337 0.7471885 0.8083314 0.7576715 0.8350195 0.7854124 0.7943541 0.7910735 0.8257573 0.8274815 0.7870604 0.8272526 0.823148 0.8742199 0.8286564 0.9078965 0.8135653 0.9195239 0.8443732 0.9692531 0.8637217 0.9641413 0.8801556</float_array>
          <technique_common>
            <accessor source="#BodyDM__SmallBirdsC-texcoord-array" count="614" stride="2">
              <param name="S" type="float" />
              <param name="T" type="float" />
            </accessor>
          </technique_common>
        </source>
        <vertices id="BodyDM__SmallBirdsC-vertex">
          <input semantic="POSITION" source="#BodyDM__SmallBirdsC-position" />
        </vertices>
        <triangles material="SmallBirdsC" count="538">
          <input semantic="VERTEX" source="#BodyDM__SmallBirdsC-vertex" offset="0" />
          <input semantic="NORMAL" source="#BodyDM__SmallBirdsC-normal" offset="1" />
          <input semantic="TEXCOORD" source="#BodyDM__SmallBirdsC-texcoord" offset="2" set="0" />
          <p>0 0 0 1 1 1 2 2 2 3 3 3 0 0 0 2 2 2 2 2 2 4 4 4 3 3 3 0 0 0 3 3 3 5 5 5 4 4 4 6 6 6 3 3 3 3 3 3 7 7 7 5 5 5 3 3 3 6 6 6 7 7 7 5 5 5 7 7 7 8 8 8 9 9 9 5 5 5 8 8 8 10 10 10 8 8 8 7 7 7 8 8 8 11 11 11 9 9 9 8 8 8 10 10 10 11 11 11 11 11 11 12 12 12 9 9 9 13 13 13 10 10 10 7 7 7 6 6 6 13 13 13 7 7 7 10 10 10 14 14 14 11 11 11 14 14 14 10 10 10 13 13 13 11 11 11 15 15 15 12 12 12 14 14 14 15 15 15 11 11 11 15 15 15 16 16 16 12 12 12 17 17 17 16 16 16 15 15 15 18 18 18 15 15 15 14 14 14 18 18 18 17 17 17 15 15 15 19 19 19 14 14 14 13 13 13 19 19 19 13 13 13 6 6 6 20 20 20 18 18 18 14 14 14 20 20 20 14 14 14 19 19 19 21 21 21 19 19 19 6 6 6 20 20 20 22 22 22 18 18 18 18 18 18 22 22 22 17 17 17 23 23 23 20 20 20 19 19 19 23 23 23 19 19 19 21 21 21 20 20 20 24 24 24 22 22 22 25 25 25 21 21 21 6 6 6 4 4 4 25 25 25 6 6 6 4 4 4 26 26 26 25 25 25 20 20 20 27 27 27 24 24 24 23 23 23 27 27 27 20 20 20 27 27 27 28 28 28 24 24 24 24 24 24 28 28 28 22 22 22 27 27 27 29 29 29 28 28 28 22 22 22 28 28 28 30 30 30 29 29 29 27 27 27 31 31 31 23 23 23 31 31 31 27 27 27 32 32 32 29 29 29 31 31 31 22 22 22 30 30 30 33 33 33 17 17 17 22 22 22 33 33 33 34 34 34 33 33 33 30 30 30 34 34 34 17 17 17 33 33 33 34 34 34 30 30 30 35 35 35 36 36 36 32 32 32 31 31 31 36 36 36 37 37 37 32 32 32 38 38 38 31 31 31 23 23 23 38 38 38 23 23 23 21 21 21 38 38 38 21 21 21 25 25 25 31 31 31 39 39 39 36 36 36 38 38 38 39 39 39 31 31 31 40 40 40 38 38 38 25 25 25 39 39 39 38 38 38 40 40 40 25 25 25 26 26 26 40 40 40 26 26 26 41 41 41 40 40 40 42 42 42 40 40 40 41 41 41 39 39 39 40 40 40 42 42 42 42 42 42 43 43 43 39 39 39 39 39 39 44 44 44 36 36 36 44 44 44 37 37 37 36 36 36 39 39 39 43 43 43 45 45 45 45 45 45 44 44 44 39 39 39 45 45 45 43 43 43 46 46 46 45 45 45 46 46 46 44 44 44 46 46 46 43 43 43 47 47 47 44 44 44 48 48 48 37 37 37 44 44 44 46 46 46 48 48 48 37 37 37 48 48 48 49 49 49 48 48 48 50 50 50 49 49 49 48 48 48 46 46 46 50 50 50 51 51 51 49 49 49 50 50 50 46 46 46 47 47 47 52 52 52 52 52 52 47 47 47 53 53 53 52 52 52 53 53 53 54 54 54 46 46 46 52 52 52 55 55 55 50 50 50 46 46 46 55 55 55 56 56 56 52 52 52 54 54 54 55 55 55 52 52 52 56 56 56 57 57 57 56 56 56 54 54 54 55 55 55 58 58 58 50 50 50 59 59 59 55 55 55 56 56 56 55 55 55 59 59 59 58 58 58 57 57 57 60 60 60 56 56 56 60 60 60 59 59 59 56 56 56 61 61 61 51 51 51 50 50 50 50 50 50 58 58 58 61 61 61 61 61 61 35 35 35 51 51 51 59 59 59 62 62 62 58 58 58 59 59 59 60 60 60 62 62 62 61 61 61 63 63 63 35 35 35 63 63 63 34 34 34 35 35 35 58 58 58 64 64 64 61 61 61 61 61 61 64 64 64 63 63 63 64 64 64 34 34 34 63 63 63 64 64 64 58 58 58 62 62 62 64 64 64 65 65 65 34 34 34 65 65 65 17 17 17 34 34 34 66 66 66 64 64 64 62 62 62 65 65 65 64 64 64 66 66 66 17 17 17 65 65 65 67 67 67 67 67 67 65 65 65 66 66 66 68 68 68 17 17 17 67 67 67 69 69 69 68 68 68 67 67 67 70 70 70 69 69 69 67 67 67 70 70 70 67 67 67 66 66 66 71 71 71 69 69 69 70 70 70 66 66 66 62 62 62 72 72 72 60 60 60 72 72 72 62 62 62 73 73 73 70 70 70 66 66 66 73 73 73 66 66 66 72 72 72 74 74 74 71 71 71 70 70 70 74 74 74 70 70 70 73 73 73 71 71 71 74 74 74 75 75 75 74 74 74 73 73 73 76 76 76 74 74 74 76 76 76 75 75 75 73 73 73 72 72 72 76 76 76 77 77 77 75 75 75 76 76 76 78 78 78 76 76 76 72 72 72 78 78 78 77 77 77 76 76 76 60 60 60 78 78 78 72 72 72 78 78 78 60 60 60 57 57 57 79 79 79 78 78 78 57 57 57 77 77 77 78 78 78 79 79 79 80 80 80 77 77 77 79 79 79 81 81 81 82 82 82 83 83 83 84 84 84 85 85 85 83 83 83 81 81 81 83 83 83 86 86 86 83 83 83 85 85 85 86 86 86 87 87 87 88 88 88 81 81 81 86 86 86 85 85 85 89 89 89 86 86 86 89 89 89 81 81 81 90 90 90 87 87 87 81 81 81 89 89 89 90 90 90 81 81 81 90 90 90 91 91 91 87 87 87 90 90 90 89 89 89 91 91 91 91 91 91 92 92 92 87 87 87 92 92 92 91 91 91 93 93 93 91 91 91 94 94 94 93 93 93 89 89 89 94 94 94 91 91 91 94 94 94 95 95 95 93 93 93 95 95 95 94 94 94 89 89 89 93 93 93 95 95 95 96 96 96 96 96 96 95 95 95 97 97 97 85 85 85 98 98 98 97 97 97 99 99 99 95 95 95 89 89 89 85 85 85 99 99 99 89 89 89 95 95 95 99 99 99 97 97 97 99 99 99 85 85 85 97 97 97 100 100 100 101 101 101 102 102 102 101 101 101 103 103 103 102 102 102 100 100 100 104 104 104 101 101 101 101 101 101 105 105 105 103 103 103 101 101 101 104 104 104 105 105 105 105 105 105 106 106 106 103 103 103 106 106 106 105 105 105 107 107 107 105 105 105 108 108 108 107 107 107 105 105 105 104 104 104 108 108 108 107 107 107 108 108 108 109 109 109 108 108 108 110 110 110 109 109 109 108 108 108 104 104 104 110 110 110 109 109 109 110 110 110 111 111 111 111 111 111 110 110 110 104 104 104 112 112 112 109 109 109 111 111 111 112 112 112 111 111 111 113 113 113 113 113 113 111 111 111 104 104 104 114 114 114 112 112 112 113 113 113 114 114 114 113 113 113 115 115 115 116 116 116 113 113 113 104 104 104 113 113 113 116 116 116 115 115 115 117 117 117 116 116 116 104 104 104 115 115 115 116 116 116 118 118 118 116 116 116 117 117 117 118 118 118 119 119 119 120 120 120 121 121 121 121 121 121 120 120 120 122 122 122 123 123 123 119 119 119 121 121 121 124 124 124 121 121 121 122 122 122 122 122 122 125 125 125 124 124 124 126 126 126 124 124 124 125 125 125 123 123 123 121 121 121 127 127 127 127 127 127 121 121 121 124 124 124 128 128 128 124 124 124 126 126 126 128 128 128 127 127 127 124 124 124 126 126 126 129 129 129 128 128 128 129 129 129 126 126 126 130 130 130 129 129 129 130 130 130 131 131 131 132 132 132 127 127 127 128 128 128 129 129 129 132 132 132 128 128 128 133 133 133 123 123 123 127 127 127 133 133 133 127 127 127 132 132 132 133 133 133 134 134 134 123 123 123 135 135 135 132 132 132 129 129 129 133 133 133 136 136 136 134 134 134 137 137 137 134 134 134 136 136 136 138 138 138 133 133 133 132 132 132 136 136 136 133 133 133 138 138 138 138 138 138 132 132 132 135 135 135 139 139 139 137 137 137 136 136 136 140 140 140 137 137 137 139 139 139 141 141 141 136 136 136 138 138 138 139 139 139 136 136 136 141 141 141 142 142 142 140 140 140 139 139 139 143 143 143 140 140 140 142 142 142 144 144 144 139 139 139 141 141 141 142 142 142 139 139 139 144 144 144 145 145 145 143 143 143 142 142 142 146 146 146 143 143 143 145 145 145 147 147 147 146 146 146 145 145 145 142 142 142 148 148 148 145 145 145 148 148 148 142 142 142 144 144 144 147 147 147 145 145 145 149 149 149 148 148 148 149 149 149 145 145 145 150 150 150 147 147 147 149 149 149 150 150 150 149 149 149 151 151 151 149 149 149 152 152 152 151 151 151 149 149 149 148 148 148 152 152 152 151 151 151 152 152 152 153 153 153 148 148 148 154 154 154 152 152 152 154 154 154 148 148 148 144 144 144 152 152 152 155 155 155 153 153 153 152 152 152 154 154 154 155 155 155 153 153 153 155 155 155 156 156 156 157 157 157 154 154 154 144 144 144 154 154 154 157 157 157 155 155 155 157 157 157 144 144 144 141 141 141 155 155 155 158 158 158 156 156 156 155 155 155 157 157 157 158 158 158 156 156 156 158 158 158 159 159 159 160 160 160 157 157 157 141 141 141 157 157 157 160 160 160 158 158 158 160 160 160 141 141 141 138 138 138 161 161 161 160 160 160 138 138 138 158 158 158 160 160 160 161 161 161 161 161 161 138 138 138 135 135 135 162 162 162 158 158 158 161 161 161 162 162 162 161 161 161 135 135 135 158 158 158 162 162 162 159 159 159 159 159 159 162 162 162 163 163 163 163 163 163 162 162 162 135 135 135 164 164 164 159 159 159 163 163 163 163 163 163 135 135 135 165 165 165 165 165 165 135 135 135 129 129 129 129 129 129 131 131 131 165 165 165 164 164 164 163 163 163 166 166 166 166 166 166 163 163 163 165 165 165 165 165 165 131 131 131 166 166 166 167 167 167 164 164 164 166 166 166 166 166 166 131 131 131 168 168 168 166 166 166 168 168 168 167 167 167 169 169 169 170 170 170 171 171 171 172 172 172 169 169 169 171 171 171 170 170 170 173 173 173 171 171 171 174 174 174 172 172 172 171 171 171 172 172 172 174 174 174 175 175 175 176 176 176 175 175 175 174 174 174 171 171 171 173 173 173 177 177 177 174 174 174 171 171 171 177 177 177 176 176 176 174 174 174 178 178 178 178 178 178 174 174 174 177 177 177 176 176 176 178 178 178 179 179 179 179 179 179 180 180 180 176 176 176 179 179 179 181 181 181 180 180 180 178 178 178 177 177 177 182 182 182 179 179 179 178 178 178 182 182 182 173 173 173 183 183 183 177 177 177 177 177 177 183 183 183 182 182 182 183 183 183 173 173 173 184 184 184 179 179 179 182 182 182 185 185 185 183 183 183 184 184 184 186 186 186 184 184 184 187 187 187 186 186 186 183 183 183 188 188 188 182 182 182 183 183 183 186 186 186 188 188 188 182 182 182 188 188 188 185 185 185 187 187 187 189 189 189 186 186 186 187 187 187 190 190 190 189 189 189 186 186 186 191 191 191 188 188 188 186 186 186 189 189 189 191 191 191 190 190 190 192 192 192 189 189 189 192 192 192 190 190 190 193 193 193 189 189 189 194 194 194 191 191 191 189 189 189 192 192 192 194 194 194 195 195 195 192 192 192 193 193 193 195 195 195 193 193 193 196 196 196 197 197 197 195 195 195 196 196 196 192 192 192 195 195 195 198 198 198 192 192 192 198 198 198 194 194 194 199 199 199 195 195 195 197 197 197 195 195 195 199 199 199 198 198 198 200 200 200 199 199 199 197 197 197 200 200 200 201 201 201 199 199 199 201 201 201 202 202 202 199 199 199 199 199 199 202 202 202 198 198 198 202 202 202 201 201 201 203 203 203 202 202 202 204 204 204 198 198 198 194 194 194 198 198 198 204 204 204 205 205 205 202 202 202 203 203 203 204 204 204 202 202 202 205 205 205 205 205 205 203 203 203 206 206 206 207 207 207 194 194 194 204 204 204 207 207 207 204 204 204 205 205 205 191 191 191 194 194 194 207 207 207 208 208 208 205 205 205 206 206 206 207 207 207 205 205 205 208 208 208 208 208 208 206 206 206 209 209 209 210 210 210 191 191 191 207 207 207 210 210 210 207 207 207 208 208 208 188 188 188 191 191 191 210 210 210 211 211 211 188 188 188 210 210 210 211 211 211 210 210 210 208 208 208 188 188 188 211 211 211 185 185 185 212 212 212 211 211 211 208 208 208 185 185 185 211 211 211 212 212 212 212 212 212 208 208 208 209 209 209 213 213 213 212 212 212 209 209 209 213 213 213 185 185 185 212 212 212 214 214 214 213 213 213 209 209 209 215 215 215 185 185 185 213 213 213 215 215 215 179 179 179 185 185 185 179 179 179 215 215 215 181 181 181 216 216 216 213 213 213 214 214 214 216 216 216 215 215 215 213 213 213 215 215 215 216 216 216 181 181 181 217 217 217 216 216 216 214 214 214 181 181 181 216 216 216 218 218 218 216 216 216 217 217 217 218 218 218 219 219 219 220 220 220 221 221 221 220 220 220 219 219 219 222 222 222 223 223 223 219 219 219 221 221 221 219 219 219 224 224 224 222 222 222 223 223 223 224 224 224 219 219 219 222 222 222 224 224 224 225 225 225 223 223 223 221 221 221 226 226 226 224 224 224 227 227 227 225 225 225 223 223 223 227 227 227 224 224 224 225 225 225 227 227 227 228 228 228 227 227 227 229 229 229 228 228 228 229 229 229 227 227 227 223 223 223 228 228 228 229 229 229 230 230 230 231 231 231 223 223 223 226 226 226 231 231 231 229 229 229 223 223 223 229 229 229 232 232 232 230 230 230 229 229 229 231 231 231 232 232 232 230 230 230 232 232 232 233 233 233 234 234 234 231 231 231 226 226 226 235 235 235 234 234 234 226 226 226 236 236 236 232 232 232 231 231 231 234 234 234 236 236 236 231 231 231 232 232 232 236 236 236 233 233 233 234 234 234 235 235 235 237 237 237 236 236 236 234 234 234 237 237 237 235 235 235 238 238 238 237 237 237 236 236 236 239 239 239 233 233 233 239 239 239 240 240 240 233 233 233 236 236 236 237 237 237 241 241 241 241 241 241 237 237 237 238 238 238 239 239 239 236 236 236 241 241 241 242 242 242 241 241 241 238 238 238 239 239 239 243 243 243 240 240 240 244 244 244 241 241 241 242 242 242 241 241 241 244 244 244 239 239 239 244 244 244 243 243 243 239 239 239 245 245 245 244 244 244 242 242 242 243 243 243 246 246 246 240 240 240 247 247 247 244 244 244 245 245 245 244 244 244 247 247 247 243 243 243 248 248 248 247 247 247 245 245 245 243 243 243 249 249 249 246 246 246 247 247 247 249 249 249 243 243 243 249 249 249 250 250 250 246 246 246 251 251 251 247 247 247 248 248 248 247 247 247 251 251 251 249 249 249 252 252 252 251 251 251 248 248 248 249 249 249 253 253 253 250 250 250 251 251 251 253 253 253 249 249 249 253 253 253 251 251 251 252 252 252 253 253 253 254 254 254 250 250 250 254 254 254 253 253 253 252 252 252 255 255 255 256 256 256 257 257 257 256 256 256 258 258 258 257 257 257 259 259 259 255 255 255 257 257 257 258 258 258 260 260 260 257 257 257 259 259 259 257 257 257 260 260 260 258 258 258 261 261 261 260 260 260 262 262 262 255 255 255 259 259 259 261 261 261 263 263 263 260 260 260 259 259 259 260 260 260 263 263 263 261 261 261 264 264 264 263 263 263 264 264 264 265 265 265 263 263 263 265 265 265 259 259 259 263 263 263 264 264 264 266 266 266 265 265 265 267 267 267 262 262 262 259 259 259 267 267 267 259 259 259 265 265 265 266 266 266 268 268 268 265 265 265 265 265 265 268 268 268 267 267 267 266 266 266 269 269 269 268 268 268 262 262 262 267 267 267 270 270 270 271 271 271 262 262 262 270 270 270 268 268 268 272 272 272 267 267 267 272 272 272 270 270 270 267 267 267 269 269 269 272 272 272 268 268 268 271 271 271 270 270 270 273 273 273 273 273 273 270 270 270 272 272 272 274 274 274 271 271 271 273 273 273 275 275 275 272 272 272 269 269 269 276 276 276 275 275 275 269 269 269 273 273 273 272 272 272 277 277 277 274 274 274 273 273 273 277 277 277 272 272 272 275 275 275 277 277 277 278 278 278 274 274 274 277 277 277 275 275 275 276 276 276 279 279 279 276 276 276 280 280 280 279 279 279 281 281 281 277 277 277 275 275 275 278 278 278 277 277 277 281 281 281 279 279 279 281 281 281 275 275 275 282 282 282 278 278 278 281 281 281 279 279 279 280 280 280 283 283 283 280 280 280 284 284 284 283 283 283 281 281 281 279 279 279 285 285 285 282 282 282 281 281 281 285 285 285 279 279 279 283 283 283 285 285 285 286 286 286 282 282 282 285 285 285 286 286 286 285 285 285 287 287 287 287 287 287 285 285 285 283 283 283 288 288 288 286 286 286 287 287 287 289 289 289 287 287 287 283 283 283 288 288 288 287 287 287 289 289 289 283 283 283 284 284 284 289 289 289 290 290 290 288 288 288 289 289 289 284 284 284 290 290 290 289 289 289 291 291 291 292 292 292 293 293 293 291 291 291 294 294 294 292 292 292 292 292 292 295 295 295 293 293 293 294 294 294 296 296 296 292 292 292 295 295 295 292 292 292 296 296 296 294 294 294 297 297 297 296 296 296 293 293 293 295 295 295 298 298 298 297 297 297 299 299 299 296 296 296 295 295 295 296 296 296 299 299 299 297 297 297 300 300 300 299 299 299 300 300 300 301 301 301 299 299 299 301 301 301 295 295 295 299 299 299 300 300 300 302 302 302 301 301 301 295 295 295 303 303 303 298 298 298 303 303 303 295 295 295 301 301 301 302 302 302 304 304 304 301 301 301 301 301 301 304 304 304 303 303 303 302 302 302 305 305 305 304 304 304 298 298 298 303 303 303 306 306 306 307 307 307 298 298 298 306 306 306 304 304 304 308 308 308 303 303 303 308 308 308 306 306 306 303 303 303 305 305 305 308 308 308 304 304 304 307 307 307 306 306 306 309 309 309 308 308 308 309 309 309 306 306 306 310 310 310 307 307 307 309 309 309 308 308 308 305 305 305 311 311 311 305 305 305 312 312 312 311 311 311 309 309 309 308 308 308 313 313 313 310 310 310 309 309 309 313 313 313 308 308 308 311 311 311 313 313 313 314 314 314 310 310 310 313 313 313 314 314 314 313 313 313 315 315 315 315 315 315 313 313 313 311 311 311 316 316 316 314 314 314 315 315 315 317 317 317 311 311 311 312 312 312 317 317 317 315 315 315 311 311 311 318 318 318 317 317 317 312 312 312 316 316 316 315 315 315 319 319 319 315 315 315 317 317 317 319 319 319 320 320 320 316 316 316 319 319 319 321 321 321 317 317 317 318 318 318 317 317 317 321 321 321 319 319 319 322 322 322 321 321 321 318 318 318 320 320 320 319 319 319 323 323 323 323 323 323 319 319 319 321 321 321 324 324 324 320 320 320 323 323 323 325 325 325 321 321 321 322 322 322 325 325 325 323 323 323 321 321 321 324 324 324 323 323 323 325 325 325 326 326 326 325 325 325 322 322 322 326 326 326 324 324 324 325 325 325 327 327 327 328 328 328 329 329 329 330 330 330 328 328 328 327 327 327 331 331 331 327 327 327 329 329 329 332 332 332 330 330 330 327 327 327 331 331 331 332 332 332 327 327 327 333 333 333 330 330 330 332 332 332 331 331 331 329 329 329 334 334 334 335 335 335 333 333 333 332 332 332 331 331 331 335 335 335 332 332 332 336 336 336 333 333 333 335 335 335 337 337 337 336 336 336 335 335 335 337 337 337 335 335 335 331 331 331 338 338 338 336 336 336 337 337 337 339 339 339 331 331 331 334 334 334 339 339 339 337 337 337 331 331 331 340 340 340 338 338 338 337 337 337 337 337 337 339 339 339 340 340 340 341 341 341 338 338 338 340 340 340 339 339 339 334 334 334 342 342 342 334 334 334 343 343 343 342 342 342 344 344 344 340 340 340 339 339 339 342 342 342 344 344 344 339 339 339 344 344 344 341 341 341 340 340 340 345 345 345 342 342 342 343 343 343 345 345 345 344 344 344 342 342 342 346 346 346 345 345 345 343 343 343 344 344 344 347 347 347 341 341 341 345 345 345 346 346 346 348 348 348 344 344 344 345 345 345 348 348 348 347 347 347 344 344 344 348 348 348 346 346 346 349 349 349 348 348 348 347 347 347 350 350 350 341 341 341 348 348 348 349 349 349 351 351 351 348 348 348 351 351 351 347 347 347 349 349 349 352 352 352 351 351 351 347 347 347 353 353 353 350 350 350 351 351 351 353 353 353 347 347 347 353 353 353 354 354 354 350 350 350 351 351 351 352 352 352 355 355 355 351 351 351 355 355 355 353 353 353 352 352 352 356 356 356 355 355 355 353 353 353 357 357 357 354 354 354 355 355 355 357 357 357 353 353 353 357 357 357 358 358 358 354 354 354 355 355 355 356 356 356 359 359 359 355 355 355 359 359 359 357 357 357 356 356 356 360 360 360 359 359 359 357 357 357 361 361 361 358 358 358 359 359 359 361 361 361 357 357 357 359 359 359 360 360 360 361 361 361 361 361 361 362 362 362 358 358 358 360 360 360 362 362 362 361 361 361 </p>
        </triangles>
      </mesh>
    </geometry>
    <geometry id="WingDM__SmallBirdsC-mesh" name="WingDM__SmallBirdsC">
      <mesh>
        <source id="WingDM__SmallBirdsC-position">
          <float_array id="WingDM__SmallBirdsC-position-array" count="417">-0.07119622 0.1516455 -0.09030794 -0.07313611 0.1182631 -0.0509633 -0.05627362 0.09571665 -0.1598445 -0.06592129 0.06447596 -0.09160426 -0.09283924 0.197688 -0.01204536 -0.09101529 0.03536306 -0.01293663 -0.1015259 0.1237675 0.1103528 -0.1079657 0.2130309 0.07574689 -0.106724 0.02755357 0.08078192 -0.1087941 0.2029751 0.1435785 -0.1023761 0.0381505 0.1415055 -0.1054348 0.186934 0.1883823 -0.09935695 0.05288388 0.1798761 -0.09677288 0.1533448 0.2152644 -0.09276056 0.0888277 0.216732 -0.09439789 0.1181237 0.2243664 0.07119622 0.1516455 -0.09030794 0.05627362 0.09571665 -0.1598445 0.07313611 0.1182631 -0.0509633 0.06592129 0.06447596 -0.09160426 0.09283924 0.197688 -0.01204536 0.09101529 0.03536306 -0.01293663 0.1015259 0.1237675 0.1103528 0.1079657 0.2130309 0.07574689 0.106724 0.02755357 0.08078192 0.1087941 0.2029751 0.1435785 0.1023761 0.0381505 0.1415055 0.1054348 0.186934 0.1883823 0.09935695 0.05288388 0.1798761 0.09677288 0.1533448 0.2152644 0.09276056 0.0888277 0.216732 0.09439789 0.1181237 0.2243664 -0.06592129 0.06447596 -0.09160426 -0.09101529 0.03536306 -0.01293663 -0.08603804 0.08267782 -0.09158669 -0.05627362 0.09571665 -0.1598445 -0.1286943 0.07269038 -0.01298302 -0.106724 0.02755357 0.08078192 -0.09694196 0.1106946 -0.09139793 -0.08989565 0.1335794 -0.09087552 -0.07119622 0.1516455 -0.09030794 -0.1433528 0.122769 -0.01289488 -0.1492175 0.06475647 0.08056407 -0.1023761 0.0381505 0.1415055 -0.1281827 0.1728182 -0.01258421 -0.09283924 0.197688 -0.01204536 -0.1079657 0.2130309 0.07574689 -0.1654504 0.1250469 0.0805903 -0.1467381 0.1859304 0.08080538 -0.1087941 0.2029751 0.1435785 -0.1402185 0.1761275 0.1510139 -0.1054348 0.186934 0.1883823 -0.1446856 0.07178981 0.1455318 -0.09935695 0.05288388 0.1798761 -0.1208723 0.1636949 0.1921341 -0.09677288 0.1533448 0.2152644 -0.1565511 0.1237047 0.151748 -0.1276594 0.120368 0.1951314 -0.09439789 0.1181237 0.2243664 -0.09276056 0.0888277 0.216732 -0.1215857 0.07665091 0.1906413 0.06592129 0.06447596 -0.09160426 0.08603804 0.08267782 -0.09158669 0.09101529 0.03536306 -0.01293663 0.05627362 0.09571665 -0.1598445 0.1286943 0.07269038 -0.01298302 0.106724 0.02755357 0.08078192 0.09694196 0.1106946 -0.09139793 0.08989565 0.1335794 -0.09087552 0.07119622 0.1516455 -0.09030794 0.1433528 0.122769 -0.01289488 0.1492175 0.06475647 0.08056407 0.1023761 0.0381505 0.1415055 0.1281827 0.1728182 -0.01258421 0.09283924 0.197688 -0.01204536 0.1079657 0.2130309 0.07574689 0.1654504 0.1250469 0.0805903 0.1467381 0.1859304 0.08080538 0.1087941 0.2029751 0.1435785 0.1402185 0.1761275 0.1510139 0.1054348 0.186934 0.1883823 0.1446856 0.07178981 0.1455318 0.09935695 0.05288388 0.1798761 0.1565511 0.1237047 0.151748 0.1208723 0.1636949 0.1921341 0.09677288 0.1533448 0.2152644 0.1215857 0.07665091 0.1906413 0.09276056 0.0888277 0.216732 0.1276594 0.120368 0.1951314 0.09439789 0.1181237 0.2243664 0.05881539 0.09665278 -0.1555666 0.08474179 0.04264128 -0.03260353 0.07131746 0.1495591 -0.0878489 0.1015259 0.1237675 0.1103528 0.106724 0.02755357 0.08078192 0.1013479 0.2063184 0.03733778 0.1003004 0.0482797 0.1678853 0.1060647 0.1899417 0.1799816 0.09460057 0.1195625 0.2192429 -0.1015259 0.1237675 0.1103528 -0.09886963 0.03145832 0.03392265 -0.058375 0.09808307 -0.155534 -0.09013386 0.1919327 -0.02182819 -0.1003004 0.0482797 0.1678853 -0.1079657 0.2130309 0.07574689 -0.09337456 0.09981371 0.2195949 -0.1060647 0.1899417 0.1799816 -0.1027977 0.1559323 0.2094818 -0.1003004 0.0482797 0.1678853 -0.09337456 0.09981371 0.2195949 -0.1234838 0.0903125 0.1920445 -0.1027977 0.1559323 0.2094818 -0.1472348 0.06783356 0.1089874 -0.09886963 0.03145832 0.03392265 -0.1565511 0.1237047 0.151748 -0.1360236 0.0977297 -0.01293895 -0.058375 0.09808307 -0.155534 -0.1654504 0.1250469 0.0805903 -0.1434783 0.181029 0.1159096 -0.1060647 0.1899417 0.1799816 -0.1079657 0.2130309 0.07574689 -0.1281827 0.1728182 -0.01258421 -0.09013386 0.1919327 -0.02182819 0.05881539 0.09665278 -0.1555666 0.1360236 0.0977297 -0.01293895 0.08474179 0.04264128 -0.03260353 0.106724 0.02755357 0.08078192 0.1281827 0.1728182 -0.01258421 0.07131746 0.1495591 -0.0878489 0.1013479 0.2063184 0.03733778 0.1492175 0.06475647 0.08056407 0.1003004 0.0482797 0.1678853 0.1654504 0.1250469 0.0805903 0.1434783 0.181029 0.1159096 0.1060647 0.1899417 0.1799816 0.1331357 0.07422036 0.1680865 0.09460057 0.1195625 0.2192429 0.1565511 0.1237047 0.151748 0.12469 0.1393235 0.1938201</float_array>
          <technique_common>
            <accessor source="#WingDM__SmallBirdsC-position-array" count="139" stride="3">
              <param name="X" type="float" />
              <param name="Y" type="float" />
              <param name="Z" type="float" />
            </accessor>
          </technique_common>
        </source>
        <source id="WingDM__SmallBirdsC-normal">
          <float_array id="WingDM__SmallBirdsC-normal-array" count="417">0.9804305 0.1213307 0.1506849 0.9823875 0.02152642 0.1819961 0.9882583 0.05283757 0.1428571 0.9784736 -0.02348337 0.2054795 0.9745597 0.1526419 0.1624266 0.9765166 -0.1154599 0.18591 0.9960861 0.01956947 0.08023483 0.9863014 0.1154599 0.111546 0.9921722 -0.08414873 0.09784736 0.9960861 0.09393346 -0.003913894 0.9980431 -0.0332681 -0.06457926 0.9863014 0.1506849 -0.07240704 0.9941292 -0.05870841 -0.09197652 0.9902152 0.109589 -0.07632094 0.9960861 -0.003913894 -0.08414873 0.9960861 0.06066536 -0.05870841 -0.9804305 0.1213307 0.1506849 -0.9882583 0.05283757 0.1428571 -0.9823875 0.02152642 0.1819961 -0.9784736 -0.02348337 0.2054795 -0.9745597 0.1526419 0.1624266 -0.9765166 -0.1154599 0.18591 -0.9960861 0.01956947 0.08023483 -0.9863014 0.1154599 0.111546 -0.9921722 -0.08414873 0.09784736 -0.9960861 0.09393346 -0.003913894 -0.9980431 -0.0332681 -0.06457926 -0.9863014 0.1506849 -0.07240704 -0.9941292 -0.05870841 -0.09197652 -0.9902152 0.109589 -0.07632094 -0.9960861 -0.003913894 -0.08414873 -0.9960861 0.06066536 -0.05870841 -0.6223092 -0.6575342 -0.4246575 -0.6555773 -0.6966732 -0.2896282 -0.7436399 -0.4892368 -0.4540117 -0.8238748 -0.1056751 -0.55773 -0.81409 -0.4911937 -0.3111546 -0.6634051 -0.7455969 -0.06066536 -0.8590998 -0.03522505 -0.5107632 -0.6966732 0.4481409 -0.5596869 -0.518591 0.6438356 -0.5616438 -0.9412916 0.009784736 -0.3385518 -0.853229 -0.5146771 -0.07240704 -0.6164383 -0.7573385 0.2133072 -0.7749511 0.516634 -0.3620352 -0.5518591 0.7455969 -0.37182 -0.5714286 0.8062623 -0.1506849 -0.9960861 0.02544031 -0.08219178 -0.8571429 0.5068493 -0.09784736 -0.6144814 0.7495108 0.2485323 -0.8630137 0.4227006 0.2759295 -0.6183953 0.6536204 0.4383562 -0.8395303 -0.483366 0.2465753 -0.5499021 -0.7318982 0.4011742 -0.7436399 0.3463796 0.5714286 -0.6379648 0.1819961 0.7495108 -0.960861 0.02544031 0.2739726 -0.7886497 -0.01174168 0.6144814 -0.6516634 -0.0332681 0.7573385 -0.6066536 -0.258317 0.7514677 -0.7123288 -0.4285714 0.555773 0.6223092 -0.6575342 -0.4246575 0.7436399 -0.4892368 -0.4540117 0.6555773 -0.6966732 -0.2896282 0.8238748 -0.1056751 -0.55773 0.81409 -0.4911937 -0.3111546 0.6634051 -0.7455969 -0.06066536 0.8590998 -0.03522505 -0.5107632 0.6966732 0.4481409 -0.5596869 0.518591 0.6438356 -0.5616438 0.9412916 0.009784736 -0.3385518 0.853229 -0.5146771 -0.07240704 0.6164383 -0.7573385 0.2133072 0.7749511 0.516634 -0.3620352 0.5518591 0.7455969 -0.37182 0.5714286 0.8062623 -0.1506849 0.9960861 0.02544031 -0.08219178 0.8571429 0.5068493 -0.09784736 0.6144814 0.7495108 0.2485323 0.8630137 0.4227006 0.2759295 0.6183953 0.6536204 0.4383562 0.8395303 -0.483366 0.2465753 0.5499021 -0.7318982 0.4011742 0.960861 0.02544031 0.2739726 0.7436399 0.3463796 0.5714286 0.6379648 0.1819961 0.7495108 0.7123288 -0.4285714 0.555773 0.6066536 -0.258317 0.7514677 0.7886497 -0.01174168 0.6144814 0.6516634 -0.0332681 0.7573385 -0.9804305 -0.02152642 0.1976517 -0.9863014 -0.05479452 0.1585127 -0.9863014 -0.001956947 0.1682975 -0.9980431 0.01174168 0.0665362 -0.9902152 -0.08610567 0.1076321 -0.9823875 0.1213307 0.1389433 -0.9980431 -0.0332681 -0.06457926 -0.9960861 0.08219178 -0.01174168 -0.9960861 0.04696673 -0.06066536 0.9960861 0.02544031 0.07632094 0.9843444 -0.09197652 0.1448141 0.9863014 0.01174168 0.1585127 0.9804305 0.1232877 0.148728 1 -0.009784736 -0.03522505 0.9882583 0.109589 0.0998043 0.9960861 0.05675147 -0.06262231 0.9960861 0.07632094 -0.007827789 0.9902152 0.1311155 -0.02935421 -0.6027398 -0.7416829 0.2915851 -0.62818 -0.1956947 0.7534246 -0.739726 -0.3268102 0.5890411 -0.7808219 0.2544031 0.5714286 -0.7729941 -0.6340509 0.04305284 -0.7084149 -0.6653621 -0.2367906 -0.9158513 0.07436399 0.3933464 -0.8610567 -0.3209393 -0.3933464 -0.8395303 -0.1878669 -0.5088063 -0.9921722 0.04892368 -0.1232877 -0.8062623 0.5792564 0.111546 -0.778865 0.4931507 0.3855186 -0.6790606 0.7299413 -0.07827789 -0.8121331 0.4090019 -0.4168297 -0.483366 0.7279844 -0.4872798 0.8551859 -0.1350294 -0.5009785 0.890411 -0.2348337 -0.3913894 0.7475538 -0.5772994 -0.3307241 0.6947162 -0.7142857 -0.08219178 0.7808219 0.4618395 -0.4227006 0.4755382 0.6712329 -0.5675147 0.553816 0.816047 -0.1643836 0.8454012 -0.5303327 -0.05675147 0.5753425 -0.7064579 0.4148728 0.9921722 0.08610567 -0.09197652 0.7299413 0.6771037 0.08219178 0.6790606 0.6262231 0.3835616 0.739726 -0.5009785 0.4500979 0.6027398 -0.1330724 0.7866927 0.9432485 0.02348337 0.3287671 0.7338552 0.2015656 0.6497065</float_array>
          <technique_common>
            <accessor source="#WingDM__SmallBirdsC-normal-array" count="139" stride="3">
              <param name="X" type="float" />
              <param name="Y" type="float" />
              <param name="Z" type="float" />
            </accessor>
          </technique_common>
        </source>
        <source id="WingDM__SmallBirdsC-texcoord">
          <float_array id="WingDM__SmallBirdsC-texcoord-array" count="278">0.04866102 0.1954528 0.06936751 0.2132449 0.01109331 0.2251011 0.04754711 0.2416419 0.09135576 0.1705806 0.09106585 0.2576333 0.1562524 0.2100557 0.138323 0.1624781 0.141207 0.2614328 0.1740139 0.1680323 0.1731594 0.2552224 0.1977111 0.1764858 0.1934691 0.2474555 0.2123445 0.1944305 0.2132906 0.2285649 0.2172122 0.2130465 0.187274 0.05329978 0.2248417 0.08294803 0.1665675 0.07109177 0.1883879 0.09950405 0.144564 0.02842754 0.1448691 0.1154956 0.07968261 0.06790262 0.09761196 0.02032501 0.09472801 0.1192951 0.06190585 0.02587932 0.06277562 0.1130694 0.03820859 0.03433281 0.04246586 0.1053025 0.02359045 0.05227739 0.02264439 0.08641183 0.01872282 0.07089341 0.3414664 0.05374229 0.4056611 0.0291447 0.3481804 0.07261771 0.2930343 0.08361942 0.4140841 0.06637675 0.4825055 0.02151525 0.3515526 0.09506369 0.3491417 0.1131762 0.3418173 0.1313649 0.4167544 0.1040055 0.4835279 0.0622263 0.5340353 0.02879375 0.4137026 0.142031 0.4040131 0.1712978 0.4762036 0.1855192 0.4835126 0.1068131 0.4828107 0.151751 0.5334097 0.1768215 0.5341268 0.1457542 0.5699855 0.1590601 0.5298543 0.0682078 0.5657893 0.04412907 0.5679103 0.1373922 0.5936675 0.1306019 0.5325704 0.1064317 0.5684139 0.1039597 0.6000611 0.1011978 0.5957885 0.07663083 0.5658198 0.07069504 0.9054093 0.05374229 0.8986801 0.07261771 0.8411993 0.0291447 0.9538414 0.08361942 0.8327916 0.06637675 0.7643702 0.02151525 0.8953231 0.09506369 0.897734 0.1131762 0.9050584 0.1313649 0.8301213 0.1040055 0.7633478 0.0622263 0.7128252 0.02879375 0.8331578 0.142031 0.8428473 0.1712978 0.7706569 0.1855192 0.7633478 0.1068131 0.764065 0.151751 0.7134661 0.1768215 0.7127336 0.1457542 0.6768749 0.1590601 0.7170215 0.0682078 0.6810712 0.04412907 0.7143053 0.1064317 0.6789654 0.1373922 0.6531929 0.1306019 0.6810559 0.07069504 0.651072 0.07663083 0.6784619 0.1039597 0.6468147 0.1011978 0.2248417 0.08294803 0.1557488 0.1114977 0.185977 0.05441368 0.07968261 0.06790262 0.09472801 0.1192951 0.1181506 0.0238651 0.04881361 0.1077287 0.04264897 0.03274584 0.02140841 0.07014573 0.1562524 0.2100557 0.1161364 0.2595407 0.01109331 0.2251011 0.08603036 0.1736934 0.1871214 0.2498817 0.138323 0.1624781 0.2147555 0.2227512 0.1932708 0.1748989 0.2123445 0.1944305 0.5558709 0.03933775 0.5973907 0.08584726 0.5666285 0.08108646 0.5872282 0.1322957 0.5037919 0.06483561 0.4440833 0.02532995 0.5325704 0.1064317 0.4154116 0.08519113 0.2965438 0.08546579 0.4835126 0.1068131 0.5084764 0.1487449 0.5631342 0.1623865 0.4762036 0.1855192 0.4137026 0.142031 0.3962463 0.1663081 0.9501793 0.08433664 0.8314641 0.08519113 0.8572518 0.03529412 0.7643702 0.02151525 0.8331578 0.142031 0.9050584 0.1313649 0.8022431 0.1793088 0.7633478 0.0622263 0.6910048 0.03933775 0.7633478 0.1068131 0.7383993 0.1487449 0.6837415 0.1623865 0.6990311 0.06944382 0.6500648 0.1023728 0.7143053 0.1064317 0.6786755 0.1185931</float_array>
          <technique_common>
            <accessor source="#WingDM__SmallBirdsC-texcoord-array" count="139" stride="2">
              <param name="S" type="float" />
              <param name="T" type="float" />
            </accessor>
          </technique_common>
        </source>
        <vertices id="WingDM__SmallBirdsC-vertex">
          <input semantic="POSITION" source="#WingDM__SmallBirdsC-position" />
        </vertices>
        <triangles material="SmallBirdsC" count="116">
          <input semantic="VERTEX" source="#WingDM__SmallBirdsC-vertex" offset="0" />
          <input semantic="NORMAL" source="#WingDM__SmallBirdsC-normal" offset="1" />
          <input semantic="TEXCOORD" source="#WingDM__SmallBirdsC-texcoord" offset="2" set="0" />
          <p>0 0 0 1 1 1 2 2 2 2 2 2 1 1 1 3 3 3 1 1 1 0 0 0 4 4 4 1 1 1 5 5 5 3 3 3 1 1 1 4 4 4 6 6 6 6 6 6 5 5 5 1 1 1 6 6 6 4 4 4 7 7 7 8 8 8 5 5 5 6 6 6 6 6 6 7 7 7 9 9 9 6 6 6 10 10 10 8 8 8 9 9 9 11 11 11 6 6 6 6 6 6 12 12 12 10 10 10 6 6 6 11 11 11 13 13 13 6 6 6 14 14 14 12 12 12 6 6 6 13 13 13 15 15 15 6 6 6 15 15 15 14 14 14 16 16 16 17 17 17 18 18 18 17 17 17 19 19 19 18 18 18 18 18 18 20 20 20 16 16 16 18 18 18 19 19 19 21 21 21 22 22 22 20 20 20 18 18 18 18 18 18 21 21 21 22 22 22 23 23 23 20 20 20 22 22 22 22 22 22 21 21 21 24 24 24 22 22 22 25 25 25 23 23 23 22 22 22 24 24 24 26 26 26 25 25 25 22 22 22 27 27 27 22 22 22 26 26 26 28 28 28 27 27 27 22 22 22 29 29 29 22 22 22 28 28 28 30 30 30 29 29 29 22 22 22 31 31 31 22 22 22 30 30 30 31 31 31 32 32 32 33 33 33 34 34 34 34 34 34 35 35 35 32 32 32 33 33 33 36 36 36 34 34 34 33 33 33 37 37 37 36 36 36 38 38 38 35 35 35 34 34 34 34 34 34 36 36 36 38 38 38 39 39 39 35 35 35 38 38 38 40 40 40 35 35 35 39 39 39 36 36 36 41 41 41 38 38 38 38 38 38 41 41 41 39 39 39 37 37 37 42 42 42 36 36 36 36 36 36 42 42 42 41 41 41 37 37 37 43 43 43 42 42 42 39 39 39 44 44 44 40 40 40 41 41 41 44 44 44 39 39 39 44 44 44 45 45 45 40 40 40 46 46 46 45 45 45 44 44 44 42 42 42 47 47 47 41 41 41 41 41 41 47 47 47 44 44 44 48 48 48 46 46 46 44 44 44 47 47 47 48 48 48 44 44 44 48 48 48 49 49 49 46 46 46 48 48 48 50 50 50 49 49 49 50 50 50 48 48 48 47 47 47 51 51 51 49 49 49 50 50 50 42 42 42 52 52 52 47 47 47 43 43 43 52 52 52 42 42 42 43 43 43 53 53 53 52 52 52 54 54 54 51 51 51 50 50 50 54 54 54 55 55 55 51 51 51 56 56 56 50 50 50 47 47 47 54 54 54 50 50 50 56 56 56 52 52 52 56 56 56 47 47 47 55 55 55 54 54 54 57 57 57 57 57 57 54 54 54 56 56 56 58 58 58 55 55 55 57 57 57 59 59 59 58 58 58 57 57 57 52 52 52 60 60 60 56 56 56 60 60 60 57 57 57 56 56 56 60 60 60 59 59 59 57 57 57 53 53 53 60 60 60 52 52 52 53 53 53 59 59 59 60 60 60 61 61 61 62 62 62 63 63 63 62 62 62 61 61 61 64 64 64 62 62 62 65 65 65 63 63 63 63 63 63 65 65 65 66 66 66 67 67 67 62 62 62 64 64 64 62 62 62 67 67 67 65 65 65 68 68 68 67 67 67 64 64 64 69 69 69 68 68 68 64 64 64 67 67 67 70 70 70 65 65 65 67 67 67 68 68 68 70 70 70 65 65 65 71 71 71 66 66 66 65 65 65 70 70 70 71 71 71 66 66 66 71 71 71 72 72 72 68 68 68 69 69 69 73 73 73 68 68 68 73 73 73 70 70 70 69 69 69 74 74 74 73 73 73 74 74 74 75 75 75 73 73 73 70 70 70 76 76 76 71 71 71 70 70 70 73 73 73 76 76 76 75 75 75 77 77 77 73 73 73 73 73 73 77 77 77 76 76 76 77 77 77 75 75 75 78 78 78 77 77 77 78 78 78 79 79 79 77 77 77 79 79 79 76 76 76 78 78 78 80 80 80 79 79 79 71 71 71 76 76 76 81 81 81 71 71 71 81 81 81 72 72 72 72 72 72 81 81 81 82 82 82 79 79 79 83 83 83 76 76 76 76 76 76 83 83 83 81 81 81 80 80 80 84 84 84 79 79 79 79 79 79 84 84 84 83 83 83 84 84 84 80 80 80 85 85 85 81 81 81 86 86 86 82 82 82 81 81 81 83 83 83 86 86 86 82 82 82 86 86 86 87 87 87 84 84 84 88 88 88 83 83 83 83 83 83 88 88 88 86 86 86 84 84 84 85 85 85 88 88 88 86 86 86 88 88 88 87 87 87 85 85 85 89 89 89 88 88 88 88 88 88 89 89 89 87 87 87 </p>
        </triangles>
      </mesh>
    </geometry>
    <geometry id="BodyEM__SmallBirdsC-mesh" name="BodyEM__SmallBirdsC">
      <mesh>
        <source id="BodyEM__SmallBirdsC-position">
          <float_array id="BodyEM__SmallBirdsC-position-array" count="1842">0 0.2655297 0.05853744 0 0.2546774 0.04580443 -0.06627343 0.2382284 0.06998987 -0.06526245 0.2545524 0.08217002 -0.0978619 0.2221348 0.1323625 0 0.296832 0.0730985 -0.1006593 0.244678 0.1352573 -0.06668656 0.2891725 0.09214491 -0.0586395 0.3218122 0.1074127 0 0.3295418 0.09815908 -0.08211042 0.3168515 0.1389476 -0.0538085 0.3412488 0.1398939 0 0.3542983 0.1387484 -0.0963473 0.2831271 0.1383472 -0.08883452 0.3168838 0.1961366 -0.05365256 0.3469761 0.1959076 0 0.3627614 0.1949064 -5.029679E-06 0.3478159 0.2498126 -0.05107317 0.3304071 0.2462327 -0.1037039 0.2755906 0.1948708 -0.08103713 0.3023973 0.2422328 -0.1042227 0.2419253 0.1929901 -0.04064998 0.3102082 0.2862527 -0.09102601 0.2671276 0.2396507 -0.06288953 0.2867069 0.2821284 -0.1010148 0.2173197 0.1918053 -0.1008235 0.204262 0.1900105 -0.06989329 0.2587962 0.2805487 -0.02237014 0.273433 0.3067473 -0.03849464 0.2540356 0.299836 0 0.2807271 0.3119373 -0.06456895 0.2342678 0.2822507 -0.0225007 0.2366101 0.3039827 0 0.3234222 0.2892225 0.04065739 0.3102081 0.2862527 0.02236672 0.273433 0.3067473 -0.03587317 0.2133528 0.2887258 0 0.226112 0.3069447 -0.08766986 0.2298414 0.2406773 -0.04313365 0.1955995 0.2710585 -0.08357285 0.2066809 0.2358164 -0.08419479 0.1873182 0.2296447 -0.04401507 0.1770815 0.2597716 0 0.1726335 0.2811484 0 0.2063479 0.296082 0 0.1875934 0.2824246 0.04311324 0.1955995 0.2710585 0.04399935 0.1770815 0.2597716 0.03585915 0.2133528 0.2887258 0.02249279 0.2366101 0.3039827 0.06455908 0.2331651 0.2822507 0.03848564 0.2540356 0.299836 0.08361597 0.2053438 0.2322286 0.08430219 0.1867542 0.2296456 0.1009419 0.2027149 0.1900015 0.08773886 0.2272646 0.2359678 0.1011249 0.2153172 0.1917839 0.09789442 0.2211268 0.1323437 0.09115548 0.2636668 0.2396268 0.1043884 0.2394968 0.1929571 0.1006771 0.2433322 0.1352261 0.06988714 0.2577964 0.2805487 0.1039197 0.2724995 0.1948193 0.06289259 0.2855164 0.2821284 0.08103503 0.3007185 0.2422267 0.05109003 0.3304081 0.2462316 0.08884489 0.3152033 0.1961288 0.05368879 0.346981 0.1959021 0 0.3627614 0.1949064 0 0.3542983 0.1387484 0.05383257 0.3409604 0.1398893 0 0.3295418 0.09815908 0.09636043 0.2814273 0.138303 0.08212202 0.3157604 0.1389377 0.05865157 0.3215237 0.1074097 0 0.296832 0.0730985 0.06444965 0.2889212 0.09214596 0 0.2655297 0.05853744 0.06525304 0.2544287 0.08218015 0.06626321 0.2382141 0.07000776 0 0.2546774 0.04580443 0.08467957 0.06976844 -0.2882591 0.04642585 0.07991862 -0.1700772 0 0.06984283 -0.1688804 -0.04642583 0.07991976 -0.1700772 -0.08467957 0.06976843 -0.2882591 0 0.06879761 -0.305036 0.05399802 0.08713381 -0.1699444 0.04642585 0.07991862 -0.1700772 0 0.07441635 -0.3156411 0.08910531 0.07603201 -0.2970836 0.07803531 0.08229558 -0.2885184 0.04340969 0.09795661 -0.169745 0 0.106599 -0.168933 0 0.08003511 -0.3050361 -0.07803532 0.08229556 -0.2885184 -0.04340968 0.09795742 -0.169745 -0.053998 0.08713482 -0.1699444 -0.04642583 0.07991976 -0.1700772 -0.08910532 0.076032 -0.2970836 0 0.2368515 0.3369578 -0.009603277 0.2416855 0.3376176 0 0.226112 0.3069447 -0.0225007 0.2366101 0.3039827 0 0.2425458 0.3747169 -0.01651922 0.2513843 0.3390396 -0.03849464 0.2540356 0.299836 -0.02237014 0.273433 0.3067473 -0.009603277 0.2596157 0.3404615 0 0.2807271 0.3119373 0 0.2634359 0.3411214 0.009603277 0.2596157 0.3404615 0.02236672 0.273433 0.3067473 0.01651859 0.2513843 0.3390396 0.03848564 0.2540356 0.299836 0.02249279 0.2366101 0.3039827 0.009603277 0.2416855 0.3376176 0 0.2368515 0.3369578 0 0.226112 0.3069447 0 0.2546774 0.04580443 0 0.2343626 -0.01945929 -0.05557621 0.2206298 -0.01882172 0 0.1798462 -0.0935838 -0.06627343 0.2382284 0.06998987 -0.03980036 0.1597544 -0.09469713 0 0.106599 -0.168933 -0.04340968 0.09795742 -0.169745 -0.0984033 0.181631 -0.01819428 -0.0644759 0.1271058 -0.09542551 -0.07814528 0.09258503 -0.09560036 -0.053998 0.08713482 -0.1699444 -0.04642583 0.07991976 -0.1700772 -0.1222025 0.1271567 -0.01829138 -0.1145579 0.1917761 0.07175921 -0.0978619 0.2221348 0.1323625 -0.1134697 0.07115014 -0.01854497 -0.1106013 0.183816 0.1402535 -0.1008235 0.204262 0.1900105 -0.1424568 0.1292959 0.07173228 -0.1031833 0.1696769 0.1925232 -0.08419479 0.1873182 0.2296447 -0.1286815 0.1291788 0.1403346 -0.08246808 0.155833 0.2323679 -0.04401507 0.1770815 0.2597716 -0.1097374 0.1270002 0.1925497 -0.04594114 0.1491798 0.2654978 0 0.1726335 0.2811484 0 0.1479717 0.2845345 -0.08790617 0.1232692 0.2339782 -0.0477342 0.1202413 0.2665925 0 0.1163083 0.2849235 0 0.07310562 0.2718339 -0.05074276 0.07986291 0.2572094 0 0.02987049 0.2037627 -0.08881652 0.0937211 0.2282278 -0.06238466 0.04328208 0.2037321 0 0.009057258 0.1399169 -0.100174 0.07782075 0.192453 -0.07358067 0.02219788 0.1398546 0 0.001056251 0.07100818 -0.1207863 0.06739028 0.1400847 -0.1311501 0.05999196 0.07117143 -0.07776824 0.01224349 0.07088266 -0.0693063 0.02678235 -0.01864734 0 0.01208349 -0.01827275 -0.06194345 0.06605949 -0.09534271 -0.04205647 0.0430999 -0.09437539 0 0.03325844 -0.09317881 0 0.06984283 -0.1688804 0 0.2343626 -0.01945929 0 0.2546774 0.04580443 0.05557621 0.2206261 -0.01881687 0 0.1798462 -0.0935838 0.06626321 0.2382141 0.07000776 0.03980036 0.1597544 -0.09469713 0 0.106599 -0.168933 0.04340969 0.09795661 -0.169745 0.0984033 0.181631 -0.01819428 0.06447591 0.1271059 -0.09542551 0.07814528 0.09258501 -0.09560036 0.05399802 0.08713381 -0.1699444 0.04642585 0.07991862 -0.1700772 0.1222025 0.1271567 -0.01829138 0.1145517 0.19177 0.07176638 0.09789442 0.2211268 0.1323437 0.1134697 0.0711501 -0.01854497 0.1107187 0.1832124 0.1402545 0.1009419 0.2027149 0.1900015 0.1424568 0.1292959 0.07173228 0.1034183 0.1691251 0.1925232 0.08430219 0.1867542 0.2296456 0.1286943 0.1291456 0.1403346 0.08255642 0.155833 0.2323679 0.04399935 0.1770815 0.2597716 0.1097721 0.1270002 0.1925497 0.04593415 0.1491798 0.2654978 0 0.1726335 0.2811484 0 0.1479717 0.2845345 0.08791409 0.1232692 0.2339782 0.0477342 0.1202413 0.2665925 0 0.1163083 0.2849235 0 0.07310562 0.2718339 0.05074276 0.07986291 0.2572094 0 0.02987049 0.2037627 0.08881653 0.0937211 0.2282278 0.06238466 0.04328208 0.2037321 0 0.009057258 0.1399169 0.100174 0.07782075 0.192453 0.07358067 0.02219788 0.1398546 0 0.001056251 0.07100818 0.1207863 0.06739028 0.1400847 0.1311501 0.05999196 0.07117143 0.07776824 0.01224349 0.07088266 0.0693063 0.02678231 -0.01864734 0 0.01208349 -0.01827275 0.06194345 0.06605937 -0.09534271 0.04205647 0.0430999 -0.09437539 0 0.03325844 -0.09317881 0 0.06984283 -0.1688804 -0.6096318 0.1618241 0.1658196 -0.6184781 0.156582 0.1679544 -0.4463502 0.156582 0.2051088 -0.6010896 0.156582 0.1150163 -0.4430947 0.1623068 0.2017672 -0.5928081 0.1618241 0.114601 -0.5394579 0.156582 0.04923301 -0.3421043 0.156582 0.2263917 -0.5331305 0.1619646 0.05114553 -0.4383571 0.156582 -0.006067383 -0.4353136 0.1624699 -0.002358639 -0.3598285 0.156582 -0.02713162 -0.3422349 0.1629817 0.2223588 -0.3593834 0.1629678 -0.02292981 -0.2727155 0.156582 -0.02975848 -0.2729086 0.1635178 0.2303422 -0.2704506 0.156582 0.2346431 -0.2727155 0.1636397 -0.02547135 -0.2552426 0.1635976 0.2249578 -0.2523737 0.156582 0.2289633 -0.2214071 0.1639808 -0.02242348 -0.2172201 0.156582 -0.02660829 -0.2214069 0.1638533 0.1976462 -0.2172199 0.1565821 0.2007036 -0.1727529 0.1643346 -0.01742109 -0.172753 0.1642155 0.1743395 -0.1669326 0.1565821 0.1767603 -0.1669325 0.156582 -0.02128157 -0.1322028 0.1645243 0.1593728 -0.1250211 0.1565821 0.1612912 -0.1299579 0.1646305 -0.01023215 -0.1227008 0.156582 -0.01361997 -0.08261888 0.1648864 0.1463144 -0.07377256 0.1565821 0.1477944 -0.08261888 0.1649404 -0.0004170313 -0.07377256 0.1565821 -0.003173523 -0.4463502 0.156582 0.2051088 -0.6184781 0.156582 0.1679544 -0.6096318 0.1513399 0.1658196 -0.6010896 0.156582 0.1150163 -0.4430947 0.1508573 0.2017672 -0.5928081 0.15134 0.114601 -0.5394579 0.156582 0.04923301 -0.3421043 0.156582 0.2263917 -0.5331305 0.1511995 0.05114553 -0.4383571 0.156582 -0.006067383 -0.4353136 0.1506941 -0.002358639 -0.3598285 0.156582 -0.02713162 -0.3422349 0.1501824 0.2223588 -0.3593834 0.1501962 -0.02292981 -0.2727155 0.156582 -0.02975848 -0.2729086 0.1496463 0.2303422 -0.2704506 0.156582 0.2346431 -0.2727155 0.1495243 -0.02547135 -0.2552426 0.1495665 0.2249578 -0.2523737 0.156582 0.2289633 -0.2214071 0.1491833 -0.02242348 -0.2172201 0.156582 -0.02660829 -0.2214069 0.1493108 0.1976462 -0.2172199 0.1565821 0.2007036 -0.1727529 0.1488295 -0.01742109 -0.1669325 0.156582 -0.02128157 -0.172753 0.1489487 0.1743395 -0.1669326 0.1565821 0.1767603 -0.1299579 0.1485336 -0.01023215 -0.1227008 0.156582 -0.01361997 -0.1322028 0.1486399 0.1593728 -0.1250211 0.1565821 0.1612912 -0.08261888 0.1482777 0.1463144 -0.07377256 0.1565821 0.1477944 -0.08261888 0.1482238 -0.0004170313 -0.07377256 0.1565821 -0.003173523 0.6184781 0.156582 0.1679544 0.6096318 0.1618241 0.1658196 0.4463502 0.156582 0.2051088 0.6010896 0.156582 0.1150163 0.4430947 0.1623068 0.2017672 0.5928081 0.1618241 0.114601 0.5394579 0.156582 0.04923301 0.3421043 0.156582 0.2263917 0.5331305 0.1619646 0.05114553 0.4383571 0.156582 -0.006067383 0.4353136 0.1624699 -0.002358639 0.3598285 0.156582 -0.02713162 0.3422349 0.1629817 0.2223588 0.3593834 0.1629678 -0.02292981 0.2727155 0.156582 -0.02975848 0.2729086 0.1635178 0.2303422 0.2704506 0.156582 0.2346431 0.2727155 0.1636397 -0.02547135 0.2552426 0.1635976 0.2249578 0.2523737 0.156582 0.2289633 0.2214071 0.1639808 -0.02242348 0.2172201 0.156582 -0.02660829 0.2214069 0.1638533 0.1976462 0.2172199 0.1565821 0.2007036 0.172753 0.1642155 0.1743395 0.1669326 0.1565821 0.1767603 0.1727529 0.1643346 -0.01742109 0.1669325 0.156582 -0.02128157 0.1322028 0.1645243 0.1593728 0.1250211 0.1565821 0.1612912 0.1299579 0.1646305 -0.01023215 0.1227008 0.156582 -0.01361997 0.08261888 0.1648864 0.1463144 0.07377256 0.1565821 0.1477944 0.08261888 0.1649404 -0.0004170313 0.07377256 0.1565821 -0.003173523 0.6096318 0.1513399 0.1658196 0.6184781 0.156582 0.1679544 0.4463502 0.156582 0.2051088 0.6010896 0.156582 0.1150163 0.4430947 0.1508573 0.2017672 0.5928081 0.15134 0.114601 0.5394579 0.156582 0.04923301 0.3421043 0.156582 0.2263917 0.5331305 0.1511995 0.05114553 0.4383571 0.156582 -0.006067383 0.4353136 0.1506941 -0.002358639 0.3598285 0.156582 -0.02713162 0.3422349 0.1501824 0.2223588 0.3593834 0.1501962 -0.02292981 0.2727155 0.156582 -0.02975848 0.2729086 0.1496463 0.2303422 0.2704506 0.156582 0.2346431 0.2727155 0.1495243 -0.02547135 0.2552426 0.1495665 0.2249578 0.2523737 0.156582 0.2289633 0.2214071 0.1491833 -0.02242348 0.2214069 0.1493108 0.1976462 0.2172199 0.1565821 0.2007036 0.2172201 0.156582 -0.02660829 0.172753 0.1489487 0.1743395 0.1669326 0.1565821 0.1767603 0.1727529 0.1488295 -0.01742109 0.1669325 0.156582 -0.02128157 0.1322028 0.1486399 0.1593728 0.1250211 0.1565821 0.1612912 0.1299579 0.1485336 -0.01023215 0.1227008 0.156582 -0.01361997 0.08261888 0.1482777 0.1463144 0.07377256 0.1565821 0.1477944 0.08261888 0.1482238 -0.0004170313 0.07377256 0.1565821 -0.003173523 0.2190517 0.1534009 0.199366 0.1604798 0.1619096 0.1712374 0.1514481 0.1502858 0.1673328 -0.2620588 0.1548419 0.2307511 -0.2360017 0.1518332 -0.02481447 -0.2190517 0.1534009 0.199366 -0.2727155 0.160552 -0.02734697 -0.3596094 0.1573303 -0.02506354 -0.4368591 0.157272 -0.004241986 -0.3421696 0.1533822 0.2243752 -0.2360017 0.1518332 -0.02481447 -0.2620588 0.1548419 0.2307511 -0.4447224 0.1537197 0.203438 -0.5372829 0.1570866 0.04989044 -0.5991163 0.1571759 0.1149173 -0.6163702 0.1559882 0.1674457 -0.1604798 0.1512545 0.1712374 -0.2190517 0.1534009 0.199366 -0.1616839 0.152678 -0.01795909 -0.07729726 0.1578147 0.1472047 -0.07639881 0.1551455 -0.00235519 -0.1514481 0.1628783 0.1673328 -0.1604798 0.1512545 0.1712374 0.3421696 0.1533822 0.2243752 0.2620588 0.1583222 0.2307511 0.267388 0.1496213 0.2286596 0.2620588 0.1583222 0.2307511 0.2190517 0.1534009 0.199366 0.2727155 0.1526121 -0.02734697 0.2193136 0.1528827 -0.02451589 0.2727155 0.1526121 -0.02734697 0.3421696 0.1533822 0.2243752 0.3596094 0.1558337 -0.02506354 0.4368591 0.157272 -0.004241986 0.4447224 0.1537197 0.203438 0.5372829 0.1570866 0.04989044 0.5991163 0.1571759 0.1149173 0.6163702 0.1559882 0.1674457 0.1514481 0.1502858 0.1673328 0.1604798 0.1619096 0.1712374 0.07729726 0.1578147 0.1472047 0.2190517 0.1534009 0.199366 0.2214069 0.1638533 0.1976462 0.2190517 0.1534009 0.199366 0.2620588 0.1583222 0.2307511 0.2630952 0.1637037 -0.02489987 0.2727155 0.1526121 -0.02734697 0.2193136 0.1528827 -0.02451589 0.3596094 0.1558337 -0.02506354 0.1616839 0.1604861 -0.01795909 0.07729726 0.1578147 0.1472047 0.07639881 0.1551455 -0.00235519 0.2193136 0.1528827 -0.02451589 0.2620588 0.1583222 0.2307511 0.3422349 0.1629817 0.2223588 0.3596094 0.1558337 -0.02506354 0.3421696 0.1533822 0.2243752 0.4368591 0.157272 -0.004241986 0.4430947 0.1623068 0.2017672 0.4447224 0.1537197 0.203438 0.6163702 0.1559882 0.1674457 0.5372829 0.1570866 0.04989044 0.5991163 0.1571759 0.1149173 0.6163702 0.1559882 0.1674457 -0.05244887 0.08696574 -0.1699475 -0.03980036 0.1597544 -0.09469713 0 0.106599 -0.168933 0 0.1798462 -0.0935838 0 0.106599 -0.168933 -0.05557621 0.2206298 -0.01882172 0 0.2343626 -0.01945929 0 0.2601035 0.05217093 -0.0659575 0.2433297 0.07379617 -0.0984033 0.181631 -0.01819428 -0.07729094 0.09474257 -0.09558943 -0.05244887 0.08696574 -0.1699475 -0.1145579 0.191776 0.07175921 -0.09976028 0.2198106 0.1336655 -0.1222025 0.1271567 -0.01829138 -0.1424568 0.1292959 0.07173228 -0.1134697 0.07115012 -0.01854497 -0.1192095 0.1280895 0.1664421 -0.1011708 0.2035094 0.1908154 -0.0432994 0.04453488 -0.09443584 -0.05244887 0.08696574 -0.1699475 0 0.06984282 -0.1688804 0 0.06984282 -0.1688804 0 0.0239944 -0.06040741 -0.0693063 0.02678235 -0.01864734 0 0.001056254 0.07100818 -0.07776824 0.01224348 0.07088266 -0.1311501 0.05999196 0.07117143 -0.07358067 0.02219789 0.1398546 0 0.009057254 0.1399169 -0.1182097 0.06869408 0.1466307 -0.06238466 0.04328209 0.2037321 0 0.0298705 0.2037627 -0.08858894 0.1011081 0.2296654 -0.05036669 0.08491021 0.2583823 0 0.08120614 0.2742882 0 0.1793427 0.2818923 -0.04394761 0.1791367 0.2621786 -0.08246808 0.155833 0.2323679 -0.08514713 0.2047666 0.2344184 0.2190517 0.1534009 0.199366 0.1514481 0.1502858 0.1673328 0.2193136 0.1528827 -0.02451589 0.1647288 0.148774 -0.01607317 0.07729726 0.1578147 0.1472047 0.07639881 0.1551455 -0.00235519 0.1616839 0.1604861 -0.01795909 0.2193136 0.1528827 -0.02451589 0.001650563 0.2382866 0.3371536 -0.03449615 0.2496792 0.3008727 0 0.2248768 0.3062658 0.0001404693 0.2437065 0.3704123 -0.02237014 0.273433 0.3067473 0.000187564 0.2795718 0.3137484 0.02236672 0.273433 0.3067473 0.000187564 0.2795718 0.3137484 0.03448743 0.2496792 0.3008727 0.001650563 0.2382866 0.3371536 0 0.2248768 0.3062658 0 0.2601035 0.05217093 -0.0659575 0.2433297 0.07379617 0 0.296832 0.0730985 -0.06115421 0.3116123 0.1026415 -0.09976028 0.2198106 0.1336655 0 0.3295418 0.09815907 0 0.296832 0.0730985 -0.08566964 0.3084204 0.1387975 -0.0538085 0.3412488 0.1398939 0 0.3542983 0.1387484 -0.1005344 0.2734749 0.2060658 -0.1011708 0.2035094 0.1908154 -0.08883452 0.3168838 0.1961366 -0.05365256 0.3469761 0.1959076 0 0.3627614 0.1949064 -5.029679E-06 0.3478159 0.2498126 -0.08514713 0.2047666 0.2344184 -0.1011708 0.2035094 0.1908154 -0.04394761 0.1791367 0.2621786 -0.05918849 0.2303462 0.2834648 0 0.2248768 0.3062658 -0.08514713 0.2047666 0.2344184 -0.08103713 0.3023973 0.2422328 -0.06595367 0.274496 0.2814373 -0.03449615 0.2496792 0.3008727 0 0.2248768 0.3062658 -0.02237014 0.273433 0.3067473 -0.04195288 0.3127331 0.2812502 0.000187564 0.2795718 0.3137484 0.000187564 0.2795718 0.3137484 0 0.3234222 0.2892225 0.04196147 0.3127331 0.2812501 0.02236672 0.273433 0.3067473 0.05368879 0.3469809 0.1959021 0 0.3627614 0.1949064 0 0.3542983 0.1387484 0.0659527 0.273389 0.2814373 0.03448743 0.2496792 0.3008727 0.05383257 0.3409604 0.1398893 0 0.3295418 0.09815907 0.08884489 0.3152033 0.1961288 0.08103503 0.3007185 0.2422267 0.05937633 0.3174484 0.1055018 0 0.296832 0.0730985 0.08657152 0.3050313 0.1387393 0.1007286 0.2702913 0.2060212 0 0.2601035 0.05217093 0 0.296832 0.0730985 0.06594753 0.2432812 0.07381163 0.09964962 0.2176018 0.1334902 0.1012914 0.2012729 0.1907066 0.08593509 0.2176742 0.2343319 0.08299287 0.1635633 0.2316873 0.04393146 0.1791367 0.2621786 0.06097159 0.2306886 0.2830601 0.04393146 0.1791367 0.2621786 0 0.2248768 0.3062658 0 0.1793427 0.2818923 -0.04394761 0.1791367 0.2621786 0.08734131 0.07593414 -0.2950437 0.05244889 0.08696473 -0.1699475 0 0.06984282 -0.1688804 -0.05244887 0.08696574 -0.1699475 -0.08734132 0.07593411 -0.2950437 0.05244889 0.08696473 -0.1699475 0 0.106599 -0.168933 -0.05244887 0.08696574 -0.1699475 0 0.0747675 -0.3149783 0 0.06984282 -0.1688804 -0.07729726 0.1578147 0.1472047 -0.07639881 0.1551455 -0.00235519 -0.1647288 0.1643901 -0.01607317 -0.1514481 0.1628783 0.1673328 -0.07639881 0.1551455 -0.00235519 -0.1616839 0.152678 -0.01795909 -0.2360017 0.1518332 -0.02481447 -0.2727155 0.160552 -0.02734697 -0.1604798 0.1512545 0.1712374 -0.2190517 0.1534009 0.199366 -0.267388 0.1635427 0.2286596 -0.2620588 0.1548419 0.2307511 -0.3421696 0.1533822 0.2243752 -0.3422349 0.1629817 0.2223588 -0.3596094 0.1573303 -0.02506354 -0.4368591 0.157272 -0.004241986 -0.4430947 0.1623068 0.2017672 -0.4447224 0.1537197 0.203438 -0.6163702 0.1559882 0.1674457 -0.5372829 0.1570866 0.04989044 -0.5991163 0.1571759 0.1149173 -0.6163702 0.1559882 0.1674457 0.05244889 0.08696473 -0.1699475 0 0.106599 -0.168933 0.03980036 0.1597544 -0.09469713 0.07729094 0.0947426 -0.09558943 0 0.1798462 -0.0935838 0 0.106599 -0.168933 0.05557621 0.2206261 -0.01881687 0 0.2343626 -0.01945929 0 0.2601035 0.05217093 0.06594753 0.2432812 0.07381163 0.0984033 0.181631 -0.01819428 0.1145517 0.19177 0.07176638 0.09964962 0.2176018 0.1334902 0.1222025 0.1271567 -0.01829138 0.1424568 0.1292959 0.07173228 0.1134697 0.07115009 -0.01854497 0.1192332 0.1280729 0.1664421 0.1012914 0.2012729 0.1907066 0.08299287 0.1635633 0.2316873 0.08859092 0.1011081 0.2296654 0.04393146 0.1791367 0.2621786 0.1182097 0.06869408 0.1466307 0.1311501 0.05999196 0.07117143 0.05036669 0.08491021 0.2583823 0 0.1793427 0.2818923 0 0.08120614 0.2742882 0 0.0298705 0.2037627 0.06238466 0.04328209 0.2037321 0 0.009057254 0.1399169 0.07358067 0.02219789 0.1398546 0 0.001056254 0.07100818 0.07776824 0.01224348 0.07088266 0.0693063 0.02678232 -0.01864734 0 0.0239944 -0.06040741 0.0432994 0.04453488 -0.09443584 0 0.06984282 -0.1688804 0.05244889 0.08696473 -0.1699475</float_array>
          <technique_common>
            <accessor source="#BodyEM__SmallBirdsC-position-array" count="614" stride="3">
              <param name="X" type="float" />
              <param name="Y" type="float" />
              <param name="Z" type="float" />
            </accessor>
          </technique_common>
        </source>
        <source id="BodyEM__SmallBirdsC-normal">
          <float_array id="BodyEM__SmallBirdsC-normal-array" count="1842">0 0.479452 -0.8767123 0 0.9393346 -0.3444227 -0.5812133 0.7553816 -0.2994129 -0.6457925 0.3013699 -0.702544 -0.9569471 0.2661448 -0.1154599 0 0.4481409 -0.8943248 -0.9530333 0.06262231 -0.297456 -0.5714286 0.3522505 -0.739726 -0.407045 0.6438356 -0.6477495 0.001956947 0.7201566 -0.6947162 -0.8082192 0.5459883 -0.221135 -0.3855186 0.888454 -0.2485323 0.001956947 0.9569471 -0.2935421 -0.9275929 0.2367906 -0.2915851 -0.816047 0.5714286 0.09589041 -0.444227 0.890411 0.09001957 0 0.9980431 0.07436399 0 0.9354208 0.3542074 -0.4618395 0.81409 0.3502935 -0.9784736 0.18591 0.08219178 -0.7984344 0.4911937 0.3502935 -0.9941292 -0.04500978 0.09393346 -0.4207436 0.6046967 0.6771037 -0.9315069 0.1076321 0.3463796 -0.6653621 0.2915851 0.6868885 -0.9804305 -0.1252446 0.1506849 -0.9706458 0.1076321 0.2172211 -0.7318982 0 0.6810176 -0.4031311 0.2485323 0.8806262 -0.4951076 -0.05675147 0.8669276 0 0.4285714 0.9041096 -0.6810176 -0.3091977 0.6653621 -0.4109589 -0.2700587 0.8708415 0 0.702544 0.7123288 0.4285714 0.6007828 0.6751468 0.4050881 0.2504892 0.8786693 -0.3855186 -0.4735812 0.7925636 0 -0.4559687 0.890411 -0.9001957 -0.1682975 0.3992172 -0.5616438 -0.4716243 0.6790606 -0.849315 -0.1937378 0.4911937 -0.8180039 0.009784736 0.5733855 -0.555773 -0.005870841 0.8317025 0 0.09589041 0.9960861 0 -0.5518591 0.8336595 0 -0.3933464 0.9197652 0.5772994 -0.4774951 0.6614481 0.5596869 -0.001956947 0.8297456 0.3776908 -0.4774951 0.7925636 0.4090019 -0.2681018 0.8727984 0.6868885 -0.3228963 0.6516634 0.4951076 -0.05479452 0.8669276 0.8454012 -0.1624266 0.5088063 0.8062623 0.037182 0.5890411 0.9667319 0.1232877 0.221135 0.8982387 -0.1898239 0.3992172 0.9804305 -0.1193738 0.1545988 0.9569471 0.2681018 -0.1135029 0.9315069 0.09393346 0.3502935 0.9941292 -0.05088063 0.09589041 0.9510763 0.07240704 -0.3013699 0.7318982 0.001956947 0.6810176 0.9804305 0.1819961 0.08610567 0.6692759 0.2896282 0.6849315 0.8082192 0.4755382 0.3463796 0.4735812 0.8082192 0.3502935 0.8258317 0.555773 0.09589041 0.4559687 0.8845401 0.08806262 0 0.9980431 0.07436399 0.001956947 0.9569471 -0.2935421 0.3953033 0.8845401 -0.2465753 0.001956947 0.7201566 -0.6947162 0.925636 0.2407045 -0.295499 0.816047 0.5322896 -0.2250489 0.4187867 0.6360078 -0.6497065 0 0.4481409 -0.8943248 0.5655577 0.3581213 -0.7436399 0 0.479452 -0.8767123 0.6497065 0.3091977 -0.6947162 0.5812133 0.7573385 -0.2994129 0 0.9393346 -0.3444227 0.2426614 -0.9706458 0.001956947 0.3874756 -0.9217221 -0.02348337 0 -0.9941292 -0.1037182 -0.3874756 -0.9217221 -0.02348337 -0.2426614 -0.9706458 0.001956947 0 -0.9960861 -0.08806262 0.9549902 0.2857143 0.08610567 0.3874756 -0.9217221 -0.02348337 0 0.003913894 -1 0.8727984 0.05870841 -0.4853229 0.2289628 0.960861 -0.1624266 0.3855186 0.8864971 -0.2524462 0 0.9354208 -0.3542074 0 0.9667319 -0.2524462 -0.2289628 0.960861 -0.1624266 -0.3855186 0.8864971 -0.2524462 -0.9549902 0.2857143 0.08610567 -0.3874756 -0.9217221 -0.02348337 -0.8727984 0.05870841 -0.4853229 0 -0.9569471 0.2915851 -0.6066536 -0.7338552 0.3052838 0 -0.9432485 0.3307241 -0.6340509 -0.6888454 0.3502935 0 -0.2465753 0.9686888 -0.8767123 -0.01565558 0.479452 -0.8688846 -0.02739726 0.4931507 -0.6262231 0.6144814 0.479452 -0.5694716 0.6634051 0.483366 0 0.8630137 0.5068493 0 0.8590998 0.5107632 0.5694716 0.6634051 0.483366 0.6262231 0.6144814 0.479452 0.8767123 -0.01565558 0.479452 0.8688846 -0.02739726 0.4931507 0.6340509 -0.6888454 0.3502935 0.6066536 -0.7338552 0.3052838 0 -0.9569471 0.2915851 0 -0.9432485 0.3307241 0 0.9393346 -0.3444227 0 0.9001957 -0.4363992 -0.4716243 0.7808219 -0.4109589 0 0.7651663 -0.6438356 -0.5812133 0.7553816 -0.2994129 -0.4461839 0.6536204 -0.6125244 0 0.9354208 -0.3542074 -0.3855186 0.8864971 -0.2524462 -0.7573385 0.5322896 -0.3796478 -0.7162427 0.4324853 -0.5459883 -0.8649706 -0.001956947 -0.5009785 -0.9549902 0.2857143 0.08610567 -0.3874756 -0.9217221 -0.02348337 -0.9275929 0.1272016 -0.3522505 -0.8414873 0.5283757 -0.1174168 -0.9569471 0.2661448 -0.1154599 -0.8414873 -0.4481409 -0.2994129 -0.9412916 0.297456 0.1565558 -0.9706458 0.1076321 0.2172211 -0.9921722 0.1174168 -0.05088063 -0.9315069 0.1761252 0.3189824 -0.8180039 0.009784736 0.5733855 -0.9706458 0.08023483 0.2270059 -0.7651663 0.1135029 0.6340509 -0.555773 -0.005870841 0.8317025 -0.9275929 0.02544031 0.37182 -0.5127202 0.1056751 0.851272 0 0.09589041 0.9960861 0 0.1037182 0.9941292 -0.776908 -0.003913894 0.62818 -0.4872798 -0.07827789 0.8708415 0 -0.1369863 0.9902152 0 -0.6555773 0.7534246 -0.4031311 -0.5851272 0.702544 0 -0.9001957 0.4344423 -0.7455969 -0.3502935 0.5675147 -0.3894325 -0.8082192 0.4403131 0 -0.9745597 0.223092 -0.7945206 -0.4481409 0.4109589 -0.4168297 -0.8767123 0.2387476 0 -1 -0.02348337 -0.853229 -0.4540117 0.258317 -0.8786693 -0.4755382 -0.04305284 -0.4305284 -0.9021527 -0.0332681 -0.4422701 -0.8630137 -0.2426614 0 -0.9804305 -0.1996086 -0.7592955 -0.5225049 -0.3894325 -0.4011742 -0.8473581 -0.3483366 0 -0.9471624 -0.3189824 0 -0.9941292 -0.1037182 0 0.9001957 -0.4363992 0 0.9393346 -0.3444227 0.4716243 0.7808219 -0.4090019 0 0.7651663 -0.6438356 0.5812133 0.7573385 -0.2994129 0.4461839 0.6536204 -0.6125244 0 0.9354208 -0.3542074 0.3855186 0.8864971 -0.2524462 0.7573385 0.5322896 -0.3796478 0.7162427 0.4324853 -0.5459883 0.8649706 -0.001956947 -0.5009785 0.9549902 0.2857143 0.08610567 0.3874756 -0.9217221 -0.02348337 0.9275929 0.1272016 -0.3522505 0.8414873 0.5283757 -0.1154599 0.9569471 0.2681018 -0.1135029 0.8414873 -0.4481409 -0.2994129 0.9412916 0.3013699 0.1565558 0.9667319 0.1232877 0.221135 0.9921722 0.1174168 -0.05088063 0.9315069 0.1780822 0.3189824 0.8062623 0.037182 0.5890411 0.9706458 0.07827789 0.2270059 0.7632094 0.1135029 0.6360078 0.5596869 -0.001956947 0.8297456 0.9275929 0.02348337 0.37182 0.5127202 0.1056751 0.853229 0 0.09589041 0.9960861 0 0.1037182 0.9941292 0.776908 -0.005870841 0.62818 0.4872798 -0.07827789 0.8708415 0 -0.1369863 0.9902152 0 -0.6555773 0.7534246 0.4031311 -0.5851272 0.702544 0 -0.9001957 0.4344423 0.7455969 -0.3502935 0.5675147 0.3894325 -0.8082192 0.4403131 0 -0.9745597 0.223092 0.7945206 -0.4481409 0.4109589 0.4168297 -0.8767123 0.2387476 0 -1 -0.02348337 0.853229 -0.4540117 0.258317 0.8786693 -0.4755382 -0.04305284 0.4305284 -0.9021527 -0.0332681 0.4422701 -0.8630137 -0.2426614 0 -0.9804305 -0.1996086 0.7592955 -0.5225049 -0.3894325 0.4011742 -0.8473581 -0.3483366 0 -0.9471624 -0.3189824 0 -0.9941292 -0.1037182 -0.111546 0.9686888 0.2191781 -0.6360078 0 0.7710372 -0.2093934 0 0.9784736 -0.8727984 0 -0.4892368 -0.02152642 0.9960861 0.07632094 -0.06457926 0.9960861 -0.04696673 -0.6340509 0 -0.7729941 -0.1624266 0 0.9863014 -0.04500978 0.9980431 -0.06066536 -0.4031311 0 -0.9158513 -0.02935421 0.9980431 -0.05675147 -0.1369863 0 -0.9902152 -0.01369863 1 0.037182 -0.01174168 1 -0.03913894 0.001956947 0 -1 -0.009784736 1 0.03522505 -0.001956947 0 1 -0.007827789 1 -0.0332681 0.02152642 0.9980431 0.04305284 0.5440313 0 0.8395303 -0.003913894 1 -0.037182 0.08414873 0 -0.9960861 0.009784736 1 0.02739726 0.5048923 0 0.8630137 -0.001956947 1 -0.04109589 0.009784736 1 0.037182 0.3776908 0 0.925636 0.1448141 0 -0.9902152 0.007827789 1 0.04305284 0.2778865 0 0.960861 0.001956947 0.9980431 -0.04696673 0.1937378 0 -0.9804305 0.1330724 0.9902152 0.05675147 0.9843444 0 0.1800391 0.1389433 0.9882583 -0.05283757 0.9804305 0 -0.1937378 -0.2093934 0 0.9784736 -0.6360078 0 0.7710372 -0.111546 -0.9686888 0.2191781 -0.8727984 0 -0.4892368 -0.02152642 -0.9960861 0.07632094 -0.06457926 -0.9960861 -0.04696673 -0.6340509 0 -0.7729941 -0.1624266 0 0.9863014 -0.04500978 -0.9980431 -0.06066536 -0.4031311 0 -0.9158513 -0.02935421 -0.9980431 -0.05675147 -0.1369863 0 -0.9902152 -0.01369863 -1 0.037182 -0.01174168 -1 -0.03913894 0.001956947 0 -1 -0.009784736 -1 0.03522505 -0.001956947 0 1 -0.007827789 -1 -0.0332681 0.02152642 -0.9980431 0.04305284 0.5440313 0 0.8395303 -0.003913894 -1 -0.037182 0.08414873 0 -0.9960861 0.009784736 -1 0.02739726 0.5048923 0 0.8630137 -0.001956947 -1 -0.04109589 0.1448141 0 -0.9902152 0.009784736 -1 0.037182 0.3776908 0 0.925636 0.001956947 -0.9980431 -0.04696673 0.1937378 0 -0.9804305 0.007827789 -1 0.04305284 0.2778865 0 0.960861 0.1330724 -0.9902152 0.05675147 0.9843444 0 0.1800391 0.1389433 -0.9882583 -0.05283757 0.9804305 0 -0.1937378 0.6360078 0 0.7710372 0.111546 0.9686888 0.2191781 0.2093934 0 0.9784736 0.8727984 0 -0.4892368 0.02152642 0.9960861 0.07632094 0.06457926 0.9960861 -0.04696673 0.6340509 0 -0.7729941 0.1624266 0 0.9863014 0.04500978 0.9980431 -0.06066536 0.4031311 0 -0.9158513 0.02935421 0.9980431 -0.05675147 0.1369863 0 -0.9902152 0.01369863 1 0.037182 0.01174168 1 -0.03913894 -0.001956947 0 -1 0.009784736 1 0.03522505 0.001956947 0 1 0.007827789 1 -0.0332681 -0.02152642 0.9980431 0.04305284 -0.5440313 0 0.8395303 0.003913894 1 -0.037182 -0.08414873 0 -0.9960861 -0.009784736 1 0.02739726 -0.5048923 0 0.8630137 -0.009784736 1 0.037182 -0.3776908 0 0.925636 0.001956947 1 -0.04109589 -0.1448141 0 -0.9902152 -0.007827789 1 0.04305284 -0.2778865 0 0.960861 -0.001956947 0.9980431 -0.04696673 -0.1937378 0 -0.9804305 -0.1330724 0.9902152 0.05675147 -0.9843444 0 0.1800391 -0.1389433 0.9882583 -0.05283757 -0.9804305 0 -0.1937378 0.111546 -0.9686888 0.2191781 0.6360078 0 0.7710372 0.2093934 0 0.9784736 0.8727984 0 -0.4892368 0.02152642 -0.9960861 0.07632094 0.06457926 -0.9960861 -0.04696673 0.6340509 0 -0.7729941 0.1624266 0 0.9863014 0.04500978 -0.9980431 -0.06066536 0.4031311 0 -0.9158513 0.02935421 -0.9980431 -0.05675147 0.1369863 0 -0.9902152 0.01369863 -1 0.037182 0.01174168 -1 -0.03913894 -0.001956947 0 -1 0.009784736 -1 0.03522505 0.001956947 0 1 0.007827789 -1 -0.0332681 -0.02152642 -0.9980431 0.04305284 -0.5440313 0 0.8395303 0.003913894 -1 -0.037182 -0.009784736 -1 0.02739726 -0.5048923 0 0.8630137 -0.08414873 0 -0.9960861 -0.009784736 -1 0.037182 -0.3776908 0 0.925636 0.001956947 -1 -0.04109589 -0.1448141 0 -0.9902152 -0.007827789 -1 0.04305284 -0.2778865 0 0.960861 -0.001956947 -0.9980431 -0.04696673 -0.1937378 0 -0.9804305 -0.1330724 -0.9902152 0.05675147 -0.9843444 0 0.1800391 -0.1389433 -0.9882583 -0.05283757 -0.9804305 0 -0.1937378 -0.04500978 -0.9980431 0.03522505 -0.05675147 0.9980431 0.04109589 -0.03131115 -0.9980431 0.05870841 0.01956947 -0.9980431 0.04696673 -0.01761252 -0.9980431 -0.05870841 0.01761252 -0.9960861 0.09589041 -0.02544031 0.9980431 -0.05088063 -0.2504892 -0.9530333 -0.1643836 -0.3111546 -0.2152642 -0.925636 -0.009784736 -1 0.03522505 -0.01761252 -0.9980431 -0.05870841 0.01956947 -0.9980431 0.04696673 -0.01761252 -0.9980431 0.04696673 -0.5812133 -0.07240704 -0.8101761 -0.8336595 0.01174168 -0.553816 -0.9784736 -0.02544031 -0.2074364 0.03913894 -0.9980431 0.04892368 0.01761252 -0.9960861 0.09589041 0.037182 -0.9960861 -0.0704501 0.8297456 -0.55773 0.001956947 0.9902152 0.1389433 -0.04109589 0.02544031 1 0.03131115 0.03913894 -0.9980431 0.04892368 0.03522505 -0.9980431 0.0332681 -0.02739726 0.9980431 0.06066536 0.005870841 -1 0.0332681 -0.02739726 0.9980431 0.06066536 -0.04500978 -0.9980431 0.03522505 0.02152642 -0.9980431 -0.05870841 0.02152642 -0.9960861 -0.07827789 0.02152642 -0.9980431 -0.05870841 0.03522505 -0.9980431 0.0332681 0.8062623 0.4344423 -0.4011742 0.3131115 -0.2113503 -0.925636 0.01761252 -0.9980431 0.04696673 0.5812133 -0.07240704 -0.8101761 0.8336595 0.01174168 -0.553816 0.9784736 -0.02544031 -0.2074364 -0.03131115 -0.9980431 0.05870841 -0.05675147 0.9980431 0.04109589 -0.8180039 0.5733855 -0.001956947 -0.04500978 -0.9980431 0.03522505 0.02544031 0.9980431 0.04500978 -0.04500978 -0.9980431 0.03522505 -0.02739726 0.9980431 0.06066536 0.02348337 0.9980431 -0.04696673 0.02152642 -0.9980431 -0.05870841 0.02152642 -0.9960861 -0.07827789 0.8062623 0.4344423 -0.4011742 -0.05088063 0.9960861 -0.06457926 -0.8180039 0.5733855 -0.001956947 -0.9863014 -0.1585127 -0.03522505 0.02152642 -0.9960861 -0.07827789 -0.02739726 0.9980431 0.06066536 -0.005870841 1 0.037182 0.8062623 0.4344423 -0.4011742 0.03522505 -0.9980431 0.0332681 0.3131115 -0.2113503 -0.925636 0.02152642 1 0.037182 0.01761252 -0.9980431 0.04696673 0.9784736 -0.02544031 -0.2074364 0.5812133 -0.07240704 -0.8101761 0.8336595 0.01174168 -0.553816 0.9784736 -0.02544031 -0.2074364 -0.9373777 0.01174168 -0.3483366 -0.5381604 0.5812133 -0.6105675 0 0.9334638 -0.3581213 0 0.7475538 -0.6634051 0 0.9334638 -0.3581213 -0.4481409 0.7827789 -0.4305284 0 0.8806262 -0.4735812 0.02348337 0.8356164 -0.5479452 -0.6555773 0.6379648 -0.4031311 -0.7436399 0.5244619 -0.4148728 -0.8688846 0.003913894 -0.4931507 -0.9373777 0.01174168 -0.3483366 -0.8317025 0.5381604 -0.1350294 -0.9569471 0.2876712 -0.05479452 -0.9138943 0.1545988 -0.3737769 -0.9921722 0.1291585 0 -0.8434442 -0.4324853 -0.3209393 -0.9510763 0.07827789 0.297456 -0.9784736 0.0665362 0.1956947 -0.4481409 -0.8043053 -0.3874756 -0.9373777 0.01174168 -0.3483366 0 -0.9921722 -0.1232877 0 -0.9921722 -0.1232877 0 -0.9667319 -0.2563601 -0.4050881 -0.8825831 -0.2387476 0 -0.9980431 -0.05088063 -0.4109589 -0.9099804 -0.04305284 -0.8786693 -0.4735812 -0.04305284 -0.4207436 -0.8727984 0.2446184 0 -0.9765166 0.2152642 -0.8630137 -0.407045 0.2994129 -0.4422701 -0.7592955 0.4774951 0 -0.8864971 0.4618395 -0.776908 -0.2152642 0.592955 -0.4383562 -0.3835616 0.8121331 0 -0.4403131 0.8982387 0 -0.2015656 0.9784736 -0.5088063 -0.183953 0.8414873 -0.7984344 0.02739726 0.6007828 -0.8590998 -0.1037182 0.5009785 -0.04500978 -0.9980431 0.03522505 -0.03131115 -0.9980431 0.05870841 0.02152642 -0.9960861 -0.07827789 -0.01174168 -0.9980431 -0.05283757 -0.8180039 0.5733855 -0.001956947 -0.9863014 -0.1585127 -0.03522505 -0.05088063 0.9960861 -0.06457926 0.02152642 -0.9960861 -0.07827789 0.01369863 -0.9726027 0.2328767 -0.8786693 -0.1154599 0.4657534 -0.01956947 -0.9158513 0.3992172 -0.037182 0.07632094 0.9960861 -0.7005871 0.518591 0.4892368 0 0.8454012 0.5342466 0.704501 0.516634 0.4872798 0 0.8454012 0.5342466 0.8864971 -0.09393346 0.4520548 0.01369863 -0.9726027 0.2328767 -0.01956947 -0.9158513 0.3992172 0.02348337 0.8356164 -0.5479452 -0.6555773 0.6379648 -0.4031311 -0.0704501 0.5068493 -0.8590998 -0.5812133 0.4618395 -0.6692759 -0.9569471 0.2876712 -0.05479452 -0.01369863 0.7455969 -0.667319 -0.0704501 0.5068493 -0.8590998 -0.8962818 0.3307241 -0.297456 -0.4285714 0.8551859 -0.2915851 0.001956947 0.9530333 -0.3052838 -0.9863014 0.09784736 0.1291585 -0.9784736 0.0665362 0.1956947 -0.8062623 0.5792564 0.1213307 -0.4755382 0.8630137 0.1663405 0 0.9980431 0.05283757 0 0.9158513 0.4011742 -0.8590998 -0.1037182 0.5009785 -0.9784736 0.0665362 0.1956947 -0.5088063 -0.183953 0.8414873 -0.6966732 -0.2524462 0.6712329 0.003913894 -0.4559687 0.890411 -0.8590998 -0.1037182 0.5009785 -0.7964775 0.4422701 0.4109589 -0.7925636 0.09197652 0.6027398 -0.4637965 -0.1428571 0.8747554 0.003913894 -0.4559687 0.890411 -0.4403131 0.2700587 0.8551859 -0.481409 0.6536204 0.5831702 0 0.4559687 0.890411 0 0.4559687 0.890411 0 0.6908023 0.7240704 0.4892368 0.6516634 0.5792564 0.4461839 0.2681018 0.853229 0.4892368 0.8571429 0.1643836 0 0.9980431 0.05283757 0.001956947 0.9530333 -0.3052838 0.7886497 0.109589 0.6066536 0.4559687 -0.1409002 0.8786693 0.444227 0.8551859 -0.2681018 -0.01369863 0.7455969 -0.667319 0.816047 0.5655577 0.1174168 0.8062623 0.4305284 0.407045 0.5264188 0.5322896 -0.6634051 -0.0704501 0.5068493 -0.8590998 0.9021527 0.3228963 -0.2857143 0.9882583 0.1017613 0.1135029 0.02348337 0.8356164 -0.5479452 -0.0704501 0.5068493 -0.8590998 0.6497065 0.6183953 -0.4422701 0.9589041 0.2759295 -0.06262231 0.9784736 0.0704501 0.1917808 0.8688846 -0.1135029 0.483366 0.7945206 0.01956947 0.6086106 0.5205479 -0.1761252 0.8356164 0.6868885 -0.2837573 0.6692759 0.5205479 -0.1761252 0.8356164 0.003913894 -0.4559687 0.890411 0 -0.2015656 0.9784736 -0.5088063 -0.183953 0.8414873 0.592955 0.01956947 -0.8062623 0.9373777 0.01174168 -0.3483366 0 -0.9921722 -0.1232877 -0.9373777 0.01174168 -0.3483366 -0.592955 0.01956947 -0.8062623 0.9373777 0.01174168 -0.3483366 0 0.9334638 -0.3581213 -0.9373777 0.01174168 -0.3483366 0 0.003913894 -1 0 -0.9921722 -0.1232877 0.8297456 -0.55773 0.001956947 0.9902152 0.1389433 -0.04109589 0.01565558 0.9980431 -0.05088063 0.02544031 1 0.03131115 0.9902152 0.1389433 -0.04109589 0.037182 -0.9960861 -0.0704501 -0.01761252 -0.9980431 -0.05870841 -0.02544031 0.9980431 -0.05088063 0.03913894 -0.9980431 0.04892368 0.01761252 -0.9960861 0.09589041 0.001956947 1 0.02152642 0.01956947 -0.9980431 0.04696673 -0.009784736 -1 0.03522505 -0.01565558 1 0.02544031 -0.2504892 -0.9530333 -0.1643836 -0.3111546 -0.2152642 -0.925636 -0.02152642 1 0.037182 -0.01761252 -0.9980431 0.04696673 -0.9784736 -0.02544031 -0.2074364 -0.5812133 -0.07240704 -0.8101761 -0.8336595 0.01174168 -0.553816 -0.9784736 -0.02544031 -0.2074364 0.9373777 0.01174168 -0.3483366 0 0.9334638 -0.3581213 0.5381604 0.5812133 -0.6105675 0.8688846 0.003913894 -0.4931507 0 0.7475538 -0.6634051 0 0.9334638 -0.3581213 0.4481409 0.7827789 -0.4305284 0 0.8806262 -0.4735812 0.02348337 0.8356164 -0.5479452 0.6497065 0.6183953 -0.4422701 0.7436399 0.5244619 -0.4148728 0.8317025 0.5401174 -0.1272016 0.9589041 0.2759295 -0.06262231 0.9138943 0.1545988 -0.3737769 0.9921722 0.1311155 -0.001956947 0.8434442 -0.4324853 -0.3209393 0.9530333 0.07827789 0.295499 0.9784736 0.0704501 0.1917808 0.7945206 0.01956947 0.6086106 0.778865 -0.2093934 0.592955 0.5205479 -0.1761252 0.8356164 0.8630137 -0.407045 0.2994129 0.8786693 -0.4735812 -0.04305284 0.4383562 -0.3835616 0.8121331 0 -0.2015656 0.9784736 0 -0.4403131 0.8982387 0 -0.8864971 0.4618395 0.4422701 -0.7592955 0.4774951 0 -0.9765166 0.2152642 0.4207436 -0.8727984 0.2446184 0 -0.9980431 -0.05088063 0.4109589 -0.9099804 -0.04305284 0.4050881 -0.8825831 -0.2387476 0 -0.9667319 -0.2563601 0.4481409 -0.8043053 -0.3874756 0 -0.9921722 -0.1232877 0.9373777 0.01174168 -0.3483366</float_array>
          <technique_common>
            <accessor source="#BodyEM__SmallBirdsC-normal-array" count="614" stride="3">
              <param name="X" type="float" />
              <param name="Y" type="float" />
              <param name="Z" type="float" />
            </accessor>
          </technique_common>
        </source>
        <source id="BodyEM__SmallBirdsC-texcoord">
          <float_array id="BodyEM__SmallBirdsC-texcoord-array" count="1228">0.02532998 0.96318 0.01055924 0.9613336 0.02214084 0.8944533 0.03936828 0.8992294 0.06076143 0.8328527 0.05622949 0.9735256 0.07429618 0.8477607 0.06872664 0.9130236 0.09736782 0.9283742 0.09851225 0.9794766 0.1132525 0.9015793 0.1302968 0.9292439 0.1491112 0.973373 0.09507897 0.874754 0.1503319 0.8764935 0.1742885 0.909987 0.2037537 0.946746 0.2509041 0.9047074 0.2031891 0.8778668 0.1306783 0.8433967 0.1772946 0.8512551 0.1176928 0.8170291 0.2210727 0.8492867 0.1622339 0.8228123 0.2052949 0.8305638 0.1092699 0.7962158 0.103975 0.7856413 0.1982147 0.8077211 0.2346685 0.8153201 0.2225986 0.8007935 0.2506142 0.8218509 0.1990997 0.7867705 0.2325628 0.7857633 0.2507515 0.8602579 0.280354 0.8491493 0.2665293 0.8154727 0.2169985 0.7662013 0.2504311 0.7771878 0.1560693 0.7902342 0.2018769 0.7490959 0.1511864 0.7703059 0.1432975 0.7546349 0.1939727 0.7321584 0.2501259 0.7260853 0.250309 0.7584039 0.2502022 0.7400473 0.2986038 0.7486687 0.3063401 0.7316854 0.283711 0.7658656 0.2683757 0.7853666 0.3018998 0.7854887 0.2784466 0.8005951 0.3497368 0.7685207 0.3574884 0.7534905 0.3971618 0.7834134 0.3451743 0.7874876 0.3921111 0.7936675 0.4405432 0.8306249 0.3397421 0.8195163 0.3840391 0.8142519 0.4273747 0.8455176 0.3029984 0.8065919 0.371664 0.8403296 0.2961929 0.8293583 0.3245441 0.8496071 0.2985123 0.8775006 0.3517967 0.8747692 0.3275807 0.9093004 0.2982223 0.9462119 0.3529107 0.9723812 0.3717403 0.9281148 0.403357 0.9780728 0.4071412 0.8726482 0.388983 0.8999923 0.4047303 0.9269856 0.4453346 0.9717708 0.433753 0.912932 0.4770733 0.9616388 0.4619669 0.8973221 0.4790722 0.8923934 0.4918135 0.9595636 0.1387655 0.4148928 0.1187762 0.5117418 0.07866026 0.5155413 0.03852903 0.5119402 0.01808194 0.415198 0.07841612 0.4146944 0.1142748 0.3175402 0.1190204 0.3181506 0.07841612 0.4124209 0.13579 0.4099031 0.1328298 0.4048982 0.1071641 0.3166094 0.07817197 0.3128405 0.07841612 0.4101625 0.02397192 0.4051576 0.04921035 0.3167468 0.04208438 0.3177081 0.03735409 0.3183489 0.02102693 0.4101778 0.0577554 0.6521706 0.06272984 0.6603799 0.030869 0.6604715 0.03801022 0.6812543 0.08813611 0.6377661 0.06979477 0.6684367 0.04588388 0.6991989 0.06701762 0.7035172 0.07899596 0.6714122 0.08813611 0.702739 0.08813611 0.6726787 0.09727626 0.6714122 0.1092546 0.7035172 0.1064775 0.6684367 0.1303883 0.6991989 0.138262 0.6812543 0.1135271 0.6603799 0.1185016 0.6521706 0.1454032 0.6604868 0.5634394 0.8699626 0.5280079 0.8473487 0.5441062 0.8225986 0.4911421 0.809781 0.5912108 0.8446784 0.5008316 0.7968566 0.4577096 0.7718929 0.4639353 0.7630579 0.5537041 0.7951324 0.5088731 0.7793241 0.5124895 0.761059 0.4654612 0.7608911 0.4664683 0.7594568 0.5587701 0.7672694 0.6007324 0.8054932 0.632578 0.8250095 0.5592126 0.7393607 0.6384985 0.80177 0.6681773 0.812253 0.6027924 0.7714657 0.6680552 0.7924773 0.6929885 0.8001984 0.6367437 0.7709163 0.6891432 0.7823148 0.7177234 0.7893034 0.6640879 0.7680018 0.7126878 0.773312 0.7421378 0.7786373 0.7378958 0.7631342 0.6877851 0.7629053 0.7081864 0.7558557 0.7327993 0.7464256 0.7186389 0.7180133 0.698024 0.733135 0.6824293 0.6890364 0.6848249 0.7456779 0.6719463 0.7157397 0.6442054 0.6750591 0.663035 0.7406119 0.6385443 0.7064622 0.6021363 0.6677806 0.636408 0.7378958 0.6025482 0.7364614 0.6023651 0.7038529 0.5553979 0.7093767 0.5470665 0.6772717 0.5131761 0.7423819 0.5098955 0.7239186 0.5020066 0.7074998 0.4603647 0.7444266 0.9016098 0.9666285 0.8661784 0.9892424 0.8855116 0.9418936 0.9384756 0.9290608 0.8384222 0.9639735 0.9287862 0.9161516 0.9719082 0.8911726 0.9656824 0.8823529 0.8759136 0.9144274 0.9207447 0.8986191 0.9171435 0.880354 0.9641566 0.8801861 0.9631495 0.8787366 0.8708476 0.8865644 0.8288853 0.924773 0.7970397 0.9443046 0.8704051 0.8586404 0.7911193 0.9210498 0.7614405 0.9315327 0.8268254 0.8907454 0.7615778 0.9117723 0.7366293 0.9194934 0.792874 0.8902113 0.7404746 0.9015946 0.7118944 0.9085985 0.7655299 0.8872816 0.7169299 0.892607 0.68748 0.8979172 0.691722 0.8824292 0.7418326 0.8822004 0.7214313 0.8751507 0.6968185 0.8657054 0.7109789 0.8373083 0.7315938 0.85243 0.7471885 0.8083314 0.7447929 0.8649729 0.7576715 0.8350195 0.7854124 0.7943541 0.7665827 0.8599069 0.7910735 0.8257573 0.8274815 0.7870604 0.7932097 0.8571908 0.8270695 0.8557565 0.8272526 0.823148 0.8742199 0.8286564 0.8825513 0.7965667 0.9164416 0.8616769 0.9197223 0.8432136 0.9276112 0.8267949 0.9692531 0.8637217 0.9787137 0.6118562 0.9858854 0.6145877 0.866331 0.6448768 0.973785 0.5757687 0.863447 0.6405737 0.9668269 0.576257 0.9291676 0.5305409 0.7933776 0.6614329 0.9238728 0.5333028 0.857847 0.4933547 0.8550393 0.4978561 0.802533 0.4792554 0.7930571 0.6561227 0.8019074 0.4845655 0.7414664 0.4776226 0.7446403 0.6616923 0.7428244 0.6674296 0.7415122 0.4833906 0.7322957 0.6583657 0.7293813 0.6635538 0.7058519 0.4859846 0.7026169 0.4802014 0.7081559 0.6406348 0.7039902 0.645304 0.6720684 0.4899977 0.6738384 0.6247959 0.6685435 0.6293278 0.6674144 0.4843061 0.6453651 0.614313 0.6388495 0.6188143 0.6423438 0.4956283 0.6360723 0.4902724 0.6112916 0.6033264 0.6028992 0.6059052 0.6092317 0.5046464 0.6009003 0.5014877 0.7086747 0.4272373 0.589868 0.3941253 0.5971008 0.3915617 0.6028839 0.3556115 0.7116655 0.4229953 0.6098421 0.3562524 0.6485542 0.3114519 0.7812314 0.4454871 0.653788 0.3143358 0.7207447 0.2759442 0.7234302 0.2805219 0.7763638 0.2631571 0.7816739 0.4401923 0.7768673 0.2684825 0.8374456 0.2629587 0.8299382 0.4469062 0.8316167 0.4526894 0.8372778 0.2687266 0.8423591 0.4438697 0.8451514 0.4491341 0.8728465 0.2721599 0.8762341 0.266453 0.8669108 0.4267185 0.8709697 0.4314793 0.9065385 0.2769665 0.9113298 0.2713817 0.9015946 0.4116731 0.9067826 0.4163424 0.9361105 0.2832838 0.9425192 0.2780957 0.9302968 0.4018769 0.9367056 0.4065309 0.9646296 0.3916991 0.972961 0.394461 0.9690089 0.2930953 0.9774166 0.290135 0.1665522 0.6145877 0.173724 0.6118562 0.2861066 0.6448768 0.1786526 0.5757687 0.2889906 0.6405737 0.185626 0.576257 0.22327 0.5305409 0.35906 0.6614329 0.2285649 0.5333028 0.2946059 0.4933547 0.2973983 0.4978561 0.3499046 0.4792554 0.3593805 0.6561227 0.3505302 0.4845655 0.4109712 0.4776226 0.4077974 0.6616923 0.4096132 0.6674296 0.4109407 0.4833906 0.4201419 0.6583657 0.4230564 0.6635538 0.4465858 0.4859846 0.4498207 0.4802014 0.4442817 0.6406348 0.4484474 0.645304 0.4785992 0.6247959 0.4838941 0.6293278 0.4803693 0.4899977 0.4850385 0.4843061 0.5070726 0.614313 0.5135881 0.6188143 0.5100939 0.4956283 0.5163805 0.4902724 0.541146 0.6033264 0.5495384 0.6059052 0.5432059 0.5046464 0.5515373 0.5014877 0.5553368 0.3915617 0.5625696 0.3941253 0.4437629 0.4272373 0.5495537 0.3556115 0.4407721 0.4229953 0.5426108 0.3562524 0.5038834 0.3114519 0.3712215 0.4454871 0.4986496 0.3143358 0.4317082 0.2759442 0.4290074 0.2805219 0.3760739 0.2631571 0.3707637 0.4401923 0.3755856 0.2684825 0.314992 0.2629587 0.3224994 0.4469062 0.3208209 0.4526894 0.3151751 0.2687266 0.3100786 0.4438697 0.3072862 0.4491341 0.2795911 0.2721599 0.2855268 0.4267185 0.2814832 0.4314793 0.2762035 0.266453 0.250843 0.4116731 0.245655 0.4163424 0.2458991 0.2769665 0.2411078 0.2713817 0.2221408 0.4018769 0.2157321 0.4065309 0.2163272 0.2832838 0.2099184 0.2780957 0.1878233 0.3916991 0.1794766 0.394461 0.1834287 0.2930953 0.175021 0.290135 0.2832532 0.4293889 0.245655 0.4163424 0.235523 0.407721 0.8378729 0.4495003 0.8628977 0.2691234 0.8691844 0.4293889 0.8374456 0.2630045 0.7764553 0.264149 0.7212482 0.2767987 0.781445 0.4428473 0.8628977 0.2691234 0.8378729 0.4495003 0.7101701 0.4251164 0.6492103 0.3118029 0.6033112 0.355642 0.591226 0.393637 0.9106126 0.410605 0.8691844 0.4293889 0.9146258 0.2753949 0.9719082 0.39411 0.9753109 0.2908674 0.9367056 0.4065309 0.9106126 0.410605 0.3709926 0.4428473 0.3132067 0.4506904 0.3186236 0.4459602 0.3132067 0.4506904 0.2832532 0.4293889 0.3150835 0.2662089 0.2778973 0.2693065 0.3150835 0.2662089 0.3709926 0.4428473 0.3758907 0.2651408 0.4312047 0.2767987 0.4422675 0.4251164 0.5032273 0.3118029 0.5491264 0.355642 0.5612116 0.393637 0.5135881 0.6188143 0.4876021 0.6235142 0.5469139 0.6050965 0.4484474 0.645304 0.4442817 0.6406348 0.4484474 0.645304 0.4157931 0.6641032 0.4176242 0.4838789 0.4109712 0.4776226 0.4498207 0.4802014 0.3500267 0.4802472 0.488426 0.4882429 0.5469139 0.6050965 0.5510185 0.5016861 0.4498207 0.4802014 0.4157931 0.6641032 0.3593805 0.6561227 0.3500267 0.4802472 0.35906 0.6614329 0.2956435 0.4950485 0.2889906 0.6405737 0.2861066 0.6448768 0.1669947 0.6144198 0.2245975 0.5312428 0.1799649 0.5758603 0.1669947 0.6144198 0.4654765 0.7608606 0.5008316 0.7968566 0.4577096 0.7718929 0.4911421 0.809781 0.4577096 0.7718929 0.5441062 0.8225986 0.5280079 0.8473487 0.5634394 0.8699626 0.5912108 0.8446784 0.5537041 0.7951324 0.5122606 0.7622034 0.4654765 0.7608606 0.6007324 0.8054932 0.6333257 0.8221103 0.5587701 0.7672694 0.6027924 0.7714657 0.5592126 0.7393607 0.6504158 0.7694514 0.668162 0.809781 0.5101091 0.7250782 0.4654765 0.7608606 0.4603647 0.7444266 0.4603647 0.7444266 0.5217212 0.6942855 0.5553979 0.7093767 0.6021363 0.6677806 0.6023651 0.7038529 0.6025482 0.7364614 0.6385443 0.7064622 0.6442054 0.6750591 0.6397345 0.7382467 0.6719463 0.7157397 0.6824293 0.6890364 0.6855574 0.7499809 0.6993057 0.7359731 0.721294 0.7233387 0.7418784 0.7776608 0.7174182 0.7883116 0.6891432 0.7823148 0.6929885 0.8001984 0.2832532 0.4293889 0.235523 0.407721 0.2778973 0.2693065 0.2403601 0.2781414 0.1805295 0.39411 0.1771267 0.2908674 0.2352636 0.272633 0.2778973 0.2693065 0.05807584 0.6526741 0.04391547 0.6947128 0.030869 0.6604715 0.08830396 0.6415198 0.06701762 0.7035172 0.08831922 0.7008317 0.1092546 0.7035172 0.08831922 0.7008317 0.1323568 0.6947128 0.1172656 0.6542306 0.1454032 0.6604868 0.01794461 0.9622644 0.02751202 0.8959487 0.05622949 0.9735256 0.08842603 0.9235828 0.06245518 0.8347143 0.09851225 0.9794766 0.05622949 0.9735256 0.1087205 0.8948806 0.1302968 0.9292439 0.1491112 0.973373 0.1385672 0.8382391 0.1056229 0.7889372 0.1503319 0.8764935 0.1742885 0.909987 0.2037537 0.946746 0.2509041 0.9047074 0.1489891 0.7691157 0.1056229 0.7889372 0.1954528 0.7353323 0.2024567 0.7829099 0.2504158 0.7760128 0.1489891 0.7691157 0.1772946 0.8512551 0.2021973 0.8205692 0.2251011 0.7970397 0.2504158 0.7760128 0.2346685 0.8153201 0.2188296 0.8528572 0.2506142 0.8218509 0.2506142 0.8218509 0.2507515 0.8602579 0.2826276 0.8526894 0.2665293 0.8154727 0.3275807 0.9093004 0.2982223 0.9462119 0.3529107 0.9723812 0.2991684 0.8193942 0.2759289 0.7967803 0.3717403 0.9281148 0.403357 0.9780728 0.3517967 0.8747692 0.3245441 0.8496071 0.4083619 0.9252308 0.4453346 0.9717708 0.3946593 0.8914473 0.3636835 0.8351263 0.4844434 0.9606012 0.4453346 0.9717708 0.4737316 0.8939345 0.4397192 0.8315557 0.3958953 0.7859769 0.3471733 0.7791867 0.3574884 0.7534905 0.3048905 0.7348745 0.2996261 0.7830319 0.3048905 0.7348745 0.2504158 0.7760128 0.2501717 0.7330739 0.1954528 0.7353323 0.1358358 0.4099794 0.1187762 0.5117418 0.07866026 0.5155413 0.03852903 0.5119402 0.02098116 0.4102541 0.1143969 0.3175555 0.07817197 0.3128405 0.04197757 0.3177233 0.07841612 0.4122835 0.07866026 0.5155413 0.6055238 0.6050965 0.6014191 0.5016861 0.6664988 0.4910506 0.6586099 0.6204776 0.6014191 0.5016861 0.6615244 0.48542 0.7026169 0.4802014 0.7414969 0.4808728 0.6685435 0.6293278 0.7039902 0.645304 0.7407798 0.6606546 0.7352712 0.6652628 0.7933776 0.6614329 0.7930571 0.6561227 0.8023041 0.481239 0.8567941 0.4950485 0.863447 0.6405737 0.866331 0.6448768 0.9854429 0.6144198 0.9278401 0.5312428 0.972488 0.5758603 0.9854429 0.6144198 0.9641413 0.8801556 0.9719082 0.8911726 0.9287862 0.9161516 0.9173571 0.8814985 0.9384756 0.9290608 0.9719082 0.8911726 0.8855116 0.9418936 0.9016098 0.9666285 0.8661784 0.9889982 0.8384222 0.9639735 0.8759136 0.9144274 0.8288853 0.924773 0.7962921 0.9413901 0.8708476 0.8865644 0.8268254 0.8907454 0.8704051 0.8586404 0.7792019 0.8887465 0.7614557 0.9290761 0.7395132 0.9060655 0.7440604 0.8692759 0.7122148 0.9075913 0.7898833 0.8575265 0.8270695 0.8557565 0.7303273 0.8552682 0.6877394 0.8969558 0.7083238 0.8426337 0.7471885 0.8083314 0.7576715 0.8350195 0.7854124 0.7943541 0.7910735 0.8257573 0.8274815 0.7870604 0.8272526 0.823148 0.8742199 0.8286564 0.9078965 0.8135653 0.9195239 0.8443732 0.9692531 0.8637217 0.9641413 0.8801556</float_array>
          <technique_common>
            <accessor source="#BodyEM__SmallBirdsC-texcoord-array" count="614" stride="2">
              <param name="S" type="float" />
              <param name="T" type="float" />
            </accessor>
          </technique_common>
        </source>
        <vertices id="BodyEM__SmallBirdsC-vertex">
          <input semantic="POSITION" source="#BodyEM__SmallBirdsC-position" />
        </vertices>
        <triangles material="SmallBirdsC" count="538">
          <input semantic="VERTEX" source="#BodyEM__SmallBirdsC-vertex" offset="0" />
          <input semantic="NORMAL" source="#BodyEM__SmallBirdsC-normal" offset="1" />
          <input semantic="TEXCOORD" source="#BodyEM__SmallBirdsC-texcoord" offset="2" set="0" />
          <p>0 0 0 1 1 1 2 2 2 3 3 3 0 0 0 2 2 2 2 2 2 4 4 4 3 3 3 0 0 0 3 3 3 5 5 5 4 4 4 6 6 6 3 3 3 3 3 3 7 7 7 5 5 5 3 3 3 6 6 6 7 7 7 5 5 5 7 7 7 8 8 8 9 9 9 5 5 5 8 8 8 10 10 10 8 8 8 7 7 7 8 8 8 11 11 11 9 9 9 8 8 8 10 10 10 11 11 11 11 11 11 12 12 12 9 9 9 13 13 13 10 10 10 7 7 7 6 6 6 13 13 13 7 7 7 10 10 10 14 14 14 11 11 11 14 14 14 10 10 10 13 13 13 11 11 11 15 15 15 12 12 12 14 14 14 15 15 15 11 11 11 15 15 15 16 16 16 12 12 12 17 17 17 16 16 16 15 15 15 18 18 18 15 15 15 14 14 14 18 18 18 17 17 17 15 15 15 19 19 19 14 14 14 13 13 13 19 19 19 13 13 13 6 6 6 20 20 20 18 18 18 14 14 14 20 20 20 14 14 14 19 19 19 21 21 21 19 19 19 6 6 6 20 20 20 22 22 22 18 18 18 18 18 18 22 22 22 17 17 17 23 23 23 20 20 20 19 19 19 23 23 23 19 19 19 21 21 21 20 20 20 24 24 24 22 22 22 25 25 25 21 21 21 6 6 6 4 4 4 25 25 25 6 6 6 4 4 4 26 26 26 25 25 25 20 20 20 27 27 27 24 24 24 23 23 23 27 27 27 20 20 20 27 27 27 28 28 28 24 24 24 24 24 24 28 28 28 22 22 22 27 27 27 29 29 29 28 28 28 22 22 22 28 28 28 30 30 30 29 29 29 27 27 27 31 31 31 23 23 23 31 31 31 27 27 27 32 32 32 29 29 29 31 31 31 22 22 22 30 30 30 33 33 33 17 17 17 22 22 22 33 33 33 34 34 34 33 33 33 30 30 30 34 34 34 17 17 17 33 33 33 34 34 34 30 30 30 35 35 35 36 36 36 32 32 32 31 31 31 36 36 36 37 37 37 32 32 32 38 38 38 31 31 31 23 23 23 38 38 38 23 23 23 21 21 21 38 38 38 21 21 21 25 25 25 31 31 31 39 39 39 36 36 36 38 38 38 39 39 39 31 31 31 40 40 40 38 38 38 25 25 25 39 39 39 38 38 38 40 40 40 25 25 25 26 26 26 40 40 40 26 26 26 41 41 41 40 40 40 42 42 42 40 40 40 41 41 41 39 39 39 40 40 40 42 42 42 42 42 42 43 43 43 39 39 39 39 39 39 44 44 44 36 36 36 44 44 44 37 37 37 36 36 36 39 39 39 43 43 43 45 45 45 45 45 45 44 44 44 39 39 39 45 45 45 43 43 43 46 46 46 45 45 45 46 46 46 44 44 44 46 46 46 43 43 43 47 47 47 44 44 44 48 48 48 37 37 37 44 44 44 46 46 46 48 48 48 37 37 37 48 48 48 49 49 49 48 48 48 50 50 50 49 49 49 48 48 48 46 46 46 50 50 50 51 51 51 49 49 49 50 50 50 46 46 46 47 47 47 52 52 52 52 52 52 47 47 47 53 53 53 52 52 52 53 53 53 54 54 54 46 46 46 52 52 52 55 55 55 50 50 50 46 46 46 55 55 55 56 56 56 52 52 52 54 54 54 55 55 55 52 52 52 56 56 56 57 57 57 56 56 56 54 54 54 55 55 55 58 58 58 50 50 50 59 59 59 55 55 55 56 56 56 55 55 55 59 59 59 58 58 58 57 57 57 60 60 60 56 56 56 60 60 60 59 59 59 56 56 56 61 61 61 51 51 51 50 50 50 50 50 50 58 58 58 61 61 61 61 61 61 35 35 35 51 51 51 59 59 59 62 62 62 58 58 58 59 59 59 60 60 60 62 62 62 61 61 61 63 63 63 35 35 35 63 63 63 34 34 34 35 35 35 58 58 58 64 64 64 61 61 61 61 61 61 64 64 64 63 63 63 64 64 64 34 34 34 63 63 63 64 64 64 58 58 58 62 62 62 64 64 64 65 65 65 34 34 34 65 65 65 17 17 17 34 34 34 66 66 66 64 64 64 62 62 62 65 65 65 64 64 64 66 66 66 17 17 17 65 65 65 67 67 67 67 67 67 65 65 65 66 66 66 68 68 68 17 17 17 67 67 67 69 69 69 68 68 68 67 67 67 70 70 70 69 69 69 67 67 67 70 70 70 67 67 67 66 66 66 71 71 71 69 69 69 70 70 70 66 66 66 62 62 62 72 72 72 60 60 60 72 72 72 62 62 62 73 73 73 70 70 70 66 66 66 73 73 73 66 66 66 72 72 72 74 74 74 71 71 71 70 70 70 74 74 74 70 70 70 73 73 73 71 71 71 74 74 74 75 75 75 74 74 74 73 73 73 76 76 76 74 74 74 76 76 76 75 75 75 73 73 73 72 72 72 76 76 76 77 77 77 75 75 75 76 76 76 78 78 78 76 76 76 72 72 72 78 78 78 77 77 77 76 76 76 60 60 60 78 78 78 72 72 72 78 78 78 60 60 60 57 57 57 79 79 79 78 78 78 57 57 57 77 77 77 78 78 78 79 79 79 80 80 80 77 77 77 79 79 79 81 81 81 82 82 82 83 83 83 84 84 84 85 85 85 83 83 83 81 81 81 83 83 83 86 86 86 83 83 83 85 85 85 86 86 86 87 87 87 88 88 88 81 81 81 86 86 86 85 85 85 89 89 89 86 86 86 89 89 89 81 81 81 90 90 90 87 87 87 81 81 81 89 89 89 90 90 90 81 81 81 90 90 90 91 91 91 87 87 87 90 90 90 89 89 89 91 91 91 91 91 91 92 92 92 87 87 87 92 92 92 91 91 91 93 93 93 91 91 91 94 94 94 93 93 93 89 89 89 94 94 94 91 91 91 94 94 94 95 95 95 93 93 93 95 95 95 94 94 94 89 89 89 93 93 93 95 95 95 96 96 96 96 96 96 95 95 95 97 97 97 85 85 85 98 98 98 97 97 97 99 99 99 95 95 95 89 89 89 85 85 85 99 99 99 89 89 89 95 95 95 99 99 99 97 97 97 99 99 99 85 85 85 97 97 97 100 100 100 101 101 101 102 102 102 101 101 101 103 103 103 102 102 102 100 100 100 104 104 104 101 101 101 101 101 101 105 105 105 103 103 103 101 101 101 104 104 104 105 105 105 105 105 105 106 106 106 103 103 103 106 106 106 105 105 105 107 107 107 105 105 105 108 108 108 107 107 107 105 105 105 104 104 104 108 108 108 107 107 107 108 108 108 109 109 109 108 108 108 110 110 110 109 109 109 108 108 108 104 104 104 110 110 110 109 109 109 110 110 110 111 111 111 111 111 111 110 110 110 104 104 104 112 112 112 109 109 109 111 111 111 112 112 112 111 111 111 113 113 113 113 113 113 111 111 111 104 104 104 114 114 114 112 112 112 113 113 113 114 114 114 113 113 113 115 115 115 116 116 116 113 113 113 104 104 104 113 113 113 116 116 116 115 115 115 117 117 117 116 116 116 104 104 104 115 115 115 116 116 116 118 118 118 116 116 116 117 117 117 118 118 118 119 119 119 120 120 120 121 121 121 121 121 121 120 120 120 122 122 122 123 123 123 119 119 119 121 121 121 124 124 124 121 121 121 122 122 122 122 122 122 125 125 125 124 124 124 126 126 126 124 124 124 125 125 125 123 123 123 121 121 121 127 127 127 127 127 127 121 121 121 124 124 124 128 128 128 124 124 124 126 126 126 128 128 128 127 127 127 124 124 124 126 126 126 129 129 129 128 128 128 129 129 129 126 126 126 130 130 130 129 129 129 130 130 130 131 131 131 132 132 132 127 127 127 128 128 128 129 129 129 132 132 132 128 128 128 133 133 133 123 123 123 127 127 127 133 133 133 127 127 127 132 132 132 133 133 133 134 134 134 123 123 123 135 135 135 132 132 132 129 129 129 133 133 133 136 136 136 134 134 134 137 137 137 134 134 134 136 136 136 138 138 138 133 133 133 132 132 132 136 136 136 133 133 133 138 138 138 138 138 138 132 132 132 135 135 135 139 139 139 137 137 137 136 136 136 140 140 140 137 137 137 139 139 139 141 141 141 136 136 136 138 138 138 139 139 139 136 136 136 141 141 141 142 142 142 140 140 140 139 139 139 143 143 143 140 140 140 142 142 142 144 144 144 139 139 139 141 141 141 142 142 142 139 139 139 144 144 144 145 145 145 143 143 143 142 142 142 146 146 146 143 143 143 145 145 145 147 147 147 146 146 146 145 145 145 142 142 142 148 148 148 145 145 145 148 148 148 142 142 142 144 144 144 147 147 147 145 145 145 149 149 149 148 148 148 149 149 149 145 145 145 150 150 150 147 147 147 149 149 149 150 150 150 149 149 149 151 151 151 149 149 149 152 152 152 151 151 151 149 149 149 148 148 148 152 152 152 151 151 151 152 152 152 153 153 153 148 148 148 154 154 154 152 152 152 154 154 154 148 148 148 144 144 144 152 152 152 155 155 155 153 153 153 152 152 152 154 154 154 155 155 155 153 153 153 155 155 155 156 156 156 157 157 157 154 154 154 144 144 144 154 154 154 157 157 157 155 155 155 157 157 157 144 144 144 141 141 141 155 155 155 158 158 158 156 156 156 155 155 155 157 157 157 158 158 158 156 156 156 158 158 158 159 159 159 160 160 160 157 157 157 141 141 141 157 157 157 160 160 160 158 158 158 160 160 160 141 141 141 138 138 138 161 161 161 160 160 160 138 138 138 158 158 158 160 160 160 161 161 161 161 161 161 138 138 138 135 135 135 162 162 162 158 158 158 161 161 161 162 162 162 161 161 161 135 135 135 158 158 158 162 162 162 159 159 159 159 159 159 162 162 162 163 163 163 163 163 163 162 162 162 135 135 135 164 164 164 159 159 159 163 163 163 163 163 163 135 135 135 165 165 165 165 165 165 135 135 135 129 129 129 129 129 129 131 131 131 165 165 165 164 164 164 163 163 163 166 166 166 166 166 166 163 163 163 165 165 165 165 165 165 131 131 131 166 166 166 167 167 167 164 164 164 166 166 166 166 166 166 131 131 131 168 168 168 166 166 166 168 168 168 167 167 167 169 169 169 170 170 170 171 171 171 172 172 172 169 169 169 171 171 171 170 170 170 173 173 173 171 171 171 174 174 174 172 172 172 171 171 171 172 172 172 174 174 174 175 175 175 176 176 176 175 175 175 174 174 174 171 171 171 173 173 173 177 177 177 174 174 174 171 171 171 177 177 177 176 176 176 174 174 174 178 178 178 178 178 178 174 174 174 177 177 177 176 176 176 178 178 178 179 179 179 179 179 179 180 180 180 176 176 176 179 179 179 181 181 181 180 180 180 178 178 178 177 177 177 182 182 182 179 179 179 178 178 178 182 182 182 173 173 173 183 183 183 177 177 177 177 177 177 183 183 183 182 182 182 183 183 183 173 173 173 184 184 184 179 179 179 182 182 182 185 185 185 183 183 183 184 184 184 186 186 186 184 184 184 187 187 187 186 186 186 183 183 183 188 188 188 182 182 182 183 183 183 186 186 186 188 188 188 182 182 182 188 188 188 185 185 185 187 187 187 189 189 189 186 186 186 187 187 187 190 190 190 189 189 189 186 186 186 191 191 191 188 188 188 186 186 186 189 189 189 191 191 191 190 190 190 192 192 192 189 189 189 192 192 192 190 190 190 193 193 193 189 189 189 194 194 194 191 191 191 189 189 189 192 192 192 194 194 194 195 195 195 192 192 192 193 193 193 195 195 195 193 193 193 196 196 196 197 197 197 195 195 195 196 196 196 192 192 192 195 195 195 198 198 198 192 192 192 198 198 198 194 194 194 199 199 199 195 195 195 197 197 197 195 195 195 199 199 199 198 198 198 200 200 200 199 199 199 197 197 197 200 200 200 201 201 201 199 199 199 201 201 201 202 202 202 199 199 199 199 199 199 202 202 202 198 198 198 202 202 202 201 201 201 203 203 203 202 202 202 204 204 204 198 198 198 194 194 194 198 198 198 204 204 204 205 205 205 202 202 202 203 203 203 204 204 204 202 202 202 205 205 205 205 205 205 203 203 203 206 206 206 207 207 207 194 194 194 204 204 204 207 207 207 204 204 204 205 205 205 191 191 191 194 194 194 207 207 207 208 208 208 205 205 205 206 206 206 207 207 207 205 205 205 208 208 208 208 208 208 206 206 206 209 209 209 210 210 210 191 191 191 207 207 207 210 210 210 207 207 207 208 208 208 188 188 188 191 191 191 210 210 210 211 211 211 188 188 188 210 210 210 211 211 211 210 210 210 208 208 208 188 188 188 211 211 211 185 185 185 212 212 212 211 211 211 208 208 208 185 185 185 211 211 211 212 212 212 212 212 212 208 208 208 209 209 209 213 213 213 212 212 212 209 209 209 213 213 213 185 185 185 212 212 212 214 214 214 213 213 213 209 209 209 215 215 215 185 185 185 213 213 213 215 215 215 179 179 179 185 185 185 179 179 179 215 215 215 181 181 181 216 216 216 213 213 213 214 214 214 216 216 216 215 215 215 213 213 213 215 215 215 216 216 216 181 181 181 217 217 217 216 216 216 214 214 214 181 181 181 216 216 216 218 218 218 216 216 216 217 217 217 218 218 218 219 219 219 220 220 220 221 221 221 220 220 220 219 219 219 222 222 222 223 223 223 219 219 219 221 221 221 219 219 219 224 224 224 222 222 222 223 223 223 224 224 224 219 219 219 222 222 222 224 224 224 225 225 225 223 223 223 221 221 221 226 226 226 224 224 224 227 227 227 225 225 225 223 223 223 227 227 227 224 224 224 225 225 225 227 227 227 228 228 228 227 227 227 229 229 229 228 228 228 229 229 229 227 227 227 223 223 223 228 228 228 229 229 229 230 230 230 231 231 231 223 223 223 226 226 226 231 231 231 229 229 229 223 223 223 229 229 229 232 232 232 230 230 230 229 229 229 231 231 231 232 232 232 230 230 230 232 232 232 233 233 233 234 234 234 231 231 231 226 226 226 235 235 235 234 234 234 226 226 226 236 236 236 232 232 232 231 231 231 234 234 234 236 236 236 231 231 231 232 232 232 236 236 236 233 233 233 234 234 234 235 235 235 237 237 237 236 236 236 234 234 234 237 237 237 235 235 235 238 238 238 237 237 237 236 236 236 239 239 239 233 233 233 239 239 239 240 240 240 233 233 233 236 236 236 237 237 237 241 241 241 241 241 241 237 237 237 238 238 238 239 239 239 236 236 236 241 241 241 242 242 242 241 241 241 238 238 238 239 239 239 243 243 243 240 240 240 244 244 244 241 241 241 242 242 242 241 241 241 244 244 244 239 239 239 244 244 244 243 243 243 239 239 239 245 245 245 244 244 244 242 242 242 243 243 243 246 246 246 240 240 240 247 247 247 244 244 244 245 245 245 244 244 244 247 247 247 243 243 243 248 248 248 247 247 247 245 245 245 243 243 243 249 249 249 246 246 246 247 247 247 249 249 249 243 243 243 249 249 249 250 250 250 246 246 246 251 251 251 247 247 247 248 248 248 247 247 247 251 251 251 249 249 249 252 252 252 251 251 251 248 248 248 249 249 249 253 253 253 250 250 250 251 251 251 253 253 253 249 249 249 253 253 253 251 251 251 252 252 252 253 253 253 254 254 254 250 250 250 254 254 254 253 253 253 252 252 252 255 255 255 256 256 256 257 257 257 256 256 256 258 258 258 257 257 257 259 259 259 255 255 255 257 257 257 258 258 258 260 260 260 257 257 257 259 259 259 257 257 257 260 260 260 258 258 258 261 261 261 260 260 260 262 262 262 255 255 255 259 259 259 261 261 261 263 263 263 260 260 260 259 259 259 260 260 260 263 263 263 261 261 261 264 264 264 263 263 263 264 264 264 265 265 265 263 263 263 265 265 265 259 259 259 263 263 263 264 264 264 266 266 266 265 265 265 267 267 267 262 262 262 259 259 259 267 267 267 259 259 259 265 265 265 266 266 266 268 268 268 265 265 265 265 265 265 268 268 268 267 267 267 266 266 266 269 269 269 268 268 268 262 262 262 267 267 267 270 270 270 271 271 271 262 262 262 270 270 270 268 268 268 272 272 272 267 267 267 272 272 272 270 270 270 267 267 267 269 269 269 272 272 272 268 268 268 271 271 271 270 270 270 273 273 273 273 273 273 270 270 270 272 272 272 274 274 274 271 271 271 273 273 273 275 275 275 272 272 272 269 269 269 276 276 276 275 275 275 269 269 269 273 273 273 272 272 272 277 277 277 274 274 274 273 273 273 277 277 277 272 272 272 275 275 275 277 277 277 278 278 278 274 274 274 277 277 277 275 275 275 276 276 276 279 279 279 276 276 276 280 280 280 279 279 279 281 281 281 277 277 277 275 275 275 278 278 278 277 277 277 281 281 281 279 279 279 281 281 281 275 275 275 282 282 282 278 278 278 281 281 281 279 279 279 280 280 280 283 283 283 280 280 280 284 284 284 283 283 283 281 281 281 279 279 279 285 285 285 282 282 282 281 281 281 285 285 285 279 279 279 283 283 283 285 285 285 286 286 286 282 282 282 285 285 285 286 286 286 285 285 285 287 287 287 287 287 287 285 285 285 283 283 283 288 288 288 286 286 286 287 287 287 289 289 289 287 287 287 283 283 283 288 288 288 287 287 287 289 289 289 283 283 283 284 284 284 289 289 289 290 290 290 288 288 288 289 289 289 284 284 284 290 290 290 289 289 289 291 291 291 292 292 292 293 293 293 291 291 291 294 294 294 292 292 292 292 292 292 295 295 295 293 293 293 294 294 294 296 296 296 292 292 292 295 295 295 292 292 292 296 296 296 294 294 294 297 297 297 296 296 296 293 293 293 295 295 295 298 298 298 297 297 297 299 299 299 296 296 296 295 295 295 296 296 296 299 299 299 297 297 297 300 300 300 299 299 299 300 300 300 301 301 301 299 299 299 301 301 301 295 295 295 299 299 299 300 300 300 302 302 302 301 301 301 295 295 295 303 303 303 298 298 298 303 303 303 295 295 295 301 301 301 302 302 302 304 304 304 301 301 301 301 301 301 304 304 304 303 303 303 302 302 302 305 305 305 304 304 304 298 298 298 303 303 303 306 306 306 307 307 307 298 298 298 306 306 306 304 304 304 308 308 308 303 303 303 308 308 308 306 306 306 303 303 303 305 305 305 308 308 308 304 304 304 307 307 307 306 306 306 309 309 309 308 308 308 309 309 309 306 306 306 310 310 310 307 307 307 309 309 309 308 308 308 305 305 305 311 311 311 305 305 305 312 312 312 311 311 311 309 309 309 308 308 308 313 313 313 310 310 310 309 309 309 313 313 313 308 308 308 311 311 311 313 313 313 314 314 314 310 310 310 313 313 313 314 314 314 313 313 313 315 315 315 315 315 315 313 313 313 311 311 311 316 316 316 314 314 314 315 315 315 317 317 317 311 311 311 312 312 312 317 317 317 315 315 315 311 311 311 318 318 318 317 317 317 312 312 312 316 316 316 315 315 315 319 319 319 315 315 315 317 317 317 319 319 319 320 320 320 316 316 316 319 319 319 321 321 321 317 317 317 318 318 318 317 317 317 321 321 321 319 319 319 322 322 322 321 321 321 318 318 318 320 320 320 319 319 319 323 323 323 323 323 323 319 319 319 321 321 321 324 324 324 320 320 320 323 323 323 325 325 325 321 321 321 322 322 322 325 325 325 323 323 323 321 321 321 324 324 324 323 323 323 325 325 325 326 326 326 325 325 325 322 322 322 326 326 326 324 324 324 325 325 325 327 327 327 328 328 328 329 329 329 330 330 330 328 328 328 327 327 327 331 331 331 327 327 327 329 329 329 332 332 332 330 330 330 327 327 327 331 331 331 332 332 332 327 327 327 333 333 333 330 330 330 332 332 332 331 331 331 329 329 329 334 334 334 335 335 335 333 333 333 332 332 332 331 331 331 335 335 335 332 332 332 336 336 336 333 333 333 335 335 335 337 337 337 336 336 336 335 335 335 337 337 337 335 335 335 331 331 331 338 338 338 336 336 336 337 337 337 339 339 339 331 331 331 334 334 334 339 339 339 337 337 337 331 331 331 340 340 340 338 338 338 337 337 337 337 337 337 339 339 339 340 340 340 341 341 341 338 338 338 340 340 340 339 339 339 334 334 334 342 342 342 334 334 334 343 343 343 342 342 342 344 344 344 340 340 340 339 339 339 342 342 342 344 344 344 339 339 339 344 344 344 341 341 341 340 340 340 345 345 345 342 342 342 343 343 343 345 345 345 344 344 344 342 342 342 346 346 346 345 345 345 343 343 343 344 344 344 347 347 347 341 341 341 345 345 345 346 346 346 348 348 348 344 344 344 345 345 345 348 348 348 347 347 347 344 344 344 348 348 348 346 346 346 349 349 349 348 348 348 347 347 347 350 350 350 341 341 341 348 348 348 349 349 349 351 351 351 348 348 348 351 351 351 347 347 347 349 349 349 352 352 352 351 351 351 347 347 347 353 353 353 350 350 350 351 351 351 353 353 353 347 347 347 353 353 353 354 354 354 350 350 350 351 351 351 352 352 352 355 355 355 351 351 351 355 355 355 353 353 353 352 352 352 356 356 356 355 355 355 353 353 353 357 357 357 354 354 354 355 355 355 357 357 357 353 353 353 357 357 357 358 358 358 354 354 354 355 355 355 356 356 356 359 359 359 355 355 355 359 359 359 357 357 357 356 356 356 360 360 360 359 359 359 357 357 357 361 361 361 358 358 358 359 359 359 361 361 361 357 357 357 359 359 359 360 360 360 361 361 361 361 361 361 362 362 362 358 358 358 360 360 360 362 362 362 361 361 361 </p>
        </triangles>
      </mesh>
    </geometry>
    <geometry id="WingEM__SmallBirdsC-mesh" name="WingEM__SmallBirdsC">
      <mesh>
        <source id="WingEM__SmallBirdsC-position">
          <float_array id="WingEM__SmallBirdsC-position-array" count="417">-0.07119622 0.1516455 -0.09030794 -0.07313611 0.1182631 -0.0509633 -0.05627362 0.09571665 -0.1598445 -0.06592129 0.06447596 -0.09160426 -0.09283924 0.197688 -0.01204536 -0.09101529 0.03536306 -0.01293663 -0.1015259 0.1237675 0.1103528 -0.1079657 0.2130309 0.07574689 -0.106724 0.02755357 0.08078192 -0.1087941 0.2029751 0.1435785 -0.1023761 0.0381505 0.1415055 -0.1054348 0.186934 0.1883823 -0.09935695 0.05288388 0.1798761 -0.09677288 0.1533448 0.2152644 -0.09276056 0.0888277 0.216732 -0.09439789 0.1181237 0.2243664 0.07119622 0.1516455 -0.09030794 0.05627362 0.09571665 -0.1598445 0.07313611 0.1182631 -0.0509633 0.06592129 0.06447596 -0.09160426 0.09283924 0.197688 -0.01204536 0.09101529 0.03536306 -0.01293663 0.1015259 0.1237675 0.1103528 0.1079657 0.2130309 0.07574689 0.106724 0.02755357 0.08078192 0.1087941 0.2029751 0.1435785 0.1023761 0.0381505 0.1415055 0.1054348 0.186934 0.1883823 0.09935695 0.05288388 0.1798761 0.09677288 0.1533448 0.2152644 0.09276056 0.0888277 0.216732 0.09439789 0.1181237 0.2243664 -0.06592129 0.06447596 -0.09160426 -0.09101529 0.03536306 -0.01293663 -0.08603804 0.08267782 -0.09158669 -0.05627362 0.09571665 -0.1598445 -0.1286943 0.07269038 -0.01298302 -0.106724 0.02755357 0.08078192 -0.09694196 0.1106946 -0.09139793 -0.08989565 0.1335794 -0.09087552 -0.07119622 0.1516455 -0.09030794 -0.1433528 0.122769 -0.01289488 -0.1492175 0.06475647 0.08056407 -0.1023761 0.0381505 0.1415055 -0.1281827 0.1728182 -0.01258421 -0.09283924 0.197688 -0.01204536 -0.1079657 0.2130309 0.07574689 -0.1654504 0.1250469 0.0805903 -0.1467381 0.1859304 0.08080538 -0.1087941 0.2029751 0.1435785 -0.1402185 0.1761275 0.1510139 -0.1054348 0.186934 0.1883823 -0.1446856 0.07178981 0.1455318 -0.09935695 0.05288388 0.1798761 -0.1208723 0.1636949 0.1921341 -0.09677288 0.1533448 0.2152644 -0.1565511 0.1237047 0.151748 -0.1276594 0.120368 0.1951314 -0.09439789 0.1181237 0.2243664 -0.09276056 0.0888277 0.216732 -0.1215857 0.07665091 0.1906413 0.06592129 0.06447596 -0.09160426 0.08603804 0.08267782 -0.09158669 0.09101529 0.03536306 -0.01293663 0.05627362 0.09571665 -0.1598445 0.1286943 0.07269038 -0.01298302 0.106724 0.02755357 0.08078192 0.09694196 0.1106946 -0.09139793 0.08989565 0.1335794 -0.09087552 0.07119622 0.1516455 -0.09030794 0.1433528 0.122769 -0.01289488 0.1492175 0.06475647 0.08056407 0.1023761 0.0381505 0.1415055 0.1281827 0.1728182 -0.01258421 0.09283924 0.197688 -0.01204536 0.1079657 0.2130309 0.07574689 0.1654504 0.1250469 0.0805903 0.1467381 0.1859304 0.08080538 0.1087941 0.2029751 0.1435785 0.1402185 0.1761275 0.1510139 0.1054348 0.186934 0.1883823 0.1446856 0.07178981 0.1455318 0.09935695 0.05288388 0.1798761 0.1565511 0.1237047 0.151748 0.1208723 0.1636949 0.1921341 0.09677288 0.1533448 0.2152644 0.1215857 0.07665091 0.1906413 0.09276056 0.0888277 0.216732 0.1276594 0.120368 0.1951314 0.09439789 0.1181237 0.2243664 0.05881539 0.09665278 -0.1555666 0.08474179 0.04264128 -0.03260353 0.07131746 0.1495591 -0.0878489 0.1015259 0.1237675 0.1103528 0.106724 0.02755357 0.08078192 0.1013479 0.2063184 0.03733778 0.1003004 0.0482797 0.1678853 0.1060647 0.1899417 0.1799816 0.09460057 0.1195625 0.2192429 -0.1015259 0.1237675 0.1103528 -0.09886963 0.03145832 0.03392265 -0.058375 0.09808307 -0.155534 -0.09013386 0.1919327 -0.02182819 -0.1003004 0.0482797 0.1678853 -0.1079657 0.2130309 0.07574689 -0.09337456 0.09981371 0.2195949 -0.1060647 0.1899417 0.1799816 -0.1027977 0.1559323 0.2094818 -0.1003004 0.0482797 0.1678853 -0.09337456 0.09981371 0.2195949 -0.1234838 0.0903125 0.1920445 -0.1027977 0.1559323 0.2094818 -0.1472348 0.06783356 0.1089874 -0.09886963 0.03145832 0.03392265 -0.1565511 0.1237047 0.151748 -0.1360236 0.0977297 -0.01293895 -0.058375 0.09808307 -0.155534 -0.1654504 0.1250469 0.0805903 -0.1434783 0.181029 0.1159096 -0.1060647 0.1899417 0.1799816 -0.1079657 0.2130309 0.07574689 -0.1281827 0.1728182 -0.01258421 -0.09013386 0.1919327 -0.02182819 0.05881539 0.09665278 -0.1555666 0.1360236 0.0977297 -0.01293895 0.08474179 0.04264128 -0.03260353 0.106724 0.02755357 0.08078192 0.1281827 0.1728182 -0.01258421 0.07131746 0.1495591 -0.0878489 0.1013479 0.2063184 0.03733778 0.1492175 0.06475647 0.08056407 0.1003004 0.0482797 0.1678853 0.1654504 0.1250469 0.0805903 0.1434783 0.181029 0.1159096 0.1060647 0.1899417 0.1799816 0.1331357 0.07422036 0.1680865 0.09460057 0.1195625 0.2192429 0.1565511 0.1237047 0.151748 0.12469 0.1393235 0.1938201</float_array>
          <technique_common>
            <accessor source="#WingEM__SmallBirdsC-position-array" count="139" stride="3">
              <param name="X" type="float" />
              <param name="Y" type="float" />
              <param name="Z" type="float" />
            </accessor>
          </technique_common>
        </source>
        <source id="WingEM__SmallBirdsC-normal">
          <float_array id="WingEM__SmallBirdsC-normal-array" count="417">0.9804305 0.1213307 0.1506849 0.9823875 0.02152642 0.1819961 0.9882583 0.05283757 0.1428571 0.9784736 -0.02348337 0.2054795 0.9745597 0.1526419 0.1624266 0.9765166 -0.1154599 0.18591 0.9960861 0.01956947 0.08023483 0.9863014 0.1154599 0.111546 0.9921722 -0.08414873 0.09784736 0.9960861 0.09393346 -0.003913894 0.9980431 -0.0332681 -0.06457926 0.9863014 0.1506849 -0.07240704 0.9941292 -0.05870841 -0.09197652 0.9902152 0.109589 -0.07632094 0.9960861 -0.003913894 -0.08414873 0.9960861 0.06066536 -0.05870841 -0.9804305 0.1213307 0.1506849 -0.9882583 0.05283757 0.1428571 -0.9823875 0.02152642 0.1819961 -0.9784736 -0.02348337 0.2054795 -0.9745597 0.1526419 0.1624266 -0.9765166 -0.1154599 0.18591 -0.9960861 0.01956947 0.08023483 -0.9863014 0.1154599 0.111546 -0.9921722 -0.08414873 0.09784736 -0.9960861 0.09393346 -0.003913894 -0.9980431 -0.0332681 -0.06457926 -0.9863014 0.1506849 -0.07240704 -0.9941292 -0.05870841 -0.09197652 -0.9902152 0.109589 -0.07632094 -0.9960861 -0.003913894 -0.08414873 -0.9960861 0.06066536 -0.05870841 -0.6223092 -0.6575342 -0.4246575 -0.6555773 -0.6966732 -0.2896282 -0.7436399 -0.4892368 -0.4540117 -0.8238748 -0.1056751 -0.55773 -0.81409 -0.4911937 -0.3111546 -0.6634051 -0.7455969 -0.06066536 -0.8590998 -0.03522505 -0.5107632 -0.6966732 0.4481409 -0.5596869 -0.518591 0.6438356 -0.5616438 -0.9412916 0.009784736 -0.3385518 -0.853229 -0.5146771 -0.07240704 -0.6164383 -0.7573385 0.2133072 -0.7749511 0.516634 -0.3620352 -0.5518591 0.7455969 -0.37182 -0.5714286 0.8062623 -0.1506849 -0.9960861 0.02544031 -0.08219178 -0.8571429 0.5068493 -0.09784736 -0.6144814 0.7495108 0.2485323 -0.8630137 0.4227006 0.2759295 -0.6183953 0.6536204 0.4383562 -0.8395303 -0.483366 0.2465753 -0.5499021 -0.7318982 0.4011742 -0.7436399 0.3463796 0.5714286 -0.6379648 0.1819961 0.7495108 -0.960861 0.02544031 0.2739726 -0.7886497 -0.01174168 0.6144814 -0.6516634 -0.0332681 0.7573385 -0.6066536 -0.258317 0.7514677 -0.7123288 -0.4285714 0.555773 0.6223092 -0.6575342 -0.4246575 0.7436399 -0.4892368 -0.4540117 0.6555773 -0.6966732 -0.2896282 0.8238748 -0.1056751 -0.55773 0.81409 -0.4911937 -0.3111546 0.6634051 -0.7455969 -0.06066536 0.8590998 -0.03522505 -0.5107632 0.6966732 0.4481409 -0.5596869 0.518591 0.6438356 -0.5616438 0.9412916 0.009784736 -0.3385518 0.853229 -0.5146771 -0.07240704 0.6164383 -0.7573385 0.2133072 0.7749511 0.516634 -0.3620352 0.5518591 0.7455969 -0.37182 0.5714286 0.8062623 -0.1506849 0.9960861 0.02544031 -0.08219178 0.8571429 0.5068493 -0.09784736 0.6144814 0.7495108 0.2485323 0.8630137 0.4227006 0.2759295 0.6183953 0.6536204 0.4383562 0.8395303 -0.483366 0.2465753 0.5499021 -0.7318982 0.4011742 0.960861 0.02544031 0.2739726 0.7436399 0.3463796 0.5714286 0.6379648 0.1819961 0.7495108 0.7123288 -0.4285714 0.555773 0.6066536 -0.258317 0.7514677 0.7886497 -0.01174168 0.6144814 0.6516634 -0.0332681 0.7573385 -0.9804305 -0.02152642 0.1976517 -0.9863014 -0.05479452 0.1585127 -0.9863014 -0.001956947 0.1682975 -0.9980431 0.01174168 0.0665362 -0.9902152 -0.08610567 0.1076321 -0.9823875 0.1213307 0.1389433 -0.9980431 -0.0332681 -0.06457926 -0.9960861 0.08219178 -0.01174168 -0.9960861 0.04696673 -0.06066536 0.9960861 0.02544031 0.07632094 0.9843444 -0.09197652 0.1448141 0.9863014 0.01174168 0.1585127 0.9804305 0.1232877 0.148728 1 -0.009784736 -0.03522505 0.9882583 0.109589 0.0998043 0.9960861 0.05675147 -0.06262231 0.9960861 0.07632094 -0.007827789 0.9902152 0.1311155 -0.02935421 -0.6027398 -0.7416829 0.2915851 -0.62818 -0.1956947 0.7534246 -0.739726 -0.3268102 0.5890411 -0.7808219 0.2544031 0.5714286 -0.7729941 -0.6340509 0.04305284 -0.7084149 -0.6653621 -0.2367906 -0.9158513 0.07436399 0.3933464 -0.8610567 -0.3209393 -0.3933464 -0.8395303 -0.1878669 -0.5088063 -0.9921722 0.04892368 -0.1232877 -0.8062623 0.5792564 0.111546 -0.778865 0.4931507 0.3855186 -0.6790606 0.7299413 -0.07827789 -0.8121331 0.4090019 -0.4168297 -0.483366 0.7279844 -0.4872798 0.8551859 -0.1350294 -0.5009785 0.890411 -0.2348337 -0.3913894 0.7475538 -0.5772994 -0.3307241 0.6947162 -0.7142857 -0.08219178 0.7808219 0.4618395 -0.4227006 0.4755382 0.6712329 -0.5675147 0.553816 0.816047 -0.1643836 0.8454012 -0.5303327 -0.05675147 0.5753425 -0.7064579 0.4148728 0.9921722 0.08610567 -0.09197652 0.7299413 0.6771037 0.08219178 0.6790606 0.6262231 0.3835616 0.739726 -0.5009785 0.4500979 0.6027398 -0.1330724 0.7866927 0.9432485 0.02348337 0.3287671 0.7338552 0.2015656 0.6497065</float_array>
          <technique_common>
            <accessor source="#WingEM__SmallBirdsC-normal-array" count="139" stride="3">
              <param name="X" type="float" />
              <param name="Y" type="float" />
              <param name="Z" type="float" />
            </accessor>
          </technique_common>
        </source>
        <source id="WingEM__SmallBirdsC-texcoord">
          <float_array id="WingEM__SmallBirdsC-texcoord-array" count="278">0.04866102 0.1954528 0.06936751 0.2132449 0.01109331 0.2251011 0.04754711 0.2416419 0.09135576 0.1705806 0.09106585 0.2576333 0.1562524 0.2100557 0.138323 0.1624781 0.141207 0.2614328 0.1740139 0.1680323 0.1731594 0.2552224 0.1977111 0.1764858 0.1934691 0.2474555 0.2123445 0.1944305 0.2132906 0.2285649 0.2172122 0.2130465 0.187274 0.05329978 0.2248417 0.08294803 0.1665675 0.07109177 0.1883879 0.09950405 0.144564 0.02842754 0.1448691 0.1154956 0.07968261 0.06790262 0.09761196 0.02032501 0.09472801 0.1192951 0.06190585 0.02587932 0.06277562 0.1130694 0.03820859 0.03433281 0.04246586 0.1053025 0.02359045 0.05227739 0.02264439 0.08641183 0.01872282 0.07089341 0.3414664 0.05374229 0.4056611 0.0291447 0.3481804 0.07261771 0.2930343 0.08361942 0.4140841 0.06637675 0.4825055 0.02151525 0.3515526 0.09506369 0.3491417 0.1131762 0.3418173 0.1313649 0.4167544 0.1040055 0.4835279 0.0622263 0.5340353 0.02879375 0.4137026 0.142031 0.4040131 0.1712978 0.4762036 0.1855192 0.4835126 0.1068131 0.4828107 0.151751 0.5334097 0.1768215 0.5341268 0.1457542 0.5699855 0.1590601 0.5298543 0.0682078 0.5657893 0.04412907 0.5679103 0.1373922 0.5936675 0.1306019 0.5325704 0.1064317 0.5684139 0.1039597 0.6000611 0.1011978 0.5957885 0.07663083 0.5658198 0.07069504 0.9054093 0.05374229 0.8986801 0.07261771 0.8411993 0.0291447 0.9538414 0.08361942 0.8327916 0.06637675 0.7643702 0.02151525 0.8953231 0.09506369 0.897734 0.1131762 0.9050584 0.1313649 0.8301213 0.1040055 0.7633478 0.0622263 0.7128252 0.02879375 0.8331578 0.142031 0.8428473 0.1712978 0.7706569 0.1855192 0.7633478 0.1068131 0.764065 0.151751 0.7134661 0.1768215 0.7127336 0.1457542 0.6768749 0.1590601 0.7170215 0.0682078 0.6810712 0.04412907 0.7143053 0.1064317 0.6789654 0.1373922 0.6531929 0.1306019 0.6810559 0.07069504 0.651072 0.07663083 0.6784619 0.1039597 0.6468147 0.1011978 0.2248417 0.08294803 0.1557488 0.1114977 0.185977 0.05441368 0.07968261 0.06790262 0.09472801 0.1192951 0.1181506 0.0238651 0.04881361 0.1077287 0.04264897 0.03274584 0.02140841 0.07014573 0.1562524 0.2100557 0.1161364 0.2595407 0.01109331 0.2251011 0.08603036 0.1736934 0.1871214 0.2498817 0.138323 0.1624781 0.2147555 0.2227512 0.1932708 0.1748989 0.2123445 0.1944305 0.5558709 0.03933775 0.5973907 0.08584726 0.5666285 0.08108646 0.5872282 0.1322957 0.5037919 0.06483561 0.4440833 0.02532995 0.5325704 0.1064317 0.4154116 0.08519113 0.2965438 0.08546579 0.4835126 0.1068131 0.5084764 0.1487449 0.5631342 0.1623865 0.4762036 0.1855192 0.4137026 0.142031 0.3962463 0.1663081 0.9501793 0.08433664 0.8314641 0.08519113 0.8572518 0.03529412 0.7643702 0.02151525 0.8331578 0.142031 0.9050584 0.1313649 0.8022431 0.1793088 0.7633478 0.0622263 0.6910048 0.03933775 0.7633478 0.1068131 0.7383993 0.1487449 0.6837415 0.1623865 0.6990311 0.06944382 0.6500648 0.1023728 0.7143053 0.1064317 0.6786755 0.1185931</float_array>
          <technique_common>
            <accessor source="#WingEM__SmallBirdsC-texcoord-array" count="139" stride="2">
              <param name="S" type="float" />
              <param name="T" type="float" />
            </accessor>
          </technique_common>
        </source>
        <vertices id="WingEM__SmallBirdsC-vertex">
          <input semantic="POSITION" source="#WingEM__SmallBirdsC-position" />
        </vertices>
        <triangles material="SmallBirdsC" count="116">
          <input semantic="VERTEX" source="#WingEM__SmallBirdsC-vertex" offset="0" />
          <input semantic="NORMAL" source="#WingEM__SmallBirdsC-normal" offset="1" />
          <input semantic="TEXCOORD" source="#WingEM__SmallBirdsC-texcoord" offset="2" set="0" />
          <p>0 0 0 1 1 1 2 2 2 2 2 2 1 1 1 3 3 3 1 1 1 0 0 0 4 4 4 1 1 1 5 5 5 3 3 3 1 1 1 4 4 4 6 6 6 6 6 6 5 5 5 1 1 1 6 6 6 4 4 4 7 7 7 8 8 8 5 5 5 6 6 6 6 6 6 7 7 7 9 9 9 6 6 6 10 10 10 8 8 8 9 9 9 11 11 11 6 6 6 6 6 6 12 12 12 10 10 10 6 6 6 11 11 11 13 13 13 6 6 6 14 14 14 12 12 12 6 6 6 13 13 13 15 15 15 6 6 6 15 15 15 14 14 14 16 16 16 17 17 17 18 18 18 17 17 17 19 19 19 18 18 18 18 18 18 20 20 20 16 16 16 18 18 18 19 19 19 21 21 21 22 22 22 20 20 20 18 18 18 18 18 18 21 21 21 22 22 22 23 23 23 20 20 20 22 22 22 22 22 22 21 21 21 24 24 24 22 22 22 25 25 25 23 23 23 22 22 22 24 24 24 26 26 26 25 25 25 22 22 22 27 27 27 22 22 22 26 26 26 28 28 28 27 27 27 22 22 22 29 29 29 22 22 22 28 28 28 30 30 30 29 29 29 22 22 22 31 31 31 22 22 22 30 30 30 31 31 31 32 32 32 33 33 33 34 34 34 34 34 34 35 35 35 32 32 32 33 33 33 36 36 36 34 34 34 33 33 33 37 37 37 36 36 36 38 38 38 35 35 35 34 34 34 34 34 34 36 36 36 38 38 38 39 39 39 35 35 35 38 38 38 40 40 40 35 35 35 39 39 39 36 36 36 41 41 41 38 38 38 38 38 38 41 41 41 39 39 39 37 37 37 42 42 42 36 36 36 36 36 36 42 42 42 41 41 41 37 37 37 43 43 43 42 42 42 39 39 39 44 44 44 40 40 40 41 41 41 44 44 44 39 39 39 44 44 44 45 45 45 40 40 40 46 46 46 45 45 45 44 44 44 42 42 42 47 47 47 41 41 41 41 41 41 47 47 47 44 44 44 48 48 48 46 46 46 44 44 44 47 47 47 48 48 48 44 44 44 48 48 48 49 49 49 46 46 46 48 48 48 50 50 50 49 49 49 50 50 50 48 48 48 47 47 47 51 51 51 49 49 49 50 50 50 42 42 42 52 52 52 47 47 47 43 43 43 52 52 52 42 42 42 43 43 43 53 53 53 52 52 52 54 54 54 51 51 51 50 50 50 54 54 54 55 55 55 51 51 51 56 56 56 50 50 50 47 47 47 54 54 54 50 50 50 56 56 56 52 52 52 56 56 56 47 47 47 55 55 55 54 54 54 57 57 57 57 57 57 54 54 54 56 56 56 58 58 58 55 55 55 57 57 57 59 59 59 58 58 58 57 57 57 52 52 52 60 60 60 56 56 56 60 60 60 57 57 57 56 56 56 60 60 60 59 59 59 57 57 57 53 53 53 60 60 60 52 52 52 53 53 53 59 59 59 60 60 60 61 61 61 62 62 62 63 63 63 62 62 62 61 61 61 64 64 64 62 62 62 65 65 65 63 63 63 63 63 63 65 65 65 66 66 66 67 67 67 62 62 62 64 64 64 62 62 62 67 67 67 65 65 65 68 68 68 67 67 67 64 64 64 69 69 69 68 68 68 64 64 64 67 67 67 70 70 70 65 65 65 67 67 67 68 68 68 70 70 70 65 65 65 71 71 71 66 66 66 65 65 65 70 70 70 71 71 71 66 66 66 71 71 71 72 72 72 68 68 68 69 69 69 73 73 73 68 68 68 73 73 73 70 70 70 69 69 69 74 74 74 73 73 73 74 74 74 75 75 75 73 73 73 70 70 70 76 76 76 71 71 71 70 70 70 73 73 73 76 76 76 75 75 75 77 77 77 73 73 73 73 73 73 77 77 77 76 76 76 77 77 77 75 75 75 78 78 78 77 77 77 78 78 78 79 79 79 77 77 77 79 79 79 76 76 76 78 78 78 80 80 80 79 79 79 71 71 71 76 76 76 81 81 81 71 71 71 81 81 81 72 72 72 72 72 72 81 81 81 82 82 82 79 79 79 83 83 83 76 76 76 76 76 76 83 83 83 81 81 81 80 80 80 84 84 84 79 79 79 79 79 79 84 84 84 83 83 83 84 84 84 80 80 80 85 85 85 81 81 81 86 86 86 82 82 82 81 81 81 83 83 83 86 86 86 82 82 82 86 86 86 87 87 87 84 84 84 88 88 88 83 83 83 83 83 83 88 88 88 86 86 86 84 84 84 85 85 85 88 88 88 86 86 86 88 88 88 87 87 87 85 85 85 89 89 89 88 88 88 88 88 88 89 89 89 87 87 87 </p>
        </triangles>
      </mesh>
    </geometry>
  </library_geometries>
  <library_controllers>
    <controller id="Armature_BodyAM1__SmallBirdsC-mesh">
      <skin source="#BodyAM1__SmallBirdsC-mesh">
        <bind_shape_matrix>1 0 0 0 0 1 0 0 0 0 1 0 0 0 0 1</bind_shape_matrix>
        <source id="BodyAM1__SmallBirdsC-mesh-joint">
          <Name_array id="BodyAM1__SmallBirdsC-mesh-joint-array" count="6">C_BodyAJ C_HeadAJ R_WingAJ R_ArmAJ L_WingAJ L_ArmAJ</Name_array>
          <technique_common>
            <accessor source="#BodyAM1__SmallBirdsC-mesh-joint-array" count="6" stride="1">
              <param name="JOINT" type="name" />
            </accessor>
          </technique_common>
        </source>
        <source id="BodyAM1__SmallBirdsC-mesh-inv_bind_matrix">
          <float_array id="BodyAM1__SmallBirdsC-mesh-inv_bind_matrix-array" count="96">1 0 0 0 0 1 0 -0.1214508 0 0 1 -0.083903 0 0 0 1 1 0 0 0 0 1 0 -0.2171277 0 0 1 -0.2033035 0 0 0 1 1 0 0 0.3007 0 -1 1.509958E-07 0.154028 0 -1.509958E-07 -1 0.1084511 0 0 0 1 1 0 0 0.0995 0 -1 1.509958E-07 0.154028 0 -1.509958E-07 -1 0.1084511 0 0 0 1 1 0 0 -0.3007656 0 1 0 -0.1540275 0 0 1 -0.1084513 0 0 0 1 1 0 0 -0.09953085 0 1 0 -0.1540275 0 0 1 -0.1084513 0 0 0 1</float_array>
          <technique_common>
            <accessor source="#BodyAM1__SmallBirdsC-mesh-inv_bind_matrix-array" count="6" stride="16">
              <param name="TRANSFORM" type="float4x4" />
            </accessor>
          </technique_common>
        </source>
        <source id="BodyAM1__SmallBirdsC-mesh-weight">
          <float_array id="BodyAM1__SmallBirdsC-mesh-weight-array" count="67">0.1803922 0.8196079 0.7803922 0.2196078 0.7294118 0.2705882 1 0.1215686 0.8784314 0.05882353 0.9411765 0.3882353 0.6117647 0.6784314 0.3215686 0.01176471 0.9882353 0.3294118 0.6705883 0.5607843 0.4392157 0.6901961 0.3098039 0.6196079 0.3803922 0.3019608 0.6980392 0.7098039 0.2901961 0.4117647 0.5882353 0.7607843 0.2392157 0.1294118 0.8705882 0.9490196 0.05098039 0.9215686 0.07843138 0.9098039 0.09019608 0.1411765 0.8588235 0.8117647 0.1882353 0.9058824 0.09411765 0.8352941 0.1647059 0.4980392 0.5019608 0.5921569 0.4078431 0.6313726 0.3686275 0.454902 0.5450981 0.6352941 0.3647059 0.3254902 0.6745098 0.7490196 0.2509804 0.1372549 0.8627451 0.8313726 0.1686275</float_array>
          <technique_common>
            <accessor source="#BodyAM1__SmallBirdsC-mesh-weight-array" count="67" stride="1">
              <param name="WEIGHT" type="float" />
            </accessor>
          </technique_common>
        </source>
        <joints>
          <input semantic="JOINT" source="#BodyAM1__SmallBirdsC-mesh-joint" />
          <input semantic="INV_BIND_MATRIX" source="#BodyAM1__SmallBirdsC-mesh-inv_bind_matrix" />
        </joints>
        <vertex_weights count="614">
          <input semantic="JOINT" source="#BodyAM1__SmallBirdsC-mesh-joint" offset="0" />
          <input semantic="WEIGHT" source="#BodyAM1__SmallBirdsC-mesh-weight" offset="1" />
          <vcount>2 2 2 2 2 1 2 1 1 1 1 1 1 1 1 1 1 1 1 1 1 2 1 1 1 2 2 1 1 1 1 1 1 1 1 1 1 1 2 2 2 2 2 2 1 2 2 2 1 1 1 1 2 2 2 2 2 2 1 2 2 1 1 1 1 1 1 1 1 1 1 1 1 1 1 1 1 2 2 2 2 1 1 1 1 1 1 1 1 1 1 1 1 1 1 1 1 1 1 1 1 1 1 1 1 1 1 1 1 1 1 1 1 1 1 1 1 1 1 2 1 1 1 2 1 1 1 1 1 1 1 1 1 1 2 1 2 2 1 2 2 1 2 2 1 2 2 2 1 1 1 1 1 1 1 1 1 1 1 1 1 1 1 1 1 1 1 1 1 1 2 1 1 2 1 1 1 1 1 1 1 1 1 1 2 1 2 2 1 2 2 1 2 2 1 2 2 2 1 1 1 1 1 1 1 1 1 1 1 1 1 1 1 1 1 1 1 1 1 1 1 2 1 2 1 1 2 1 2 2 2 2 2 2 2 2 2 2 2 2 2 2 2 1 1 1 1 1 1 1 1 1 1 1 1 2 1 1 1 2 1 1 2 1 2 2 2 2 2 2 2 2 2 2 2 2 2 2 2 1 1 1 1 1 1 1 1 1 1 1 1 1 1 2 1 2 1 1 2 1 2 2 2 2 2 2 2 2 2 2 2 2 2 2 2 1 1 1 1 1 1 1 1 1 1 1 1 1 1 2 1 2 1 1 2 1 2 2 2 2 2 2 2 2 2 2 2 2 2 2 2 1 1 1 1 1 1 1 1 1 1 1 1 2 1 1 2 2 2 2 2 2 2 2 2 2 1 1 1 1 2 1 1 1 1 1 2 2 2 2 2 2 2 2 2 2 2 2 1 1 1 1 1 1 2 2 2 2 2 2 2 2 1 1 1 2 2 2 2 2 2 2 2 1 1 1 1 1 1 1 1 1 1 1 2 2 1 1 1 1 2 1 1 1 1 2 1 1 1 1 1 1 1 1 1 1 1 1 1 1 1 1 1 2 2 2 2 2 1 2 1 1 1 1 2 1 1 1 1 1 1 1 1 1 1 1 2 2 1 1 2 1 1 1 1 1 1 2 1 1 1 1 2 2 2 1 1 2 1 1 1 1 1 1 1 1 1 1 1 1 1 1 1 1 1 1 1 1 1 1 1 1 2 1 2 2 2 2 2 2 1 2 1 2 2 1 1 1 1 1 1 1 1 1 1 1 1 1 1 1 1 2 2 1 2 2 2 2 2 2 2 2 2 1 1 1 1 1 1 1 1 1 1 1 1 2 2 1 1 2 1 1 1 1 2 2 1 2 1 1 1 2 1 1 1 1 1 1 1 1 1 1 1 1 </vcount>
          <v>0 0 1 1 0 1 1 0 0 2 1 3 0 0 1 1 0 4 1 5 1 6 0 7 1 8 1 6 1 6 1 6 1 6 1 6 1 6 1 6 1 6 1 6 1 6 1 6 1 6 1 6 1 6 0 9 1 10 1 6 1 6 1 6 0 11 1 12 0 13 1 14 1 6 1 6 1 6 1 6 1 6 1 6 1 6 1 6 1 6 1 6 1 6 0 15 1 16 0 17 1 18 0 5 1 4 0 19 1 20 0 21 1 22 0 23 1 24 1 6 0 5 1 4 0 17 1 18 0 21 1 22 1 6 1 6 1 6 1 6 0 25 1 26 0 19 1 20 0 27 1 28 0 15 1 16 0 29 1 30 0 31 1 32 1 6 0 9 1 10 0 33 1 34 1 6 1 6 1 6 1 6 1 6 1 6 1 6 1 6 1 6 1 6 1 6 1 6 1 6 1 6 1 6 1 6 0 0 1 1 0 0 1 1 0 2 1 3 0 1 1 0 0 6 0 6 0 6 0 6 0 6 0 6 0 6 0 6 0 6 0 6 0 6 0 6 0 6 0 6 0 6 0 6 0 6 0 6 0 6 1 6 1 6 1 6 1 6 1 6 1 6 1 6 1 6 1 6 1 6 1 6 1 6 1 6 1 6 1 6 1 6 1 6 1 6 1 6 0 1 1 0 0 6 0 6 0 6 0 2 1 3 0 6 0 6 0 6 0 6 0 6 0 6 0 6 0 6 0 6 0 6 0 4 1 5 0 6 0 35 1 36 0 13 1 14 0 6 0 37 1 38 0 19 1 20 0 6 0 37 1 38 0 21 1 22 0 6 0 37 1 38 0 23 1 24 0 39 1 40 0 6 0 6 0 6 0 6 0 6 0 6 0 6 0 6 0 6 0 6 0 6 0 6 0 6 0 6 0 6 0 6 0 6 0 6 0 6 0 6 0 6 0 6 0 1 1 0 0 6 0 6 0 2 1 3 0 6 0 6 0 6 0 6 0 6 0 6 0 6 0 6 0 6 0 6 0 31 1 32 0 6 0 35 1 36 0 27 1 28 0 6 0 37 1 38 0 19 1 20 0 6 0 37 1 38 0 21 1 22 0 6 0 37 1 38 0 23 1 24 0 39 1 40 0 6 0 6 0 6 0 6 0 6 0 6 0 6 0 6 0 6 0 6 0 6 0 6 0 6 0 6 0 6 0 6 0 6 0 6 0 6 0 6 0 6 2 6 2 6 3 41 2 42 2 6 3 41 2 42 2 6 2 6 3 29 2 30 2 6 3 41 2 42 3 41 2 42 3 29 2 30 3 29 2 30 3 29 2 30 3 43 2 44 3 43 2 44 3 43 2 44 3 43 2 44 3 43 2 44 3 43 2 44 3 35 2 36 3 35 2 36 3 35 2 36 3 35 2 36 3 6 3 6 3 6 3 6 3 6 3 6 3 6 3 6 3 6 3 6 3 6 3 6 3 41 2 42 2 6 2 6 2 6 3 41 2 42 2 6 2 6 3 29 2 30 2 6 3 41 2 42 3 41 2 42 3 29 2 30 3 29 2 30 3 29 2 30 3 43 2 44 3 43 2 44 3 43 2 44 3 43 2 44 3 43 2 44 3 43 2 44 3 35 2 36 3 35 2 36 3 35 2 36 3 35 2 36 3 6 3 6 3 6 3 6 3 6 3 6 3 6 3 6 3 6 3 6 3 6 3 6 4 6 4 6 5 41 4 42 4 6 5 41 4 42 4 6 4 6 5 29 4 30 4 6 5 41 4 42 5 41 4 42 5 29 4 30 5 29 4 30 5 29 4 30 5 43 4 44 5 43 4 44 5 43 4 44 5 43 4 44 5 43 4 44 5 43 4 44 5 35 4 36 5 35 4 36 5 35 4 36 5 35 4 36 5 6 5 6 5 6 5 6 5 6 5 6 5 6 5 6 5 6 5 6 5 6 5 6 4 6 4 6 5 41 4 42 4 6 5 41 4 42 4 6 4 6 5 29 4 30 4 6 5 41 4 42 5 41 4 42 5 29 4 30 5 29 4 30 5 29 4 30 5 43 4 44 5 43 4 44 5 43 4 44 5 43 4 44 5 43 4 44 5 43 4 44 5 35 4 36 5 35 4 36 5 35 4 36 5 35 4 36 5 6 5 6 5 6 5 6 5 6 5 6 5 6 5 6 5 6 5 6 5 6 5 6 5 35 4 36 5 6 5 6 3 43 2 44 3 45 2 46 3 35 2 36 3 43 2 44 3 29 2 30 3 41 2 42 3 29 2 30 3 45 2 46 3 43 2 44 3 41 2 42 2 6 2 6 2 6 3 6 3 35 2 36 3 6 3 6 3 6 3 6 3 6 5 29 4 30 5 43 4 44 5 43 4 44 5 43 4 44 5 35 4 36 5 43 4 44 5 35 4 36 5 43 4 44 5 29 4 30 5 29 4 30 5 41 4 42 5 41 4 42 4 6 4 6 4 6 5 6 5 6 5 6 5 35 4 36 5 35 4 36 5 35 4 36 5 43 4 44 5 47 4 48 5 43 4 44 5 35 4 36 5 29 4 30 5 6 5 6 5 6 5 35 4 36 5 43 4 44 5 29 4 30 5 29 4 30 5 29 4 30 5 41 4 42 5 41 4 42 5 41 4 42 4 6 4 6 4 6 4 6 0 6 0 6 0 6 0 6 0 6 0 6 0 6 0 49 1 50 0 51 1 52 0 6 0 6 0 6 0 6 0 21 1 22 0 6 0 6 0 6 0 6 0 53 1 54 0 6 0 6 0 6 0 6 0 6 0 6 0 6 0 6 0 6 0 6 0 6 0 6 0 6 0 6 0 6 0 6 0 6 0 55 1 56 0 57 1 58 0 37 1 38 0 59 1 60 5 35 4 36 5 6 5 35 4 36 5 6 5 6 5 6 5 6 5 35 4 36 1 6 1 6 1 6 1 6 1 6 1 6 1 6 1 6 1 6 1 6 1 6 0 49 1 50 0 51 1 52 1 6 1 6 0 21 1 22 1 6 1 6 1 6 1 6 1 6 1 6 0 53 1 54 1 6 1 6 1 6 1 6 0 59 1 60 0 53 1 54 0 57 1 58 1 6 1 6 0 59 1 60 1 6 1 6 1 6 1 6 1 6 1 6 1 6 1 6 1 6 1 6 1 6 1 6 1 6 1 6 1 6 1 6 1 6 1 6 1 6 1 6 1 6 1 6 1 6 1 6 0 49 1 50 1 6 0 51 1 52 0 61 1 62 0 18 1 17 0 63 1 64 0 65 1 66 0 57 1 58 1 6 0 57 1 58 1 6 0 55 1 56 0 57 1 58 0 6 0 6 0 6 0 6 0 6 0 6 0 6 0 6 0 6 0 6 3 6 3 6 3 6 3 6 3 6 3 6 3 45 2 46 3 43 2 44 3 6 3 35 2 36 3 43 2 44 3 43 2 44 3 29 2 30 3 29 2 30 3 29 2 30 3 41 2 42 3 41 2 42 3 41 2 42 2 6 2 6 2 6 2 6 0 6 0 6 0 6 0 6 0 6 0 6 0 6 0 6 0 49 1 50 0 51 1 52 0 6 0 6 0 61 1 62 0 6 0 6 0 6 0 6 0 18 1 17 0 65 1 66 0 6 0 57 1 58 0 6 0 6 0 6 0 55 1 56 0 6 0 6 0 6 0 6 0 6 0 6 0 6 0 6 0 6 0 6 0 6 0 6 </v>
        </vertex_weights>
      </skin>
    </controller>
    <controller id="Armature_WingAM1__SmallBirdsC-mesh">
      <skin source="#WingAM1__SmallBirdsC-mesh">
        <bind_shape_matrix>1 0 0 0 0 1 0 0 0 0 1 0 0 0 0 1</bind_shape_matrix>
        <source id="WingAM1__SmallBirdsC-mesh-joint">
          <Name_array id="WingAM1__SmallBirdsC-mesh-joint-array" count="1">C_BodyAJ</Name_array>
          <technique_common>
            <accessor source="#WingAM1__SmallBirdsC-mesh-joint-array" count="1" stride="1">
              <param name="JOINT" type="name" />
            </accessor>
          </technique_common>
        </source>
        <source id="WingAM1__SmallBirdsC-mesh-inv_bind_matrix">
          <float_array id="WingAM1__SmallBirdsC-mesh-inv_bind_matrix-array" count="16">1 0 0 0 0 1 0 -0.1214508 0 0 1 -0.083903 0 0 0 1</float_array>
          <technique_common>
            <accessor source="#WingAM1__SmallBirdsC-mesh-inv_bind_matrix-array" count="1" stride="16">
              <param name="TRANSFORM" type="float4x4" />
            </accessor>
          </technique_common>
        </source>
        <source id="WingAM1__SmallBirdsC-mesh-weight">
          <float_array id="WingAM1__SmallBirdsC-mesh-weight-array" count="1">1</float_array>
          <technique_common>
            <accessor source="#WingAM1__SmallBirdsC-mesh-weight-array" count="1" stride="1">
              <param name="WEIGHT" type="float" />
            </accessor>
          </technique_common>
        </source>
        <joints>
          <input semantic="JOINT" source="#WingAM1__SmallBirdsC-mesh-joint" />
          <input semantic="INV_BIND_MATRIX" source="#WingAM1__SmallBirdsC-mesh-inv_bind_matrix" />
        </joints>
        <vertex_weights count="139">
          <input semantic="JOINT" source="#WingAM1__SmallBirdsC-mesh-joint" offset="0" />
          <input semantic="WEIGHT" source="#WingAM1__SmallBirdsC-mesh-weight" offset="1" />
          <vcount>1 1 1 1 1 1 1 1 1 1 1 1 1 1 1 1 1 1 1 1 1 1 1 1 1 1 1 1 1 1 1 1 1 1 1 1 1 1 1 1 1 1 1 1 1 1 1 1 1 1 1 1 1 1 1 1 1 1 1 1 1 1 1 1 1 1 1 1 1 1 1 1 1 1 1 1 1 1 1 1 1 1 1 1 1 1 1 1 1 1 1 1 1 1 1 1 1 1 1 1 1 1 1 1 1 1 1 1 1 1 1 1 1 1 1 1 1 1 1 1 1 1 1 1 1 1 1 1 1 1 1 1 1 1 1 1 1 1 1 </vcount>
          <v>0 0 0 0 0 0 0 0 0 0 0 0 0 0 0 0 0 0 0 0 0 0 0 0 0 0 0 0 0 0 0 0 0 0 0 0 0 0 0 0 0 0 0 0 0 0 0 0 0 0 0 0 0 0 0 0 0 0 0 0 0 0 0 0 0 0 0 0 0 0 0 0 0 0 0 0 0 0 0 0 0 0 0 0 0 0 0 0 0 0 0 0 0 0 0 0 0 0 0 0 0 0 0 0 0 0 0 0 0 0 0 0 0 0 0 0 0 0 0 0 0 0 0 0 0 0 0 0 0 0 0 0 0 0 0 0 0 0 0 0 0 0 0 0 0 0 0 0 0 0 0 0 0 0 0 0 0 0 0 0 0 0 0 0 0 0 0 0 0 0 0 0 0 0 0 0 0 0 0 0 0 0 0 0 0 0 0 0 0 0 0 0 0 0 0 0 0 0 0 0 0 0 0 0 0 0 0 0 0 0 0 0 0 0 0 0 0 0 0 0 0 0 0 0 0 0 0 0 0 0 0 0 0 0 0 0 0 0 0 0 0 0 0 0 0 0 0 0 0 0 0 0 0 0 0 0 0 0 0 0 0 0 0 0 0 0 0 0 0 0 0 0 0 0 0 0 0 0 </v>
        </vertex_weights>
      </skin>
    </controller>
    <controller id="Armature_BodyBM__SmallBirdsC-mesh">
      <skin source="#BodyBM__SmallBirdsC-mesh">
        <bind_shape_matrix>1 0 0 0 0 1 0 0 0 0 1 0 0 0 0 1</bind_shape_matrix>
        <source id="BodyBM__SmallBirdsC-mesh-joint">
          <Name_array id="BodyBM__SmallBirdsC-mesh-joint-array" count="6">C_BodyBJ C_HeadBJ R_WingBJ R_ArmBJ L_WingBJ L_ArmBJ</Name_array>
          <technique_common>
            <accessor source="#BodyBM__SmallBirdsC-mesh-joint-array" count="6" stride="1">
              <param name="JOINT" type="name" />
            </accessor>
          </technique_common>
        </source>
        <source id="BodyBM__SmallBirdsC-mesh-inv_bind_matrix">
          <float_array id="BodyBM__SmallBirdsC-mesh-inv_bind_matrix-array" count="96">1 0 0 0 0 1 0 -0.1540275 0 0 1 -0.1084513 0 0 0 1 1 0 0 0 0 1 0 -0.2171277 0 0 1 -0.2033035 0 0 0 1 1 0 0 0.3007 0 -1 1.509958E-07 0.1540275 0 -1.509958E-07 -1 0.1084513 0 0 0 1 1 0 0 0.0995 0 -1 1.509958E-07 0.1540275 0 -1.509958E-07 -1 0.1084513 0 0 0 1 1 0 0 -0.3007656 0 1 0 -0.1540275 0 0 1 -0.1084513 0 0 0 1 1 0 0 -0.09953085 0 1 0 -0.1540275 0 0 1 -0.1084513 0 0 0 1</float_array>
          <technique_common>
            <accessor source="#BodyBM__SmallBirdsC-mesh-inv_bind_matrix-array" count="6" stride="16">
              <param name="TRANSFORM" type="float4x4" />
            </accessor>
          </technique_common>
        </source>
        <source id="BodyBM__SmallBirdsC-mesh-weight">
          <float_array id="BodyBM__SmallBirdsC-mesh-weight-array" count="67">0.1803922 0.8196079 0.7803922 0.2196078 0.7294118 0.2705882 1 0.1215686 0.8784314 0.05882353 0.9411765 0.3882353 0.6117647 0.6784314 0.3215686 0.01176471 0.9882353 0.3294118 0.6705883 0.5607843 0.4392157 0.6901961 0.3098039 0.6196079 0.3803922 0.3019608 0.6980392 0.7098039 0.2901961 0.4117647 0.5882353 0.7607843 0.2392157 0.1294118 0.8705882 0.9490196 0.05098039 0.9215686 0.07843138 0.9098039 0.09019608 0.1411765 0.8588235 0.8117647 0.1882353 0.9058824 0.09411765 0.8352941 0.1647059 0.4980392 0.5019608 0.5921569 0.4078431 0.6313726 0.3686275 0.454902 0.5450981 0.6352941 0.3647059 0.3254902 0.6745098 0.7490196 0.2509804 0.1372549 0.8627451 0.8313726 0.1686275</float_array>
          <technique_common>
            <accessor source="#BodyBM__SmallBirdsC-mesh-weight-array" count="67" stride="1">
              <param name="WEIGHT" type="float" />
            </accessor>
          </technique_common>
        </source>
        <joints>
          <input semantic="JOINT" source="#BodyBM__SmallBirdsC-mesh-joint" />
          <input semantic="INV_BIND_MATRIX" source="#BodyBM__SmallBirdsC-mesh-inv_bind_matrix" />
        </joints>
        <vertex_weights count="614">
          <input semantic="JOINT" source="#BodyBM__SmallBirdsC-mesh-joint" offset="0" />
          <input semantic="WEIGHT" source="#BodyBM__SmallBirdsC-mesh-weight" offset="1" />
          <vcount>2 2 2 2 2 1 2 1 1 1 1 1 1 1 1 1 1 1 1 1 1 2 1 1 1 2 2 1 1 1 1 1 1 1 1 1 1 1 2 2 2 2 2 2 1 2 2 2 1 1 1 1 2 2 2 2 2 2 1 2 2 1 1 1 1 1 1 1 1 1 1 1 1 1 1 1 1 2 2 2 2 1 1 1 1 1 1 1 1 1 1 1 1 1 1 1 1 1 1 1 1 1 1 1 1 1 1 1 1 1 1 1 1 1 1 1 1 1 1 2 1 1 1 2 1 1 1 1 1 1 1 1 1 1 2 1 2 2 1 2 2 1 2 2 1 2 2 2 1 1 1 1 1 1 1 1 1 1 1 1 1 1 1 1 1 1 1 1 1 1 2 1 1 2 1 1 1 1 1 1 1 1 1 1 2 1 2 2 1 2 2 1 2 2 1 2 2 2 1 1 1 1 1 1 1 1 1 1 1 1 1 1 1 1 1 1 1 1 1 1 1 2 1 2 1 1 2 1 2 2 2 2 2 2 2 2 2 2 2 2 2 2 2 1 1 1 1 1 1 1 1 1 1 1 1 2 1 1 1 2 1 1 2 1 2 2 2 2 2 2 2 2 2 2 2 2 2 2 2 1 1 1 1 1 1 1 1 1 1 1 1 1 1 2 1 2 1 1 2 1 2 2 2 2 2 2 2 2 2 2 2 2 2 2 2 1 1 1 1 1 1 1 1 1 1 1 1 1 1 2 1 2 1 1 2 1 2 2 2 2 2 2 2 2 2 2 2 2 2 2 2 1 1 1 1 1 1 1 1 1 1 1 1 2 1 1 2 2 2 2 2 2 2 2 2 2 1 1 1 1 2 1 1 1 1 1 2 2 2 2 2 2 2 2 2 2 2 2 1 1 1 1 1 1 2 2 2 2 2 2 2 2 1 1 1 2 2 2 2 2 2 2 2 1 1 1 1 1 1 1 1 1 1 1 2 2 1 1 1 1 2 1 1 1 1 2 1 1 1 1 1 1 1 1 1 1 1 1 1 1 1 1 1 2 2 2 2 2 1 2 1 1 1 1 2 1 1 1 1 1 1 1 1 1 1 1 2 2 1 1 2 1 1 1 1 1 1 2 1 1 1 1 2 2 2 1 1 2 1 1 1 1 1 1 1 1 1 1 1 1 1 1 1 1 1 1 1 1 1 1 1 1 2 1 2 2 2 2 2 2 1 2 1 2 2 1 1 1 1 1 1 1 1 1 1 1 1 1 1 1 1 2 2 1 2 2 2 2 2 2 2 2 2 1 1 1 1 1 1 1 1 1 1 1 1 2 2 1 1 2 1 1 1 1 2 2 1 2 1 1 1 2 1 1 1 1 1 1 1 1 1 1 1 1 </vcount>
          <v>0 0 1 1 0 1 1 0 0 2 1 3 0 0 1 1 0 4 1 5 1 6 0 7 1 8 1 6 1 6 1 6 1 6 1 6 1 6 1 6 1 6 1 6 1 6 1 6 1 6 1 6 1 6 0 9 1 10 1 6 1 6 1 6 0 11 1 12 0 13 1 14 1 6 1 6 1 6 1 6 1 6 1 6 1 6 1 6 1 6 1 6 1 6 0 15 1 16 0 17 1 18 0 5 1 4 0 19 1 20 0 21 1 22 0 23 1 24 1 6 0 5 1 4 0 17 1 18 0 21 1 22 1 6 1 6 1 6 1 6 0 25 1 26 0 19 1 20 0 27 1 28 0 15 1 16 0 29 1 30 0 31 1 32 1 6 0 9 1 10 0 33 1 34 1 6 1 6 1 6 1 6 1 6 1 6 1 6 1 6 1 6 1 6 1 6 1 6 1 6 1 6 1 6 1 6 0 0 1 1 0 0 1 1 0 2 1 3 0 1 1 0 0 6 0 6 0 6 0 6 0 6 0 6 0 6 0 6 0 6 0 6 0 6 0 6 0 6 0 6 0 6 0 6 0 6 0 6 0 6 1 6 1 6 1 6 1 6 1 6 1 6 1 6 1 6 1 6 1 6 1 6 1 6 1 6 1 6 1 6 1 6 1 6 1 6 1 6 0 1 1 0 0 6 0 6 0 6 0 2 1 3 0 6 0 6 0 6 0 6 0 6 0 6 0 6 0 6 0 6 0 6 0 4 1 5 0 6 0 35 1 36 0 13 1 14 0 6 0 37 1 38 0 19 1 20 0 6 0 37 1 38 0 21 1 22 0 6 0 37 1 38 0 23 1 24 0 39 1 40 0 6 0 6 0 6 0 6 0 6 0 6 0 6 0 6 0 6 0 6 0 6 0 6 0 6 0 6 0 6 0 6 0 6 0 6 0 6 0 6 0 6 0 6 0 1 1 0 0 6 0 6 0 2 1 3 0 6 0 6 0 6 0 6 0 6 0 6 0 6 0 6 0 6 0 6 0 31 1 32 0 6 0 35 1 36 0 27 1 28 0 6 0 37 1 38 0 19 1 20 0 6 0 37 1 38 0 21 1 22 0 6 0 37 1 38 0 23 1 24 0 39 1 40 0 6 0 6 0 6 0 6 0 6 0 6 0 6 0 6 0 6 0 6 0 6 0 6 0 6 0 6 0 6 0 6 0 6 0 6 0 6 0 6 0 6 2 6 2 6 3 41 2 42 2 6 3 41 2 42 2 6 2 6 3 29 2 30 2 6 3 41 2 42 3 41 2 42 3 29 2 30 3 29 2 30 3 29 2 30 3 43 2 44 3 43 2 44 3 43 2 44 3 43 2 44 3 43 2 44 3 43 2 44 3 35 2 36 3 35 2 36 3 35 2 36 3 35 2 36 3 6 3 6 3 6 3 6 3 6 3 6 3 6 3 6 3 6 3 6 3 6 3 6 3 41 2 42 2 6 2 6 2 6 3 41 2 42 2 6 2 6 3 29 2 30 2 6 3 41 2 42 3 41 2 42 3 29 2 30 3 29 2 30 3 29 2 30 3 43 2 44 3 43 2 44 3 43 2 44 3 43 2 44 3 43 2 44 3 43 2 44 3 35 2 36 3 35 2 36 3 35 2 36 3 35 2 36 3 6 3 6 3 6 3 6 3 6 3 6 3 6 3 6 3 6 3 6 3 6 3 6 4 6 4 6 5 41 4 42 4 6 5 41 4 42 4 6 4 6 5 29 4 30 4 6 5 41 4 42 5 41 4 42 5 29 4 30 5 29 4 30 5 29 4 30 5 43 4 44 5 43 4 44 5 43 4 44 5 43 4 44 5 43 4 44 5 43 4 44 5 35 4 36 5 35 4 36 5 35 4 36 5 35 4 36 5 6 5 6 5 6 5 6 5 6 5 6 5 6 5 6 5 6 5 6 5 6 5 6 4 6 4 6 5 41 4 42 4 6 5 41 4 42 4 6 4 6 5 29 4 30 4 6 5 41 4 42 5 41 4 42 5 29 4 30 5 29 4 30 5 29 4 30 5 43 4 44 5 43 4 44 5 43 4 44 5 43 4 44 5 43 4 44 5 43 4 44 5 35 4 36 5 35 4 36 5 35 4 36 5 35 4 36 5 6 5 6 5 6 5 6 5 6 5 6 5 6 5 6 5 6 5 6 5 6 5 6 5 35 4 36 5 6 5 6 3 43 2 44 3 45 2 46 3 35 2 36 3 43 2 44 3 29 2 30 3 41 2 42 3 29 2 30 3 45 2 46 3 43 2 44 3 41 2 42 2 6 2 6 2 6 3 6 3 35 2 36 3 6 3 6 3 6 3 6 3 6 5 29 4 30 5 43 4 44 5 43 4 44 5 43 4 44 5 35 4 36 5 43 4 44 5 35 4 36 5 43 4 44 5 29 4 30 5 29 4 30 5 41 4 42 5 41 4 42 4 6 4 6 4 6 5 6 5 6 5 6 5 35 4 36 5 35 4 36 5 35 4 36 5 43 4 44 5 47 4 48 5 43 4 44 5 35 4 36 5 29 4 30 5 6 5 6 5 6 5 35 4 36 5 43 4 44 5 29 4 30 5 29 4 30 5 29 4 30 5 41 4 42 5 41 4 42 5 41 4 42 4 6 4 6 4 6 4 6 0 6 0 6 0 6 0 6 0 6 0 6 0 6 0 49 1 50 0 51 1 52 0 6 0 6 0 6 0 6 0 21 1 22 0 6 0 6 0 6 0 6 0 53 1 54 0 6 0 6 0 6 0 6 0 6 0 6 0 6 0 6 0 6 0 6 0 6 0 6 0 6 0 6 0 6 0 6 0 6 0 55 1 56 0 57 1 58 0 37 1 38 0 59 1 60 5 35 4 36 5 6 5 35 4 36 5 6 5 6 5 6 5 6 5 35 4 36 1 6 1 6 1 6 1 6 1 6 1 6 1 6 1 6 1 6 1 6 1 6 0 49 1 50 0 51 1 52 1 6 1 6 0 21 1 22 1 6 1 6 1 6 1 6 1 6 1 6 0 53 1 54 1 6 1 6 1 6 1 6 0 59 1 60 0 53 1 54 0 57 1 58 1 6 1 6 0 59 1 60 1 6 1 6 1 6 1 6 1 6 1 6 1 6 1 6 1 6 1 6 1 6 1 6 1 6 1 6 1 6 1 6 1 6 1 6 1 6 1 6 1 6 1 6 1 6 1 6 0 49 1 50 1 6 0 51 1 52 0 61 1 62 0 18 1 17 0 63 1 64 0 65 1 66 0 57 1 58 1 6 0 57 1 58 1 6 0 55 1 56 0 57 1 58 0 6 0 6 0 6 0 6 0 6 0 6 0 6 0 6 0 6 0 6 3 6 3 6 3 6 3 6 3 6 3 6 3 45 2 46 3 43 2 44 3 6 3 35 2 36 3 43 2 44 3 43 2 44 3 29 2 30 3 29 2 30 3 29 2 30 3 41 2 42 3 41 2 42 3 41 2 42 2 6 2 6 2 6 2 6 0 6 0 6 0 6 0 6 0 6 0 6 0 6 0 6 0 49 1 50 0 51 1 52 0 6 0 6 0 61 1 62 0 6 0 6 0 6 0 6 0 18 1 17 0 65 1 66 0 6 0 57 1 58 0 6 0 6 0 6 0 55 1 56 0 6 0 6 0 6 0 6 0 6 0 6 0 6 0 6 0 6 0 6 0 6 0 6 </v>
        </vertex_weights>
      </skin>
    </controller>
    <controller id="Armature_WingBM__SmallBirdsC-mesh">
      <skin source="#WingBM__SmallBirdsC-mesh">
        <bind_shape_matrix>1 0 0 0 0 1 0 0 0 0 1 0 0 0 0 1</bind_shape_matrix>
        <source id="WingBM__SmallBirdsC-mesh-joint">
          <Name_array id="WingBM__SmallBirdsC-mesh-joint-array" count="1">C_BodyBJ</Name_array>
          <technique_common>
            <accessor source="#WingBM__SmallBirdsC-mesh-joint-array" count="1" stride="1">
              <param name="JOINT" type="name" />
            </accessor>
          </technique_common>
        </source>
        <source id="WingBM__SmallBirdsC-mesh-inv_bind_matrix">
          <float_array id="WingBM__SmallBirdsC-mesh-inv_bind_matrix-array" count="16">1 0 0 0 0 1 0 -0.1540275 0 0 1 -0.1084513 0 0 0 1</float_array>
          <technique_common>
            <accessor source="#WingBM__SmallBirdsC-mesh-inv_bind_matrix-array" count="1" stride="16">
              <param name="TRANSFORM" type="float4x4" />
            </accessor>
          </technique_common>
        </source>
        <source id="WingBM__SmallBirdsC-mesh-weight">
          <float_array id="WingBM__SmallBirdsC-mesh-weight-array" count="1">1</float_array>
          <technique_common>
            <accessor source="#WingBM__SmallBirdsC-mesh-weight-array" count="1" stride="1">
              <param name="WEIGHT" type="float" />
            </accessor>
          </technique_common>
        </source>
        <joints>
          <input semantic="JOINT" source="#WingBM__SmallBirdsC-mesh-joint" />
          <input semantic="INV_BIND_MATRIX" source="#WingBM__SmallBirdsC-mesh-inv_bind_matrix" />
        </joints>
        <vertex_weights count="139">
          <input semantic="JOINT" source="#WingBM__SmallBirdsC-mesh-joint" offset="0" />
          <input semantic="WEIGHT" source="#WingBM__SmallBirdsC-mesh-weight" offset="1" />
          <vcount>1 1 1 1 1 1 1 1 1 1 1 1 1 1 1 1 1 1 1 1 1 1 1 1 1 1 1 1 1 1 1 1 1 1 1 1 1 1 1 1 1 1 1 1 1 1 1 1 1 1 1 1 1 1 1 1 1 1 1 1 1 1 1 1 1 1 1 1 1 1 1 1 1 1 1 1 1 1 1 1 1 1 1 1 1 1 1 1 1 1 1 1 1 1 1 1 1 1 1 1 1 1 1 1 1 1 1 1 1 1 1 1 1 1 1 1 1 1 1 1 1 1 1 1 1 1 1 1 1 1 1 1 1 1 1 1 1 1 1 </vcount>
          <v>0 0 0 0 0 0 0 0 0 0 0 0 0 0 0 0 0 0 0 0 0 0 0 0 0 0 0 0 0 0 0 0 0 0 0 0 0 0 0 0 0 0 0 0 0 0 0 0 0 0 0 0 0 0 0 0 0 0 0 0 0 0 0 0 0 0 0 0 0 0 0 0 0 0 0 0 0 0 0 0 0 0 0 0 0 0 0 0 0 0 0 0 0 0 0 0 0 0 0 0 0 0 0 0 0 0 0 0 0 0 0 0 0 0 0 0 0 0 0 0 0 0 0 0 0 0 0 0 0 0 0 0 0 0 0 0 0 0 0 0 0 0 0 0 0 0 0 0 0 0 0 0 0 0 0 0 0 0 0 0 0 0 0 0 0 0 0 0 0 0 0 0 0 0 0 0 0 0 0 0 0 0 0 0 0 0 0 0 0 0 0 0 0 0 0 0 0 0 0 0 0 0 0 0 0 0 0 0 0 0 0 0 0 0 0 0 0 0 0 0 0 0 0 0 0 0 0 0 0 0 0 0 0 0 0 0 0 0 0 0 0 0 0 0 0 0 0 0 0 0 0 0 0 0 0 0 0 0 0 0 0 0 0 0 0 0 0 0 0 0 0 0 0 0 0 0 0 0 </v>
        </vertex_weights>
      </skin>
    </controller>
    <controller id="Armature_BodyCM__SmallBirdsC-mesh">
      <skin source="#BodyCM__SmallBirdsC-mesh">
        <bind_shape_matrix>1 0 0 0 0 1 0 0 0 0 1 0 0 0 0 1</bind_shape_matrix>
        <source id="BodyCM__SmallBirdsC-mesh-joint">
          <Name_array id="BodyCM__SmallBirdsC-mesh-joint-array" count="6">C_BodyCJ C_HeadCJ R_WingCJ R_ArmCJ L_WingCJ L_ArmCJ</Name_array>
          <technique_common>
            <accessor source="#BodyCM__SmallBirdsC-mesh-joint-array" count="6" stride="1">
              <param name="JOINT" type="name" />
            </accessor>
          </technique_common>
        </source>
        <source id="BodyCM__SmallBirdsC-mesh-inv_bind_matrix">
          <float_array id="BodyCM__SmallBirdsC-mesh-inv_bind_matrix-array" count="96">1 0 0 0 0 1 0 -0.1540275 0 0 1 -0.1084513 0 0 0 1 1 0 0 0 0 1 0 -0.2171277 0 0 1 -0.2033035 0 0 0 1 1 0 0 0.3007 0 -1 1.509958E-07 0.1540275 0 -1.509958E-07 -1 0.1084513 0 0 0 1 1 0 0 0.0995 0 -1 1.509958E-07 0.1540275 0 -1.509958E-07 -1 0.1084513 0 0 0 1 1 0 0 -0.3007656 0 1 0 -0.1540275 0 0 1 -0.1084513 0 0 0 1 1 0 0 -0.09953085 0 1 0 -0.1540275 0 0 1 -0.1084513 0 0 0 1</float_array>
          <technique_common>
            <accessor source="#BodyCM__SmallBirdsC-mesh-inv_bind_matrix-array" count="6" stride="16">
              <param name="TRANSFORM" type="float4x4" />
            </accessor>
          </technique_common>
        </source>
        <source id="BodyCM__SmallBirdsC-mesh-weight">
          <float_array id="BodyCM__SmallBirdsC-mesh-weight-array" count="67">0.1803922 0.8196079 0.7803922 0.2196078 0.7294118 0.2705882 1 0.1215686 0.8784314 0.05882353 0.9411765 0.3882353 0.6117647 0.6784314 0.3215686 0.01176471 0.9882353 0.3294118 0.6705883 0.5607843 0.4392157 0.6901961 0.3098039 0.6196079 0.3803922 0.3019608 0.6980392 0.7098039 0.2901961 0.4117647 0.5882353 0.7607843 0.2392157 0.1294118 0.8705882 0.9490196 0.05098039 0.9215686 0.07843138 0.9098039 0.09019608 0.1411765 0.8588235 0.8117647 0.1882353 0.9058824 0.09411765 0.8352941 0.1647059 0.4980392 0.5019608 0.5921569 0.4078431 0.6313726 0.3686275 0.454902 0.5450981 0.6352941 0.3647059 0.3254902 0.6745098 0.7490196 0.2509804 0.1372549 0.8627451 0.8313726 0.1686275</float_array>
          <technique_common>
            <accessor source="#BodyCM__SmallBirdsC-mesh-weight-array" count="67" stride="1">
              <param name="WEIGHT" type="float" />
            </accessor>
          </technique_common>
        </source>
        <joints>
          <input semantic="JOINT" source="#BodyCM__SmallBirdsC-mesh-joint" />
          <input semantic="INV_BIND_MATRIX" source="#BodyCM__SmallBirdsC-mesh-inv_bind_matrix" />
        </joints>
        <vertex_weights count="614">
          <input semantic="JOINT" source="#BodyCM__SmallBirdsC-mesh-joint" offset="0" />
          <input semantic="WEIGHT" source="#BodyCM__SmallBirdsC-mesh-weight" offset="1" />
          <vcount>2 2 2 2 2 1 2 1 1 1 1 1 1 1 1 1 1 1 1 1 1 2 1 1 1 2 2 1 1 1 1 1 1 1 1 1 1 1 2 2 2 2 2 2 1 2 2 2 1 1 1 1 2 2 2 2 2 2 1 2 2 1 1 1 1 1 1 1 1 1 1 1 1 1 1 1 1 2 2 2 2 1 1 1 1 1 1 1 1 1 1 1 1 1 1 1 1 1 1 1 1 1 1 1 1 1 1 1 1 1 1 1 1 1 1 1 1 1 1 2 1 1 1 2 1 1 1 1 1 1 1 1 1 1 2 1 2 2 1 2 2 1 2 2 1 2 2 2 1 1 1 1 1 1 1 1 1 1 1 1 1 1 1 1 1 1 1 1 1 1 2 1 1 2 1 1 1 1 1 1 1 1 1 1 2 1 2 2 1 2 2 1 2 2 1 2 2 2 1 1 1 1 1 1 1 1 1 1 1 1 1 1 1 1 1 1 1 1 1 1 1 2 1 2 1 1 2 1 2 2 2 2 2 2 2 2 2 2 2 2 2 2 2 1 1 1 1 1 1 1 1 1 1 1 1 2 1 1 1 2 1 1 2 1 2 2 2 2 2 2 2 2 2 2 2 2 2 2 2 1 1 1 1 1 1 1 1 1 1 1 1 1 1 2 1 2 1 1 2 1 2 2 2 2 2 2 2 2 2 2 2 2 2 2 2 1 1 1 1 1 1 1 1 1 1 1 1 1 1 2 1 2 1 1 2 1 2 2 2 2 2 2 2 2 2 2 2 2 2 2 2 1 1 1 1 1 1 1 1 1 1 1 1 2 1 1 2 2 2 2 2 2 2 2 2 2 1 1 1 1 2 1 1 1 1 1 2 2 2 2 2 2 2 2 2 2 2 2 1 1 1 1 1 1 2 2 2 2 2 2 2 2 1 1 1 2 2 2 2 2 2 2 2 1 1 1 1 1 1 1 1 1 1 1 2 2 1 1 1 1 2 1 1 1 1 2 1 1 1 1 1 1 1 1 1 1 1 1 1 1 1 1 1 2 2 2 2 2 1 2 1 1 1 1 2 1 1 1 1 1 1 1 1 1 1 1 2 2 1 1 2 1 1 1 1 1 1 2 1 1 1 1 2 2 2 1 1 2 1 1 1 1 1 1 1 1 1 1 1 1 1 1 1 1 1 1 1 1 1 1 1 1 2 1 2 2 2 2 2 2 1 2 1 2 2 1 1 1 1 1 1 1 1 1 1 1 1 1 1 1 1 2 2 1 2 2 2 2 2 2 2 2 2 1 1 1 1 1 1 1 1 1 1 1 1 2 2 1 1 2 1 1 1 1 2 2 1 2 1 1 1 2 1 1 1 1 1 1 1 1 1 1 1 1 </vcount>
          <v>0 0 1 1 0 1 1 0 0 2 1 3 0 0 1 1 0 4 1 5 1 6 0 7 1 8 1 6 1 6 1 6 1 6 1 6 1 6 1 6 1 6 1 6 1 6 1 6 1 6 1 6 1 6 0 9 1 10 1 6 1 6 1 6 0 11 1 12 0 13 1 14 1 6 1 6 1 6 1 6 1 6 1 6 1 6 1 6 1 6 1 6 1 6 0 15 1 16 0 17 1 18 0 5 1 4 0 19 1 20 0 21 1 22 0 23 1 24 1 6 0 5 1 4 0 17 1 18 0 21 1 22 1 6 1 6 1 6 1 6 0 25 1 26 0 19 1 20 0 27 1 28 0 15 1 16 0 29 1 30 0 31 1 32 1 6 0 9 1 10 0 33 1 34 1 6 1 6 1 6 1 6 1 6 1 6 1 6 1 6 1 6 1 6 1 6 1 6 1 6 1 6 1 6 1 6 0 0 1 1 0 0 1 1 0 2 1 3 0 1 1 0 0 6 0 6 0 6 0 6 0 6 0 6 0 6 0 6 0 6 0 6 0 6 0 6 0 6 0 6 0 6 0 6 0 6 0 6 0 6 1 6 1 6 1 6 1 6 1 6 1 6 1 6 1 6 1 6 1 6 1 6 1 6 1 6 1 6 1 6 1 6 1 6 1 6 1 6 0 1 1 0 0 6 0 6 0 6 0 2 1 3 0 6 0 6 0 6 0 6 0 6 0 6 0 6 0 6 0 6 0 6 0 4 1 5 0 6 0 35 1 36 0 13 1 14 0 6 0 37 1 38 0 19 1 20 0 6 0 37 1 38 0 21 1 22 0 6 0 37 1 38 0 23 1 24 0 39 1 40 0 6 0 6 0 6 0 6 0 6 0 6 0 6 0 6 0 6 0 6 0 6 0 6 0 6 0 6 0 6 0 6 0 6 0 6 0 6 0 6 0 6 0 6 0 1 1 0 0 6 0 6 0 2 1 3 0 6 0 6 0 6 0 6 0 6 0 6 0 6 0 6 0 6 0 6 0 31 1 32 0 6 0 35 1 36 0 27 1 28 0 6 0 37 1 38 0 19 1 20 0 6 0 37 1 38 0 21 1 22 0 6 0 37 1 38 0 23 1 24 0 39 1 40 0 6 0 6 0 6 0 6 0 6 0 6 0 6 0 6 0 6 0 6 0 6 0 6 0 6 0 6 0 6 0 6 0 6 0 6 0 6 0 6 0 6 2 6 2 6 3 41 2 42 2 6 3 41 2 42 2 6 2 6 3 29 2 30 2 6 3 41 2 42 3 41 2 42 3 29 2 30 3 29 2 30 3 29 2 30 3 43 2 44 3 43 2 44 3 43 2 44 3 43 2 44 3 43 2 44 3 43 2 44 3 35 2 36 3 35 2 36 3 35 2 36 3 35 2 36 3 6 3 6 3 6 3 6 3 6 3 6 3 6 3 6 3 6 3 6 3 6 3 6 3 41 2 42 2 6 2 6 2 6 3 41 2 42 2 6 2 6 3 29 2 30 2 6 3 41 2 42 3 41 2 42 3 29 2 30 3 29 2 30 3 29 2 30 3 43 2 44 3 43 2 44 3 43 2 44 3 43 2 44 3 43 2 44 3 43 2 44 3 35 2 36 3 35 2 36 3 35 2 36 3 35 2 36 3 6 3 6 3 6 3 6 3 6 3 6 3 6 3 6 3 6 3 6 3 6 3 6 4 6 4 6 5 41 4 42 4 6 5 41 4 42 4 6 4 6 5 29 4 30 4 6 5 41 4 42 5 41 4 42 5 29 4 30 5 29 4 30 5 29 4 30 5 43 4 44 5 43 4 44 5 43 4 44 5 43 4 44 5 43 4 44 5 43 4 44 5 35 4 36 5 35 4 36 5 35 4 36 5 35 4 36 5 6 5 6 5 6 5 6 5 6 5 6 5 6 5 6 5 6 5 6 5 6 5 6 4 6 4 6 5 41 4 42 4 6 5 41 4 42 4 6 4 6 5 29 4 30 4 6 5 41 4 42 5 41 4 42 5 29 4 30 5 29 4 30 5 29 4 30 5 43 4 44 5 43 4 44 5 43 4 44 5 43 4 44 5 43 4 44 5 43 4 44 5 35 4 36 5 35 4 36 5 35 4 36 5 35 4 36 5 6 5 6 5 6 5 6 5 6 5 6 5 6 5 6 5 6 5 6 5 6 5 6 5 35 4 36 5 6 5 6 3 43 2 44 3 45 2 46 3 35 2 36 3 43 2 44 3 29 2 30 3 41 2 42 3 29 2 30 3 45 2 46 3 43 2 44 3 41 2 42 2 6 2 6 2 6 3 6 3 35 2 36 3 6 3 6 3 6 3 6 3 6 5 29 4 30 5 43 4 44 5 43 4 44 5 43 4 44 5 35 4 36 5 43 4 44 5 35 4 36 5 43 4 44 5 29 4 30 5 29 4 30 5 41 4 42 5 41 4 42 4 6 4 6 4 6 5 6 5 6 5 6 5 35 4 36 5 35 4 36 5 35 4 36 5 43 4 44 5 47 4 48 5 43 4 44 5 35 4 36 5 29 4 30 5 6 5 6 5 6 5 35 4 36 5 43 4 44 5 29 4 30 5 29 4 30 5 29 4 30 5 41 4 42 5 41 4 42 5 41 4 42 4 6 4 6 4 6 4 6 0 6 0 6 0 6 0 6 0 6 0 6 0 6 0 49 1 50 0 51 1 52 0 6 0 6 0 6 0 6 0 21 1 22 0 6 0 6 0 6 0 6 0 53 1 54 0 6 0 6 0 6 0 6 0 6 0 6 0 6 0 6 0 6 0 6 0 6 0 6 0 6 0 6 0 6 0 6 0 6 0 55 1 56 0 57 1 58 0 37 1 38 0 59 1 60 5 35 4 36 5 6 5 35 4 36 5 6 5 6 5 6 5 6 5 35 4 36 1 6 1 6 1 6 1 6 1 6 1 6 1 6 1 6 1 6 1 6 1 6 0 49 1 50 0 51 1 52 1 6 1 6 0 21 1 22 1 6 1 6 1 6 1 6 1 6 1 6 0 53 1 54 1 6 1 6 1 6 1 6 0 59 1 60 0 53 1 54 0 57 1 58 1 6 1 6 0 59 1 60 1 6 1 6 1 6 1 6 1 6 1 6 1 6 1 6 1 6 1 6 1 6 1 6 1 6 1 6 1 6 1 6 1 6 1 6 1 6 1 6 1 6 1 6 1 6 1 6 0 49 1 50 1 6 0 51 1 52 0 61 1 62 0 18 1 17 0 63 1 64 0 65 1 66 0 57 1 58 1 6 0 57 1 58 1 6 0 55 1 56 0 57 1 58 0 6 0 6 0 6 0 6 0 6 0 6 0 6 0 6 0 6 0 6 3 6 3 6 3 6 3 6 3 6 3 6 3 45 2 46 3 43 2 44 3 6 3 35 2 36 3 43 2 44 3 43 2 44 3 29 2 30 3 29 2 30 3 29 2 30 3 41 2 42 3 41 2 42 3 41 2 42 2 6 2 6 2 6 2 6 0 6 0 6 0 6 0 6 0 6 0 6 0 6 0 6 0 49 1 50 0 51 1 52 0 6 0 6 0 61 1 62 0 6 0 6 0 6 0 6 0 18 1 17 0 65 1 66 0 6 0 57 1 58 0 6 0 6 0 6 0 55 1 56 0 6 0 6 0 6 0 6 0 6 0 6 0 6 0 6 0 6 0 6 0 6 0 6 </v>
        </vertex_weights>
      </skin>
    </controller>
    <controller id="Armature_WingCM__SmallBirdsC-mesh">
      <skin source="#WingCM__SmallBirdsC-mesh">
        <bind_shape_matrix>1 0 0 0 0 1 0 0 0 0 1 0 0 0 0 1</bind_shape_matrix>
        <source id="WingCM__SmallBirdsC-mesh-joint">
          <Name_array id="WingCM__SmallBirdsC-mesh-joint-array" count="1">C_BodyCJ</Name_array>
          <technique_common>
            <accessor source="#WingCM__SmallBirdsC-mesh-joint-array" count="1" stride="1">
              <param name="JOINT" type="name" />
            </accessor>
          </technique_common>
        </source>
        <source id="WingCM__SmallBirdsC-mesh-inv_bind_matrix">
          <float_array id="WingCM__SmallBirdsC-mesh-inv_bind_matrix-array" count="16">1 0 0 0 0 1 0 -0.1540275 0 0 1 -0.1084513 0 0 0 1</float_array>
          <technique_common>
            <accessor source="#WingCM__SmallBirdsC-mesh-inv_bind_matrix-array" count="1" stride="16">
              <param name="TRANSFORM" type="float4x4" />
            </accessor>
          </technique_common>
        </source>
        <source id="WingCM__SmallBirdsC-mesh-weight">
          <float_array id="WingCM__SmallBirdsC-mesh-weight-array" count="1">1</float_array>
          <technique_common>
            <accessor source="#WingCM__SmallBirdsC-mesh-weight-array" count="1" stride="1">
              <param name="WEIGHT" type="float" />
            </accessor>
          </technique_common>
        </source>
        <joints>
          <input semantic="JOINT" source="#WingCM__SmallBirdsC-mesh-joint" />
          <input semantic="INV_BIND_MATRIX" source="#WingCM__SmallBirdsC-mesh-inv_bind_matrix" />
        </joints>
        <vertex_weights count="139">
          <input semantic="JOINT" source="#WingCM__SmallBirdsC-mesh-joint" offset="0" />
          <input semantic="WEIGHT" source="#WingCM__SmallBirdsC-mesh-weight" offset="1" />
          <vcount>1 1 1 1 1 1 1 1 1 1 1 1 1 1 1 1 1 1 1 1 1 1 1 1 1 1 1 1 1 1 1 1 1 1 1 1 1 1 1 1 1 1 1 1 1 1 1 1 1 1 1 1 1 1 1 1 1 1 1 1 1 1 1 1 1 1 1 1 1 1 1 1 1 1 1 1 1 1 1 1 1 1 1 1 1 1 1 1 1 1 1 1 1 1 1 1 1 1 1 1 1 1 1 1 1 1 1 1 1 1 1 1 1 1 1 1 1 1 1 1 1 1 1 1 1 1 1 1 1 1 1 1 1 1 1 1 1 1 1 </vcount>
          <v>0 0 0 0 0 0 0 0 0 0 0 0 0 0 0 0 0 0 0 0 0 0 0 0 0 0 0 0 0 0 0 0 0 0 0 0 0 0 0 0 0 0 0 0 0 0 0 0 0 0 0 0 0 0 0 0 0 0 0 0 0 0 0 0 0 0 0 0 0 0 0 0 0 0 0 0 0 0 0 0 0 0 0 0 0 0 0 0 0 0 0 0 0 0 0 0 0 0 0 0 0 0 0 0 0 0 0 0 0 0 0 0 0 0 0 0 0 0 0 0 0 0 0 0 0 0 0 0 0 0 0 0 0 0 0 0 0 0 0 0 0 0 0 0 0 0 0 0 0 0 0 0 0 0 0 0 0 0 0 0 0 0 0 0 0 0 0 0 0 0 0 0 0 0 0 0 0 0 0 0 0 0 0 0 0 0 0 0 0 0 0 0 0 0 0 0 0 0 0 0 0 0 0 0 0 0 0 0 0 0 0 0 0 0 0 0 0 0 0 0 0 0 0 0 0 0 0 0 0 0 0 0 0 0 0 0 0 0 0 0 0 0 0 0 0 0 0 0 0 0 0 0 0 0 0 0 0 0 0 0 0 0 0 0 0 0 0 0 0 0 0 0 0 0 0 0 0 0 </v>
        </vertex_weights>
      </skin>
    </controller>
    <controller id="Armature_BodyDM__SmallBirdsC-mesh">
      <skin source="#BodyDM__SmallBirdsC-mesh">
        <bind_shape_matrix>1 0 0 0 0 1 0 0 0 0 1 0 0 0 0 1</bind_shape_matrix>
        <source id="BodyDM__SmallBirdsC-mesh-joint">
          <Name_array id="BodyDM__SmallBirdsC-mesh-joint-array" count="6">C_BodyDJ C_HeadDJ R_WingDJ R_ArmDJ L_WingDJ L_ArmDJ</Name_array>
          <technique_common>
            <accessor source="#BodyDM__SmallBirdsC-mesh-joint-array" count="6" stride="1">
              <param name="JOINT" type="name" />
            </accessor>
          </technique_common>
        </source>
        <source id="BodyDM__SmallBirdsC-mesh-inv_bind_matrix">
          <float_array id="BodyDM__SmallBirdsC-mesh-inv_bind_matrix-array" count="96">1 0 0 0 0 1 0 -0.1540275 0 0 1 -0.1084513 0 0 0 1 1 0 0 0 0 1 0 -0.2171277 0 0 1 -0.2033035 0 0 0 1 1 0 0 0.3007 0 -1 1.509958E-07 0.1540275 0 -1.509958E-07 -1 0.1084513 0 0 0 1 1 0 0 0.0995 0 -1 1.509958E-07 0.1540275 0 -1.509958E-07 -1 0.1084513 0 0 0 1 1 0 0 -0.3007656 0 1 0 -0.1540275 0 0 1 -0.1084513 0 0 0 1 1 0 0 -0.09953085 0 1 0 -0.1540275 0 0 1 -0.1084513 0 0 0 1</float_array>
          <technique_common>
            <accessor source="#BodyDM__SmallBirdsC-mesh-inv_bind_matrix-array" count="6" stride="16">
              <param name="TRANSFORM" type="float4x4" />
            </accessor>
          </technique_common>
        </source>
        <source id="BodyDM__SmallBirdsC-mesh-weight">
          <float_array id="BodyDM__SmallBirdsC-mesh-weight-array" count="67">0.1803922 0.8196079 0.7803922 0.2196078 0.7294118 0.2705882 1 0.1215686 0.8784314 0.05882353 0.9411765 0.3882353 0.6117647 0.6784314 0.3215686 0.01176471 0.9882353 0.3294118 0.6705883 0.5607843 0.4392157 0.6901961 0.3098039 0.6196079 0.3803922 0.3019608 0.6980392 0.7098039 0.2901961 0.4117647 0.5882353 0.7607843 0.2392157 0.1294118 0.8705882 0.9490196 0.05098039 0.9215686 0.07843138 0.9098039 0.09019608 0.1411765 0.8588235 0.8117647 0.1882353 0.9058824 0.09411765 0.8352941 0.1647059 0.4980392 0.5019608 0.5921569 0.4078431 0.6313726 0.3686275 0.454902 0.5450981 0.6352941 0.3647059 0.3254902 0.6745098 0.7490196 0.2509804 0.1372549 0.8627451 0.8313726 0.1686275</float_array>
          <technique_common>
            <accessor source="#BodyDM__SmallBirdsC-mesh-weight-array" count="67" stride="1">
              <param name="WEIGHT" type="float" />
            </accessor>
          </technique_common>
        </source>
        <joints>
          <input semantic="JOINT" source="#BodyDM__SmallBirdsC-mesh-joint" />
          <input semantic="INV_BIND_MATRIX" source="#BodyDM__SmallBirdsC-mesh-inv_bind_matrix" />
        </joints>
        <vertex_weights count="614">
          <input semantic="JOINT" source="#BodyDM__SmallBirdsC-mesh-joint" offset="0" />
          <input semantic="WEIGHT" source="#BodyDM__SmallBirdsC-mesh-weight" offset="1" />
          <vcount>2 2 2 2 2 1 2 1 1 1 1 1 1 1 1 1 1 1 1 1 1 2 1 1 1 2 2 1 1 1 1 1 1 1 1 1 1 1 2 2 2 2 2 2 1 2 2 2 1 1 1 1 2 2 2 2 2 2 1 2 2 1 1 1 1 1 1 1 1 1 1 1 1 1 1 1 1 2 2 2 2 1 1 1 1 1 1 1 1 1 1 1 1 1 1 1 1 1 1 1 1 1 1 1 1 1 1 1 1 1 1 1 1 1 1 1 1 1 1 2 1 1 1 2 1 1 1 1 1 1 1 1 1 1 2 1 2 2 1 2 2 1 2 2 1 2 2 2 1 1 1 1 1 1 1 1 1 1 1 1 1 1 1 1 1 1 1 1 1 1 2 1 1 2 1 1 1 1 1 1 1 1 1 1 2 1 2 2 1 2 2 1 2 2 1 2 2 2 1 1 1 1 1 1 1 1 1 1 1 1 1 1 1 1 1 1 1 1 1 1 1 2 1 2 1 1 2 1 2 2 2 2 2 2 2 2 2 2 2 2 2 2 2 1 1 1 1 1 1 1 1 1 1 1 1 2 1 1 1 2 1 1 2 1 2 2 2 2 2 2 2 2 2 2 2 2 2 2 2 1 1 1 1 1 1 1 1 1 1 1 1 1 1 2 1 2 1 1 2 1 2 2 2 2 2 2 2 2 2 2 2 2 2 2 2 1 1 1 1 1 1 1 1 1 1 1 1 1 1 2 1 2 1 1 2 1 2 2 2 2 2 2 2 2 2 2 2 2 2 2 2 1 1 1 1 1 1 1 1 1 1 1 1 2 1 1 2 2 2 2 2 2 2 2 2 2 1 1 1 1 2 1 1 1 1 1 2 2 2 2 2 2 2 2 2 2 2 2 1 1 1 1 1 1 2 2 2 2 2 2 2 2 1 1 1 2 2 2 2 2 2 2 2 1 1 1 1 1 1 1 1 1 1 1 2 2 1 1 1 1 2 1 1 1 1 2 1 1 1 1 1 1 1 1 1 1 1 1 1 1 1 1 1 2 2 2 2 2 1 2 1 1 1 1 2 1 1 1 1 1 1 1 1 1 1 1 2 2 1 1 2 1 1 1 1 1 1 2 1 1 1 1 2 2 2 1 1 2 1 1 1 1 1 1 1 1 1 1 1 1 1 1 1 1 1 1 1 1 1 1 1 1 2 1 2 2 2 2 2 2 1 2 1 2 2 1 1 1 1 1 1 1 1 1 1 1 1 1 1 1 1 2 2 1 2 2 2 2 2 2 2 2 2 1 1 1 1 1 1 1 1 1 1 1 1 2 2 1 1 2 1 1 1 1 2 2 1 2 1 1 1 2 1 1 1 1 1 1 1 1 1 1 1 1 </vcount>
          <v>0 0 1 1 0 1 1 0 0 2 1 3 0 0 1 1 0 4 1 5 1 6 0 7 1 8 1 6 1 6 1 6 1 6 1 6 1 6 1 6 1 6 1 6 1 6 1 6 1 6 1 6 1 6 0 9 1 10 1 6 1 6 1 6 0 11 1 12 0 13 1 14 1 6 1 6 1 6 1 6 1 6 1 6 1 6 1 6 1 6 1 6 1 6 0 15 1 16 0 17 1 18 0 5 1 4 0 19 1 20 0 21 1 22 0 23 1 24 1 6 0 5 1 4 0 17 1 18 0 21 1 22 1 6 1 6 1 6 1 6 0 25 1 26 0 19 1 20 0 27 1 28 0 15 1 16 0 29 1 30 0 31 1 32 1 6 0 9 1 10 0 33 1 34 1 6 1 6 1 6 1 6 1 6 1 6 1 6 1 6 1 6 1 6 1 6 1 6 1 6 1 6 1 6 1 6 0 0 1 1 0 0 1 1 0 2 1 3 0 1 1 0 0 6 0 6 0 6 0 6 0 6 0 6 0 6 0 6 0 6 0 6 0 6 0 6 0 6 0 6 0 6 0 6 0 6 0 6 0 6 1 6 1 6 1 6 1 6 1 6 1 6 1 6 1 6 1 6 1 6 1 6 1 6 1 6 1 6 1 6 1 6 1 6 1 6 1 6 0 1 1 0 0 6 0 6 0 6 0 2 1 3 0 6 0 6 0 6 0 6 0 6 0 6 0 6 0 6 0 6 0 6 0 4 1 5 0 6 0 35 1 36 0 13 1 14 0 6 0 37 1 38 0 19 1 20 0 6 0 37 1 38 0 21 1 22 0 6 0 37 1 38 0 23 1 24 0 39 1 40 0 6 0 6 0 6 0 6 0 6 0 6 0 6 0 6 0 6 0 6 0 6 0 6 0 6 0 6 0 6 0 6 0 6 0 6 0 6 0 6 0 6 0 6 0 1 1 0 0 6 0 6 0 2 1 3 0 6 0 6 0 6 0 6 0 6 0 6 0 6 0 6 0 6 0 6 0 31 1 32 0 6 0 35 1 36 0 27 1 28 0 6 0 37 1 38 0 19 1 20 0 6 0 37 1 38 0 21 1 22 0 6 0 37 1 38 0 23 1 24 0 39 1 40 0 6 0 6 0 6 0 6 0 6 0 6 0 6 0 6 0 6 0 6 0 6 0 6 0 6 0 6 0 6 0 6 0 6 0 6 0 6 0 6 0 6 2 6 2 6 3 41 2 42 2 6 3 41 2 42 2 6 2 6 3 29 2 30 2 6 3 41 2 42 3 41 2 42 3 29 2 30 3 29 2 30 3 29 2 30 3 43 2 44 3 43 2 44 3 43 2 44 3 43 2 44 3 43 2 44 3 43 2 44 3 35 2 36 3 35 2 36 3 35 2 36 3 35 2 36 3 6 3 6 3 6 3 6 3 6 3 6 3 6 3 6 3 6 3 6 3 6 3 6 3 41 2 42 2 6 2 6 2 6 3 41 2 42 2 6 2 6 3 29 2 30 2 6 3 41 2 42 3 41 2 42 3 29 2 30 3 29 2 30 3 29 2 30 3 43 2 44 3 43 2 44 3 43 2 44 3 43 2 44 3 43 2 44 3 43 2 44 3 35 2 36 3 35 2 36 3 35 2 36 3 35 2 36 3 6 3 6 3 6 3 6 3 6 3 6 3 6 3 6 3 6 3 6 3 6 3 6 4 6 4 6 5 41 4 42 4 6 5 41 4 42 4 6 4 6 5 29 4 30 4 6 5 41 4 42 5 41 4 42 5 29 4 30 5 29 4 30 5 29 4 30 5 43 4 44 5 43 4 44 5 43 4 44 5 43 4 44 5 43 4 44 5 43 4 44 5 35 4 36 5 35 4 36 5 35 4 36 5 35 4 36 5 6 5 6 5 6 5 6 5 6 5 6 5 6 5 6 5 6 5 6 5 6 5 6 4 6 4 6 5 41 4 42 4 6 5 41 4 42 4 6 4 6 5 29 4 30 4 6 5 41 4 42 5 41 4 42 5 29 4 30 5 29 4 30 5 29 4 30 5 43 4 44 5 43 4 44 5 43 4 44 5 43 4 44 5 43 4 44 5 43 4 44 5 35 4 36 5 35 4 36 5 35 4 36 5 35 4 36 5 6 5 6 5 6 5 6 5 6 5 6 5 6 5 6 5 6 5 6 5 6 5 6 5 35 4 36 5 6 5 6 3 43 2 44 3 45 2 46 3 35 2 36 3 43 2 44 3 29 2 30 3 41 2 42 3 29 2 30 3 45 2 46 3 43 2 44 3 41 2 42 2 6 2 6 2 6 3 6 3 35 2 36 3 6 3 6 3 6 3 6 3 6 5 29 4 30 5 43 4 44 5 43 4 44 5 43 4 44 5 35 4 36 5 43 4 44 5 35 4 36 5 43 4 44 5 29 4 30 5 29 4 30 5 41 4 42 5 41 4 42 4 6 4 6 4 6 5 6 5 6 5 6 5 35 4 36 5 35 4 36 5 35 4 36 5 43 4 44 5 47 4 48 5 43 4 44 5 35 4 36 5 29 4 30 5 6 5 6 5 6 5 35 4 36 5 43 4 44 5 29 4 30 5 29 4 30 5 29 4 30 5 41 4 42 5 41 4 42 5 41 4 42 4 6 4 6 4 6 4 6 0 6 0 6 0 6 0 6 0 6 0 6 0 6 0 49 1 50 0 51 1 52 0 6 0 6 0 6 0 6 0 21 1 22 0 6 0 6 0 6 0 6 0 53 1 54 0 6 0 6 0 6 0 6 0 6 0 6 0 6 0 6 0 6 0 6 0 6 0 6 0 6 0 6 0 6 0 6 0 6 0 55 1 56 0 57 1 58 0 37 1 38 0 59 1 60 5 35 4 36 5 6 5 35 4 36 5 6 5 6 5 6 5 6 5 35 4 36 1 6 1 6 1 6 1 6 1 6 1 6 1 6 1 6 1 6 1 6 1 6 0 49 1 50 0 51 1 52 1 6 1 6 0 21 1 22 1 6 1 6 1 6 1 6 1 6 1 6 0 53 1 54 1 6 1 6 1 6 1 6 0 59 1 60 0 53 1 54 0 57 1 58 1 6 1 6 0 59 1 60 1 6 1 6 1 6 1 6 1 6 1 6 1 6 1 6 1 6 1 6 1 6 1 6 1 6 1 6 1 6 1 6 1 6 1 6 1 6 1 6 1 6 1 6 1 6 1 6 0 49 1 50 1 6 0 51 1 52 0 61 1 62 0 18 1 17 0 63 1 64 0 65 1 66 0 57 1 58 1 6 0 57 1 58 1 6 0 55 1 56 0 57 1 58 0 6 0 6 0 6 0 6 0 6 0 6 0 6 0 6 0 6 0 6 3 6 3 6 3 6 3 6 3 6 3 6 3 45 2 46 3 43 2 44 3 6 3 35 2 36 3 43 2 44 3 43 2 44 3 29 2 30 3 29 2 30 3 29 2 30 3 41 2 42 3 41 2 42 3 41 2 42 2 6 2 6 2 6 2 6 0 6 0 6 0 6 0 6 0 6 0 6 0 6 0 6 0 49 1 50 0 51 1 52 0 6 0 6 0 61 1 62 0 6 0 6 0 6 0 6 0 18 1 17 0 65 1 66 0 6 0 57 1 58 0 6 0 6 0 6 0 55 1 56 0 6 0 6 0 6 0 6 0 6 0 6 0 6 0 6 0 6 0 6 0 6 0 6 </v>
        </vertex_weights>
      </skin>
    </controller>
    <controller id="Armature_WingDM__SmallBirdsC-mesh">
      <skin source="#WingDM__SmallBirdsC-mesh">
        <bind_shape_matrix>1 0 0 0 0 1 0 0 0 0 1 0 0 0 0 1</bind_shape_matrix>
        <source id="WingDM__SmallBirdsC-mesh-joint">
          <Name_array id="WingDM__SmallBirdsC-mesh-joint-array" count="1">C_BodyDJ</Name_array>
          <technique_common>
            <accessor source="#WingDM__SmallBirdsC-mesh-joint-array" count="1" stride="1">
              <param name="JOINT" type="name" />
            </accessor>
          </technique_common>
        </source>
        <source id="WingDM__SmallBirdsC-mesh-inv_bind_matrix">
          <float_array id="WingDM__SmallBirdsC-mesh-inv_bind_matrix-array" count="16">1 0 0 0 0 1 0 -0.1540275 0 0 1 -0.1084513 0 0 0 1</float_array>
          <technique_common>
            <accessor source="#WingDM__SmallBirdsC-mesh-inv_bind_matrix-array" count="1" stride="16">
              <param name="TRANSFORM" type="float4x4" />
            </accessor>
          </technique_common>
        </source>
        <source id="WingDM__SmallBirdsC-mesh-weight">
          <float_array id="WingDM__SmallBirdsC-mesh-weight-array" count="1">1</float_array>
          <technique_common>
            <accessor source="#WingDM__SmallBirdsC-mesh-weight-array" count="1" stride="1">
              <param name="WEIGHT" type="float" />
            </accessor>
          </technique_common>
        </source>
        <joints>
          <input semantic="JOINT" source="#WingDM__SmallBirdsC-mesh-joint" />
          <input semantic="INV_BIND_MATRIX" source="#WingDM__SmallBirdsC-mesh-inv_bind_matrix" />
        </joints>
        <vertex_weights count="139">
          <input semantic="JOINT" source="#WingDM__SmallBirdsC-mesh-joint" offset="0" />
          <input semantic="WEIGHT" source="#WingDM__SmallBirdsC-mesh-weight" offset="1" />
          <vcount>1 1 1 1 1 1 1 1 1 1 1 1 1 1 1 1 1 1 1 1 1 1 1 1 1 1 1 1 1 1 1 1 1 1 1 1 1 1 1 1 1 1 1 1 1 1 1 1 1 1 1 1 1 1 1 1 1 1 1 1 1 1 1 1 1 1 1 1 1 1 1 1 1 1 1 1 1 1 1 1 1 1 1 1 1 1 1 1 1 1 1 1 1 1 1 1 1 1 1 1 1 1 1 1 1 1 1 1 1 1 1 1 1 1 1 1 1 1 1 1 1 1 1 1 1 1 1 1 1 1 1 1 1 1 1 1 1 1 1 </vcount>
          <v>0 0 0 0 0 0 0 0 0 0 0 0 0 0 0 0 0 0 0 0 0 0 0 0 0 0 0 0 0 0 0 0 0 0 0 0 0 0 0 0 0 0 0 0 0 0 0 0 0 0 0 0 0 0 0 0 0 0 0 0 0 0 0 0 0 0 0 0 0 0 0 0 0 0 0 0 0 0 0 0 0 0 0 0 0 0 0 0 0 0 0 0 0 0 0 0 0 0 0 0 0 0 0 0 0 0 0 0 0 0 0 0 0 0 0 0 0 0 0 0 0 0 0 0 0 0 0 0 0 0 0 0 0 0 0 0 0 0 0 0 0 0 0 0 0 0 0 0 0 0 0 0 0 0 0 0 0 0 0 0 0 0 0 0 0 0 0 0 0 0 0 0 0 0 0 0 0 0 0 0 0 0 0 0 0 0 0 0 0 0 0 0 0 0 0 0 0 0 0 0 0 0 0 0 0 0 0 0 0 0 0 0 0 0 0 0 0 0 0 0 0 0 0 0 0 0 0 0 0 0 0 0 0 0 0 0 0 0 0 0 0 0 0 0 0 0 0 0 0 0 0 0 0 0 0 0 0 0 0 0 0 0 0 0 0 0 0 0 0 0 0 0 0 0 0 0 0 0 </v>
        </vertex_weights>
      </skin>
    </controller>
    <controller id="Armature_BodyEM__SmallBirdsC-mesh">
      <skin source="#BodyEM__SmallBirdsC-mesh">
        <bind_shape_matrix>1 0 0 0 0 1 0 0 0 0 1 0 0 0 0 1</bind_shape_matrix>
        <source id="BodyEM__SmallBirdsC-mesh-joint">
          <Name_array id="BodyEM__SmallBirdsC-mesh-joint-array" count="6">C_BodyEJ C_HeadEJ R_WingEJ R_ArmEJ L_WingEJ L_ArmEJ</Name_array>
          <technique_common>
            <accessor source="#BodyEM__SmallBirdsC-mesh-joint-array" count="6" stride="1">
              <param name="JOINT" type="name" />
            </accessor>
          </technique_common>
        </source>
        <source id="BodyEM__SmallBirdsC-mesh-inv_bind_matrix">
          <float_array id="BodyEM__SmallBirdsC-mesh-inv_bind_matrix-array" count="96">1 0 0 0 0 1 0 -0.1540275 0 0 1 -0.1084513 0 0 0 1 1 0 0 0 0 1 0 -0.2171277 0 0 1 -0.2033035 0 0 0 1 1 0 0 0.3007 0 -1 1.509958E-07 0.1540275 0 -1.509958E-07 -1 0.1084513 0 0 0 1 1 0 0 0.0995 0 -1 1.509958E-07 0.1540275 0 -1.509958E-07 -1 0.1084513 0 0 0 1 1 0 0 -0.3007656 0 1 0 -0.1540275 0 0 1 -0.1084513 0 0 0 1 1 0 0 -0.09953085 0 1 0 -0.1540275 0 0 1 -0.1084513 0 0 0 1</float_array>
          <technique_common>
            <accessor source="#BodyEM__SmallBirdsC-mesh-inv_bind_matrix-array" count="6" stride="16">
              <param name="TRANSFORM" type="float4x4" />
            </accessor>
          </technique_common>
        </source>
        <source id="BodyEM__SmallBirdsC-mesh-weight">
          <float_array id="BodyEM__SmallBirdsC-mesh-weight-array" count="67">0.1803922 0.8196079 0.7803922 0.2196078 0.7294118 0.2705882 1 0.1215686 0.8784314 0.05882353 0.9411765 0.3882353 0.6117647 0.6784314 0.3215686 0.01176471 0.9882353 0.3294118 0.6705883 0.5607843 0.4392157 0.6901961 0.3098039 0.6196079 0.3803922 0.3019608 0.6980392 0.7098039 0.2901961 0.4117647 0.5882353 0.7607843 0.2392157 0.1294118 0.8705882 0.9490196 0.05098039 0.9215686 0.07843138 0.9098039 0.09019608 0.1411765 0.8588235 0.8117647 0.1882353 0.9058824 0.09411765 0.8352941 0.1647059 0.4980392 0.5019608 0.5921569 0.4078431 0.6313726 0.3686275 0.454902 0.5450981 0.6352941 0.3647059 0.3254902 0.6745098 0.7490196 0.2509804 0.1372549 0.8627451 0.8313726 0.1686275</float_array>
          <technique_common>
            <accessor source="#BodyEM__SmallBirdsC-mesh-weight-array" count="67" stride="1">
              <param name="WEIGHT" type="float" />
            </accessor>
          </technique_common>
        </source>
        <joints>
          <input semantic="JOINT" source="#BodyEM__SmallBirdsC-mesh-joint" />
          <input semantic="INV_BIND_MATRIX" source="#BodyEM__SmallBirdsC-mesh-inv_bind_matrix" />
        </joints>
        <vertex_weights count="614">
          <input semantic="JOINT" source="#BodyEM__SmallBirdsC-mesh-joint" offset="0" />
          <input semantic="WEIGHT" source="#BodyEM__SmallBirdsC-mesh-weight" offset="1" />
          <vcount>2 2 2 2 2 1 2 1 1 1 1 1 1 1 1 1 1 1 1 1 1 2 1 1 1 2 2 1 1 1 1 1 1 1 1 1 1 1 2 2 2 2 2 2 1 2 2 2 1 1 1 1 2 2 2 2 2 2 1 2 2 1 1 1 1 1 1 1 1 1 1 1 1 1 1 1 1 2 2 2 2 1 1 1 1 1 1 1 1 1 1 1 1 1 1 1 1 1 1 1 1 1 1 1 1 1 1 1 1 1 1 1 1 1 1 1 1 1 1 2 1 1 1 2 1 1 1 1 1 1 1 1 1 1 2 1 2 2 1 2 2 1 2 2 1 2 2 2 1 1 1 1 1 1 1 1 1 1 1 1 1 1 1 1 1 1 1 1 1 1 2 1 1 2 1 1 1 1 1 1 1 1 1 1 2 1 2 2 1 2 2 1 2 2 1 2 2 2 1 1 1 1 1 1 1 1 1 1 1 1 1 1 1 1 1 1 1 1 1 1 1 2 1 2 1 1 2 1 2 2 2 2 2 2 2 2 2 2 2 2 2 2 2 1 1 1 1 1 1 1 1 1 1 1 1 2 1 1 1 2 1 1 2 1 2 2 2 2 2 2 2 2 2 2 2 2 2 2 2 1 1 1 1 1 1 1 1 1 1 1 1 1 1 2 1 2 1 1 2 1 2 2 2 2 2 2 2 2 2 2 2 2 2 2 2 1 1 1 1 1 1 1 1 1 1 1 1 1 1 2 1 2 1 1 2 1 2 2 2 2 2 2 2 2 2 2 2 2 2 2 2 1 1 1 1 1 1 1 1 1 1 1 1 2 1 1 2 2 2 2 2 2 2 2 2 2 1 1 1 1 2 1 1 1 1 1 2 2 2 2 2 2 2 2 2 2 2 2 1 1 1 1 1 1 2 2 2 2 2 2 2 2 1 1 1 2 2 2 2 2 2 2 2 1 1 1 1 1 1 1 1 1 1 1 2 2 1 1 1 1 2 1 1 1 1 2 1 1 1 1 1 1 1 1 1 1 1 1 1 1 1 1 1 2 2 2 2 2 1 2 1 1 1 1 2 1 1 1 1 1 1 1 1 1 1 1 2 2 1 1 2 1 1 1 1 1 1 2 1 1 1 1 2 2 2 1 1 2 1 1 1 1 1 1 1 1 1 1 1 1 1 1 1 1 1 1 1 1 1 1 1 1 2 1 2 2 2 2 2 2 1 2 1 2 2 1 1 1 1 1 1 1 1 1 1 1 1 1 1 1 1 2 2 1 2 2 2 2 2 2 2 2 2 1 1 1 1 1 1 1 1 1 1 1 1 2 2 1 1 2 1 1 1 1 2 2 1 2 1 1 1 2 1 1 1 1 1 1 1 1 1 1 1 1 </vcount>
          <v>0 0 1 1 0 1 1 0 0 2 1 3 0 0 1 1 0 4 1 5 1 6 0 7 1 8 1 6 1 6 1 6 1 6 1 6 1 6 1 6 1 6 1 6 1 6 1 6 1 6 1 6 1 6 0 9 1 10 1 6 1 6 1 6 0 11 1 12 0 13 1 14 1 6 1 6 1 6 1 6 1 6 1 6 1 6 1 6 1 6 1 6 1 6 0 15 1 16 0 17 1 18 0 5 1 4 0 19 1 20 0 21 1 22 0 23 1 24 1 6 0 5 1 4 0 17 1 18 0 21 1 22 1 6 1 6 1 6 1 6 0 25 1 26 0 19 1 20 0 27 1 28 0 15 1 16 0 29 1 30 0 31 1 32 1 6 0 9 1 10 0 33 1 34 1 6 1 6 1 6 1 6 1 6 1 6 1 6 1 6 1 6 1 6 1 6 1 6 1 6 1 6 1 6 1 6 0 0 1 1 0 0 1 1 0 2 1 3 0 1 1 0 0 6 0 6 0 6 0 6 0 6 0 6 0 6 0 6 0 6 0 6 0 6 0 6 0 6 0 6 0 6 0 6 0 6 0 6 0 6 1 6 1 6 1 6 1 6 1 6 1 6 1 6 1 6 1 6 1 6 1 6 1 6 1 6 1 6 1 6 1 6 1 6 1 6 1 6 0 1 1 0 0 6 0 6 0 6 0 2 1 3 0 6 0 6 0 6 0 6 0 6 0 6 0 6 0 6 0 6 0 6 0 4 1 5 0 6 0 35 1 36 0 13 1 14 0 6 0 37 1 38 0 19 1 20 0 6 0 37 1 38 0 21 1 22 0 6 0 37 1 38 0 23 1 24 0 39 1 40 0 6 0 6 0 6 0 6 0 6 0 6 0 6 0 6 0 6 0 6 0 6 0 6 0 6 0 6 0 6 0 6 0 6 0 6 0 6 0 6 0 6 0 6 0 1 1 0 0 6 0 6 0 2 1 3 0 6 0 6 0 6 0 6 0 6 0 6 0 6 0 6 0 6 0 6 0 31 1 32 0 6 0 35 1 36 0 27 1 28 0 6 0 37 1 38 0 19 1 20 0 6 0 37 1 38 0 21 1 22 0 6 0 37 1 38 0 23 1 24 0 39 1 40 0 6 0 6 0 6 0 6 0 6 0 6 0 6 0 6 0 6 0 6 0 6 0 6 0 6 0 6 0 6 0 6 0 6 0 6 0 6 0 6 0 6 2 6 2 6 3 41 2 42 2 6 3 41 2 42 2 6 2 6 3 29 2 30 2 6 3 41 2 42 3 41 2 42 3 29 2 30 3 29 2 30 3 29 2 30 3 43 2 44 3 43 2 44 3 43 2 44 3 43 2 44 3 43 2 44 3 43 2 44 3 35 2 36 3 35 2 36 3 35 2 36 3 35 2 36 3 6 3 6 3 6 3 6 3 6 3 6 3 6 3 6 3 6 3 6 3 6 3 6 3 41 2 42 2 6 2 6 2 6 3 41 2 42 2 6 2 6 3 29 2 30 2 6 3 41 2 42 3 41 2 42 3 29 2 30 3 29 2 30 3 29 2 30 3 43 2 44 3 43 2 44 3 43 2 44 3 43 2 44 3 43 2 44 3 43 2 44 3 35 2 36 3 35 2 36 3 35 2 36 3 35 2 36 3 6 3 6 3 6 3 6 3 6 3 6 3 6 3 6 3 6 3 6 3 6 3 6 4 6 4 6 5 41 4 42 4 6 5 41 4 42 4 6 4 6 5 29 4 30 4 6 5 41 4 42 5 41 4 42 5 29 4 30 5 29 4 30 5 29 4 30 5 43 4 44 5 43 4 44 5 43 4 44 5 43 4 44 5 43 4 44 5 43 4 44 5 35 4 36 5 35 4 36 5 35 4 36 5 35 4 36 5 6 5 6 5 6 5 6 5 6 5 6 5 6 5 6 5 6 5 6 5 6 5 6 4 6 4 6 5 41 4 42 4 6 5 41 4 42 4 6 4 6 5 29 4 30 4 6 5 41 4 42 5 41 4 42 5 29 4 30 5 29 4 30 5 29 4 30 5 43 4 44 5 43 4 44 5 43 4 44 5 43 4 44 5 43 4 44 5 43 4 44 5 35 4 36 5 35 4 36 5 35 4 36 5 35 4 36 5 6 5 6 5 6 5 6 5 6 5 6 5 6 5 6 5 6 5 6 5 6 5 6 5 35 4 36 5 6 5 6 3 43 2 44 3 45 2 46 3 35 2 36 3 43 2 44 3 29 2 30 3 41 2 42 3 29 2 30 3 45 2 46 3 43 2 44 3 41 2 42 2 6 2 6 2 6 3 6 3 35 2 36 3 6 3 6 3 6 3 6 3 6 5 29 4 30 5 43 4 44 5 43 4 44 5 43 4 44 5 35 4 36 5 43 4 44 5 35 4 36 5 43 4 44 5 29 4 30 5 29 4 30 5 41 4 42 5 41 4 42 4 6 4 6 4 6 5 6 5 6 5 6 5 35 4 36 5 35 4 36 5 35 4 36 5 43 4 44 5 47 4 48 5 43 4 44 5 35 4 36 5 29 4 30 5 6 5 6 5 6 5 35 4 36 5 43 4 44 5 29 4 30 5 29 4 30 5 29 4 30 5 41 4 42 5 41 4 42 5 41 4 42 4 6 4 6 4 6 4 6 0 6 0 6 0 6 0 6 0 6 0 6 0 6 0 49 1 50 0 51 1 52 0 6 0 6 0 6 0 6 0 21 1 22 0 6 0 6 0 6 0 6 0 53 1 54 0 6 0 6 0 6 0 6 0 6 0 6 0 6 0 6 0 6 0 6 0 6 0 6 0 6 0 6 0 6 0 6 0 6 0 55 1 56 0 57 1 58 0 37 1 38 0 59 1 60 5 35 4 36 5 6 5 35 4 36 5 6 5 6 5 6 5 6 5 35 4 36 1 6 1 6 1 6 1 6 1 6 1 6 1 6 1 6 1 6 1 6 1 6 0 49 1 50 0 51 1 52 1 6 1 6 0 21 1 22 1 6 1 6 1 6 1 6 1 6 1 6 0 53 1 54 1 6 1 6 1 6 1 6 0 59 1 60 0 53 1 54 0 57 1 58 1 6 1 6 0 59 1 60 1 6 1 6 1 6 1 6 1 6 1 6 1 6 1 6 1 6 1 6 1 6 1 6 1 6 1 6 1 6 1 6 1 6 1 6 1 6 1 6 1 6 1 6 1 6 1 6 0 49 1 50 1 6 0 51 1 52 0 61 1 62 0 18 1 17 0 63 1 64 0 65 1 66 0 57 1 58 1 6 0 57 1 58 1 6 0 55 1 56 0 57 1 58 0 6 0 6 0 6 0 6 0 6 0 6 0 6 0 6 0 6 0 6 3 6 3 6 3 6 3 6 3 6 3 6 3 45 2 46 3 43 2 44 3 6 3 35 2 36 3 43 2 44 3 43 2 44 3 29 2 30 3 29 2 30 3 29 2 30 3 41 2 42 3 41 2 42 3 41 2 42 2 6 2 6 2 6 2 6 0 6 0 6 0 6 0 6 0 6 0 6 0 6 0 6 0 49 1 50 0 51 1 52 0 6 0 6 0 61 1 62 0 6 0 6 0 6 0 6 0 18 1 17 0 65 1 66 0 6 0 57 1 58 0 6 0 6 0 6 0 55 1 56 0 6 0 6 0 6 0 6 0 6 0 6 0 6 0 6 0 6 0 6 0 6 0 6 </v>
        </vertex_weights>
      </skin>
    </controller>
    <controller id="Armature_WingEM__SmallBirdsC-mesh">
      <skin source="#WingEM__SmallBirdsC-mesh">
        <bind_shape_matrix>1 0 0 0 0 1 0 0 0 0 1 0 0 0 0 1</bind_shape_matrix>
        <source id="WingEM__SmallBirdsC-mesh-joint">
          <Name_array id="WingEM__SmallBirdsC-mesh-joint-array" count="1">C_BodyEJ</Name_array>
          <technique_common>
            <accessor source="#WingEM__SmallBirdsC-mesh-joint-array" count="1" stride="1">
              <param name="JOINT" type="name" />
            </accessor>
          </technique_common>
        </source>
        <source id="WingEM__SmallBirdsC-mesh-inv_bind_matrix">
          <float_array id="WingEM__SmallBirdsC-mesh-inv_bind_matrix-array" count="16">1 0 0 0 0 1 0 -0.1540275 0 0 1 -0.1084513 0 0 0 1</float_array>
          <technique_common>
            <accessor source="#WingEM__SmallBirdsC-mesh-inv_bind_matrix-array" count="1" stride="16">
              <param name="TRANSFORM" type="float4x4" />
            </accessor>
          </technique_common>
        </source>
        <source id="WingEM__SmallBirdsC-mesh-weight">
          <float_array id="WingEM__SmallBirdsC-mesh-weight-array" count="1">1</float_array>
          <technique_common>
            <accessor source="#WingEM__SmallBirdsC-mesh-weight-array" count="1" stride="1">
              <param name="WEIGHT" type="float" />
            </accessor>
          </technique_common>
        </source>
        <joints>
          <input semantic="JOINT" source="#WingEM__SmallBirdsC-mesh-joint" />
          <input semantic="INV_BIND_MATRIX" source="#WingEM__SmallBirdsC-mesh-inv_bind_matrix" />
        </joints>
        <vertex_weights count="139">
          <input semantic="JOINT" source="#WingEM__SmallBirdsC-mesh-joint" offset="0" />
          <input semantic="WEIGHT" source="#WingEM__SmallBirdsC-mesh-weight" offset="1" />
          <vcount>1 1 1 1 1 1 1 1 1 1 1 1 1 1 1 1 1 1 1 1 1 1 1 1 1 1 1 1 1 1 1 1 1 1 1 1 1 1 1 1 1 1 1 1 1 1 1 1 1 1 1 1 1 1 1 1 1 1 1 1 1 1 1 1 1 1 1 1 1 1 1 1 1 1 1 1 1 1 1 1 1 1 1 1 1 1 1 1 1 1 1 1 1 1 1 1 1 1 1 1 1 1 1 1 1 1 1 1 1 1 1 1 1 1 1 1 1 1 1 1 1 1 1 1 1 1 1 1 1 1 1 1 1 1 1 1 1 1 1 </vcount>
          <v>0 0 0 0 0 0 0 0 0 0 0 0 0 0 0 0 0 0 0 0 0 0 0 0 0 0 0 0 0 0 0 0 0 0 0 0 0 0 0 0 0 0 0 0 0 0 0 0 0 0 0 0 0 0 0 0 0 0 0 0 0 0 0 0 0 0 0 0 0 0 0 0 0 0 0 0 0 0 0 0 0 0 0 0 0 0 0 0 0 0 0 0 0 0 0 0 0 0 0 0 0 0 0 0 0 0 0 0 0 0 0 0 0 0 0 0 0 0 0 0 0 0 0 0 0 0 0 0 0 0 0 0 0 0 0 0 0 0 0 0 0 0 0 0 0 0 0 0 0 0 0 0 0 0 0 0 0 0 0 0 0 0 0 0 0 0 0 0 0 0 0 0 0 0 0 0 0 0 0 0 0 0 0 0 0 0 0 0 0 0 0 0 0 0 0 0 0 0 0 0 0 0 0 0 0 0 0 0 0 0 0 0 0 0 0 0 0 0 0 0 0 0 0 0 0 0 0 0 0 0 0 0 0 0 0 0 0 0 0 0 0 0 0 0 0 0 0 0 0 0 0 0 0 0 0 0 0 0 0 0 0 0 0 0 0 0 0 0 0 0 0 0 0 0 0 0 0 0 </v>
        </vertex_weights>
      </skin>
    </controller>
  </library_controllers>
  <library_visual_scenes>
    <visual_scene id="Scene" name="Scene">
      <node id="Armature" name="Armature" type="NODE">
        <matrix sid="transform">1 0 0 0 0 1 0 0 0 0 1 0 0 0 0 1</matrix>
        <node id="Armature_TopL" name="TopL" sid="TopL" type="JOINT">
          <matrix sid="transform">1 0 0 0 0 1 0 0 0 0 1 0 0 0 0 1</matrix>
          <node id="Armature_SmallBirdsAL" name="SmallBirdsAL" sid="SmallBirdsAL" type="JOINT">
            <matrix sid="transform">1 0 0 0 0 1 0 0 0 0 1 0 0 0 0 1</matrix>
            <node id="Armature_BodyAM1" name="BodyAM1" sid="BodyAM1" type="JOINT">
              <matrix sid="transform">1 0 0 0 0 1 0 0.1819088 0 0 1 0.02953792 0 0 0 1</matrix>
            </node>
            <node id="Armature_C_AllAJ" name="C_AllAJ" sid="C_AllAJ" type="JOINT">
              <matrix sid="transform">1 0 0 0 0 1 0 0 0 0 1 0 0 0 0 1</matrix>
              <node id="Armature_C_BodyAJ" name="C_BodyAJ" sid="C_BodyAJ" type="JOINT">
                <matrix sid="transform">1 0 0 0 0 1 0 0.1214508 0 0 1 0.083903 0 0 0 1</matrix>
                <node id="Armature_C_HeadAJ" name="C_HeadAJ" sid="C_HeadAJ" type="JOINT">
                  <matrix sid="transform">1 0 0 0 0 1 0 0.0956769 0 0 1 0.1194005 0 0 0 1</matrix>
                </node>
                <node id="Armature_L_ArmAJ" name="L_ArmAJ" sid="L_ArmAJ" type="JOINT">
                  <matrix sid="transform">1 0 0 0.09953085 0 1 0 0.03257673 0 0 1 0.02454831 0 0 0 1</matrix>
                  <node id="Armature_L_WingAJ" name="L_WingAJ" sid="L_WingAJ" type="JOINT">
                    <matrix sid="transform">1 0 0 0.2012348 0 1 0 0 0 0 1 0 0 0 0 1</matrix>
                  </node>
                </node>
                <node id="Armature_R_ArmAJ" name="R_ArmAJ" sid="R_ArmAJ" type="JOINT">
                  <matrix sid="transform">1 0 0 -0.0995 0 -1 -1.509958E-07 0.03257722 0 1.509958E-07 -1 0.02454806 0 0 0 1</matrix>
                  <node id="Armature_R_WingAJ" name="R_WingAJ" sid="R_WingAJ" type="JOINT">
                    <matrix sid="transform">1 0 0 -0.2012 0 1 0 0 0 0 1 0 0 0 0 1</matrix>
                  </node>
                </node>
              </node>
            </node>
            <node id="Armature_WingAM1" name="WingAM1" sid="WingAM1" type="JOINT">
              <matrix sid="transform">1 0 0 0 0 1 0 0 0 0 1 0 0 0 0 1</matrix>
            </node>
          </node>
          <node id="Armature_SmallBirdsBL" name="SmallBirdsBL" sid="SmallBirdsBL" type="JOINT">
            <matrix sid="transform">1 0 0 0 0 1 0 0 0 0 1 0 0 0 0 1</matrix>
            <node id="Armature_BodyBM" name="BodyBM" sid="BodyBM" type="JOINT">
              <matrix sid="transform">1 0 0 0 0 1 0 0.1819088 0 0 1 0.02953792 0 0 0 1</matrix>
            </node>
            <node id="Armature_C_AllBJ" name="C_AllBJ" sid="C_AllBJ" type="JOINT">
              <matrix sid="transform">1 0 0 0 0 1 0 0 0 0 1 0 0 0 0 1</matrix>
              <node id="Armature_C_BodyBJ" name="C_BodyBJ" sid="C_BodyBJ" type="JOINT">
                <matrix sid="transform">1 0 0 0 0 1 0 0.1540275 0 0 1 0.1084513 0 0 0 1</matrix>
                <node id="Armature_C_HeadBJ" name="C_HeadBJ" sid="C_HeadBJ" type="JOINT">
                  <matrix sid="transform">1 0 0 0 0 1 0 0.06310017 0 0 1 0.09485219 0 0 0 1</matrix>
                </node>
                <node id="Armature_L_ArmBJ" name="L_ArmBJ" sid="L_ArmBJ" type="JOINT">
                  <matrix sid="transform">1 0 0 0.09953085 0 1 0 0 0 0 1 0 0 0 0 1</matrix>
                  <node id="Armature_L_WingBJ" name="L_WingBJ" sid="L_WingBJ" type="JOINT">
                    <matrix sid="transform">1 0 0 0.2012348 0 1 0 0 0 0 1 0 0 0 0 1</matrix>
                  </node>
                </node>
                <node id="Armature_R_ArmBJ" name="R_ArmBJ" sid="R_ArmBJ" type="JOINT">
                  <matrix sid="transform">1 0 0 -0.0995 0 -1 -1.509958E-07 0 0 1.509958E-07 -1 0 0 0 0 1</matrix>
                  <node id="Armature_R_WingBJ" name="R_WingBJ" sid="R_WingBJ" type="JOINT">
                    <matrix sid="transform">1 0 0 -0.2012 0 1 0 0 0 0 1 0 0 0 0 1</matrix>
                  </node>
                </node>
              </node>
            </node>
            <node id="Armature_WingBM" name="WingBM" sid="WingBM" type="JOINT">
              <matrix sid="transform">1 0 0 0 0 1 0 0 0 0 1 0 0 0 0 1</matrix>
            </node>
          </node>
          <node id="Armature_SmallBirdsCL" name="SmallBirdsCL" sid="SmallBirdsCL" type="JOINT">
            <matrix sid="transform">1 0 0 0 0 1 0 0 0 0 1 0 0 0 0 1</matrix>
            <node id="Armature_BodyCM" name="BodyCM" sid="BodyCM" type="JOINT">
              <matrix sid="transform">1 0 0 0 0 1 0 0.1819088 0 0 1 0.02953792 0 0 0 1</matrix>
            </node>
            <node id="Armature_C_AllCJ" name="C_AllCJ" sid="C_AllCJ" type="JOINT">
              <matrix sid="transform">1 0 0 0 0 1 0 0 0 0 1 0 0 0 0 1</matrix>
              <node id="Armature_C_BodyCJ" name="C_BodyCJ" sid="C_BodyCJ" type="JOINT">
                <matrix sid="transform">1 0 0 0 0 1 0 0.1540275 0 0 1 0.1084513 0 0 0 1</matrix>
                <node id="Armature_C_HeadCJ" name="C_HeadCJ" sid="C_HeadCJ" type="JOINT">
                  <matrix sid="transform">1 0 0 0 0 1 0 0.06310017 0 0 1 0.09485219 0 0 0 1</matrix>
                </node>
                <node id="Armature_L_ArmCJ" name="L_ArmCJ" sid="L_ArmCJ" type="JOINT">
                  <matrix sid="transform">1 0 0 0.09953085 0 1 0 0 0 0 1 0 0 0 0 1</matrix>
                  <node id="Armature_L_WingCJ" name="L_WingCJ" sid="L_WingCJ" type="JOINT">
                    <matrix sid="transform">1 0 0 0.2012348 0 1 0 0 0 0 1 0 0 0 0 1</matrix>
                  </node>
                </node>
                <node id="Armature_R_ArmCJ" name="R_ArmCJ" sid="R_ArmCJ" type="JOINT">
                  <matrix sid="transform">1 0 0 -0.0995 0 -1 -1.509958E-07 0 0 1.509958E-07 -1 0 0 0 0 1</matrix>
                  <node id="Armature_R_WingCJ" name="R_WingCJ" sid="R_WingCJ" type="JOINT">
                    <matrix sid="transform">1 0 0 -0.2012 0 1 0 0 0 0 1 0 0 0 0 1</matrix>
                  </node>
                </node>
              </node>
            </node>
            <node id="Armature_WingCM" name="WingCM" sid="WingCM" type="JOINT">
              <matrix sid="transform">1 0 0 0 0 1 0 0 0 0 1 0 0 0 0 1</matrix>
            </node>
          </node>
          <node id="Armature_SmallBirdsDL" name="SmallBirdsDL" sid="SmallBirdsDL" type="JOINT">
            <matrix sid="transform">1 0 0 0 0 1 0 0 0 0 1 0 0 0 0 1</matrix>
            <node id="Armature_BodyDM" name="BodyDM" sid="BodyDM" type="JOINT">
              <matrix sid="transform">1 0 0 0 0 1 0 0.1819088 0 0 1 0.02953792 0 0 0 1</matrix>
            </node>
            <node id="Armature_C_AllDJ" name="C_AllDJ" sid="C_AllDJ" type="JOINT">
              <matrix sid="transform">1 0 0 0 0 1 0 0 0 0 1 0 0 0 0 1</matrix>
              <node id="Armature_C_BodyDJ" name="C_BodyDJ" sid="C_BodyDJ" type="JOINT">
                <matrix sid="transform">1 0 0 0 0 1 0 0.1540275 0 0 1 0.1084513 0 0 0 1</matrix>
                <node id="Armature_C_HeadDJ" name="C_HeadDJ" sid="C_HeadDJ" type="JOINT">
                  <matrix sid="transform">1 0 0 0 0 1 0 0.06310017 0 0 1 0.09485219 0 0 0 1</matrix>
                </node>
                <node id="Armature_L_ArmDJ" name="L_ArmDJ" sid="L_ArmDJ" type="JOINT">
                  <matrix sid="transform">1 0 0 0.09953085 0 1 0 0 0 0 1 0 0 0 0 1</matrix>
                  <node id="Armature_L_WingDJ" name="L_WingDJ" sid="L_WingDJ" type="JOINT">
                    <matrix sid="transform">1 0 0 0.2012348 0 1 0 0 0 0 1 0 0 0 0 1</matrix>
                  </node>
                </node>
                <node id="Armature_R_ArmDJ" name="R_ArmDJ" sid="R_ArmDJ" type="JOINT">
                  <matrix sid="transform">1 0 0 -0.0995 0 -1 -1.509958E-07 0 0 1.509958E-07 -1 0 0 0 0 1</matrix>
                  <node id="Armature_R_WingDJ" name="R_WingDJ" sid="R_WingDJ" type="JOINT">
                    <matrix sid="transform">1 0 0 -0.2012 0 1 0 0 0 0 1 0 0 0 0 1</matrix>
                  </node>
                </node>
              </node>
            </node>
            <node id="Armature_WingDM" name="WingDM" sid="WingDM" type="JOINT">
              <matrix sid="transform">1 0 0 0 0 1 0 0 0 0 1 0 0 0 0 1</matrix>
            </node>
          </node>
          <node id="Armature_SmallBirdsEL" name="SmallBirdsEL" sid="SmallBirdsEL" type="JOINT">
            <matrix sid="transform">1 0 0 0 0 1 0 0 0 0 1 0 0 0 0 1</matrix>
            <node id="Armature_BodyEM" name="BodyEM" sid="BodyEM" type="JOINT">
              <matrix sid="transform">1 0 0 0 0 1 0 0.1819088 0 0 1 0.02953792 0 0 0 1</matrix>
            </node>
            <node id="Armature_C_AllEJ" name="C_AllEJ" sid="C_AllEJ" type="JOINT">
              <matrix sid="transform">1 0 0 0 0 1 0 0 0 0 1 0 0 0 0 1</matrix>
              <node id="Armature_C_BodyEJ" name="C_BodyEJ" sid="C_BodyEJ" type="JOINT">
                <matrix sid="transform">1 0 0 0 0 1 0 0.1540275 0 0 1 0.1084513 0 0 0 1</matrix>
                <node id="Armature_C_HeadEJ" name="C_HeadEJ" sid="C_HeadEJ" type="JOINT">
                  <matrix sid="transform">1 0 0 0 0 1 0 0.06310017 0 0 1 0.09485219 0 0 0 1</matrix>
                </node>
                <node id="Armature_L_ArmEJ" name="L_ArmEJ" sid="L_ArmEJ" type="JOINT">
                  <matrix sid="transform">1 0 0 0.09953085 0 1 0 0 0 0 1 0 0 0 0 1</matrix>
                  <node id="Armature_L_WingEJ" name="L_WingEJ" sid="L_WingEJ" type="JOINT">
                    <matrix sid="transform">1 0 0 0.2012348 0 1 0 0 0 0 1 0 0 0 0 1</matrix>
                  </node>
                </node>
                <node id="Armature_R_ArmEJ" name="R_ArmEJ" sid="R_ArmEJ" type="JOINT">
                  <matrix sid="transform">1 0 0 -0.0995 0 -1 -1.509958E-07 0 0 1.509958E-07 -1 0 0 0 0 1</matrix>
                  <node id="Armature_R_WingEJ" name="R_WingEJ" sid="R_WingEJ" type="JOINT">
                    <matrix sid="transform">1 0 0 -0.2012 0 1 0 0 0 0 1 0 0 0 0 1</matrix>
                  </node>
                </node>
              </node>
            </node>
            <node id="Armature_WingEM" name="WingEM" sid="WingEM" type="JOINT">
              <matrix sid="transform">1 0 0 0 0 1 0 0 0 0 1 0 0 0 0 1</matrix>
            </node>
          </node>
        </node>
      </node>
      <node id="BodyAM1__SmallBirdsC" name="BodyAM1__SmallBirdsC" type="NODE">
        <instance_controller url="#Armature_BodyAM1__SmallBirdsC-mesh">
          <skeleton>#Armature_TopL</skeleton>
          <bind_material>
            <technique_common>
              <instance_material symbol="SmallBirdsC" target="#SmallBirdsC" />
              <bind_vertex_input semantic="CHANNEL0" input_semantic="TEXCOORD" input_set="0" />
              <bind_vertex_input semantic="CHANNEL1" input_semantic="TEXCOORD" input_set="1" />
              <bind_vertex_input semantic="CHANNEL2" input_semantic="TEXCOORD" input_set="2" />
            </technique_common>
          </bind_material>
        </instance_controller>
      </node>
      <node id="WingAM1__SmallBirdsC" name="WingAM1__SmallBirdsC" type="NODE">
        <instance_controller url="#Armature_WingAM1__SmallBirdsC-mesh">
          <skeleton>#Armature_TopL</skeleton>
          <bind_material>
            <technique_common>
              <instance_material symbol="SmallBirdsC" target="#SmallBirdsC" />
              <bind_vertex_input semantic="CHANNEL0" input_semantic="TEXCOORD" input_set="0" />
              <bind_vertex_input semantic="CHANNEL1" input_semantic="TEXCOORD" input_set="1" />
              <bind_vertex_input semantic="CHANNEL2" input_semantic="TEXCOORD" input_set="2" />
            </technique_common>
          </bind_material>
        </instance_controller>
      </node>
      <node id="BodyBM__SmallBirdsC" name="BodyBM__SmallBirdsC" type="NODE">
        <instance_controller url="#Armature_BodyBM__SmallBirdsC-mesh">
          <skeleton>#Armature_TopL</skeleton>
          <bind_material>
            <technique_common>
              <instance_material symbol="SmallBirdsC" target="#SmallBirdsC" />
              <bind_vertex_input semantic="CHANNEL0" input_semantic="TEXCOORD" input_set="0" />
              <bind_vertex_input semantic="CHANNEL1" input_semantic="TEXCOORD" input_set="1" />
              <bind_vertex_input semantic="CHANNEL2" input_semantic="TEXCOORD" input_set="2" />
            </technique_common>
          </bind_material>
        </instance_controller>
      </node>
      <node id="WingBM__SmallBirdsC" name="WingBM__SmallBirdsC" type="NODE">
        <instance_controller url="#Armature_WingBM__SmallBirdsC-mesh">
          <skeleton>#Armature_TopL</skeleton>
          <bind_material>
            <technique_common>
              <instance_material symbol="SmallBirdsC" target="#SmallBirdsC" />
              <bind_vertex_input semantic="CHANNEL0" input_semantic="TEXCOORD" input_set="0" />
              <bind_vertex_input semantic="CHANNEL1" input_semantic="TEXCOORD" input_set="1" />
              <bind_vertex_input semantic="CHANNEL2" input_semantic="TEXCOORD" input_set="2" />
            </technique_common>
          </bind_material>
        </instance_controller>
      </node>
      <node id="BodyCM__SmallBirdsC" name="BodyCM__SmallBirdsC" type="NODE">
        <instance_controller url="#Armature_BodyCM__SmallBirdsC-mesh">
          <skeleton>#Armature_TopL</skeleton>
          <bind_material>
            <technique_common>
              <instance_material symbol="SmallBirdsC" target="#SmallBirdsC" />
              <bind_vertex_input semantic="CHANNEL0" input_semantic="TEXCOORD" input_set="0" />
              <bind_vertex_input semantic="CHANNEL1" input_semantic="TEXCOORD" input_set="1" />
              <bind_vertex_input semantic="CHANNEL2" input_semantic="TEXCOORD" input_set="2" />
            </technique_common>
          </bind_material>
        </instance_controller>
      </node>
      <node id="WingCM__SmallBirdsC" name="WingCM__SmallBirdsC" type="NODE">
        <instance_controller url="#Armature_WingCM__SmallBirdsC-mesh">
          <skeleton>#Armature_TopL</skeleton>
          <bind_material>
            <technique_common>
              <instance_material symbol="SmallBirdsC" target="#SmallBirdsC" />
              <bind_vertex_input semantic="CHANNEL0" input_semantic="TEXCOORD" input_set="0" />
              <bind_vertex_input semantic="CHANNEL1" input_semantic="TEXCOORD" input_set="1" />
              <bind_vertex_input semantic="CHANNEL2" input_semantic="TEXCOORD" input_set="2" />
            </technique_common>
          </bind_material>
        </instance_controller>
      </node>
      <node id="BodyDM__SmallBirdsC" name="BodyDM__SmallBirdsC" type="NODE">
        <instance_controller url="#Armature_BodyDM__SmallBirdsC-mesh">
          <skeleton>#Armature_TopL</skeleton>
          <bind_material>
            <technique_common>
              <instance_material symbol="SmallBirdsC" target="#SmallBirdsC" />
              <bind_vertex_input semantic="CHANNEL0" input_semantic="TEXCOORD" input_set="0" />
              <bind_vertex_input semantic="CHANNEL1" input_semantic="TEXCOORD" input_set="1" />
              <bind_vertex_input semantic="CHANNEL2" input_semantic="TEXCOORD" input_set="2" />
            </technique_common>
          </bind_material>
        </instance_controller>
      </node>
      <node id="WingDM__SmallBirdsC" name="WingDM__SmallBirdsC" type="NODE">
        <instance_controller url="#Armature_WingDM__SmallBirdsC-mesh">
          <skeleton>#Armature_TopL</skeleton>
          <bind_material>
            <technique_common>
              <instance_material symbol="SmallBirdsC" target="#SmallBirdsC" />
              <bind_vertex_input semantic="CHANNEL0" input_semantic="TEXCOORD" input_set="0" />
              <bind_vertex_input semantic="CHANNEL1" input_semantic="TEXCOORD" input_set="1" />
              <bind_vertex_input semantic="CHANNEL2" input_semantic="TEXCOORD" input_set="2" />
            </technique_common>
          </bind_material>
        </instance_controller>
      </node>
      <node id="BodyEM__SmallBirdsC" name="BodyEM__SmallBirdsC" type="NODE">
        <instance_controller url="#Armature_BodyEM__SmallBirdsC-mesh">
          <skeleton>#Armature_TopL</skeleton>
          <bind_material>
            <technique_common>
              <instance_material symbol="SmallBirdsC" target="#SmallBirdsC" />
              <bind_vertex_input semantic="CHANNEL0" input_semantic="TEXCOORD" input_set="0" />
              <bind_vertex_input semantic="CHANNEL1" input_semantic="TEXCOORD" input_set="1" />
              <bind_vertex_input semantic="CHANNEL2" input_semantic="TEXCOORD" input_set="2" />
            </technique_common>
          </bind_material>
        </instance_controller>
      </node>
      <node id="WingEM__SmallBirdsC" name="WingEM__SmallBirdsC" type="NODE">
        <instance_controller url="#Armature_WingEM__SmallBirdsC-mesh">
          <skeleton>#Armature_TopL</skeleton>
          <bind_material>
            <technique_common>
              <instance_material symbol="SmallBirdsC" target="#SmallBirdsC" />
              <bind_vertex_input semantic="CHANNEL0" input_semantic="TEXCOORD" input_set="0" />
              <bind_vertex_input semantic="CHANNEL1" input_semantic="TEXCOORD" input_set="1" />
              <bind_vertex_input semantic="CHANNEL2" input_semantic="TEXCOORD" input_set="2" />
            </technique_common>
          </bind_material>
        </instance_controller>
      </node>
    </visual_scene>
  </library_visual_scenes>
  <scene>
    <instance_visual_scene url="#Scene" />
  </scene>
</COLLADA>