<?xml version="1.0" encoding="utf-8"?>
<COLLADA xmlns="http://www.collada.org/2005/11/COLLADASchema" version="1.4.1">
  <asset />
  <library_images>
    <image id="Baum_treeobj_GrassBgBaum01_MRA.2102415304">
      <init_from>Baum_treeobj_GrassBgBaum01_MRA.2102415304.png</init_from>
    </image>
    <image id="Baum_Occ.1738495344">
      <init_from>Baum_Occ.1738495344.png</init_from>
    </image>
    <image id="GrassBgBaumSmall01.1143588655">
      <init_from>GrassBgBaumSmall01.1143588655.png</init_from>
    </image>
    <image id="GrassGround05_Noize.1147548772">
      <init_from>GrassGround05_Noize.1147548772.png</init_from>
    </image>
    <image id="GrassBgBaumSmall01_MRA.222909666">
      <init_from>GrassBgBaumSmall01_MRA.222909666.png</init_from>
    </image>
    <image id="GrassBgBaumSmall01_Normal._832779261">
      <init_from>GrassBgBaumSmall01_Normal._832779261.png</init_from>
    </image>
    <image id="GrassBgBaum_BaseColor._1128530802">
      <init_from>GrassBgBaum_BaseColor._1128530802.png</init_from>
    </image>
    <image id="GrassPlantsA_Normal.1972581048">
      <init_from>GrassPlantsA_Normal.1972581048.png</init_from>
    </image>
    <image id="GrassPlantsA_Base_Color._983177958">
      <init_from>GrassPlantsA_Base_Color._983177958.png</init_from>
    </image>
    <image id="GrassLandLeafCube01_Normal._1525438942">
      <init_from>GrassLandLeafCube01_Normal._1525438942.png</init_from>
    </image>
    <image id="GrassLandLeafCube02_Base_Color._219399779">
      <init_from>GrassLandLeafCube02_Base_Color._219399779.png</init_from>
    </image>
    <image id="GrassRoad_Height.259916736">
      <init_from>GrassRoad_Height.259916736.png</init_from>
    </image>
    <image id="GrassRoad_Normal.1965806694">
      <init_from>GrassRoad_Normal.1965806694.png</init_from>
    </image>
    <image id="GrassLandRoad02.1578554343">
      <init_from>GrassLandRoad02.1578554343.png</init_from>
    </image>
    <image id="GrassLandRoad02_Normal02.1138682401">
      <init_from>GrassLandRoad02_Normal02.1138682401.png</init_from>
    </image>
    <image id="GrassRord05_BaseColor._1454201104">
      <init_from>GrassRord05_BaseColor._1454201104.png</init_from>
    </image>
    <image id="GsBourbonBC_BaseColor.1565079843">
      <init_from>GsBourbonBC_BaseColor.1565079843.png</init_from>
    </image>
    <image id="GsBourbonBC_MRA._1429748483">
      <init_from>GsBourbonBC_MRA._1429748483.png</init_from>
    </image>
    <image id="GsBourbonBC_Normal._1762492929">
      <init_from>GsBourbonBC_Normal._1762492929.png</init_from>
    </image>
    <image id="MoundC_BaseColor._840582435">
      <init_from>MoundC_BaseColor._840582435.png</init_from>
    </image>
    <image id="MoundC_MRA._696555397">
      <init_from>MoundC_MRA._696555397.png</init_from>
    </image>
    <image id="MoundC_Normal._452251115">
      <init_from>MoundC_Normal._452251115.png</init_from>
    </image>
  </library_images>
  <library_materials>
    <material id="GrassBgBaum">
      <instance_effect url="#Effect_GrassBgBaum" />
    </material>
    <material id="GrassC">
      <instance_effect url="#Effect_GrassC" />
    </material>
    <material id="GrassLandLeafCube">
      <instance_effect url="#Effect_GrassLandLeafCube" />
    </material>
    <material id="GrassRord05">
      <instance_effect url="#Effect_GrassRord05" />
    </material>
    <material id="GsBourbonBC">
      <instance_effect url="#Effect_GsBourbonBC" />
    </material>
    <material id="MoundC">
      <instance_effect url="#Effect_MoundC" />
    </material>
  </library_materials>
  <library_effects>
    <effect id="Effect_GrassBgBaum">
      <profile_COMMON>
        <newparam sid="surface_GrassBgBaum-bump">
          <surface type="2D">
            <init_from>GrassBgBaumSmall01_Normal._832779261</init_from>
            <format>A8R8G8B8</format>
          </surface>
        </newparam>
        <newparam sid="sampler_GrassBgBaum-bump">
          <sampler2D>
            <source>surface_GrassBgBaum-bump</source>
            <wrap_s>WRAP</wrap_s>
            <wrap_t>WRAP</wrap_t>
          </sampler2D>
        </newparam>
        <newparam sid="surface_GrassBgBaum-diffuse">
          <surface type="2D">
            <init_from>GrassBgBaum_BaseColor._1128530802</init_from>
            <format>A8R8G8B8</format>
          </surface>
        </newparam>
        <newparam sid="sampler_GrassBgBaum-diffuse">
          <sampler2D>
            <source>surface_GrassBgBaum-diffuse</source>
            <wrap_s>WRAP</wrap_s>
            <wrap_t>WRAP</wrap_t>
          </sampler2D>
        </newparam>
        <technique sid="common">
          <phong>
            <bump>
              <texture texture="sampler_GrassBgBaum-bump" texcoord="CHANNEL0" />
            </bump>
            <diffuse>
              <texture texture="sampler_GrassBgBaum-diffuse" texcoord="CHANNEL0" />
            </diffuse>
            <emission>
              <color sid="emission">0 0 0 1</color>
            </emission>
            <specular>
              <color sid="specular">0 0 0 1</color>
            </specular>
          </phong>
        </technique>
      </profile_COMMON>
    </effect>
    <effect id="Effect_GrassC">
      <profile_COMMON>
        <newparam sid="surface_GrassC-bump">
          <surface type="2D">
            <init_from>GrassPlantsA_Normal.1972581048</init_from>
            <format>A8R8G8B8</format>
          </surface>
        </newparam>
        <newparam sid="sampler_GrassC-bump">
          <sampler2D>
            <source>surface_GrassC-bump</source>
            <wrap_s>WRAP</wrap_s>
            <wrap_t>WRAP</wrap_t>
          </sampler2D>
        </newparam>
        <newparam sid="surface_GrassC-diffuse">
          <surface type="2D">
            <init_from>GrassPlantsA_Base_Color._983177958</init_from>
            <format>A8R8G8B8</format>
          </surface>
        </newparam>
        <newparam sid="sampler_GrassC-diffuse">
          <sampler2D>
            <source>surface_GrassC-diffuse</source>
            <wrap_s>WRAP</wrap_s>
            <wrap_t>WRAP</wrap_t>
          </sampler2D>
        </newparam>
        <technique sid="common">
          <phong>
            <bump>
              <texture texture="sampler_GrassC-bump" texcoord="CHANNEL0" />
            </bump>
            <diffuse>
              <texture texture="sampler_GrassC-diffuse" texcoord="CHANNEL0" />
            </diffuse>
            <emission>
              <color sid="emission">0 0 0 1</color>
            </emission>
            <specular>
              <color sid="specular">0 0 0 1</color>
            </specular>
          </phong>
        </technique>
      </profile_COMMON>
    </effect>
    <effect id="Effect_GrassLandLeafCube">
      <profile_COMMON>
        <newparam sid="surface_GrassLandLeafCube-bump">
          <surface type="2D">
            <init_from>GrassLandLeafCube01_Normal._1525438942</init_from>
            <format>A8R8G8B8</format>
          </surface>
        </newparam>
        <newparam sid="sampler_GrassLandLeafCube-bump">
          <sampler2D>
            <source>surface_GrassLandLeafCube-bump</source>
            <wrap_s>WRAP</wrap_s>
            <wrap_t>WRAP</wrap_t>
          </sampler2D>
        </newparam>
        <newparam sid="surface_GrassLandLeafCube-diffuse">
          <surface type="2D">
            <init_from>GrassLandLeafCube02_Base_Color._219399779</init_from>
            <format>A8R8G8B8</format>
          </surface>
        </newparam>
        <newparam sid="sampler_GrassLandLeafCube-diffuse">
          <sampler2D>
            <source>surface_GrassLandLeafCube-diffuse</source>
            <wrap_s>WRAP</wrap_s>
            <wrap_t>WRAP</wrap_t>
          </sampler2D>
        </newparam>
        <technique sid="common">
          <phong>
            <bump>
              <texture texture="sampler_GrassLandLeafCube-bump" texcoord="CHANNEL0" />
            </bump>
            <diffuse>
              <texture texture="sampler_GrassLandLeafCube-diffuse" texcoord="CHANNEL0" />
            </diffuse>
            <emission>
              <color sid="emission">0 0 0 1</color>
            </emission>
            <specular>
              <color sid="specular">0 0 0 1</color>
            </specular>
          </phong>
        </technique>
      </profile_COMMON>
    </effect>
    <effect id="Effect_GrassRord05">
      <profile_COMMON>
        <newparam sid="surface_GrassRord05-bump">
          <surface type="2D">
            <init_from>GrassRoad_Normal.1965806694</init_from>
            <format>A8R8G8B8</format>
          </surface>
        </newparam>
        <newparam sid="sampler_GrassRord05-bump">
          <sampler2D>
            <source>surface_GrassRord05-bump</source>
            <wrap_s>WRAP</wrap_s>
            <wrap_t>WRAP</wrap_t>
          </sampler2D>
        </newparam>
        <newparam sid="surface_GrassRord05-bump">
          <surface type="2D">
            <init_from>GrassLandRoad02_Normal02.1138682401</init_from>
            <format>A8R8G8B8</format>
          </surface>
        </newparam>
        <newparam sid="sampler_GrassRord05-bump">
          <sampler2D>
            <source>surface_GrassRord05-bump</source>
            <wrap_s>WRAP</wrap_s>
            <wrap_t>WRAP</wrap_t>
          </sampler2D>
        </newparam>
        <newparam sid="surface_GrassRord05-diffuse">
          <surface type="2D">
            <init_from>GrassRord05_BaseColor._1454201104</init_from>
            <format>A8R8G8B8</format>
          </surface>
        </newparam>
        <newparam sid="sampler_GrassRord05-diffuse">
          <sampler2D>
            <source>surface_GrassRord05-diffuse</source>
            <wrap_s>WRAP</wrap_s>
            <wrap_t>WRAP</wrap_t>
          </sampler2D>
        </newparam>
        <technique sid="common">
          <phong>
            <bump>
              <texture texture="sampler_GrassRord05-bump" texcoord="CHANNEL0" />
            </bump>
            <bump>
              <texture texture="sampler_GrassRord05-bump" texcoord="CHANNEL0" />
            </bump>
            <diffuse>
              <texture texture="sampler_GrassRord05-diffuse" texcoord="CHANNEL0" />
            </diffuse>
            <emission>
              <color sid="emission">0 0 0 1</color>
            </emission>
            <specular>
              <color sid="specular">0 0 0 1</color>
            </specular>
          </phong>
        </technique>
      </profile_COMMON>
    </effect>
    <effect id="Effect_GsBourbonBC">
      <profile_COMMON>
        <newparam sid="surface_GsBourbonBC-diffuse">
          <surface type="2D">
            <init_from>GsBourbonBC_BaseColor.1565079843</init_from>
            <format>A8R8G8B8</format>
          </surface>
        </newparam>
        <newparam sid="sampler_GsBourbonBC-diffuse">
          <sampler2D>
            <source>surface_GsBourbonBC-diffuse</source>
            <wrap_s>WRAP</wrap_s>
            <wrap_t>WRAP</wrap_t>
          </sampler2D>
        </newparam>
        <newparam sid="surface_GsBourbonBC-bump">
          <surface type="2D">
            <init_from>GsBourbonBC_Normal._1762492929</init_from>
            <format>A8R8G8B8</format>
          </surface>
        </newparam>
        <newparam sid="sampler_GsBourbonBC-bump">
          <sampler2D>
            <source>surface_GsBourbonBC-bump</source>
            <wrap_s>WRAP</wrap_s>
            <wrap_t>WRAP</wrap_t>
          </sampler2D>
        </newparam>
        <technique sid="common">
          <phong>
            <diffuse>
              <texture texture="sampler_GsBourbonBC-diffuse" texcoord="CHANNEL0" />
            </diffuse>
            <bump>
              <texture texture="sampler_GsBourbonBC-bump" texcoord="CHANNEL0" />
            </bump>
            <emission>
              <color sid="emission">0 0 0 1</color>
            </emission>
            <specular>
              <color sid="specular">0 0 0 1</color>
            </specular>
          </phong>
        </technique>
      </profile_COMMON>
    </effect>
    <effect id="Effect_MoundC">
      <profile_COMMON>
        <newparam sid="surface_MoundC-diffuse">
          <surface type="2D">
            <init_from>MoundC_BaseColor._840582435</init_from>
            <format>A8R8G8B8</format>
          </surface>
        </newparam>
        <newparam sid="sampler_MoundC-diffuse">
          <sampler2D>
            <source>surface_MoundC-diffuse</source>
            <wrap_s>WRAP</wrap_s>
            <wrap_t>WRAP</wrap_t>
          </sampler2D>
        </newparam>
        <newparam sid="surface_MoundC-bump">
          <surface type="2D">
            <init_from>MoundC_Normal._452251115</init_from>
            <format>A8R8G8B8</format>
          </surface>
        </newparam>
        <newparam sid="sampler_MoundC-bump">
          <sampler2D>
            <source>surface_MoundC-bump</source>
            <wrap_s>WRAP</wrap_s>
            <wrap_t>WRAP</wrap_t>
          </sampler2D>
        </newparam>
        <technique sid="common">
          <phong>
            <diffuse>
              <texture texture="sampler_MoundC-diffuse" texcoord="CHANNEL0" />
            </diffuse>
            <bump>
              <texture texture="sampler_MoundC-bump" texcoord="CHANNEL0" />
            </bump>
            <emission>
              <color sid="emission">0 0 0 1</color>
            </emission>
            <specular>
              <color sid="specular">0 0 0 1</color>
            </specular>
          </phong>
        </technique>
      </profile_COMMON>
    </effect>
  </library_effects>
  <library_geometries>
    <geometry id="Grass1__GrassC-mesh" name="Grass1__GrassC">
      <mesh>
        <source id="Grass1__GrassC-position">
          <float_array id="Grass1__GrassC-position-array" count="456">5.95612 17.18541 -0.9001714 5.088084 15.72396 -1.186229 6.595985 14.24076 1.328798 7.464021 15.70221 1.614855 3.148075 18.28744 -4.080306 2.593111 16.67617 -3.821557 5.082306 16.06254 -1.765743 5.637271 17.67381 -2.024493 4.880431 17.98676 -1.096238 3.799798 16.75045 -0.5719144 6.273361 14.61046 -0.2542067 7.353992 15.84677 -0.7785312 5.500613 17.64471 -1.512367 4.296667 16.41887 -1.650111 6.5567 14.05202 -1.351322 7.760647 15.27786 -1.213579 6.560368 16.5745 -1.895036 5.209242 15.61038 -2.359872 7.185843 13.24811 -3.505184 8.536968 14.21223 -3.040349 -3.530851 9.010545 6.785691 -3.786654 7.350221 7.171734 -0.6226969 6.964872 7.971661 -0.3668934 8.625196 7.585617 -2.139595 8.555485 8.021092 -2.040776 6.834623 8.024247 1.218256 6.940099 7.616087 1.119436 8.660961 7.612932 -4.401591 8.738793 6.294092 -4.473456 7.01698 6.257546 -2.185162 6.790763 8.605212 -2.113298 8.512577 8.641759 -2.150457 8.712287 -7.500752 -2.307411 6.998271 -7.407734 -5.130543 7.265657 -5.747182 -4.973588 8.979674 -5.840199 1.169083 8.555485 -5.906391 1.078892 6.834623 -5.946897 -2.090423 6.940099 -6.809058 -2.000231 8.660961 -6.768552 -1.276852 8.276493 -6.268312 -1.478188 6.564852 -6.238544 -4.188013 6.770109 -8.08617 -3.986677 8.481751 -8.115936 -2.836298 18.69016 -0.198115 -2.063586 17.16531 0.02301316 -3.834407 16.56862 2.726189 -4.60712 18.09347 2.505062 -1.006959 19.02758 2.275245 -0.7693103 17.32034 2.271828 -3.370167 16.87282 4.229958 -3.607816 18.58005 4.233375 -1.408457 18.95385 2.528953 -0.7083136 17.40685 2.232749 -3.666465 15.9757 2.244906 -4.366608 17.5227 2.541111 -3.482926 18.32996 2.298233 -2.618498 16.84004 2.234642 -5.136529 15.22747 3.597778 -6.000957 16.71739 3.661369 -2.971517 18.76809 1.985293 -2.217984 17.22035 2.07387 -3.60237 16.62349 4.993841 -4.355902 18.17122 4.905263 -5.37984 17.59801 2.894292 -4.371496 16.20248 2.811332 -6.884914 14.23949 3.604057 -7.893256 15.63502 3.687016 -1.349848 19.13189 2.868236 -0.7017937 17.53674 2.949841 -3.033604 16.39893 0.9331452 -3.68166 17.99408 0.8515402 -3.609481 18.42918 3.833176 -2.796734 16.92616 3.606242 -5.439094 15.62467 2.149166 -6.25184 17.1277 2.3761 5.95612 17.18541 -0.9001713 5.088084 15.72396 -1.186229 6.595985 14.24076 1.328798 7.464021 15.70221 1.614855 3.148075 18.28744 -4.080306 2.593111 16.67617 -3.821557 5.082306 16.06254 -1.765743 5.637271 17.67381 -2.024493 4.880431 17.98676 -1.096238 3.799798 16.75045 -0.5719143 6.273361 14.61046 -0.2542067 7.353992 15.84677 -0.7785311 5.500613 17.64471 -1.512367 4.296667 16.41887 -1.650111 6.5567 14.05202 -1.351322 7.760646 15.27786 -1.213579 6.560368 16.5745 -1.895035 5.209242 15.61038 -2.359872 7.185843 13.24811 -3.505183 8.536967 14.21223 -3.040349 -3.530851 9.010545 6.785691 -3.786654 7.350221 7.171734 -0.6226969 6.964872 7.971661 -0.3668933 8.625196 7.585617 -2.139595 8.555485 8.021092 -2.040776 6.834624 8.024247 1.218255 6.940099 7.616087 1.119436 8.660962 7.612932 -4.401591 8.738793 6.294092 -4.473455 7.01698 6.257546 -2.185162 6.790763 8.605212 -2.113298 8.512577 8.641759 -2.150457 8.712287 -7.500752 -2.307411 6.998271 -7.407734 -5.130542 7.265657 -5.747181 -4.973588 8.979674 -5.840199 1.169083 8.555485 -5.90639 1.078892 6.834624 -5.946896 -2.090423 6.940099 -6.809057 -2.000231 8.660962 -6.768551 -1.276852 8.276493 -6.268311 -1.478188 6.564852 -6.238544 -4.188012 6.770109 -8.086169 -3.986677 8.481751 -8.115935 -2.836298 18.69016 -0.1981149 -2.063586 17.16531 0.02301316 -3.834406 16.56862 2.726189 -4.60712 18.09347 2.505062 -1.006959 19.02758 2.275244 -0.7693102 17.32034 2.271828 -3.370167 16.87282 4.229958 -3.607816 18.58005 4.233376 -1.408457 18.95385 2.528953 -0.7083136 17.40685 2.232749 -3.666465 15.9757 2.244906 -4.366608 17.5227 2.541111 -3.482926 18.32996 2.298233 -2.618498 16.84004 2.234642 -5.136528 15.22747 3.597778 -6.000956 16.71739 3.661369 -2.971517 18.76809 1.985293 -2.217984 17.22035 2.07387 -3.60237 16.62349 4.993841 -4.355901 18.17122 4.905263 -5.379839 17.59801 2.894291 -4.371495 16.20248 2.811332 -6.884913 14.23949 3.604057 -7.893256 15.63502 3.687016 -1.349848 19.13189 2.868236 -0.7017937 17.53674 2.949841 -3.033604 16.39893 0.9331452 -3.68166 17.99408 0.8515402 -3.609481 18.42918 3.833176 -2.796734 16.92616 3.606242 -5.439093 15.62468 2.149166 -6.25184 17.1277 2.3761</float_array>
          <technique_common>
            <accessor source="#Grass1__GrassC-position-array" count="152" stride="3">
              <param name="X" type="float" />
              <param name="Y" type="float" />
              <param name="Z" type="float" />
            </accessor>
          </technique_common>
        </source>
        <source id="Grass1__GrassC-normal">
          <float_array id="Grass1__GrassC-normal-array" count="456">0.05499491 0.2929537 0.4505352 0.05499491 0.2929537 0.4505352 0.05499491 0.2929537 0.4505352 0.05499491 0.2929537 0.4505352 0.1184506 0.3913099 0.3532366 0.1184506 0.3913099 0.3532366 0.1184506 0.3913099 0.3532366 0.1184506 0.3913099 0.3532366 0.4515928 0.190367 0.2273828 0.4515928 0.190367 0.2273828 0.4515928 0.190367 0.2273828 0.4515928 0.190367 0.2273828 0.3786188 0.07931959 0.3775612 0.3786188 0.07931959 0.3775612 0.3786188 0.07931959 0.3775612 0.3786188 0.07931959 0.3775612 0.4283258 -0.1205658 0.3067024 0.4283258 -0.1205658 0.3067024 0.4283258 -0.1205658 0.3067024 0.4283258 -0.1205658 0.3067024 0.2220948 0.3976555 0.2908385 0.2220948 0.3976555 0.2908385 0.2220948 0.3976555 0.2908385 0.2220948 0.3976555 0.2908385 0.2643986 0.3669853 0.2950689 0.2643986 0.3669853 0.2950689 0.2643986 0.3669853 0.2950689 0.2643986 0.3669853 0.2950689 -0.04864934 0.3447758 0.4135194 -0.04864934 0.3447758 0.4135194 -0.04864934 0.3447758 0.4135194 -0.04864934 0.3447758 0.4135194 -0.3458334 0.375446 -0.1776759 -0.3458334 0.375446 -0.1776759 -0.3458334 0.375446 -0.1776759 -0.3458334 0.375446 -0.1776759 -0.1332569 0.3669853 -0.3733309 -0.1332569 0.3669853 -0.3733309 -0.1332569 0.3669853 -0.3733309 -0.1332569 0.3669853 -0.3733309 0.02115189 0.3437182 -0.4166922 0.02115189 0.3437182 -0.4166922 0.02115189 0.3437182 -0.4166922 0.02115189 0.3437182 -0.4166922 -0.4537081 0.1861366 -0.2263252 -0.4537081 0.1861366 -0.2263252 -0.4537081 0.1861366 -0.2263252 -0.4537081 0.1861366 -0.2263252 -0.386022 0.2760322 -0.2591106 -0.386022 0.2760322 -0.2591106 -0.386022 0.2760322 -0.2591106 -0.386022 0.2760322 -0.2591106 -0.3923675 0.263341 -0.2612258 -0.3923675 0.263341 -0.2612258 -0.3923675 0.263341 -0.2612258 -0.3923675 0.263341 -0.2612258 -0.4917814 0.1279689 -0.1829638 -0.4917814 0.1279689 -0.1829638 -0.4917814 0.1279689 -0.1829638 -0.4917814 0.1279689 -0.1829638 -0.537258 -0.03490062 -0.04653416 -0.537258 -0.03490062 -0.04653416 -0.537258 -0.03490062 -0.04653416 -0.537258 -0.03490062 -0.04653416 -0.4706295 0.1078746 -0.2421891 -0.4706295 0.1078746 -0.2421891 -0.4706295 0.1078746 -0.2421891 -0.4706295 0.1078746 -0.2421891 -0.117393 0.3098752 -0.4272682 -0.117393 0.3098752 -0.4272682 -0.117393 0.3098752 -0.4272682 -0.117393 0.3098752 -0.4272682 -0.2569955 0.3172784 -0.3542942 -0.2569955 0.3172784 -0.3542942 -0.2569955 0.3172784 -0.3542942 -0.2569955 0.3172784 -0.3542942 -0.3913099 0.1670999 0.3331423 -0.3913099 0.1670999 0.3331423 -0.3913099 0.1670999 0.3331423 -0.3913099 0.1670999 0.3331423 -0.3014144 0.1702727 0.4156346 -0.3014144 0.1702727 0.4156346 -0.3014144 0.1702727 0.4156346 -0.3014144 0.1702727 0.4156346 0.06980123 0.156524 0.5129333 0.06980123 0.156524 0.5129333 0.06980123 0.156524 0.5129333 0.06980123 0.156524 0.5129333 -0.06557086 0.004230378 0.5362004 -0.06557086 0.004230378 0.5362004 -0.06557086 0.004230378 0.5362004 -0.06557086 0.004230378 0.5362004 0.001057594 -0.2358436 0.4864935 0.001057594 -0.2358436 0.4864935 0.001057594 -0.2358436 0.4864935 0.001057594 -0.2358436 0.4864935 -0.112105 0.1364297 0.5108181 -0.112105 0.1364297 0.5108181 -0.112105 0.1364297 0.5108181 -0.112105 0.1364297 0.5108181 0.06662845 0.005287972 0.5362004 0.06662845 0.005287972 0.5362004 0.06662845 0.005287972 0.5362004 0.06662845 0.005287972 0.5362004 -0.3870796 0.008460755 0.3775612 -0.3870796 0.008460755 0.3775612 -0.3870796 0.008460755 0.3775612 -0.3870796 0.008460755 0.3775612 -0.273917 0 -0.4653416 -0.273917 0 -0.4653416 -0.273917 0 -0.4653416 -0.273917 0 -0.4653416 0.1417177 0.005287972 -0.5213941 0.1417177 0.005287972 -0.5213941 0.1417177 0.005287972 -0.5213941 0.1417177 0.005287972 -0.5213941 0.3014144 -0.04336137 -0.4463049 0.3014144 -0.04336137 -0.4463049 0.3014144 -0.04336137 -0.4463049 0.3014144 -0.04336137 -0.4463049 -0.380734 -0.2369012 -0.3014144 -0.380734 -0.2369012 -0.3014144 -0.380734 -0.2369012 -0.3014144 -0.380734 -0.2369012 -0.3014144 -0.3193935 -0.04336137 -0.4336137 -0.3193935 -0.04336137 -0.4336137 -0.3193935 -0.04336137 -0.4336137 -0.3193935 -0.04336137 -0.4336137 -0.04230378 0.08249237 -0.53197 -0.04230378 0.08249237 -0.53197 -0.04230378 0.08249237 -0.53197 -0.04230378 0.08249237 -0.53197 -0.2041157 -0.09729869 -0.4907238 -0.2041157 -0.09729869 -0.4907238 -0.2041157 -0.09729869 -0.4907238 -0.2041157 -0.09729869 -0.4907238 -0.4262106 -0.2220948 -0.2474771 -0.4262106 -0.2220948 -0.2474771 -0.4262106 -0.2220948 -0.2474771 -0.4262106 -0.2220948 -0.2474771 -0.1216234 -0.05605251 -0.5235093 -0.1216234 -0.05605251 -0.5235093 -0.1216234 -0.05605251 -0.5235093 -0.1216234 -0.05605251 -0.5235093 0.3162207 0.106817 -0.425153 0.3162207 0.106817 -0.425153 0.3162207 0.106817 -0.425153 0.3162207 0.106817 -0.425153 0.1808487 0.1702727 -0.4801479 0.1808487 0.1702727 -0.4801479 0.1808487 0.1702727 -0.4801479 0.1808487 0.1702727 -0.4801479</float_array>
          <technique_common>
            <accessor source="#Grass1__GrassC-normal-array" count="152" stride="3">
              <param name="X" type="float" />
              <param name="Y" type="float" />
              <param name="Z" type="float" />
            </accessor>
          </technique_common>
        </source>
        <source id="Grass1__GrassC-texcoord">
          <float_array id="Grass1__GrassC-texcoord-array" count="304">0.2944534 0.4592661 0.2944534 0.002822936 0.9979553 0.002822936 0.9979553 0.4592661 0.2944534 0.4592661 0.2944534 0.002822936 0.9979553 0.002822936 0.9979553 0.4592661 0.2944534 0.4592661 0.2944534 0.002822936 0.9979553 0.002822936 0.9979553 0.4592661 0.2944534 0.4592661 0.2944534 0.002822936 0.9979553 0.002822936 0.9979553 0.4592661 0.2944534 0.4592661 0.2944534 0.002822936 0.9979553 0.002822936 0.9979553 0.4592661 0.2944534 0.4592661 0.2944534 0.002822936 0.9979553 0.002822936 0.9979553 0.4592661 0.2944534 0.4592661 0.2944534 0.002822936 0.9979553 0.002822936 0.9979553 0.4592661 0.2944534 0.4592661 0.2944534 0.002822936 0.9979553 0.002822936 0.9979553 0.4592661 0.2944534 0.4592661 0.2944534 0.002822936 0.9979553 0.002822936 0.9979553 0.4592661 0.2944534 0.4592661 0.2944534 0.002822936 0.9979553 0.002822936 0.9979553 0.4592661 0.2944534 0.4592661 0.2944534 0.002822936 0.9979553 0.002822936 0.9979553 0.4592661 0.2944534 0.4592661 0.2944534 0.002822936 0.9979553 0.002822936 0.9979553 0.4592661 0.2944534 0.4592661 0.2944534 0.002822936 0.9979553 0.002822936 0.9979553 0.4592661 0.2944534 0.4592661 0.2944534 0.002822936 0.9979553 0.002822936 0.9979553 0.4592661 0.2944534 0.4592661 0.2944534 0.002822936 0.9979553 0.002822936 0.9979553 0.4592661 0.2944534 0.4592661 0.2944534 0.002822936 0.9979553 0.002822936 0.9979553 0.4592661 0.2944534 0.4592661 0.2944534 0.002822936 0.9979553 0.002822936 0.9979553 0.4592661 0.2944534 0.4592661 0.2944534 0.002822936 0.9979553 0.002822936 0.9979553 0.4592661 0.2944534 0.4592661 0.2944534 0.002822936 0.9979553 0.002822936 0.9979553 0.4592661 0.2944534 0.4590067 0.2944534 0.003006041 0.9979553 0.003006041 0.9979553 0.4590067 0.2944534 0.4590067 0.2944534 0.003006041 0.9979553 0.003006041 0.9979553 0.4590067 0.2944534 0.4590067 0.2944534 0.003006041 0.9979553 0.003006041 0.9979553 0.4590067 0.2944534 0.4590067 0.2944534 0.003006041 0.9979553 0.003006041 0.9979553 0.4590067 0.2944534 0.4590067 0.2944534 0.003006041 0.9979553 0.003006041 0.9979553 0.4590067 0.2944534 0.4590067 0.2944534 0.003006041 0.9979553 0.003006041 0.9979553 0.4590067 0.2944534 0.4590067 0.2944534 0.003006041 0.9979553 0.003006041 0.9979553 0.4590067 0.2944534 0.4590067 0.2944534 0.003006041 0.9979553 0.003006041 0.9979553 0.4590067 0.2944534 0.4590067 0.2944534 0.003006041 0.9979553 0.003006041 0.9979553 0.4590067 0.2944534 0.4590067 0.2944534 0.003006041 0.9979553 0.003006041 0.9979553 0.4590067 0.2944534 0.4590067 0.2944534 0.003006041 0.9979553 0.003006041 0.9979553 0.4590067 0.2944534 0.4590067 0.2944534 0.003006041 0.9979553 0.003006041 0.9979553 0.4590067 0.2944534 0.4590067 0.2944534 0.003006041 0.9979553 0.003006041 0.9979553 0.4590067 0.2944534 0.4590067 0.2944534 0.003006041 0.9979553 0.003006041 0.9979553 0.4590067 0.2944534 0.4590067 0.2944534 0.003006041 0.9979553 0.003006041 0.9979553 0.4590067 0.2944534 0.4590067 0.2944534 0.003006041 0.9979553 0.003006041 0.9979553 0.4590067 0.2944534 0.4590067 0.2944534 0.003006041 0.9979553 0.003006041 0.9979553 0.4590067 0.2944534 0.4590067 0.2944534 0.003006041 0.9979553 0.003006041 0.9979553 0.4590067 0.2944534 0.4590067 0.2944534 0.003006041 0.9979553 0.003006041 0.9979553 0.4590067</float_array>
          <technique_common>
            <accessor source="#Grass1__GrassC-texcoord-array" count="152" stride="2">
              <param name="S" type="float" />
              <param name="T" type="float" />
            </accessor>
          </technique_common>
        </source>
        <vertices id="Grass1__GrassC-vertex">
          <input semantic="POSITION" source="#Grass1__GrassC-position" />
        </vertices>
        <triangles material="GrassC" count="38">
          <input semantic="VERTEX" source="#Grass1__GrassC-vertex" offset="0" />
          <input semantic="NORMAL" source="#Grass1__GrassC-normal" offset="1" />
          <input semantic="TEXCOORD" source="#Grass1__GrassC-texcoord" offset="2" set="0" />
          <p>0 0 0 1 1 1 2 2 2 2 2 2 3 3 3 0 0 0 4 4 4 5 5 5 6 6 6 6 6 6 7 7 7 4 4 4 8 8 8 9 9 9 10 10 10 10 10 10 11 11 11 8 8 8 12 12 12 13 13 13 14 14 14 14 14 14 15 15 15 12 12 12 16 16 16 17 17 17 18 18 18 18 18 18 19 19 19 16 16 16 20 20 20 21 21 21 22 22 22 22 22 22 23 23 23 20 20 20 24 24 24 25 25 25 26 26 26 26 26 26 27 27 27 24 24 24 28 28 28 29 29 29 30 30 30 30 30 30 31 31 31 28 28 28 32 32 32 33 33 33 34 34 34 34 34 34 35 35 35 32 32 32 36 36 36 37 37 37 38 38 38 38 38 38 39 39 39 36 36 36 40 40 40 41 41 41 42 42 42 42 42 42 43 43 43 40 40 40 44 44 44 45 45 45 46 46 46 46 46 46 47 47 47 44 44 44 48 48 48 49 49 49 50 50 50 50 50 50 51 51 51 48 48 48 52 52 52 53 53 53 54 54 54 54 54 54 55 55 55 52 52 52 56 56 56 57 57 57 58 58 58 58 58 58 59 59 59 56 56 56 60 60 60 61 61 61 62 62 62 62 62 62 63 63 63 60 60 60 64 64 64 65 65 65 66 66 66 66 66 66 67 67 67 64 64 64 68 68 68 69 69 69 70 70 70 70 70 70 71 71 71 68 68 68 72 72 72 73 73 73 74 74 74 74 74 74 75 75 75 72 72 72 </p>
        </triangles>
      </mesh>
    </geometry>
    <geometry id="GsBourbonBM1__GsBourbonBC-mesh" name="GsBourbonBM1__GsBourbonBC">
      <mesh>
        <source id="GsBourbonBM1__GsBourbonBC-position">
          <float_array id="GsBourbonBM1__GsBourbonBC-position-array" count="3141">2.949633 6.46419 6.44397 3.155053 6.437029 6.565415 3.382919 10.11031 6.516438 3.587957 10.08537 6.637551 3.38107 10.26762 6.507555 3.585195 10.32043 6.624277 3.338855 10.415 6.475564 3.522116 10.54066 6.576475 3.260405 10.53803 6.423596 3.404896 10.72449 6.498823 3.153401 10.62465 6.356739 3.245007 10.85392 6.398924 3.028315 10.6664 6.281537 3.058103 10.91631 6.286556 2.862476 10.90551 6.172719 2.897393 10.65918 6.205352 2.677279 10.82262 6.068555 2.773451 10.60371 6.13564 2.520638 10.67573 5.984261 2.668619 10.5054 6.079226 2.407887 10.47922 5.928089 2.593161 10.37389 6.041633 2.350063 10.25233 5.905535 2.554463 10.22204 6.026539 1.913304 6.604509 5.83112 2.118597 6.576277 5.952545 2.950356 6.466022 6.375609 2.949633 6.46419 6.44397 3.383801 10.11254 6.448153 3.382919 10.11031 6.516438 3.382112 10.25632 6.440033 3.38107 10.26762 6.507555 3.343528 10.39102 6.410793 3.338855 10.415 6.475564 3.271826 10.50347 6.363296 3.260405 10.53803 6.423596 3.174026 10.58265 6.302189 3.153401 10.62465 6.356739 3.059699 10.6208 6.233456 3.028315 10.6664 6.281537 2.940039 10.6142 6.163824 2.897393 10.65918 6.205352 2.826757 10.5635 6.100109 2.773451 10.60371 6.13564 2.730944 10.47365 6.048547 2.668619 10.5054 6.079226 2.661976 10.35345 6.014188 2.593161 10.37389 6.041633 2.626606 10.21466 6.000392 2.554463 10.22204 6.026539 2.118597 6.576277 5.952545 2.190801 6.568467 5.926455 1.905957 6.607841 5.738489 1.913304 6.604509 5.83112 2.350063 10.25233 5.905535 2.342884 10.25564 5.813004 2.407887 10.47922 5.928089 2.40575 10.50232 5.837523 2.520638 10.67573 5.984261 2.528331 10.71596 5.898593 2.677279 10.82262 6.068555 2.69863 10.87566 5.990237 2.862476 10.90551 6.172719 2.899974 10.96578 6.103483 3.058103 10.91631 6.286556 3.112657 10.9775 6.227246 3.245007 10.85392 6.398924 3.315858 10.90968 6.349411 3.404896 10.72449 6.498823 3.489687 10.76896 6.45802 3.522116 10.54066 6.576475 3.61713 10.56911 6.542442 3.585195 10.32043 6.624277 3.685708 10.32968 6.594412 3.587957 10.08537 6.637551 3.688712 10.07413 6.608844 3.255976 6.425757 6.536809 3.155053 6.437029 6.565415 2.096779 6.591652 5.491253 1.905957 6.607841 5.738489 2.342884 10.25564 5.813004 2.533707 10.23945 5.565768 2.40575 10.50232 5.837523 2.596573 10.48613 5.590287 2.528331 10.71596 5.898593 2.719155 10.69977 5.651358 2.69863 10.87566 5.990237 2.889453 10.85947 5.743001 2.899974 10.96578 6.103483 3.090797 10.94959 5.856247 3.112657 10.9775 6.227246 3.303481 10.96132 5.98001 3.315858 10.90968 6.349411 3.506681 10.89349 6.102176 3.489687 10.76896 6.45802 3.680511 10.75277 6.210785 3.61713 10.56911 6.542442 3.807953 10.55292 6.295207 3.685708 10.32968 6.594412 3.876531 10.31349 6.347178 3.688712 10.07413 6.608844 3.879534 10.05794 6.361609 3.446798 6.409568 6.289573 3.255976 6.425757 6.536809 2.197701 6.580381 5.462646 2.096779 6.591652 5.491253 2.533707 10.23945 5.565768 2.63446 10.22821 5.537061 2.596573 10.48613 5.590287 2.692285 10.4551 5.559614 2.719155 10.69977 5.651358 2.805036 10.6516 5.615787 2.889453 10.85947 5.743001 2.961677 10.7985 5.70008 3.090797 10.94959 5.856247 3.146874 10.88139 5.804244 3.303481 10.96132 5.98001 3.3425 10.89218 5.918082 3.506681 10.89349 6.102176 3.529404 10.82979 6.03045 3.680511 10.75277 6.210785 3.689294 10.70036 6.130349 3.807953 10.55292 6.295207 3.806514 10.51653 6.208 3.876531 10.31349 6.347178 3.869593 10.29631 6.255802 3.879534 10.05794 6.361609 3.872356 10.06125 6.269077 3.439451 6.4129 6.196941 3.446798 6.409568 6.289573 3.234031 6.440063 6.075495 3.161851 6.448079 6.101589 3.667317 10.08618 6.147964 3.595297 10.09459 6.174132 3.665468 10.24349 6.139081 3.593607 10.23837 6.166013 3.623253 10.39087 6.107089 3.555023 10.37308 6.136773 3.544803 10.5139 6.055121 3.483321 10.48553 6.089276 3.437798 10.60053 5.988265 3.385521 10.5647 6.028169 3.312713 10.64227 5.913062 3.271195 10.60286 5.959435 3.181791 10.63505 5.836877 3.151535 10.59626 5.889804 3.057848 10.57958 5.767166 3.038253 10.54556 5.826088 2.953017 10.48127 5.710752 2.942439 10.4557 5.774528 2.877559 10.34976 5.673159 2.873471 10.3355 5.740168 2.83886 10.19792 5.658065 2.838101 10.19672 5.726373 2.402297 6.550524 5.652435 2.402994 6.552148 5.58407 1.082783 6.940464 6.695449 1.321386 6.954265 6.759248 0.7568761 10.56996 7.152995 0.9945471 10.58586 7.216866 0.7195616 10.72254 7.166119 0.9387909 10.81384 7.236476 0.6387782 10.85756 7.165374 0.8180831 11.01559 7.235363 0.5224336 10.96181 7.150835 0.6442385 11.17136 7.213637 0.3819167 11.02508 7.123921 0.4342759 11.2659 7.173423 0.230982 11.04118 7.087272 0.2087459 11.28997 7.11866 -0.01027271 11.24118 7.054706 0.08440454 11.00854 7.044471 -0.201343 11.12435 6.987824 -0.04346848 10.93035 6.99971 -0.3457601 10.95088 6.924557 -0.1401194 10.81425 6.957369 -0.4293884 10.73777 6.871102 -0.1960876 10.67163 6.921593 -0.4440414 10.50588 6.832689 -0.2058942 10.51644 6.895886 -0.1216833 6.874036 6.373875 0.1170146 6.886771 6.43754 1.059698 6.946738 6.630382 1.082783 6.940464 6.695449 0.7338828 10.57666 7.088013 0.7568761 10.56996 7.152995 0.6997783 10.71611 7.100009 0.7195616 10.72254 7.166119 0.6259431 10.83951 7.099329 0.6387782 10.85756 7.165374 0.5196063 10.9348 7.086039 0.5224336 10.96181 7.150835 0.3911757 10.99263 7.061441 0.3819167 11.02508 7.123921 0.253224 11.00734 7.027943 0.230982 11.04118 7.087272 0.1192542 10.97751 6.988824 0.08440454 11.00854 7.044471 0.00238064 10.90604 6.947913 -0.04346848 10.93035 6.99971 -0.08595675 10.79994 6.909214 -0.1401194 10.81425 6.957369 -0.1371103 10.66958 6.876516 -0.1960876 10.67163 6.921593 -0.1460735 10.52773 6.853021 -0.2058942 10.51644 6.895886 0.1170146 6.886771 6.43754 0.1770011 6.897665 6.394656 -0.1609002 6.881425 6.287776 -0.1216833 6.874036 6.373875 -0.4440414 10.50588 6.832689 -0.4830635 10.51328 6.746642 -0.4293884 10.73777 6.871102 -0.4671327 10.76539 6.788404 -0.3457601 10.95088 6.924557 -0.3762124 10.99708 6.846521 -0.201343 11.12435 6.987824 -0.2192032 11.18567 6.915303 -0.01027271 11.24118 7.054706 -0.01147334 11.31269 6.988018 0.2087459 11.28997 7.11866 0.2266418 11.36573 7.057548 0.4342759 11.2659 7.173423 0.4718354 11.33956 7.117086 0.6442385 11.17136 7.213637 0.7001051 11.23678 7.160806 0.8180831 11.01559 7.235363 0.889107 11.06743 7.184426 0.9387909 10.81384 7.236476 1.02034 10.84809 7.185635 0.9945471 10.58586 7.216866 1.080957 10.60023 7.164315 1.407991 6.968648 6.706751 1.321386 6.954265 6.759248 -0.0642634 6.92582 6.005144 -0.1609002 6.881425 6.287776 -0.4830635 10.51328 6.746642 -0.3864266 10.55767 6.464009 -0.4671327 10.76539 6.788404 -0.3704959 10.80979 6.505771 -0.3762124 10.99708 6.846521 -0.2795758 11.04148 6.563888 -0.2192032 11.18567 6.915303 -0.1225665 11.23007 6.63267 -0.01147334 11.31269 6.988018 0.08516335 11.35709 6.705385 0.2266418 11.36573 7.057548 0.3232787 11.41012 6.774915 0.4718354 11.33956 7.117086 0.5684721 11.38396 6.834453 0.7001051 11.23678 7.160806 0.7967418 11.28118 6.878172 0.889107 11.06743 7.184426 0.9857438 11.11183 6.901793 1.02034 10.84809 7.185635 1.116976 10.89248 6.903003 1.080957 10.60023 7.164315 1.177594 10.64462 6.881683 1.504628 7.013044 6.424118 1.407991 6.968648 6.706751 0.0223421 6.940204 5.952645 -0.0642634 6.92582 6.005144 -0.3864266 10.55767 6.464009 -0.3000162 10.57205 6.411459 -0.3704959 10.80979 6.505771 -0.285363 10.80394 6.449872 -0.2795758 11.04148 6.563888 -0.2017348 11.01705 6.503328 -0.1225665 11.23007 6.63267 -0.05731767 11.19052 6.566594 0.08516335 11.35709 6.705385 0.1337526 11.30735 6.633477 0.3232787 11.41012 6.774915 0.3527713 11.35613 6.697431 0.5684721 11.38396 6.834453 0.5783011 11.33207 6.752194 0.7967418 11.28118 6.878172 0.7882636 11.23753 6.792408 0.9857438 11.11183 6.901793 0.9621084 11.08175 6.814134 1.116976 10.89248 6.903003 1.082816 10.88 6.815247 1.177594 10.64462 6.881683 1.138572 10.65202 6.795636 1.465411 7.020432 6.338019 1.504628 7.013044 6.424118 1.226809 7.006631 6.27422 1.166804 6.995944 6.317129 0.9009014 10.63613 6.731765 0.8409888 10.62586 6.774761 0.8635867 10.7887 6.744889 0.8068841 10.76531 6.786757 0.7828037 10.92372 6.744145 0.733049 10.88872 6.786076 0.6664589 11.02797 6.729605 0.6267123 10.984 6.772787 0.5259418 11.09125 6.702692 0.4982817 11.04183 6.748189 0.3750071 11.10735 6.666042 0.3603299 11.05655 6.714691 0.2284297 11.07471 6.623241 0.2263602 11.02672 6.675571 0.1005569 10.99651 6.57848 0.1094866 10.95525 6.634661 0.003906019 10.88042 6.536139 0.02114919 10.84914 6.595963 -0.05206235 10.7378 6.500365 -0.03000432 10.71879 6.563264 -0.06186882 10.5826 6.474657 -0.03896751 10.57694 6.539768 0.2841069 6.946872 6.081404 0.2610399 6.952938 6.01631 2.183033 6.648041 -6.383743 2.431209 6.622214 -6.395907 2.54621 10.27767 -6.81117 2.79383 10.25406 -6.823547 2.537179 10.43416 -6.8281 2.780335 10.48788 -6.848847 2.480039 10.58053 -6.840982 2.694956 10.70659 -6.868096 2.380385 10.70246 -6.848556 2.546052 10.88878 -6.879416 2.247971 10.788 -6.850082 2.348197 11.01661 -6.881695 2.09576 10.82881 -6.845412 2.12076 11.07759 -6.874712 1.886003 11.06572 -6.859149 1.938651 10.82087 -6.834997 1.666908 10.98218 -6.836533 1.792021 10.76496 -6.819857 1.484918 10.83514 -6.809073 1.670225 10.66656 -6.801482 1.35785 10.639 -6.779462 1.585185 10.5353 -6.781661 1.298142 10.41296 -6.750591 1.545225 10.38402 -6.762343 0.9308616 6.78161 -6.322725 1.178931 6.754717 -6.334765 0.8604001 6.779252 -6.402864 0.9308616 6.78161 -6.322725 1.298142 10.41296 -6.750591 1.227883 10.41058 -6.83074 1.35785 10.639 -6.779462 1.292797 10.65633 -6.862126 1.484918 10.83514 -6.809073 1.430945 10.86958 -6.89432 1.666908 10.98218 -6.836533 1.628802 11.02943 -6.924176 1.886003 11.06572 -6.859149 1.867001 11.12025 -6.948762 2.12076 11.07759 -6.874712 2.122226 11.13315 -6.965682 2.348197 11.01661 -6.881695 2.369493 11.06686 -6.973275 2.546052 10.88878 -6.879416 2.5846 10.92789 -6.970796 2.694956 10.70659 -6.868096 2.746487 10.72982 -6.958489 2.780335 10.48788 -6.848847 2.83931 10.49203 -6.937562 2.79383 10.25406 -6.823547 2.853982 10.23783 -6.910058 2.491564 6.605957 -6.482428 2.431209 6.622214 -6.395907 0.8397895 6.74129 -6.742722 0.8604001 6.779252 -6.402864 1.227883 10.41058 -6.83074 1.207272 10.37262 -7.170602 1.292797 10.65633 -6.862126 1.272187 10.61837 -7.201984 1.430945 10.86958 -6.89432 1.410334 10.83162 -7.234181 1.628802 11.02943 -6.924176 1.608191 10.99147 -7.264034 1.867001 11.12025 -6.948762 1.84639 11.08229 -7.288623 2.122226 11.13315 -6.965682 2.101616 11.09519 -7.305545 2.369493 11.06686 -6.973275 2.348883 11.02891 -7.313132 2.5846 10.92789 -6.970796 2.563988 10.88993 -7.310657 2.746487 10.72982 -6.958489 2.725876 10.69185 -7.298353 2.83931 10.49203 -6.937562 2.818699 10.45408 -7.277422 2.853982 10.23783 -6.910058 2.833371 10.19987 -7.249919 2.470953 6.567998 -6.822286 2.491564 6.605957 -6.482428 0.9001443 6.725034 -6.829242 0.8397895 6.74129 -6.742722 1.207272 10.37262 -7.170602 1.267424 10.35639 -7.257111 1.272187 10.61837 -7.201984 1.327132 10.58243 -7.285981 1.410334 10.83162 -7.234181 1.454201 10.77857 -7.315592 1.608191 10.99147 -7.264034 1.63619 10.92561 -7.343052 1.84639 11.08229 -7.288623 1.855286 11.00914 -7.365669 2.101616 11.09519 -7.305545 2.090043 11.02101 -7.38123 2.348883 11.02891 -7.313132 2.317479 10.96004 -7.388215 2.563988 10.88993 -7.310657 2.515334 10.83221 -7.385933 2.725876 10.69185 -7.298353 2.664239 10.65002 -7.374614 2.818699 10.45408 -7.277422 2.749617 10.43131 -7.355363 2.833371 10.19987 -7.249919 2.763113 10.19749 -7.330067 2.400492 6.56564 -6.902426 2.470953 6.567998 -6.822286 1.195345 6.700905 -6.778481 1.148213 6.698143 -6.841283 1.514508 10.32744 -7.268862 1.561548 10.33064 -7.206102 1.554468 10.47872 -7.288181 1.59807 10.4689 -7.223762 1.639508 10.60998 -7.308001 1.675795 10.58887 -7.241873 1.761304 10.70839 -7.326375 1.787115 10.67881 -7.258668 1.907933 10.7643 -7.34151 1.921132 10.72992 -7.272507 2.065042 10.77224 -7.351927 2.064727 10.73718 -7.282022 2.203846 10.69989 -7.286297 2.217254 10.73144 -7.356603 2.32487 10.62169 -7.284904 2.349668 10.64588 -7.355076 2.415952 10.51024 -7.277977 2.449321 10.52395 -7.3475 2.468177 10.37646 -7.266204 2.506461 10.37758 -7.334618 2.476431 10.23344 -7.25073 2.515492 10.2211 -7.317689 2.113078 6.603407 -6.823245 2.152315 6.591466 -6.89026 2.402994 6.552148 5.58407 2.197701 6.580381 5.462646 2.63446 10.22821 5.537061 2.83886 10.19792 5.658065 2.877559 10.34976 5.673159 2.692285 10.4551 5.559614 2.953017 10.48127 5.710752 2.805036 10.6516 5.615787 3.057848 10.57958 5.767166 2.961677 10.7985 5.70008 3.181791 10.63505 5.836877 3.146874 10.88139 5.804244 3.312713 10.64227 5.913062 3.3425 10.89218 5.918082 3.529404 10.82979 6.03045 3.437798 10.60053 5.988265 3.689294 10.70036 6.130349 3.544803 10.5139 6.055121 3.806514 10.51653 6.208 3.623253 10.39087 6.107089 3.869593 10.29631 6.255802 3.665468 10.24349 6.139081 3.872356 10.06125 6.269077 3.667317 10.08618 6.147964 3.234031 6.440063 6.075495 3.439451 6.4129 6.196941 0.2610399 6.952938 6.01631 0.0223421 6.940204 5.952645 -0.3000162 10.57205 6.411459 -0.06186882 10.5826 6.474657 -0.05206235 10.7378 6.500365 -0.285363 10.80394 6.449872 0.003906019 10.88042 6.536139 -0.2017348 11.01705 6.503328 0.1005569 10.99651 6.57848 -0.05731767 11.19052 6.566594 0.2284297 11.07471 6.623241 0.1337526 11.30735 6.633477 0.3750071 11.10735 6.666042 0.3527713 11.35613 6.697431 0.5783011 11.33207 6.752194 0.5259418 11.09125 6.702692 0.7882636 11.23753 6.792408 0.6664589 11.02797 6.729605 0.9621084 11.08175 6.814134 0.7828037 10.92372 6.744145 1.082816 10.88 6.815247 0.8635867 10.7887 6.744889 1.138572 10.65202 6.795636 0.9009014 10.63613 6.731765 1.226809 7.006631 6.27422 1.465411 7.020432 6.338019 2.135921 6.645484 -6.446568 2.183033 6.648041 -6.383743 2.499274 10.27551 -6.874052 2.54621 10.27767 -6.81117 2.537179 10.43416 -6.8281 2.49102 10.41854 -6.889524 2.480039 10.58053 -6.840982 2.438795 10.55232 -6.901299 2.380385 10.70246 -6.848556 2.347713 10.66375 -6.908223 2.247971 10.788 -6.850082 2.226689 10.74195 -6.909617 2.09576 10.82881 -6.845412 2.087571 10.77925 -6.905346 1.943975 10.77199 -6.895828 1.938651 10.82087 -6.834997 1.809958 10.72089 -6.881993 1.792021 10.76496 -6.819857 1.698639 10.63095 -6.865196 1.670225 10.66656 -6.801482 1.620913 10.51097 -6.847082 1.585185 10.5353 -6.781661 1.584391 10.37271 -6.829423 1.545225 10.38402 -6.762343 1.178931 6.754717 -6.334765 1.218189 6.742983 -6.401803 1.148213 6.698143 -6.841283 0.9001443 6.725034 -6.829242 1.267424 10.35639 -7.257111 1.514508 10.32744 -7.268862 1.554468 10.47872 -7.288181 1.327132 10.58243 -7.285981 1.639508 10.60998 -7.308001 1.454201 10.77857 -7.315592 1.761304 10.70839 -7.326375 1.63619 10.92561 -7.343052 1.907933 10.7643 -7.34151 1.855286 11.00914 -7.365669 2.065042 10.77224 -7.351927 2.090043 11.02101 -7.38123 2.317479 10.96004 -7.388215 2.217254 10.73144 -7.356603 2.515334 10.83221 -7.385933 2.349668 10.64588 -7.355076 2.664239 10.65002 -7.374614 2.449321 10.52395 -7.3475 2.749617 10.43131 -7.355363 2.506461 10.37758 -7.334618 2.763113 10.19749 -7.330067 2.515492 10.2211 -7.317689 2.152315 6.591466 -6.89026 2.400492 6.56564 -6.902426 3.555023 10.37308 6.136773 3.593607 10.23837 6.166013 3.216957 10.14782 5.950296 3.483321 10.48553 6.089276 3.595297 10.09459 6.174132 3.385521 10.5647 6.028169 3.161851 6.448079 6.101589 3.271195 10.60286 5.959435 2.402297 6.550524 5.652435 3.151535 10.59626 5.889804 2.838101 10.19672 5.726373 3.038253 10.54556 5.826088 2.873471 10.3355 5.740168 2.942439 10.4557 5.774528 3.343528 10.39102 6.410793 3.005461 10.16576 6.224316 3.382112 10.25632 6.440033 3.271826 10.50347 6.363296 3.383801 10.11254 6.448153 3.174026 10.58265 6.302189 2.950356 6.466022 6.375609 3.059699 10.6208 6.233456 2.190801 6.568467 5.926455 2.940039 10.6142 6.163824 2.626606 10.21466 6.000392 2.826757 10.5635 6.100109 2.661976 10.35345 6.014188 2.730944 10.47365 6.048547 0.733049 10.88872 6.786076 0.8068841 10.76531 6.786757 0.4008183 10.60355 6.657537 0.6267123 10.984 6.772787 0.8409888 10.62586 6.774761 0.4982817 11.04183 6.748189 1.166804 6.995944 6.317129 0.3603299 11.05655 6.714691 0.2841069 6.946872 6.081404 0.2263602 11.02672 6.675571 -0.03896751 10.57694 6.539768 0.1094866 10.95525 6.634661 -0.03000432 10.71879 6.563264 0.02114919 10.84914 6.595963 0.6259431 10.83951 7.099329 0.2937124 10.55435 6.970788 0.6997783 10.71611 7.100009 0.5196063 10.9348 7.086039 0.7338828 10.57666 7.088013 0.3911757 10.99263 7.061441 1.059698 6.946738 6.630382 0.253224 11.00734 7.027943 0.1770011 6.897665 6.394656 0.1192542 10.97751 6.988824 -0.1460735 10.52773 6.853021 0.00238064 10.90604 6.947913 -0.1371103 10.66958 6.876516 -0.08595675 10.79994 6.909214 2.415952 10.51024 -7.277977 2.468177 10.37646 -7.266204 2.019206 10.28419 -7.228669 2.32487 10.62169 -7.284904 2.476431 10.23344 -7.25073 2.203846 10.69989 -7.286297 2.113078 6.603407 -6.823245 2.064727 10.73718 -7.282022 1.195345 6.700905 -6.778481 1.921132 10.72992 -7.272507 1.561548 10.33064 -7.206102 1.787115 10.67881 -7.258668 1.59807 10.4689 -7.223762 1.675795 10.58887 -7.241873 2.438795 10.55232 -6.901299 2.042049 10.32626 -6.851989 2.49102 10.41854 -6.889524 2.347713 10.66375 -6.908223 2.499274 10.27551 -6.874052 2.226689 10.74195 -6.909617 2.135921 6.645484 -6.446568 2.087571 10.77925 -6.905346 1.218189 6.742983 -6.401803 1.943975 10.77199 -6.895828 1.584391 10.37271 -6.829423 1.809958 10.72089 -6.881993 1.620913 10.51097 -6.847082 1.698639 10.63095 -6.865196 2.95013 6.46545 6.396972 3.368037 10.30016 6.498321 3.382639 10.21139 6.44257 3.443584 6.411026 6.249046 3.849881 10.36513 6.240864 3.877094 10.26558 6.349884 3.180284 6.434211 6.558264 3.686271 10.28176 6.597118 3.587957 10.08537 6.637551 1.066912 6.944777 6.650715 0.6975235 10.75162 7.164758 0.710436 10.67253 7.09626 1.489922 7.015815 6.39183 1.09327 10.83726 6.81157 1.128342 10.84601 6.899005 1.343037 6.957861 6.746124 1.031705 10.80161 7.181638 0.994547 10.58586 7.216866 2.150644 6.646283 -6.426934 2.538872 10.40482 -6.824925 2.492568 10.39172 -6.886622 2.132696 6.597437 -6.856752 2.469208 10.35858 -7.264269 2.509283 10.32868 -7.329327 2.440126 6.566967 -6.857347 2.722936 10.49966 -7.361378 2.82145 10.40641 -7.272265 2.446297 6.61815 -6.417537 2.842061 10.44437 -6.932405 2.79383 10.25406 -6.823546 3.505728 10.45039 6.104119 3.634446 10.20574 6.152869 3.306921 10.59093 5.980915 2.881014 10.3369 5.744509 3.073654 10.5614 5.846 2.390033 10.44065 5.831393 1.911467 6.605342 5.807962 2.389817 10.40832 5.921041 2.389817 10.40832 5.921041 2.523523 10.69082 5.952135 2.786718 10.91508 6.039782 2.735153 10.84853 6.101106 3.08538 10.94691 6.256901 3.315858 10.90968 6.349411 3.294972 10.81347 6.430142 3.545443 10.68153 6.494955 3.541828 10.47184 6.591413 3.686271 10.28176 6.597118 3.587957 10.08537 6.637551 2.63446 10.22821 5.537061 2.140932 6.586721 5.478737 2.584785 10.43987 5.58569 2.769801 10.59019 5.598233 2.584785 10.43987 5.58569 2.719154 10.69977 5.651358 2.889452 10.85947 5.743001 3.089 10.85548 5.771693 3.210431 10.95618 5.925864 3.470997 10.84929 5.995335 3.50668 10.89349 6.102176 3.680511 10.75277 6.210785 3.689293 10.70036 6.130349 3.807953 10.55292 6.295207 3.849881 10.36513 6.240864 3.877094 10.26558 6.349884 2.881014 10.3369 5.744509 2.402645 6.551336 5.618253 2.885812 10.35128 5.677908 2.885812 10.35128 5.677908 3.073654 10.5614 5.846 3.143059 10.61772 5.815092 3.306921 10.59093 5.980915 3.390891 10.61618 5.960063 3.505728 10.45039 6.104119 3.593834 10.43701 6.087601 3.634446 10.20574 6.152869 0.7086007 10.95539 6.755937 0.8472036 10.74402 6.760243 0.4034398 11.05195 6.725159 -0.02177852 10.72162 6.565815 0.1460096 10.97758 6.647446 -0.4711154 10.70236 6.777964 -0.1314875 6.875884 6.35235 -0.4339674 10.66531 6.859098 -0.4339674 10.66531 6.859098 -0.359083 10.9711 6.890416 -0.1283214 11.24124 6.947115 -0.1416336 11.16086 7.008725 0.2188123 11.33258 7.084284 0.4718354 11.33956 7.117086 0.4998892 11.23636 7.18599 0.7827935 11.16269 7.17114 0.8558042 10.95254 7.235711 1.031705 10.80161 7.181638 0.994547 10.58586 7.216866 -0.3000161 10.57205 6.411459 -0.03178634 6.931214 5.985457 -0.3734829 10.76252 6.497941 -0.2278686 10.95045 6.486623 -0.3734829 10.76252 6.497941 -0.2795758 11.04148 6.563888 -0.1225665 11.23007 6.63267 0.07404318 11.27084 6.612576 0.08516335 11.35709 6.705385 0.3232787 11.41012 6.774915 0.5078231 11.33959 6.735081 0.5684721 11.38396 6.834453 0.7967418 11.28118 6.878172 0.9077819 11.13043 6.807344 0.9857437 11.11183 6.901793 1.128342 10.84601 6.899005 1.09327 10.83726 6.81157 -0.02177852 10.72162 6.565815 0.2725734 6.949905 6.048857 -0.04306224 10.7409 6.503156 -0.04306224 10.7409 6.503156 0.1460096 10.97758 6.647446 0.1884694 11.05027 6.609253 0.4034398 11.05195 6.725159 0.4693413 11.09728 6.688948 0.7086007 10.95539 6.755937 1.577693 10.50693 -6.778039 1.205921 6.74665 -6.380854 1.614065 10.48504 -6.843771 1.614065 10.48504 -6.843771 1.708286 10.69731 -6.807224 1.775171 10.69278 -6.876743 1.940647 10.80254 -6.857808 2.15713 10.7606 -6.907481 2.171865 10.80841 -6.847746 2.376176 10.62893 -6.906059 2.448897 10.61863 -6.843349 2.492568 10.39172 -6.886622 2.538872 10.40482 -6.824925 1.593505 10.45162 -7.221554 1.752327 10.65071 -7.253419 1.992929 10.73355 -7.277264 2.353333 10.58686 -7.282738 2.469208 10.35858 -7.264269 2.212226 10.7196 -7.330238 1.276568 10.59489 -6.854279 0.9132462 6.78102 -6.342759 1.339191 10.56837 -6.77044 1.339191 10.56837 -6.77044 1.54179 10.88109 -6.817654 1.430945 10.86958 -6.894319 1.733014 11.06916 -6.934932 1.959365 11.06943 -6.864012 2.230405 11.10415 -6.969004 2.410026 10.97667 -6.880982 2.655426 10.84123 -6.965411 2.721637 10.63824 -6.86208 2.842061 10.44437 -6.932405 2.79383 10.25406 -6.823546 1.319669 10.55418 -7.282372 0.8661947 6.734178 -6.780574 1.260015 10.5723 -7.1961 1.260015 10.5723 -7.1961 1.410334 10.83162 -7.23418 1.579318 10.87966 -7.33447 1.608191 10.99147 -7.264033 1.84639 11.08229 -7.288623 2.016681 11.0173 -7.376367 2.101615 11.09519 -7.305544 2.348883 11.02891 -7.313131 2.453504 10.87216 -7.386646 2.563988 10.88993 -7.310656 2.725876 10.69185 -7.298353 2.722936 10.49966 -7.361378 2.82145 10.40641 -7.272265 1.593505 10.45162 -7.221554 1.171779 6.699524 -6.809882 1.54198 10.43144 -7.282144 1.54198 10.43144 -7.282144 1.677569 10.64074 -7.313742 1.752327 10.65071 -7.253419 1.986487 10.76827 -7.346718 1.992929 10.73355 -7.277264 2.212226 10.7196 -7.330238 2.418179 10.56205 -7.349867 2.353333 10.58686 -7.282738 2.469208 10.35858 -7.264269 2.509283 10.32868 -7.329327 0.5927128 10.86929 7.095176 0.2675514 10.99634 7.030007 0.710436 10.67253 7.09626 1.066912 6.944777 6.650715 0.710436 10.67253 7.09626 0.1582553 6.894261 6.408057 -0.1757506 10.6427 6.900025 -0.02522479 10.87288 6.93582 3.321121 10.42616 6.39595 3.382639 10.21139 6.44257 3.368037 10.30016 6.498321 3.183636 10.59385 6.358771 2.946489 10.66189 6.233921 3.022305 10.61874 6.211696 2.796815 10.53542 6.083996 2.707931 10.54226 6.100382 2.611944 10.33867 6.028602 2.95013 6.46545 6.396972 3.180284 6.434211 6.558264 3.368037 10.30016 6.498321 3.587957 10.08537 6.637551 3.541828 10.47184 6.591413 3.368037 10.30016 6.498321 3.183636 10.59385 6.358771 3.294972 10.81347 6.430142 2.946489 10.66189 6.233921 3.08538 10.94691 6.256901 2.735153 10.84853 6.101106 2.707931 10.54226 6.100382 2.523523 10.69082 5.952135 2.389817 10.40832 5.921041 2.611944 10.33867 6.028602 1.911467 6.605342 5.807962 2.611944 10.33867 6.028602 2.168237 6.570908 5.934608 2.140932 6.586721 5.478737 1.911467 6.605342 5.807962 2.390033 10.44065 5.831393 2.584785 10.43987 5.58569 2.390033 10.44065 5.831393 2.523523 10.69082 5.952135 2.719154 10.69977 5.651358 2.786718 10.91508 6.039782 2.889452 10.85947 5.743001 3.210431 10.95618 5.925864 3.08538 10.94691 6.256901 3.315858 10.90968 6.349411 3.50668 10.89349 6.102176 3.545443 10.68153 6.494955 3.680511 10.75277 6.210785 3.807953 10.55292 6.295207 3.686271 10.28176 6.597118 3.877094 10.26558 6.349884 2.402645 6.551336 5.618253 2.140932 6.586721 5.478737 2.63446 10.22821 5.537061 2.885812 10.35128 5.677908 2.63446 10.22821 5.537061 2.769801 10.59019 5.598233 3.143059 10.61772 5.815092 3.089 10.85548 5.771693 3.390891 10.61618 5.960063 3.470997 10.84929 5.995335 3.689293 10.70036 6.130349 3.593834 10.43701 6.087601 3.849881 10.36513 6.240864 3.634446 10.20574 6.152869 3.443584 6.411026 6.249046 3.197941 6.444071 6.088542 3.849881 10.36513 6.240864 3.634446 10.20574 6.152869 3.180284 6.434211 6.558264 3.443584 6.411026 6.249046 3.686271 10.28176 6.597118 3.877094 10.26558 6.349884 1.066912 6.944777 6.650715 1.343037 6.957861 6.746124 0.6975235 10.75162 7.164758 0.994547 10.58586 7.216866 0.8558042 10.95254 7.235711 0.6975235 10.75162 7.164758 0.4258282 11.00531 7.132332 0.4998892 11.23636 7.18599 0.1393711 11.02078 7.060521 0.2188123 11.33258 7.084284 -0.1416336 11.16086 7.008725 -0.109916 10.85053 6.9706 -0.359083 10.9711 6.890416 -0.4339674 10.66531 6.859098 -0.1757506 10.6427 6.900025 -0.1314875 6.875884 6.35235 -0.1757506 10.6427 6.900025 0.1582553 6.894261 6.408057 -0.03178634 6.931214 5.985457 -0.1314875 6.875884 6.35235 -0.4711154 10.70236 6.777964 -0.3734829 10.76252 6.497941 -0.4711154 10.70236 6.777964 -0.359083 10.9711 6.890416 -0.2795758 11.04148 6.563888 -0.1283214 11.24124 6.947115 -0.1225665 11.23007 6.63267 0.08516335 11.35709 6.705385 0.2188123 11.33258 7.084284 0.3232787 11.41012 6.774915 0.4718354 11.33956 7.117086 0.5684721 11.38396 6.834453 0.7827935 11.16269 7.17114 0.7967418 11.28118 6.878172 0.9857437 11.11183 6.901793 1.031705 10.80161 7.181638 1.128342 10.84601 6.899005 0.2725734 6.949905 6.048857 -0.03178634 6.931214 5.985457 -0.3000161 10.57205 6.411459 -0.04306224 10.7409 6.503156 -0.3000161 10.57205 6.411459 -0.2278686 10.95045 6.486623 0.1884694 11.05027 6.609253 0.07404318 11.27084 6.612576 0.4693413 11.09728 6.688948 0.5078231 11.33959 6.735081 0.9077819 11.13043 6.807344 0.7086007 10.95539 6.755937 1.09327 10.83726 6.81157 0.8472036 10.74402 6.760243 1.489922 7.015815 6.39183 1.196806 7.001287 6.295674 1.09327 10.83726 6.81157 0.8472036 10.74402 6.760243 1.343037 6.957861 6.746124 1.489922 7.015815 6.39183 1.031705 10.80161 7.181638 1.128342 10.84601 6.899005 2.150644 6.646283 -6.426934 2.446297 6.61815 -6.417537 2.538872 10.40482 -6.824925 2.79383 10.25406 -6.823546 2.721637 10.63824 -6.86208 2.538872 10.40482 -6.824925 2.448897 10.61863 -6.843349 2.410026 10.97667 -6.880982 2.171865 10.80841 -6.847746 1.959365 11.06943 -6.864012 1.940647 10.80254 -6.857808 1.54179 10.88109 -6.817654 1.708286 10.69731 -6.807224 1.339191 10.56837 -6.77044 1.577693 10.50693 -6.778039 0.9132462 6.78102 -6.342759 1.577693 10.50693 -6.778039 1.205921 6.74665 -6.380854 0.8661947 6.734178 -6.780574 0.9132462 6.78102 -6.342759 1.276568 10.59489 -6.854279 1.260015 10.5723 -7.1961 1.276568 10.59489 -6.854279 1.430945 10.86958 -6.894319 1.410334 10.83162 -7.23418 1.733014 11.06916 -6.934932 1.608191 10.99147 -7.264033 1.84639 11.08229 -7.288623 2.230405 11.10415 -6.969004 2.101615 11.09519 -7.305544 2.348883 11.02891 -7.313131 2.655426 10.84123 -6.965411 2.563988 10.88993 -7.310656 2.725876 10.69185 -7.298353 2.842061 10.44437 -6.932405 2.82145 10.40641 -7.272265 1.171779 6.699524 -6.809882 0.8661947 6.734178 -6.780574 1.319669 10.55418 -7.282372 1.54198 10.43144 -7.282144 1.319669 10.55418 -7.282372 1.677569 10.64074 -7.313742 1.579318 10.87966 -7.33447 1.986487 10.76827 -7.346718 2.016681 11.0173 -7.376367 2.453504 10.87216 -7.386646 2.212226 10.7196 -7.330238 2.418179 10.56205 -7.349867 2.722936 10.49966 -7.361378 2.509283 10.32868 -7.329327 2.440126 6.566967 -6.857347 2.132696 6.597437 -6.856752 2.722936 10.49966 -7.361378 2.509283 10.32868 -7.329327 2.446297 6.61815 -6.417537 2.440126 6.566967 -6.857347 2.842061 10.44437 -6.932405 2.82145 10.40641 -7.272265 2.376176 10.62893 -6.906059 2.15713 10.7606 -6.907481 2.492568 10.39172 -6.886622 2.150644 6.646283 -6.426934 2.492568 10.39172 -6.886622 1.205921 6.74665 -6.380854 1.614065 10.48504 -6.843771 1.775171 10.69278 -6.876743 1.940647 10.80254 -6.857808 3.634446 10.20574 6.152869 3.197941 6.444071 6.088542 3.306921 10.59093 5.980915 2.402645 6.551336 5.618253 2.881014 10.3369 5.744509 0.8472036 10.74402 6.760243 1.196806 7.001287 6.295674 0.4034398 11.05195 6.725159 0.2725734 6.949905 6.048857 -0.02177852 10.72162 6.565815 2.469208 10.35858 -7.264269 2.132696 6.597437 -6.856752 1.992929 10.73355 -7.277264 1.171779 6.699524 -6.809882 1.593505 10.45162 -7.221554 0.5927128 10.86929 7.095176 0.710436 10.67253 7.09626 0.6975235 10.75162 7.164758 0.4258282 11.00531 7.132332 0.2675514 10.99634 7.030007 0.1393711 11.02078 7.060521 -0.02522479 10.87288 6.93582 -0.109916 10.85053 6.9706 -0.1757506 10.6427 6.900025 3.321121 10.42616 6.39595 3.022305 10.61874 6.211696 3.382639 10.21139 6.44257 3.183636 10.59385 6.358771 2.95013 6.46545 6.396972 3.382639 10.21139 6.44257 2.168237 6.570908 5.934608 2.611944 10.33867 6.028602 2.796815 10.53542 6.083996</float_array>
          <technique_common>
            <accessor source="#GsBourbonBM1__GsBourbonBC-position-array" count="1047" stride="3">
              <param name="X" type="float" />
              <param name="Y" type="float" />
              <param name="Z" type="float" />
            </accessor>
          </technique_common>
        </source>
        <source id="GsBourbonBM1__GsBourbonBC-normal">
          <float_array id="GsBourbonBM1__GsBourbonBC-normal-array" count="3141">-0.2728594 0.02326708 0.4663992 -0.2728594 0.02326708 0.4663992 -0.2728594 0.02326708 0.4663992 -0.2728594 0.02326708 0.4663992 -0.2728594 0.02326708 0.4663992 -0.2728594 0.02326708 0.4663992 -0.2728594 0.02326708 0.4663992 -0.2728594 0.02326708 0.4663992 -0.2728594 0.02326708 0.4663992 -0.2728594 0.02326708 0.4663992 -0.2728594 0.02326708 0.4663992 -0.2728594 0.02326708 0.4663992 -0.2728594 0.02326708 0.4663992 -0.2728594 0.02326708 0.4663992 -0.2728594 0.02326708 0.4663992 -0.2728594 0.02326708 0.4663992 -0.2728594 0.02326708 0.4663992 -0.2728594 0.02326708 0.4663992 -0.2728594 0.02326708 0.4663992 -0.2728594 0.02326708 0.4663992 -0.2728594 0.02326708 0.4663992 -0.2728594 0.02326708 0.4663992 -0.2728594 0.02326708 0.4663992 -0.2728594 0.02326708 0.4663992 -0.2728594 0.02326708 0.4663992 -0.2728594 0.02326708 0.4663992 -0.5362004 0.06345567 -0.004230378 -0.5362004 0.06345567 -0.004230378 -0.537258 0.06134048 -0.004230378 -0.537258 0.06134048 -0.004230378 -0.5351428 -0.07508921 0.004230378 -0.5351428 -0.07826199 0.005287972 -0.498127 -0.2062309 0.04018859 -0.4949542 -0.2115189 0.04230378 -0.4272682 -0.3151631 0.09941388 -0.4219802 -0.3215087 0.1047019 -0.3299695 -0.3902524 0.1755607 -0.3225663 -0.3944828 0.1819063 -0.2157493 -0.4219802 0.2591106 -0.2072885 -0.4230378 0.2654562 -0.09835629 -0.4082315 0.3405454 -0.09201072 -0.4061163 0.3447758 0.007403161 -0.352179 0.4092891 0.01163354 -0.3490062 0.4124618 0.09306832 -0.2643986 0.4621688 0.09518351 -0.2612258 0.4632264 0.151236 -0.1544088 0.4949542 0.1522936 -0.1522936 0.4960118 0.1808487 -0.03490062 0.5087029 0.1808487 -0.03384302 0.5087029 0.1808487 -0.03172784 0.5087029 0.1808487 -0.03172784 0.5087029 -0.5351428 0.06345567 0.04441897 -0.5351428 0.06345567 0.04441897 -0.5340852 0.06768604 0.04441897 -0.5340852 0.06662845 0.04441897 -0.5023574 0.1893094 0.06028289 -0.5012998 0.1935398 0.06134048 -0.4389017 0.2982416 0.1004715 -0.4346713 0.3035296 0.1036443 -0.3500638 0.3796764 0.1618119 -0.3426606 0.3828492 0.1660423 -0.2432467 0.4209226 0.234786 -0.2358436 0.4230378 0.2400739 -0.1321993 0.4209226 0.3119904 -0.1258537 0.4188074 0.3172784 -0.02961265 0.3786188 0.3839068 -0.02538227 0.375446 0.3870796 0.05499491 0.302472 0.4441897 0.0571101 0.3003568 0.4463049 0.1142202 0.2030581 0.4875511 0.1142202 0.200943 0.4886087 0.1438328 0.08989553 0.5129333 0.1438328 0.08883794 0.5129333 0.1448904 -0.02326708 0.5203365 0.1448904 -0.02432467 0.5203365 0.1448904 -0.02749746 0.5203365 0.1448904 -0.02749746 0.5203365 -0.4230378 0.0571101 -0.3310271 -0.4230378 0.0571101 -0.3310271 -0.4230378 0.06239808 -0.3310271 -0.4230378 0.06239808 -0.3310271 -0.3870796 0.2115189 -0.3119904 -0.3849644 0.2157493 -0.3119904 -0.3141056 0.3500638 -0.2654562 -0.3098752 0.3564093 -0.2622834 -0.2104613 0.458996 -0.1924822 -0.2020005 0.4653416 -0.1861366 -0.08143478 0.5256245 -0.09729869 -0.07085884 0.5287973 -0.08883794 0.0581677 0.537258 0.00951835 0.06980123 0.5351428 0.0190367 0.1924822 0.4917814 0.1163354 0.2020005 0.4854358 0.1237386 0.3035296 0.3944828 0.2083461 0.3098752 0.3870796 0.2136341 0.3828492 0.2612258 0.2781473 0.3849644 0.2548803 0.2802625 0.4230378 0.1057594 0.3193935 0.4230378 0.1025867 0.3204511 0.4240954 -0.05182213 0.3310271 0.4240954 -0.05182213 0.3310271 0.4240954 -0.0571101 0.3310271 0.4240954 -0.0571101 0.3310271 -0.1448904 0.02749746 -0.5203365 -0.1448904 0.02749746 -0.5203365 -0.1438328 0.03172784 -0.5203365 -0.1438328 0.03172784 -0.5203365 -0.117393 0.1406601 -0.5087029 -0.1163354 0.1417177 -0.5076454 -0.06239808 0.2432467 -0.4790903 -0.06028289 0.2443043 -0.4780327 0.01692151 0.3246815 -0.4314986 0.0200943 0.3267967 -0.430441 0.1152778 0.3765036 -0.3701581 0.1205658 0.3786188 -0.3669853 0.2231524 0.3923675 -0.2971841 0.2305556 0.3923675 -0.2918961 0.3310271 0.3659277 -0.2199797 0.3384302 0.3627549 -0.2146917 0.425153 0.2992992 -0.1480632 0.430441 0.2929537 -0.1438328 0.4949542 0.1967126 -0.08989553 0.498127 0.1914246 -0.08778035 0.5330276 0.07191642 -0.05393732 0.5330276 0.06874365 -0.05287972 0.5351428 -0.05922529 -0.04441897 0.5351428 -0.0581677 -0.04441897 0.5351428 -0.06239808 -0.04441897 0.5351428 -0.06239808 -0.04441897 -0.1808487 0.03172784 -0.5087029 -0.1808487 0.03172784 -0.5087029 -0.1808487 0.02961265 -0.5087029 -0.1808487 0.02855505 -0.5087029 -0.1808487 -0.09201072 -0.5002422 -0.1808487 -0.09412591 -0.5002422 -0.1501784 -0.2125765 -0.4738023 -0.1491208 -0.2157493 -0.4727447 -0.09095313 -0.318336 -0.4272682 -0.08778035 -0.3215087 -0.425153 -0.003172783 -0.3997707 -0.3638125 0.002115189 -0.4029435 -0.3595821 0.1036443 -0.4463049 -0.2866081 0.1110474 -0.44842 -0.2813201 0.2210372 -0.4494776 -0.2030581 0.2284404 -0.44842 -0.1977702 0.3341999 -0.4061163 -0.1237386 0.341603 -0.4018859 -0.1184506 0.4314986 -0.3204511 -0.0571101 0.4357289 -0.3151631 -0.05393732 0.5012998 -0.2020005 -0.01269113 0.5023574 -0.1977702 -0.01163354 0.5362004 -0.06662845 0.004230378 0.5362004 -0.06662845 0.004230378 0.5362004 -0.06451327 0.004230378 0.5362004 -0.06451327 0.004230378 -0.1343145 -0.0772044 0.5182213 -0.1343145 -0.0772044 0.5182213 -0.1343145 -0.0772044 0.5182213 -0.1343145 -0.0772044 0.5182213 -0.1343145 -0.0772044 0.5182213 -0.1343145 -0.0772044 0.5182213 -0.1343145 -0.0772044 0.5182213 -0.1343145 -0.0772044 0.5182213 -0.1343145 -0.0772044 0.5182213 -0.1343145 -0.0772044 0.5182213 -0.1343145 -0.0772044 0.5182213 -0.1343145 -0.0772044 0.5182213 -0.1343145 -0.0772044 0.5182213 -0.1343145 -0.0772044 0.5182213 -0.1343145 -0.0772044 0.5182213 -0.1343145 -0.0772044 0.5182213 -0.1343145 -0.0772044 0.5182213 -0.1343145 -0.0772044 0.5182213 -0.1343145 -0.0772044 0.5182213 -0.1343145 -0.0772044 0.5182213 -0.1343145 -0.0772044 0.5182213 -0.1343145 -0.0772044 0.5182213 -0.1343145 -0.0772044 0.5182213 -0.1343145 -0.0772044 0.5182213 -0.1343145 -0.0772044 0.5182213 -0.1343145 -0.0772044 0.5182213 -0.5076454 -0.06768604 0.1734455 -0.5076454 -0.06768604 0.1734455 -0.5076454 -0.06980123 0.1723879 -0.5076454 -0.06980123 0.1723879 -0.4748599 -0.200943 0.1618119 -0.4738023 -0.2020005 0.1618119 -0.4029435 -0.3193935 0.1660423 -0.4008283 -0.3215087 0.1660423 -0.3003568 -0.4103467 0.1840214 -0.2961265 -0.4124618 0.185079 -0.1755607 -0.4632264 0.2146917 -0.1713303 -0.4653416 0.2157493 -0.04441897 -0.4748599 0.2538227 -0.039131 -0.4748599 0.2559379 0.08143478 -0.4431321 0.2982416 0.08566516 -0.4410169 0.2992992 0.1882518 -0.3733309 0.341603 0.1914246 -0.3712157 0.3437182 0.2665138 -0.273917 0.3817916 0.268629 -0.2718018 0.3828492 0.3109328 -0.1554664 0.4135194 0.3109328 -0.1533512 0.414577 0.3172784 -0.02961265 0.4357289 0.3172784 -0.02961265 0.4357289 0.3172784 -0.02643986 0.4367865 0.3172784 -0.02643986 0.4367865 -0.4896663 -0.07085884 0.2168069 -0.4896663 -0.07085884 0.2168069 -0.4907238 -0.06662845 0.2168069 -0.4907238 -0.06662845 0.2168069 -0.4812055 0.05605251 0.2390164 -0.4812055 0.0581677 0.2390164 -0.4346713 0.1723879 0.2718018 -0.4325562 0.1755607 0.2728594 -0.3532366 0.2654562 0.3109328 -0.3500638 0.2675714 0.313048 -0.2464195 0.3257391 0.3532366 -0.2421891 0.3267967 0.3553517 -0.1269113 0.3479486 0.3934252 -0.122681 0.3479486 0.3955404 -0.005287972 0.3299695 0.4283258 -0.002115189 0.3289119 0.4283258 0.1047019 0.2760322 0.4526505 0.1078746 0.273917 0.4526505 0.1945974 0.1914246 0.4663992 0.195655 0.190367 0.4663992 0.2559379 0.08566516 0.4685144 0.2559379 0.08460756 0.4685144 0.2834353 -0.02855505 0.458996 0.2834353 -0.02855505 0.458996 0.2834353 -0.03172784 0.458996 0.2834353 -0.03172784 0.458996 -0.5097606 -0.02326708 -0.1776759 -0.5097606 -0.02326708 -0.1776759 -0.5097606 -0.01692151 -0.1776759 -0.5097606 -0.01692151 -0.1776759 -0.5002422 0.1396025 -0.1491208 -0.5002422 0.1427753 -0.1480632 -0.4431321 0.2908385 -0.1057594 -0.4410169 0.2940113 -0.1047019 -0.3426606 0.414577 -0.05182213 -0.3384302 0.4188074 -0.04970694 -0.2083461 0.4991846 0.007403161 -0.200943 0.5012998 0.00951835 -0.05182213 0.5340852 0.06662845 -0.04336137 0.5340852 0.06874365 0.1099898 0.5150485 0.1184506 0.117393 0.5129333 0.1205658 0.2612258 0.4452473 0.1596968 0.2665138 0.4420745 0.1607544 0.3849644 0.3320847 0.1840214 0.3881372 0.3278543 0.1840214 0.4706295 0.1861366 0.190367 0.4716871 0.1840214 0.190367 0.5087029 0.02855505 0.1787335 0.5097606 0.02855505 0.1787335 0.5097606 0.02326708 0.1776759 0.5097606 0.02326708 0.1776759 -0.2834353 0.03278543 -0.458996 -0.2834353 0.03278543 -0.458996 -0.2844929 0.03595821 -0.4579384 -0.2844929 0.03701581 -0.4579384 -0.2770898 0.151236 -0.4389017 -0.2770898 0.1522936 -0.4378441 -0.2369012 0.2622834 -0.4092891 -0.2358436 0.263341 -0.4092891 -0.1639272 0.3542942 -0.3733309 -0.1618119 0.3564093 -0.3733309 -0.06557086 0.419865 -0.3341999 -0.06134048 0.4209226 -0.3331423 0.05076453 0.4505352 -0.2940113 0.05499491 0.4505352 -0.2929537 0.1734455 0.4420745 -0.2580531 0.1787335 0.4410169 -0.2569955 0.2908385 0.3934252 -0.229498 0.2950689 0.3913099 -0.2284404 0.3891948 0.3098752 -0.2115189 0.3913099 0.3067024 -0.2104613 0.4579384 0.1977702 -0.2062309 0.458996 0.1967126 -0.2062309 0.4896663 0.07508921 -0.2157493 0.4896663 0.0761468 -0.2157493 0.4896663 0.07191642 -0.2168069 0.4896663 0.07191642 -0.2168069 -0.3172784 0.02643986 -0.4367865 -0.3172784 0.02643986 -0.4367865 -0.3172784 0.02432467 -0.4367865 -0.3172784 0.02432467 -0.4367865 -0.2887233 -0.09835629 -0.4463049 -0.2876657 -0.1004715 -0.4463049 -0.2252676 -0.2115189 -0.4431321 -0.2231524 -0.2136341 -0.4431321 -0.1311417 -0.302472 -0.4283258 -0.1279689 -0.3045872 -0.4272682 -0.01374873 -0.3616973 -0.4008283 -0.00951835 -0.3627549 -0.3997707 0.1152778 -0.3817916 -0.3638125 0.1205658 -0.3817916 -0.3627549 0.2443043 -0.3595821 -0.3204511 0.2495923 -0.3585245 -0.318336 0.3595821 -0.2961265 -0.2749746 0.3627549 -0.2929537 -0.2728594 0.4473625 -0.195655 -0.2316132 0.44842 -0.1935398 -0.2305556 0.498127 -0.07085884 -0.195655 0.4991846 -0.06874365 -0.195655 0.5076454 0.06451327 -0.1734455 0.5076454 0.06451327 -0.1734455 0.5076454 0.06662845 -0.1734455 0.5076454 0.06662845 -0.1734455 0.03278543 0.06028289 0.5362004 0.03278543 0.06028289 0.5362004 0.03278543 0.06028289 0.5362004 0.03278543 0.06028289 0.5362004 0.03278543 0.06028289 0.5362004 0.03278543 0.06028289 0.5362004 0.03278543 0.06028289 0.5362004 0.03278543 0.06028289 0.5362004 0.03278543 0.06028289 0.5362004 0.03278543 0.06028289 0.5362004 0.03278543 0.06028289 0.5362004 0.03278543 0.06028289 0.5362004 0.03278543 0.06028289 0.5362004 0.03278543 0.06028289 0.5362004 0.03278543 0.06028289 0.5362004 0.03278543 0.06028289 0.5362004 0.03278543 0.06028289 0.5362004 0.03278543 0.06028289 0.5362004 0.03278543 0.06028289 0.5362004 0.03278543 0.06028289 0.5362004 0.03278543 0.06028289 0.5362004 0.03278543 0.06028289 0.5362004 0.03278543 0.06028289 0.5362004 0.03278543 0.06028289 0.5362004 0.03278543 0.06028289 0.5362004 0.03278543 0.06028289 0.5362004 -0.4029435 0.08249237 0.3511214 -0.4029435 0.08249237 0.3511214 -0.4018859 0.08672275 0.3500638 -0.4018859 0.08566516 0.3500638 -0.3691005 0.2094037 0.3341999 -0.3691005 0.2094037 0.3341999 -0.2971841 0.3204511 0.3172784 -0.2971841 0.3204511 0.3172784 -0.1945974 0.4040011 0.302472 -0.1945974 0.4040011 0.302472 -0.07085884 0.4505352 0.2897809 -0.07085884 0.4505352 0.2897809 0.06239808 0.4579384 0.2802625 0.06239808 0.4579384 0.2802625 0.1914246 0.4230378 0.2770898 0.1914246 0.4230378 0.2770898 0.302472 0.3511214 0.2781473 0.302472 0.3511214 0.2781473 0.3870796 0.2474771 0.2844929 0.3870796 0.2474771 0.2844929 0.4357289 0.1237386 0.2950689 0.4357289 0.1237386 0.2950689 0.4431321 -0.003172783 0.3088176 0.4431321 -0.004230378 0.3088176 0.4431321 -0.007403161 0.3098752 0.4431321 -0.007403161 0.3098752 -0.537258 0.0571101 0.02643986 -0.537258 0.0571101 0.02643986 -0.5362004 0.06239808 0.02538227 -0.5362004 0.06239808 0.02538227 -0.4938966 0.2189221 0.005287972 -0.4938966 0.2189221 0.005287972 -0.4029435 0.3595821 -0.01586392 -0.4029435 0.3595821 -0.01586392 -0.2718018 0.4653416 -0.03595821 -0.2718018 0.4653416 -0.03595821 -0.1152778 0.5256245 -0.05182213 -0.1152778 0.5256245 -0.05182213 0.05393732 0.5340852 -0.06239808 0.05393732 0.5340852 -0.06239808 0.2168069 0.4907238 -0.06768604 0.2168069 0.4907238 -0.06768604 0.3585245 0.3987131 -0.06662845 0.3585245 0.3987131 -0.06662845 0.4653416 0.2675714 -0.0581677 0.4653416 0.2675714 -0.0581677 0.526682 0.1110474 -0.04441897 0.526682 0.1110474 -0.04441897 0.537258 -0.05076453 -0.02643986 0.537258 -0.05076453 -0.02643986 0.537258 -0.0571101 -0.02643986 0.537258 -0.0571101 -0.02643986 -0.4431321 0.008460755 -0.3098752 -0.4431321 0.008460755 -0.3098752 -0.4420745 0.01163354 -0.3098752 -0.4420745 0.01269113 -0.3098752 -0.4092891 0.1353721 -0.3257391 -0.4092891 0.1353721 -0.3257391 -0.3373726 0.2464195 -0.3426606 -0.3373726 0.2464195 -0.3426606 -0.234786 0.3299695 -0.3585245 -0.234786 0.3299695 -0.3585245 -0.1099898 0.3775612 -0.3712157 -0.1099898 0.3775612 -0.3712157 0.02220948 0.3839068 -0.3796764 0.02220948 0.3839068 -0.3796764 0.151236 0.3490062 -0.3839068 0.151236 0.3490062 -0.3839068 0.2622834 0.2770898 -0.3828492 0.2622834 0.2770898 -0.3828492 0.346891 0.1745031 -0.375446 0.346891 0.1745031 -0.375446 0.3955404 0.05076453 -0.3648701 0.3955404 0.05076453 -0.3648701 0.4029435 -0.0772044 -0.3511214 0.4029435 -0.0772044 -0.3511214 0.4029435 -0.08143478 -0.3511214 0.4029435 -0.08143478 -0.3511214 0.4293834 -0.08037718 -0.318336 0.4293834 -0.08037718 -0.318336 0.4293834 -0.08354997 -0.318336 0.4293834 -0.08354997 -0.3172784 0.3944828 -0.2157493 -0.3003568 0.3944828 -0.2157493 -0.2992992 0.318336 -0.3331423 -0.2813201 0.318336 -0.3341999 -0.2813201 0.2094037 -0.4219802 -0.2643986 0.2094037 -0.4219802 -0.2643986 0.07826199 -0.4727447 -0.2506499 0.07826199 -0.4727447 -0.2506499 -0.06239808 -0.4801479 -0.2411315 -0.06239808 -0.4801479 -0.2411315 -0.1988278 -0.4431321 -0.2369012 -0.1998854 -0.4431321 -0.2369012 -0.318336 -0.3659277 -0.2390164 -0.318336 -0.3659277 -0.2390164 -0.4071739 -0.2569955 -0.2464195 -0.4071739 -0.2559379 -0.2464195 -0.4579384 -0.1258537 -0.2580531 -0.4579384 -0.1247962 -0.2580531 -0.4653416 0.01163354 -0.273917 -0.4653416 0.01163354 -0.273917 -0.4653416 0.01374873 -0.2749746 -0.4653416 0.01374873 -0.2749746 0.2728594 -0.02326708 -0.4663992 0.2728594 -0.02326708 -0.4663992 0.2728594 -0.02326708 -0.4663992 0.2728594 -0.02326708 -0.4663992 0.2728594 -0.02326708 -0.4663992 0.2728594 -0.02326708 -0.4663992 0.2728594 -0.02326708 -0.4663992 0.2728594 -0.02326708 -0.4663992 0.2728594 -0.02326708 -0.4663992 0.2728594 -0.02326708 -0.4663992 0.2728594 -0.02326708 -0.4663992 0.2728594 -0.02326708 -0.4663992 0.2728594 -0.02326708 -0.4663992 0.2728594 -0.02326708 -0.4663992 0.2728594 -0.02326708 -0.4663992 0.2728594 -0.02326708 -0.4663992 0.2728594 -0.02326708 -0.4663992 0.2728594 -0.02326708 -0.4663992 0.2728594 -0.02326708 -0.4663992 0.2728594 -0.02326708 -0.4663992 0.2728594 -0.02326708 -0.4663992 0.2728594 -0.02326708 -0.4663992 0.2728594 -0.02326708 -0.4663992 0.2728594 -0.02326708 -0.4663992 0.2728594 -0.02326708 -0.4663992 0.2728594 -0.02326708 -0.4663992 0.1343145 0.0772044 -0.5182213 0.1343145 0.0772044 -0.5182213 0.1343145 0.0772044 -0.5182213 0.1343145 0.0772044 -0.5182213 0.1343145 0.0772044 -0.5182213 0.1343145 0.0772044 -0.5182213 0.1343145 0.0772044 -0.5182213 0.1343145 0.0772044 -0.5182213 0.1343145 0.0772044 -0.5182213 0.1343145 0.0772044 -0.5182213 0.1343145 0.0772044 -0.5182213 0.1343145 0.0772044 -0.5182213 0.1343145 0.0772044 -0.5182213 0.1343145 0.0772044 -0.5182213 0.1343145 0.0772044 -0.5182213 0.1343145 0.0772044 -0.5182213 0.1343145 0.0772044 -0.5182213 0.1343145 0.0772044 -0.5182213 0.1343145 0.0772044 -0.5182213 0.1343145 0.0772044 -0.5182213 0.1343145 0.0772044 -0.5182213 0.1343145 0.0772044 -0.5182213 0.1343145 0.0772044 -0.5182213 0.1343145 0.0772044 -0.5182213 0.1343145 0.0772044 -0.5182213 0.1343145 0.0772044 -0.5182213 -0.4293834 0.08037718 0.318336 -0.4293834 0.08037718 0.318336 -0.4293834 0.0772044 0.318336 -0.4293834 0.07826199 0.318336 -0.4219802 -0.05922529 0.3320847 -0.4219802 -0.06028289 0.3320847 -0.3712157 -0.190367 0.3426606 -0.3712157 -0.1914246 0.3426606 -0.2823777 -0.3003568 0.3490062 -0.2823777 -0.3003568 0.3490062 -0.1639272 -0.3775612 0.3500638 -0.1639272 -0.3775612 0.3500638 -0.02749746 -0.414577 0.3458334 -0.02749746 -0.414577 0.3458334 0.1142202 -0.4071739 0.3373726 0.1142202 -0.4071739 0.3373726 0.2453619 -0.3564093 0.3236239 0.2453619 -0.3564093 0.3236239 0.3542942 -0.268629 0.30776 0.3542942 -0.2675714 0.30776 0.430441 -0.1501784 0.2908385 0.430441 -0.1501784 0.2908385 0.4653416 -0.01797911 0.2749746 0.4653416 -0.01692151 0.2749746 0.4653416 -0.01480632 0.2749746 0.4653416 -0.01480632 0.2749746 -0.03278543 -0.06028289 -0.5362004 -0.03278543 -0.06028289 -0.5362004 -0.03278543 -0.06028289 -0.5362004 -0.03278543 -0.06028289 -0.5362004 -0.03278543 -0.06028289 -0.5362004 -0.03278543 -0.06028289 -0.5362004 -0.03278543 -0.06028289 -0.5362004 -0.03278543 -0.06028289 -0.5362004 -0.03278543 -0.06028289 -0.5362004 -0.03278543 -0.06028289 -0.5362004 -0.03278543 -0.06028289 -0.5362004 -0.03278543 -0.06028289 -0.5362004 -0.03278543 -0.06028289 -0.5362004 -0.03278543 -0.06028289 -0.5362004 -0.03278543 -0.06028289 -0.5362004 -0.03278543 -0.06028289 -0.5362004 -0.03278543 -0.06028289 -0.5362004 -0.03278543 -0.06028289 -0.5362004 -0.03278543 -0.06028289 -0.5362004 -0.03278543 -0.06028289 -0.5362004 -0.03278543 -0.06028289 -0.5362004 -0.03278543 -0.06028289 -0.5362004 -0.03278543 -0.06028289 -0.5362004 -0.03278543 -0.06028289 -0.5362004 -0.03278543 -0.06028289 -0.5362004 -0.03278543 -0.06028289 -0.5362004 0.2728594 -0.02326708 -0.4663992 0.2728594 -0.02326708 -0.4663992 0.2728594 -0.02326708 -0.4663992 0.2728594 -0.02326708 -0.4663992 0.2728594 -0.02326708 -0.4663992 0.2728594 -0.02326708 -0.4663992 0.2728594 -0.02326708 -0.4663992 0.2728594 -0.02326708 -0.4663992 0.2728594 -0.02326708 -0.4663992 0.2728594 -0.02326708 -0.4663992 0.2728594 -0.02326708 -0.4663992 0.2728594 -0.02326708 -0.4663992 0.2728594 -0.02326708 -0.4663992 0.2728594 -0.02326708 -0.4663992 -0.2728594 0.02326708 0.4663992 -0.2728594 0.02326708 0.4663992 -0.2728594 0.02326708 0.4663992 -0.2728594 0.02326708 0.4663992 -0.2728594 0.02326708 0.4663992 -0.2728594 0.02326708 0.4663992 -0.2728594 0.02326708 0.4663992 -0.2728594 0.02326708 0.4663992 -0.2728594 0.02326708 0.4663992 -0.2728594 0.02326708 0.4663992 -0.2728594 0.02326708 0.4663992 -0.2728594 0.02326708 0.4663992 -0.2728594 0.02326708 0.4663992 -0.2728594 0.02326708 0.4663992 0.1343145 0.0772044 -0.5182213 0.1343145 0.0772044 -0.5182213 0.1343145 0.0772044 -0.5182213 0.1343145 0.0772044 -0.5182213 0.1343145 0.0772044 -0.5182213 0.1343145 0.0772044 -0.5182213 0.1343145 0.0772044 -0.5182213 0.1343145 0.0772044 -0.5182213 0.1343145 0.0772044 -0.5182213 0.1343145 0.0772044 -0.5182213 0.1343145 0.0772044 -0.5182213 0.1343145 0.0772044 -0.5182213 0.1343145 0.0772044 -0.5182213 0.1343145 0.0772044 -0.5182213 -0.1343145 -0.0772044 0.5182213 -0.1343145 -0.0772044 0.5182213 -0.1343145 -0.0772044 0.5182213 -0.1343145 -0.0772044 0.5182213 -0.1343145 -0.0772044 0.5182213 -0.1343145 -0.0772044 0.5182213 -0.1343145 -0.0772044 0.5182213 -0.1343145 -0.0772044 0.5182213 -0.1343145 -0.0772044 0.5182213 -0.1343145 -0.0772044 0.5182213 -0.1343145 -0.0772044 0.5182213 -0.1343145 -0.0772044 0.5182213 -0.1343145 -0.0772044 0.5182213 -0.1343145 -0.0772044 0.5182213 -0.03278543 -0.06028289 -0.5362004 -0.03278543 -0.06028289 -0.5362004 -0.03278543 -0.06028289 -0.5362004 -0.03278543 -0.06028289 -0.5362004 -0.03278543 -0.06028289 -0.5362004 -0.03278543 -0.06028289 -0.5362004 -0.03278543 -0.06028289 -0.5362004 -0.03278543 -0.06028289 -0.5362004 -0.03278543 -0.06028289 -0.5362004 -0.03278543 -0.06028289 -0.5362004 -0.03278543 -0.06028289 -0.5362004 -0.03278543 -0.06028289 -0.5362004 -0.03278543 -0.06028289 -0.5362004 -0.03278543 -0.06028289 -0.5362004 0.03278543 0.06028289 0.5362004 0.03278543 0.06028289 0.5362004 0.03278543 0.06028289 0.5362004 0.03278543 0.06028289 0.5362004 0.03278543 0.06028289 0.5362004 0.03278543 0.06028289 0.5362004 0.03278543 0.06028289 0.5362004 0.03278543 0.06028289 0.5362004 0.03278543 0.06028289 0.5362004 0.03278543 0.06028289 0.5362004 0.03278543 0.06028289 0.5362004 0.03278543 0.06028289 0.5362004 0.03278543 0.06028289 0.5362004 0.03278543 0.06028289 0.5362004 -0.4886087 0.05922529 -0.2220948 -0.5108181 0.008460755 -0.1755607 -0.4917814 0.05499491 -0.2168069 0.5087029 -0.05287972 -0.1745031 0.5161061 -0.02115189 -0.1607544 0.5097606 -0.04970694 -0.1723879 0.2718018 -0.04018859 0.4653416 0.1935398 0.02115189 0.5044726 0.2665138 -0.03701581 0.4685144 -0.5362004 -0.04547656 -0.04864934 -0.5298548 -0.1057594 -0.001057594 -0.5362004 -0.05076453 -0.04230378 0.4938966 0.07403161 -0.2051733 0.4917814 0.08989553 -0.2062309 0.4907238 0.09095313 -0.2083461 0.3987131 -0.00951835 0.3648701 0.3162207 0.03067024 0.4378441 0.3934252 -0.007403161 0.3701581 -0.4357289 0.07826199 0.3098752 -0.4357289 0.06557086 0.313048 -0.4346713 0.06451327 0.3141056 -0.4579384 0.00951835 -0.2866081 -0.4611112 -0.00951835 -0.2823777 -0.4600536 0.002115189 -0.2844929 0.3162207 -0.07826199 -0.4314986 0.3246815 -0.04230378 -0.430441 0.318336 -0.07508921 -0.430441 0.5108181 -0.02961265 0.1755607 0.4738023 0.04336137 0.2559379 0.5087029 -0.02538227 0.1808487 0.3236239 0.08566516 -0.4240954 0.2337284 -0.01797911 -0.4864935 0.2591106 -0.0190367 -0.4738023 0.2707442 -0.0190367 -0.4674568 0.2728594 -0.02326708 -0.4663992 -0.5330276 0.08143478 0.02749746 -0.5362004 0.06662845 0.02326708 -0.5340852 0.0761468 0.02643986 -0.5340852 0.0761468 0.02643986 -0.4367865 0.3035296 0.09518351 -0.2728594 0.4124618 0.2178645 -0.3098752 0.4050587 0.1787335 -0.1607544 0.3870796 0.341603 -0.04124618 0.3511214 0.4082315 0.01057594 0.3204511 0.4346713 0.02326708 0.234786 0.4864935 0.1607544 0.1882518 0.4801479 0.1935398 0.02115189 0.5044726 0.2665138 -0.03701581 0.4685144 -0.263341 0.04653416 -0.469572 -0.2696866 0.04441897 -0.4663992 -0.1776759 0.08037718 -0.5044726 -0.04124618 0.1924822 -0.503415 -0.1776759 0.08037718 -0.5044726 -0.01692151 0.229498 -0.4886087 0.06980123 0.2538227 -0.4716871 0.1015291 0.3564093 -0.3934252 0.2136341 0.3320847 -0.3691005 0.2781473 0.3712157 -0.2781473 0.3394878 0.3363151 -0.2527651 0.4135194 0.3056448 -0.1670999 0.4272682 0.2844929 -0.1692151 0.4843783 0.1670999 -0.1713303 0.5161061 -0.02115189 -0.1607544 0.5097606 -0.04970694 -0.1723879 0.5330276 -0.08989553 0.0190367 0.5351428 -0.06874365 0.02326708 0.53197 -0.09201072 0.0200943 0.53197 -0.09201072 0.0200943 0.341603 -0.4188074 -0.01797911 0.2580531 -0.4399593 -0.1776759 0.08354997 -0.4526505 -0.2823777 0.0190367 -0.4071739 -0.3553517 -0.1131626 -0.3267967 -0.4156346 -0.1237386 -0.2379588 -0.469572 -0.1184506 -0.1628696 -0.5012998 0.06345567 0.03067024 -0.5362004 0.09306832 0.07403161 -0.5277396 0.1184506 0.07826199 -0.5213941 0.1311417 0.08143478 -0.5182213 0.1343145 0.0772044 -0.5182213 -0.498127 -0.05287972 0.2041157 -0.498127 -0.06662845 0.1977702 -0.498127 -0.0571101 0.2020005 -0.498127 -0.0571101 0.2020005 -0.4357289 0.1766183 0.2665138 -0.2802625 0.3098752 0.3426606 -0.318336 0.2982416 0.3193935 -0.1406601 0.3056448 0.4230378 -0.00951835 0.2982416 0.4505352 0.05922529 0.2823777 0.4568808 0.09941388 0.1977702 0.492839 0.2443043 0.190367 0.4431321 0.3162207 0.03067024 0.4378441 0.3934252 -0.007403161 0.3701581 -0.3923675 0.01692151 -0.3712157 -0.3965979 0.01374873 -0.3669853 -0.3215087 0.0761468 -0.4272682 -0.2136341 0.2178645 -0.4463049 -0.3215087 0.0761468 -0.4272682 -0.1914246 0.2591106 -0.4336137 -0.1089322 0.2876657 -0.4441897 -0.06028289 0.3564093 -0.4018859 -0.0190367 0.3965979 -0.3669853 0.0571101 0.375446 -0.3839068 0.1396025 0.3987131 -0.3373726 0.1988278 0.4018859 -0.3014144 0.2495923 0.3447758 -0.3331423 0.3352575 0.3172784 -0.2802625 0.3913099 0.2538227 -0.2728594 0.4907238 0.09095313 -0.2083461 0.4917814 0.08989553 -0.2062309 0.5139909 0.04018859 -0.1618119 0.5139909 0.06134048 -0.1554664 0.5139909 0.039131 -0.1607544 0.5139909 0.039131 -0.1607544 0.3965979 -0.318336 -0.1829638 0.2823777 -0.3437182 -0.3067024 0.09201072 -0.3913099 -0.3616973 0.004230378 -0.3405454 -0.4188074 -0.04653416 -0.2929537 -0.4515928 0.4674568 -0.03067024 0.268629 0.469572 -0.01797911 0.2665138 0.4674568 -0.03172784 0.2696866 0.4674568 -0.03172784 0.2696866 0.3363151 -0.263341 0.3299695 0.2929537 -0.3373726 0.3035296 0.1184506 -0.4272682 0.3088176 -0.1279689 -0.3944828 0.346891 -0.1311417 -0.4008283 0.3373726 -0.3035296 -0.3225663 0.3098752 -0.3437182 -0.22421 0.3511214 -0.4346713 0.06451327 0.3141056 -0.4357289 0.06557086 0.313048 -0.03595821 -0.05499491 -0.5362004 -0.03278543 -0.06028289 -0.5362004 -0.03172784 -0.05605251 -0.5362004 -0.04124618 -0.08037718 -0.5330276 -0.02961265 -0.05605251 -0.537258 -0.1247962 -0.2897809 -0.4389017 -0.4071739 0.1047019 0.3394878 -0.414577 0.08460756 0.3363151 -0.4103467 0.09941388 0.3373726 -0.4103467 0.09941388 0.3373726 -0.2379588 0.352179 0.3341999 -0.2823777 0.2802625 0.3659277 -0.122681 0.3923675 0.3511214 -0.03067024 0.4970694 0.2094037 0.1057594 0.4188074 0.3246815 0.2548803 0.4325562 0.1998854 0.3067024 0.2971841 0.3310271 0.4230378 0.2284404 0.2464195 0.4738023 0.04336137 0.2559379 0.5087029 -0.02538227 0.1808487 -0.4378441 0.02855505 -0.3151631 -0.4431321 0.01163354 -0.3088176 -0.4420745 0.02220948 -0.3098752 -0.4420745 0.02220948 -0.3098752 -0.3067024 0.1861366 -0.4050587 -0.2421891 0.2601683 -0.4071739 -0.1977702 0.3035296 -0.4008283 -0.122681 0.2866081 -0.4420745 -0.03067024 0.3225663 -0.4325562 0.039131 0.3384302 -0.419865 0.09201072 0.2792049 -0.4537081 0.1871942 0.2548803 -0.4378441 0.2517075 0.2284404 -0.419865 0.2665138 0.1470056 -0.4473625 0.3246815 -0.04230378 -0.430441 0.318336 -0.07508921 -0.430441 0.4188074 -0.1025867 -0.3257391 0.419865 -0.08354997 -0.3299695 0.419865 -0.09095313 -0.3267967 0.419865 -0.09095313 -0.3267967 0.2866081 -0.3669853 -0.2749746 0.22421 -0.4410169 -0.2168069 0.04230378 -0.4854358 -0.2337284 0.04018859 -0.4801479 -0.2443043 -0.2072885 -0.4558232 -0.2051733 -0.3923675 -0.2654562 -0.2601683 -0.3585245 -0.3384302 -0.2210372 -0.4611112 -0.00951835 -0.2823777 -0.4600536 0.002115189 -0.2844929 -0.1343145 -0.0772044 0.5182213 -0.1163354 -0.07508921 0.5224517 -0.1321993 -0.07508921 0.5182213 -0.1343145 -0.07508921 0.5182213 -0.1321993 -0.07508921 0.5182213 -0.1321993 -0.07508921 0.5182213 -0.09306832 -0.0772044 0.526682 -0.1797911 0.0380734 0.5087029 -0.375446 -0.3193935 -0.2220948 -0.4917814 0.05499491 -0.2168069 -0.5108181 0.008460755 -0.1755607 -0.3067024 -0.4410169 -0.05287972 -0.1110474 -0.4029435 0.3426606 -0.1723879 -0.4389017 0.2643986 0.02961265 -0.3659277 0.3965979 0.06239808 -0.2823777 0.4558232 0.07508921 -0.2094037 0.492839 -0.30776 0.02220948 0.4431321 -0.3067024 0.02220948 0.4441897 -0.2770898 0.02326708 0.4632264 -0.273917 0.0200943 0.4653416 -0.2823777 0.02432467 0.4600536 -0.2770898 0.02326708 0.4632264 -0.2781473 -0.001057594 0.4632264 -0.2897809 0.02961265 0.4558232 -0.2622834 0.0571101 0.469572 -0.273917 0.0962411 0.4558232 -0.2760322 0.04336137 0.4632264 -0.2897809 0.03172784 0.4547656 -0.3045872 0.06345567 0.4420745 -0.234786 0.01586392 0.4864935 -0.2284404 0.01480632 0.4896663 -0.2369012 0.01586392 0.4854358 -0.2284404 0.01480632 0.4896663 -0.2369012 0.01586392 0.4854358 -0.4389017 0.0571101 -0.3109328 -0.4389017 0.0571101 -0.3098752 -0.4209226 0.0772044 -0.3310271 -0.4209226 0.07826199 -0.3299695 -0.4209226 0.0772044 -0.3310271 -0.3352575 0.3616973 -0.2210372 -0.3500638 0.3500638 -0.2168069 -0.1660423 0.5012998 -0.117393 -0.1871942 0.4833207 -0.1554664 -0.007403161 0.5404308 -0.0200943 0.003172783 0.5404308 0.01692151 0.185079 0.4938966 0.1163354 0.1840214 0.492839 0.1247962 0.3331423 0.3215087 0.2792049 0.2802625 0.3987131 0.2326708 0.375446 0.2326708 0.3109328 0.4230378 -0.03490062 0.3352575 0.425153 -0.04124618 0.3310271 0.2517075 -0.02643986 -0.4769751 0.2506499 -0.02643986 -0.4780327 0.2728594 -0.02749746 -0.4653416 0.273917 -0.02643986 -0.4653416 0.2728594 -0.02749746 -0.4653416 0.2728594 -0.02326708 -0.4663992 0.2728594 -0.02326708 -0.4663992 0.2728594 -0.02326708 -0.4663992 0.2728594 -0.02326708 -0.4663992 0.2728594 -0.02326708 -0.4663992 0.2728594 -0.02326708 -0.4663992 0.268629 -0.0380734 -0.4674568 0.2305556 -0.02326708 -0.4886087 0.2168069 -0.0190367 -0.4949542 0.2918961 -0.03067024 -0.4537081 0.2908385 -0.03067024 -0.4547656 0.2305556 -0.02326708 -0.4886087 0.2168069 -0.0190367 -0.4949542 0.4071739 -0.0571101 0.3511214 0.4082315 -0.0571101 0.3500638 0.4230378 -0.03490062 0.3352575 0.425153 -0.04124618 0.3310271 -0.1702727 -0.08460756 0.5055302 -0.1692151 -0.08460756 0.5065877 -0.1374873 -0.07931959 0.5161061 -0.1353721 -0.08037718 0.5171637 -0.1343145 -0.0772044 0.5182213 -0.1374873 -0.07931959 0.5161061 -0.1343145 -0.0772044 0.5182213 -0.1491208 -0.05076453 0.5171637 -0.1343145 -0.03278543 0.5224517 -0.1544088 0 0.5182213 -0.1438328 -0.05605251 0.5182213 -0.1575816 -0.06980123 0.5118757 -0.1829638 -0.04018859 0.5065877 -0.09412591 -0.0761468 0.526682 -0.09306832 -0.0772044 0.526682 -0.0962411 -0.0772044 0.5256245 -0.09306832 -0.0772044 0.526682 -0.0962411 -0.0772044 0.5256245 -0.5192789 -0.02961265 -0.1470056 -0.5192789 -0.02961265 -0.1459481 -0.5108181 -0.002115189 -0.1755607 -0.5108181 -0.001057594 -0.1755607 -0.5108181 -0.002115189 -0.1755607 -0.4505352 0.2929537 -0.0571101 -0.4611112 0.2760322 -0.05182213 -0.2982416 0.4494776 0.02538227 -0.3616973 0.4018859 -0.02115189 -0.1924822 0.5012998 0.0581677 -0.106817 0.5192789 0.1025867 -0.06662845 0.5277396 0.0962411 0.1269113 0.5065877 0.1374873 0.1406601 0.5023574 0.1406601 0.3246815 0.3775612 0.2094037 0.2400739 0.4452473 0.1914246 0.3934252 0.3014144 0.2157493 0.5055302 0.04547656 0.1861366 0.5076454 0.04018859 0.1797911 0.106817 0.06980123 -0.5256245 0.1047019 0.06874365 -0.5256245 0.1353721 0.07297403 -0.5182213 0.1364297 0.07403161 -0.5182213 0.1353721 0.07297403 -0.5182213 0.1343145 0.0772044 -0.5182213 0.1343145 0.0772044 -0.5182213 0.1343145 0.0772044 -0.5182213 0.1353721 0.06768604 -0.5192789 0.1343145 0.0772044 -0.5182213 0.1131626 0.04653416 -0.526682 0.117393 0.02115189 -0.526682 0.08883794 0.07191642 -0.5277396 0.08354997 0.07191642 -0.5287973 0.1639272 0.07297403 -0.5097606 0.1607544 0.07297403 -0.5108181 0.08883794 0.07191642 -0.5277396 0.08354997 0.07191642 -0.5287973 0.498127 0.01692151 0.2094037 0.498127 0.01692151 0.2083461 0.5055302 0.04547656 0.1861366 0.5076454 0.04018859 0.1797911 -0.01163354 0.0581677 0.537258 -0.00951835 0.0581677 0.537258 0.02855505 0.0571101 0.5362004 0.03067024 0.0571101 0.5362004 0.03278543 0.06028289 0.5362004 0.02855505 0.0571101 0.5362004 0.03278543 0.06028289 0.5362004 0.03278543 0.06028289 0.5362004 0.02326708 0.05182213 0.537258 0.03278543 0.02538227 0.5393732 0.03278543 0.02220948 0.5393732 0.04653416 0.05076453 0.5362004 0.05076453 0.0761468 0.5330276 0.03172784 0.0571101 0.5362004 0.03384302 0.0571101 0.5362004 0.07403161 0.04864934 0.5330276 0.03384302 0.0571101 0.5362004 0.07508921 0.04864934 0.5330276 -0.5351428 0.0581677 0.04970694 -0.5351428 0.0581677 0.05182213 -0.5351428 0.07191642 0.02326708 -0.5351428 0.07403161 0.02115189 -0.5351428 0.07191642 0.02326708 -0.3881372 0.375446 -0.01692151 -0.3987131 0.3648701 -0.005287972 -0.1607544 0.5161061 -0.007403161 -0.2844929 0.4600536 -0.001057594 -0.08037718 0.5340852 -0.008460755 0.1427753 0.5213941 -0.008460755 0.039131 0.5383156 -0.02961265 0.2485347 0.4801479 -0.02220948 0.4071739 0.3542942 -0.01163354 0.3479486 0.4124618 -0.03384302 0.4790903 0.2485347 -0.03067024 0.5393732 -0.03384302 -0.02326708 0.5383156 -0.04018859 -0.02855505 -0.0581677 -0.06345567 -0.5340852 -0.0581677 -0.06345567 -0.5330276 -0.03701581 -0.06345567 -0.5351428 -0.03490062 -0.06451327 -0.5351428 -0.03701581 -0.06345567 -0.5351428 -0.03278543 -0.06028289 -0.5362004 -0.03278543 -0.06028289 -0.5362004 -0.03067024 -0.06768604 -0.5351428 -0.03278543 -0.06028289 -0.5362004 -0.04759175 -0.06768604 -0.5340852 -0.04124618 -0.1290265 -0.5235093 -0.04653416 -0.0581677 -0.5351428 -0.02643986 -0.06451327 -0.5362004 -0.02855505 -0.06451327 -0.5362004 -0.007403161 -0.06768604 -0.5362004 -0.008460755 -0.06768604 -0.5362004 -0.02643986 -0.06451327 -0.5362004 -0.02855505 -0.06451327 -0.5362004 0.537258 -0.05605251 -0.001057594 0.537258 -0.05605251 -0.002115189 0.5393732 -0.03384302 -0.02326708 0.5383156 -0.04018859 -0.02855505 0.03278543 0.06028289 0.5362004 0.03278543 0.06134048 0.5362004 0.03490062 0.06239808 0.5351428 0.03278543 0.06239808 0.5362004 0.03490062 0.06239808 0.5351428 0.03278543 0.06239808 0.5362004 0.03067024 0.06345567 0.5362004 0.03595821 0.039131 0.5383156 0.07508921 -0.1988278 0.4970694 0.2337284 -0.01797911 -0.4864935 0.2718018 -0.0190367 -0.4663992 0.2591106 -0.0190367 -0.4738023 0.2728594 -0.0190367 -0.4663992 0.2707442 -0.0190367 -0.4674568 0.09306832 0.07403161 -0.5277396 0.1321993 0.08037718 -0.5171637 0.1184506 0.07826199 -0.5213941 0.1332569 0.08143478 -0.5171637 0.1311417 0.08143478 -0.5182213 -0.02961265 -0.05605251 -0.537258 -0.03172784 -0.05605251 -0.5362004 -0.03172784 -0.05605251 -0.5362004 -0.03172784 -0.05605251 -0.5362004 -0.03595821 -0.05499491 -0.5362004 -0.3585245 -0.4050587 0.002115189 -0.5362004 -0.05076453 -0.04230378 -0.5298548 -0.1057594 -0.001057594 -0.2146917 -0.380734 0.3172784 -0.07508921 -0.458996 0.2749746 0.02749746 -0.3965979 0.3659277 0.195655 -0.3870796 0.3225663 0.2369012 -0.2897809 0.3902524 0.2358436 -0.2220948 0.4325562 -0.2834353 0.001057594 0.4600536 -0.2569955 0.02115189 0.4748599 -0.2707442 0.02538227 0.4674568 -0.352179 -0.2115189 0.3511214 -0.2718018 0.02538227 0.4663992 -0.2707442 0.02538227 0.4674568 -0.2707442 0.02538227 0.4663992 -0.2284404 0.01480632 0.4896663 -0.2982416 0.1618119 0.4209226</float_array>
          <technique_common>
            <accessor source="#GsBourbonBM1__GsBourbonBC-normal-array" count="1047" stride="3">
              <param name="X" type="float" />
              <param name="Y" type="float" />
              <param name="Z" type="float" />
            </accessor>
          </technique_common>
        </source>
        <source id="GsBourbonBM1__GsBourbonBC-texcoord">
          <float_array id="GsBourbonBM1__GsBourbonBC-texcoord-array" count="2094">0.8948043 0.1927214 0.9396201 0.192813 0.8945144 0.812726 0.9391928 0.8131838 0.8900893 0.8390173 0.9325857 0.8524605 0.8772565 0.8627298 0.9133898 0.8878919 0.8572518 0.8815442 0.8835126 0.9160143 0.8320439 0.8936294 0.8458534 0.9340658 0.8041199 0.8977951 0.8041199 0.9402915 0.7623712 0.9340658 0.7761807 0.8936294 0.724712 0.9160143 0.7509727 0.8815442 0.6948348 0.8878919 0.7309834 0.8627298 0.6756542 0.8524605 0.7181354 0.8390173 0.6690318 0.8131838 0.7137102 0.812726 0.6686198 0.192813 0.7134356 0.1927214 0.8869917 0.1927367 0.8948043 0.1927214 0.8867323 0.8128176 0.8945144 0.812726 0.8826886 0.8368353 0.8900893 0.8390173 0.8709545 0.8585184 0.8772565 0.8627298 0.8526741 0.8757153 0.8572518 0.8815442 0.8296483 0.8867628 0.8320439 0.8936294 0.8041199 0.8905623 0.8041199 0.8977951 0.7785763 0.8867628 0.7761807 0.8936294 0.7555504 0.8757153 0.7509727 0.8815442 0.7372702 0.8585184 0.7309834 0.8627298 0.725536 0.8368353 0.7181354 0.8390173 0.7214924 0.8128176 0.7137102 0.812726 0.7134356 0.1927214 0.721233 0.1927367 0.6568093 0.192813 0.6686198 0.192813 0.6690318 0.8131838 0.6572671 0.8131838 0.6756542 0.8524605 0.6644541 0.8558938 0.6948348 0.8878919 0.6853132 0.8944076 0.724712 0.9160143 0.7177997 0.9249867 0.7623712 0.9340658 0.7587396 0.9446098 0.8041199 0.9402915 0.8041199 0.9513695 0.8458534 0.9340658 0.8495002 0.9446098 0.8835126 0.9160143 0.8904402 0.9249867 0.9133898 0.8878919 0.9229267 0.8944076 0.9325857 0.8524605 0.9437858 0.8558938 0.9391928 0.8131838 0.9509727 0.8131838 0.9514306 0.192813 0.9396201 0.192813 0.6146334 0.1927825 0.6568093 0.192813 0.6572671 0.8131838 0.6152285 0.8137636 0.6644541 0.8558938 0.6244755 0.8697948 0.6853132 0.8944076 0.6513008 0.9203479 0.7177997 0.9249867 0.6930953 0.9604639 0.7587396 0.9446098 0.7457389 0.9862211 0.8041199 0.9513695 0.8041199 0.9950866 0.8495002 0.9446098 0.8624857 0.9862211 0.8904402 0.9249867 0.9151446 0.9604639 0.9229267 0.8944076 0.9569238 0.9203479 0.9437858 0.8558938 0.9837644 0.8697948 0.9509727 0.8131838 0.9930114 0.8137636 0.9935912 0.1927825 0.9514306 0.192813 0.5916228 0.1922331 0.6029907 0.1922331 0.6025482 0.8130617 0.591226 0.8130617 0.5956359 0.8558022 0.5848631 0.852369 0.5755703 0.8943465 0.5664149 0.8878309 0.5443351 0.9249409 0.5376669 0.9159685 0.5049515 0.9445945 0.5014572 0.9340352 0.4613107 0.9513543 0.4613107 0.9402609 0.4176547 0.9445945 0.4211643 0.9340352 0.3782864 0.9249409 0.3849393 0.9159685 0.3470359 0.8943465 0.3561913 0.8878309 0.3269703 0.8558022 0.3377432 0.852369 0.320058 0.8130617 0.3313802 0.8130617 0.3309834 0.1922331 0.3196155 0.1922331 0.3740902 0.1921569 0.3815823 0.1921721 0.3743496 0.812604 0.3818418 0.8126955 0.3786069 0.8389105 0.3857328 0.8367437 0.3909667 0.8626536 0.3970092 0.8584268 0.410193 0.8814832 0.4145876 0.875639 0.4344396 0.8935683 0.4367437 0.8867018 0.4613107 0.897734 0.4613107 0.8905013 0.4881666 0.8935683 0.4858625 0.8867018 0.5124132 0.8814832 0.5080186 0.875639 0.5316548 0.8626536 0.525597 0.8584268 0.5439994 0.8389105 0.5368887 0.8367437 0.5482566 0.812604 0.5407797 0.8126955 0.5410239 0.1921721 0.5485313 0.1921569 0.8948043 0.1927214 0.9396201 0.192813 0.8945144 0.812726 0.9391928 0.8131838 0.8900893 0.8390173 0.9325857 0.8524605 0.8772565 0.8627298 0.9133898 0.8878919 0.8572518 0.8815442 0.8835126 0.9160143 0.8320439 0.8936294 0.8458534 0.9340658 0.8041199 0.8977951 0.8041199 0.9402915 0.7623712 0.9340658 0.7761807 0.8936294 0.724712 0.9160143 0.7509727 0.8815442 0.6948348 0.8878919 0.7309834 0.8627298 0.6756542 0.8524605 0.7181354 0.8390173 0.6690318 0.8131838 0.7137102 0.812726 0.6686198 0.192813 0.7134356 0.1927214 0.8869917 0.1927367 0.8948043 0.1927214 0.8867323 0.8128176 0.8945144 0.812726 0.8826886 0.8368353 0.8900893 0.8390173 0.8709545 0.8585184 0.8772565 0.8627298 0.8526741 0.8757153 0.8572518 0.8815442 0.8296483 0.8867628 0.8320439 0.8936294 0.8041199 0.8905623 0.8041199 0.8977951 0.7785763 0.8867628 0.7761807 0.8936294 0.7555504 0.8757153 0.7509727 0.8815442 0.7372702 0.8585184 0.7309834 0.8627298 0.725536 0.8368353 0.7181354 0.8390173 0.7214924 0.8128176 0.7137102 0.812726 0.7134356 0.1927214 0.721233 0.1927367 0.6568093 0.192813 0.6686198 0.192813 0.6690318 0.8131838 0.6572671 0.8131838 0.6756542 0.8524605 0.6644541 0.8558938 0.6948348 0.8878919 0.6853132 0.8944076 0.724712 0.9160143 0.7177997 0.9249867 0.7623712 0.9340658 0.7587396 0.9446098 0.8041199 0.9402915 0.8041199 0.9513695 0.8458534 0.9340658 0.8495002 0.9446098 0.8835126 0.9160143 0.8904402 0.9249867 0.9133898 0.8878919 0.9229267 0.8944076 0.9325857 0.8524605 0.9437858 0.8558938 0.9391928 0.8131838 0.9509727 0.8131838 0.9514306 0.192813 0.9396201 0.192813 0.6146334 0.1927825 0.6568093 0.192813 0.6572671 0.8131838 0.6152285 0.8137636 0.6644541 0.8558938 0.6244755 0.8697948 0.6853132 0.8944076 0.6513008 0.9203479 0.7177997 0.9249867 0.6930953 0.9604639 0.7587396 0.9446098 0.7457389 0.9862211 0.8041199 0.9513695 0.8041199 0.9950866 0.8495002 0.9446098 0.8624857 0.9862211 0.8904402 0.9249867 0.9151446 0.9604639 0.9229267 0.8944076 0.9569238 0.9203479 0.9437858 0.8558938 0.9837644 0.8697948 0.9509727 0.8131838 0.9930114 0.8137636 0.9935912 0.1927825 0.9514306 0.192813 0.5916228 0.1922331 0.6029907 0.1922331 0.6025482 0.8130617 0.591226 0.8130617 0.5956359 0.8558022 0.5848631 0.852369 0.5755703 0.8943465 0.5664149 0.8878309 0.5443351 0.9249409 0.5376669 0.9159685 0.5049515 0.9445945 0.5014572 0.9340352 0.4613107 0.9513543 0.4613107 0.9402609 0.4176547 0.9445945 0.4211643 0.9340352 0.3782864 0.9249409 0.3849393 0.9159685 0.3470359 0.8943465 0.3561913 0.8878309 0.3269703 0.8558022 0.3377432 0.852369 0.320058 0.8130617 0.3313802 0.8130617 0.3309834 0.1922331 0.3196155 0.1922331 0.3740902 0.1921569 0.3815823 0.1921721 0.3743496 0.812604 0.3818418 0.8126955 0.3786069 0.8389105 0.3857328 0.8367437 0.3909667 0.8626536 0.3970092 0.8584268 0.410193 0.8814832 0.4145876 0.875639 0.4344396 0.8935683 0.4367437 0.8867018 0.4613107 0.897734 0.4613107 0.8905013 0.4881666 0.8935683 0.4858625 0.8867018 0.5124132 0.8814832 0.5080186 0.875639 0.5316548 0.8626536 0.525597 0.8584268 0.5439994 0.8389105 0.5368887 0.8367437 0.5482566 0.812604 0.5407797 0.8126955 0.5410239 0.1921721 0.5485313 0.1921569 0.8948043 0.1927214 0.9396201 0.192813 0.8945144 0.812726 0.9391928 0.8131838 0.8900893 0.8390173 0.9325857 0.8524605 0.8772565 0.8627298 0.9133898 0.8878919 0.8572518 0.8815442 0.8835126 0.9160143 0.8320439 0.8936294 0.8458534 0.9340658 0.8041199 0.8977951 0.8041199 0.9402915 0.7623712 0.9340658 0.7761807 0.8936294 0.724712 0.9160143 0.7509727 0.8815442 0.6948348 0.8878919 0.7309834 0.8627298 0.6756542 0.8524605 0.7181354 0.8390173 0.6690318 0.8131838 0.7137102 0.812726 0.6686198 0.192813 0.7134356 0.1927214 0.6568093 0.192813 0.6686198 0.192813 0.6690318 0.8131838 0.6572671 0.8131838 0.6756542 0.8524605 0.6644541 0.8558938 0.6948348 0.8878919 0.6853132 0.8944076 0.724712 0.9160143 0.7177997 0.9249867 0.7623712 0.9340658 0.7587396 0.9446098 0.8041199 0.9402915 0.8041199 0.9513695 0.8458534 0.9340658 0.8495002 0.9446098 0.8835126 0.9160143 0.8904402 0.9249867 0.9133898 0.8878919 0.9229267 0.8944076 0.9325857 0.8524605 0.9437858 0.8558938 0.9391928 0.8131838 0.9509727 0.8131838 0.9514306 0.192813 0.9396201 0.192813 0.6146334 0.1927825 0.6568093 0.192813 0.6572671 0.8131838 0.6152285 0.8137636 0.6644541 0.8558938 0.6244755 0.8697948 0.6853132 0.8944076 0.6513008 0.9203479 0.7177997 0.9249867 0.6930953 0.9604639 0.7587396 0.9446098 0.7457389 0.9862211 0.8041199 0.9513695 0.8041199 0.9950866 0.8495002 0.9446098 0.8624857 0.9862211 0.8904402 0.9249867 0.9151446 0.9604639 0.9229267 0.8944076 0.9569238 0.9203479 0.9437858 0.8558938 0.9837644 0.8697948 0.9509727 0.8131838 0.9930114 0.8137636 0.9935912 0.1927825 0.9514306 0.192813 0.5916228 0.1922331 0.6029907 0.1922331 0.6025482 0.8130617 0.591226 0.8130617 0.5956359 0.8558022 0.5848631 0.852369 0.5755703 0.8943465 0.5664149 0.8878309 0.5443351 0.9249409 0.5376669 0.9159685 0.5049515 0.9445945 0.5014572 0.9340352 0.4613107 0.9513543 0.4613107 0.9402609 0.4176547 0.9445945 0.4211643 0.9340352 0.3782864 0.9249409 0.3849393 0.9159685 0.3470359 0.8943465 0.3561913 0.8878309 0.3269703 0.8558022 0.3377432 0.852369 0.320058 0.8130617 0.3313802 0.8130617 0.3309834 0.1922331 0.3196155 0.1922331 0.5410239 0.1921721 0.5485313 0.1921569 0.5482566 0.812604 0.5407797 0.8126955 0.5439994 0.8389105 0.5368887 0.8367437 0.5316548 0.8626536 0.525597 0.8584268 0.5124132 0.8814832 0.5080186 0.875639 0.4881666 0.8935683 0.4858625 0.8867018 0.4613107 0.897734 0.4613107 0.8905013 0.4367437 0.8867018 0.4344396 0.8935683 0.4145876 0.875639 0.410193 0.8814832 0.3970092 0.8584268 0.3909667 0.8626536 0.3857328 0.8367437 0.3786069 0.8389105 0.3818418 0.8126955 0.3743496 0.812604 0.3815823 0.1921721 0.3740902 0.1921569 0.5485313 0.1921569 0.5916228 0.1922331 0.591226 0.8130617 0.5482566 0.812604 0.5439994 0.8389105 0.5848631 0.852369 0.5316548 0.8626536 0.5664149 0.8878309 0.5124132 0.8814832 0.5376669 0.9159685 0.4881666 0.8935683 0.5014572 0.9340352 0.4613107 0.897734 0.4613107 0.9402609 0.4211643 0.9340352 0.4344396 0.8935683 0.3849393 0.9159685 0.410193 0.8814832 0.3561913 0.8878309 0.3909667 0.8626536 0.3377432 0.852369 0.3786069 0.8389105 0.3313802 0.8130617 0.3743496 0.812604 0.3740902 0.1921569 0.3309834 0.1922331 0.5485313 0.1921569 0.5916228 0.1922331 0.591226 0.8130617 0.5482566 0.812604 0.5439994 0.8389105 0.5848631 0.852369 0.5316548 0.8626536 0.5664149 0.8878309 0.5124132 0.8814832 0.5376669 0.9159685 0.4881666 0.8935683 0.5014572 0.9340352 0.4613107 0.897734 0.4613107 0.9402609 0.4211643 0.9340352 0.4344396 0.8935683 0.3849393 0.9159685 0.410193 0.8814832 0.3561913 0.8878309 0.3909667 0.8626536 0.3377432 0.852369 0.3786069 0.8389105 0.3313802 0.8130617 0.3743496 0.812604 0.3740902 0.1921569 0.3309834 0.1922331 0.8869917 0.1927367 0.8948043 0.1927214 0.8867323 0.8128176 0.8945144 0.812726 0.8900893 0.8390173 0.8826886 0.8368353 0.8772565 0.8627298 0.8709545 0.8585184 0.8572518 0.8815442 0.8526741 0.8757153 0.8320439 0.8936294 0.8296483 0.8867628 0.8041199 0.8977951 0.8041199 0.8905623 0.7785763 0.8867628 0.7761807 0.8936294 0.7555504 0.8757153 0.7509727 0.8815442 0.7372702 0.8585184 0.7309834 0.8627298 0.725536 0.8368353 0.7181354 0.8390173 0.7214924 0.8128176 0.7137102 0.812726 0.7134356 0.1927214 0.721233 0.1927367 0.5485313 0.1921569 0.5916228 0.1922331 0.591226 0.8130617 0.5482566 0.812604 0.5439994 0.8389105 0.5848631 0.852369 0.5316548 0.8626536 0.5664149 0.8878309 0.5124132 0.8814832 0.5376669 0.9159685 0.4881666 0.8935683 0.5014572 0.9340352 0.4613107 0.897734 0.4613107 0.9402609 0.4211643 0.9340352 0.4344396 0.8935683 0.3849393 0.9159685 0.410193 0.8814832 0.3561913 0.8878309 0.3909667 0.8626536 0.3377432 0.852369 0.3786069 0.8389105 0.3313802 0.8130617 0.3743496 0.812604 0.3740902 0.1921569 0.3309834 0.1922331 0.3970092 0.8584268 0.3857328 0.8367437 0.4613107 0.8130617 0.4145876 0.875639 0.3818418 0.8126955 0.4367437 0.8867018 0.3815823 0.1921721 0.4613107 0.8905013 0.5410239 0.1921721 0.4858625 0.8867018 0.5407797 0.8126955 0.5080186 0.875639 0.5368887 0.8367437 0.525597 0.8584268 0.8709545 0.8585184 0.8041199 0.8131838 0.8826886 0.8368353 0.8526741 0.8757153 0.8867323 0.8128176 0.8296483 0.8867628 0.8869917 0.1927367 0.8041199 0.8905623 0.721233 0.1927367 0.7785763 0.8867628 0.7214924 0.8128176 0.7555504 0.8757153 0.725536 0.8368353 0.7372702 0.8585184 0.3970092 0.8584268 0.3857328 0.8367437 0.4613107 0.8130617 0.4145876 0.875639 0.3818418 0.8126955 0.4367437 0.8867018 0.3815823 0.1921721 0.4613107 0.8905013 0.5410239 0.1921721 0.4858625 0.8867018 0.5407797 0.8126955 0.5080186 0.875639 0.5368887 0.8367437 0.525597 0.8584268 0.8709545 0.8585184 0.8041199 0.8131838 0.8826886 0.8368353 0.8526741 0.8757153 0.8867323 0.8128176 0.8296483 0.8867628 0.8869917 0.1927367 0.8041199 0.8905623 0.721233 0.1927367 0.7785763 0.8867628 0.7214924 0.8128176 0.7555504 0.8757153 0.725536 0.8368353 0.7372702 0.8585184 0.3970092 0.8584268 0.3857328 0.8367437 0.4613107 0.8130617 0.4145876 0.875639 0.3818418 0.8126955 0.4367437 0.8867018 0.3815823 0.1921721 0.4613107 0.8905013 0.5410239 0.1921721 0.4858625 0.8867018 0.5407797 0.8126955 0.5080186 0.875639 0.5368887 0.8367437 0.525597 0.8584268 0.8709545 0.8585184 0.8041199 0.8131838 0.8826886 0.8368353 0.8526741 0.8757153 0.8867323 0.8128176 0.8296483 0.8867628 0.8869917 0.1927367 0.8041199 0.8905623 0.721233 0.1927367 0.7785763 0.8867628 0.7214924 0.8128176 0.7555504 0.8757153 0.725536 0.8368353 0.7372702 0.8585184 0.8894331 0.1927214 0.8864576 0.8441596 0.8839551 0.8293278 0.3245899 0.1922331 0.3435111 0.8634623 0.3256733 0.8477913 0.942565 0.192813 0.9451286 0.8478828 0.9391928 0.8131838 0.8894331 0.1927214 0.8864576 0.8441596 0.8839551 0.8293278 0.3238727 0.1922331 0.336553 0.8449988 0.3256733 0.8477913 0.942565 0.192813 0.9451286 0.8478828 0.9391928 0.8131838 0.8894331 0.1927214 0.8909132 0.8340887 0.8834516 0.8323339 0.3778439 0.1921569 0.3852445 0.8337377 0.3772793 0.8307012 0.3245899 0.1922331 0.3435111 0.8634623 0.3256733 0.8477913 0.942565 0.192813 0.9451286 0.8478828 0.9391928 0.8131838 0.4090944 0.8702678 0.3807584 0.8320287 0.4536355 0.8893111 0.5353628 0.8371404 0.501091 0.8791028 0.6626536 0.8452125 0.6656595 0.192813 0.673579 0.8401923 0.673579 0.8401923 0.6912642 0.8903334 0.7357137 0.9335622 0.736492 0.9216602 0.8041199 0.9458305 0.8495002 0.9446098 0.8576181 0.9284352 0.9046464 0.9116045 0.9193866 0.8768291 0.9451286 0.8478828 0.9391928 0.8131838 0.591226 0.8130617 0.5980163 0.1922331 0.5969329 0.8477913 0.5721828 0.8767529 0.5969329 0.8477913 0.5755703 0.8943465 0.5443351 0.9249409 0.5127642 0.9283894 0.4803998 0.948394 0.4337072 0.9359884 0.4176547 0.9445945 0.3782864 0.9249409 0.3849393 0.9159685 0.3470359 0.8943465 0.3435111 0.8634623 0.3256733 0.8477913 0.5353628 0.8371404 0.5447776 0.1921569 0.5423362 0.839353 0.5423362 0.839353 0.501091 0.8791028 0.4957504 0.8897994 0.4536355 0.8893111 0.4445106 0.89514 0.4090944 0.8702678 0.3981689 0.8697032 0.3807584 0.8320287 0.4022736 0.8692912 0.3807584 0.8320287 0.4536355 0.8893111 0.5353628 0.8371404 0.501091 0.8791028 0.6626536 0.8452125 0.6656595 0.192813 0.673579 0.8401923 0.673579 0.8401923 0.6906691 0.8907454 0.7357137 0.9335622 0.736492 0.9216602 0.8041199 0.9465324 0.8495002 0.9446098 0.8576181 0.9284352 0.9046464 0.9116045 0.9193866 0.8768291 0.9451286 0.8478828 0.9391928 0.8131838 0.591226 0.8130617 0.5987335 0.1922331 0.5969329 0.8477913 0.5721828 0.8767529 0.5969329 0.8477913 0.5755703 0.8943465 0.5443351 0.9249409 0.5127642 0.9283894 0.5049515 0.9445945 0.4613107 0.9513543 0.4337072 0.9359884 0.4176547 0.9445945 0.3782864 0.9249409 0.3651789 0.8966202 0.3470359 0.8943465 0.3256733 0.8477913 0.336553 0.8449988 0.5353628 0.8371404 0.5447776 0.1921569 0.5423362 0.839353 0.5423362 0.839353 0.501091 0.8791028 0.4957504 0.8897994 0.4536355 0.8893111 0.4445106 0.89514 0.4022736 0.8692912 0.7173114 0.8340887 0.7187915 0.1927214 0.724773 0.8323339 0.724773 0.8323339 0.7372244 0.8686045 0.7498436 0.8703441 0.777081 0.8910506 0.8168765 0.8886702 0.8180819 0.8957198 0.8583963 0.8703441 0.8710002 0.8686045 0.8834516 0.8323339 0.8909132 0.8340887 0.537377 0.8337377 0.5135118 0.8702678 0.473579 0.8885939 0.4090944 0.8702678 0.3852445 0.8337377 0.4353094 0.8909895 0.6626536 0.8452125 0.6656595 0.192813 0.673579 0.8401923 0.673579 0.8401923 0.7041733 0.8966812 0.6853132 0.8944076 0.7357137 0.9335622 0.7754177 0.9360189 0.8239719 0.9484093 0.8576181 0.9284352 0.9046464 0.9116045 0.9193866 0.8768291 0.9451286 0.8478828 0.9391928 0.8131838 0.5856565 0.8474556 0.5980163 0.1922331 0.5969329 0.8477913 0.5969329 0.8477913 0.5755703 0.8943465 0.5466545 0.9071794 0.5443351 0.9249409 0.5049515 0.9445945 0.4738537 0.938323 0.4613107 0.9513543 0.4176547 0.9445945 0.3962615 0.9216144 0.3782864 0.9249409 0.3470359 0.8943465 0.3435111 0.8634623 0.3256733 0.8477913 0.537377 0.8337377 0.5447776 0.1921569 0.5453269 0.8307012 0.5453269 0.8307012 0.5256428 0.8685282 0.5135118 0.8702678 0.4747387 0.8956588 0.473579 0.8885939 0.4353094 0.8909895 0.3969787 0.8685282 0.4090944 0.8702678 0.3852445 0.8337377 0.3772793 0.8307012 0.8652476 0.8638895 0.8066071 0.8885634 0.8839551 0.8293278 0.8894331 0.1927214 0.8839551 0.8293278 0.7187915 0.1927214 0.7201037 0.8334325 0.7498436 0.8703441 0.8652476 0.8638895 0.8839551 0.8293278 0.8864576 0.8441596 0.8373541 0.8890822 0.7866483 0.8951858 0.7961395 0.8893721 0.7498436 0.8703441 0.7384756 0.8697795 0.7201037 0.8334325 0.8894331 0.1927214 0.942565 0.192813 0.8864576 0.8441596 0.9391928 0.8131838 0.9193866 0.8768291 0.8864576 0.8441596 0.8373541 0.8890822 0.8576181 0.9284352 0.7866483 0.8951858 0.8041199 0.9458305 0.736492 0.9216602 0.7384756 0.8697795 0.6912642 0.8903334 0.673579 0.8401923 0.7201037 0.8334325 0.6656595 0.192813 0.7201037 0.8334325 0.7187915 0.1927214 0.6146334 0.1927825 0.6656595 0.192813 0.6626536 0.8452125 0.6227359 0.8592813 0.6626536 0.8452125 0.6912642 0.8903334 0.6513008 0.9203479 0.7357137 0.9335622 0.6930953 0.9604639 0.7785763 0.9912108 0.8041199 0.9458305 0.8495002 0.9446098 0.8624857 0.9862211 0.9046464 0.9116045 0.9151446 0.9604639 0.9569238 0.9203479 0.9451286 0.8478828 0.9854887 0.8592813 0.5447776 0.1921569 0.5980163 0.1922331 0.591226 0.8130617 0.5423362 0.839353 0.591226 0.8130617 0.5721828 0.8767529 0.4957504 0.8897994 0.5127642 0.9283894 0.4445106 0.89514 0.4337072 0.9359884 0.3849393 0.9159685 0.3981689 0.8697032 0.3435111 0.8634623 0.3807584 0.8320287 0.3245899 0.1922331 0.3778439 0.1921569 0.3435111 0.8634623 0.3807584 0.8320287 0.942565 0.192813 0.9935912 0.1927825 0.9451286 0.8478828 0.9854887 0.8592813 0.8894331 0.1927214 0.942565 0.192813 0.8864576 0.8441596 0.9391928 0.8131838 0.9193866 0.8768291 0.8864576 0.8441596 0.8399329 0.8898604 0.8576181 0.9284352 0.7866483 0.8951858 0.8041199 0.9465324 0.736492 0.9216602 0.7372244 0.8686045 0.6906691 0.8907454 0.673579 0.8401923 0.7201037 0.8334325 0.6656595 0.192813 0.7201037 0.8334325 0.7187915 0.1927214 0.6146334 0.1927825 0.6656595 0.192813 0.6626536 0.8452125 0.6227359 0.8592813 0.6626536 0.8452125 0.6906691 0.8907454 0.6513008 0.9203479 0.7357137 0.9335622 0.6930953 0.9604639 0.7457389 0.9862211 0.8041199 0.9465324 0.8041199 0.9949951 0.8495002 0.9446098 0.8624857 0.9862211 0.9046464 0.9116045 0.9151446 0.9604639 0.9569238 0.9203479 0.9451286 0.8478828 0.9854887 0.8592813 0.5447776 0.1921569 0.5987335 0.1922331 0.591226 0.8130617 0.5423362 0.839353 0.591226 0.8130617 0.5721828 0.8767529 0.4957504 0.8897994 0.5127642 0.9283894 0.4445106 0.89514 0.4337072 0.9359884 0.3651789 0.8966202 0.4022736 0.8692912 0.336553 0.8449988 0.3807584 0.8320287 0.3238727 0.1922331 0.3778439 0.1921569 0.336553 0.8449988 0.3807584 0.8320287 0.942565 0.192813 0.9935912 0.1927825 0.9451286 0.8478828 0.9854887 0.8592813 0.8894331 0.1927214 0.942565 0.192813 0.8909132 0.8340887 0.9391928 0.8131838 0.9193866 0.8768291 0.8909132 0.8340887 0.8710002 0.8686045 0.8576181 0.9284352 0.8180819 0.8957198 0.7754177 0.9360189 0.777081 0.8910506 0.7041733 0.8966812 0.7372244 0.8686045 0.673579 0.8401923 0.7173114 0.8340887 0.6656595 0.192813 0.7173114 0.8340887 0.7187915 0.1927214 0.6146334 0.1927825 0.6656595 0.192813 0.6626536 0.8452125 0.6227359 0.8592813 0.6626536 0.8452125 0.6853132 0.8944076 0.6513008 0.9203479 0.7357137 0.9335622 0.6930953 0.9604639 0.7457389 0.9862211 0.8239719 0.9484093 0.8041199 0.9949951 0.8624857 0.9862211 0.9046464 0.9116045 0.9151446 0.9604639 0.9569238 0.9203479 0.9451286 0.8478828 0.9854887 0.8592813 0.5447776 0.1921569 0.5980163 0.1922331 0.5856565 0.8474556 0.5453269 0.8307012 0.5856565 0.8474556 0.5256428 0.8685282 0.5466545 0.9071794 0.4747387 0.8956588 0.4738537 0.938323 0.3962615 0.9216144 0.4353094 0.8909895 0.3969787 0.8685282 0.3435111 0.8634623 0.3772793 0.8307012 0.3245899 0.1922331 0.3778439 0.1921569 0.3435111 0.8634623 0.3772793 0.8307012 0.942565 0.192813 0.9935912 0.1927825 0.9451286 0.8478828 0.9854887 0.8592813 0.8583963 0.8703441 0.8168765 0.8886702 0.8834516 0.8323339 0.8894331 0.1927214 0.8834516 0.8323339 0.7187915 0.1927214 0.724773 0.8323339 0.7498436 0.8703441 0.777081 0.8910506 0.3807584 0.8320287 0.3778439 0.1921569 0.4536355 0.8893111 0.5447776 0.1921569 0.5353628 0.8371404 0.3807584 0.8320287 0.3778439 0.1921569 0.4536355 0.8893111 0.5447776 0.1921569 0.5353628 0.8371404 0.3852445 0.8337377 0.3778439 0.1921569 0.473579 0.8885939 0.5447776 0.1921569 0.537377 0.8337377 0.8652476 0.8638895 0.8839551 0.8293278 0.8864576 0.8441596 0.8399329 0.8898604 0.8066071 0.8885634 0.7866483 0.8951858 0.7498436 0.8703441 0.7372244 0.8686045 0.7201037 0.8334325 0.8652476 0.8638895 0.7961395 0.8893721 0.8839551 0.8293278 0.8373541 0.8890822 0.8894331 0.1927214 0.8839551 0.8293278 0.7187915 0.1927214 0.7201037 0.8334325 0.7498436 0.8703441</float_array>
          <technique_common>
            <accessor source="#GsBourbonBM1__GsBourbonBC-texcoord-array" count="1047" stride="2">
              <param name="S" type="float" />
              <param name="T" type="float" />
            </accessor>
          </technique_common>
        </source>
        <vertices id="GsBourbonBM1__GsBourbonBC-vertex">
          <input semantic="POSITION" source="#GsBourbonBM1__GsBourbonBC-position" />
        </vertices>
        <triangles material="GsBourbonBC" count="582">
          <input semantic="VERTEX" source="#GsBourbonBM1__GsBourbonBC-vertex" offset="0" />
          <input semantic="NORMAL" source="#GsBourbonBM1__GsBourbonBC-normal" offset="1" />
          <input semantic="TEXCOORD" source="#GsBourbonBM1__GsBourbonBC-texcoord" offset="2" set="0" />
          <p>0 0 0 1 1 1 2 2 2 1 1 1 3 3 3 2 2 2 4 4 4 2 2 2 3 3 3 5 5 5 4 4 4 3 3 3 6 6 6 4 4 4 5 5 5 7 7 7 6 6 6 5 5 5 8 8 8 6 6 6 7 7 7 9 9 9 8 8 8 7 7 7 10 10 10 8 8 8 9 9 9 11 11 11 10 10 10 9 9 9 12 12 12 10 10 10 11 11 11 13 13 13 12 12 12 11 11 11 13 13 13 14 14 14 12 12 12 14 14 14 15 15 15 12 12 12 14 14 14 16 16 16 15 15 15 16 16 16 17 17 17 15 15 15 16 16 16 18 18 18 17 17 17 18 18 18 19 19 19 17 17 17 18 18 18 20 20 20 19 19 19 20 20 20 21 21 21 19 19 19 20 20 20 22 22 22 21 21 21 22 22 22 23 23 23 21 21 21 22 22 22 24 24 24 23 23 23 24 24 24 25 25 25 23 23 23 26 26 26 27 27 27 28 28 28 27 27 27 29 29 29 28 28 28 30 30 30 28 28 28 29 29 29 31 31 31 30 30 30 29 29 29 32 32 32 30 30 30 31 31 31 33 33 33 32 32 32 31 31 31 34 34 34 32 32 32 33 33 33 35 35 35 34 34 34 33 33 33 36 36 36 34 34 34 35 35 35 37 37 37 36 36 36 35 35 35 38 38 38 36 36 36 37 37 37 39 39 39 38 38 38 37 37 37 40 40 40 38 38 38 39 39 39 41 41 41 40 40 40 39 39 39 42 42 42 40 40 40 41 41 41 43 43 43 42 42 42 41 41 41 44 44 44 42 42 42 43 43 43 45 45 45 44 44 44 43 43 43 46 46 46 44 44 44 45 45 45 47 47 47 46 46 46 45 45 45 48 48 48 46 46 46 47 47 47 49 49 49 48 48 48 47 47 47 49 49 49 50 50 50 48 48 48 50 50 50 51 51 51 48 48 48 52 52 52 53 53 53 54 54 54 55 55 55 52 52 52 54 54 54 55 55 55 54 54 54 56 56 56 57 57 57 55 55 55 56 56 56 57 57 57 56 56 56 58 58 58 59 59 59 57 57 57 58 58 58 59 59 59 58 58 58 60 60 60 61 61 61 59 59 59 60 60 60 61 61 61 60 60 60 62 62 62 63 63 63 61 61 61 62 62 62 63 63 63 62 62 62 64 64 64 65 65 65 63 63 63 64 64 64 65 65 65 64 64 64 66 66 66 67 67 67 65 65 65 66 66 66 67 67 67 66 66 66 68 68 68 69 69 69 67 67 67 68 68 68 69 69 69 68 68 68 70 70 70 71 71 71 69 69 69 70 70 70 71 71 71 70 70 70 72 72 72 73 73 73 71 71 71 72 72 72 73 73 73 72 72 72 74 74 74 75 75 75 73 73 73 74 74 74 76 76 76 75 75 75 74 74 74 77 77 77 76 76 76 74 74 74 78 78 78 79 79 79 80 80 80 81 81 81 78 78 78 80 80 80 81 81 81 80 80 80 82 82 82 83 83 83 81 81 81 82 82 82 83 83 83 82 82 82 84 84 84 85 85 85 83 83 83 84 84 84 85 85 85 84 84 84 86 86 86 87 87 87 85 85 85 86 86 86 87 87 87 86 86 86 88 88 88 89 89 89 87 87 87 88 88 88 89 89 89 88 88 88 90 90 90 91 91 91 89 89 89 90 90 90 91 91 91 90 90 90 92 92 92 93 93 93 91 91 91 92 92 92 93 93 93 92 92 92 94 94 94 95 95 95 93 93 93 94 94 94 95 95 95 94 94 94 96 96 96 97 97 97 95 95 95 96 96 96 97 97 97 96 96 96 98 98 98 99 99 99 97 97 97 98 98 98 99 99 99 98 98 98 100 100 100 101 101 101 99 99 99 100 100 100 102 102 102 101 101 101 100 100 100 103 103 103 102 102 102 100 100 100 104 104 104 105 105 105 106 106 106 107 107 107 104 104 104 106 106 106 107 107 107 106 106 106 108 108 108 109 109 109 107 107 107 108 108 108 109 109 109 108 108 108 110 110 110 111 111 111 109 109 109 110 110 110 111 111 111 110 110 110 112 112 112 113 113 113 111 111 111 112 112 112 113 113 113 112 112 112 114 114 114 115 115 115 113 113 113 114 114 114 115 115 115 114 114 114 116 116 116 117 117 117 115 115 115 116 116 116 117 117 117 116 116 116 118 118 118 119 119 119 117 117 117 118 118 118 119 119 119 118 118 118 120 120 120 121 121 121 119 119 119 120 120 120 121 121 121 120 120 120 122 122 122 123 123 123 121 121 121 122 122 122 123 123 123 122 122 122 124 124 124 125 125 125 123 123 123 124 124 124 125 125 125 124 124 124 126 126 126 127 127 127 125 125 125 126 126 126 128 128 128 127 127 127 126 126 126 129 129 129 128 128 128 126 126 126 130 130 130 131 131 131 132 132 132 131 131 131 133 133 133 132 132 132 134 134 134 132 132 132 133 133 133 135 135 135 134 134 134 133 133 133 136 136 136 134 134 134 135 135 135 137 137 137 136 136 136 135 135 135 138 138 138 136 136 136 137 137 137 139 139 139 138 138 138 137 137 137 140 140 140 138 138 138 139 139 139 141 141 141 140 140 140 139 139 139 142 142 142 140 140 140 141 141 141 143 143 143 142 142 142 141 141 141 144 144 144 142 142 142 143 143 143 145 145 145 144 144 144 143 143 143 146 146 146 144 144 144 145 145 145 147 147 147 146 146 146 145 145 145 148 148 148 146 146 146 147 147 147 149 149 149 148 148 148 147 147 147 150 150 150 148 148 148 149 149 149 151 151 151 150 150 150 149 149 149 152 152 152 150 150 150 151 151 151 153 153 153 152 152 152 151 151 151 153 153 153 154 154 154 152 152 152 154 154 154 155 155 155 152 152 152 156 156 156 157 157 157 158 158 158 157 157 157 159 159 159 158 158 158 160 160 160 158 158 158 159 159 159 161 161 161 160 160 160 159 159 159 162 162 162 160 160 160 161 161 161 163 163 163 162 162 162 161 161 161 164 164 164 162 162 162 163 163 163 165 165 165 164 164 164 163 163 163 166 166 166 164 164 164 165 165 165 167 167 167 166 166 166 165 165 165 168 168 168 166 166 166 167 167 167 169 169 169 168 168 168 167 167 167 169 169 169 170 170 170 168 168 168 170 170 170 171 171 171 168 168 168 170 170 170 172 172 172 171 171 171 172 172 172 173 173 173 171 171 171 172 172 172 174 174 174 173 173 173 174 174 174 175 175 175 173 173 173 174 174 174 176 176 176 175 175 175 176 176 176 177 177 177 175 175 175 176 176 176 178 178 178 177 177 177 178 178 178 179 179 179 177 177 177 178 178 178 180 180 180 179 179 179 180 180 180 181 181 181 179 179 179 182 182 182 183 183 183 184 184 184 183 183 183 185 185 185 184 184 184 186 186 186 184 184 184 185 185 185 187 187 187 186 186 186 185 185 185 188 188 188 186 186 186 187 187 187 189 189 189 188 188 188 187 187 187 190 190 190 188 188 188 189 189 189 191 191 191 190 190 190 189 189 189 192 192 192 190 190 190 191 191 191 193 193 193 192 192 192 191 191 191 194 194 194 192 192 192 193 193 193 195 195 195 194 194 194 193 193 193 196 196 196 194 194 194 195 195 195 197 197 197 196 196 196 195 195 195 198 198 198 196 196 196 197 197 197 199 199 199 198 198 198 197 197 197 200 200 200 198 198 198 199 199 199 201 201 201 200 200 200 199 199 199 202 202 202 200 200 200 201 201 201 203 203 203 202 202 202 201 201 201 204 204 204 202 202 202 203 203 203 205 205 205 204 204 204 203 203 203 205 205 205 206 206 206 204 204 204 206 206 206 207 207 207 204 204 204 208 208 208 209 209 209 210 210 210 211 211 211 208 208 208 210 210 210 211 211 211 210 210 210 212 212 212 213 213 213 211 211 211 212 212 212 213 213 213 212 212 212 214 214 214 215 215 215 213 213 213 214 214 214 215 215 215 214 214 214 216 216 216 217 217 217 215 215 215 216 216 216 217 217 217 216 216 216 218 218 218 219 219 219 217 217 217 218 218 218 219 219 219 218 218 218 220 220 220 221 221 221 219 219 219 220 220 220 221 221 221 220 220 220 222 222 222 223 223 223 221 221 221 222 222 222 223 223 223 222 222 222 224 224 224 225 225 225 223 223 223 224 224 224 225 225 225 224 224 224 226 226 226 227 227 227 225 225 225 226 226 226 227 227 227 226 226 226 228 228 228 229 229 229 227 227 227 228 228 228 229 229 229 228 228 228 230 230 230 231 231 231 229 229 229 230 230 230 232 232 232 231 231 231 230 230 230 233 233 233 232 232 232 230 230 230 234 234 234 235 235 235 236 236 236 237 237 237 234 234 234 236 236 236 237 237 237 236 236 236 238 238 238 239 239 239 237 237 237 238 238 238 239 239 239 238 238 238 240 240 240 241 241 241 239 239 239 240 240 240 241 241 241 240 240 240 242 242 242 243 243 243 241 241 241 242 242 242 243 243 243 242 242 242 244 244 244 245 245 245 243 243 243 244 244 244 245 245 245 244 244 244 246 246 246 247 247 247 245 245 245 246 246 246 247 247 247 246 246 246 248 248 248 249 249 249 247 247 247 248 248 248 249 249 249 248 248 248 250 250 250 251 251 251 249 249 249 250 250 250 251 251 251 250 250 250 252 252 252 253 253 253 251 251 251 252 252 252 253 253 253 252 252 252 254 254 254 255 255 255 253 253 253 254 254 254 255 255 255 254 254 254 256 256 256 257 257 257 255 255 255 256 256 256 258 258 258 257 257 257 256 256 256 259 259 259 258 258 258 256 256 256 260 260 260 261 261 261 262 262 262 263 263 263 260 260 260 262 262 262 263 263 263 262 262 262 264 264 264 265 265 265 263 263 263 264 264 264 265 265 265 264 264 264 266 266 266 267 267 267 265 265 265 266 266 266 267 267 267 266 266 266 268 268 268 269 269 269 267 267 267 268 268 268 269 269 269 268 268 268 270 270 270 271 271 271 269 269 269 270 270 270 271 271 271 270 270 270 272 272 272 273 273 273 271 271 271 272 272 272 273 273 273 272 272 272 274 274 274 275 275 275 273 273 273 274 274 274 275 275 275 274 274 274 276 276 276 277 277 277 275 275 275 276 276 276 277 277 277 276 276 276 278 278 278 279 279 279 277 277 277 278 278 278 279 279 279 278 278 278 280 280 280 281 281 281 279 279 279 280 280 280 281 281 281 280 280 280 282 282 282 283 283 283 281 281 281 282 282 282 284 284 284 283 283 283 282 282 282 285 285 285 284 284 284 282 282 282 286 286 286 287 287 287 288 288 288 287 287 287 289 289 289 288 288 288 290 290 290 288 288 288 289 289 289 291 291 291 290 290 290 289 289 289 292 292 292 290 290 290 291 291 291 293 293 293 292 292 292 291 291 291 294 294 294 292 292 292 293 293 293 295 295 295 294 294 294 293 293 293 296 296 296 294 294 294 295 295 295 297 297 297 296 296 296 295 295 295 298 298 298 296 296 296 297 297 297 299 299 299 298 298 298 297 297 297 300 300 300 298 298 298 299 299 299 301 301 301 300 300 300 299 299 299 302 302 302 300 300 300 301 301 301 303 303 303 302 302 302 301 301 301 304 304 304 302 302 302 303 303 303 305 305 305 304 304 304 303 303 303 306 306 306 304 304 304 305 305 305 307 307 307 306 306 306 305 305 305 308 308 308 306 306 306 307 307 307 309 309 309 308 308 308 307 307 307 309 309 309 310 310 310 308 308 308 310 310 310 311 311 311 308 308 308 312 312 312 313 313 313 314 314 314 313 313 313 315 315 315 314 314 314 316 316 316 314 314 314 315 315 315 317 317 317 316 316 316 315 315 315 318 318 318 316 316 316 317 317 317 319 319 319 318 318 318 317 317 317 320 320 320 318 318 318 319 319 319 321 321 321 320 320 320 319 319 319 322 322 322 320 320 320 321 321 321 323 323 323 322 322 322 321 321 321 324 324 324 322 322 322 323 323 323 325 325 325 324 324 324 323 323 323 325 325 325 326 326 326 324 324 324 326 326 326 327 327 327 324 324 324 326 326 326 328 328 328 327 327 327 328 328 328 329 329 329 327 327 327 328 328 328 330 330 330 329 329 329 330 330 330 331 331 331 329 329 329 330 330 330 332 332 332 331 331 331 332 332 332 333 333 333 331 331 331 332 332 332 334 334 334 333 333 333 334 334 334 335 335 335 333 333 333 334 334 334 336 336 336 335 335 335 336 336 336 337 337 337 335 335 335 338 338 338 339 339 339 340 340 340 341 341 341 338 338 338 340 340 340 341 341 341 340 340 340 342 342 342 343 343 343 341 341 341 342 342 342 343 343 343 342 342 342 344 344 344 345 345 345 343 343 343 344 344 344 345 345 345 344 344 344 346 346 346 347 347 347 345 345 345 346 346 346 347 347 347 346 346 346 348 348 348 349 349 349 347 347 347 348 348 348 349 349 349 348 348 348 350 350 350 351 351 351 349 349 349 350 350 350 351 351 351 350 350 350 352 352 352 353 353 353 351 351 351 352 352 352 353 353 353 352 352 352 354 354 354 355 355 355 353 353 353 354 354 354 355 355 355 354 354 354 356 356 356 357 357 357 355 355 355 356 356 356 357 357 357 356 356 356 358 358 358 359 359 359 357 357 357 358 358 358 359 359 359 358 358 358 360 360 360 361 361 361 359 359 359 360 360 360 362 362 362 361 361 361 360 360 360 363 363 363 362 362 362 360 360 360 364 364 364 365 365 365 366 366 366 367 367 367 364 364 364 366 366 366 367 367 367 366 366 366 368 368 368 369 369 369 367 367 367 368 368 368 369 369 369 368 368 368 370 370 370 371 371 371 369 369 369 370 370 370 371 371 371 370 370 370 372 372 372 373 373 373 371 371 371 372 372 372 373 373 373 372 372 372 374 374 374 375 375 375 373 373 373 374 374 374 375 375 375 374 374 374 376 376 376 377 377 377 375 375 375 376 376 376 377 377 377 376 376 376 378 378 378 379 379 379 377 377 377 378 378 378 379 379 379 378 378 378 380 380 380 381 381 381 379 379 379 380 380 380 381 381 381 380 380 380 382 382 382 383 383 383 381 381 381 382 382 382 383 383 383 382 382 382 384 384 384 385 385 385 383 383 383 384 384 384 385 385 385 384 384 384 386 386 386 387 387 387 385 385 385 386 386 386 388 388 388 387 387 387 386 386 386 389 389 389 388 388 388 386 386 386 390 390 390 391 391 391 392 392 392 393 393 393 390 390 390 392 392 392 393 393 393 392 392 392 394 394 394 395 395 395 393 393 393 394 394 394 395 395 395 394 394 394 396 396 396 397 397 397 395 395 395 396 396 396 397 397 397 396 396 396 398 398 398 399 399 399 397 397 397 398 398 398 399 399 399 398 398 398 400 400 400 401 401 401 399 399 399 400 400 400 401 401 401 400 400 400 402 402 402 403 403 403 401 401 401 402 402 402 403 403 403 402 402 402 404 404 404 405 405 405 403 403 403 404 404 404 405 405 405 404 404 404 406 406 406 407 407 407 405 405 405 406 406 406 407 407 407 406 406 406 408 408 408 409 409 409 407 407 407 408 408 408 409 409 409 408 408 408 410 410 410 411 411 411 409 409 409 410 410 410 411 411 411 410 410 410 412 412 412 413 413 413 411 411 411 412 412 412 414 414 414 413 413 413 412 412 412 415 415 415 414 414 414 412 412 412 416 416 416 417 417 417 418 418 418 419 419 419 416 416 416 418 418 418 419 419 419 418 418 418 420 420 420 421 421 421 419 419 419 420 420 420 421 421 421 420 420 420 422 422 422 423 423 423 421 421 421 422 422 422 423 423 423 422 422 422 424 424 424 425 425 425 423 423 423 424 424 424 425 425 425 424 424 424 426 426 426 427 427 427 425 425 425 426 426 426 427 427 427 426 426 426 428 428 428 429 429 429 427 427 427 428 428 428 429 429 429 428 428 428 430 430 430 428 428 428 431 431 431 430 430 430 430 430 430 431 431 431 432 432 432 431 431 431 433 433 433 432 432 432 432 432 432 433 433 433 434 434 434 433 433 433 435 435 435 434 434 434 434 434 434 435 435 435 436 436 436 435 435 435 437 437 437 436 436 436 436 436 436 437 437 437 438 438 438 437 437 437 439 439 439 438 438 438 440 440 440 438 438 438 439 439 439 441 441 441 440 440 440 439 439 439 442 442 442 443 443 443 444 444 444 445 445 445 442 442 442 444 444 444 445 445 445 444 444 444 446 446 446 444 444 444 447 447 447 446 446 446 446 446 446 447 447 447 448 448 448 447 447 447 449 449 449 448 448 448 448 448 448 449 449 449 450 450 450 449 449 449 451 451 451 450 450 450 450 450 450 451 451 451 452 452 452 451 451 451 453 453 453 452 452 452 452 452 452 453 453 453 454 454 454 453 453 453 455 455 455 454 454 454 454 454 454 455 455 455 456 456 456 457 457 457 454 454 454 456 456 456 457 457 457 456 456 456 458 458 458 459 459 459 457 457 457 458 458 458 459 459 459 458 458 458 460 460 460 461 461 461 459 459 459 460 460 460 461 461 461 460 460 460 462 462 462 463 463 463 461 461 461 462 462 462 463 463 463 462 462 462 464 464 464 465 465 465 463 463 463 464 464 464 466 466 466 465 465 465 464 464 464 467 467 467 466 466 466 464 464 464 468 468 468 469 469 469 470 470 470 471 471 471 468 468 468 470 470 470 471 471 471 470 470 470 472 472 472 470 470 470 473 473 473 472 472 472 472 472 472 473 473 473 474 474 474 473 473 473 475 475 475 474 474 474 474 474 474 475 475 475 476 476 476 475 475 475 477 477 477 476 476 476 476 476 476 477 477 477 478 478 478 477 477 477 479 479 479 478 478 478 478 478 478 479 479 479 480 480 480 479 479 479 481 481 481 480 480 480 480 480 480 481 481 481 482 482 482 483 483 483 480 480 480 482 482 482 483 483 483 482 482 482 484 484 484 485 485 485 483 483 483 484 484 484 485 485 485 484 484 484 486 486 486 487 487 487 485 485 485 486 486 486 487 487 487 486 486 486 488 488 488 489 489 489 487 487 487 488 488 488 489 489 489 488 488 488 490 490 490 491 491 491 489 489 489 490 490 490 492 492 492 491 491 491 490 490 490 493 493 493 492 492 492 490 490 490 494 494 494 495 495 495 496 496 496 495 495 495 497 497 497 496 496 496 497 497 497 498 498 498 496 496 496 498 498 498 499 499 499 496 496 496 498 498 498 500 500 500 499 499 499 500 500 500 501 501 501 499 499 499 500 500 500 502 502 502 501 501 501 502 502 502 503 503 503 501 501 501 502 502 502 504 504 504 503 503 503 504 504 504 505 505 505 503 503 503 504 504 504 506 506 506 505 505 505 506 506 506 507 507 507 505 505 505 508 508 508 507 507 507 506 506 506 509 509 509 508 508 508 506 506 506 510 510 510 508 508 508 509 509 509 511 511 511 510 510 510 509 509 509 512 512 512 510 510 510 511 511 511 513 513 513 512 512 512 511 511 511 514 514 514 512 512 512 513 513 513 515 515 515 514 514 514 513 513 513 516 516 516 514 514 514 515 515 515 517 517 517 516 516 516 515 515 515 517 517 517 518 518 518 516 516 516 518 518 518 519 519 519 516 516 516 520 520 520 521 521 521 522 522 522 523 523 523 520 520 520 522 522 522 523 523 523 522 522 522 524 524 524 522 522 522 525 525 525 524 524 524 524 524 524 525 525 525 526 526 526 525 525 525 527 527 527 526 526 526 526 526 526 527 527 527 528 528 528 527 527 527 529 529 529 528 528 528 528 528 528 529 529 529 530 530 530 529 529 529 531 531 531 530 530 530 530 530 530 531 531 531 532 532 532 531 531 531 533 533 533 532 532 532 532 532 532 533 533 533 534 534 534 535 535 535 532 532 532 534 534 534 535 535 535 534 534 534 536 536 536 537 537 537 535 535 535 536 536 536 537 537 537 536 536 536 538 538 538 539 539 539 537 537 537 538 538 538 539 539 539 538 538 538 540 540 540 541 541 541 539 539 539 540 540 540 541 541 541 540 540 540 542 542 542 543 543 543 541 541 541 542 542 542 544 544 544 543 543 543 542 542 542 545 545 545 544 544 544 542 542 542 546 546 546 547 547 547 548 548 548 549 549 549 546 546 546 548 548 548 547 547 547 550 550 550 548 548 548 551 551 551 549 549 549 548 548 548 550 550 550 552 552 552 548 548 548 553 553 553 551 551 551 548 548 548 552 552 552 554 554 554 548 548 548 555 555 555 553 553 553 548 548 548 548 548 548 554 554 554 556 556 556 557 557 557 555 555 555 548 548 548 556 556 556 558 558 558 548 548 548 559 559 559 557 557 557 548 548 548 558 558 558 559 559 559 548 548 548 560 560 560 561 561 561 562 562 562 563 563 563 561 561 561 560 560 560 562 562 562 561 561 561 564 564 564 565 565 565 561 561 561 563 563 563 561 561 561 566 566 566 564 564 564 567 567 567 561 561 561 565 565 565 568 568 568 566 566 566 561 561 561 569 569 569 561 561 561 567 567 567 570 570 570 568 568 568 561 561 561 571 571 571 561 561 561 569 569 569 570 570 570 561 561 561 572 572 572 573 573 573 561 561 561 571 571 571 572 572 572 561 561 561 573 573 573 574 574 574 575 575 575 576 576 576 577 577 577 574 574 574 576 576 576 575 575 575 578 578 578 576 576 576 579 579 579 577 577 577 576 576 576 578 578 578 580 580 580 576 576 576 581 581 581 579 579 579 576 576 576 580 580 580 582 582 582 576 576 576 583 583 583 581 581 581 576 576 576 576 576 576 582 582 582 584 584 584 585 585 585 583 583 583 576 576 576 584 584 584 586 586 586 576 576 576 587 587 587 585 585 585 576 576 576 586 586 586 587 587 587 576 576 576 588 588 588 589 589 589 590 590 590 591 591 591 589 589 589 588 588 588 590 590 590 589 589 589 592 592 592 593 593 593 589 589 589 591 591 591 589 589 589 594 594 594 592 592 592 595 595 595 589 589 589 593 593 593 596 596 596 594 594 594 589 589 589 597 597 597 589 589 589 595 595 595 598 598 598 596 596 596 589 589 589 599 599 599 589 589 589 597 597 597 598 598 598 589 589 589 600 600 600 601 601 601 589 589 589 599 599 599 600 600 600 589 589 589 601 601 601 602 602 602 603 603 603 604 604 604 605 605 605 602 602 602 604 604 604 603 603 603 606 606 606 604 604 604 607 607 607 605 605 605 604 604 604 606 606 606 608 608 608 604 604 604 609 609 609 607 607 607 604 604 604 608 608 608 610 610 610 604 604 604 611 611 611 609 609 609 604 604 604 604 604 604 610 610 610 612 612 612 613 613 613 611 611 611 604 604 604 612 612 612 614 614 614 604 604 604 615 615 615 613 613 613 604 604 604 614 614 614 615 615 615 604 604 604 616 616 616 617 617 617 618 618 618 619 619 619 617 617 617 616 616 616 618 618 618 617 617 617 620 620 620 621 621 621 617 617 617 619 619 619 617 617 617 622 622 622 620 620 620 623 623 623 617 617 617 621 621 621 624 624 624 622 622 622 617 617 617 625 625 625 617 617 617 623 623 623 626 626 626 624 624 624 617 617 617 627 627 627 617 617 617 625 625 625 626 626 626 617 617 617 628 628 628 629 629 629 617 617 617 627 627 627 628 628 628 617 617 617 629 629 629 </p>
        </triangles>
      </mesh>
    </geometry>
    <geometry id="polySurface28__MoundC-mesh" name="polySurface28__MoundC">
      <mesh>
        <source id="polySurface28__MoundC-position">
          <float_array id="polySurface28__MoundC-position-array" count="516">5.925937 4.695658 6.493747 6.395955 6.466055 7.23257 3.495874 6.059251 8.890141 8.551072 6.66732 4.686523 3.13663 4.51669 7.77035 0.9944356 6.00989 9.665685 7.384996 4.612194 3.88663 9.375759 6.54506 2.29322 0.8426827 4.241717 7.960223 -1.178212 6.085757 9.590306 3.224624 3.423611 6.427373 1.05461 3.169201 6.670589 -1.066816 4.178868 7.876045 -0.7333508 3.06027 6.638322 -3.384543 4.114528 7.447245 -4.118736 6.172042 8.853928 -2.536965 3.104254 6.198943 -0.7071624 2.023554 5.491678 -6.144273 4.628415 6.569528 -6.580942 6.17758 7.086754 -4.535042 3.579397 5.358539 -7.039369 4.771976 4.52238 -8.580925 6.845481 4.48153 -3.714843 2.550241 4.623761 -7.899994 4.886112 1.98059 -9.338896 7.361967 2.306221 -5.123864 3.325375 3.932033 -6.091906 3.326683 2.13074 -8.021164 5.003656 -0.5584168 -9.616432 7.604519 -0.7717507 -9.157729 7.178148 -3.764448 -6.376595 3.381517 -0.5315866 -7.637139 4.954723 -3.559783 -7.22554 6.515186 -6.729658 -5.926697 3.616902 -2.86833 -6.238003 4.800442 -6.252328 -4.636934 6.497527 -8.450605 -5.136977 3.657045 -5.258208 -3.423875 5.036929 -6.996395 -1.862339 6.472846 -9.336607 -0.07723958 4.706418 -7.832793 0.608706 6.164639 -9.630014 -2.907957 3.4891 -6.025841 3.239256 4.02679 -7.864236 3.681447 6.162824 -9.029997 0.2425018 3.151725 -6.657329 -2.656241 2.447484 -4.699615 5.905398 4.44242 -6.223705 7.111623 6.600951 -6.959597 3.341108 2.932863 -6.279258 7.63419 4.576412 -3.253183 8.844117 6.477173 -3.794058 9.537256 6.436319 -0.7520057 5.12731 3.381897 -5.015754 0.5411873 2.014349 -5.202091 3.303367 2.408292 -4.455841 7.939728 4.766534 -0.5844665 6.124873 3.524834 -2.804101 7.799884 4.642799 2.030319 6.590767 3.438464 -0.5029115 6.552873 3.141165 2.06845 5.355198 2.567394 -0.5619264 4.249791 2.699961 -4.07217 4.511158 2.657993 -2.842936 3.457405 1.504003 -3.307611 2.461128 1.353071 -3.490579 3.617351 0.9859266 -2.111096 2.44114 0.6098251 -2.24151 1.152203 1.246831 -3.682523 1.155211 0.5169792 -2.221263 2.662554 0.2972507 -0.7654021 -0.6107994 0.5085115 -3.780874 -1.771902 0.7784119 -3.553449 -0.7160422 -0.1173782 -2.31959 -2.933004 1.048313 -3.326025 0.9644127 0.1121521 -0.6765785 -1.9387 0.1756554 -2.22561 -0.5340077 -0.2782755 -0.6415079 -4.428048 2.527549 -3.301548 -3.135788 0.7631035 -2.143126 -4.849585 2.169752 -1.000925 -1.966308 0.02425671 -0.7742738 -3.29265 0.7787027 -0.8244814 -4.999166 2.141905 0.7100216 -3.241417 0.9579096 0.3724334 -4.647945 2.20289 2.426489 -3.298923 0.7565031 2.061068 -4.078117 2.181655 3.922395 -1.842921 0.3030195 0.4144649 -2.950654 0.9724731 4.166992 -2.156081 0.381279 2.259949 -0.4847513 0.1639853 0.5315198 -0.5115756 0.3069029 2.397771 0.9723634 0.2176352 0.6469855 -0.6565448 0.6573658 4.163998 0.8724684 0.628212 2.528148 -2.615497 1.972125 5.203121 0.5450647 0.8880844 4.039167 1.206333 1.974304 5.232554 2.292897 1.05301 3.971955 3.606289 2.515583 5.155179 4.809189 3.153936 5.255462 2.572381 0.8413773 2.672609 5.352452 3.412769 5.485089 6.312613 3.179708 3.562606 5.20706 2.245333 3.646796 5.242496 2.268504 2.125332 4.066086 1.580809 3.779022 4.148537 1.513924 2.459974 4.057505 1.201392 0.9397673 2.738339 0.4263258 0.7003927 3.794698 0.8811817 -0.7335591 5.925938 4.695658 6.493747 6.395955 6.466055 7.23257 3.495873 6.059251 8.890141 8.551071 6.667321 4.686523 3.237744 3.889495 6.974078 0.4512737 6.028856 9.64684 6.372678 3.170073 3.189067 9.375759 6.54506 2.29322 5.182682 3.331884 5.413331 7.180937 4.019495 -0.5385917 9.537255 6.436319 -0.7520056 4.487056 1.8138 3.604783 5.355198 2.567394 -0.5619263 7.445525 4.444965 -3.197048 8.844116 6.477173 -3.794058 7.111623 6.600951 -6.959596 5.905399 4.44242 -6.223704 3.681447 6.162825 -9.029997 4.24142 2.831656 -4.456388 3.239256 4.026791 -7.864236 -0.6268164 6.318743 -9.48331 3.341107 2.932863 -6.279258 -1.959722 4.892331 -7.362319 -4.636933 6.497527 -8.450605 0.4665159 2.298694 -5.5659 -5.962746 4.514593 -6.003798 -7.225539 6.515186 -6.729657 -2.797831 3.033393 -5.445617 -7.637139 4.954723 -3.559783 -9.157729 7.178148 -3.764448 -4.615379 2.663718 -3.247396 -7.945433 4.930192 1.028463 -9.616431 7.604519 -0.7717506 -9.007283 7.136004 3.257919 -2.933004 1.048313 -3.326025 -6.200215 4.637388 6.441581 -6.580942 6.17758 7.086754 -4.118735 6.172042 8.853928 -5.708528 2.85137 -0.7369221 -2.907781 3.546249 6.745075 -5.115028 2.336555 1.200207 -4.792651 3.468263 4.734442 -0.1120667 4.210293 7.918134 -4.032707 2.227728 4.010066 -0.2418696 2.153189 5.592993 -2.950654 0.9724741 4.166992 -3.013213 0.6626978 2.110788 2.310364 1.039783 3.890746 -0.4958578 0.6650105 4.039999 2.676763 0.3214531 -0.4905655 -3.257428 0.9019079 -0.001602508 -1.333607 0.2508821 0.4583605 0.9654065 0.1253376 -0.511133 -1.160639 -0.1459169 -0.6995929 -2.761698 0.5795269 -2.168902 -0.6634207 0.1955662 -3.050232 1.637434 0.5517969 -2.228856 1.315819 1.260111 -3.65853 3.457405 1.504003 -3.307611 3.683856 0.9466476 -1.59452</float_array>
          <technique_common>
            <accessor source="#polySurface28__MoundC-position-array" count="172" stride="3">
              <param name="X" type="float" />
              <param name="Y" type="float" />
              <param name="Z" type="float" />
            </accessor>
          </technique_common>
        </source>
        <source id="polySurface28__MoundC-normal">
          <float_array id="polySurface28__MoundC-normal-array" count="516">0.3035296 -0.3109328 0.3215087 0.3204511 -0.2813201 0.3320847 0.1755607 -0.318336 0.4008283 0.4018859 -0.2950689 0.2083461 0.1544088 -0.3500638 0.3817916 0.04336137 -0.3627549 0.3976555 0.3997707 -0.3119904 0.1861366 0.4114043 -0.3437182 0.06980123 0.04336137 -0.3817916 0.3796764 -0.05922529 -0.3542942 0.4040011 0.1247962 -0.3997707 0.341603 0.0581677 -0.4092891 0.3479486 -0.05182213 -0.3765036 0.3839068 -0.02432467 -0.4071739 0.3542942 -0.1480632 -0.380734 0.3532366 -0.1607544 -0.3172784 0.4071739 -0.1343145 -0.4188074 0.3141056 -0.00951835 -0.3902524 0.3733309 -0.2992992 -0.3532366 0.2792049 -0.3341999 -0.2813201 0.318336 -0.2326708 -0.4441897 0.200943 -0.3796764 -0.3532366 0.1522936 -0.4357289 -0.2855505 0.1438328 -0.302472 -0.3267967 0.3067024 -0.4166922 -0.3394878 0.05922529 -0.4558232 -0.2855505 0.05393732 -0.313048 -0.414577 0.1491208 -0.3479486 -0.4050587 0.08354997 -0.4230378 -0.3363151 -0.01797911 -0.4579384 -0.2866081 -0.01374873 -0.4399593 -0.2982416 -0.1004715 -0.3585245 -0.4040011 -0.03067024 -0.3976555 -0.3479486 -0.112105 -0.3299695 -0.3257391 -0.2781473 -0.3310271 -0.4156346 -0.09835629 -0.2749746 -0.3669853 -0.2855505 -0.1406601 -0.3786188 -0.3595821 -0.2189221 -0.4262106 -0.2506499 -0.1279689 -0.3691005 -0.3733309 -0.1131626 -0.4092891 -0.3341999 -0.07085884 -0.3669853 -0.3902524 -0.0200943 -0.3564093 -0.4050587 -0.1279689 -0.386022 -0.3553517 0.117393 -0.3564093 -0.3891948 0.1533512 -0.3151631 -0.4114043 -0.06028289 -0.4071739 -0.3511214 -0.1459481 -0.414577 -0.3151631 0.3151631 -0.3352575 -0.2834353 0.3426606 -0.2940113 -0.2982416 0.1110474 -0.4463049 -0.2834353 0.3796764 -0.3616973 -0.1321993 0.4061163 -0.3215087 -0.156524 0.4103467 -0.3500638 -0.02115189 0.2675714 -0.4389017 -0.1670999 0.004230378 -0.4473625 -0.3035296 0.1522936 -0.4632264 -0.2337284 0.3955404 -0.3669853 -0.02432467 0.302472 -0.4378441 -0.09201072 0.4092891 -0.3500638 0.04970694 0.3405454 -0.4177498 -0.04547656 0.3669853 -0.3965979 0.006345567 0.3267967 -0.4240954 -0.07191642 0.2675714 -0.4505352 -0.1321993 0.3236239 -0.414577 -0.1269113 0.2675714 -0.4029435 -0.2411315 0.1099898 -0.4463049 -0.2844929 0.3035296 -0.4177498 -0.1596968 0.1025867 -0.498127 -0.1819063 0.1385449 -0.44842 -0.268629 0.1205658 -0.4991846 -0.1692151 0.1396025 -0.5213941 -0.03384302 0.04441897 -0.4547656 -0.2887233 -0.1470056 -0.4071739 -0.3236239 0.04547656 -0.5182213 -0.1480632 -0.3014144 -0.3870796 -0.2263252 0.09412591 -0.53197 -0.02326708 -0.1776759 -0.4960118 -0.1205658 0.02643986 -0.5393732 0.01797911 -0.2992992 -0.4071739 -0.1914246 -0.3225663 -0.4177498 -0.1163354 -0.3511214 -0.4050587 -0.06874365 -0.1829638 -0.5076454 0.03701581 -0.3014144 -0.44842 0.01269113 -0.3479486 -0.4135194 0.01797911 -0.2961265 -0.4515928 0.01797911 -0.3616973 -0.3891948 0.09835629 -0.3109328 -0.4399593 0.03701581 -0.3627549 -0.352179 0.1893094 -0.1364297 -0.5192789 0.0581677 -0.2030581 -0.4367865 0.2453619 -0.09835629 -0.5277396 0.0581677 0.005287972 -0.5330276 0.08672275 0.008460755 -0.5330276 0.08778035 0.06345567 -0.5287973 0.08883794 0.002115189 -0.4748599 0.2569955 0.06874365 -0.5256245 0.1036443 -0.1480632 -0.3627549 0.3722733 0.07826199 -0.4780327 0.2400739 0.07826199 -0.4040011 0.3500638 0.1152778 -0.469572 0.2400739 0.1406601 -0.4029435 0.3320847 0.2125765 -0.4071739 0.2844929 0.1332569 -0.5139909 0.1025867 0.273917 -0.3722733 0.2792049 0.3659277 -0.3701581 0.1459481 0.2844929 -0.4325562 0.1554664 0.3204511 -0.4346713 -0.005287972 0.2020005 -0.4494776 0.2210372 0.2506499 -0.4738023 0.07085884 0.3045872 -0.4431321 0.04759175 0.1501784 -0.5129333 0.08143478 0.3141056 -0.4389017 -0.02643986 0.3151631 -0.3172784 0.3035296 0.3278543 -0.2369012 0.3585245 0.1459481 -0.341603 0.3923675 0.3965979 -0.313048 0.1924822 0.1131626 -0.386022 0.3606397 0 -0.3680429 0.3965979 0.3743884 -0.3817916 0.08037718 0.4050587 -0.352179 0.06768604 0.2337284 -0.3987131 0.2802625 0.375446 -0.3891948 -0.008460755 0.3965979 -0.3669853 -0.007403161 0.2580531 -0.4515928 0.1480632 0.3458334 -0.4124618 -0.04970694 0.3511214 -0.3934252 -0.1216234 0.3997707 -0.3236239 -0.1670999 0.3394878 -0.2992992 -0.2961265 0.3162207 -0.3532366 -0.2601683 0.151236 -0.2749746 -0.4399593 0.2580531 -0.4473625 -0.1596968 0.06345567 -0.3564093 -0.4008283 -0.07931959 -0.3891948 -0.3659277 0.1417177 -0.4759175 -0.2125765 -0.09835629 -0.3849644 -0.3659277 -0.1269113 -0.3796764 -0.3638125 -0.03490062 -0.4040011 -0.3574669 -0.2411315 -0.3944828 -0.2802625 -0.3447758 -0.3088176 -0.2792049 -0.1343145 -0.3870796 -0.352179 -0.3786188 -0.3765036 -0.08249237 -0.4378441 -0.3045872 -0.08883794 -0.3141056 -0.4156346 -0.1448904 -0.4050587 -0.3542942 0.04759175 -0.4568808 -0.2887233 -0.004230378 -0.4389017 -0.2982416 0.1036443 -0.2062309 -0.3965979 -0.3045872 -0.3299695 -0.3638125 0.2252676 -0.3881372 -0.2231524 0.302472 -0.1205658 -0.3532366 0.3913099 -0.3796764 -0.375446 -0.08037718 -0.1152778 -0.3839068 0.3627549 -0.3553517 -0.4018859 0.06662845 -0.2369012 -0.4441897 0.1977702 0.003172783 -0.3870796 0.3775612 -0.3743884 -0.3384302 0.1924822 0.01797911 -0.3976555 0.3648701 -0.1808487 -0.4357289 0.263341 -0.2168069 -0.4907238 0.06239808 0.1205658 -0.4812055 0.2157493 0.0200943 -0.5012998 0.1998854 0.1755607 -0.5108181 0.03067024 -0.2929537 -0.4547656 -0.005287972 -0.05393732 -0.5330276 0.07297403 0.05499491 -0.537258 0.02432467 -0.06768604 -0.5362004 0.01057594 -0.273917 -0.458996 -0.0772044 -0.0200943 -0.4759175 -0.2548803 0.1216234 -0.4991846 -0.1681575 0.1374873 -0.4336137 -0.2908385 0.1967126 -0.4262106 -0.268629 0.3363151 -0.4156346 -0.07826199</float_array>
          <technique_common>
            <accessor source="#polySurface28__MoundC-normal-array" count="172" stride="3">
              <param name="X" type="float" />
              <param name="Y" type="float" />
              <param name="Z" type="float" />
            </accessor>
          </technique_common>
        </source>
        <source id="polySurface28__MoundC-texcoord">
          <float_array id="polySurface28__MoundC-texcoord-array" count="344">0.9024643 0.4514229 0.9838865 0.4459296 0.9596246 0.6147555 0.9447471 0.2823834 0.8799878 0.594873 0.913817 0.7400473 0.8470894 0.3225147 0.8685282 0.1794003 0.8233463 0.6880598 0.849546 0.8300908 0.8196841 0.5544976 0.7717251 0.6406653 0.7662318 0.7571985 0.7215534 0.7035782 0.6826734 0.8285801 0.7305104 0.9279317 0.6573586 0.7586175 0.6742657 0.6649271 0.5736782 0.9060197 0.5822385 0.9758755 0.5722744 0.8147249 0.4707713 0.8964218 0.412665 0.9925078 0.5660792 0.7561151 0.3510796 0.862211 0.2970626 0.9712825 0.5033188 0.7986572 0.4123751 0.7847105 0.2501106 0.8014649 0.1648737 0.896437 0.07003891 0.7808194 0.308217 0.7261921 0.1529717 0.7011063 0.01840238 0.6085145 0.2317998 0.651194 0.09742886 0.5728542 0.01611353 0.4504921 0.1712825 0.5550774 0.1181201 0.4390326 0.05691615 0.3099717 0.1846342 0.2910201 0.1262989 0.2041047 0.1954986 0.4515755 0.2966354 0.1829709 0.2419165 0.09512472 0.260792 0.3231098 0.2582589 0.4777752 0.4246433 0.1169604 0.4241093 0.007492185 0.3617456 0.2281224 0.5832608 0.1216144 0.6016175 0.02738994 0.7463951 0.0867933 0.4513619 0.1858397 0.329839 0.3546197 0.4257877 0.2710155 0.6982529 0.1726558 0.5605707 0.1963378 0.7911498 0.2531319 0.656733 0.2396124 0.7417411 0.3163043 0.6192569 0.2877089 0.4643473 0.2434119 0.5175402 0.2579538 0.4729992 0.3066759 0.442237 0.3345846 0.5161822 0.3356527 0.4850538 0.3719234 0.4032044 0.3719844 0.455314 0.4113527 0.5364309 0.4012207 0.3697871 0.4373388 0.3437552 0.4778057 0.414023 0.4742046 0.3238422 0.5206379 0.5014267 0.455848 0.3876554 0.5133898 0.4680552 0.5048447 0.2652934 0.578851 0.3580377 0.5547875 0.3386435 0.651316 0.431693 0.5465934 0.3952239 0.5913024 0.3955444 0.697795 0.4325933 0.6213321 0.4634623 0.7293202 0.4886854 0.6562142 0.5305867 0.7430838 0.4705577 0.5720149 0.5640955 0.6884565 0.5217823 0.6207675 0.5068742 0.5303121 0.5648738 0.5720454 0.5437858 0.4860303 0.6171969 0.6176242 0.6036469 0.5318532 0.612192 0.7184253 0.6454414 0.5786221 0.7130389 0.5926299 0.6829023 0.5203632 0.7717098 0.5068895 0.8099489 0.4652171 0.6471351 0.4797589 0.8317235 0.4499275 0.7856107 0.3660182 0.7503929 0.4129092 0.7042191 0.367834 0.7204547 0.4569162 0.6816663 0.4194857 0.6283055 0.3874571 0.5852903 0.4304875 0.56495 0.3616999 0.9024643 0.4514229 0.9838865 0.4459296 0.9596246 0.6147555 0.9447471 0.2823834 0.8457313 0.5693904 0.8977493 0.7625543 0.7746395 0.3535821 0.8685282 0.1794003 0.824918 0.4547036 0.6748913 0.2103151 0.7463951 0.0867933 0.7275044 0.4374609 0.6192569 0.2877089 0.5804227 0.130953 0.6016175 0.02738994 0.4241093 0.007492185 0.4246433 0.1169604 0.2419165 0.09512472 0.4497444 0.2339666 0.2966354 0.1829709 0.09159991 0.2570382 0.3617456 0.2281224 0.147219 0.3742733 0.01611353 0.4504921 0.3125658 0.346746 0.1158923 0.5684139 0.01840238 0.6085145 0.2229648 0.463035 0.1529717 0.7011063 0.07003891 0.7808194 0.2611124 0.5878843 0.3132219 0.8394293 0.1648737 0.896437 0.347631 0.9805753 0.3238422 0.5206379 0.5672541 0.9054246 0.5822385 0.9758755 0.7305104 0.9279317 0.3215229 0.693431 0.6684367 0.7892271 0.4087892 0.7163043 0.5421073 0.8076906 0.7947814 0.7226215 0.5350271 0.7447165 0.6907607 0.6524147 0.5640955 0.6884565 0.4969711 0.6473488 0.6806592 0.5178149 0.6175326 0.6098878 0.5455863 0.406714 0.4209201 0.6119478 0.4841688 0.5563744 0.5067216 0.459617 0.4521554 0.5231098 0.3672999 0.5418478 0.3919127 0.4557717 0.4664683 0.3965667 0.4080873 0.3673152 0.4729992 0.3066759 0.5344625 0.3454185</float_array>
          <technique_common>
            <accessor source="#polySurface28__MoundC-texcoord-array" count="172" stride="2">
              <param name="S" type="float" />
              <param name="T" type="float" />
            </accessor>
          </technique_common>
        </source>
        <vertices id="polySurface28__MoundC-vertex">
          <input semantic="POSITION" source="#polySurface28__MoundC-position" />
        </vertices>
        <triangles material="MoundC" count="202">
          <input semantic="VERTEX" source="#polySurface28__MoundC-vertex" offset="0" />
          <input semantic="NORMAL" source="#polySurface28__MoundC-normal" offset="1" />
          <input semantic="TEXCOORD" source="#polySurface28__MoundC-texcoord" offset="2" set="0" />
          <p>0 0 0 1 1 1 2 2 2 3 3 3 1 1 1 0 0 0 4 4 4 0 0 0 2 2 2 4 4 4 2 2 2 5 5 5 6 6 6 3 3 3 0 0 0 7 7 7 3 3 3 6 6 6 8 8 8 4 4 4 5 5 5 8 8 8 5 5 5 9 9 9 0 0 0 4 4 4 10 10 10 8 8 8 11 11 11 4 4 4 11 11 11 10 10 10 4 4 4 12 12 12 8 8 8 9 9 9 11 11 11 8 8 8 13 13 13 8 8 8 12 12 12 13 13 13 12 12 12 9 9 9 14 14 14 9 9 9 15 15 15 14 14 14 13 13 13 12 12 12 16 16 16 12 12 12 14 14 14 16 16 16 13 13 13 17 17 17 11 11 11 17 17 17 13 13 13 16 16 16 14 14 14 15 15 15 18 18 18 15 15 15 19 19 19 18 18 18 14 14 14 18 18 18 20 20 20 16 16 16 14 14 14 20 20 20 18 18 18 19 19 19 21 21 21 20 20 20 18 18 18 21 21 21 19 19 19 22 22 22 21 21 21 20 20 20 23 23 23 16 16 16 24 24 24 21 21 21 22 22 22 25 25 25 24 24 24 22 22 22 26 26 26 20 20 20 21 21 21 20 20 20 26 26 26 23 23 23 24 24 24 27 27 27 21 21 21 27 27 27 26 26 26 21 21 21 24 24 24 25 25 25 28 28 28 25 25 25 29 29 29 28 28 28 28 28 28 29 29 29 30 30 30 27 27 27 24 24 24 31 31 31 24 24 24 28 28 28 31 31 31 32 32 32 28 28 28 30 30 30 32 32 32 30 30 30 33 33 33 31 31 31 28 28 28 34 34 34 28 28 28 32 32 32 34 34 34 35 35 35 32 32 32 33 33 33 33 33 33 36 36 36 35 35 35 32 32 32 35 35 35 37 37 37 34 34 34 32 32 32 37 37 37 36 36 36 38 38 38 35 35 35 35 35 35 38 38 38 37 37 37 36 36 36 39 39 39 38 38 38 39 39 39 40 40 40 38 38 38 39 39 39 41 41 41 40 40 40 38 38 38 42 42 42 37 37 37 38 38 38 40 40 40 42 42 42 40 40 40 41 41 41 43 43 43 41 41 41 44 44 44 43 43 43 40 40 40 45 45 45 42 42 42 40 40 40 43 43 43 45 45 45 37 37 37 42 42 42 46 46 46 42 42 42 45 45 45 46 46 46 47 47 47 43 43 43 44 44 44 48 48 48 47 47 47 44 44 44 43 43 43 49 49 49 45 45 45 43 43 43 47 47 47 49 49 49 47 47 47 48 48 48 50 50 50 48 48 48 51 51 51 50 50 50 50 50 50 51 51 51 52 52 52 47 47 47 53 53 53 49 49 49 53 53 53 47 47 47 50 50 50 45 45 45 49 49 49 54 54 54 45 45 45 54 54 54 46 46 46 55 55 55 49 49 49 53 53 53 49 49 49 55 55 55 54 54 54 56 56 56 50 50 50 52 52 52 56 56 56 52 52 52 7 7 7 57 57 57 53 53 53 50 50 50 57 57 57 50 50 50 56 56 56 58 58 58 56 56 56 7 7 7 58 58 58 7 7 7 6 6 6 59 59 59 56 56 56 58 58 58 59 59 59 57 57 57 56 56 56 60 60 60 59 59 59 58 58 58 60 60 60 58 58 58 6 6 6 57 57 57 59 59 59 61 61 61 59 59 59 60 60 60 61 61 61 53 53 53 57 57 57 62 62 62 62 62 62 55 55 55 53 53 53 57 57 57 63 63 63 62 62 62 63 63 63 57 57 57 61 61 61 55 55 55 62 62 62 64 64 64 62 62 62 63 63 63 64 64 64 65 65 65 55 55 55 64 64 64 64 64 64 63 63 63 66 66 66 66 66 66 63 63 63 61 61 61 67 67 67 65 65 65 64 64 64 66 66 66 67 67 67 64 64 64 65 65 65 68 68 68 55 55 55 68 68 68 54 54 54 55 55 55 67 67 67 69 69 69 65 65 65 69 69 69 68 68 68 65 65 65 67 67 67 66 66 66 70 70 70 69 69 69 67 67 67 70 70 70 54 54 54 68 68 68 71 71 71 68 68 68 69 69 69 71 71 71 72 72 72 54 54 54 71 71 71 46 46 46 54 54 54 72 72 72 69 69 69 73 73 73 71 71 71 72 72 72 71 71 71 73 73 73 46 46 46 72 72 72 74 74 74 69 69 69 75 75 75 73 73 73 75 75 75 69 69 69 70 70 70 76 76 76 72 72 72 73 73 73 72 72 72 76 76 76 74 74 74 75 75 75 77 77 77 73 73 73 78 78 78 46 46 46 74 74 74 78 78 78 37 37 37 46 46 46 37 37 37 78 78 78 34 34 34 74 74 74 79 79 79 78 78 78 76 76 76 79 79 79 74 74 74 34 34 34 78 78 78 80 80 80 79 79 79 80 80 80 78 78 78 34 34 34 80 80 80 31 31 31 76 76 76 81 81 81 79 79 79 76 76 76 73 73 73 81 81 81 73 73 73 77 77 77 81 81 81 80 80 80 79 79 79 82 82 82 81 81 81 82 82 82 79 79 79 31 31 31 80 80 80 83 83 83 31 31 31 83 83 83 27 27 27 82 82 82 84 84 84 80 80 80 82 82 82 81 81 81 84 84 84 84 84 84 83 83 83 80 80 80 27 27 27 83 83 83 85 85 85 27 27 27 85 85 85 26 26 26 84 84 84 86 86 86 83 83 83 86 86 86 85 85 85 83 83 83 85 85 85 87 87 87 26 26 26 85 85 85 86 86 86 87 87 87 26 26 26 87 87 87 23 23 23 81 81 81 88 88 88 84 84 84 84 84 84 88 88 88 86 86 86 88 88 88 81 81 81 77 77 77 86 86 86 89 89 89 87 87 87 87 87 87 89 89 89 23 23 23 88 88 88 90 90 90 86 86 86 86 86 86 90 90 90 89 89 89 91 91 91 88 88 88 77 77 77 77 77 77 75 75 75 91 91 91 90 90 90 88 88 88 92 92 92 88 88 88 91 91 91 92 92 92 75 75 75 93 93 93 91 91 91 91 91 91 93 93 93 92 92 92 93 93 93 75 75 75 70 70 70 90 90 90 92 92 92 94 94 94 89 89 89 90 90 90 94 94 94 93 93 93 95 95 95 92 92 92 89 89 89 96 96 96 23 23 23 89 89 89 94 94 94 96 96 96 23 23 23 96 96 96 16 16 16 96 96 96 17 17 17 16 16 16 94 94 94 17 17 17 96 96 96 97 97 97 94 94 94 92 92 92 94 94 94 97 97 97 17 17 17 95 95 95 97 97 97 92 92 92 97 97 97 98 98 98 17 17 17 17 17 17 98 98 98 11 11 11 11 11 11 98 98 98 10 10 10 98 98 98 97 97 97 99 99 99 97 97 97 95 95 95 99 99 99 98 98 98 100 100 100 10 10 10 98 98 98 99 99 99 100 100 100 10 10 10 100 100 100 101 101 101 95 95 95 102 102 102 99 99 99 103 103 103 10 10 10 101 101 101 103 103 103 0 0 0 10 10 10 6 6 6 0 0 0 103 103 103 104 104 104 6 6 6 103 103 103 103 103 103 101 101 101 104 104 104 104 104 104 60 60 60 6 6 6 101 101 101 105 105 105 104 104 104 105 105 105 101 101 101 100 100 100 60 60 60 104 104 104 106 106 106 104 104 104 105 105 105 106 106 106 60 60 60 106 106 106 61 61 61 107 107 107 105 105 105 100 100 100 99 99 99 107 107 107 100 100 100 99 99 99 102 102 102 107 107 107 105 105 105 107 107 107 108 108 108 106 106 106 105 105 105 108 108 108 102 102 102 108 108 108 107 107 107 109 109 109 106 106 106 108 108 108 109 109 109 108 108 108 102 102 102 109 109 109 61 61 61 106 106 106 110 110 110 109 109 109 102 102 102 102 102 102 95 95 95 110 110 110 95 95 95 93 93 93 110 110 110 110 110 110 93 93 93 70 70 70 111 111 111 61 61 61 109 109 109 109 109 109 110 110 110 111 111 111 110 110 110 70 70 70 111 111 111 66 66 66 61 61 61 111 111 111 66 66 66 111 111 111 70 70 70 </p>
        </triangles>
      </mesh>
    </geometry>
    <geometry id="polySurface29__GrassRord05-mesh" name="polySurface29__GrassRord05">
      <mesh>
        <source id="polySurface29__GrassRord05-position">
          <float_array id="polySurface29__GrassRord05-position-array" count="3207">-5.056242 4.836172 -9.528961 -7.948673 4.809509 -7.079124 -7.838079 5.635961 -6.995626 -4.897495 5.667793 -9.343991 -2.20651 4.707735 -10.34597 -7.467984 6.696086 -6.729767 -2.038255 5.528204 -10.07224 -4.570805 6.3685 -8.894506 -6.962558 7.105132 -6.769773 -1.815709 6.400759 -9.740809 -4.44464 6.688156 -8.495286 -1.725792 6.808285 -9.398002 -7.838079 5.635961 -6.995626 -7.948673 4.809509 -7.079124 -9.942842 5.608299 -3.846448 -9.900959 6.435444 -3.798065 -10.55441 5.553057 -0.8847266 -7.467984 6.696086 -6.729767 -10.50092 6.427408 -0.8126626 -9.696886 7.178724 -3.744047 -10.18479 7.529832 -0.7655223 -9.35039 7.599495 -3.65202 -6.962558 7.105132 -6.769773 -9.901994 7.973046 -0.7478916 -10.5065 5.256211 2.398318 -9.871916 4.34286 4.660532 -9.709931 5.312002 4.792968 -10.37323 6.181489 2.43289 -10.55441 5.553057 -0.8847266 -9.038754 6.511595 4.596506 -10.50092 6.427408 -0.8126626 -9.927797 7.160634 2.307261 -8.70606 6.919839 4.567148 -10.18479 7.529832 -0.7655223 -9.627847 7.569512 2.223814 -9.901994 7.973046 -0.7478916 -7.254241 6.449344 7.162935 -8.70606 6.919839 4.567148 -9.038754 6.511595 4.596506 -7.418071 5.988665 7.287783 -4.250844 6.001917 9.201749 -9.709931 5.312002 4.792968 -4.251823 5.545975 9.540544 -7.401932 4.278491 7.794087 -9.871916 4.34286 4.660532 -4.361758 4.957633 9.755616 -7.429055 3.250668 7.707619 -4.304321 3.922743 9.816392 -8.380159 9.34058 4.389875 -8.316557 9.339767 1.330298 -8.231792 7.722199 1.342593 -8.279313 7.713934 4.422439 -7.722893 6.35859 1.399894 -8.379941 9.340481 4.815842 -7.760987 6.346086 4.574208 -8.263953 7.716991 5.004529 -8.208 9.338688 5.145669 -7.643955 6.384357 5.097371 -7.941925 7.770432 5.365771 -7.860017 9.335547 5.368224 -7.441203 6.450434 5.369632 -7.494811 7.842669 5.638322 -7.235752 9.330543 5.436332 -7.128045 6.551979 5.522413 -6.964549 7.92726 5.615604 -6.624617 6.714426 5.565726 -6.780581 9.327218 5.357417 -6.469164 8.005527 5.504317 -6.624617 6.714426 5.565726 -6.191196 6.853735 5.487315 -6.232206 9.323244 5.13977 -5.753565 6.994244 5.329371 -5.926459 8.091677 5.359697 -5.698402 9.318811 5.019928 -5.312676 7.14928 4.99381 -5.355568 8.202772 4.947309 4.21935 16.47089 1.330298 4.239345 16.51846 4.389875 5.41224 15.6548 1.342593 5.438571 15.69419 4.422439 4.239408 16.51863 4.815842 6.402554 14.59107 1.378577 5.425812 15.67519 4.886382 4.184816 16.38876 5.145669 6.421604 14.61014 4.517745 7.208549 13.3617 1.439867 5.338 15.54344 5.20908 4.07368 16.12446 5.368224 6.377348 14.56546 5.019687 7.228731 13.37518 4.680079 7.808912 12.03864 1.464686 5.080126 15.15411 5.54359 3.873489 15.64834 5.436332 6.245488 14.43181 5.408451 7.15903 13.3283 5.178923 7.843954 12.05365 4.745816 8.300926 10.6926 4.726927 8.262519 10.68423 1.457554 7.768737 12.02143 5.275878 8.443644 9.245028 4.574208 8.413425 9.244663 1.399894 8.209491 10.67258 5.264074 8.349922 9.244301 5.097371 8.324953 7.78932 4.422439 8.290184 7.796272 1.342593 7.892069 6.398912 4.389875 7.847164 6.418104 1.330298 7.891737 6.399089 4.815842 8.31459 7.791262 5.004529 7.770562 6.450765 5.145669 8.073413 7.840312 5.365771 7.526926 6.554442 5.368224 8.185538 9.243757 5.369632 7.733585 7.909917 5.638322 7.090144 6.740169 5.436331 7.924773 9.243658 5.522413 7.978349 10.62511 5.587363 7.494572 9.244442 5.565726 7.3274 7.993294 5.615604 6.771886 6.875419 5.357417 7.525449 10.53503 5.884768 7.162202 10.4635 5.903215 7.527962 11.92067 5.619921 7.035971 11.71826 5.959931 6.683868 11.5743 6.004545 6.157835 12.6516 5.948902 6.962027 13.19519 5.552327 6.483178 12.87162 5.939192 5.879628 14.05793 5.764977 5.582433 13.75317 5.818501 4.847778 14.80214 5.610047 3.727093 15.30014 5.357417 4.588543 14.40849 5.481527 3.550686 14.88058 5.139769 5.281523 13.44388 5.725514 4.382139 14.09424 5.25824 3.379698 14.47391 4.825868 4.009327 13.55744 4.845839 5.031012 13.18586 5.584786 4.5713 12.72823 4.965554 5.81777 12.42149 5.848937 6.683868 11.5743 6.004545 5.5029 12.20818 5.681747 4.99045 11.86664 5.062529 5.433407 11.06182 5.151731 5.979457 11.28649 5.720269 5.855134 10.20385 5.147297 6.324058 11.42724 5.907937 6.757745 10.38462 5.774682 7.162202 10.4635 5.903215 6.390814 10.31389 5.594613 6.73773 9.248381 5.329371 6.187935 9.134821 5.04137 7.117479 9.246022 5.487315 7.494572 9.244442 5.565726 6.946395 8.071778 5.504317 6.38902 7.03805 5.13977 6.531971 8.157442 5.359697 6.017459 7.195944 4.825868 6.099477 8.228579 4.947309 4.239345 16.51846 4.389875 4.21935 16.47089 1.330298 2.915676 17.15735 1.354891 2.925554 17.20119 4.455013 4.239408 16.51863 4.815842 1.445863 17.467 1.374548 2.915126 17.1549 4.956925 4.184816 16.38876 5.145669 1.447858 17.50983 4.507077 -0.05627322 17.54704 4.455013 -0.05011669 17.50119 1.354891 -1.425896 17.32827 1.330298 -1.4443 17.38512 4.389875 -1.442063 17.38367 4.815842 -0.04977399 17.49864 4.956925 -1.392589 17.23093 5.145669 1.445152 17.4458 5.055715 -0.01053511 17.24082 5.326237 -1.295942 16.93394 5.368225 2.861121 16.90751 5.326237 4.07368 16.12446 5.368224 1.436915 17.13504 5.396932 0.06168166 16.80421 5.522714 -1.124954 16.41299 5.436315 1.428051 16.68487 5.583667 2.76877 16.48199 5.522714 3.873489 15.64834 5.436332 2.653987 15.95102 5.578867 0.1570772 16.26773 5.578867 -1.000052 16.04 5.357417 1.419981 16.12151 5.651773 0.2471258 15.77958 5.492287 -0.8473525 15.59597 5.13977 1.412706 15.58258 5.572846 0.3300505 15.32956 5.266496 -0.6936474 15.16555 4.825868 0.4031179 14.89044 4.952592 3.873489 15.64834 5.436332 3.727093 15.30014 5.357417 1.404936 15.12688 5.355213 1.394828 14.67998 5.041312 2.548408 15.46291 5.492287 3.550686 14.88058 5.139769 2.450138 15.0111 5.266496 2.35887 14.5681 4.952592 3.379698 14.47391 4.825868 -8.316557 9.339767 1.330298 -8.380159 9.34058 4.389875 -8.15591 10.774 1.342593 -8.213322 10.78345 4.422439 -8.379941 9.340481 4.815842 -7.868635 12.21076 1.378577 -8.185758 10.7789 4.886382 -8.208 9.338688 5.145669 -7.946626 12.23665 4.517745 -7.232154 13.55758 1.439867 -7.996255 10.74801 5.259251 -7.860017 9.335547 5.368224 -7.869694 12.21097 5.019687 -7.284908 13.584 4.680079 -6.274635 14.76051 1.464686 -7.659902 10.69361 5.498746 -7.235752 9.330543 5.436332 -7.632901 12.13296 5.405632 -7.166288 13.5242 5.127638 -6.332054 14.80186 4.745816 -5.23014 15.81108 4.726927 -5.17424 15.75686 1.457554 -6.219543 14.72039 5.224593 -6.871256 13.37202 5.598046 -4.037811 16.57553 4.574208 -3.98777 16.50919 1.399894 -5.125711 15.70989 5.212773 -2.702959 17.06704 4.422439 -2.682023 17.02624 1.342593 -1.4443 17.38512 4.389875 -1.425896 17.32827 1.330298 -1.442063 17.38367 4.815842 -2.671234 17.00393 4.886382 -1.392589 17.23093 5.145669 -3.965521 16.48079 5.097371 -2.599419 16.86371 5.259251 -2.458363 16.57965 5.498746 -1.295942 16.93394 5.368225 -3.838575 16.3042 5.475423 -2.163542 15.96738 5.629097 -1.124954 16.41299 5.436315 -1.000052 16.04 5.357417 -3.556996 15.89853 5.755612 -4.905154 15.47803 5.674522 -3.081922 15.19165 5.832181 -4.449107 14.97294 5.952981 -3.900087 14.34893 5.994876 -1.891573 15.3943 5.561045 -0.8473525 15.59597 5.13977 -3.081922 15.19165 5.832181 -1.612504 14.81149 5.34882 -2.675271 14.59253 5.713883 -3.900087 14.34893 5.994876 -2.244854 13.97032 5.447747 -3.362647 13.77421 5.901699 -4.678533 13.50883 6.044747 -2.806611 13.21735 5.55139 -3.993882 12.98927 5.914424 -3.333523 12.5118 5.56413 -3.955042 11.8605 5.474944 -4.700754 12.2396 5.82521 -4.665206 11.16211 5.377954 -5.446695 12.6265 5.918401 -5.474245 11.42769 5.644093 -5.463251 10.3407 5.34882 -6.194863 10.45838 5.530028 -6.232206 9.323244 5.13977 -6.780581 9.327218 5.357417 -6.245822 11.68054 5.762405 -6.910794 10.57306 5.573637 -7.134534 11.96997 5.685835 -6.232722 13.03903 5.876494 -5.937195 14.50751 5.672984 -5.31881 14.02083 5.991073 -4.678533 13.50883 6.044747 -8.316557 9.339767 1.330298 -8.380159 9.34058 -4.388007 -8.231792 7.722199 1.342593 -8.279313 7.713934 -4.42057 -7.722893 6.35859 1.399894 -8.379941 9.340481 -4.813972 -7.760987 6.346086 -4.572339 -8.263953 7.716991 -5.002659 -8.208 9.338688 -5.1438 -7.643955 6.384357 -5.095502 -7.941925 7.770432 -5.363902 -7.860017 9.335547 -5.366355 -7.441203 6.450434 -5.367762 -7.494811 7.842669 -5.636453 -7.235752 9.330543 -5.434463 -7.128045 6.551979 -5.520544 -6.964549 7.92726 -5.613734 -6.624617 6.714426 -5.563857 -6.780581 9.327218 -5.355547 -6.469164 8.005527 -5.502448 -6.624617 6.714426 -5.563857 -6.191196 6.853735 -5.485446 -6.232206 9.323244 -5.137901 -5.753565 6.994244 -5.327503 -5.926459 8.091677 -5.357827 -5.698402 9.318811 -5.018058 -5.312676 7.14928 -4.991941 -5.355568 8.202772 -4.94544 4.21935 16.47089 1.330298 5.41224 15.6548 1.342593 4.239345 16.51846 -4.388007 5.438571 15.69419 -4.42057 6.402554 14.59107 1.378577 4.239408 16.51863 -4.813972 6.421604 14.61014 -4.515877 7.208549 13.3617 1.439867 5.425812 15.67519 -4.884514 4.184816 16.38876 -5.143799 7.228731 13.37518 -4.67821 7.808912 12.03864 1.464686 6.377348 14.56546 -5.017817 5.338 15.54344 -5.207211 4.07368 16.12446 -5.366355 7.15903 13.3283 -5.177054 5.080126 15.15411 -5.541721 3.873489 15.64834 -5.434463 6.245488 14.43181 -5.406582 4.847778 14.80214 -5.608178 3.727093 15.30014 -5.355547 5.879628 14.05793 -5.763108 4.588543 14.40849 -5.479658 3.550686 14.88058 -5.137899 5.582433 13.75317 -5.816632 6.962027 13.19519 -5.550458 4.382139 14.09424 -5.25637 3.379698 14.47391 -4.823999 4.009327 13.55744 -4.843969 5.281523 13.44388 -5.723645 5.031012 13.18586 -5.582917 4.5713 12.72823 -4.963684 6.157835 12.6516 -5.947032 5.5029 12.20818 -5.679878 4.99045 11.86664 -5.060659 5.433407 11.06182 -5.149862 5.81777 12.42149 -5.847067 5.979457 11.28649 -5.7184 5.855134 10.20385 -5.145429 6.683868 11.5743 -6.002676 6.324058 11.42724 -5.906067 6.390814 10.31389 -5.592744 6.757745 10.38462 -5.772813 7.162202 10.4635 -5.901345 6.73773 9.248381 -5.327503 6.187935 9.134821 -5.039501 7.117479 9.246022 -5.485446 7.494572 9.244442 -5.563857 7.3274 7.993294 -5.613734 6.531971 8.157442 -5.357827 6.099477 8.228579 -4.94544 6.017459 7.195944 -4.823999 6.38902 7.03805 -5.137901 6.946395 8.071778 -5.502448 6.771886 6.875419 -5.355547 7.090144 6.740169 -5.434462 7.733585 7.909917 -5.636453 7.526926 6.554442 -5.366355 7.494572 9.244442 -5.563857 8.073413 7.840312 -5.363902 7.770562 6.450765 -5.1438 7.924773 9.243658 -5.520544 7.525449 10.53503 -5.882898 7.162202 10.4635 -5.901345 8.31459 7.791262 -5.002659 7.891737 6.399089 -4.813972 7.035971 11.71826 -5.958062 6.683868 11.5743 -6.002676 8.324953 7.78932 -4.42057 7.892069 6.398912 -4.388007 7.847164 6.418104 1.330298 8.290184 7.796272 1.342593 8.413425 9.244663 1.399894 8.443644 9.245028 -4.572339 8.262519 10.68423 1.457554 8.349922 9.244301 -5.095502 8.300926 10.6926 -4.725058 8.185538 9.243757 -5.367762 8.209491 10.67258 -5.262204 7.843954 12.05365 -4.743947 7.978349 10.62511 -5.585494 7.768737 12.02143 -5.274009 7.527962 11.92067 -5.618052 6.483178 12.87162 -5.937323 4.21935 16.47089 1.330298 4.239345 16.51846 -4.388007 2.915676 17.15735 1.354891 2.925554 17.20119 -4.453144 4.239408 16.51863 -4.813972 1.445863 17.467 1.374548 2.915126 17.1549 -4.955056 4.184816 16.38876 -5.143799 1.447858 17.50983 -4.505208 -0.05627322 17.54704 -4.453144 -0.05011669 17.50119 1.354891 -1.425896 17.32827 1.330298 -1.4443 17.38512 -4.388007 -1.442063 17.38367 -4.813972 -0.04977399 17.49864 -4.955056 -1.392589 17.23093 -5.1438 1.445152 17.4458 -5.053847 -0.01053511 17.24082 -5.324368 -1.295942 16.93394 -5.366355 2.861121 16.90751 -5.324368 4.07368 16.12446 -5.366355 1.436915 17.13504 -5.395063 0.06168166 16.80421 -5.520845 -1.124954 16.41299 -5.434446 1.428051 16.68487 -5.581798 2.76877 16.48199 -5.520845 3.873489 15.64834 -5.434463 2.653987 15.95102 -5.576998 0.1570772 16.26773 -5.576998 -1.000052 16.04 -5.355547 1.419981 16.12151 -5.649904 0.2471258 15.77958 -5.490418 -0.8473525 15.59597 -5.137901 1.412706 15.58258 -5.570977 0.3300505 15.32956 -5.264627 -0.6936474 15.16555 -4.823999 0.4031179 14.89044 -4.950724 1.404936 15.12688 -5.353344 1.394828 14.67998 -5.039443 2.548408 15.46291 -5.490418 2.450138 15.0111 -5.264627 2.35887 14.5681 -4.950724 3.379698 14.47391 -4.823999 3.550686 14.88058 -5.137899 3.727093 15.30014 -5.355547 3.873489 15.64834 -5.434463 -8.316557 9.339767 1.330298 -8.15591 10.774 1.342593 -8.380159 9.34058 -4.388007 -8.213322 10.78345 -4.42057 -7.868635 12.21076 1.378577 -8.379941 9.340481 -4.813972 -7.946626 12.23665 -4.515877 -7.232154 13.55758 1.439867 -8.185758 10.7789 -4.884514 -8.208 9.338688 -5.1438 -7.284908 13.584 -4.67821 -6.274635 14.76051 1.464686 -7.869694 12.21097 -5.017817 -7.996255 10.74801 -5.257382 -7.860017 9.335547 -5.366355 -7.166288 13.5242 -5.125769 -7.659902 10.69361 -5.496878 -7.235752 9.330543 -5.434463 -7.632901 12.13296 -5.403762 -6.910794 10.57306 -5.571768 -6.780581 9.327218 -5.355547 -7.134534 11.96997 -5.683967 -6.194863 10.45838 -5.528159 -6.232206 9.323244 -5.137901 -5.463251 10.3407 -5.346951 -6.245822 11.68054 -5.760536 -5.474245 11.42769 -5.642223 -4.665206 11.16211 -5.376084 -6.232722 13.03903 -5.874625 -4.700754 12.2396 -5.823341 -3.955042 11.8605 -5.473074 -5.446695 12.6265 -5.916532 -3.993882 12.98927 -5.912555 -3.333523 12.5118 -5.562262 -2.806611 13.21735 -5.549521 -4.678533 13.50883 -6.042878 -3.362647 13.77421 -5.89983 -2.244854 13.97032 -5.445878 -3.900087 14.34893 -5.993007 -2.675271 14.59253 -5.712014 -1.612504 14.81149 -5.346951 -3.081922 15.19165 -5.830313 -1.891573 15.3943 -5.559176 -0.8473525 15.59597 -5.137901 -1.000052 16.04 -5.355547 -2.163542 15.96738 -5.627227 -1.124954 16.41299 -5.434446 -1.295942 16.93394 -5.366355 -2.458363 16.57965 -5.496878 -1.392589 17.23093 -5.1438 -3.556996 15.89853 -5.753743 -3.081922 15.19165 -5.830313 -2.599419 16.86371 -5.257382 -4.449107 14.97294 -5.951111 -3.900087 14.34893 -5.993007 -3.838575 16.3042 -5.473554 -4.905154 15.47803 -5.672652 -5.31881 14.02083 -5.989203 -4.678533 13.50883 -6.042878 -5.937195 14.50751 -5.671115 -5.125711 15.70989 -5.210905 -6.871256 13.37202 -5.596177 -6.219543 14.72039 -5.222724 -6.332054 14.80186 -4.743947 -5.23014 15.81108 -4.725058 -5.17424 15.75686 1.457554 -3.965521 16.48079 -5.095502 -4.037811 16.57553 -4.572339 -3.98777 16.50919 1.399894 -2.671234 17.00393 -4.884514 -1.442063 17.38367 -4.813972 -2.702959 17.06704 -4.42057 -2.682023 17.02624 1.342593 -1.4443 17.38512 -4.388007 -1.425896 17.32827 1.330298 3.940108 5.279007 -9.648401 4.05801 4.391984 -9.824644 0.5935097 4.42065 -10.56065 0.6271175 5.280936 -10.29157 -2.20651 4.707735 -10.34597 -2.038255 5.528204 -10.07224 -1.815709 6.400759 -9.740809 0.7131147 6.15945 -9.949733 3.837556 6.147552 -9.355088 0.7397706 6.578593 -9.611059 -1.725792 6.808285 -9.398002 3.7737 6.598465 -9.016729 -4.361758 4.957633 9.755616 -4.304321 3.922743 9.816392 -1.349869 4.047894 10.30635 1.0223 3.877332 10.34831 1.053399 4.76653 10.30853 -1.273061 5.083387 10.23347 -4.251823 5.545975 9.540544 0.9994037 5.99054 9.845643 -1.226358 5.928732 9.888763 -4.250844 6.001917 9.201749 0.9829645 6.450834 9.665323 -1.247535 6.360616 9.64523 1.053399 4.76653 10.30853 1.0223 3.877332 10.34831 3.774916 4.335464 9.476013 6.902669 4.337595 7.651227 6.833963 5.081059 7.725241 3.731417 5.101711 9.477447 0.9994037 5.99054 9.845643 6.573443 6.096757 7.70946 3.610882 6.26888 8.973298 0.9829645 6.450834 9.665323 3.66316 5.855878 9.274063 6.317272 6.551903 7.618028 6.833963 5.081059 7.725241 6.902669 4.337595 7.651227 9.30115 5.259041 4.977376 10.44836 4.995716 2.519667 10.32646 5.791089 2.503715 9.168159 5.981665 5.033356 6.573443 6.096757 7.70946 10.00805 6.497017 2.439606 6.317272 6.551903 7.618028 8.534237 7.191143 4.746748 8.884393 6.80355 4.867076 9.610862 6.837149 2.378399 9.712229 5.553475 -4.113432 9.806479 4.651113 -4.118121 7.654414 4.843149 -7.6022 4.05801 4.391984 -9.824644 3.940108 5.279007 -9.648401 7.51749 5.773032 -7.58015 9.321109 6.576448 -3.936542 3.837556 6.147552 -9.355088 7.234396 6.891358 -7.133371 8.997554 6.943064 -3.867131 3.7737 6.598465 -9.016729 6.94563 7.260333 -6.938121 8.997554 6.943064 -3.867131 9.743402 6.639565 -0.7515275 9.321109 6.576448 -3.936542 9.610862 6.837149 2.378399 10.00805 6.497017 2.439606 10.10099 6.299897 -0.7859482 9.712229 5.553475 -4.113432 10.32646 5.791089 2.503715 10.46427 5.481049 -0.832241 9.806479 4.651113 -4.118121 10.44836 4.995716 2.519667 10.58313 4.622731 -0.8446074 -1.247535 6.360616 9.64523 0.9829645 6.450834 9.665323 0.8826554 6.948667 9.255809 3.610882 6.26888 8.973298 -1.599932 6.877495 9.241478 -4.250844 6.001917 9.201749 3.751715 6.646802 8.516494 0.6973281 7.060185 7.34871 5.468148 6.860261 7.656745 6.317272 6.551903 7.618028 3.736339 7.571192 7.11688 7.296893 7.597007 4.888325 8.534237 7.191143 4.746748 4.540337 7.64641 4.553781 0.7589817 6.697073 5.147748 8.153904 6.982183 2.318688 9.610862 6.837149 2.378399 5.288824 7.778268 2.068589 8.29256 6.920267 -0.745712 9.743402 6.639565 -0.7515275 8.997554 6.943064 -3.867131 0.8298016 7.273236 2.491135 7.528779 7.182429 -4.104706 6.94563 7.260333 -6.938121 5.322151 7.586501 -0.7269086 6.037845 7.342472 -7.085658 3.7737 6.598465 -9.016729 4.399927 7.871009 -4.098336 0.837384 7.562047 -0.7851138 3.935808 7.410957 -6.45203 4.025135 6.816933 -8.30404 0.7173918 6.809392 -8.753755 0.7397706 6.578593 -9.611059 -1.725792 6.808285 -9.398002 0.5768132 7.060393 -6.649534 0.6860238 7.151847 -4.089411 -1.876694 6.895126 -8.631062 -4.44464 6.688156 -8.495286 -1.981715 7.342298 -6.711345 -4.451883 6.890785 -8.10535 -6.962558 7.105132 -6.769773 -2.765245 7.922402 -4.003733 -4.987225 7.404885 -6.51761 -6.631354 7.29343 -6.721976 -8.333966 7.82104 -3.956454 -9.35039 7.599495 -3.65202 -6.308853 8.405492 -3.874805 -3.048512 8.2932 -1.022443 -6.747818 8.859037 -1.165862 -8.580996 8.22424 -1.196765 -9.901994 7.973046 -0.7478916 -8.168865 8.287589 1.288683 -9.627847 7.569512 2.223814 -6.912775 8.41245 1.664325 -2.883751 8.191829 1.850602 -8.113009 7.407683 5.042196 -8.70606 6.919839 4.567148 -7.254241 6.449344 7.162935 -6.123883 7.656638 4.885796 -2.469329 7.525629 5.054238 -6.709047 6.592016 7.236772 -5.601101 7.212319 7.161726 -1.878072 7.475834 7.321761 -4.568351 6.470445 8.680059 8.997553 6.943064 -3.867131 9.321108 6.576449 -3.936542 6.94563 7.260333 -6.93812 -4.334274 5.104718 9.701848 -4.250844 6.001917 9.201749 -7.254241 6.449344 7.162935 -7.254241 6.449344 7.162935 -7.401932 4.278491 7.794087 -8.934788 6.639172 4.587331 -9.709931 5.312002 4.792968 -9.871916 4.34286 4.660532 -7.429055 3.250669 7.707619 -4.30432 3.922743 9.816392 -4.334274 5.104718 9.701848 -1.247535 6.360616 9.64523 0.9994037 5.99054 9.845643 0.9829645 6.450834 9.665323 -1.273061 5.083387 10.23347 1.053399 4.76653 10.30853 -1.247535 6.360616 9.64523 -4.334274 5.104718 9.701848 -4.250844 6.001917 9.201749 -1.247535 6.360616 9.64523 -1.349869 4.047894 10.30635 -4.30432 3.922743 9.816392 1.053399 4.76653 10.30853 1.0223 3.877332 10.34831 10.32646 5.791089 2.503715 10.44836 4.995716 2.519667 10.58313 4.622731 -0.8446072 9.712228 5.553475 -4.113432 9.806478 4.651113 -4.118121 9.712228 5.553475 -4.113432 10.10099 6.299897 -0.7859482 9.321108 6.576449 -3.936542 10.32646 5.791089 2.503715 9.759808 6.709599 2.401351 9.743401 6.639565 -0.7515274 9.321108 6.576449 -3.936542 8.997553 6.943064 -3.867131 3.610882 6.26888 8.973297 0.9829645 6.450834 9.665323 0.9994037 5.99054 9.845643 3.688756 5.573066 9.350332 6.833963 5.081059 7.725241 6.381315 6.438117 7.640885 3.610882 6.26888 8.973297 6.381315 6.438117 7.640885 1.053399 4.76653 10.30853 0.9994037 5.99054 9.845643 3.774916 4.335465 9.476012 1.0223 3.877332 10.34831 6.833963 5.081059 7.725241 6.902669 4.337595 7.651227 -6.962557 7.105132 -6.769773 -7.467984 6.696086 -6.729767 -9.35039 7.599495 -3.65202 -9.760658 6.946449 -3.760927 -7.838079 5.635961 -6.995626 -7.467984 6.696086 -6.729767 -10.50092 6.427408 -0.8126625 -10.55441 5.553057 -0.8847265 -9.942842 5.608299 -3.846448 -7.838079 5.635961 -6.995626 -7.948673 4.80951 -7.079123 -9.937343 7.917645 -0.7500953 -9.35039 7.599495 -3.65202 -10.50092 6.427408 -0.8126625 9.30115 5.259041 4.977376 10.44836 4.995716 2.519667 10.32646 5.791089 2.503715 6.833963 5.081059 7.725241 6.902669 4.337595 7.651227 6.381315 6.438117 7.640885 8.534237 7.191143 4.746748 9.759808 6.709599 2.401351 10.32646 5.791089 2.503715 0.7077399 6.104543 -9.971096 3.7737 6.598465 -9.016728 3.940108 5.279008 -9.6484 -2.038255 5.528204 -10.07224 -2.20651 4.707736 -10.34597 0.5935097 4.42065 -10.56065 3.940108 5.279008 -9.6484 4.05801 4.391984 -9.824644 0.7397705 6.578593 -9.611059 3.7737 6.598465 -9.016728 -1.815709 6.400759 -9.740808 -1.725792 6.808285 -9.398002 -2.038255 5.528204 -10.07224 -4.795404 5.886764 -9.203526 -7.838079 5.635961 -6.995626 -7.467984 6.696086 -6.729767 -1.815709 6.400759 -9.740808 -2.038255 5.528204 -10.07224 -2.20651 4.707736 -10.34597 -5.056242 4.836172 -9.528961 -7.948673 4.80951 -7.079123 -7.838079 5.635961 -6.995626 -7.467984 6.696086 -6.729767 -6.962557 7.105132 -6.769773 -4.44464 6.688156 -8.495285 -1.815709 6.400759 -9.740808 -1.725792 6.808285 -9.398002 -9.937343 7.917645 -0.7500953 -10.50092 6.427408 -0.8126625 -9.627847 7.569512 2.223814 -10.37323 6.181489 2.43289 -8.934788 6.639172 4.587331 -9.709931 5.312002 4.792968 -10.50092 6.427408 -0.8126625 -10.55441 5.553057 -0.8847265 -10.5065 5.256211 2.398318 -9.709931 5.312002 4.792968 -9.871916 4.34286 4.660532 4.21935 16.47089 1.330298 5.659819 15.38887 1.351589 4.239345 16.51846 -4.388006 5.425812 15.67519 -4.884513 4.212112 16.45369 -4.978885 5.848462 14.91815 -5.319356 4.073681 16.12446 -5.366354 5.659819 15.38887 1.351589 6.38288 14.57104 -4.955074 6.228473 13.20903 -5.88574 3.82758 15.53915 -5.402055 7.172099 13.33709 -5.08352 5.659819 15.38887 1.351589 7.396163 12.94824 1.447623 7.244994 12.55793 -5.584254 7.773437 12.02344 -5.24088 8.220921 10.67508 -5.19506 8.262519 10.68423 1.457554 8.005699 10.27976 -5.545384 7.388437 10.58802 -5.893 7.388437 10.58802 -5.893 7.234823 9.245674 -5.495037 6.54894 11.51916 -5.966447 8.373351 9.244482 -4.964711 8.320994 8.15837 1.356918 8.31459 7.791262 -5.002659 7.797302 7.896866 -5.58535 7.234823 9.245674 -5.495037 6.728452 8.116876 -5.422583 7.648743 6.502604 -5.255077 6.990689 6.782434 -5.409801 7.891736 6.399089 -4.813972 6.017459 7.195944 -4.823998 8.320994 8.15837 1.356918 7.847164 6.418104 1.330298 6.187935 9.134821 -5.039501 7.234823 9.245674 -5.495037 5.749702 10.41834 -5.146537 6.022 11.27083 -5.695681 7.388437 10.58802 -5.893 4.431704 12.91332 -4.934607 6.54894 11.51916 -5.966447 5.273571 13.09122 -5.680279 4.549843 14.34957 -5.437791 3.379698 14.47391 -4.823998 7.654413 4.843149 -7.6022 4.05801 4.391984 -9.824644 3.940108 5.279008 -9.6484 7.51749 5.773032 -7.58015 9.712228 5.553475 -4.113432 9.806478 4.651113 -4.118121 9.321108 6.576449 -3.936542 6.94563 7.260333 -6.93812 3.7737 6.598465 -9.016728 3.940108 5.279008 -9.6484 -5.355567 8.202772 4.947309 -5.698401 9.318811 5.019928 -5.312676 7.14928 4.99381 -6.167344 6.861334 5.448537 -6.840702 7.946827 5.587782 -6.232206 9.323244 5.13977 -7.235752 9.330543 5.436332 -7.606589 7.82461 5.570185 -8.099256 9.337707 5.215218 -7.395613 6.465131 5.347184 -6.167344 6.861334 5.448537 -8.263952 7.716991 5.004529 -8.379941 9.340481 4.815842 -7.760987 6.346086 4.574208 -8.231792 7.722199 1.342593 -7.722893 6.35859 1.399894 3.82758 15.53915 5.403925 1.515333 14.66599 5.030222 3.379698 14.47391 4.825868 1.315052 15.66749 5.572192 -0.8976445 15.54365 5.153222 -0.6936474 15.16555 4.825868 -1.124954 16.41299 5.436315 1.086459 16.71471 5.568429 -1.350306 17.10099 5.243037 2.832261 16.77453 5.387636 3.82758 15.53915 5.403925 4.073681 16.12446 5.368224 4.212112 16.45369 4.980756 0.71319 17.18793 5.361585 2.915778 17.15779 4.925556 4.239345 16.51846 4.389875 1.445152 17.4458 5.055715 4.21935 16.47089 1.330298 2.915675 17.15735 1.354891 1.445863 17.467 1.374548 -0.05018019 17.50167 4.925556 -1.425896 17.32827 1.330298 -1.442063 17.38367 4.815842 -1.4443 17.38512 4.389875 -1.4443 17.38512 4.389875 -1.425896 17.32827 1.330298 -3.334897 16.76772 1.371243 -1.442063 17.38367 4.815842 -3.997148 16.52224 4.868487 -5.724437 15.25868 1.46112 -3.683681 16.37414 5.448402 -1.350306 17.10099 5.243037 -5.171398 15.75416 5.000216 -3.213673 16.11138 5.675342 -1.124954 16.41299 5.436315 -5.227666 15.17474 5.674041 -6.254703 14.74585 5.074975 -7.225598 13.5541 4.903859 -7.232154 13.55758 1.439867 -6.871256 13.37202 5.598046 -5.248559 14.09964 5.972293 -4.386615 13.82387 6.026046 -7.88412 12.21579 4.925573 -7.922499 11.94137 1.37183 -8.379941 9.340481 4.815842 -7.67832 11.95984 5.387334 -8.099256 9.337707 5.215218 -7.364382 11.41156 5.603984 -7.235752 9.330543 5.436332 -6.214618 11.28352 5.678053 -4.386615 13.82387 6.026046 -6.232206 9.323244 5.13977 -5.15838 10.65195 5.365502 -4.12642 12.84871 5.897696 -4.386615 13.82387 6.026046 -3.201795 12.68819 5.560945 -3.105086 14.06649 5.838028 -4.386615 13.82387 6.026046 -0.8976445 15.54365 5.153222 -5.355567 8.202772 -4.94544 -5.312676 7.14928 -4.99194 -5.698401 9.318811 -5.018058 -6.167344 6.861334 -5.446669 -6.840702 7.946827 -5.585912 -6.232206 9.323244 -5.1379 -7.235752 9.330543 -5.434462 -7.606589 7.82461 -5.568315 -8.099256 9.337707 -5.213348 -6.167344 6.861334 -5.446669 -7.395613 6.465131 -5.345314 -8.263952 7.716991 -5.002659 -7.760987 6.346086 -4.572339 -7.722893 6.35859 1.399894 -8.379941 9.340481 -4.813972 -8.231792 7.722199 1.342593 -8.379941 9.340481 4.815842 -1.425896 17.32827 1.330298 -1.4443 17.38512 -4.388006 -3.334897 16.76772 1.371243 -1.442063 17.38367 -4.813972 -3.997148 16.52224 -4.866618 -5.724437 15.25868 1.46112 -3.683681 16.37414 -5.446533 -1.350306 17.10099 -5.241168 -5.171398 15.75416 -4.998347 -3.213673 16.11138 -5.673472 -1.124954 16.41299 -5.434445 -5.227666 15.17474 -5.672171 -6.254703 14.74585 -5.073106 -7.225598 13.5541 -4.901989 -7.232154 13.55758 1.439867 -6.871256 13.37202 -5.596177 -5.248559 14.09964 -5.970424 -4.386615 13.82387 -6.024176 -7.88412 12.21579 -4.923703 -7.922499 11.94137 1.37183 -8.379941 9.340481 4.815842 -8.379941 9.340481 -4.813972 -7.67832 11.95984 -5.385464 -8.099256 9.337707 -5.213348 -7.364382 11.41156 -5.602115 -7.235752 9.330543 -5.434462 -6.214618 11.28352 -5.676184 -4.386615 13.82387 -6.024176 -6.232206 9.323244 -5.1379 -5.15838 10.65195 -5.363632 -4.12642 12.84871 -5.895827 -4.386615 13.82387 -6.024176 -3.201795 12.68819 -5.559076 -3.105086 14.06649 -5.836159 -4.386615 13.82387 -6.024176 -0.8976445 15.54365 -5.151352 4.21935 16.47089 1.330298 4.239345 16.51846 -4.388006 2.915675 17.15735 1.354891 2.915778 17.15779 -4.923686 4.212112 16.45369 -4.978885 1.445863 17.467 1.374548 2.832261 16.77453 -5.385767 4.073681 16.12446 -5.366354 3.82758 15.53915 -5.402055 1.651357 16.08954 -5.636233 1.445152 17.4458 -5.053846 -0.05018019 17.50167 -4.923686 -1.425896 17.32827 1.330298 -1.4443 17.38512 -4.388006 -1.442063 17.38367 -4.813972 -1.350306 17.10099 -5.241168 0.71319 17.18793 -5.359715 1.086459 16.71471 -5.566559 -1.124954 16.41299 -5.434445 1.410763 15.46865 -5.516569 -0.8976445 15.54365 -5.151352 -0.6936474 15.16555 -4.823998 3.82758 15.53915 -5.402055 1.515333 14.66599 -5.028353 3.379698 14.47391 -4.823998 -1.247535 6.360616 9.64523 0.9829645 6.450834 9.665323 0.8826554 6.948667 9.255809 -1.599932 6.877496 9.241478 0.9829645 6.450834 9.665323 3.610882 6.26888 8.973297 6.381315 6.438117 7.640885 5.468148 6.860261 7.656745 0.6973281 7.060185 7.34871 3.610882 6.26888 8.973297 -1.247535 6.360616 9.64523 -4.250844 6.001917 9.201749 3.736339 7.571192 7.11688 -1.878072 7.475835 7.321761 0.7589817 6.697074 5.147748 4.540337 7.64641 4.553781 -5.601101 7.212319 7.161726 -7.254241 6.449344 7.162935 -2.469329 7.525629 5.054238 -6.123882 7.656638 4.885796 -8.113009 7.407684 5.042196 0.8298016 7.273236 2.491135 -2.883751 8.191829 1.850602 -8.934788 6.639172 4.587331 -7.254241 6.449344 7.162935 -9.627847 7.569512 2.223814 -7.462314 8.357823 1.499982 -9.937343 7.917645 -0.7500953 -3.048512 8.2932 -1.022443 0.8184639 7.510772 -1.198151 -6.747818 8.859037 -1.165862 -9.937343 7.917645 -0.7500953 -9.35039 7.599495 -3.65202 -6.308852 8.405492 -3.874805 -6.962557 7.105132 -6.769773 -4.44464 6.688156 -8.495285 -2.324509 7.596093 -5.526764 -1.725792 6.808285 -9.398002 0.9966875 7.104213 -6.624846 0.7397705 6.578593 -9.611059 3.7737 6.598465 -9.016728 6.94563 7.260333 -6.93812 4.399927 7.871009 -4.098336 8.997553 6.943064 -3.867131 5.322151 7.586502 -0.7269084 9.743401 6.639565 -0.7515274 5.288824 7.778268 2.068589 8.153903 6.982183 2.318688 7.296893 7.597007 4.888325 6.381315 6.438117 7.640885 8.534237 7.191143 4.746748 8.534237 7.191143 4.746748 9.759808 6.709599 2.401351 9.743401 6.639565 -0.7515274 4.21935 16.47089 1.330298 4.239345 16.51846 4.389875 5.659819 15.38887 1.351589 5.425812 15.67519 4.886382 4.212112 16.45369 4.980756 6.385647 14.57384 4.925573 7.396163 12.94824 1.447623 5.848462 14.91815 5.321226 4.073681 16.12446 5.368224 7.172099 13.33709 5.08539 7.773437 12.02344 5.24275 7.244994 12.55793 5.586124 6.228473 13.20903 5.887609 3.82758 15.53915 5.403925 8.226634 10.67633 5.163359 8.262519 10.68423 1.457554 8.005699 10.27976 5.547254 7.388437 10.58802 5.89487 7.388437 10.58802 5.89487 7.234823 9.245674 5.496906 6.54894 11.51916 5.968317 8.373351 9.244482 4.96658 8.320994 8.15837 1.356918 7.891736 6.399089 4.815842 7.847164 6.418104 1.330298 8.31459 7.791262 5.004529 7.648743 6.502604 5.256947 7.797302 7.896866 5.587219 7.234823 9.245674 5.496906 6.990689 6.782434 5.41167 6.728452 8.116876 5.424453 6.017459 7.195944 4.825868 6.187935 9.134821 5.04137 7.234823 9.245674 5.496906 5.749702 10.41834 5.148406 6.022 11.27083 5.697551 7.388437 10.58802 5.89487 4.431704 12.91332 4.936477 6.54894 11.51916 5.968317 5.273571 13.09122 5.682149 4.549843 14.34957 5.439661 3.379698 14.47391 4.825868</float_array>
          <technique_common>
            <accessor source="#polySurface29__GrassRord05-position-array" count="1069" stride="3">
              <param name="X" type="float" />
              <param name="Y" type="float" />
              <param name="Z" type="float" />
            </accessor>
          </technique_common>
        </source>
        <source id="polySurface29__GrassRord05-normal">
          <float_array id="polySurface29__GrassRord05-normal-array" count="3207">-0.2517075 0.1427753 -0.4568808 -0.3352575 0.1205658 -0.4061163 -0.3733309 0.1607544 -0.3564093 -0.234786 0.2094037 -0.4389017 -0.1269113 0.1639272 -0.4991846 -0.3267967 0.2665138 -0.3384302 -0.0772044 0.2030581 -0.4949542 -0.1998854 0.302472 -0.4008283 -0.2168069 0.4029435 -0.2876657 -0.06980123 0.2866081 -0.4526505 -0.1332569 0.4357289 -0.2908385 -0.02961265 0.4801479 -0.2474771 -0.3733309 0.1607544 -0.3564093 -0.4463049 0.06451327 -0.2982416 -0.4896663 0.05499491 -0.2231524 -0.4780327 0.1205658 -0.2210372 -0.5287973 0.03701581 -0.106817 -0.3267967 0.2665138 -0.3384302 -0.5277396 0.1152778 -0.02749746 -0.4346713 0.2305556 -0.2231524 -0.4907238 0.2252676 -0.0190367 -0.2495923 0.4494776 -0.1649847 -0.2168069 0.4029435 -0.2876657 -0.2453619 0.4812055 -0.001057594 -0.5287973 0.06028289 0.09412591 -0.5097606 0.06451327 0.1681575 -0.4410169 0.1216234 0.2866081 -0.503415 0.156524 0.1184506 -0.537258 0.05499491 0.0190367 -0.4050587 0.22421 0.2781473 -0.5277396 0.1152778 -0.02749746 -0.4611112 0.2474771 0.1343145 -0.2982416 0.4018859 0.2041157 -0.4907238 0.2252676 -0.0190367 -0.273917 0.44842 0.1258537 -0.2453619 0.4812055 -0.001057594 -0.3119904 0.2950689 0.3289119 -0.2982416 0.4018859 0.2041157 -0.4050587 0.22421 0.2781473 -0.3542942 0.1861366 0.3638125 -0.1628696 0.2950689 0.4230378 -0.4410169 0.1216234 0.2866081 -0.2104613 0.1998854 0.4558232 -0.3595821 0.07403161 0.3965979 -0.4240954 0.003172783 0.3341999 -0.2220948 0.09201072 0.4843783 -0.3680429 -0.003172783 0.3955404 -0.2961265 -0.00951835 0.4515928 -0.5404308 0.01163354 -0.007403161 -0.5404308 0.01269113 -0.01057594 -0.5298548 -0.1078746 -0.008460755 -0.5287973 -0.112105 -0.002115189 -0.5055302 -0.190367 -0.007403161 -0.5235093 0.01269113 0.1332569 -0.5044726 -0.1935398 0.005287972 -0.5012998 -0.106817 0.1723879 -0.3923675 0.01374873 0.3712157 -0.4653416 -0.1871942 0.2030581 -0.3479486 -0.0581677 0.4092891 -0.1734455 0.01163354 0.5118757 -0.3162207 -0.1269113 0.419865 -0.1343145 -0.003172783 0.5235093 0 0.007403161 0.5404308 -0.1216234 -0.06980123 0.5213941 0.03595821 0.03701581 0.5383156 0.04653416 -0.01480632 0.5383156 0.106817 -0.01692151 0.5298548 0.1311417 0.06134048 0.5203365 0.04653416 -0.01480632 0.5383156 0.1290265 0.01586392 0.5245669 0.1723879 -0.01269113 0.5118757 0.2369012 0.02749746 0.4854358 0.2168069 0.06768604 0.4907238 0.22421 0.09201072 0.4833207 0.3141056 0.03490062 0.4378441 0.268629 0.06557086 0.464284 0.2781473 0.4632264 -0.008460755 0.2781473 0.4632264 -0.005287972 0.3542942 0.4082315 -0.007403161 0.3564093 0.4061163 -0.002115189 0.268629 0.4537081 0.1184506 0.4262106 0.3320847 -0.005287972 0.3490062 0.3944828 0.1184506 0.2115189 0.3490062 0.3542942 0.4283258 0.3299695 0.003172783 0.4727447 0.2622834 -0.004230378 0.2601683 0.3162207 0.3532366 0.1110474 0.1776759 0.498127 0.4092891 0.3204511 0.1470056 0.4738023 0.2601683 0.007403161 0.5023574 0.1988278 -0.005287972 0.112105 0.1914246 0.492839 0.002115189 0.006345567 0.5404308 0.2929537 0.2580531 0.3733309 0.4420745 0.2559379 0.1766183 0.5023574 0.1988278 0.007403161 0.5277396 0.1142202 0.008460755 0.5287973 0.1131626 -0.006345567 0.4674568 0.190367 0.1924822 0.5404308 0.008460755 0.005287972 0.5404308 0.004230378 -0.005287972 0.4970694 0.09729869 0.1871942 0.5150485 -0.001057594 0.1628696 0.5309125 -0.1004715 -0.002115189 0.5298548 -0.1047019 -0.006345567 0.5150485 -0.1628696 -0.005287972 0.5150485 -0.1628696 -0.007403161 0.5044726 -0.1618119 0.106817 0.5139909 -0.09729869 0.1364297 0.4008283 -0.1491208 0.3310271 0.3934252 -0.08883794 0.3606397 0.190367 -0.1216234 0.4907238 0.3881372 -0.01692151 0.375446 0.1596968 -0.05605251 0.5129333 -0.06028289 -0.07403161 0.53197 0.195655 -0.03384302 0.5023574 0.3595821 0.05605251 0.3997707 -0.03172784 -0.05922529 0.5362004 -0.05922529 -0.0200943 0.537258 -0.1924822 -0.04441897 0.503415 0.195655 -0.00951835 0.503415 -0.02961265 -0.106817 0.5287973 0.3331423 0.1396025 0.4018859 0.1935398 0.07826199 0.498127 -0.04230378 -0.03278543 0.537258 -0.06239808 0.01374873 0.5362004 0.3172784 0.1977702 0.3902524 0.1702727 0.1258537 0.4970694 0.1448904 0.1702727 0.4917814 -0.08566516 0.03595821 0.53197 -0.07931959 0.03490062 0.5330276 -0.07403161 -0.1448904 0.5150485 -0.2083461 -0.0761468 0.492839 -0.1195082 -0.2358436 0.4716871 -0.2051733 -0.03490062 0.4991846 -0.2844929 -0.1406601 0.4378441 -0.1501784 -0.2538227 0.4526505 -0.3109328 -0.1522936 0.414577 -0.3162207 -0.1078746 0.425153 -0.352179 -0.1353721 0.3870796 -0.1755607 -0.04653416 0.5087029 -0.04230378 -0.03278543 0.537258 -0.3141056 -0.122681 0.4230378 -0.3564093 -0.1459481 0.3786188 -0.3352575 -0.1649847 0.3902524 -0.2897809 -0.1480632 0.4314986 -0.2961265 -0.1681575 0.419865 -0.1649847 -0.09306832 0.5065877 -0.156524 -0.1501784 0.4949542 -0.02961265 -0.106817 0.5287973 -0.2569955 -0.1670999 0.4452473 -0.2474771 -0.08143478 0.4738023 -0.2940113 -0.06980123 0.44842 -0.156524 -0.07191642 0.5118757 -0.03172784 -0.05922529 0.5362004 -0.1787335 -0.004230378 0.5097606 -0.302472 -0.03490062 0.4463049 -0.2834353 0.001057594 0.4600536 -0.3659277 -0.02432467 0.3965979 -0.341603 0.003172783 0.4188074 0.2781473 0.4632264 -0.005287972 0.2781473 0.4632264 -0.008460755 0.1819063 0.5087029 -0.008460755 0.1787335 0.5097606 -0.001057594 0.268629 0.4537081 0.1184506 0.06239808 0.537258 -0.007403161 0.1670999 0.4864935 0.1649847 0.2115189 0.3490062 0.3542942 0.06239808 0.537258 0.002115189 -0.02220948 0.5404308 -0.001057594 -0.02432467 0.5393732 -0.008460755 -0.0962411 0.53197 -0.00951835 -0.0962411 0.53197 -0.003172783 -0.0962411 0.5150485 0.1311417 -0.02115189 0.5118757 0.1713303 -0.07297403 0.4029435 0.352179 0.0571101 0.5002422 0.195655 -0.02432467 0.3500638 0.4114043 -0.02432467 0.1882518 0.5065877 0.1269113 0.3373726 0.4029435 0.1110474 0.1776759 0.498127 0.0380734 0.3257391 0.4293834 -0.03172784 0.1385449 0.5213941 0.008460755 0.02432467 0.5393732 0.01586392 0.1353721 0.5235093 0.07508921 0.1364297 0.5171637 0.002115189 0.006345567 0.5404308 0.04441897 -0.01586392 0.5383156 -0.04759175 -0.01692151 0.5383156 0.04653416 -0.1216234 0.5245669 -0.001057594 -0.00951835 0.5404308 -0.0772044 -0.1776759 0.5044726 0.01692151 -0.2305556 0.4886087 -0.02220948 -0.1628696 0.5150485 -0.1025867 -0.2866081 0.4463049 -0.1237386 -0.3289119 0.4103467 -0.1099898 -0.3193935 0.4219802 0.002115189 0.006345567 0.5404308 -0.07403161 -0.1448904 0.5150485 -0.04124618 -0.2770898 0.4621688 -0.04441897 -0.313048 0.4378441 0.02432467 -0.1723879 0.5118757 -0.1195082 -0.2358436 0.4716871 0.01374873 -0.2823777 0.4611112 0.01057594 -0.318336 0.4367865 -0.1501784 -0.2538227 0.4526505 -0.5404308 0.01269113 -0.01057594 -0.5404308 0.01163354 -0.007403161 -0.5340852 0.08143478 -0.01163354 -0.5340852 0.08249237 -0.005287972 -0.5235093 0.01269113 0.1332569 -0.5129333 0.1702727 -0.01163354 -0.5150485 0.07931959 0.1438328 -0.3923675 0.01374873 0.3712157 -0.5118757 0.1745031 0.001057594 -0.4579384 0.2876657 -0.01163354 -0.3913099 0.04653416 0.3701581 -0.1734455 0.01163354 0.5118757 -0.4801479 0.1607544 0.190367 -0.4568808 0.2897809 0.008460755 -0.3955404 0.3680429 -0.01163354 -0.1628696 -0.01797911 0.5150485 0 0.007403161 0.5404308 -0.3479486 0.1057594 0.3997707 -0.4166922 0.2559379 0.2305556 -0.3955404 0.3680429 0.01057594 -0.3310271 0.4272682 0.00951835 -0.3299695 0.4283258 -0.01269113 -0.3564093 0.3236239 0.2453619 -0.2834353 0.1586392 0.4314986 -0.2464195 0.4812055 0.005287972 -0.2432467 0.4822631 -0.01163354 -0.2961265 0.3902524 0.229498 -0.1649847 0.5150485 0 -0.1628696 0.5150485 -0.01057594 -0.0962411 0.53197 -0.003172783 -0.0962411 0.53197 -0.00951835 -0.0962411 0.5150485 0.1311417 -0.1575816 0.4970694 0.1438328 -0.07297403 0.4029435 0.352179 -0.2199797 0.4558232 0.1893094 -0.106817 0.4018859 0.3447758 -0.004230378 0.200943 0.5023574 -0.02432467 0.1882518 0.5065877 -0.1480632 0.3479486 0.386022 0.07403161 0.0571101 0.53197 0.008460755 0.02432467 0.5393732 0.04653416 -0.1216234 0.5245669 -0.0190367 0.1681575 0.5129333 -0.1935398 0.2654562 0.4293834 0.07508921 0.04864934 0.5330276 -0.05287972 0.117393 0.5245669 0.04970694 0.02220948 0.537258 0.1618119 -0.0571101 0.5118757 0.01692151 -0.2305556 0.4886087 0.07508921 0.04864934 0.5330276 0.1988278 -0.09518351 0.4938966 0.1607544 -0.04230378 0.5139909 0.04970694 0.02220948 0.537258 0.2030581 -0.08143478 0.4938966 0.1417177 -0.05922529 0.5182213 0.004230378 -0.02749746 0.5393732 0.1935398 -0.1047019 0.4938966 0.09835629 -0.112105 0.5192789 0.1544088 -0.1575816 0.4938966 0.122681 -0.1924822 0.4896663 0.07085884 -0.1491208 0.5150485 0.112105 -0.1776759 0.498127 -0.01797911 -0.06768604 0.5362004 0.06768604 -0.1374873 0.5182213 0.1216234 -0.1491208 0.5044726 0.08037718 -0.1258537 0.5192789 0.1723879 -0.01269113 0.5118757 0.106817 -0.01692151 0.5298548 -0.02220948 -0.07403161 0.5351428 -0.02115189 -0.06662845 0.5362004 -0.1459481 0.002115189 0.5203365 -0.1205658 0.02749746 0.5256245 -0.2390164 0.2062309 0.4389017 -0.0962411 0.06768604 0.5277396 0.004230378 -0.02749746 0.5393732 -0.5404308 0.01269113 0.005287972 -0.5404308 0.01269113 0.004230378 -0.5287973 -0.1099898 0.004230378 -0.5287973 -0.112105 0.001057594 -0.5055302 -0.190367 0.004230378 -0.5235093 0.01269113 -0.1332569 -0.5055302 -0.1914246 -0.003172783 -0.5012998 -0.106817 -0.1723879 -0.3923675 0.01374873 -0.3712157 -0.4653416 -0.1871942 -0.2030581 -0.3479486 -0.0581677 -0.4092891 -0.1734455 0.01163354 -0.5118757 -0.3162207 -0.1269113 -0.419865 -0.1343145 -0.003172783 -0.5235093 0 0.007403161 -0.5404308 -0.1216234 -0.06980123 -0.5213941 0.03595821 0.03701581 -0.5383156 0.04653416 -0.01480632 -0.5383156 0.106817 -0.01692151 -0.5298548 0.1311417 0.06134048 -0.5203365 0.04653416 -0.01480632 -0.5383156 0.1290265 0.01586392 -0.5245669 0.1723879 -0.01269113 -0.5118757 0.2369012 0.02749746 -0.4854358 0.2168069 0.06768604 -0.4907238 0.22421 0.09201072 -0.4833207 0.3141056 0.03490062 -0.4378441 0.268629 0.06557086 -0.464284 0.2781473 0.4632264 0.004230378 0.3553517 0.4071739 0.004230378 0.2781473 0.4632264 0.003172783 0.3564093 0.4061163 0.001057594 0.4272682 0.3299695 0.003172783 0.268629 0.4537081 -0.1184506 0.4283258 0.3299695 -0.002115189 0.4738023 0.2601683 0.002115189 0.3490062 0.3944828 -0.1184506 0.2115189 0.3490062 -0.3542942 0.4738023 0.2601683 -0.004230378 0.5023574 0.1988278 0.003172783 0.4092891 0.3204511 -0.1470056 0.2601683 0.3162207 -0.3532366 0.1110474 0.1776759 -0.498127 0.4420745 0.2559379 -0.1766183 0.112105 0.1914246 -0.492839 0.002115189 0.006345567 -0.5404308 0.2929537 0.2580531 -0.3733309 -0.07931959 0.03490062 -0.5330276 -0.07403161 -0.1448904 -0.5150485 0.1448904 0.1702727 -0.4917814 -0.2083461 -0.0761468 -0.492839 -0.1195082 -0.2358436 -0.4716871 -0.08566516 0.03595821 -0.53197 0.3172784 0.1977702 -0.3902524 -0.2844929 -0.1406601 -0.4378441 -0.1501784 -0.2538227 -0.4526505 -0.3109328 -0.1522936 -0.414577 -0.2051733 -0.03490062 -0.4991846 -0.3162207 -0.1078746 -0.425153 -0.352179 -0.1353721 -0.3870796 -0.06239808 0.01374873 -0.5362004 -0.3141056 -0.122681 -0.4230378 -0.3564093 -0.1459481 -0.3786188 -0.3352575 -0.1649847 -0.3902524 -0.1755607 -0.04653416 -0.5087029 -0.2897809 -0.1480632 -0.4314986 -0.2961265 -0.1681575 -0.419865 -0.04230378 -0.03278543 -0.537258 -0.1649847 -0.09306832 -0.5065877 -0.2569955 -0.1670999 -0.4452473 -0.156524 -0.1501784 -0.4949542 -0.02961265 -0.106817 -0.5287973 -0.2474771 -0.08143478 -0.4738023 -0.2940113 -0.06980123 -0.44842 -0.156524 -0.07191642 -0.5118757 -0.03172784 -0.05922529 -0.5362004 -0.05922529 -0.0200943 -0.537258 -0.2834353 0.001057594 -0.4600536 -0.341603 0.003172783 -0.4188074 -0.3659277 -0.02432467 -0.3965979 -0.302472 -0.03490062 -0.4463049 -0.1787335 -0.004230378 -0.5097606 -0.1924822 -0.04441897 -0.503415 -0.06028289 -0.07403161 -0.53197 0.1596968 -0.05605251 -0.5129333 0.190367 -0.1216234 -0.4907238 -0.03172784 -0.05922529 -0.5362004 0.3934252 -0.08883794 -0.3606397 0.4008283 -0.1491208 -0.3310271 0.195655 -0.03384302 -0.5023574 0.195655 -0.00951835 -0.503415 -0.02961265 -0.106817 -0.5287973 0.5139909 -0.09729869 -0.1364297 0.5044726 -0.1618119 -0.106817 0.1935398 0.07826199 -0.498127 -0.04230378 -0.03278543 -0.537258 0.5309125 -0.1015291 0.001057594 0.5150485 -0.1628696 0.003172783 0.5150485 -0.1628696 0.004230378 0.5309125 -0.1025867 0.003172783 0.5404308 0.007403161 0.003172783 0.5404308 0.008460755 -0.003172783 0.5277396 0.1152778 0.003172783 0.5150485 -0.001057594 -0.1628696 0.5277396 0.1152778 -0.004230378 0.3881372 -0.01692151 -0.375446 0.4970694 0.09729869 -0.1871942 0.5023574 0.1988278 -0.004230378 0.3595821 0.05605251 -0.3997707 0.4674568 0.190367 -0.1924822 0.3331423 0.1396025 -0.4018859 0.1702727 0.1258537 -0.4970694 0.2781473 0.4632264 0.004230378 0.2781473 0.4632264 0.003172783 0.1808487 0.5097606 0.004230378 0.1787335 0.5097606 0.001057594 0.268629 0.4537081 -0.1184506 0.06239808 0.537258 0.004230378 0.1670999 0.4864935 -0.1649847 0.2115189 0.3490062 -0.3542942 0.06239808 0.537258 -0.001057594 -0.02326708 0.5404308 0.001057594 -0.02432467 0.5393732 0.004230378 -0.0962411 0.53197 0.005287972 -0.0962411 0.53197 0.002115189 -0.0962411 0.5150485 -0.1311417 -0.02115189 0.5118757 -0.1713303 -0.07297403 0.4029435 -0.352179 0.0571101 0.5002422 -0.195655 -0.02432467 0.3500638 -0.4114043 -0.02432467 0.1882518 -0.5065877 0.1269113 0.3373726 -0.4029435 0.1110474 0.1776759 -0.498127 0.0380734 0.3257391 -0.4293834 -0.03172784 0.1385449 -0.5213941 0.008460755 0.02432467 -0.5393732 0.01586392 0.1353721 -0.5235093 0.07508921 0.1364297 -0.5171637 0.002115189 0.006345567 -0.5404308 0.04441897 -0.01586392 -0.5383156 -0.04759175 -0.01692151 -0.5383156 0.04653416 -0.1216234 -0.5245669 -0.001057594 -0.00951835 -0.5404308 -0.0772044 -0.1776759 -0.5044726 0.01692151 -0.2305556 -0.4886087 -0.02220948 -0.1628696 -0.5150485 -0.1025867 -0.2866081 -0.4463049 -0.1237386 -0.3289119 -0.4103467 -0.1099898 -0.3193935 -0.4219802 -0.04124618 -0.2770898 -0.4621688 -0.04441897 -0.313048 -0.4378441 0.02432467 -0.1723879 -0.5118757 0.01374873 -0.2823777 -0.4611112 0.01057594 -0.318336 -0.4367865 -0.1501784 -0.2538227 -0.4526505 -0.1195082 -0.2358436 -0.4716871 -0.07403161 -0.1448904 -0.5150485 0.002115189 0.006345567 -0.5404308 -0.5404308 0.01269113 0.005287972 -0.5340852 0.08249237 0.006345567 -0.5404308 0.01269113 0.004230378 -0.5340852 0.08249237 0.003172783 -0.5118757 0.1723879 0.006345567 -0.5235093 0.01269113 -0.1332569 -0.5118757 0.1745031 0 -0.4568808 0.2887233 0.006345567 -0.5150485 0.07931959 -0.1438328 -0.3923675 0.01374873 -0.3712157 -0.4558232 0.2897809 -0.004230378 -0.3955404 0.3680429 0.006345567 -0.4801479 0.1607544 -0.190367 -0.3913099 0.04653416 -0.3701581 -0.1734455 0.01163354 -0.5118757 -0.4166922 0.2559379 -0.2305556 -0.1628696 -0.01797911 -0.5150485 0 0.007403161 -0.5404308 -0.3479486 0.1057594 -0.3997707 -0.02115189 -0.06662845 -0.5362004 0.106817 -0.01692151 -0.5298548 -0.1459481 0.002115189 -0.5203365 0.08037718 -0.1258537 -0.5192789 0.1723879 -0.01269113 -0.5118757 0.1216234 -0.1491208 -0.5044726 -0.02220948 -0.07403161 -0.5351428 0.06768604 -0.1374873 -0.5182213 0.112105 -0.1776759 -0.498127 -0.1205658 0.02749746 -0.5256245 0.07085884 -0.1491208 -0.5150485 0.122681 -0.1924822 -0.4896663 -0.01797911 -0.06768604 -0.5362004 0.09835629 -0.112105 -0.5192789 0.1544088 -0.1575816 -0.4938966 0.1935398 -0.1047019 -0.4938966 0.004230378 -0.02749746 -0.5393732 0.1417177 -0.05922529 -0.5182213 0.2030581 -0.08143478 -0.4938966 0.04970694 0.02220948 -0.537258 0.1607544 -0.04230378 -0.5139909 0.1988278 -0.09518351 -0.4938966 0.07508921 0.04864934 -0.5330276 0.1618119 -0.0571101 -0.5118757 0.01692151 -0.2305556 -0.4886087 0.04653416 -0.1216234 -0.5245669 0.07403161 0.0571101 -0.53197 0.008460755 0.02432467 -0.5393732 -0.02432467 0.1882518 -0.5065877 -0.004230378 0.200943 -0.5023574 -0.07297403 0.4029435 -0.352179 -0.0190367 0.1681575 -0.5129333 0.07508921 0.04864934 -0.5330276 -0.106817 0.4018859 -0.3447758 -0.05287972 0.117393 -0.5245669 0.04970694 0.02220948 -0.537258 -0.1480632 0.3479486 -0.386022 -0.1935398 0.2654562 -0.4293834 -0.0962411 0.06768604 -0.5277396 0.004230378 -0.02749746 -0.5393732 -0.2390164 0.2062309 -0.4389017 -0.2961265 0.3902524 -0.229498 -0.2834353 0.1586392 -0.4314986 -0.3564093 0.3236239 -0.2453619 -0.3955404 0.3680429 -0.005287972 -0.3310271 0.4272682 -0.005287972 -0.3299695 0.4272682 0.006345567 -0.2199797 0.4558232 -0.1893094 -0.2464195 0.4812055 -0.003172783 -0.2453619 0.4812055 0.006345567 -0.1575816 0.4970694 -0.1438328 -0.0962411 0.5150485 -0.1311417 -0.1649847 0.5150485 0 -0.1639272 0.5150485 0.005287972 -0.0962411 0.53197 0.002115189 -0.0962411 0.53197 0.005287972 0.1871942 0.1544088 -0.4833207 0.1047019 0.1353721 -0.5129333 0.04864934 0.151236 -0.5161061 0.04441897 0.1702727 -0.5108181 -0.02432467 0.1681575 -0.5129333 -0.0772044 0.2030581 -0.4949542 -0.06980123 0.2866081 -0.4526505 0.04547656 0.2411315 -0.4812055 0.1692151 0.2400739 -0.4537081 0.03595821 0.4653416 -0.2718018 -0.02961265 0.4801479 -0.2474771 0.08989553 0.4399593 -0.3003568 -0.2220948 0.09201072 0.4843783 -0.08672275 0.03490062 0.53197 -0.05605251 0.03384302 0.5362004 -0.01057594 0.03172784 0.5393732 0.07508921 0.1036443 0.5245669 -0.04547656 0.117393 0.5256245 -0.2104613 0.1998854 0.4558232 0.06874365 0.2062309 0.4949542 -0.04336137 0.2252676 0.4896663 -0.1628696 0.2950689 0.4230378 0.06768604 0.3119904 0.4367865 -0.0571101 0.302472 0.4441897 0.07508921 0.1036443 0.5245669 0.1596968 0.01269113 0.5161061 0.2189221 0.004230378 0.4938966 0.268629 -0.003172783 0.4685144 0.3341999 0.07085884 0.4188074 0.2051733 0.08143478 0.4938966 0.06874365 0.2062309 0.4949542 0.30776 0.1819063 0.4050587 0.1522936 0.3151631 0.4124618 0.06768604 0.3119904 0.4367865 0.185079 0.1776759 0.4759175 0.2146917 0.386022 0.3109328 0.3341999 0.07085884 0.4188074 0.4008283 0.02326708 0.3616973 0.4473625 0.04759175 0.3003568 0.4886087 0.0761468 0.2189221 0.5097606 0.1501784 0.09729869 0.4283258 0.1205658 0.3056448 0.30776 0.1819063 0.4050587 0.4526505 0.2855505 0.0761468 0.2146917 0.386022 0.3109328 0.2104613 0.4854358 0.1078746 0.3934252 0.2464195 0.2760322 0.1808487 0.5087029 -0.008460755 0.4780327 0.1427753 -0.2072885 0.4568808 0.06134048 -0.2823777 0.3743884 0.0772044 -0.3817916 0.2654562 0.08778035 -0.4621688 0.1871942 0.1544088 -0.4833207 0.3532366 0.1544088 -0.3786188 0.4378441 0.2601683 -0.1808487 0.1692151 0.2400739 -0.4537081 0.3320847 0.2601683 -0.3373726 0.1882518 0.5055302 -0.03490062 0.08989553 0.4399593 -0.3003568 0.1639272 0.4917814 -0.1533512 0.1882518 0.5055302 -0.03490062 0.1766183 0.5108181 -0.00951835 0.4378441 0.2601683 -0.1808487 0.1808487 0.5087029 -0.008460755 0.4526505 0.2855505 0.0761468 0.4621688 0.2749746 -0.05076453 0.4780327 0.1427753 -0.2072885 0.5097606 0.1501784 0.09729869 0.5182213 0.1427753 -0.0571101 0.5224517 0.06451327 -0.1205658 0.5340852 0.07826199 0.01374873 0.5330276 0.07085884 -0.0581677 -0.0571101 0.302472 0.4441897 0.06768604 0.3119904 0.4367865 0.03278543 0.4970694 0.2083461 0.1522936 0.3151631 0.4124618 -0.03701581 0.4843783 0.2369012 -0.1628696 0.2950689 0.4230378 0.06028289 0.4759175 0.2495923 0.003172783 0.5404308 0.02326708 0.1025867 0.4949542 0.1924822 0.2146917 0.386022 0.3109328 -0.02855505 0.5362004 0.0581677 0.1047019 0.526682 0.06451327 0.2104613 0.4854358 0.1078746 -0.02432467 0.5383156 0.03595821 0.003172783 0.5404308 0.02326708 0.1047019 0.5298548 -0.02749746 0.1808487 0.5087029 -0.008460755 0.0190367 0.5404308 0.005287972 0.1110474 0.5287973 0 0.1766183 0.5108181 -0.00951835 0.1882518 0.5055302 -0.03490062 0.02538227 0.537258 0.05076453 0.0962411 0.53197 -0.002115189 0.1639272 0.4917814 -0.1533512 0.03595821 0.5393732 0.002115189 0.05605251 0.5309125 -0.08672275 0.08989553 0.4399593 -0.3003568 0.005287972 0.5404308 -0.0190367 0.02961265 0.5393732 -0.005287972 -0.01692151 0.5351428 -0.07508921 -0.005287972 0.5203365 -0.1448904 0.01163354 0.5287973 -0.1110474 0.03595821 0.4653416 -0.2718018 -0.02961265 0.4801479 -0.2474771 0.007403161 0.5351428 -0.07508921 0.01586392 0.5383156 -0.04018859 0.007403161 0.5277396 -0.1152778 -0.1332569 0.4357289 -0.2908385 0.04653416 0.5287973 -0.1025867 -0.03278543 0.5129333 -0.1670999 -0.2168069 0.4029435 -0.2876657 0.07931959 0.5277396 -0.08354997 0 0.5182213 -0.1533512 -0.09729869 0.4907238 -0.2041157 -0.1385449 0.5023574 -0.1427753 -0.2495923 0.4494776 -0.1649847 -0.008460755 0.5277396 -0.1163354 0.08778035 0.5330276 -0.01163354 -0.005287972 0.5404308 -0.01586392 -0.1470056 0.5192789 -0.03278543 -0.2453619 0.4812055 -0.001057594 -0.1374873 0.5161061 0.08460756 -0.273917 0.44842 0.1258537 -0.007403161 0.5330276 0.08883794 0.07191642 0.5309125 0.07403161 -0.1618119 0.4843783 0.1776759 -0.2982416 0.4018859 0.2041157 -0.3119904 0.2950689 0.3289119 -0.02220948 0.5277396 0.1163354 0.05605251 0.53197 0.07403161 -0.1787335 0.4378441 0.2612258 -0.06239808 0.5171637 0.1427753 0.0190367 0.5351428 0.0761468 -0.1036443 0.4537081 0.273917 0.1448904 0.5203365 -0.01057594 0.4389017 0.2559379 -0.1840214 0.1417177 0.4886087 -0.1819063 -0.2094037 0.1417177 0.4780327 -0.1290265 0.3849644 0.3564093 -0.3098752 0.2696866 0.3511214 -0.3098752 0.2696866 0.3511214 -0.3553517 0.0772044 0.3997707 -0.3976555 0.2718018 0.2453619 -0.4357289 0.1533512 0.2813201 -0.4240954 0.01797911 0.3341999 -0.3691005 -0.02326708 0.3944828 -0.2929537 0.02643986 0.4537081 -0.2094037 0.1417177 0.4780327 -0.05076453 0.2580531 0.4727447 0.06662845 0.200943 0.4970694 0.07085884 0.2866081 0.4526505 -0.05182213 0.1480632 0.5171637 0.08143478 0.1110474 0.5224517 -0.05076453 0.2580531 0.4727447 -0.2094037 0.1417177 0.4780327 -0.1290265 0.3849644 0.3564093 -0.05076453 0.2580531 0.4727447 -0.05922529 0.04124618 0.5351428 -0.08989553 0.04864934 0.5309125 0.08143478 0.1110474 0.5224517 -0.007403161 0.02432467 0.5393732 0.4917814 0.1988278 0.1015291 0.5340852 0.08249237 0.01269113 0.5182213 0.1427753 -0.05605251 0.4833207 0.1385449 -0.1977702 0.5235093 0.05499491 -0.1237386 0.4833207 0.1385449 -0.1977702 0.4949542 0.2104613 -0.04970694 0.4389017 0.2559379 -0.1840214 0.4917814 0.1988278 0.1015291 0.3067024 0.4410169 0.0571101 0.1544088 0.5182213 0.002115189 0.4389017 0.2559379 -0.1840214 0.1448904 0.5203365 -0.01057594 0.08037718 0.414577 0.3373726 0.07085884 0.2866081 0.4526505 0.06662845 0.200943 0.4970694 0.1988278 0.1385449 0.4833207 0.3363151 0.08354997 0.414577 0.2992992 0.2453619 0.3775612 0.08037718 0.414577 0.3373726 0.2992992 0.2453619 0.3775612 0.08143478 0.1110474 0.5224517 0.06662845 0.200943 0.4970694 0.2146917 0.0581677 0.492839 0.1607544 0.01797911 0.5161061 0.3363151 0.08354997 0.414577 0.2718018 -0.02115189 0.4663992 -0.1300841 0.4663992 -0.2390164 -0.3320847 0.2517075 -0.3437182 -0.2199797 0.4674568 -0.1586392 -0.4663992 0.1660423 -0.2157493 -0.375446 0.1533512 -0.3564093 -0.3320847 0.2517075 -0.3437182 -0.5213941 0.1406601 -0.02432467 -0.5245669 0.05499491 -0.1184506 -0.4875511 0.08037718 -0.2199797 -0.375446 0.1533512 -0.3564093 -0.4431321 0.08883794 -0.2961265 -0.3098752 0.4431321 -0.00951835 -0.2199797 0.4674568 -0.1586392 -0.5213941 0.1406601 -0.02432467 0.4166922 0.1893094 0.2866081 0.4875511 0.07931959 0.2189221 0.4917814 0.1988278 0.1015291 0.3363151 0.08354997 0.414577 0.4018859 0.001057594 0.3606397 0.2992992 0.2453619 0.3775612 0.3532366 0.3479486 0.2146917 0.3067024 0.4410169 0.0571101 0.4917814 0.1988278 0.1015291 0.04970694 0.2146917 -0.4938966 0.06028289 0.4685144 -0.263341 0.1776759 0.185079 -0.4759175 -0.0772044 0.1945974 -0.498127 -0.0190367 0.1776759 -0.5097606 0.039131 0.1734455 -0.5108181 0.1776759 0.185079 -0.4759175 0.1110474 0.117393 -0.5161061 0.03278543 0.5129333 -0.1670999 0.06028289 0.4685144 -0.263341 -0.07826199 0.273917 -0.458996 -0.008460755 0.5192789 -0.1491208 -0.0772044 0.1945974 -0.498127 -0.2072885 0.2707442 -0.419865 -0.375446 0.1533512 -0.3564093 -0.3320847 0.2517075 -0.3437182 -0.07826199 0.273917 -0.458996 -0.0772044 0.1945974 -0.498127 -0.1300841 0.1882518 -0.4896663 -0.2379588 0.1893094 -0.4473625 -0.3447758 0.08778035 -0.4061163 -0.375446 0.1533512 -0.3564093 -0.3320847 0.2517075 -0.3437182 -0.1300841 0.4663992 -0.2390164 -0.05393732 0.4938966 -0.2136341 -0.07826199 0.273917 -0.458996 -0.008460755 0.5192789 -0.1491208 -0.3098752 0.4431321 -0.00951835 -0.5213941 0.1406601 -0.02432467 -0.3045872 0.4314986 0.1142202 -0.4886087 0.1998854 0.1152778 -0.3976555 0.2718018 0.2453619 -0.4357289 0.1533512 0.2813201 -0.5213941 0.1406601 -0.02432467 -0.5383156 0.039131 0.02220948 -0.5277396 0.07191642 0.08989553 -0.4357289 0.1533512 0.2813201 -0.5097606 0.06239808 0.1681575 0.2929537 0.4547656 0.005287972 0.3236239 0.4336137 0.005287972 0.2781473 0.4632264 0 0.3648701 0.3976555 -0.02643986 0.2538227 0.4177498 -0.229498 0.2094037 0.2326708 -0.4410169 0.1025867 0.1935398 -0.4938966 0.4219802 0.3373726 -0.001057594 0.4346713 0.3204511 -0.01269113 0.09835629 0.117393 -0.5182213 -0.04336137 -0.06874365 -0.5340852 0.4706295 0.2622834 -0.039131 0.4219802 0.3373726 -0.001057594 0.4748599 0.2569955 0 0.2813201 0.1459481 -0.4367865 0.503415 0.1924822 -0.03701581 0.5256245 0.1247962 -0.02220948 0.5287973 0.1099898 0.001057594 0.313048 -0.007403161 -0.4410169 0.0761468 -0.04970694 -0.5330276 0.0761468 -0.04970694 -0.5330276 -0.117393 -0.04653416 -0.5256245 -0.06028289 -0.04018859 -0.5351428 0.5393732 0.01269113 -0.039131 0.5404308 -0.0200943 -0.001057594 0.53197 -0.08989553 -0.03490062 0.1766183 -0.04547656 -0.5087029 -0.117393 -0.04653416 -0.5256245 -0.2199797 -0.00951835 -0.4938966 0.2855505 -0.1544088 -0.4314986 -0.1184506 -0.07826199 -0.5213941 0.5171637 -0.1554664 -0.00951835 -0.3109328 -0.04547656 -0.4399593 0.5213941 -0.1438328 0.005287972 0.5213941 -0.1417177 0.004230378 -0.2390164 -0.04336137 -0.4833207 -0.117393 -0.04653416 -0.5256245 -0.2802625 -0.1681575 -0.430441 -0.273917 -0.1448904 -0.4431321 0.0761468 -0.04970694 -0.5330276 -0.3162207 -0.1311417 -0.4177498 -0.06028289 -0.04018859 -0.5351428 -0.2474771 -0.06557086 -0.4759175 -0.2411315 -0.1163354 -0.469572 -0.1078746 -0.2168069 -0.4833207 0.3733309 0.06768604 -0.3849644 0.2643986 0.1258537 -0.4537081 0.1776759 0.185079 -0.4759175 0.3405454 0.1924822 -0.3733309 0.4833207 0.1385449 -0.1977702 0.458996 0.04970694 -0.2813201 0.4389017 0.2559379 -0.1840214 0.1417177 0.4886087 -0.1819063 0.06028289 0.4685144 -0.263341 0.1776759 0.185079 -0.4759175 0.2041157 0.03067024 0.4991846 0.190367 0.06239808 0.5023574 0.2432467 0.03701581 0.4812055 0.1417177 0.001057594 0.5213941 0.09729869 0.02326708 0.5309125 0.1311417 -0.04018859 0.5224517 -0.003172783 -0.01586392 0.5404308 -0.1945974 -0.0380734 0.5023574 -0.2992992 0.01586392 0.4494776 -0.2453619 -0.1607544 0.4537081 0.1417177 0.001057594 0.5213941 -0.5245669 -0.1036443 0.08037718 -0.537258 0.03701581 0.04441897 -0.5023574 -0.195655 0.03384302 -0.5182213 -0.1544088 -0.005287972 -0.5065877 -0.1882518 0.003172783 -0.04124618 -0.06557086 0.5351428 -0.01586392 -0.2643986 0.4706295 -0.1078746 -0.2168069 0.4833207 -0.01269113 -0.1427753 0.5213941 0.06662845 -0.1797911 0.5055302 -0.1195082 -0.380734 0.3648701 0.03172784 0.01163354 0.5393732 0.005287972 0.07508921 0.5351428 -0.04441897 0.2940113 0.4505352 0.0761468 0.1544088 0.5118757 -0.04124618 -0.06557086 0.5351428 0.1025867 0.1935398 0.4938966 0.2538227 0.4177498 0.229498 -0.01057594 0.3045872 0.4463049 0.1649847 0.5118757 0.05182213 0.2802625 0.4621688 -0.001057594 0.06451327 0.53197 0.07085884 0.2929537 0.4537081 -0.008460755 0.1776759 0.5108181 0.002115189 0.02961265 0.5393732 -0.008460755 -0.01586392 0.5383156 0.04336137 -0.07826199 0.5340852 -0.01374873 -0.1533512 0.5139909 0.06662845 -0.08778035 0.5330276 -0.007403161 -0.08778035 0.5330276 -0.007403161 -0.07826199 0.5340852 -0.01374873 -0.2284404 0.4896663 -0.01269113 -0.1533512 0.5139909 0.06662845 -0.2326708 0.4875511 0.02115189 -0.3490062 0.4124618 -0.01163354 -0.1533512 0.3881372 0.3437182 -0.04441897 0.2940113 0.4505352 -0.3267967 0.4272682 0.05287972 0.0190367 0.09729869 0.5309125 0.03172784 0.01163354 0.5393732 -0.1829638 0.2379588 0.4494776 -0.3955404 0.3606397 0.07403161 -0.44842 0.2992992 0.04018859 -0.44842 0.3014144 0.002115189 -0.2474771 0.1258537 0.464284 -0.07297403 0.05922529 0.53197 0.008460755 0.02855505 0.5393732 -0.5192789 0.1448904 0.03278543 -0.5161061 0.1586392 -0.006345567 -0.537258 0.03701581 0.04441897 -0.3870796 0.08989553 0.3659277 -0.2992992 0.01586392 0.4494776 -0.1247962 -0.01692151 0.5256245 -0.003172783 -0.01586392 0.5404308 0.008460755 -0.08778035 0.5330276 0.008460755 0.02855505 0.5393732 0.1311417 -0.04018859 0.5224517 0.07191642 -0.1522936 0.5129333 0.07931959 -0.1205658 0.5203365 0.008460755 0.02855505 0.5393732 0.1766183 -0.1406601 0.4907238 0.1544088 -0.05182213 0.5150485 0.008460755 0.02855505 0.5393732 0.06662845 -0.1797911 0.5055302 0.2041157 0.03067024 -0.4991846 0.2432467 0.03701581 -0.4812055 0.190367 0.06239808 -0.5023574 0.1417177 0.001057594 -0.5213941 0.09729869 0.02326708 -0.5309125 0.1311417 -0.04018859 -0.5224517 -0.003172783 -0.01586392 -0.5404308 -0.1945974 -0.0380734 -0.5023574 -0.2992992 0.01586392 -0.4494776 0.1417177 0.001057594 -0.5213941 -0.2453619 -0.1607544 -0.4537081 -0.5277396 -0.1047019 -0.04970694 -0.5055302 -0.1914246 -0.0190367 -0.5065877 -0.1882518 0.003172783 -0.5383156 0.04336137 -0.01586392 -0.5330276 -0.08672275 0.001057594 -0.5383156 0.05182213 0 -0.07826199 0.5351428 0.007403161 -0.0761468 0.5351428 0.004230378 -0.2326708 0.4875511 0.008460755 -0.1618119 0.5139909 -0.03701581 -0.2284404 0.4896663 -0.01374873 -0.346891 0.4135194 0.006345567 -0.1533512 0.3881372 -0.3437182 -0.04441897 0.2940113 -0.4505352 -0.3310271 0.4262106 -0.03172784 0.0190367 0.09729869 -0.5309125 0.03278543 0.01163354 -0.5393732 -0.1829638 0.2379588 -0.4494776 -0.3955404 0.3648701 -0.04547656 -0.4505352 0.2982416 -0.02432467 -0.44842 0.3014144 0.002115189 -0.2474771 0.1258537 -0.464284 -0.07297403 0.05922529 -0.53197 0.008460755 0.02855505 -0.5393732 -0.5203365 0.1448904 -0.0190367 -0.526682 0.1205658 0.001057594 -0.5383156 0.05182213 0 -0.5383156 0.04336137 -0.01586392 -0.3870796 0.08989553 -0.3659277 -0.2992992 0.01586392 -0.4494776 -0.1247962 -0.01692151 -0.5256245 -0.003172783 -0.01586392 -0.5404308 0.008460755 -0.08778035 -0.5330276 0.008460755 0.02855505 -0.5393732 0.1311417 -0.04018859 -0.5224517 0.07191642 -0.1522936 -0.5129333 0.07931959 -0.1205658 -0.5203365 0.008460755 0.02855505 -0.5393732 0.1766183 -0.1406601 -0.4907238 0.1544088 -0.05182213 -0.5150485 0.008460755 0.02855505 -0.5393732 0.0761468 -0.1797911 -0.5044726 0.2929537 0.4547656 0.005287972 0.2781473 0.4632264 0 0.1776759 0.5108181 0.002115189 0.1628696 0.5139909 -0.03172784 0.2538227 0.4177498 -0.229498 0.02538227 0.5393732 0.005287972 0.1004715 0.1998854 -0.4917814 0.1025867 0.1935398 -0.4938966 -0.04336137 -0.06874365 -0.5340852 0.01480632 -0.01374873 -0.5404308 0.06345567 0.5351428 -0.04230378 -0.01269113 0.5393732 -0.02961265 -0.07826199 0.5351428 0.007403161 -0.0761468 0.5351428 0.004230378 -0.1618119 0.5139909 -0.03701581 -0.04441897 0.2940113 -0.4505352 -0.01057594 0.3045872 -0.4463049 -0.005287972 0.1195082 -0.526682 0.03278543 0.01163354 -0.5393732 -0.03278543 -0.2083461 -0.4970694 0.0761468 -0.1797911 -0.5044726 -0.08354997 -0.346891 -0.4050587 -0.04336137 -0.06874365 -0.5340852 -0.02538227 -0.2802625 -0.4611112 -0.1078746 -0.2168069 -0.4833207 -0.05076453 0.2580531 0.4727447 0.07085884 0.2866081 0.4526505 0.06768604 0.5213941 0.1237386 -0.06557086 0.4854358 0.2273828 0.07085884 0.2866081 0.4526505 0.08037718 0.414577 0.3373726 0.2992992 0.2453619 0.3775612 0.1131626 0.4790903 0.22421 0.01374873 0.5404308 0.01586392 0.08037718 0.414577 0.3373726 -0.05076453 0.2580531 0.4727447 -0.1290265 0.3849644 0.3564093 -0.01797911 0.5277396 0.1152778 0.01163354 0.53197 0.09201072 -0.005287972 0.5393732 0.03595821 -0.04653416 0.5362004 0.04547656 -0.08883794 0.4917814 0.2051733 -0.3098752 0.2696866 0.3511214 0.0571101 0.5330276 0.07085884 -0.01586392 0.5256245 0.1237386 -0.1745031 0.4716871 0.1988278 0.0190367 0.537258 0.06028289 0.06239808 0.5330276 0.06028289 -0.3976555 0.2718018 0.2453619 -0.3098752 0.2696866 0.3511214 -0.3045872 0.4314986 0.1142202 -0.04864934 0.5309125 0.08883794 -0.3098752 0.4431321 -0.00951835 0.08249237 0.5340852 -0.02432467 0.02432467 0.5393732 -0.00951835 -0.02326708 0.5404308 0 -0.3098752 0.4431321 -0.00951835 -0.2199797 0.4674568 -0.1586392 -0.01586392 0.5245669 -0.1300841 -0.1300841 0.4663992 -0.2390164 -0.05393732 0.4938966 -0.2136341 0.05287972 0.5298548 -0.09518351 -0.008460755 0.5192789 -0.1491208 0.004230378 0.5340852 -0.08037718 0.03278543 0.5129333 -0.1670999 0.06028289 0.4685144 -0.263341 0.1417177 0.4886087 -0.1819063 0.003172783 0.5393732 -0.03701581 0.1448904 0.5203365 -0.01057594 0.0571101 0.537258 -0.001057594 0.1544088 0.5182213 0.002115189 0.02749746 0.5393732 -0.008460755 0.1321993 0.5235093 -0.02326708 0.09412591 0.526682 0.07931959 0.2992992 0.2453619 0.3775612 0.3532366 0.3479486 0.2146917 0.3532366 0.3479486 0.2146917 0.3067024 0.4410169 0.0571101 0.1544088 0.5182213 0.002115189 0.2929537 0.4537081 -0.008460755 0.2802625 0.4621688 -0.001057594 0.4219802 0.3373726 -0.001057594 0.3595821 0.4008283 0.04336137 0.2538227 0.4177498 0.229498 0.4357289 0.3193935 0.01797911 0.4748599 0.2569955 0 0.2125765 0.2337284 0.4389017 0.1025867 0.1935398 0.4938966 0.4674568 0.2643986 0.06451327 0.5023574 0.190367 0.06134048 0.2813201 0.1459481 0.4367865 0.09835629 0.117393 0.5182213 -0.04124618 -0.06557086 0.5351428 0.5235093 0.1279689 0.03701581 0.5287973 0.1099898 0.001057594 0.3172784 -0.004230378 0.4367865 0.0761468 -0.04970694 0.5330276 0.0761468 -0.04970694 0.5330276 -0.117393 -0.04653416 0.5256245 -0.06028289 -0.04018859 0.5351428 0.537258 0.008460755 0.06028289 0.5404308 -0.0200943 -0.001057594 0.5171637 -0.1544088 0.01586392 0.5213941 -0.1417177 -0.007403161 0.5298548 -0.09201072 0.0571101 0.2855505 -0.1544088 0.4314986 0.1766183 -0.04547656 0.5087029 -0.117393 -0.04653416 0.5256245 -0.1184506 -0.07826199 0.5213941 -0.2199797 -0.00951835 0.4938966 -0.3109328 -0.04547656 0.4399593 -0.2390164 -0.04336137 0.4833207 -0.117393 -0.04653416 0.5256245 -0.2802625 -0.1681575 0.430441 -0.273917 -0.1448904 0.4431321 0.0761468 -0.04970694 0.5330276 -0.3162207 -0.1311417 0.4177498 -0.06028289 -0.04018859 0.5351428 -0.2474771 -0.06557086 0.4759175 -0.2411315 -0.1163354 0.469572 -0.1078746 -0.2168069 0.4833207</float_array>
          <technique_common>
            <accessor source="#polySurface29__GrassRord05-normal-array" count="1069" stride="3">
              <param name="X" type="float" />
              <param name="Y" type="float" />
              <param name="Z" type="float" />
            </accessor>
          </technique_common>
        </source>
        <source id="polySurface29__GrassRord05-texcoord">
          <float_array id="polySurface29__GrassRord05-texcoord-array" count="2138">0.9946289 0.2915039 0.9946289 0.4682617 0.9536133 0.4682617 0.9536133 0.2949219 0.9858398 0.152832 0.8994141 0.4614258 0.9453125 0.1572266 0.9116211 0.2949219 0.8740234 0.4575195 0.9038086 0.1621094 0.8876953 0.2949219 0.8818359 0.1650391 0.2763672 0.03808594 0.279541 0.0004882813 0.4494629 0.007324219 0.4484863 0.04443359 0.5864258 0.005859375 0.277832 0.09277344 0.5874023 0.04345703 0.4458008 0.07763672 0.5810547 0.09375 0.4433594 0.1005859 0.2785645 0.1186523 0.5776367 0.1166992 1.024414 0.8881226 1.023438 0.9978333 0.9794922 0.9977436 0.9804688 0.8892822 1.015625 0.736084 0.9140625 0.9934883 0.9716797 0.739502 0.9306641 0.8849487 0.8896484 0.9917221 0.9194336 0.7424316 0.9077148 0.8827515 0.8959961 0.7438965 0.4250488 0.1074219 0.282959 0.1176758 0.279541 0.09423828 0.432373 0.08105469 0.6176758 0.09326172 0.2702637 0.03222656 0.621582 0.06787109 0.4519043 -0.002929688 0.2575684 -0.015625 0.6254883 0.03808594 0.4528809 -0.05273438 0.6396484 -0.01074219 0.3149414 0.1948242 0.3149414 0.2900391 0.2822266 0.2900391 0.2822266 0.1914063 0.2426758 0.2900391 0.3149414 0.1757813 0.2426758 0.1831055 0.2822266 0.1723633 0.3149414 0.1484375 0.2426758 0.1640625 0.2822266 0.1425781 0.3149414 0.1240234 0.2426758 0.144043 0.2822266 0.1245117 0.3149414 0.1030273 0.2426758 0.128418 0.2822266 0.09814453 0.2426758 0.1044922 0.3149414 0.07861328 0.2819824 0.07617188 0.2426758 0.1044922 0.2421875 0.08691406 0.3156738 0.06884766 0.2409668 0.06103516 0.2810059 0.06201172 0.3146973 0.03515625 0.2336426 0.02392578 0.2858887 0.02490234 0.006069183 0.2900391 0.006069183 0.1948242 0.04400635 0.2900391 0.04400635 0.1914063 0.006069183 0.1757813 0.08374023 0.2900391 0.04400635 0.1723633 0.006126404 0.1386719 0.08374023 0.1831055 0.1234741 0.2900391 0.04400635 0.1376953 0.006069183 0.1171875 0.08374023 0.1640625 0.1234741 0.1777344 0.163208 0.2900391 0.04403687 0.1191406 0.006069183 0.1030273 0.08374023 0.1362305 0.1234741 0.1625977 0.163208 0.175293 0.2028809 0.1772461 0.2028809 0.2900391 0.163208 0.1625977 0.2426758 0.1831055 0.2426758 0.2900391 0.2028809 0.1621094 0.2426758 0.1640625 0.2822266 0.1914063 0.2822266 0.2900391 0.3149414 0.1948242 0.3149414 0.2900391 0.3149414 0.1757813 0.2822266 0.1723633 0.3149414 0.1484375 0.2822266 0.1425781 0.3149414 0.1240234 0.2426758 0.144043 0.2822266 0.1245117 0.3149414 0.1030273 0.2426758 0.128418 0.2028809 0.1391602 0.2426758 0.1044922 0.2822266 0.09814453 0.3149414 0.08398438 0.2028809 0.1191406 0.2028809 0.09667969 0.163208 0.1416016 0.163208 0.1166992 0.1638184 0.09375 0.1248779 0.09423828 0.1234741 0.1396484 0.1234741 0.1162109 0.08374023 0.1166992 0.08453369 0.09765625 0.04388428 0.1030273 0.006149292 0.08447266 0.04467773 0.07910156 0.00692749 0.07275391 0.08520508 0.07714844 0.04263306 0.06347656 0.007732391 0.02490234 0.05108643 0.02392578 0.0838623 0.06103516 0.09143066 0.0234375 0.1237183 0.07714844 0.1638184 0.09375 0.1240234 0.05664063 0.1226807 0.02294922 0.1588135 0.0234375 0.1611328 0.05664063 0.1987305 0.0234375 0.1625977 0.07763672 0.203125 0.08154297 0.2028809 0.09667969 0.2026367 0.06005859 0.2409668 0.06103516 0.2336426 0.02392578 0.2421875 0.08691406 0.2426758 0.1044922 0.2819824 0.08105469 0.3156738 0.06884766 0.2810059 0.06201172 0.3146973 0.0234375 0.286377 0.02001953 0.644043 0.1948242 0.644043 0.2900391 0.6044922 0.2900391 0.6044922 0.1899414 0.644043 0.1757813 0.5644531 0.2900391 0.6044922 0.1708984 0.644043 0.1357422 0.5644531 0.1875 0.5249023 0.1899414 0.5249023 0.2900391 0.487793 0.2900391 0.487793 0.1948242 0.487793 0.1757813 0.5249023 0.1708984 0.487793 0.1357422 0.5644531 0.1674805 0.5249023 0.1298828 0.487793 0.1181641 0.6044922 0.1298828 0.644043 0.1225586 0.5644531 0.1293945 0.5249023 0.112793 0.487793 0.09960938 0.5644531 0.1088867 0.6044922 0.1123047 0.644043 0.1030273 0.6044922 0.09423828 0.5249023 0.09423828 0.487793 0.07324219 0.5644531 0.09033203 0.5249023 0.07421875 0.487793 0.05126953 0.5644531 0.06884766 0.5249023 0.05371094 0.4873047 0.03955078 0.5253906 0.03027344 0.644043 0.1030273 0.644043 0.09033203 0.5644531 0.04736328 0.5644531 0.02539063 0.6044922 0.07373047 0.644043 0.07080078 0.6044922 0.05322266 0.6035156 0.03173828 0.644043 0.05224609 0.2773438 0.2895508 0.2773438 0.1816406 0.3212891 0.2900391 0.3212891 0.1777344 0.2773438 0.1616211 0.3654785 0.2900391 0.3212891 0.1586914 0.2773438 0.1381836 0.3654785 0.1767578 0.409668 0.2900391 0.3212891 0.1352539 0.2773438 0.1142578 0.3654785 0.1538086 0.409668 0.1791992 0.4538574 0.2895508 0.3212891 0.105957 0.2773438 0.09472656 0.3654785 0.1289063 0.409668 0.1557617 0.4538574 0.1811523 0.4978027 0.1791992 0.4978027 0.2895508 0.4538574 0.1582031 0.409668 0.1279297 0.5419922 0.175293 0.5419922 0.2900391 0.4978027 0.1542969 0.5859375 0.1777344 0.5859375 0.2900391 0.6298828 0.1816406 0.6298828 0.2895508 0.6298828 0.1611328 0.5859375 0.15625 0.6298828 0.140625 0.5419922 0.1518555 0.5859375 0.1352539 0.5859375 0.1088867 0.6298828 0.1157227 0.5419922 0.1293945 0.5859375 0.08496094 0.6298828 0.09765625 0.6298828 0.07275391 0.5419922 0.09228516 0.4978027 0.1279297 0.5419922 0.07470703 0.4978027 0.08886719 0.4978027 0.06542969 0.5859375 0.05566406 0.6303711 0.04882813 0.5419922 0.07470703 0.5859375 0.02929688 0.5419922 0.04345703 0.4978027 0.06542969 0.5419922 0.01416016 0.4978027 0.03417969 0.4538574 0.0625 0.4978027 0.002929688 0.4536133 0.02880859 0.453125 0.001464844 0.4091797 0.0009765625 0.409668 0.03466797 0.3657227 0.01025391 0.409668 0.06591797 0.3654785 0.04443359 0.3212891 0.02685547 0.3215332 0.06201172 0.2768555 0.04638672 0.2773438 0.07714844 0.3654785 0.07470703 0.3212891 0.08496094 0.3654785 0.1049805 0.409668 0.1020508 0.4538574 0.1293945 0.4538574 0.08789063 0.4538574 0.0625 0.3149414 0.2900391 0.3149414 0.1948242 0.2822266 0.2900391 0.2822266 0.1914063 0.2426758 0.2900391 0.3149414 0.1757813 0.2426758 0.1831055 0.2822266 0.1723633 0.3149414 0.1484375 0.2426758 0.1640625 0.2822266 0.1425781 0.3149414 0.1240234 0.2426758 0.144043 0.2822266 0.1245117 0.3149414 0.1030273 0.2426758 0.128418 0.2822266 0.09814453 0.2426758 0.1044922 0.3149414 0.07861328 0.2819824 0.07617188 0.2426758 0.1044922 0.2421875 0.08691406 0.3156738 0.06884766 0.2409668 0.06103516 0.2810059 0.06201172 0.3146973 0.03515625 0.2336426 0.02392578 0.2858887 0.02490234 0.006069183 0.2900391 0.04400635 0.2900391 0.006069183 0.1948242 0.04400635 0.1914063 0.08374023 0.2900391 0.006069183 0.1757813 0.08374023 0.1831055 0.1234741 0.2900391 0.04400635 0.1723633 0.006126404 0.1386719 0.1234741 0.1777344 0.163208 0.2900391 0.08374023 0.1640625 0.04400635 0.1376953 0.006069183 0.1171875 0.1234741 0.1625977 0.04403687 0.1191406 0.006069183 0.1030273 0.08374023 0.1362305 0.04388428 0.1030273 0.006149292 0.08447266 0.08374023 0.1166992 0.04467773 0.07910156 0.00692749 0.07275391 0.08453369 0.09765625 0.1234741 0.1396484 0.04263306 0.06347656 0.007732391 0.02490234 0.05108643 0.02392578 0.08520508 0.07714844 0.0838623 0.06103516 0.09143066 0.0234375 0.1248779 0.09423828 0.1240234 0.05664063 0.1226807 0.02294922 0.1588135 0.0234375 0.1237183 0.07714844 0.1611328 0.05664063 0.1987305 0.0234375 0.1638184 0.09375 0.1625977 0.07763672 0.2026367 0.06005859 0.203125 0.08154297 0.2028809 0.09667969 0.2409668 0.06103516 0.2336426 0.02392578 0.2421875 0.08691406 0.2426758 0.1044922 0.2822266 0.09814453 0.2810059 0.06201172 0.286377 0.02001953 0.3146973 0.0234375 0.3156738 0.06884766 0.2819824 0.08105469 0.3149414 0.08398438 0.3149414 0.1030273 0.2822266 0.1245117 0.3149414 0.1240234 0.2426758 0.1044922 0.2822266 0.1425781 0.3149414 0.1484375 0.2426758 0.128418 0.2028809 0.1191406 0.2028809 0.09667969 0.2822266 0.1723633 0.3149414 0.1757813 0.163208 0.1166992 0.1638184 0.09375 0.2822266 0.1914063 0.3149414 0.1948242 0.3149414 0.2900391 0.2822266 0.2900391 0.2426758 0.2900391 0.2426758 0.1831055 0.2028809 0.2900391 0.2426758 0.1640625 0.2028809 0.1772461 0.2426758 0.144043 0.2028809 0.1621094 0.163208 0.175293 0.2028809 0.1391602 0.163208 0.1625977 0.163208 0.1416016 0.1234741 0.1162109 0.644043 0.2900391 0.644043 0.1948242 0.6044922 0.2900391 0.6044922 0.1899414 0.644043 0.1757813 0.5644531 0.2900391 0.6044922 0.1708984 0.644043 0.1357422 0.5644531 0.1875 0.5249023 0.1899414 0.5249023 0.2900391 0.487793 0.2900391 0.487793 0.1948242 0.487793 0.1757813 0.5249023 0.1708984 0.487793 0.1357422 0.5644531 0.1674805 0.5249023 0.1298828 0.487793 0.1181641 0.6044922 0.1298828 0.644043 0.1225586 0.5644531 0.1293945 0.5249023 0.112793 0.487793 0.09960938 0.5644531 0.1088867 0.6044922 0.1123047 0.644043 0.1030273 0.6044922 0.09423828 0.5249023 0.09423828 0.487793 0.07324219 0.5644531 0.09033203 0.5249023 0.07421875 0.487793 0.05126953 0.5644531 0.06884766 0.5249023 0.05371094 0.4873047 0.03955078 0.5253906 0.03027344 0.5644531 0.04736328 0.5644531 0.02539063 0.6044922 0.07373047 0.6044922 0.05322266 0.6035156 0.03173828 0.644043 0.05224609 0.644043 0.07080078 0.644043 0.09033203 0.644043 0.1030273 0.2773438 0.2895508 0.3212891 0.2900391 0.2773438 0.1816406 0.3212891 0.1777344 0.3654785 0.2900391 0.2773438 0.1616211 0.3654785 0.1767578 0.409668 0.2900391 0.3212891 0.1586914 0.2773438 0.1381836 0.409668 0.1791992 0.4538574 0.2895508 0.3654785 0.1538086 0.3212891 0.1352539 0.2773438 0.1142578 0.409668 0.1557617 0.3212891 0.105957 0.2773438 0.09472656 0.3654785 0.1289063 0.3212891 0.08496094 0.2773438 0.07714844 0.3654785 0.1049805 0.3215332 0.06201172 0.2768555 0.04638672 0.3212891 0.02685547 0.3654785 0.07470703 0.3654785 0.04443359 0.3657227 0.01025391 0.409668 0.1020508 0.409668 0.03466797 0.4091797 0.0009765625 0.409668 0.06591797 0.4536133 0.02880859 0.453125 0.001464844 0.4978027 0.002929688 0.4538574 0.0625 0.4978027 0.03417969 0.5419922 0.01416016 0.4978027 0.06542969 0.5419922 0.04345703 0.5859375 0.02929688 0.5419922 0.07470703 0.5859375 0.05566406 0.6303711 0.04882813 0.6298828 0.07275391 0.5859375 0.08496094 0.6298828 0.09765625 0.6298828 0.1157227 0.5859375 0.1088867 0.6298828 0.140625 0.5419922 0.09228516 0.5419922 0.07470703 0.5859375 0.1352539 0.4978027 0.08886719 0.4978027 0.06542969 0.5419922 0.1293945 0.4978027 0.1279297 0.4538574 0.08789063 0.4538574 0.0625 0.4538574 0.1293945 0.4978027 0.1542969 0.409668 0.1279297 0.4538574 0.1582031 0.4538574 0.1811523 0.4978027 0.1791992 0.4978027 0.2895508 0.5419922 0.1518555 0.5419922 0.175293 0.5419922 0.2900391 0.5859375 0.15625 0.6298828 0.1611328 0.5859375 0.1777344 0.5859375 0.2900391 0.6298828 0.1816406 0.6298828 0.2895508 0.925293 0.6149902 0.96875 0.6083984 0.9868164 0.7712402 0.9433594 0.7700195 0.9663086 0.9021606 0.9233398 0.8929443 0.8818359 0.8823242 0.9013672 0.7664795 0.8842773 0.6218262 0.878418 0.7645264 0.859375 0.8760986 0.859375 0.6259766 0.003141403 0.06005859 0.00629425 0.01123047 0.1359863 0.01367188 0.2406006 0.006347656 0.2445068 0.0546875 0.1363525 0.06201172 0.005214691 0.09082031 0.2364502 0.1162109 0.1342773 0.1044922 0.007289886 0.1176758 0.2331543 0.1386719 0.1330566 0.1269531 0.2260742 0.04296875 0.2259521 0.006347656 0.3547363 0.006347656 0.5180664 -0.005859375 0.5205078 0.03027344 0.3564453 0.04248047 0.2375488 0.1035156 0.5136719 0.07910156 0.3640137 0.1030273 0.2420654 0.1259766 0.3608398 0.07958984 0.5097656 0.1025391 0.2963867 0.03271484 0.2980957 -0.001953125 0.4665527 0 0.5922852 -0.01074219 0.5947266 0.02392578 0.4665527 0.03466797 0.2995605 0.08300781 0.5942383 0.05957031 0.3010254 0.1079102 0.4758301 0.09960938 0.4719238 0.07568359 0.5942383 0.08300781 0.003427505 0.09375 -0.00856781 0.05126953 0.182373 0.007324219 0.3781738 -0.0078125 0.3811035 0.03613281 0.1888428 0.05126953 0.0151825 0.144043 0.3774414 0.07763672 0.1895752 0.1098633 0.02052307 0.1669922 0.3745117 0.1020508 0.1887207 0.1362305 0.2983398 0.137207 0.151123 0.1235352 0.2998047 0.112793 0.006278992 0.1381836 0.001085281 0.1142578 0.1496582 0.1000977 0.3024902 0.05957031 -0.005695343 0.07861328 0.1473389 0.05761719 0.3027344 0.01806641 -0.01106262 0.03759766 0.1446533 0.01660156 0.2636719 0.4326172 0.328125 0.4331055 0.3234863 0.4741211 0.4057617 0.4458008 0.2590332 0.4746094 0.1827393 0.4423828 0.4006348 0.484375 0.3215332 0.515625 0.4455566 0.5090332 0.4846191 0.4882813 0.4030762 0.5200195 0.4914551 0.5869141 0.546875 0.5756836 0.4318848 0.5891113 0.3273926 0.5759277 0.5166016 0.6535645 0.5791016 0.6435547 0.4494629 0.6589355 0.5214844 0.734375 0.5854492 0.7341309 0.5644531 0.8250732 0.3286133 0.6496582 0.5014648 0.8220215 0.5058594 0.9159546 0.4523926 0.736084 0.4641113 0.9006348 0.4140625 0.9784241 0.4328613 0.824585 0.3283691 0.7404785 0.4155273 0.895752 0.4118652 0.9369507 0.3254395 0.9491882 0.3276367 0.9956055 0.2573242 0.9881592 0.3234863 0.90271 0.3266602 0.8323975 0.2573242 0.9459229 0.1782227 0.9651184 0.2519531 0.9033203 0.1776123 0.9298096 0.1012573 0.9091797 0.2365723 0.8299561 0.1689453 0.8959351 0.1341553 0.8989258 0.0847168 0.8221436 0.034729 0.8249512 0.137207 0.824585 0.2265625 0.7412109 0.1165161 0.7392578 0.06616211 0.7392578 0.01689148 0.7404785 0.07727051 0.6616211 0.02134705 0.652832 0.1335449 0.6635742 0.2318115 0.6542969 0.09350586 0.5888672 0.04916382 0.5871582 0.09283447 0.5070801 0.137207 0.5861816 0.237793 0.5795898 0.1218872 0.5209961 0.1535645 0.5256348 0.2509766 0.5168457 0.1713867 0.4858398 0.02052307 0.1669922 0.0151825 0.144043 0.1887207 0.1362305 0.6245117 0.04541016 0.6176758 0.09326172 0.4250488 0.1074219 0.4250488 0.1074219 0.4519043 -0.002929688 0.2805176 0.1015625 0.2702637 0.03222656 0.2575684 -0.015625 0.4528809 -0.05273438 0.6396484 -0.01074219 0.6245117 0.04541016 0.1330566 0.1269531 0.2364502 0.1162109 0.2331543 0.1386719 0.1363525 0.06201172 0.2445068 0.0546875 0.1330566 0.1269531 0.003660202 0.06787109 0.007289886 0.1176758 0.1330566 0.1269531 0.1359863 0.01367188 0.00629425 0.01123047 0.2445068 0.0546875 0.2406006 0.006347656 -0.005695343 0.07861328 -0.01099396 0.03759766 0.1446533 0.01660156 0.3024902 0.05957031 0.3027344 0.01806641 0.3024902 0.05957031 0.1496582 0.1000977 0.2998047 0.112793 -0.005695343 0.07861328 0.004333496 0.1289063 0.151123 0.1235352 0.2998047 0.112793 0.2983398 0.137207 0.3640137 0.1030273 0.2420654 0.1259766 0.2375488 0.1035156 0.3591309 0.06542969 0.5205078 0.03027344 0.5107422 0.09667969 0.3640137 0.1030273 0.5107422 0.09667969 0.2260742 0.04296875 0.2375488 0.1035156 0.3547363 0.006347656 0.2259521 0.006347656 0.5205078 0.03027344 0.5180664 -0.005859375 0.2785645 0.1186523 0.277832 0.09277344 0.4433594 0.1005859 0.4465332 0.06738281 0.2763672 0.03808594 0.277832 0.09277344 0.5874023 0.04345703 0.5864258 0.005859375 0.4494629 0.007324219 0.2763672 0.03808594 0.279541 0.0004882813 0.578125 0.1137695 0.4433594 0.1005859 0.5874023 0.04345703 0.4665527 0 0.5922852 -0.01074219 0.5947266 0.02392578 0.2963867 0.03271484 0.2980957 -0.001953125 0.3007813 0.1015625 0.4758301 0.09960938 0.5942383 0.07421875 0.5947266 0.02392578 0.9038086 0.7667236 0.859375 0.6259766 0.925293 0.6149902 0.9233398 0.8929443 0.9663086 0.9021606 0.9868164 0.7712402 0.925293 0.6149902 0.96875 0.6083984 0.878418 0.7645264 0.859375 0.6259766 0.8818359 0.8823242 0.859375 0.8760986 0.9233398 0.8929443 0.9404297 0.2949219 0.9536133 0.4682617 0.8994141 0.4614258 0.9038086 0.1621094 0.9453125 0.1572266 0.9858398 0.152832 0.9946289 0.2915039 0.9946289 0.4682617 0.9536133 0.4682617 0.8994141 0.4614258 0.8740234 0.4575195 0.8876953 0.2949219 0.9038086 0.1621094 0.8818359 0.1650391 0.8989258 0.7436523 0.9716797 0.739502 0.9077148 0.8827515 0.9804688 0.8892822 0.90625 0.992939 0.9794922 0.9977436 0.9716797 0.739502 1.015625 0.736084 1.024414 0.8881226 0.9794922 0.9977436 1.023438 0.9978333 0.006069183 0.2900391 0.05395508 0.2900391 0.006069183 0.1948242 0.04400635 0.1723633 0.006095886 0.1572266 0.06634521 0.1367188 0.006069183 0.1171875 0.05395508 0.2900391 0.08374023 0.1665039 0.1108398 0.1123047 0.006137848 0.09814453 0.1234741 0.1650391 0.05395508 0.2900391 0.1358643 0.2900391 0.1433105 0.140625 0.163208 0.1630859 0.2028809 0.1640625 0.2028809 0.2900391 0.2127686 0.1391602 0.2004395 0.1123047 0.2004395 0.1123047 0.2421875 0.09082031 0.1633301 0.08789063 0.2426758 0.1689453 0.2724609 0.2900391 0.2822266 0.1723633 0.2822266 0.1279297 0.2421875 0.09082031 0.2814941 0.07128906 0.3149414 0.1362305 0.3149414 0.09716797 0.3149414 0.1757813 0.3146973 0.0234375 0.2724609 0.2900391 0.3149414 0.2900391 0.2336426 0.02392578 0.2421875 0.09082031 0.1887207 0.0234375 0.1629639 0.06103516 0.2004395 0.1123047 0.08154297 0.0234375 0.1633301 0.08789063 0.09295654 0.06933594 0.04428101 0.07617188 0.007732391 0.02490234 0.182373 0.007324219 0.3781738 -0.0078125 0.3811035 0.03613281 0.1888428 0.05126953 0.003427505 0.09375 -0.00856781 0.05126953 0.0151825 0.144043 0.1887207 0.1362305 0.3745117 0.1020508 0.3811035 0.03613281 0.2858887 0.02490234 0.3146973 0.03515625 0.2336426 0.02392578 0.2418213 0.08251953 0.2822266 0.09228516 0.3156738 0.06884766 0.3149414 0.1030273 0.2822266 0.1289063 0.3149414 0.140625 0.2426758 0.144043 0.2418213 0.08251953 0.2822266 0.1723633 0.3149414 0.1757813 0.2426758 0.1831055 0.2822266 0.2900391 0.2426758 0.2900391 0.644043 0.09912109 0.5693359 0.02636719 0.644043 0.05224609 0.5610352 0.07226563 0.487793 0.05126953 0.4873047 0.03955078 0.487793 0.09960938 0.5546875 0.1098633 0.487793 0.1279297 0.6044922 0.1245117 0.644043 0.09912109 0.644043 0.1225586 0.644043 0.1557617 0.5449219 0.1298828 0.6044922 0.171875 0.644043 0.1948242 0.5644531 0.1674805 0.644043 0.2900391 0.6044922 0.2900391 0.5644531 0.2900391 0.5249023 0.171875 0.487793 0.2900391 0.487793 0.1757813 0.487793 0.1948242 0.6298828 0.1816406 0.6298828 0.2895508 0.5639648 0.2900391 0.6298828 0.1611328 0.5419922 0.1621094 0.4758301 0.2895508 0.5473633 0.1303711 0.6298828 0.1298828 0.4978027 0.1655273 0.5556641 0.09716797 0.6298828 0.09765625 0.4841309 0.128418 0.4538574 0.1655273 0.409668 0.1674805 0.409668 0.2900391 0.409668 0.1279297 0.4575195 0.08935547 0.4702148 0.06347656 0.3654785 0.1582031 0.3571777 0.2900391 0.2773438 0.1616211 0.3601074 0.1298828 0.2773438 0.1308594 0.3461914 0.1054688 0.2773438 0.09472656 0.3532715 0.07080078 0.4702148 0.06347656 0.2768555 0.04638672 0.338623 0.02099609 0.4453125 0.02978516 0.4702148 0.06347656 0.4643555 0.001953125 0.5136719 0.03759766 0.4702148 0.06347656 0.6274414 0.04736328 0.2858887 0.02490234 0.2336426 0.02392578 0.3146973 0.03515625 0.2418213 0.08251953 0.2822266 0.09228516 0.3156738 0.06884766 0.3149414 0.1030273 0.2822266 0.1289063 0.3149414 0.140625 0.2418213 0.08251953 0.2426758 0.144043 0.2822266 0.1723633 0.2426758 0.1831055 0.2426758 0.2900391 0.3149414 0.1757813 0.2822266 0.2900391 0.3149414 0.1757813 0.6298828 0.2895508 0.6298828 0.1816406 0.5639648 0.2900391 0.6298828 0.1611328 0.5419922 0.1621094 0.4758301 0.2895508 0.5473633 0.1303711 0.6298828 0.1298828 0.4978027 0.1655273 0.5556641 0.09716797 0.6298828 0.09765625 0.4841309 0.128418 0.4538574 0.1655273 0.409668 0.1674805 0.409668 0.2900391 0.409668 0.1279297 0.4575195 0.08935547 0.4702148 0.06347656 0.3654785 0.1582031 0.3571777 0.2900391 0.2773438 0.1616211 0.2773438 0.1616211 0.3601074 0.1298828 0.2773438 0.1308594 0.3461914 0.1054688 0.2773438 0.09472656 0.3532715 0.07080078 0.4702148 0.06347656 0.2768555 0.04638672 0.338623 0.02099609 0.4453125 0.02978516 0.4702148 0.06347656 0.4643555 0.001953125 0.5136719 0.03759766 0.4702148 0.06347656 0.6274414 0.04736328 0.644043 0.2900391 0.644043 0.1948242 0.6044922 0.2900391 0.6044922 0.171875 0.644043 0.1557617 0.5644531 0.2900391 0.6044922 0.1245117 0.644043 0.1225586 0.644043 0.09912109 0.5722656 0.09082031 0.5644531 0.1674805 0.5249023 0.171875 0.487793 0.2900391 0.487793 0.1948242 0.487793 0.1757813 0.487793 0.1279297 0.5449219 0.1298828 0.5546875 0.1098633 0.487793 0.09960938 0.5644531 0.06347656 0.487793 0.05126953 0.4873047 0.03955078 0.644043 0.09912109 0.5693359 0.02636719 0.644043 0.05224609 0.2636719 0.4326172 0.328125 0.4331055 0.3234863 0.4741211 0.2590332 0.4746094 0.328125 0.4331055 0.4057617 0.4458008 0.4846191 0.4882813 0.4455566 0.5090332 0.3215332 0.515625 0.4057617 0.4458008 0.2636719 0.4326172 0.1827393 0.4423828 0.4030762 0.5200195 0.2509766 0.5168457 0.3273926 0.5759277 0.4318848 0.5891113 0.1535645 0.5256348 0.09283447 0.5070801 0.237793 0.5795898 0.137207 0.5861816 0.09350586 0.5888672 0.3286133 0.6496582 0.2318115 0.6542969 0.04916382 0.5871582 0.09283447 0.5070801 0.02134705 0.652832 0.1089478 0.6625977 0.01689148 0.7404785 0.2265625 0.7412109 0.328125 0.7518311 0.1165161 0.7392578 0.01689148 0.7404785 0.034729 0.8249512 0.137207 0.824585 0.1012573 0.9091797 0.1782227 0.9651184 0.2453613 0.8712158 0.2573242 0.9881592 0.3349609 0.9018555 0.3276367 0.9956055 0.4140625 0.9784241 0.5058594 0.9159546 0.4328613 0.824585 0.5644531 0.8250732 0.4523926 0.736084 0.5854492 0.7341309 0.4494629 0.6589355 0.5166016 0.6535645 0.4914551 0.5869141 0.4846191 0.4882813 0.546875 0.5756836 0.546875 0.5756836 0.5791016 0.6435547 0.5854492 0.7341309 0.006069183 0.2900391 0.006069183 0.1948242 0.05395508 0.2900391 0.04400635 0.1723633 0.006095886 0.1572266 0.08374023 0.1679688 0.1358643 0.2900391 0.06634521 0.1367188 0.006069183 0.1171875 0.1234741 0.1650391 0.163208 0.1630859 0.1433105 0.140625 0.1108398 0.1123047 0.006137848 0.09814453 0.2028809 0.1650391 0.2028809 0.2900391 0.2127686 0.1391602 0.2004395 0.1123047 0.2004395 0.1123047 0.2421875 0.09082031 0.1633301 0.08789063 0.2426758 0.1689453 0.2724609 0.2900391 0.3149414 0.1757813 0.3149414 0.2900391 0.2822266 0.1723633 0.3149414 0.1362305 0.2822266 0.1279297 0.2421875 0.09082031 0.3149414 0.09716797 0.2814941 0.07128906 0.3146973 0.0234375 0.2336426 0.02392578 0.2421875 0.09082031 0.1887207 0.0234375 0.1629639 0.06103516 0.2004395 0.1123047 0.08154297 0.0234375 0.1633301 0.08789063 0.09295654 0.06933594 0.04428101 0.07617188 0.007732391 0.02490234</float_array>
          <technique_common>
            <accessor source="#polySurface29__GrassRord05-texcoord-array" count="1069" stride="2">
              <param name="S" type="float" />
              <param name="T" type="float" />
            </accessor>
          </technique_common>
        </source>
        <source id="polySurface29__GrassRord05-texcoord_1">
          <float_array id="polySurface29__GrassRord05-texcoord-array_1" count="2138">0.1657435 0.8812848 0.08003357 0.8188754 0.09492637 0.8045472 0.1772183 0.863035 0.2456245 0.9097124 0.1162737 0.7859007 0.2526589 0.8886092 0.1896544 0.8444648 0.1325551 0.7833371 0.2609598 0.8664225 0.1942168 0.8320745 0.2640879 0.8534523 0.09492637 0.8045472 0.08003357 0.8188754 0.03038071 0.7216601 0.04808118 0.7123369 0.007125963 0.6343023 0.1162737 0.7859007 0.0290074 0.6318303 0.06532387 0.7053025 0.057084 0.6304723 0.07811093 0.7013199 0.1325551 0.7833371 0.06965744 0.6301061 0.01483177 0.537316 0.02725261 0.4638285 0.04910353 0.4751202 0.03685054 0.5436789 0.007125963 0.6343023 0.07910277 0.4920272 0.0290074 0.6318303 0.06169223 0.5531396 0.09143206 0.4964523 0.057084 0.6304723 0.07364004 0.5573205 0.06965744 0.6301061 0.1308309 0.4330816 0.09143206 0.4964523 0.07910277 0.4920272 0.1225299 0.4241245 0.2039368 0.3780423 0.04910353 0.4751202 0.2016785 0.3641718 0.1034714 0.3846799 0.02725261 0.4638285 0.1953307 0.350042 0.08628977 0.3657283 0.1873198 0.3258716 0.7128099 0.5961394 0.7051042 0.6730754 0.6641184 0.6706035 0.6741284 0.5905547 0.627039 0.6670176 0.7147173 0.5853819 0.6402838 0.5780118 0.6775921 0.5763485 0.7165942 0.575906 0.6449531 0.5629206 0.6805218 0.5645685 0.7188067 0.565362 0.648188 0.55346 0.6838941 0.5518426 0.7223774 0.5491874 0.6518654 0.543801 0.6875257 0.5389944 0.6574349 0.530129 0.7250324 0.5373465 0.6912184 0.5267262 0.6574349 0.530129 0.6623942 0.5186694 0.7280384 0.5224231 0.6674601 0.5068437 0.6951858 0.5131609 0.728893 0.5088578 0.6733196 0.4932173 0.7006485 0.4962844 0.69691 0.2472572 0.6975204 0.1726863 0.7325857 0.2462043 0.7317006 0.1718929 0.6978714 0.1619745 0.7685512 0.2443733 0.7318684 0.1604791 0.6986496 0.1528801 0.7660334 0.1694972 0.8050965 0.2416571 0.7324941 0.1516594 0.6999313 0.1436637 0.7659266 0.15729 0.8005341 0.1649348 0.8414893 0.2394751 0.7342794 0.1375143 0.7022049 0.1304036 0.7662928 0.1468681 0.7999848 0.1528954 0.8346075 0.1615472 0.8684214 0.1591058 0.8772412 0.2376135 0.8333715 0.1488975 0.9030442 0.1573052 0.9133593 0.2366827 0.8662852 0.1463035 0.9001449 0.1439536 0.9384909 0.1555047 0.9496452 0.2355993 0.9738918 0.1476158 0.9852598 0.2334478 0.9702601 0.1356375 0.9346456 0.1411154 0.9665064 0.1259174 0.9313496 0.1305104 0.9622949 0.1167773 0.8982528 0.1359121 0.9278249 0.1199512 0.9563134 0.1043565 0.8964217 0.1282063 0.8645914 0.1369192 0.8937972 0.1170672 0.9245442 0.1101243 0.9520257 0.0953536 0.8620432 0.1240864 0.860502 0.115404 0.8323949 0.1387045 0.8309606 0.1238117 0.8301213 0.1147478 0.8 0.1163348 0.7997864 0.1423361 0.7999085 0.1257343 0.7676662 0.1316549 0.7687343 0.1213092 0.7359121 0.1270009 0.7038682 0.1204852 0.737377 0.1148089 0.7060044 0.1075304 0.7696651 0.1106126 0.738323 0.1038072 0.7082475 0.09375143 0.7401236 0.08415353 0.7704738 0.1011826 0.7699855 0.0790112 0.8000305 0.106157 0.8301213 0.1147478 0.8000153 0.09617764 0.7989319 0.07516593 0.827039 0.07524222 0.8284886 0.09530783 0.8564126 0.07745481 0.829282 0.1053025 0.8590524 0.1051652 0.860502 0.115404 0.8577249 0.0951705 0.8894637 0.09655911 0.8896163 0.08070499 0.8916304 0.1071183 0.8937972 0.1170672 0.9213703 0.1004959 0.9467613 0.08369571 0.9178149 0.08982986 0.9418479 0.07130539 0.9145037 0.07530326 0.6975204 0.1726863 0.69691 0.2472572 0.6600595 0.2472877 0.6626993 0.1716182 0.6978714 0.1619745 0.6219882 0.2470741 0.6637064 0.1594873 0.6986496 0.1528801 0.6271306 0.1686122 0.5907378 0.1656672 0.5848631 0.2475013 0.5507134 0.2482338 0.5561608 0.1618372 0.5588617 0.149691 0.5934539 0.1527428 0.5622797 0.1395895 0.62916 0.1551995 0.5968872 0.1413901 0.5668574 0.1294881 0.6652933 0.1487144 0.6999313 0.1436637 0.6317083 0.1441978 0.6014801 0.1295186 0.574258 0.115465 0.634989 0.1326314 0.6675822 0.137377 0.7022049 0.1304036 0.6703899 0.1244221 0.6073701 0.1164263 0.5797207 0.1055009 0.6393225 0.1193103 0.6129702 0.1045091 0.5863432 0.0928359 0.6437171 0.1065843 0.618265 0.0923934 0.5927062 0.07960629 0.6232243 0.0793469 0.7022049 0.1304036 0.7038682 0.1204852 0.6477302 0.09471273 0.6519112 0.08171207 0.673106 0.1123064 0.7060044 0.1075304 0.6759899 0.09996188 0.6793011 0.08673227 0.7082475 0.09375143 0.7051042 0.6730754 0.7128099 0.5961394 0.7408561 0.674525 0.747158 0.5990387 0.7147173 0.5853819 0.7772946 0.6752117 0.7489281 0.5874723 0.7165942 0.575906 0.7817349 0.6008393 0.8147402 0.6749523 0.7507133 0.5770047 0.7188067 0.565362 0.7830625 0.5888304 0.8166018 0.5992371 0.8535897 0.6750744 0.752636 0.5666438 0.7223774 0.5491874 0.7844968 0.577966 0.8172579 0.5882963 0.8521858 0.5979248 0.8868849 0.5971771 0.8909285 0.6752575 0.8521706 0.5863279 0.8183566 0.5747768 0.9202869 0.5975128 0.9261311 0.6763256 0.8861067 0.5851682 0.9544823 0.5957885 0.9609827 0.6772565 0.9863279 0.5913024 0.992874 0.6772565 0.983566 0.5789578 0.9520867 0.5834593 0.9809415 0.5684596 0.9185321 0.5844358 0.9499351 0.5728236 0.9482109 0.5623255 0.978088 0.5576562 0.9171893 0.5738003 0.9453117 0.544091 0.9741817 0.5424277 0.9719234 0.5315175 0.9158922 0.5598688 0.8853132 0.5718776 0.9138476 0.5387655 0.8843671 0.5546197 0.8831311 0.5347524 0.9426261 0.5275044 0.9700465 0.5179675 0.9138476 0.5387655 0.9404135 0.5099565 0.9121538 0.5204242 0.8831311 0.5347524 0.9106126 0.5000687 0.8823224 0.5156176 0.8532692 0.5338063 0.8825971 0.4944229 0.8543832 0.5131915 0.8561532 0.4917983 0.828748 0.4929579 0.8255283 0.5152209 0.7987182 0.4988937 0.8225834 0.5355306 0.7940337 0.521233 0.765362 0.5101701 0.7605097 0.5295033 0.7280384 0.5224231 0.7250324 0.5373465 0.7902952 0.5413443 0.7563134 0.5476615 0.786572 0.5638514 0.8202182 0.5565881 0.8524147 0.5729762 0.8528572 0.5530022 0.8532692 0.5338063 0.7051042 0.6730754 0.7070115 0.8177004 0.6641184 0.6706035 0.6679484 0.8207828 0.627039 0.6670176 0.7083848 0.8285344 0.632929 0.8301671 0.6705577 0.8350805 0.7097734 0.8380865 0.6368353 0.8457465 0.6728008 0.8469673 0.7114214 0.848722 0.6395514 0.8555123 0.6754101 0.8598459 0.7141222 0.8650492 0.64271 0.8654612 0.6783093 0.8728924 0.6475013 0.87953 0.7161211 0.8770123 0.6812695 0.8853742 0.6475013 0.87953 0.6517739 0.8913405 0.7182422 0.8921034 0.6561074 0.9035019 0.6843671 0.8991379 0.7180438 0.9057145 0.6610513 0.9174945 0.6886702 0.9163501 0.69691 0.2472572 0.7325857 0.2462043 0.7042496 0.3868925 0.738674 0.3855345 0.7685512 0.2443733 0.7052568 0.3975891 0.7733577 0.3857328 0.8050965 0.2416571 0.7396048 0.3969635 0.7065995 0.4066377 0.8083925 0.3878843 0.8414893 0.2394751 0.7741207 0.39794 0.7408255 0.4057527 0.7084458 0.4157625 0.8087587 0.3999237 0.7435569 0.4197909 0.7115282 0.4288853 0.7752193 0.4083315 0.7458915 0.4301823 0.7138018 0.4386816 0.7777066 0.4234226 0.7481804 0.4422675 0.7167315 0.4514992 0.7795224 0.4336614 0.8093538 0.4104677 0.7498741 0.4531929 0.7198138 0.4651255 0.7530327 0.4726787 0.7812314 0.4442817 0.7827115 0.4536202 0.7838102 0.4757763 0.8115358 0.4363775 0.8130617 0.4564736 0.8135347 0.47747 0.8420997 0.4752423 0.812314 0.4465095 0.8419929 0.4551309 0.8717479 0.470634 0.8420997 0.4356298 0.8420081 0.4451057 0.8716106 0.4528725 0.8721446 0.4428168 0.8727702 0.4325017 0.9035935 0.4487526 0.9051652 0.4645151 0.9048905 0.438056 0.9062333 0.4279546 0.9377737 0.432044 0.932784 0.4528573 0.9308003 0.467628 0.9585565 0.4690471 0.9623407 0.4562448 0.9354238 0.4419165 0.966598 0.4441291 0.9701228 0.4347295 0.9402457 0.421973 0.9750668 0.4217288 0.9062333 0.4279546 0.9429007 0.4111543 0.9785306 0.4121615 0.9079728 0.4166629 0.8736248 0.4237278 0.8727702 0.4325017 0.9453422 0.4002899 0.9814908 0.4020447 0.8422523 0.4265354 0.8420997 0.4356298 0.9480278 0.3856718 0.9841611 0.3895781 0.9852598 0.2334478 0.9496452 0.2355993 0.9133593 0.2366827 0.9123217 0.3871214 0.8772412 0.2376135 0.9104448 0.4006714 0.8773022 0.3884184 0.9091783 0.4088197 0.8761425 0.401297 0.8429694 0.3886473 0.8751812 0.4107576 0.8427253 0.4013581 0.8425422 0.4115968 0.8107271 0.4270085 0.69691 0.2472572 0.7042496 0.3868925 0.6600595 0.2472877 0.6693065 0.3900511 0.7052568 0.3975891 0.6219882 0.2470741 0.6710002 0.4020752 0.7065995 0.4066377 0.6336309 0.394873 0.5971313 0.3993286 0.5848631 0.2475013 0.5507134 0.2482338 0.5626459 0.4040436 0.5659876 0.4162356 0.6005799 0.4120699 0.569955 0.4262608 0.636408 0.408072 0.604654 0.4232395 0.5750667 0.4362249 0.6731822 0.4127108 0.7084458 0.4157625 0.6395667 0.4189059 0.6098878 0.4348668 0.5832151 0.4499733 0.6434882 0.4302434 0.676112 0.4238804 0.7115282 0.4288853 0.6796674 0.4366369 0.6164798 0.4476539 0.5892119 0.4596933 0.6485542 0.4433203 0.6227054 0.4592966 0.5964752 0.4720836 0.6536202 0.4558023 0.6285954 0.4711528 0.6034638 0.4850233 0.6341802 0.4839551 0.6582437 0.4674449 0.6630656 0.4802167 0.6830549 0.4485847 0.6866255 0.4607462 0.6905928 0.4737926 0.7198138 0.4651255 0.7167315 0.4514992 0.7138018 0.4386816 0.7115282 0.4288853 0.7051042 0.6730754 0.7408561 0.674525 0.7070115 0.8177004 0.7417105 0.8166934 0.7772946 0.6752117 0.7083848 0.8285344 0.7766232 0.8167391 0.8147402 0.6749523 0.7429465 0.8283818 0.7097734 0.8380865 0.81178 0.8199588 0.8535897 0.6750744 0.7774777 0.828809 0.7442741 0.8389258 0.7114214 0.848722 0.8120241 0.8308995 0.7457237 0.8493935 0.7141222 0.8650492 0.7784695 0.8397192 0.7485161 0.8685435 0.7161211 0.8770123 0.7799497 0.8539253 0.7518883 0.8868849 0.7182422 0.8921034 0.7559167 0.9064469 0.7827573 0.8765697 0.785687 0.8968185 0.7895628 0.9193408 0.8137636 0.8626688 0.8175326 0.9041734 0.8199893 0.9265583 0.8153353 0.8837873 0.84683 0.9072709 0.8478828 0.9286946 0.8749065 0.9269398 0.8464332 0.886656 0.8753185 0.9057603 0.9036087 0.9220722 0.8767681 0.8866865 0.905745 0.9017777 0.9341573 0.9128405 0.9080491 0.8834974 0.9368277 0.8953536 0.9642634 0.9053636 0.9664759 0.8918288 0.9400473 0.8788434 0.96907 0.8809491 0.9734798 0.8657359 0.9435569 0.8606699 0.97673 0.854902 0.9108263 0.862501 0.9080491 0.8834974 0.9456626 0.8502022 0.8787518 0.8669108 0.8767681 0.8866865 0.9126421 0.848661 0.8803387 0.8497444 0.8467384 0.8674906 0.8464332 0.886656 0.8470588 0.8475471 0.881651 0.8365453 0.812604 0.8444343 0.8473182 0.8342108 0.8477913 0.8226291 0.8829328 0.8246281 0.8909285 0.6752575 0.9144121 0.8380865 0.916701 0.8251316 0.9261311 0.6763256 0.9481956 0.8396124 0.979736 0.8443274 0.9510643 0.8273289 0.9609827 0.6772565 0.9829557 0.8318303 0.992874 0.6772565 0.4148012 0.8807813 0.4237278 0.9013962 0.3258259 0.9205921 0.3252155 0.898085 0.2456245 0.9097124 0.2526589 0.8886092 0.2609598 0.8664225 0.3262074 0.8744488 0.4070954 0.8591287 0.326421 0.8610055 0.2640879 0.8534523 0.4036011 0.8454108 0.1953307 0.350042 0.1873198 0.3258716 0.2727703 0.3094682 0.3425345 0.3062333 0.3409476 0.3280537 0.2776684 0.3352255 0.2016785 0.3641718 0.3375296 0.3597467 0.2805219 0.3578393 0.2039368 0.3780423 0.3362325 0.3717403 0.2808118 0.3701228 0.3409476 0.3280537 0.3425345 0.3062333 0.420798 0.337377 0.5115435 0.386511 0.4987716 0.3999084 0.4129396 0.3549401 0.3375296 0.3597467 0.4801862 0.4174868 0.4033112 0.386099 0.3362325 0.3717403 0.4063783 0.3736172 0.4699626 0.4255283 0.4987716 0.3999084 0.5115435 0.386511 0.5677577 0.4759594 0.6028687 0.5482719 0.5833371 0.5518578 0.5512779 0.4836957 0.4801862 0.4174868 0.5646144 0.5557946 0.4699626 0.4255283 0.5214465 0.5010452 0.533196 0.4957046 0.551873 0.5582055 0.5712215 0.7296407 0.5922027 0.7375448 0.5242389 0.8343481 0.4237278 0.9013962 0.4148012 0.8807813 0.5069658 0.8187228 0.5457847 0.7184711 0.4070954 0.8591287 0.4888991 0.7952697 0.5341268 0.7151446 0.4036011 0.8454108 0.4794385 0.7876555 0.5341268 0.7151446 0.5578241 0.6377356 0.5457847 0.7184711 0.551873 0.5582055 0.5646144 0.5557946 0.5702449 0.638941 0.5712215 0.7296407 0.5833371 0.5518578 0.5924163 0.6414893 0.5922027 0.7375448 0.6028687 0.5482719 0.6136263 0.6437629 0.2808118 0.3701228 0.3362325 0.3717403 0.3332113 0.3872129 0.4033112 0.386099 0.2731212 0.3868162 0.2039368 0.3780423 0.4054933 0.4013428 0.3297932 0.4343328 0.447715 0.4266728 0.4699626 0.4255283 0.4041657 0.4426947 0.4900435 0.49897 0.5214465 0.5010452 0.4241093 0.5061876 0.331136 0.4892195 0.5158923 0.5615931 0.551873 0.5582055 0.4425879 0.5678645 0.5205463 0.6373236 0.5578241 0.6377356 0.5341268 0.7151446 0.3329824 0.5562218 0.4972305 0.7195697 0.4794385 0.7876555 0.444007 0.6365454 0.4572671 0.7913786 0.4036011 0.8454108 0.4187533 0.7191119 0.332723 0.6382849 0.406302 0.7782711 0.4090486 0.8265965 0.3259785 0.8387884 0.326421 0.8610055 0.2640879 0.8534523 0.3229419 0.7857633 0.326894 0.7216907 0.2603952 0.8345007 0.1942168 0.8320745 0.2586404 0.7858396 0.1947509 0.8210727 0.1325551 0.7833371 0.2412604 0.7168231 0.1836881 0.7787747 0.1419394 0.7811093 0.1036393 0.7095751 0.07811093 0.7013199 0.1551232 0.7084154 0.2364538 0.6422369 0.1469444 0.6426184 0.1012283 0.6421149 0.06965744 0.6301061 0.1123217 0.5823453 0.07364004 0.5573205 0.1433433 0.5742733 0.2408484 0.5718013 0.1129015 0.490486 0.09143206 0.4964523 0.1308309 0.4330816 0.1620661 0.4948196 0.2515145 0.4918746 0.1449149 0.4322423 0.175433 0.4389868 0.2658579 0.4357977 0.1983978 0.3963531 0.5341268 0.7151446 0.5457847 0.7184711 0.4794385 0.7876555 0.1969177 0.3535821 0.2039368 0.3780423 0.1308309 0.4330816 0.1308309 0.4330816 0.1034714 0.3846799 0.0829633 0.4934157 0.04910353 0.4751202 0.02725261 0.4638285 0.08628977 0.3657283 0.1873198 0.3258716 0.1969177 0.3535821 0.2808118 0.3701228 0.3375296 0.3597467 0.3362325 0.3717403 0.2776684 0.3352255 0.3409476 0.3280537 0.2808118 0.3701228 0.1969177 0.3535821 0.2039368 0.3780423 0.2808118 0.3701228 0.2727703 0.3094682 0.1873198 0.3258716 0.3409476 0.3280537 0.3425345 0.3062333 0.5833371 0.5518578 0.6028687 0.5482719 0.6136263 0.6437629 0.5712215 0.7296407 0.5922027 0.7375448 0.5712215 0.7296407 0.5702449 0.638941 0.5457847 0.7184711 0.5833371 0.5518578 0.5566491 0.5573052 0.5578241 0.6377356 0.5457847 0.7184711 0.5341268 0.7151446 0.4033112 0.386099 0.3362325 0.3717403 0.3375296 0.3597467 0.408835 0.3666133 0.4987716 0.3999084 0.4725109 0.4235141 0.4033112 0.386099 0.4725109 0.4235141 0.3409476 0.3280537 0.3375296 0.3597467 0.420798 0.337377 0.3425345 0.3062333 0.4987716 0.3999084 0.5115435 0.386511 0.1325551 0.7833371 0.1162737 0.7859007 0.07811093 0.7013199 0.05993744 0.7074998 0.09492637 0.8045472 0.1162737 0.7859007 0.0290074 0.6318303 0.007125963 0.6343023 0.03038071 0.7216601 0.09492637 0.8045472 0.08003357 0.8188754 0.06808575 0.6301519 0.07811093 0.7013199 0.0290074 0.6318303 0.5677577 0.4759594 0.6028687 0.5482719 0.5833371 0.5518578 0.4987716 0.3999084 0.5115435 0.386511 0.4725109 0.4235141 0.5214465 0.5010452 0.5566491 0.5573052 0.5833371 0.5518578 0.3261463 0.8759289 0.4036011 0.8454108 0.4148012 0.8807813 0.2526589 0.8886092 0.2456245 0.9097124 0.3258259 0.9205921 0.4148012 0.8807813 0.4237278 0.9013962 0.326421 0.8610055 0.4036011 0.8454108 0.2609598 0.8664225 0.2640879 0.8534523 0.2526589 0.8886092 0.1810941 0.8572366 0.09492637 0.8045472 0.1162737 0.7859007 0.2609598 0.8664225 0.2526589 0.8886092 0.2456245 0.9097124 0.1657435 0.8812848 0.08003357 0.8188754 0.09492637 0.8045472 0.1162737 0.7859007 0.1325551 0.7833371 0.1942168 0.8320745 0.2609598 0.8664225 0.2640879 0.8534523 0.06808575 0.6301519 0.0290074 0.6318303 0.07364004 0.5573205 0.03685054 0.5436789 0.0829633 0.4934157 0.04910353 0.4751202 0.0290074 0.6318303 0.007125963 0.6343023 0.01483177 0.537316 0.04910353 0.4751202 0.02725261 0.4638285 0.69691 0.2472572 0.7415885 0.2457466 0.7042496 0.3868925 0.7396048 0.3969635 0.7059281 0.4021057 0.760174 0.4072022 0.7084458 0.4157625 0.7415885 0.2457466 0.7740291 0.3964141 0.8002442 0.4276646 0.7122453 0.4320135 0.8086824 0.3976806 0.7415885 0.2457466 0.8164645 0.2409705 0.8259556 0.4110323 0.8427405 0.4005646 0.8762951 0.3996948 0.8772412 0.2376135 0.8835737 0.4110017 0.8714122 0.4264744 0.8714122 0.4264744 0.9053178 0.4350042 0.8420691 0.4391851 0.9109178 0.3972839 0.9405814 0.2358739 0.9453422 0.4002899 0.9407492 0.4199436 0.9053178 0.4350042 0.9340352 0.4476997 0.9768063 0.4169528 0.9690242 0.4376745 0.9814908 0.4020447 0.9585565 0.4690471 0.9405814 0.2358739 0.9852598 0.2334478 0.9051652 0.4645151 0.9053178 0.4350042 0.864332 0.4717937 0.8426185 0.453254 0.8714122 0.4264744 0.7767453 0.4749523 0.8420691 0.4391851 0.7887694 0.4494392 0.7485008 0.4443122 0.7198138 0.4651255 0.5242389 0.8343481 0.4237278 0.9013962 0.4148012 0.8807813 0.5069658 0.8187228 0.5712215 0.7296407 0.5922027 0.7375448 0.5457847 0.7184711 0.4794385 0.7876555 0.4036011 0.8454108 0.4148012 0.8807813 0.7006485 0.4962844 0.728893 0.5088578 0.6733196 0.4932173 0.6626993 0.5179217 0.6884565 0.5359274 0.7280384 0.5224231 0.7223774 0.5491874 0.6830396 0.5550317 0.7172961 0.57261 0.6485084 0.5528802 0.6626993 0.5179217 0.6775921 0.5763485 0.7147173 0.5853819 0.6402838 0.5780118 0.6641184 0.6706035 0.627039 0.6670176 0.7027237 0.1272298 0.6553292 0.08233768 0.7082475 0.09375143 0.640528 0.1080644 0.5863432 0.0928359 0.5927062 0.07960629 0.574258 0.115465 0.6266117 0.1318532 0.5642786 0.1351644 0.6660105 0.1451743 0.7027237 0.1272298 0.6999313 0.1436637 0.6982681 0.1574273 0.6142977 0.142794 0.6636454 0.160235 0.6975204 0.1726863 0.62916 0.1551995 0.69691 0.2472572 0.6600595 0.2472877 0.6219882 0.2470741 0.593286 0.1535515 0.5507134 0.2482338 0.5588617 0.149691 0.5561608 0.1618372 0.9863279 0.5913024 0.992874 0.6772565 0.9435569 0.6767987 0.983566 0.5789578 0.9193103 0.5901579 0.8722515 0.675166 0.9212787 0.5736782 0.9796903 0.5637293 0.8864424 0.5904173 0.9259937 0.560647 0.9741817 0.5424277 0.8750286 0.5722133 0.8521706 0.5899443 0.8169222 0.5937591 0.8147402 0.6749523 0.8183566 0.5747768 0.8554513 0.5536736 0.8644693 0.5341573 0.7828183 0.5910735 0.7704585 0.6750897 0.7147173 0.5853819 0.7802854 0.5778439 0.7172961 0.57261 0.7717251 0.5650721 0.7223774 0.5491874 0.7814145 0.5383078 0.8644693 0.5341573 0.7280384 0.5224231 0.7781338 0.5061723 0.8489814 0.5135729 0.8644693 0.5341573 0.8627604 0.4924544 0.8931106 0.5176013 0.8644693 0.5341573 0.9680781 0.5174181 0.6886702 0.9163501 0.6610513 0.9174945 0.7180438 0.9057145 0.652018 0.8920882 0.679057 0.8760052 0.7182422 0.8921034 0.7141222 0.8650492 0.6747692 0.8566262 0.710277 0.841413 0.652018 0.8920882 0.6398413 0.8561074 0.6705577 0.8350805 0.632929 0.8301671 0.627039 0.6670176 0.7083848 0.8285344 0.6641184 0.6706035 0.7147173 0.5853819 0.992874 0.6772565 0.9829557 0.8318303 0.9435569 0.6767987 0.979736 0.8443274 0.915404 0.8324254 0.8722515 0.675166 0.9167773 0.8488594 0.9753109 0.8596323 0.8822156 0.8313268 0.9210498 0.8619211 0.96907 0.8809491 0.8699474 0.8490577 0.8474708 0.8305944 0.811902 0.8254368 0.8147402 0.6749523 0.812604 0.8444343 0.8493934 0.8668956 0.8578165 0.8866712 0.7773098 0.8265507 0.7704585 0.6750897 0.7147173 0.5853819 0.7083848 0.8285344 0.774197 0.8396277 0.710277 0.841413 0.7649806 0.8519417 0.7141222 0.8650492 0.7736171 0.8791028 0.8578165 0.8866712 0.7182422 0.8921034 0.7688106 0.9110399 0.8413367 0.9066911 0.8578165 0.8866712 0.8546426 0.9282674 0.8863203 0.9040666 0.8578165 0.8866712 0.9622644 0.9058671 0.69691 0.2472572 0.7042496 0.3868925 0.6600595 0.2472877 0.6708934 0.4013276 0.7059281 0.4021057 0.6219882 0.2470741 0.6740978 0.4162051 0.7084458 0.4157625 0.7122453 0.4320135 0.6543832 0.4420691 0.636408 0.408072 0.6003662 0.4112611 0.5507134 0.2482338 0.5626459 0.4040436 0.5659876 0.4162356 0.5721828 0.4306248 0.6221103 0.4210727 0.6350805 0.431403 0.5832151 0.4499733 0.6547799 0.4587167 0.5964752 0.4720836 0.6034638 0.4850233 0.7122453 0.4320135 0.6665141 0.4794232 0.7198138 0.4651255 0.2808118 0.3701228 0.3362325 0.3717403 0.3332113 0.3872129 0.2731212 0.3868162 0.3362325 0.3717403 0.4033112 0.386099 0.4725109 0.4235141 0.447715 0.4266728 0.3297932 0.4343328 0.4033112 0.386099 0.2808118 0.3701228 0.2039368 0.3780423 0.4041657 0.4426947 0.2658579 0.4357977 0.331136 0.4892195 0.4241093 0.5061876 0.175433 0.4389868 0.1308309 0.4330816 0.2515145 0.4918746 0.1620661 0.4948196 0.1129015 0.490486 0.3329824 0.5562218 0.2408484 0.5718013 0.0829633 0.4934157 0.1308309 0.4330816 0.07364004 0.5573205 0.129778 0.5778134 0.06808575 0.6301519 0.2364538 0.6422369 0.3319905 0.6487068 0.1469444 0.6426184 0.06808575 0.6301519 0.07811093 0.7013199 0.1551232 0.7084154 0.1325551 0.7833371 0.1942168 0.8320745 0.2510414 0.7556421 0.2640879 0.8534523 0.3333639 0.7848173 0.326421 0.8610055 0.4036011 0.8454108 0.4794385 0.7876555 0.4187533 0.7191119 0.5341268 0.7151446 0.444007 0.6365454 0.5578241 0.6377356 0.4425879 0.5678645 0.5158923 0.5615931 0.4900435 0.49897 0.4725109 0.4235141 0.5214465 0.5010452 0.5214465 0.5010452 0.5566491 0.5573052 0.5578241 0.6377356 0.69691 0.2472572 0.6975204 0.1726863 0.7415885 0.2457466 0.7318684 0.1604791 0.6982681 0.1574273 0.7659419 0.1595789 0.8164645 0.2409705 0.7515068 0.1489586 0.6999313 0.1436637 0.8000916 0.1551538 0.8334478 0.149691 0.8160983 0.1405203 0.7895476 0.1258259 0.7027237 0.1272298 0.8666819 0.1486992 0.8772412 0.2376135 0.8728313 0.1359426 0.8596475 0.1215228 0.8596475 0.1215228 0.8923018 0.1101091 0.8298008 0.1112077 0.9008622 0.1472954 0.9405814 0.2358739 0.9702601 0.1356375 0.9852598 0.2334478 0.9346456 0.1411154 0.9644007 0.121355 0.9284962 0.1219348 0.8923018 0.1101091 0.9549706 0.1015335 0.9194934 0.09486532 0.9418479 0.07130539 0.8896163 0.08070499 0.8923018 0.1101091 0.849073 0.07690549 0.8292668 0.09707791 0.8596475 0.1215228 0.7631342 0.080293 0.8298008 0.1112077 0.7767147 0.104921 0.7375601 0.1127337 0.7082475 0.09375143</float_array>
          <technique_common>
            <accessor source="#polySurface29__GrassRord05-texcoord-array_1" count="1069" stride="2">
              <param name="S" type="float" />
              <param name="T" type="float" />
            </accessor>
          </technique_common>
        </source>
        <vertices id="polySurface29__GrassRord05-vertex">
          <input semantic="POSITION" source="#polySurface29__GrassRord05-position" />
        </vertices>
        <triangles material="GrassRord05" count="898">
          <input semantic="VERTEX" source="#polySurface29__GrassRord05-vertex" offset="0" />
          <input semantic="NORMAL" source="#polySurface29__GrassRord05-normal" offset="1" />
          <input semantic="TEXCOORD" source="#polySurface29__GrassRord05-texcoord" offset="2" set="0" />
          <input semantic="TEXCOORD" source="#polySurface29__GrassRord05-texcoord_1" offset="3" set="1" />
          <p>0 0 0 0 1 1 1 1 2 2 2 2 3 3 3 3 0 0 0 0 2 2 2 2 4 4 4 4 0 0 0 0 3 3 3 3 3 3 3 3 2 2 2 2 5 5 5 5 6 6 6 6 4 4 4 4 3 3 3 3 7 7 7 7 3 3 3 3 5 5 5 5 6 6 6 6 3 3 3 3 7 7 7 7 7 7 7 7 5 5 5 5 8 8 8 8 9 9 9 9 6 6 6 6 7 7 7 7 10 10 10 10 7 7 7 7 8 8 8 8 9 9 9 9 7 7 7 7 10 10 10 10 11 11 11 11 9 9 9 9 10 10 10 10 12 12 12 12 13 13 13 13 14 14 14 14 15 15 15 15 12 12 12 12 14 14 14 14 15 15 15 15 14 14 14 14 16 16 16 16 12 12 12 12 15 15 15 15 17 17 17 17 18 18 18 18 15 15 15 15 16 16 16 16 19 19 19 19 15 15 15 15 18 18 18 18 15 15 15 15 19 19 19 19 17 17 17 17 20 20 20 20 19 19 19 19 18 18 18 18 17 17 17 17 19 19 19 19 21 21 21 21 19 19 19 19 20 20 20 20 21 21 21 21 22 22 22 22 17 17 17 17 21 21 21 21 20 20 20 20 23 23 23 23 21 21 21 21 24 24 24 24 25 25 25 25 26 26 26 26 27 27 27 27 24 24 24 24 26 26 26 26 28 28 28 28 24 24 24 24 27 27 27 27 27 27 27 27 26 26 26 26 29 29 29 29 30 30 30 30 28 28 28 28 27 27 27 27 31 31 31 31 27 27 27 27 29 29 29 29 30 30 30 30 27 27 27 27 31 31 31 31 29 29 29 29 32 32 32 32 31 31 31 31 33 33 33 33 30 30 30 30 31 31 31 31 32 32 32 32 34 34 34 34 31 31 31 31 33 33 33 33 31 31 31 31 34 34 34 34 35 35 35 35 33 33 33 33 34 34 34 34 36 36 36 36 37 37 37 37 38 38 38 38 39 39 39 39 36 36 36 36 38 38 38 38 40 40 40 40 36 36 36 36 39 39 39 39 39 39 39 39 38 38 38 38 41 41 41 41 42 42 42 42 40 40 40 40 39 39 39 39 43 43 43 43 39 39 39 39 41 41 41 41 42 42 42 42 39 39 39 39 43 43 43 43 41 41 41 41 44 44 44 44 43 43 43 43 45 45 45 45 42 42 42 42 43 43 43 43 44 44 44 44 46 46 46 46 43 43 43 43 45 45 45 45 43 43 43 43 47 47 47 47 43 43 43 43 46 46 46 46 47 47 47 47 48 48 48 48 49 49 49 49 50 50 50 50 51 51 51 51 48 48 48 48 50 50 50 50 51 51 51 51 50 50 50 50 52 52 52 52 48 48 48 48 51 51 51 51 53 53 53 53 54 54 54 54 51 51 51 51 52 52 52 52 51 51 51 51 55 55 55 55 53 53 53 53 51 51 51 51 54 54 54 54 55 55 55 55 53 53 53 53 55 55 55 55 56 56 56 56 54 54 54 54 57 57 57 57 55 55 55 55 55 55 55 55 58 58 58 58 56 56 56 56 55 55 55 55 57 57 57 57 58 58 58 58 56 56 56 56 58 58 58 58 59 59 59 59 57 57 57 57 60 60 60 60 58 58 58 58 58 58 58 58 61 61 61 61 59 59 59 59 58 58 58 58 60 60 60 60 61 61 61 61 59 59 59 59 61 61 61 61 62 62 62 62 60 60 60 60 63 63 63 63 61 61 61 61 61 61 61 61 64 64 64 64 62 62 62 62 61 61 61 61 63 63 63 63 64 64 64 64 63 63 63 63 65 65 65 65 64 64 64 64 62 62 62 62 64 64 64 64 66 66 66 66 64 64 64 64 67 67 67 67 66 66 66 66 64 64 64 64 68 68 68 68 67 67 67 67 68 68 68 68 69 69 69 69 67 67 67 67 66 66 66 66 67 67 67 67 70 70 70 70 67 67 67 67 69 69 69 69 71 71 71 71 67 67 67 67 72 72 72 72 70 70 70 70 72 72 72 72 67 67 67 67 71 71 71 71 70 70 70 70 72 72 72 72 73 73 73 73 72 72 72 72 71 71 71 71 74 74 74 74 72 72 72 72 75 75 75 75 73 73 73 73 75 75 75 75 72 72 72 72 74 74 74 74 76 76 76 76 77 77 77 77 78 78 78 78 77 77 77 77 79 79 79 79 78 78 78 78 79 79 79 79 77 77 77 77 80 80 80 80 78 78 78 78 79 79 79 79 81 81 81 81 82 82 82 82 79 79 79 79 80 80 80 80 82 82 82 82 80 80 80 80 83 83 83 83 79 79 79 79 84 84 84 84 81 81 81 81 84 84 84 84 79 79 79 79 82 82 82 82 81 81 81 81 84 84 84 84 85 85 85 85 86 86 86 86 82 82 82 82 83 83 83 83 86 86 86 86 83 83 83 83 87 87 87 87 88 88 88 88 84 84 84 84 82 82 82 82 88 88 88 88 82 82 82 82 86 86 86 86 84 84 84 84 89 89 89 89 85 85 85 85 89 89 89 89 84 84 84 84 88 88 88 88 85 85 85 85 89 89 89 89 90 90 90 90 91 91 91 91 86 86 86 86 87 87 87 87 91 91 91 91 87 87 87 87 92 92 92 92 93 93 93 93 88 88 88 88 86 86 86 86 93 93 93 93 86 86 86 86 91 91 91 91 94 94 94 94 89 89 89 89 88 88 88 88 94 94 94 94 88 88 88 88 93 93 93 93 89 89 89 89 95 95 95 95 90 90 90 90 95 95 95 95 89 89 89 89 94 94 94 94 95 95 95 95 96 96 96 96 90 90 90 90 96 96 96 96 97 97 97 97 90 90 90 90 98 98 98 98 95 95 95 95 94 94 94 94 96 96 96 96 99 99 99 99 97 97 97 97 99 99 99 99 100 100 100 100 97 97 97 97 96 96 96 96 95 95 95 95 101 101 101 101 95 95 95 95 98 98 98 98 101 101 101 101 99 99 99 99 96 96 96 96 102 102 102 102 96 96 96 96 101 101 101 101 102 102 102 102 99 99 99 99 103 103 103 103 100 100 100 100 103 103 103 103 104 104 104 104 100 100 100 100 105 105 105 105 106 106 106 106 104 104 104 104 103 103 103 103 105 105 105 105 104 104 104 104 105 105 105 105 103 103 103 103 107 107 107 107 103 103 103 103 99 99 99 99 108 108 108 108 103 103 103 103 108 108 108 108 107 107 107 107 99 99 99 99 102 102 102 102 108 108 108 108 107 107 107 107 108 108 108 108 109 109 109 109 108 108 108 108 110 110 110 110 109 109 109 109 108 108 108 108 102 102 102 102 110 110 110 110 109 109 109 109 110 110 110 110 111 111 111 111 102 102 102 102 112 112 112 112 110 110 110 110 102 102 102 102 101 101 101 101 112 112 112 112 110 110 110 110 113 113 113 113 111 111 111 111 111 111 111 111 113 113 113 113 114 114 114 114 110 110 110 110 112 112 112 112 115 115 115 115 113 113 113 113 110 110 110 110 115 115 115 115 101 101 101 101 116 116 116 116 112 112 112 112 112 112 112 112 116 116 116 116 115 115 115 115 101 101 101 101 98 98 98 98 116 116 116 116 113 113 113 113 115 115 115 115 117 117 117 117 113 113 113 113 118 118 118 118 114 114 114 114 118 118 118 118 113 113 113 113 117 117 117 117 114 114 114 114 118 118 118 118 119 119 119 119 115 115 115 115 120 120 120 120 117 117 117 117 116 116 116 116 120 120 120 120 115 115 115 115 120 120 120 120 121 121 121 121 117 117 117 117 116 116 116 116 122 122 122 122 120 120 120 120 98 98 98 98 122 122 122 122 116 116 116 116 120 120 120 120 123 123 123 123 121 121 121 121 122 122 122 122 123 123 123 123 120 120 120 120 123 123 123 123 124 124 124 124 121 121 121 121 124 124 124 124 123 123 123 123 125 125 125 125 122 122 122 122 98 98 98 98 126 126 126 126 98 98 98 98 94 94 94 94 126 126 126 126 126 126 126 126 94 94 94 94 93 93 93 93 123 123 123 123 122 122 122 122 127 127 127 127 122 122 122 122 126 126 126 126 127 127 127 127 123 123 123 123 127 127 127 127 125 125 125 125 126 126 126 126 93 93 93 93 128 128 128 128 127 127 127 127 126 126 126 126 128 128 128 128 128 128 128 128 93 93 93 93 91 91 91 91 127 127 127 127 128 128 128 128 129 129 129 129 125 125 125 125 127 127 127 127 129 129 129 129 128 128 128 128 91 91 91 91 130 130 130 130 129 129 129 129 128 128 128 128 130 130 130 130 130 130 130 130 91 91 91 91 92 92 92 92 130 130 130 130 92 92 92 92 131 131 131 131 132 132 132 132 130 130 130 130 131 131 131 131 129 129 129 129 130 130 130 130 132 132 132 132 132 132 132 132 131 131 131 131 133 133 133 133 125 125 125 125 129 129 129 129 134 134 134 134 134 134 134 134 129 129 129 129 132 132 132 132 135 135 135 135 132 132 132 132 133 133 133 133 134 134 134 134 132 132 132 132 135 135 135 135 135 135 135 135 133 133 133 133 136 136 136 136 137 137 137 137 135 135 135 135 136 136 136 136 138 138 138 138 135 135 135 135 137 137 137 137 138 138 138 138 134 134 134 134 135 135 135 135 139 139 139 139 138 138 138 138 137 137 137 137 140 140 140 140 125 125 125 125 134 134 134 134 140 140 140 140 134 134 134 134 138 138 138 138 141 141 141 141 125 125 125 125 140 140 140 140 142 142 142 142 138 138 138 138 139 139 139 139 142 142 142 142 140 140 140 140 138 138 138 138 143 143 143 143 142 142 142 142 139 139 139 139 142 142 142 142 143 143 143 143 144 144 144 144 145 145 145 145 142 142 142 142 144 144 144 144 140 140 140 140 142 142 142 142 145 145 145 145 145 145 145 145 144 144 144 144 146 146 146 146 147 147 147 147 141 141 141 141 140 140 140 140 147 147 147 147 140 140 140 140 145 145 145 145 141 141 141 141 147 147 147 147 148 148 148 148 149 149 149 149 141 141 141 141 148 148 148 148 147 147 147 147 145 145 145 145 150 150 150 150 150 150 150 150 145 145 145 145 146 146 146 146 148 148 148 148 147 147 147 147 150 150 150 150 151 151 151 151 150 150 150 150 146 146 146 146 148 148 148 148 150 150 150 150 151 151 151 151 152 152 152 152 151 151 151 151 146 146 146 146 149 149 149 149 148 148 148 148 153 153 153 153 153 153 153 153 148 148 148 148 151 151 151 151 154 154 154 154 149 149 149 149 153 153 153 153 118 118 118 118 154 154 154 154 153 153 153 153 155 155 155 155 118 118 118 118 153 153 153 153 155 155 155 155 153 153 153 153 151 151 151 151 118 118 118 118 155 155 155 155 119 119 119 119 119 119 119 119 155 155 155 155 156 156 156 156 157 157 157 157 155 155 155 155 151 151 151 151 155 155 155 155 157 157 157 157 156 156 156 156 157 157 157 157 151 151 151 151 152 152 152 152 156 156 156 156 157 157 157 157 158 158 158 158 159 159 159 159 157 157 157 157 152 152 152 152 157 157 157 157 159 159 159 159 158 158 158 158 160 160 160 160 161 161 161 161 162 162 162 162 163 163 163 163 160 160 160 160 162 162 162 162 160 160 160 160 163 163 163 163 164 164 164 164 163 163 163 163 162 162 162 162 165 165 165 165 163 163 163 163 166 166 166 166 164 164 164 164 164 164 164 164 166 166 166 166 167 167 167 167 168 168 168 168 163 163 163 163 165 165 165 165 163 163 163 163 168 168 168 168 166 166 166 166 169 169 169 169 168 168 168 168 165 165 165 165 170 170 170 170 169 169 169 169 165 165 165 165 171 171 171 171 172 172 172 172 170 170 170 170 172 172 172 172 169 169 169 169 170 170 170 170 169 169 169 169 172 172 172 172 173 173 173 173 174 174 174 174 169 169 169 169 173 173 173 173 168 168 168 168 169 169 169 169 174 174 174 174 174 174 174 174 173 173 173 173 175 175 175 175 176 176 176 176 168 168 168 168 174 174 174 174 168 168 168 168 176 176 176 176 166 166 166 166 177 177 177 177 174 174 174 174 175 175 175 175 176 176 176 176 174 174 174 174 177 177 177 177 177 177 177 177 175 175 175 175 178 178 178 178 166 166 166 166 176 176 176 176 179 179 179 179 166 166 166 166 179 179 179 179 167 167 167 167 167 167 167 167 179 179 179 179 180 180 180 180 181 181 181 181 176 176 176 176 177 177 177 177 176 176 176 176 181 181 181 181 179 179 179 179 182 182 182 182 177 177 177 177 178 178 178 178 181 181 181 181 177 177 177 177 182 182 182 182 182 182 182 182 178 178 178 178 183 183 183 183 179 179 179 179 181 181 181 181 184 184 184 184 184 184 184 184 181 181 181 181 182 182 182 182 179 179 179 179 185 185 185 185 180 180 180 180 185 185 185 185 179 179 179 179 184 184 184 184 180 180 180 180 185 185 185 185 186 186 186 186 185 185 185 185 187 187 187 187 186 186 186 186 188 188 188 188 182 182 182 182 183 183 183 183 184 184 184 184 182 182 182 182 188 188 188 188 188 188 188 188 183 183 183 183 189 189 189 189 185 185 185 185 184 184 184 184 190 190 190 190 190 190 190 190 184 184 184 184 188 188 188 188 187 187 187 187 185 185 185 185 190 190 190 190 191 191 191 191 188 188 188 188 189 189 189 189 190 190 190 190 188 188 188 188 191 191 191 191 191 191 191 191 189 189 189 189 192 192 192 192 193 193 193 193 190 190 190 190 191 191 191 191 187 187 187 187 190 190 190 190 193 193 193 193 194 194 194 194 191 191 191 191 192 192 192 192 193 193 193 193 191 191 191 191 194 194 194 194 194 194 194 194 192 192 192 192 195 195 195 195 196 196 196 196 194 194 194 194 195 195 195 195 197 197 197 197 187 187 187 187 198 198 198 198 199 199 199 199 194 194 194 194 196 196 196 196 199 199 199 199 193 193 193 193 194 194 194 194 200 200 200 200 199 199 199 199 196 196 196 196 201 201 201 201 187 187 187 187 193 193 193 193 187 187 187 187 201 201 201 201 198 198 198 198 201 201 201 201 193 193 193 193 199 199 199 199 198 198 198 198 201 201 201 201 202 202 202 202 203 203 203 203 199 199 199 199 200 200 200 200 203 203 203 203 201 201 201 201 199 199 199 199 201 201 201 201 203 203 203 203 202 202 202 202 204 204 204 204 203 203 203 203 200 200 200 200 202 202 202 202 203 203 203 203 205 205 205 205 203 203 203 203 204 204 204 204 205 205 205 205 206 206 206 206 207 207 207 207 208 208 208 208 207 207 207 207 209 209 209 209 208 208 208 208 209 209 209 209 207 207 207 207 210 210 210 210 208 208 208 208 209 209 209 209 211 211 211 211 212 212 212 212 209 209 209 209 210 210 210 210 212 212 212 212 210 210 210 210 213 213 213 213 209 209 209 209 214 214 214 214 211 211 211 211 214 214 214 214 209 209 209 209 212 212 212 212 211 211 211 211 214 214 214 214 215 215 215 215 216 216 216 216 212 212 212 212 213 213 213 213 216 216 216 216 213 213 213 213 217 217 217 217 218 218 218 218 214 214 214 214 212 212 212 212 218 218 218 218 212 212 212 212 216 216 216 216 214 214 214 214 219 219 219 219 215 215 215 215 219 219 219 219 214 214 214 214 218 218 218 218 215 215 215 215 219 219 219 219 220 220 220 220 221 221 221 221 216 216 216 216 217 217 217 217 221 221 221 221 217 217 217 217 222 222 222 222 223 223 223 223 218 218 218 218 216 216 216 216 223 223 223 223 216 216 216 216 221 221 221 221 224 224 224 224 219 219 219 219 218 218 218 218 224 224 224 224 218 218 218 218 223 223 223 223 219 219 219 219 225 225 225 225 220 220 220 220 225 225 225 225 219 219 219 219 224 224 224 224 225 225 225 225 226 226 226 226 220 220 220 220 226 226 226 226 227 227 227 227 220 220 220 220 228 228 228 228 225 225 225 225 224 224 224 224 226 226 226 226 225 225 225 225 228 228 228 228 229 229 229 229 224 224 224 224 223 223 223 223 228 228 228 228 224 224 224 224 229 229 229 229 226 226 226 226 230 230 230 230 227 227 227 227 230 230 230 230 231 231 231 231 227 227 227 227 232 232 232 232 226 226 226 226 228 228 228 228 230 230 230 230 233 233 233 233 231 231 231 231 233 233 233 233 234 234 234 234 231 231 231 231 235 235 235 235 236 236 236 236 234 234 234 234 233 233 233 233 235 235 235 235 234 234 234 234 235 235 235 235 233 233 233 233 237 237 237 237 233 233 233 233 238 238 238 238 237 237 237 237 233 233 233 233 230 230 230 230 238 238 238 238 237 237 237 237 238 238 238 238 239 239 239 239 230 230 230 230 226 226 226 226 240 240 240 240 230 230 230 230 240 240 240 240 238 238 238 238 226 226 226 226 232 232 232 232 240 240 240 240 238 238 238 238 241 241 241 241 239 239 239 239 238 238 238 238 240 240 240 240 241 241 241 241 239 239 239 239 241 241 241 241 242 242 242 242 243 243 243 243 239 239 239 239 242 242 242 242 240 240 240 240 244 244 244 244 241 241 241 241 241 241 241 241 244 244 244 244 242 242 242 242 240 240 240 240 232 232 232 232 244 244 244 244 243 243 243 243 242 242 242 242 245 245 245 245 246 246 246 246 243 243 243 243 245 245 245 245 246 246 246 246 245 245 245 245 247 247 247 247 244 244 244 244 248 248 248 248 242 242 242 242 242 242 242 242 248 248 248 248 245 245 245 245 232 232 232 232 249 249 249 249 244 244 244 244 244 244 244 244 249 249 249 249 248 248 248 248 248 248 248 248 250 250 250 250 245 245 245 245 248 248 248 248 251 251 251 251 250 250 250 250 249 249 249 249 251 251 251 251 248 248 248 248 251 251 251 251 252 252 252 252 250 250 250 250 245 245 245 245 253 253 253 253 247 247 247 247 247 247 247 247 253 253 253 253 254 254 254 254 245 245 245 245 255 255 255 255 253 253 253 253 253 253 253 253 256 256 256 256 254 254 254 254 255 255 255 255 257 257 257 257 253 253 253 253 253 253 253 253 257 257 257 257 256 256 256 256 255 255 255 255 258 258 258 258 257 257 257 257 257 257 257 257 259 259 259 259 256 256 256 256 258 258 258 258 260 260 260 260 257 257 257 257 257 257 257 257 260 260 260 260 259 259 259 259 258 258 258 258 261 261 261 261 260 260 260 260 260 260 260 260 262 262 262 262 259 259 259 259 260 260 260 260 263 263 263 263 262 262 262 262 261 261 261 261 263 263 263 263 260 260 260 260 263 263 263 263 264 264 264 264 262 262 262 262 264 264 264 264 263 263 263 263 265 265 265 265 263 263 263 263 261 261 261 261 266 266 266 266 263 263 263 263 266 266 266 266 265 265 265 265 265 265 265 265 266 266 266 266 267 267 267 267 261 261 261 261 268 268 268 268 266 266 266 266 266 266 266 266 269 269 269 269 267 267 267 267 266 266 266 266 268 268 268 268 269 269 269 269 267 267 267 267 269 269 269 269 270 270 270 270 269 269 269 269 271 271 271 271 270 270 270 270 270 270 270 270 271 271 271 271 272 272 272 272 271 271 271 271 273 273 273 273 272 272 272 272 269 269 269 269 274 274 274 274 271 271 271 271 268 268 268 268 274 274 274 274 269 269 269 269 271 271 271 271 275 275 275 275 273 273 273 273 274 274 274 274 275 275 275 275 271 271 271 271 275 275 275 275 222 222 222 222 273 273 273 273 275 275 275 275 221 221 221 221 222 222 222 222 276 276 276 276 221 221 221 221 275 275 275 275 274 274 274 274 276 276 276 276 275 275 275 275 276 276 276 276 223 223 223 223 221 221 221 221 229 229 229 229 223 223 223 223 276 276 276 276 277 277 277 277 276 276 276 276 274 274 274 274 277 277 277 277 229 229 229 229 276 276 276 276 268 268 268 268 277 277 277 277 274 274 274 274 278 278 278 278 229 229 229 229 277 277 277 277 278 278 278 278 228 228 228 228 229 229 229 229 232 232 232 232 228 228 228 228 278 278 278 278 249 249 249 249 232 232 232 232 278 278 278 278 279 279 279 279 277 277 277 277 268 268 268 268 279 279 279 279 278 278 278 278 277 277 277 277 249 249 249 249 278 278 278 278 279 279 279 279 280 280 280 280 279 279 279 279 268 268 268 268 251 251 251 251 249 249 249 249 279 279 279 279 279 279 279 279 280 280 280 280 252 252 252 252 251 251 251 251 279 279 279 279 252 252 252 252 281 281 281 281 282 282 282 282 283 283 283 283 282 282 282 282 284 284 284 284 283 283 283 283 283 283 283 283 284 284 284 284 285 285 285 285 284 284 284 284 282 282 282 282 286 286 286 286 284 284 284 284 287 287 287 287 285 285 285 285 288 288 288 288 284 284 284 284 286 286 286 286 287 287 287 287 284 284 284 284 288 288 288 288 288 288 288 288 286 286 286 286 289 289 289 289 290 290 290 290 287 287 287 287 288 288 288 288 291 291 291 291 288 288 288 288 289 289 289 289 290 290 290 290 288 288 288 288 291 291 291 291 291 291 291 291 289 289 289 289 292 292 292 292 293 293 293 293 290 290 290 290 291 291 291 291 294 294 294 294 291 291 291 291 292 292 292 292 293 293 293 293 291 291 291 291 294 294 294 294 294 294 294 294 292 292 292 292 295 295 295 295 296 296 296 296 293 293 293 293 294 294 294 294 297 297 297 297 294 294 294 294 295 295 295 295 296 296 296 296 294 294 294 294 297 297 297 297 298 298 298 298 296 296 296 296 297 297 297 297 297 297 297 297 295 295 295 295 299 299 299 299 300 300 300 300 297 297 297 297 299 299 299 299 301 301 301 301 297 297 297 297 300 300 300 300 302 302 302 302 301 301 301 301 300 300 300 300 300 300 300 300 299 299 299 299 303 303 303 303 304 304 304 304 302 302 302 302 300 300 300 300 305 305 305 305 300 300 300 300 303 303 303 303 305 305 305 305 304 304 304 304 300 300 300 300 305 305 305 305 303 303 303 303 306 306 306 306 307 307 307 307 304 304 304 304 305 305 305 305 308 308 308 308 305 305 305 305 306 306 306 306 308 308 308 308 307 307 307 307 305 305 305 305 309 309 309 309 310 310 310 310 311 311 311 311 310 310 310 310 312 312 312 312 311 311 311 311 310 310 310 310 313 313 313 313 312 312 312 312 314 314 314 314 311 311 311 311 312 312 312 312 313 313 313 313 315 315 315 315 312 312 312 312 313 313 313 313 316 316 316 316 315 315 315 315 317 317 317 317 314 314 314 314 312 312 312 312 317 317 317 317 312 312 312 312 315 315 315 315 318 318 318 318 314 314 314 314 317 317 317 317 316 316 316 316 319 319 319 319 315 315 315 315 316 316 316 316 320 320 320 320 319 319 319 319 321 321 321 321 317 317 317 317 315 315 315 315 321 321 321 321 315 315 315 315 319 319 319 319 322 322 322 322 318 318 318 318 317 317 317 317 322 322 322 322 317 317 317 317 321 321 321 321 323 323 323 323 318 318 318 318 322 322 322 322 324 324 324 324 321 321 321 321 319 319 319 319 325 325 325 325 323 323 323 323 322 322 322 322 326 326 326 326 323 323 323 323 325 325 325 325 327 327 327 327 322 322 322 322 321 321 321 321 325 325 325 325 322 322 322 322 327 327 327 327 327 327 327 327 321 321 321 321 324 324 324 324 328 328 328 328 326 326 326 326 325 325 325 325 329 329 329 329 326 326 326 326 328 328 328 328 330 330 330 330 325 325 325 325 327 327 327 327 328 328 328 328 325 325 325 325 330 330 330 330 331 331 331 331 329 329 329 329 328 328 328 328 332 332 332 332 329 329 329 329 331 331 331 331 333 333 333 333 328 328 328 328 330 330 330 330 331 331 331 331 328 328 328 328 333 333 333 333 330 330 330 330 327 327 327 327 334 334 334 334 334 334 334 334 327 327 327 327 324 324 324 324 335 335 335 335 332 332 332 332 331 331 331 331 336 336 336 336 332 332 332 332 335 335 335 335 337 337 337 337 336 336 336 336 335 335 335 335 335 335 335 335 331 331 331 331 338 338 338 338 338 338 338 338 331 331 331 331 333 333 333 333 337 337 337 337 335 335 335 335 339 339 339 339 339 339 339 339 335 335 335 335 338 338 338 338 340 340 340 340 337 337 337 337 339 339 339 339 338 338 338 338 333 333 333 333 341 341 341 341 340 340 340 340 339 339 339 339 342 342 342 342 343 343 343 343 340 340 340 340 342 342 342 342 343 343 343 343 342 342 342 342 344 344 344 344 339 339 339 339 338 338 338 338 345 345 345 345 342 342 342 342 339 339 339 339 345 345 345 345 345 345 345 345 338 338 338 338 341 341 341 341 342 342 342 342 346 346 346 346 344 344 344 344 342 342 342 342 345 345 345 345 346 346 346 346 344 344 344 344 346 346 346 346 347 347 347 347 345 345 345 345 341 341 341 341 348 348 348 348 345 345 345 345 349 349 349 349 346 346 346 346 349 349 349 349 345 345 345 345 348 348 348 348 346 346 346 346 350 350 350 350 347 347 347 347 346 346 346 346 349 349 349 349 350 350 350 350 349 349 349 349 348 348 348 348 351 351 351 351 349 349 349 349 351 351 351 351 350 350 350 350 348 348 348 348 352 352 352 352 351 351 351 351 347 347 347 347 350 350 350 350 353 353 353 353 350 350 350 350 351 351 351 351 353 353 353 353 354 354 354 354 347 347 347 347 353 353 353 353 351 351 351 351 352 352 352 352 355 355 355 355 351 351 351 351 355 355 355 355 353 353 353 353 352 352 352 352 356 356 356 356 355 355 355 355 355 355 355 355 356 356 356 356 357 357 357 357 354 354 354 354 353 353 353 353 358 358 358 358 359 359 359 359 354 354 354 354 358 358 358 358 359 359 359 359 358 358 358 358 360 360 360 360 358 358 358 358 361 361 361 361 360 360 360 360 353 353 353 353 355 355 355 355 362 362 362 362 358 358 358 358 353 353 353 353 362 362 362 362 358 358 358 358 362 362 362 362 361 361 361 361 362 362 362 362 355 355 355 355 357 357 357 357 362 362 362 362 363 363 363 363 361 361 361 361 362 362 362 362 357 357 357 357 363 363 363 363 357 357 357 357 364 364 364 364 363 363 363 363 357 357 357 357 365 365 365 365 364 364 364 364 365 365 365 365 366 366 366 366 364 364 364 364 357 357 357 357 367 367 367 367 365 365 365 365 365 365 365 365 368 368 368 368 366 366 366 366 368 368 368 368 369 369 369 369 366 366 366 366 367 367 367 367 370 370 370 370 365 365 365 365 365 365 365 365 370 370 370 370 368 368 368 368 371 371 371 371 370 370 370 370 367 367 367 367 372 372 372 372 371 371 371 371 367 367 367 367 368 368 368 368 373 373 373 373 369 369 369 369 373 373 373 373 374 374 374 374 369 369 369 369 375 375 375 375 371 371 371 371 372 372 372 372 376 376 376 376 375 375 375 375 372 372 372 372 376 376 376 376 341 341 341 341 375 375 375 375 373 373 373 373 377 377 377 377 374 374 374 374 377 377 377 377 378 378 378 378 374 374 374 374 379 379 379 379 378 378 378 378 380 380 380 380 378 378 378 378 377 377 377 377 380 380 380 380 380 380 380 380 377 377 377 377 381 381 381 381 377 377 377 377 382 382 382 382 381 381 381 381 382 382 382 382 377 377 377 377 373 373 373 373 381 381 381 381 382 382 382 382 383 383 383 383 384 384 384 384 382 382 382 382 373 373 373 373 384 384 384 384 373 373 373 373 368 368 368 368 382 382 382 382 385 385 385 385 383 383 383 383 385 385 385 385 382 382 382 382 384 384 384 384 383 383 383 383 385 385 385 385 320 320 320 320 386 386 386 386 384 384 384 384 368 368 368 368 370 370 370 370 386 386 386 386 368 368 368 368 387 387 387 387 385 385 385 385 384 384 384 384 387 387 387 387 384 384 384 384 386 386 386 386 385 385 385 385 388 388 388 388 320 320 320 320 388 388 388 388 385 385 385 385 387 387 387 387 320 320 320 320 388 388 388 388 319 319 319 319 324 324 324 324 319 319 319 319 388 388 388 388 389 389 389 389 386 386 386 386 370 370 370 370 389 389 389 389 387 387 387 387 386 386 386 386 371 371 371 371 389 389 389 389 370 370 370 370 390 390 390 390 388 388 388 388 387 387 387 387 390 390 390 390 324 324 324 324 388 388 388 388 390 390 390 390 387 387 387 387 389 389 389 389 334 334 334 334 324 324 324 324 390 390 390 390 391 391 391 391 389 389 389 389 371 371 371 371 391 391 391 391 390 390 390 390 389 389 389 389 391 391 391 391 334 334 334 334 390 390 390 390 375 375 375 375 391 391 391 391 371 371 371 371 392 392 392 392 334 334 334 334 391 391 391 391 375 375 375 375 392 392 392 392 391 391 391 391 392 392 392 392 330 330 330 330 334 334 334 334 341 341 341 341 392 392 392 392 375 375 375 375 333 333 333 333 330 330 330 330 392 392 392 392 341 341 341 341 333 333 333 333 392 392 392 392 393 393 393 393 394 394 394 394 395 395 395 395 394 394 394 394 396 396 396 396 395 395 395 395 396 396 396 396 394 394 394 394 397 397 397 397 395 395 395 395 396 396 396 396 398 398 398 398 399 399 399 399 396 396 396 396 397 397 397 397 399 399 399 399 397 397 397 397 400 400 400 400 396 396 396 396 401 401 401 401 398 398 398 398 401 401 401 401 396 396 396 396 399 399 399 399 398 398 398 398 401 401 401 401 402 402 402 402 403 403 403 403 398 398 398 398 402 402 402 402 404 404 404 404 403 403 403 403 405 405 405 405 403 403 403 403 402 402 402 402 405 405 405 405 406 406 406 406 405 405 405 405 402 402 402 402 407 407 407 407 406 406 406 406 402 402 402 402 407 407 407 407 402 402 402 402 401 401 401 401 408 408 408 408 406 406 406 406 407 407 407 407 409 409 409 409 407 407 407 407 401 401 401 401 409 409 409 409 401 401 401 401 399 399 399 399 410 410 410 410 408 408 408 408 407 407 407 407 410 410 410 410 407 407 407 407 409 409 409 409 411 411 411 411 408 408 408 408 410 410 410 410 409 409 409 409 399 399 399 399 412 412 412 412 412 412 412 412 399 399 399 399 400 400 400 400 412 412 412 412 400 400 400 400 413 413 413 413 414 414 414 414 410 410 410 410 409 409 409 409 414 414 414 414 409 409 409 409 412 412 412 412 415 415 415 415 411 411 411 411 410 410 410 410 415 415 415 415 410 410 410 410 414 414 414 414 416 416 416 416 411 411 411 411 415 415 415 415 417 417 417 417 414 414 414 414 412 412 412 412 417 417 417 417 415 415 415 415 414 414 414 414 418 418 418 418 412 412 412 412 413 413 413 413 418 418 418 418 417 417 417 417 412 412 412 412 418 418 418 418 413 413 413 413 419 419 419 419 420 420 420 420 418 418 418 418 419 419 419 419 421 421 421 421 416 416 416 416 415 415 415 415 421 421 421 421 415 415 415 415 417 417 417 417 422 422 422 422 416 416 416 416 421 421 421 421 423 423 423 423 417 417 417 417 418 418 418 418 423 423 423 423 421 421 421 421 417 417 417 417 420 420 420 420 423 423 423 423 418 418 418 418 424 424 424 424 422 422 422 422 421 421 421 421 424 424 424 424 421 421 421 421 423 423 423 423 425 425 425 425 422 422 422 422 424 424 424 424 426 426 426 426 424 424 424 424 423 423 423 423 426 426 426 426 423 423 423 423 420 420 420 420 427 427 427 427 425 425 425 425 424 424 424 424 427 427 427 427 424 424 424 424 426 426 426 426 428 428 428 428 425 425 425 425 427 427 427 427 429 429 429 429 428 428 428 428 427 427 427 427 429 429 429 429 427 427 427 427 430 430 430 430 430 430 430 430 427 427 427 427 426 426 426 426 431 431 431 431 429 429 429 429 430 430 430 430 430 430 430 430 426 426 426 426 432 432 432 432 432 432 432 432 426 426 426 426 420 420 420 420 431 431 431 431 430 430 430 430 433 433 433 433 433 433 433 433 430 430 430 430 432 432 432 432 434 434 434 434 431 431 431 431 433 433 433 433 434 434 434 434 433 433 433 433 435 435 435 435 433 433 433 433 436 436 436 436 435 435 435 435 433 433 433 433 432 432 432 432 436 436 436 436 432 432 432 432 437 437 437 437 436 436 436 436 432 432 432 432 420 420 420 420 437 437 437 437 420 420 420 420 438 438 438 438 437 437 437 437 439 439 439 439 440 440 440 440 441 441 441 441 440 440 440 440 442 442 442 442 441 441 441 441 440 440 440 440 443 443 443 443 442 442 442 442 444 444 444 444 441 441 441 441 442 442 442 442 443 443 443 443 445 445 445 445 442 442 442 442 443 443 443 443 446 446 446 446 445 445 445 445 447 447 447 447 444 444 444 444 442 442 442 442 447 447 447 447 442 442 442 442 445 445 445 445 448 448 448 448 444 444 444 444 447 447 447 447 446 446 446 446 449 449 449 449 445 445 445 445 446 446 446 446 450 450 450 450 449 449 449 449 451 451 451 451 447 447 447 447 445 445 445 445 451 451 451 451 445 445 445 445 449 449 449 449 452 452 452 452 448 448 448 448 447 447 447 447 452 452 452 452 447 447 447 447 451 451 451 451 453 453 453 453 448 448 448 448 452 452 452 452 454 454 454 454 451 451 451 451 449 449 449 449 455 455 455 455 453 453 453 453 452 452 452 452 456 456 456 456 453 453 453 453 455 455 455 455 457 457 457 457 452 452 452 452 451 451 451 451 455 455 455 455 452 452 452 452 457 457 457 457 457 457 457 457 451 451 451 451 454 454 454 454 458 458 458 458 456 456 456 456 455 455 455 455 459 459 459 459 456 456 456 456 458 458 458 458 460 460 460 460 455 455 455 455 457 457 457 457 458 458 458 458 455 455 455 455 460 460 460 460 461 461 461 461 459 459 459 459 458 458 458 458 462 462 462 462 459 459 459 459 461 461 461 461 463 463 463 463 462 462 462 462 461 461 461 461 461 461 461 461 458 458 458 458 464 464 464 464 464 464 464 464 458 458 458 458 460 460 460 460 463 463 463 463 461 461 461 461 465 465 465 465 465 465 465 465 461 461 461 461 464 464 464 464 466 466 466 466 463 463 463 463 465 465 465 465 464 464 464 464 460 460 460 460 467 467 467 467 466 466 466 466 465 465 465 465 468 468 468 468 469 469 469 469 466 466 466 466 468 468 468 468 465 465 465 465 464 464 464 464 470 470 470 470 468 468 468 468 465 465 465 465 470 470 470 470 470 470 470 470 464 464 464 464 467 467 467 467 469 469 469 469 468 468 468 468 471 471 471 471 472 472 472 472 469 469 469 469 471 471 471 471 472 472 472 472 471 471 471 471 473 473 473 473 468 468 468 468 470 470 470 470 474 474 474 474 471 471 471 471 468 468 468 468 474 474 474 474 471 471 471 471 475 475 475 475 473 473 473 473 471 471 471 471 474 474 474 474 475 475 475 475 473 473 473 473 475 475 475 475 476 476 476 476 474 474 474 474 477 477 477 477 475 475 475 475 475 475 475 475 478 478 478 478 476 476 476 476 475 475 475 475 477 477 477 477 478 478 478 478 476 476 476 476 478 478 478 478 479 479 479 479 477 477 477 477 480 480 480 480 478 478 478 478 478 478 478 478 481 481 481 481 479 479 479 479 478 478 478 478 480 480 480 480 481 481 481 481 479 479 479 479 481 481 481 481 482 482 482 482 481 481 481 481 483 483 483 483 482 482 482 482 480 480 480 480 484 484 484 484 481 481 481 481 481 481 481 481 484 484 484 484 483 483 483 483 484 484 484 484 485 485 485 485 483 483 483 483 485 485 485 485 484 484 484 484 486 486 486 486 484 484 484 484 487 487 487 487 486 486 486 486 486 486 486 486 487 487 487 487 488 488 488 488 489 489 489 489 487 487 487 487 484 484 484 484 490 490 490 490 489 489 489 489 484 484 484 484 487 487 487 487 491 491 491 491 488 488 488 488 492 492 492 492 489 489 489 489 490 490 490 490 493 493 493 493 492 492 492 492 490 490 490 490 489 489 489 489 494 494 494 494 487 487 487 487 494 494 494 494 491 491 491 491 487 487 487 487 492 492 492 492 495 495 495 495 489 489 489 489 495 495 495 495 494 494 494 494 489 489 489 489 496 496 496 496 492 492 492 492 493 493 493 493 492 492 492 492 496 496 496 496 495 495 495 495 497 497 497 497 496 496 496 496 493 493 493 493 497 497 497 497 470 470 470 470 496 496 496 496 470 470 470 470 467 467 467 467 496 496 496 496 496 496 496 496 498 498 498 498 495 495 495 495 496 496 496 496 467 467 467 467 498 498 498 498 495 495 495 495 499 499 499 499 494 494 494 494 495 495 495 495 498 498 498 498 499 499 499 499 467 467 467 467 500 500 500 500 498 498 498 498 467 467 467 467 460 460 460 460 500 500 500 500 460 460 460 460 457 457 457 457 500 500 500 500 500 500 500 500 457 457 457 457 454 454 454 454 498 498 498 498 500 500 500 500 501 501 501 501 500 500 500 500 454 454 454 454 501 501 501 501 498 498 498 498 501 501 501 501 499 499 499 499 501 501 501 501 454 454 454 454 502 502 502 502 454 454 454 454 449 449 449 449 502 502 502 502 450 450 450 450 502 502 502 502 449 449 449 449 501 501 501 501 502 502 502 502 503 503 503 503 503 503 503 503 502 502 502 502 450 450 450 450 499 499 499 499 501 501 501 501 503 503 503 503 504 504 504 504 503 503 503 503 450 450 450 450 499 499 499 499 503 503 503 503 505 505 505 505 499 499 499 499 505 505 505 505 494 494 494 494 494 494 494 494 505 505 505 505 491 491 491 491 506 506 506 506 503 503 503 503 504 504 504 504 503 503 503 503 506 506 506 506 505 505 505 505 507 507 507 507 506 506 506 506 504 504 504 504 505 505 505 505 508 508 508 508 491 491 491 491 505 505 505 505 506 506 506 506 508 508 508 508 491 491 491 491 508 508 508 508 488 488 488 488 508 508 508 508 509 509 509 509 488 488 488 488 510 510 510 510 506 506 506 506 507 507 507 507 506 506 506 506 510 510 510 510 508 508 508 508 508 508 508 508 510 510 510 510 509 509 509 509 511 511 511 511 510 510 510 510 507 507 507 507 510 510 510 510 512 512 512 512 509 509 509 509 512 512 512 512 510 510 510 510 511 511 511 511 513 513 513 513 512 512 512 512 511 511 511 511 514 514 514 514 515 515 515 515 516 516 516 516 517 517 517 517 514 514 514 514 516 516 516 516 517 517 517 517 516 516 516 516 518 518 518 518 519 519 519 519 517 517 517 517 518 518 518 518 519 519 519 519 520 520 520 520 517 517 517 517 517 517 517 517 521 521 521 521 514 514 514 514 520 520 520 520 521 521 521 521 517 517 517 517 521 521 521 521 522 522 522 522 514 514 514 514 523 523 523 523 521 521 521 521 520 520 520 520 521 521 521 521 523 523 523 523 522 522 522 522 524 524 524 524 523 523 523 523 520 520 520 520 523 523 523 523 525 525 525 525 522 522 522 522 526 526 526 526 527 527 527 527 528 528 528 528 528 528 528 528 529 529 529 529 530 530 530 530 531 531 531 531 526 526 526 526 528 528 528 528 531 531 531 531 528 528 528 528 530 530 530 530 532 532 532 532 526 526 526 526 531 531 531 531 531 531 531 531 530 530 530 530 533 533 533 533 534 534 534 534 532 532 532 532 531 531 531 531 534 534 534 534 531 531 531 531 533 533 533 533 535 535 535 535 532 532 532 532 534 534 534 534 534 534 534 534 533 533 533 533 536 536 536 536 537 537 537 537 535 535 535 535 534 534 534 534 537 537 537 537 534 534 534 534 536 536 536 536 538 538 538 538 539 539 539 539 540 540 540 540 540 540 540 540 541 541 541 541 542 542 542 542 543 543 543 543 538 538 538 538 540 540 540 540 543 543 543 543 540 540 540 540 542 542 542 542 538 538 538 538 543 543 543 543 544 544 544 544 542 542 542 542 545 545 545 545 543 543 543 543 546 546 546 546 547 547 547 547 544 544 544 544 545 545 545 545 548 548 548 548 543 543 543 543 543 543 543 543 548 548 548 548 544 544 544 544 548 548 548 548 546 546 546 546 544 544 544 544 548 548 548 548 545 545 545 545 549 549 549 549 546 546 546 546 548 548 548 548 549 549 549 549 550 550 550 550 551 551 551 551 552 552 552 552 552 552 552 552 553 553 553 553 554 554 554 554 555 555 555 555 550 550 550 550 552 552 552 552 555 555 555 555 552 552 552 552 554 554 554 554 550 550 550 550 555 555 555 555 556 556 556 556 554 554 554 554 557 557 557 557 555 555 555 555 558 558 558 558 556 556 556 556 559 559 559 559 557 557 557 557 560 560 560 560 555 555 555 555 555 555 555 555 560 560 560 560 556 556 556 556 556 556 556 556 560 560 560 560 559 559 559 559 560 560 560 560 557 557 557 557 561 561 561 561 559 559 559 559 560 560 560 560 561 561 561 561 562 562 562 562 563 563 563 563 564 564 564 564 564 564 564 564 565 565 565 565 566 566 566 566 567 567 567 567 562 562 562 562 564 564 564 564 567 567 567 567 564 564 564 564 566 566 566 566 568 568 568 568 562 562 562 562 567 567 567 567 567 567 567 567 566 566 566 566 569 569 569 569 570 570 570 570 568 568 568 568 567 567 567 567 570 570 570 570 567 567 567 567 569 569 569 569 571 571 571 571 568 568 568 568 570 570 570 570 570 570 570 570 569 569 569 569 572 572 572 572 573 573 573 573 571 571 571 571 570 570 570 570 573 573 573 573 570 570 570 570 572 572 572 572 574 574 574 574 575 575 575 575 576 576 576 576 575 575 575 575 577 577 577 577 578 578 578 578 575 575 575 575 579 579 579 579 576 576 576 576 579 579 579 579 575 575 575 575 578 578 578 578 580 580 580 580 576 576 576 576 579 579 579 579 579 579 579 579 578 578 578 578 581 581 581 581 582 582 582 582 580 580 580 580 579 579 579 579 582 582 582 582 579 579 579 579 581 581 581 581 580 580 580 580 582 582 582 582 583 583 583 583 581 581 581 581 584 584 584 584 582 582 582 582 582 582 582 582 585 585 585 585 583 583 583 583 584 584 584 584 585 585 585 585 582 582 582 582 586 586 586 586 587 587 587 587 588 588 588 588 588 588 588 588 587 587 587 587 589 589 589 589 590 590 590 590 586 586 586 586 588 588 588 588 586 586 586 586 590 590 590 590 591 591 591 591 592 592 592 592 588 588 588 588 589 589 589 589 588 588 588 588 593 593 593 593 590 590 590 590 593 593 593 593 588 588 588 588 592 592 592 592 592 592 592 592 589 589 589 589 594 594 594 594 589 589 589 589 595 595 595 595 594 594 594 594 596 596 596 596 593 593 593 593 592 592 592 592 594 594 594 594 596 596 596 596 592 592 592 592 594 594 594 594 595 595 595 595 597 597 597 597 595 595 595 595 598 598 598 598 597 597 597 597 599 599 599 599 596 596 596 596 594 594 594 594 597 597 597 597 599 599 599 599 594 594 594 594 600 600 600 600 593 593 593 593 596 596 596 596 599 599 599 599 600 600 600 600 596 596 596 596 597 597 597 597 598 598 598 598 601 601 601 601 598 598 598 598 602 602 602 602 601 601 601 601 603 603 603 603 599 599 599 599 597 597 597 597 601 601 601 601 603 603 603 603 597 597 597 597 604 604 604 604 601 601 601 601 602 602 602 602 603 603 603 603 601 601 601 601 604 604 604 604 605 605 605 605 604 604 604 604 602 602 602 602 604 604 604 604 605 605 605 605 606 606 606 606 603 603 603 603 607 607 607 607 599 599 599 599 607 607 607 607 600 600 600 600 599 599 599 599 608 608 608 608 604 604 604 604 606 606 606 606 608 608 608 608 606 606 606 606 609 609 609 609 610 610 610 610 603 603 603 603 604 604 604 604 610 610 610 610 604 604 604 604 608 608 608 608 611 611 611 611 608 608 608 608 609 609 609 609 609 609 609 609 612 612 612 612 611 611 611 611 613 613 613 613 610 610 610 610 608 608 608 608 613 613 613 613 608 608 608 608 611 611 611 611 610 610 610 610 614 614 614 614 603 603 603 603 614 614 614 614 610 610 610 610 613 613 613 613 614 614 614 614 607 607 607 607 603 603 603 603 615 615 615 615 613 613 613 613 611 611 611 611 612 612 612 612 616 616 616 616 611 611 611 611 616 616 616 616 615 615 615 615 611 611 611 611 617 617 617 617 616 616 616 616 612 612 612 612 618 618 618 618 617 617 617 617 612 612 612 612 617 617 617 617 618 618 618 618 619 619 619 619 620 620 620 620 615 615 615 615 616 616 616 616 617 617 617 617 620 620 620 620 616 616 616 616 621 621 621 621 613 613 613 613 615 615 615 615 620 620 620 620 621 621 621 621 615 615 615 615 621 621 621 621 614 614 614 614 613 613 613 613 622 622 622 622 617 617 617 617 619 619 619 619 620 620 620 620 617 617 617 617 622 622 622 622 619 619 619 619 623 623 623 623 622 622 622 622 620 620 620 620 624 624 624 624 621 621 621 621 624 624 624 624 620 620 620 620 622 622 622 622 623 623 623 623 625 625 625 625 622 622 622 622 624 624 624 624 622 622 622 622 625 625 625 625 623 623 623 623 626 626 626 626 625 625 625 625 624 624 624 624 627 627 627 627 621 621 621 621 621 621 621 621 627 627 627 627 614 614 614 614 628 628 628 628 624 624 624 624 625 625 625 625 627 627 627 627 624 624 624 624 628 628 628 628 626 626 626 626 629 629 629 629 625 625 625 625 629 629 629 629 628 628 628 628 625 625 625 625 629 629 629 629 626 626 626 626 630 630 630 630 626 626 626 626 631 631 631 631 630 630 630 630 632 632 632 632 628 628 628 628 629 629 629 629 632 632 632 632 627 627 627 627 628 628 628 628 630 630 630 630 632 632 632 632 629 629 629 629 633 633 633 633 627 627 627 627 632 632 632 632 627 627 627 627 633 633 633 633 614 614 614 614 634 634 634 634 632 632 632 632 630 630 630 630 634 634 634 634 633 633 633 633 632 632 632 632 630 630 630 630 631 631 631 631 635 635 635 635 635 635 635 635 634 634 634 634 630 630 630 630 631 631 631 631 636 636 636 636 635 635 635 635 635 635 635 635 636 636 636 636 637 637 637 637 634 634 634 634 635 635 635 635 637 637 637 637 636 636 636 636 638 638 638 638 637 637 637 637 633 633 633 633 634 634 634 634 639 639 639 639 639 639 639 639 634 634 634 634 637 637 637 637 614 614 614 614 633 633 633 633 640 640 640 640 640 640 640 640 633 633 633 633 639 639 639 639 607 607 607 607 614 614 614 614 640 640 640 640 641 641 641 641 637 637 637 637 638 638 638 638 639 639 639 639 637 637 637 637 641 641 641 641 642 642 642 642 641 641 641 641 638 638 638 638 641 641 641 641 642 642 642 642 643 643 643 643 640 640 640 640 639 639 639 639 644 644 644 644 644 644 644 644 639 639 639 639 641 641 641 641 607 607 607 607 640 640 640 640 645 645 645 645 645 645 645 645 640 640 640 640 644 644 644 644 600 600 600 600 607 607 607 607 645 645 645 645 646 646 646 646 641 641 641 641 643 643 643 643 644 644 644 644 641 641 641 641 646 646 646 646 646 646 646 646 643 643 643 643 591 591 591 591 645 645 645 645 644 644 644 644 647 647 647 647 647 647 647 647 644 644 644 644 646 646 646 646 600 600 600 600 645 645 645 645 648 648 648 648 648 648 648 648 645 645 645 645 647 647 647 647 593 593 593 593 600 600 600 600 648 648 648 648 593 593 593 593 648 648 648 648 590 590 590 590 649 649 649 649 647 647 647 647 646 646 646 646 648 648 648 648 647 647 647 647 649 649 649 649 649 649 649 649 646 646 646 646 591 591 591 591 590 590 590 590 648 648 648 648 649 649 649 649 590 590 590 590 649 649 649 649 591 591 591 591 </p>
        </triangles>
      </mesh>
    </geometry>
    <geometry id="polySurface31__GrassBgBaum-mesh" name="polySurface31__GrassBgBaum">
      <mesh>
        <source id="polySurface31__GrassBgBaum-position">
          <float_array id="polySurface31__GrassBgBaum-position-array" count="2085">4.073953 10.46192 -4.862752 4.232993 9.662416 -4.862752 3.716874 10.3536 -4.862751 3.861637 9.625843 -4.862751 3.861637 9.625843 -4.862751 3.861625 8.883827 -4.862751 3.804183 8.889485 -4.862751 3.804183 9.620184 -4.862751 3.861637 9.625843 -4.862751 3.716874 10.3536 -4.862751 3.661625 10.33684 -4.862751 3.861637 9.625843 -4.862751 4.232993 9.662416 -4.862752 3.861625 8.883827 -4.862751 4.232993 8.847246 -4.862752 3.762007 11.21503 -4.862752 4.073953 10.46192 -4.862752 3.432925 11.03912 -4.862751 3.716874 10.3536 -4.862751 3.716874 10.3536 -4.862751 3.661625 10.33684 -4.862751 3.432925 11.03912 -4.862751 3.382002 11.01191 -4.862751 3.309126 11.8928 -4.862752 3.762007 11.21503 -4.862752 3.020672 11.65608 -4.862751 3.432925 11.03912 -4.862751 3.432925 11.03912 -4.862751 3.382002 11.01191 -4.862751 3.020672 11.65608 -4.862751 2.976046 11.61947 -4.862751 2.732717 12.46921 -4.862752 3.309126 11.8928 -4.862752 2.495992 12.18077 -4.862751 3.020672 11.65608 -4.862751 3.020672 11.65608 -4.862751 2.976046 11.61947 -4.862751 2.495992 12.18077 -4.862751 2.459374 12.13614 -4.862751 2.054935 12.92211 -4.862752 2.732717 12.46921 -4.862752 1.879037 12.59301 -4.862751 2.495992 12.18077 -4.862751 2.495992 12.18077 -4.862751 2.459374 12.13614 -4.862751 1.879037 12.59301 -4.862751 1.851813 12.54211 -4.862751 1.301823 13.23405 -4.862752 2.054935 12.92211 -4.862752 1.193505 12.87697 -4.862751 1.879037 12.59301 -4.862751 1.879037 12.59301 -4.862751 1.851813 12.54211 -4.862751 1.193505 12.87697 -4.862751 1.176745 12.82172 -4.862751 0.5023193 13.39308 -4.862752 1.301823 13.23405 -4.862752 0.4657468 13.02172 -4.862751 1.193505 12.87697 -4.862751 1.193505 12.87697 -4.862751 1.176745 12.82172 -4.862751 0.4657468 13.02172 -4.862751 0.460086 12.96427 -4.862751 -1.112342 13.23405 -4.862752 -0.312843 13.39308 -4.862752 -1.004027 12.87697 -4.862751 -0.2762654 13.02172 -4.862751 -0.2762654 13.02172 -4.862751 -0.2706056 12.96427 -4.862751 -1.004027 12.87697 -4.862751 -0.9872636 12.82172 -4.862751 -1.865457 12.92211 -4.862752 -1.112342 13.23405 -4.862752 -1.689552 12.59301 -4.862751 -1.004027 12.87697 -4.862751 -1.004027 12.87697 -4.862751 -0.9872636 12.82172 -4.862751 -1.689552 12.59301 -4.862751 -1.662338 12.54211 -4.862751 -2.543242 12.46922 -4.862752 -1.865457 12.92211 -4.862752 -2.306518 12.18077 -4.862751 -1.689552 12.59301 -4.862751 -1.689552 12.59301 -4.862751 -1.662338 12.54211 -4.862751 -2.306518 12.18077 -4.862751 -2.26989 12.13614 -4.862751 -3.119648 11.89282 -4.862752 -2.543242 12.46922 -4.862752 -2.831198 11.65609 -4.862751 -2.306518 12.18077 -4.862751 -2.306518 12.18077 -4.862751 -2.26989 12.13614 -4.862751 -2.831198 11.65609 -4.862751 -2.786572 11.61947 -4.862751 -3.572526 11.21503 -4.862752 -3.119648 11.89282 -4.862752 -3.243444 11.03912 -4.862751 -2.831198 11.65609 -4.862751 -2.831198 11.65609 -4.862751 -2.786572 11.61947 -4.862751 -3.243444 11.03912 -4.862751 -3.192535 11.01191 -4.862751 -3.572526 11.21503 -4.862752 -3.243444 11.03912 -4.862751 -3.527388 10.3536 -4.862751 -3.884468 10.46192 -4.862752 -3.527388 10.3536 -4.862751 -3.672156 9.625843 -4.862751 -4.043508 9.662416 -4.862752 -3.243444 11.03912 -4.862751 -3.192535 11.01191 -4.862751 -3.527388 10.3536 -4.862751 -3.472144 10.33684 -4.862751 -3.614703 9.620184 -4.862751 -3.672156 9.625843 -4.862751 -3.527388 10.3536 -4.862751 -4.043508 8.847253 -4.862752 -4.043508 9.662416 -4.862752 -3.672144 8.883827 -4.862751 -3.672156 9.625843 -4.862751 -3.672156 9.625843 -4.862751 -3.614703 9.620184 -4.862751 -3.672144 8.883827 -4.862751 -3.614703 8.889485 -4.862751 -3.472144 8.172829 -4.862751 -3.527388 8.156076 -4.862751 -3.672144 8.883827 -4.862751 -3.884468 8.047753 -4.862752 -4.043508 8.847253 -4.862752 -3.527388 8.156076 -4.862751 -3.672144 8.883827 -4.862751 -3.572526 7.294644 -4.862752 -3.884468 8.047753 -4.862752 -3.243444 7.470537 -4.862751 -3.527388 8.156076 -4.862751 -3.527388 8.156076 -4.862751 -3.472144 8.172829 -4.862751 -3.243444 7.470537 -4.862751 -3.192533 7.497756 -4.862751 -3.119648 6.616857 -4.862752 -3.572526 7.294644 -4.862752 -2.831198 6.85358 -4.862751 -3.243444 7.470537 -4.862751 -3.243444 7.470537 -4.862751 -3.192533 7.497756 -4.862751 -2.831198 6.85358 -4.862751 -2.786572 6.890203 -4.862751 3.762007 7.294638 -4.862752 3.309126 6.616857 -4.862752 3.432925 7.470537 -4.862751 3.020672 6.85358 -4.862751 3.020672 6.85358 -4.862751 2.976046 6.890203 -4.862751 3.432925 7.470537 -4.862751 3.382014 7.497756 -4.862751 3.762007 7.294638 -4.862752 3.432925 7.470537 -4.862751 3.716874 8.156068 -4.862751 4.073953 8.047753 -4.862752 3.716874 8.156068 -4.862751 3.861625 8.883827 -4.862751 4.232993 8.847246 -4.862752 3.432925 7.470537 -4.862751 3.382014 7.497756 -4.862751 3.716874 8.156068 -4.862751 3.661625 8.172829 -4.862751 3.804183 8.889485 -4.862751 3.861625 8.883827 -4.862751 3.716874 8.156068 -4.862751 7.378469 11.46433 -4.862752 7.669603 10.00089 -4.862752 4.073953 10.46192 -4.862752 4.232993 9.662416 -4.862752 6.807491 12.84286 -4.862752 7.378469 11.46433 -4.862752 3.762007 11.21503 -4.862752 4.073953 10.46192 -4.862752 5.978505 14.08351 -4.862752 6.807491 12.84286 -4.862752 3.309126 11.8928 -4.862752 3.762007 11.21503 -4.862752 4.923439 15.1386 -4.862752 5.978505 14.08351 -4.862752 2.732717 12.46921 -4.862752 3.309126 11.8928 -4.862752 3.682783 15.96758 -4.862752 4.923439 15.1386 -4.862752 2.054935 12.92211 -4.862752 2.732717 12.46921 -4.862752 2.304246 16.53861 -4.862752 3.682783 15.96758 -4.862752 1.301823 13.23405 -4.862752 2.054935 12.92211 -4.862752 0.8407947 16.82967 -4.862752 2.304246 16.53861 -4.862752 0.5023193 13.39308 -4.862752 1.301823 13.23405 -4.862752 -2.114764 16.53861 -4.862752 -0.6513185 16.82967 -4.862752 -1.112342 13.23405 -4.862752 -0.312843 13.39308 -4.862752 -3.493294 15.96759 -4.862752 -2.114764 16.53861 -4.862752 -1.865457 12.92211 -4.862752 -1.112342 13.23405 -4.862752 -4.73395 15.13861 -4.862752 -3.493294 15.96759 -4.862752 -2.543242 12.46922 -4.862752 -1.865457 12.92211 -4.862752 -5.789031 14.08352 -4.862752 -4.73395 15.13861 -4.862752 -3.119648 11.89282 -4.862752 -2.543242 12.46922 -4.862752 -6.618001 12.84286 -4.862752 -5.789031 14.08352 -4.862752 -3.572526 11.21503 -4.862752 -3.119648 11.89282 -4.862752 -7.189016 11.46433 -4.862752 -6.618001 12.84286 -4.862752 -3.884468 10.46192 -4.862752 -3.572526 11.21503 -4.862752 -7.480129 10.00089 -4.862752 -7.189016 11.46433 -4.862752 -4.043508 9.662416 -4.862752 -3.884468 10.46192 -4.862752 -7.480129 8.508778 -4.862752 -7.480129 10.00089 -4.862752 -4.043508 8.847253 -4.862752 -4.043508 9.662416 -4.862752 -7.189016 7.045333 -4.862752 -7.480129 8.508778 -4.862752 -3.884468 8.047753 -4.862752 -4.043508 8.847253 -4.862752 -6.618001 5.6668 -4.862752 -7.189016 7.045333 -4.862752 -3.572526 7.294644 -4.862752 -3.884468 8.047753 -4.862752 7.378517 7.045333 -4.862752 6.807491 5.6668 -4.862752 4.073953 8.047753 -4.862752 3.762007 7.294638 -4.862752 7.669603 8.508778 -4.862752 7.378517 7.045333 -4.862752 4.232993 8.847246 -4.862752 4.073953 8.047753 -4.862752 7.669603 10.00089 -4.862752 7.669603 8.508778 -4.862752 4.232993 9.662416 -4.862752 4.232993 8.847246 -4.862752 -0.6513185 16.82967 -4.862752 0.8407947 16.82967 -4.862752 -0.312843 13.39308 -4.862752 0.5023193 13.39308 -4.862752 -0.2762654 13.02172 -4.862751 0.4657468 13.02172 -4.862751 0.460086 12.96427 -4.862751 -0.2706056 12.96427 -4.862751 -0.2706056 12.96427 -4.862751 -0.2706098 12.96428 4.864621 -0.9872636 12.82172 4.864621 -0.9872636 12.82172 -4.862751 -1.662338 12.5421 4.864621 -1.662338 12.54211 -4.862751 -2.2699 12.13614 4.864621 -2.26989 12.13614 -4.862751 -2.786572 11.61947 4.864621 -2.786572 11.61947 -4.862751 -3.192533 11.01191 4.864621 -3.192535 11.01191 -4.862751 -3.472144 10.33684 4.864621 -3.472144 10.33684 -4.862751 -3.614703 9.620184 4.864621 -3.614703 9.620184 -4.862751 -3.614703 8.889485 4.864621 -3.614703 8.889485 -4.862751 -3.472144 8.172829 4.864621 -3.472144 8.172829 -4.862751 -3.192533 7.497756 4.864621 -3.192533 7.497756 -4.862751 -2.786582 6.890198 4.864621 -2.786572 6.890203 -4.862751 2.976046 6.890203 -4.862751 2.976056 6.890198 4.864621 3.382014 7.497756 4.864621 3.382014 7.497756 -4.862751 3.661628 8.172829 4.864621 3.661625 8.172829 -4.862751 3.804183 8.889485 4.864621 3.804183 8.889485 -4.862751 3.804183 9.620184 4.864621 3.804183 9.620184 -4.862751 3.661628 10.33684 4.864621 3.661625 10.33684 -4.862751 3.382014 11.01191 4.864621 3.382002 11.01191 -4.862751 2.976056 11.61947 4.864621 2.976046 11.61947 -4.862751 2.459374 12.13614 4.864621 2.459374 12.13614 -4.862751 1.851823 12.5421 4.864621 1.851813 12.54211 -4.862751 1.176742 12.82172 4.864621 1.176745 12.82172 -4.862751 0.460086 12.96428 4.864621 0.460086 12.96427 -4.862751 -0.2706098 12.96428 4.864621 -0.2706056 12.96427 -4.862751 2.976056 6.890198 4.864621 3.020672 6.85358 4.864621 3.382014 7.497756 4.864621 3.432915 7.470537 4.864621 3.142592 6.753521 4.864621 3.661628 8.172829 4.864621 3.572019 7.396196 4.864621 3.309126 6.616857 4.864621 3.716874 8.156068 4.864621 3.804183 8.889485 4.864621 3.76201 7.294638 4.864621 3.861625 8.883827 4.864621 3.804183 9.620184 4.864621 3.867805 8.110292 4.864621 3.861625 9.625843 4.864621 3.661628 10.33684 4.864621 4.018583 8.868368 4.864621 4.073953 8.047753 4.864621 6.807491 5.666788 4.864621 7.378517 7.045333 4.864621 7.669603 8.508778 4.864621 4.232993 8.847246 4.864621 7.669603 10.00089 4.864621 4.01858 9.641294 4.864621 4.232993 9.662416 4.864621 7.378469 11.46433 4.864621 3.716874 10.3536 4.864621 3.382014 11.01191 4.864621 3.867805 10.39938 4.864621 4.073953 10.46192 4.864621 6.807491 12.84286 4.864621 3.432925 11.03912 4.864621 2.976056 11.61947 4.864621 3.572019 11.11347 4.864621 3.76201 11.21503 4.864621 5.978505 14.08352 4.864621 3.020672 11.65609 4.864621 2.459374 12.13614 4.864621 3.142592 11.75614 4.864621 3.309126 11.89282 4.864621 4.923439 15.13861 4.864621 2.495992 12.18077 4.864621 1.851823 12.5421 4.864621 2.596045 12.30268 4.864621 2.732717 12.46922 4.864621 3.682783 15.96758 4.864621 1.879037 12.59301 4.864621 1.176742 12.82172 4.864621 1.953382 12.7321 4.864621 2.054935 12.92211 4.864621 2.304246 16.53861 4.864621 1.193505 12.87697 4.864621 0.460086 12.96428 4.864621 1.239277 13.02789 4.864621 1.301823 13.23405 4.864621 0.8407947 16.82967 4.864621 0.4657468 13.02172 4.864621 -0.2706098 12.96428 4.864621 0.4812051 13.17868 4.864621 0.5023193 13.39309 4.864621 -0.6513185 16.82967 4.864621 -0.2762706 13.02172 4.864621 -0.9872636 12.82172 4.864621 -0.2917256 13.17868 4.864621 -0.312843 13.39309 4.864621 -2.114765 16.53861 4.864621 -1.004027 12.87697 4.864621 -1.662338 12.5421 4.864621 -1.049803 13.02789 4.864621 -1.112342 13.23405 4.864621 -3.493294 15.96759 4.864621 -1.689552 12.59301 4.864621 -2.2699 12.13614 4.864621 -1.763897 12.7321 4.864621 -1.865457 12.92211 4.864621 -4.73395 15.13861 4.864621 -2.306518 12.18077 4.864621 -2.786572 11.61947 4.864621 -2.406568 12.30268 4.864621 -2.543242 12.46922 4.864621 -5.789031 14.08352 4.864621 -2.831198 11.65609 4.864621 -3.192533 11.01191 4.864621 -2.953118 11.75614 4.864621 -3.119648 11.89282 4.864621 -6.618001 12.84286 4.864621 -3.243441 11.03913 4.864621 -3.472144 10.33684 4.864621 -3.382535 11.11347 4.864621 -3.572543 11.21503 4.864621 -7.189016 11.46433 4.864621 -3.527407 10.3536 4.864621 -3.614703 9.620184 4.864621 -3.67832 10.39938 4.864621 -3.884468 10.46192 4.864621 -7.480129 10.00089 4.864621 -3.672144 9.625843 4.864621 -3.614703 8.889485 4.864621 -3.829116 9.641294 4.864621 -4.043511 9.662416 4.864621 -7.480129 8.508778 4.864621 -3.672144 8.883827 4.864621 -3.472144 8.172829 4.864621 -3.829116 8.868368 4.864621 -4.043511 8.847253 4.864621 -7.189016 7.045333 4.864621 -3.527407 8.156076 4.864621 -3.192533 7.497756 4.864621 -3.67832 8.110292 4.864621 -3.884486 8.047753 4.864621 -6.618001 5.6668 4.864621 -3.572543 7.294638 4.864621 -3.382535 7.396196 4.864621 -3.243441 7.470537 4.864621 -2.786582 6.890198 4.864621 -2.831198 6.85358 4.864621 -2.953113 6.753521 4.864621 3.661624 10.33684 -4.862751 3.382002 11.01191 -4.862751 3.685997 10.70107 -4.862752 2.976046 11.61947 -4.862751 2.459374 12.13614 -4.862751 2.835113 11.99961 -4.862752 1.851813 12.54211 -4.862751 1.176745 12.82172 -4.862751 1.671656 12.77312 -4.862751 0.460086 12.96427 -4.862751 -0.2706055 12.96427 -4.862751 0.0529327 13.1005 -4.862752 -0.2706055 12.96427 -4.862751 -0.9872636 12.82172 -4.862751 0.0529327 13.1005 -4.862752 -1.662338 12.54211 -4.862751 -2.26989 12.13614 -4.862751 -1.880632 12.60929 -4.862752 -2.786572 11.61947 -4.862751 -3.192535 11.01191 -4.862751 -3.14206 11.37362 -4.862752 -3.572526 7.294644 -4.862752 -3.736952 8.629656 -4.862752 -3.243444 7.470537 -4.862751 -3.243444 7.470537 -4.862751 -3.192533 7.497756 -4.862751 -2.786572 6.890203 -4.862751 2.976046 6.890203 -4.862751 3.382013 7.497756 -4.862751 3.432925 7.470537 -4.862751 3.762007 7.294638 -4.862752 3.432925 7.470537 -4.862751 3.87419 8.471085 -4.862752 6.807492 12.84286 -4.862752 7.378469 11.46433 -4.862752 3.685997 10.70107 -4.862752 4.923439 15.1386 -4.862752 5.978505 14.08351 -4.862752 2.835113 11.99961 -4.862752 2.304245 16.53861 -4.862752 3.682783 15.96758 -4.862752 1.671656 12.77312 -4.862751 -0.6513185 16.82967 -4.862752 0.8407947 16.82967 -4.862752 0.0529327 13.1005 -4.862752 -3.493294 15.96759 -4.862752 -2.114764 16.53861 -4.862752 -1.880632 12.60929 -4.862752 -4.73395 15.13861 -4.862752 -3.493294 15.96759 -4.862752 -1.880632 12.60929 -4.862752 -6.618001 12.84286 -4.862752 -5.789031 14.08352 -4.862752 -3.14206 11.37362 -4.862752 -7.480129 10.00089 -4.862752 -7.189015 11.46433 -4.862752 -3.677015 10.04752 -4.862751 -7.189015 7.045334 -4.862752 -7.480129 8.508778 -4.862752 -3.736952 8.629656 -4.862752 7.669602 8.508778 -4.862752 7.378518 7.045334 -4.862752 3.87419 8.471085 -4.862752 -3.472144 10.33684 -4.862751 -3.614703 9.620184 -4.862751 -3.677015 10.04752 -4.862751 -3.192535 11.01191 -4.862751 -3.677015 10.04752 -4.862751 -3.14206 11.37362 -4.862752 -3.614703 8.889485 -4.862751 -3.472144 8.172829 -4.862751 -3.736952 8.629656 -4.862752 -3.614703 9.620184 -4.862751 -3.736952 8.629656 -4.862752 -3.677015 10.04752 -4.862751 3.661624 8.172829 -4.862751 3.804183 8.889485 -4.862751 3.87419 8.471085 -4.862752 3.382013 7.497756 -4.862751 3.87419 8.471085 -4.862752 3.432925 7.470537 -4.862751 3.931266 9.6327 -4.862751 3.87419 8.471085 -4.862752 3.804183 8.889485 -4.862751 3.804183 9.620184 -4.862751 3.931266 9.6327 -4.862751 3.685997 10.70107 -4.862752 3.661624 10.33684 -4.862751 3.685997 10.70107 -4.862752 3.382002 11.01191 -4.862751 2.835113 11.99961 -4.862752 2.976046 11.61947 -4.862751 2.835113 11.99961 -4.862752 2.459374 12.13614 -4.862751 1.671656 12.77312 -4.862751 1.851813 12.54211 -4.862751 1.671656 12.77312 -4.862751 1.176745 12.82172 -4.862751 0.0529327 13.1005 -4.862752 0.460086 12.96427 -4.862751 0.0529327 13.1005 -4.862752 -0.9872636 12.82172 -4.862751 -1.880632 12.60929 -4.862752 -1.662338 12.54211 -4.862751 -1.880632 12.60929 -4.862752 -2.26989 12.13614 -4.862751 -3.14206 11.37362 -4.862752 -2.786572 11.61947 -4.862751 -3.736952 8.629656 -4.862752 -3.472144 8.172829 -4.862751 -3.243444 7.470537 -4.862751 -3.192533 7.497756 -4.862751 -3.119648 6.616857 -4.862752 -3.572526 7.294644 -4.862752 -2.786572 6.890203 -4.862751 -3.243444 7.470537 -4.862751 3.762007 7.294638 -4.862752 3.309126 6.616857 -4.862752 3.432925 7.470537 -4.862751 2.976046 6.890203 -4.862751 7.378469 11.46433 -4.862752 7.669602 10.00089 -4.862752 3.685997 10.70107 -4.862752 3.931266 9.6327 -4.862751 5.978505 14.08351 -4.862752 6.807492 12.84286 -4.862752 2.835113 11.99961 -4.862752 3.685997 10.70107 -4.862752 3.682783 15.96758 -4.862752 4.923439 15.1386 -4.862752 1.671656 12.77312 -4.862751 2.835113 11.99961 -4.862752 0.8407947 16.82967 -4.862752 2.304245 16.53861 -4.862752 0.0529327 13.1005 -4.862752 1.671656 12.77312 -4.862751 -2.114764 16.53861 -4.862752 -0.6513185 16.82967 -4.862752 -1.880632 12.60929 -4.862752 0.0529327 13.1005 -4.862752 -5.789031 14.08352 -4.862752 -4.73395 15.13861 -4.862752 -3.14206 11.37362 -4.862752 -1.880632 12.60929 -4.862752 -7.189015 11.46433 -4.862752 -6.618001 12.84286 -4.862752 -3.677015 10.04752 -4.862751 -3.14206 11.37362 -4.862752 -7.480129 8.508778 -4.862752 -7.480129 10.00089 -4.862752 -3.736952 8.629656 -4.862752 -3.677015 10.04752 -4.862751 -6.618001 5.6668 -4.862752 -7.189015 7.045334 -4.862752 -3.572526 7.294644 -4.862752 -3.736952 8.629656 -4.862752 7.378518 7.045334 -4.862752 6.807492 5.6668 -4.862752 3.87419 8.471085 -4.862752 3.762007 7.294638 -4.862752 7.669602 10.00089 -4.862752 7.669602 8.508778 -4.862752 3.931266 9.6327 -4.862751 3.87419 8.471085 -4.862752 2.976056 6.890198 4.864621 3.309126 6.616857 4.864621 3.382013 7.497756 4.864621 3.76201 7.294638 4.864621 3.661627 8.172829 4.864621 3.804183 8.889485 4.864621 6.807492 5.666788 4.864621 7.378518 7.045334 4.864621 7.669602 8.508778 4.864621 7.669602 10.00089 4.864621 3.804183 9.620184 4.864621 3.661627 10.33684 4.864621 3.382013 11.01191 4.864621 7.378469 11.46433 4.864621 6.807492 12.84286 4.864621 5.978505 14.08352 4.864621 3.142592 11.75614 4.864621 2.976056 11.61947 4.864621 2.459374 12.13614 4.864621 4.923439 15.13861 4.864621 1.851823 12.5421 4.864621 3.682783 15.96758 4.864621 2.304245 16.53861 4.864621 1.239277 13.02789 4.864621 0.8407947 16.82967 4.864621 -0.6513185 16.82967 4.864621 -2.114766 16.53861 4.864621 1.193505 12.87697 4.864621 1.176742 12.82172 4.864621 0.460086 12.96428 4.864621 -0.2706098 12.96428 4.864621 -0.2917255 13.17868 4.864621 -0.9872636 12.82172 4.864621 -3.493294 15.96759 4.864621 -1.662338 12.5421 4.864621 -4.73395 15.13861 4.864621 -5.789031 14.08352 4.864621 -2.953118 11.75614 4.864621 -2.2699 12.13614 4.864621 -6.618001 12.84286 4.864621 -2.786572 11.61947 4.864621 -3.192533 11.01191 4.864621 -7.189015 11.46433 4.864621 -3.472144 10.33684 4.864621 -3.67832 10.39938 4.864621 -7.480129 10.00089 4.864621 -3.614703 9.620184 4.864621 -7.480129 8.508778 4.864621 -3.614703 8.889485 4.864621 -7.189015 7.045334 4.864621 -3.472144 8.172829 4.864621 -6.618001 5.6668 4.864621 -3.382535 7.396196 4.864621 -3.192533 7.497756 4.864621 -2.786582 6.890198 4.864621 -2.953113 6.753521 4.864621 -0.2706055 12.96427 -4.862751 -0.2706098 12.96428 4.864621 -0.9872636 12.82172 4.864621 -0.9872636 12.82172 -4.862751 -1.662338 12.5421 4.864621 -1.662338 12.54211 -4.862751 -2.2699 12.13614 4.864621 -2.26989 12.13614 -4.862751 -2.786572 11.61947 4.864621 -2.786572 11.61947 -4.862751 -3.192533 11.01191 4.864621 -3.192535 11.01191 -4.862751 -3.472144 10.33684 4.864621 -3.472144 10.33684 -4.862751 -3.614703 9.620184 4.864621 -3.614703 9.620184 -4.862751 -3.614703 8.889485 4.864621 -3.614703 8.889485 -4.862751 -3.472144 8.172829 4.864621 -3.472144 8.172829 -4.862751 -3.192533 7.497756 4.864621 -3.192533 7.497756 -4.862751 -2.786582 6.890198 4.864621 -2.786572 6.890203 -4.862751 2.976046 6.890203 -4.862751 2.976056 6.890198 4.864621 3.382013 7.497756 4.864621 3.382013 7.497756 -4.862751 3.661627 8.172829 4.864621 3.661624 8.172829 -4.862751 3.804183 8.889485 4.864621 3.804183 8.889485 -4.862751 3.804183 9.620184 4.864621 3.804183 9.620184 -4.862751 3.661627 10.33684 4.864621 3.661624 10.33684 -4.862751 3.382013 11.01191 4.864621 3.382002 11.01191 -4.862751 2.976056 11.61947 4.864621 2.976046 11.61947 -4.862751 2.459374 12.13614 4.864621 2.459374 12.13614 -4.862751 1.851823 12.5421 4.864621 1.851813 12.54211 -4.862751 1.176742 12.82172 4.864621 1.176745 12.82172 -4.862751 0.460086 12.96428 4.864621 0.460086 12.96427 -4.862751 -0.2706098 12.96428 4.864621 -0.2706055 12.96427 -4.862751</float_array>
          <technique_common>
            <accessor source="#polySurface31__GrassBgBaum-position-array" count="695" stride="3">
              <param name="X" type="float" />
              <param name="Y" type="float" />
              <param name="Z" type="float" />
            </accessor>
          </technique_common>
        </source>
        <source id="polySurface31__GrassBgBaum-normal">
          <float_array id="polySurface31__GrassBgBaum-normal-array" count="2085">0 0 -0.5404308 0 0 -0.5404308 0 0 -0.5404308 0 0 -0.5404308 0 0 -0.5404308 0 0 -0.5404308 -0.5404308 0 0 -0.5404308 0 0 0 0 -0.5404308 0 0 -0.5404308 -0.5171637 -0.156524 -0.003172783 0 0 -0.5404308 0 0 -0.5404308 0 0 -0.5404308 0 0 -0.5404308 0 0 -0.5404308 0 0 -0.5404308 0 0 -0.5404308 0 0 -0.5404308 0 0 -0.5404308 -0.5171637 -0.156524 -0.003172783 0 0 -0.5404308 -0.4769751 -0.2548803 -0.003172783 0 0 -0.5404308 0 0 -0.5404308 0 0 -0.5404308 0 0 -0.5404308 0 0 -0.5404308 -0.4769751 -0.2548803 -0.003172783 0 0 -0.5404308 -0.4177498 -0.3426606 -0.003172783 0 0 -0.5404308 0 0 -0.5404308 0 0 -0.5404308 0 0 -0.5404308 0 0 -0.5404308 -0.4177498 -0.3426606 -0.003172783 0 0 -0.5404308 -0.3426606 -0.4177498 -0.003172783 0 0 -0.5404308 0 0 -0.5404308 0 0 -0.5404308 0 0 -0.5404308 0 0 -0.5404308 -0.3426606 -0.4177498 -0.003172783 0 0 -0.5404308 -0.2548803 -0.4769751 -0.003172783 0 0 -0.5404308 0 0 -0.5404308 0 0 -0.5404308 0 0 -0.5404308 0 0 -0.5404308 -0.2548803 -0.4769751 -0.003172783 0 0 -0.5404308 -0.156524 -0.5171637 -0.003172783 0 0 -0.5404308 0 0 -0.5404308 0 0 -0.5404308 0 0 -0.5404308 0 0 -0.5404308 -0.156524 -0.5171637 -0.003172783 0 0 -0.5404308 -0.05287972 -0.5383156 -0.003172783 0 0 -0.5404308 0 0 -0.5404308 0 0 -0.5404308 0 0 -0.5404308 0 0 -0.5404308 0.05287972 -0.5383156 -0.003172783 0 0 -0.5404308 0.156524 -0.5171637 -0.003172783 0 0 -0.5404308 0 0 -0.5404308 0 0 -0.5404308 0 0 -0.5404308 0 0 -0.5404308 0.156524 -0.5171637 -0.003172783 0 0 -0.5404308 0.2548803 -0.4769751 -0.003172783 0 0 -0.5404308 0 0 -0.5404308 0 0 -0.5404308 0 0 -0.5404308 0 0 -0.5404308 0.2548803 -0.4769751 -0.003172783 0 0 -0.5404308 0.3426606 -0.4177498 -0.003172783 0 0 -0.5404308 0 0 -0.5404308 0 0 -0.5404308 0 0 -0.5404308 0 0 -0.5404308 0.3426606 -0.4177498 -0.003172783 0 0 -0.5404308 0.4177498 -0.3426606 -0.003172783 0 0 -0.5404308 0 0 -0.5404308 0 0 -0.5404308 0 0 -0.5404308 0 0 -0.5404308 0.4177498 -0.3426606 -0.003172783 0 0 -0.5404308 0.4769751 -0.2548803 -0.003172783 0 0 -0.5404308 0 0 -0.5404308 0 0 -0.5404308 0 0 -0.5404308 0 0 -0.5404308 0 0 -0.5404308 0 0 -0.5404308 0 0 -0.5404308 0.4769751 -0.2548803 -0.003172783 0 0 -0.5404308 0.5171637 -0.156524 -0.003172783 0.5404308 0 0 0 0 -0.5404308 0 0 -0.5404308 0 0 -0.5404308 0 0 -0.5404308 0 0 -0.5404308 0 0 -0.5404308 0 0 -0.5404308 0.5404308 0 0 0 0 -0.5404308 0.5404308 0 0 0.5171637 0.156524 -0.003172783 0 0 -0.5404308 0 0 -0.5404308 0 0 -0.5404308 0 0 -0.5404308 0 0 -0.5404308 0 0 -0.5404308 0 0 -0.5404308 0 0 -0.5404308 0 0 -0.5404308 0 0 -0.5404308 0 0 -0.5404308 0.5171637 0.156524 -0.003172783 0 0 -0.5404308 0.4769751 0.2548803 -0.003172783 0 0 -0.5404308 0 0 -0.5404308 0 0 -0.5404308 0 0 -0.5404308 0 0 -0.5404308 0.4769751 0.2548803 -0.003172783 0 0 -0.5404308 0 0.5404308 0 0 0 -0.5404308 0 0 -0.5404308 0 0 -0.5404308 0 0 -0.5404308 0 0 -0.5404308 0 0.5404308 0 0 0 -0.5404308 -0.4769751 0.2548803 -0.003172783 0 0 -0.5404308 0 0 -0.5404308 0 0 -0.5404308 0 0 -0.5404308 0 0 -0.5404308 0 0 -0.5404308 0 0 -0.5404308 0 0 -0.5404308 -0.4769751 0.2548803 -0.003172783 0 0 -0.5404308 -0.5171637 0.156524 -0.003172783 -0.5404308 0 0 0 0 -0.5404308 0 0 -0.5404308 0 0 -0.5404308 0 0 -0.5404308 0 0 -0.5404308 0 0 -0.5404308 0 0 -0.5404308 0 0 -0.5404308 0 0 -0.5404308 0 0 -0.5404308 0 0 -0.5404308 0 0 -0.5404308 0 0 -0.5404308 0 0 -0.5404308 0 0 -0.5404308 0 0 -0.5404308 0 0 -0.5404308 0 0 -0.5404308 0 0 -0.5404308 0 0 -0.5404308 0 0 -0.5404308 0 0 -0.5404308 0 0 -0.5404308 0 0 -0.5404308 0 0 -0.5404308 0 0 -0.5404308 0 0 -0.5404308 0 0 -0.5404308 0 0 -0.5404308 0 0 -0.5404308 0 0 -0.5404308 0 0 -0.5404308 0 0 -0.5404308 0 0 -0.5404308 0 0 -0.5404308 0 0 -0.5404308 0 0 -0.5404308 0 0 -0.5404308 0 0 -0.5404308 0 0 -0.5404308 0 0 -0.5404308 0 0 -0.5404308 0 0 -0.5404308 0 0 -0.5404308 0 0 -0.5404308 0 0 -0.5404308 0 0 -0.5404308 0 0 -0.5404308 0 0 -0.5404308 0 0 -0.5404308 0 0 -0.5404308 0 0 -0.5404308 0 0 -0.5404308 0 0 -0.5404308 0 0 -0.5404308 0 0 -0.5404308 0 0 -0.5404308 0 0 -0.5404308 0 0 -0.5404308 0 0 -0.5404308 0 0 -0.5404308 0 0 -0.5404308 0 0 -0.5404308 0 0 -0.5404308 0 0 -0.5404308 0 0 -0.5404308 0 0 -0.5404308 0 0 -0.5404308 0 0 -0.5404308 0 0 -0.5404308 0 0 -0.5404308 0 0 -0.5404308 0 0 -0.5404308 0 0 -0.5404308 0 0 -0.5404308 0 0 -0.5404308 0 0 -0.5404308 0 0 -0.5404308 0 0 -0.5404308 0 0 -0.5404308 0 0 -0.5404308 0 0 -0.5404308 0 0 -0.5404308 0 0 -0.5404308 0 0 -0.5404308 0 0 -0.5404308 0 0 -0.5404308 0 0 -0.5404308 -0.05287972 -0.5383156 -0.003172783 0.05287972 -0.5383156 -0.003172783 0.05287972 -0.5383156 -0.003172783 0.05287972 -0.5383156 0.003172783 0.156524 -0.5171637 0.003172783 0.156524 -0.5171637 -0.003172783 0.2548803 -0.4769751 0.003172783 0.2548803 -0.4769751 -0.003172783 0.3426606 -0.4177498 0.003172783 0.3426606 -0.4177498 -0.003172783 0.4177498 -0.3426606 0.003172783 0.4177498 -0.3426606 -0.003172783 0.4769751 -0.2548803 0.003172783 0.4769751 -0.2548803 -0.003172783 0.5171637 -0.156524 0.003172783 0.5171637 -0.156524 -0.003172783 0.5404308 0 0 0.5404308 0 0 0.5404308 0 0 0.5404308 0 0 0.5171637 0.156524 0.003172783 0.5171637 0.156524 -0.003172783 0.4769751 0.2548803 0.003172783 0.4769751 0.2548803 -0.003172783 0 0.5404308 0 0 0.5404308 0 0 0.5404308 0 0 0.5404308 0 -0.4769751 0.2548803 0.003172783 -0.4769751 0.2548803 -0.003172783 -0.5171637 0.156524 0.003172783 -0.5171637 0.156524 -0.003172783 -0.5404308 0 0 -0.5404308 0 0 -0.5404308 0 0 -0.5404308 0 0 -0.5171637 -0.156524 0.003172783 -0.5171637 -0.156524 -0.003172783 -0.4769751 -0.2548803 0.003172783 -0.4769751 -0.2548803 -0.003172783 -0.4177498 -0.3426606 0.003172783 -0.4177498 -0.3426606 -0.003172783 -0.3426606 -0.4177498 0.003172783 -0.3426606 -0.4177498 -0.003172783 -0.2548803 -0.4769751 0.003172783 -0.2548803 -0.4769751 -0.003172783 -0.156524 -0.5171637 0.003172783 -0.156524 -0.5171637 -0.003172783 -0.05287972 -0.5383156 0.003172783 -0.05287972 -0.5383156 -0.003172783 0.05287972 -0.5383156 0.003172783 0.05287972 -0.5383156 -0.003172783 0 0.5404308 0 0 0 0.5404308 -0.4769751 0.2548803 0.003172783 0 0 0.5404308 0 0 0.5404308 -0.5171637 0.156524 0.003172783 0 0 0.5404308 0 0 0.5404308 0 0 0.5404308 -0.5404308 0 0 0 0 0.5404308 0 0 0.5404308 -0.5404308 0 0 0 0 0.5404308 0 0 0.5404308 -0.5171637 -0.156524 0.003172783 0 0 0.5404308 0 0 0.5404308 0 0 0.5404308 0 0 0.5404308 0 0 0.5404308 0 0 0.5404308 0 0 0.5404308 0 0 0.5404308 0 0 0.5404308 0 0 0.5404308 0 0 0.5404308 -0.4769751 -0.2548803 0.003172783 0 0 0.5404308 0 0 0.5404308 0 0 0.5404308 0 0 0.5404308 -0.4177498 -0.3426606 0.003172783 0 0 0.5404308 0 0 0.5404308 0 0 0.5404308 0 0 0.5404308 -0.3426606 -0.4177498 0.003172783 0 0 0.5404308 0 0 0.5404308 0 0 0.5404308 0 0 0.5404308 -0.2548803 -0.4769751 0.003172783 0 0 0.5404308 0 0 0.5404308 0 0 0.5404308 0 0 0.5404308 -0.156524 -0.5171637 0.003172783 0 0 0.5404308 0 0 0.5404308 0 0 0.5404308 0 0 0.5404308 -0.05287972 -0.5383156 0.003172783 0 0 0.5404308 0 0 0.5404308 0 0 0.5404308 0 0 0.5404308 0.05287972 -0.5383156 0.003172783 0 0 0.5404308 0 0 0.5404308 0 0 0.5404308 0 0 0.5404308 0.156524 -0.5171637 0.003172783 0 0 0.5404308 0 0 0.5404308 0 0 0.5404308 0 0 0.5404308 0.2548803 -0.4769751 0.003172783 0 0 0.5404308 0 0 0.5404308 0 0 0.5404308 0 0 0.5404308 0.3426606 -0.4177498 0.003172783 0 0 0.5404308 0 0 0.5404308 0 0 0.5404308 0 0 0.5404308 0.4177498 -0.3426606 0.003172783 0 0 0.5404308 0 0 0.5404308 0 0 0.5404308 0 0 0.5404308 0.4769751 -0.2548803 0.003172783 0 0 0.5404308 0 0 0.5404308 0 0 0.5404308 0 0 0.5404308 0.5171637 -0.156524 0.003172783 0 0 0.5404308 0 0 0.5404308 0 0 0.5404308 0 0 0.5404308 0.5404308 0 0 0 0 0.5404308 0 0 0.5404308 0 0 0.5404308 0 0 0.5404308 0.5404308 0 0 0 0 0.5404308 0 0 0.5404308 0 0 0.5404308 0 0 0.5404308 0.5171637 0.156524 0.003172783 0 0 0.5404308 0 0 0.5404308 0 0 0.5404308 0 0 0.5404308 0.4769751 0.2548803 0.003172783 0 0 0.5404308 0 0 0.5404308 0 0 0.5404308 0 0 0.5404308 0 0 0.5404308 0 0 0.5404308 0 0.5404308 0 0 0 0.5404308 0 0 0.5404308 -0.5171637 -0.156524 -0.006345567 -0.4769751 -0.2548803 -0.01057594 0 0 -0.5404308 -0.4177498 -0.3426606 -0.006345567 -0.3426606 -0.4177498 -0.01057594 0 0 -0.5404308 -0.2548803 -0.4769751 -0.006345567 -0.156524 -0.5171637 -0.007403161 0 0 -0.5404308 -0.05287972 -0.5383156 -0.003172783 0.05287972 -0.5383156 -0.004230378 0 0 -0.5404308 0.05287972 -0.5383156 -0.004230378 0.156524 -0.5171637 -0.002115189 0 0 -0.5404308 0.2548803 -0.4769751 -0.00951835 0.3426606 -0.4177498 -0.00951835 0 0 -0.5404308 0.4177498 -0.3426606 -0.005287972 0.4769751 -0.2548803 -0.00951835 0 0 -0.5404308 0 0 -0.5404308 0 0 -0.5404308 0 0 -0.5404308 0 0 -0.5404308 0.4769751 0.2548803 -0.003172783 0.44842 0.3003568 -0.02538227 -0.44842 0.3003568 -0.02432467 -0.4769751 0.2548803 -0.004230378 0 0 -0.5404308 0 0 -0.5404308 0 0 -0.5404308 0 0 -0.5404308 0 0 -0.5404308 0 0 -0.5404308 0 0 -0.5404308 0 0 -0.5404308 0 0 -0.5404308 0 0 -0.5404308 0 0 -0.5404308 0 0 -0.5404308 0 0 -0.5404308 0 0 -0.5404308 0 0 -0.5404308 0 0 -0.5404308 0 0 -0.5404308 0 0 -0.5404308 0 0 -0.5404308 0 0 -0.5404308 0 0 -0.5404308 0 0 -0.5404308 0 0 -0.5404308 0 0 -0.5404308 0 0 -0.5404308 0 0 -0.5404308 0 0 -0.5404308 0 0 -0.5404308 0 0 -0.5404308 0 0 -0.5404308 0 0 -0.5404308 0 0 -0.5404308 0 0 -0.5404308 0 0 -0.5404308 0.5171637 -0.156524 -0.005287972 0.537258 -0.05287972 -0.00951835 0 0 -0.5404308 0.4769751 -0.2548803 -0.00951835 0 0 -0.5404308 0 0 -0.5404308 0.537258 0.05287972 -0.007403161 0.5171637 0.156524 -0.007403161 0 0 -0.5404308 0.537258 -0.05287972 -0.00951835 0 0 -0.5404308 0 0 -0.5404308 -0.5171637 0.156524 -0.005287972 -0.537258 0.05287972 -0.008460755 0 0 -0.5404308 -0.4769751 0.2548803 -0.004230378 0 0 -0.5404308 0 0 -0.5404308 0 0 -0.5404308 0 0 -0.5404308 -0.537258 0.05287972 -0.008460755 -0.537258 -0.05287972 -0.00951835 0 0 -0.5404308 0 0 -0.5404308 -0.5171637 -0.156524 -0.006345567 0 0 -0.5404308 -0.4769751 -0.2548803 -0.01057594 0 0 -0.5404308 -0.4177498 -0.3426606 -0.006345567 0 0 -0.5404308 -0.3426606 -0.4177498 -0.01057594 0 0 -0.5404308 -0.2548803 -0.4769751 -0.006345567 0 0 -0.5404308 -0.156524 -0.5171637 -0.007403161 0 0 -0.5404308 -0.05287972 -0.5383156 -0.003172783 0 0 -0.5404308 0.156524 -0.5171637 -0.002115189 0 0 -0.5404308 0.2548803 -0.4769751 -0.00951835 0 0 -0.5404308 0.3426606 -0.4177498 -0.00951835 0 0 -0.5404308 0.4177498 -0.3426606 -0.005287972 0 0 -0.5404308 0.5171637 0.156524 -0.007403161 0 0 -0.5404308 0.4769751 0.2548803 -0.003172783 0 0 -0.5404308 0 0 -0.5404308 0.44842 0.3003568 -0.02538227 0 0 -0.5404308 0 0 -0.5404308 0 0 -0.5404308 0 0 -0.5404308 -0.44842 0.3003568 -0.02432467 0 0 -0.5404308 0 0 -0.5404308 0 0 -0.5404308 0 0 -0.5404308 0 0 -0.5404308 0 0 -0.5404308 0 0 -0.5404308 0 0 -0.5404308 0 0 -0.5404308 0 0 -0.5404308 0 0 -0.5404308 0 0 -0.5404308 0 0 -0.5404308 0 0 -0.5404308 0 0 -0.5404308 0 0 -0.5404308 0 0 -0.5404308 0 0 -0.5404308 0 0 -0.5404308 0 0 -0.5404308 0 0 -0.5404308 0 0 -0.5404308 0 0 -0.5404308 0 0 -0.5404308 0 0 -0.5404308 0 0 -0.5404308 0 0 -0.5404308 0 0 -0.5404308 0 0 -0.5404308 0 0 -0.5404308 0 0 -0.5404308 0 0 -0.5404308 0 0 -0.5404308 0 0 -0.5404308 0 0 -0.5404308 0 0 -0.5404308 0 0 -0.5404308 0 0 -0.5404308 0 0 -0.5404308 0 0 -0.5404308 0 0 -0.5404308 0 0 -0.5404308 0 0 -0.5404308 0 0 -0.5404308 -0.44842 0.3003568 0.02538227 0 0 0.5404308 -0.4759175 0.2548803 0.02643986 0 0 0.5404308 -0.5171637 0.156524 0.01692151 -0.4441897 0.04336137 0.3045872 0 0 0.5404308 0 0 0.5404308 0 0 0.5404308 0 0 0.5404308 -0.4949542 -0.04864934 0.2115189 -0.4790903 -0.1459481 0.2030581 -0.3902524 -0.2083461 0.3098752 0 0 0.5404308 0 0 0.5404308 0 0 0.5404308 0 0 0.5404308 -0.4177498 -0.3426606 0.01269113 -0.3426606 -0.4177498 0.004230378 0 0 0.5404308 -0.2146917 -0.4008283 0.2918961 0 0 0.5404308 0 0 0.5404308 0 0 0.5404308 0 0 0.5404308 0 0 0.5404308 0 0 0.5404308 0 0 0.5404308 -0.156524 -0.5171637 0.003172783 -0.05287972 -0.5383156 0.004230378 0.05287972 -0.537258 0.0190367 0 0 0.5404308 0.156524 -0.5171637 0.004230378 0 0 0.5404308 0.195655 -0.3659277 0.3458334 0 0 0.5404308 0 0 0.5404308 0 0 0.5404308 0.3426606 -0.4177498 0.004230378 0 0 0.5404308 0.4177498 -0.3426606 0.01269113 0.4769751 -0.2548803 0.004230378 0 0 0.5404308 0.5171637 -0.156524 0.0190367 0 0 0.5404308 0 0 0.5404308 0.5383156 -0.05287972 0.004230378 0 0 0.5404308 0.4420745 0.04336137 0.30776 0 0 0.5404308 0.4748599 0.1438328 0.2146917 0 0 0.5404308 0 0 0.5404308 0.4769751 0.2548803 0.01269113 0.4494776 0.3003568 0.01374873 0 0 0.5404308 0.05287972 -0.5383156 -0.004230378 0.05287972 -0.537258 0.0190367 0.156524 -0.5171637 0.004230378 0.156524 -0.5171637 -0.002115189 0.195655 -0.3659277 0.3458334 0.2548803 -0.4769751 -0.00951835 0.3426606 -0.4177498 0.004230378 0.3426606 -0.4177498 -0.00951835 0.4177498 -0.3426606 0.01269113 0.4177498 -0.3426606 -0.005287972 0.4769751 -0.2548803 0.004230378 0.4769751 -0.2548803 -0.00951835 0.5171637 -0.156524 0.0190367 0.5171637 -0.156524 -0.005287972 0.5383156 -0.05287972 0.004230378 0.537258 -0.05287972 -0.00951835 0.4420745 0.04336137 0.30776 0.537258 0.05287972 -0.007403161 0.4748599 0.1438328 0.2146917 0.5171637 0.156524 -0.007403161 0.4769751 0.2548803 0.01269113 0.4769751 0.2548803 -0.003172783 0.4494776 0.3003568 0.01374873 0.44842 0.3003568 -0.02538227 -0.44842 0.3003568 -0.02432467 -0.44842 0.3003568 0.02538227 -0.4759175 0.2548803 0.02643986 -0.4769751 0.2548803 -0.004230378 -0.5171637 0.156524 0.01692151 -0.5171637 0.156524 -0.005287972 -0.4441897 0.04336137 0.3045872 -0.537258 0.05287972 -0.008460755 -0.4949542 -0.04864934 0.2115189 -0.537258 -0.05287972 -0.00951835 -0.4790903 -0.1459481 0.2030581 -0.5171637 -0.156524 -0.006345567 -0.3902524 -0.2083461 0.3098752 -0.4769751 -0.2548803 -0.01057594 -0.4177498 -0.3426606 0.01269113 -0.4177498 -0.3426606 -0.006345567 -0.3426606 -0.4177498 0.004230378 -0.3426606 -0.4177498 -0.01057594 -0.2146917 -0.4008283 0.2918961 -0.2548803 -0.4769751 -0.006345567 -0.156524 -0.5171637 0.003172783 -0.156524 -0.5171637 -0.007403161 -0.05287972 -0.5383156 0.004230378 -0.05287972 -0.5383156 -0.003172783 0.05287972 -0.537258 0.0190367 0.05287972 -0.5383156 -0.004230378</float_array>
          <technique_common>
            <accessor source="#polySurface31__GrassBgBaum-normal-array" count="695" stride="3">
              <param name="X" type="float" />
              <param name="Y" type="float" />
              <param name="Z" type="float" />
            </accessor>
          </technique_common>
        </source>
        <source id="polySurface31__GrassBgBaum-texcoord">
          <float_array id="polySurface31__GrassBgBaum-texcoord-array" count="1390">0.5636988 0.2713054 0.5646296 0.2666209 0.5550164 0.2686809 0.5555962 0.2657359 0.5555962 0.2657359 0.5555962 0.2627298 0.5461204 0.2636606 0.5461204 0.2647898 0.5555962 0.2657359 0.5550164 0.2686809 0.5459068 0.265919 0.5555962 0.2657359 0.5646296 0.2666209 0.5555962 0.2627298 0.5646296 0.2618296 0.5618677 0.2757306 0.5636988 0.2713054 0.553872 0.271458 0.5550164 0.2686809 0.5550164 0.2686809 0.5459068 0.265919 0.553872 0.271458 0.5454643 0.2669718 0.5591974 0.2797132 0.5618677 0.2757306 0.5521935 0.2739605 0.553872 0.271458 0.553872 0.271458 0.5454643 0.2669718 0.5521935 0.2739605 0.5448386 0.2679179 0.5558251 0.2831006 0.5591974 0.2797132 0.5500725 0.2760815 0.5521935 0.2739605 0.5521935 0.2739605 0.5448386 0.2679179 0.5500725 0.2760815 0.5440299 0.2687266 0.5518425 0.2857557 0.5558251 0.2831006 0.54757 0.27776 0.5500725 0.2760815 0.5500725 0.2760815 0.5440299 0.2687266 0.54757 0.27776 0.5430838 0.2693523 0.5474174 0.2875868 0.5518425 0.2857557 0.5447928 0.2789044 0.54757 0.27776 0.54757 0.27776 0.5430838 0.2693523 0.5447928 0.2789044 0.542031 0.2697948 0.5427329 0.2885176 0.5474174 0.2875868 0.5418326 0.2794995 0.5447928 0.2789044 0.5447928 0.2789044 0.542031 0.2697948 0.5418326 0.2794995 0.5409018 0.2700236 0.5332571 0.2875868 0.5379416 0.2885176 0.5358816 0.2789044 0.5388266 0.2794995 0.5388266 0.2794995 0.5397726 0.2700236 0.5358816 0.2789044 0.5386435 0.2697948 0.5288319 0.2857557 0.5332571 0.2875868 0.5331044 0.27776 0.5358816 0.2789044 0.5358816 0.2789044 0.5386435 0.2697948 0.5331044 0.27776 0.5375906 0.2693523 0.5248493 0.2831006 0.5288319 0.2857557 0.530602 0.2760815 0.5331044 0.27776 0.5331044 0.27776 0.5375906 0.2693523 0.530602 0.2760815 0.5366445 0.2687266 0.5214618 0.2797132 0.5248493 0.2831006 0.5284809 0.2739605 0.530602 0.2760815 0.530602 0.2760815 0.5366445 0.2687266 0.5284809 0.2739605 0.5358358 0.2679179 0.5188068 0.2757306 0.5214618 0.2797132 0.5268025 0.271458 0.5284809 0.2739605 0.5284809 0.2739605 0.5358358 0.2679179 0.5268025 0.271458 0.5352102 0.2669718 0.5188068 0.2757306 0.5268025 0.271458 0.5256581 0.2686809 0.5169756 0.2713054 0.5256581 0.2686809 0.5250629 0.2657359 0.5160449 0.2666209 0.5268025 0.271458 0.5352102 0.2669718 0.5256581 0.2686809 0.5347677 0.265919 0.5345388 0.2647898 0.5250629 0.2657359 0.5256581 0.2686809 0.5160449 0.2618296 0.5160449 0.2666209 0.5250629 0.2627298 0.5250629 0.2657359 0.5250629 0.2657359 0.5345388 0.2647898 0.5250629 0.2627298 0.5345388 0.2636606 0.5347677 0.2625315 0.5256581 0.2597696 0.5250629 0.2627298 0.5169756 0.257145 0.5160449 0.2618296 0.5256581 0.2597696 0.5250629 0.2627298 0.5188068 0.2527199 0.5169756 0.257145 0.5268025 0.2569925 0.5256581 0.2597696 0.5256581 0.2597696 0.5347677 0.2625315 0.5268025 0.2569925 0.5352102 0.2614786 0.5214618 0.2487373 0.5188068 0.2527199 0.5284809 0.25449 0.5268025 0.2569925 0.5268025 0.2569925 0.5352102 0.2614786 0.5284809 0.25449 0.5358358 0.2605326 0.5618677 0.2527199 0.5591974 0.2487373 0.553872 0.2569925 0.5521935 0.25449 0.5521935 0.25449 0.5448386 0.2605326 0.553872 0.2569925 0.5454643 0.2614786 0.5618677 0.2527199 0.553872 0.2569925 0.5550164 0.2597696 0.5636988 0.257145 0.5550164 0.2597696 0.5555962 0.2627298 0.5646296 0.2618296 0.553872 0.2569925 0.5454643 0.2614786 0.5550164 0.2597696 0.5459068 0.2625315 0.5461204 0.2636606 0.5555962 0.2627298 0.5550164 0.2597696 0.5758297 0.2749981 0.5772488 0.2678569 0.5636988 0.2713054 0.5646296 0.2666209 0.5730373 0.2817121 0.5758297 0.2749981 0.5618677 0.2757306 0.5636988 0.2713054 0.5690089 0.2877547 0.5730373 0.2817121 0.5591974 0.2797132 0.5618677 0.2757306 0.5638666 0.2928969 0.5690089 0.2877547 0.5558251 0.2831006 0.5591974 0.2797132 0.5578241 0.2969406 0.5638666 0.2928969 0.5518425 0.2857557 0.5558251 0.2831006 0.5510948 0.2997177 0.5578241 0.2969406 0.5474174 0.2875868 0.5518425 0.2857557 0.5439689 0.3011368 0.5510948 0.2997177 0.5427329 0.2885176 0.5474174 0.2875868 0.5295644 0.2997177 0.5367056 0.3011368 0.5332571 0.2875868 0.5379416 0.2885176 0.5228504 0.2969406 0.5295644 0.2997177 0.5288319 0.2857557 0.5332571 0.2875868 0.5168078 0.2928969 0.5228504 0.2969406 0.5248493 0.2831006 0.5288319 0.2857557 0.5116655 0.2877547 0.5168078 0.2928969 0.5214618 0.2797132 0.5248493 0.2831006 0.5076219 0.2817121 0.5116655 0.2877547 0.5188068 0.2757306 0.5214618 0.2797132 0.5048447 0.2749981 0.5076219 0.2817121 0.5169756 0.2713054 0.5188068 0.2757306 0.5034257 0.2678569 0.5048447 0.2749981 0.5160449 0.2666209 0.5169756 0.2713054 0.5034257 0.2605936 0.5034257 0.2678569 0.5160449 0.2618296 0.5160449 0.2666209 0.5048447 0.2534676 0.5034257 0.2605936 0.5169756 0.257145 0.5160449 0.2618296 0.5076219 0.2467384 0.5048447 0.2534676 0.5188068 0.2527199 0.5169756 0.257145 0.5758297 0.2534676 0.5730373 0.2467384 0.5636988 0.257145 0.5618677 0.2527199 0.5772488 0.2605936 0.5758297 0.2534676 0.5646296 0.2618296 0.5636988 0.257145 0.5772488 0.2678569 0.5772488 0.2605936 0.5646296 0.2666209 0.5646296 0.2618296 0.5367056 0.3011368 0.5439689 0.3011368 0.5379416 0.2885176 0.5427329 0.2885176 0.5388266 0.2794995 0.5418326 0.2794995 0.5409018 0.2700236 0.5397726 0.2700236 0.3291982 0.2116884 0.3291982 0.1624018 0.3190204 0.1624018 0.3190051 0.2116884 0.3088273 0.1624018 0.3088121 0.2116884 0.2986343 0.1624018 0.2986343 0.2116884 0.2884413 0.1624018 0.2884413 0.2116884 0.2782635 0.1624018 0.2782483 0.2116884 0.2680705 0.1624018 0.2680705 0.2116884 0.2578775 0.1623865 0.2578775 0.2116884 0.2476844 0.1623865 0.2476844 0.2116884 0.2374914 0.1624018 0.2375067 0.2116884 0.2273137 0.1624018 0.2273137 0.2116884 0.2171206 0.1624018 0.2171206 0.2116884 0.1254292 0.2116884 0.1254139 0.1624018 0.1152361 0.1624018 0.1152361 0.2117037 0.1050431 0.1624018 0.1050431 0.2117037 0.09486534 0.1624018 0.09486534 0.2117037 0.08467231 0.1624018 0.08467231 0.2117037 0.07447929 0.1624018 0.07447929 0.2117037 0.06430152 0.1624018 0.06428626 0.2117037 0.05410849 0.1624018 0.05409323 0.2116884 0.04391547 0.1624018 0.04391547 0.2116884 0.0337377 0.1624018 0.03372244 0.2116884 0.02354467 0.1624018 0.02352941 0.2116884 0.01335164 0.1624018 0.01335164 0.2116884 0.003158618 0.1624018 0.003158618 0.2116884 0.9148546 0.1308767 0.9276264 0.1203937 0.9165027 0.1333486 0.931075 0.1255512 0.9397727 0.1104295 0.9176318 0.13608 0.9449302 0.1181506 0.950576 0.101564 0.9334554 0.1312886 0.9182116 0.1389792 0.9572595 0.1115587 0.9346609 0.1373617 0.9182116 0.1419394 0.9484856 0.1267262 0.9346609 0.1435569 0.9176318 0.1448386 0.9503013 0.1358206 0.9618677 0.1226673 0.9853513 0.09654385 0.99234 0.1134203 0.9958953 0.1313344 0.9642023 0.1344472 0.9958953 0.1495994 0.9503013 0.145098 0.9642023 0.1464713 0.99234 0.1674983 0.9334554 0.1496452 0.9165027 0.1475853 0.9484856 0.1542076 0.9618677 0.1582666 0.9853513 0.1843747 0.931075 0.1553674 0.9148546 0.1500419 0.9449302 0.1627833 0.9572595 0.1693599 0.9752041 0.1995575 0.9276264 0.1605249 0.9127642 0.1521325 0.9397727 0.1704891 0.950576 0.1793545 0.9622797 0.2124819 0.9232471 0.1649042 0.9103075 0.1537804 0.9332113 0.1770504 0.9420767 0.1878538 0.9470969 0.2226291 0.9180896 0.1683528 0.9075761 0.1549096 0.9255055 0.182208 0.9320821 0.1945373 0.9302357 0.2296178 0.9123675 0.170718 0.9046617 0.1554894 0.9169299 0.1857634 0.9209888 0.1991302 0.9123217 0.2331731 0.9062791 0.1719387 0.9017014 0.1554894 0.9078202 0.1875792 0.9091936 0.2014802 0.8940566 0.2331731 0.9000839 0.1719387 0.8988022 0.1549096 0.8985428 0.1875792 0.8971695 0.2014802 0.8761425 0.2296178 0.8940108 0.170718 0.8960708 0.1537804 0.8894484 0.1857634 0.8853895 0.1991302 0.859266 0.2226291 0.8882734 0.1683528 0.8936141 0.1521325 0.8808728 0.182208 0.8742809 0.1945373 0.8440833 0.2124819 0.8831311 0.1649042 0.8915083 0.1500419 0.8731518 0.1770504 0.8642862 0.1878538 0.8311742 0.1995575 0.8787366 0.1605249 0.8898757 0.1475853 0.8665904 0.1704891 0.855787 0.1793545 0.8210269 0.1843747 0.8753033 0.1553674 0.8887312 0.1448386 0.8614329 0.1627833 0.8491188 0.1693599 0.8140383 0.1674983 0.8729228 0.1496452 0.8881666 0.1419394 0.8578928 0.1542076 0.8445106 0.1582666 0.8104829 0.1495994 0.8717174 0.1435569 0.8881666 0.1389792 0.8560769 0.145098 0.8421607 0.1464713 0.8104829 0.1313344 0.8717174 0.1373617 0.8887312 0.13608 0.8560769 0.1358206 0.8421607 0.1344472 0.8140383 0.1134203 0.8729228 0.1312886 0.8898757 0.1333486 0.8578928 0.1267262 0.8445106 0.1226673 0.8210269 0.09654385 0.8491188 0.1115587 0.8614329 0.1181506 0.8753033 0.1255512 0.8915083 0.1308767 0.8787366 0.1203937 0.8665904 0.1104295 0.5459068 0.265919 0.5454643 0.2669718 0.556817 0.2709697 0.5448386 0.2679179 0.5440299 0.2687266 0.5530022 0.276997 0.5430838 0.2693523 0.542031 0.2697948 0.5474174 0.2801099 0.5409018 0.2700236 0.5397726 0.2700236 0.5401694 0.2817578 0.5397726 0.2700236 0.5386435 0.2697948 0.5401694 0.2817578 0.5375906 0.2693523 0.5366445 0.2687266 0.5310445 0.2803082 0.5358358 0.2679179 0.5352102 0.2669718 0.525475 0.2739147 0.5188068 0.2527199 0.5225605 0.2612802 0.5268025 0.2569925 0.5268025 0.2569925 0.5352102 0.2614786 0.5358358 0.2605326 0.5448386 0.2605326 0.5454643 0.2614786 0.553872 0.2569925 0.5618677 0.2527199 0.553872 0.2569925 0.5575036 0.2607462 0.5730373 0.2817121 0.5758297 0.2749981 0.556817 0.2709697 0.5638666 0.2928969 0.5690089 0.2877547 0.5530022 0.276997 0.5510948 0.2997177 0.5578241 0.2969406 0.5474174 0.2801099 0.5367056 0.3009995 0.5439689 0.3009995 0.5401694 0.2817578 0.5228504 0.2969406 0.5295644 0.2997177 0.5310445 0.2803082 0.5168078 0.2928969 0.5228504 0.2969406 0.5310445 0.2803082 0.5076219 0.2817121 0.5116655 0.2877547 0.525475 0.2739147 0.5034257 0.2678569 0.5048447 0.2749981 0.5233387 0.2678416 0.5048447 0.2534676 0.5034257 0.2605936 0.5225605 0.2612802 0.5772488 0.2605936 0.5758297 0.2534676 0.5575036 0.2607462 0.5347677 0.265919 0.5345388 0.2647898 0.5233387 0.2678416 0.5352102 0.2669718 0.5233387 0.2678416 0.525475 0.2739147 0.5345388 0.2636606 0.5347677 0.2625315 0.5225605 0.2612802 0.5345388 0.2647898 0.5225605 0.2612802 0.5233387 0.2678416 0.5459068 0.2625315 0.5461204 0.2636606 0.5575036 0.2607462 0.5454643 0.2614786 0.5575036 0.2607462 0.553872 0.2569925 0.55729 0.2659037 0.5575036 0.2607462 0.5461204 0.2636606 0.5461204 0.2647898 0.55729 0.2659037 0.556817 0.2709697 0.5459068 0.265919 0.556817 0.2709697 0.5454643 0.2669718 0.5530022 0.276997 0.5448386 0.2679179 0.5530022 0.276997 0.5440299 0.2687266 0.5474174 0.2801099 0.5430838 0.2693523 0.5474174 0.2801099 0.542031 0.2697948 0.5401694 0.2817578 0.5409018 0.2700236 0.5401694 0.2817578 0.5386435 0.2697948 0.5310445 0.2803082 0.5375906 0.2693523 0.5310445 0.2803082 0.5366445 0.2687266 0.525475 0.2739147 0.5358358 0.2679179 0.5225605 0.2612802 0.5347677 0.2625315 0.5268025 0.2569925 0.5352102 0.2614786 0.5214618 0.2487373 0.5188068 0.2527199 0.5358358 0.2605326 0.5268025 0.2569925 0.5618677 0.2527199 0.5591974 0.2487373 0.553872 0.2569925 0.5448386 0.2605326 0.5758297 0.2749981 0.5772488 0.2678569 0.556817 0.2709697 0.55729 0.2659037 0.5690089 0.2877547 0.5730373 0.2817121 0.5530022 0.276997 0.556817 0.2709697 0.5578241 0.2969406 0.5638666 0.2928969 0.5474174 0.2801099 0.5530022 0.276997 0.5439689 0.3009995 0.5510948 0.2997177 0.5401694 0.2817578 0.5474174 0.2801099 0.5295644 0.2997177 0.5367056 0.3009995 0.5310445 0.2803082 0.5401694 0.2817578 0.5116655 0.2877547 0.5168078 0.2928969 0.525475 0.2739147 0.5310445 0.2803082 0.5048447 0.2749981 0.5076219 0.2817121 0.5233387 0.2678416 0.525475 0.2739147 0.5034257 0.2605936 0.5034257 0.2678569 0.5225605 0.2612802 0.5233387 0.2678416 0.5076219 0.2467384 0.5048447 0.2534676 0.5188068 0.2527199 0.5225605 0.2612802 0.5758297 0.2534676 0.5730373 0.2467384 0.5575036 0.2607462 0.5618677 0.2527199 0.5772488 0.2678569 0.5772488 0.2605936 0.55729 0.2659037 0.5575036 0.2607462 0.9148546 0.1308767 0.950576 0.101564 0.9165027 0.1333486 0.9572595 0.1115587 0.9176318 0.13608 0.9182116 0.1389792 0.9853513 0.09700161 0.99234 0.1134203 0.9958953 0.1313344 0.9958953 0.1495994 0.9182116 0.1419394 0.9176318 0.1448386 0.9165027 0.1475853 0.99234 0.1674983 0.9853513 0.1843747 0.9752041 0.1995575 0.9397727 0.1704891 0.9148546 0.1500419 0.9127642 0.1521325 0.9622797 0.2124819 0.9103075 0.1537804 0.9470969 0.2226291 0.9302357 0.2296178 0.9169299 0.1857634 0.9123217 0.2331731 0.8940566 0.2331731 0.8761425 0.2296178 0.9123675 0.170718 0.9075761 0.1549096 0.9046617 0.1554894 0.9017014 0.1554894 0.8985428 0.1875792 0.8988022 0.1549096 0.859266 0.2226291 0.8960708 0.1537804 0.8440833 0.2124819 0.8311742 0.1995575 0.8665904 0.1704891 0.8936141 0.1521325 0.8210269 0.1843747 0.8915083 0.1500419 0.8898757 0.1475853 0.8140383 0.1674983 0.8887312 0.1448386 0.8578928 0.1542076 0.8104829 0.1495994 0.8881666 0.1419394 0.8104829 0.1313344 0.8881666 0.1389792 0.8140383 0.1134203 0.8887312 0.13608 0.8210269 0.09700161 0.8614329 0.1181506 0.8898757 0.1333486 0.8915083 0.1308767 0.8665904 0.1104295 0.3291982 0.2116884 0.3291982 0.1624018 0.3190204 0.1624018 0.3190051 0.2116884 0.3088273 0.1624018 0.3088121 0.2116884 0.2986343 0.1624018 0.2986343 0.2116884 0.2884413 0.1624018 0.2884413 0.2116884 0.2782635 0.1624018 0.2782483 0.2116884 0.2680705 0.1624018 0.2680705 0.2116884 0.2578775 0.1623865 0.2578775 0.2116884 0.2476844 0.1623865 0.2476844 0.2116884 0.2374914 0.1624018 0.2375067 0.2116884 0.2273137 0.1624018 0.2273137 0.2116884 0.2171206 0.1624018 0.2171206 0.2116884 0.1254292 0.2116884 0.1254139 0.1624018 0.1152361 0.1624018 0.1152361 0.2117037 0.1050431 0.1624018 0.1050431 0.2117037 0.09486534 0.1624018 0.09486534 0.2117037 0.08467231 0.1624018 0.08467231 0.2117037 0.07447929 0.1624018 0.07447929 0.2117037 0.06430152 0.1624018 0.06428626 0.2117037 0.05410849 0.1624018 0.05409323 0.2116884 0.04391547 0.1624018 0.04391547 0.2116884 0.0337377 0.1624018 0.03372244 0.2116884 0.02354467 0.1624018 0.02352941 0.2116884 0.01335164 0.1624018 0.01335164 0.2116884 0.003158618 0.1624018 0.003158618 0.2116884</float_array>
          <technique_common>
            <accessor source="#polySurface31__GrassBgBaum-texcoord-array" count="695" stride="2">
              <param name="S" type="float" />
              <param name="T" type="float" />
            </accessor>
          </technique_common>
        </source>
        <source id="polySurface31__GrassBgBaum-texcoord_1">
          <float_array id="polySurface31__GrassBgBaum-texcoord-array_1" count="1390">0.3940795 0.5874571 0.3998474 0.5295339 0.3811551 0.5796139 0.386389 0.5268788 0.386389 0.5268788 0.386389 0.4731212 0.3843137 0.4735332 0.3843137 0.5264668 0.386389 0.5268788 0.3811551 0.5796139 0.3791409 0.5783932 0.386389 0.5268788 0.3998474 0.5295339 0.386389 0.4731212 0.3998474 0.4704661 0.3827878 0.6420233 0.3940795 0.5874571 0.3708553 0.6292821 0.3811551 0.5796139 0.3811551 0.5796139 0.3791409 0.5783932 0.3708553 0.6292821 0.3690242 0.6273136 0.3663844 0.6911269 0.3827878 0.6420233 0.3559319 0.6739757 0.3708553 0.6292821 0.3708553 0.6292821 0.3690242 0.6273136 0.3559319 0.6739757 0.3543145 0.6713207 0.3454948 0.7328908 0.3663844 0.6911269 0.3369192 0.7120012 0.3559319 0.6739757 0.3559319 0.6739757 0.3543145 0.6713207 0.3369192 0.7120012 0.3355917 0.7087663 0.320943 0.765713 0.3454948 0.7328908 0.3145647 0.7418631 0.3369192 0.7120012 0.3369192 0.7120012 0.3355917 0.7087663 0.3145647 0.7418631 0.3135882 0.7381704 0.2936599 0.7883116 0.320943 0.765713 0.2897383 0.7624323 0.3145647 0.7418631 0.3145647 0.7418631 0.3135882 0.7381704 0.2897383 0.7624323 0.2891279 0.7584344 0.2646983 0.7998322 0.2936599 0.7883116 0.2633707 0.7729305 0.2897383 0.7624323 0.2897383 0.7624323 0.2891279 0.7584344 0.2633707 0.7729305 0.2631724 0.7687648 0.2062104 0.7883116 0.235172 0.7998322 0.210132 0.7624323 0.2364843 0.7729305 0.2364843 0.7729305 0.2366979 0.7687648 0.210132 0.7624323 0.2107271 0.7584344 0.1789273 0.765713 0.2062104 0.7883116 0.1852903 0.7418631 0.210132 0.7624323 0.210132 0.7624323 0.2107271 0.7584344 0.1852903 0.7418631 0.1862821 0.7381704 0.1543603 0.7328908 0.1789273 0.765713 0.1629358 0.7120012 0.1852903 0.7418631 0.1852903 0.7418631 0.1862821 0.7381704 0.1629358 0.7120012 0.1642634 0.7087663 0.1334859 0.6911269 0.1543603 0.7328908 0.1439383 0.6739757 0.1629358 0.7120012 0.1629358 0.7120012 0.1642634 0.7087663 0.1439383 0.6739757 0.1455558 0.6713207 0.1170825 0.6420233 0.1334859 0.6911269 0.1289998 0.6292821 0.1439383 0.6739757 0.1439383 0.6739757 0.1455558 0.6713207 0.1289998 0.6292821 0.1308461 0.6273136 0.1170825 0.6420233 0.1289998 0.6292821 0.1187152 0.5796139 0.1057755 0.5874571 0.1187152 0.5796139 0.1134661 0.5268788 0.1000229 0.5295339 0.1289998 0.6292821 0.1308461 0.6273136 0.1187152 0.5796139 0.1207141 0.5783932 0.1155566 0.5264668 0.1134661 0.5268788 0.1187152 0.5796139 0.1000229 0.4704661 0.1000229 0.5295339 0.1134661 0.4731212 0.1134661 0.5268788 0.1134661 0.5268788 0.1155566 0.5264668 0.1134661 0.4731212 0.1155566 0.4735332 0.1207141 0.4216068 0.1187152 0.4203861 0.1134661 0.4731212 0.1057755 0.4125429 0.1000229 0.4704661 0.1187152 0.4203861 0.1134661 0.4731212 0.1170825 0.3579767 0.1057755 0.4125429 0.1289998 0.3707179 0.1187152 0.4203861 0.1187152 0.4203861 0.1207141 0.4216068 0.1289998 0.3707179 0.1308461 0.3726863 0.1334859 0.3088731 0.1170825 0.3579767 0.1439383 0.3260242 0.1289998 0.3707179 0.1289998 0.3707179 0.1308461 0.3726863 0.1439383 0.3260242 0.1455558 0.3286793 0.3827878 0.3579767 0.3663844 0.3088731 0.3708553 0.3707179 0.3559319 0.3260242 0.3559319 0.3260242 0.3543145 0.3286793 0.3708553 0.3707179 0.3690242 0.3726863 0.3827878 0.3579767 0.3708553 0.3707179 0.3811551 0.4203861 0.3940795 0.4125429 0.3811551 0.4203861 0.386389 0.4731212 0.3998474 0.4704661 0.3708553 0.3707179 0.3690242 0.3726863 0.3811551 0.4203861 0.3791409 0.4216068 0.3843137 0.4735332 0.386389 0.4731212 0.3811551 0.4203861 0.4689555 0.6328832 0.4777142 0.5448692 0.3940795 0.5874571 0.3998474 0.5295339 0.4517891 0.7157854 0.4689555 0.6328832 0.3827878 0.6420233 0.3940795 0.5874571 0.4268559 0.7904021 0.4517891 0.7157854 0.3663844 0.6911269 0.3827878 0.6420233 0.3951324 0.8538491 0.4268559 0.7904021 0.3454948 0.7328908 0.3663844 0.6911269 0.3578241 0.9037156 0.3951324 0.8538491 0.320943 0.765713 0.3454948 0.7328908 0.3163653 0.9380484 0.3578241 0.9037156 0.2936599 0.7883116 0.320943 0.765713 0.2723735 0.9555505 0.3163653 0.9380484 0.2646983 0.7998322 0.2936599 0.7883116 0.1834897 0.9380484 0.2274968 0.9555505 0.2062104 0.7883116 0.235172 0.7998322 0.142031 0.9037156 0.1834897 0.9380484 0.1789273 0.765713 0.2062104 0.7883116 0.1047379 0.8538491 0.142031 0.9037156 0.1543603 0.7328908 0.1789273 0.765713 0.07299916 0.7904021 0.1047379 0.8538491 0.1334859 0.6911269 0.1543603 0.7328908 0.04808118 0.7157854 0.07299916 0.7904021 0.1170825 0.6420233 0.1334859 0.6911269 0.03089952 0.6328832 0.04808118 0.7157854 0.1057755 0.5874571 0.1170825 0.6420233 0.0221561 0.5448692 0.03089952 0.6328832 0.1000229 0.5295339 0.1057755 0.5874571 0.0221561 0.4551309 0.0221561 0.5448692 0.1000229 0.4704661 0.1000229 0.5295339 0.03089952 0.3671168 0.0221561 0.4551309 0.1057755 0.4125429 0.1000229 0.4704661 0.04808118 0.2842146 0.03089952 0.3671168 0.1170825 0.3579767 0.1057755 0.4125429 0.4689555 0.3671168 0.4517891 0.2842146 0.3940795 0.4125429 0.3827878 0.3579767 0.4777142 0.4551309 0.4689555 0.3671168 0.3998474 0.4704661 0.3940795 0.4125429 0.4777142 0.5448692 0.4777142 0.4551309 0.3998474 0.5295339 0.3998474 0.4704661 0.2274968 0.9555505 0.2723735 0.9555505 0.235172 0.7998322 0.2646983 0.7998322 0.2364843 0.7729305 0.2633707 0.7729305 0.2631724 0.7687648 0.2366979 0.7687648 0.5032273 0.9960479 0.7480736 0.9960784 0.7480888 0.9650721 0.5032273 0.9650416 0.7480888 0.9340658 0.5032273 0.9340352 0.7480888 0.9030594 0.5032273 0.9030442 0.7480888 0.8720531 0.5032426 0.8720378 0.7480888 0.8410468 0.5032426 0.8410315 0.7480888 0.8100404 0.5032426 0.8100404 0.7480888 0.7790341 0.5032426 0.7790341 0.7480888 0.7480278 0.5032426 0.7480278 0.7480888 0.7170215 0.5032426 0.7170367 0.7480888 0.6860151 0.5032426 0.6860304 0.7480888 0.6550088 0.5032426 0.6550241 0.503212 0.3759975 0.7480736 0.3759823 0.7480736 0.3449759 0.503212 0.3449912 0.7480736 0.3139696 0.503212 0.3139849 0.7480736 0.2829785 0.503212 0.2829785 0.7480736 0.2519723 0.503212 0.2519723 0.7480736 0.2209812 0.503212 0.2209659 0.7480736 0.1899748 0.503212 0.1899596 0.7480736 0.1589685 0.503212 0.1589532 0.7480736 0.1279774 0.503212 0.1279469 0.7480736 0.09697109 0.5032273 0.09694058 0.7480736 0.06596476 0.5032273 0.06593424 0.7480736 0.03495842 0.5032273 0.0349279 0.7480736 0.003967345 0.5032273 0.003936827 0.3543145 0.3286793 0.3559319 0.3260242 0.3690242 0.3726863 0.3708705 0.3707179 0.3603418 0.3187762 0.3791562 0.4216068 0.375906 0.3653315 0.3663844 0.3088731 0.3811551 0.4203861 0.3843137 0.4735332 0.3827878 0.3579767 0.386389 0.4731212 0.3843137 0.5264668 0.3866178 0.4170749 0.386389 0.5268788 0.3791562 0.5783932 0.3920806 0.4719921 0.3940795 0.4125429 0.4517891 0.2842146 0.4689555 0.3671168 0.4777142 0.4551309 0.3998474 0.4704661 0.4777142 0.5448692 0.3920806 0.5280079 0.3998474 0.5295339 0.4689555 0.6328832 0.3811551 0.5796139 0.3690242 0.6273136 0.3866178 0.5829251 0.3940795 0.5874571 0.4517891 0.7157854 0.3708553 0.6292821 0.3543145 0.6713207 0.375906 0.6346685 0.3827878 0.6420233 0.4268559 0.7904021 0.3559319 0.6739757 0.3355917 0.7087663 0.3603418 0.6812238 0.3663844 0.6911269 0.3951324 0.8538491 0.3369192 0.7120012 0.3135882 0.7381704 0.3405508 0.7208209 0.3454948 0.7328908 0.3578241 0.9037156 0.3145647 0.7418631 0.2891279 0.7584344 0.3172656 0.7519341 0.320943 0.765713 0.3163653 0.9380484 0.2897383 0.7624323 0.2631724 0.7687648 0.2914015 0.773373 0.2936599 0.7883116 0.2723735 0.9555505 0.2633707 0.7729305 0.2366979 0.7687648 0.2639353 0.7842985 0.2646983 0.7998322 0.2274968 0.9555505 0.2364843 0.7729305 0.2107271 0.7584344 0.235935 0.7842985 0.235172 0.7998322 0.1834897 0.9380484 0.210132 0.7624323 0.1862821 0.7381704 0.2084688 0.773373 0.2062104 0.7883116 0.142031 0.9037156 0.1852903 0.7418631 0.1642634 0.7087663 0.1826047 0.7519341 0.1789273 0.765713 0.1047379 0.8538491 0.1629358 0.7120012 0.1455558 0.6713207 0.1593194 0.7208209 0.1543603 0.7328908 0.07299916 0.7904021 0.1439383 0.6739757 0.1308461 0.6273136 0.1395132 0.6812238 0.1334859 0.6911269 0.04808118 0.7157854 0.1289998 0.6292821 0.1207141 0.5783932 0.1239643 0.6346685 0.1170825 0.6420233 0.03089952 0.6328832 0.1187152 0.5796139 0.1155566 0.5264668 0.1132525 0.5829251 0.1057755 0.5874571 0.0221561 0.5448692 0.1134661 0.5268788 0.1155566 0.4735332 0.1077897 0.5280079 0.1000229 0.5295339 0.0221561 0.4551309 0.1134661 0.4731212 0.1207141 0.4216068 0.1077897 0.4719921 0.1000229 0.4704661 0.03089952 0.3671168 0.1187152 0.4203861 0.1308461 0.3726863 0.1132525 0.4170749 0.1057755 0.4125429 0.04808118 0.2842146 0.1170825 0.3579767 0.1239643 0.3653315 0.1289998 0.3707179 0.1455558 0.3286793 0.1439383 0.3260242 0.1395132 0.3187762 0.3791409 0.5783932 0.3690242 0.6273136 0.380026 0.6047913 0.3543145 0.6713207 0.3355917 0.7087663 0.3492027 0.6988632 0.3135882 0.7381704 0.2891279 0.7584344 0.3070573 0.7549096 0.2631724 0.7687648 0.2366979 0.7687648 0.2484169 0.7786373 0.2366979 0.7687648 0.2107271 0.7584344 0.2484169 0.7786373 0.1862821 0.7381704 0.1642634 0.7087663 0.178378 0.7430381 0.1455558 0.6713207 0.1308461 0.6273136 0.1326772 0.6535134 0.1170825 0.3579767 0.1111162 0.4547036 0.1289998 0.3707179 0.1289998 0.3707179 0.1308461 0.3726863 0.1455558 0.3286793 0.3543145 0.3286793 0.3690242 0.3726863 0.3708553 0.3707179 0.3827878 0.3579767 0.3708553 0.3707179 0.3868467 0.4432135 0.4517891 0.7157854 0.4689555 0.6328832 0.380026 0.6047913 0.3951324 0.8538491 0.4268559 0.7904021 0.3492027 0.6988632 0.3163653 0.9380484 0.3578241 0.9037156 0.3070573 0.7549096 0.2274968 0.9555505 0.2723735 0.9555505 0.2484169 0.7786373 0.142031 0.9037156 0.1834897 0.9380484 0.178378 0.7430381 0.1047379 0.8538491 0.142031 0.9037156 0.178378 0.7430381 0.04808118 0.7157854 0.07299916 0.7904021 0.1326772 0.6535134 0.0221561 0.5448692 0.03089952 0.6328832 0.1132982 0.5574273 0.03089952 0.3671168 0.0221561 0.4551309 0.1111162 0.4547036 0.4777142 0.4551309 0.4689555 0.3671168 0.3868467 0.4432135 0.1207141 0.5783932 0.1155566 0.5264668 0.1132982 0.5574273 0.1308461 0.6273136 0.1132982 0.5574273 0.1326772 0.6535134 0.1155566 0.4735332 0.1207141 0.4216068 0.1111162 0.4547036 0.1155566 0.5264668 0.1111162 0.4547036 0.1132982 0.5574273 0.3791409 0.4216068 0.3843137 0.4735332 0.3868467 0.4432135 0.3690242 0.3726863 0.3868467 0.4432135 0.3708553 0.3707179 0.3889219 0.5273823 0.3868467 0.4432135 0.3843137 0.4735332 0.3843137 0.5264668 0.3889219 0.5273823 0.380026 0.6047913 0.3791409 0.5783932 0.380026 0.6047913 0.3690242 0.6273136 0.3492027 0.6988632 0.3543145 0.6713207 0.3492027 0.6988632 0.3355917 0.7087663 0.3070573 0.7549096 0.3135882 0.7381704 0.3070573 0.7549096 0.2891279 0.7584344 0.2484169 0.7786373 0.2631724 0.7687648 0.2484169 0.7786373 0.2107271 0.7584344 0.178378 0.7430381 0.1862821 0.7381704 0.178378 0.7430381 0.1642634 0.7087663 0.1326772 0.6535134 0.1455558 0.6713207 0.1111162 0.4547036 0.1207141 0.4216068 0.1289998 0.3707179 0.1308461 0.3726863 0.1334859 0.3088731 0.1170825 0.3579767 0.1455558 0.3286793 0.1289998 0.3707179 0.3827878 0.3579767 0.3663844 0.3088731 0.3708553 0.3707179 0.3543145 0.3286793 0.4689555 0.6328832 0.4777142 0.5448692 0.380026 0.6047913 0.3889219 0.5273823 0.4268559 0.7904021 0.4517891 0.7157854 0.3492027 0.6988632 0.380026 0.6047913 0.3578241 0.9037156 0.3951324 0.8538491 0.3070573 0.7549096 0.3492027 0.6988632 0.2723735 0.9555505 0.3163653 0.9380484 0.2484169 0.7786373 0.3070573 0.7549096 0.1834897 0.9380484 0.2274968 0.9555505 0.178378 0.7430381 0.2484169 0.7786373 0.07299916 0.7904021 0.1047379 0.8538491 0.1326772 0.6535134 0.178378 0.7430381 0.03089952 0.6328832 0.04808118 0.7157854 0.1132982 0.5574273 0.1326772 0.6535134 0.0221561 0.4551309 0.0221561 0.5448692 0.1111162 0.4547036 0.1132982 0.5574273 0.04808118 0.2842146 0.03089952 0.3671168 0.1170825 0.3579767 0.1111162 0.4547036 0.4689555 0.3671168 0.4517891 0.2842146 0.3868467 0.4432135 0.3827878 0.3579767 0.4777142 0.5448692 0.4777142 0.4551309 0.3889219 0.5273823 0.3868467 0.4432135 0.3543145 0.3286793 0.3663844 0.3088731 0.3690242 0.3726863 0.3827878 0.3579767 0.3791562 0.4216068 0.3843137 0.4735332 0.4517891 0.2842146 0.4689555 0.3671168 0.4777142 0.4551309 0.4777142 0.5448692 0.3843137 0.5264668 0.3791562 0.5783932 0.3690242 0.6273136 0.4689555 0.6328832 0.4517891 0.7157854 0.4268559 0.7904021 0.3603418 0.6812238 0.3543145 0.6713207 0.3355917 0.7087663 0.3951324 0.8538491 0.3135882 0.7381704 0.3578241 0.9037156 0.3163653 0.9380484 0.2914015 0.773373 0.2723735 0.9555505 0.2274968 0.9555505 0.1834897 0.9380484 0.2897383 0.7624323 0.2891279 0.7584344 0.2631724 0.7687648 0.2366979 0.7687648 0.235935 0.7842985 0.2107271 0.7584344 0.142031 0.9037156 0.1862821 0.7381704 0.1047379 0.8538491 0.07299916 0.7904021 0.1395132 0.6812238 0.1642634 0.7087663 0.04808118 0.7157854 0.1455558 0.6713207 0.1308461 0.6273136 0.03089952 0.6328832 0.1207141 0.5783932 0.1132525 0.5829251 0.0221561 0.5448692 0.1155566 0.5264668 0.0221561 0.4551309 0.1155566 0.4735332 0.03089952 0.3671168 0.1207141 0.4216068 0.04808118 0.2842146 0.1239643 0.3653315 0.1308461 0.3726863 0.1455558 0.3286793 0.1395132 0.3187762 0.5032273 0.9960021 0.7479972 0.9960021 0.7479972 0.9650721 0.5032273 0.9650416 0.7479972 0.9340658 0.5032273 0.9340352 0.7479972 0.9030594 0.5032273 0.9030442 0.7479972 0.8720531 0.5032426 0.8720378 0.7479972 0.8410468 0.5032426 0.8410315 0.7479972 0.8100404 0.5032426 0.8100404 0.7479972 0.7790341 0.5032426 0.7790341 0.7479972 0.7480278 0.5032426 0.7480278 0.7479972 0.7170215 0.5032426 0.7170367 0.7479972 0.6860151 0.5032426 0.6860304 0.7479972 0.6550088 0.5032426 0.6550241 0.503212 0.3759975 0.7479972 0.3759823 0.7479972 0.3449759 0.503212 0.3449912 0.7479972 0.3139696 0.503212 0.3139849 0.7479972 0.2829785 0.503212 0.2829785 0.7479972 0.2519723 0.503212 0.2519723 0.7479972 0.2209812 0.503212 0.2209659 0.7479972 0.1899748 0.503212 0.1899596 0.7479972 0.1589685 0.503212 0.1589532 0.7479972 0.1279774 0.503212 0.1279469 0.7479972 0.09697109 0.5032273 0.09694058 0.7479972 0.06596476 0.5032273 0.06593424 0.7479972 0.03495842 0.5032273 0.0349279 0.7479972 0.003997862 0.5032273 0.003997862</float_array>
          <technique_common>
            <accessor source="#polySurface31__GrassBgBaum-texcoord-array_1" count="695" stride="2">
              <param name="S" type="float" />
              <param name="T" type="float" />
            </accessor>
          </technique_common>
        </source>
        <source id="polySurface31__GrassBgBaum-texcoord_2">
          <float_array id="polySurface31__GrassBgBaum-texcoord-array_2" count="1390">0.7388418 0.2644846 0.7748989 0.2684062 0.7353017 0.2818341 0.7705348 0.2852369 0.7705348 0.2852369 0.8050965 0.289723 0.8042878 0.2922255 0.7698329 0.2879072 0.7705348 0.2852369 0.7353017 0.2818341 0.7347829 0.284535 0.7705348 0.2852369 0.7748989 0.2684062 0.8050965 0.289723 0.8105745 0.2733501 0.7024491 0.2615549 0.7388418 0.2644846 0.6996872 0.279057 0.7353017 0.2818341 0.7353017 0.2818341 0.7347829 0.284535 0.6996872 0.279057 0.6992599 0.2817731 0.6658427 0.2593118 0.7024491 0.2615549 0.6637217 0.2768292 0.6996872 0.279057 0.6996872 0.279057 0.6992599 0.2817731 0.6637217 0.2768292 0.6634012 0.2795606 0.6290837 0.2575723 0.6658427 0.2593118 0.6274968 0.2750591 0.6637217 0.2768292 0.6637217 0.2768292 0.6634012 0.2795606 0.6274968 0.2750591 0.6272679 0.2777905 0.5922179 0.2561837 0.6290837 0.2575723 0.5910735 0.2736553 0.6274968 0.2750591 0.6274968 0.2750591 0.6272679 0.2777905 0.5910735 0.2736553 0.5909209 0.2763562 0.5552911 0.2550851 0.5922179 0.2561837 0.5545281 0.2725261 0.5910735 0.2736553 0.5910735 0.2736553 0.5909209 0.2763562 0.5545281 0.2725261 0.5544213 0.275227 0.5182727 0.2542153 0.5552911 0.2550851 0.517876 0.2716411 0.5545281 0.2725261 0.5545281 0.2725261 0.5544213 0.275227 0.517876 0.2716411 0.5178302 0.2743572 0.4441291 0.2531319 0.4812238 0.2535592 0.4444801 0.270634 0.4811932 0.2710002 0.4811932 0.2710002 0.4811932 0.2737163 0.4444801 0.270634 0.4445411 0.2733501 0.4070191 0.2529946 0.4441291 0.2531319 0.4077974 0.2705577 0.4444801 0.270634 0.4444801 0.270634 0.4445411 0.2733501 0.4077974 0.2705577 0.4079347 0.2732891 0.3699092 0.2532387 0.4070191 0.2529946 0.3712062 0.2708934 0.4077974 0.2705577 0.4077974 0.2705577 0.4079347 0.2732891 0.3712062 0.2708934 0.3714198 0.27364 0.3328145 0.2539864 0.3699092 0.2532387 0.3347677 0.2717174 0.3712062 0.2708934 0.3712062 0.2708934 0.3714198 0.27364 0.3347677 0.2717174 0.3350729 0.2744793 0.2958266 0.2554207 0.3328145 0.2539864 0.2985428 0.2731975 0.3347677 0.2717174 0.3347677 0.2717174 0.3350729 0.2744793 0.2985428 0.2731975 0.2989853 0.2759594 0.2958266 0.2554207 0.2985428 0.2731975 0.2626535 0.2754864 0.2590066 0.2577859 0.2626535 0.2754864 0.2272374 0.2787518 0.2225376 0.2613718 0.2985428 0.2731975 0.2989853 0.2759594 0.2626535 0.2754864 0.2632487 0.278233 0.227985 0.2814527 0.2272374 0.2787518 0.2626535 0.2754864 0.1867094 0.2665751 0.2225376 0.2613718 0.1924468 0.2831769 0.2272374 0.2787518 0.2272374 0.2787518 0.227985 0.2814527 0.1924468 0.2831769 0.1933471 0.2857557 0.1594263 0.2910506 0.1584649 0.2887617 0.1924468 0.2831769 0.1520714 0.2739147 0.1867094 0.2665751 0.1584649 0.2887617 0.1924468 0.2831769 0.1195697 0.2841383 0.1520714 0.2739147 0.1253681 0.2951095 0.1584649 0.2887617 0.1584649 0.2887617 0.1594263 0.2910506 0.1253681 0.2951095 0.1262074 0.2968185 0.08648814 0.2850996 0.1195697 0.2841383 0.09257649 0.2994125 0.1253681 0.2951095 0.1253681 0.2951095 0.1262074 0.2968185 0.09257649 0.2994125 0.09344625 0.3013657 0.8788281 0.2897536 0.9100938 0.2893263 0.8721294 0.3002213 0.9043565 0.3033494 0.9043565 0.3033494 0.9034714 0.305333 0.8721294 0.3002213 0.8711681 0.3018845 0.8788281 0.2897536 0.8721294 0.3002213 0.8389868 0.2947585 0.845365 0.280232 0.8389868 0.2947585 0.8050965 0.289723 0.8105745 0.2733501 0.8721294 0.3002213 0.8711681 0.3018845 0.8389868 0.2947585 0.8380865 0.2970169 0.8042878 0.2922255 0.8050965 0.289723 0.8389868 0.2947585 0.7801175 0.112932 0.8271153 0.1210803 0.7388418 0.2644846 0.7748989 0.2684062 0.7351186 0.1076829 0.7801175 0.112932 0.7024491 0.2615549 0.7388418 0.2644846 0.691722 0.1042344 0.7351186 0.1076829 0.6658427 0.2593118 0.7024491 0.2615549 0.6495765 0.1018845 0.691722 0.1042344 0.6290837 0.2575723 0.6658427 0.2593118 0.6083314 0.1001908 0.6495765 0.1018845 0.5922179 0.2561837 0.6290837 0.2575723 0.5676661 0.09886318 0.6083314 0.1001908 0.5552911 0.2550851 0.5922179 0.2561837 0.5272908 0.09776455 0.5676661 0.09886318 0.5182727 0.2542153 0.5552911 0.2550851 0.4462806 0.09600979 0.4869154 0.09681851 0.4441291 0.2531319 0.4812238 0.2535592 0.4050812 0.09541464 0.4462806 0.09600979 0.4070191 0.2529946 0.4441291 0.2531319 0.3629969 0.09521627 0.4050812 0.09541464 0.3699092 0.2532387 0.4070191 0.2529946 0.319646 0.09570462 0.3629969 0.09521627 0.3328145 0.2539864 0.3699092 0.2532387 0.2746166 0.09735256 0.319646 0.09570462 0.2958266 0.2554207 0.3328145 0.2539864 0.2274815 0.100969 0.2746166 0.09735256 0.2590066 0.2577859 0.2958266 0.2554207 0.1778439 0.1077898 0.2274815 0.100969 0.2225376 0.2613718 0.2590066 0.2577859 0.1255055 0.1197223 0.1778439 0.1077898 0.1867094 0.2665751 0.2225376 0.2613718 0.07077134 0.1396964 0.1255055 0.1197223 0.1520714 0.2739147 0.1867094 0.2665751 0.01527428 0.172076 0.07077134 0.1396964 0.1195697 0.2841383 0.1520714 0.2739147 0.9278706 0.1535363 0.9810483 0.1841459 0.845365 0.280232 0.8788281 0.2897536 0.8763561 0.1337453 0.9278706 0.1535363 0.8105745 0.2733501 0.845365 0.280232 0.8271153 0.1210803 0.8763561 0.1337453 0.7748989 0.2684062 0.8105745 0.2733501 0.4869154 0.09681851 0.5272908 0.09776455 0.4812238 0.2535592 0.5182727 0.2542153 0.4811932 0.2710002 0.517876 0.2716411 0.5178302 0.2743572 0.4811932 0.2737163 0.4811932 0.2737163 0.4814221 0.7272602 0.4446479 0.7264363 0.4445411 0.2733501 0.4079652 0.7253071 0.4079347 0.2732891 0.3714504 0.723827 0.3714198 0.27364 0.3351492 0.7219196 0.3350729 0.2744793 0.2991379 0.7195392 0.2989853 0.2759594 0.2635233 0.7165332 0.2632487 0.278233 0.2284123 0.7128252 0.227985 0.2814527 0.1939422 0.7083238 0.1933471 0.2857557 0.1602502 0.7031357 0.1594263 0.2910506 0.1274891 0.6978103 0.1262074 0.2968185 0.09527733 0.6941482 0.09344625 0.3013657 0.9034714 0.305333 0.907042 0.6953079 0.8743877 0.7008774 0.8711681 0.3018845 0.8412146 0.7072251 0.8380865 0.2970169 0.8072786 0.7130541 0.8042878 0.2922255 0.7725643 0.7178454 0.7698329 0.2879072 0.7372244 0.7215228 0.7347829 0.284535 0.7013505 0.7242085 0.6992599 0.2817731 0.6651102 0.7260548 0.6634012 0.2795606 0.6285954 0.7272145 0.6272679 0.2777905 0.5918975 0.7278248 0.5909209 0.2763562 0.5550927 0.7279927 0.5544213 0.275227 0.5182574 0.7277943 0.5178302 0.2743572 0.4814221 0.7272602 0.4811932 0.2737163 0.907042 0.6953079 0.9080033 0.6971999 0.8743877 0.7008774 0.8753033 0.7025712 0.9107195 0.702678 0.8412146 0.7072251 0.8778668 0.7071641 0.914519 0.7110552 0.8422217 0.7094835 0.8072786 0.7130541 0.8813764 0.7131914 0.8082094 0.7156023 0.7725643 0.7178454 0.8450141 0.7156481 0.7733577 0.7205157 0.7372244 0.7215228 0.8107729 0.7225452 0.8489814 0.7241017 0.987335 0.8234684 0.9323568 0.8567941 0.8778821 0.8776684 0.8143282 0.7320058 0.8255894 0.8904402 0.775494 0.7278248 0.778439 0.7377432 0.775845 0.898024 0.7378348 0.7242543 0.7013505 0.7242085 0.7395285 0.7317007 0.7418479 0.7418326 0.7284962 0.9023117 0.7018235 0.7269551 0.6651102 0.7260548 0.7031052 0.7344625 0.7048905 0.7446402 0.6831617 0.9045548 0.6654459 0.7288014 0.6285954 0.7272145 0.6664073 0.7362936 0.6677195 0.7464866 0.6394446 0.9055314 0.6288396 0.7299611 0.5918975 0.7278248 0.6295109 0.7374228 0.630457 0.7475853 0.5969329 0.9057298 0.5920653 0.7305562 0.5550927 0.7279927 0.5925078 0.7380026 0.5931334 0.7481194 0.5552911 0.9054551 0.5551842 0.7307088 0.5182574 0.7277943 0.5554436 0.7381247 0.5557946 0.7482109 0.5141833 0.9048753 0.518288 0.7304952 0.4814221 0.7272602 0.5183643 0.7378958 0.5184863 0.7479668 0.4733348 0.9040818 0.4813916 0.7299764 0.4446479 0.7264363 0.4813153 0.737377 0.4812085 0.7474327 0.4324559 0.9030594 0.4445411 0.7291523 0.4079652 0.7253071 0.4443122 0.736553 0.4439765 0.7466239 0.3912718 0.9017472 0.4078126 0.7280232 0.3714504 0.723827 0.4073854 0.7354391 0.4068055 0.7455253 0.3494926 0.8999618 0.3712215 0.7265431 0.3351492 0.7219196 0.3705959 0.7339742 0.3697414 0.7440909 0.3067979 0.8974289 0.3348287 0.724651 0.2991379 0.7195392 0.333959 0.7320974 0.332784 0.7422293 0.2628519 0.8936904 0.2987106 0.7222553 0.2635233 0.7165332 0.2975662 0.7297017 0.2959793 0.7398032 0.2172885 0.888014 0.262974 0.719234 0.2284123 0.7128252 0.2614633 0.7266041 0.2593881 0.736614 0.1697719 0.8792706 0.2277104 0.7154498 0.1939422 0.7083238 0.2257725 0.7226368 0.2231174 0.7324026 0.1200885 0.8657664 0.1930571 0.7107958 0.1602502 0.7031357 0.1906615 0.7175555 0.187335 0.7267567 0.0683299 0.8449683 0.1592279 0.7052567 0.1274891 0.6978103 0.1563592 0.7110552 0.1522698 0.7189746 0.01533532 0.8132448 0.1182422 0.707454 0.1240253 0.7041123 0.1265889 0.6995193 0.09527733 0.6941482 0.09442282 0.6964217 0.09210346 0.7029526 0.7347829 0.284535 0.6992599 0.2817731 0.7203631 0.2757 0.6634012 0.2795606 0.6272679 0.2777905 0.646128 0.2706798 0.5909209 0.2763562 0.5544213 0.275227 0.5784237 0.2691692 0.5178302 0.2743572 0.4811932 0.2737163 0.4974441 0.2668192 0.4811932 0.2737163 0.4445411 0.2733501 0.4974441 0.2668192 0.4079347 0.2732891 0.3714198 0.27364 0.3994507 0.2641032 0.3350729 0.2744793 0.2989853 0.2759594 0.3143206 0.2676738 0.1195697 0.2841383 0.1797055 0.2801404 0.1253681 0.2951095 0.1253681 0.2951095 0.1262074 0.2968185 0.09344625 0.3013657 0.9034714 0.305333 0.8711681 0.3018845 0.8721294 0.3002213 0.8788281 0.2897536 0.8721294 0.3002213 0.8250706 0.2885329 0.7351186 0.1076829 0.7801175 0.112932 0.7203631 0.2757 0.6495765 0.1018845 0.691722 0.1042344 0.646128 0.2706798 0.5676661 0.09886318 0.6083314 0.1001908 0.5784237 0.2691692 0.4869154 0.09681851 0.5272908 0.09776455 0.4974441 0.2668192 0.4050812 0.09541464 0.4462806 0.09600979 0.3994507 0.2641032 0.3629969 0.09521627 0.4050812 0.09541464 0.3994507 0.2641032 0.2746166 0.09735256 0.319646 0.09570462 0.3143206 0.2676738 0.1778439 0.1077898 0.2274815 0.100969 0.2458534 0.2728313 0.07077134 0.1396964 0.1255055 0.1197223 0.1797055 0.2801404 0.8763561 0.1337453 0.9278706 0.1535363 0.8250706 0.2885329 0.2632487 0.278233 0.227985 0.2814527 0.2458534 0.2728313 0.2989853 0.2759594 0.2458534 0.2728313 0.3143206 0.2676738 0.1933471 0.2857557 0.1594263 0.2910506 0.1797055 0.2801404 0.227985 0.2814527 0.1797055 0.2801404 0.2458534 0.2728313 0.8380865 0.2970169 0.8042878 0.2922255 0.8250706 0.2885329 0.8711681 0.3018845 0.8250706 0.2885329 0.8721294 0.3002213 0.7713588 0.2820935 0.8250706 0.2885329 0.8042878 0.2922255 0.7698329 0.2879072 0.7713588 0.2820935 0.7203631 0.2757 0.7347829 0.284535 0.7203631 0.2757 0.6992599 0.2817731 0.646128 0.2706798 0.6634012 0.2795606 0.646128 0.2706798 0.6272679 0.2777905 0.5784237 0.2691692 0.5909209 0.2763562 0.5784237 0.2691692 0.5544213 0.275227 0.4974441 0.2668192 0.5178302 0.2743572 0.4974441 0.2668192 0.4445411 0.2733501 0.3994507 0.2641032 0.4079347 0.2732891 0.3994507 0.2641032 0.3714198 0.27364 0.3143206 0.2676738 0.3350729 0.2744793 0.1797055 0.2801404 0.1594263 0.2910506 0.1253681 0.2951095 0.1262074 0.2968185 0.08648814 0.2850996 0.1195697 0.2841383 0.09344625 0.3013657 0.1253681 0.2951095 0.8788281 0.2897536 0.9100938 0.2893263 0.8721294 0.3002213 0.9034714 0.305333 0.7801175 0.112932 0.8271153 0.1210803 0.7203631 0.2757 0.7713588 0.2820935 0.691722 0.1042344 0.7351186 0.1076829 0.646128 0.2706798 0.7203631 0.2757 0.6083314 0.1001908 0.6495765 0.1018845 0.5784237 0.2691692 0.646128 0.2706798 0.5272908 0.09776455 0.5676661 0.09886318 0.4974441 0.2668192 0.5784237 0.2691692 0.4462806 0.09600979 0.4869154 0.09681851 0.3994507 0.2641032 0.4974441 0.2668192 0.319646 0.09570462 0.3629969 0.09521627 0.3143206 0.2676738 0.3994507 0.2641032 0.2274815 0.100969 0.2746166 0.09735256 0.2458534 0.2728313 0.3143206 0.2676738 0.1255055 0.1197223 0.1778439 0.1077898 0.1797055 0.2801404 0.2458534 0.2728313 0.01527428 0.172076 0.07077134 0.1396964 0.1195697 0.2841383 0.1797055 0.2801404 0.9278706 0.1535363 0.9810483 0.1841459 0.8250706 0.2885329 0.8788281 0.2897536 0.8271153 0.1210803 0.8763561 0.1337453 0.7713588 0.2820935 0.8250706 0.2885329 0.907042 0.6953079 0.914519 0.7110552 0.8743877 0.7008774 0.8813764 0.7131914 0.8412146 0.7072251 0.8072786 0.7130541 0.9869993 0.8234684 0.9323568 0.8567941 0.8778821 0.8776684 0.8255894 0.8904402 0.7725643 0.7178454 0.7372244 0.7215228 0.7013505 0.7242085 0.775845 0.898024 0.7284962 0.9023117 0.6831617 0.9045548 0.6664073 0.7362936 0.6651102 0.7260548 0.6285954 0.7272145 0.6394446 0.9055314 0.5918975 0.7278248 0.5969329 0.9057298 0.5552911 0.9054551 0.5554436 0.7381247 0.5141833 0.9048753 0.4733348 0.9040818 0.4324559 0.9030594 0.5551842 0.7307088 0.5550927 0.7279927 0.5182574 0.7277943 0.4814221 0.7272602 0.4813153 0.737377 0.4446479 0.7264363 0.3912718 0.9017472 0.4079652 0.7253071 0.3494926 0.8999618 0.3067979 0.8974289 0.333959 0.7320974 0.3714504 0.723827 0.2628519 0.8936904 0.3351492 0.7219196 0.2991379 0.7195392 0.2172885 0.888014 0.2635233 0.7165332 0.2614633 0.7266041 0.1697719 0.8792706 0.2284123 0.7128252 0.1200885 0.8657664 0.1939422 0.7083238 0.0683299 0.8449683 0.1602502 0.7031357 0.01533532 0.8132448 0.1240253 0.7041123 0.1274891 0.6978103 0.09527733 0.6941482 0.09210346 0.7029526 0.4811932 0.2737163 0.4814221 0.7272602 0.4446479 0.7264363 0.4445411 0.2733501 0.4079652 0.7253071 0.4079347 0.2732891 0.3714504 0.723827 0.3714198 0.27364 0.3351492 0.7219196 0.3350729 0.2744793 0.2991379 0.7195392 0.2989853 0.2759594 0.2635233 0.7165332 0.2632487 0.278233 0.2284123 0.7128252 0.227985 0.2814527 0.1939422 0.7083238 0.1933471 0.2857557 0.1602502 0.7031357 0.1594263 0.2910506 0.1274891 0.6978103 0.1262074 0.2968185 0.09527733 0.6941482 0.09344625 0.3013657 0.9034714 0.305333 0.907042 0.6953079 0.8743877 0.7008774 0.8711681 0.3018845 0.8412146 0.7072251 0.8380865 0.2970169 0.8072786 0.7130541 0.8042878 0.2922255 0.7725643 0.7178454 0.7698329 0.2879072 0.7372244 0.7215228 0.7347829 0.284535 0.7013505 0.7242085 0.6992599 0.2817731 0.6651102 0.7260548 0.6634012 0.2795606 0.6285954 0.7272145 0.6272679 0.2777905 0.5918975 0.7278248 0.5909209 0.2763562 0.5550927 0.7279927 0.5544213 0.275227 0.5182574 0.7277943 0.5178302 0.2743572 0.4814221 0.7272602 0.4811932 0.2737163</float_array>
          <technique_common>
            <accessor source="#polySurface31__GrassBgBaum-texcoord-array_2" count="695" stride="2">
              <param name="S" type="float" />
              <param name="T" type="float" />
            </accessor>
          </technique_common>
        </source>
        <vertices id="polySurface31__GrassBgBaum-vertex">
          <input semantic="POSITION" source="#polySurface31__GrassBgBaum-position" />
        </vertices>
        <triangles material="GrassBgBaum" count="358">
          <input semantic="VERTEX" source="#polySurface31__GrassBgBaum-vertex" offset="0" />
          <input semantic="NORMAL" source="#polySurface31__GrassBgBaum-normal" offset="1" />
          <input semantic="TEXCOORD" source="#polySurface31__GrassBgBaum-texcoord" offset="2" set="0" />
          <input semantic="TEXCOORD" source="#polySurface31__GrassBgBaum-texcoord_1" offset="3" set="1" />
          <input semantic="TEXCOORD" source="#polySurface31__GrassBgBaum-texcoord_2" offset="4" set="2" />
          <p>0 0 0 0 0 1 1 1 1 1 2 2 2 2 2 1 1 1 1 1 3 3 3 3 3 2 2 2 2 2 4 4 4 4 4 5 5 5 5 5 6 6 6 6 6 7 7 7 7 7 4 4 4 4 4 6 6 6 6 6 8 8 8 8 8 7 7 7 7 7 9 9 9 9 9 7 7 7 7 7 10 10 10 10 10 9 9 9 9 9 11 11 11 11 11 12 12 12 12 12 13 13 13 13 13 12 12 12 12 12 14 14 14 14 14 13 13 13 13 13 15 15 15 15 15 16 16 16 16 16 17 17 17 17 17 16 16 16 16 16 18 18 18 18 18 17 17 17 17 17 19 19 19 19 19 20 20 20 20 20 21 21 21 21 21 20 20 20 20 20 22 22 22 22 22 21 21 21 21 21 23 23 23 23 23 24 24 24 24 24 25 25 25 25 25 24 24 24 24 24 26 26 26 26 26 25 25 25 25 25 27 27 27 27 27 28 28 28 28 28 29 29 29 29 29 28 28 28 28 28 30 30 30 30 30 29 29 29 29 29 31 31 31 31 31 32 32 32 32 32 33 33 33 33 33 32 32 32 32 32 34 34 34 34 34 33 33 33 33 33 35 35 35 35 35 36 36 36 36 36 37 37 37 37 37 36 36 36 36 36 38 38 38 38 38 37 37 37 37 37 39 39 39 39 39 40 40 40 40 40 41 41 41 41 41 40 40 40 40 40 42 42 42 42 42 41 41 41 41 41 43 43 43 43 43 44 44 44 44 44 45 45 45 45 45 44 44 44 44 44 46 46 46 46 46 45 45 45 45 45 47 47 47 47 47 48 48 48 48 48 49 49 49 49 49 48 48 48 48 48 50 50 50 50 50 49 49 49 49 49 51 51 51 51 51 52 52 52 52 52 53 53 53 53 53 52 52 52 52 52 54 54 54 54 54 53 53 53 53 53 55 55 55 55 55 56 56 56 56 56 57 57 57 57 57 56 56 56 56 56 58 58 58 58 58 57 57 57 57 57 59 59 59 59 59 60 60 60 60 60 61 61 61 61 61 60 60 60 60 60 62 62 62 62 62 61 61 61 61 61 63 63 63 63 63 64 64 64 64 64 65 65 65 65 65 64 64 64 64 64 66 66 66 66 66 65 65 65 65 65 67 67 67 67 67 68 68 68 68 68 69 69 69 69 69 68 68 68 68 68 70 70 70 70 70 69 69 69 69 69 71 71 71 71 71 72 72 72 72 72 73 73 73 73 73 72 72 72 72 72 74 74 74 74 74 73 73 73 73 73 75 75 75 75 75 76 76 76 76 76 77 77 77 77 77 76 76 76 76 76 78 78 78 78 78 77 77 77 77 77 79 79 79 79 79 80 80 80 80 80 81 81 81 81 81 80 80 80 80 80 82 82 82 82 82 81 81 81 81 81 83 83 83 83 83 84 84 84 84 84 85 85 85 85 85 84 84 84 84 84 86 86 86 86 86 85 85 85 85 85 87 87 87 87 87 88 88 88 88 88 89 89 89 89 89 88 88 88 88 88 90 90 90 90 90 89 89 89 89 89 91 91 91 91 91 92 92 92 92 92 93 93 93 93 93 92 92 92 92 92 94 94 94 94 94 93 93 93 93 93 95 95 95 95 95 96 96 96 96 96 97 97 97 97 97 96 96 96 96 96 98 98 98 98 98 97 97 97 97 97 99 99 99 99 99 100 100 100 100 100 101 101 101 101 101 100 100 100 100 100 102 102 102 102 102 101 101 101 101 101 103 103 103 103 103 104 104 104 104 104 105 105 105 105 105 106 106 106 106 106 103 103 103 103 103 105 105 105 105 105 106 106 106 106 106 107 107 107 107 107 108 108 108 108 108 109 109 109 109 109 106 106 106 106 106 108 108 108 108 108 110 110 110 110 110 111 111 111 111 111 112 112 112 112 112 111 111 111 111 111 113 113 113 113 113 112 112 112 112 112 113 113 113 113 113 114 114 114 114 114 115 115 115 115 115 116 116 116 116 116 113 113 113 113 113 115 115 115 115 115 117 117 117 117 117 118 118 118 118 118 119 119 119 119 119 118 118 118 118 118 120 120 120 120 120 119 119 119 119 119 121 121 121 121 121 122 122 122 122 122 123 123 123 123 123 122 122 122 122 122 124 124 124 124 124 123 123 123 123 123 124 124 124 124 124 125 125 125 125 125 126 126 126 126 126 127 127 127 127 127 124 124 124 124 124 126 126 126 126 126 128 128 128 128 128 129 129 129 129 129 130 130 130 130 130 129 129 129 129 129 131 131 131 131 131 130 130 130 130 130 132 132 132 132 132 133 133 133 133 133 134 134 134 134 134 133 133 133 133 133 135 135 135 135 135 134 134 134 134 134 136 136 136 136 136 137 137 137 137 137 138 138 138 138 138 137 137 137 137 137 139 139 139 139 139 138 138 138 138 138 140 140 140 140 140 141 141 141 141 141 142 142 142 142 142 141 141 141 141 141 143 143 143 143 143 142 142 142 142 142 144 144 144 144 144 145 145 145 145 145 146 146 146 146 146 145 145 145 145 145 147 147 147 147 147 146 146 146 146 146 148 148 148 148 148 149 149 149 149 149 150 150 150 150 150 149 149 149 149 149 151 151 151 151 151 150 150 150 150 150 152 152 152 152 152 153 153 153 153 153 154 154 154 154 154 153 153 153 153 153 155 155 155 155 155 154 154 154 154 154 156 156 156 156 156 157 157 157 157 157 158 158 158 158 158 159 159 159 159 159 156 156 156 156 156 158 158 158 158 158 159 159 159 159 159 160 160 160 160 160 161 161 161 161 161 162 162 162 162 162 159 159 159 159 159 161 161 161 161 161 163 163 163 163 163 164 164 164 164 164 165 165 165 165 165 164 164 164 164 164 166 166 166 166 166 165 165 165 165 165 166 166 166 166 166 167 167 167 167 167 168 168 168 168 168 169 169 169 169 169 166 166 166 166 166 168 168 168 168 168 170 170 170 170 170 171 171 171 171 171 172 172 172 172 172 171 171 171 171 171 173 173 173 173 173 172 172 172 172 172 174 174 174 174 174 175 175 175 175 175 176 176 176 176 176 175 175 175 175 175 177 177 177 177 177 176 176 176 176 176 178 178 178 178 178 179 179 179 179 179 180 180 180 180 180 179 179 179 179 179 181 181 181 181 181 180 180 180 180 180 182 182 182 182 182 183 183 183 183 183 184 184 184 184 184 183 183 183 183 183 185 185 185 185 185 184 184 184 184 184 186 186 186 186 186 187 187 187 187 187 188 188 188 188 188 187 187 187 187 187 189 189 189 189 189 188 188 188 188 188 190 190 190 190 190 191 191 191 191 191 192 192 192 192 192 191 191 191 191 191 193 193 193 193 193 192 192 192 192 192 194 194 194 194 194 195 195 195 195 195 196 196 196 196 196 195 195 195 195 195 197 197 197 197 197 196 196 196 196 196 198 198 198 198 198 199 199 199 199 199 200 200 200 200 200 199 199 199 199 199 201 201 201 201 201 200 200 200 200 200 202 202 202 202 202 203 203 203 203 203 204 204 204 204 204 203 203 203 203 203 205 205 205 205 205 204 204 204 204 204 206 206 206 206 206 207 207 207 207 207 208 208 208 208 208 207 207 207 207 207 209 209 209 209 209 208 208 208 208 208 210 210 210 210 210 211 211 211 211 211 212 212 212 212 212 211 211 211 211 211 213 213 213 213 213 212 212 212 212 212 214 214 214 214 214 215 215 215 215 215 216 216 216 216 216 215 215 215 215 215 217 217 217 217 217 216 216 216 216 216 218 218 218 218 218 219 219 219 219 219 220 220 220 220 220 219 219 219 219 219 221 221 221 221 221 220 220 220 220 220 222 222 222 222 222 223 223 223 223 223 224 224 224 224 224 223 223 223 223 223 225 225 225 225 225 224 224 224 224 224 226 226 226 226 226 227 227 227 227 227 228 228 228 228 228 227 227 227 227 227 229 229 229 229 229 228 228 228 228 228 230 230 230 230 230 231 231 231 231 231 232 232 232 232 232 231 231 231 231 231 233 233 233 233 233 232 232 232 232 232 234 234 234 234 234 235 235 235 235 235 236 236 236 236 236 235 235 235 235 235 237 237 237 237 237 236 236 236 236 236 238 238 238 238 238 239 239 239 239 239 240 240 240 240 240 239 239 239 239 239 241 241 241 241 241 240 240 240 240 240 242 242 242 242 242 243 243 243 243 243 244 244 244 244 244 243 243 243 243 243 245 245 245 245 245 244 244 244 244 244 246 246 246 246 246 247 247 247 247 247 248 248 248 248 248 247 247 247 247 247 249 249 249 249 249 248 248 248 248 248 250 250 250 250 250 251 251 251 251 251 252 252 252 252 252 251 251 251 251 251 253 253 253 253 253 252 252 252 252 252 252 252 252 252 252 253 253 253 253 253 254 254 254 254 254 253 253 253 253 253 255 255 255 255 255 254 254 254 254 254 255 255 255 255 255 256 256 256 256 256 254 254 254 254 254 256 256 256 256 256 257 257 257 257 257 254 254 254 254 254 258 258 258 258 258 259 259 259 259 259 260 260 260 260 260 261 261 261 261 261 258 258 258 258 258 260 260 260 260 260 261 261 261 261 261 260 260 260 260 260 262 262 262 262 262 263 263 263 263 263 261 261 261 261 261 262 262 262 262 262 263 263 263 263 263 262 262 262 262 262 264 264 264 264 264 265 265 265 265 265 263 263 263 263 263 264 264 264 264 264 265 265 265 265 265 264 264 264 264 264 266 266 266 266 266 267 267 267 267 267 265 265 265 265 265 266 266 266 266 266 267 267 267 267 267 266 266 266 266 266 268 268 268 268 268 269 269 269 269 269 267 267 267 267 267 268 268 268 268 268 269 269 269 269 269 268 268 268 268 268 270 270 270 270 270 271 271 271 271 271 269 269 269 269 269 270 270 270 270 270 271 271 271 271 271 270 270 270 270 270 272 272 272 272 272 273 273 273 273 273 271 271 271 271 271 272 272 272 272 272 273 273 273 273 273 272 272 272 272 272 274 274 274 274 274 275 275 275 275 275 273 273 273 273 273 274 274 274 274 274 275 275 275 275 275 274 274 274 274 274 276 276 276 276 276 277 277 277 277 277 275 275 275 275 275 276 276 276 276 276 277 277 277 277 277 276 276 276 276 276 278 278 278 278 278 279 279 279 279 279 277 277 277 277 277 278 278 278 278 278 279 279 279 279 279 278 278 278 278 278 280 280 280 280 280 281 281 281 281 281 279 279 279 279 279 280 280 280 280 280 282 282 282 282 282 283 283 283 283 283 284 284 284 284 284 285 285 285 285 285 282 282 282 282 282 284 284 284 284 284 285 285 285 285 285 284 284 284 284 284 286 286 286 286 286 287 287 287 287 287 285 285 285 285 285 286 286 286 286 286 287 287 287 287 287 286 286 286 286 286 288 288 288 288 288 289 289 289 289 289 287 287 287 287 287 288 288 288 288 288 289 289 289 289 289 288 288 288 288 288 290 290 290 290 290 291 291 291 291 291 289 289 289 289 289 290 290 290 290 290 291 291 291 291 291 290 290 290 290 290 292 292 292 292 292 293 293 293 293 293 291 291 291 291 291 292 292 292 292 292 293 293 293 293 293 292 292 292 292 292 294 294 294 294 294 295 295 295 295 295 293 293 293 293 293 294 294 294 294 294 295 295 295 295 295 294 294 294 294 294 296 296 296 296 296 297 297 297 297 297 295 295 295 295 295 296 296 296 296 296 297 297 297 297 297 296 296 296 296 296 298 298 298 298 298 299 299 299 299 299 297 297 297 297 297 298 298 298 298 298 299 299 299 299 299 298 298 298 298 298 300 300 300 300 300 301 301 301 301 301 299 299 299 299 299 300 300 300 300 300 301 301 301 301 301 300 300 300 300 300 302 302 302 302 302 303 303 303 303 303 301 301 301 301 301 302 302 302 302 302 303 303 303 303 303 302 302 302 302 302 304 304 304 304 304 305 305 305 305 305 303 303 303 303 303 304 304 304 304 304 305 305 305 305 305 304 304 304 304 304 306 306 306 306 306 307 307 307 307 307 305 305 305 305 305 306 306 306 306 306 308 308 308 308 308 309 309 309 309 309 310 310 310 310 310 309 309 309 309 309 311 311 311 311 311 310 310 310 310 310 309 309 309 309 309 312 312 312 312 312 311 311 311 311 311 310 310 310 310 310 311 311 311 311 311 313 313 313 313 313 312 312 312 312 312 314 314 314 314 314 311 311 311 311 311 312 312 312 312 312 315 315 315 315 315 314 314 314 314 314 311 311 311 311 311 316 316 316 316 316 313 313 313 313 313 311 311 311 311 311 314 314 314 314 314 316 316 316 316 316 313 313 313 313 313 316 316 316 316 316 317 317 317 317 317 315 315 315 315 315 318 318 318 318 318 314 314 314 314 314 316 316 316 316 316 319 319 319 319 319 317 317 317 317 317 320 320 320 320 320 317 317 317 317 317 319 319 319 319 319 314 314 314 314 314 321 321 321 321 321 316 316 316 316 316 316 316 316 316 316 321 321 321 321 321 319 319 319 319 319 314 314 314 314 314 318 318 318 318 318 321 321 321 321 321 322 322 322 322 322 320 320 320 320 320 319 319 319 319 319 320 320 320 320 320 322 322 322 322 322 323 323 323 323 323 321 321 321 321 321 324 324 324 324 324 319 319 319 319 319 322 322 322 322 322 319 319 319 319 319 324 324 324 324 324 318 318 318 318 318 325 325 325 325 325 321 321 321 321 321 321 321 321 321 321 325 325 325 325 325 324 324 324 324 324 318 318 318 318 318 326 326 326 326 326 327 327 327 327 327 325 325 325 325 325 318 318 318 318 318 327 327 327 327 327 325 325 325 325 325 327 327 327 327 327 328 328 328 328 328 329 329 329 329 329 325 325 325 325 325 328 328 328 328 328 325 325 325 325 325 329 329 329 329 329 324 324 324 324 324 329 329 329 329 329 328 328 328 328 328 330 330 330 330 330 331 331 331 331 331 324 324 324 324 324 329 329 329 329 329 331 331 331 331 331 322 322 322 322 322 324 324 324 324 324 332 332 332 332 332 329 329 329 329 329 330 330 330 330 330 332 332 332 332 332 331 331 331 331 331 329 329 329 329 329 332 332 332 332 332 330 330 330 330 330 333 333 333 333 333 322 322 322 322 322 331 331 331 331 331 334 334 334 334 334 322 322 322 322 322 334 334 334 334 334 323 323 323 323 323 323 323 323 323 323 334 334 334 334 334 335 335 335 335 335 331 331 331 331 331 332 332 332 332 332 336 336 336 336 336 331 331 331 331 331 336 336 336 336 336 334 334 334 334 334 337 337 337 337 337 332 332 332 332 332 333 333 333 333 333 332 332 332 332 332 337 337 337 337 337 336 336 336 336 336 337 337 337 337 337 333 333 333 333 333 338 338 338 338 338 334 334 334 334 334 339 339 339 339 339 335 335 335 335 335 334 334 334 334 334 336 336 336 336 336 339 339 339 339 339 335 335 335 335 335 339 339 339 339 339 340 340 340 340 340 336 336 336 336 336 337 337 337 337 337 341 341 341 341 341 336 336 336 336 336 341 341 341 341 341 339 339 339 339 339 342 342 342 342 342 337 337 337 337 337 338 338 338 338 338 337 337 337 337 337 342 342 342 342 342 341 341 341 341 341 342 342 342 342 342 338 338 338 338 338 343 343 343 343 343 339 339 339 339 339 344 344 344 344 344 340 340 340 340 340 339 339 339 339 339 341 341 341 341 341 344 344 344 344 344 340 340 340 340 340 344 344 344 344 344 345 345 345 345 345 341 341 341 341 341 342 342 342 342 342 346 346 346 346 346 341 341 341 341 341 346 346 346 346 346 344 344 344 344 344 347 347 347 347 347 342 342 342 342 342 343 343 343 343 343 342 342 342 342 342 347 347 347 347 347 346 346 346 346 346 347 347 347 347 347 343 343 343 343 343 348 348 348 348 348 344 344 344 344 344 349 349 349 349 349 345 345 345 345 345 344 344 344 344 344 346 346 346 346 346 349 349 349 349 349 345 345 345 345 345 349 349 349 349 349 350 350 350 350 350 346 346 346 346 346 347 347 347 347 347 351 351 351 351 351 346 346 346 346 346 351 351 351 351 351 349 349 349 349 349 352 352 352 352 352 347 347 347 347 347 348 348 348 348 348 347 347 347 347 347 352 352 352 352 352 351 351 351 351 351 352 352 352 352 352 348 348 348 348 348 353 353 353 353 353 349 349 349 349 349 354 354 354 354 354 350 350 350 350 350 349 349 349 349 349 351 351 351 351 351 354 354 354 354 354 350 350 350 350 350 354 354 354 354 354 355 355 355 355 355 351 351 351 351 351 352 352 352 352 352 356 356 356 356 356 351 351 351 351 351 356 356 356 356 356 354 354 354 354 354 357 357 357 357 357 352 352 352 352 352 353 353 353 353 353 352 352 352 352 352 357 357 357 357 357 356 356 356 356 356 357 357 357 357 357 353 353 353 353 353 358 358 358 358 358 354 354 354 354 354 359 359 359 359 359 355 355 355 355 355 354 354 354 354 354 356 356 356 356 356 359 359 359 359 359 355 355 355 355 355 359 359 359 359 359 360 360 360 360 360 356 356 356 356 356 357 357 357 357 357 361 361 361 361 361 356 356 356 356 356 361 361 361 361 361 359 359 359 359 359 362 362 362 362 362 357 357 357 357 357 358 358 358 358 358 357 357 357 357 357 362 362 362 362 362 361 361 361 361 361 362 362 362 362 362 358 358 358 358 358 363 363 363 363 363 359 359 359 359 359 364 364 364 364 364 360 360 360 360 360 359 359 359 359 359 361 361 361 361 361 364 364 364 364 364 360 360 360 360 360 364 364 364 364 364 365 365 365 365 365 361 361 361 361 361 362 362 362 362 362 366 366 366 366 366 361 361 361 361 361 366 366 366 366 366 364 364 364 364 364 367 367 367 367 367 362 362 362 362 362 363 363 363 363 363 362 362 362 362 362 367 367 367 367 367 366 366 366 366 366 367 367 367 367 367 363 363 363 363 363 368 368 368 368 368 364 364 364 364 364 369 369 369 369 369 365 365 365 365 365 364 364 364 364 364 366 366 366 366 366 369 369 369 369 369 365 365 365 365 365 369 369 369 369 369 370 370 370 370 370 366 366 366 366 366 367 367 367 367 367 371 371 371 371 371 366 366 366 366 366 371 371 371 371 371 369 369 369 369 369 372 372 372 372 372 367 367 367 367 367 368 368 368 368 368 367 367 367 367 367 372 372 372 372 372 371 371 371 371 371 372 372 372 372 372 368 368 368 368 368 373 373 373 373 373 369 369 369 369 369 374 374 374 374 374 370 370 370 370 370 369 369 369 369 369 371 371 371 371 371 374 374 374 374 374 370 370 370 370 370 374 374 374 374 374 375 375 375 375 375 371 371 371 371 371 372 372 372 372 372 376 376 376 376 376 371 371 371 371 371 376 376 376 376 376 374 374 374 374 374 377 377 377 377 377 372 372 372 372 372 373 373 373 373 373 372 372 372 372 372 377 377 377 377 377 376 376 376 376 376 377 377 377 377 377 373 373 373 373 373 378 378 378 378 378 374 374 374 374 374 379 379 379 379 379 375 375 375 375 375 374 374 374 374 374 376 376 376 376 376 379 379 379 379 379 375 375 375 375 375 379 379 379 379 379 380 380 380 380 380 376 376 376 376 376 377 377 377 377 377 381 381 381 381 381 376 376 376 376 376 381 381 381 381 381 379 379 379 379 379 382 382 382 382 382 377 377 377 377 377 378 378 378 378 378 377 377 377 377 377 382 382 382 382 382 381 381 381 381 381 382 382 382 382 382 378 378 378 378 378 383 383 383 383 383 379 379 379 379 379 384 384 384 384 384 380 380 380 380 380 379 379 379 379 379 381 381 381 381 381 384 384 384 384 384 380 380 380 380 380 384 384 384 384 384 385 385 385 385 385 381 381 381 381 381 382 382 382 382 382 386 386 386 386 386 381 381 381 381 381 386 386 386 386 386 384 384 384 384 384 387 387 387 387 387 382 382 382 382 382 383 383 383 383 383 382 382 382 382 382 387 387 387 387 387 386 386 386 386 386 387 387 387 387 387 383 383 383 383 383 388 388 388 388 388 384 384 384 384 384 389 389 389 389 389 385 385 385 385 385 384 384 384 384 384 386 386 386 386 386 389 389 389 389 389 385 385 385 385 385 389 389 389 389 389 390 390 390 390 390 386 386 386 386 386 387 387 387 387 387 391 391 391 391 391 386 386 386 386 386 391 391 391 391 391 389 389 389 389 389 392 392 392 392 392 387 387 387 387 387 388 388 388 388 388 387 387 387 387 387 392 392 392 392 392 391 391 391 391 391 392 392 392 392 392 388 388 388 388 388 393 393 393 393 393 389 389 389 389 389 394 394 394 394 394 390 390 390 390 390 389 389 389 389 389 391 391 391 391 391 394 394 394 394 394 390 390 390 390 390 394 394 394 394 394 395 395 395 395 395 391 391 391 391 391 392 392 392 392 392 396 396 396 396 396 391 391 391 391 391 396 396 396 396 396 394 394 394 394 394 397 397 397 397 397 392 392 392 392 392 393 393 393 393 393 392 392 392 392 392 397 397 397 397 397 396 396 396 396 396 397 397 397 397 397 393 393 393 393 393 398 398 398 398 398 394 394 394 394 394 399 399 399 399 399 395 395 395 395 395 394 394 394 394 394 396 396 396 396 396 399 399 399 399 399 395 395 395 395 395 399 399 399 399 399 400 400 400 400 400 396 396 396 396 396 397 397 397 397 397 401 401 401 401 401 396 396 396 396 396 401 401 401 401 401 399 399 399 399 399 402 402 402 402 402 397 397 397 397 397 398 398 398 398 398 397 397 397 397 397 402 402 402 402 402 401 401 401 401 401 402 402 402 402 402 398 398 398 398 398 403 403 403 403 403 399 399 399 399 399 404 404 404 404 404 400 400 400 400 400 399 399 399 399 399 401 401 401 401 401 404 404 404 404 404 400 400 400 400 400 404 404 404 404 404 405 405 405 405 405 401 401 401 401 401 402 402 402 402 402 406 406 406 406 406 401 401 401 401 401 406 406 406 406 406 404 404 404 404 404 407 407 407 407 407 402 402 402 402 402 403 403 403 403 403 402 402 402 402 402 407 407 407 407 407 406 406 406 406 406 407 407 407 407 407 403 403 403 403 403 408 408 408 408 408 404 404 404 404 404 409 409 409 409 409 405 405 405 405 405 404 404 404 404 404 406 406 406 406 406 409 409 409 409 409 405 405 405 405 405 409 409 409 409 409 410 410 410 410 410 406 406 406 406 406 407 407 407 407 407 411 411 411 411 411 406 406 406 406 406 411 411 411 411 411 409 409 409 409 409 412 412 412 412 412 407 407 407 407 407 408 408 408 408 408 407 407 407 407 407 412 412 412 412 412 411 411 411 411 411 412 412 412 412 412 408 408 408 408 408 413 413 413 413 413 409 409 409 409 409 414 414 414 414 414 410 410 410 410 410 409 409 409 409 409 411 411 411 411 411 414 414 414 414 414 410 410 410 410 410 414 414 414 414 414 415 415 415 415 415 411 411 411 411 411 412 412 412 412 412 416 416 416 416 416 411 411 411 411 411 416 416 416 416 416 414 414 414 414 414 417 417 417 417 417 412 412 412 412 412 413 413 413 413 413 412 412 412 412 412 417 417 417 417 417 416 416 416 416 416 417 417 417 417 417 413 413 413 413 413 418 418 418 418 418 419 419 419 419 419 417 417 417 417 417 418 418 418 418 418 417 417 417 417 417 419 419 419 419 419 420 420 420 420 420 416 416 416 416 416 417 417 417 417 417 420 420 420 420 420 414 414 414 414 414 416 416 416 416 416 421 421 421 421 421 416 416 416 416 416 420 420 420 420 420 421 421 421 421 421 414 414 414 414 414 421 421 421 421 421 415 415 415 415 415 415 415 415 415 415 421 421 421 421 421 422 422 422 422 422 421 421 421 421 421 423 423 423 423 423 422 422 422 422 422 421 421 421 421 421 420 420 420 420 420 423 423 423 423 423 420 420 420 420 420 424 424 424 424 424 423 423 423 423 423 </p>
        </triangles>
      </mesh>
    </geometry>
    <geometry id="polySurface33__GrassLandLeafCube-mesh" name="polySurface33__GrassLandLeafCube">
      <mesh>
        <source id="polySurface33__GrassLandLeafCube-position">
          <float_array id="polySurface33__GrassLandLeafCube-position-array" count="1152">-4.234657 16.55253 4.266955 -3.924236 16.67336 3.69265 -4.493629 16.53244 3.381649 -3.477397 17.02567 4.034702 -3.73637 17.00557 3.149395 -2.594701 17.32619 2.38029 -2.202787 17.21225 1.661454 -2.942636 17.19814 1.293036 -1.524429 17.52639 2.014209 -1.872364 17.39834 0.9269546 8.107096 11.5924 -1.099683 7.966739 11.75565 -1.722572 7.917423 12.38192 -1.523327 8.252099 11.19212 -1.910577 8.06243 11.98164 -2.334219 6.984549 13.94609 -3.240368 6.897827 13.93007 -2.418467 7.475624 13.33929 -2.397623 6.574775 14.68945 -2.46636 7.065849 14.08265 -1.623614 8.342446 10.58278 -0.07807475 8.353738 10.01967 0.0132988 8.43092 9.95007 -0.5477519 8.483524 10.13051 0.5577679 8.572 9.497799 0.08809111 8.631243 8.41981 2.448526 8.456189 9.185855 2.191937 8.548283 9.438067 2.973739 8.669799 8.948583 1.429463 8.586837 9.96684 1.954676 7.669775 13.02405 3.125988 7.433296 12.99493 3.917524 7.991055 12.39575 4.032408 7.132705 13.75952 3.826148 7.453984 13.13122 4.732569 -8.589122 9.925203 2.957262 -8.330341 10.27114 2.252515 -8.440604 9.538557 1.885803 -8.523677 11.00684 2.576011 -8.375157 10.62019 1.504552 -8.411017 10.186 -3.071348 -8.356515 10.32989 -2.52189 -8.200501 10.85099 -2.694214 -8.701332 9.893672 -2.393846 -8.490817 10.55866 -2.016711 -7.855932 12.78617 -1.691849 -7.9806 12.03573 -1.368425 -8.066329 12.39915 -0.6309401 -8.183406 11.77429 -2.125933 -8.393803 11.38727 -1.065024 -7.362647 13.66666 0.3160817 -7.141503 13.91577 -0.2582234 -7.583947 13.53065 -0.5692245 -6.904539 14.4331 0.08382833 -7.12584 14.2971 -0.8014786 2.596671 17.3455 0.3178836 2.893471 17.19427 -0.2564215 2.409285 17.52538 -0.5674226 3.453828 17.09534 0.08563015 3.266443 17.27522 -0.7996768 3.989406 16.69238 -2.231745 3.292704 16.98702 -1.898438 3.66736 16.96014 -1.162086 3.087348 17.26928 -2.647747 2.765301 17.53704 -1.578089 0.5061291 17.59536 -0.07968528 -0.2616683 17.5452 0.2224234 0.04954423 17.72849 0.9659654 -0.541302 17.66594 -0.5460371 -0.9978884 17.79906 0.4996135 -1.187442 17.66484 -2.464647 -0.5512878 17.49289 -2.473798 -0.5366505 17.66776 -3.109051 -0.5469585 17.56093 -1.818288 0.1038314 17.56386 -2.462693 -0.4806329 17.62753 4.212245 -0.1504555 17.58346 3.63794 -0.7171234 17.73497 3.326939 0.4109534 17.67624 3.979992 0.1744635 17.78368 3.094685 0.9596338 17.61835 -4.300626 0.1918363 17.56819 -3.998518 0.5030488 17.75148 -3.254976 -0.08779743 17.68892 -4.766978 -0.5443837 17.82205 -3.721328 1.457028 17.79183 -0.6084101 2.018794 17.49457 -1.136954 1.554389 17.79142 -1.753006 2.562449 17.49391 -0.5142741 2.65981 17.49349 -1.65887 -4.110483 7.398789 6.983167 -4.910252 7.299525 6.799257 -5.072334 7.342673 7.608686 -4.737161 7.559659 6.033971 -5.699011 7.503541 6.65949 -0.4123169 7.056852 8.638535 -0.08213945 7.012781 8.064231 -0.6488074 7.16429 7.75323 0.4792694 7.105563 8.406281 0.2427795 7.213002 7.520975 -1.197109 7.025819 -7.958509 -1.331068 6.990602 -8.607817 -1.957386 7.15769 -8.464302 -0.6816297 7.06705 -8.722591 -1.441907 7.198922 -9.228385 5.817461 7.466675 6.506501 5.017693 7.367412 6.322591 4.855611 7.41056 7.13202 5.190783 7.627546 5.557306 4.228933 7.571428 6.182825 1.159121 7.866024 -1.53803 1.664615 7.67439 -1.923436 1.248155 7.694129 -2.440118 2.077335 7.896515 -1.453211 2.166369 7.724621 -2.3553 2.760024 7.613953 3.43413 1.998378 7.362607 3.234066 1.820851 7.351572 4.041327 2.125776 7.671811 2.478119 1.186602 7.409428 3.085315 -4.738283 7.437912 -6.925225 -5.540002 7.299978 -7.071947 -5.686192 7.475023 -6.277406 -5.386605 7.431444 -7.873494 -6.334514 7.468554 -7.225675 -0.2645395 7.350353 -4.47497 0.05070957 7.247275 -5.050104 -0.5212153 7.37844 -5.360728 0.6216581 7.362289 -4.731391 0.364983 7.390377 -5.61715 4.6809 7.664028 -5.733913 3.881131 7.564764 -5.917823 3.719049 7.607913 -5.108394 4.054222 7.824899 -6.683108 3.092371 7.768781 -6.05759 -5.176705 16.00955 -4.821157 -4.996394 16.06046 -4.282201 -4.632007 16.46073 -4.462699 -5.489911 15.82732 -4.115861 -4.945213 16.2785 -3.757402 -5.087449 16.20138 -0.476377 -5.587318 15.62879 -0.1514528 -5.535079 16.03251 0.5679837 -5.838475 15.45343 -0.9192237 -6.286105 15.28456 0.1251372 8.544615 10.87649 -3.752575 8.147436 11.24065 -4.172956 8.320596 11.60637 -3.622184 8.453742 10.72949 -4.507587 8.091272 11.91046 -4.296609 8.173559 11.36852 -4.843818 8.573222 9.917735 3.9935 8.354065 10.35133 3.512817 8.363984 10.65148 4.126736 8.71965 9.844301 3.236481 8.381094 11.03152 3.45206 8.600907 10.53266 2.901854 7.481343 13.14066 1.808861 7.12174 13.52313 1.37127 7.080462 13.77342 2.005885 7.600023 13.16111 1.043741 6.951384 14.18494 1.362534 7.272488 13.80652 0.7678971 -6.380427 14.84995 -3.615142 -6.648248 14.38081 -3.305495 -6.564888 14.87383 -2.93444 -6.7362 14.32174 -3.919072 -7.034658 14.36039 -2.817672 -7.140536 14.01917 -3.426208 1.606562 17.68831 -2.195081 1.729536 17.45739 -2.826461 1.117986 17.76051 -2.791733 2.312172 17.54337 -2.479715 1.52164 17.6602 -3.445119 2.259686 17.52599 -3.252282 6.096032 15.2623 -0.09340118 6.301365 14.75779 -0.5061934 6.101556 15.30284 -0.8668612 6.566826 14.68526 0.1193936 6.575764 14.75085 -1.132091 6.863316 14.36916 -0.5225537 1.518417 17.58435 2.242883 1.694847 17.45498 1.595409 1.073401 17.73755 1.627736 2.247284 17.49805 1.995467 1.527235 17.74592 1.000139 2.252732 17.5979 1.227408 -3.322938 7.62291 6.532092 -2.991954 7.510437 5.944821 -3.647411 7.666347 5.830135 -2.555059 7.673688 6.444382 -3.080066 7.743969 5.308591 -2.404957 7.748506 5.688215 -2.66587 8.045462 -4.615157 -2.38317 7.741301 -5.157979 -3.013881 7.961621 -5.302015 -1.903821 7.955334 -4.720366 -2.466915 7.819678 -5.831725 -1.780861 7.815791 -5.472248 -2.389237 8.401543 1.695951 -1.801649 8.055773 1.648293 -1.983319 8.31395 1.042137 -1.91755 8.253432 2.292177 -1.260762 8.111705 1.234285 -1.220114 8.074302 2.00685 2.615834 7.102483 -7.74602 2.964274 6.950216 -8.313903 2.303401 7.054822 -8.453146 3.38116 7.189042 -7.827839 2.875634 7.111925 -8.971994 3.541724 7.194876 -8.585533 -7.708714 13.2547 2.290701 -7.503096 13.37742 1.650584 -8.057777 12.97821 1.656967 -7.268916 13.85597 2.07865 -7.833712 13.40859 1.053247 -7.346169 13.95108 1.31386 -4.493629 16.53244 3.381648 -4.234656 16.55253 4.266955 -3.73637 17.00557 3.149394 -3.477397 17.02567 4.034702 -2.942636 17.19814 1.293036 -2.594701 17.32619 2.38029 -1.872364 17.39834 0.9269546 -1.524429 17.52639 2.014209 7.917422 12.38192 -1.523327 8.107096 11.5924 -1.099683 8.062429 11.98164 -2.334219 8.252098 11.19212 -1.910577 7.475623 13.33929 -2.397623 6.984549 13.94609 -3.240368 7.065849 14.08265 -1.623614 6.574775 14.68945 -2.46636 8.342446 10.58278 -0.07807475 8.353737 10.01967 0.0132988 8.430919 9.95007 -0.5477518 8.572 9.497799 0.08809111 8.483524 10.13051 0.557768 8.320595 11.60637 -3.622184 8.544615 10.87649 -3.752575 8.132415 11.63949 -4.570213 8.453742 10.72949 -4.507587 8.631243 8.419811 2.448526 8.456188 9.185855 2.191937 8.548283 9.438067 2.973739 8.586837 9.96684 1.954676 8.669799 8.948583 1.429463 8.363984 10.65148 4.126736 8.573221 9.917735 3.9935 8.491001 10.78209 3.176957 8.71965 9.844301 3.236481 7.991055 12.39575 4.032408 7.669774 13.02405 3.125988 7.453984 13.13122 4.732569 7.132705 13.75952 3.826148 -8.440604 9.538557 1.885803 -8.589122 9.925203 2.957262 -8.375156 10.62019 1.504552 -8.523677 11.00684 2.576011 -8.2005 10.85099 -2.694214 -8.411017 10.186 -3.071348 -8.490817 10.55866 -2.016711 -8.701332 9.893673 -2.393846 -7.855932 12.78617 -1.691849 -7.9806 12.03573 -1.368425 -8.066329 12.39915 -0.63094 -8.393803 11.38727 -1.065024 -8.183406 11.77429 -2.125933 7.080462 13.77342 2.005885 7.481343 13.14066 1.808861 7.111936 13.99573 1.065216 7.600023 13.16111 1.043741 -7.583947 13.53065 -0.5692244 -7.362647 13.66666 0.3160817 -7.125839 14.2971 -0.8014784 -6.904539 14.4331 0.08382833 -6.564888 14.87383 -2.93444 -6.380426 14.84995 -3.615142 -7.087596 14.18978 -3.12194 -6.7362 14.32174 -3.919072 1.117986 17.76051 -2.791733 1.606562 17.68831 -2.195081 1.890663 17.5931 -3.348701 2.312172 17.54337 -2.479715 2.409285 17.52538 -0.5674226 2.596671 17.3455 0.3178836 3.266443 17.27522 -0.7996767 3.453827 17.09534 0.08563014 6.101556 15.30284 -0.8668612 6.096032 15.2623 -0.09340118 6.71954 14.56001 -0.8273221 6.566826 14.68526 0.1193936 3.667359 16.96014 -1.162086 3.989406 16.69238 -2.231745 2.765301 17.53704 -1.578089 3.087348 17.26928 -2.647747 1.073401 17.73755 1.627736 1.518417 17.58435 2.242883 1.889983 17.67191 1.113773 2.247284 17.49805 1.995467 0.04954423 17.72849 0.9659654 0.5061291 17.59536 -0.07968528 -0.9978884 17.79906 0.4996135 -0.541302 17.66594 -0.5460371 -0.5366504 17.66776 -3.109051 -1.187442 17.66484 -2.464647 0.1038314 17.56386 -2.462693 -0.5469584 17.56093 -1.818288 -0.7171234 17.73497 3.326939 -0.4806329 17.62753 4.212245 0.1744635 17.78368 3.094685 0.4109534 17.67624 3.979992 0.5030488 17.75148 -3.254976 0.9596336 17.61835 -4.300625 -0.5443836 17.82205 -3.721328 -0.08779742 17.68892 -4.766977 1.554389 17.79142 -1.753006 1.457028 17.79183 -0.6084101 2.65981 17.49349 -1.65887 2.562449 17.49391 -0.514274 -5.072333 7.342673 7.608686 -4.110483 7.398789 6.983167 -5.699011 7.503541 6.65949 -4.737161 7.559659 6.033971 -0.6488073 7.16429 7.75323 -0.4123169 7.056852 8.638535 0.2427795 7.213003 7.520975 0.4792694 7.105563 8.406281 -3.647411 7.666347 5.830135 -3.322938 7.622911 6.532092 -2.742512 7.746238 5.498403 -2.555059 7.673688 6.444382 -1.957386 7.15769 -8.464302 -1.197109 7.025819 -7.958508 -1.441907 7.198922 -9.228384 -0.6816297 7.06705 -8.72259 4.855611 7.41056 7.13202 5.817461 7.466675 6.506501 4.228933 7.571428 6.182825 5.190783 7.627546 5.557306 -3.013881 7.961621 -5.302014 -2.66587 8.045462 -4.615157 -2.123889 7.817735 -5.651986 -1.903821 7.955334 -4.720366 1.248155 7.694129 -2.440118 1.159121 7.866024 -1.53803 2.166369 7.724621 -2.3553 2.077334 7.896515 -1.453211 1.82085 7.351572 4.041327 2.760024 7.613953 3.43413 1.186602 7.409428 3.085315 2.125775 7.67181 2.478119 -1.983319 8.31395 1.042137 -2.389237 8.401543 1.695951 -1.240438 8.093003 1.620567 -1.91755 8.253432 2.292177 2.303401 7.054823 -8.453145 2.615833 7.102483 -7.74602 3.208678 7.1534 -8.778763 3.381159 7.189042 -7.827839 -5.686192 7.475023 -6.277405 -4.738283 7.437912 -6.925225 -6.334513 7.468554 -7.225674 -5.386604 7.431444 -7.873494 -0.5212153 7.37844 -5.360727 -0.2645394 7.350353 -4.47497 0.364983 7.390377 -5.61715 0.6216581 7.362289 -4.731391 3.719049 7.607913 -5.108393 4.6809 7.664028 -5.733912 3.092371 7.768781 -6.057589 4.054222 7.824899 -6.683108 -4.632006 16.46073 -4.462698 -5.176704 16.00955 -4.821157 -4.945212 16.2785 -3.757402 -5.48991 15.82732 -4.115861 -5.535079 16.03251 0.5679837 -5.087449 16.20138 -0.476377 -6.286104 15.28456 0.1251372 -5.838475 15.45343 -0.9192236 -8.057777 12.97821 1.656967 -7.708714 13.2547 2.2907 -7.589941 13.67983 1.183553 -7.268916 13.85597 2.07865</float_array>
          <technique_common>
            <accessor source="#polySurface33__GrassLandLeafCube-position-array" count="384" stride="3">
              <param name="X" type="float" />
              <param name="Y" type="float" />
              <param name="Z" type="float" />
            </accessor>
          </technique_common>
        </source>
        <source id="polySurface33__GrassLandLeafCube-normal">
          <float_array id="polySurface33__GrassLandLeafCube-normal-array" count="1152">-0.2263252 0.4907238 -0.0190367 -0.268629 0.464284 0.06768604 -0.1861366 0.4938966 0.117393 -0.3426606 0.4177498 0.01692151 -0.302472 0.4209226 0.1522936 -0.06239808 0.5235093 -0.1163354 -0.1078746 0.5287973 -0.02749746 -0.0190367 0.5393732 0.01692151 -0.1935398 0.4991846 -0.07191642 -0.151236 0.5150485 0.06239808 0.5097606 0.1660423 -0.07085884 0.5213941 0.1385449 0.02432467 0.5383156 0.04441897 -0.005287972 0.4864935 0.2284404 0.05393732 0.5161061 0.1057594 0.1195082 0.4463049 0.3003568 0.05287972 0.44842 0.2971841 -0.04759175 0.386022 0.375446 -0.05076453 0.4970694 0.2083461 -0.04230378 0.4357289 0.2834353 -0.1470056 0.5393732 0.006345567 -0.02643986 0.5287973 0.1057594 -0.04230378 0.5235093 0.1195082 0.0571101 0.5139909 0.08778035 -0.1406601 0.4991846 0.200943 -0.05605251 0.526682 0.1216234 0.003172783 0.5383156 0.02643986 0.03384302 0.537258 -0.004230378 -0.06134048 0.5213941 0.05605251 0.1290265 0.53197 -0.06980123 0.06345567 0.4314986 0.2929537 0.1396025 0.4537081 0.2918961 0.04124618 0.3923675 0.3701581 0.02749746 0.498127 0.2020005 0.05393732 0.458996 0.2802625 -0.0581677 -0.5129333 0.04864934 -0.1649847 -0.5351428 0.005287972 -0.0761468 -0.5309125 0.0962411 -0.03172784 -0.5203365 -0.08566516 -0.117393 -0.5393732 -0.03701581 0.01480632 -0.4812055 0.2464195 -0.01692151 -0.4822631 0.2168069 -0.1131626 -0.5182213 0.1269113 -0.08460756 -0.4293834 0.2982416 -0.1374873 -0.4663992 0.1797911 -0.2051733 -0.5330276 0.08989553 0.004230378 -0.5087029 0.1797911 -0.03490062 -0.5065877 0.1374873 -0.1269113 -0.492839 0.2146917 0.0571101 -0.4663992 0.263341 -0.07297403 -0.425153 0.3331423 -0.0190367 -0.4505352 0.2897809 0.06768604 -0.3913099 0.3542942 0.117393 -0.4949542 0.2157493 0.01692151 -0.4611112 0.2369012 0.1522936 0.2157493 0.4949542 -0.0190367 0.1670999 0.5097606 0.06768604 0.2443043 0.4674568 0.117393 0.08354997 0.5340852 0.01692151 0.1131626 0.5055302 0.1522936 0.2178645 0.4938966 0.01797911 0.2982416 0.4505352 -0.02326708 0.2569955 0.4611112 -0.1142202 0.3289119 0.4230378 0.06874365 0.3691005 0.3902524 -0.06239808 -0.0380734 0.5393732 -0.007403161 0.05605251 0.5362004 -0.04441897 0.01797911 0.5224517 -0.1364297 0.09095313 0.5298548 0.04970694 0.1470056 0.5139909 -0.07931959 0.1406601 0.5192789 0.04441897 0.04230378 0.537258 0.04441897 0.04018859 0.5192789 0.1438328 0.04230378 0.5362004 -0.05605251 -0.05922529 0.5351428 0.04336137 0.039131 0.5383156 -0.0190367 -0.01163354 0.5362004 0.06768604 0.07508921 0.5224517 0.117393 -0.09835629 0.5309125 0.01692151 -0.06134048 0.5150485 0.1522936 -0.0380734 0.5393732 -0.007403161 0.05605251 0.5362004 -0.04441897 0.01797911 0.5224517 -0.1364297 0.09095313 0.5298548 0.04970694 0.1470056 0.5139909 -0.07931959 0.2115189 0.4949542 -0.05287972 0.1396025 0.5224517 0.01163354 0.1998854 0.4949542 0.08778035 0.07508921 0.5309125 -0.06451327 0.06345567 0.5309125 0.0761468 -0.07931959 0.53197 0.05605251 0.0190367 0.5340852 0.07826199 0.04018859 0.5383156 -0.02115189 -0.002115189 0.5118757 0.1734455 0.117393 0.5182213 0.0962411 0.039131 0.5383156 -0.0190367 -0.01163354 0.5362004 0.06768604 0.07508921 0.5224517 0.117393 -0.09835629 0.5309125 0.01692151 -0.06134048 0.5150485 0.1522936 0.03067024 0.5383156 -0.03595821 0.05076453 0.5340852 0.06345567 0.1480632 0.5182213 0.04230378 -0.04864934 0.53197 0.08143478 0.06874365 0.5118757 0.1596968 -0.07931959 0.53197 0.05605251 0.0190367 0.5340852 0.07826199 0.04018859 0.5383156 -0.02115189 -0.002115189 0.5118757 0.1734455 0.117393 0.5182213 0.0962411 0.06980123 0.5108181 -0.1628696 -0.008460755 0.5309125 -0.1015291 0.05605251 0.537258 -0.02432467 -0.07191642 0.5055302 -0.1755607 -0.08566516 0.53197 -0.03701581 -0.1840214 0.503415 0.06768604 -0.08883794 0.5256245 0.08989553 -0.06768604 0.5362004 -0.007403161 -0.1057594 0.4970694 0.185079 0.01057594 0.5287973 0.1099898 -0.08566516 0.5330276 -0.03067024 0.01269113 0.5404308 -0.01269113 0.03067024 0.5277396 -0.1110474 -0.006345567 0.5330276 0.08672275 0.1110474 0.5287973 0.006345567 0.04653416 0.5340852 -0.06980123 -0.002115189 0.5404308 0.01797911 0.08566516 0.5298548 0.06557086 -0.08989553 0.53197 -0.03067024 -0.05076453 0.5277396 0.1047019 -0.07931959 0.53197 0.05605251 0.0190367 0.5340852 0.07826199 0.04018859 0.5383156 -0.02115189 -0.002115189 0.5118757 0.1734455 0.117393 0.5182213 0.0962411 -0.3035296 0.4431321 0.05922529 -0.3299695 0.4262106 -0.03595821 -0.4008283 0.3627549 -0.004230378 -0.2474771 0.4759175 -0.06662845 -0.3447758 0.3955404 -0.1311417 -0.4188074 0.3384302 -0.04653416 -0.3500638 0.4018859 -0.08566516 -0.3627549 0.3595821 -0.1755607 -0.3257391 0.4314986 0.008460755 -0.2707442 0.4515928 -0.1205658 0.4357289 0.2569955 -0.1893094 0.503415 0.1713303 -0.09412591 0.4843783 0.09835629 -0.2178645 0.4558232 0.2887233 -0.02432467 0.5351428 0.03172784 -0.07085884 0.5171637 0.1501784 0.04864934 0.4886087 0.2305556 -0.01480632 0.5171637 0.1311417 0.08672275 0.5340852 0.07085884 -0.04336137 0.4568808 0.2474771 0.1501784 0.5298548 -0.01163354 0.1036443 0.4822631 0.09729869 0.2231524 0.4008283 0.3616973 -0.01374873 0.4621688 0.268629 0.07931959 0.4886087 0.22421 -0.05605251 0.375446 0.3574669 0.1533512 0.5171637 0.1343145 0.08354997 0.4463049 0.2168069 0.2136341 -0.4812055 0.2411315 -0.05182213 -0.4018859 0.3405454 -0.1205658 -0.4367865 0.234786 -0.2146917 -0.3955404 0.3669853 0.02115189 -0.3246815 0.3574669 -0.2421891 -0.2992992 0.4399593 -0.0962411 0.1321993 0.5002422 -0.1575816 0.1015291 0.5309125 -0.0190367 0.2379588 0.4843783 -0.02749746 -0.02220948 0.53197 -0.09518351 0.1501784 0.5065877 0.1152778 -0.01057594 0.5351428 0.07297403 0.4748599 0.2485347 -0.06768604 0.414577 0.3458334 0.02115189 0.4738023 0.2400739 0.1004715 0.3722733 0.3743884 -0.1142202 0.3701581 0.3606397 0.1586392 0.30776 0.4431321 0.02538227 0.1279689 0.5203365 -0.06874365 0.08566516 0.5287973 0.06980123 0.2252676 0.4875511 0.06451327 -0.03067024 0.5393732 -0.01480632 0.1258537 0.4854358 0.2020005 -0.03172784 0.5171637 0.1522936 0.04124618 0.5330276 -0.07931959 -0.03067024 0.537258 0.04759175 0.112105 0.5235093 0.07403161 -0.1269113 0.5224517 -0.06028289 -0.01163354 0.5065877 0.1871942 -0.1596968 0.5055302 0.1047019 0.1142202 0.4843783 -0.2115189 0.05076453 0.5309125 -0.08989553 0.1893094 0.5023574 -0.06239808 -0.05182213 0.503415 -0.1893094 0.07085884 0.5330276 0.05287972 -0.07931959 0.5340852 -0.02538227 0.2749746 0.4653416 0.008460755 0.1417177 0.5213941 0.01797911 0.1861366 0.4843783 0.1501784 0.1713303 0.498127 -0.1216234 0.02855505 0.5287973 0.1089322 0.0200943 0.537258 -0.05922529 0.01163354 0.5235093 -0.1332569 -0.06134048 0.537258 -0.008460755 0.08037718 0.5340852 0.02115189 -0.1544088 0.5044726 -0.1152778 -0.04441897 0.5213941 0.1343145 -0.190367 0.503415 0.04970694 -0.3870796 0.3733309 -0.05287972 -0.4166922 0.3341999 0.08354997 -0.3109328 0.4336137 0.08566516 -0.4833207 0.2421891 -0.006345567 -0.3595821 0.3394878 0.2168069 -0.4663992 0.2210372 0.1596968 -0.268629 0.464284 0.06768604 -0.268629 0.464284 0.06768604 -0.268629 0.464284 0.06768604 -0.268629 0.464284 0.06768604 -0.1078746 0.5287973 -0.02749746 -0.1078746 0.5287973 -0.02749746 -0.1078746 0.5287973 -0.02749746 -0.1078746 0.5287973 -0.02749746 0.5213941 0.1385449 0.02432467 0.5213941 0.1385449 0.02432467 0.5213941 0.1385449 0.02432467 0.5213941 0.1385449 0.02432467 0.44842 0.2971841 -0.04759175 0.44842 0.2971841 -0.04759175 0.44842 0.2971841 -0.04759175 0.44842 0.2971841 -0.04759175 0.5393732 0.006345567 -0.02643986 0.5287973 0.1057594 -0.04230378 0.5235093 0.1195082 0.0571101 0.4991846 0.200943 -0.05605251 0.5139909 0.08778035 -0.1406601 0.503415 0.1713303 -0.09412591 0.503415 0.1713303 -0.09412591 0.503415 0.1713303 -0.09412591 0.503415 0.1713303 -0.09412591 0.526682 0.1216234 0.003172783 0.5383156 0.02643986 0.03384302 0.537258 -0.004230378 -0.06134048 0.53197 -0.06980123 0.06345567 0.5213941 0.05605251 0.1290265 0.5171637 0.1311417 0.08672275 0.5171637 0.1311417 0.08672275 0.5171637 0.1311417 0.08672275 0.5171637 0.1311417 0.08672275 0.4537081 0.2918961 0.04124618 0.4537081 0.2918961 0.04124618 0.4537081 0.2918961 0.04124618 0.4537081 0.2918961 0.04124618 -0.5351428 0.005287972 -0.0761468 -0.5351428 0.005287972 -0.0761468 -0.5351428 0.005287972 -0.0761468 -0.5351428 0.005287972 -0.0761468 -0.4822631 0.2168069 -0.1131626 -0.4822631 0.2168069 -0.1131626 -0.4822631 0.2168069 -0.1131626 -0.4822631 0.2168069 -0.1131626 -0.5330276 0.08989553 0.004230378 -0.5087029 0.1797911 -0.03490062 -0.5065877 0.1374873 -0.1269113 -0.4663992 0.263341 -0.07297403 -0.492839 0.2146917 0.0571101 0.4621688 0.268629 0.07931959 0.4621688 0.268629 0.07931959 0.4621688 0.268629 0.07931959 0.4621688 0.268629 0.07931959 -0.4505352 0.2897809 0.06768604 -0.4505352 0.2897809 0.06768604 -0.4505352 0.2897809 0.06768604 -0.4505352 0.2897809 0.06768604 -0.4018859 0.3405454 -0.1205658 -0.4018859 0.3405454 -0.1205658 -0.4018859 0.3405454 -0.1205658 -0.4018859 0.3405454 -0.1205658 0.1015291 0.5309125 -0.0190367 0.1015291 0.5309125 -0.0190367 0.1015291 0.5309125 -0.0190367 0.1015291 0.5309125 -0.0190367 0.1670999 0.5097606 0.06768604 0.1670999 0.5097606 0.06768604 0.1670999 0.5097606 0.06768604 0.1670999 0.5097606 0.06768604 0.414577 0.3458334 0.02115189 0.414577 0.3458334 0.02115189 0.414577 0.3458334 0.02115189 0.414577 0.3458334 0.02115189 0.2982416 0.4505352 -0.02326708 0.2982416 0.4505352 -0.02326708 0.2982416 0.4505352 -0.02326708 0.2982416 0.4505352 -0.02326708 0.08566516 0.5287973 0.06980123 0.08566516 0.5287973 0.06980123 0.08566516 0.5287973 0.06980123 0.08566516 0.5287973 0.06980123 0.05605251 0.5362004 -0.04441897 0.05605251 0.5362004 -0.04441897 0.05605251 0.5362004 -0.04441897 0.05605251 0.5362004 -0.04441897 0.04230378 0.537258 0.04441897 0.04230378 0.537258 0.04441897 0.04230378 0.537258 0.04441897 0.04230378 0.537258 0.04441897 -0.01163354 0.5362004 0.06768604 -0.01163354 0.5362004 0.06768604 -0.01163354 0.5362004 0.06768604 -0.01163354 0.5362004 0.06768604 0.05605251 0.5362004 -0.04441897 0.05605251 0.5362004 -0.04441897 0.05605251 0.5362004 -0.04441897 0.05605251 0.5362004 -0.04441897 0.1396025 0.5224517 0.01163354 0.1396025 0.5224517 0.01163354 0.1396025 0.5224517 0.01163354 0.1396025 0.5224517 0.01163354 0.0190367 0.5340852 0.07826199 0.0190367 0.5340852 0.07826199 0.0190367 0.5340852 0.07826199 0.0190367 0.5340852 0.07826199 -0.01163354 0.5362004 0.06768604 -0.01163354 0.5362004 0.06768604 -0.01163354 0.5362004 0.06768604 -0.01163354 0.5362004 0.06768604 -0.03067024 0.537258 0.04759175 -0.03067024 0.537258 0.04759175 -0.03067024 0.537258 0.04759175 -0.03067024 0.537258 0.04759175 0.05076453 0.5340852 0.06345567 0.05076453 0.5340852 0.06345567 0.05076453 0.5340852 0.06345567 0.05076453 0.5340852 0.06345567 0.0190367 0.5340852 0.07826199 0.0190367 0.5340852 0.07826199 0.0190367 0.5340852 0.07826199 0.0190367 0.5340852 0.07826199 0.05076453 0.5309125 -0.08989553 0.05076453 0.5309125 -0.08989553 0.05076453 0.5309125 -0.08989553 0.05076453 0.5309125 -0.08989553 -0.008460755 0.5309125 -0.1015291 -0.008460755 0.5309125 -0.1015291 -0.008460755 0.5309125 -0.1015291 -0.008460755 0.5309125 -0.1015291 -0.08883794 0.5256245 0.08989553 -0.08883794 0.5256245 0.08989553 -0.08883794 0.5256245 0.08989553 -0.08883794 0.5256245 0.08989553 0.1417177 0.5213941 0.01797911 0.1417177 0.5213941 0.01797911 0.1417177 0.5213941 0.01797911 0.1417177 0.5213941 0.01797911 -0.06134048 0.537258 -0.008460755 -0.06134048 0.537258 -0.008460755 -0.06134048 0.537258 -0.008460755 -0.06134048 0.537258 -0.008460755 0.01269113 0.5404308 -0.01269113 0.01269113 0.5404308 -0.01269113 0.01269113 0.5404308 -0.01269113 0.01269113 0.5404308 -0.01269113 -0.002115189 0.5404308 0.01797911 -0.002115189 0.5404308 0.01797911 -0.002115189 0.5404308 0.01797911 -0.002115189 0.5404308 0.01797911 0.0190367 0.5340852 0.07826199 0.0190367 0.5340852 0.07826199 0.0190367 0.5340852 0.07826199 0.0190367 0.5340852 0.07826199 -0.3299695 0.4262106 -0.03595821 -0.3299695 0.4262106 -0.03595821 -0.3299695 0.4262106 -0.03595821 -0.3299695 0.4262106 -0.03595821 -0.3500638 0.4018859 -0.08566516 -0.3500638 0.4018859 -0.08566516 -0.3500638 0.4018859 -0.08566516 -0.3500638 0.4018859 -0.08566516 -0.4166922 0.3341999 0.08354997 -0.4166922 0.3341999 0.08354997 -0.4166922 0.3341999 0.08354997 -0.4166922 0.3341999 0.08354997</float_array>
          <technique_common>
            <accessor source="#polySurface33__GrassLandLeafCube-normal-array" count="384" stride="3">
              <param name="X" type="float" />
              <param name="Y" type="float" />
              <param name="Z" type="float" />
            </accessor>
          </technique_common>
        </source>
        <source id="polySurface33__GrassLandLeafCube-texcoord">
          <float_array id="polySurface33__GrassLandLeafCube-texcoord-array" count="768">0.980957 0.1049805 0.84375 0.2421875 0.706543 0.1049805 0.980957 0.3793945 0.706543 0.3793945 0.9907227 0.7124023 0.8535156 0.8497314 0.7163086 0.7124023 0.9907227 0.9869156 0.7163086 0.9869156 0.9902344 0.7182617 0.855957 0.8522949 0.722168 0.7182617 0.9902344 0.9862823 0.722168 0.9862823 0.9907227 0.7124023 0.8535156 0.8497314 0.7163086 0.7124023 0.9907227 0.9869156 0.7163086 0.9869156 0.980957 0.1049805 0.84375 0.2421875 0.706543 0.1049805 0.980957 0.3793945 0.706543 0.3793945 0.9907227 0.7124023 0.8535156 0.8497314 0.7163086 0.7124023 0.9907227 0.9869156 0.7163086 0.9869156 0.9907227 0.7124023 0.8535156 0.8497314 0.7163086 0.7124023 0.9907227 0.9869156 0.7163086 0.9869156 0.9907227 0.7124023 0.8535156 0.8497314 0.7163086 0.7124023 0.9907227 0.9869156 0.7163086 0.9869156 0.980957 0.1049805 0.84375 0.2421875 0.706543 0.1049805 0.980957 0.3793945 0.706543 0.3793945 0.9907227 0.7124023 0.8535156 0.8497314 0.7163086 0.7124023 0.9907227 0.9869156 0.7163086 0.9869156 0.980957 0.1049805 0.84375 0.2421875 0.706543 0.1049805 0.980957 0.3793945 0.706543 0.3793945 0.980957 0.1049805 0.84375 0.2421875 0.706543 0.1049805 0.980957 0.3793945 0.706543 0.3793945 0.9907227 0.7124023 0.8535156 0.8497314 0.7163086 0.7124023 0.9907227 0.9869156 0.7163086 0.9869156 0.9907227 0.7124023 0.8535156 0.8497314 0.7163086 0.7124023 0.9907227 0.9869156 0.7163086 0.9869156 0.9902344 0.7182617 0.855957 0.8522949 0.722168 0.7182617 0.9902344 0.9862823 0.722168 0.9862823 0.980957 0.1049805 0.84375 0.2421875 0.706543 0.1049805 0.980957 0.3793945 0.706543 0.3793945 0.9907227 0.7124023 0.8535156 0.8497314 0.7163086 0.7124023 0.9907227 0.9869156 0.7163086 0.9869156 0.9907227 0.7124023 0.8535156 0.8497314 0.7163086 0.7124023 0.9907227 0.9869156 0.7163086 0.9869156 0.9907227 0.7124023 0.8535156 0.8497314 0.7163086 0.7124023 0.9907227 0.9869156 0.7163086 0.9869156 0.980957 0.1049805 0.84375 0.2421875 0.706543 0.1049805 0.980957 0.3793945 0.706543 0.3793945 0.980957 0.1049805 0.84375 0.2421875 0.706543 0.1049805 0.980957 0.3793945 0.706543 0.3793945 0.9907227 0.7124023 0.8535156 0.8497314 0.7163086 0.7124023 0.9907227 0.9869156 0.7163086 0.9869156 0.980957 0.1049805 0.84375 0.2421875 0.706543 0.1049805 0.980957 0.3793945 0.706543 0.3793945 0.9907227 0.7124023 0.8535156 0.8497314 0.7163086 0.7124023 0.9907227 0.9869156 0.7163086 0.9869156 0.9907227 0.7124023 0.8535156 0.8497314 0.7163086 0.7124023 0.9907227 0.9869156 0.7163086 0.9869156 0.980957 0.1049805 0.84375 0.2421875 0.706543 0.1049805 0.980957 0.3793945 0.706543 0.3793945 0.9907227 0.7124023 0.8535156 0.8497314 0.7163086 0.7124023 0.9907227 0.9869156 0.7163086 0.9869156 0.980957 0.1049805 0.84375 0.2421875 0.706543 0.1049805 0.980957 0.3793945 0.706543 0.3793945 0.9907227 0.7124023 0.8535156 0.8497314 0.7163086 0.7124023 0.9907227 0.9869156 0.7163086 0.9869156 0.9360352 0.4047852 0.8354492 0.5366211 0.7329102 0.4003906 1 0.5917969 0.6713867 0.5842285 0.8364258 0.7026367 0.9360352 0.4047852 0.8354492 0.5366211 0.7329102 0.4003906 1 0.5917969 0.6713867 0.5842285 0.8364258 0.7026367 0.9360352 0.4047852 0.8354492 0.5366211 0.7329102 0.4003906 1 0.5917969 0.6713867 0.5842285 0.8364258 0.7026367 0.9360352 0.4047852 0.8354492 0.5366211 0.7329102 0.4003906 1 0.5917969 0.6713867 0.5842285 0.8364258 0.7026367 0.9360352 0.4047852 0.8354492 0.5366211 0.7329102 0.4003906 1 0.5917969 0.6713867 0.5842285 0.8364258 0.7026367 0.9360352 0.4047852 0.8354492 0.5366211 0.7329102 0.4003906 1 0.5917969 0.6713867 0.5842285 0.8364258 0.7026367 0.9360352 0.4047852 0.8354492 0.5366211 0.7329102 0.4003906 1 0.5917969 0.6713867 0.5842285 0.8364258 0.7026367 0.9360352 0.4047852 0.8354492 0.5366211 0.7329102 0.4003906 1 0.5917969 0.6713867 0.5842285 0.8364258 0.7026367 0.9360352 0.4047852 0.8354492 0.5366211 0.7329102 0.4003906 1 0.5917969 0.6713867 0.5842285 0.8364258 0.7026367 0.9360352 0.4047852 0.8354492 0.5366211 0.7329102 0.4003906 1 0.5917969 0.6713867 0.5842285 0.8364258 0.7026367 0.9360352 0.4047852 0.8354492 0.5366211 0.7329102 0.4003906 1 0.5917969 0.6713867 0.5842285 0.8364258 0.7026367 0.9360352 0.4047852 0.8354492 0.5366211 0.7329102 0.4003906 1 0.5917969 0.6713867 0.5842285 0.8364258 0.7026367 0.706543 0.1054688 0.980957 0.1054688 0.706543 0.3793945 0.980957 0.3793945 0.7163086 0.7124023 0.9907227 0.7124023 0.7163086 0.9869156 0.9907227 0.9869156 0.722168 0.7182617 0.9902344 0.7182617 0.722168 0.9862823 0.9902344 0.9862823 0.7163086 0.7124023 0.9907227 0.7124023 0.7163086 0.9869156 0.9907227 0.9869156 0.980957 0.1054688 0.84375 0.2421875 0.706543 0.1054688 0.706543 0.3793945 0.980957 0.3793945 0.7329102 0.4003906 0.9360352 0.4047852 0.7539063 0.6433105 1 0.5917969 0.9907227 0.7124023 0.8535156 0.8497314 0.7163086 0.7124023 0.7163086 0.9869156 0.9907227 0.9869156 0.7329102 0.4003906 0.9360352 0.4047852 0.7539063 0.6433105 1 0.5917969 0.7163086 0.7124023 0.9907227 0.7124023 0.7163086 0.9869156 0.9907227 0.9869156 0.7163086 0.7124023 0.9907227 0.7124023 0.7163086 0.9869156 0.9907227 0.9869156 0.706543 0.1054688 0.980957 0.1054688 0.706543 0.3793945 0.980957 0.3793945 0.9907227 0.7124023 0.8535156 0.8497314 0.7163086 0.7124023 0.7163086 0.9869156 0.9907227 0.9869156 0.7329102 0.4003906 0.9360352 0.4047852 0.7539063 0.6433105 1 0.5917969 0.706543 0.1054688 0.980957 0.1054688 0.706543 0.3793945 0.980957 0.3793945 0.7329102 0.4003906 0.9360352 0.4047852 0.7539063 0.6433105 1 0.5917969 0.7329102 0.4003906 0.9360352 0.4047852 0.7539063 0.6433105 1 0.5917969 0.706543 0.1054688 0.980957 0.1054688 0.706543 0.3793945 0.980957 0.3793945 0.7329102 0.4003906 0.9360352 0.4047852 0.7539063 0.6433105 1 0.5917969 0.7163086 0.7124023 0.9907227 0.7124023 0.7163086 0.9869156 0.9907227 0.9869156 0.7329102 0.4003906 0.9360352 0.4047852 0.7539063 0.6433105 1 0.5917969 0.7163086 0.7124023 0.9907227 0.7124023 0.7163086 0.9869156 0.9907227 0.9869156 0.722168 0.7182617 0.9902344 0.7182617 0.722168 0.9862823 0.9902344 0.9862823 0.706543 0.1054688 0.980957 0.1054688 0.706543 0.3793945 0.980957 0.3793945 0.7163086 0.7124023 0.9907227 0.7124023 0.7163086 0.9869156 0.9907227 0.9869156 0.7163086 0.7124023 0.9907227 0.7124023 0.7163086 0.9869156 0.9907227 0.9869156 0.7163086 0.7124023 0.9907227 0.7124023 0.7163086 0.9869156 0.9907227 0.9869156 0.706543 0.1054688 0.980957 0.1054688 0.706543 0.3793945 0.980957 0.3793945 0.7329102 0.4003906 0.9360352 0.4047852 0.7539063 0.6433105 1 0.5917969 0.706543 0.1054688 0.980957 0.1054688 0.706543 0.3793945 0.980957 0.3793945 0.7163086 0.7124023 0.9907227 0.7124023 0.7163086 0.9869156 0.9907227 0.9869156 0.7329102 0.4003906 0.9360352 0.4047852 0.7539063 0.6433105 1 0.5917969 0.706543 0.1054688 0.980957 0.1054688 0.706543 0.3793945 0.980957 0.3793945 0.7163086 0.7124023 0.9907227 0.7124023 0.7163086 0.9869156 0.9907227 0.9869156 0.7329102 0.4003906 0.9360352 0.4047852 0.7539063 0.6433105 1 0.5917969 0.7329102 0.4003906 0.9360352 0.4047852 0.7539063 0.6433105 1 0.5917969 0.7163086 0.7124023 0.9907227 0.7124023 0.7163086 0.9869156 0.9907227 0.9869156 0.706543 0.1054688 0.980957 0.1054688 0.706543 0.3793945 0.980957 0.3793945 0.7163086 0.7124023 0.9907227 0.7124023 0.7163086 0.9869156 0.9907227 0.9869156 0.706543 0.1054688 0.980957 0.1054688 0.706543 0.3793945 0.980957 0.3793945 0.7163086 0.7124023 0.9907227 0.7124023 0.7163086 0.9869156 0.9907227 0.9869156 0.7329102 0.4003906 0.9360352 0.4047852 0.7539063 0.6433105 1 0.5917969</float_array>
          <technique_common>
            <accessor source="#polySurface33__GrassLandLeafCube-texcoord-array" count="384" stride="2">
              <param name="S" type="float" />
              <param name="T" type="float" />
            </accessor>
          </technique_common>
        </source>
        <vertices id="polySurface33__GrassLandLeafCube-vertex">
          <input semantic="POSITION" source="#polySurface33__GrassLandLeafCube-position" />
        </vertices>
        <triangles material="GrassLandLeafCube" count="176">
          <input semantic="VERTEX" source="#polySurface33__GrassLandLeafCube-vertex" offset="0" />
          <input semantic="NORMAL" source="#polySurface33__GrassLandLeafCube-normal" offset="1" />
          <input semantic="TEXCOORD" source="#polySurface33__GrassLandLeafCube-texcoord" offset="2" set="0" />
          <p>0 0 0 1 1 1 2 2 2 3 3 3 1 1 1 0 0 0 2 2 2 1 1 1 4 4 4 4 4 4 1 1 1 3 3 3 5 5 5 6 6 6 7 7 7 8 8 8 6 6 6 5 5 5 7 7 7 6 6 6 9 9 9 9 9 9 6 6 6 8 8 8 10 10 10 11 11 11 12 12 12 13 13 13 11 11 11 10 10 10 12 12 12 11 11 11 14 14 14 14 14 14 11 11 11 13 13 13 15 15 15 16 16 16 17 17 17 18 18 18 16 16 16 15 15 15 17 17 17 16 16 16 19 19 19 19 19 19 16 16 16 18 18 18 20 20 20 21 21 21 22 22 22 23 23 23 21 21 21 20 20 20 22 22 22 21 21 21 24 24 24 24 24 24 21 21 21 23 23 23 25 25 25 26 26 26 27 27 27 28 28 28 26 26 26 25 25 25 27 27 27 26 26 26 29 29 29 29 29 29 26 26 26 28 28 28 30 30 30 31 31 31 32 32 32 33 33 33 31 31 31 30 30 30 32 32 32 31 31 31 34 34 34 34 34 34 31 31 31 33 33 33 35 35 35 36 36 36 37 37 37 38 38 38 36 36 36 35 35 35 37 37 37 36 36 36 39 39 39 39 39 39 36 36 36 38 38 38 40 40 40 41 41 41 42 42 42 43 43 43 41 41 41 40 40 40 42 42 42 41 41 41 44 44 44 44 44 44 41 41 41 43 43 43 45 45 45 46 46 46 47 47 47 48 48 48 46 46 46 45 45 45 47 47 47 46 46 46 49 49 49 49 49 49 46 46 46 48 48 48 50 50 50 51 51 51 52 52 52 53 53 53 51 51 51 50 50 50 52 52 52 51 51 51 54 54 54 54 54 54 51 51 51 53 53 53 55 55 55 56 56 56 57 57 57 58 58 58 56 56 56 55 55 55 57 57 57 56 56 56 59 59 59 59 59 59 56 56 56 58 58 58 60 60 60 61 61 61 62 62 62 63 63 63 61 61 61 60 60 60 62 62 62 61 61 61 64 64 64 64 64 64 61 61 61 63 63 63 65 65 65 66 66 66 67 67 67 68 68 68 66 66 66 65 65 65 67 67 67 66 66 66 69 69 69 69 69 69 66 66 66 68 68 68 70 70 70 71 71 71 72 72 72 73 73 73 71 71 71 70 70 70 72 72 72 71 71 71 74 74 74 74 74 74 71 71 71 73 73 73 75 75 75 76 76 76 77 77 77 78 78 78 76 76 76 75 75 75 77 77 77 76 76 76 79 79 79 79 79 79 76 76 76 78 78 78 80 80 80 81 81 81 82 82 82 83 83 83 81 81 81 80 80 80 82 82 82 81 81 81 84 84 84 84 84 84 81 81 81 83 83 83 85 85 85 86 86 86 87 87 87 88 88 88 86 86 86 85 85 85 87 87 87 86 86 86 89 89 89 89 89 89 86 86 86 88 88 88 90 90 90 91 91 91 92 92 92 93 93 93 91 91 91 90 90 90 92 92 92 91 91 91 94 94 94 94 94 94 91 91 91 93 93 93 95 95 95 96 96 96 97 97 97 98 98 98 96 96 96 95 95 95 97 97 97 96 96 96 99 99 99 99 99 99 96 96 96 98 98 98 100 100 100 101 101 101 102 102 102 103 103 103 101 101 101 100 100 100 102 102 102 101 101 101 104 104 104 104 104 104 101 101 101 103 103 103 105 105 105 106 106 106 107 107 107 108 108 108 106 106 106 105 105 105 107 107 107 106 106 106 109 109 109 109 109 109 106 106 106 108 108 108 110 110 110 111 111 111 112 112 112 113 113 113 111 111 111 110 110 110 112 112 112 111 111 111 114 114 114 114 114 114 111 111 111 113 113 113 115 115 115 116 116 116 117 117 117 118 118 118 116 116 116 115 115 115 117 117 117 116 116 116 119 119 119 119 119 119 116 116 116 118 118 118 120 120 120 121 121 121 122 122 122 123 123 123 121 121 121 120 120 120 122 122 122 121 121 121 124 124 124 124 124 124 121 121 121 123 123 123 125 125 125 126 126 126 127 127 127 128 128 128 126 126 126 125 125 125 127 127 127 126 126 126 129 129 129 129 129 129 126 126 126 128 128 128 130 130 130 131 131 131 132 132 132 133 133 133 131 131 131 130 130 130 132 132 132 131 131 131 134 134 134 134 134 134 131 131 131 133 133 133 135 135 135 136 136 136 137 137 137 138 138 138 136 136 136 135 135 135 137 137 137 136 136 136 139 139 139 139 139 139 136 136 136 138 138 138 140 140 140 141 141 141 142 142 142 143 143 143 141 141 141 140 140 140 142 142 142 141 141 141 144 144 144 144 144 144 141 141 141 143 143 143 145 145 145 146 146 146 147 147 147 148 148 148 146 146 146 145 145 145 147 147 147 146 146 146 149 149 149 150 150 150 146 146 146 148 148 148 149 149 149 146 146 146 150 150 150 151 151 151 152 152 152 153 153 153 154 154 154 152 152 152 151 151 151 153 153 153 152 152 152 155 155 155 156 156 156 152 152 152 154 154 154 155 155 155 152 152 152 156 156 156 157 157 157 158 158 158 159 159 159 160 160 160 158 158 158 157 157 157 159 159 159 158 158 158 161 161 161 162 162 162 158 158 158 160 160 160 161 161 161 158 158 158 162 162 162 163 163 163 164 164 164 165 165 165 166 166 166 164 164 164 163 163 163 165 165 165 164 164 164 167 167 167 168 168 168 164 164 164 166 166 166 167 167 167 164 164 164 168 168 168 169 169 169 170 170 170 171 171 171 172 172 172 170 170 170 169 169 169 171 171 171 170 170 170 173 173 173 174 174 174 170 170 170 172 172 172 173 173 173 170 170 170 174 174 174 175 175 175 176 176 176 177 177 177 178 178 178 176 176 176 175 175 175 177 177 177 176 176 176 179 179 179 180 180 180 176 176 176 178 178 178 179 179 179 176 176 176 180 180 180 181 181 181 182 182 182 183 183 183 184 184 184 182 182 182 181 181 181 183 183 183 182 182 182 185 185 185 186 186 186 182 182 182 184 184 184 185 185 185 182 182 182 186 186 186 187 187 187 188 188 188 189 189 189 190 190 190 188 188 188 187 187 187 189 189 189 188 188 188 191 191 191 192 192 192 188 188 188 190 190 190 191 191 191 188 188 188 192 192 192 193 193 193 194 194 194 195 195 195 196 196 196 194 194 194 193 193 193 195 195 195 194 194 194 197 197 197 198 198 198 194 194 194 196 196 196 197 197 197 194 194 194 198 198 198 199 199 199 200 200 200 201 201 201 202 202 202 200 200 200 199 199 199 201 201 201 200 200 200 203 203 203 204 204 204 200 200 200 202 202 202 203 203 203 200 200 200 204 204 204 205 205 205 206 206 206 207 207 207 208 208 208 206 206 206 205 205 205 207 207 207 206 206 206 209 209 209 210 210 210 206 206 206 208 208 208 209 209 209 206 206 206 210 210 210 211 211 211 212 212 212 213 213 213 214 214 214 212 212 212 211 211 211 213 213 213 212 212 212 215 215 215 216 216 216 212 212 212 214 214 214 215 215 215 212 212 212 216 216 216 </p>
        </triangles>
      </mesh>
    </geometry>
  </library_geometries>
  <library_controllers>
    <controller id="Armature_Grass1__GrassC-mesh">
      <skin source="#Grass1__GrassC-mesh">
        <bind_shape_matrix>1 0 0 0 0 1 0 0 0 0 1 0 0 0 0 1</bind_shape_matrix>
        <source id="Grass1__GrassC-mesh-joint">
          <Name_array id="Grass1__GrassC-mesh-joint-array" count="1">RotL</Name_array>
          <technique_common>
            <accessor source="#Grass1__GrassC-mesh-joint-array" count="1" stride="1">
              <param name="JOINT" type="name" />
            </accessor>
          </technique_common>
        </source>
        <source id="Grass1__GrassC-mesh-inv_bind_matrix">
          <float_array id="Grass1__GrassC-mesh-inv_bind_matrix-array" count="16">0.5404308 0 0 0.0001412879 0 0.5404308 0 -4.866354 0 0 0.5404308 -0.0005050066 0 0 0 1</float_array>
          <technique_common>
            <accessor source="#Grass1__GrassC-mesh-inv_bind_matrix-array" count="1" stride="16">
              <param name="TRANSFORM" type="float4x4" />
            </accessor>
          </technique_common>
        </source>
        <source id="Grass1__GrassC-mesh-weight">
          <float_array id="Grass1__GrassC-mesh-weight-array" count="1">1</float_array>
          <technique_common>
            <accessor source="#Grass1__GrassC-mesh-weight-array" count="1" stride="1">
              <param name="WEIGHT" type="float" />
            </accessor>
          </technique_common>
        </source>
        <joints>
          <input semantic="JOINT" source="#Grass1__GrassC-mesh-joint" />
          <input semantic="INV_BIND_MATRIX" source="#Grass1__GrassC-mesh-inv_bind_matrix" />
        </joints>
        <vertex_weights count="152">
          <input semantic="JOINT" source="#Grass1__GrassC-mesh-joint" offset="0" />
          <input semantic="WEIGHT" source="#Grass1__GrassC-mesh-weight" offset="1" />
          <vcount>1 1 1 1 1 1 1 1 1 1 1 1 1 1 1 1 1 1 1 1 1 1 1 1 1 1 1 1 1 1 1 1 1 1 1 1 1 1 1 1 1 1 1 1 1 1 1 1 1 1 1 1 1 1 1 1 1 1 1 1 1 1 1 1 1 1 1 1 1 1 1 1 1 1 1 1 1 1 1 1 1 1 1 1 1 1 1 1 1 1 1 1 1 1 1 1 1 1 1 1 1 1 1 1 1 1 1 1 1 1 1 1 1 1 1 1 1 1 1 1 1 1 1 1 1 1 1 1 1 1 1 1 1 1 1 1 1 1 1 1 1 1 1 1 1 1 1 1 1 1 1 1 </vcount>
          <v>0 0 0 0 0 0 0 0 0 0 0 0 0 0 0 0 0 0 0 0 0 0 0 0 0 0 0 0 0 0 0 0 0 0 0 0 0 0 0 0 0 0 0 0 0 0 0 0 0 0 0 0 0 0 0 0 0 0 0 0 0 0 0 0 0 0 0 0 0 0 0 0 0 0 0 0 0 0 0 0 0 0 0 0 0 0 0 0 0 0 0 0 0 0 0 0 0 0 0 0 0 0 0 0 0 0 0 0 0 0 0 0 0 0 0 0 0 0 0 0 0 0 0 0 0 0 0 0 0 0 0 0 0 0 0 0 0 0 0 0 0 0 0 0 0 0 0 0 0 0 0 0 0 0 0 0 0 0 0 0 0 0 0 0 0 0 0 0 0 0 0 0 0 0 0 0 0 0 0 0 0 0 0 0 0 0 0 0 0 0 0 0 0 0 0 0 0 0 0 0 0 0 0 0 0 0 0 0 0 0 0 0 0 0 0 0 0 0 0 0 0 0 0 0 0 0 0 0 0 0 0 0 0 0 0 0 0 0 0 0 0 0 0 0 0 0 0 0 0 0 0 0 0 0 0 0 0 0 0 0 0 0 0 0 0 0 0 0 0 0 0 0 0 0 0 0 0 0 0 0 0 0 0 0 0 0 0 0 0 0 0 0 0 0 0 0 0 0 0 0 0 0 0 0 </v>
        </vertex_weights>
      </skin>
    </controller>
    <controller id="Armature_GsBourbonBM1__GsBourbonBC-mesh">
      <skin source="#GsBourbonBM1__GsBourbonBC-mesh">
        <bind_shape_matrix>1 0 0 0 0 1 0 0 0 0 1 0 0 0 0 1</bind_shape_matrix>
        <source id="GsBourbonBM1__GsBourbonBC-mesh-joint">
          <Name_array id="GsBourbonBM1__GsBourbonBC-mesh-joint-array" count="1">RotL</Name_array>
          <technique_common>
            <accessor source="#GsBourbonBM1__GsBourbonBC-mesh-joint-array" count="1" stride="1">
              <param name="JOINT" type="name" />
            </accessor>
          </technique_common>
        </source>
        <source id="GsBourbonBM1__GsBourbonBC-mesh-inv_bind_matrix">
          <float_array id="GsBourbonBM1__GsBourbonBC-mesh-inv_bind_matrix-array" count="16">0.5404308 0 0 0.0001412879 0 0.5404308 0 -4.866354 0 0 0.5404308 -0.0005050066 0 0 0 1</float_array>
          <technique_common>
            <accessor source="#GsBourbonBM1__GsBourbonBC-mesh-inv_bind_matrix-array" count="1" stride="16">
              <param name="TRANSFORM" type="float4x4" />
            </accessor>
          </technique_common>
        </source>
        <source id="GsBourbonBM1__GsBourbonBC-mesh-weight">
          <float_array id="GsBourbonBM1__GsBourbonBC-mesh-weight-array" count="1">1</float_array>
          <technique_common>
            <accessor source="#GsBourbonBM1__GsBourbonBC-mesh-weight-array" count="1" stride="1">
              <param name="WEIGHT" type="float" />
            </accessor>
          </technique_common>
        </source>
        <joints>
          <input semantic="JOINT" source="#GsBourbonBM1__GsBourbonBC-mesh-joint" />
          <input semantic="INV_BIND_MATRIX" source="#GsBourbonBM1__GsBourbonBC-mesh-inv_bind_matrix" />
        </joints>
        <vertex_weights count="1047">
          <input semantic="JOINT" source="#GsBourbonBM1__GsBourbonBC-mesh-joint" offset="0" />
          <input semantic="WEIGHT" source="#GsBourbonBM1__GsBourbonBC-mesh-weight" offset="1" />
          <vcount>1 1 1 1 1 1 1 1 1 1 1 1 1 1 1 1 1 1 1 1 1 1 1 1 1 1 1 1 1 1 1 1 1 1 1 1 1 1 1 1 1 1 1 1 1 1 1 1 1 1 1 1 1 1 1 1 1 1 1 1 1 1 1 1 1 1 1 1 1 1 1 1 1 1 1 1 1 1 1 1 1 1 1 1 1 1 1 1 1 1 1 1 1 1 1 1 1 1 1 1 1 1 1 1 1 1 1 1 1 1 1 1 1 1 1 1 1 1 1 1 1 1 1 1 1 1 1 1 1 1 1 1 1 1 1 1 1 1 1 1 1 1 1 1 1 1 1 1 1 1 1 1 1 1 1 1 1 1 1 1 1 1 1 1 1 1 1 1 1 1 1 1 1 1 1 1 1 1 1 1 1 1 1 1 1 1 1 1 1 1 1 1 1 1 1 1 1 1 1 1 1 1 1 1 1 1 1 1 1 1 1 1 1 1 1 1 1 1 1 1 1 1 1 1 1 1 1 1 1 1 1 1 1 1 1 1 1 1 1 1 1 1 1 1 1 1 1 1 1 1 1 1 1 1 1 1 1 1 1 1 1 1 1 1 1 1 1 1 1 1 1 1 1 1 1 1 1 1 1 1 1 1 1 1 1 1 1 1 1 1 1 1 1 1 1 1 1 1 1 1 1 1 1 1 1 1 1 1 1 1 1 1 1 1 1 1 1 1 1 1 1 1 1 1 1 1 1 1 1 1 1 1 1 1 1 1 1 1 1 1 1 1 1 1 1 1 1 1 1 1 1 1 1 1 1 1 1 1 1 1 1 1 1 1 1 1 1 1 1 1 1 1 1 1 1 1 1 1 1 1 1 1 1 1 1 1 1 1 1 1 1 1 1 1 1 1 1 1 1 1 1 1 1 1 1 1 1 1 1 1 1 1 1 1 1 1 1 1 1 1 1 1 1 1 1 1 1 1 1 1 1 1 1 1 1 1 1 1 1 1 1 1 1 1 1 1 1 1 1 1 1 1 1 1 1 1 1 1 1 1 1 1 1 1 1 1 1 1 1 1 1 1 1 1 1 1 1 1 1 1 1 1 1 1 1 1 1 1 1 1 1 1 1 1 1 1 1 1 1 1 1 1 1 1 1 1 1 1 1 1 1 1 1 1 1 1 1 1 1 1 1 1 1 1 1 1 1 1 1 1 1 1 1 1 1 1 1 1 1 1 1 1 1 1 1 1 1 1 1 1 1 1 1 1 1 1 1 1 1 1 1 1 1 1 1 1 1 1 1 1 1 1 1 1 1 1 1 1 1 1 1 1 1 1 1 1 1 1 1 1 1 1 1 1 1 1 1 1 1 1 1 1 1 1 1 1 1 1 1 1 1 1 1 1 1 1 1 1 1 1 1 1 1 1 1 1 1 1 1 1 1 1 1 1 1 1 1 1 1 1 1 1 1 1 1 1 1 1 1 1 1 1 1 1 1 1 1 1 1 1 1 1 1 1 1 1 1 1 1 1 1 1 1 1 1 1 1 1 1 1 1 1 1 1 1 1 1 1 1 1 1 1 1 1 1 1 1 1 1 1 1 1 1 1 1 1 1 1 1 1 1 1 1 1 1 1 1 1 1 1 1 1 1 1 1 1 1 1 1 1 1 1 1 1 1 1 1 1 1 1 1 1 1 1 1 1 1 1 1 1 1 1 1 1 1 1 1 1 1 1 1 1 1 1 1 1 1 1 1 1 1 1 1 1 1 1 1 1 1 1 1 1 1 1 1 1 1 1 1 1 1 1 1 1 1 1 1 1 1 1 1 1 1 1 1 1 1 1 1 1 1 1 1 1 1 1 1 1 1 1 1 1 1 1 1 1 1 1 1 1 1 1 1 1 1 1 1 1 1 1 1 1 1 1 1 1 1 1 1 1 1 1 1 1 1 1 1 1 1 1 1 1 1 1 1 1 1 1 1 1 1 1 1 1 1 1 1 1 1 1 1 1 1 1 1 1 1 1 1 1 1 1 1 1 1 1 1 1 1 1 1 1 1 1 1 1 1 1 1 1 1 1 1 1 1 1 1 1 1 1 1 1 1 1 1 1 1 1 1 1 1 1 1 1 1 1 1 1 1 1 1 1 1 1 1 1 1 1 1 1 1 1 1 1 1 1 1 1 1 1 1 1 1 1 1 1 1 1 1 1 1 1 1 1 1 1 1 1 1 1 1 1 1 1 1 1 1 1 1 1 1 1 1 1 1 1 1 1 1 1 1 1 1 1 1 1 1 1 1 1 1 1 1 1 1 1 1 1 1 1 1 1 1 1 1 1 1 1 1 1 1 1 1 1 1 1 1 1 1 1 1 1 1 1 1 1 1 </vcount>
          <v>0 0 0 0 0 0 0 0 0 0 0 0 0 0 0 0 0 0 0 0 0 0 0 0 0 0 0 0 0 0 0 0 0 0 0 0 0 0 0 0 0 0 0 0 0 0 0 0 0 0 0 0 0 0 0 0 0 0 0 0 0 0 0 0 0 0 0 0 0 0 0 0 0 0 0 0 0 0 0 0 0 0 0 0 0 0 0 0 0 0 0 0 0 0 0 0 0 0 0 0 0 0 0 0 0 0 0 0 0 0 0 0 0 0 0 0 0 0 0 0 0 0 0 0 0 0 0 0 0 0 0 0 0 0 0 0 0 0 0 0 0 0 0 0 0 0 0 0 0 0 0 0 0 0 0 0 0 0 0 0 0 0 0 0 0 0 0 0 0 0 0 0 0 0 0 0 0 0 0 0 0 0 0 0 0 0 0 0 0 0 0 0 0 0 0 0 0 0 0 0 0 0 0 0 0 0 0 0 0 0 0 0 0 0 0 0 0 0 0 0 0 0 0 0 0 0 0 0 0 0 0 0 0 0 0 0 0 0 0 0 0 0 0 0 0 0 0 0 0 0 0 0 0 0 0 0 0 0 0 0 0 0 0 0 0 0 0 0 0 0 0 0 0 0 0 0 0 0 0 0 0 0 0 0 0 0 0 0 0 0 0 0 0 0 0 0 0 0 0 0 0 0 0 0 0 0 0 0 0 0 0 0 0 0 0 0 0 0 0 0 0 0 0 0 0 0 0 0 0 0 0 0 0 0 0 0 0 0 0 0 0 0 0 0 0 0 0 0 0 0 0 0 0 0 0 0 0 0 0 0 0 0 0 0 0 0 0 0 0 0 0 0 0 0 0 0 0 0 0 0 0 0 0 0 0 0 0 0 0 0 0 0 0 0 0 0 0 0 0 0 0 0 0 0 0 0 0 0 0 0 0 0 0 0 0 0 0 0 0 0 0 0 0 0 0 0 0 0 0 0 0 0 0 0 0 0 0 0 0 0 0 0 0 0 0 0 0 0 0 0 0 0 0 0 0 0 0 0 0 0 0 0 0 0 0 0 0 0 0 0 0 0 0 0 0 0 0 0 0 0 0 0 0 0 0 0 0 0 0 0 0 0 0 0 0 0 0 0 0 0 0 0 0 0 0 0 0 0 0 0 0 0 0 0 0 0 0 0 0 0 0 0 0 0 0 0 0 0 0 0 0 0 0 0 0 0 0 0 0 0 0 0 0 0 0 0 0 0 0 0 0 0 0 0 0 0 0 0 0 0 0 0 0 0 0 0 0 0 0 0 0 0 0 0 0 0 0 0 0 0 0 0 0 0 0 0 0 0 0 0 0 0 0 0 0 0 0 0 0 0 0 0 0 0 0 0 0 0 0 0 0 0 0 0 0 0 0 0 0 0 0 0 0 0 0 0 0 0 0 0 0 0 0 0 0 0 0 0 0 0 0 0 0 0 0 0 0 0 0 0 0 0 0 0 0 0 0 0 0 0 0 0 0 0 0 0 0 0 0 0 0 0 0 0 0 0 0 0 0 0 0 0 0 0 0 0 0 0 0 0 0 0 0 0 0 0 0 0 0 0 0 0 0 0 0 0 0 0 0 0 0 0 0 0 0 0 0 0 0 0 0 0 0 0 0 0 0 0 0 0 0 0 0 0 0 0 0 0 0 0 0 0 0 0 0 0 0 0 0 0 0 0 0 0 0 0 0 0 0 0 0 0 0 0 0 0 0 0 0 0 0 0 0 0 0 0 0 0 0 0 0 0 0 0 0 0 0 0 0 0 0 0 0 0 0 0 0 0 0 0 0 0 0 0 0 0 0 0 0 0 0 0 0 0 0 0 0 0 0 0 0 0 0 0 0 0 0 0 0 0 0 0 0 0 0 0 0 0 0 0 0 0 0 0 0 0 0 0 0 0 0 0 0 0 0 0 0 0 0 0 0 0 0 0 0 0 0 0 0 0 0 0 0 0 0 0 0 0 0 0 0 0 0 0 0 0 0 0 0 0 0 0 0 0 0 0 0 0 0 0 0 0 0 0 0 0 0 0 0 0 0 0 0 0 0 0 0 0 0 0 0 0 0 0 0 0 0 0 0 0 0 0 0 0 0 0 0 0 0 0 0 0 0 0 0 0 0 0 0 0 0 0 0 0 0 0 0 0 0 0 0 0 0 0 0 0 0 0 0 0 0 0 0 0 0 0 0 0 0 0 0 0 0 0 0 0 0 0 0 0 0 0 0 0 0 0 0 0 0 0 0 0 0 0 0 0 0 0 0 0 0 0 0 0 0 0 0 0 0 0 0 0 0 0 0 0 0 0 0 0 0 0 0 0 0 0 0 0 0 0 0 0 0 0 0 0 0 0 0 0 0 0 0 0 0 0 0 0 0 0 0 0 0 0 0 0 0 0 0 0 0 0 0 0 0 0 0 0 0 0 0 0 0 0 0 0 0 0 0 0 0 0 0 0 0 0 0 0 0 0 0 0 0 0 0 0 0 0 0 0 0 0 0 0 0 0 0 0 0 0 0 0 0 0 0 0 0 0 0 0 0 0 0 0 0 0 0 0 0 0 0 0 0 0 0 0 0 0 0 0 0 0 0 0 0 0 0 0 0 0 0 0 0 0 0 0 0 0 0 0 0 0 0 0 0 0 0 0 0 0 0 0 0 0 0 0 0 0 0 0 0 0 0 0 0 0 0 0 0 0 0 0 0 0 0 0 0 0 0 0 0 0 0 0 0 0 0 0 0 0 0 0 0 0 0 0 0 0 0 0 0 0 0 0 0 0 0 0 0 0 0 0 0 0 0 0 0 0 0 0 0 0 0 0 0 0 0 0 0 0 0 0 0 0 0 0 0 0 0 0 0 0 0 0 0 0 0 0 0 0 0 0 0 0 0 0 0 0 0 0 0 0 0 0 0 0 0 0 0 0 0 0 0 0 0 0 0 0 0 0 0 0 0 0 0 0 0 0 0 0 0 0 0 0 0 0 0 0 0 0 0 0 0 0 0 0 0 0 0 0 0 0 0 0 0 0 0 0 0 0 0 0 0 0 0 0 0 0 0 0 0 0 0 0 0 0 0 0 0 0 0 0 0 0 0 0 0 0 0 0 0 0 0 0 0 0 0 0 0 0 0 0 0 0 0 0 0 0 0 0 0 0 0 0 0 0 0 0 0 0 0 0 0 0 0 0 0 0 0 0 0 0 0 0 0 0 0 0 0 0 0 0 0 0 0 0 0 0 0 0 0 0 0 0 0 0 0 0 0 0 0 0 0 0 0 0 0 0 0 0 0 0 0 0 0 0 0 0 0 0 0 0 0 0 0 0 0 0 0 0 0 0 0 0 0 0 0 0 0 0 0 0 0 0 0 0 0 0 0 0 0 0 0 0 0 0 0 0 0 0 0 0 0 0 0 0 0 0 0 0 0 0 0 0 0 0 0 0 0 0 0 0 0 0 0 0 0 0 0 0 0 0 0 0 0 0 0 0 0 0 0 0 0 0 0 0 0 0 0 0 0 0 0 0 0 0 0 0 0 0 0 0 0 0 0 0 0 0 0 0 0 0 0 0 0 0 0 0 0 0 0 0 0 0 0 0 0 0 0 0 0 0 0 0 0 0 0 0 0 0 0 0 0 0 0 0 0 0 0 0 0 0 0 0 0 0 0 0 0 0 0 0 0 0 0 0 0 0 0 0 0 0 0 0 0 0 0 0 0 0 0 0 0 0 0 0 0 0 0 0 0 0 0 0 0 0 0 0 0 0 0 0 0 0 0 0 0 0 0 0 0 0 0 0 0 0 0 0 0 0 0 0 0 0 0 0 0 0 0 0 0 0 0 0 0 0 0 0 0 0 0 0 0 0 0 0 0 0 0 0 0 0 0 0 0 0 0 0 0 0 0 0 0 0 0 0 0 0 0 0 0 0 0 0 0 0 0 0 0 0 0 0 0 0 0 0 0 0 0 0 0 0 0 0 0 0 0 0 0 0 0 0 0 0 0 0 0 0 0 0 0 0 0 0 0 0 0 0 0 0 0 0 0 0 0 0 0 0 0 0 0 0 0 0 0 0 0 0 0 0 0 0 0 0 0 0 0 0 0 0 0 0 0 0 0 0 0 0 0 0 0 0 0 0 0 0 0 0 0 0 0 0 0 0 0 0 0 0 0 0 0 0 0 0 0 0 0 0 0 0 0 0 0 0 0 0 0 0 0 0 0 0 0 0 0 0 0 0 0 0 0 0 0 0 0 0 0 0 0 0 0 0 0 0 0 0 0 0 0 0 0 0 0 0 0 0 0 0 0 0 0 0 0 0 0 0 0 0 0 0 0 0 0 0 0 0 0 0 0 0 0 0 0 0 0 0 0 0 0 0 0 0 0 0 0 0 0 0 0 0 0 0 0 0 0 0 0 0 0 0 0 0 0 0 0 0 0 0 0 0 0 0 0 0 0 0 0 0 0 0 0 0 0 0 0 0 0 0 0 0 0 0 0 0 0 0 0 0 0 0 0 0 0 0 0 0 0 0 0 0 0 0 0 0 0 0 0 0 0 0 0 0 0 0 0 0 0 0 0 0 0 0 0 0 0 0 0 0 0 0 0 0 0 0 0 0 0 0 0 0 0 0 0 0 0 0 0 0 0 0 0 0 0 0 0 0 0 0 0 0 0 0 0 0 0 0 0 0 0 0 0 0 0 0 0 0 0 0 0 0 0 0 0 0 </v>
        </vertex_weights>
      </skin>
    </controller>
    <controller id="Armature_polySurface28__MoundC-mesh">
      <skin source="#polySurface28__MoundC-mesh">
        <bind_shape_matrix>1 0 0 0 0 1 0 0 0 0 1 0 0 0 0 1</bind_shape_matrix>
        <source id="polySurface28__MoundC-mesh-joint">
          <Name_array id="polySurface28__MoundC-mesh-joint-array" count="1">RotL</Name_array>
          <technique_common>
            <accessor source="#polySurface28__MoundC-mesh-joint-array" count="1" stride="1">
              <param name="JOINT" type="name" />
            </accessor>
          </technique_common>
        </source>
        <source id="polySurface28__MoundC-mesh-inv_bind_matrix">
          <float_array id="polySurface28__MoundC-mesh-inv_bind_matrix-array" count="16">0.5404308 0 0 0.0001412879 0 0.5404308 0 -4.866354 0 0 0.5404308 -0.0005050066 0 0 0 1</float_array>
          <technique_common>
            <accessor source="#polySurface28__MoundC-mesh-inv_bind_matrix-array" count="1" stride="16">
              <param name="TRANSFORM" type="float4x4" />
            </accessor>
          </technique_common>
        </source>
        <source id="polySurface28__MoundC-mesh-weight">
          <float_array id="polySurface28__MoundC-mesh-weight-array" count="1">1</float_array>
          <technique_common>
            <accessor source="#polySurface28__MoundC-mesh-weight-array" count="1" stride="1">
              <param name="WEIGHT" type="float" />
            </accessor>
          </technique_common>
        </source>
        <joints>
          <input semantic="JOINT" source="#polySurface28__MoundC-mesh-joint" />
          <input semantic="INV_BIND_MATRIX" source="#polySurface28__MoundC-mesh-inv_bind_matrix" />
        </joints>
        <vertex_weights count="172">
          <input semantic="JOINT" source="#polySurface28__MoundC-mesh-joint" offset="0" />
          <input semantic="WEIGHT" source="#polySurface28__MoundC-mesh-weight" offset="1" />
          <vcount>1 1 1 1 1 1 1 1 1 1 1 1 1 1 1 1 1 1 1 1 1 1 1 1 1 1 1 1 1 1 1 1 1 1 1 1 1 1 1 1 1 1 1 1 1 1 1 1 1 1 1 1 1 1 1 1 1 1 1 1 1 1 1 1 1 1 1 1 1 1 1 1 1 1 1 1 1 1 1 1 1 1 1 1 1 1 1 1 1 1 1 1 1 1 1 1 1 1 1 1 1 1 1 1 1 1 1 1 1 1 1 1 1 1 1 1 1 1 1 1 1 1 1 1 1 1 1 1 1 1 1 1 1 1 1 1 1 1 1 1 1 1 1 1 1 1 1 1 1 1 1 1 1 1 1 1 1 1 1 1 1 1 1 1 1 1 1 1 1 1 1 1 </vcount>
          <v>0 0 0 0 0 0 0 0 0 0 0 0 0 0 0 0 0 0 0 0 0 0 0 0 0 0 0 0 0 0 0 0 0 0 0 0 0 0 0 0 0 0 0 0 0 0 0 0 0 0 0 0 0 0 0 0 0 0 0 0 0 0 0 0 0 0 0 0 0 0 0 0 0 0 0 0 0 0 0 0 0 0 0 0 0 0 0 0 0 0 0 0 0 0 0 0 0 0 0 0 0 0 0 0 0 0 0 0 0 0 0 0 0 0 0 0 0 0 0 0 0 0 0 0 0 0 0 0 0 0 0 0 0 0 0 0 0 0 0 0 0 0 0 0 0 0 0 0 0 0 0 0 0 0 0 0 0 0 0 0 0 0 0 0 0 0 0 0 0 0 0 0 0 0 0 0 0 0 0 0 0 0 0 0 0 0 0 0 0 0 0 0 0 0 0 0 0 0 0 0 0 0 0 0 0 0 0 0 0 0 0 0 0 0 0 0 0 0 0 0 0 0 0 0 0 0 0 0 0 0 0 0 0 0 0 0 0 0 0 0 0 0 0 0 0 0 0 0 0 0 0 0 0 0 0 0 0 0 0 0 0 0 0 0 0 0 0 0 0 0 0 0 0 0 0 0 0 0 0 0 0 0 0 0 0 0 0 0 0 0 0 0 0 0 0 0 0 0 0 0 0 0 0 0 0 0 0 0 0 0 0 0 0 0 0 0 0 0 0 0 0 0 0 0 0 0 0 0 0 0 0 0 0 0 0 0 0 0 0 0 0 0 0 0 </v>
        </vertex_weights>
      </skin>
    </controller>
    <controller id="Armature_polySurface29__GrassRord05-mesh">
      <skin source="#polySurface29__GrassRord05-mesh">
        <bind_shape_matrix>1 0 0 0 0 1 0 0 0 0 1 0 0 0 0 1</bind_shape_matrix>
        <source id="polySurface29__GrassRord05-mesh-joint">
          <Name_array id="polySurface29__GrassRord05-mesh-joint-array" count="1">RotL</Name_array>
          <technique_common>
            <accessor source="#polySurface29__GrassRord05-mesh-joint-array" count="1" stride="1">
              <param name="JOINT" type="name" />
            </accessor>
          </technique_common>
        </source>
        <source id="polySurface29__GrassRord05-mesh-inv_bind_matrix">
          <float_array id="polySurface29__GrassRord05-mesh-inv_bind_matrix-array" count="16">0.5404308 0 0 0.0001412879 0 0.5404308 0 -4.866354 0 0 0.5404308 -0.0005050066 0 0 0 1</float_array>
          <technique_common>
            <accessor source="#polySurface29__GrassRord05-mesh-inv_bind_matrix-array" count="1" stride="16">
              <param name="TRANSFORM" type="float4x4" />
            </accessor>
          </technique_common>
        </source>
        <source id="polySurface29__GrassRord05-mesh-weight">
          <float_array id="polySurface29__GrassRord05-mesh-weight-array" count="1">1</float_array>
          <technique_common>
            <accessor source="#polySurface29__GrassRord05-mesh-weight-array" count="1" stride="1">
              <param name="WEIGHT" type="float" />
            </accessor>
          </technique_common>
        </source>
        <joints>
          <input semantic="JOINT" source="#polySurface29__GrassRord05-mesh-joint" />
          <input semantic="INV_BIND_MATRIX" source="#polySurface29__GrassRord05-mesh-inv_bind_matrix" />
        </joints>
        <vertex_weights count="1069">
          <input semantic="JOINT" source="#polySurface29__GrassRord05-mesh-joint" offset="0" />
          <input semantic="WEIGHT" source="#polySurface29__GrassRord05-mesh-weight" offset="1" />
          <vcount>1 1 1 1 1 1 1 1 1 1 1 1 1 1 1 1 1 1 1 1 1 1 1 1 1 1 1 1 1 1 1 1 1 1 1 1 1 1 1 1 1 1 1 1 1 1 1 1 1 1 1 1 1 1 1 1 1 1 1 1 1 1 1 1 1 1 1 1 1 1 1 1 1 1 1 1 1 1 1 1 1 1 1 1 1 1 1 1 1 1 1 1 1 1 1 1 1 1 1 1 1 1 1 1 1 1 1 1 1 1 1 1 1 1 1 1 1 1 1 1 1 1 1 1 1 1 1 1 1 1 1 1 1 1 1 1 1 1 1 1 1 1 1 1 1 1 1 1 1 1 1 1 1 1 1 1 1 1 1 1 1 1 1 1 1 1 1 1 1 1 1 1 1 1 1 1 1 1 1 1 1 1 1 1 1 1 1 1 1 1 1 1 1 1 1 1 1 1 1 1 1 1 1 1 1 1 1 1 1 1 1 1 1 1 1 1 1 1 1 1 1 1 1 1 1 1 1 1 1 1 1 1 1 1 1 1 1 1 1 1 1 1 1 1 1 1 1 1 1 1 1 1 1 1 1 1 1 1 1 1 1 1 1 1 1 1 1 1 1 1 1 1 1 1 1 1 1 1 1 1 1 1 1 1 1 1 1 1 1 1 1 1 1 1 1 1 1 1 1 1 1 1 1 1 1 1 1 1 1 1 1 1 1 1 1 1 1 1 1 1 1 1 1 1 1 1 1 1 1 1 1 1 1 1 1 1 1 1 1 1 1 1 1 1 1 1 1 1 1 1 1 1 1 1 1 1 1 1 1 1 1 1 1 1 1 1 1 1 1 1 1 1 1 1 1 1 1 1 1 1 1 1 1 1 1 1 1 1 1 1 1 1 1 1 1 1 1 1 1 1 1 1 1 1 1 1 1 1 1 1 1 1 1 1 1 1 1 1 1 1 1 1 1 1 1 1 1 1 1 1 1 1 1 1 1 1 1 1 1 1 1 1 1 1 1 1 1 1 1 1 1 1 1 1 1 1 1 1 1 1 1 1 1 1 1 1 1 1 1 1 1 1 1 1 1 1 1 1 1 1 1 1 1 1 1 1 1 1 1 1 1 1 1 1 1 1 1 1 1 1 1 1 1 1 1 1 1 1 1 1 1 1 1 1 1 1 1 1 1 1 1 1 1 1 1 1 1 1 1 1 1 1 1 1 1 1 1 1 1 1 1 1 1 1 1 1 1 1 1 1 1 1 1 1 1 1 1 1 1 1 1 1 1 1 1 1 1 1 1 1 1 1 1 1 1 1 1 1 1 1 1 1 1 1 1 1 1 1 1 1 1 1 1 1 1 1 1 1 1 1 1 1 1 1 1 1 1 1 1 1 1 1 1 1 1 1 1 1 1 1 1 1 1 1 1 1 1 1 1 1 1 1 1 1 1 1 1 1 1 1 1 1 1 1 1 1 1 1 1 1 1 1 1 1 1 1 1 1 1 1 1 1 1 1 1 1 1 1 1 1 1 1 1 1 1 1 1 1 1 1 1 1 1 1 1 1 1 1 1 1 1 1 1 1 1 1 1 1 1 1 1 1 1 1 1 1 1 1 1 1 1 1 1 1 1 1 1 1 1 1 1 1 1 1 1 1 1 1 1 1 1 1 1 1 1 1 1 1 1 1 1 1 1 1 1 1 1 1 1 1 1 1 1 1 1 1 1 1 1 1 1 1 1 1 1 1 1 1 1 1 1 1 1 1 1 1 1 1 1 1 1 1 1 1 1 1 1 1 1 1 1 1 1 1 1 1 1 1 1 1 1 1 1 1 1 1 1 1 1 1 1 1 1 1 1 1 1 1 1 1 1 1 1 1 1 1 1 1 1 1 1 1 1 1 1 1 1 1 1 1 1 1 1 1 1 1 1 1 1 1 1 1 1 1 1 1 1 1 1 1 1 1 1 1 1 1 1 1 1 1 1 1 1 1 1 1 1 1 1 1 1 1 1 1 1 1 1 1 1 1 1 1 1 1 1 1 1 1 1 1 1 1 1 1 1 1 1 1 1 1 1 1 1 1 1 1 1 1 1 1 1 1 1 1 1 1 1 1 1 1 1 1 1 1 1 1 1 1 1 1 1 1 1 1 1 1 1 1 1 1 1 1 1 1 1 1 1 1 1 1 1 1 1 1 1 1 1 1 1 1 1 1 1 1 1 1 1 1 1 1 1 1 1 1 1 1 1 1 1 1 1 1 1 1 1 1 1 1 1 1 1 1 1 1 1 1 1 1 1 1 1 1 1 1 1 1 1 1 1 1 1 1 1 1 1 1 1 1 1 1 1 1 1 1 1 1 1 1 1 1 1 1 1 1 1 1 1 1 1 1 1 1 1 1 1 1 1 1 1 1 1 1 1 1 1 1 1 1 1 </vcount>
          <v>0 0 0 0 0 0 0 0 0 0 0 0 0 0 0 0 0 0 0 0 0 0 0 0 0 0 0 0 0 0 0 0 0 0 0 0 0 0 0 0 0 0 0 0 0 0 0 0 0 0 0 0 0 0 0 0 0 0 0 0 0 0 0 0 0 0 0 0 0 0 0 0 0 0 0 0 0 0 0 0 0 0 0 0 0 0 0 0 0 0 0 0 0 0 0 0 0 0 0 0 0 0 0 0 0 0 0 0 0 0 0 0 0 0 0 0 0 0 0 0 0 0 0 0 0 0 0 0 0 0 0 0 0 0 0 0 0 0 0 0 0 0 0 0 0 0 0 0 0 0 0 0 0 0 0 0 0 0 0 0 0 0 0 0 0 0 0 0 0 0 0 0 0 0 0 0 0 0 0 0 0 0 0 0 0 0 0 0 0 0 0 0 0 0 0 0 0 0 0 0 0 0 0 0 0 0 0 0 0 0 0 0 0 0 0 0 0 0 0 0 0 0 0 0 0 0 0 0 0 0 0 0 0 0 0 0 0 0 0 0 0 0 0 0 0 0 0 0 0 0 0 0 0 0 0 0 0 0 0 0 0 0 0 0 0 0 0 0 0 0 0 0 0 0 0 0 0 0 0 0 0 0 0 0 0 0 0 0 0 0 0 0 0 0 0 0 0 0 0 0 0 0 0 0 0 0 0 0 0 0 0 0 0 0 0 0 0 0 0 0 0 0 0 0 0 0 0 0 0 0 0 0 0 0 0 0 0 0 0 0 0 0 0 0 0 0 0 0 0 0 0 0 0 0 0 0 0 0 0 0 0 0 0 0 0 0 0 0 0 0 0 0 0 0 0 0 0 0 0 0 0 0 0 0 0 0 0 0 0 0 0 0 0 0 0 0 0 0 0 0 0 0 0 0 0 0 0 0 0 0 0 0 0 0 0 0 0 0 0 0 0 0 0 0 0 0 0 0 0 0 0 0 0 0 0 0 0 0 0 0 0 0 0 0 0 0 0 0 0 0 0 0 0 0 0 0 0 0 0 0 0 0 0 0 0 0 0 0 0 0 0 0 0 0 0 0 0 0 0 0 0 0 0 0 0 0 0 0 0 0 0 0 0 0 0 0 0 0 0 0 0 0 0 0 0 0 0 0 0 0 0 0 0 0 0 0 0 0 0 0 0 0 0 0 0 0 0 0 0 0 0 0 0 0 0 0 0 0 0 0 0 0 0 0 0 0 0 0 0 0 0 0 0 0 0 0 0 0 0 0 0 0 0 0 0 0 0 0 0 0 0 0 0 0 0 0 0 0 0 0 0 0 0 0 0 0 0 0 0 0 0 0 0 0 0 0 0 0 0 0 0 0 0 0 0 0 0 0 0 0 0 0 0 0 0 0 0 0 0 0 0 0 0 0 0 0 0 0 0 0 0 0 0 0 0 0 0 0 0 0 0 0 0 0 0 0 0 0 0 0 0 0 0 0 0 0 0 0 0 0 0 0 0 0 0 0 0 0 0 0 0 0 0 0 0 0 0 0 0 0 0 0 0 0 0 0 0 0 0 0 0 0 0 0 0 0 0 0 0 0 0 0 0 0 0 0 0 0 0 0 0 0 0 0 0 0 0 0 0 0 0 0 0 0 0 0 0 0 0 0 0 0 0 0 0 0 0 0 0 0 0 0 0 0 0 0 0 0 0 0 0 0 0 0 0 0 0 0 0 0 0 0 0 0 0 0 0 0 0 0 0 0 0 0 0 0 0 0 0 0 0 0 0 0 0 0 0 0 0 0 0 0 0 0 0 0 0 0 0 0 0 0 0 0 0 0 0 0 0 0 0 0 0 0 0 0 0 0 0 0 0 0 0 0 0 0 0 0 0 0 0 0 0 0 0 0 0 0 0 0 0 0 0 0 0 0 0 0 0 0 0 0 0 0 0 0 0 0 0 0 0 0 0 0 0 0 0 0 0 0 0 0 0 0 0 0 0 0 0 0 0 0 0 0 0 0 0 0 0 0 0 0 0 0 0 0 0 0 0 0 0 0 0 0 0 0 0 0 0 0 0 0 0 0 0 0 0 0 0 0 0 0 0 0 0 0 0 0 0 0 0 0 0 0 0 0 0 0 0 0 0 0 0 0 0 0 0 0 0 0 0 0 0 0 0 0 0 0 0 0 0 0 0 0 0 0 0 0 0 0 0 0 0 0 0 0 0 0 0 0 0 0 0 0 0 0 0 0 0 0 0 0 0 0 0 0 0 0 0 0 0 0 0 0 0 0 0 0 0 0 0 0 0 0 0 0 0 0 0 0 0 0 0 0 0 0 0 0 0 0 0 0 0 0 0 0 0 0 0 0 0 0 0 0 0 0 0 0 0 0 0 0 0 0 0 0 0 0 0 0 0 0 0 0 0 0 0 0 0 0 0 0 0 0 0 0 0 0 0 0 0 0 0 0 0 0 0 0 0 0 0 0 0 0 0 0 0 0 0 0 0 0 0 0 0 0 0 0 0 0 0 0 0 0 0 0 0 0 0 0 0 0 0 0 0 0 0 0 0 0 0 0 0 0 0 0 0 0 0 0 0 0 0 0 0 0 0 0 0 0 0 0 0 0 0 0 0 0 0 0 0 0 0 0 0 0 0 0 0 0 0 0 0 0 0 0 0 0 0 0 0 0 0 0 0 0 0 0 0 0 0 0 0 0 0 0 0 0 0 0 0 0 0 0 0 0 0 0 0 0 0 0 0 0 0 0 0 0 0 0 0 0 0 0 0 0 0 0 0 0 0 0 0 0 0 0 0 0 0 0 0 0 0 0 0 0 0 0 0 0 0 0 0 0 0 0 0 0 0 0 0 0 0 0 0 0 0 0 0 0 0 0 0 0 0 0 0 0 0 0 0 0 0 0 0 0 0 0 0 0 0 0 0 0 0 0 0 0 0 0 0 0 0 0 0 0 0 0 0 0 0 0 0 0 0 0 0 0 0 0 0 0 0 0 0 0 0 0 0 0 0 0 0 0 0 0 0 0 0 0 0 0 0 0 0 0 0 0 0 0 0 0 0 0 0 0 0 0 0 0 0 0 0 0 0 0 0 0 0 0 0 0 0 0 0 0 0 0 0 0 0 0 0 0 0 0 0 0 0 0 0 0 0 0 0 0 0 0 0 0 0 0 0 0 0 0 0 0 0 0 0 0 0 0 0 0 0 0 0 0 0 0 0 0 0 0 0 0 0 0 0 0 0 0 0 0 0 0 0 0 0 0 0 0 0 0 0 0 0 0 0 0 0 0 0 0 0 0 0 0 0 0 0 0 0 0 0 0 0 0 0 0 0 0 0 0 0 0 0 0 0 0 0 0 0 0 0 0 0 0 0 0 0 0 0 0 0 0 0 0 0 0 0 0 0 0 0 0 0 0 0 0 0 0 0 0 0 0 0 0 0 0 0 0 0 0 0 0 0 0 0 0 0 0 0 0 0 0 0 0 0 0 0 0 0 0 0 0 0 0 0 0 0 0 0 0 0 0 0 0 0 0 0 0 0 0 0 0 0 0 0 0 0 0 0 0 0 0 0 0 0 0 0 0 0 0 0 0 0 0 0 0 0 0 0 0 0 0 0 0 0 0 0 0 0 0 0 0 0 0 0 0 0 0 0 0 0 0 0 0 0 0 0 0 0 0 0 0 0 0 0 0 0 0 0 0 0 0 0 0 0 0 0 0 0 0 0 0 0 0 0 0 0 0 0 0 0 0 0 0 0 0 0 0 0 0 0 0 0 0 0 0 0 0 0 0 0 0 0 0 0 0 0 0 0 0 0 0 0 0 0 0 0 0 0 0 0 0 0 0 0 0 0 0 0 0 0 0 0 0 0 0 0 0 0 0 0 0 0 0 0 0 0 0 0 0 0 0 0 0 0 0 0 0 0 0 0 0 0 0 0 0 0 0 0 0 0 0 0 0 0 0 0 0 0 0 0 0 0 0 0 0 0 0 0 0 0 0 0 0 0 0 0 0 0 0 0 0 0 0 0 0 0 0 0 0 0 0 0 0 0 0 0 0 0 0 0 0 0 0 0 0 0 0 0 0 0 0 0 0 0 0 0 0 0 0 0 0 0 0 0 0 0 0 0 0 0 0 0 0 0 0 0 0 0 0 0 0 0 0 0 0 0 0 0 0 0 0 0 0 0 0 0 0 0 0 0 0 0 0 0 0 0 0 0 0 0 0 0 0 0 0 0 0 0 0 0 0 0 0 0 0 0 0 0 0 0 0 0 0 0 0 0 0 0 0 0 0 0 0 0 0 0 0 0 0 0 0 0 0 0 0 0 0 0 0 0 0 0 0 0 0 0 0 0 0 0 0 0 0 0 0 0 0 0 0 0 0 0 0 0 0 0 0 0 0 0 0 0 0 0 0 0 0 0 0 0 0 0 0 0 0 0 0 0 0 0 0 0 0 0 0 0 0 0 0 0 0 0 0 0 0 0 0 0 0 0 0 0 0 0 0 0 0 0 0 0 0 0 0 0 0 0 0 0 0 0 0 0 0 0 0 0 0 0 0 0 0 0 0 0 0 0 0 0 0 0 0 0 0 0 0 0 0 0 0 0 0 0 0 0 0 0 0 0 0 0 0 0 0 0 0 0 0 0 0 0 0 0 0 0 0 0 0 0 0 0 0 0 0 0 0 0 0 0 0 0 0 0 0 0 0 0 0 0 0 0 0 0 0 0 0 0 0 0 0 0 0 0 0 0 0 0 0 0 0 0 0 0 0 0 0 0 0 0 0 0 0 0 0 0 0 0 0 0 0 0 0 0 0 0 0 0 0 0 0 0 0 </v>
        </vertex_weights>
      </skin>
    </controller>
    <controller id="Armature_polySurface31__GrassBgBaum-mesh">
      <skin source="#polySurface31__GrassBgBaum-mesh">
        <bind_shape_matrix>1 0 0 0 0 1 0 0 0 0 1 0 0 0 0 1</bind_shape_matrix>
        <source id="polySurface31__GrassBgBaum-mesh-joint">
          <Name_array id="polySurface31__GrassBgBaum-mesh-joint-array" count="1">RotL</Name_array>
          <technique_common>
            <accessor source="#polySurface31__GrassBgBaum-mesh-joint-array" count="1" stride="1">
              <param name="JOINT" type="name" />
            </accessor>
          </technique_common>
        </source>
        <source id="polySurface31__GrassBgBaum-mesh-inv_bind_matrix">
          <float_array id="polySurface31__GrassBgBaum-mesh-inv_bind_matrix-array" count="16">0.5404308 0 0 0.0001412879 0 0.5404308 0 -4.866354 0 0 0.5404308 -0.0005050066 0 0 0 1</float_array>
          <technique_common>
            <accessor source="#polySurface31__GrassBgBaum-mesh-inv_bind_matrix-array" count="1" stride="16">
              <param name="TRANSFORM" type="float4x4" />
            </accessor>
          </technique_common>
        </source>
        <source id="polySurface31__GrassBgBaum-mesh-weight">
          <float_array id="polySurface31__GrassBgBaum-mesh-weight-array" count="1">1</float_array>
          <technique_common>
            <accessor source="#polySurface31__GrassBgBaum-mesh-weight-array" count="1" stride="1">
              <param name="WEIGHT" type="float" />
            </accessor>
          </technique_common>
        </source>
        <joints>
          <input semantic="JOINT" source="#polySurface31__GrassBgBaum-mesh-joint" />
          <input semantic="INV_BIND_MATRIX" source="#polySurface31__GrassBgBaum-mesh-inv_bind_matrix" />
        </joints>
        <vertex_weights count="695">
          <input semantic="JOINT" source="#polySurface31__GrassBgBaum-mesh-joint" offset="0" />
          <input semantic="WEIGHT" source="#polySurface31__GrassBgBaum-mesh-weight" offset="1" />
          <vcount>1 1 1 1 1 1 1 1 1 1 1 1 1 1 1 1 1 1 1 1 1 1 1 1 1 1 1 1 1 1 1 1 1 1 1 1 1 1 1 1 1 1 1 1 1 1 1 1 1 1 1 1 1 1 1 1 1 1 1 1 1 1 1 1 1 1 1 1 1 1 1 1 1 1 1 1 1 1 1 1 1 1 1 1 1 1 1 1 1 1 1 1 1 1 1 1 1 1 1 1 1 1 1 1 1 1 1 1 1 1 1 1 1 1 1 1 1 1 1 1 1 1 1 1 1 1 1 1 1 1 1 1 1 1 1 1 1 1 1 1 1 1 1 1 1 1 1 1 1 1 1 1 1 1 1 1 1 1 1 1 1 1 1 1 1 1 1 1 1 1 1 1 1 1 1 1 1 1 1 1 1 1 1 1 1 1 1 1 1 1 1 1 1 1 1 1 1 1 1 1 1 1 1 1 1 1 1 1 1 1 1 1 1 1 1 1 1 1 1 1 1 1 1 1 1 1 1 1 1 1 1 1 1 1 1 1 1 1 1 1 1 1 1 1 1 1 1 1 1 1 1 1 1 1 1 1 1 1 1 1 1 1 1 1 1 1 1 1 1 1 1 1 1 1 1 1 1 1 1 1 1 1 1 1 1 1 1 1 1 1 1 1 1 1 1 1 1 1 1 1 1 1 1 1 1 1 1 1 1 1 1 1 1 1 1 1 1 1 1 1 1 1 1 1 1 1 1 1 1 1 1 1 1 1 1 1 1 1 1 1 1 1 1 1 1 1 1 1 1 1 1 1 1 1 1 1 1 1 1 1 1 1 1 1 1 1 1 1 1 1 1 1 1 1 1 1 1 1 1 1 1 1 1 1 1 1 1 1 1 1 1 1 1 1 1 1 1 1 1 1 1 1 1 1 1 1 1 1 1 1 1 1 1 1 1 1 1 1 1 1 1 1 1 1 1 1 1 1 1 1 1 1 1 1 1 1 1 1 1 1 1 1 1 1 1 1 1 1 1 1 1 1 1 1 1 1 1 1 1 1 1 1 1 1 1 1 1 1 1 1 1 1 1 1 1 1 1 1 1 1 1 1 1 1 1 1 1 1 1 1 1 1 1 1 1 1 1 1 1 1 1 1 1 1 1 1 1 1 1 1 1 1 1 1 1 1 1 1 1 1 1 1 1 1 1 1 1 1 1 1 1 1 1 1 1 1 1 1 1 1 1 1 1 1 1 1 1 1 1 1 1 1 1 1 1 1 1 1 1 1 1 1 1 1 1 1 1 1 1 1 1 1 1 1 1 1 1 1 1 1 1 1 1 1 1 1 1 1 1 1 1 1 1 1 1 1 1 1 1 1 1 1 1 1 1 1 1 1 1 1 1 1 1 1 1 1 1 1 1 1 1 1 1 1 1 1 1 1 1 1 1 1 1 1 1 1 1 1 1 1 1 1 1 1 1 1 1 1 1 1 1 1 1 1 1 1 1 1 1 1 1 1 1 1 1 1 1 1 1 1 1 1 1 1 1 1 1 1 1 1 1 1 1 1 1 1 1 1 1 1 1 1 1 1 1 </vcount>
          <v>0 0 0 0 0 0 0 0 0 0 0 0 0 0 0 0 0 0 0 0 0 0 0 0 0 0 0 0 0 0 0 0 0 0 0 0 0 0 0 0 0 0 0 0 0 0 0 0 0 0 0 0 0 0 0 0 0 0 0 0 0 0 0 0 0 0 0 0 0 0 0 0 0 0 0 0 0 0 0 0 0 0 0 0 0 0 0 0 0 0 0 0 0 0 0 0 0 0 0 0 0 0 0 0 0 0 0 0 0 0 0 0 0 0 0 0 0 0 0 0 0 0 0 0 0 0 0 0 0 0 0 0 0 0 0 0 0 0 0 0 0 0 0 0 0 0 0 0 0 0 0 0 0 0 0 0 0 0 0 0 0 0 0 0 0 0 0 0 0 0 0 0 0 0 0 0 0 0 0 0 0 0 0 0 0 0 0 0 0 0 0 0 0 0 0 0 0 0 0 0 0 0 0 0 0 0 0 0 0 0 0 0 0 0 0 0 0 0 0 0 0 0 0 0 0 0 0 0 0 0 0 0 0 0 0 0 0 0 0 0 0 0 0 0 0 0 0 0 0 0 0 0 0 0 0 0 0 0 0 0 0 0 0 0 0 0 0 0 0 0 0 0 0 0 0 0 0 0 0 0 0 0 0 0 0 0 0 0 0 0 0 0 0 0 0 0 0 0 0 0 0 0 0 0 0 0 0 0 0 0 0 0 0 0 0 0 0 0 0 0 0 0 0 0 0 0 0 0 0 0 0 0 0 0 0 0 0 0 0 0 0 0 0 0 0 0 0 0 0 0 0 0 0 0 0 0 0 0 0 0 0 0 0 0 0 0 0 0 0 0 0 0 0 0 0 0 0 0 0 0 0 0 0 0 0 0 0 0 0 0 0 0 0 0 0 0 0 0 0 0 0 0 0 0 0 0 0 0 0 0 0 0 0 0 0 0 0 0 0 0 0 0 0 0 0 0 0 0 0 0 0 0 0 0 0 0 0 0 0 0 0 0 0 0 0 0 0 0 0 0 0 0 0 0 0 0 0 0 0 0 0 0 0 0 0 0 0 0 0 0 0 0 0 0 0 0 0 0 0 0 0 0 0 0 0 0 0 0 0 0 0 0 0 0 0 0 0 0 0 0 0 0 0 0 0 0 0 0 0 0 0 0 0 0 0 0 0 0 0 0 0 0 0 0 0 0 0 0 0 0 0 0 0 0 0 0 0 0 0 0 0 0 0 0 0 0 0 0 0 0 0 0 0 0 0 0 0 0 0 0 0 0 0 0 0 0 0 0 0 0 0 0 0 0 0 0 0 0 0 0 0 0 0 0 0 0 0 0 0 0 0 0 0 0 0 0 0 0 0 0 0 0 0 0 0 0 0 0 0 0 0 0 0 0 0 0 0 0 0 0 0 0 0 0 0 0 0 0 0 0 0 0 0 0 0 0 0 0 0 0 0 0 0 0 0 0 0 0 0 0 0 0 0 0 0 0 0 0 0 0 0 0 0 0 0 0 0 0 0 0 0 0 0 0 0 0 0 0 0 0 0 0 0 0 0 0 0 0 0 0 0 0 0 0 0 0 0 0 0 0 0 0 0 0 0 0 0 0 0 0 0 0 0 0 0 0 0 0 0 0 0 0 0 0 0 0 0 0 0 0 0 0 0 0 0 0 0 0 0 0 0 0 0 0 0 0 0 0 0 0 0 0 0 0 0 0 0 0 0 0 0 0 0 0 0 0 0 0 0 0 0 0 0 0 0 0 0 0 0 0 0 0 0 0 0 0 0 0 0 0 0 0 0 0 0 0 0 0 0 0 0 0 0 0 0 0 0 0 0 0 0 0 0 0 0 0 0 0 0 0 0 0 0 0 0 0 0 0 0 0 0 0 0 0 0 0 0 0 0 0 0 0 0 0 0 0 0 0 0 0 0 0 0 0 0 0 0 0 0 0 0 0 0 0 0 0 0 0 0 0 0 0 0 0 0 0 0 0 0 0 0 0 0 0 0 0 0 0 0 0 0 0 0 0 0 0 0 0 0 0 0 0 0 0 0 0 0 0 0 0 0 0 0 0 0 0 0 0 0 0 0 0 0 0 0 0 0 0 0 0 0 0 0 0 0 0 0 0 0 0 0 0 0 0 0 0 0 0 0 0 0 0 0 0 0 0 0 0 0 0 0 0 0 0 0 0 0 0 0 0 0 0 0 0 0 0 0 0 0 0 0 0 0 0 0 0 0 0 0 0 0 0 0 0 0 0 0 0 0 0 0 0 0 0 0 0 0 0 0 0 0 0 0 0 0 0 0 0 0 0 0 0 0 0 0 0 0 0 0 0 0 0 0 0 0 0 0 0 0 0 0 0 0 0 0 0 0 0 0 0 0 0 0 0 0 0 0 0 0 0 0 0 0 0 0 0 0 0 0 0 0 0 0 0 0 0 0 0 0 0 0 0 0 0 0 0 0 0 0 0 0 0 0 0 0 0 0 0 0 0 0 0 0 0 0 0 0 0 0 0 0 0 0 0 0 0 0 0 0 0 0 0 0 0 0 0 0 0 0 0 0 0 0 0 0 0 0 0 0 0 0 0 0 0 0 0 0 0 0 0 0 0 0 0 0 0 0 0 0 0 0 0 0 0 0 0 0 0 0 0 0 0 0 0 0 0 0 0 0 0 0 0 0 0 0 0 0 0 0 0 0 0 0 0 0 0 0 0 0 0 0 0 0 0 0 0 0 0 0 0 0 0 0 0 0 0 0 0 0 0 0 0 0 0 0 0 0 0 0 0 0 0 0 0 0 0 0 0 0 0 0 0 0 0 0 0 0 0 0 0 0 0 0 0 0 0 0 0 0 0 0 0 0 0 0 0 0 0 0 0 0 0 0 0 0 0 0 0 0 0 0 0 0 0 0 0 0 0 0 0 0 0 0 0 0 0 0 0 0 0 0 0 0 0 0 0 0 0 0 0 0 0 0 0 0 0 0 0 0 0 0 0 0 0 0 0 0 0 0 0 0 0 0 0 0 0 0 0 0 0 0 0 0 0 0 0 0 0 0 0 0 0 0 0 0 0 0 0 0 0 0 0 0 0 0 0 0 0 0 0 0 0 0 0 0 0 0 0 0 0 0 0 0 0 0 0 0 0 0 0 </v>
        </vertex_weights>
      </skin>
    </controller>
    <controller id="Armature_polySurface33__GrassLandLeafCube-mesh">
      <skin source="#polySurface33__GrassLandLeafCube-mesh">
        <bind_shape_matrix>1 0 0 0 0 1 0 0 0 0 1 0 0 0 0 1</bind_shape_matrix>
        <source id="polySurface33__GrassLandLeafCube-mesh-joint">
          <Name_array id="polySurface33__GrassLandLeafCube-mesh-joint-array" count="1">RotL</Name_array>
          <technique_common>
            <accessor source="#polySurface33__GrassLandLeafCube-mesh-joint-array" count="1" stride="1">
              <param name="JOINT" type="name" />
            </accessor>
          </technique_common>
        </source>
        <source id="polySurface33__GrassLandLeafCube-mesh-inv_bind_matrix">
          <float_array id="polySurface33__GrassLandLeafCube-mesh-inv_bind_matrix-array" count="16">0.5404308 0 0 0.0001412879 0 0.5404308 0 -4.866354 0 0 0.5404308 -0.0005050066 0 0 0 1</float_array>
          <technique_common>
            <accessor source="#polySurface33__GrassLandLeafCube-mesh-inv_bind_matrix-array" count="1" stride="16">
              <param name="TRANSFORM" type="float4x4" />
            </accessor>
          </technique_common>
        </source>
        <source id="polySurface33__GrassLandLeafCube-mesh-weight">
          <float_array id="polySurface33__GrassLandLeafCube-mesh-weight-array" count="1">1</float_array>
          <technique_common>
            <accessor source="#polySurface33__GrassLandLeafCube-mesh-weight-array" count="1" stride="1">
              <param name="WEIGHT" type="float" />
            </accessor>
          </technique_common>
        </source>
        <joints>
          <input semantic="JOINT" source="#polySurface33__GrassLandLeafCube-mesh-joint" />
          <input semantic="INV_BIND_MATRIX" source="#polySurface33__GrassLandLeafCube-mesh-inv_bind_matrix" />
        </joints>
        <vertex_weights count="384">
          <input semantic="JOINT" source="#polySurface33__GrassLandLeafCube-mesh-joint" offset="0" />
          <input semantic="WEIGHT" source="#polySurface33__GrassLandLeafCube-mesh-weight" offset="1" />
          <vcount>1 1 1 1 1 1 1 1 1 1 1 1 1 1 1 1 1 1 1 1 1 1 1 1 1 1 1 1 1 1 1 1 1 1 1 1 1 1 1 1 1 1 1 1 1 1 1 1 1 1 1 1 1 1 1 1 1 1 1 1 1 1 1 1 1 1 1 1 1 1 1 1 1 1 1 1 1 1 1 1 1 1 1 1 1 1 1 1 1 1 1 1 1 1 1 1 1 1 1 1 1 1 1 1 1 1 1 1 1 1 1 1 1 1 1 1 1 1 1 1 1 1 1 1 1 1 1 1 1 1 1 1 1 1 1 1 1 1 1 1 1 1 1 1 1 1 1 1 1 1 1 1 1 1 1 1 1 1 1 1 1 1 1 1 1 1 1 1 1 1 1 1 1 1 1 1 1 1 1 1 1 1 1 1 1 1 1 1 1 1 1 1 1 1 1 1 1 1 1 1 1 1 1 1 1 1 1 1 1 1 1 1 1 1 1 1 1 1 1 1 1 1 1 1 1 1 1 1 1 1 1 1 1 1 1 1 1 1 1 1 1 1 1 1 1 1 1 1 1 1 1 1 1 1 1 1 1 1 1 1 1 1 1 1 1 1 1 1 1 1 1 1 1 1 1 1 1 1 1 1 1 1 1 1 1 1 1 1 1 1 1 1 1 1 1 1 1 1 1 1 1 1 1 1 1 1 1 1 1 1 1 1 1 1 1 1 1 1 1 1 1 1 1 1 1 1 1 1 1 1 1 1 1 1 1 1 1 1 1 1 1 1 1 1 1 1 1 1 1 1 1 1 1 1 1 1 1 1 1 1 1 1 1 1 1 1 1 1 1 1 1 1 1 1 1 1 1 1 1 1 1 1 1 1 </vcount>
          <v>0 0 0 0 0 0 0 0 0 0 0 0 0 0 0 0 0 0 0 0 0 0 0 0 0 0 0 0 0 0 0 0 0 0 0 0 0 0 0 0 0 0 0 0 0 0 0 0 0 0 0 0 0 0 0 0 0 0 0 0 0 0 0 0 0 0 0 0 0 0 0 0 0 0 0 0 0 0 0 0 0 0 0 0 0 0 0 0 0 0 0 0 0 0 0 0 0 0 0 0 0 0 0 0 0 0 0 0 0 0 0 0 0 0 0 0 0 0 0 0 0 0 0 0 0 0 0 0 0 0 0 0 0 0 0 0 0 0 0 0 0 0 0 0 0 0 0 0 0 0 0 0 0 0 0 0 0 0 0 0 0 0 0 0 0 0 0 0 0 0 0 0 0 0 0 0 0 0 0 0 0 0 0 0 0 0 0 0 0 0 0 0 0 0 0 0 0 0 0 0 0 0 0 0 0 0 0 0 0 0 0 0 0 0 0 0 0 0 0 0 0 0 0 0 0 0 0 0 0 0 0 0 0 0 0 0 0 0 0 0 0 0 0 0 0 0 0 0 0 0 0 0 0 0 0 0 0 0 0 0 0 0 0 0 0 0 0 0 0 0 0 0 0 0 0 0 0 0 0 0 0 0 0 0 0 0 0 0 0 0 0 0 0 0 0 0 0 0 0 0 0 0 0 0 0 0 0 0 0 0 0 0 0 0 0 0 0 0 0 0 0 0 0 0 0 0 0 0 0 0 0 0 0 0 0 0 0 0 0 0 0 0 0 0 0 0 0 0 0 0 0 0 0 0 0 0 0 0 0 0 0 0 0 0 0 0 0 0 0 0 0 0 0 0 0 0 0 0 0 0 0 0 0 0 0 0 0 0 0 0 0 0 0 0 0 0 0 0 0 0 0 0 0 0 0 0 0 0 0 0 0 0 0 0 0 0 0 0 0 0 0 0 0 0 0 0 0 0 0 0 0 0 0 0 0 0 0 0 0 0 0 0 0 0 0 0 0 0 0 0 0 0 0 0 0 0 0 0 0 0 0 0 0 0 0 0 0 0 0 0 0 0 0 0 0 0 0 0 0 0 0 0 0 0 0 0 0 0 0 0 0 0 0 0 0 0 0 0 0 0 0 0 0 0 0 0 0 0 0 0 0 0 0 0 0 0 0 0 0 0 0 0 0 0 0 0 0 0 0 0 0 0 0 0 0 0 0 0 0 0 0 0 0 0 0 0 0 0 0 0 0 0 0 0 0 0 0 0 0 0 0 0 0 0 0 0 0 0 0 0 0 0 0 0 0 0 0 0 0 0 0 0 0 0 0 0 0 0 0 0 0 0 0 0 0 0 0 0 0 0 0 0 0 0 0 0 0 0 0 0 0 0 0 0 0 0 0 0 0 0 0 0 0 0 0 0 0 0 0 0 0 0 0 0 0 0 0 0 0 0 0 0 0 0 0 0 0 0 0 0 0 0 0 0 0 0 0 0 0 0 0 0 0 0 0 0 0 0 0 0 0 0 0 0 0 0 0 0 0 0 0 0 0 0 0 0 0 0 0 0 0 0 0 0 0 0 0 0 0 0 0 0 0 0 0 0 0 0 0 0 0 0 0 0 0 0 0 0 0 0 0 0 0 0 0 0 0 0 0 0 0 0 0 0 0 0 0 0 0 0 0 0 0 0 0 0 0 0 0 0 0 0 0 0 0 0 0 0 0 0 0 0 0 0 0 0 0 0 </v>
        </vertex_weights>
      </skin>
    </controller>
  </library_controllers>
  <library_visual_scenes>
    <visual_scene id="Scene" name="Scene">
      <node id="Armature" name="Armature" type="NODE">
        <matrix sid="transform">1 0 0 0 0 1 0 0 0 0 1 0 0 0 0 1</matrix>
        <node id="Armature_BaumObj" name="BaumObj" sid="BaumObj" type="JOINT">
          <matrix sid="transform">1.850376 0 0 0.0003074355 0 1.850376 0 0 0 0 1.850376 -0.00109887 0 0 0 1</matrix>
          <node id="Armature_RotL" name="RotL" sid="RotL" type="JOINT">
            <matrix sid="transform">1 0 0 -0.0003074355 0 1 0 4.866354 0 0 1 0.00109887 0 0 0 1</matrix>
          </node>
        </node>
      </node>
      <node id="Grass1__GrassC" name="Grass1__GrassC" type="NODE">
        <instance_controller url="#Armature_Grass1__GrassC-mesh">
          <skeleton>#Armature_BaumObj</skeleton>
          <bind_material>
            <technique_common>
              <instance_material symbol="GrassC" target="#GrassC" />
              <bind_vertex_input semantic="CHANNEL0" input_semantic="TEXCOORD" input_set="0" />
              <bind_vertex_input semantic="CHANNEL1" input_semantic="TEXCOORD" input_set="1" />
              <bind_vertex_input semantic="CHANNEL2" input_semantic="TEXCOORD" input_set="2" />
            </technique_common>
          </bind_material>
        </instance_controller>
      </node>
      <node id="GsBourbonBM1__GsBourbonBC" name="GsBourbonBM1__GsBourbonBC" type="NODE">
        <instance_controller url="#Armature_GsBourbonBM1__GsBourbonBC-mesh">
          <skeleton>#Armature_BaumObj</skeleton>
          <bind_material>
            <technique_common>
              <instance_material symbol="GsBourbonBC" target="#GsBourbonBC" />
              <bind_vertex_input semantic="CHANNEL0" input_semantic="TEXCOORD" input_set="0" />
              <bind_vertex_input semantic="CHANNEL1" input_semantic="TEXCOORD" input_set="1" />
              <bind_vertex_input semantic="CHANNEL2" input_semantic="TEXCOORD" input_set="2" />
            </technique_common>
          </bind_material>
        </instance_controller>
      </node>
      <node id="polySurface28__MoundC" name="polySurface28__MoundC" type="NODE">
        <instance_controller url="#Armature_polySurface28__MoundC-mesh">
          <skeleton>#Armature_BaumObj</skeleton>
          <bind_material>
            <technique_common>
              <instance_material symbol="MoundC" target="#MoundC" />
              <bind_vertex_input semantic="CHANNEL0" input_semantic="TEXCOORD" input_set="0" />
              <bind_vertex_input semantic="CHANNEL1" input_semantic="TEXCOORD" input_set="1" />
              <bind_vertex_input semantic="CHANNEL2" input_semantic="TEXCOORD" input_set="2" />
            </technique_common>
          </bind_material>
        </instance_controller>
      </node>
      <node id="polySurface29__GrassRord05" name="polySurface29__GrassRord05" type="NODE">
        <instance_controller url="#Armature_polySurface29__GrassRord05-mesh">
          <skeleton>#Armature_BaumObj</skeleton>
          <bind_material>
            <technique_common>
              <instance_material symbol="GrassRord05" target="#GrassRord05" />
              <bind_vertex_input semantic="CHANNEL0" input_semantic="TEXCOORD" input_set="0" />
              <bind_vertex_input semantic="CHANNEL1" input_semantic="TEXCOORD" input_set="1" />
              <bind_vertex_input semantic="CHANNEL2" input_semantic="TEXCOORD" input_set="2" />
            </technique_common>
          </bind_material>
        </instance_controller>
      </node>
      <node id="polySurface31__GrassBgBaum" name="polySurface31__GrassBgBaum" type="NODE">
        <instance_controller url="#Armature_polySurface31__GrassBgBaum-mesh">
          <skeleton>#Armature_BaumObj</skeleton>
          <bind_material>
            <technique_common>
              <instance_material symbol="GrassBgBaum" target="#GrassBgBaum" />
              <bind_vertex_input semantic="CHANNEL0" input_semantic="TEXCOORD" input_set="0" />
              <bind_vertex_input semantic="CHANNEL1" input_semantic="TEXCOORD" input_set="1" />
              <bind_vertex_input semantic="CHANNEL2" input_semantic="TEXCOORD" input_set="2" />
            </technique_common>
          </bind_material>
        </instance_controller>
      </node>
      <node id="polySurface33__GrassLandLeafCube" name="polySurface33__GrassLandLeafCube" type="NODE">
        <instance_controller url="#Armature_polySurface33__GrassLandLeafCube-mesh">
          <skeleton>#Armature_BaumObj</skeleton>
          <bind_material>
            <technique_common>
              <instance_material symbol="GrassLandLeafCube" target="#GrassLandLeafCube" />
              <bind_vertex_input semantic="CHANNEL0" input_semantic="TEXCOORD" input_set="0" />
              <bind_vertex_input semantic="CHANNEL1" input_semantic="TEXCOORD" input_set="1" />
              <bind_vertex_input semantic="CHANNEL2" input_semantic="TEXCOORD" input_set="2" />
            </technique_common>
          </bind_material>
        </instance_controller>
      </node>
    </visual_scene>
  </library_visual_scenes>
  <scene>
    <instance_visual_scene url="#Scene" />
  </scene>
</COLLADA>