<?xml version="1.0" encoding="utf-8"?>
<COLLADA xmlns="http://www.collada.org/2005/11/COLLADASchema" version="1.4.1">
  <asset />
  <library_images>
    <image id="CmFillerObjectA02C_BaseColor.1591925546">
      <init_from>CmFillerObjectA02C_BaseColor.1591925546.png</init_from>
    </image>
    <image id="CmFillerObjectA02C_MRA._948987472">
      <init_from>CmFillerObjectA02C_MRA._948987472.png</init_from>
    </image>
    <image id="CmFillerObjectA02C_Normal.512136472">
      <init_from>CmFillerObjectA02C_Normal.512136472.png</init_from>
    </image>
  </library_images>
  <library_materials>
    <material id="CmFillerObjectA02C">
      <instance_effect url="#Effect_CmFillerObjectA02C" />
    </material>
    <material id="CollisionC">
      <instance_effect url="#Effect_CollisionC" />
    </material>
  </library_materials>
  <library_effects>
    <effect id="Effect_CmFillerObjectA02C">
      <profile_COMMON>
        <newparam sid="surface_CmFillerObjectA02C-diffuse">
          <surface type="2D">
            <init_from>CmFillerObjectA02C_BaseColor.1591925546</init_from>
            <format>A8R8G8B8</format>
          </surface>
        </newparam>
        <newparam sid="sampler_CmFillerObjectA02C-diffuse">
          <sampler2D>
            <source>surface_CmFillerObjectA02C-diffuse</source>
            <wrap_s>WRAP</wrap_s>
            <wrap_t>WRAP</wrap_t>
          </sampler2D>
        </newparam>
        <newparam sid="surface_CmFillerObjectA02C-bump">
          <surface type="2D">
            <init_from>CmFillerObjectA02C_Normal.512136472</init_from>
            <format>A8R8G8B8</format>
          </surface>
        </newparam>
        <newparam sid="sampler_CmFillerObjectA02C-bump">
          <sampler2D>
            <source>surface_CmFillerObjectA02C-bump</source>
            <wrap_s>WRAP</wrap_s>
            <wrap_t>WRAP</wrap_t>
          </sampler2D>
        </newparam>
        <technique sid="common">
          <phong>
            <diffuse>
              <texture texture="sampler_CmFillerObjectA02C-diffuse" texcoord="CHANNEL0" />
            </diffuse>
            <bump>
              <texture texture="sampler_CmFillerObjectA02C-bump" texcoord="CHANNEL0" />
            </bump>
            <emission>
              <color sid="emission">0 0 0 1</color>
            </emission>
            <specular>
              <color sid="specular">0 0 0 1</color>
            </specular>
          </phong>
        </technique>
      </profile_COMMON>
    </effect>
    <effect id="Effect_CollisionC">
      <profile_COMMON>
        <technique sid="common">
          <phong>
            <diffuse>
              <color sid="diffuse">1 1 1 1</color>
            </diffuse>
            <emission>
              <color sid="emission">0 0 0 1</color>
            </emission>
            <specular>
              <color sid="specular">0 0 0 1</color>
            </specular>
          </phong>
        </technique>
      </profile_COMMON>
    </effect>
  </library_effects>
  <library_geometries>
    <geometry id="CollisionM__CollisionC-mesh" name="CollisionM__CollisionC">
      <mesh>
        <source id="CollisionM__CollisionC-position">
          <float_array id="CollisionM__CollisionC-position-array" count="3">0 0 0</float_array>
          <technique_common>
            <accessor source="#CollisionM__CollisionC-position-array" count="1" stride="3">
              <param name="X" type="float" />
              <param name="Y" type="float" />
              <param name="Z" type="float" />
            </accessor>
          </technique_common>
        </source>
        <vertices id="CollisionM__CollisionC-vertex">
          <input semantic="POSITION" source="#CollisionM__CollisionC-position" />
        </vertices>
        <triangles material="CollisionC" count="1">
          <input semantic="VERTEX" source="#CollisionM__CollisionC-vertex" offset="0" />
          <p>0 0 0 </p>
        </triangles>
      </mesh>
    </geometry>
    <geometry id="brock1__CmFillerObjectA02C-mesh" name="brock1__CmFillerObjectA02C">
      <mesh>
        <source id="brock1__CmFillerObjectA02C-position">
          <float_array id="brock1__CmFillerObjectA02C-position-array" count="8070">0.4253103 0.4257382 -1.443105 -0.01352112 0.4243936 -1.38539 -0.01352112 0.420396 -1.409968 1.058081 -1.192093E-07 1.150461 1.058081 0.1100779 1.150461 1.058081 -8.940697E-08 -1.151043 1.058081 0.1100779 -1.151043 -1.372091 0.1100779 -1.477985 -1.372091 -7.450581E-08 -1.477985 -1.398416 0.1100779 -1.467006 -1.398416 -7.450581E-08 -1.467006 -1.066622 -1.192093E-07 1.150461 -1.066622 -8.940697E-08 -1.151043 -1.066622 0.1100779 1.150461 -1.066622 0.1100779 -1.151043 -1.066622 0.1100779 -1.151043 -1.066622 -8.940697E-08 -1.151043 1.058081 0.1100779 -1.151043 1.058081 -8.940697E-08 -1.151043 -1.066622 -1.192093E-07 1.150461 -1.066622 0.1100779 1.150461 1.058081 -1.192093E-07 1.150461 1.058081 0.1100779 1.150461 1.058081 0.3175915 1.145082 1.38752 0.3175915 1.145082 1.058081 0.1065139 1.145082 1.38752 0.1065139 1.145082 1.058081 0.1065139 1.145082 1.058081 0.1065139 1.466553 1.058081 0.3175915 1.145082 1.058081 0.3175915 1.466553 -1.066622 0.3175915 1.14679 -1.066622 0.3175915 1.468261 -1.066622 0.1065139 1.14679 -1.066622 0.1065138 1.468261 -1.066622 0.1065139 1.14679 -1.39606 0.1065139 1.14679 -1.066622 0.3175915 1.14679 -1.39606 0.3175915 1.14679 0.1647186 0.1065139 1.150461 -0.1647186 0.1065139 1.150461 0.1647186 0.3175914 1.150461 -0.1647186 0.3175914 1.150461 0.1647186 0.3175914 1.471932 -0.1647186 0.3175914 1.471932 0.1647186 0.1065139 1.471932 -0.1647186 0.1065139 1.471932 -0.1647186 0.1065139 1.150461 -0.1647186 0.1065139 1.471932 -0.1647186 0.3175914 1.150461 -0.1647186 0.3175914 1.471932 0.1647186 0.1065139 1.471932 0.1647186 0.1065139 1.150461 0.1647186 0.3175914 1.471932 0.1647186 0.3175914 1.150461 1.058081 0.3175915 -1.145663 1.058081 0.1065139 -1.145663 1.38752 0.3175915 -1.145663 1.38752 0.1065139 -1.145663 1.058081 0.1065139 -1.145663 1.058081 0.3175915 -1.145663 1.058081 0.1065139 -1.467135 1.058081 0.3175915 -1.467135 -1.066622 0.3175915 -1.147372 -1.066622 0.1065139 -1.147372 -1.066622 0.3175915 -1.468842 -1.066622 0.1065138 -1.468843 -1.066622 0.1065139 -1.147372 -1.066622 0.3175915 -1.147372 -1.39606 0.1065139 -1.147372 -1.39606 0.3175915 -1.147372 0.1647186 0.1065139 -1.151043 0.1647186 0.3175914 -1.151043 -0.1647186 0.1065139 -1.151043 -0.1647186 0.3175914 -1.151043 0.1647186 0.3175914 -1.472514 0.1647186 0.1065139 -1.472514 -0.1647186 0.3175914 -1.472514 -0.1647186 0.1065139 -1.472514 -0.1647186 0.1065139 -1.151043 -0.1647186 0.3175914 -1.151043 -0.1647186 0.1065139 -1.472514 -0.1647186 0.3175914 -1.472514 0.1647186 0.1065139 -1.472514 0.1647186 0.3175914 -1.472514 0.1647186 0.1065139 -1.151043 0.1647186 0.3175914 -1.151043 -1.398727 0.4236967 -1.468437 -1.361468 0.4236969 -1.478867 -1.398727 0.3136187 -1.468437 -1.361468 0.3136189 -1.478867 -1.36147 0.4236969 -1.431813 -1.361468 0.4236969 -1.478867 -1.398727 0.4236967 -1.468437 -1.410661 0.4236969 -1.43181 -1.36147 0.4236969 -1.431813 -1.409692 0.4236969 1.428265 -1.361471 0.4236968 1.428267 -1.361468 0.4236969 -1.478867 1.351095 0.4236969 -1.478867 1.351098 0.4236969 -1.431813 1.388354 0.4236967 -1.468438 1.400289 0.4236969 -1.43181 1.399319 0.4236969 1.428266 1.351097 0.4236968 1.428267 1.388631 0.4236969 1.464623 1.351096 0.4236969 1.476269 -1.361468 0.4236969 1.476268 -1.361471 0.4236968 1.428267 -1.399003 0.4236968 1.464623 -1.409692 0.4236969 1.428265 0.6938636 2.4849 1.398999 0.6936851 2.538681 1.420037 0.6936368 2.539901 1.431254 0.6937359 2.586676 1.387921 0.5878384 2.538501 1.419602 0.5880169 2.48472 1.398563 0.5877901 2.539722 1.430817 0.5878892 2.586495 1.387484 0.5917782 2.222637 1.42112 0.6955289 2.222826 1.420934 0.5911011 2.554984 1.381677 0.6948519 2.555173 1.381491 0.5917624 2.221458 1.411189 0.5910853 2.553805 1.371745 0.6955134 2.221647 1.411003 0.6948363 2.553994 1.371559 0.5917624 2.221458 1.411189 0.6955134 2.221647 1.411003 0.5917782 2.222637 1.42112 0.6955289 2.222826 1.420934 0.6955134 2.221647 1.411003 0.6948363 2.553994 1.371559 0.6955289 2.222826 1.420934 0.6948519 2.555173 1.381491 0.5910853 2.553805 1.371745 0.5917624 2.221458 1.411189 0.5911011 2.554984 1.381677 0.5917782 2.222637 1.42112 1.324493 3.508207 0.5232463 1.347952 3.56093 0.5210141 1.35921 3.561649 0.5212234 1.318061 3.610235 0.5177899 1.345637 3.566435 0.6266931 1.322176 3.513713 0.6289253 1.356893 3.567156 0.6269023 1.315744 3.615741 0.6234689 1.340578 3.253533 0.6417809 1.341906 3.247049 0.5382411 1.308661 3.58601 0.620551 1.309989 3.579526 0.5170111 1.330624 3.252573 0.6417134 1.298706 3.58505 0.6204834 1.331952 3.246089 0.5381735 1.300034 3.578567 0.5169435 1.330624 3.252573 0.6417134 1.331952 3.246089 0.5381735 1.340578 3.253533 0.6417809 1.341906 3.247049 0.5382411 1.331952 3.246089 0.5381735 1.300034 3.578567 0.5169435 1.341906 3.247049 0.5382411 1.309989 3.579526 0.5170111 1.298706 3.58505 0.6204834 1.330624 3.252573 0.6417134 1.308661 3.58601 0.620551 1.340578 3.253533 0.6417809 1.333938 3.44391 -0.5221036 1.355951 3.497112 -0.5176401 1.367188 3.498111 -0.5174034 1.324719 3.545571 -0.5142993 1.354462 3.488877 -0.4121237 1.332447 3.435675 -0.4165873 1.365696 3.489877 -0.4118869 1.323228 3.537336 -0.408783 1.348233 3.173938 -0.4418089 1.34985 3.182655 -0.5451805 1.325501 3.506693 -0.4141021 1.327118 3.515411 -0.5174737 1.338257 3.173274 -0.4420209 1.315524 3.506029 -0.4143141 1.339874 3.181991 -0.5453926 1.31714 3.514747 -0.5176857 1.338257 3.173274 -0.4420209 1.339874 3.181991 -0.5453926 1.348233 3.173938 -0.4418089 1.34985 3.182655 -0.5451805 1.339874 3.181991 -0.5453926 1.31714 3.514747 -0.5176857 1.34985 3.182655 -0.5451805 1.327118 3.515411 -0.5174737 1.315524 3.506029 -0.4143141 1.338257 3.173274 -0.4420209 1.325501 3.506693 -0.4141021 1.348233 3.173938 -0.4418089 -0.7764791 2.205456 -1.417451 -0.7765587 2.258379 -1.440565 -0.7767345 2.259161 -1.451819 -0.7758057 2.307584 -1.410346 -0.6707262 2.257799 -1.44226 -0.6706464 2.204877 -1.419144 -0.6709019 2.258583 -1.453512 -0.6699731 2.307004 -1.412039 -0.6754221 1.946636 -1.442925 -0.7791584 1.947205 -1.441266 -0.6729238 2.278606 -1.400495 -0.7766601 2.279175 -1.398836 -0.6752703 1.945367 -1.433007 -0.672772 2.277337 -1.390576 -0.7790067 1.945936 -1.431347 -0.7765084 2.277906 -1.388916 -0.6752703 1.945367 -1.433007 -0.7790067 1.945936 -1.431347 -0.6754221 1.946636 -1.442925 -0.7791584 1.947205 -1.441266 -0.7790067 1.945936 -1.431347 -0.7765084 2.277906 -1.388916 -0.7791584 1.947205 -1.441266 -0.7766601 2.279175 -1.398836 -0.672772 2.277337 -1.390576 -0.6752703 1.945367 -1.433007 -0.6729238 2.278606 -1.400495 -0.6754221 1.946636 -1.442925 0.6509377 0.476892 -1.492416 0.7576632 0.4768845 -1.492417 0.6645655 -0.01000011 -1.497145 0.7712896 -0.01000011 -1.497145 0.7712896 -0.01000011 -1.497145 0.7712896 -0.01000011 1.485842 0.6645655 -0.01000011 -1.497145 0.6645655 -0.01000011 1.485842 -0.7339826 0.4318388 -1.494357 -0.7478163 -0.01000011 -1.497081 -0.833981 0.4318416 -1.494357 -0.8478148 -0.01000011 -1.497081 -0.7478163 -0.01000011 -1.497081 -0.7478163 -0.01000011 1.485808 -0.8478148 -0.01000011 -1.497081 -0.8478148 -0.01000011 1.485808 0.7712896 0 -1.487343 0.6645655 0 -1.487343 0.7712896 0 1.476015 0.6645655 0 1.476015 -0.7478163 0 -1.487343 -0.8478148 0 -1.487343 -0.7478163 0 1.476015 -0.8478148 0 1.476015 1.414055 0.3037086 -0.6032043 -1.421365 0.3037086 -0.6032043 1.414055 0.3037086 -0.7032046 -1.421365 0.3037086 -0.7032046 1.408332 0.3093565 0.7925129 -1.421386 0.3093565 0.7925129 1.408332 0.3093565 0.692513 -1.421386 0.3093565 0.692513 1.403704 0.3137085 -0.6032043 1.403704 0.3137085 -0.7032046 -1.410972 0.3137085 -0.6032043 -1.410972 0.3137085 -0.7032046 1.397994 0.3193564 0.7925129 1.397994 0.3193564 0.692513 -1.411002 0.3193564 0.7925129 -1.411002 0.3193564 0.692513 -1.398416 0.1100779 -1.467006 -1.398416 -7.450581E-08 -1.467006 -1.409662 0.1100779 -1.441324 -1.409662 -4.470348E-08 -1.441324 -1.409666 0.1100779 1.440693 -1.409666 -1.341105E-07 1.440693 -1.398417 0.1100779 1.4664 -1.398417 -1.043081E-07 1.4664 -1.398417 0.1100779 1.4664 -1.398417 -1.043081E-07 1.4664 -1.37209 0.1100779 1.47738 -1.37209 -1.341105E-07 1.47738 1.360869 0.1100779 1.47738 1.360869 -1.341105E-07 1.47738 1.387196 -1.043081E-07 1.4664 1.387196 0.1100779 1.4664 1.375113 0.1065139 1.454446 1.375113 0.3175915 1.454446 1.345996 0.3175915 1.466553 1.345996 0.1065139 1.466553 1.058081 0.3175915 1.466553 1.058081 0.1065139 1.466553 -1.383653 0.1065139 1.456154 -1.383653 0.3175915 1.456154 -1.39606 0.3175915 1.427742 -1.39606 0.1065138 1.427742 -1.39606 0.3175915 1.14679 -1.39606 0.1065139 1.14679 1.058081 0.1065139 -1.467135 1.058081 0.3175915 -1.467135 1.345996 0.1065139 -1.467135 1.345996 0.3175915 -1.467135 1.375113 0.1065139 -1.455028 1.375113 0.3175915 -1.455028 -1.39606 0.1065139 -1.147372 -1.39606 0.3175915 -1.147372 -1.39606 0.1065138 -1.428324 -1.39606 0.3175915 -1.428324 -1.383653 0.1065139 -1.456736 -1.383653 0.3175915 -1.456736 0.7189913 2.48629 1.398958 0.7191346 2.482673 1.365727 0.7188669 2.585372 1.388173 0.7190104 2.581755 1.354943 0.7007349 2.60657 1.385785 0.7008781 2.602953 1.352556 0.5808406 2.606366 1.385293 0.5809839 2.602749 1.352061 0.562905 2.581489 1.354297 0.5627617 2.585106 1.387529 0.562886 2.486024 1.398312 0.5630293 2.482406 1.365083 0.5811615 2.461209 1.36747 0.5810181 2.464826 1.4007 0.7009125 2.46503 1.401195 0.7010557 2.461413 1.367963 0.7191346 2.482673 1.365727 0.7189913 2.48629 1.398958 0.5880169 2.48472 1.398563 0.6938636 2.4849 1.398999 0.5877901 2.539722 1.430817 0.6936368 2.539901 1.431254 0.5878892 2.586495 1.387484 0.6937359 2.586676 1.387921 1.32496 3.50825 0.4980845 1.291606 3.506114 0.4974644 1.318698 3.607578 0.4927725 1.285346 3.605443 0.4921525 1.316958 3.629802 0.5097112 1.283606 3.627666 0.5090911 1.314335 3.636038 0.6294156 1.280981 3.633902 0.6287956 1.281926 3.613562 0.6480106 1.315281 3.615698 0.6486305 1.321541 3.516369 0.6539425 1.288189 3.514233 0.6533225 1.289929 3.49201 0.6363838 1.323281 3.494146 0.6370038 1.325906 3.48791 0.5172994 1.292552 3.485774 0.5166794 1.291606 3.506114 0.4974644 1.32496 3.50825 0.4980845 1.322176 3.513713 0.6289253 1.324493 3.508207 0.5232463 1.356893 3.567156 0.6269023 1.35921 3.561649 0.5212234 1.315744 3.615741 0.6234689 1.318061 3.610235 0.5177899 1.334172 3.447211 -0.5470513 1.300883 3.444245 -0.5477532 1.325197 3.546181 -0.5394536 1.291909 3.543217 -0.5401555 1.323017 3.565978 -0.5197768 1.289729 3.563014 -0.5204785 1.321329 3.556649 -0.4002567 1.28804 3.553684 -0.4009585 1.289708 3.531071 -0.3845373 1.322997 3.534035 -0.3838355 1.331971 3.435064 -0.3914333 1.298684 3.432099 -0.3921352 1.300864 3.412303 -0.411812 1.334151 3.415268 -0.4111101 1.33584 3.424596 -0.5306302 1.302551 3.421632 -0.5313321 1.300883 3.444245 -0.5477532 1.334172 3.447211 -0.5470513 1.332447 3.435675 -0.4165873 1.333938 3.44391 -0.5221036 1.365696 3.489877 -0.4118869 1.367188 3.498111 -0.5174034 1.323228 3.537336 -0.408783 1.324719 3.545571 -0.5142993 -0.8015962 2.206946 -1.416957 -0.8010755 2.204623 -1.383614 -0.8009406 2.30637 -1.41004 -0.80042 2.304048 -1.376698 -0.782697 2.327574 -1.408845 -0.7821764 2.325251 -1.375504 -0.6628188 2.326916 -1.410765 -0.662298 2.324594 -1.377422 -0.6443354 2.303192 -1.379194 -0.6448562 2.305515 -1.412537 -0.6455117 2.20609 -1.419452 -0.644991 2.203767 -1.386111 -0.6632347 2.182564 -1.387305 -0.6637553 2.184887 -1.420646 -0.7836336 2.185544 -1.418729 -0.7831129 2.183221 -1.385385 -0.8010755 2.204623 -1.383614 -0.8015962 2.206946 -1.416957 -0.6706464 2.204877 -1.419144 -0.7764791 2.205456 -1.417451 -0.6709019 2.258583 -1.453512 -0.7767345 2.259161 -1.451819 -0.6699731 2.307004 -1.412039 -0.7758057 2.307584 -1.410346 -1.272793 3.21546 -1.30503 -1.276934 3.21546 -1.31503 1.271074 3.21546 -1.31503 1.266932 3.21546 -1.30503 1.302926 3.21546 -1.283177 1.292926 3.21546 -1.279035 1.302926 3.21546 1.259797 1.292926 3.21546 1.255654 1.271074 3.21546 1.291649 1.266932 3.21546 1.281649 -1.276935 3.21546 1.291649 -1.272793 3.21546 1.281649 -1.308789 3.21546 1.259795 -1.298789 3.21546 1.255654 -1.308789 3.21546 -1.283176 -1.298789 3.21546 -1.279035 -1.276934 3.21546 -1.31503 -1.272793 3.21546 -1.30503 -1.272793 3.31546 -1.30503 -1.276935 3.31546 -1.31503 -1.308789 3.31546 -1.283176 -1.298789 3.31546 -1.279035 -1.308789 3.31546 1.259796 -1.298789 3.31546 1.255654 -1.276935 3.31546 1.291649 -1.272793 3.31546 1.281649 1.271073 3.31546 1.291649 1.266932 3.31546 1.281649 1.302926 3.31546 1.259796 1.292926 3.31546 1.255654 1.302926 3.31546 -1.283177 1.292926 3.31546 -1.279035 1.271074 3.31546 -1.31503 1.266932 3.31546 -1.30503 -1.276935 3.31546 -1.31503 -1.272793 3.31546 -1.30503 -1.275538 1.883539 -1.32328 -1.279679 1.883539 -1.33328 1.285309 1.883539 -1.33328 1.281167 1.883539 -1.32328 1.316886 1.883539 -1.301703 1.306886 1.883539 -1.297562 1.316886 1.883539 1.284127 1.306886 1.883539 1.279985 1.28531 1.883539 1.315704 1.281167 1.883539 1.305704 -1.279681 1.883539 1.315704 -1.275538 1.883539 1.305704 -1.311257 1.883539 1.284128 -1.301257 1.883539 1.279985 -1.311257 1.883539 -1.301704 -1.301257 1.883539 -1.297562 -1.279679 1.883539 -1.33328 -1.275538 1.883539 -1.32328 -1.275538 1.983539 -1.32328 -1.27968 1.983539 -1.33328 -1.311257 1.983539 -1.301703 -1.301257 1.983539 -1.297562 -1.311257 1.983539 1.284129 -1.301257 1.983539 1.279985 -1.279681 1.983539 1.315704 -1.275538 1.983539 1.305704 1.28531 1.983539 1.315704 1.281167 1.983539 1.305704 1.316886 1.983539 1.284128 1.306886 1.983539 1.279985 1.316886 1.983539 -1.301703 1.306886 1.983539 -1.297562 1.285308 1.983539 -1.33328 1.281167 1.983539 -1.32328 -1.27968 1.983539 -1.33328 -1.275538 1.983539 -1.32328 0.6645655 0 -1.487343 0.7712896 0 -1.487343 0.7576632 0.4767582 -1.482412 0.6509377 0.4767582 -1.482412 0.6512904 4.175174 -1.273791 0.5445649 4.175174 -1.273791 0.6508147 4.257742 -1.221096 0.54409 4.257742 -1.221096 0.5445649 4.309575 -1.136631 0.6512904 4.309575 -1.136631 0.6512904 4.309575 1.154987 0.5445649 4.309575 1.154987 0.6508147 4.257744 1.225058 0.54409 4.257744 1.225058 0.5445649 4.194443 1.269579 0.6512904 4.194443 1.269579 0.7582011 0.4579413 1.484028 0.6514756 0.4579413 1.484028 0.6645655 0 1.476015 0.7712896 0 1.476015 -0.7478163 0 1.476015 -0.8478148 0 1.476015 -0.8339295 0.4333898 1.485115 -0.733929 0.4333898 1.485115 -0.7128146 4.181471 1.2771 -0.6128162 4.181471 1.2771 -0.7122825 4.26404 1.224464 -0.612284 4.26404 1.224464 -0.6128162 4.324574 1.154987 -0.7128146 4.324574 1.154987 -0.7128146 4.324574 -1.127783 -0.6128162 4.324574 -1.127783 -0.7122825 4.27274 -1.212251 -0.612284 4.27274 -1.212251 -0.6128162 4.190174 -1.264942 -0.7128146 4.190174 -1.264942 -0.833981 0.4317405 -1.484351 -0.7339826 0.4317405 -1.484351 -0.7478163 0 -1.487343 -0.8478148 0 -1.487343 0.6509377 0.4767582 -1.482412 0.6509377 0.476892 -1.492416 0.6645655 -0.01000011 -1.497145 0.6645655 0 -1.487343 0.6645655 -0.01000011 1.485842 0.6645655 0 1.476015 0.6514756 0.458064 1.494032 0.6514756 0.4579413 1.484028 0.5445649 4.197554 1.279455 0.5445649 4.194443 1.269579 0.54409 4.265162 1.232188 0.54409 4.257744 1.225058 0.5445649 4.309575 1.154987 0.5445649 4.319575 1.157691 0.5445649 4.319575 -1.139336 0.5445649 4.309575 -1.136631 0.54409 4.26516 -1.228225 0.54409 4.257742 -1.221096 0.5445649 4.175174 -1.273791 0.5445649 4.178303 -1.283657 0.6509377 0.476892 -1.492416 0.6509377 0.4767582 -1.482412 0.7576632 0.4767582 -1.482412 0.7576632 0.4768845 -1.492417 0.6512904 4.178303 -1.283657 0.6512904 4.175174 -1.273791 0.6508147 4.26516 -1.228225 0.6508147 4.257742 -1.221096 0.6512904 4.309575 -1.136631 0.6512904 4.319575 -1.139336 0.6512904 4.319575 1.157691 0.6512904 4.309575 1.154987 0.6508147 4.265162 1.232188 0.6508147 4.257744 1.225058 0.6512904 4.194443 1.269579 0.6512904 4.197553 1.279455 0.7582011 0.4580654 1.494032 0.7582011 0.4579413 1.484028 0.7712896 -0.01000011 1.485842 0.7712896 0 1.476015 0.7712896 -0.01000011 -1.497145 0.7712896 0 -1.487343 0.7576632 0.4768845 -1.492417 0.7576632 0.4767582 -1.482412 -0.7339826 0.4317405 -1.484351 -0.7339826 0.4318388 -1.494357 -0.6128162 4.1933 -1.27481 -0.6128162 4.190174 -1.264942 -0.612284 4.280157 -1.219381 -0.612284 4.27274 -1.212251 -0.6128162 4.324574 -1.127783 -0.6128162 4.334574 -1.130488 -0.6128162 4.334574 1.15769 -0.6128162 4.324574 1.154987 -0.612284 4.271458 1.231595 -0.612284 4.26404 1.224464 -0.6128162 4.181471 1.2771 -0.6128162 4.184581 1.286977 -0.733929 0.4334943 1.495119 -0.733929 0.4333898 1.485115 -0.7478163 0 1.476015 -0.7478163 -0.01000011 1.485808 -0.7478163 -0.01000011 -1.497081 -0.7478163 0 -1.487343 -0.7339826 0.4318388 -1.494357 -0.7339826 0.4317405 -1.484351 -1.421365 0.3037086 -0.7032046 -1.421365 0.3037086 -0.6032043 -1.36835 2.243435 -0.5845532 -1.368351 2.243435 -0.4845529 -1.281933 4.203477 -0.4659019 -1.281934 4.203476 -0.3659015 -1.204454 4.297235 -0.3659015 -1.204454 4.297235 -0.4659019 -1.132452 4.34085 -0.3659015 -1.132453 4.34085 -0.4659019 -1.136508 4.340923 0.5834861 -1.136507 4.340923 0.4834862 -1.222687 4.282235 0.4834862 -1.222687 4.282234 0.5834861 -1.285989 4.188473 0.4834862 -1.285989 4.188473 0.5834861 -1.370389 2.238757 0.5879996 -1.370389 2.238757 0.6879995 -1.421386 0.3093565 0.692513 -1.421386 0.3093565 0.7925129 -1.130516 4.33085 -0.3659015 -1.130516 4.33085 -0.4659019 1.132773 4.33085 -0.4659019 1.132773 4.33085 -0.3659015 1.209113 4.271618 -0.4648943 1.209113 4.271618 -0.3648939 1.270512 4.19514 -0.3659015 1.270512 4.19514 -0.4659019 1.345192 2.244267 -0.4845529 1.345192 2.244267 -0.5845532 1.403704 0.3137085 -0.6032043 1.403704 0.3137085 -0.7032046 -1.130516 4.33085 -0.4659019 -1.132453 4.34085 -0.4659019 1.135483 4.34085 -0.4659023 1.132773 4.33085 -0.4659019 1.216257 4.279025 -0.4648943 1.209113 4.271618 -0.4648943 1.270512 4.19514 -0.4659019 1.280413 4.198198 -0.4659019 1.345192 2.244267 -0.5845532 1.355318 2.240796 -0.5845532 1.414055 0.3037086 -0.7032046 1.403704 0.3137085 -0.7032046 -1.421365 0.3037086 -0.7032046 -1.410972 0.3137085 -0.7032046 -1.358195 2.247272 -0.5845532 -1.36835 2.243435 -0.5845532 -1.281933 4.203477 -0.4659019 -1.272016 4.201151 -0.4659019 -1.204454 4.297235 -0.4659019 -1.196983 4.289463 -0.4659019 -1.130516 4.33085 -0.4659019 -1.132453 4.34085 -0.4659019 -1.13457 4.330923 0.4834862 -1.136507 4.340923 0.4834862 1.13548 4.32585 0.4834862 1.132773 4.315849 0.4834862 1.216148 4.274335 0.4825935 1.209002 4.266929 0.4825935 1.270512 4.18014 0.4834862 1.280416 4.183192 0.4834862 1.342337 2.239591 0.5879996 1.352458 2.236117 0.5879996 1.408332 0.3093565 0.692513 1.397994 0.3193564 0.692513 -1.421386 0.3093565 0.692513 -1.411002 0.3193564 0.692513 -1.360237 2.242596 0.5879996 -1.370389 2.238757 0.5879996 -1.285989 4.188473 0.4834862 -1.27607 4.186151 0.4834862 -1.222687 4.282235 0.4834862 -1.215216 4.274463 0.4834862 -1.13457 4.330923 0.4834862 -1.136507 4.340923 0.4834862 1.414055 0.3037086 -0.6032043 1.414055 0.3037086 -0.7032046 1.355318 2.240796 -0.5845532 1.355318 2.240796 -0.4845529 1.280413 4.198198 -0.4659019 1.280413 4.198199 -0.3659015 1.216257 4.279025 -0.4648943 1.216257 4.279026 -0.3648939 1.135483 4.34085 -0.3659019 1.135483 4.34085 -0.4659023 -1.132452 4.34085 -0.3659015 -1.132453 4.34085 -0.4659019 1.397994 0.3193564 0.692513 1.397994 0.3193564 0.7925129 1.342337 2.239591 0.6879995 1.342337 2.239591 0.5879996 1.270512 4.18014 0.5834861 1.270512 4.18014 0.4834862 1.209002 4.266929 0.5825934 1.209002 4.266929 0.4825935 1.132773 4.315849 0.4834862 1.132773 4.315849 0.5834861 -1.13457 4.330923 0.5834861 -1.13457 4.330923 0.4834862 0.562905 2.581489 1.354297 0.5809839 2.602749 1.352061 0.7008781 2.602953 1.352556 0.7190104 2.581755 1.354943 0.5630293 2.482406 1.365083 0.7191346 2.482673 1.365727 0.7010557 2.461413 1.367963 0.5811615 2.461209 1.36747 1.281926 3.613562 0.6480106 1.280981 3.633902 0.6287956 1.283606 3.627666 0.5090911 1.285346 3.605443 0.4921525 1.288189 3.514233 0.6533225 1.291606 3.506114 0.4974644 1.292552 3.485774 0.5166794 1.289929 3.49201 0.6363838 1.289708 3.531071 -0.3845373 1.28804 3.553684 -0.4009585 1.289729 3.563014 -0.5204785 1.291909 3.543217 -0.5401555 1.298684 3.432099 -0.3921352 1.300883 3.444245 -0.5477532 1.302551 3.421632 -0.5313321 1.300864 3.412303 -0.411812 -0.01352112 0.4837788 -1.394932 -0.01352112 0.420396 -1.409968 -0.01352112 0.4243936 -1.38539 -0.01352112 0.4854197 -1.374162 -0.008387307 0.5584328 -1.352726 -0.008387148 0.5550148 -1.332562 -0.009004466 0.6416308 -1.343903 -0.01029193 0.6492982 -1.3642 -0.02100999 1.004954 -1.334595 -0.02157325 1.011278 -1.35442 -0.03778439 1.735237 -1.334858 -0.03775239 1.731603 -1.315979 -0.01969175 1.964941 -1.32093 0.004242802 1.964913 -1.302325 -0.05130263 2.028612 -1.309277 -0.05130216 2.027506 -1.327386 -0.06512257 2.576706 -1.305648 -0.06512211 2.576153 -1.323756 -0.04000271 3.1248 -1.320127 -0.04000317 3.1248 -1.302018 -0.0298489 3.266768 -1.303531 -0.03029561 3.266768 -1.281343 -0.0544176 3.347198 -1.302018 -0.05441714 3.347198 -1.320127 -0.06929024 3.782338 -1.305369 -0.06929001 3.782338 -1.314423 -0.05243032 4.169254 -1.30872 -0.4812377 4.299068 -1.259503 -0.0198255 4.299068 -1.259503 -0.0198255 4.348285 -1.177914 -0.4812377 4.348285 -1.177914 -0.4812377 4.169254 -1.30872 -0.6731981 4.268321 -1.201251 -0.673198 4.315275 -1.123714 -0.8263793 4.348285 -1.177914 -0.4812377 3.800901 -1.30872 -0.06929024 3.782338 -1.305369 -0.673198 4.190489 -1.248499 -0.8263793 4.299068 -1.259503 -1.183084 4.348285 -1.177914 -0.4812377 3.384325 -1.30872 -0.0544176 3.347198 -1.302018 -0.673198 3.367498 -1.264309 -0.4662059 3.266768 -1.26737 -0.03029561 3.266768 -1.281343 -0.04000317 3.1248 -1.302018 -0.6521001 3.266768 -1.226236 -0.4812377 3.143017 -1.30872 -0.4812377 2.600209 -1.312349 -0.06512257 2.576706 -1.305648 -0.673198 3.169925 -1.268953 -0.8004384 3.266768 -1.26737 -0.82638 3.370442 -1.30872 -0.82638 3.124799 -1.30872 -0.8263793 4.217478 -1.30872 -1.272542 3.266768 -1.26737 -1.313892 3.370442 -1.30872 -1.264609 4.302706 -1.259437 -1.313892 4.217478 -1.30872 -1.313892 3.370442 -0.5553803 -1.313892 4.217478 -0.5553803 -1.264674 4.299068 -0.5553796 -1.235571 4.191394 -0.400084 -1.183084 4.348285 -0.5553789 -1.188921 4.268095 -0.4000835 -0.8263793 4.348285 -0.5553789 -0.8263793 4.348285 -1.177914 -0.673198 4.315275 -1.123714 -1.112596 4.314369 -0.4000829 -1.264674 4.299068 -0.2158288 -0.673198 4.322879 -0.5553786 -1.183084 4.348285 -0.2158281 -0.8263793 4.3276 -0.4000829 -0.8263793 4.348285 -0.2158281 -0.4812377 4.348285 -0.5553789 -0.4812377 4.348285 -1.177914 -0.0198255 4.348285 -1.177914 -0.6731973 4.33121 -0.4000826 -0.0198255 4.348285 -0.5553789 0.427612 4.348285 -1.177914 -0.4812377 4.3276 -0.4000829 -0.673198 4.322879 -0.2158274 -0.0198255 4.3276 -0.4000829 -0.4812377 4.348285 -0.2158281 0.427612 4.348285 -0.5553789 0.6112897 4.300422 -1.126372 0.427612 4.3276 -0.4000829 0.6112897 4.308026 -0.5553786 -0.0198255 4.348285 -0.2158281 0.427612 4.348285 -0.2158281 0.6112897 4.317247 -0.4000826 0.427612 4.348285 0.3577988 0.6112897 4.308026 -0.2158274 0.7940233 4.3276 -0.4000829 0.794024 4.348285 -0.5553789 0.794024 4.348285 -1.177914 1.171695 4.348285 -1.177914 1.171695 4.348285 -0.5553789 1.101206 4.314369 -0.4000829 0.794024 4.348285 -0.2158281 1.171695 4.348285 -0.2158281 1.171695 4.348285 0.3577988 0.794024 4.348285 0.3577988 1.138418 4.299893 0.5201899 0.6112897 4.308026 0.3577981 0.7940233 4.313124 0.5760022 1.171695 4.348285 0.7708365 0.427612 4.313124 0.5760022 0.6112897 4.302388 0.5760015 0.794024 4.348285 0.7708365 1.171695 4.348285 1.176867 0.794024 4.348285 1.176867 0.6112897 4.300422 1.125324 0.6112897 4.308026 0.7708358 0.427612 4.348285 0.7708365 0.427612 4.348285 1.176867 -0.0198255 4.348285 0.3577988 -0.0198255 4.313124 0.5760022 -0.0198255 4.348285 0.7708365 -0.0198255 4.348285 1.176867 -0.4812377 4.348285 0.3577988 -0.4812377 4.313124 0.5760022 -0.4812377 4.348285 0.7708365 -0.4812377 4.348285 1.176867 -0.673198 4.315275 1.122666 -0.673198 4.322879 0.3577981 -0.673198 4.322879 0.7708358 -0.6731973 4.31647 0.5760015 -0.8263793 4.348285 0.3577988 -0.8263793 4.313124 0.5760022 -0.8263793 4.348285 0.7708365 -0.8263793 4.348285 1.176867 -1.122024 4.299893 0.5760022 -1.183084 4.348285 0.7708365 -1.183084 4.348285 1.176867 -1.183084 4.348285 0.3577988 -1.199044 4.253225 0.576003 -1.264674 4.299068 0.3577994 -1.264674 4.299068 0.7708372 -1.313892 4.180356 -0.2158295 -1.264609 4.302706 1.25839 -1.256131 3.367597 -0.400084 -0.8263793 4.299068 1.258456 -0.8263793 4.348285 1.176867 -1.313892 4.217478 0.7708379 -0.6731981 4.268321 1.200204 -0.673198 4.315275 1.122666 -0.4812377 4.348285 1.176867 -0.8263793 4.217478 1.307673 -0.4812377 4.299068 1.258456 -0.0198255 4.348285 1.176867 -0.673198 4.190489 1.247451 -0.0198255 4.299068 1.258456 0.427612 4.348285 1.176867 -1.313892 4.217478 1.307673 -0.82638 3.370442 1.307673 -1.313892 3.370442 0.7708379 -1.313892 3.370442 1.307673 -1.272542 3.266768 1.266323 -0.673198 3.367498 1.263261 -1.246046 4.17587 0.5760037 -0.8004384 3.266768 1.266323 -1.313892 4.180356 0.3577999 -1.313892 3.370442 -0.2158295 -1.313892 3.370442 0.3577999 -1.263858 3.365904 0.5760037 -1.272542 3.266768 0.3464738 -1.272542 3.266768 0.7464563 -1.226199 3.266768 0.5577804 -1.269091 3.124799 0.5760037 -1.313892 3.124799 0.7708379 -1.272542 3.266768 -0.2090235 -1.313892 3.043555 0.3577999 -1.219044 3.266768 -0.3874544 -1.313892 3.043555 -0.2158295 -1.262173 3.124799 -0.400084 -1.272542 3.266768 -0.5378423 -1.313892 3.124799 -0.5553803 -1.287459 2.106223 -0.4000844 -1.313892 3.044214 -1.30872 -1.313892 2.106223 -0.5553803 -1.313892 2.106223 -0.2158295 -1.313892 2.106223 -1.30872 -0.82638 2.106223 -1.315979 -1.299984 1.964884 -1.294814 -1.299984 1.964884 -0.5494823 -1.277305 1.964884 -0.3958368 -1.29376 1.837204 -0.4000844 -1.299984 1.964884 -0.2135407 -1.313892 1.837204 -0.5553803 -1.313892 1.751319 -0.2158295 -1.299984 1.964884 0.3539912 -1.313892 0.7245121 -0.4000844 -1.313892 2.106223 0.3577999 -1.290993 2.106223 0.5760037 -1.280339 1.964884 0.5698754 -1.296454 1.837204 0.5760037 -1.299984 1.964884 0.7626382 -1.313892 2.106223 0.7708379 -1.313892 3.026677 1.307673 -1.299984 1.964884 1.293767 -1.313892 2.106223 1.307673 -0.82638 3.124799 1.307673 -0.82638 2.106223 1.307673 -0.6732002 2.106223 1.287349 -0.673198 3.124799 1.267906 -0.6521001 3.266768 1.225189 -0.817656 1.964884 1.293767 -0.4812377 3.370442 1.307673 -0.4662059 3.266768 1.266323 -0.4812377 4.217478 1.307673 -0.0198255 3.370442 1.307673 -0.0198255 4.217478 1.307673 0.427612 4.217478 1.307673 0.427612 4.299068 1.258456 0.6112897 4.253357 1.203055 0.6112897 4.300422 1.125324 0.794024 4.348285 1.176867 0.794024 4.299068 1.258456 1.171695 4.348285 1.176867 0.6112897 4.175341 1.250405 0.794024 4.217478 1.307673 1.253219 4.302706 1.25839 1.253285 4.299068 0.7708372 1.171695 4.348285 0.7708365 1.302501 4.217478 1.307673 1.215438 4.253225 0.5201907 1.138418 4.299893 0.5201899 1.302501 4.217478 0.7708379 1.171695 4.348285 0.3577988 1.302501 3.370442 0.7708379 1.253285 4.299068 0.3577994 1.171695 4.348285 -0.2158281 1.26244 4.17587 0.5201914 1.302501 4.217478 0.3577999 1.253285 4.299068 -0.2158288 1.302501 4.217478 -0.2158295 1.177531 4.268095 -0.4000835 1.101206 4.314369 -0.4000829 1.171695 4.348285 -0.5553789 1.224182 4.191394 -0.400084 1.253285 4.299068 -0.5553796 1.171695 4.348285 -1.177914 1.244743 3.367598 -0.400084 1.253219 4.302706 -1.259437 1.302501 4.217478 -0.5553803 1.302501 3.370442 -0.5553803 0.794024 4.299068 -1.259503 0.794024 4.348285 -1.177914 1.302501 4.217478 -1.30872 0.6112896 4.253357 -1.204102 0.6112897 4.300422 -1.126372 0.794024 4.217478 -1.30872 0.427612 4.348285 -1.177914 1.302501 3.370442 -1.30872 -0.0198255 4.299068 -1.259503 -0.0198255 4.348285 -1.177914 0.794024 3.370442 -1.30872 0.427612 4.299068 -1.259503 0.6112897 4.175341 -1.251451 0.427612 4.169254 -1.30872 -0.05243032 4.169254 -1.30872 0.427612 3.800902 -1.30872 -0.06929001 3.782338 -1.314423 0.6112897 3.365847 -1.266486 0.427612 3.384326 -1.30872 -0.05441714 3.347198 -1.320127 -0.0298489 3.266768 -1.303531 0.7687469 3.266769 -1.26737 0.5917889 3.266768 -1.228253 0.4139163 3.266768 -1.26737 0.427612 3.143017 -1.30872 -0.04000271 3.1248 -1.320127 0.6112897 3.169926 -1.270904 0.427612 2.60021 -1.312349 -0.06512211 2.576153 -1.323756 0.794024 3.1248 -1.30872 0.427612 2.057402 -1.315979 -0.05130216 2.027506 -1.327386 0.6112904 2.106224 -1.296652 -0.01969175 1.964941 -1.32093 1.261151 3.266769 -1.26737 0.4253103 1.96253 -1.311031 1.261151 3.266769 -0.5378423 0.6047322 1.964885 -1.285489 0.4253103 1.794848 -1.316227 -0.03778439 1.735237 -1.334858 0.6112904 1.862479 -1.30126 0.4248729 1.026086 -1.344351 -0.02157325 1.011278 -1.35442 -0.01029193 0.6492982 -1.3642 0.7855239 1.964885 -1.302073 0.4246542 0.6417055 -1.358413 -0.008387307 0.5584328 -1.352726 0.6112904 0.7068069 -1.350593 0.4236751 0.5629232 -1.392788 -0.01352112 0.4837788 -1.394932 0.6084895 0.6195748 -1.350594 0.7940261 0.7483217 -1.30872 0.7903936 0.642815 -1.377349 0.6112904 0.5590782 -1.388718 0.7940261 1.865203 -1.315979 1.303649 0.7857008 -1.308749 0.7940261 0.549431 -1.356004 1.302501 1.867519 -1.30872 1.324842 0.657325 -1.343459 1.288595 1.964885 -1.294814 1.302501 1.863392 -0.5553803 0.794024 2.106225 -1.315979 1.302501 2.106225 -1.30872 1.302501 3.038104 -1.30872 1.302501 2.106225 -0.5553803 1.302501 3.1248 -0.5553803 1.288595 1.964885 -0.5494823 1.276069 2.106224 -0.4000844 1.250783 3.1248 -0.400084 1.207654 3.266768 -0.3874544 1.261151 3.266769 -0.2090235 1.302501 3.334708 -0.2158295 1.302501 3.080031 -0.2158295 1.261151 3.266768 0.3464738 1.302501 3.334707 0.3577999 1.252468 3.365904 0.5760037 1.214811 3.266768 0.5577804 1.261151 3.266768 0.7464563 1.257701 3.124799 0.5760037 1.302501 3.08003 0.3577999 1.302501 2.06891 -0.2158295 1.279605 2.106223 0.5760037 1.265915 1.964885 -0.3958368 1.302501 2.068909 0.3577999 1.282371 1.861428 -0.4000844 1.288595 1.964885 -0.2135407 1.288595 1.964884 0.3539912 1.302501 1.801854 -0.2158295 1.29157 0.7873443 -0.4000844 1.29157 0.7558023 -0.5553803 1.355879 0.6617469 -0.5529819 1.355879 0.6560669 -0.3983911 1.29157 0.7795446 -0.2158295 1.327621 0.5627652 -0.5553807 1.327621 0.5627652 -0.4000844 1.355879 0.6509221 -0.2149729 1.36077 0.5151606 -1.364629 1.369855 0.508458 -0.5553814 1.369855 0.5084577 -0.4000851 1.373569 0.4236966 -0.5553814 1.373569 0.4236966 -1.379787 1.373569 0.4236966 -0.4000851 0.7940269 0.4236966 -1.399123 1.369855 0.5084577 -0.2158299 1.373569 0.4236966 -0.2158299 1.373569 0.4236966 0.3578006 1.327621 0.5627652 -0.2158295 1.386405 0.5909626 0.357801 1.327621 0.6879618 0.3578002 1.36681 0.8115051 0.3560514 1.386405 0.5909626 0.5760044 1.373569 0.4236966 0.576004 1.327621 0.6879618 0.5760037 1.386405 0.55449 0.7708386 1.373569 0.4236966 0.7708386 1.327621 0.6505284 0.7708379 1.36967 0.5113907 1.374013 1.373569 0.4236966 1.378739 1.327621 0.5812027 1.332792 0.7940269 0.484991 1.391576 0.7940269 0.4236966 1.378739 0.6112925 0.4236966 1.378739 1.329339 0.6715477 1.334825 0.7940261 0.568843 1.347183 0.6112925 0.5214638 1.391576 1.36681 0.759833 0.7672129 0.7903936 0.7279551 1.371859 1.36681 0.8082297 0.5732635 1.302501 0.7919644 1.307673 1.302501 0.8722912 0.7708379 1.302501 0.9200877 0.3577999 1.302501 0.9151224 0.5760037 1.302501 1.785457 0.3577999 1.285064 1.842119 0.5760037 1.302501 1.839699 0.7708379 1.268948 1.964884 0.5698754 1.288595 1.964884 0.7626382 1.302501 1.837204 1.307673 1.288595 1.964884 1.293767 1.302501 2.106223 0.7708379 0.7940261 0.8421586 1.307673 0.7940261 1.837204 1.307673 0.6084895 0.7940171 1.371859 0.6112904 0.8935765 1.307673 0.6112904 0.5944519 1.347183 0.4276127 0.5944519 1.347183 0.4276127 0.8935765 1.307673 0.4276149 0.5214638 1.391576 0.4276127 0.4236966 1.378739 -0.0198255 0.4236966 1.378739 0.4256441 0.7940171 1.371859 -0.0198255 0.5214638 1.391576 -0.0197613 0.7651825 1.371859 -0.4812399 0.5214638 1.391576 -0.4812399 0.4236966 1.378739 -0.0198255 0.5832741 1.347183 -0.7058055 0.5214638 1.391576 -0.7058055 0.4236966 1.378739 -0.5138423 0.5874443 1.347183 -0.4790794 0.7759398 1.371859 -0.0198255 0.8711337 1.307673 -0.6701683 0.7620754 1.371859 -0.0198255 1.719871 1.307673 -0.4812377 0.8795063 1.307673 -0.6732002 0.8687154 1.307673 -0.4812377 1.719871 1.307673 -0.7058048 0.5820698 1.347183 -0.8226515 0.7378075 1.371859 -0.82638 0.5726624 1.347183 -0.82638 0.490848 1.391576 -0.82638 0.4236966 1.378739 -1.36075 0.5129534 1.359825 -1.363321 0.4236966 1.356351 -1.336171 0.6873176 1.33599 -1.402039 0.5045124 0.7708386 -1.384957 0.4236966 0.7708386 -1.378201 0.6004436 0.7672129 -1.397796 0.489104 0.5760035 -1.384957 0.4236966 0.576004 -1.378201 0.5848746 0.5732635 -1.397795 0.4884373 0.357801 -1.384957 0.4236966 0.3578006 -1.384957 0.4236966 -0.2158299 -1.378201 0.5675949 0.3560514 -1.397795 0.4934843 -0.2158298 -1.384957 0.4236966 -0.4000851 -1.313892 0.6988466 0.3577999 -1.378201 0.6072508 -0.2149729 -1.397795 0.5089704 -0.400085 -1.397795 0.4931846 -0.5553814 -1.384957 0.4236966 -0.5553814 -1.362512 0.6121087 -0.3983911 -1.377072 0.5065567 -1.359567 -1.384957 0.4236966 -1.379787 -0.82638 0.4236966 -1.379787 -1.377177 0.5278217 -0.5553807 -1.344837 0.5935395 -1.339666 -0.82638 0.5374306 -1.363231 -0.6732005 0.5089914 -1.363231 -0.6732009 0.4236966 -1.379787 -1.378199 0.6110489 -0.5529819 -0.4812399 0.5003513 -1.394593 -0.4812399 0.4236966 -1.38294 -0.01352112 0.4854197 -1.374162 -0.01352112 0.4243936 -1.38539 -0.4790794 0.602347 -1.373149 -0.008387148 0.5550148 -1.332562 -0.009004466 0.6416308 -1.343903 -0.6701683 0.6023467 -1.373149 -0.4812377 0.7019058 -1.373988 -0.02100999 1.004954 -1.334595 -0.6732002 0.6649609 -1.30872 -0.8226515 0.6293008 -1.373149 -0.4812377 1.062323 -1.354651 -0.03775239 1.731603 -1.315979 -1.352934 0.6895947 -1.349946 -0.82638 0.7051123 -1.30872 -1.313892 0.7185335 -0.5553803 -1.328415 0.8123014 -1.323243 -0.6732002 1.841822 -1.300501 -0.82638 1.838914 -1.315979 -1.313892 1.837204 -1.30872 -1.313892 0.7109989 -0.2158295 -1.313892 1.751319 0.3577999 -1.313892 0.7212119 0.5760036 -1.313892 0.7613492 0.7708379 -1.313892 1.837204 0.7708379 -1.315392 0.8198782 1.327829 -0.82638 0.8498269 1.307673 -1.313892 1.837204 1.307673 -0.82638 1.837204 1.307673 -0.6732002 1.837204 1.292194 -0.6661049 1.964884 1.276328 -0.4761823 1.964884 1.293767 -0.4812377 2.070074 1.307673 -0.4812377 3.041943 1.307673 -0.0198255 2.070074 1.307673 -0.01967458 1.964884 1.293767 -0.0198255 3.041943 1.307673 -0.01937918 3.266768 1.266323 0.4139163 3.266768 1.266323 0.427612 3.041943 1.307673 0.4230065 1.964884 1.293767 0.427612 2.070074 1.307673 0.427612 1.719871 1.307673 0.6112904 1.837204 1.292953 0.6047322 1.964884 1.277183 0.7855239 1.964884 1.293767 0.6112904 2.106223 1.288345 0.794024 2.106223 1.307673 1.302501 2.106223 1.307673 1.302501 3.035835 1.307673 0.794024 3.124799 1.307673 0.6112897 3.124799 1.269856 1.302501 3.124799 0.7708379 1.261151 3.266768 1.266323 0.7687469 3.266768 1.266323 1.302501 3.370442 1.307673 0.794024 3.370442 1.307673 0.6112897 3.365847 1.265439 0.5917889 3.266768 1.227206 0.427612 3.370442 1.307673 -0.6443354 2.303192 -1.379194 -0.662298 2.324594 -1.377422 -0.7821764 2.325251 -1.375504 -0.80042 2.304048 -1.376698 -0.644991 2.203767 -1.386111 -0.8010755 2.204623 -1.383614 -0.7831129 2.183221 -1.385385 -0.6632347 2.182564 -1.387305 0.6512904 4.178303 -1.283657 0.7576632 0.4768845 -1.492417 0.6509377 0.476892 -1.492416 0.5445649 4.178303 -1.283657 0.6508147 4.26516 -1.228225 0.54409 4.26516 -1.228225 0.5445649 4.319575 -1.139336 0.6512904 4.319575 -1.139336 0.6512904 4.319575 1.157691 0.5445649 4.319575 1.157691 0.6508147 4.265162 1.232188 0.54409 4.265162 1.232188 0.5445649 4.197554 1.279455 0.6512904 4.197553 1.279455 0.7582011 0.4580654 1.494032 0.6514756 0.458064 1.494032 0.6645655 -0.01000011 1.485842 0.7712896 -0.01000011 1.485842 -0.8339295 0.4334958 1.495119 -0.8478148 -0.01000011 1.485808 -0.7478163 -0.01000011 1.485808 -0.733929 0.4334943 1.495119 -0.7128146 4.18458 1.286977 -0.6128162 4.184581 1.286977 -0.7122825 4.271458 1.231596 -0.612284 4.271458 1.231595 -0.6128162 4.334574 1.15769 -0.7128146 4.334574 1.157691 -0.7128146 4.334574 -1.130488 -0.6128162 4.334574 -1.130488 -0.7122825 4.280157 -1.21938 -0.612284 4.280157 -1.219381 -0.6128162 4.1933 -1.27481 -0.7128146 4.1933 -1.27481 -0.833981 0.4318416 -1.494357 -0.7339826 0.4318388 -1.494357 -1.410972 0.3137085 -0.7032046 -1.358195 2.247272 -0.5845532 -1.410972 0.3137085 -0.6032043 -1.358195 2.247272 -0.4845529 -1.272016 4.201151 -0.4659019 -1.272016 4.201151 -0.3659015 -1.196983 4.289463 -0.3659015 -1.196983 4.289463 -0.4659019 -1.130516 4.33085 -0.3659015 -1.130516 4.33085 -0.4659019 -1.360237 2.242596 0.6879995 -1.411002 0.3193564 0.7925129 -1.411002 0.3193564 0.692513 -1.360237 2.242596 0.5879996 -1.27607 4.186151 0.5834861 -1.27607 4.186151 0.4834862 -1.215216 4.274463 0.5834861 -1.215216 4.274463 0.4834862 -1.13457 4.330923 0.5834861 -1.13457 4.330923 0.4834862 1.352458 2.236117 0.6879995 1.408332 0.3093565 0.7925129 1.408332 0.3093565 0.692513 1.352458 2.236117 0.5879996 1.280416 4.183192 0.5834861 1.280416 4.183192 0.4834862 1.216147 4.274335 0.5825934 1.216148 4.274335 0.4825935 1.13548 4.32585 0.4834862 1.135481 4.32585 0.5834861 -1.136508 4.340923 0.5834861 -1.136507 4.340923 0.4834862 1.36087 -7.450581E-08 -1.477985 -1.372091 -7.450581E-08 -1.477985 -1.372091 0.1100779 -1.477985 1.36087 0.1100779 -1.477985 1.387195 0.1100779 -1.467006 1.387195 -7.450581E-08 -1.467006 1.387195 0.1100779 -1.467006 1.398441 0.1100779 -1.441324 1.387195 -7.450581E-08 -1.467006 1.398441 -4.470348E-08 -1.441324 1.398445 -1.341105E-07 1.440693 1.398445 0.1100779 1.440693 1.387196 0.1100779 1.4664 1.387196 -1.043081E-07 1.4664 1.38752 0.1065138 1.426034 1.38752 0.1065139 1.145082 1.38752 0.3175915 1.145082 1.38752 0.3175915 1.426034 1.375113 0.3175915 1.454446 1.375113 0.1065139 1.454446 -1.354536 0.1065138 1.468261 -1.066622 0.1065138 1.468261 -1.066622 0.3175915 1.468261 -1.354536 0.3175915 1.468261 -1.383653 0.3175915 1.456154 -1.383653 0.1065139 1.456154 1.38752 0.3175915 -1.145663 1.38752 0.1065139 -1.145663 1.38752 0.1065138 -1.426615 1.38752 0.3175915 -1.426615 1.375113 0.3175915 -1.455028 1.375113 0.1065139 -1.455028 -1.066622 0.3175915 -1.468842 -1.066622 0.1065138 -1.468843 -1.354536 0.1065138 -1.468843 -1.354536 0.3175915 -1.468843 -1.383653 0.3175915 -1.456736 -1.383653 0.1065139 -1.456736 1.351096 0.3136189 -1.478867 -1.361468 0.3136189 -1.478867 -1.361468 0.4236969 -1.478867 1.351095 0.4236969 -1.478867 1.388354 0.4236967 -1.468438 1.388354 0.3136187 -1.468437 1.388631 0.3136189 1.464623 1.388631 0.4236969 1.464623 1.351096 0.4236969 1.476269 1.351096 0.3136189 1.476268 -1.361468 0.3136189 1.476268 -1.361468 0.4236969 1.476268 -1.399003 0.4236968 1.464623 -1.399003 0.3136189 1.464623 1.388631 0.3136189 1.464623 1.399319 0.3136189 1.428265 1.388631 0.4236969 1.464623 1.399319 0.4236969 1.428266 1.400289 0.4236969 -1.43181 1.400289 0.3136189 -1.43181 1.388354 0.3136187 -1.468437 1.388354 0.4236967 -1.468438 -1.399003 0.4236968 1.464623 -1.409692 0.4236969 1.428265 -1.399003 0.3136189 1.464623 -1.409692 0.3136189 1.428265 -1.410661 0.3136189 -1.43181 -1.410661 0.4236969 -1.43181 -1.398727 0.4236967 -1.468437 -1.398727 0.3136187 -1.468437 -1.276934 3.21546 -1.31503 -1.276935 3.31546 -1.31503 1.271074 3.21546 -1.31503 1.271074 3.31546 -1.31503 1.302926 3.31546 -1.283177 1.302926 3.21546 -1.283177 1.302926 3.21546 1.259797 1.302926 3.31546 1.259796 1.271073 3.31546 1.291649 1.271074 3.21546 1.291649 -1.276935 3.21546 1.291649 -1.276935 3.31546 1.291649 -1.308789 3.31546 1.259796 -1.308789 3.21546 1.259795 -1.308789 3.21546 -1.283176 -1.308789 3.31546 -1.283176 -1.276935 3.31546 -1.31503 -1.276934 3.21546 -1.31503 -1.279679 1.883539 -1.33328 -1.27968 1.983539 -1.33328 1.285309 1.883539 -1.33328 1.285308 1.983539 -1.33328 1.316886 1.983539 -1.301703 1.316886 1.883539 -1.301703 1.316886 1.883539 1.284127 1.316886 1.983539 1.284128 1.28531 1.983539 1.315704 1.28531 1.883539 1.315704 -1.279681 1.883539 1.315704 -1.279681 1.983539 1.315704 -1.311257 1.983539 1.284129 -1.311257 1.883539 1.284128 -1.311257 1.883539 -1.301704 -1.311257 1.983539 -1.301703 -1.27968 1.983539 -1.33328 -1.279679 1.883539 -1.33328 -1.272793 3.21546 -1.30503 1.266932 3.21546 -1.30503 -1.272793 3.31546 -1.30503 1.266932 3.31546 -1.30503 1.292926 3.31546 -1.279035 1.292926 3.21546 -1.279035 1.292926 3.21546 1.255654 1.292926 3.31546 1.255654 1.266932 3.31546 1.281649 1.266932 3.21546 1.281649 -1.272793 3.21546 1.281649 -1.272793 3.31546 1.281649 -1.298789 3.31546 1.255654 -1.298789 3.21546 1.255654 -1.298789 3.21546 -1.279035 -1.298789 3.31546 -1.279035 -1.272793 3.31546 -1.30503 -1.272793 3.21546 -1.30503 -1.275538 1.883539 -1.32328 1.281167 1.883539 -1.32328 -1.275538 1.983539 -1.32328 1.281167 1.983539 -1.32328 1.306886 1.983539 -1.297562 1.306886 1.883539 -1.297562 1.306886 1.883539 1.279985 1.306886 1.983539 1.279985 1.281167 1.983539 1.305704 1.281167 1.883539 1.305704 -1.275538 1.883539 1.305704 -1.275538 1.983539 1.305704 -1.301257 1.983539 1.279985 -1.301257 1.883539 1.279985 -1.301257 1.883539 -1.297562 -1.301257 1.983539 -1.297562 -1.275538 1.983539 -1.32328 -1.275538 1.883539 -1.32328 -0.833981 0.4317405 -1.484351 -0.833981 0.4318416 -1.494357 -0.8478148 0 -1.487343 -0.8478148 -0.01000011 -1.497081 -0.8478148 -0.01000011 1.485808 -0.8478148 0 1.476015 -0.8339295 0.4334958 1.495119 -0.8339295 0.4333898 1.485115 -0.7128146 4.18458 1.286977 -0.7128146 4.181471 1.2771 -0.7122825 4.271458 1.231596 -0.7122825 4.26404 1.224464 -0.7128146 4.324574 1.154987 -0.7128146 4.334574 1.157691 -0.7128146 4.334574 -1.130488 -0.7128146 4.324574 -1.127783 -0.7122825 4.280157 -1.21938 -0.7122825 4.27274 -1.212251 -0.7128146 4.190174 -1.264942 -0.7128146 4.1933 -1.27481 -0.833981 0.4318416 -1.494357 -0.833981 0.4317405 -1.484351 -1.130516 4.33085 -0.3659015 1.132773 4.33085 -0.3659015 -1.132452 4.34085 -0.3659015 1.135483 4.34085 -0.3659019 1.216257 4.279026 -0.3648939 1.209113 4.271618 -0.3648939 1.270512 4.19514 -0.3659015 1.280413 4.198199 -0.3659015 1.345192 2.244267 -0.4845529 1.355318 2.240796 -0.4845529 1.414055 0.3037086 -0.6032043 1.403704 0.3137085 -0.6032043 -1.410972 0.3137085 -0.6032043 -1.421365 0.3037086 -0.6032043 -1.358195 2.247272 -0.4845529 -1.368351 2.243435 -0.4845529 -1.281934 4.203476 -0.3659015 -1.272016 4.201151 -0.3659015 -1.204454 4.297235 -0.3659015 -1.196983 4.289463 -0.3659015 -1.130516 4.33085 -0.3659015 -1.132452 4.34085 -0.3659015 -1.13457 4.330923 0.5834861 1.132773 4.315849 0.5834861 -1.136508 4.340923 0.5834861 1.135481 4.32585 0.5834861 1.216147 4.274335 0.5825934 1.209002 4.266929 0.5825934 1.270512 4.18014 0.5834861 1.280416 4.183192 0.5834861 1.342337 2.239591 0.6879995 1.352458 2.236117 0.6879995 1.408332 0.3093565 0.7925129 1.397994 0.3193564 0.7925129 -1.411002 0.3193564 0.7925129 -1.421386 0.3093565 0.7925129 -1.360237 2.242596 0.6879995 -1.370389 2.238757 0.6879995 -1.285989 4.188473 0.5834861 -1.27607 4.186151 0.5834861 -1.222687 4.282234 0.5834861 -1.215216 4.274463 0.5834861 -1.13457 4.330923 0.5834861 -1.136508 4.340923 0.5834861 -1.398416 0.1100779 -1.467006 -1.409662 0.1100779 -1.441324 -1.372091 0.1100779 -1.477985 -1.066622 0.1100779 -1.151043 -1.409666 0.1100779 1.440693 1.36087 0.1100779 -1.477985 -1.066622 0.1100779 1.150461 1.058081 0.1100779 -1.151043 -1.37209 0.1100779 1.47738 -1.398417 0.1100779 1.4664 1.360869 0.1100779 1.47738 1.058081 0.1100779 1.150461 1.398441 0.1100779 -1.441324 1.387195 0.1100779 -1.467006 1.398445 0.1100779 1.440693 1.387196 0.1100779 1.4664 0.6938636 2.4849 1.398999 0.7020237 2.494497 1.397992 0.6936851 2.538681 1.420037 0.7018893 2.537881 1.412596 0.70192 2.577107 1.388996 0.6937359 2.586676 1.387921 0.5878892 2.586495 1.387484 0.5797294 2.576899 1.388492 0.5878384 2.538501 1.419602 0.5796987 2.537673 1.412091 0.579833 2.494288 1.397488 0.5880169 2.48472 1.398563 1.324493 3.508207 0.5232463 1.324069 3.517388 0.5145733 1.347952 3.56093 0.5210141 1.340628 3.560024 0.5127156 1.318843 3.600204 0.5101444 1.318061 3.610235 0.5177899 1.315744 3.615741 0.6234689 1.316168 3.606559 0.6321416 1.345637 3.566435 0.6266931 1.337953 3.56638 0.6347126 1.321394 3.523743 0.6365705 1.322176 3.513713 0.6289253 1.333938 3.44391 -0.5221036 1.333187 3.454117 -0.5295154 1.355951 3.497112 -0.5176401 1.348578 3.49708 -0.5259445 1.3257 3.536635 -0.5231807 1.324719 3.545571 -0.5142993 1.323228 3.537336 -0.408783 1.323979 3.527128 -0.4013715 1.354462 3.488877 -0.4121237 1.346857 3.487574 -0.4041352 1.331466 3.44461 -0.4077062 1.332447 3.435675 -0.4165873 -0.7764791 2.205456 -1.417451 -0.7845867 2.215117 -1.416653 -0.7765587 2.258379 -1.440565 -0.7846125 2.2579 -1.432934 -0.78404 2.298013 -1.410882 -0.7758057 2.307584 -1.410346 -0.6699731 2.307004 -1.412039 -0.6618656 2.297343 -1.412837 -0.6707262 2.257799 -1.44226 -0.6624381 2.257231 -1.434888 -0.6624123 2.214447 -1.418608 -0.6706464 2.204877 -1.419144 0.7940269 0.4973511 -1.393304 0.6112925 0.499527 -1.429002 0.6112925 0.4236966 -1.434598 0.4253103 0.4773022 -1.422842 0.4253103 0.4257382 -1.443105 -0.01352112 0.420396 -1.409968 -0.6731991 2.638074 -1.282304 -0.6732002 2.106223 -1.295655 -0.4812377 2.057401 -1.315979 -0.05130263 2.028612 -1.309277 -0.817656 1.964884 -1.302073 -0.6661049 1.964884 -1.284634 -0.4761823 1.964884 -1.302073 0.004242802 1.964913 -1.302325 -0.4812377 1.783157 -1.315979 1.388354 0.3136187 -1.468437 1.400289 0.3136189 -1.43181 1.351098 0.3136189 -1.431812 1.351096 0.3136189 -1.478867 1.399319 0.3136189 1.428265 -1.36147 0.3136189 -1.431813 -1.361468 0.3136189 -1.478867 -1.398727 0.3136187 -1.468437 -1.410661 0.3136189 -1.43181 -1.409692 0.3136189 1.428265 1.351097 0.3136189 1.428267 1.388631 0.3136189 1.464623 1.351096 0.3136189 1.476268 -1.361471 0.3136189 1.428267 -1.399003 0.3136189 1.464623 -1.361468 0.3136189 1.476268 0.5810181 2.464826 1.4007 0.5880169 2.48472 1.398563 0.562886 2.486024 1.398312 0.7009125 2.46503 1.401195 0.579833 2.494288 1.397488 0.6938636 2.4849 1.398999 0.5627617 2.585106 1.387529 0.7189913 2.48629 1.398958 0.5797294 2.576899 1.388492 0.7020237 2.494497 1.397992 0.5878892 2.586495 1.387484 0.70192 2.577107 1.388996 0.5808406 2.606366 1.385293 0.7188669 2.585372 1.388173 0.6937359 2.586676 1.387921 0.7007349 2.60657 1.385785 1.323281 3.494146 0.6370038 1.322176 3.513713 0.6289253 1.321541 3.516369 0.6539425 1.325906 3.48791 0.5172994 1.321394 3.523743 0.6365705 1.324493 3.508207 0.5232463 1.315281 3.615698 0.6486305 1.32496 3.50825 0.4980845 1.316168 3.606559 0.6321416 1.324069 3.517388 0.5145733 1.315744 3.615741 0.6234689 1.318843 3.600204 0.5101444 1.314335 3.636038 0.6294156 1.318698 3.607578 0.4927725 1.318061 3.610235 0.5177899 1.316958 3.629802 0.5097112 1.334151 3.415268 -0.4111101 1.332447 3.435675 -0.4165873 1.331971 3.435064 -0.3914333 1.33584 3.424596 -0.5306302 1.331466 3.44461 -0.4077062 1.333938 3.44391 -0.5221036 1.322997 3.534035 -0.3838355 1.334172 3.447211 -0.5470513 1.323979 3.527128 -0.4013715 1.333187 3.454117 -0.5295154 1.323228 3.537336 -0.408783 1.3257 3.536635 -0.5231807 1.321329 3.556649 -0.4002567 1.325197 3.546181 -0.5394536 1.324719 3.545571 -0.5142993 1.323017 3.565978 -0.5197768 -0.6637553 2.184887 -1.420646 -0.6706464 2.204877 -1.419144 -0.6455117 2.20609 -1.419452 -0.7836336 2.185544 -1.418729 -0.6624123 2.214447 -1.418608 -0.7764791 2.205456 -1.417451 -0.6448562 2.305515 -1.412537 -0.8015962 2.206946 -1.416957 -0.6618656 2.297343 -1.412837 -0.7845867 2.215117 -1.416653 -0.6699731 2.307004 -1.412039 -0.78404 2.298013 -1.410882 -0.6628188 2.326916 -1.410765 -0.8009406 2.30637 -1.41004 -0.7758057 2.307584 -1.410346 -0.782697 2.327574 -1.408845 -1.372091 -7.450581E-08 -1.477985 -1.398416 -7.450581E-08 -1.467006 -1.398088 0.1100779 -1.464683 0.7076045 2.47148 1.387912 0.5731976 2.495253 1.363729 0.6820811 2.598609 1.352948 0.6436379 2.221553 1.411096 0.6948519 2.555173 1.381491 0.5911011 2.554984 1.381677 0.5910853 2.553805 1.371745 0.6948363 2.553994 1.371559 0.6436379 2.221553 1.411096 0.6948363 2.553994 1.371559 0.6948519 2.555173 1.381491 0.6436379 2.221553 1.411096 0.5910853 2.553805 1.371745 0.6436379 2.221553 1.411096 0.5911011 2.554984 1.381677 1.313051 3.494577 0.5100114 1.286002 3.552207 0.6401746 1.284041 3.62211 0.5048564 1.331039 3.250547 0.6093572 1.309989 3.579526 0.5170111 1.308661 3.58601 0.620551 1.298706 3.58505 0.6204834 1.300034 3.578567 0.5169435 1.331039 3.250547 0.6093572 1.300034 3.578567 0.5169435 1.309989 3.579526 0.5170111 1.331039 3.250547 0.6093572 1.298706 3.58505 0.6204834 1.331039 3.250547 0.6093572 1.308661 3.58601 0.620551 1.322744 3.431788 -0.5369231 1.295358 3.471376 -0.4002554 1.290275 3.558064 -0.5253978 1.338661 3.175453 -0.4678639 1.327118 3.515411 -0.5174737 1.325501 3.506693 -0.4141021 1.315524 3.506029 -0.4143141 1.31714 3.514747 -0.5176857 1.338661 3.175453 -0.4678639 1.31714 3.514747 -0.5176857 1.327118 3.515411 -0.5174737 1.338661 3.175453 -0.4678639 1.315524 3.506029 -0.4143141 1.338661 3.175453 -0.4678639 1.325501 3.506693 -0.4141021 0.4253103 0.4257382 -1.443105 -0.01352112 0.4243936 -1.38539 -0.01223767 0.4608473 -1.394248 -0.06512211 2.576153 -1.323756 -0.06512257 2.576706 -1.305648 -0.04000271 3.1248 -1.320127 -0.790034 2.192531 -1.405574 -0.6558388 2.242417 -1.383249 -0.7867373 2.31995 -1.375803 -1.283799 3.21546 -1.301094 -1.279292 3.21546 1.275151 -1.276935 3.31546 -1.31503 -0.707688 1.945545 -1.432488 -0.7766601 2.279175 -1.398836 -0.6729238 2.278606 -1.400495 -0.672772 2.277337 -1.390576 -0.7765084 2.277906 -1.388916 -0.707688 1.945545 -1.432488 -0.7765084 2.277906 -1.388916 -0.7766601 2.279175 -1.398836 -0.707688 1.945545 -1.432488 -0.672772 2.277337 -1.390576 -0.707688 1.945545 -1.432488 -0.6729238 2.278606 -1.400495 0.6509377 0.476892 -1.492416 0.7712896 0 -1.487343 0.6645655 -0.01000011 -1.497145 -0.7478163 0 -1.487343 -0.8478148 -0.01000011 -1.497081 -0.833981 0.4318416 -1.494357 0.6645655 0 -1.487343 0.5444981 4.268686 -1.182799 0.6509377 0.476892 -1.492416 -1.421365 0.3037086 -0.6032043 -1.410972 0.3137085 -0.7032046 1.414055 0.3037086 -0.6594545 -1.272016 4.201151 -0.4659019 -1.137958 4.33322 -0.4659019 -1.238183 4.235215 -0.3659015 -1.238183 4.235215 -0.3659015 1.151858 4.316042 -0.3656496 -1.132452 4.34085 -0.3659015 -1.154732 4.316808 0.5834861 -1.136508 4.340923 0.5834861 -1.27607 4.186151 0.5834861 1.270512 4.19514 -0.3659015 1.403704 0.3137085 -0.7032046 1.403704 0.3137085 -0.6032043 -1.410972 0.3137085 -0.7032046 -1.238183 4.235215 -0.3659015 -1.262563 4.226916 -0.4659019 1.280416 4.183192 0.4834862 1.397994 0.3193564 0.7925129 1.408332 0.3093565 0.692513 1.270512 4.18014 0.4834862 1.397994 0.3193564 0.692513 1.397994 0.3193564 0.7925129 -1.411002 0.3193564 0.7925129 -1.27607 4.186151 0.4834862 -1.27607 4.186151 0.5834861 1.383956 0.1100779 -1.464421 1.398441 -4.470348E-08 -1.441324 1.387195 -7.450581E-08 -1.467006 1.383956 0.1100779 -1.464421 1.398445 -1.341105E-07 1.440693 1.380614 0.1100779 1.469145 1.387196 -1.043081E-07 1.4664 1.380614 0.1100779 1.469145 1.360869 -1.341105E-07 1.47738 1.387196 -1.043081E-07 1.4664 -1.37209 -1.341105E-07 1.47738 1.380614 0.1100779 1.469145 -1.396034 0.1100779 1.46608 -1.398417 -1.043081E-07 1.4664 -1.396034 0.1100779 1.46608 -1.409666 -1.341105E-07 1.440693 -1.398417 -1.043081E-07 1.4664 -1.396034 0.1100779 1.46608 -1.396034 0.1100779 1.46608 -1.409662 -4.470348E-08 -1.441324 -1.398088 0.1100779 -1.464683 -1.398416 -7.450581E-08 -1.467006 -1.398088 0.1100779 -1.464683 0.5880169 2.48472 1.398563 0.6938636 2.4849 1.398999 0.6407135 2.539811 1.431036 0.6937359 2.586676 1.387921 0.5878892 2.586495 1.387484 0.6938636 2.4849 1.398999 0.6936851 2.538681 1.420037 0.6407135 2.539811 1.431036 0.6937359 2.586676 1.387921 0.6407135 2.539811 1.431036 0.5878384 2.538501 1.419602 0.5880169 2.48472 1.398563 0.6407135 2.539811 1.431036 0.5878892 2.586495 1.387484 0.6407135 2.539811 1.431036 1.322176 3.513713 0.6289253 1.324493 3.508207 0.5232463 1.358052 3.564403 0.5740628 1.318061 3.610235 0.5177899 1.315744 3.615741 0.6234689 1.324493 3.508207 0.5232463 1.347952 3.56093 0.5210141 1.358052 3.564403 0.5740628 1.318061 3.610235 0.5177899 1.358052 3.564403 0.5740628 1.345637 3.566435 0.6266931 1.322176 3.513713 0.6289253 1.358052 3.564403 0.5740628 1.315744 3.615741 0.6234689 1.358052 3.564403 0.5740628 1.332447 3.435675 -0.4165873 1.333938 3.44391 -0.5221036 1.366442 3.493994 -0.4646451 1.324719 3.545571 -0.5142993 1.323228 3.537336 -0.408783 1.333938 3.44391 -0.5221036 1.355951 3.497112 -0.5176401 1.366442 3.493994 -0.4646451 1.324719 3.545571 -0.5142993 1.366442 3.493994 -0.4646451 1.354462 3.488877 -0.4121237 1.332447 3.435675 -0.4165873 1.366442 3.493994 -0.4646451 1.323228 3.537336 -0.408783 1.366442 3.493994 -0.4646451 -0.01969175 1.964941 -1.32093 -0.03778439 1.735237 -1.334858 -0.03775239 1.731603 -1.315979 -0.05130263 2.028612 -1.309277 -0.05130216 2.027506 -1.327386 -0.06512257 2.576706 -1.305648 -0.06512211 2.576153 -1.323756 -0.6706464 2.204877 -1.419144 -0.7764791 2.205456 -1.417451 -0.7238182 2.258872 -1.452666 -0.7758057 2.307584 -1.410346 -0.6699731 2.307004 -1.412039 -0.7764791 2.205456 -1.417451 -0.7765587 2.258379 -1.440565 -0.7238182 2.258872 -1.452666 -0.7758057 2.307584 -1.410346 -0.7238182 2.258872 -1.452666 -0.6707262 2.257799 -1.44226 -0.6706464 2.204877 -1.419144 -0.7238182 2.258872 -1.452666 -0.6699731 2.307004 -1.412039 -0.7238182 2.258872 -1.452666 -0.6753152 4.18458 1.286977 -0.8478148 -0.01000011 1.485808 -0.7478163 0 1.476015 -0.6127829 4.330629 1.162309 -0.712665 4.267301 1.208872 -0.7126899 4.293525 -1.166868 -0.6875656 4.269333 -1.212747 -0.6126707 4.234801 -1.228032 -0.833981 0.4318416 -1.494357 -0.7478163 0 -1.487343 -1.421365 0.3037086 -0.6032043 -1.238183 4.235215 -0.3659015 -1.410972 0.3137085 -0.7032046 -1.132452 4.34085 -0.3659015 -1.262563 4.226916 -0.4659019 -1.137958 4.33322 -0.4659019 -1.137958 4.33322 -0.4659019 -1.272016 4.201151 -0.4659019 -1.262563 4.226916 -0.4659019 -1.410972 0.3137085 -0.7032046 -1.262563 4.226916 -0.4659019 1.270512 4.19514 -0.3659015 1.403704 0.3137085 -0.6032043 1.414055 0.3037086 -0.6594545 -1.410972 0.3137085 -0.6032043 1.414055 0.3037086 -0.6594545 -1.421365 0.3037086 -0.6032043 -1.238183 4.235215 -0.3659015 -0.06929001 3.782338 -1.314423 -0.06929024 3.782338 -1.305369 -0.05243032 4.169254 -1.30872 -0.06929024 3.782338 -1.305369 -0.4812377 3.800901 -1.30872 -0.4812377 4.169254 -1.30872 -0.4235612 4.342133 -1.188112 -0.05243032 4.169254 -1.30872 -0.4812377 3.384325 -1.30872 -0.0544176 3.347198 -1.302018 -0.673198 4.190489 -1.248499 -0.4235612 4.342133 -1.188112 -0.730641 4.327654 -1.144039 -0.8263793 4.217478 -1.30872 -0.673198 3.367498 -1.264309 -0.82638 3.370442 -1.30872 -0.4662059 3.266768 -1.26737 -0.03029561 3.266768 -1.281343 -0.04000271 3.1248 -1.320127 -0.6521001 3.266768 -1.226236 -0.8004384 3.266768 -1.26737 -0.649203 3.166562 -1.273924 -0.4812377 2.600209 -1.312349 -0.06512257 2.576706 -1.305648 -0.82638 3.124799 -1.30872 -0.4812377 2.057401 -1.315979 -0.05130263 2.028612 -1.309277 -0.6731991 2.638074 -1.282304 -0.6732002 2.106223 -1.295655 -0.6733425 1.955042 -1.294917 -0.01969175 1.964941 -1.32093 -0.82638 2.106223 -1.315979 -0.03775239 1.731603 -1.315979 -1.313892 3.044214 -1.30872 -0.02100999 1.004954 -1.334595 -0.4812377 1.062323 -1.354651 -1.272542 3.266768 -1.26737 -0.4812377 1.783157 -1.315979 -0.6732002 1.841822 -1.300501 -0.6732002 0.6649609 -1.30872 -1.345944 0.6648262 -1.341693 -0.4812377 0.7019058 -1.373988 -0.02100999 1.004954 -1.334595 -0.009004466 0.6416308 -1.343903 -0.5696378 0.5875714 -1.371289 -0.01223767 0.4608473 -1.394248 -0.01352112 0.4243936 -1.38539 -0.4812399 0.4236966 -1.38294 -0.6732009 0.4236966 -1.379787 -0.82638 0.4236966 -1.379787 -1.384957 0.4236966 -1.379787 -1.390076 0.5290515 -0.4705878 -1.384957 0.4236966 -0.5553814 -1.384957 0.4236966 -0.4000851 -1.384957 0.4236966 -0.2158299 -1.384957 0.4236966 0.3578006 -1.384957 0.4236966 0.576004 -1.39588 0.525291 0.7297379 -1.384957 0.4236966 0.7708386 -1.363321 0.4236966 1.356351 -1.313892 0.7210661 0.05785596 -1.338889 0.662297 1.343262 -0.82638 0.4236966 1.378739 -1.290668 1.921984 -0.4214298 -0.7466942 0.5559851 1.361056 -0.7058055 0.4236966 1.378739 -0.4812399 0.4236966 1.378739 -1.294145 1.909388 0.5845205 -0.6697 0.7563324 1.371859 -1.301723 1.948924 -1.296552 -1.313892 2.106223 -1.30872 -1.313892 2.106223 -0.5553803 -1.313892 3.124799 -0.5553803 -1.287459 2.106223 -0.4000844 -1.313892 2.106223 -0.2158295 -1.262173 3.124799 -0.400084 -1.313892 3.043555 -0.2158295 -1.272542 3.266768 -0.5378423 -1.219044 3.266768 -0.3874544 -1.272542 3.266768 -0.2090235 -1.256131 3.367597 -0.400084 -1.313892 3.370442 -0.5553803 -1.313892 3.370442 -1.30872 -1.313892 4.217478 -1.30872 -1.183084 4.348285 -1.177914 -0.730641 4.327654 -1.144039 -1.313892 4.217478 -0.5553803 -1.235571 4.191394 -0.400084 -1.172376 4.312016 -0.404966 -0.6994656 4.330066 -0.4111854 -0.730641 4.327654 -1.144039 -0.4235612 4.342133 -1.188112 -0.730641 4.327654 -1.144039 -1.313892 4.180356 -0.2158295 -0.4235612 4.342133 -1.188112 0.427612 4.348285 -1.177914 -1.313892 3.370442 -0.2158295 0.6218984 4.320447 -0.3911583 0.6569732 4.312387 -1.139257 1.171695 4.348285 -0.2158281 1.123234 4.324968 -0.4486129 0.6569732 4.312387 -1.139257 1.171695 4.348285 -1.177914 1.123234 4.324968 -0.4486129 1.171695 4.348285 -0.2158281 1.151677 4.319174 0.5071169 0.6965892 4.313797 0.5633407 1.171695 4.348285 1.176867 0.6569732 4.312387 1.13821 0.427612 4.323287 0.5903724 0.427612 4.348285 1.176867 -0.6770995 4.324844 0.5839846 -0.6683204 4.328169 1.143838 0.427612 4.348285 1.176867 -1.239177 4.314449 0.3577992 -1.16893 4.298178 0.6368882 -1.183084 4.348285 1.176867 -1.313892 4.180356 0.3577999 -1.246046 4.17587 0.5760037 -1.313892 4.217478 0.7708379 -1.313892 3.370442 0.3577999 -1.272542 3.266768 0.3464738 -1.263858 3.365904 0.5760037 -1.313892 3.043555 0.3577999 -1.226199 3.266768 0.5577804 -1.313892 2.106223 0.3577999 -1.269091 3.124799 0.5760037 -1.290993 2.106223 0.5760037 -1.272542 3.266768 0.7464563 -1.313892 3.124799 0.7708379 -1.313892 2.106223 0.7708379 -1.313892 3.370442 0.7708379 -1.272542 3.266768 1.266323 -1.313892 4.217478 1.307673 -1.313892 3.370442 1.307673 -0.8263793 4.217478 1.307673 -0.6683204 4.328169 1.143838 -0.82638 3.370442 1.307673 -0.673198 4.190489 1.247451 -0.4812377 4.299068 1.258456 -0.6683204 4.328169 1.143838 0.427612 4.348285 1.176867 -0.673198 3.367498 1.263261 -0.4812377 4.217478 1.307673 -0.8004384 3.266768 1.266323 -0.4812377 3.370442 1.307673 -0.6521001 3.266768 1.225189 -0.0198255 4.217478 1.307673 -0.0198255 3.370442 1.307673 0.427612 4.217478 1.307673 0.427612 4.348285 1.176867 -0.4662059 3.266768 1.266323 -0.673198 3.124799 1.267906 -0.82638 3.124799 1.307673 -0.4812377 3.041943 1.307673 -1.313892 3.026677 1.307673 -0.6732002 2.106223 1.287349 -0.82638 2.106223 1.307673 -1.313892 2.106223 1.307673 -1.301723 1.948924 1.295505 -0.666303 1.928412 1.287188 -0.6299863 0.8677323 1.307673 -0.4812377 2.070074 1.307673 0.6278881 0.819278 1.351801 -0.0198255 2.070074 1.307673 0.5826335 1.927464 1.287011 -0.0198255 3.041943 1.307673 -0.01937918 3.266768 1.266323 0.4139163 3.266768 1.266323 0.427612 3.041943 1.307673 0.427612 2.070074 1.307673 0.6112904 2.106223 1.288345 0.6112897 3.124799 1.269856 0.427612 3.370442 1.307673 0.5917889 3.266768 1.227206 0.427612 4.348285 1.176867 0.6569732 4.312387 1.13821 0.6112897 3.365847 1.265439 0.6112897 4.175341 1.250405 0.794024 4.217478 1.307673 1.171695 4.348285 1.176867 0.794024 3.370442 1.307673 0.7687469 3.266768 1.266323 1.302501 3.370442 1.307673 0.794024 3.124799 1.307673 1.261151 3.266768 1.266323 0.794024 2.106223 1.307673 1.302501 3.035835 1.307673 1.291202 1.940944 1.296374 1.302501 2.106223 1.307673 1.302501 2.106223 0.7708379 1.302501 3.124799 0.7708379 1.261151 3.266768 0.7464563 1.279605 2.106223 0.5760037 1.302501 3.370442 0.7708379 1.257701 3.124799 0.5760037 1.302501 4.217478 1.307673 1.302501 4.217478 0.7708379 1.151677 4.319174 0.5071169 1.26244 4.17587 0.5201914 1.252468 3.365904 0.5760037 1.214811 3.266768 0.5577804 1.302501 3.334707 0.3577999 1.302501 4.217478 0.3577999 1.253285 4.299068 0.3577994 1.151677 4.319174 0.5071169 1.171695 4.348285 -0.2158281 1.302501 4.217478 -0.2158295 1.171695 4.348285 -0.2158281 1.302501 3.334708 -0.2158295 1.261151 3.266768 0.3464738 1.244743 3.367598 -0.400084 1.302501 3.08003 0.3577999 1.261151 3.266769 -0.2090235 1.302501 2.068909 0.3577999 1.207654 3.266768 -0.3874544 1.302501 3.080031 -0.2158295 1.250783 3.1248 -0.400084 1.302501 2.06891 -0.2158295 1.281721 1.943032 0.5848373 1.276069 2.106224 -0.4000844 1.282484 1.916683 -0.3945131 1.318403 0.6708257 1.32361 1.350733 0.8371089 0.4448549 0.6569758 0.5322901 1.380478 -0.0198255 0.4236966 1.378739 0.4276127 0.4236966 1.378739 0.6112925 0.4236966 1.378739 0.7940269 0.4236966 1.378739 1.373569 0.4236966 1.378739 1.345991 0.6576496 0.4626404 1.373569 0.4236966 0.7708386 1.373569 0.4236966 0.576004 1.373569 0.4236966 0.3578006 1.339802 0.6836454 -0.2996093 1.343459 0.5423999 -0.2290934 1.373569 0.4236966 -0.2158299 1.373569 0.4236966 -0.4000851 1.373569 0.4236966 -0.5553814 1.373569 0.4236966 -1.379787 1.314246 0.7215129 -1.326104 0.6112925 0.4236966 -1.434598 0.7940269 0.4236966 -1.399123 0.65628 0.5882252 -1.375128 0.4253103 0.4257382 -1.443105 -0.01223767 0.4608473 -1.394248 0.4246542 0.6417055 -1.358413 -0.01029193 0.6492982 -1.3642 0.6112904 0.7068069 -1.350593 0.4248729 1.026086 -1.344351 -0.02157325 1.011278 -1.35442 0.6112904 1.862479 -1.30126 -0.02157325 1.011278 -1.35442 -0.03778439 1.735237 -1.334858 0.4253103 1.794848 -1.316227 -0.03778439 1.735237 -1.334858 -0.01969175 1.964941 -1.32093 0.626072 1.952167 -1.293681 0.427612 2.057402 -1.315979 -0.05130216 2.027506 -1.327386 -0.06512211 2.576153 -1.323756 0.427612 2.60021 -1.312349 -0.06512211 2.576153 -1.323756 -0.04000271 3.1248 -1.320127 0.6112904 2.106224 -1.296652 0.6112897 3.169926 -1.270904 -0.04000271 3.1248 -1.320127 0.4139163 3.266768 -1.26737 0.794024 2.106225 -1.315979 -0.0298489 3.266768 -1.303531 -0.04000271 3.1248 -1.320127 1.290333 1.952715 -1.296552 0.427612 3.384326 -1.30872 -0.05441714 3.347198 -1.320127 -0.06929001 3.782338 -1.314423 0.427612 3.800902 -1.30872 0.5917889 3.266768 -1.228253 -0.06929001 3.782338 -1.314423 -0.05243032 4.169254 -1.30872 0.427612 4.169254 -1.30872 -0.05243032 4.169254 -1.30872 -0.4235612 4.342133 -1.188112 0.427612 4.348285 -1.177914 0.6112897 4.175341 -1.251451 0.427612 4.348285 -1.177914 0.6569732 4.312387 -1.139257 0.6112897 3.365847 -1.266486 0.6569732 4.312387 -1.139257 0.794024 4.217478 -1.30872 0.7687469 3.266769 -1.26737 0.794024 3.370442 -1.30872 0.794024 3.1248 -1.30872 0.6569732 4.312387 -1.139257 1.171695 4.348285 -1.177914 1.261151 3.266769 -1.26737 1.302501 4.217478 -1.30872 1.123234 4.324968 -0.4486129 1.302501 4.217478 -0.5553803 1.302501 3.370442 -1.30872 1.302501 3.370442 -0.5553803 1.224182 4.191394 -0.400084 1.123234 4.324968 -0.4486129 1.123234 4.324968 -0.4486129 1.171695 4.348285 -0.2158281 1.261151 3.266769 -0.5378423 1.302501 3.1248 -0.5553803 1.302501 3.038104 -1.30872 1.302501 2.106225 -0.5553803 1.302501 2.106225 -1.30872 -1.27607 4.186151 0.4834862 -1.411002 0.3193564 0.7925129 -1.411002 0.3193564 0.692513 -1.155458 4.320558 0.4834862 -1.154732 4.316808 0.5834861 -1.27607 4.186151 0.5834861 -1.27607 4.186151 0.4834862 -1.285989 4.188473 0.4834862 -1.155458 4.320558 0.4834862 -1.421386 0.3093565 0.692513 -1.285989 4.188473 0.4834862 -1.411002 0.3193564 0.692513 -1.421386 0.3093565 0.692513 1.397994 0.3193564 0.692513 1.408332 0.3093565 0.692513 1.270512 4.18014 0.4834862 1.408332 0.3093565 0.692513 1.280416 4.183192 0.4834862 1.142302 4.309734 0.4833746 1.280416 4.183192 0.4834862 1.058081 -1.192093E-07 1.150461 1.058081 0.1100779 1.150461 1.058081 -8.940697E-08 -1.151043 1.058081 0.1100779 -1.151043 -1.066622 -1.192093E-07 1.150461 -1.066622 -8.940697E-08 -1.151043 -1.066622 0.1100779 1.150461 -1.066622 0.1100779 -1.151043 -1.398088 0.1100779 -1.464683 -1.396034 0.1100779 1.46608 -1.066622 0.1100779 -1.151043 -1.066622 0.1100779 1.150461 -1.066622 0.1100779 -1.151043 -1.066622 -8.940697E-08 -1.151043 1.058081 0.1100779 -1.151043 1.058081 -8.940697E-08 -1.151043 -1.066622 -1.192093E-07 1.150461 -1.066622 0.1100779 1.150461 1.058081 -1.192093E-07 1.150461 1.058081 0.1100779 1.150461 1.058081 0.3175915 1.145082 1.38752 0.3175915 1.145082 1.058081 0.1065139 1.145082 1.38752 0.1065139 1.145082 1.058081 0.1065139 1.145082 1.058081 0.1065139 1.466553 1.058081 0.3175915 1.145082 1.058081 0.3175915 1.466553 -1.066622 0.3175915 1.14679 -1.066622 0.3175915 1.468261 -1.066622 0.1065139 1.14679 -1.066622 0.1065138 1.468261 -1.066622 0.1065139 1.14679 -1.39606 0.1065139 1.14679 -1.066622 0.3175915 1.14679 -1.39606 0.3175915 1.14679 0.1647186 0.1065139 1.150461 -0.1647186 0.1065139 1.150461 0.1647186 0.3175914 1.150461 -0.1647186 0.3175914 1.150461 0.1647186 0.3175914 1.471932 -0.1647186 0.3175914 1.471932 0.1647186 0.1065139 1.471932 -0.1647186 0.1065139 1.471932 -0.1647186 0.1065139 1.150461 -0.1647186 0.1065139 1.471932 -0.1647186 0.3175914 1.150461 -0.1647186 0.3175914 1.471932 0.1647186 0.1065139 1.471932 0.1647186 0.1065139 1.150461 0.1647186 0.3175914 1.471932 0.1647186 0.3175914 1.150461 1.058081 0.3175915 -1.145663 1.058081 0.1065139 -1.145663 1.38752 0.3175915 -1.145663 1.38752 0.1065139 -1.145663 1.058081 0.1065139 -1.145663 1.058081 0.3175915 -1.145663 1.058081 0.1065139 -1.467135 1.058081 0.3175915 -1.467135 -1.066622 0.3175915 -1.147372 -1.066622 0.1065139 -1.147372 -1.066622 0.3175915 -1.468842 -1.066622 0.1065138 -1.468843 -1.066622 0.1065139 -1.147372 -1.066622 0.3175915 -1.147372 -1.39606 0.1065139 -1.147372 -1.39606 0.3175915 -1.147372 0.1647186 0.1065139 -1.151043 0.1647186 0.3175914 -1.151043 -0.1647186 0.1065139 -1.151043 -0.1647186 0.3175914 -1.151043 0.1647186 0.3175914 -1.472514 0.1647186 0.1065139 -1.472514 -0.1647186 0.3175914 -1.472514 -0.1647186 0.1065139 -1.472514 -0.1647186 0.1065139 -1.151043 -0.1647186 0.3175914 -1.151043 -0.1647186 0.1065139 -1.472514 -0.1647186 0.3175914 -1.472514 0.1647186 0.1065139 -1.472514 0.1647186 0.3175914 -1.472514 0.1647186 0.1065139 -1.151043 0.1647186 0.3175914 -1.151043 1.383939 0.4236969 1.466079 1.383939 0.3136189 1.466079 1.384734 0.4236967 -1.467371 1.383697 0.3136187 -1.469741 -1.39791 0.3136189 1.46109 -1.394311 0.4236968 1.466079 -1.395107 0.3136187 -1.467371 -1.39407 0.4236967 -1.469741 1.384734 0.4236967 -1.467371 1.383697 0.3136187 -1.469741 -1.39407 0.4236967 -1.469741 -1.395107 0.3136187 -1.467371 -1.394311 0.4236968 1.466079 -1.39791 0.3136189 1.46109 1.383939 0.4236969 1.466079 1.383939 0.3136189 1.466079 1.384734 0.4236967 -1.467371 -1.39407 0.4236967 -1.469741 1.383939 0.4236969 1.466079 -1.394311 0.4236968 1.466079 -1.395107 0.3136187 -1.467371 1.383697 0.3136187 -1.469741 1.383939 0.3136189 1.466079 -1.39791 0.3136189 1.46109 0.6938636 2.4849 1.398999 0.7019719 2.535802 1.393494 0.6936851 2.538681 1.420037 0.6937359 2.586676 1.387921 1.324493 3.508207 0.5232463 1.321456 3.558796 0.5123589 1.347952 3.56093 0.5210141 1.318061 3.610235 0.5177899 1.315744 3.615741 0.6234689 1.318781 3.565151 0.634356 1.345637 3.566435 0.6266931 1.322176 3.513713 0.6289253 1.333938 3.44391 -0.5221036 1.329443 3.495376 -0.5263481 1.355951 3.497112 -0.5176401 1.324719 3.545571 -0.5142993 1.323228 3.537336 -0.408783 1.327722 3.485869 -0.4045388 1.354462 3.488877 -0.4121237 1.332447 3.435675 -0.4165873 -0.02100999 1.004954 -1.334595 -0.03775239 1.731603 -1.315979 -0.03778439 1.735237 -1.334858 -0.02157325 1.011278 -1.35442 -0.02100999 1.004954 -1.334595 -0.01029193 0.6492982 -1.3642 -0.009004466 0.6416308 -1.343903 -0.01223767 0.4608473 -1.394248 -0.7764791 2.205456 -1.417451 -0.7843133 2.256565 -1.413768 -0.7765587 2.258379 -1.440565 -0.7758057 2.307584 -1.410346 0.7712896 0 -1.487343 0.7712896 0 1.476015 0.6645655 -0.01000011 -1.497145 0.6645655 -0.01000011 1.485842 -0.7478163 0 -1.487343 -0.7478163 0 1.476015 -0.8478148 -0.01000011 -1.497081 -0.8478148 -0.01000011 1.485808 0.7712896 0 -1.487343 0.6645655 0 -1.487343 0.7712896 0 1.476015 0.6645655 0 1.476015 -0.7478163 0 -1.487343 -0.8478148 0 -1.487343 -0.7478163 0 1.476015 -0.8478148 0 1.476015 -0.8478148 0 -1.487343 -0.7126899 4.293525 -1.166868 -0.833981 0.4318416 -1.494357 -0.6875656 4.269333 -1.212747 1.397994 0.3193564 0.7925129 -1.411002 0.3193564 0.7925129 1.408332 0.3093565 0.692513 -1.421386 0.3093565 0.692513 -1.27607 4.186151 0.5834861 -1.155458 4.320558 0.4834862 -1.285989 4.188473 0.4834862 -1.136508 4.340923 0.5834861 1.403704 0.3137085 -0.6032043 1.403704 0.3137085 -0.7032046 -1.410972 0.3137085 -0.6032043 -1.410972 0.3137085 -0.7032046 1.397994 0.3193564 0.7925129 1.397994 0.3193564 0.692513 -1.411002 0.3193564 0.7925129 -1.411002 0.3193564 0.692513 -1.154732 4.316808 0.5834861 1.239379 4.214906 0.5833466 -1.136508 4.340923 0.5834861 1.175814 4.300092 0.5830398 -1.410972 0.3137085 -0.7032046 -1.272016 4.201151 -0.4659019 -1.410972 0.3137085 -0.6032043 -1.238183 4.235215 -0.3659015 -1.411002 0.3193564 0.7925129 -1.27607 4.186151 0.5834861 -1.421386 0.3093565 0.692513 -1.285989 4.188473 0.4834862 1.383956 0.1100779 -1.464421 1.387195 -7.450581E-08 -1.467006 1.36087 -7.450581E-08 -1.477985 -1.398088 0.1100779 -1.464683 -1.372091 -7.450581E-08 -1.477985 1.375113 0.1065139 1.454446 1.375113 0.3175915 1.454446 1.345996 0.3175915 1.466553 1.345996 0.1065139 1.466553 1.058081 0.3175915 1.466553 1.058081 0.1065139 1.466553 -1.383653 0.1065139 1.456154 -1.383653 0.3175915 1.456154 -1.39606 0.3175915 1.427742 -1.39606 0.1065138 1.427742 -1.39606 0.3175915 1.14679 -1.39606 0.1065139 1.14679 1.058081 0.1065139 -1.467135 1.058081 0.3175915 -1.467135 1.345996 0.1065139 -1.467135 1.345996 0.3175915 -1.467135 1.375113 0.1065139 -1.455028 1.375113 0.3175915 -1.455028 -1.39606 0.1065139 -1.147372 -1.39606 0.3175915 -1.147372 -1.39606 0.1065138 -1.428324 -1.39606 0.3175915 -1.428324 -1.383653 0.1065139 -1.456736 -1.383653 0.3175915 -1.456736 0.5878892 2.586495 1.387484 0.5797294 2.576899 1.388492 0.5878384 2.538501 1.419602 0.579833 2.494288 1.397488 0.5880169 2.48472 1.398563 -0.06929024 3.782338 -1.305369 -0.06929001 3.782338 -1.314423 -0.05441714 3.347198 -1.320127 -0.0544176 3.347198 -1.302018 -0.0298489 3.266768 -1.303531 -0.03029561 3.266768 -1.281343 -0.04000271 3.1248 -1.320127 -0.6699731 2.307004 -1.412039 -0.6618656 2.297343 -1.412837 -0.6707262 2.257799 -1.44226 -0.6624123 2.214447 -1.418608 -0.6706464 2.204877 -1.419144 -1.283799 3.21546 -1.301094 -1.276935 3.31546 -1.31503 1.27343 3.21546 -1.298531 1.292972 3.31546 -1.293131 1.292926 3.21546 1.255654 1.302926 3.31546 1.259796 1.271073 3.31546 1.291649 1.266932 3.21546 1.281649 -1.279292 3.21546 1.275151 -1.298835 3.31546 1.26975 -1.276935 3.31546 -1.31503 -1.28904 3.31546 -1.288783 -1.279679 1.883539 -1.33328 -1.283521 1.983539 -1.320601 1.295177 1.883539 -1.323412 1.290812 1.983539 -1.313636 1.307018 1.883539 1.293995 1.287597 1.983539 1.299274 -1.289549 1.883539 1.305836 -1.29322 1.983539 1.288023 -1.311257 1.883539 -1.301704 -1.283521 1.983539 -1.320601 -1.279679 1.883539 -1.33328 -1.29322 1.883539 -1.305599 -1.279679 1.883539 -1.33328 1.295177 1.883539 -1.323412 1.289204 1.883539 -1.315243 1.307018 1.883539 1.293995 1.298849 1.883539 1.288023 -1.289549 1.883539 1.305836 -1.283576 1.883539 1.297667 -1.311257 1.883539 -1.301704 -1.29322 1.883539 -1.305599 -1.279679 1.883539 -1.33328 0.7712896 0 1.476015 0.6645655 0 1.476015 0.5445241 4.235862 1.229943 0.6511473 4.249462 1.220378 0.5444981 4.268686 -1.182799 0.6511232 4.240952 -1.21776 0.6645655 0 -1.487343 0.7712896 0 -1.487343 -0.7478163 0 1.476015 -0.8478148 0 1.476015 -0.712665 4.267301 1.208872 -0.6127912 4.285961 1.188772 -0.7126899 4.293525 -1.166868 -0.6126707 4.234801 -1.228032 -0.8478148 0 -1.487343 -0.7478163 0 -1.487343 -0.833981 0.4318416 -1.494357 -0.8478148 -0.01000011 -1.497081 -0.8478148 0 -1.487343 -0.8478148 -0.01000011 1.485808 -0.8478148 0 1.476015 -0.6753152 4.18458 1.286977 -0.712665 4.267301 1.208872 -0.6126707 4.234801 -1.228032 -0.6875656 4.269333 -1.212747 -0.6127829 4.330629 1.162309 -0.6127912 4.285961 1.188772 -0.6753152 4.18458 1.286977 -0.7478163 0 1.476015 1.239379 4.214906 0.5833466 1.397994 0.3193564 0.7925129 1.280416 4.183192 0.4834862 1.175814 4.300092 0.5830398 1.142302 4.309734 0.4833746 -1.136508 4.340923 0.5834861 -1.155458 4.320558 0.4834862 1.270512 4.18014 0.4834862 1.397994 0.3193564 0.7925129 1.239379 4.214906 0.5833466 1.142302 4.309734 0.4833746 -1.154732 4.316808 0.5834861 -1.155458 4.320558 0.4834862 1.198401 4.267312 -0.465831 -1.137958 4.33322 -0.4659019 1.204569 4.274093 -0.4658312 1.403704 0.3137085 -0.7032046 1.414055 0.3037086 -0.6594545 -1.410972 0.3137085 -0.7032046 -1.396034 0.1100779 1.46608 1.380614 0.1100779 1.469145 -1.066622 0.1100779 1.150461 1.058081 0.1100779 1.150461 1.383956 0.1100779 -1.464421 1.058081 0.1100779 -1.151043 -1.398088 0.1100779 -1.464683 -1.066622 0.1100779 -1.151043 1.058081 0.1100779 -1.151043 0.7076045 2.47148 1.387912 0.6820811 2.598609 1.352948 0.7109342 2.594646 1.387128 0.5763209 2.601051 1.385852 0.5731976 2.495253 1.363729 0.5708188 2.47675 1.399357 0.7076045 2.47148 1.387912 1.313051 3.494577 0.5100114 1.284041 3.62211 0.5048564 1.317937 3.617301 0.5001832 1.314572 3.630953 0.6342193 1.286002 3.552207 0.6401746 1.322302 3.506647 0.6465318 1.313051 3.494577 0.5100114 1.322744 3.431788 -0.5369231 1.290275 3.558064 -0.5253978 1.324243 3.554842 -0.530845 1.321746 3.550996 -0.3961514 1.295358 3.471376 -0.4002554 1.332925 3.426403 -0.4000419 1.322744 3.431788 -0.5369231 -0.790034 2.192531 -1.405574 -0.7867373 2.31995 -1.375803 -0.792959 2.315647 -1.409517 -0.6583281 2.321566 -1.411208 -0.6558388 2.242417 -1.383249 -0.6534933 2.196814 -1.419975 -0.790034 2.192531 -1.405574 -1.283799 3.21546 -1.301094 1.27343 3.21546 -1.298531 -1.28904 3.31546 -1.288783 1.284803 3.31546 -1.287158 1.292926 3.21546 1.255654 1.275055 3.31546 1.273526 1.266932 3.21546 1.281649 -1.279292 3.21546 1.275151 -1.290665 3.31546 1.263778 -1.283799 3.21546 -1.301094 -1.28904 3.31546 -1.288783 -1.29322 1.883539 -1.305599 1.289204 1.883539 -1.315243 -1.283521 1.983539 -1.320601 1.290812 1.983539 -1.313636 1.298849 1.883539 1.288023 1.287597 1.983539 1.299274 -1.283576 1.883539 1.297667 -1.29322 1.983539 1.288023 -1.29322 1.883539 -1.305599 -1.283521 1.983539 -1.320601 -1.28904 3.31546 -1.288783 1.284803 3.31546 -1.287158 -1.276935 3.31546 -1.31503 1.292972 3.31546 -1.293131 1.275055 3.31546 1.273526 1.302926 3.31546 1.259796 1.271073 3.31546 1.291649 -1.290665 3.31546 1.263778 -1.298835 3.31546 1.26975 -1.28904 3.31546 -1.288783 0.6511232 4.247468 -1.224706 0.7712896 0 -1.487343 0.6509377 0.476892 -1.492416 0.5444981 4.268686 -1.182799 0.6512904 4.319575 1.157691 0.5445037 4.244401 1.235311 0.6511473 4.249462 1.220378 0.7712896 0 1.476015 0.6645655 -0.01000011 1.485842 0.6645655 0 -1.487343 0.6509377 0.476892 -1.492416 0.6645655 -0.01000011 -1.497145 0.6645655 -0.01000011 1.485842 0.6645655 0 1.476015 0.5445037 4.244401 1.235311 0.5445241 4.235862 1.229943 0.5444981 4.268686 -1.182799 0.6511473 4.249462 1.220378 0.6511232 4.240952 -1.21776 0.6512904 4.319575 1.157691 0.6511232 4.247468 -1.224706 0.7712896 0 -1.487343 1.38752 0.1065138 1.426034 1.38752 0.1065139 1.145082 1.38752 0.3175915 1.145082 1.38752 0.3175915 1.426034 1.375113 0.3175915 1.454446 1.375113 0.1065139 1.454446 -1.354536 0.1065138 1.468261 -1.066622 0.1065138 1.468261 -1.066622 0.3175915 1.468261 -1.354536 0.3175915 1.468261 -1.383653 0.3175915 1.456154 -1.383653 0.1065139 1.456154 1.38752 0.3175915 -1.145663 1.38752 0.1065139 -1.145663 1.38752 0.1065138 -1.426615 1.38752 0.3175915 -1.426615 1.375113 0.3175915 -1.455028 1.375113 0.1065139 -1.455028 -1.066622 0.3175915 -1.468842 -1.066622 0.1065138 -1.468843 -1.354536 0.1065138 -1.468843 -1.354536 0.3175915 -1.468843 -1.383653 0.3175915 -1.456736 -1.383653 0.1065139 -1.456736 1.270512 4.19514 -0.3659015 1.414055 0.3037086 -0.6594545 1.204569 4.274093 -0.4658312 1.151858 4.316042 -0.3656496 -1.132452 4.34085 -0.3659015 -1.137958 4.33322 -0.4659019 1.403704 0.3137085 -0.7032046 1.270512 4.19514 -0.3659015 1.198401 4.267312 -0.465831 1.151858 4.316042 -0.3656496 -1.238183 4.235215 -0.3659015 -1.137958 4.33322 -0.4659019 0.5763209 2.601051 1.385852 0.5797294 2.576899 1.388492 0.5878892 2.586495 1.387484 0.6937359 2.586676 1.387921 0.579833 2.494288 1.397488 0.7109342 2.594646 1.387128 0.5708188 2.47675 1.399357 0.7019719 2.535802 1.393494 0.5880169 2.48472 1.398563 0.7076045 2.47148 1.387912 0.6938636 2.4849 1.398999 -0.6583281 2.321566 -1.411208 -0.6618656 2.297343 -1.412837 -0.6699731 2.307004 -1.412039 -0.7758057 2.307584 -1.410346 -0.6624123 2.214447 -1.418608 -0.792959 2.315647 -1.409517 -0.6534933 2.196814 -1.419975 -0.7843133 2.256565 -1.413768 -0.6706464 2.204877 -1.419144 -0.790034 2.192531 -1.405574 -0.7764791 2.205456 -1.417451 1.313051 3.494577 0.5100114 1.324493 3.508207 0.5232463 1.322176 3.513713 0.6289253 1.321456 3.558796 0.5123589 1.322302 3.506647 0.6465318 1.317937 3.617301 0.5001832 1.318781 3.565151 0.634356 1.318061 3.610235 0.5177899 1.314572 3.630953 0.6342193 1.315744 3.615741 0.6234689 1.322744 3.431788 -0.5369231 1.333938 3.44391 -0.5221036 1.332447 3.435675 -0.4165873 1.329443 3.495376 -0.5263481 1.332925 3.426403 -0.4000419 1.324243 3.554842 -0.530845 1.327722 3.485869 -0.4045388 1.324719 3.545571 -0.5142993 1.321746 3.550996 -0.3961514 1.323228 3.537336 -0.408783</float_array>
          <technique_common>
            <accessor source="#brock1__CmFillerObjectA02C-position-array" count="2690" stride="3">
              <param name="X" type="float" />
              <param name="Y" type="float" />
              <param name="Z" type="float" />
            </accessor>
          </technique_common>
        </source>
        <source id="brock1__CmFillerObjectA02C-normal">
          <float_array id="brock1__CmFillerObjectA02C-normal-array" count="8070">0.02348337 -0.9863014 0.1604697 0.02348337 -0.9863014 0.1604697 0.02348337 -0.9863014 0.1604697 -1 0 0 -1 0 0 -1 0 0 -1 0 0 -0.003913894 0 -1 -0.003913894 0 -1 -0.3855186 0 -0.9236791 -0.3855186 0 -0.9236791 1 0 0 1 0 0 1 0 0 1 0 0 0 0 1 0 0 1 0 0 1 0 0 1 0 0 -1 0 0 -1 0 0 -1 0 0 -1 0 0 -1 0 0 -1 0 0 -1 0 0 -1 -1 0 0 -1 0 0 -1 0 0 -1 0 0 1 0 0 1 0 0 1 0 0 1 0 0 0 0 -1 0 0 -1 0 0 -1 0 0 -1 0 0 -1 0 0 -1 0 0 -1 0 0 -1 0 0 1 0 0 1 0 0 1 0 0 1 -1 0 0 -1 0 0 -1 0 0 -1 0 0 1 0 0 1 0 0 1 0 0 1 0 0 0 0 1 0 0 1 0 0 1 0 0 1 -1 0 0 -1 0 0 -1 0 0 -1 0 0 1 0 0 1 0 0 1 0 0 1 0 0 0 0 1 0 0 1 0 0 1 0 0 1 0 0 1 0 0 1 0 0 1 0 0 1 0 0 -1 0 0 -1 0 0 -1 0 0 -1 -1 0 0 -1 0 0 -1 0 0 -1 0 0 1 0 0 1 0 0 1 0 0 1 0 0 -0.2700587 0 -0.962818 -0.003913894 0 -1 -0.2700587 0 -0.962818 -0.003913894 0 -1 0 1 0 0 1 0 0 1 0 0 1 0 0 1 0 0 1 0 0 1 0 0 1 0 0 1 0 0 1 0 0 1 0 0 1 0 0 1 0 0 1 0 0 1 0 0 1 0 0 1 0 0 1 0 0 1 0 0 1 0 1 0.001956947 0.003913894 1 0.001956947 0.003913894 1 0.001956947 0.003913894 1 0.001956947 0.003913894 -1 -0.001956947 -0.003913894 -1 -0.001956947 -0.003913894 -1 -0.001956947 -0.003913894 -1 -0.001956947 -0.003913894 0.001956947 0.1174168 0.9921722 0.001956947 0.1174168 0.9921722 0.001956947 0.1174168 0.9921722 0.001956947 0.1174168 0.9921722 -0.001956947 -0.1174168 -0.9921722 -0.001956947 -0.1174168 -0.9921722 -0.001956947 -0.1174168 -0.9921722 -0.001956947 -0.1174168 -0.9921722 0.001956947 -0.9921722 0.1174168 0.001956947 -0.9921722 0.1174168 0.001956947 -0.9921722 0.1174168 0.001956947 -0.9921722 0.1174168 1 0.001956947 -0.001956947 1 0.001956947 -0.001956947 1 0.001956947 -0.001956947 1 0.001956947 -0.001956947 -1 -0.001956947 0.001956947 -1 -0.001956947 0.001956947 -1 -0.001956947 0.001956947 -1 -0.001956947 0.001956947 0.02152642 -0.05283757 -0.9980431 0.02152642 -0.05283757 -0.9980431 0.02152642 -0.05283757 -0.9980431 0.02152642 -0.05283757 -0.9980431 -0.02152642 0.05283757 0.9980431 -0.02152642 0.05283757 0.9980431 -0.02152642 0.05283757 0.9980431 -0.02152642 0.05283757 0.9980431 0.9960861 0.09589041 0.005870841 0.9960861 0.09589041 0.005870841 0.9960861 0.09589041 0.005870841 0.9960861 0.09589041 0.005870841 -0.9960861 -0.09589041 -0.005870841 -0.9960861 -0.09589041 -0.005870841 -0.9960861 -0.09589041 -0.005870841 -0.9960861 -0.09589041 -0.005870841 0.09589041 -0.9941292 0.06262231 0.09589041 -0.9941292 0.06262231 0.09589041 -0.9941292 0.06262231 0.09589041 -0.9941292 0.06262231 0.01369863 -0.06262231 -0.9980431 0.01369863 -0.06262231 -0.9980431 0.01369863 -0.06262231 -0.9980431 0.01369863 -0.06262231 -0.9980431 -0.01369863 0.06262231 0.9980431 -0.01369863 0.06262231 0.9980431 -0.01369863 0.06262231 0.9980431 -0.01369863 0.06262231 0.9980431 0.01369863 0.07827789 -0.9960861 0.01369863 0.07827789 -0.9960861 0.01369863 0.07827789 -0.9960861 0.01369863 0.07827789 -0.9960861 -0.01369863 -0.07827789 0.9960861 -0.01369863 -0.07827789 0.9960861 -0.01369863 -0.07827789 0.9960861 -0.01369863 -0.07827789 0.9960861 0.9980431 0.0665362 0.02152642 0.9980431 0.0665362 0.02152642 0.9980431 0.0665362 0.02152642 0.9980431 0.0665362 0.02152642 -0.9980431 -0.0665362 -0.02152642 -0.9980431 -0.0665362 -0.02152642 -0.9980431 -0.0665362 -0.02152642 -0.9980431 -0.0665362 -0.02152642 0.06849315 -0.9941292 -0.08219178 0.06849315 -0.9941292 -0.08219178 0.06849315 -0.9941292 -0.08219178 0.06849315 -0.9941292 -0.08219178 0.01565558 0.08414873 -0.9960861 0.01565558 0.08414873 -0.9960861 0.01565558 0.08414873 -0.9960861 0.01565558 0.08414873 -0.9960861 -0.01565558 -0.08414873 0.9960861 -0.01565558 -0.08414873 0.9960861 -0.01565558 -0.08414873 0.9960861 -0.01565558 -0.08414873 0.9960861 -1 0.005870841 0.01565558 -1 0.005870841 0.01565558 -1 0.005870841 0.01565558 -1 0.005870841 0.01565558 1 -0.005870841 -0.01565558 1 -0.005870841 -0.01565558 1 -0.005870841 -0.01565558 1 -0.005870841 -0.01565558 -0.01565558 0.1272016 -0.9921722 -0.01565558 0.1272016 -0.9921722 -0.01565558 0.1272016 -0.9921722 -0.01565558 0.1272016 -0.9921722 0.01565558 -0.1272016 0.9921722 0.01565558 -0.1272016 0.9921722 0.01565558 -0.1272016 0.9921722 0.01565558 -0.1272016 0.9921722 -0.007827789 -0.9921722 -0.1272016 -0.007827789 -0.9921722 -0.1272016 -0.007827789 -0.9921722 -0.1272016 -0.007827789 -0.9921722 -0.1272016 -1 0.005870841 0.01565558 -1 0.005870841 0.01565558 -1 0.005870841 0.01565558 -1 0.005870841 0.01565558 1 -0.005870841 -0.01565558 1 -0.005870841 -0.01565558 1 -0.005870841 -0.01565558 1 -0.005870841 -0.01565558 0 0.05088063 -0.9980431 0 0.05088063 -0.9980431 0 0.009784736 -1 0 0.009784736 -1 0 -1 0 0 -1 0 0 -1 0 0 -1 0 0 0.05283757 -0.9980431 0 0.005870841 -1 0 0.05283757 -0.9980431 0 0.005870841 -1 0 -1 0 0 -1 0 0 -1 0 0 -1 0 0 1 0 0 1 0 0 1 0 0 1 0 0 1 0 0 1 0 0 1 0 0 1 0 0 -1 0 0 -1 0 0 -1 0 0 -1 0 0 -1 0 0 -1 0 0 -1 0 0 -1 0 0 1 0 0 1 0 0 1 0 0 1 0 0 1 0 0 1 0 0 1 0 0 1 0 -0.9158513 0 -0.4011742 -0.9158513 0 -0.4011742 -1 0 -0.003913894 -1 0 -0.003913894 -1 0 0.003913894 -1 0 0.003913894 -0.9158513 0 0.4011742 -0.9158513 0 0.4011742 -0.3855186 0 0.9236791 -0.3855186 0 0.9236791 -0.003913894 0 1 -0.003913894 0 1 0.003913894 0 1 0.003913894 0 1 0.3855186 0 0.9236791 0.3855186 0 0.9236791 0.3835616 0 0.9236791 0.3835616 0 0.9236791 0.037182 0 1 0.037182 0 1 0 0 1 0 0 1 -0.9158513 0 0.3992172 -0.9158513 0 0.3992172 -1 0 0.03913894 -1 0 0.03913894 -1 0 0 -1 0 0 0 0 -1 0 0 -1 0.037182 0 -1 0.037182 0 -1 0.3835616 0 -0.9236791 0.3835616 0 -0.9236791 -1 0 0 -1 0 0 -1 0 -0.03913894 -1 0 -0.03913894 -0.9158513 0 -0.3992172 -0.9158513 0 -0.3992172 0.9882583 -0.1448141 0.01956947 0.9882583 -0.1448141 0.01956947 0.9882583 0.148728 -0.01174168 0.9882583 0.148728 -0.01174168 0.1526419 0.9823875 -0.1056751 0.1526419 0.9823875 -0.1056751 -0.1545988 0.9823875 -0.1076321 -0.1545988 0.9823875 -0.1076321 -0.9882583 0.1448141 -0.01956947 -0.9882583 0.1448141 -0.01956947 -0.9882583 -0.148728 0.01174168 -0.9882583 -0.148728 0.01174168 -0.1526419 -0.9823875 0.1056751 -0.1526419 -0.9823875 0.1056751 0.1545988 -0.9823875 0.1076321 0.1545988 -0.9823875 0.1076321 0.9882583 -0.1448141 0.01956947 0.9882583 -0.1448141 0.01956947 -0.001956947 -0.5068493 0.8630137 -0.001956947 -0.5068493 0.8630137 -0.003913894 0.1076321 0.9941292 -0.003913894 0.1076321 0.9941292 -0.003913894 0.6790606 0.7338552 -0.003913894 0.6790606 0.7338552 0.03131115 -0.1996086 -0.9804305 0.03131115 -0.1996086 -0.9804305 0.01174168 0.09589041 -0.9960861 0.01174168 0.09589041 -0.9960861 -0.05870841 0.9765166 -0.2054795 -0.05870841 0.9765166 -0.2054795 -0.06457926 0.9921722 0.0998043 -0.06457926 0.9921722 0.0998043 -0.03131115 0.1996086 0.9804305 -0.03131115 0.1996086 0.9804305 -0.01174168 -0.09589041 0.9960861 -0.01174168 -0.09589041 0.9960861 0.05870841 -0.9765166 0.2054795 0.05870841 -0.9765166 0.2054795 0.06457926 -0.9921722 -0.0998043 0.06457926 -0.9921722 -0.0998043 0.03131115 -0.1996086 -0.9804305 0.03131115 -0.1996086 -0.9804305 0.8375734 -0.5420744 0.04696673 0.8375734 -0.5420744 0.04696673 0.9980431 0.06457926 0.01761252 0.9980431 0.06457926 0.01761252 0.7632094 0.6457925 -0.01761252 0.7632094 0.6457925 -0.01761252 0.02739726 -0.0704501 -0.9980431 0.02739726 -0.0704501 -0.9980431 0 0.223092 -0.9745597 0 0.223092 -0.9745597 -0.08610567 0.9941292 -0.07632094 -0.08610567 0.9941292 -0.07632094 -0.09197652 0.9686888 0.2270059 -0.09197652 0.9686888 0.2270059 -0.02739726 0.0704501 0.9980431 -0.02739726 0.0704501 0.9980431 0 -0.223092 0.9745597 0 -0.223092 0.9745597 0.08610567 -0.9941292 0.07632094 0.08610567 -0.9941292 0.07632094 0.09197652 -0.9686888 -0.2270059 0.09197652 -0.9686888 -0.2270059 0.02739726 -0.0704501 -0.9980431 0.02739726 -0.0704501 -0.9980431 0.853229 -0.5205479 -0.02935421 0.853229 -0.5205479 -0.02935421 0.9960861 0.08806262 0.02152642 0.9960861 0.08806262 0.02152642 0.7455969 0.6634051 0.06262231 0.7455969 0.6634051 0.06262231 -0.9902152 -0.1428571 0.005870841 -0.9902152 -0.1428571 0.005870841 -0.9882583 0.1526419 0.02544031 -0.9882583 0.1526419 0.02544031 -0.146771 0.9863014 0.0704501 -0.146771 0.9863014 0.0704501 0.1585127 0.9843444 0.0665362 0.1585127 0.9843444 0.0665362 0.9902152 0.1428571 -0.005870841 0.9902152 0.1428571 -0.005870841 0.9882583 -0.1526419 -0.02544031 0.9882583 -0.1526419 -0.02544031 0.146771 -0.9863014 -0.0704501 0.146771 -0.9863014 -0.0704501 -0.1585127 -0.9843444 -0.0665362 -0.1585127 -0.9843444 -0.0665362 -0.9902152 -0.1428571 0.005870841 -0.9902152 -0.1428571 0.005870841 -0.01565558 -0.5381604 -0.8414873 -0.01565558 -0.5381604 -0.8414873 -0.01565558 0.0704501 -0.9980431 -0.01565558 0.0704501 -0.9980431 -0.007827789 0.6497065 -0.7592955 -0.007827789 0.6497065 -0.7592955 0 -1 0 0 -1 0 0 -1 0 0 -1 0 0 -1 0 0 -1 0 0 -1 0 0 -1 0 0 -1 0 0 -1 0 0 -1 0 0 -1 0 0 -1 0 0 -1 0 0 -1 0 0 -1 0 0 -1 0 0 -1 0 0 1 0 0 1 0 0 1 0 0 1 0 0 1 0 0 1 0 0 1 0 0 1 0 0 1 0 0 1 0 0 1 0 0 1 0 0 1 0 0 1 0 0 1 0 0 1 0 0 1 0 0 1 0 0 -1 0 0 -1 0 0 -1 0 0 -1 0 0 -1 0 0 -1 0 0 -1 0 0 -1 0 0 -1 0 0 -1 0 0 -1 0 0 -1 0 0 -1 0 0 -1 0 0 -1 0 0 -1 0 0 -1 0 0 -1 0 0 1 0 0 1 0 0 1 0 0 1 0 0 1 0 0 1 0 0 1 0 0 1 0 0 1 0 0 1 0 0 1 0 0 1 0 0 1 0 0 1 0 0 1 0 0 1 0 0 1 0 0 1 0 0 -0.009784736 1 0 -0.009784736 1 0 -0.05088063 0.9980431 0 -0.05088063 0.9980431 0 -0.06849315 0.9980431 0 -0.06849315 0.9980431 0 -0.7142857 0.7005871 0 -0.7142857 0.7005871 0 -1 0.02152642 0 -1 0.02152642 0 -1 -0.02152642 0 -1 -0.02152642 0 -0.704501 -0.7084149 0 -0.704501 -0.7084149 0 -0.06849315 -0.9980431 0 -0.06849315 -0.9980431 0 -0.04892368 -0.9980431 0 -0.04892368 -0.9980431 0 0.01761252 -1 0 0.01761252 -1 0 0.02152642 -1 0 0.02152642 -1 0 -0.04696673 -0.9980431 0 -0.04696673 -0.9980431 0 -0.06849315 -0.9980431 0 -0.06849315 -0.9980431 0 -0.6497065 -0.7612525 0 -0.6497065 -0.7612525 0 -1 -0.02544031 0 -1 -0.02544031 0 -1 0.02152642 0 -1 0.02152642 0 -0.7142857 0.7005871 0 -0.7142857 0.7005871 0 -0.0704501 0.9980431 0 -0.0704501 0.9980431 0 -0.05283757 0.9980431 0 -0.05283757 0.9980431 0 -0.007827789 1 0 -0.007827789 1 -1 -0.02935421 -0.001956947 -1 -0.02935421 -0.001956947 -1 -0.003913894 0.001956947 -1 -0.003913894 0.001956947 -1 -0.003913894 -0.001956947 -1 -0.003913894 -0.001956947 -1 -0.02739726 0.001956947 -1 -0.02739726 0.001956947 -1 -0.02739726 0.003913894 -1 -0.02739726 0.003913894 -1 -0.001956947 0 -1 -0.001956947 0 -1 0 0 -1 0 0 -1 0 0 -1 0 0 -1 0 0 -1 0 0 -1 -0.02739726 -0.003913894 -1 -0.02739726 -0.003913894 -1 -0.02935421 -0.001956947 -1 -0.02935421 -0.001956947 1 0.02935421 0.001956947 1 0.02935421 0.001956947 1 0.02739726 0.003913894 1 0.02739726 0.003913894 1 0 0 1 0 0 1 0 0 1 0 0 1 0 0 1 0 0 1 0.001956947 0 1 0.001956947 0 1 0.02739726 -0.003913894 1 0.02739726 -0.003913894 1 0.02739726 -0.001956947 1 0.02739726 -0.001956947 1 0.003913894 0.001956947 1 0.003913894 0.001956947 1 0.003913894 -0.001956947 1 0.003913894 -0.001956947 1 0.02935421 0.001956947 1 0.02935421 0.001956947 1 -0.03131115 -0.003913894 1 -0.03131115 -0.003913894 1 -0.03131115 -0.005870841 1 -0.03131115 -0.005870841 1 0 0 1 0 0 1 0 0 1 0 0 1 0 0 1 0 0 1 -0.001956947 0 1 -0.001956947 0 1 -0.03131115 0.005870841 1 -0.03131115 0.005870841 1 -0.03131115 0.003913894 1 -0.03131115 0.003913894 1 -0.003913894 -0.001956947 1 -0.003913894 -0.001956947 1 -0.003913894 0.001956947 1 -0.003913894 0.001956947 1 -0.03131115 -0.003913894 1 -0.03131115 -0.003913894 -1 0.02739726 0 -1 0.02739726 0 -1 0.03522505 0 -1 0.03522505 0 -0.9960861 0.07827789 0 -0.9960861 0.08023483 0 -0.6771037 0.7358121 0 -0.6771037 0.7358121 0 -0.01956947 1 0 -0.01956947 1 0 -0.01761252 1 0 -0.01761252 1 0 -0.7142857 0.7005871 0 -0.7142857 0.7005871 0 -0.9980431 0.07240704 0 -0.9980431 0.0704501 0 -1 0.03522505 0 -1 0.03522505 0 -1 0.02739726 0 -1 0.02739726 0 0.01761252 -1 0 0.01761252 -1 0 -0.02544031 -1 0 -0.02544031 -1 0 -0.702544 -0.7123288 0 -0.702544 -0.7123288 0 -0.9980431 -0.06849315 0 -0.9980431 -0.0665362 0 -1 -0.03522505 0 -1 -0.0332681 0 -1 -0.02935421 0 -1 -0.02935421 0 0 0 -1 0 0 -1 0 0 -1 0 0 -1 0.001956947 0.001956947 -1 0.001956947 0.001956947 -1 0 0.05870841 -0.9980431 0 0.05870841 -0.9980431 0.01565558 0.06066536 -0.9980431 0.02544031 0.06262231 -0.9980431 0.01761252 0.02544031 -1 0.01761252 0.02544031 -1 -0.01761252 0.02544031 -1 -0.01761252 0.02544031 -1 -0.01761252 0.06066536 -0.9980431 -0.02739726 0.06262231 -0.9980431 -0.003913894 0.05870841 -0.9980431 -0.003913894 0.05675147 -0.9980431 0 0 -1 0 0 -1 0 0 -1 0 0 -1 0 0 -1 0 0 -1 0 0 -1 0 0 -1 -0.001956947 -0.001956947 -1 -0.001956947 -0.001956947 -1 0 -0.05088063 -0.9980431 0 -0.05088063 -0.9980431 -0.01369863 -0.05479452 -0.9980431 -0.02348337 -0.05479452 -0.9980431 -0.01565558 -0.02152642 -1 -0.01565558 -0.02152642 -1 0.01565558 -0.02152642 -1 0.01565558 -0.02152642 -1 0.01565558 -0.05479452 -0.9980431 0.02544031 -0.05479452 -0.9980431 0.003913894 -0.05088063 -0.9980431 0.003913894 -0.05088063 -0.9980431 0 0 -1 0 0 -1 0 0 -1 0 0 -1 1 0.02935421 0 1 0.02935421 0 1 0.0332681 0 1 0.03522505 0 0.9980431 0.0665362 0 0.9980431 0.06849315 0 0.7005871 0.7123288 0 0.7005871 0.7123288 0 0.02739726 1 0 0.02544031 1 0 -0.01956947 1 0 -0.01956947 1 0 -1 -0.02935421 0 -1 -0.02935421 0 -1 -0.0332681 0 -1 -0.0332681 0 -0.9980431 -0.06457926 0 -0.9980431 -0.0665362 0 -0.702544 -0.7123288 0 -0.702544 -0.7123288 0 -0.02739726 -1 0 -0.02739726 -1 0 0.01761252 -1 0 0.01761252 -1 0 0.003913894 -0.1076321 -0.9941292 0.003913894 -0.1076321 -0.9941292 0.003913894 -0.1076321 -0.9941292 0.003913894 -0.1076321 -0.9941292 0.003913894 -0.1076321 -0.9941292 0.003913894 -0.1076321 -0.9941292 0.003913894 -0.1076321 -0.9941292 0.003913894 -0.1076321 -0.9941292 -0.9980431 -0.06457926 -0.01761252 -0.9980431 -0.06457926 -0.01761252 -0.9980431 -0.06457926 -0.01761252 -0.9980431 -0.06457926 -0.01761252 -0.9980431 -0.06457926 -0.01761252 -0.9980431 -0.06457926 -0.01761252 -0.9980431 -0.06457926 -0.01761252 -0.9980431 -0.06457926 -0.01761252 -0.9960861 -0.08806262 -0.02152642 -0.9960861 -0.08806262 -0.02152642 -0.9960861 -0.08806262 -0.02152642 -0.9960861 -0.08806262 -0.02152642 -0.9960861 -0.08806262 -0.02152642 -0.9960861 -0.08806262 -0.02152642 -0.9960861 -0.08806262 -0.02152642 -0.9960861 -0.08806262 -0.02152642 -1 0.02544031 0.001956947 -1 0 0 -1 0 0 -0.9980431 0.04500978 0.001956947 -1 0.02739726 0.01761252 -1 0.02544031 0.01761252 -1 -0.02739726 0.0332681 -0.9980431 -0.02935421 0.0332681 -1 -0.02739726 0.01956947 -1 -0.02544031 0.01565558 -0.9843444 0.007827789 0.1800391 -0.9902152 0 0.1389433 -0.8356164 -0.0665362 0.5459883 -0.8375734 -0.01565558 0.5459883 -0.9941292 -0.08610567 0.0704501 -0.9941292 -0.08806262 0.07240704 -1 0.01174168 0 -1 0.009784736 0 -0.009784736 0.04305284 -0.9980431 -0.9980431 0.05283757 -0.003913894 0.01369863 -0.01956947 -1 -0.9980431 -0.05870841 -0.01174168 -0.9941292 -0.0998043 -0.001956947 -0.005870841 -0.04305284 -1 -1 -0.01565558 0 -0.007827789 0.007827789 -1 0.003913894 0.09784736 -0.9960861 -0.08023483 0.6027398 -0.7945206 0 0.5890411 -0.8082192 0 0.9980431 -0.0704501 -0.04696673 0.9960861 -0.07632094 -0.06066536 0.1076321 -0.9921722 -0.001956947 0.6829746 -0.7299413 0.001956947 0.9980431 -0.06066536 0.05870841 0.9941292 -0.08023483 -0.07240704 0.001956947 -0.9980431 0.007827789 -0.003913894 -1 0.148728 0.09001957 -0.9843444 0.1037182 0.6888454 -0.7181996 -0.1291585 0.9882583 -0.07827789 -0.04305284 -0.0704501 -0.9960861 0.003913894 -0.07827789 -0.9960861 0.148728 -0.05675147 -0.9882583 -0.06262231 0.003913894 -0.9980431 -0.009784736 0.02152642 -1 0.01174168 0.05283757 -0.9980431 -0.02935421 0.009784736 -1 -0.0332681 0.06457926 -0.9980431 -0.01369863 0.009784736 -1 0.01565558 0.005870841 -1 0.003913894 0.1369863 -0.9902152 0.05088063 0.005870841 -0.9980431 0.07827789 -0.04109589 -0.9960861 0.01761252 0.05088063 -0.9980431 0.07827789 0.05283757 -0.9960861 -0.8395303 -0.01956947 -0.5440313 -0.8395303 -0.04696673 -0.5420744 -0.5733855 0.7358121 -0.3600783 -0.8395303 0.05088063 -0.5420744 -0.9960861 -0.04109589 0.07240704 -0.9960861 0.05283757 0.0704501 -0.7162427 0.6927593 0.08414873 -0.9980431 0.06849315 0.02348337 -0.1232877 0.9921722 0.04109589 -0.7142857 0.6986302 -0.005870841 0.04696673 0.9980431 0.02348337 0.05870841 0.9941292 -0.08023483 0.001956947 0.9980431 -0.06066536 -0.1037182 0.9941292 0.001956947 -0.7827789 0.6183953 -0.08414873 0 1 0.003913894 -0.1232877 0.9921722 -0.04305284 0.009784736 1 0 0.04109589 0.9980431 -0.02544031 -0.037182 1 0.01956947 -0.04696673 0.9960861 -0.07632094 0 0.9980431 -0.0704501 0 1 0 0 1 0.02739726 0.06849315 0.9941292 -0.07632094 -0.01761252 1 0 0 1 -0.007827789 0 1 0 -0.0332681 1 -0.02152642 0.06262231 0.9980431 0.01956947 0 0.9980431 -0.06457926 0.04109589 1 0 0 1 0.001956947 0 1 -0.02739726 0.05870841 0.9980431 -0.02152642 0 1 0 0.05675147 0.9980431 0.03913894 0 1 -0.007827789 -0.03522505 1 0 -0.06849315 0.9980431 0.02348337 -0.07632094 0.9941292 -0.07827789 0.1252446 0.9882583 -0.07827789 0.1174168 0.9921722 0.04109589 0.0998043 0.9941292 0.001956947 -0.06262231 0.9980431 -0.02544031 0.1174168 0.9921722 -0.04305284 0.1135029 0.9921722 0.05479452 -0.06066536 0.9980431 0.04305284 0.1174168 0.9921722 0.01761252 0 1 0.02544031 -0.03522505 1 -0.01369863 0.1174168 0.9902152 -0.06849315 0.04109589 1 0 0 1 0 -0.06262231 0.9960861 -0.05283757 0.1193738 0.9863014 0.111546 -0.07827789 0.9902152 0.1135029 0 0.9960861 0.09589041 0 1 -0.02935421 0.05870841 0.9980431 -0.04892368 0.0704501 0.9921722 0.109589 0 0.9980431 0.04500978 0 1 0 0 0.9980431 -0.05870841 0 0.9941292 0.0998043 -0.0332681 0.9980431 0.03913894 -0.01761252 1 0 -0.03522505 0.9980431 -0.05088063 -0.04892368 0.9921722 0.109589 0.001956947 0.9960861 0.09197652 0 1 0.02544031 0 1 -0.02935421 0 1 0 0.03913894 0.9980431 0.04305284 0.009784736 1 0 0.04109589 0.9980431 -0.05479452 0.06262231 0.9921722 0.1154599 -0.1135029 0.9941292 -0.001956947 -0.1291585 0.9882583 -0.07436399 -0.1232877 0.9863014 0.109589 -0.1232877 0.9902152 0.05675147 -0.7260274 0.6888454 0.003913894 -0.778865 0.6223092 0.08414873 -0.7142857 0.6908023 -0.111546 -0.9941292 0.05283757 -0.09197652 -0.4970646 0.7436399 0.4481409 -1 -0.03131115 0.007827789 0.1037182 0.6888454 0.7181996 0.06262231 0.9921722 0.1154599 -0.9960861 0.05479452 -0.07632094 0.001956947 0.7181996 0.6966732 0.001956947 0.9960861 0.09197652 -0.04892368 0.9921722 0.109589 0.07827789 0.05283757 0.9960861 -0.09197652 0.7005871 0.7064579 0 0.9941292 0.0998043 0.001956947 0.05870841 0.9980431 0 0.7064579 0.7064579 0.0704501 0.9921722 0.109589 -0.739726 0.05088063 0.6712329 0.07827789 -0.04109589 0.9960861 -0.9960861 -0.04109589 -0.07632094 -0.739726 -0.04892368 0.6712329 -0.739726 -0.01956947 0.6712329 0.003913894 -0.0332681 1 -0.9980431 0.06262231 -0.01369863 0.06066536 0.005870841 0.9980431 -0.9960861 0.05479452 0.07436399 -0.9960861 -0.04109589 -0.08806262 -0.9960861 -0.04109589 0.07436399 -1 -0.0332681 -0.005870841 -0.9980431 0 0.04500978 -0.9980431 0.005870841 -0.05870841 -1 0.009784736 0.02152642 -0.9980431 0.05283757 -0.01956947 -0.9980431 0.04305284 -0.04696673 -0.9980431 0 -0.05675147 -0.9980431 0.03522505 0.04696673 -1 0.01174168 -0.02544031 -0.9980431 0.03522505 -0.05870841 -0.9980431 0.05675147 0.02935421 -0.9980431 0.003913894 0.05675147 -0.9980431 0.04109589 0.04305284 -1 0 0.005870841 -0.8336595 0.03913894 -0.5499021 -1 -0.009784736 0.04109589 -0.9980431 -0.009784736 -0.05088063 -0.8414873 -0.01369863 -0.5420744 0.007827789 -0.009784736 -1 -0.8434442 0 -0.5381604 -1 0.001956947 0.02739726 -1 0.009784736 -0.005870841 -1 0.02348337 0.007827789 -1 0.001956947 -0.02544031 -1 0.01761252 0.01956947 -1 0.01174168 -0.01565558 -1 0.001956947 0.01956947 -0.9980431 0.05283757 0.001956947 -1 -0.009784736 0.04109589 -1 -0.001956947 -0.003913894 -1 0.009784736 0.003913894 -1 0.02152642 -0.005870841 -1 0.001956947 -0.02935421 -0.9980431 -0.009784736 -0.04500978 -0.7377691 0.03522505 0.6751468 -0.739726 0 0.6731898 -0.739726 -0.01761252 0.6712329 0.04696673 0.04305284 0.9980431 0.04500978 -0.009784736 0.9980431 -0.003913894 0 1 0.02348337 0.05283757 0.9980431 -0.02348337 0.009784736 1 0.02935421 0.001956947 1 -0.07827789 -0.03913894 0.9960861 -0.04696673 -0.001956947 0.9980431 -0.07827789 0.05675147 0.9960861 0 -0.04305284 1 0 0.05283757 0.9980431 0.07436399 0.05675147 0.9960861 0.1056751 0.702544 0.704501 0 0.7103718 0.702544 0 0.9960861 0.09589041 -0.07827789 0.9902152 0.1135029 -0.1076321 0.6908023 0.7142857 0.1193738 0.9863014 0.111546 0 0.05479452 0.9980431 -0.06849315 0.05479452 0.9960861 0.4872798 0.7436399 0.4579256 0.7123288 0.6966732 -0.07827789 0.1174168 0.9902152 -0.06849315 0.7260274 0.05088063 0.6868885 0.7103718 0.704501 0.001956947 0.1174168 0.9921722 0.01761252 0.9960861 0.05283757 -0.05675147 0.1135029 0.9921722 0.05479452 0.9980431 -0.04500978 -0.05675147 0.704501 0.7064579 0.07436399 0.1174168 0.9921722 -0.04305284 1 0.03913894 0.01369863 0.9980431 0.05283757 0.05283757 0.7084149 0.7005871 -0.09393346 0.9941292 0.05283757 -0.08414873 0.6888454 0.7240704 0.001956947 0.0998043 0.9941292 0.001956947 0.1174168 0.9921722 0.04109589 0.9980431 0.06262231 -0.001956947 0.7162427 0.6927593 0.08414873 0.1252446 0.9882583 -0.07827789 1 -0.02739726 -0.01761252 0.5636008 0.7377691 -0.369863 0.9960861 0.05283757 0.0704501 0.9960861 -0.04109589 0.07240704 -0.1076321 0.6908023 -0.7142857 -0.07632094 0.9941292 -0.07827789 0.8277887 0.05088063 -0.55773 0.001956947 0.6790606 -0.7338552 0 0.9980431 -0.06457926 -0.06849315 0.05479452 -0.9960861 0.06849315 0.9941292 -0.07632094 0.8277887 -0.04696673 -0.5596869 0 0.5890411 -0.8082192 0 0.9980431 -0.0704501 -0.06849315 -0.04109589 -0.9960861 0.09001957 0.5968689 -0.7964775 -0.1272016 0.08023483 -0.9882583 0.06066536 0.1076321 -0.9921722 0.003913894 0.09784736 -0.9960861 0.07632094 0.009784736 -0.9980431 -0.007827789 0.007827789 -1 -0.1272016 -0.05675147 -0.9902152 0.06066536 -0.05479452 -0.9960861 -0.005870841 -0.04305284 -1 0.01369863 -0.01956947 -1 -0.04305284 0.005870841 -1 0.02348337 0.009784736 -1 0.09001957 0.001956947 -0.9960861 0.06066536 0.05675147 -0.9960861 -0.009784736 0.04305284 -0.9980431 -0.05870841 0.07632094 -0.9960861 0.05479452 0.009784736 -0.9980431 0.02348337 0.005870841 -1 -0.03913894 0.04500978 -0.9980431 0.03913894 -0.005870841 -1 0.02348337 0 -1 -0.0704501 0.001956947 -0.9980431 0.02739726 0.007827789 -1 0.8277887 -0.01956947 -0.5596869 0.05088063 0.01174168 -0.9980431 0.9980431 0.003913894 0.05675147 0.01565558 0.009784736 -1 0.037182 0.03913894 -0.9980431 0.02935421 0.03522505 -0.9980431 0.05870841 0.037182 -0.9980431 0.03522505 0.03522505 -0.9980431 0.02544031 0.03131115 -1 0.007827789 0.05088063 -0.9980431 -0.01565558 0.001956947 -1 0.01369863 0.06066536 -0.9980431 -0.05479452 0.2778865 -0.9589041 0.05675147 0.05479452 -0.9960861 -0.03522505 0.297456 -0.9530333 -0.06849315 0.3639922 -0.9295499 0.02152642 0.2524462 -0.9667319 0.02544031 0.04305284 -0.9980431 0.01174168 0.2152642 -0.9765166 0.04500978 0.3972603 -0.9158513 0.02152642 0.01369863 -1 0.8258317 0.05283757 -0.5616438 0.03913894 0.1741683 -0.9843444 0.8317025 0.009784736 -0.555773 0.7827789 0.2465753 -0.5714286 0.8317025 0.001956947 -0.553816 1 0.007827789 0.01761252 -0.03522505 -0.005870841 -1 0.8297456 -0.01369863 -0.55773 0.8238748 0.03913894 -0.5655577 1 -0.009784736 0.04305284 0.9980431 0.04109589 0.04305284 1 0.001956947 0.02739726 1 0.001956947 -0.007827789 0.9980431 0.05283757 0.01565558 1 0.01369863 -0.02152642 0.9980431 -0.001956947 -0.06849315 0.9960861 -0.04109589 -0.08219178 0.9980431 0.03522505 -0.05479452 0.9980431 -0.003913894 0.05479452 0.9980431 -0.04305284 0.05675147 0.9980431 -0.04500978 0 1 0.01174168 0.01956947 0.9980431 0.005870841 -0.06066536 0.9980431 0.04892368 -0.01174168 0.9980431 0.03522505 0.04500978 0.9980431 -0.009784736 -0.04500978 1 0 0.003913894 1 0.01174168 -0.001956947 1 -0.009784736 0.03913894 1 0.01369863 0.005870841 1 0.001956947 -0.02739726 1 0.001956947 0.02348337 1 0.007827789 -0.02152642 0.9980431 0.04696673 0.001956947 1 0.03913894 0.01369863 0.9804305 0.1917808 -0.005870841 0.9863014 0.1643836 -0.007827789 0.9980431 0.06849315 -0.03522505 0.9882583 0.148728 -0.001956947 0.9960861 0.09589041 -0.003913894 0.9960861 0.08806262 -0.02348337 0.8454012 0.09393346 -0.5264188 0.9667319 0.258317 -0.003913894 0.9491194 0.3131115 0 0.9960861 0.08610567 -0.003913894 0.8258317 0.146771 -0.5440313 1 0.04305284 0 0.07436399 0.1174168 -0.9902152 0.9745597 0.221135 -0.04305284 1 -0.02152642 -0.009784736 0.9980431 -0.04892368 -0.007827789 0.9902152 0.1389433 -0.02348337 0.9745597 0.221135 -0.04109589 0.9980431 0.05283757 -0.003913894 0.9823875 0.1761252 -0.04892368 0.9804305 0.1917808 0.02152642 0.9960861 -0.08023483 -0.003913894 0.9980431 0.06849315 0 0.9765166 0.2152642 0.037182 0.9980431 -0.05479452 0.005870841 0.9902152 0.1428571 0.03131115 0.776908 0.2407045 0.5812133 0.8336595 -0.06262231 0.5499021 0.6536204 0.2876712 0.6986302 0.01761252 0.2172211 0.9765166 0.007827789 -0.08023483 0.9960861 -0.007827789 -0.1428571 0.9902152 0.6790606 0.111546 0.7240704 0.02348337 0.1409002 0.9902152 0.02152642 0.2074364 0.9784736 0.9921722 0.1154599 0.04500978 0.05088063 0.1232877 0.9921722 0.9902152 0.1369863 0.02152642 0.7084149 0.07436399 0.7005871 0.9980431 0.04696673 0.001956947 0.9980431 0.04892368 -0.007827789 0.9980431 0.06457926 0.001956947 1 0.009784736 0.005870841 1 0.02348337 -0.003913894 1 0.01565558 -0.01174168 1 0.009784736 0.001956947 1 0.001956947 -0.02935421 0.7221135 0.01565558 0.6908023 0.7240704 0 0.6888454 0.9980431 -0.009784736 -0.04500978 0.003913894 0.04892368 0.9980431 -0.01174168 0.01369863 1 0.0332681 0.1682975 0.9843444 0.003913894 0.06066536 0.9980431 0 0.06262231 0.9980431 0.001956947 0.07240704 0.9980431 0.007827789 0.0665362 0.9980431 -0.001956947 0.18591 0.9823875 0 -0.1311155 0.9921722 0 -0.1311155 0.9921722 -0.005870841 0.1428571 0.9902152 -0.001956947 0.1937378 0.9804305 -0.001956947 0.1232877 0.9921722 0 0.2093934 0.9784736 0 -0.1311155 0.9921722 0 0.08023483 0.9960861 -0.01761252 0.2035225 0.9784736 0.005870841 -0.1369863 0.9902152 0 0.07240704 0.9980431 0 0.1311155 0.9921722 -0.001956947 0.0704501 0.9980431 -0.01761252 0.146771 0.9882583 0 0.01369863 1 -0.01174168 0.0665362 0.9980431 -0.001956947 0.0665362 0.9980431 -0.01369863 0.01369863 1 -0.003913894 0.08219178 0.9960861 -0.02739726 0.1272016 0.9921722 -0.02348337 0.09197652 0.9960861 -0.04305284 0.1174168 0.9921722 -0.03913894 -0.1135029 0.9921722 -0.7084149 0.03522505 0.704501 -0.7671233 -0.1252446 0.630137 -0.7162427 0.2328767 0.6594912 -0.9960861 0.07240704 0.04109589 -0.9921722 -0.111546 0.04109589 -0.9667319 0.2544031 0.01174168 -1 0.037182 -0.01174168 -0.9804305 -0.1976517 -0.001956947 -0.9373777 0.3444227 -0.037182 -1 0.04109589 0.001956947 -0.9823875 -0.1898239 0 -0.9843444 -0.1800391 -0.001956947 -0.9334638 0.3561644 0.003913894 -0.9980431 0.04892368 -0.001956947 -0.9863014 -0.1643836 0 -0.9980431 0.05870841 0.009784736 -0.9295499 0.3679061 0.007827789 -0.9980431 0.06457926 -0.01174168 -0.9902152 0.1448141 -0.01174168 -0.9980431 -0.05283757 -0.009784736 -0.9334638 0.3561644 -0.003913894 -0.8043053 0.223092 -0.5499021 -0.7103718 0.1076321 -0.6947162 -0.003913894 0.1800391 -0.9843444 -0.9863014 0.1663405 -0.02544031 -0.8375734 0.1193738 -0.5322896 -0.02544031 0.04500978 -0.9980431 -0.04500978 0.04892368 -0.9980431 -0.037182 0.09784736 -0.9941292 -0.9784736 0.2054795 0.001956947 0.01174168 0.1506849 -0.9882583 -0.01565558 0.007827789 -1 0.05675147 0.1976517 -0.9784736 0.01956947 -0.003913894 -1 0.01565558 0.148728 -0.9882583 0.07632094 0.1448141 -0.9863014 0.06066536 0.01565558 -0.9980431 -0.05088063 0.2348337 -0.9706458 -0.009784736 0.04500978 -0.9980431 0.03913894 0.03913894 -0.9980431 -0.03913894 0.07632094 -0.9960861 0.01761252 0.2015656 -0.9784736 -0.04892368 0.03522505 -0.9980431 0.02152642 0.04500978 -0.9980431 -0.81409 0.2622309 -0.516634 0.02739726 0.04892368 -0.9980431 -0.9980431 0.05088063 0.02152642 -0.8297456 0.05870841 -0.553816 -0.04892368 0.02544031 -0.9980431 0.01761252 0.01369863 -1 -0.8395303 0.02152642 -0.5440313 -0.9980431 0.05479452 -0.009784736 -1 0.01174168 0.01174168 -0.9980431 0.06066536 -0.003913894 -0.9980431 0.04305284 -0.01565558 -1 0.01369863 -0.01369863 -0.7808219 0.05675147 0.6203523 0.01761252 0.04696673 0.9980431 -0.7573385 0.02152642 0.6536204 0.02739726 0.02152642 1 0.007827789 0.02544031 1 -0.003913894 0.007827789 1 -0.02152642 0.001956947 1 -0.04109589 -0.009784736 1 -0.05088063 0.0332681 0.9980431 0 -0.01369863 1 0 0 1 0 0.0332681 1 0 0 1 0.04500978 -0.001956947 0.9980431 0.04892368 0.0332681 0.9980431 0.02152642 0.001956947 1 0.04109589 -0.01174168 1 0.01369863 0.01369863 1 -0.007827789 0.02544031 1 0.001956947 0.007827789 1 -0.02544031 0.001956947 1 0.003913894 -0.001956947 1 -0.04109589 -0.009784736 1 0.7260274 -0.01565558 0.6868885 0.7240704 0.037182 0.6888454 -0.04109589 0.04305284 0.9980431 -0.02152642 0.05283757 0.9980431 0.9980431 0.04305284 -0.04696673 0.7260274 -0.01956947 0.6868885 -0.05283757 0.005870841 0.9980431 0.7260274 -0.04892368 0.6868885 -0.06849315 -0.04109589 0.9960861 -0.001956947 -0.03522505 1 0.01761252 0.009784736 1 0.07632094 -0.03913894 0.9960861 0.01565558 -0.0704501 0.9980431 0.01565558 -0.0704501 0.9980431 0.01565558 -0.0704501 0.9980431 0.01565558 -0.0704501 0.9980431 0.01565558 -0.0704501 0.9980431 0.01565558 -0.0704501 0.9980431 0.01565558 -0.0704501 0.9980431 0.01565558 -0.0704501 0.9980431 0 0.06849315 -0.9980431 0 0.05088063 -0.9980431 0 0.05088063 -0.9980431 0 0.0704501 -0.9980431 0 0.7142857 -0.6986302 0 0.7142857 -0.6986302 0 1 -0.02348337 0 1 -0.02348337 0 1 0.02348337 0 1 0.02348337 0 0.7064579 0.7084149 0 0.7064579 0.7084149 0 0.06849315 0.9980431 0 0.06849315 0.9980431 0 0.04892368 0.9980431 0 0.04892368 0.9980431 0 -0.01761252 1 0 -0.01761252 1 0 0.04696673 0.9980431 0 -0.02152642 1 0 -0.02152642 1 0 0.04696673 0.9980431 0 0.06849315 0.9980431 0 0.06849315 0.9980431 0 0.6536204 0.7573385 0 0.6536204 0.7573385 0 1 0.02739726 0 1 0.02739726 0 1 -0.02348337 0 1 -0.02348337 0 0.7142857 -0.6986302 0 0.7142857 -0.6986302 0 0.07240704 -0.9980431 0 0.0704501 -0.9980431 0 0.05283757 -0.9980431 0 0.05283757 -0.9980431 1 -0.02739726 0 1 -0.03522505 0 1 -0.02739726 0 1 -0.03522505 0 0.9960861 -0.07827789 0 0.9960861 -0.08023483 0 0.6751468 -0.7377691 0 0.6751468 -0.7377691 0 0.01761252 -1 0 0.01761252 -1 0 1 -0.03522505 0 1 -0.02544031 0 1 -0.02544031 0 1 -0.03522505 0 0.9980431 -0.0704501 0 0.9980431 -0.07240704 0 0.7142857 -0.6986302 0 0.7142857 -0.6986302 0 0.01761252 -1 0 0.01761252 -1 0 1 0.0332681 0 1 0.02935421 0 1 0.02935421 0 1 0.0332681 0 0.9980431 0.0665362 0 0.9980431 0.06849315 0 0.7005871 0.7123288 0 0.7005871 0.7123288 0 0.02935421 1 0 0.02739726 1 0 -0.01761252 1 0 -0.01761252 1 0 0.003913894 0 -1 -0.003913894 0 -1 -0.003913894 0 -1 0.003913894 0 -1 0.3855186 0 -0.9236791 0.3855186 0 -0.9236791 0.9158513 0 -0.4011742 1 0 -0.003913894 0.9158513 0 -0.4011742 1 0 -0.003913894 1 0 0.003913894 1 0 0.003913894 0.9158513 0 0.4011742 0.9158513 0 0.4011742 1 0 0.03913894 1 0 0 1 0 0 1 0 0.03913894 0.9158513 0 0.3992172 0.9158513 0 0.3992172 -0.037182 0 1 0 0 1 0 0 1 -0.037182 0 1 -0.3835616 0 0.9236791 -0.3835616 0 0.9236791 1 0 0 1 0 0 1 0 -0.03913894 1 0 -0.03913894 0.9158513 0 -0.3992172 0.9158513 0 -0.3992172 0 0 -1 0 0 -1 -0.037182 0 -1 -0.037182 0 -1 -0.3835616 0 -0.9236791 -0.3835616 0 -0.9236791 0.003913894 0 -1 -0.003913894 0 -1 -0.003913894 0 -1 0.003913894 0 -1 0.2700587 0 -0.962818 0.2700587 0 -0.962818 0.295499 0 0.9549902 0.295499 0 0.9549902 0.003913894 0 1 0.003913894 0 1 -0.003913894 0 1 -0.003913894 0 1 -0.295499 0 0.9549902 -0.295499 0 0.9549902 0.9589041 0 0.2818004 1 0 0.003913894 0.9589041 0 0.2818004 1 0 0.003913894 1 0 -0.003913894 1 0 -0.003913894 0.9510763 0 -0.3091977 0.9510763 0 -0.3091977 -0.9589041 0 0.2818004 -1 0 0.003913894 -0.9589041 0 0.2818004 -1 0 0.003913894 -1 0 -0.003913894 -1 0 -0.003913894 -0.9510763 0 -0.3091977 -0.9510763 0 -0.3091977 -0.01174168 0 -1 -0.01174168 0 -1 0.01174168 0 -1 0.01174168 0 -1 1 0 -0.01174168 1 0 -0.01174168 1 0 0.01174168 1 0 0.01174168 0.01174168 0 1 0.01174168 0 1 -0.01174168 0 1 -0.01174168 0 1 -1 0 0.01174168 -1 0 0.01174168 -1 0 -0.01174168 -1 0 -0.01174168 -0.01174168 0 -1 -0.01174168 0 -1 -0.01174168 0 -1 -0.01174168 0 -1 0.01174168 0 -1 0.01174168 0 -1 1 0 -0.01174168 1 0 -0.01174168 1 0 0.01174168 1 0 0.01174168 0.01174168 0 1 0.01174168 0 1 -0.01174168 0 1 -0.01174168 0 1 -1 0 0.01174168 -1 0 0.01174168 -1 0 -0.01174168 -1 0 -0.01174168 -0.01174168 0 -1 -0.01174168 0 -1 0.009784736 0 1 -0.009784736 0 1 0.009784736 0 1 -0.009784736 0 1 -1 0 0.009784736 -1 0 0.009784736 -1 0 -0.009784736 -1 0 -0.009784736 -0.009784736 0 -1 -0.009784736 0 -1 0.009784736 0 -1 0.009784736 0 -1 1 0 -0.009784736 1 0 -0.009784736 1 0 0.009784736 1 0 0.009784736 0.009784736 0 1 0.009784736 0 1 0.009784736 0 1 -0.009784736 0 1 0.009784736 0 1 -0.009784736 0 1 -1 0 0.009784736 -1 0 0.009784736 -1 0 -0.009784736 -1 0 -0.009784736 -0.009784736 0 -1 -0.009784736 0 -1 0.009784736 0 -1 0.009784736 0 -1 1 0 -0.009784736 1 0 -0.009784736 1 0 0.009784736 1 0 0.009784736 0.009784736 0 1 0.009784736 0 1 -1 0.03131115 0.003913894 -1 0.03131115 0.003913894 -1 0.003913894 -0.001956947 -1 0.003913894 -0.001956947 -1 0.003913894 0.001956947 -1 0.003913894 0.001956947 -1 0.03131115 -0.003913894 -1 0.03131115 -0.003913894 -1 0.03131115 -0.005870841 -1 0.03131115 -0.005870841 -1 0.001956947 0 -1 0.001956947 0 -1 0 0 -1 0 0 -1 0 0 -1 0 0 -1 0 0 -1 0 0 -1 0.03131115 0.005870841 -1 0.03131115 0.005870841 -1 0.03131115 0.003913894 -1 0.03131115 0.003913894 0 0 1 0 0 1 0 0 1 0 0 1 -0.001956947 -0.001956947 1 -0.001956947 -0.001956947 1 0 -0.05870841 0.9980431 0 -0.05870841 0.9980431 -0.01565558 -0.06066536 0.9980431 -0.02544031 -0.06262231 0.9980431 -0.01761252 -0.02544031 1 -0.01761252 -0.02544031 1 0.01761252 -0.02544031 1 0.01761252 -0.02544031 1 0.01761252 -0.06066536 0.9980431 0.02739726 -0.06262231 0.9980431 0.003913894 -0.05870841 0.9980431 0.003913894 -0.05675147 0.9980431 0 0 1 0 0 1 0 0 1 0 0 1 0 0 1 0 0 1 0 0 1 0 0 1 0.001956947 0.001956947 1 0.001956947 0.001956947 1 0 0.05088063 0.9980431 0 0.05088063 0.9980431 0.01369863 0.05479452 0.9980431 0.02348337 0.05479452 0.9980431 0.01565558 0.02152642 1 0.01565558 0.02152642 1 -0.01565558 0.02152642 1 -0.01565558 0.02152642 1 -0.01565558 0.05479452 0.9980431 -0.02544031 0.05479452 0.9980431 -0.003913894 0.05088063 0.9980431 -0.003913894 0.05088063 0.9980431 0 0 1 0 0 1 0 0 1 0 0 1 0 1 0 0 1 0 0 1 0 0 1 0 0 1 0 0 1 0 0 1 0 0 1 0 0 1 0 0 1 0 0 1 0 0 1 0 0 1 0 0 1 0 0 1 0 0 1 0 0.555773 -0.2837573 0.7808219 0.7123288 -0.2387476 0.6594912 0.5968689 0.08806262 0.7964775 0.8962818 0.04892368 0.4403131 0.7123288 0.3776908 0.5909981 0.555773 0.4481409 0.7005871 -0.5636008 0.4461839 0.6966732 -0.7181996 0.3757339 0.5851272 -0.6046967 0.08610567 0.7925636 -0.9001957 0.04696673 0.4344423 -0.7181996 -0.2426614 0.6536204 -0.5616438 -0.2857143 0.776908 0.776908 -0.3483366 -0.5244619 0.6594912 -0.3072407 -0.6868885 0.8101761 0.01956947 -0.5851272 0.4579256 -0.01956947 -0.888454 0.6203523 0.3111546 -0.7201566 0.7299413 0.3855186 -0.5636008 0.7064579 0.444227 0.5518591 0.5890411 0.3855186 0.7103718 0.7847358 0.08219178 0.6144814 0.4187867 0.07436399 0.9041096 0.62818 -0.2309198 0.7416829 0.7514677 -0.2896282 0.5909981 0.7808219 -0.2563601 -0.5694716 0.6614481 -0.1976517 -0.7240704 0.8043053 0.1174168 -0.5831702 0.4500979 0.109589 -0.8864971 0.6046967 0.4187867 -0.6771037 0.7142857 0.4755382 -0.5127202 0.6986302 0.3874756 0.6007828 0.5851272 0.3072407 0.7495108 0.7866927 0.02348337 0.6164383 0.4246575 -0.03131115 0.9041096 0.6418787 -0.3072407 0.702544 0.7651663 -0.3424658 0.5440313 -0.5733855 -0.3131115 -0.7573385 -0.7279844 -0.2622309 -0.6340509 -0.6144814 0.05870841 -0.7866927 -0.9041096 0.03522505 -0.4246575 -0.7240704 0.3561644 -0.5909981 -0.5675147 0.4227006 -0.7064579 0.5499021 0.4148728 -0.7240704 0.7084149 0.3483366 -0.6144814 0.5890411 0.05283757 -0.8062623 0.890411 0.02544031 -0.4540117 0.704501 -0.2700587 -0.6575342 0.5440313 -0.3189824 -0.7749511 0.08023483 0.2759295 -0.9569471 0.08219178 0.3268102 -0.9412916 0.0998043 0.1330724 -0.9863014 -0.05283757 0.3522505 -0.9354208 -0.04696673 0.2641879 -0.962818 -0.0665362 0.2935421 -0.9530333 0.05088063 0.01565558 -0.9980431 -0.005870841 -0.01565558 -1 -0.009784736 -0.01565558 -1 0.01369863 -0.01956947 -1 0.01761252 0.001956947 -1 -0.001956947 0.009784736 -1 -0.02152642 0.01174168 -1 0.003913894 0.02935421 -1 -0.05088063 0.04109589 -0.9980431 0 -1 0 0 -1 0 0 -1 0 0 -1 0 0 -1 0 0 -1 0 0 -1 0 0 -1 0 0 -1 0 0 -1 0 0 -1 0 0 -1 0 0 -1 0 0 -1 0 0 -1 0 0 -1 0 -0.003913894 0.1076321 0.9941292 -0.003913894 0.1076321 0.9941292 -0.003913894 0.1076321 0.9941292 -0.003913894 0.1076321 0.9941292 -0.003913894 0.1076321 0.9941292 -0.003913894 0.1076321 0.9941292 -0.003913894 0.1076321 0.9941292 -0.003913894 0.1076321 0.9941292 -0.003913894 0.1076321 0.9941292 -0.003913894 0.1076321 0.9941292 -0.003913894 0.1076321 0.9941292 -0.003913894 0.1076321 0.9941292 -0.003913894 0.1076321 0.9941292 -0.003913894 0.1076321 0.9941292 -0.003913894 0.1076321 0.9941292 -0.003913894 0.1076321 0.9941292 0.9980431 0.06457926 0.01761252 0.9980431 0.06457926 0.01761252 0.9980431 0.06457926 0.01761252 0.9980431 0.06457926 0.01761252 0.9980431 0.06457926 0.01761252 0.9980431 0.06457926 0.01761252 0.9980431 0.06457926 0.01761252 0.9980431 0.06457926 0.01761252 0.9980431 0.06457926 0.01761252 0.9980431 0.06457926 0.01956947 0.9980431 0.06457926 0.01761252 0.9980431 0.06457926 0.01956947 0.9980431 0.06457926 0.01761252 0.9980431 0.06457926 0.01761252 0.9980431 0.06457926 0.01761252 0.9980431 0.06457926 0.01761252 0.9960861 0.08806262 0.02152642 0.9960861 0.08806262 0.02152642 0.9960861 0.08806262 0.02152642 0.9960861 0.08806262 0.02152642 0.9960861 0.08806262 0.02152642 0.9960861 0.08806262 0.02152642 0.9960861 0.08806262 0.02152642 0.9960861 0.08806262 0.02152642 0.9960861 0.08806262 0.02152642 0.9960861 0.08806262 0.02152642 0.9960861 0.08806262 0.02152642 0.9960861 0.08806262 0.02152642 0.9960861 0.08806262 0.02152642 0.9960861 0.08806262 0.02152642 0.9960861 0.08806262 0.02152642 0.9960861 0.08806262 0.02152642 -0.01565558 0.0704501 -0.9980431 -0.01565558 0.0704501 -0.9980431 -0.01565558 0.0704501 -0.9980431 -0.01565558 0.0704501 -0.9980431 -0.01565558 0.0704501 -0.9980431 -0.01565558 0.0704501 -0.9980431 -0.01565558 0.0704501 -0.9980431 -0.01565558 0.0704501 -0.9980431 -0.01565558 0.0704501 -0.9980431 -0.01565558 0.0704501 -0.9980431 -0.01565558 0.06849315 -0.9980431 -0.01565558 0.0704501 -0.9980431 -0.01565558 0.0704501 -0.9980431 -0.01565558 0.0704501 -0.9980431 -0.01565558 0.06849315 -0.9980431 -0.01565558 0.0704501 -0.9980431 -0.001956947 0.1193738 -0.9921722 -0.3855186 0.02152642 -0.9236791 0 0.1193738 -0.9921722 0.1311155 -0.2387476 -0.962818 0.1311155 -0.2387476 -0.962818 0.1311155 -0.2387476 -0.962818 0.001956947 0.08806262 0.9960861 0.001956947 0.08806262 0.9960861 0.001956947 0.08806262 0.9960861 -0.001956947 -0.1174168 -0.9921722 -0.001956947 -0.1174168 -0.9921722 -0.001956947 -0.1174168 -0.9921722 0.9882583 -0.1506849 0.01565558 0.9882583 -0.1506849 0.01565558 0.9882583 -0.1506849 0.01565558 -0.9882583 -0.1545988 0.01956947 -0.9882583 -0.1545988 0.01956947 -0.9882583 -0.1545988 0.01956947 -0.9686888 -0.2250489 -0.1017613 -0.9686888 -0.2250489 -0.1017613 -0.9686888 -0.2250489 -0.1017613 0.9980431 0.0665362 0.007827789 0.9980431 0.0665362 0.007827789 0.9980431 0.0665362 0.007827789 -0.9960861 -0.09589041 -0.005870841 -0.9960861 -0.09589041 -0.005870841 -0.9960861 -0.09589041 -0.005870841 0.0332681 -0.2681018 -0.962818 0.0332681 -0.2681018 -0.962818 0.0332681 -0.2681018 -0.962818 -0.003913894 -0.0332681 1 -0.003913894 -0.0332681 1 -0.003913894 -0.0332681 1 -0.962818 -0.2367906 -0.1252446 -0.962818 -0.2367906 -0.1252446 -0.962818 -0.2367906 -0.1252446 1 0.037182 0.01956947 1 0.037182 0.01956947 1 0.037182 0.01956947 -0.9980431 -0.0665362 -0.02152642 -0.9980431 -0.0665362 -0.02152642 -0.9980431 -0.0665362 -0.02152642 0.03131115 -0.1428571 -0.9882583 0.03131115 -0.1428571 -0.9882583 0.03131115 -0.1428571 -0.9882583 -0.009784736 -0.1604697 0.9863014 -0.009784736 -0.1604697 0.9863014 -0.009784736 -0.1604697 0.9863014 -0.1252446 -0.2309198 -0.964775 -0.1252446 -0.2309198 -0.964775 -0.1252446 -0.2309198 -0.964775 -1 0.009784736 0 -1 0.01174168 0 0.05479452 0.04500978 -0.9980431 -0.07827789 -0.2250489 0.9706458 -0.07827789 -0.2250489 0.9706458 -0.07827789 -0.2250489 0.9706458 -0.9980431 0.06849315 0.001956947 -0.9980431 0.06849315 0.001956947 -0.9980431 0.06849315 0.001956947 -0.01565558 0.09784736 -0.9960861 -0.01565558 0.09784736 -0.9960861 -0.01565558 0.09784736 -0.9960861 0.01565558 -0.1272016 0.9921722 0.01565558 -0.1272016 0.9921722 0.01565558 -0.1272016 0.9921722 -0.9784736 -0.2015656 -0.01174168 -0.9784736 -0.2015656 -0.01174168 -0.9784736 -0.2015656 -0.01174168 0.9941292 -0.1017613 -0.02739726 0.9941292 -0.1017613 -0.02739726 0.9941292 -0.1017613 -0.02739726 0.2994129 0.0665362 -0.9510763 0.221135 0.04500978 -0.9745597 0.09001957 0.01174168 -0.9960861 0.2348337 0.03131115 -0.9706458 0.09589041 0.003913894 -0.9960861 0.3131115 0.04696673 -0.9491194 -1 -0.007827789 0.003913894 -1 -0.02935421 0.005870841 -1 -0.02935421 0.005870841 -0.001956947 -0.9941292 -0.0998043 -0.001956947 -0.9941292 -0.0998043 -0.001956947 -0.9941292 -0.0998043 0.9510763 -0.04109589 -0.3033268 -0.007827789 -0.7103718 -0.704501 0.7299413 -0.3953033 -0.5596869 0 0 1 0 0 1 0 0 1 0 0 1 0 0 1 0 0 1 -0.8395303 -0.08414873 0.5381604 -1 -0.03522505 0.01369863 -1 -0.03522505 0 -0.9941292 0.05088063 -0.09197652 -0.9726027 0.05479452 0.2270059 -0.9726027 0.04305284 0.2309198 0.9334638 0.0704501 0.3542074 0.9941292 0.03913894 0.1037182 0.9941292 0.03913894 0.0998043 -0.960861 -0.07240704 -0.2700587 -1 -0.0332681 0 -1 -0.0332681 -0.005870841 1 -0.03522505 0 0.9980431 -0.06457926 0 0.9980431 -0.06262231 0 0.9921722 0.1311155 0 0.9921722 0.1291585 -0.001956947 0.9158513 0.037182 -0.4011742 0.9921722 0.1311155 0 0.9882583 0.1585127 0.003913894 0.9863014 0.1585127 0.001956947 0.9158513 0.04500978 0.4011742 0 0.07436399 0.9980431 0.003913894 0.07436399 0.9980431 0.3855186 0 0.9236791 -0.003913894 0.0998043 0.9941292 0 0.07436399 0.9980431 -0.001956947 0.1017613 0.9941292 -0.3855186 0.01174168 0.9236791 -0.001956947 0.1017613 0.9941292 -0.9921722 0.1213307 0.001956947 -0.9158513 0.02152642 0.4011742 -0.9921722 0.1213307 0 -0.9921722 0.1213307 0 -0.9941292 0.1037182 -0.001956947 -0.9941292 0.1037182 0 -0.9158513 0.01174168 -0.4011742 -0.9941292 0.1037182 0 -0.001956947 -0.5068493 0.8630137 -0.001956947 -0.5068493 0.8630137 -0.003913894 0.1076321 0.9941292 -0.003913894 0.6790606 0.7338552 -0.003913894 0.6790606 0.7338552 0.1819961 -0.3581213 0.9158513 0.2035225 0.1056751 0.9726027 0.2035225 0.1056751 0.9726027 0.1819961 0.5459883 0.8180039 0.2035225 0.1056751 0.9726027 -0.2133072 0.1056751 0.9706458 -0.1878669 -0.3581213 0.9138943 -0.2133072 0.1056751 0.9706458 -0.1898239 0.5459883 0.816047 -0.2133072 0.1056751 0.9706458 0.8375734 -0.5420744 0.04696673 0.8375734 -0.5420744 0.04696673 0.9980431 0.06457926 0.01761252 0.7632094 0.6457925 -0.01761252 0.7632094 0.6457925 -0.01761252 0.9021527 -0.407045 -0.1448141 0.9804305 0.05088063 -0.1898239 0.9804305 0.05088063 -0.1898239 0.8454012 0.4990215 -0.1937378 0.9804305 0.05088063 -0.1898239 0.9706458 0.07240704 0.2270059 0.8943248 -0.3874756 0.2250489 0.9706458 0.07240704 0.2270059 0.8356164 0.518591 0.1780822 0.9706458 0.07240704 0.2270059 0.853229 -0.5205479 -0.02935421 0.853229 -0.5205479 -0.02935421 0.9960861 0.08806262 0.02152642 0.7455969 0.6634051 0.06262231 0.7455969 0.6634051 0.06262231 0.9099804 -0.3600783 -0.2015656 0.9765166 0.1037182 -0.1878669 0.9765166 0.1037182 -0.1878669 0.8297456 0.5440313 -0.1330724 0.9765166 0.1037182 -0.1878669 0.9706458 0.0704501 0.2289628 0.9060665 -0.3894325 0.1682975 0.9706458 0.0704501 0.2289628 0.8238748 0.5146771 0.2387476 0.9706458 0.0704501 0.2289628 -0.9843444 -0.1780822 0.02348337 -1 0.005870841 0.003913894 -1 -0.001956947 0.001956947 -0.9980431 -0.0665362 0.003913894 -0.9980431 -0.07436399 0.003913894 -1 0.01174168 0 -1 0.009784736 0 -0.01565558 -0.5381604 -0.8414873 -0.01565558 -0.5381604 -0.8414873 -0.01565558 0.0704501 -0.9980431 -0.007827789 0.6497065 -0.7592955 -0.007827789 0.6497065 -0.7592955 -0.2015656 -0.3913894 -0.8982387 -0.223092 0.06849315 -0.9726027 -0.223092 0.06849315 -0.9726027 -0.1956947 0.5146771 -0.8336595 -0.223092 0.06849315 -0.9726027 0.1937378 0.0665362 -0.9784736 0.1682975 -0.3933464 -0.9041096 0.1937378 0.0665362 -0.9784736 0.1741683 0.5127202 -0.8395303 0.1937378 0.0665362 -0.9784736 0.01369863 0.3620352 0.9315069 0.09393346 0.04305284 0.9941292 0.09393346 0.04305284 0.9941292 -0.5264188 0.849315 0.02152642 -0.5127202 0.8571429 0.0665362 0.6046967 0.7964775 -0.03913894 -0.06066536 0.1956947 -0.9784736 -0.1545988 0.07827789 -0.9843444 0.3131115 0.04696673 -0.9491194 0.2348337 0.03131115 -0.9706458 -0.9941292 0.05283757 -0.09784736 -0.9726027 0.05479452 0.2270059 -0.9941292 0.05088063 -0.09197652 -0.01565558 0.9960861 -0.08219178 -0.9726027 0.04305284 0.2309198 -0.02348337 0.9960861 -0.07436399 0 0 -1 0.1819961 -0.0665362 0.9804305 0.3737769 -0.1369863 0.9178082 0.1800391 -0.0665362 0.9804305 0.3737769 -0.1369863 0.9178082 0.9843444 0.02348337 0.1761252 0.8003914 -0.5479452 0.2446184 0.778865 -0.5772994 0.2465753 0.04305284 -0.06457926 0.9960861 0.778865 -0.5772994 0.2465753 0.04305284 -0.04500978 0.9980431 0.06066536 -0.06262231 0.9960861 -0.003913894 0.01174168 -1 -1 0.001956947 0 0.003913894 0.2191781 -0.9745597 0.009784736 -0.005870841 -1 -0.1193738 0.005870841 -0.9921722 -0.09393346 0.2054795 -0.9745597 -0.01956947 0.9921722 -0.1174168 0.003913894 0.2191781 -0.9745597 -0.0665362 -0.0704501 -0.9960861 0.005870841 -0.0665362 -0.9980431 0.08414873 0.183953 -0.9784736 -0.01956947 0.9921722 -0.1174168 0.01369863 0.9921722 -0.1193738 0.09589041 0.1624266 -0.9823875 0.05088063 -0.04109589 -0.9980431 0.06849315 -0.03913894 -0.9960861 -0.0704501 -0.003913894 -0.9980431 -0.03131115 0.09784736 -0.9941292 -0.04305284 0.06262231 -0.9960861 -0.01565558 0.03131115 -1 0.06457926 0.01761252 -0.9980431 -0.01761252 0.07632094 -0.9960861 -0.04892368 0.01565558 -0.9980431 0.01565558 -0.009784736 -1 0.03522505 0.04892368 -0.9980431 -0.01565558 -0.03522505 -1 0.005870841 0.03131115 -1 0.05088063 0.01369863 -0.9980431 -0.009784736 0.01174168 -1 -0.001956947 0.01956947 -1 -0.03913894 0.01369863 -1 0.01565558 -0.02152642 -1 0.005870841 0.02935421 -1 -0.8317025 0.03913894 -0.553816 0.05283757 0.03131115 -0.9980431 -0.08610567 0.02739726 -0.9960861 -0.8434442 -0.01761252 -0.5381604 -0.01369863 0.0704501 -0.9980431 -0.01369863 0.02739726 -1 0.007827789 0.08023483 -0.9960861 -0.8630137 0.07240704 -0.4990215 -0.04500978 0.02544031 -0.9980431 0.05283757 0.03131115 -0.9980431 0.05088063 0.1154599 -0.9921722 -0.02935421 0.1545988 -0.9882583 0.01174168 0.1761252 -0.9843444 -0.003913894 -0.2367906 -0.9726027 -0.01565558 -0.1056751 -0.9941292 -0.01761252 0.06262231 -0.9980431 0 0.05088063 -0.9980431 -0.7377691 0.2113503 -0.6399217 -0.9569471 0.2896282 0.003913894 -0.9980431 -0.04892368 0 -0.9980431 -0.04892368 0 -0.9980431 -0.04892368 0 -0.9980431 -0.04892368 0 -0.9941292 -0.0998043 -0.005870841 -0.9589041 0.2857143 0.005870841 -0.9941292 -0.09393346 0.03131115 -0.7299413 0.1056751 0.6751468 -0.9980431 0.07240704 0.001956947 -0.853229 0.06066536 0.518591 -0.01369863 0.1154599 0.9941292 -1 0.01761252 0.009784736 -0.007827789 0.01565558 1 0 0.1330724 0.9902152 -0.01174168 0.1076321 0.9941292 -1 0.01761252 -0.01174168 -0.01565558 0.1565558 0.9882583 -0.81409 0.03131115 -0.5792564 -0.8414873 -0.01565558 -0.5401174 -1 -0.02152642 0.02739726 -0.9980431 0.04109589 0.05479452 -1 0.005870841 0.001956947 -1 -0.0332681 -0.02739726 -0.9980431 0.06457926 0.037182 -0.9960861 0.037182 -0.07240704 -0.9980431 0.003913894 0.07240704 -1 0.02544031 -0.02152642 -0.9980431 0 -0.05870841 -1 -0.03131115 -0.003913894 -0.9980431 -0.04109589 0.06457926 -0.8395303 -0.04696673 -0.5420744 -0.8336595 0.1174168 -0.5401174 -0.2191781 0.964775 -0.1389433 0.01369863 0.9921722 -0.1193738 -0.9804305 0.1780822 0.08023483 -0.9960861 0.08219178 0.02739726 -0.1428571 0.9902152 0.01956947 -0.005870841 1 0.01369863 0.01369863 0.9921722 -0.1193738 -0.01956947 0.9921722 -0.1174168 0.01369863 0.9921722 -0.1193738 -0.9784736 0.1780822 -0.0998043 -0.01956947 0.9921722 -0.1174168 0.02544031 0.9921722 -0.1154599 -0.9960861 -0.04305284 -0.07632094 -0.001956947 1 0.01565558 -0.007827789 0.9921722 -0.1174168 0.1037182 0.9941292 -0.007827789 0.1330724 0.9902152 0.009784736 -0.007827789 0.9921722 -0.1174168 0.1937378 0.9706458 -0.1428571 0.1330724 0.9902152 0.009784736 0.1037182 0.9941292 -0.007827789 0.06457926 0.9980431 -0.005870841 -0.001956947 1 -0.003913894 0.1663405 0.9726027 0.1643836 -0.009784736 0.9921722 0.1193738 0.005870841 1 -0.009784736 0.02348337 0.9921722 0.1232877 -0.007827789 1 0 -0.005870841 0.9980431 0.04696673 0.02348337 0.9921722 0.1232877 -0.18591 0.9823875 0.01761252 -0.1526419 0.9882583 -0.01761252 -0.1722113 0.9765166 0.1350294 -0.9941292 0.07827789 0.08414873 -0.9960861 0.09001957 -0.01174168 -0.9804305 0.1682975 -0.09393346 -0.9960861 -0.03913894 0.0665362 -1 -0.001956947 0.04305284 -1 -0.02348337 -0.001956947 -0.9980431 0.037182 0.05675147 -1 0.01761252 0.02348337 -1 -0.01761252 0.02544031 -0.9980431 0.06066536 -0.02544031 -1 0.005870841 -0.001956947 -0.9960861 0.005870841 -0.07827789 -0.9980431 0.04500978 -0.05870841 -1 -0.01956947 -0.02935421 -0.9960861 -0.03913894 -0.06849315 -0.7416829 -0.01956947 0.6712329 -0.7358121 0.1213307 0.667319 -0.739726 -0.04892368 0.6712329 0.09197652 0.1819961 0.9784736 -0.005870841 0.9980431 0.04696673 0.06849315 -0.03913894 0.9960861 0.005870841 0.09589041 0.9960861 -0.05675147 0.8767123 0.4774951 -0.005870841 0.9980431 0.04696673 0.02348337 0.9921722 0.1232877 0.003913894 -0.02544031 1 -0.08806262 0.05283757 0.9941292 0.08219178 0.005870841 0.9960861 -0.0704501 -0.037182 0.9960861 -0.02935421 0.01565558 1 0 0.05283757 0.9980431 0 -0.04305284 1 0.08414873 0.2035225 0.9745597 0.02348337 0.9921722 0.1232877 -0.04500978 -0.001956947 0.9980431 0.03131115 0.06066536 0.9980431 0.05870841 0.04500978 0.9980431 -0.06066536 0.03522505 0.9980431 -0.7377691 0.03522505 0.6751468 -0.003913894 0.001956947 1 0.03131115 -0.01956947 1 -0.739726 -0.01565558 0.6712329 -0.7632094 0.02348337 0.6457925 0.003913894 0.01174168 1 0.001956947 0.08023483 0.9960861 -0.02544031 -0.01956947 1 -0.003913894 0.05675147 0.9980431 0 -0.03913894 1 -0.01565558 0.03913894 1 0 0.0332681 1 0 0 1 0.04500978 -0.001956947 0.9980431 0.06066536 0.03522505 0.9980431 0.02544031 -0.02152642 1 0.001956947 0.001956947 1 -0.02739726 0.05870841 0.9980431 0.06849315 -0.037182 0.9960861 0.02348337 0.01565558 1 0.02348337 0.9921722 0.1232877 -0.009784736 0.9921722 0.1193738 -0.001956947 -0.02739726 1 0.009784736 0.1037182 0.9941292 -0.08806262 0.183953 0.9784736 0.1663405 0.9726027 0.1643836 -0.06066536 -0.03913894 0.9980431 -0.0704501 0.005870841 0.9980431 0.7260274 -0.04892368 0.6868885 -0.05283757 0.04305284 0.9980431 0.7260274 -0.01761252 0.6868885 -0.02739726 -0.02152642 1 0.7240704 0.03522505 0.6888454 0.7495108 0.02935421 0.6614481 0.7260274 -0.01369863 0.6868885 1 -0.02152642 -0.02935421 0.9980431 0.04305284 -0.05870841 0.9960861 0.005870841 -0.07827789 1 0.003913894 0.003913894 0.9960861 -0.04892368 -0.06262231 0.9980431 0.05870841 -0.01369863 0.7201566 0.1213307 0.6829746 0.9784736 0.1996086 -0.05479452 0.06457926 0.9980431 -0.005870841 0.9960861 0.09784736 0.01174168 0.9980431 -0.05088063 0.001956947 1 0.01761252 0.0332681 0.9980431 -0.04305284 0.05675147 0.9960861 0.06066536 0.05675147 0.5401174 0.8375734 0.07240704 0.06457926 0.9980431 -0.005870841 0.1037182 0.9941292 -0.007827789 0.9863014 0.1252446 -0.09784736 0.1037182 0.9941292 -0.007827789 0.9960861 -0.04305284 -0.07240704 0.9980431 -0.003913894 0.04696673 1 -0.02544031 -0.0332681 0.9980431 0.037182 0.05479452 0.9980431 -0.001956947 -0.06066536 1 -0.02152642 0.02348337 1 0.02152642 -0.0332681 0.9960861 0.037182 -0.0665362 0.9980431 0.06262231 0.02152642 1 -0.02935421 -0.02544031 1 0.04109589 0.003913894 1 0.007827789 -0.005870841 1 0.0332681 -0.005870841 0.7495108 0.0998043 0.6555773 0.9980431 0.04696673 0.01369863 0.01174168 0.09784736 0.9941292 0 -0.01565558 1 0 -0.01565558 1 0 -0.01565558 1 0 -0.01565558 1 0.7495108 0.2837573 0.5988258 0.9980431 0.04500978 0.005870841 0.9921722 0.1174168 0 0.9921722 0.1174168 0 0.9902152 0.1311155 -0.01956947 0.9980431 0.04109589 -0.02348337 0.9941292 0.1076321 -0.009784736 0.9686888 0.2465753 0 0.9686888 0.2465753 0 0.9686888 0.2465753 0 0.8356164 0.2622309 -0.483366 0.8375734 0.09393346 -0.5381604 0.06262231 0.3170255 -0.9471624 0 -1 0 0.0332681 0.2739726 -0.960861 -0.05283757 0.4481409 -0.8923679 -0.001956947 0.2270059 -0.9745597 0.005870841 0.1056751 -0.9941292 0.01761252 0.07240704 -0.9980431 0.03131115 0.05675147 -0.9980431 0.03131115 0.03522505 -0.9980431 0.02152642 0.02739726 -1 0.05088063 0.04892368 -0.9980431 0.02152642 0.02739726 -1 0.03131115 0.03913894 -0.9980431 0.04500978 0.04892368 -0.9980431 0.03131115 0.03913894 -0.9980431 0.0332681 0.01565558 -1 0.003913894 0.01369863 -1 0.04305284 -0.02544031 -0.9980431 0.02348337 0 -1 0.02348337 0.005870841 -1 0.07632094 0.02152642 -0.9960861 0.02348337 0.005870841 -1 0.05479452 0.04500978 -0.9980431 -0.01565558 0.005870841 -1 -0.01565558 0.06849315 -0.9980431 0.05479452 0.04500978 -0.9980431 0.09001957 -0.02544031 -0.9960861 -0.01956947 -0.02152642 -1 0.01956947 -0.03522505 -1 0.05479452 0.04500978 -0.9980431 0.8062623 0.01369863 -0.592955 0.08219178 -0.05870841 -0.9941292 -0.01369863 -0.01956947 -1 -0.003913894 0.01174168 -1 0.111546 0.007827789 -0.9941292 0.02544031 0.01565558 -1 -0.003913894 0.01174168 -1 0.003913894 0.2191781 -0.9745597 0.0704501 0.2857143 -0.9569471 0.003913894 0.2191781 -0.9745597 -0.01956947 0.9921722 -0.1174168 0.02544031 0.9921722 -0.1154599 -0.07632094 0.1565558 -0.9843444 0.02544031 0.9921722 -0.1154599 -0.007827789 0.9921722 -0.1174168 -0.04500978 -0.04109589 -0.9980431 -0.007827789 0.9921722 -0.1174168 -0.08806262 0.183953 -0.9784736 -0.05870841 0.005870841 -0.9980431 -0.06066536 -0.03913894 -0.9980431 -0.05479452 0.04696673 -0.9980431 -0.007827789 0.9921722 -0.1174168 0.1937378 0.9706458 -0.1428571 0.8317025 -0.01761252 -0.553816 0.8238748 0.1174168 -0.555773 0.1330724 0.9902152 0.009784736 0.9784736 0.1898239 0.08610567 0.8277887 -0.04696673 -0.5596869 0.9980431 -0.04109589 0.06457926 0.9902152 0.1389433 -0.003913894 0.1330724 0.9902152 0.009784736 0.1330724 0.9902152 0.009784736 0.1037182 0.9941292 -0.007827789 0.9980431 0.003913894 0.07240704 0.9980431 0.04305284 0.05479452 0.8219178 0.03913894 -0.5694716 1 -0.01956947 0.02739726 0.8317025 -0.01565558 -0.555773 0.9980431 -0.06457926 0 1 -0.03522505 0 1 -0.03522505 0 0.05088063 -0.9980431 -0.037182 0.04892368 -0.9960861 -0.06849315 0.9980431 -0.06262231 0 -0.01174168 -0.05088063 -0.9980431 -0.01174168 -0.05088063 -0.9980431 0 0 -1 0.03131115 -0.0332681 -0.9980431 -0.01174168 -0.05088063 -0.9980431 0.03131115 -0.0332681 -0.9980431 0.03131115 -0.0332681 -0.9980431 -0.03131115 -0.03131115 -0.9980431 -0.03131115 -0.03131115 -0.9980431 0.01565558 -0.05088063 -0.9980431 -0.03131115 -0.03131115 -0.9980431 0.01565558 -0.05088063 -0.9980431 0 0 -1 0.01565558 -0.05088063 -0.9980431 -1 0 0 -1 0 0 -1 0 0 -1 0 0 1 0 0 1 0 0 1 0 0 1 0 0 0 1 0 0 1 0 0 1 0 0 1 0 0 0 1 0 0 1 0 0 1 0 0 1 0 0 -1 0 0 -1 0 0 -1 0 0 -1 0 0 -1 0 0 -1 0 0 -1 0 0 -1 -1 0 0 -1 0 0 -1 0 0 -1 0 0 1 0 0 1 0 0 1 0 0 1 0 0 0 0 -1 0 0 -1 0 0 -1 0 0 -1 0 0 -1 0 0 -1 0 0 -1 0 0 -1 0 0 1 0 0 1 0 0 1 0 0 1 -1 0 0 -1 0 0 -1 0 0 -1 0 0 1 0 0 1 0 0 1 0 0 1 0 0 0 0 1 0 0 1 0 0 1 0 0 1 -1 0 0 -1 0 0 -1 0 0 -1 0 0 1 0 0 1 0 0 1 0 0 1 0 0 0 0 1 0 0 1 0 0 1 0 0 1 0 0 1 0 0 1 0 0 1 0 0 1 0 0 -1 0 0 -1 0 0 -1 0 0 -1 -1 0 0 -1 0 0 -1 0 0 -1 0 0 1 0 0 1 0 0 1 0 0 1 0 0 1 0 0 1 0 0 1 -0.009784736 0 1 -0.009784736 0 -1 0.0332681 0 -1 0.03131115 0 -1 0.009784736 0 -1 0.009784736 0 0 0.02152642 -1 0 0.01956947 -1 0 -0.01956947 -1 0 -0.02152642 -1 0 -0.04500978 0.9980431 0 -0.04500978 1 -0.001956947 -0.001956947 1 -0.001956947 0 1 0 1 0 0 1 0 0 1 0 0 1 0 0 -1 0 0 -1 0 0 -1 0 0 -1 0 0.9452055 -0.1174168 0.3072407 0.9549902 0.0332681 0.295499 0.9549902 0.0332681 0.295499 0.9432485 0.1819961 0.2739726 0.3189824 -0.1819961 -0.9295499 0.3131115 -0.03131115 -0.9491194 0.3131115 -0.03131115 -0.9491194 0.2994129 0.1193738 -0.9471624 0.258317 0.2172211 0.9412916 0.2700587 0.06849315 0.960861 0.2700587 0.06849315 0.960861 0.2778865 -0.08219178 0.9569471 0.3150685 -0.05088063 -0.9471624 0.3052838 0.0998043 -0.9471624 0.3052838 0.0998043 -0.9471624 0.2876712 0.2485323 -0.925636 0.260274 0.1017613 0.960861 0.2778865 -0.04892368 0.9589041 0.2778865 -0.04892368 0.9589041 0.2876712 -0.1976517 0.9373777 -1 -0.02739726 0.01956947 -1 -0.001956947 0.001956947 -1 0.005870841 0.003913894 -1 -0.02544031 0.01956947 -1 -0.02739726 0.01956947 -0.9980431 -0.02544031 0.05283757 -0.9980431 -0.01956947 0.05675147 -0.9980431 0 0.06262231 -0.9510763 -0.1252446 -0.2837573 -0.960861 0.02544031 -0.2759295 -0.960861 0.02544031 -0.2759295 -0.9491194 0.1761252 -0.2622309 0.09393346 -0.9960861 0 0.09393346 -0.9960861 0 0.09393346 -0.9960861 0 0.09393346 -0.9960861 0 0.0998043 -0.9941292 0 0.0998043 -0.9941292 0 0.0998043 -0.9941292 0 0.0998043 -0.9941292 0 0 1 0 0 1 0 0 1 0 0 1 0 0 1 0 0 1 0 0 1 0 0 1 0 -1 0.007827789 -0.003913894 -0.8610567 0.0704501 -0.5029354 -1 0.03131115 -0.007827789 -0.8590998 0.0704501 -0.5068493 0 -0.9941292 0.0998043 0 -0.9941292 0.0998043 0 -0.9941292 0.0998043 0 -0.9941292 0.0998043 -0.9921722 0.0704501 0.09784736 -0.07436399 0.9804305 -0.183953 -0.9921722 0.0704501 0.0998043 -0.04305284 0.9823875 -0.183953 0 1 0 0 1 0 0 1 0 0 1 0 0 1 0 0 1 0 0 1 0 0 1 0 0 0 1 0 0.003913894 1 0 0 1 0 0.003913894 1 1 -0.03522505 0 0.9510763 -0.04109589 -0.3033268 1 -0.03522505 -0.005870841 0.7299413 -0.3953033 -0.5596869 -0.9941292 0.03913894 0.0998043 -0.9921722 0.0704501 0.09784736 -0.9941292 0.03913894 0.0998043 -0.9921722 0.0704501 0.0998043 0 0.1213307 -0.9921722 0.3855186 0.0332681 -0.9217221 0.003913894 0.1213307 -0.9921722 0 0.1193738 -0.9921722 -0.001956947 0.1193738 -0.9921722 0.3835616 0 0.9236791 0.3835616 0 0.9236791 0.037182 0 1 0.037182 0 1 0 0 1 0 0 1 -0.9158513 0 0.4011742 -0.9158513 0 0.3992172 -1 0 0.03913894 -1 0 0.03913894 -1 0 0 -1 0 0 0 0 -1 0 0 -1 0.037182 0 -1 0.037182 0 -1 0.3835616 0 -0.9236791 0.3835616 0 -0.9236791 -1 0 0 -1 0 0 -1 0 -0.03913894 -1 0 -0.03913894 -0.9158513 0 -0.4011742 -0.9158513 0 -0.3992172 -0.483366 0.4872798 0.7279844 -0.8082192 0.258317 0.5303327 -0.9491194 0.0332681 0.3111546 -0.8082192 -0.1409002 0.5733855 -0.481409 -0.3209393 0.816047 -1 0.001956947 0 -0.003913894 0.01174168 -1 -0.01369863 -0.01956947 -1 -0.9960861 -0.08219178 0 0.01956947 -0.03522505 -1 -0.9980431 -0.06457926 -0.01956947 0.05479452 0.04500978 -0.9980431 0.4696673 0.4559687 -0.7553816 0.7984344 0.2348337 -0.555773 0.9432485 0.01761252 -0.3307241 0.7945206 -0.1663405 -0.5831702 0.4637965 -0.3542074 -0.8121331 0.001956947 -0.1389433 -0.9902152 -0.02348337 -0.1682975 -0.9863014 0.6477495 -0.09001957 -0.7553816 0.7553816 -0.111546 -0.6457925 0.9941292 -0.1017613 0.005870841 0.9941292 -0.0998043 0.007827789 0.009784736 -0.09589041 0.9960861 0.007827789 -0.0998043 0.9941292 -0.6497065 -0.08806262 0.7553816 -0.7651663 -0.1154599 0.6340509 -0.02348337 -0.1682975 -0.9863014 0 -1 0 -0.007827789 0.1252446 -0.9921722 -0.6497065 0.2681018 -0.7123288 0.6966732 0.0998043 -0.7103718 0.7201566 0.1017613 -0.6868885 0.7592955 0.111546 0.6399217 0.6536204 0.09197652 0.7514677 -0.6536204 0.1056751 0.7495108 -0.7495108 0.09393346 0.6555773 -0.9667319 0.258317 -0.01174168 -0.6497065 0.2681018 -0.7123288 -0.007827789 0.1252446 -0.9921722 0 -1 0 0 -1 0 0 -1 0 0 -1 0 0 -1 0 0 -1 0 0 -1 0 0 -1 0 0 -1 0 0 -1 0 0 -1 0 -0.001956947 -0.05870841 -0.9980431 0 -0.05870841 -0.9980431 -0.01565558 -0.4872798 -0.8727984 -0.005870841 -0.5714286 -0.8199608 0.07436399 -0.6692759 0.739726 0.183953 -0.4050881 0.8962818 0.005870841 -0.06262231 0.9980431 0 -0.06262231 0.9980431 -0.001956947 -0.06262231 -0.9980431 0 -0.06262231 -0.9980431 -0.09589041 -0.4344423 -0.8962818 -0.05479452 -0.6183953 -0.7827789 -0.01565558 -0.7416829 0.6692759 0.3365949 -0.334638 0.8806262 0.009784736 -0.06262231 0.9980431 0 -0.06066536 0.9980431 -1 0.03131115 -0.007827789 -1 0.003913894 -0.003913894 -1 0.007827789 -0.003913894 -1 0.02348337 0.02348337 -0.9980431 0.02544031 0.04500978 -0.8747554 0.05870841 0.479452 -0.8747554 0.05870841 0.479452 0.4187867 0.9080235 -0.037182 0.4129159 0.9099804 -0.037182 1 0.02935421 0.003913894 0.9001957 0.01761252 0.4344423 0.8395303 0.009784736 0.5440313 0.8395303 0.009784736 0.5440313 0.9315069 0.07827789 0.3581213 0.9941292 0.03913894 0.1037182 0.9334638 0.0704501 0.3542074 0.08414873 0.9941292 0.07436399 0.05088063 0.9960861 0.07240704 -0.04305284 0.9823875 -0.183953 -0.07436399 0.9804305 -0.183953 -0.960861 -0.07240704 -0.2700587 -1 -0.0332681 -0.005870841 -0.7729941 -0.3855186 -0.5029354 -0.04305284 -0.7514677 -0.6594912 0.04892368 -0.9960861 -0.06849315 0.05088063 -0.9980431 -0.037182 -0.03913894 0.03522505 -0.9980431 0 0 -1 0.02152642 0.037182 -1 0.7945206 -0.5244619 -0.3072407 0.81409 -0.4951076 -0.3052838 0 -0.9745597 -0.223092 0 1 0 0 1 0 0 1 0 0 1 0 0 1 0 0 1 0 0 1 0 0 1 0 0 1 0 0.4735812 -0.5283757 -0.704501 0.1526419 0.6497065 -0.7455969 0.7279844 0.3776908 -0.5714286 -0.3424658 0.2739726 -0.8982387 -0.6242661 -0.2504892 -0.739726 -0.5088063 -0.7495108 -0.4227006 0.4735812 -0.5283757 -0.704501 -0.776908 -0.5909981 -0.2113503 -0.516634 0.7592955 -0.3972603 -0.02348337 0.6086106 -0.7925636 -0.8708415 0.407045 0.2739726 -0.8434442 -0.04892368 0.5362035 -0.7651663 -0.5675147 0.3052838 -0.776908 -0.5909981 -0.2113503 -0.7632094 -0.5812133 -0.2818004 -0.5401174 0.7886497 -0.2915851 -0.04696673 0.704501 -0.7084149 -0.8786693 0.3444227 0.3287671 -0.8356164 -0.1409002 0.5303327 -0.7475538 -0.6223092 0.2348337 -0.7632094 -0.5812133 -0.2818004 -0.2152642 -0.5831702 0.7827789 -0.332681 0.776908 0.5342466 -0.7553816 0.6536204 0.05675147 0.3307241 0.3855186 0.8610567 0.5636008 -0.08414873 0.8219178 0.3013699 -0.5890411 0.7495108 -0.2152642 -0.5831702 0.7827789 0.6634051 -0.05675147 0.7455969 -0.6497065 -0.01369863 0.7592955 0.7416829 -0.04305284 0.6692759 -0.7514677 0.005870841 0.6594912 -0.9863014 -0.1682975 -0.01174168 -0.6731898 -0.1780822 -0.7181996 -0.005870841 -0.08023483 -0.9960861 0.6575342 -0.009784736 -0.7534246 0.7573385 0.01174168 -0.6536204 0.6634051 -0.05675147 0.7455969 0.7416829 -0.04305284 0.6692759 0.7612525 0.02739726 0.6477495 -0.702544 0.001956947 0.7103718 0.6516634 0.04696673 0.7553816 -0.7181996 -0.001956947 0.6966732 -0.7592955 -0.009784736 -0.6497065 -0.6614481 0.005870841 -0.7514677 0.6653621 -0.003913894 -0.7455969 0.7514677 0.005870841 -0.6594912 0.7612525 0.02739726 0.6477495 0.6516634 0.04696673 0.7553816 0 1 0 0 1 0 0 1 0 0 1 0 0 1 0 0 1 0 0 1 0 0 1 0 0 1 0 0 1 0 -0.2485323 0.4207436 -0.8727984 0.221135 0.04500978 -0.9745597 0.2994129 0.0665362 -0.9510763 -0.1585127 0.6888454 -0.7084149 -0.555773 0.8297456 0.01565558 -0.1076321 0.3933464 0.9119374 0.1350294 0.07827789 0.9882583 0.08610567 0.06066536 0.9941292 0.08610567 0.06066536 0.9941292 -1 -0.007827789 0.003913894 -1 -0.02935421 0.005870841 -1 -0.003913894 0.003913894 -1 -0.01565558 -0.01761252 -1 -0.01761252 -0.01761252 -1 -0.01174168 0.01565558 -1 -0.01565558 0.02152642 -1 -0.001956947 0 1 -0.001956947 0 1 0.01565558 0.01565558 1 -0.001956947 0 1 0.01761252 0.01761252 1 0.02739726 0.02544031 1 0 0.03913894 1 0 0 1 0 0 1 0 0.03913894 0.9158513 0 0.3992172 0.9158513 0 0.3992172 -0.037182 0 1 0 0 1 0 0 1 -0.037182 0 1 -0.3835616 0 0.9236791 -0.3835616 0 0.9236791 1 0 0 1 0 0 1 0 -0.03913894 1 0 -0.03913894 0.9158513 0 -0.3992172 0.9158513 0 -0.3992172 0 0 -1 0 0 -1 -0.037182 0 -1 -0.037182 0 -1 -0.3835616 0 -0.9236791 -0.3835616 0 -0.9236791 0.8590998 0.07827789 -0.5048923 0.8571429 0.0704501 -0.5107632 0.6849315 0.483366 -0.5459883 0.0332681 0.9275929 -0.37182 -0.01565558 0.9960861 -0.08219178 -0.02348337 0.9960861 -0.07436399 -1 -0.03522505 0.01369863 -0.8395303 -0.08414873 0.5381604 -0.6399217 -0.4931507 0.5890411 0.007827789 -0.8982387 0.4403131 0.7299413 -0.3953033 -0.5596869 -0.007827789 -0.7103718 -0.704501 -0.003913894 0.1076321 0.9941292 -0.003913894 0.1076321 0.9941292 -0.003913894 0.1076321 0.9941292 -0.003913894 0.1076321 0.9941292 -0.003913894 0.1076321 0.9941292 0.0665362 0.09784736 0.9921722 0.037182 0.01956947 1 0.5909981 -0.003913894 0.8062623 0.06849315 -0.1017613 0.9921722 0.2778865 -0.4090019 0.8688846 0.2270059 -0.4716243 0.851272 -0.01565558 0.06849315 -0.9980431 -0.01761252 0.0704501 -0.9980431 -0.01565558 0.06849315 -0.9980431 -0.01565558 0.06849315 -0.9980431 -0.01565558 0.0704501 -0.9980431 -0.08610567 0.05870841 -0.9941292 -0.05675147 -0.01956947 -0.9980431 -0.6086106 -0.0332681 -0.7925636 -0.08806262 -0.1409002 -0.9863014 -0.297456 -0.4422701 -0.8473581 -0.2465753 -0.5029354 -0.8277887 0.853229 -0.4618395 -0.2387476 0.8336595 -0.5205479 -0.18591 0.9960861 -0.08806262 -0.02544031 0.816047 -0.0704501 -0.5753425 1 -0.001956947 -0.007827789 0.9980431 0.04892368 -0.05283757 0.9980431 0.06457926 0.01761252 0.9980431 0.06457926 0.01761252 0.9980431 0.06457926 0.01761252 0.9980431 0.06457926 0.01761252 0.8649706 -0.4031311 -0.3013699 0.8454012 -0.4677104 -0.2563601 0.9980431 -0.05675147 -0.04305284 0.8121331 0.02739726 -0.5831702 1 0.02544031 -0.01369863 0.9960861 0.08219178 -0.05088063 0.9960861 0.08806262 0.02152642 0.9960861 0.08806262 0.02152642 0.9960861 0.08806262 0.02152642 0.9960861 0.08806262 0.02152642</float_array>
          <technique_common>
            <accessor source="#brock1__CmFillerObjectA02C-normal-array" count="2690" stride="3">
              <param name="X" type="float" />
              <param name="Y" type="float" />
              <param name="Z" type="float" />
            </accessor>
          </technique_common>
        </source>
        <source id="brock1__CmFillerObjectA02C-color">
          <float_array id="brock1__CmFillerObjectA02C-color-array" count="10760">0.1921569 0.3686275 0.5490196 1 0.1921569 0.3686275 0.5490196 1 0.1921569 0.3686275 0.5490196 1 0.454902 0.4196078 0.3882353 1 0.454902 0.4196078 0.3882353 1 0.454902 0.4196078 0.3882353 1 0.454902 0.4196078 0.3882353 1 0.454902 0.4196078 0.3882353 1 0.454902 0.4196078 0.3882353 1 0.454902 0.4196078 0.3882353 1 0.454902 0.4196078 0.3882353 1 0.454902 0.4196078 0.3882353 1 0.454902 0.4196078 0.3882353 1 0.454902 0.4196078 0.3882353 1 0.454902 0.4196078 0.3882353 1 0.454902 0.4196078 0.3882353 1 0.454902 0.4196078 0.3882353 1 0.454902 0.4196078 0.3882353 1 0.454902 0.4196078 0.3882353 1 0.454902 0.4196078 0.3882353 1 0.454902 0.4196078 0.3882353 1 0.454902 0.4196078 0.3882353 1 0.454902 0.4196078 0.3882353 1 0.454902 0.4196078 0.3882353 1 0.454902 0.4196078 0.3882353 1 0.454902 0.4196078 0.3882353 1 0.454902 0.4196078 0.3882353 1 0.454902 0.4196078 0.3882353 1 0.454902 0.4196078 0.3882353 1 0.454902 0.4196078 0.3882353 1 0.454902 0.4196078 0.3882353 1 0.454902 0.4196078 0.3882353 1 0.454902 0.4196078 0.3882353 1 0.454902 0.4196078 0.3882353 1 0.454902 0.4196078 0.3882353 1 0.454902 0.4196078 0.3882353 1 0.454902 0.4196078 0.3882353 1 0.454902 0.4196078 0.3882353 1 0.454902 0.4196078 0.3882353 1 0.454902 0.4196078 0.3882353 1 0.454902 0.4196078 0.3882353 1 0.454902 0.4196078 0.3882353 1 0.454902 0.4196078 0.3882353 1 0.454902 0.4196078 0.3882353 1 0.454902 0.4196078 0.3882353 1 0.454902 0.4196078 0.3882353 1 0.454902 0.4196078 0.3882353 1 0.454902 0.4196078 0.3882353 1 0.454902 0.4196078 0.3882353 1 0.454902 0.4196078 0.3882353 1 0.454902 0.4196078 0.3882353 1 0.454902 0.4196078 0.3882353 1 0.454902 0.4196078 0.3882353 1 0.454902 0.4196078 0.3882353 1 0.454902 0.4196078 0.3882353 1 0.454902 0.4196078 0.3882353 1 0.454902 0.4196078 0.3882353 1 0.454902 0.4196078 0.3882353 1 0.454902 0.4196078 0.3882353 1 0.454902 0.4196078 0.3882353 1 0.454902 0.4196078 0.3882353 1 0.454902 0.4196078 0.3882353 1 0.454902 0.4196078 0.3882353 1 0.454902 0.4196078 0.3882353 1 0.454902 0.4196078 0.3882353 1 0.454902 0.4196078 0.3882353 1 0.454902 0.4196078 0.3882353 1 0.454902 0.4196078 0.3882353 1 0.454902 0.4196078 0.3882353 1 0.454902 0.4196078 0.3882353 1 0.454902 0.4196078 0.3882353 1 0.454902 0.4196078 0.3882353 1 0.454902 0.4196078 0.3882353 1 0.454902 0.4196078 0.3882353 1 0.454902 0.4196078 0.3882353 1 0.454902 0.4196078 0.3882353 1 0.454902 0.4196078 0.3882353 1 0.454902 0.4196078 0.3882353 1 0.454902 0.4196078 0.3882353 1 0.454902 0.4196078 0.3882353 1 0.454902 0.4196078 0.3882353 1 0.454902 0.4196078 0.3882353 1 0.454902 0.4196078 0.3882353 1 0.454902 0.4196078 0.3882353 1 0.454902 0.4196078 0.3882353 1 0.454902 0.4196078 0.3882353 1 0.454902 0.4196078 0.3882353 1 0.454902 0.4196078 0.3882353 1 0.454902 0.4196078 0.3882353 1 0.454902 0.4196078 0.3882353 1 0.454902 0.4196078 0.3882353 1 0.454902 0.4196078 0.3882353 1 0.454902 0.4196078 0.3882353 1 0.454902 0.4196078 0.3882353 1 0.454902 0.4196078 0.3882353 1 0.454902 0.4196078 0.3882353 1 0.454902 0.4196078 0.3882353 1 0.454902 0.4196078 0.3882353 1 0.454902 0.4196078 0.3882353 1 0.454902 0.4196078 0.3882353 1 0.454902 0.4196078 0.3882353 1 0.454902 0.4196078 0.3882353 1 0.454902 0.4196078 0.3882353 1 0.454902 0.4196078 0.3882353 1 0.454902 0.4196078 0.3882353 1 0.454902 0.4196078 0.3882353 1 0.454902 0.4196078 0.3882353 1 0.454902 0.4196078 0.3882353 1 0.454902 0.4196078 0.3882353 1 0.454902 0.4196078 0.3882353 1 0.454902 0.4196078 0.3882353 1 0.5019608 0.5019608 0.5019608 1 0.5019608 0.5019608 0.5019608 1 0.5019608 0.5019608 0.5019608 1 0.5019608 0.5019608 0.5019608 1 0.5019608 0.5019608 0.5019608 1 0.5019608 0.5019608 0.5019608 1 0.5019608 0.5019608 0.5019608 1 0.5019608 0.5019608 0.5019608 1 0.5019608 0.5019608 0.5019608 1 0.5019608 0.5019608 0.5019608 1 0.5019608 0.5019608 0.5019608 1 0.5019608 0.5019608 0.5019608 1 0.5019608 0.5019608 0.5019608 1 0.5019608 0.5019608 0.5019608 1 0.5019608 0.5019608 0.5019608 1 0.5019608 0.5019608 0.5019608 1 0.5019608 0.5019608 0.5019608 1 0.5019608 0.5019608 0.5019608 1 0.5019608 0.5019608 0.5019608 1 0.5019608 0.5019608 0.5019608 1 0.5019608 0.5019608 0.5019608 1 0.5019608 0.5019608 0.5019608 1 0.5019608 0.5019608 0.5019608 1 0.5019608 0.5019608 0.5019608 1 0.5019608 0.5019608 0.5019608 1 0.5019608 0.5019608 0.5019608 1 0.5019608 0.5019608 0.5019608 1 0.5019608 0.5019608 0.5019608 1 0.5019608 0.5019608 0.5019608 1 0.5019608 0.5019608 0.5019608 1 0.5019608 0.5019608 0.5019608 1 0.5019608 0.5019608 0.5019608 1 0.5019608 0.5019608 0.5019608 1 0.5019608 0.5019608 0.5019608 1 0.5019608 0.5019608 0.5019608 1 0.5019608 0.5019608 0.5019608 1 0.5019608 0.5019608 0.5019608 1 0.5019608 0.5019608 0.5019608 1 0.5019608 0.5019608 0.5019608 1 0.5019608 0.5019608 0.5019608 1 0.5019608 0.5019608 0.5019608 1 0.5019608 0.5019608 0.5019608 1 0.5019608 0.5019608 0.5019608 1 0.5019608 0.5019608 0.5019608 1 0.5019608 0.5019608 0.5019608 1 0.5019608 0.5019608 0.5019608 1 0.5019608 0.5019608 0.5019608 1 0.5019608 0.5019608 0.5019608 1 0.5019608 0.5019608 0.5019608 1 0.5019608 0.5019608 0.5019608 1 0.5019608 0.5019608 0.5019608 1 0.5019608 0.5019608 0.5019608 1 0.5019608 0.5019608 0.5019608 1 0.5019608 0.5019608 0.5019608 1 0.5019608 0.5019608 0.5019608 1 0.5019608 0.5019608 0.5019608 1 0.5019608 0.5019608 0.5019608 1 0.5019608 0.5019608 0.5019608 1 0.5019608 0.5019608 0.5019608 1 0.5019608 0.5019608 0.5019608 1 0.5019608 0.5019608 0.5019608 1 0.5019608 0.5019608 0.5019608 1 0.5019608 0.5019608 0.5019608 1 0.5019608 0.5019608 0.5019608 1 0.5019608 0.5019608 0.5019608 1 0.5019608 0.5019608 0.5019608 1 0.5019608 0.5019608 0.5019608 1 0.5019608 0.5019608 0.5019608 1 0.5019608 0.5019608 0.5019608 1 0.5019608 0.5019608 0.5019608 1 0.5019608 0.5019608 0.5019608 1 0.5019608 0.5019608 0.5019608 1 0.5019608 0.5019608 0.5019608 1 0.5019608 0.5019608 0.5019608 1 0.5019608 0.5019608 0.5019608 1 0.5019608 0.5019608 0.5019608 1 0.5019608 0.5019608 0.5019608 1 0.5019608 0.5019608 0.5019608 1 0.5019608 0.5019608 0.5019608 1 0.5019608 0.5019608 0.5019608 1 0.5019608 0.5019608 0.5019608 1 0.5019608 0.5019608 0.5019608 1 0.5019608 0.5019608 0.5019608 1 0.5019608 0.5019608 0.5019608 1 0.5019608 0.5019608 0.5019608 1 0.5019608 0.5019608 0.5019608 1 0.5019608 0.5019608 0.5019608 1 0.5019608 0.5019608 0.5019608 1 0.5019608 0.5019608 0.5019608 1 0.5019608 0.5019608 0.5019608 1 0.5019608 0.5019608 0.5019608 1 0.5019608 0.5019608 0.5019608 1 0.5019608 0.5019608 0.5019608 1 0.5019608 0.5019608 0.5019608 1 0.5019608 0.5019608 0.5019608 1 0.5019608 0.5019608 0.5019608 1 0.5019608 0.5019608 0.5019608 1 0.5019608 0.5019608 0.5019608 1 0.5019608 0.5019608 0.5019608 1 0.5019608 0.5019608 0.5019608 1 0.5019608 0.5019608 0.5019608 1 0.5019608 0.5019608 0.5019608 1 0.5019608 0.5019608 0.5019608 1 0.5019608 0.5019608 0.5019608 1 0.5019608 0.5019608 0.5019608 1 0.5019608 0.5019608 0.5019608 1 0.5019608 0.5019608 0.5019608 1 0.5019608 0.5019608 0.5019608 1 0.5019608 0.5019608 0.5019608 1 0.5019608 0.5019608 0.5019608 1 0.5019608 0.5019608 0.5019608 1 0.5019608 0.5019608 0.5019608 1 0.5019608 0.5019608 0.5019608 1 0.5019608 0.5019608 0.5019608 1 0.5019608 0.5019608 0.5019608 1 0.5019608 0.5019608 0.5019608 1 0.5019608 0.5019608 0.5019608 1 0.5019608 0.5019608 0.5019608 1 0.5019608 0.5019608 0.5019608 1 0.5019608 0.5019608 0.5019608 1 0.5019608 0.5019608 0.5019608 1 0.5019608 0.5019608 0.5019608 1 0.5019608 0.5019608 0.5019608 1 0.5019608 0.5019608 0.5019608 1 0.5019608 0.5019608 0.5019608 1 0.5019608 0.5019608 0.5019608 1 0.5019608 0.5019608 0.5019608 1 0.5019608 0.5019608 0.5019608 1 0.5019608 0.5019608 0.5019608 1 0.5019608 0.5019608 0.5019608 1 0.5019608 0.5019608 0.5019608 1 0.5019608 0.5019608 0.5019608 1 0.5019608 0.5019608 0.5019608 1 0.5019608 0.5019608 0.5019608 1 0.5019608 0.5019608 0.5019608 1 0.5019608 0.5019608 0.5019608 1 0.5019608 0.5019608 0.5019608 1 0.5019608 0.5019608 0.5019608 1 0.5019608 0.5019608 0.5019608 1 0.5019608 0.5019608 0.5019608 1 0.5019608 0.5019608 0.5019608 1 0.5019608 0.5019608 0.5019608 1 0.5019608 0.5019608 0.5019608 1 0.5019608 0.5019608 0.5019608 1 0.5019608 0.5019608 0.5019608 1 0.5019608 0.5019608 0.5019608 1 0.5019608 0.5019608 0.5019608 1 0.5019608 0.5019608 0.5019608 1 0.5019608 0.5019608 0.5019608 1 0.5019608 0.5019608 0.5019608 1 0.5019608 0.5019608 0.5019608 1 0.5019608 0.5019608 0.5019608 1 0.454902 0.4196078 0.3882353 1 0.454902 0.4196078 0.3882353 1 0.454902 0.4196078 0.3882353 1 0.454902 0.4196078 0.3882353 1 0.454902 0.4196078 0.3882353 1 0.454902 0.4196078 0.3882353 1 0.454902 0.4196078 0.3882353 1 0.454902 0.4196078 0.3882353 1 0.454902 0.4196078 0.3882353 1 0.454902 0.4196078 0.3882353 1 0.454902 0.4196078 0.3882353 1 0.454902 0.4196078 0.3882353 1 0.454902 0.4196078 0.3882353 1 0.454902 0.4196078 0.3882353 1 0.454902 0.4196078 0.3882353 1 0.454902 0.4196078 0.3882353 1 0.454902 0.4196078 0.3882353 1 0.454902 0.4196078 0.3882353 1 0.454902 0.4196078 0.3882353 1 0.454902 0.4196078 0.3882353 1 0.454902 0.4196078 0.3882353 1 0.454902 0.4196078 0.3882353 1 0.454902 0.4196078 0.3882353 1 0.454902 0.4196078 0.3882353 1 0.454902 0.4196078 0.3882353 1 0.454902 0.4196078 0.3882353 1 0.454902 0.4196078 0.3882353 1 0.454902 0.4196078 0.3882353 1 0.454902 0.4196078 0.3882353 1 0.454902 0.4196078 0.3882353 1 0.454902 0.4196078 0.3882353 1 0.454902 0.4196078 0.3882353 1 0.454902 0.4196078 0.3882353 1 0.454902 0.4196078 0.3882353 1 0.454902 0.4196078 0.3882353 1 0.454902 0.4196078 0.3882353 1 0.454902 0.4196078 0.3882353 1 0.454902 0.4196078 0.3882353 1 0.454902 0.4196078 0.3882353 1 0.454902 0.4196078 0.3882353 1 0.5490196 0.2196078 0.09019608 1 0.5490196 0.2196078 0.09019608 1 0.5490196 0.2196078 0.09019608 1 0.5490196 0.2196078 0.09019608 1 0.5490196 0.2196078 0.09019608 1 0.5490196 0.2196078 0.09019608 1 0.5490196 0.2196078 0.09019608 1 0.5490196 0.2196078 0.09019608 1 0.5490196 0.2196078 0.09019608 1 0.5490196 0.2196078 0.09019608 1 0.5490196 0.2196078 0.09019608 1 0.5490196 0.2196078 0.09019608 1 0.5490196 0.2196078 0.09019608 1 0.5490196 0.2196078 0.09019608 1 0.5490196 0.2196078 0.09019608 1 0.5490196 0.2196078 0.09019608 1 0.5490196 0.2196078 0.09019608 1 0.5490196 0.2196078 0.09019608 1 0.5019608 0.5019608 0.5019608 1 0.5019608 0.5019608 0.5019608 1 0.5019608 0.5019608 0.5019608 1 0.5019608 0.5019608 0.5019608 1 0.5019608 0.5019608 0.5019608 1 0.5019608 0.5019608 0.5019608 1 0.5490196 0.2196078 0.09019608 1 0.5490196 0.2196078 0.09019608 1 0.5490196 0.2196078 0.09019608 1 0.5490196 0.2196078 0.09019608 1 0.5490196 0.2196078 0.09019608 1 0.5490196 0.2196078 0.09019608 1 0.5490196 0.2196078 0.09019608 1 0.5490196 0.2196078 0.09019608 1 0.5490196 0.2196078 0.09019608 1 0.5490196 0.2196078 0.09019608 1 0.5490196 0.2196078 0.09019608 1 0.5490196 0.2196078 0.09019608 1 0.5490196 0.2196078 0.09019608 1 0.5490196 0.2196078 0.09019608 1 0.5490196 0.2196078 0.09019608 1 0.5490196 0.2196078 0.09019608 1 0.5490196 0.2196078 0.09019608 1 0.5490196 0.2196078 0.09019608 1 0.5019608 0.5019608 0.5019608 1 0.5019608 0.5019608 0.5019608 1 0.5019608 0.5019608 0.5019608 1 0.5019608 0.5019608 0.5019608 1 0.5019608 0.5019608 0.5019608 1 0.5019608 0.5019608 0.5019608 1 0.5490196 0.2196078 0.09019608 1 0.5490196 0.2196078 0.09019608 1 0.5490196 0.2196078 0.09019608 1 0.5490196 0.2196078 0.09019608 1 0.5490196 0.2196078 0.09019608 1 0.5490196 0.2196078 0.09019608 1 0.5490196 0.2196078 0.09019608 1 0.5490196 0.2196078 0.09019608 1 0.5490196 0.2196078 0.09019608 1 0.5490196 0.2196078 0.09019608 1 0.5490196 0.2196078 0.09019608 1 0.5490196 0.2196078 0.09019608 1 0.5490196 0.2196078 0.09019608 1 0.5490196 0.2196078 0.09019608 1 0.5490196 0.2196078 0.09019608 1 0.5490196 0.2196078 0.09019608 1 0.5490196 0.2196078 0.09019608 1 0.5490196 0.2196078 0.09019608 1 0.5019608 0.5019608 0.5019608 1 0.5019608 0.5019608 0.5019608 1 0.5019608 0.5019608 0.5019608 1 0.5019608 0.5019608 0.5019608 1 0.5019608 0.5019608 0.5019608 1 0.5019608 0.5019608 0.5019608 1 0.5490196 0.2196078 0.09019608 1 0.5490196 0.2196078 0.09019608 1 0.5490196 0.2196078 0.09019608 1 0.5490196 0.2196078 0.09019608 1 0.5490196 0.2196078 0.09019608 1 0.5490196 0.2196078 0.09019608 1 0.5490196 0.2196078 0.09019608 1 0.5490196 0.2196078 0.09019608 1 0.5490196 0.2196078 0.09019608 1 0.5490196 0.2196078 0.09019608 1 0.5490196 0.2196078 0.09019608 1 0.5490196 0.2196078 0.09019608 1 0.5490196 0.2196078 0.09019608 1 0.5490196 0.2196078 0.09019608 1 0.5490196 0.2196078 0.09019608 1 0.5490196 0.2196078 0.09019608 1 0.5490196 0.2196078 0.09019608 1 0.5490196 0.2196078 0.09019608 1 0.5019608 0.5019608 0.5019608 1 0.5019608 0.5019608 0.5019608 1 0.5019608 0.5019608 0.5019608 1 0.5019608 0.5019608 0.5019608 1 0.5019608 0.5019608 0.5019608 1 0.5019608 0.5019608 0.5019608 1 0.5019608 0.5019608 0.5019608 1 0.5019608 0.5019608 0.5019608 1 0.5019608 0.5019608 0.5019608 1 0.5019608 0.5019608 0.5019608 1 0.5019608 0.5019608 0.5019608 1 0.5019608 0.5019608 0.5019608 1 0.5019608 0.5019608 0.5019608 1 0.5019608 0.5019608 0.5019608 1 0.5019608 0.5019608 0.5019608 1 0.5019608 0.5019608 0.5019608 1 0.5019608 0.5019608 0.5019608 1 0.5019608 0.5019608 0.5019608 1 0.5019608 0.5019608 0.5019608 1 0.5019608 0.5019608 0.5019608 1 0.5019608 0.5019608 0.5019608 1 0.5019608 0.5019608 0.5019608 1 0.5019608 0.5019608 0.5019608 1 0.5019608 0.5019608 0.5019608 1 0.5019608 0.5019608 0.5019608 1 0.5019608 0.5019608 0.5019608 1 0.5019608 0.5019608 0.5019608 1 0.5019608 0.5019608 0.5019608 1 0.5019608 0.5019608 0.5019608 1 0.5019608 0.5019608 0.5019608 1 0.5019608 0.5019608 0.5019608 1 0.5019608 0.5019608 0.5019608 1 0.5019608 0.5019608 0.5019608 1 0.5019608 0.5019608 0.5019608 1 0.5019608 0.5019608 0.5019608 1 0.5019608 0.5019608 0.5019608 1 0.5019608 0.5019608 0.5019608 1 0.5019608 0.5019608 0.5019608 1 0.5019608 0.5019608 0.5019608 1 0.5019608 0.5019608 0.5019608 1 0.5019608 0.5019608 0.5019608 1 0.5019608 0.5019608 0.5019608 1 0.5019608 0.5019608 0.5019608 1 0.5019608 0.5019608 0.5019608 1 0.5019608 0.5019608 0.5019608 1 0.5019608 0.5019608 0.5019608 1 0.5019608 0.5019608 0.5019608 1 0.5019608 0.5019608 0.5019608 1 0.5019608 0.5019608 0.5019608 1 0.5019608 0.5019608 0.5019608 1 0.5019608 0.5019608 0.5019608 1 0.5019608 0.5019608 0.5019608 1 0.5019608 0.5019608 0.5019608 1 0.5019608 0.5019608 0.5019608 1 0.5019608 0.5019608 0.5019608 1 0.5019608 0.5019608 0.5019608 1 0.5019608 0.5019608 0.5019608 1 0.5019608 0.5019608 0.5019608 1 0.5019608 0.5019608 0.5019608 1 0.5019608 0.5019608 0.5019608 1 0.5019608 0.5019608 0.5019608 1 0.5019608 0.5019608 0.5019608 1 0.5019608 0.5019608 0.5019608 1 0.5019608 0.5019608 0.5019608 1 0.5019608 0.5019608 0.5019608 1 0.5019608 0.5019608 0.5019608 1 0.5019608 0.5019608 0.5019608 1 0.5019608 0.5019608 0.5019608 1 0.5019608 0.5019608 0.5019608 1 0.5019608 0.5019608 0.5019608 1 0.5019608 0.5019608 0.5019608 1 0.5019608 0.5019608 0.5019608 1 0.5019608 0.5019608 0.5019608 1 0.5019608 0.5019608 0.5019608 1 0.5019608 0.5019608 0.5019608 1 0.5019608 0.5019608 0.5019608 1 0.5019608 0.5019608 0.5019608 1 0.5019608 0.5019608 0.5019608 1 0.5019608 0.5019608 0.5019608 1 0.5019608 0.5019608 0.5019608 1 0.5019608 0.5019608 0.5019608 1 0.5019608 0.5019608 0.5019608 1 0.5019608 0.5019608 0.5019608 1 0.5019608 0.5019608 0.5019608 1 0.5019608 0.5019608 0.5019608 1 0.5019608 0.5019608 0.5019608 1 0.5019608 0.5019608 0.5019608 1 0.5019608 0.5019608 0.5019608 1 0.5019608 0.5019608 0.5019608 1 0.5019608 0.5019608 0.5019608 1 0.5019608 0.5019608 0.5019608 1 0.5019608 0.5019608 0.5019608 1 0.5019608 0.5019608 0.5019608 1 0.5019608 0.5019608 0.5019608 1 0.5019608 0.5019608 0.5019608 1 0.5019608 0.5019608 0.5019608 1 0.5019608 0.5019608 0.5019608 1 0.5019608 0.5019608 0.5019608 1 0.5019608 0.5019608 0.5019608 1 0.5019608 0.5019608 0.5019608 1 0.5019608 0.5019608 0.5019608 1 0.5019608 0.5019608 0.5019608 1 0.5019608 0.5019608 0.5019608 1 0.5019608 0.5019608 0.5019608 1 0.5019608 0.5019608 0.5019608 1 0.5019608 0.5019608 0.5019608 1 0.5019608 0.5019608 0.5019608 1 0.5019608 0.5019608 0.5019608 1 0.5019608 0.5019608 0.5019608 1 0.5019608 0.5019608 0.5019608 1 0.5019608 0.5019608 0.5019608 1 0.5019608 0.5019608 0.5019608 1 0.5019608 0.5019608 0.5019608 1 0.5019608 0.5019608 0.5019608 1 0.5019608 0.5019608 0.5019608 1 0.5019608 0.5019608 0.5019608 1 0.5019608 0.5019608 0.5019608 1 0.5019608 0.5019608 0.5019608 1 0.5019608 0.5019608 0.5019608 1 0.5019608 0.5019608 0.5019608 1 0.5019608 0.5019608 0.5019608 1 0.5019608 0.5019608 0.5019608 1 0.5019608 0.5019608 0.5019608 1 0.5019608 0.5019608 0.5019608 1 0.5019608 0.5019608 0.5019608 1 0.5019608 0.5019608 0.5019608 1 0.5019608 0.5019608 0.5019608 1 0.5019608 0.5019608 0.5019608 1 0.5019608 0.5019608 0.5019608 1 0.5019608 0.5019608 0.5019608 1 0.5019608 0.5019608 0.5019608 1 0.5019608 0.5019608 0.5019608 1 0.5019608 0.5019608 0.5019608 1 0.5019608 0.5019608 0.5019608 1 0.5019608 0.5019608 0.5019608 1 0.5019608 0.5019608 0.5019608 1 0.5019608 0.5019608 0.5019608 1 0.5019608 0.5019608 0.5019608 1 0.5019608 0.5019608 0.5019608 1 0.5019608 0.5019608 0.5019608 1 0.5019608 0.5019608 0.5019608 1 0.5019608 0.5019608 0.5019608 1 0.5019608 0.5019608 0.5019608 1 0.5019608 0.5019608 0.5019608 1 0.5019608 0.5019608 0.5019608 1 0.5019608 0.5019608 0.5019608 1 0.5019608 0.5019608 0.5019608 1 0.5019608 0.5019608 0.5019608 1 0.5019608 0.5019608 0.5019608 1 0.5019608 0.5019608 0.5019608 1 0.5019608 0.5019608 0.5019608 1 0.5019608 0.5019608 0.5019608 1 0.5019608 0.5019608 0.5019608 1 0.5019608 0.5019608 0.5019608 1 0.5019608 0.5019608 0.5019608 1 0.5019608 0.5019608 0.5019608 1 0.5019608 0.5019608 0.5019608 1 0.5019608 0.5019608 0.5019608 1 0.5019608 0.5019608 0.5019608 1 0.5019608 0.5019608 0.5019608 1 0.5019608 0.5019608 0.5019608 1 0.5019608 0.5019608 0.5019608 1 0.5019608 0.5019608 0.5019608 1 0.5019608 0.5019608 0.5019608 1 0.5019608 0.5019608 0.5019608 1 0.5019608 0.5019608 0.5019608 1 0.5019608 0.5019608 0.5019608 1 0.5019608 0.5019608 0.5019608 1 0.5019608 0.5019608 0.5019608 1 0.5019608 0.5019608 0.5019608 1 0.5019608 0.5019608 0.5019608 1 0.5019608 0.5019608 0.5019608 1 0.5019608 0.5019608 0.5019608 1 0.5019608 0.5019608 0.5019608 1 0.5019608 0.5019608 0.5019608 1 0.5019608 0.5019608 0.5019608 1 0.5019608 0.5019608 0.5019608 1 0.5019608 0.5019608 0.5019608 1 0.5019608 0.5019608 0.5019608 1 0.5019608 0.5019608 0.5019608 1 0.5019608 0.5019608 0.5019608 1 0.5019608 0.5019608 0.5019608 1 0.5019608 0.5019608 0.5019608 1 0.5019608 0.5019608 0.5019608 1 0.5019608 0.5019608 0.5019608 1 0.5019608 0.5019608 0.5019608 1 0.5019608 0.5019608 0.5019608 1 0.5019608 0.5019608 0.5019608 1 0.5019608 0.5019608 0.5019608 1 0.5019608 0.5019608 0.5019608 1 0.5019608 0.5019608 0.5019608 1 0.5019608 0.5019608 0.5019608 1 0.5019608 0.5019608 0.5019608 1 0.5019608 0.5019608 0.5019608 1 0.5019608 0.5019608 0.5019608 1 0.5019608 0.5019608 0.5019608 1 0.5019608 0.5019608 0.5019608 1 0.5019608 0.5019608 0.5019608 1 0.5019608 0.5019608 0.5019608 1 0.5019608 0.5019608 0.5019608 1 0.5019608 0.5019608 0.5019608 1 0.5019608 0.5019608 0.5019608 1 0.5019608 0.5019608 0.5019608 1 0.5019608 0.5019608 0.5019608 1 0.5019608 0.5019608 0.5019608 1 0.5019608 0.5019608 0.5019608 1 0.5019608 0.5019608 0.5019608 1 0.5019608 0.5019608 0.5019608 1 0.5019608 0.5019608 0.5019608 1 0.5019608 0.5019608 0.5019608 1 0.5019608 0.5019608 0.5019608 1 0.5019608 0.5019608 0.5019608 1 0.5019608 0.5019608 0.5019608 1 0.5019608 0.5019608 0.5019608 1 0.5019608 0.5019608 0.5019608 1 0.5019608 0.5019608 0.5019608 1 0.5019608 0.5019608 0.5019608 1 0.5019608 0.5019608 0.5019608 1 0.5019608 0.5019608 0.5019608 1 0.5019608 0.5019608 0.5019608 1 0.5019608 0.5019608 0.5019608 1 0.5019608 0.5019608 0.5019608 1 0.5019608 0.5019608 0.5019608 1 0.5019608 0.5019608 0.5019608 1 0.5019608 0.5019608 0.5019608 1 0.5019608 0.5019608 0.5019608 1 0.5019608 0.5019608 0.5019608 1 0.5019608 0.5019608 0.5019608 1 0.5019608 0.5019608 0.5019608 1 0.5019608 0.5019608 0.5019608 1 0.5019608 0.5019608 0.5019608 1 0.5019608 0.5019608 0.5019608 1 0.5019608 0.5019608 0.5019608 1 0.5019608 0.5019608 0.5019608 1 0.5019608 0.5019608 0.5019608 1 0.5019608 0.5019608 0.5019608 1 0.5019608 0.5019608 0.5019608 1 0.5019608 0.5019608 0.5019608 1 0.5019608 0.5019608 0.5019608 1 0.5019608 0.5019608 0.5019608 1 0.5019608 0.5019608 0.5019608 1 0.5019608 0.5019608 0.5019608 1 0.5019608 0.5019608 0.5019608 1 0.5019608 0.5019608 0.5019608 1 0.5019608 0.5019608 0.5019608 1 0.5019608 0.5019608 0.5019608 1 0.5019608 0.5019608 0.5019608 1 0.5019608 0.5019608 0.5019608 1 0.5019608 0.5019608 0.5019608 1 0.5019608 0.5019608 0.5019608 1 0.5019608 0.5019608 0.5019608 1 0.5019608 0.5019608 0.5019608 1 0.5019608 0.5019608 0.5019608 1 0.5019608 0.5019608 0.5019608 1 0.5019608 0.5019608 0.5019608 1 0.5019608 0.5019608 0.5019608 1 0.5019608 0.5019608 0.5019608 1 0.5019608 0.5019608 0.5019608 1 0.5019608 0.5019608 0.5019608 1 0.5019608 0.5019608 0.5019608 1 0.5019608 0.5019608 0.5019608 1 0.5019608 0.5019608 0.5019608 1 0.5019608 0.5019608 0.5019608 1 0.5019608 0.5019608 0.5019608 1 0.5019608 0.5019608 0.5019608 1 0.5019608 0.5019608 0.5019608 1 0.5019608 0.5019608 0.5019608 1 0.5019608 0.5019608 0.5019608 1 0.5019608 0.5019608 0.5019608 1 0.5019608 0.5019608 0.5019608 1 0.5019608 0.5019608 0.5019608 1 0.5019608 0.5019608 0.5019608 1 0.5019608 0.5019608 0.5019608 1 0.5019608 0.5019608 0.5019608 1 0.5019608 0.5019608 0.5019608 1 0.5019608 0.5019608 0.5019608 1 0.5019608 0.5019608 0.5019608 1 0.5019608 0.5019608 0.5019608 1 0.5019608 0.5019608 0.5019608 1 0.5019608 0.5019608 0.5019608 1 0.5019608 0.5019608 0.5019608 1 0.5019608 0.5019608 0.5019608 1 0.5019608 0.5019608 0.5019608 1 0.5019608 0.5019608 0.5019608 1 0.5490196 0.2196078 0.09019608 1 0.5490196 0.2196078 0.09019608 1 0.5490196 0.2196078 0.09019608 1 0.5490196 0.2196078 0.09019608 1 0.5490196 0.2196078 0.09019608 1 0.5490196 0.2196078 0.09019608 1 0.5490196 0.2196078 0.09019608 1 0.5490196 0.2196078 0.09019608 1 0.5490196 0.2196078 0.09019608 1 0.5490196 0.2196078 0.09019608 1 0.5490196 0.2196078 0.09019608 1 0.5490196 0.2196078 0.09019608 1 0.5490196 0.2196078 0.09019608 1 0.5490196 0.2196078 0.09019608 1 0.5490196 0.2196078 0.09019608 1 0.5490196 0.2196078 0.09019608 1 0.5490196 0.2196078 0.09019608 1 0.5490196 0.2196078 0.09019608 1 0.5490196 0.2196078 0.09019608 1 0.5490196 0.2196078 0.09019608 1 0.5490196 0.2196078 0.09019608 1 0.5490196 0.2196078 0.09019608 1 0.5490196 0.2196078 0.09019608 1 0.5490196 0.2196078 0.09019608 1 0.1921569 0.3686275 0.5490196 1 0.1921569 0.3686275 0.5490196 1 0.1921569 0.3686275 0.5490196 1 0.1921569 0.3686275 0.5490196 1 0.1921569 0.3686275 0.5490196 1 0.1921569 0.3686275 0.5490196 1 0.1921569 0.3686275 0.5490196 1 0.1921569 0.3686275 0.5490196 1 0.1921569 0.3686275 0.5490196 1 0.1921569 0.3686275 0.5490196 1 0.1921569 0.3686275 0.5490196 1 0.1921569 0.3686275 0.5490196 1 0.1921569 0.3686275 0.5490196 1 0.1921569 0.3686275 0.5490196 1 0.1921569 0.3686275 0.5490196 1 0.1921569 0.3686275 0.5490196 1 0.1921569 0.3686275 0.5490196 1 0.1921569 0.3686275 0.5490196 1 0.1921569 0.3686275 0.5490196 1 0.1921569 0.3686275 0.5490196 1 0.1921569 0.3686275 0.5490196 1 0.1921569 0.3686275 0.5490196 1 0.1921569 0.3686275 0.5490196 1 0.1921569 0.3686275 0.5490196 1 0.1921569 0.3686275 0.5490196 1 0.1921569 0.3686275 0.5490196 1 0.1921569 0.3686275 0.5490196 1 0.1921569 0.3686275 0.5490196 1 0.1921569 0.3686275 0.5490196 1 0.1921569 0.3686275 0.5490196 1 0.1921569 0.3686275 0.5490196 1 0.1921569 0.3686275 0.5490196 1 0.1921569 0.3686275 0.5490196 1 0.1921569 0.3686275 0.5490196 1 0.1921569 0.3686275 0.5490196 1 0.1921569 0.3686275 0.5490196 1 0.1921569 0.3686275 0.5490196 1 0.1921569 0.3686275 0.5490196 1 0.1921569 0.3686275 0.5490196 1 0.1921569 0.3686275 0.5490196 1 0.1921569 0.3686275 0.5490196 1 0.1921569 0.3686275 0.5490196 1 0.1921569 0.3686275 0.5490196 1 0.1921569 0.3686275 0.5490196 1 0.1921569 0.3686275 0.5490196 1 0.1921569 0.3686275 0.5490196 1 0.1921569 0.3686275 0.5490196 1 0.1921569 0.3686275 0.5490196 1 0.1921569 0.3686275 0.5490196 1 0.1921569 0.3686275 0.5490196 1 0.1921569 0.3686275 0.5490196 1 0.1921569 0.3686275 0.5490196 1 0.1921569 0.3686275 0.5490196 1 0.1921569 0.3686275 0.5490196 1 0.1921569 0.3686275 0.5490196 1 0.1921569 0.3686275 0.5490196 1 0.1921569 0.3686275 0.5490196 1 0.1921569 0.3686275 0.5490196 1 0.1921569 0.3686275 0.5490196 1 0.1921569 0.3686275 0.5490196 1 0.1921569 0.3686275 0.5490196 1 0.1921569 0.3686275 0.5490196 1 0.1921569 0.3686275 0.5490196 1 0.1921569 0.3686275 0.5490196 1 0.1921569 0.3686275 0.5490196 1 0.1921569 0.3686275 0.5490196 1 0.1921569 0.3686275 0.5490196 1 0.1921569 0.3686275 0.5490196 1 0.1921569 0.3686275 0.5490196 1 0.1921569 0.3686275 0.5490196 1 0.1921569 0.3686275 0.5490196 1 0.1921569 0.3686275 0.5490196 1 0.1921569 0.3686275 0.5490196 1 0.1921569 0.3686275 0.5490196 1 0.1921569 0.3686275 0.5490196 1 0.1921569 0.3686275 0.5490196 1 0.1921569 0.3686275 0.5490196 1 0.1921569 0.3686275 0.5490196 1 0.1921569 0.3686275 0.5490196 1 0.1921569 0.3686275 0.5490196 1 0.1921569 0.3686275 0.5490196 1 0.1921569 0.3686275 0.5490196 1 0.1921569 0.3686275 0.5490196 1 0.1921569 0.3686275 0.5490196 1 0.1921569 0.3686275 0.5490196 1 0.1921569 0.3686275 0.5490196 1 0.1921569 0.3686275 0.5490196 1 0.1921569 0.3686275 0.5490196 1 0.1921569 0.3686275 0.5490196 1 0.1921569 0.3686275 0.5490196 1 0.1921569 0.3686275 0.5490196 1 0.1921569 0.3686275 0.5490196 1 0.1921569 0.3686275 0.5490196 1 0.1921569 0.3686275 0.5490196 1 0.1921569 0.3686275 0.5490196 1 0.1921569 0.3686275 0.5490196 1 0.1921569 0.3686275 0.5490196 1 0.1921569 0.3686275 0.5490196 1 0.1921569 0.3686275 0.5490196 1 0.1921569 0.3686275 0.5490196 1 0.1921569 0.3686275 0.5490196 1 0.1921569 0.3686275 0.5490196 1 0.1921569 0.3686275 0.5490196 1 0.1921569 0.3686275 0.5490196 1 0.1921569 0.3686275 0.5490196 1 0.1921569 0.3686275 0.5490196 1 0.1921569 0.3686275 0.5490196 1 0.1921569 0.3686275 0.5490196 1 0.1921569 0.3686275 0.5490196 1 0.1921569 0.3686275 0.5490196 1 0.1921569 0.3686275 0.5490196 1 0.1921569 0.3686275 0.5490196 1 0.1921569 0.3686275 0.5490196 1 0.1921569 0.3686275 0.5490196 1 0.1921569 0.3686275 0.5490196 1 0.1921569 0.3686275 0.5490196 1 0.1921569 0.3686275 0.5490196 1 0.1921569 0.3686275 0.5490196 1 0.1921569 0.3686275 0.5490196 1 0.1921569 0.3686275 0.5490196 1 0.1921569 0.3686275 0.5490196 1 0.1921569 0.3686275 0.5490196 1 0.1921569 0.3686275 0.5490196 1 0.1921569 0.3686275 0.5490196 1 0.1921569 0.3686275 0.5490196 1 0.1921569 0.3686275 0.5490196 1 0.1921569 0.3686275 0.5490196 1 0.1921569 0.3686275 0.5490196 1 0.1921569 0.3686275 0.5490196 1 0.1921569 0.3686275 0.5490196 1 0.1921569 0.3686275 0.5490196 1 0.1921569 0.3686275 0.5490196 1 0.1921569 0.3686275 0.5490196 1 0.1921569 0.3686275 0.5490196 1 0.1921569 0.3686275 0.5490196 1 0.1921569 0.3686275 0.5490196 1 0.1921569 0.3686275 0.5490196 1 0.1921569 0.3686275 0.5490196 1 0.1921569 0.3686275 0.5490196 1 0.1921569 0.3686275 0.5490196 1 0.1921569 0.3686275 0.5490196 1 0.1921569 0.3686275 0.5490196 1 0.1921569 0.3686275 0.5490196 1 0.1921569 0.3686275 0.5490196 1 0.1921569 0.3686275 0.5490196 1 0.1921569 0.3686275 0.5490196 1 0.1921569 0.3686275 0.5490196 1 0.1921569 0.3686275 0.5490196 1 0.1921569 0.3686275 0.5490196 1 0.1921569 0.3686275 0.5490196 1 0.1921569 0.3686275 0.5490196 1 0.1921569 0.3686275 0.5490196 1 0.1921569 0.3686275 0.5490196 1 0.1921569 0.3686275 0.5490196 1 0.1921569 0.3686275 0.5490196 1 0.1921569 0.3686275 0.5490196 1 0.1921569 0.3686275 0.5490196 1 0.1921569 0.3686275 0.5490196 1 0.1921569 0.3686275 0.5490196 1 0.1921569 0.3686275 0.5490196 1 0.1921569 0.3686275 0.5490196 1 0.1921569 0.3686275 0.5490196 1 0.1921569 0.3686275 0.5490196 1 0.1921569 0.3686275 0.5490196 1 0.1921569 0.3686275 0.5490196 1 0.1921569 0.3686275 0.5490196 1 0.1921569 0.3686275 0.5490196 1 0.1921569 0.3686275 0.5490196 1 0.1921569 0.3686275 0.5490196 1 0.1921569 0.3686275 0.5490196 1 0.1921569 0.3686275 0.5490196 1 0.1921569 0.3686275 0.5490196 1 0.1921569 0.3686275 0.5490196 1 0.1921569 0.3686275 0.5490196 1 0.1921569 0.3686275 0.5490196 1 0.1921569 0.3686275 0.5490196 1 0.1921569 0.3686275 0.5490196 1 0.1921569 0.3686275 0.5490196 1 0.1921569 0.3686275 0.5490196 1 0.1921569 0.3686275 0.5490196 1 0.1921569 0.3686275 0.5490196 1 0.1921569 0.3686275 0.5490196 1 0.1921569 0.3686275 0.5490196 1 0.1921569 0.3686275 0.5490196 1 0.1921569 0.3686275 0.5490196 1 0.1921569 0.3686275 0.5490196 1 0.1921569 0.3686275 0.5490196 1 0.1921569 0.3686275 0.5490196 1 0.1921569 0.3686275 0.5490196 1 0.1921569 0.3686275 0.5490196 1 0.1921569 0.3686275 0.5490196 1 0.1921569 0.3686275 0.5490196 1 0.1921569 0.3686275 0.5490196 1 0.1921569 0.3686275 0.5490196 1 0.1921569 0.3686275 0.5490196 1 0.1921569 0.3686275 0.5490196 1 0.1921569 0.3686275 0.5490196 1 0.1921569 0.3686275 0.5490196 1 0.1921569 0.3686275 0.5490196 1 0.1921569 0.3686275 0.5490196 1 0.1921569 0.3686275 0.5490196 1 0.1921569 0.3686275 0.5490196 1 0.1921569 0.3686275 0.5490196 1 0.1921569 0.3686275 0.5490196 1 0.1921569 0.3686275 0.5490196 1 0.1921569 0.3686275 0.5490196 1 0.1921569 0.3686275 0.5490196 1 0.1921569 0.3686275 0.5490196 1 0.1921569 0.3686275 0.5490196 1 0.1921569 0.3686275 0.5490196 1 0.1921569 0.3686275 0.5490196 1 0.1921569 0.3686275 0.5490196 1 0.1921569 0.3686275 0.5490196 1 0.1921569 0.3686275 0.5490196 1 0.1921569 0.3686275 0.5490196 1 0.1921569 0.3686275 0.5490196 1 0.1921569 0.3686275 0.5490196 1 0.1921569 0.3686275 0.5490196 1 0.1921569 0.3686275 0.5490196 1 0.1921569 0.3686275 0.5490196 1 0.1921569 0.3686275 0.5490196 1 0.1921569 0.3686275 0.5490196 1 0.1921569 0.3686275 0.5490196 1 0.1921569 0.3686275 0.5490196 1 0.1921569 0.3686275 0.5490196 1 0.1921569 0.3686275 0.5490196 1 0.1921569 0.3686275 0.5490196 1 0.1921569 0.3686275 0.5490196 1 0.1921569 0.3686275 0.5490196 1 0.1921569 0.3686275 0.5490196 1 0.1921569 0.3686275 0.5490196 1 0.1921569 0.3686275 0.5490196 1 0.1921569 0.3686275 0.5490196 1 0.1921569 0.3686275 0.5490196 1 0.1921569 0.3686275 0.5490196 1 0.1921569 0.3686275 0.5490196 1 0.1921569 0.3686275 0.5490196 1 0.1921569 0.3686275 0.5490196 1 0.1921569 0.3686275 0.5490196 1 0.1921569 0.3686275 0.5490196 1 0.1921569 0.3686275 0.5490196 1 0.1921569 0.3686275 0.5490196 1 0.1921569 0.3686275 0.5490196 1 0.1921569 0.3686275 0.5490196 1 0.1921569 0.3686275 0.5490196 1 0.1921569 0.3686275 0.5490196 1 0.1921569 0.3686275 0.5490196 1 0.1921569 0.3686275 0.5490196 1 0.1921569 0.3686275 0.5490196 1 0.1921569 0.3686275 0.5490196 1 0.1921569 0.3686275 0.5490196 1 0.1921569 0.3686275 0.5490196 1 0.1921569 0.3686275 0.5490196 1 0.1921569 0.3686275 0.5490196 1 0.1921569 0.3686275 0.5490196 1 0.1921569 0.3686275 0.5490196 1 0.1921569 0.3686275 0.5490196 1 0.1921569 0.3686275 0.5490196 1 0.1921569 0.3686275 0.5490196 1 0.1921569 0.3686275 0.5490196 1 0.1921569 0.3686275 0.5490196 1 0.1921569 0.3686275 0.5490196 1 0.1921569 0.3686275 0.5490196 1 0.1921569 0.3686275 0.5490196 1 0.1921569 0.3686275 0.5490196 1 0.1921569 0.3686275 0.5490196 1 0.1921569 0.3686275 0.5490196 1 0.1921569 0.3686275 0.5490196 1 0.1921569 0.3686275 0.5490196 1 0.1921569 0.3686275 0.5490196 1 0.1921569 0.3686275 0.5490196 1 0.1921569 0.3686275 0.5490196 1 0.1921569 0.3686275 0.5490196 1 0.1921569 0.3686275 0.5490196 1 0.1921569 0.3686275 0.5490196 1 0.1921569 0.3686275 0.5490196 1 0.1921569 0.3686275 0.5490196 1 0.1921569 0.3686275 0.5490196 1 0.1921569 0.3686275 0.5490196 1 0.1921569 0.3686275 0.5490196 1 0.1921569 0.3686275 0.5490196 1 0.1921569 0.3686275 0.5490196 1 0.1921569 0.3686275 0.5490196 1 0.1921569 0.3686275 0.5490196 1 0.1921569 0.3686275 0.5490196 1 0.1921569 0.3686275 0.5490196 1 0.1921569 0.3686275 0.5490196 1 0.1921569 0.3686275 0.5490196 1 0.1921569 0.3686275 0.5490196 1 0.1921569 0.3686275 0.5490196 1 0.1921569 0.3686275 0.5490196 1 0.1921569 0.3686275 0.5490196 1 0.1921569 0.3686275 0.5490196 1 0.1921569 0.3686275 0.5490196 1 0.1921569 0.3686275 0.5490196 1 0.1921569 0.3686275 0.5490196 1 0.1921569 0.3686275 0.5490196 1 0.1921569 0.3686275 0.5490196 1 0.1921569 0.3686275 0.5490196 1 0.1921569 0.3686275 0.5490196 1 0.1921569 0.3686275 0.5490196 1 0.1921569 0.3686275 0.5490196 1 0.1921569 0.3686275 0.5490196 1 0.1921569 0.3686275 0.5490196 1 0.1921569 0.3686275 0.5490196 1 0.1921569 0.3686275 0.5490196 1 0.1921569 0.3686275 0.5490196 1 0.1921569 0.3686275 0.5490196 1 0.1921569 0.3686275 0.5490196 1 0.1921569 0.3686275 0.5490196 1 0.1921569 0.3686275 0.5490196 1 0.1921569 0.3686275 0.5490196 1 0.1921569 0.3686275 0.5490196 1 0.1921569 0.3686275 0.5490196 1 0.1921569 0.3686275 0.5490196 1 0.1921569 0.3686275 0.5490196 1 0.1921569 0.3686275 0.5490196 1 0.1921569 0.3686275 0.5490196 1 0.1921569 0.3686275 0.5490196 1 0.1921569 0.3686275 0.5490196 1 0.1921569 0.3686275 0.5490196 1 0.1921569 0.3686275 0.5490196 1 0.1921569 0.3686275 0.5490196 1 0.1921569 0.3686275 0.5490196 1 0.1921569 0.3686275 0.5490196 1 0.1921569 0.3686275 0.5490196 1 0.1921569 0.3686275 0.5490196 1 0.1921569 0.3686275 0.5490196 1 0.1921569 0.3686275 0.5490196 1 0.1921569 0.3686275 0.5490196 1 0.1921569 0.3686275 0.5490196 1 0.1921569 0.3686275 0.5490196 1 0.1921569 0.3686275 0.5490196 1 0.1921569 0.3686275 0.5490196 1 0.1921569 0.3686275 0.5490196 1 0.1921569 0.3686275 0.5490196 1 0.1921569 0.3686275 0.5490196 1 0.1921569 0.3686275 0.5490196 1 0.1921569 0.3686275 0.5490196 1 0.1921569 0.3686275 0.5490196 1 0.1921569 0.3686275 0.5490196 1 0.1921569 0.3686275 0.5490196 1 0.1921569 0.3686275 0.5490196 1 0.1921569 0.3686275 0.5490196 1 0.1921569 0.3686275 0.5490196 1 0.1921569 0.3686275 0.5490196 1 0.1921569 0.3686275 0.5490196 1 0.1921569 0.3686275 0.5490196 1 0.1921569 0.3686275 0.5490196 1 0.1921569 0.3686275 0.5490196 1 0.1921569 0.3686275 0.5490196 1 0.1921569 0.3686275 0.5490196 1 0.1921569 0.3686275 0.5490196 1 0.1921569 0.3686275 0.5490196 1 0.1921569 0.3686275 0.5490196 1 0.1921569 0.3686275 0.5490196 1 0.1921569 0.3686275 0.5490196 1 0.1921569 0.3686275 0.5490196 1 0.1921569 0.3686275 0.5490196 1 0.1921569 0.3686275 0.5490196 1 0.1921569 0.3686275 0.5490196 1 0.1921569 0.3686275 0.5490196 1 0.1921569 0.3686275 0.5490196 1 0.1921569 0.3686275 0.5490196 1 0.1921569 0.3686275 0.5490196 1 0.1921569 0.3686275 0.5490196 1 0.1921569 0.3686275 0.5490196 1 0.1921569 0.3686275 0.5490196 1 0.1921569 0.3686275 0.5490196 1 0.1921569 0.3686275 0.5490196 1 0.1921569 0.3686275 0.5490196 1 0.1921569 0.3686275 0.5490196 1 0.1921569 0.3686275 0.5490196 1 0.1921569 0.3686275 0.5490196 1 0.1921569 0.3686275 0.5490196 1 0.1921569 0.3686275 0.5490196 1 0.1921569 0.3686275 0.5490196 1 0.1921569 0.3686275 0.5490196 1 0.1921569 0.3686275 0.5490196 1 0.1921569 0.3686275 0.5490196 1 0.1921569 0.3686275 0.5490196 1 0.1921569 0.3686275 0.5490196 1 0.1921569 0.3686275 0.5490196 1 0.1921569 0.3686275 0.5490196 1 0.1921569 0.3686275 0.5490196 1 0.1921569 0.3686275 0.5490196 1 0.1921569 0.3686275 0.5490196 1 0.1921569 0.3686275 0.5490196 1 0.1921569 0.3686275 0.5490196 1 0.1921569 0.3686275 0.5490196 1 0.1921569 0.3686275 0.5490196 1 0.1921569 0.3686275 0.5490196 1 0.1921569 0.3686275 0.5490196 1 0.1921569 0.3686275 0.5490196 1 0.1921569 0.3686275 0.5490196 1 0.1921569 0.3686275 0.5490196 1 0.1921569 0.3686275 0.5490196 1 0.1921569 0.3686275 0.5490196 1 0.1921569 0.3686275 0.5490196 1 0.1921569 0.3686275 0.5490196 1 0.1921569 0.3686275 0.5490196 1 0.1921569 0.3686275 0.5490196 1 0.1921569 0.3686275 0.5490196 1 0.1921569 0.3686275 0.5490196 1 0.1921569 0.3686275 0.5490196 1 0.1921569 0.3686275 0.5490196 1 0.1921569 0.3686275 0.5490196 1 0.1921569 0.3686275 0.5490196 1 0.1921569 0.3686275 0.5490196 1 0.1921569 0.3686275 0.5490196 1 0.1921569 0.3686275 0.5490196 1 0.1921569 0.3686275 0.5490196 1 0.1921569 0.3686275 0.5490196 1 0.1921569 0.3686275 0.5490196 1 0.1921569 0.3686275 0.5490196 1 0.1921569 0.3686275 0.5490196 1 0.1921569 0.3686275 0.5490196 1 0.1921569 0.3686275 0.5490196 1 0.1921569 0.3686275 0.5490196 1 0.1921569 0.3686275 0.5490196 1 0.1921569 0.3686275 0.5490196 1 0.1921569 0.3686275 0.5490196 1 0.1921569 0.3686275 0.5490196 1 0.1921569 0.3686275 0.5490196 1 0.1921569 0.3686275 0.5490196 1 0.1921569 0.3686275 0.5490196 1 0.1921569 0.3686275 0.5490196 1 0.1921569 0.3686275 0.5490196 1 0.1921569 0.3686275 0.5490196 1 0.1921569 0.3686275 0.5490196 1 0.1921569 0.3686275 0.5490196 1 0.1921569 0.3686275 0.5490196 1 0.1921569 0.3686275 0.5490196 1 0.1921569 0.3686275 0.5490196 1 0.1921569 0.3686275 0.5490196 1 0.1921569 0.3686275 0.5490196 1 0.1921569 0.3686275 0.5490196 1 0.1921569 0.3686275 0.5490196 1 0.1921569 0.3686275 0.5490196 1 0.1921569 0.3686275 0.5490196 1 0.1921569 0.3686275 0.5490196 1 0.1921569 0.3686275 0.5490196 1 0.1921569 0.3686275 0.5490196 1 0.1921569 0.3686275 0.5490196 1 0.1921569 0.3686275 0.5490196 1 0.1921569 0.3686275 0.5490196 1 0.1921569 0.3686275 0.5490196 1 0.1921569 0.3686275 0.5490196 1 0.1921569 0.3686275 0.5490196 1 0.1921569 0.3686275 0.5490196 1 0.1921569 0.3686275 0.5490196 1 0.1921569 0.3686275 0.5490196 1 0.1921569 0.3686275 0.5490196 1 0.1921569 0.3686275 0.5490196 1 0.1921569 0.3686275 0.5490196 1 0.1921569 0.3686275 0.5490196 1 0.1921569 0.3686275 0.5490196 1 0.1921569 0.3686275 0.5490196 1 0.1921569 0.3686275 0.5490196 1 0.1921569 0.3686275 0.5490196 1 0.1921569 0.3686275 0.5490196 1 0.1921569 0.3686275 0.5490196 1 0.1921569 0.3686275 0.5490196 1 0.1921569 0.3686275 0.5490196 1 0.1921569 0.3686275 0.5490196 1 0.1921569 0.3686275 0.5490196 1 0.1921569 0.3686275 0.5490196 1 0.1921569 0.3686275 0.5490196 1 0.1921569 0.3686275 0.5490196 1 0.1921569 0.3686275 0.5490196 1 0.1921569 0.3686275 0.5490196 1 0.1921569 0.3686275 0.5490196 1 0.1921569 0.3686275 0.5490196 1 0.1921569 0.3686275 0.5490196 1 0.1921569 0.3686275 0.5490196 1 0.1921569 0.3686275 0.5490196 1 0.1921569 0.3686275 0.5490196 1 0.1921569 0.3686275 0.5490196 1 0.1921569 0.3686275 0.5490196 1 0.1921569 0.3686275 0.5490196 1 0.1921569 0.3686275 0.5490196 1 0.1921569 0.3686275 0.5490196 1 0.1921569 0.3686275 0.5490196 1 0.1921569 0.3686275 0.5490196 1 0.1921569 0.3686275 0.5490196 1 0.1921569 0.3686275 0.5490196 1 0.1921569 0.3686275 0.5490196 1 0.1921569 0.3686275 0.5490196 1 0.1921569 0.3686275 0.5490196 1 0.1921569 0.3686275 0.5490196 1 0.1921569 0.3686275 0.5490196 1 0.1921569 0.3686275 0.5490196 1 0.1921569 0.3686275 0.5490196 1 0.1921569 0.3686275 0.5490196 1 0.1921569 0.3686275 0.5490196 1 0.1921569 0.3686275 0.5490196 1 0.1921569 0.3686275 0.5490196 1 0.1921569 0.3686275 0.5490196 1 0.1921569 0.3686275 0.5490196 1 0.1921569 0.3686275 0.5490196 1 0.1921569 0.3686275 0.5490196 1 0.1921569 0.3686275 0.5490196 1 0.1921569 0.3686275 0.5490196 1 0.1921569 0.3686275 0.5490196 1 0.1921569 0.3686275 0.5490196 1 0.1921569 0.3686275 0.5490196 1 0.1921569 0.3686275 0.5490196 1 0.1921569 0.3686275 0.5490196 1 0.1921569 0.3686275 0.5490196 1 0.5490196 0.2196078 0.09019608 1 0.5490196 0.2196078 0.09019608 1 0.5490196 0.2196078 0.09019608 1 0.5490196 0.2196078 0.09019608 1 0.5490196 0.2196078 0.09019608 1 0.5490196 0.2196078 0.09019608 1 0.5490196 0.2196078 0.09019608 1 0.5490196 0.2196078 0.09019608 1 0.5019608 0.5019608 0.5019608 1 0.5019608 0.5019608 0.5019608 1 0.5019608 0.5019608 0.5019608 1 0.5019608 0.5019608 0.5019608 1 0.5019608 0.5019608 0.5019608 1 0.5019608 0.5019608 0.5019608 1 0.5019608 0.5019608 0.5019608 1 0.5019608 0.5019608 0.5019608 1 0.5019608 0.5019608 0.5019608 1 0.5019608 0.5019608 0.5019608 1 0.5019608 0.5019608 0.5019608 1 0.5019608 0.5019608 0.5019608 1 0.5019608 0.5019608 0.5019608 1 0.5019608 0.5019608 0.5019608 1 0.5019608 0.5019608 0.5019608 1 0.5019608 0.5019608 0.5019608 1 0.5019608 0.5019608 0.5019608 1 0.5019608 0.5019608 0.5019608 1 0.5019608 0.5019608 0.5019608 1 0.5019608 0.5019608 0.5019608 1 0.5019608 0.5019608 0.5019608 1 0.5019608 0.5019608 0.5019608 1 0.5019608 0.5019608 0.5019608 1 0.5019608 0.5019608 0.5019608 1 0.5019608 0.5019608 0.5019608 1 0.5019608 0.5019608 0.5019608 1 0.5019608 0.5019608 0.5019608 1 0.5019608 0.5019608 0.5019608 1 0.5019608 0.5019608 0.5019608 1 0.5019608 0.5019608 0.5019608 1 0.5019608 0.5019608 0.5019608 1 0.5019608 0.5019608 0.5019608 1 0.5019608 0.5019608 0.5019608 1 0.5019608 0.5019608 0.5019608 1 0.5019608 0.5019608 0.5019608 1 0.5019608 0.5019608 0.5019608 1 0.5019608 0.5019608 0.5019608 1 0.5019608 0.5019608 0.5019608 1 0.5019608 0.5019608 0.5019608 1 0.5019608 0.5019608 0.5019608 1 0.5019608 0.5019608 0.5019608 1 0.5019608 0.5019608 0.5019608 1 0.5019608 0.5019608 0.5019608 1 0.5019608 0.5019608 0.5019608 1 0.5019608 0.5019608 0.5019608 1 0.5019608 0.5019608 0.5019608 1 0.5019608 0.5019608 0.5019608 1 0.5019608 0.5019608 0.5019608 1 0.5019608 0.5019608 0.5019608 1 0.5019608 0.5019608 0.5019608 1 0.5019608 0.5019608 0.5019608 1 0.5019608 0.5019608 0.5019608 1 0.5019608 0.5019608 0.5019608 1 0.5019608 0.5019608 0.5019608 1 0.5019608 0.5019608 0.5019608 1 0.5019608 0.5019608 0.5019608 1 0.5019608 0.5019608 0.5019608 1 0.5019608 0.5019608 0.5019608 1 0.5019608 0.5019608 0.5019608 1 0.5019608 0.5019608 0.5019608 1 0.5019608 0.5019608 0.5019608 1 0.5019608 0.5019608 0.5019608 1 0.5019608 0.5019608 0.5019608 1 0.5019608 0.5019608 0.5019608 1 0.5019608 0.5019608 0.5019608 1 0.5019608 0.5019608 0.5019608 1 0.5019608 0.5019608 0.5019608 1 0.5019608 0.5019608 0.5019608 1 0.454902 0.4196078 0.3882353 1 0.454902 0.4196078 0.3882353 1 0.454902 0.4196078 0.3882353 1 0.454902 0.4196078 0.3882353 1 0.454902 0.4196078 0.3882353 1 0.454902 0.4196078 0.3882353 1 0.454902 0.4196078 0.3882353 1 0.454902 0.4196078 0.3882353 1 0.454902 0.4196078 0.3882353 1 0.454902 0.4196078 0.3882353 1 0.454902 0.4196078 0.3882353 1 0.454902 0.4196078 0.3882353 1 0.454902 0.4196078 0.3882353 1 0.454902 0.4196078 0.3882353 1 0.454902 0.4196078 0.3882353 1 0.454902 0.4196078 0.3882353 1 0.454902 0.4196078 0.3882353 1 0.454902 0.4196078 0.3882353 1 0.454902 0.4196078 0.3882353 1 0.454902 0.4196078 0.3882353 1 0.454902 0.4196078 0.3882353 1 0.454902 0.4196078 0.3882353 1 0.454902 0.4196078 0.3882353 1 0.454902 0.4196078 0.3882353 1 0.454902 0.4196078 0.3882353 1 0.454902 0.4196078 0.3882353 1 0.454902 0.4196078 0.3882353 1 0.454902 0.4196078 0.3882353 1 0.454902 0.4196078 0.3882353 1 0.454902 0.4196078 0.3882353 1 0.454902 0.4196078 0.3882353 1 0.454902 0.4196078 0.3882353 1 0.454902 0.4196078 0.3882353 1 0.454902 0.4196078 0.3882353 1 0.454902 0.4196078 0.3882353 1 0.454902 0.4196078 0.3882353 1 0.454902 0.4196078 0.3882353 1 0.454902 0.4196078 0.3882353 1 0.454902 0.4196078 0.3882353 1 0.454902 0.4196078 0.3882353 1 0.454902 0.4196078 0.3882353 1 0.454902 0.4196078 0.3882353 1 0.454902 0.4196078 0.3882353 1 0.454902 0.4196078 0.3882353 1 0.454902 0.4196078 0.3882353 1 0.454902 0.4196078 0.3882353 1 0.454902 0.4196078 0.3882353 1 0.454902 0.4196078 0.3882353 1 0.454902 0.4196078 0.3882353 1 0.454902 0.4196078 0.3882353 1 0.454902 0.4196078 0.3882353 1 0.454902 0.4196078 0.3882353 1 0.454902 0.4196078 0.3882353 1 0.454902 0.4196078 0.3882353 1 0.454902 0.4196078 0.3882353 1 0.454902 0.4196078 0.3882353 1 0.454902 0.4196078 0.3882353 1 0.454902 0.4196078 0.3882353 1 0.454902 0.4196078 0.3882353 1 0.454902 0.4196078 0.3882353 1 0.454902 0.4196078 0.3882353 1 0.454902 0.4196078 0.3882353 1 0.454902 0.4196078 0.3882353 1 0.454902 0.4196078 0.3882353 1 0.454902 0.4196078 0.3882353 1 0.454902 0.4196078 0.3882353 1 0.454902 0.4196078 0.3882353 1 0.454902 0.4196078 0.3882353 1 0.5019608 0.5019608 0.5019608 1 0.5019608 0.5019608 0.5019608 1 0.5019608 0.5019608 0.5019608 1 0.5019608 0.5019608 0.5019608 1 0.5019608 0.5019608 0.5019608 1 0.5019608 0.5019608 0.5019608 1 0.5019608 0.5019608 0.5019608 1 0.5019608 0.5019608 0.5019608 1 0.5019608 0.5019608 0.5019608 1 0.5019608 0.5019608 0.5019608 1 0.5019608 0.5019608 0.5019608 1 0.5019608 0.5019608 0.5019608 1 0.5019608 0.5019608 0.5019608 1 0.5019608 0.5019608 0.5019608 1 0.5019608 0.5019608 0.5019608 1 0.5019608 0.5019608 0.5019608 1 0.5019608 0.5019608 0.5019608 1 0.5019608 0.5019608 0.5019608 1 0.5019608 0.5019608 0.5019608 1 0.5019608 0.5019608 0.5019608 1 0.5019608 0.5019608 0.5019608 1 0.5019608 0.5019608 0.5019608 1 0.5019608 0.5019608 0.5019608 1 0.5019608 0.5019608 0.5019608 1 0.5019608 0.5019608 0.5019608 1 0.5019608 0.5019608 0.5019608 1 0.5019608 0.5019608 0.5019608 1 0.5019608 0.5019608 0.5019608 1 0.5019608 0.5019608 0.5019608 1 0.5019608 0.5019608 0.5019608 1 0.5019608 0.5019608 0.5019608 1 0.5019608 0.5019608 0.5019608 1 0.5019608 0.5019608 0.5019608 1 0.5019608 0.5019608 0.5019608 1 0.5019608 0.5019608 0.5019608 1 0.5019608 0.5019608 0.5019608 1 0.5019608 0.5019608 0.5019608 1 0.5019608 0.5019608 0.5019608 1 0.5019608 0.5019608 0.5019608 1 0.5019608 0.5019608 0.5019608 1 0.5019608 0.5019608 0.5019608 1 0.5019608 0.5019608 0.5019608 1 0.5019608 0.5019608 0.5019608 1 0.5019608 0.5019608 0.5019608 1 0.5019608 0.5019608 0.5019608 1 0.5019608 0.5019608 0.5019608 1 0.5019608 0.5019608 0.5019608 1 0.5019608 0.5019608 0.5019608 1 0.5019608 0.5019608 0.5019608 1 0.5019608 0.5019608 0.5019608 1 0.5019608 0.5019608 0.5019608 1 0.5019608 0.5019608 0.5019608 1 0.5019608 0.5019608 0.5019608 1 0.5019608 0.5019608 0.5019608 1 0.5019608 0.5019608 0.5019608 1 0.5019608 0.5019608 0.5019608 1 0.5019608 0.5019608 0.5019608 1 0.5019608 0.5019608 0.5019608 1 0.5019608 0.5019608 0.5019608 1 0.5019608 0.5019608 0.5019608 1 0.5019608 0.5019608 0.5019608 1 0.5019608 0.5019608 0.5019608 1 0.5019608 0.5019608 0.5019608 1 0.5019608 0.5019608 0.5019608 1 0.5019608 0.5019608 0.5019608 1 0.5019608 0.5019608 0.5019608 1 0.5019608 0.5019608 0.5019608 1 0.5019608 0.5019608 0.5019608 1 0.5019608 0.5019608 0.5019608 1 0.5019608 0.5019608 0.5019608 1 0.5019608 0.5019608 0.5019608 1 0.5019608 0.5019608 0.5019608 1 0.5019608 0.5019608 0.5019608 1 0.5019608 0.5019608 0.5019608 1 0.5019608 0.5019608 0.5019608 1 0.5019608 0.5019608 0.5019608 1 0.5019608 0.5019608 0.5019608 1 0.5019608 0.5019608 0.5019608 1 0.5019608 0.5019608 0.5019608 1 0.5019608 0.5019608 0.5019608 1 0.5019608 0.5019608 0.5019608 1 0.5019608 0.5019608 0.5019608 1 0.5019608 0.5019608 0.5019608 1 0.5019608 0.5019608 0.5019608 1 0.5019608 0.5019608 0.5019608 1 0.5019608 0.5019608 0.5019608 1 0.5019608 0.5019608 0.5019608 1 0.5019608 0.5019608 0.5019608 1 0.5019608 0.5019608 0.5019608 1 0.5019608 0.5019608 0.5019608 1 0.5019608 0.5019608 0.5019608 1 0.5019608 0.5019608 0.5019608 1 0.5019608 0.5019608 0.5019608 1 0.5019608 0.5019608 0.5019608 1 0.5019608 0.5019608 0.5019608 1 0.5019608 0.5019608 0.5019608 1 0.5019608 0.5019608 0.5019608 1 0.5019608 0.5019608 0.5019608 1 0.5019608 0.5019608 0.5019608 1 0.5019608 0.5019608 0.5019608 1 0.5019608 0.5019608 0.5019608 1 0.5019608 0.5019608 0.5019608 1 0.5019608 0.5019608 0.5019608 1 0.5019608 0.5019608 0.5019608 1 0.5019608 0.5019608 0.5019608 1 0.5019608 0.5019608 0.5019608 1 0.5019608 0.5019608 0.5019608 1 0.5019608 0.5019608 0.5019608 1 0.5019608 0.5019608 0.5019608 1 0.5019608 0.5019608 0.5019608 1 0.5019608 0.5019608 0.5019608 1 0.5019608 0.5019608 0.5019608 1 0.5019608 0.5019608 0.5019608 1 0.5019608 0.5019608 0.5019608 1 0.5019608 0.5019608 0.5019608 1 0.5019608 0.5019608 0.5019608 1 0.5019608 0.5019608 0.5019608 1 0.5019608 0.5019608 0.5019608 1 0.5019608 0.5019608 0.5019608 1 0.5019608 0.5019608 0.5019608 1 0.5019608 0.5019608 0.5019608 1 0.5019608 0.5019608 0.5019608 1 0.5019608 0.5019608 0.5019608 1 0.5019608 0.5019608 0.5019608 1 0.5019608 0.5019608 0.5019608 1 0.5019608 0.5019608 0.5019608 1 0.5019608 0.5019608 0.5019608 1 0.5019608 0.5019608 0.5019608 1 0.5019608 0.5019608 0.5019608 1 0.5019608 0.5019608 0.5019608 1 0.5019608 0.5019608 0.5019608 1 0.5019608 0.5019608 0.5019608 1 0.5019608 0.5019608 0.5019608 1 0.5019608 0.5019608 0.5019608 1 0.5019608 0.5019608 0.5019608 1 0.5019608 0.5019608 0.5019608 1 0.5019608 0.5019608 0.5019608 1 0.5019608 0.5019608 0.5019608 1 0.454902 0.4196078 0.3882353 1 0.454902 0.4196078 0.3882353 1 0.454902 0.4196078 0.3882353 1 0.454902 0.4196078 0.3882353 1 0.454902 0.4196078 0.3882353 1 0.454902 0.4196078 0.3882353 1 0.454902 0.4196078 0.3882353 1 0.454902 0.4196078 0.3882353 1 0.454902 0.4196078 0.3882353 1 0.454902 0.4196078 0.3882353 1 0.454902 0.4196078 0.3882353 1 0.454902 0.4196078 0.3882353 1 0.454902 0.4196078 0.3882353 1 0.454902 0.4196078 0.3882353 1 0.454902 0.4196078 0.3882353 1 0.454902 0.4196078 0.3882353 1 0.5490196 0.2196078 0.09019608 1 0.5490196 0.2196078 0.09019608 1 0.5490196 0.2196078 0.09019608 1 0.5490196 0.2196078 0.09019608 1 0.5490196 0.2196078 0.09019608 1 0.5490196 0.2196078 0.09019608 1 0.5490196 0.2196078 0.09019608 1 0.5490196 0.2196078 0.09019608 1 0.5490196 0.2196078 0.09019608 1 0.5490196 0.2196078 0.09019608 1 0.5490196 0.2196078 0.09019608 1 0.5490196 0.2196078 0.09019608 1 0.5490196 0.2196078 0.09019608 1 0.5490196 0.2196078 0.09019608 1 0.5490196 0.2196078 0.09019608 1 0.5490196 0.2196078 0.09019608 1 0.5490196 0.2196078 0.09019608 1 0.5490196 0.2196078 0.09019608 1 0.5490196 0.2196078 0.09019608 1 0.5490196 0.2196078 0.09019608 1 0.5490196 0.2196078 0.09019608 1 0.5490196 0.2196078 0.09019608 1 0.5490196 0.2196078 0.09019608 1 0.5490196 0.2196078 0.09019608 1 0.5490196 0.2196078 0.09019608 1 0.5490196 0.2196078 0.09019608 1 0.5490196 0.2196078 0.09019608 1 0.5490196 0.2196078 0.09019608 1 0.5490196 0.2196078 0.09019608 1 0.5490196 0.2196078 0.09019608 1 0.5490196 0.2196078 0.09019608 1 0.5490196 0.2196078 0.09019608 1 0.5490196 0.2196078 0.09019608 1 0.5490196 0.2196078 0.09019608 1 0.5490196 0.2196078 0.09019608 1 0.5490196 0.2196078 0.09019608 1 0.5490196 0.2196078 0.09019608 1 0.5490196 0.2196078 0.09019608 1 0.5490196 0.2196078 0.09019608 1 0.5490196 0.2196078 0.09019608 1 0.5490196 0.2196078 0.09019608 1 0.5490196 0.2196078 0.09019608 1 0.5490196 0.2196078 0.09019608 1 0.5490196 0.2196078 0.09019608 1 0.5490196 0.2196078 0.09019608 1 0.5490196 0.2196078 0.09019608 1 0.5490196 0.2196078 0.09019608 1 0.5490196 0.2196078 0.09019608 1 0.1921569 0.3686275 0.5490196 1 0.1921569 0.3686275 0.5490196 1 0.1921569 0.3686275 0.5490196 1 0.1921569 0.3686275 0.5490196 1 0.1921569 0.3686275 0.5490196 1 0.1921569 0.3686275 0.5490196 1 0.1921569 0.3686275 0.5490196 1 0.1921569 0.3686275 0.5490196 1 0.1921569 0.3686275 0.5490196 1 0.1921569 0.3686275 0.5490196 1 0.1921569 0.3686275 0.5490196 1 0.1921569 0.3686275 0.5490196 1 0.1921569 0.3686275 0.5490196 1 0.1921569 0.3686275 0.5490196 1 0.1921569 0.3686275 0.5490196 1 0.454902 0.4196078 0.3882353 1 0.454902 0.4196078 0.3882353 1 0.454902 0.4196078 0.3882353 1 0.454902 0.4196078 0.3882353 1 0.454902 0.4196078 0.3882353 1 0.454902 0.4196078 0.3882353 1 0.454902 0.4196078 0.3882353 1 0.454902 0.4196078 0.3882353 1 0.454902 0.4196078 0.3882353 1 0.454902 0.4196078 0.3882353 1 0.454902 0.4196078 0.3882353 1 0.454902 0.4196078 0.3882353 1 0.454902 0.4196078 0.3882353 1 0.454902 0.4196078 0.3882353 1 0.454902 0.4196078 0.3882353 1 0.454902 0.4196078 0.3882353 1 0.5490196 0.2196078 0.09019608 1 0.5490196 0.2196078 0.09019608 1 0.5490196 0.2196078 0.09019608 1 0.5490196 0.2196078 0.09019608 1 0.5490196 0.2196078 0.09019608 1 0.5490196 0.2196078 0.09019608 1 0.5490196 0.2196078 0.09019608 1 0.5490196 0.2196078 0.09019608 1 0.5490196 0.2196078 0.09019608 1 0.5490196 0.2196078 0.09019608 1 0.5490196 0.2196078 0.09019608 1 0.5490196 0.2196078 0.09019608 1 0.5490196 0.2196078 0.09019608 1 0.5490196 0.2196078 0.09019608 1 0.5490196 0.2196078 0.09019608 1 0.5490196 0.2196078 0.09019608 1 0.5490196 0.2196078 0.09019608 1 0.5490196 0.2196078 0.09019608 1 0.5490196 0.2196078 0.09019608 1 0.5490196 0.2196078 0.09019608 1 0.5490196 0.2196078 0.09019608 1 0.5490196 0.2196078 0.09019608 1 0.5490196 0.2196078 0.09019608 1 0.5490196 0.2196078 0.09019608 1 0.5490196 0.2196078 0.09019608 1 0.5490196 0.2196078 0.09019608 1 0.5490196 0.2196078 0.09019608 1 0.5490196 0.2196078 0.09019608 1 0.5490196 0.2196078 0.09019608 1 0.5490196 0.2196078 0.09019608 1 0.5490196 0.2196078 0.09019608 1 0.5490196 0.2196078 0.09019608 1 0.5490196 0.2196078 0.09019608 1 0.5490196 0.2196078 0.09019608 1 0.5490196 0.2196078 0.09019608 1 0.5490196 0.2196078 0.09019608 1 0.5490196 0.2196078 0.09019608 1 0.5490196 0.2196078 0.09019608 1 0.5490196 0.2196078 0.09019608 1 0.5490196 0.2196078 0.09019608 1 0.5490196 0.2196078 0.09019608 1 0.5490196 0.2196078 0.09019608 1 0.5490196 0.2196078 0.09019608 1 0.5490196 0.2196078 0.09019608 1 0.5490196 0.2196078 0.09019608 1 0.5490196 0.2196078 0.09019608 1 0.5490196 0.2196078 0.09019608 1 0.5490196 0.2196078 0.09019608 1 0.5490196 0.2196078 0.09019608 1 0.5490196 0.2196078 0.09019608 1 0.5490196 0.2196078 0.09019608 1 0.5490196 0.2196078 0.09019608 1 0.5490196 0.2196078 0.09019608 1 0.5490196 0.2196078 0.09019608 1 0.5490196 0.2196078 0.09019608 1 0.5490196 0.2196078 0.09019608 1 0.5490196 0.2196078 0.09019608 1 0.5490196 0.2196078 0.09019608 1 0.5490196 0.2196078 0.09019608 1 0.5490196 0.2196078 0.09019608 1 0.5490196 0.2196078 0.09019608 1 0.5490196 0.2196078 0.09019608 1 0.5490196 0.2196078 0.09019608 1 0.5490196 0.2196078 0.09019608 1 0.454902 0.4196078 0.3882353 1 0.454902 0.4196078 0.3882353 1 0.454902 0.4196078 0.3882353 1 0.5490196 0.2196078 0.09019608 1 0.5490196 0.2196078 0.09019608 1 0.5490196 0.2196078 0.09019608 1 0.5019608 0.5019608 0.5019608 1 0.5019608 0.5019608 0.5019608 1 0.5019608 0.5019608 0.5019608 1 0.5019608 0.5019608 0.5019608 1 0.5019608 0.5019608 0.5019608 1 0.5019608 0.5019608 0.5019608 1 0.5019608 0.5019608 0.5019608 1 0.5019608 0.5019608 0.5019608 1 0.5019608 0.5019608 0.5019608 1 0.5019608 0.5019608 0.5019608 1 0.5019608 0.5019608 0.5019608 1 0.5019608 0.5019608 0.5019608 1 0.5490196 0.2196078 0.09019608 1 0.5490196 0.2196078 0.09019608 1 0.5490196 0.2196078 0.09019608 1 0.5019608 0.5019608 0.5019608 1 0.5019608 0.5019608 0.5019608 1 0.5019608 0.5019608 0.5019608 1 0.5019608 0.5019608 0.5019608 1 0.5019608 0.5019608 0.5019608 1 0.5019608 0.5019608 0.5019608 1 0.5019608 0.5019608 0.5019608 1 0.5019608 0.5019608 0.5019608 1 0.5019608 0.5019608 0.5019608 1 0.5019608 0.5019608 0.5019608 1 0.5019608 0.5019608 0.5019608 1 0.5019608 0.5019608 0.5019608 1 0.5490196 0.2196078 0.09019608 1 0.5490196 0.2196078 0.09019608 1 0.5490196 0.2196078 0.09019608 1 0.5019608 0.5019608 0.5019608 1 0.5019608 0.5019608 0.5019608 1 0.5019608 0.5019608 0.5019608 1 0.5019608 0.5019608 0.5019608 1 0.5019608 0.5019608 0.5019608 1 0.5019608 0.5019608 0.5019608 1 0.5019608 0.5019608 0.5019608 1 0.5019608 0.5019608 0.5019608 1 0.5019608 0.5019608 0.5019608 1 0.5019608 0.5019608 0.5019608 1 0.5019608 0.5019608 0.5019608 1 0.5019608 0.5019608 0.5019608 1 0.1921569 0.3686275 0.5490196 1 0.1921569 0.3686275 0.5490196 1 0.1921569 0.3686275 0.5490196 1 0.1921569 0.3686275 0.5490196 1 0.1921569 0.3686275 0.5490196 1 0.1921569 0.3686275 0.5490196 1 0.5490196 0.2196078 0.09019608 1 0.5490196 0.2196078 0.09019608 1 0.5490196 0.2196078 0.09019608 1 0.5019608 0.5019608 0.5019608 1 0.5019608 0.5019608 0.5019608 1 0.5019608 0.5019608 0.5019608 1 0.5019608 0.5019608 0.5019608 1 0.5019608 0.5019608 0.5019608 1 0.5019608 0.5019608 0.5019608 1 0.5019608 0.5019608 0.5019608 1 0.5019608 0.5019608 0.5019608 1 0.5019608 0.5019608 0.5019608 1 0.5019608 0.5019608 0.5019608 1 0.5019608 0.5019608 0.5019608 1 0.5019608 0.5019608 0.5019608 1 0.5019608 0.5019608 0.5019608 1 0.5019608 0.5019608 0.5019608 1 0.5019608 0.5019608 0.5019608 1 0.5019608 0.5019608 0.5019608 1 0.5019608 0.5019608 0.5019608 1 0.5019608 0.5019608 0.5019608 1 0.5019608 0.5019608 0.5019608 1 0.5019608 0.5019608 0.5019608 1 0.5019608 0.5019608 0.5019608 1 0.5019608 0.5019608 0.5019608 1 0.5019608 0.5019608 0.5019608 1 0.5019608 0.5019608 0.5019608 1 0.5019608 0.5019608 0.5019608 1 0.5019608 0.5019608 0.5019608 1 0.5019608 0.5019608 0.5019608 1 0.5019608 0.5019608 0.5019608 1 0.5019608 0.5019608 0.5019608 1 0.5019608 0.5019608 0.5019608 1 0.5019608 0.5019608 0.5019608 1 0.5019608 0.5019608 0.5019608 1 0.5019608 0.5019608 0.5019608 1 0.5019608 0.5019608 0.5019608 1 0.5019608 0.5019608 0.5019608 1 0.5019608 0.5019608 0.5019608 1 0.5019608 0.5019608 0.5019608 1 0.5019608 0.5019608 0.5019608 1 0.5019608 0.5019608 0.5019608 1 0.5019608 0.5019608 0.5019608 1 0.5019608 0.5019608 0.5019608 1 0.5019608 0.5019608 0.5019608 1 0.5019608 0.5019608 0.5019608 1 0.5019608 0.5019608 0.5019608 1 0.5019608 0.5019608 0.5019608 1 0.5019608 0.5019608 0.5019608 1 0.5019608 0.5019608 0.5019608 1 0.5019608 0.5019608 0.5019608 1 0.5019608 0.5019608 0.5019608 1 0.5019608 0.5019608 0.5019608 1 0.5019608 0.5019608 0.5019608 1 0.454902 0.4196078 0.3882353 1 0.454902 0.4196078 0.3882353 1 0.454902 0.4196078 0.3882353 1 0.454902 0.4196078 0.3882353 1 0.454902 0.4196078 0.3882353 1 0.454902 0.4196078 0.3882353 1 0.454902 0.4196078 0.3882353 1 0.454902 0.4196078 0.3882353 1 0.454902 0.4196078 0.3882353 1 0.454902 0.4196078 0.3882353 1 0.454902 0.4196078 0.3882353 1 0.454902 0.4196078 0.3882353 1 0.454902 0.4196078 0.3882353 1 0.454902 0.4196078 0.3882353 1 0.454902 0.4196078 0.3882353 1 0.454902 0.4196078 0.3882353 1 0.454902 0.4196078 0.3882353 1 0.454902 0.4196078 0.3882353 1 0.454902 0.4196078 0.3882353 1 0.454902 0.4196078 0.3882353 1 0.454902 0.4196078 0.3882353 1 0.454902 0.4196078 0.3882353 1 0.454902 0.4196078 0.3882353 1 0.5019608 0.5019608 0.5019608 1 0.5019608 0.5019608 0.5019608 1 0.5019608 0.5019608 0.5019608 1 0.5019608 0.5019608 0.5019608 1 0.5019608 0.5019608 0.5019608 1 0.5019608 0.5019608 0.5019608 1 0.5019608 0.5019608 0.5019608 1 0.5019608 0.5019608 0.5019608 1 0.5019608 0.5019608 0.5019608 1 0.5019608 0.5019608 0.5019608 1 0.5019608 0.5019608 0.5019608 1 0.5019608 0.5019608 0.5019608 1 0.5019608 0.5019608 0.5019608 1 0.5019608 0.5019608 0.5019608 1 0.5019608 0.5019608 0.5019608 1 0.5019608 0.5019608 0.5019608 1 0.5019608 0.5019608 0.5019608 1 0.5019608 0.5019608 0.5019608 1 0.5019608 0.5019608 0.5019608 1 0.5019608 0.5019608 0.5019608 1 0.5019608 0.5019608 0.5019608 1 0.5019608 0.5019608 0.5019608 1 0.5019608 0.5019608 0.5019608 1 0.5019608 0.5019608 0.5019608 1 0.5019608 0.5019608 0.5019608 1 0.5019608 0.5019608 0.5019608 1 0.5019608 0.5019608 0.5019608 1 0.5019608 0.5019608 0.5019608 1 0.5019608 0.5019608 0.5019608 1 0.5019608 0.5019608 0.5019608 1 0.5019608 0.5019608 0.5019608 1 0.5019608 0.5019608 0.5019608 1 0.5019608 0.5019608 0.5019608 1 0.5019608 0.5019608 0.5019608 1 0.5019608 0.5019608 0.5019608 1 0.5019608 0.5019608 0.5019608 1 0.5019608 0.5019608 0.5019608 1 0.5019608 0.5019608 0.5019608 1 0.5019608 0.5019608 0.5019608 1 0.5019608 0.5019608 0.5019608 1 0.5019608 0.5019608 0.5019608 1 0.5019608 0.5019608 0.5019608 1 0.5019608 0.5019608 0.5019608 1 0.5019608 0.5019608 0.5019608 1 0.5019608 0.5019608 0.5019608 1 0.1921569 0.3686275 0.5490196 1 0.1921569 0.3686275 0.5490196 1 0.1921569 0.3686275 0.5490196 1 0.1921569 0.3686275 0.5490196 1 0.1921569 0.3686275 0.5490196 1 0.1921569 0.3686275 0.5490196 1 0.1921569 0.3686275 0.5490196 1 0.5019608 0.5019608 0.5019608 1 0.5019608 0.5019608 0.5019608 1 0.5019608 0.5019608 0.5019608 1 0.5019608 0.5019608 0.5019608 1 0.5019608 0.5019608 0.5019608 1 0.5019608 0.5019608 0.5019608 1 0.5019608 0.5019608 0.5019608 1 0.5019608 0.5019608 0.5019608 1 0.5019608 0.5019608 0.5019608 1 0.5019608 0.5019608 0.5019608 1 0.5019608 0.5019608 0.5019608 1 0.5019608 0.5019608 0.5019608 1 0.5019608 0.5019608 0.5019608 1 0.5019608 0.5019608 0.5019608 1 0.5019608 0.5019608 0.5019608 1 0.5019608 0.5019608 0.5019608 1 0.5019608 0.5019608 0.5019608 1 0.5019608 0.5019608 0.5019608 1 0.5019608 0.5019608 0.5019608 1 0.5019608 0.5019608 0.5019608 1 0.5019608 0.5019608 0.5019608 1 0.5019608 0.5019608 0.5019608 1 0.5019608 0.5019608 0.5019608 1 0.5019608 0.5019608 0.5019608 1 0.5019608 0.5019608 0.5019608 1 0.5019608 0.5019608 0.5019608 1 0.5019608 0.5019608 0.5019608 1 0.5019608 0.5019608 0.5019608 1 0.5019608 0.5019608 0.5019608 1 0.5019608 0.5019608 0.5019608 1 0.5019608 0.5019608 0.5019608 1 0.5019608 0.5019608 0.5019608 1 0.5019608 0.5019608 0.5019608 1 0.5019608 0.5019608 0.5019608 1 0.5019608 0.5019608 0.5019608 1 0.5019608 0.5019608 0.5019608 1 0.5019608 0.5019608 0.5019608 1 0.5019608 0.5019608 0.5019608 1 0.5019608 0.5019608 0.5019608 1 0.5019608 0.5019608 0.5019608 1 0.5019608 0.5019608 0.5019608 1 0.5019608 0.5019608 0.5019608 1 0.5019608 0.5019608 0.5019608 1 0.1921569 0.3686275 0.5490196 1 0.1921569 0.3686275 0.5490196 1 0.1921569 0.3686275 0.5490196 1 0.1921569 0.3686275 0.5490196 1 0.1921569 0.3686275 0.5490196 1 0.1921569 0.3686275 0.5490196 1 0.1921569 0.3686275 0.5490196 1 0.1921569 0.3686275 0.5490196 1 0.1921569 0.3686275 0.5490196 1 0.1921569 0.3686275 0.5490196 1 0.1921569 0.3686275 0.5490196 1 0.1921569 0.3686275 0.5490196 1 0.1921569 0.3686275 0.5490196 1 0.1921569 0.3686275 0.5490196 1 0.1921569 0.3686275 0.5490196 1 0.1921569 0.3686275 0.5490196 1 0.1921569 0.3686275 0.5490196 1 0.1921569 0.3686275 0.5490196 1 0.1921569 0.3686275 0.5490196 1 0.1921569 0.3686275 0.5490196 1 0.1921569 0.3686275 0.5490196 1 0.1921569 0.3686275 0.5490196 1 0.1921569 0.3686275 0.5490196 1 0.1921569 0.3686275 0.5490196 1 0.1921569 0.3686275 0.5490196 1 0.1921569 0.3686275 0.5490196 1 0.1921569 0.3686275 0.5490196 1 0.1921569 0.3686275 0.5490196 1 0.1921569 0.3686275 0.5490196 1 0.1921569 0.3686275 0.5490196 1 0.1921569 0.3686275 0.5490196 1 0.1921569 0.3686275 0.5490196 1 0.1921569 0.3686275 0.5490196 1 0.1921569 0.3686275 0.5490196 1 0.1921569 0.3686275 0.5490196 1 0.1921569 0.3686275 0.5490196 1 0.1921569 0.3686275 0.5490196 1 0.1921569 0.3686275 0.5490196 1 0.1921569 0.3686275 0.5490196 1 0.1921569 0.3686275 0.5490196 1 0.1921569 0.3686275 0.5490196 1 0.1921569 0.3686275 0.5490196 1 0.1921569 0.3686275 0.5490196 1 0.1921569 0.3686275 0.5490196 1 0.1921569 0.3686275 0.5490196 1 0.1921569 0.3686275 0.5490196 1 0.1921569 0.3686275 0.5490196 1 0.1921569 0.3686275 0.5490196 1 0.1921569 0.3686275 0.5490196 1 0.1921569 0.3686275 0.5490196 1 0.1921569 0.3686275 0.5490196 1 0.1921569 0.3686275 0.5490196 1 0.1921569 0.3686275 0.5490196 1 0.1921569 0.3686275 0.5490196 1 0.1921569 0.3686275 0.5490196 1 0.1921569 0.3686275 0.5490196 1 0.1921569 0.3686275 0.5490196 1 0.1921569 0.3686275 0.5490196 1 0.1921569 0.3686275 0.5490196 1 0.1921569 0.3686275 0.5490196 1 0.1921569 0.3686275 0.5490196 1 0.1921569 0.3686275 0.5490196 1 0.1921569 0.3686275 0.5490196 1 0.1921569 0.3686275 0.5490196 1 0.1921569 0.3686275 0.5490196 1 0.1921569 0.3686275 0.5490196 1 0.1921569 0.3686275 0.5490196 1 0.1921569 0.3686275 0.5490196 1 0.1921569 0.3686275 0.5490196 1 0.1921569 0.3686275 0.5490196 1 0.1921569 0.3686275 0.5490196 1 0.1921569 0.3686275 0.5490196 1 0.1921569 0.3686275 0.5490196 1 0.1921569 0.3686275 0.5490196 1 0.1921569 0.3686275 0.5490196 1 0.1921569 0.3686275 0.5490196 1 0.1921569 0.3686275 0.5490196 1 0.1921569 0.3686275 0.5490196 1 0.1921569 0.3686275 0.5490196 1 0.1921569 0.3686275 0.5490196 1 0.1921569 0.3686275 0.5490196 1 0.1921569 0.3686275 0.5490196 1 0.1921569 0.3686275 0.5490196 1 0.1921569 0.3686275 0.5490196 1 0.1921569 0.3686275 0.5490196 1 0.1921569 0.3686275 0.5490196 1 0.1921569 0.3686275 0.5490196 1 0.1921569 0.3686275 0.5490196 1 0.1921569 0.3686275 0.5490196 1 0.1921569 0.3686275 0.5490196 1 0.1921569 0.3686275 0.5490196 1 0.1921569 0.3686275 0.5490196 1 0.1921569 0.3686275 0.5490196 1 0.1921569 0.3686275 0.5490196 1 0.1921569 0.3686275 0.5490196 1 0.1921569 0.3686275 0.5490196 1 0.1921569 0.3686275 0.5490196 1 0.1921569 0.3686275 0.5490196 1 0.1921569 0.3686275 0.5490196 1 0.1921569 0.3686275 0.5490196 1 0.1921569 0.3686275 0.5490196 1 0.1921569 0.3686275 0.5490196 1 0.1921569 0.3686275 0.5490196 1 0.1921569 0.3686275 0.5490196 1 0.1921569 0.3686275 0.5490196 1 0.1921569 0.3686275 0.5490196 1 0.1921569 0.3686275 0.5490196 1 0.1921569 0.3686275 0.5490196 1 0.1921569 0.3686275 0.5490196 1 0.1921569 0.3686275 0.5490196 1 0.1921569 0.3686275 0.5490196 1 0.1921569 0.3686275 0.5490196 1 0.1921569 0.3686275 0.5490196 1 0.1921569 0.3686275 0.5490196 1 0.1921569 0.3686275 0.5490196 1 0.1921569 0.3686275 0.5490196 1 0.1921569 0.3686275 0.5490196 1 0.1921569 0.3686275 0.5490196 1 0.1921569 0.3686275 0.5490196 1 0.1921569 0.3686275 0.5490196 1 0.1921569 0.3686275 0.5490196 1 0.1921569 0.3686275 0.5490196 1 0.1921569 0.3686275 0.5490196 1 0.1921569 0.3686275 0.5490196 1 0.1921569 0.3686275 0.5490196 1 0.1921569 0.3686275 0.5490196 1 0.1921569 0.3686275 0.5490196 1 0.1921569 0.3686275 0.5490196 1 0.1921569 0.3686275 0.5490196 1 0.1921569 0.3686275 0.5490196 1 0.1921569 0.3686275 0.5490196 1 0.1921569 0.3686275 0.5490196 1 0.1921569 0.3686275 0.5490196 1 0.1921569 0.3686275 0.5490196 1 0.1921569 0.3686275 0.5490196 1 0.1921569 0.3686275 0.5490196 1 0.1921569 0.3686275 0.5490196 1 0.1921569 0.3686275 0.5490196 1 0.1921569 0.3686275 0.5490196 1 0.1921569 0.3686275 0.5490196 1 0.1921569 0.3686275 0.5490196 1 0.1921569 0.3686275 0.5490196 1 0.1921569 0.3686275 0.5490196 1 0.1921569 0.3686275 0.5490196 1 0.1921569 0.3686275 0.5490196 1 0.1921569 0.3686275 0.5490196 1 0.1921569 0.3686275 0.5490196 1 0.1921569 0.3686275 0.5490196 1 0.1921569 0.3686275 0.5490196 1 0.1921569 0.3686275 0.5490196 1 0.1921569 0.3686275 0.5490196 1 0.1921569 0.3686275 0.5490196 1 0.1921569 0.3686275 0.5490196 1 0.1921569 0.3686275 0.5490196 1 0.1921569 0.3686275 0.5490196 1 0.1921569 0.3686275 0.5490196 1 0.1921569 0.3686275 0.5490196 1 0.1921569 0.3686275 0.5490196 1 0.1921569 0.3686275 0.5490196 1 0.1921569 0.3686275 0.5490196 1 0.1921569 0.3686275 0.5490196 1 0.1921569 0.3686275 0.5490196 1 0.1921569 0.3686275 0.5490196 1 0.1921569 0.3686275 0.5490196 1 0.1921569 0.3686275 0.5490196 1 0.1921569 0.3686275 0.5490196 1 0.1921569 0.3686275 0.5490196 1 0.1921569 0.3686275 0.5490196 1 0.1921569 0.3686275 0.5490196 1 0.1921569 0.3686275 0.5490196 1 0.1921569 0.3686275 0.5490196 1 0.1921569 0.3686275 0.5490196 1 0.1921569 0.3686275 0.5490196 1 0.1921569 0.3686275 0.5490196 1 0.1921569 0.3686275 0.5490196 1 0.1921569 0.3686275 0.5490196 1 0.1921569 0.3686275 0.5490196 1 0.1921569 0.3686275 0.5490196 1 0.1921569 0.3686275 0.5490196 1 0.1921569 0.3686275 0.5490196 1 0.1921569 0.3686275 0.5490196 1 0.1921569 0.3686275 0.5490196 1 0.1921569 0.3686275 0.5490196 1 0.1921569 0.3686275 0.5490196 1 0.1921569 0.3686275 0.5490196 1 0.1921569 0.3686275 0.5490196 1 0.1921569 0.3686275 0.5490196 1 0.1921569 0.3686275 0.5490196 1 0.1921569 0.3686275 0.5490196 1 0.1921569 0.3686275 0.5490196 1 0.1921569 0.3686275 0.5490196 1 0.1921569 0.3686275 0.5490196 1 0.1921569 0.3686275 0.5490196 1 0.1921569 0.3686275 0.5490196 1 0.1921569 0.3686275 0.5490196 1 0.1921569 0.3686275 0.5490196 1 0.1921569 0.3686275 0.5490196 1 0.1921569 0.3686275 0.5490196 1 0.1921569 0.3686275 0.5490196 1 0.1921569 0.3686275 0.5490196 1 0.1921569 0.3686275 0.5490196 1 0.1921569 0.3686275 0.5490196 1 0.1921569 0.3686275 0.5490196 1 0.1921569 0.3686275 0.5490196 1 0.1921569 0.3686275 0.5490196 1 0.1921569 0.3686275 0.5490196 1 0.1921569 0.3686275 0.5490196 1 0.1921569 0.3686275 0.5490196 1 0.1921569 0.3686275 0.5490196 1 0.1921569 0.3686275 0.5490196 1 0.1921569 0.3686275 0.5490196 1 0.1921569 0.3686275 0.5490196 1 0.1921569 0.3686275 0.5490196 1 0.1921569 0.3686275 0.5490196 1 0.1921569 0.3686275 0.5490196 1 0.1921569 0.3686275 0.5490196 1 0.1921569 0.3686275 0.5490196 1 0.1921569 0.3686275 0.5490196 1 0.1921569 0.3686275 0.5490196 1 0.1921569 0.3686275 0.5490196 1 0.1921569 0.3686275 0.5490196 1 0.1921569 0.3686275 0.5490196 1 0.1921569 0.3686275 0.5490196 1 0.1921569 0.3686275 0.5490196 1 0.1921569 0.3686275 0.5490196 1 0.1921569 0.3686275 0.5490196 1 0.1921569 0.3686275 0.5490196 1 0.1921569 0.3686275 0.5490196 1 0.1921569 0.3686275 0.5490196 1 0.1921569 0.3686275 0.5490196 1 0.1921569 0.3686275 0.5490196 1 0.1921569 0.3686275 0.5490196 1 0.1921569 0.3686275 0.5490196 1 0.1921569 0.3686275 0.5490196 1 0.1921569 0.3686275 0.5490196 1 0.1921569 0.3686275 0.5490196 1 0.1921569 0.3686275 0.5490196 1 0.1921569 0.3686275 0.5490196 1 0.1921569 0.3686275 0.5490196 1 0.1921569 0.3686275 0.5490196 1 0.1921569 0.3686275 0.5490196 1 0.1921569 0.3686275 0.5490196 1 0.1921569 0.3686275 0.5490196 1 0.1921569 0.3686275 0.5490196 1 0.1921569 0.3686275 0.5490196 1 0.1921569 0.3686275 0.5490196 1 0.1921569 0.3686275 0.5490196 1 0.1921569 0.3686275 0.5490196 1 0.1921569 0.3686275 0.5490196 1 0.1921569 0.3686275 0.5490196 1 0.1921569 0.3686275 0.5490196 1 0.1921569 0.3686275 0.5490196 1 0.1921569 0.3686275 0.5490196 1 0.1921569 0.3686275 0.5490196 1 0.1921569 0.3686275 0.5490196 1 0.1921569 0.3686275 0.5490196 1 0.1921569 0.3686275 0.5490196 1 0.1921569 0.3686275 0.5490196 1 0.1921569 0.3686275 0.5490196 1 0.1921569 0.3686275 0.5490196 1 0.1921569 0.3686275 0.5490196 1 0.1921569 0.3686275 0.5490196 1 0.1921569 0.3686275 0.5490196 1 0.1921569 0.3686275 0.5490196 1 0.1921569 0.3686275 0.5490196 1 0.1921569 0.3686275 0.5490196 1 0.1921569 0.3686275 0.5490196 1 0.1921569 0.3686275 0.5490196 1 0.1921569 0.3686275 0.5490196 1 0.1921569 0.3686275 0.5490196 1 0.1921569 0.3686275 0.5490196 1 0.1921569 0.3686275 0.5490196 1 0.1921569 0.3686275 0.5490196 1 0.1921569 0.3686275 0.5490196 1 0.1921569 0.3686275 0.5490196 1 0.1921569 0.3686275 0.5490196 1 0.1921569 0.3686275 0.5490196 1 0.1921569 0.3686275 0.5490196 1 0.1921569 0.3686275 0.5490196 1 0.1921569 0.3686275 0.5490196 1 0.1921569 0.3686275 0.5490196 1 0.1921569 0.3686275 0.5490196 1 0.1921569 0.3686275 0.5490196 1 0.1921569 0.3686275 0.5490196 1 0.1921569 0.3686275 0.5490196 1 0.1921569 0.3686275 0.5490196 1 0.1921569 0.3686275 0.5490196 1 0.1921569 0.3686275 0.5490196 1 0.1921569 0.3686275 0.5490196 1 0.1921569 0.3686275 0.5490196 1 0.1921569 0.3686275 0.5490196 1 0.1921569 0.3686275 0.5490196 1 0.1921569 0.3686275 0.5490196 1 0.1921569 0.3686275 0.5490196 1 0.1921569 0.3686275 0.5490196 1 0.1921569 0.3686275 0.5490196 1 0.1921569 0.3686275 0.5490196 1 0.1921569 0.3686275 0.5490196 1 0.1921569 0.3686275 0.5490196 1 0.1921569 0.3686275 0.5490196 1 0.1921569 0.3686275 0.5490196 1 0.1921569 0.3686275 0.5490196 1 0.1921569 0.3686275 0.5490196 1 0.1921569 0.3686275 0.5490196 1 0.1921569 0.3686275 0.5490196 1 0.1921569 0.3686275 0.5490196 1 0.1921569 0.3686275 0.5490196 1 0.1921569 0.3686275 0.5490196 1 0.1921569 0.3686275 0.5490196 1 0.5019608 0.5019608 0.5019608 1 0.5019608 0.5019608 0.5019608 1 0.5019608 0.5019608 0.5019608 1 0.5019608 0.5019608 0.5019608 1 0.5019608 0.5019608 0.5019608 1 0.5019608 0.5019608 0.5019608 1 0.5019608 0.5019608 0.5019608 1 0.5019608 0.5019608 0.5019608 1 0.5019608 0.5019608 0.5019608 1 0.5019608 0.5019608 0.5019608 1 0.5019608 0.5019608 0.5019608 1 0.5019608 0.5019608 0.5019608 1 0.5019608 0.5019608 0.5019608 1 0.5019608 0.5019608 0.5019608 1 0.5019608 0.5019608 0.5019608 1 0.5019608 0.5019608 0.5019608 1 0.5019608 0.5019608 0.5019608 1 0.5019608 0.5019608 0.5019608 1 0.5019608 0.5019608 0.5019608 1 0.5019608 0.5019608 0.5019608 1 0.454902 0.4196078 0.3882353 1 0.454902 0.4196078 0.3882353 1 0.454902 0.4196078 0.3882353 1 0.454902 0.4196078 0.3882353 1 0.454902 0.4196078 0.3882353 1 0.454902 0.4196078 0.3882353 1 0.454902 0.4196078 0.3882353 1 0.454902 0.4196078 0.3882353 1 0.454902 0.4196078 0.3882353 1 0.454902 0.4196078 0.3882353 1 0.454902 0.4196078 0.3882353 1 0.454902 0.4196078 0.3882353 1 0.454902 0.4196078 0.3882353 1 0.454902 0.4196078 0.3882353 1 0.454902 0.4196078 0.3882353 1 0.454902 0.4196078 0.3882353 1 0.454902 0.4196078 0.3882353 1 0.454902 0.4196078 0.3882353 1 0.454902 0.4196078 0.3882353 1 0.454902 0.4196078 0.3882353 1 0.454902 0.4196078 0.3882353 1 0.454902 0.4196078 0.3882353 1 0.454902 0.4196078 0.3882353 1 0.454902 0.4196078 0.3882353 1 0.454902 0.4196078 0.3882353 1 0.454902 0.4196078 0.3882353 1 0.454902 0.4196078 0.3882353 1 0.454902 0.4196078 0.3882353 1 0.454902 0.4196078 0.3882353 1 0.454902 0.4196078 0.3882353 1 0.454902 0.4196078 0.3882353 1 0.454902 0.4196078 0.3882353 1 0.454902 0.4196078 0.3882353 1 0.454902 0.4196078 0.3882353 1 0.454902 0.4196078 0.3882353 1 0.454902 0.4196078 0.3882353 1 0.454902 0.4196078 0.3882353 1 0.454902 0.4196078 0.3882353 1 0.454902 0.4196078 0.3882353 1 0.454902 0.4196078 0.3882353 1 0.454902 0.4196078 0.3882353 1 0.454902 0.4196078 0.3882353 1 0.454902 0.4196078 0.3882353 1 0.454902 0.4196078 0.3882353 1 0.454902 0.4196078 0.3882353 1 0.454902 0.4196078 0.3882353 1 0.454902 0.4196078 0.3882353 1 0.454902 0.4196078 0.3882353 1 0.454902 0.4196078 0.3882353 1 0.454902 0.4196078 0.3882353 1 0.454902 0.4196078 0.3882353 1 0.454902 0.4196078 0.3882353 1 0.454902 0.4196078 0.3882353 1 0.454902 0.4196078 0.3882353 1 0.454902 0.4196078 0.3882353 1 0.454902 0.4196078 0.3882353 1 0.454902 0.4196078 0.3882353 1 0.454902 0.4196078 0.3882353 1 0.454902 0.4196078 0.3882353 1 0.454902 0.4196078 0.3882353 1 0.454902 0.4196078 0.3882353 1 0.454902 0.4196078 0.3882353 1 0.454902 0.4196078 0.3882353 1 0.454902 0.4196078 0.3882353 1 0.454902 0.4196078 0.3882353 1 0.454902 0.4196078 0.3882353 1 0.454902 0.4196078 0.3882353 1 0.454902 0.4196078 0.3882353 1 0.454902 0.4196078 0.3882353 1 0.454902 0.4196078 0.3882353 1 0.454902 0.4196078 0.3882353 1 0.454902 0.4196078 0.3882353 1 0.454902 0.4196078 0.3882353 1 0.454902 0.4196078 0.3882353 1 0.454902 0.4196078 0.3882353 1 0.454902 0.4196078 0.3882353 1 0.454902 0.4196078 0.3882353 1 0.454902 0.4196078 0.3882353 1 0.454902 0.4196078 0.3882353 1 0.454902 0.4196078 0.3882353 1 0.454902 0.4196078 0.3882353 1 0.454902 0.4196078 0.3882353 1 0.454902 0.4196078 0.3882353 1 0.454902 0.4196078 0.3882353 1 0.454902 0.4196078 0.3882353 1 0.454902 0.4196078 0.3882353 1 0.454902 0.4196078 0.3882353 1 0.454902 0.4196078 0.3882353 1 0.454902 0.4196078 0.3882353 1 0.454902 0.4196078 0.3882353 1 0.454902 0.4196078 0.3882353 1 0.454902 0.4196078 0.3882353 1 0.454902 0.4196078 0.3882353 1 0.454902 0.4196078 0.3882353 1 0.454902 0.4196078 0.3882353 1 0.454902 0.4196078 0.3882353 1 0.454902 0.4196078 0.3882353 1 0.454902 0.4196078 0.3882353 1 0.454902 0.4196078 0.3882353 1 0.454902 0.4196078 0.3882353 1 0.454902 0.4196078 0.3882353 1 0.454902 0.4196078 0.3882353 1 0.454902 0.4196078 0.3882353 1 0.454902 0.4196078 0.3882353 1 0.454902 0.4196078 0.3882353 1 0.454902 0.4196078 0.3882353 1 0.454902 0.4196078 0.3882353 1 0.454902 0.4196078 0.3882353 1 0.5490196 0.2196078 0.09019608 1 0.5490196 0.2196078 0.09019608 1 0.5490196 0.2196078 0.09019608 1 0.5490196 0.2196078 0.09019608 1 0.5490196 0.2196078 0.09019608 1 0.5490196 0.2196078 0.09019608 1 0.5490196 0.2196078 0.09019608 1 0.5490196 0.2196078 0.09019608 1 0.5490196 0.2196078 0.09019608 1 0.5490196 0.2196078 0.09019608 1 0.5490196 0.2196078 0.09019608 1 0.5490196 0.2196078 0.09019608 1 0.5490196 0.2196078 0.09019608 1 0.5490196 0.2196078 0.09019608 1 0.5490196 0.2196078 0.09019608 1 0.5490196 0.2196078 0.09019608 1 0.5490196 0.2196078 0.09019608 1 0.5490196 0.2196078 0.09019608 1 0.5490196 0.2196078 0.09019608 1 0.5490196 0.2196078 0.09019608 1 0.1921569 0.3686275 0.5490196 1 0.1921569 0.3686275 0.5490196 1 0.1921569 0.3686275 0.5490196 1 0.1921569 0.3686275 0.5490196 1 0.1921569 0.3686275 0.5490196 1 0.1921569 0.3686275 0.5490196 1 0.1921569 0.3686275 0.5490196 1 0.1921569 0.3686275 0.5490196 1 0.5490196 0.2196078 0.09019608 1 0.5490196 0.2196078 0.09019608 1 0.5490196 0.2196078 0.09019608 1 0.5490196 0.2196078 0.09019608 1 0.5019608 0.5019608 0.5019608 1 0.5019608 0.5019608 0.5019608 1 0.5019608 0.5019608 0.5019608 1 0.5019608 0.5019608 0.5019608 1 0.5019608 0.5019608 0.5019608 1 0.5019608 0.5019608 0.5019608 1 0.5019608 0.5019608 0.5019608 1 0.5019608 0.5019608 0.5019608 1 0.5019608 0.5019608 0.5019608 1 0.5019608 0.5019608 0.5019608 1 0.5019608 0.5019608 0.5019608 1 0.5019608 0.5019608 0.5019608 1 0.5019608 0.5019608 0.5019608 1 0.5019608 0.5019608 0.5019608 1 0.5019608 0.5019608 0.5019608 1 0.5019608 0.5019608 0.5019608 1 0.5019608 0.5019608 0.5019608 1 0.5019608 0.5019608 0.5019608 1 0.5019608 0.5019608 0.5019608 1 0.5019608 0.5019608 0.5019608 1 0.5019608 0.5019608 0.5019608 1 0.5019608 0.5019608 0.5019608 1 0.5019608 0.5019608 0.5019608 1 0.5019608 0.5019608 0.5019608 1 0.5019608 0.5019608 0.5019608 1 0.5019608 0.5019608 0.5019608 1 0.5019608 0.5019608 0.5019608 1 0.5019608 0.5019608 0.5019608 1 0.5019608 0.5019608 0.5019608 1 0.5019608 0.5019608 0.5019608 1 0.5019608 0.5019608 0.5019608 1 0.5019608 0.5019608 0.5019608 1 0.5019608 0.5019608 0.5019608 1 0.5019608 0.5019608 0.5019608 1 0.5019608 0.5019608 0.5019608 1 0.5019608 0.5019608 0.5019608 1 0.5019608 0.5019608 0.5019608 1 0.5019608 0.5019608 0.5019608 1 0.5019608 0.5019608 0.5019608 1 0.5019608 0.5019608 0.5019608 1 0.5019608 0.5019608 0.5019608 1 0.5019608 0.5019608 0.5019608 1 0.5019608 0.5019608 0.5019608 1 0.5019608 0.5019608 0.5019608 1 0.5019608 0.5019608 0.5019608 1 0.5019608 0.5019608 0.5019608 1 0.5019608 0.5019608 0.5019608 1 0.5019608 0.5019608 0.5019608 1 0.454902 0.4196078 0.3882353 1 0.454902 0.4196078 0.3882353 1 0.454902 0.4196078 0.3882353 1 0.454902 0.4196078 0.3882353 1 0.454902 0.4196078 0.3882353 1 0.454902 0.4196078 0.3882353 1 0.454902 0.4196078 0.3882353 1 0.454902 0.4196078 0.3882353 1 0.454902 0.4196078 0.3882353 1 0.454902 0.4196078 0.3882353 1 0.454902 0.4196078 0.3882353 1 0.454902 0.4196078 0.3882353 1 0.454902 0.4196078 0.3882353 1 0.454902 0.4196078 0.3882353 1 0.454902 0.4196078 0.3882353 1 0.454902 0.4196078 0.3882353 1 0.454902 0.4196078 0.3882353 1 0.454902 0.4196078 0.3882353 1 0.454902 0.4196078 0.3882353 1 0.454902 0.4196078 0.3882353 1 0.454902 0.4196078 0.3882353 1 0.454902 0.4196078 0.3882353 1 0.454902 0.4196078 0.3882353 1 0.454902 0.4196078 0.3882353 1 0.454902 0.4196078 0.3882353 1 0.454902 0.4196078 0.3882353 1 0.454902 0.4196078 0.3882353 1 0.454902 0.4196078 0.3882353 1 0.454902 0.4196078 0.3882353 1 0.5490196 0.2196078 0.09019608 1 0.5490196 0.2196078 0.09019608 1 0.5490196 0.2196078 0.09019608 1 0.5490196 0.2196078 0.09019608 1 0.5490196 0.2196078 0.09019608 1 0.1921569 0.3686275 0.5490196 1 0.1921569 0.3686275 0.5490196 1 0.1921569 0.3686275 0.5490196 1 0.1921569 0.3686275 0.5490196 1 0.1921569 0.3686275 0.5490196 1 0.1921569 0.3686275 0.5490196 1 0.1921569 0.3686275 0.5490196 1 0.5490196 0.2196078 0.09019608 1 0.5490196 0.2196078 0.09019608 1 0.5490196 0.2196078 0.09019608 1 0.5490196 0.2196078 0.09019608 1 0.5490196 0.2196078 0.09019608 1 0.5019608 0.5019608 0.5019608 1 0.5019608 0.5019608 0.5019608 1 0.5019608 0.5019608 0.5019608 1 0.5019608 0.5019608 0.5019608 1 0.5019608 0.5019608 0.5019608 1 0.5019608 0.5019608 0.5019608 1 0.5019608 0.5019608 0.5019608 1 0.5019608 0.5019608 0.5019608 1 0.5019608 0.5019608 0.5019608 1 0.5019608 0.5019608 0.5019608 1 0.5019608 0.5019608 0.5019608 1 0.5019608 0.5019608 0.5019608 1 0.5019608 0.5019608 0.5019608 1 0.5019608 0.5019608 0.5019608 1 0.5019608 0.5019608 0.5019608 1 0.5019608 0.5019608 0.5019608 1 0.5019608 0.5019608 0.5019608 1 0.5019608 0.5019608 0.5019608 1 0.5019608 0.5019608 0.5019608 1 0.5019608 0.5019608 0.5019608 1 0.5019608 0.5019608 0.5019608 1 0.5019608 0.5019608 0.5019608 1 0.5019608 0.5019608 0.5019608 1 0.5019608 0.5019608 0.5019608 1 0.5019608 0.5019608 0.5019608 1 0.5019608 0.5019608 0.5019608 1 0.5019608 0.5019608 0.5019608 1 0.5019608 0.5019608 0.5019608 1 0.5019608 0.5019608 0.5019608 1 0.5019608 0.5019608 0.5019608 1 0.5019608 0.5019608 0.5019608 1 0.5019608 0.5019608 0.5019608 1 0.5019608 0.5019608 0.5019608 1 0.5019608 0.5019608 0.5019608 1 0.5019608 0.5019608 0.5019608 1 0.5019608 0.5019608 0.5019608 1 0.5019608 0.5019608 0.5019608 1 0.5019608 0.5019608 0.5019608 1 0.5019608 0.5019608 0.5019608 1 0.5019608 0.5019608 0.5019608 1 0.5019608 0.5019608 0.5019608 1 0.5019608 0.5019608 0.5019608 1 0.5019608 0.5019608 0.5019608 1 0.5019608 0.5019608 0.5019608 1 0.5019608 0.5019608 0.5019608 1 0.5019608 0.5019608 0.5019608 1 0.5019608 0.5019608 0.5019608 1 0.5019608 0.5019608 0.5019608 1 0.5019608 0.5019608 0.5019608 1 0.5019608 0.5019608 0.5019608 1 0.5019608 0.5019608 0.5019608 1 0.5019608 0.5019608 0.5019608 1 0.5019608 0.5019608 0.5019608 1 0.5019608 0.5019608 0.5019608 1 0.5019608 0.5019608 0.5019608 1 0.5019608 0.5019608 0.5019608 1 0.5019608 0.5019608 0.5019608 1 0.5019608 0.5019608 0.5019608 1 0.5019608 0.5019608 0.5019608 1 0.5019608 0.5019608 0.5019608 1 0.5019608 0.5019608 0.5019608 1 0.5019608 0.5019608 0.5019608 1 0.5019608 0.5019608 0.5019608 1 0.5019608 0.5019608 0.5019608 1 0.5019608 0.5019608 0.5019608 1 0.5019608 0.5019608 0.5019608 1 0.5019608 0.5019608 0.5019608 1 0.5019608 0.5019608 0.5019608 1 0.5019608 0.5019608 0.5019608 1 0.5019608 0.5019608 0.5019608 1 0.5019608 0.5019608 0.5019608 1 0.5019608 0.5019608 0.5019608 1 0.5019608 0.5019608 0.5019608 1 0.5019608 0.5019608 0.5019608 1 0.5019608 0.5019608 0.5019608 1 0.5019608 0.5019608 0.5019608 1 0.5019608 0.5019608 0.5019608 1 0.5019608 0.5019608 0.5019608 1 0.5019608 0.5019608 0.5019608 1 0.5019608 0.5019608 0.5019608 1 0.5019608 0.5019608 0.5019608 1 0.5019608 0.5019608 0.5019608 1 0.454902 0.4196078 0.3882353 1 0.454902 0.4196078 0.3882353 1 0.454902 0.4196078 0.3882353 1 0.454902 0.4196078 0.3882353 1 0.454902 0.4196078 0.3882353 1 0.454902 0.4196078 0.3882353 1 0.454902 0.4196078 0.3882353 1 0.454902 0.4196078 0.3882353 1 0.454902 0.4196078 0.3882353 1 0.5490196 0.2196078 0.09019608 1 0.5490196 0.2196078 0.09019608 1 0.5490196 0.2196078 0.09019608 1 0.5490196 0.2196078 0.09019608 1 0.5490196 0.2196078 0.09019608 1 0.5490196 0.2196078 0.09019608 1 0.5490196 0.2196078 0.09019608 1 0.5490196 0.2196078 0.09019608 1 0.5490196 0.2196078 0.09019608 1 0.5490196 0.2196078 0.09019608 1 0.5490196 0.2196078 0.09019608 1 0.5490196 0.2196078 0.09019608 1 0.5490196 0.2196078 0.09019608 1 0.5490196 0.2196078 0.09019608 1 0.5490196 0.2196078 0.09019608 1 0.5490196 0.2196078 0.09019608 1 0.5490196 0.2196078 0.09019608 1 0.5490196 0.2196078 0.09019608 1 0.5490196 0.2196078 0.09019608 1 0.5490196 0.2196078 0.09019608 1 0.5490196 0.2196078 0.09019608 1 0.5490196 0.2196078 0.09019608 1 0.5490196 0.2196078 0.09019608 1 0.5490196 0.2196078 0.09019608 1 0.5490196 0.2196078 0.09019608 1 0.5490196 0.2196078 0.09019608 1 0.5490196 0.2196078 0.09019608 1 0.5490196 0.2196078 0.09019608 1 0.5019608 0.5019608 0.5019608 1 0.5019608 0.5019608 0.5019608 1 0.5019608 0.5019608 0.5019608 1 0.5019608 0.5019608 0.5019608 1 0.5019608 0.5019608 0.5019608 1 0.5019608 0.5019608 0.5019608 1 0.5019608 0.5019608 0.5019608 1 0.5019608 0.5019608 0.5019608 1 0.5019608 0.5019608 0.5019608 1 0.5019608 0.5019608 0.5019608 1 0.5019608 0.5019608 0.5019608 1 0.5019608 0.5019608 0.5019608 1 0.5019608 0.5019608 0.5019608 1 0.5019608 0.5019608 0.5019608 1 0.5019608 0.5019608 0.5019608 1 0.5019608 0.5019608 0.5019608 1 0.5019608 0.5019608 0.5019608 1 0.5019608 0.5019608 0.5019608 1 0.5019608 0.5019608 0.5019608 1 0.5019608 0.5019608 0.5019608 1 0.5019608 0.5019608 0.5019608 1 0.5019608 0.5019608 0.5019608 1 0.5019608 0.5019608 0.5019608 1 0.5019608 0.5019608 0.5019608 1 0.5019608 0.5019608 0.5019608 1 0.5019608 0.5019608 0.5019608 1 0.5019608 0.5019608 0.5019608 1 0.5019608 0.5019608 0.5019608 1 0.5019608 0.5019608 0.5019608 1 0.5019608 0.5019608 0.5019608 1 0.5019608 0.5019608 0.5019608 1 0.5019608 0.5019608 0.5019608 1 0.5019608 0.5019608 0.5019608 1 0.5019608 0.5019608 0.5019608 1 0.5019608 0.5019608 0.5019608 1 0.5019608 0.5019608 0.5019608 1 0.5019608 0.5019608 0.5019608 1 0.5019608 0.5019608 0.5019608 1 0.5019608 0.5019608 0.5019608 1 0.5019608 0.5019608 0.5019608 1 0.5019608 0.5019608 0.5019608 1 0.5019608 0.5019608 0.5019608 1 0.5019608 0.5019608 0.5019608 1 0.5019608 0.5019608 0.5019608 1 0.5019608 0.5019608 0.5019608 1 0.5019608 0.5019608 0.5019608 1 0.5019608 0.5019608 0.5019608 1 0.5019608 0.5019608 0.5019608 1 0.5019608 0.5019608 0.5019608 1 0.5019608 0.5019608 0.5019608 1 0.5019608 0.5019608 0.5019608 1 0.5019608 0.5019608 0.5019608 1 0.5019608 0.5019608 0.5019608 1 0.454902 0.4196078 0.3882353 1 0.454902 0.4196078 0.3882353 1 0.454902 0.4196078 0.3882353 1 0.454902 0.4196078 0.3882353 1 0.454902 0.4196078 0.3882353 1 0.454902 0.4196078 0.3882353 1 0.454902 0.4196078 0.3882353 1 0.454902 0.4196078 0.3882353 1 0.454902 0.4196078 0.3882353 1 0.454902 0.4196078 0.3882353 1 0.454902 0.4196078 0.3882353 1 0.454902 0.4196078 0.3882353 1 0.454902 0.4196078 0.3882353 1 0.454902 0.4196078 0.3882353 1 0.454902 0.4196078 0.3882353 1 0.454902 0.4196078 0.3882353 1 0.454902 0.4196078 0.3882353 1 0.454902 0.4196078 0.3882353 1 0.454902 0.4196078 0.3882353 1 0.454902 0.4196078 0.3882353 1 0.454902 0.4196078 0.3882353 1 0.454902 0.4196078 0.3882353 1 0.454902 0.4196078 0.3882353 1 0.454902 0.4196078 0.3882353 1 0.5019608 0.5019608 0.5019608 1 0.5019608 0.5019608 0.5019608 1 0.5019608 0.5019608 0.5019608 1 0.5019608 0.5019608 0.5019608 1 0.5019608 0.5019608 0.5019608 1 0.5019608 0.5019608 0.5019608 1 0.5019608 0.5019608 0.5019608 1 0.5019608 0.5019608 0.5019608 1 0.5019608 0.5019608 0.5019608 1 0.5019608 0.5019608 0.5019608 1 0.5019608 0.5019608 0.5019608 1 0.5019608 0.5019608 0.5019608 1 0.5490196 0.2196078 0.09019608 1 0.5490196 0.2196078 0.09019608 1 0.5490196 0.2196078 0.09019608 1 0.5490196 0.2196078 0.09019608 1 0.5490196 0.2196078 0.09019608 1 0.5490196 0.2196078 0.09019608 1 0.5490196 0.2196078 0.09019608 1 0.5490196 0.2196078 0.09019608 1 0.5490196 0.2196078 0.09019608 1 0.5490196 0.2196078 0.09019608 1 0.5490196 0.2196078 0.09019608 1 0.5490196 0.2196078 0.09019608 1 0.5490196 0.2196078 0.09019608 1 0.5490196 0.2196078 0.09019608 1 0.5490196 0.2196078 0.09019608 1 0.5490196 0.2196078 0.09019608 1 0.5490196 0.2196078 0.09019608 1 0.5490196 0.2196078 0.09019608 1 0.5490196 0.2196078 0.09019608 1 0.5490196 0.2196078 0.09019608 1 0.5490196 0.2196078 0.09019608 1 0.5490196 0.2196078 0.09019608 1 0.5490196 0.2196078 0.09019608 1 0.5490196 0.2196078 0.09019608 1 0.5490196 0.2196078 0.09019608 1 0.5490196 0.2196078 0.09019608 1 0.5490196 0.2196078 0.09019608 1 0.5490196 0.2196078 0.09019608 1 0.5490196 0.2196078 0.09019608 1 0.5490196 0.2196078 0.09019608 1 0.5490196 0.2196078 0.09019608 1 0.5490196 0.2196078 0.09019608 1 0.5490196 0.2196078 0.09019608 1 0.5490196 0.2196078 0.09019608 1 0.5490196 0.2196078 0.09019608 1 0.5490196 0.2196078 0.09019608 1 0.5490196 0.2196078 0.09019608 1 0.5490196 0.2196078 0.09019608 1 0.5490196 0.2196078 0.09019608 1 0.5490196 0.2196078 0.09019608 1 0.5490196 0.2196078 0.09019608 1 0.5490196 0.2196078 0.09019608 1</float_array>
          <technique_common>
            <accessor source="#brock1__CmFillerObjectA02C-color-array" count="2690" stride="4">
              <param name="R" type="float" />
              <param name="G" type="float" />
              <param name="B" type="float" />
              <param name="A" type="float" />
            </accessor>
          </technique_common>
        </source>
        <source id="brock1__CmFillerObjectA02C-texcoord">
          <float_array id="brock1__CmFillerObjectA02C-texcoord-array" count="5380">0.9437095 0.02088958 0.9880674 0.02320898 0.9876707 0.02542156 0.2098116 0.6712291 0.2098116 0.6558328 0.3088273 0.6712291 0.3088273 0.6558328 0.006927596 0.7015793 0.006927596 0.6873274 0.008712902 0.7015793 0.008712902 0.6873274 0.1073014 0.6712291 0.008285649 0.6712291 0.1073014 0.6558328 0.008285649 0.6558328 0.4113527 0.6558328 0.4113527 0.6712291 0.3088273 0.6558328 0.3088273 0.6712291 0.1073014 0.6712291 0.1073014 0.6558328 0.2098116 0.6712291 0.2098116 0.6558328 0.3921416 0.414374 0.4183566 0.414374 0.3921416 0.4312199 0.4183566 0.4312199 0.4944381 0.4312199 0.4687877 0.4312199 0.4944381 0.414374 0.4687877 0.414374 0.3927062 0.4702983 0.4185244 0.4702983 0.3927062 0.4871443 0.4185244 0.4871443 0.4950179 0.4871443 0.4688792 0.4871443 0.4950179 0.4702983 0.4688792 0.4702983 0.4710155 0.4585183 0.4446784 0.4585183 0.4710155 0.4416724 0.4446784 0.4416724 0.3928588 0.4416724 0.4190738 0.4416724 0.3928588 0.4585183 0.4190738 0.4585183 0.4446784 0.4585183 0.4190738 0.4585183 0.4446784 0.4416724 0.4190738 0.4416724 0.4967269 0.4585183 0.4710155 0.4585183 0.4967269 0.4416724 0.4710155 0.4416724 0.3911345 0.4983292 0.3911345 0.5151751 0.4173495 0.4983292 0.4173495 0.5151751 0.493431 0.5151751 0.493431 0.4983292 0.4677806 0.5151751 0.4677806 0.4983292 0.3916991 0.5473411 0.3916991 0.5641718 0.4175174 0.5473411 0.4175174 0.5641718 0.4940108 0.5641718 0.4940108 0.5473411 0.4678721 0.5641718 0.4678721 0.5473411 0.4700084 0.5403067 0.4700084 0.523476 0.4436713 0.5403067 0.4436713 0.523476 0.3918517 0.523476 0.3918517 0.5403067 0.4180667 0.523476 0.4180667 0.5403067 0.4436713 0.5403067 0.4436713 0.523476 0.4180667 0.5403067 0.4180667 0.523476 0.4957199 0.5403067 0.4957199 0.523476 0.4700084 0.5403067 0.4700084 0.523476 0.0102388 0.7326467 0.007400626 0.7326467 0.0102388 0.7182879 0.007400626 0.7182879 0.9828184 0.866743 0.9860837 0.866743 0.9860837 0.8624247 0.9828184 0.870634 0.9828184 0.866743 0.7541009 0.870634 0.7541009 0.866743 0.9860837 0.866743 0.9860837 0.6498054 0.9828184 0.6498054 0.9860837 0.6464332 0.9828184 0.6464332 0.7541009 0.6464332 0.7541009 0.6498054 0.7502556 0.6464332 0.7502556 0.6498054 0.7502556 0.866743 0.7541009 0.866743 0.758114 0.870634 0.7541009 0.870634 0.05821317 0.6257877 0.06472877 0.6257877 0.06472877 0.6269627 0.07125963 0.6257877 0.06472877 0.6398566 0.05821317 0.6398566 0.06472877 0.6386664 0.07125963 0.6398566 0.033402 0.6022736 0.04521248 0.6022736 0.033402 0.6410162 0.04521248 0.6410162 0.0175021 0.6008545 0.01747158 0.6410162 0.0299382 0.6008545 0.02992294 0.6410162 0.03230335 0.6012512 0.04654002 0.6012512 0.033402 0.6022736 0.04521248 0.6022736 0.04654002 0.6012512 0.04654002 0.6410162 0.04521248 0.6022736 0.04521248 0.6410162 0.03230335 0.6410162 0.03230335 0.6012512 0.033402 0.6410162 0.033402 0.6022736 0.05821317 0.6257877 0.06472877 0.6257877 0.06472877 0.6269627 0.07125963 0.6257877 0.06472877 0.6398566 0.05821317 0.6398566 0.06472877 0.6386664 0.07125963 0.6398566 0.033402 0.6022736 0.04521248 0.6022736 0.033402 0.6410162 0.04521248 0.6410162 0.0175021 0.6008545 0.01747158 0.6410162 0.0299382 0.6008545 0.02992294 0.6410162 0.03230335 0.6012512 0.04654002 0.6012512 0.033402 0.6022736 0.04521248 0.6022736 0.04654002 0.6012512 0.04654002 0.6410162 0.04521248 0.6022736 0.04521248 0.6410162 0.03230335 0.6410162 0.03230335 0.6012512 0.033402 0.6410162 0.033402 0.6022736 0.05821317 0.6257877 0.06472877 0.6257877 0.06472877 0.6269627 0.07125963 0.6257877 0.06472877 0.6398566 0.05821317 0.6398566 0.06472877 0.6386664 0.07125963 0.6398566 0.033402 0.6022736 0.04521248 0.6022736 0.033402 0.6410162 0.04521248 0.6410162 0.0175021 0.6008545 0.01747158 0.6410162 0.0299382 0.6008545 0.02992294 0.6410162 0.03230335 0.6012512 0.04654002 0.6012512 0.033402 0.6022736 0.04521248 0.6022736 0.04654002 0.6012512 0.04654002 0.6410162 0.04521248 0.6022736 0.04521248 0.6410162 0.03230335 0.6410162 0.03230335 0.6012512 0.033402 0.6410162 0.033402 0.6022736 0.05821317 0.6257877 0.06472877 0.6257877 0.06472877 0.6269627 0.07125963 0.6257877 0.06472877 0.6398566 0.05821317 0.6398566 0.06472877 0.6386664 0.07125963 0.6398566 0.033402 0.6022736 0.04521248 0.6022736 0.033402 0.6410162 0.04521248 0.6410162 0.0175021 0.6008545 0.01747158 0.6410162 0.0299382 0.6008545 0.02992294 0.6410162 0.03230335 0.6012512 0.04654002 0.6012512 0.033402 0.6022736 0.04521248 0.6022736 0.04654002 0.6012512 0.04654002 0.6410162 0.04521248 0.6022736 0.04521248 0.6410162 0.03230335 0.6410162 0.03230335 0.6012512 0.033402 0.6410162 0.033402 0.6022736 0.008239872 0.9602503 0.008239872 0.94963 0.03439384 0.9602503 0.03439384 0.94963 0.03439384 0.94963 0.202182 0.94963 0.03439384 0.9602503 0.202182 0.9602503 0.009704738 0.9771115 0.03334096 0.9771115 0.009704738 0.9875486 0.03334096 0.9875486 0.03334096 0.9771115 0.2014191 0.9771115 0.03334096 0.9875486 0.2014191 0.9875486 0.009384299 0.8043793 0.009384299 0.8129854 0.1190356 0.8043793 0.1190356 0.8129854 0.00920119 0.8198673 0.00920119 0.827924 0.1188678 0.8198673 0.1188678 0.827924 0.3965667 0.9026017 0.2460517 0.9026017 0.3965667 0.8923476 0.2460517 0.8923476 0.3963226 0.9311208 0.245594 0.9311208 0.3963226 0.9216144 0.245594 0.9216144 0.2882124 0.7819638 0.2882124 0.7738613 0.1822538 0.7819638 0.1822538 0.7738613 0.2873579 0.7953155 0.2873579 0.7872282 0.1814908 0.7953155 0.1814908 0.7872282 0.008712902 0.7015793 0.008712902 0.6873274 0.01049821 0.7015793 0.01049821 0.6873274 0.1458457 0.7015793 0.1458457 0.6873274 0.147631 0.7015793 0.147631 0.6873274 0.147631 0.7015793 0.147631 0.6873274 0.1494163 0.7015793 0.1494163 0.6873274 0.2884108 0.7015793 0.2884108 0.6873274 0.2901961 0.6873274 0.2901961 0.7015793 0.4436866 0.4312199 0.4436866 0.414374 0.446189 0.414374 0.446189 0.4312199 0.4687877 0.414374 0.4687877 0.4312199 0.4442511 0.4871443 0.4442511 0.4702983 0.4467231 0.4702983 0.4467231 0.4871443 0.4688792 0.4702983 0.4688792 0.4871443 0.4677806 0.5151751 0.4677806 0.4983292 0.445182 0.5151751 0.445182 0.4983292 0.4426795 0.5151751 0.4426795 0.4983292 0.4678721 0.5641718 0.4678721 0.5473411 0.445716 0.5641718 0.445716 0.5473411 0.4432441 0.5641718 0.4432441 0.5473411 0.1625086 0.633463 0.1625086 0.6417487 0.1487144 0.633463 0.1487144 0.6417487 0.1450218 0.633463 0.1450218 0.6417487 0.1279469 0.633463 0.1279469 0.6417487 0.1242695 0.6417487 0.1242695 0.633463 0.1104753 0.633463 0.1104753 0.6417487 0.1067826 0.6417487 0.1067826 0.633463 0.08970779 0.633463 0.08970779 0.6417487 0.08603036 0.6417487 0.08603036 0.633463 0.05821317 0.6398566 0.05821317 0.6257877 0.06472877 0.6386664 0.06472877 0.6269627 0.07125963 0.6398566 0.07125963 0.6257877 0.1625086 0.633463 0.1625086 0.6417487 0.1487144 0.633463 0.1487144 0.6417487 0.1450218 0.633463 0.1450218 0.6417487 0.1279469 0.633463 0.1279469 0.6417487 0.1242695 0.6417487 0.1242695 0.633463 0.1104753 0.633463 0.1104753 0.6417487 0.1067826 0.6417487 0.1067826 0.633463 0.08970779 0.633463 0.08970779 0.6417487 0.08603036 0.6417487 0.08603036 0.633463 0.05821317 0.6398566 0.05821317 0.6257877 0.06472877 0.6386664 0.06472877 0.6269627 0.07125963 0.6398566 0.07125963 0.6257877 0.1625086 0.633463 0.1625086 0.6417487 0.1487144 0.633463 0.1487144 0.6417487 0.1450218 0.633463 0.1450218 0.6417487 0.1279469 0.633463 0.1279469 0.6417487 0.1242695 0.6417487 0.1242695 0.633463 0.1104753 0.633463 0.1104753 0.6417487 0.1067826 0.6417487 0.1067826 0.633463 0.08970779 0.633463 0.08970779 0.6417487 0.08603036 0.6417487 0.08603036 0.633463 0.05821317 0.6398566 0.05821317 0.6257877 0.06472877 0.6386664 0.06472877 0.6269627 0.07125963 0.6398566 0.07125963 0.6257877 0.1625086 0.633463 0.1625086 0.6417487 0.1487144 0.633463 0.1487144 0.6417487 0.1450218 0.633463 0.1450218 0.6417487 0.1279469 0.633463 0.1279469 0.6417487 0.1242695 0.6417487 0.1242695 0.633463 0.1104753 0.633463 0.1104753 0.6417487 0.1067826 0.6417487 0.1067826 0.633463 0.08970779 0.633463 0.08970779 0.6417487 0.08603036 0.6417487 0.08603036 0.633463 0.05821317 0.6398566 0.05821317 0.6257877 0.06472877 0.6386664 0.06472877 0.6269627 0.07125963 0.6398566 0.07125963 0.6257877 0.6026703 0.8618143 0.6026703 0.8657817 0.4565347 0.8657817 0.4565347 0.8618143 0.4539254 0.8657817 0.4539254 0.8618143 0.3082017 0.8657817 0.3082017 0.8618143 0.3055924 0.8657817 0.3055924 0.8618143 0.1597925 0.8657817 0.1597925 0.8618143 0.1571832 0.8657817 0.1571832 0.8618143 0.01113909 0.8657817 0.01159686 0.8618143 0.008651866 0.8657817 0.009460594 0.8618143 0.008651866 0.8793469 0.008651866 0.8755932 0.01113909 0.8755932 0.01113909 0.8793469 0.1571832 0.8755932 0.1571832 0.8793469 0.1597925 0.8755932 0.1597925 0.8793469 0.3055924 0.8755932 0.3055924 0.8793469 0.3082017 0.8755932 0.3082017 0.8793469 0.4539254 0.8755932 0.4539254 0.8793469 0.4565347 0.8755932 0.4565347 0.8793469 0.6026703 0.8755932 0.6020752 0.8793469 0.6091859 0.8358282 0.6091859 0.8395514 0.4623636 0.8395514 0.4623636 0.8358282 0.4597696 0.8395514 0.4597696 0.8358282 0.3118792 0.8395514 0.3118792 0.8358282 0.3092851 0.8395514 0.3092851 0.8358282 0.1627985 0.8395514 0.1627985 0.8358282 0.1602045 0.8395514 0.1602045 0.8358282 0.01196307 0.8395514 0.0125124 0.8358282 0.009491112 0.8395514 0.01040665 0.8358282 0.009414816 0.8533913 0.009491112 0.8493935 0.01196307 0.8493935 0.01196307 0.8533913 0.1602045 0.8493935 0.1602045 0.8533913 0.1627985 0.8493935 0.1627985 0.8533913 0.3092851 0.8493935 0.3092851 0.8533913 0.3118792 0.8493935 0.3118792 0.8533913 0.4597696 0.8493935 0.4597696 0.8533913 0.4623636 0.8493935 0.4623636 0.8533913 0.6091859 0.8493935 0.6085145 0.8533913 0.5833829 0.8129854 0.5833829 0.8043793 0.5721217 0.8043793 0.5721217 0.8129854 0.403769 0.8043793 0.403769 0.8129854 0.4003052 0.8043793 0.4003052 0.8129854 0.3968414 0.8129854 0.3968414 0.8043793 0.3051499 0.8043793 0.3051499 0.8129854 0.3016861 0.8043793 0.3016861 0.8129854 0.2982376 0.8129854 0.2982376 0.8043793 0.1297627 0.8043793 0.1297627 0.8129854 0.1190356 0.8129854 0.1190356 0.8043793 0.1188678 0.8198673 0.1188678 0.827924 0.128954 0.827924 0.128954 0.8198673 0.2988327 0.827924 0.2988327 0.8198673 0.3022965 0.827924 0.3022965 0.8198673 0.3057603 0.8198673 0.3057603 0.827924 0.3974365 0.827924 0.3974365 0.8198673 0.4009003 0.827924 0.4009003 0.8198673 0.4043641 0.8198673 0.4043641 0.827924 0.5746853 0.827924 0.5746853 0.8198673 0.584802 0.8198673 0.584802 0.827924 0.008239872 0.9641413 0.008239872 0.9602503 0.03439384 0.9602503 0.03439384 0.9641413 0.202182 0.9602503 0.2014954 0.9641413 0.2272831 0.9602503 0.2272831 0.9641413 0.4449989 0.9602503 0.4449989 0.9641413 0.4509957 0.9602503 0.4509957 0.9641413 0.4569772 0.9641413 0.4569772 0.9602503 0.595468 0.9602503 0.595468 0.9641413 0.6014496 0.9602503 0.6014496 0.9641413 0.6074464 0.9641413 0.6074464 0.9602503 0.824979 0.9602503 0.824979 0.9641413 0.824979 0.9457542 0.824979 0.94963 0.6074464 0.94963 0.6074464 0.9457542 0.6014496 0.94963 0.6014496 0.9457542 0.595468 0.9457542 0.595468 0.94963 0.4569772 0.94963 0.4569772 0.9457542 0.4509957 0.94963 0.4509957 0.9457542 0.4449989 0.9457542 0.4449989 0.94963 0.2272831 0.94963 0.2272831 0.9457542 0.202182 0.94963 0.202182 0.9457542 0.03439384 0.94963 0.03515679 0.9457542 0.008239872 0.94963 0.008239872 0.9457542 0.8284886 0.9736171 0.8284886 0.9771115 0.6077363 0.9771115 0.6077363 0.9736171 0.60177 0.9771115 0.60177 0.9736171 0.5958191 0.9736171 0.5958191 0.9771115 0.4574197 0.9771115 0.4574197 0.9736171 0.4514687 0.9771115 0.4514687 0.9736171 0.4455024 0.9736171 0.4455024 0.9771115 0.2251316 0.9771115 0.2251316 0.9736171 0.2010834 0.9736171 0.2014191 0.9771115 0.03334096 0.9771115 0.03344778 0.9736171 0.009704738 0.9771115 0.009704738 0.9736171 0.2460517 0.8923476 0.2460517 0.9026017 0.1345388 0.8923476 0.1345388 0.9026017 0.02301061 0.8923476 0.02301061 0.9026017 0.01664759 0.9026017 0.01664759 0.8923476 0.01026932 0.9026017 0.01026932 0.8923476 0.01048295 0.9311208 0.01048295 0.9216144 0.01733425 0.9216144 0.01733425 0.9311208 0.02372778 0.9216144 0.02372778 0.9311208 0.1346609 0.9216144 0.1346609 0.9311208 0.245594 0.9216144 0.245594 0.9311208 0.5506523 0.7819638 0.5506523 0.7738613 0.461738 0.7738613 0.461738 0.7819638 0.458259 0.7738613 0.458259 0.7819638 0.4547799 0.7819638 0.4547799 0.7738613 0.3714961 0.7819638 0.3714961 0.7738613 0.2882124 0.7819638 0.2882124 0.7738613 0.767544 0.8885481 0.767544 0.8923476 0.6312352 0.8923476 0.6312352 0.8885481 0.6251469 0.8923476 0.6251469 0.8885481 0.6190585 0.8885481 0.6190585 0.8923476 0.5078202 0.8885481 0.5078202 0.8923476 0.3965667 0.8923476 0.3965667 0.8885481 0.2460517 0.8923476 0.2460517 0.8885481 0.1345388 0.8885481 0.1345388 0.8923476 0.02301061 0.8923476 0.02301061 0.8885481 0.01664759 0.8923476 0.01664759 0.8885481 0.01083391 0.8885481 0.01026932 0.8923476 0.7675745 0.917464 0.7675745 0.9216144 0.6310369 0.9216144 0.6310369 0.917464 0.6249332 0.9216144 0.6249332 0.917464 0.6188143 0.917464 0.6188143 0.9216144 0.5075761 0.917464 0.5075761 0.9216144 0.3963226 0.9216144 0.3963226 0.917464 0.245594 0.9216144 0.245594 0.917464 0.1346609 0.917464 0.1346609 0.9216144 0.02372778 0.9216144 0.02372778 0.917464 0.01733425 0.9216144 0.01733425 0.917464 0.01101701 0.917464 0.01048295 0.9216144 0.3965667 0.9026017 0.3965667 0.8923476 0.5078202 0.8923476 0.5078202 0.9026017 0.6190585 0.8923476 0.6190585 0.9026017 0.6251469 0.8923476 0.6251469 0.9026017 0.6312352 0.9026017 0.6312352 0.8923476 0.767544 0.9026017 0.767544 0.8923476 0.2873579 0.7872282 0.2873579 0.7953155 0.3703975 0.7953155 0.3703975 0.7872282 0.4534218 0.7953155 0.4534218 0.7872282 0.4569314 0.7953155 0.4569314 0.7872282 0.4604257 0.7872282 0.4604257 0.7953155 0.5498894 0.7953155 0.5498894 0.7872282 0.1525292 0.6219272 0.1490349 0.6255741 0.1248798 0.6255741 0.1210803 0.6219272 0.1525292 0.6048982 0.1210803 0.6048982 0.1245747 0.601236 0.1487297 0.601236 0.1525292 0.6219272 0.1490349 0.6255741 0.1248798 0.6255741 0.1210803 0.6219272 0.1525292 0.6048982 0.1210803 0.6048982 0.1245747 0.601236 0.1487297 0.601236 0.1525292 0.6219272 0.1490349 0.6255741 0.1248798 0.6255741 0.1210803 0.6219272 0.1525292 0.6048982 0.1210803 0.6048982 0.1245747 0.601236 0.1487297 0.601236 0.02548257 0.02359045 0.02551308 0.01786834 0.02745098 0.01898223 0.02697795 0.0246433 0.0208896 0.03074694 0.02226291 0.03189135 0.02117952 0.03933775 0.01934844 0.03988707 0.02281224 0.0712291 0.02108797 0.07188523 0.02935836 0.1364462 0.03108263 0.1361563 0.02758831 0.1571984 0.02915999 0.1569695 0.03285268 0.1626154 0.03123522 0.162829 0.03509575 0.2117952 0.03346303 0.2117037 0.02944991 0.261265 0.03106737 0.2614786 0.028336 0.2745708 0.03021286 0.2745861 0.03166247 0.2822766 0.03004501 0.2824445 0.03324941 0.3236591 0.03242542 0.3236591 0.03002976 0.3613947 0.07510491 0.3676509 0.0306096 0.3697872 0.03118944 0.3781338 0.07570001 0.3754177 0.07452507 0.3598688 0.09262227 0.3663234 0.09279011 0.3749142 0.1074693 0.3758297 0.07170215 0.3246509 0.03324941 0.3236591 0.09246967 0.3577325 0.1074235 0.36701 0.1483024 0.3707027 0.07042038 0.2862898 0.03166247 0.2822766 0.08807507 0.2838178 0.06944381 0.2748913 0.03021286 0.2745861 0.03106737 0.2614786 0.08618296 0.2743725 0.07051194 0.2628214 0.07029831 0.2137179 0.03509575 0.2117952 0.08815137 0.2650492 0.0998703 0.2736095 0.1024796 0.283299 0.102266 0.2604715 0.1073777 0.358175 0.1453117 0.2721752 0.1448997 0.2819257 0.1471733 0.3619135 0.1460594 0.3531243 0.212314 0.2825818 0.2100252 0.3582819 0.2096895 0.3661097 0.2259861 0.3577631 0.2093385 0.3739376 0.2255436 0.3677272 0.2095674 0.4059815 0.1498588 0.4044862 0.1555352 0.4193942 0.2251011 0.3776913 0.2439155 0.3669795 0.2096895 0.4204319 0.2435187 0.3749752 0.2247044 0.4060121 0.2424506 0.4066529 0.2095369 0.438468 0.1509423 0.4376745 0.1514153 0.480766 0.2246586 0.420615 0.2096895 0.4813306 0.1515221 0.5224689 0.2245975 0.4385748 0.242298 0.4209964 0.2246128 0.4814679 0.2423896 0.4389563 0.2096132 0.5228962 0.1563439 0.5401999 0.2245518 0.5231861 0.209781 0.5405661 0.2422522 0.4816052 0.2421454 0.5231251 0.2245212 0.5406424 0.2959182 0.5233234 0.2419165 0.5407339 0.2244144 0.5580377 0.2095216 0.5581445 0.1514916 0.557763 0.151339 0.5929351 0.2094148 0.5932555 0.2242924 0.5867246 0.2419776 0.5583276 0.2417792 0.5934234 0.2954299 0.593698 0.2956283 0.558587 0.31635 0.5880522 0.2960098 0.5410391 0.3165789 0.5584955 0.3350271 0.5939269 0.3169299 0.5236439 0.3167163 0.5411154 0.3353628 0.5588312 0.3728695 0.5942168 0.3731289 0.5590448 0.3684444 0.5414053 0.3352712 0.541207 0.335729 0.5234913 0.3735408 0.5237354 0.296437 0.4818189 0.3174334 0.4818189 0.3362631 0.4818036 0.3741665 0.4819867 0.2970932 0.4388037 0.3180743 0.438468 0.3368429 0.438468 0.3752041 0.4387579 0.3709316 0.4202335 0.2974899 0.4209354 0.337026 0.4202793 0.3183337 0.4204013 0.2974899 0.4067292 0.3184558 0.4057984 0.337377 0.4057527 0.3771267 0.4052186 0.3182727 0.37673 0.338262 0.3734951 0.3794919 0.3709468 0.2964828 0.3748989 0.3178607 0.3671931 0.2961471 0.3667506 0.3377432 0.3656062 0.2443122 0.3589838 0.3802243 0.3621119 0.227039 0.2827191 0.4210117 0.3667048 0.4210422 0.3756008 0.3361715 0.3573815 0.4361486 0.3660029 0.4360571 0.3748226 0.4538796 0.375433 0.4209659 0.3578241 0.4543679 0.3672084 0.49691 0.3765316 0.4362554 0.3571679 0.49691 0.3680018 0.5386893 0.3755093 0.3809415 0.3532616 0.4242008 0.2815442 0.333196 0.2821393 0.3809262 0.2817731 0.3808499 0.2717937 0.4383154 0.2814527 0.3172808 0.3573968 0.4265507 0.2718242 0.2961776 0.358587 0.2442206 0.2837263 0.2954299 0.2836652 0.315404 0.2823987 0.2945754 0.2734264 0.3309224 0.2724651 0.3137408 0.2730602 0.3152972 0.2598917 0.3333181 0.2594949 0.2444953 0.2735332 0.2952773 0.2527352 0.2280461 0.2732586 0.2439002 0.252903 0.2268254 0.2602121 0.2140078 0.2728466 0.2120851 0.2598307 0.2262303 0.168368 0.145037 0.2518501 0.2120241 0.1681849 0.2430304 0.1685054 0.1445487 0.167834 0.1010147 0.1684901 0.144564 0.1547875 0.2124361 0.1555047 0.2264897 0.1557031 0.2259861 0.144213 0.2430915 0.1557794 0.2117494 0.1440147 0.2428016 0.1366293 0.2944381 0.1558251 0.2268559 0.04475468 0.2948348 0.1685206 0.3146563 0.1683375 0.3140307 0.1557183 0.3145342 0.1442741 0.3315786 0.1554589 0.3323568 0.1680781 0.3808652 0.2497444 0.3805448 0.154757 0.3806363 0.1676814 0.4240177 0.2588845 0.4245975 0.1674983 0.4385748 0.1675288 0.4383154 0.2590066 0.4401923 0.2720379 0.42533 0.1548944 0.4559396 0.2822003 0.4570993 0.2720684 0.4548714 0.3589838 0.4974746 0.2821393 0.49691 0.3594568 0.5376822 0.3591058 0.5381857 0.3673152 0.5556878 0.3648127 0.5557946 0.3735714 0.5733578 0.3758297 0.5734493 0.3669184 0.6158389 0.370901 0.555581 0.3560693 0.5735256 0.3580225 0.6157016 0.3621729 0.660502 0.36701 0.6607156 0.3758144 0.6155795 0.3534447 0.6795148 0.3651331 0.679469 0.3737698 0.6602884 0.3581903 0.6997635 0.3757839 0.6631571 0.2805676 0.7002365 0.3675441 0.7537652 0.3757534 0.6795758 0.3564965 0.7007248 0.3593042 0.7532464 0.3675898 0.7527276 0.359411 0.7711604 0.3669032 0.7711909 0.3756008 0.7864195 0.3757381 0.7711299 0.3582056 0.7868009 0.3672389 0.8493171 0.3707332 0.7702602 0.2817578 0.85037 0.3621271 0.7871825 0.3587396 0.7850462 0.2819409 0.892134 0.3675898 0.8921187 0.3764248 0.8514076 0.3535363 0.9094682 0.3655909 0.9093004 0.3740902 0.892134 0.3587549 0.9256428 0.3759518 0.8509651 0.2818494 0.9663233 0.3708248 0.9656367 0.379324 0.8959792 0.2835432 0.9262379 0.3682154 0.9096513 0.3570916 0.926833 0.3604791 0.9668727 0.362295 0.9279927 0.3255665 0.9719539 0.3267872 0.9126574 0.2845197 0.9294423 0.2875563 0.9725795 0.2864576 0.9696345 0.2786755 0.8986038 0.2740368 0.9145495 0.2754406 0.9305257 0.2763714 0.9299763 0.264622 0.9719387 0.2655985 0.9130999 0.2660868 0.9311665 0.216022 0.977615 0.2163119 0.8964675 0.2610666 0.9324941 0.1674525 0.9779965 0.1675593 0.9156939 0.1708248 0.9731594 0.1617303 0.8509957 0.2720379 0.9329976 0.1590143 0.7832304 0.2720226 0.9166247 0.1582361 0.9336843 0.1441367 0.9779812 0.1418173 0.9163653 0.1489738 0.9382315 0.07591361 0.975082 0.0777905 0.9779202 0.04618907 0.9002517 0.1571984 0.9411765 0.04165715 0.9807279 0.03837645 0.9233997 0.04605174 0.9422598 0.03398186 0.9870299 0.03121996 0.9247883 0.03834593 0.9060349 0.04876781 0.9081101 0.03797972 0.9252613 0.0319829 0.8997482 0.1481498 0.8583353 0.04548717 0.9088426 0.02957201 0.8544289 0.1457542 0.8597848 0.03303576 0.8540475 0.1547875 0.7867551 0.1447471 0.8991684 0.1698329 0.8537728 0.1678035 0.8517891 0.2511635 0.7861906 0.1666743 0.7851072 0.2588235 0.7859312 0.1539482 0.7719082 0.1666438 0.770367 0.2589761 0.7691463 0.2721599 0.7525902 0.2719768 0.7527428 0.2791943 0.7532311 0.254612 0.7019608 0.2716869 0.70103 0.279057 0.6808575 0.280766 0.6827344 0.2713359 0.6655833 0.2708171 0.6814069 0.2580758 0.701503 0.2541237 0.7550622 0.1631342 0.6831006 0.1656519 0.7718014 0.1539025 0.7030137 0.1625391 0.7724117 0.1445182 0.7551079 0.1536888 0.7034562 0.1530785 0.7555657 0.1389945 0.7738308 0.04856944 0.7880675 0.04582286 0.7875181 0.03579766 0.7734951 0.03550774 0.7569848 0.04789805 0.7874266 0.026627 0.7734646 0.02681011 0.7567865 0.03509575 0.8599374 0.01954681 0.7871672 0.02046233 0.7732967 0.02064544 0.7868467 0.01284808 0.860563 0.01115435 0.7730983 0.01303118 0.9109789 0.01741052 0.7567865 0.0206607 0.7568322 0.01303118 0.7055619 0.01141375 0.7569085 0.02684063 0.7049668 0.02641338 0.7047532 0.03651482 0.7045243 0.04802012 0.6855726 0.02590984 0.686305 0.01091021 0.685008 0.03602654 0.6683757 0.02227819 0.6692912 0.01042193 0.667567 0.03222704 0.6163882 0.01503015 0.6161288 0.007110715 0.6166323 0.02262914 0.5671168 0.01753259 0.5663844 0.01191729 0.5506371 0.01255816 0.6168154 0.03109789 0.5681849 0.02586406 0.5514305 0.02133209 0.6673381 0.04260319 0.5691921 0.04022276 0.6847944 0.0472877 0.6170138 0.04290837 0.6661174 0.05397117 0.7042344 0.05928129 0.6840925 0.05833524 0.7033341 0.1368734 0.6833906 0.141741 0.6656443 0.141268 0.6838025 0.1528801 0.6662547 0.1526207 0.617319 0.1401389 0.617258 0.1520867 0.6653849 0.1653925 0.5708095 0.05169755 0.5716029 0.1414664 0.5531853 0.04669261 0.5542077 0.05711454 0.5521782 0.0288853 0.5358663 0.02957201 0.5374686 0.05787748 0.5353475 0.0219425 0.5347524 0.01310748 0.4956588 0.01396203 0.5367818 0.04737926 0.4959945 0.02281225 0.496788 0.04599071 0.4555734 0.02325475 0.455436 0.01438928 0.4962386 0.02963305 0.4361181 0.02330053 0.4360571 0.01445031 0.452781 0.03041124 0.4559701 0.047364 0.4970626 0.05700773 0.4390478 0.04617381 0.4978256 0.1325704 0.455787 0.05818266 0.4385901 0.05722135 0.4559701 0.1329366 0.4360113 0.02999926 0.4255589 0.04402226 0.4254978 0.02912945 0.425742 0.02072173 0.425742 0.01455712 0.3800717 0.02224767 0.3796445 0.01422143 0.3803006 0.03833067 0.3296559 0.02352941 0.3293813 0.01611352 0.3297627 0.03234911 0.3128862 0.0224613 0.3127642 0.01646447 0.3128405 0.03121996 0.2939803 0.02249181 0.2940108 0.01654077 0.2439002 0.01629663 0.2938277 0.02981615 0.2437476 0.02265966 0.2280613 0.01612878 0.2940108 0.04287785 0.2435492 0.03298998 0.2276646 0.0238651 0.2142672 0.02188146 0.2147402 0.0155642 0.2273289 0.0337072 0.1435721 0.01915008 0.1428244 0.01150531 0.09474327 0.01588464 0.2139773 0.02545208 0.1431754 0.02763408 0.09597925 0.02612346 0.08213931 0.02467382 0.08131533 0.01692224 0.2137026 0.03282213 0.06491188 0.02470434 0.06446937 0.01782256 0.02697795 0.0246433 0.02745098 0.01898223 0.06536965 0.03398186 0.02226291 0.03189135 0.02117952 0.03933775 0.08255131 0.03300524 0.06616312 0.04298466 0.02281224 0.0712291 0.0838941 0.04068053 0.09652857 0.03425652 0.06703288 0.07563895 0.03108263 0.1361563 0.1430228 0.03651482 0.0975967 0.04316777 0.2130312 0.044007 0.1434501 0.04829478 0.08679332 0.1450828 0.1008011 0.1444266 0.1443503 0.1429465 0.2432288 0.04386967 0.2946365 0.1367361 0.313344 0.04466313 0.3307545 0.04782176 0.3322805 0.1440147 0.3810483 0.0506447 0.424857 0.05542076 0.3804685 0.1430228 0.4245365 0.1434806 0.4385138 0.1434959 0.4391852 0.1549249 0.4564584 0.1548181 0.4560464 0.1642786 0.4559853 0.2514534 0.4978409 0.1638972 0.4978561 0.1544213 0.4975815 0.2513313 0.4975509 0.2720073 0.5367818 0.2717174 0.5378958 0.2509193 0.5379416 0.1537194 0.5382925 0.163241 0.5382925 0.1317159 0.5550164 0.1418631 0.554406 0.1534142 0.5708247 0.1530175 0.5549554 0.166125 0.5715114 0.1657435 0.6171359 0.1652399 0.6161898 0.2490578 0.5714656 0.2580148 0.554696 0.2583047 0.6634318 0.2577554 0.6158389 0.2705272 0.5690242 0.2711681 0.6155032 0.2805982 0.5713283 0.2810407 0.5546349 0.2809644 0.5529412 0.2715343 0.5377432 0.2819257 0.1525292 0.6219272 0.1490349 0.6255741 0.1248798 0.6255741 0.1210803 0.6219272 0.1525292 0.6048982 0.1210803 0.6048982 0.1245747 0.601236 0.1487297 0.601236 0.6074464 0.94963 0.824979 0.94963 0.824979 0.9602503 0.6074464 0.9602503 0.6014496 0.94963 0.6014496 0.9602503 0.595468 0.9602503 0.595468 0.94963 0.4569772 0.94963 0.4569772 0.9602503 0.4509957 0.94963 0.4509957 0.9602503 0.4449989 0.9602503 0.4449989 0.94963 0.2272831 0.94963 0.2272831 0.9602503 0.202182 0.9602503 0.202182 0.94963 0.2251316 0.9875486 0.2014191 0.9875486 0.2014191 0.9771115 0.2251316 0.9771115 0.4455024 0.9875486 0.4455024 0.9771115 0.4514687 0.9875486 0.4514687 0.9771115 0.4574197 0.9771115 0.4574197 0.9875486 0.5958191 0.9875486 0.5958191 0.9771115 0.60177 0.9875486 0.60177 0.9771115 0.6077363 0.9771115 0.6077363 0.9875486 0.8284886 0.9875486 0.8284886 0.9771115 0.1822538 0.7738613 0.09872587 0.7738613 0.1822538 0.7819638 0.09872587 0.7819638 0.01518273 0.7738613 0.01518273 0.7819638 0.01196307 0.7819638 0.01196307 0.7738613 0.008194095 0.7819638 0.008194095 0.7738613 0.09834439 0.7953155 0.1814908 0.7953155 0.1814908 0.7872282 0.09834439 0.7872282 0.01519799 0.7953155 0.01519799 0.7872282 0.01196307 0.7953155 0.01196307 0.7872282 0.008178836 0.7953155 0.008178836 0.7872282 0.5075761 0.9311208 0.3963226 0.9311208 0.3963226 0.9216144 0.5075761 0.9216144 0.6188143 0.9311208 0.6188143 0.9216144 0.6249332 0.9311208 0.6249332 0.9216144 0.6310369 0.9216144 0.6310369 0.9311208 0.7675745 0.9311208 0.7675745 0.9216144 0.4308843 0.6873274 0.569894 0.6873274 0.569894 0.7015793 0.4308843 0.7015793 0.429099 0.7015793 0.429099 0.6873274 0.429099 0.7015793 0.4273289 0.7015793 0.429099 0.6873274 0.4273289 0.6873274 0.2919814 0.6873274 0.2919814 0.7015793 0.2901961 0.7015793 0.2901961 0.6873274 0.4411841 0.4312199 0.4183566 0.4312199 0.4183566 0.414374 0.4411841 0.414374 0.4436866 0.414374 0.4436866 0.4312199 0.4417334 0.4871443 0.4185244 0.4871443 0.4185244 0.4702983 0.4417334 0.4702983 0.4442511 0.4702983 0.4442511 0.4871443 0.4173495 0.4983292 0.4173495 0.5151751 0.440177 0.5151751 0.440177 0.4983292 0.4426795 0.4983292 0.4426795 0.5151751 0.4175174 0.5473411 0.4175174 0.5641718 0.4407263 0.5641718 0.4407263 0.5473411 0.4432441 0.5473411 0.4432441 0.5641718 0.4305333 0.7182879 0.5662165 0.7182879 0.5662165 0.7326467 0.4305333 0.7326467 0.4276951 0.7326467 0.4276951 0.7182879 0.2896925 0.7182879 0.2896925 0.7326467 0.2868086 0.7326467 0.2868086 0.7182879 0.1511254 0.7182879 0.1511254 0.7326467 0.1482414 0.7326467 0.1482414 0.7182879 0.2896925 0.7182879 0.2924697 0.7182879 0.2896925 0.7326467 0.2924697 0.7326467 0.4248722 0.7326467 0.4248722 0.7182879 0.4276951 0.7182879 0.4276951 0.7326467 0.1482414 0.7326467 0.1454643 0.7326467 0.1482414 0.7182879 0.1454643 0.7182879 0.01306172 0.7182879 0.01306172 0.7326467 0.0102388 0.7326467 0.0102388 0.7182879 0.6026703 0.8657817 0.6026703 0.8755932 0.4565347 0.8657817 0.4565347 0.8755932 0.4539254 0.8755932 0.4539254 0.8657817 0.3082017 0.8657817 0.3082017 0.8755932 0.3055924 0.8755932 0.3055924 0.8657817 0.1597925 0.8657817 0.1597925 0.8755932 0.1571832 0.8755932 0.1571832 0.8657817 0.01113909 0.8657817 0.01113909 0.8755932 0.008651866 0.8755932 0.008651866 0.8657817 0.6091859 0.8395514 0.6091859 0.8493935 0.4623636 0.8395514 0.4623636 0.8493935 0.4597696 0.8493935 0.4597696 0.8395514 0.3118792 0.8395514 0.3118792 0.8493935 0.3092851 0.8493935 0.3092851 0.8395514 0.1627985 0.8395514 0.1627985 0.8493935 0.1602045 0.8493935 0.1602045 0.8395514 0.01196307 0.8395514 0.01196307 0.8493935 0.009491112 0.8493935 0.009491112 0.8395514 0.4945602 0.7462425 0.3185016 0.7462425 0.4945602 0.7532006 0.3185016 0.7532006 0.3165942 0.7532006 0.3165942 0.7462425 0.2531319 0.7462425 0.2531319 0.7532006 0.2512245 0.7532006 0.2512245 0.7462425 0.07516594 0.7462425 0.07516594 0.7532006 0.07325856 0.7532006 0.07325856 0.7462425 0.009796293 0.7462425 0.009796293 0.7532006 0.007888914 0.7532006 0.007888914 0.7462425 0.501503 0.7578546 0.3231098 0.7578546 0.501503 0.7647822 0.3231098 0.7647822 0.3212024 0.7647822 0.3212024 0.7578546 0.25626 0.7578546 0.25626 0.7647822 0.2543526 0.7647822 0.2543526 0.7578546 0.07595941 0.7578546 0.07595941 0.7647822 0.07406729 0.7647822 0.07406729 0.7578546 0.009109636 0.7578546 0.009109636 0.7647822 0.007202258 0.7647822 0.007202258 0.7578546 0.009704738 0.9910277 0.009704738 0.9875486 0.03375296 0.9910277 0.03334096 0.9875486 0.2014191 0.9875486 0.201236 0.9910277 0.2251316 0.9875486 0.2251316 0.9910277 0.4455024 0.9875486 0.4455024 0.9910277 0.4514687 0.9875486 0.4514687 0.9910277 0.4574197 0.9910277 0.4574197 0.9875486 0.5958191 0.9875486 0.5958191 0.9910277 0.60177 0.9875486 0.60177 0.9910277 0.6077363 0.9910277 0.6077363 0.9875486 0.8284886 0.9875486 0.8284886 0.9910277 0.767544 0.9064164 0.6312352 0.9064164 0.767544 0.9026017 0.6312352 0.9026017 0.6251469 0.9026017 0.6251469 0.9064164 0.6190585 0.9064164 0.6190585 0.9026017 0.5078202 0.9064164 0.5078202 0.9026017 0.3965667 0.9026017 0.3965667 0.9064164 0.2460517 0.9064164 0.2460517 0.9026017 0.1345388 0.9064164 0.1345388 0.9026017 0.02301061 0.9026017 0.02301061 0.9064164 0.01664759 0.9026017 0.01664759 0.9064164 0.01026932 0.9064164 0.01026932 0.9026017 0.7675745 0.9352865 0.6310369 0.9352865 0.7675745 0.9311208 0.6310369 0.9311208 0.6249332 0.9311208 0.6249332 0.9352865 0.6188143 0.9352865 0.6188143 0.9311208 0.5075761 0.9352865 0.5075761 0.9311208 0.3963226 0.9311208 0.3963226 0.9352865 0.245594 0.9352865 0.245594 0.9311208 0.1346609 0.9352865 0.1346609 0.9311208 0.02372778 0.9311208 0.02372778 0.9352865 0.01733425 0.9311208 0.01733425 0.9352865 0.01045243 0.9352865 0.01048295 0.9311208 0.5099565 0.6344091 0.5090715 0.6323644 0.5120623 0.6353093 0.5364462 0.6092165 0.5090715 0.4024262 0.7300984 0.6353093 0.5364462 0.4255894 0.7059587 0.6092165 0.5120928 0.3995117 0.5099871 0.4003814 0.7301442 0.3995117 0.7059587 0.4255894 0.7331197 0.6323949 0.7322041 0.6344396 0.7331197 0.4024567 0.7322347 0.4003968 0.1734951 0.6100862 0.1740902 0.6124819 0.1670558 0.6186923 0.1692378 0.6191653 0.1709163 0.6272526 0.1693904 0.6291905 0.159762 0.6282597 0.1584344 0.6261845 0.1631495 0.6180667 0.1609369 0.6183108 0.1567865 0.6111696 0.1576257 0.6088502 0.1734951 0.6100862 0.1740902 0.6124819 0.1670558 0.6186923 0.1692378 0.6191653 0.1709163 0.6272526 0.1693904 0.6291905 0.159762 0.6282597 0.1584344 0.6261845 0.1631495 0.6180667 0.1609369 0.6183108 0.1567865 0.6111696 0.1576257 0.6088502 0.1734951 0.6100862 0.1740902 0.6124819 0.1670558 0.6186923 0.1692378 0.6191653 0.1709163 0.6272526 0.1693904 0.6291905 0.159762 0.6282597 0.1584344 0.6261845 0.1631495 0.6180667 0.1609369 0.6183108 0.1567865 0.6111696 0.1576257 0.6088502 0.1734951 0.6100862 0.1740902 0.6124819 0.1670558 0.6186923 0.1692378 0.6191653 0.1709163 0.6272526 0.1693904 0.6291905 0.159762 0.6282597 0.1584344 0.6261845 0.1631495 0.6180667 0.1609369 0.6183108 0.1567865 0.6111696 0.1576257 0.6088502 0.909987 0.02395666 0.9264057 0.02565044 0.927367 0.01890594 0.9431143 0.02584881 0.9437095 0.02088958 0.9876707 0.02542156 0.0876936 0.2168612 0.08714427 0.1688716 0.06964218 0.16495 0.03285268 0.1626154 0.100145 0.1557946 0.08635081 0.1561761 0.06923018 0.1565576 0.02915999 0.1569695 0.06913863 0.1401846 0.9872435 0.6228428 0.983917 0.6228428 0.983917 0.6193942 0.9872435 0.6193942 0.754818 0.6228428 0.983917 0.4021057 0.9872435 0.4021057 0.9872435 0.3987182 0.983917 0.3987182 0.754818 0.3987182 0.754818 0.6193942 0.751461 0.6228428 0.751461 0.6193942 0.754818 0.4021057 0.751461 0.3987182 0.751461 0.4021057 0.09001297 0.6005188 0.09127947 0.6042267 0.08662546 0.6044251 0.1122454 0.6006409 0.08975357 0.6059968 0.1109178 0.6043488 0.08647288 0.6229038 0.1155718 0.604654 0.0896315 0.6213931 0.1124132 0.6061646 0.09112688 0.6232243 0.1123064 0.6215762 0.08979934 0.6269321 0.1154345 0.6231327 0.1107652 0.6233311 0.112047 0.627039 0.09001297 0.6005188 0.09127947 0.6042267 0.08662546 0.6044251 0.1122454 0.6006409 0.08975357 0.6059968 0.1109178 0.6043488 0.08647288 0.6229038 0.1155718 0.604654 0.0896315 0.6213931 0.1124132 0.6061646 0.09112688 0.6232243 0.1123064 0.6215762 0.08979934 0.6269321 0.1154345 0.6231327 0.1107652 0.6233311 0.112047 0.627039 0.09001297 0.6005188 0.09127947 0.6042267 0.08662546 0.6044251 0.1122454 0.6006409 0.08975357 0.6059968 0.1109178 0.6043488 0.08647288 0.6229038 0.1155718 0.604654 0.0896315 0.6213931 0.1124132 0.6061646 0.09112688 0.6232243 0.1123064 0.6215762 0.08979934 0.6269321 0.1154345 0.6231327 0.1107652 0.6233311 0.112047 0.627039 0.09001297 0.6005188 0.09127947 0.6042267 0.08662546 0.6044251 0.1122454 0.6006409 0.08975357 0.6059968 0.1109178 0.6043488 0.08647288 0.6229038 0.1155718 0.604654 0.0896315 0.6213931 0.1124132 0.6061646 0.09112688 0.6232243 0.1123064 0.6215762 0.08979934 0.6269321 0.1154345 0.6231327 0.1107652 0.6233311 0.112047 0.627039 0.007003891 0.6873274 0.008712902 0.6873274 0.008819715 0.7015793 0.1226062 0.6032959 0.1503929 0.6070955 0.1286336 0.6248264 0.03941405 0.6012512 0.04521248 0.6410162 0.033402 0.6410162 0.01747158 0.6410162 0.02992294 0.6410162 0.02372778 0.6008545 0.04654002 0.6410162 0.04521248 0.6410162 0.03941405 0.6012512 0.03230335 0.6410162 0.03941405 0.6012512 0.033402 0.6410162 0.1226062 0.6032959 0.1502708 0.6115053 0.1239338 0.6246586 0.03674373 0.6012512 0.04521248 0.6410162 0.033402 0.6410162 0.01747158 0.6410162 0.02992294 0.6410162 0.02139315 0.6008545 0.04654002 0.6410162 0.04521248 0.6410162 0.03674373 0.6012512 0.03230335 0.6410162 0.03674373 0.6012512 0.033402 0.6410162 0.1226062 0.6032959 0.1502708 0.6115053 0.1239338 0.6246586 0.0358587 0.6012512 0.04521248 0.6410162 0.033402 0.6410162 0.01747158 0.6410162 0.02992294 0.6410162 0.02061494 0.6008545 0.04654002 0.6410162 0.04521248 0.6410162 0.0358587 0.6012512 0.03230335 0.6410162 0.0358587 0.6012512 0.033402 0.6410162 0.9437095 0.02088958 0.9880064 0.02320898 0.9858701 0.02920574 0.03346303 0.2117037 0.03509575 0.2117952 0.02944991 0.261265 0.1226062 0.6032959 0.1502708 0.6115053 0.1239338 0.6246586 0.009796293 0.863798 0.1591363 0.8618143 0.008651866 0.8755932 0.03674373 0.6012512 0.04521248 0.6410162 0.033402 0.6410162 0.01747158 0.6410162 0.02992294 0.6410162 0.02139315 0.6008545 0.04654002 0.6410162 0.04521248 0.6410162 0.03674373 0.6012512 0.03230335 0.6410162 0.03674373 0.6012512 0.033402 0.6410162 0.008239872 0.9602503 0.03515679 0.9457542 0.03439384 0.9602503 0.03344778 0.9736171 0.03334096 0.9875486 0.009704738 0.9875486 0.824979 0.9641413 0.5993133 0.9641413 0.824979 0.9602503 0.2460517 0.9026017 0.2460517 0.8885481 0.3965667 0.8968338 0.01518273 0.7738613 0.009140154 0.7738613 0.01359579 0.7819638 0.767544 0.9064164 0.6297093 0.9064164 0.767544 0.9026017 0.0121767 0.9352865 0.01048295 0.9311208 0.02372778 0.9352865 0.4547799 0.7819638 0.2882124 0.7738613 0.2882124 0.7819638 0.2460517 0.8885481 0.02001984 0.9064164 0.02142367 0.8923476 0.6188143 0.9216144 0.3963226 0.9352865 0.3963226 0.9216144 0.4534218 0.7872282 0.2873579 0.7872282 0.2873579 0.7953155 0.1814908 0.7953155 0.01519799 0.7872282 0.01519799 0.7953155 0.4291295 0.7015793 0.4273289 0.6873274 0.429099 0.6873274 0.4291295 0.7015793 0.2919814 0.6873274 0.2897536 0.7015793 0.2901961 0.6873274 0.2897536 0.7015793 0.2884108 0.6873274 0.2901961 0.6873274 0.1494163 0.6873274 0.2897536 0.7015793 0.1477226 0.7015793 0.147631 0.6873274 0.1477226 0.7015793 0.1458457 0.6873274 0.147631 0.6873274 0.1477226 0.7015793 0.1477226 0.7015793 0.01049821 0.6873274 0.008819715 0.7015793 0.008712902 0.6873274 0.008819715 0.7015793 0.05821317 0.6398566 0.05821317 0.6257877 0.06472877 0.6328222 0.07125963 0.6257877 0.07125963 0.6398566 0.05821317 0.6257877 0.06472877 0.6257877 0.06472877 0.6328222 0.07125963 0.6257877 0.06472877 0.6328222 0.06472877 0.6398566 0.05821317 0.6398566 0.06472877 0.6328222 0.07125963 0.6398566 0.06472877 0.6328222 0.05821317 0.6398566 0.05821317 0.6257877 0.06472877 0.6328222 0.07125963 0.6257877 0.07125963 0.6398566 0.05821317 0.6257877 0.06472877 0.6257877 0.06472877 0.6328222 0.07125963 0.6257877 0.06472877 0.6328222 0.06472877 0.6398566 0.05821317 0.6398566 0.06472877 0.6328222 0.07125963 0.6398566 0.06472877 0.6328222 0.05821317 0.6398566 0.05821317 0.6257877 0.06472877 0.6328222 0.07125963 0.6257877 0.07125963 0.6398566 0.05821317 0.6257877 0.06472877 0.6257877 0.06472877 0.6328222 0.07125963 0.6257877 0.06472877 0.6328222 0.06472877 0.6398566 0.05821317 0.6398566 0.06472877 0.6328222 0.07125963 0.6398566 0.06472877 0.6328222 0.02758831 0.1571984 0.02935836 0.1364462 0.03108263 0.1361563 0.03285268 0.1626154 0.03123522 0.162829 0.03509575 0.2117952 0.03346303 0.2117037 0.05821317 0.6398566 0.05821317 0.6257877 0.06472877 0.6328222 0.07125963 0.6257877 0.07125963 0.6398566 0.05821317 0.6257877 0.06472877 0.6257877 0.06472877 0.6328222 0.07125963 0.6257877 0.06472877 0.6328222 0.06472877 0.6398566 0.05821317 0.6398566 0.06472877 0.6328222 0.07125963 0.6398566 0.06472877 0.6328222 0.4455024 0.9836271 0.2014191 0.9875486 0.2010834 0.9736171 0.4570535 0.9771115 0.4523842 0.9909972 0.5988861 0.9909972 0.6019684 0.9849393 0.6041505 0.9736171 0.8284886 0.9875486 0.8284886 0.975372 0.2460517 0.9026017 0.02001984 0.9064164 0.2460517 0.8885481 0.01026932 0.9026017 0.02142367 0.8923476 0.01103227 0.8909285 0.01103227 0.8909285 0.02301061 0.8885481 0.02142367 0.8923476 0.2460517 0.8885481 0.02142367 0.8923476 0.6190585 0.9064164 0.3965667 0.9064164 0.3965667 0.8968338 0.2460517 0.9064164 0.3965667 0.8968338 0.2460517 0.9026017 0.02001984 0.9064164 0.03242542 0.3236591 0.03324941 0.3236591 0.03002976 0.3613947 0.03324941 0.3236591 0.07170215 0.3246509 0.07452507 0.3598688 0.07005417 0.3747158 0.03002976 0.3613947 0.07042038 0.2862898 0.03166247 0.2822766 0.09246967 0.3577325 0.07005417 0.3747158 0.09829862 0.3752651 0.1073777 0.358175 0.08807507 0.2838178 0.1024796 0.283299 0.06944381 0.2748913 0.03021286 0.2745861 0.02944991 0.261265 0.08618296 0.2743725 0.0998703 0.2736095 0.08593881 0.2647746 0.07029831 0.2137179 0.03509575 0.2117952 0.102266 0.2604715 0.06964218 0.16495 0.03285268 0.1626154 0.0876936 0.2168612 0.08714427 0.1688716 0.08703746 0.1552606 0.02758831 0.1571984 0.1010147 0.1684901 0.03108263 0.1361563 0.145037 0.2518501 0.02281224 0.0712291 0.06703288 0.07563895 0.1453117 0.2721752 0.06913863 0.1401846 0.08679332 0.1450828 0.0838941 0.04068053 0.1431601 0.03428704 0.06616312 0.04298466 0.02281224 0.0712291 0.02117952 0.03933775 0.07341115 0.032166 0.0243534 0.02163732 0.02745098 0.01898223 0.06446937 0.01782256 0.08131533 0.01692224 0.09474327 0.01588464 0.1428244 0.01150531 0.2214389 0.02551311 0.2147402 0.0155642 0.2280613 0.01612878 0.2439002 0.01629663 0.2940108 0.01654077 0.3127642 0.01646447 0.3261769 0.02549785 0.3293813 0.01611352 0.3796445 0.01422143 0.2674449 0.0445258 0.3804837 0.03605705 0.425742 0.01455712 0.224094 0.1517968 0.4325017 0.02723736 0.4360571 0.01445031 0.455436 0.01438928 0.3153582 0.1506981 0.4390936 0.04565501 0.1445335 0.1533074 0.1445487 0.167834 0.2120241 0.1681849 0.2120851 0.2598307 0.2262303 0.168368 0.2430304 0.1685054 0.2268254 0.2602121 0.2439002 0.252903 0.2140078 0.2728466 0.2280461 0.2732586 0.2444953 0.2735332 0.227039 0.2827191 0.212314 0.2825818 0.1448997 0.2819257 0.1460594 0.3531243 0.1483024 0.3707027 0.09829862 0.3752651 0.2100252 0.3582819 0.2259861 0.3577631 0.2246891 0.3730831 0.2235447 0.418143 0.1534142 0.4137942 0.1509423 0.4376745 0.1534142 0.4137942 0.2443122 0.3589838 0.1509423 0.4376745 0.1515221 0.5224689 0.2442206 0.2837263 0.22533 0.54168 0.1551385 0.5445945 0.2417792 0.5934234 0.2196384 0.5887693 0.1551385 0.5445945 0.151339 0.5929351 0.2196384 0.5887693 0.2417792 0.5934234 0.3129625 0.5903258 0.315465 0.5492485 0.3728695 0.5942168 0.3696193 0.5458152 0.3183185 0.5235828 0.3735408 0.5237354 0.3191119 0.4200809 0.3729915 0.4206607 0.3735408 0.5237354 0.2962539 0.3692989 0.324361 0.372488 0.3794919 0.3709468 0.2961776 0.358587 0.3172808 0.3573968 0.3361715 0.3573815 0.2954299 0.2836652 0.2945754 0.2734264 0.315404 0.2823987 0.2952773 0.2527352 0.3137408 0.2730602 0.2948348 0.1685206 0.3152972 0.2598917 0.3146563 0.1683375 0.3309224 0.2724651 0.3333181 0.2594949 0.3323568 0.1680781 0.333196 0.2821393 0.3808499 0.2717937 0.3809415 0.3532616 0.3809262 0.2817731 0.4209659 0.3578241 0.436347 0.3750973 0.4242008 0.2815442 0.4362554 0.3571679 0.4543679 0.3672084 0.436347 0.3750973 0.5386893 0.3755093 0.4383154 0.2814527 0.4548714 0.3589838 0.4265507 0.2718242 0.4559396 0.2822003 0.4401923 0.2720379 0.49691 0.3594568 0.4974746 0.2821393 0.5376822 0.3591058 0.5386893 0.3755093 0.4570993 0.2720684 0.4383154 0.2590066 0.4240177 0.2588845 0.4559853 0.2514534 0.3808652 0.2497444 0.4385748 0.1675288 0.4245975 0.1674983 0.3806363 0.1676814 0.3805295 0.1532921 0.4391394 0.1516289 0.4424659 0.05706877 0.4560464 0.1642786 0.555169 0.0493477 0.4978409 0.1638972 0.5524071 0.1500572 0.4975815 0.2513313 0.4975509 0.2720073 0.5367818 0.2717174 0.5378958 0.2509193 0.5382925 0.163241 0.5549554 0.166125 0.554696 0.2583047 0.5377432 0.2819257 0.5529412 0.2715343 0.5386893 0.3755093 0.5601739 0.374136 0.5546349 0.2809644 0.555581 0.3560693 0.5735256 0.3580225 0.6158389 0.370901 0.5713283 0.2810407 0.5690242 0.2711681 0.6155032 0.2805982 0.5714656 0.2580148 0.6158389 0.2705272 0.5715114 0.1657435 0.6161898 0.2490578 0.6172732 0.1498436 0.6171359 0.1652399 0.6653849 0.1653925 0.6634318 0.2577554 0.6655833 0.2708171 0.6831006 0.1656519 0.6631571 0.2805676 0.6814069 0.2580758 0.6155795 0.3534447 0.6602884 0.3581903 0.6826734 0.3745785 0.6795758 0.3564965 0.6808575 0.280766 0.6827344 0.2713359 0.70103 0.279057 0.7007248 0.3593042 0.7002365 0.3675441 0.6826734 0.3745785 0.7537652 0.3757534 0.7527276 0.359411 0.7537652 0.3757534 0.7527428 0.2791943 0.7019608 0.2716869 0.7702602 0.2817578 0.701503 0.2541237 0.7525902 0.2719768 0.7030137 0.1625391 0.7691463 0.2721599 0.7532311 0.254612 0.770367 0.2589761 0.7550622 0.1631342 0.6824598 0.150866 0.7719082 0.1666438 0.7717861 0.1495079 0.6168002 0.03123522 0.696376 0.05050737 0.5555962 0.02240026 0.4956588 0.01396203 0.5347524 0.01310748 0.5506371 0.01255816 0.5663844 0.01191729 0.6161288 0.007110715 0.6953841 0.03311205 0.6692912 0.01042193 0.686305 0.01091021 0.7055619 0.01141375 0.764538 0.03833067 0.7580529 0.02452123 0.7568322 0.01303118 0.7730983 0.01303118 0.7868467 0.01284808 0.860563 0.01115435 0.8590524 0.03926146 0.927367 0.01890594 0.9109789 0.01741052 0.9208515 0.03440911 0.9437095 0.02088958 0.9858701 0.02920574 0.9411765 0.04165715 0.9779202 0.04618907 0.9233997 0.04605174 0.9382315 0.07591361 0.975082 0.0777905 0.9163653 0.1489738 0.975082 0.0777905 0.9779812 0.1418173 0.9336843 0.1441367 0.9779812 0.1418173 0.9731594 0.1617303 0.9147478 0.1569695 0.9324941 0.1674525 0.9779965 0.1675593 0.977615 0.2163119 0.9311665 0.216022 0.977615 0.2163119 0.9719387 0.2655985 0.9156939 0.1708248 0.9130999 0.2660868 0.9719387 0.2655985 0.9305257 0.2763714 0.8991684 0.1698329 0.9696345 0.2786755 0.9719387 0.2655985 0.8540933 0.1536583 0.9294423 0.2875563 0.9725795 0.2864576 0.9719539 0.3267872 0.9279927 0.3255665 0.9145495 0.2754406 0.9719539 0.3267872 0.9668727 0.362295 0.926833 0.3604791 0.9668727 0.362295 0.965713 0.3782712 0.9256428 0.3759518 0.9096513 0.3570916 0.9256428 0.3759518 0.9049973 0.37467 0.9126574 0.2845197 0.9049973 0.37467 0.892134 0.3587549 0.8986038 0.2740368 0.8959792 0.2835432 0.8964675 0.2610666 0.9049973 0.37467 0.8493171 0.3707332 0.8509957 0.2720379 0.8514076 0.3535363 0.7759518 0.3756466 0.7871825 0.3587396 0.8509651 0.2818494 0.7850462 0.2819409 0.7711299 0.3582056 0.7759518 0.3756466 0.7759518 0.3756466 0.7537652 0.3757534 0.7832304 0.2720226 0.7851072 0.2588235 0.8517891 0.2511635 0.7861906 0.1666743 0.8537728 0.1678035 0.01519799 0.7872282 0.1814908 0.7953155 0.1814908 0.7872282 0.009124896 0.7872282 0.009124896 0.7953155 0.01519799 0.7953155 0.02372778 0.917464 0.02372778 0.9216144 0.01239033 0.9190204 0.245594 0.9216144 0.02372778 0.9216144 0.245594 0.917464 0.245594 0.9216144 0.3963226 0.917464 0.3963226 0.9216144 0.6188143 0.917464 0.3963226 0.9216144 0.6188143 0.9216144 0.6302739 0.917464 0.6188143 0.9216144 0.2098116 0.6712291 0.2098116 0.6558328 0.3088273 0.6712291 0.3088273 0.6558328 0.1073014 0.6712291 0.008285649 0.6712291 0.1073014 0.6558328 0.008285649 0.6558328 0.5099871 0.634226 0.5101854 0.4003968 0.5364462 0.6092165 0.5364462 0.4255894 0.4113527 0.6558328 0.4113527 0.6712291 0.3088273 0.6558328 0.3088273 0.6712291 0.1073014 0.6712291 0.1073014 0.6558328 0.2098116 0.6712291 0.2098116 0.6558328 0.3921416 0.414374 0.4183566 0.414374 0.3921416 0.4312199 0.4183566 0.4312199 0.4944381 0.4312199 0.4687877 0.4312199 0.4944381 0.414374 0.4687877 0.414374 0.3927062 0.4702983 0.4185244 0.4702983 0.3927062 0.4871443 0.4185244 0.4871443 0.4950179 0.4871443 0.4688792 0.4871443 0.4950179 0.4702983 0.4688792 0.4702983 0.4710155 0.4585183 0.4446784 0.4585183 0.4710155 0.4416724 0.4446784 0.4416724 0.3928588 0.4416724 0.4190738 0.4416724 0.3928588 0.4585183 0.4190738 0.4585183 0.4446784 0.4585183 0.4190738 0.4585183 0.4446784 0.4416724 0.4190738 0.4416724 0.4967269 0.4585183 0.4710155 0.4585183 0.4967269 0.4416724 0.4710155 0.4416724 0.3911345 0.4983292 0.3911345 0.5151751 0.4173495 0.4983292 0.4173495 0.5151751 0.493431 0.5151751 0.493431 0.4983292 0.4677806 0.5151751 0.4677806 0.4983292 0.3916991 0.5473411 0.3916991 0.5641718 0.4175174 0.5473411 0.4175174 0.5641718 0.4940108 0.5641718 0.4940108 0.5473411 0.4678721 0.5641718 0.4678721 0.5473411 0.4700084 0.5403067 0.4700084 0.523476 0.4436713 0.5403067 0.4436713 0.523476 0.3918517 0.523476 0.3918517 0.5403067 0.4180667 0.523476 0.4180667 0.5403067 0.4436713 0.5403067 0.4436713 0.523476 0.4180667 0.5403067 0.4180667 0.523476 0.4957199 0.5403067 0.4957199 0.523476 0.4700084 0.5403067 0.4700084 0.523476 0.2893263 0.7326467 0.2893263 0.7182879 0.4278477 0.7326467 0.4280461 0.7182879 0.1481041 0.7182879 0.1486076 0.7326467 0.01008621 0.7182879 0.009887846 0.7326467 0.4278477 0.7326467 0.4280461 0.7182879 0.5662165 0.7326467 0.5662165 0.7182879 0.1486076 0.7326467 0.1481041 0.7182879 0.2893263 0.7326467 0.2893263 0.7182879 0.9858701 0.64683 0.9860837 0.862974 0.7502556 0.6468452 0.7571374 0.8701457 0.9870299 0.399115 0.9872435 0.6224155 0.751461 0.6224155 0.7518578 0.3989319 0.1734951 0.6100862 0.1725032 0.6198672 0.1670558 0.6186923 0.1693904 0.6291905 0.1734951 0.6100862 0.1725032 0.6198672 0.1670558 0.6186923 0.1693904 0.6291905 0.159762 0.6282597 0.1576104 0.618677 0.1631495 0.6180667 0.1576257 0.6088502 0.1734951 0.6100862 0.1725032 0.6198672 0.1670558 0.6186923 0.1693904 0.6291905 0.159762 0.6282597 0.1576104 0.618677 0.1631495 0.6180667 0.1576257 0.6088502 0.02281224 0.0712291 0.03108263 0.1361563 0.02935836 0.1364462 0.02108797 0.07188523 0.02281224 0.0712291 0.01934844 0.03988707 0.02117952 0.03933775 0.0243534 0.02163732 0.1734951 0.6100862 0.1725032 0.6198672 0.1670558 0.6186923 0.1693904 0.6291905 0.03515679 0.9457542 0.202182 0.9457542 0.03439384 0.9602503 0.202182 0.9602503 0.03344778 0.9736171 0.2010834 0.9736171 0.03334096 0.9875486 0.2014191 0.9875486 0.009384299 0.8043793 0.009384299 0.8129854 0.1190356 0.8043793 0.1190356 0.8129854 0.00920119 0.8198673 0.00920119 0.827924 0.1188678 0.8198673 0.1188678 0.827924 0.8284886 0.9909972 0.5988861 0.9909972 0.8284886 0.9875486 0.6019684 0.9849393 0.3963226 0.9352865 0.245594 0.9352865 0.3963226 0.9216144 0.245594 0.9216144 0.02372778 0.9352865 0.01239033 0.9190204 0.02372778 0.9216144 0.01048295 0.9311208 0.2882124 0.7819638 0.2882124 0.7738613 0.1822538 0.7819638 0.1822538 0.7738613 0.2873579 0.7953155 0.2873579 0.7872282 0.1814908 0.7953155 0.1814908 0.7872282 0.7675745 0.9352865 0.6216831 0.9352865 0.7675745 0.9311208 0.6279851 0.9311208 0.1822538 0.7738613 0.01518273 0.7738613 0.1822538 0.7819638 0.01359579 0.7819638 0.245594 0.9352865 0.02372778 0.9352865 0.245594 0.9216144 0.02372778 0.9216144 0.4291295 0.7015793 0.429099 0.6873274 0.4308843 0.6873274 0.569894 0.7015793 0.569894 0.6873274 0.4436866 0.4312199 0.4436866 0.414374 0.446189 0.414374 0.446189 0.4312199 0.4687877 0.414374 0.4687877 0.4312199 0.4442511 0.4871443 0.4442511 0.4702983 0.4467231 0.4702983 0.4467231 0.4871443 0.4688792 0.4702983 0.4688792 0.4871443 0.4677806 0.5151751 0.4677806 0.4983292 0.445182 0.5151751 0.445182 0.4983292 0.4426795 0.5151751 0.4426795 0.4983292 0.4678721 0.5641718 0.4678721 0.5473411 0.445716 0.5641718 0.445716 0.5473411 0.4432441 0.5641718 0.4432441 0.5473411 0.159762 0.6282597 0.1584344 0.6261845 0.1631495 0.6180667 0.1567865 0.6111696 0.1576257 0.6088502 0.03324941 0.3236591 0.03242542 0.3236591 0.03004501 0.2824445 0.03166247 0.2822766 0.028336 0.2745708 0.03021286 0.2745861 0.02944991 0.261265 0.159762 0.6282597 0.1584344 0.6261845 0.1631495 0.6180667 0.1567865 0.6111696 0.1576257 0.6088502 0.6026703 0.863798 0.6026703 0.8755932 0.4558785 0.8618143 0.4547341 0.8755932 0.3082017 0.8618143 0.3082017 0.8755932 0.3055924 0.8755932 0.3055924 0.8618143 0.1591363 0.8618143 0.1579919 0.8755932 0.008651866 0.8755932 0.01020829 0.8793469 0.6091859 0.8395514 0.6088502 0.8513924 0.4615549 0.8395514 0.461387 0.8533913 0.3110704 0.8395514 0.3099413 0.8533913 0.1619898 0.8395514 0.1610132 0.8533913 0.01196307 0.8395514 0.01008621 0.8518959 0.009491112 0.8395514 0.6091859 0.8358282 0.6091859 0.8395514 0.4615549 0.8395514 0.4615549 0.8358282 0.3110704 0.8395514 0.3110704 0.8358282 0.1619898 0.8395514 0.1619898 0.8358282 0.01196307 0.8395514 0.01185626 0.8358282 0.009491112 0.8395514 0.1190356 0.8043793 0.1190356 0.8129854 0.3006943 0.8129854 0.301442 0.8043793 0.3990692 0.8129854 0.4006561 0.8043793 0.5833829 0.8129854 0.5833829 0.8043793 0.1188678 0.8198673 0.1188678 0.827924 0.3028305 0.827924 0.3038682 0.8198673 0.3992218 0.827924 0.4022736 0.8198673 0.584802 0.827924 0.584802 0.8198673 0.009704738 0.9875486 0.03334096 0.9875486 0.03375296 0.9909972 0.2014191 0.9875486 0.201236 0.9909972 0.4455024 0.9836271 0.4523842 0.9909972 0.6041505 0.9736171 0.6019684 0.9849393 0.4570535 0.9771115 0.4541543 0.9736171 0.4455024 0.9836271 0.2010834 0.9736171 0.6216831 0.9352865 0.3963226 0.9352865 0.6188143 0.9216144 0.6279851 0.9311208 0.6302739 0.917464 0.7675745 0.9311208 0.7675745 0.9195392 0.4534218 0.7872282 0.2873579 0.7953155 0.4550698 0.7953155 0.4599985 0.7872282 0.5498894 0.7953155 0.5498894 0.7872282 0.6254826 0.8885481 0.767544 0.8909285 0.6254826 0.8923476 0.3965667 0.8885481 0.3965667 0.8968338 0.2460517 0.8885481 0.5101854 0.4003968 0.7317159 0.4001831 0.5364462 0.4255894 0.7059587 0.4255894 0.7319447 0.634226 0.7059587 0.6092165 0.5099871 0.634226 0.5364462 0.6092165 0.7059587 0.6092165 0.1625086 0.6365606 0.142565 0.6417487 0.147097 0.633463 0.1270314 0.633463 0.1118486 0.6417487 0.1088579 0.633463 0.088365 0.6365606 0.1625086 0.6365606 0.1459525 0.6417487 0.147097 0.633463 0.1270314 0.633463 0.1156634 0.6417487 0.1088579 0.633463 0.088365 0.6365606 0.1625086 0.6365606 0.1459525 0.6417487 0.147097 0.633463 0.1270314 0.633463 0.1156634 0.6417487 0.1088579 0.633463 0.088365 0.6365606 0.1625086 0.6365606 0.1459525 0.6417487 0.147097 0.633463 0.1270314 0.633463 0.1156634 0.6417487 0.1088579 0.633463 0.088365 0.6365606 0.4945602 0.7462425 0.3180285 0.7462425 0.4945602 0.7532006 0.3171893 0.7532006 0.2531319 0.7462425 0.2518196 0.7532006 0.2512245 0.7462425 0.07469291 0.7462425 0.07385366 0.7532006 0.00920119 0.7462425 0.009079118 0.7532006 0.501503 0.7578546 0.3225147 0.7578546 0.501503 0.7647822 0.3223926 0.7647822 0.2556649 0.7578546 0.2548257 0.7647822 0.07536431 0.7578546 0.07466239 0.7647822 0.008514535 0.7578546 0.007675288 0.7647822 0.6020752 0.8793469 0.4547341 0.8793469 0.6026703 0.8755932 0.4547341 0.8755932 0.3064164 0.8793469 0.3082017 0.8755932 0.3055924 0.8755932 0.1579919 0.8793469 0.1579919 0.8755932 0.01020829 0.8793469 0.60206 0.94963 0.824979 0.9457542 0.824979 0.9602503 0.5993133 0.9641413 0.4569772 0.94963 0.4495155 0.9602503 0.4505531 0.9457542 0.202182 0.9457542 0.202182 0.9602503 0.03439384 0.9641413 0.008239872 0.9602503 0.03439384 0.9602503 0.202182 0.9602503 0.2014954 0.9641413 0.4495155 0.9602503 0.4492561 0.9641413 0.5993133 0.9641413 0.4505531 0.9457542 0.60206 0.9457542 0.4569772 0.94963 0.60206 0.94963 0.824979 0.9457542 0.4411841 0.4312199 0.4183566 0.4312199 0.4183566 0.414374 0.4411841 0.414374 0.4436866 0.414374 0.4436866 0.4312199 0.4417334 0.4871443 0.4185244 0.4871443 0.4185244 0.4702983 0.4417334 0.4702983 0.4442511 0.4702983 0.4442511 0.4871443 0.4173495 0.4983292 0.4173495 0.5151751 0.440177 0.5151751 0.440177 0.4983292 0.4426795 0.4983292 0.4426795 0.5151751 0.4175174 0.5473411 0.4175174 0.5641718 0.4407263 0.5641718 0.4407263 0.5473411 0.4432441 0.5473411 0.4432441 0.5641718 0.6190585 0.9064164 0.3965667 0.8968338 0.6254826 0.8923476 0.6297093 0.9064164 0.767544 0.9026017 0.767544 0.8909285 0.2882124 0.7738613 0.4547799 0.7819638 0.4584573 0.7738613 0.4608682 0.7819638 0.5506523 0.7819638 0.5506523 0.7738613 0.08897536 0.6259251 0.0896315 0.6213931 0.09112688 0.6232243 0.1107652 0.6233311 0.08975357 0.6059968 0.1139544 0.6248417 0.08810559 0.6027161 0.1123522 0.6138704 0.09127947 0.6042267 0.1130846 0.601648 0.1109178 0.6043488 0.08897536 0.6259251 0.0896315 0.6213931 0.09112688 0.6232243 0.1107652 0.6233311 0.08975357 0.6059968 0.1139544 0.6248417 0.08810559 0.6027161 0.1123522 0.6138704 0.09127947 0.6042267 0.1130846 0.601648 0.1109178 0.6043488 0.1130846 0.601648 0.1109178 0.6043488 0.09127947 0.6042267 0.1123522 0.6138704 0.08810559 0.6027161 0.1139544 0.6248417 0.08969253 0.6136873 0.1107652 0.6233311 0.08897536 0.6259251 0.09112688 0.6232243 0.1130846 0.601648 0.1109178 0.6043488 0.09127947 0.6042267 0.1123522 0.6138704 0.08810559 0.6027161 0.1139544 0.6248417 0.08969253 0.6136873 0.1107652 0.6233311 0.08897536 0.6259251 0.09112688 0.6232243</float_array>
          <technique_common>
            <accessor source="#brock1__CmFillerObjectA02C-texcoord-array" count="2690" stride="2">
              <param name="S" type="float" />
              <param name="T" type="float" />
            </accessor>
          </technique_common>
        </source>
        <vertices id="brock1__CmFillerObjectA02C-vertex">
          <input semantic="POSITION" source="#brock1__CmFillerObjectA02C-position" />
        </vertices>
        <triangles material="CmFillerObjectA02C" count="1798">
          <input semantic="VERTEX" source="#brock1__CmFillerObjectA02C-vertex" offset="0" />
          <input semantic="NORMAL" source="#brock1__CmFillerObjectA02C-normal" offset="1" />
          <input semantic="COLOR" source="#brock1__CmFillerObjectA02C-color" offset="2" set="0" />
          <input semantic="TEXCOORD" source="#brock1__CmFillerObjectA02C-texcoord" offset="3" set="0" />
          <p>0 0 0 0 1 1 1 1 2 2 2 2 3 3 3 3 4 4 4 4 5 5 5 5 4 4 4 4 6 6 6 6 5 5 5 5 7 7 7 7 8 8 8 8 9 9 9 9 8 8 8 8 10 10 10 10 9 9 9 9 11 11 11 11 12 12 12 12 13 13 13 13 12 12 12 12 14 14 14 14 13 13 13 13 15 15 15 15 16 16 16 16 17 17 17 17 16 16 16 16 18 18 18 18 17 17 17 17 19 19 19 19 20 20 20 20 21 21 21 21 20 20 20 20 22 22 22 22 21 21 21 21 23 23 23 23 24 24 24 24 25 25 25 25 24 24 24 24 26 26 26 26 25 25 25 25 27 27 27 27 28 28 28 28 29 29 29 29 28 28 28 28 30 30 30 30 29 29 29 29 31 31 31 31 32 32 32 32 33 33 33 33 32 32 32 32 34 34 34 34 33 33 33 33 35 35 35 35 36 36 36 36 37 37 37 37 36 36 36 36 38 38 38 38 37 37 37 37 39 39 39 39 40 40 40 40 41 41 41 41 40 40 40 40 42 42 42 42 41 41 41 41 43 43 43 43 44 44 44 44 45 45 45 45 44 44 44 44 46 46 46 46 45 45 45 45 47 47 47 47 48 48 48 48 49 49 49 49 48 48 48 48 50 50 50 50 49 49 49 49 51 51 51 51 52 52 52 52 53 53 53 53 52 52 52 52 54 54 54 54 53 53 53 53 55 55 55 55 56 56 56 56 57 57 57 57 56 56 56 56 58 58 58 58 57 57 57 57 59 59 59 59 60 60 60 60 61 61 61 61 60 60 60 60 62 62 62 62 61 61 61 61 63 63 63 63 64 64 64 64 65 65 65 65 64 64 64 64 66 66 66 66 65 65 65 65 67 67 67 67 68 68 68 68 69 69 69 69 68 68 68 68 70 70 70 70 69 69 69 69 71 71 71 71 72 72 72 72 73 73 73 73 72 72 72 72 74 74 74 74 73 73 73 73 75 75 75 75 76 76 76 76 77 77 77 77 76 76 76 76 78 78 78 78 77 77 77 77 79 79 79 79 80 80 80 80 81 81 81 81 80 80 80 80 82 82 82 82 81 81 81 81 83 83 83 83 84 84 84 84 85 85 85 85 84 84 84 84 86 86 86 86 85 85 85 85 87 87 87 87 88 88 88 88 89 89 89 89 88 88 88 88 90 90 90 90 89 89 89 89 91 91 91 91 92 92 92 92 93 93 93 93 94 94 94 94 91 91 91 91 93 93 93 93 95 95 95 95 94 94 94 94 96 96 96 96 97 97 97 97 95 95 95 95 96 96 96 96 98 98 98 98 95 95 95 95 99 99 99 99 95 95 95 95 100 100 100 100 99 99 99 99 100 100 100 100 95 95 95 95 97 97 97 97 99 99 99 99 100 100 100 100 101 101 101 101 100 100 100 100 102 102 102 102 101 101 101 101 102 102 102 102 100 100 100 100 103 103 103 103 104 104 104 104 100 100 100 100 97 97 97 97 100 100 100 100 104 104 104 104 103 103 103 103 103 103 103 103 104 104 104 104 105 105 105 105 104 104 104 104 106 106 106 106 105 105 105 105 104 104 104 104 97 97 97 97 107 107 107 107 106 106 106 106 104 104 104 104 107 107 107 107 107 107 107 107 108 108 108 108 109 109 109 109 108 108 108 108 110 110 110 110 109 109 109 109 111 111 111 111 112 112 112 112 113 113 113 113 112 112 112 112 114 114 114 114 113 113 113 113 115 115 115 115 116 116 116 116 117 117 117 117 118 118 118 118 115 115 115 115 117 117 117 117 119 119 119 119 120 120 120 120 121 121 121 121 120 120 120 120 122 122 122 122 121 121 121 121 123 123 123 123 124 124 124 124 125 125 125 125 124 124 124 124 126 126 126 126 125 125 125 125 127 127 127 127 128 128 128 128 129 129 129 129 128 128 128 128 130 130 130 130 129 129 129 129 131 131 131 131 132 132 132 132 133 133 133 133 132 132 132 132 134 134 134 134 133 133 133 133 135 135 135 135 136 136 136 136 137 137 137 137 136 136 136 136 138 138 138 138 137 137 137 137 139 139 139 139 140 140 140 140 141 141 141 141 140 140 140 140 142 142 142 142 141 141 141 141 143 143 143 143 144 144 144 144 145 145 145 145 146 146 146 146 143 143 143 143 145 145 145 145 147 147 147 147 148 148 148 148 149 149 149 149 148 148 148 148 150 150 150 150 149 149 149 149 151 151 151 151 152 152 152 152 153 153 153 153 152 152 152 152 154 154 154 154 153 153 153 153 155 155 155 155 156 156 156 156 157 157 157 157 156 156 156 156 158 158 158 158 157 157 157 157 159 159 159 159 160 160 160 160 161 161 161 161 160 160 160 160 162 162 162 162 161 161 161 161 163 163 163 163 164 164 164 164 165 165 165 165 164 164 164 164 166 166 166 166 165 165 165 165 167 167 167 167 168 168 168 168 169 169 169 169 168 168 168 168 170 170 170 170 169 169 169 169 171 171 171 171 172 172 172 172 173 173 173 173 174 174 174 174 171 171 171 171 173 173 173 173 175 175 175 175 176 176 176 176 177 177 177 177 176 176 176 176 178 178 178 178 177 177 177 177 179 179 179 179 180 180 180 180 181 181 181 181 180 180 180 180 182 182 182 182 181 181 181 181 183 183 183 183 184 184 184 184 185 185 185 185 184 184 184 184 186 186 186 186 185 185 185 185 187 187 187 187 188 188 188 188 189 189 189 189 188 188 188 188 190 190 190 190 189 189 189 189 191 191 191 191 192 192 192 192 193 193 193 193 192 192 192 192 194 194 194 194 193 193 193 193 195 195 195 195 196 196 196 196 197 197 197 197 196 196 196 196 198 198 198 198 197 197 197 197 199 199 199 199 200 200 200 200 201 201 201 201 202 202 202 202 199 199 199 199 201 201 201 201 203 203 203 203 204 204 204 204 205 205 205 205 204 204 204 204 206 206 206 206 205 205 205 205 207 207 207 207 208 208 208 208 209 209 209 209 208 208 208 208 210 210 210 210 209 209 209 209 211 211 211 211 212 212 212 212 213 213 213 213 212 212 212 212 214 214 214 214 213 213 213 213 215 215 215 215 216 216 216 216 217 217 217 217 216 216 216 216 218 218 218 218 217 217 217 217 219 219 219 219 220 220 220 220 221 221 221 221 220 220 220 220 222 222 222 222 221 221 221 221 223 223 223 223 224 224 224 224 225 225 225 225 224 224 224 224 226 226 226 226 225 225 225 225 227 227 227 227 228 228 228 228 229 229 229 229 228 228 228 228 230 230 230 230 229 229 229 229 231 231 231 231 232 232 232 232 233 233 233 233 232 232 232 232 234 234 234 234 233 233 233 233 235 235 235 235 236 236 236 236 237 237 237 237 236 236 236 236 238 238 238 238 237 237 237 237 239 239 239 239 240 240 240 240 241 241 241 241 240 240 240 240 242 242 242 242 241 241 241 241 243 243 243 243 244 244 244 244 245 245 245 245 244 244 244 244 246 246 246 246 245 245 245 245 247 247 247 247 248 248 248 248 249 249 249 249 248 248 248 248 250 250 250 250 249 249 249 249 251 251 251 251 252 252 252 252 253 253 253 253 252 252 252 252 254 254 254 254 253 253 253 253 255 255 255 255 256 256 256 256 257 257 257 257 256 256 256 256 258 258 258 258 257 257 257 257 259 259 259 259 260 260 260 260 261 261 261 261 260 260 260 260 262 262 262 262 261 261 261 261 263 263 263 263 264 264 264 264 265 265 265 265 264 264 264 264 266 266 266 266 265 265 265 265 267 267 267 267 265 265 265 265 266 266 266 266 268 268 268 268 267 267 267 267 266 266 266 266 267 267 267 267 268 268 268 268 269 269 269 269 268 268 268 268 270 270 270 270 269 269 269 269 271 271 271 271 272 272 272 272 273 273 273 273 272 272 272 272 274 274 274 274 273 273 273 273 273 273 273 273 274 274 274 274 275 275 275 275 274 274 274 274 276 276 276 276 275 275 275 275 275 275 275 275 276 276 276 276 277 277 277 277 278 278 278 278 275 275 275 275 277 277 277 277 279 279 279 279 280 280 280 280 281 281 281 281 282 282 282 282 279 279 279 279 281 281 281 281 282 282 282 282 281 281 281 281 283 283 283 283 284 284 284 284 282 282 282 282 283 283 283 283 285 285 285 285 286 286 286 286 287 287 287 287 288 288 288 288 285 285 285 285 287 287 287 287 288 288 288 288 287 287 287 287 289 289 289 289 290 290 290 290 288 288 288 288 289 289 289 289 291 291 291 291 292 292 292 292 293 293 293 293 292 292 292 292 294 294 294 294 293 293 293 293 293 293 293 293 294 294 294 294 295 295 295 295 294 294 294 294 296 296 296 296 295 295 295 295 297 297 297 297 298 298 298 298 299 299 299 299 298 298 298 298 300 300 300 300 299 299 299 299 299 299 299 299 300 300 300 300 301 301 301 301 300 300 300 300 302 302 302 302 301 301 301 301 303 303 303 303 304 304 304 304 305 305 305 305 304 304 304 304 306 306 306 306 305 305 305 305 305 305 305 305 306 306 306 306 307 307 307 307 306 306 306 306 308 308 308 308 307 307 307 307 307 307 307 307 308 308 308 308 309 309 309 309 308 308 308 308 310 310 310 310 309 309 309 309 309 309 309 309 310 310 310 310 311 311 311 311 312 312 312 312 309 309 309 309 311 311 311 311 312 312 312 312 311 311 311 311 313 313 313 313 311 311 311 311 314 314 314 314 313 313 313 313 313 313 313 313 314 314 314 314 315 315 315 315 316 316 316 316 313 313 313 313 315 315 315 315 316 316 316 316 315 315 315 315 317 317 317 317 315 315 315 315 318 318 318 318 317 317 317 317 317 317 317 317 318 318 318 318 319 319 319 319 320 320 320 320 317 317 317 317 319 319 319 319 321 321 321 321 322 322 322 322 323 323 323 323 322 322 322 322 324 324 324 324 323 323 323 323 323 323 323 323 324 324 324 324 325 325 325 325 324 324 324 324 326 326 326 326 325 325 325 325 327 327 327 327 328 328 328 328 329 329 329 329 328 328 328 328 330 330 330 330 329 329 329 329 329 329 329 329 330 330 330 330 331 331 331 331 330 330 330 330 332 332 332 332 331 331 331 331 331 331 331 331 332 332 332 332 333 333 333 333 332 332 332 332 334 334 334 334 333 333 333 333 333 333 333 333 334 334 334 334 335 335 335 335 336 336 336 336 333 333 333 333 335 335 335 335 336 336 336 336 335 335 335 335 337 337 337 337 335 335 335 335 338 338 338 338 337 337 337 337 337 337 337 337 338 338 338 338 339 339 339 339 340 340 340 340 337 337 337 337 339 339 339 339 340 340 340 340 339 339 339 339 341 341 341 341 339 339 339 339 342 342 342 342 341 341 341 341 341 341 341 341 342 342 342 342 343 343 343 343 344 344 344 344 341 341 341 341 343 343 343 343 345 345 345 345 346 346 346 346 347 347 347 347 346 346 346 346 348 348 348 348 347 347 347 347 347 347 347 347 348 348 348 348 349 349 349 349 348 348 348 348 350 350 350 350 349 349 349 349 351 351 351 351 352 352 352 352 353 353 353 353 352 352 352 352 354 354 354 354 353 353 353 353 353 353 353 353 354 354 354 354 355 355 355 355 354 354 354 354 356 356 356 356 355 355 355 355 355 355 355 355 356 356 356 356 357 357 357 357 356 356 356 356 358 358 358 358 357 357 357 357 357 357 357 357 358 358 358 358 359 359 359 359 360 360 360 360 357 357 357 357 359 359 359 359 360 360 360 360 359 359 359 359 361 361 361 361 359 359 359 359 362 362 362 362 361 361 361 361 361 361 361 361 362 362 362 362 363 363 363 363 364 364 364 364 361 361 361 361 363 363 363 363 364 364 364 364 363 363 363 363 365 365 365 365 363 363 363 363 366 366 366 366 365 365 365 365 365 365 365 365 366 366 366 366 367 367 367 367 368 368 368 368 365 365 365 365 367 367 367 367 369 369 369 369 370 370 370 370 371 371 371 371 370 370 370 370 372 372 372 372 371 371 371 371 371 371 371 371 372 372 372 372 373 373 373 373 372 372 372 372 374 374 374 374 373 373 373 373 375 375 375 375 376 376 376 376 377 377 377 377 376 376 376 376 378 378 378 378 377 377 377 377 377 377 377 377 378 378 378 378 379 379 379 379 378 378 378 378 380 380 380 380 379 379 379 379 379 379 379 379 380 380 380 380 381 381 381 381 380 380 380 380 382 382 382 382 381 381 381 381 381 381 381 381 382 382 382 382 383 383 383 383 384 384 384 384 381 381 381 381 383 383 383 383 384 384 384 384 383 383 383 383 385 385 385 385 383 383 383 383 386 386 386 386 385 385 385 385 385 385 385 385 386 386 386 386 387 387 387 387 388 388 388 388 385 385 385 385 387 387 387 387 388 388 388 388 387 387 387 387 389 389 389 389 387 387 387 387 390 390 390 390 389 389 389 389 389 389 389 389 390 390 390 390 391 391 391 391 392 392 392 392 389 389 389 389 391 391 391 391 393 393 393 393 394 394 394 394 395 395 395 395 394 394 394 394 396 396 396 396 395 395 395 395 395 395 395 395 396 396 396 396 397 397 397 397 396 396 396 396 398 398 398 398 397 397 397 397 399 399 399 399 400 400 400 400 401 401 401 401 402 402 402 402 399 399 399 399 401 401 401 401 402 402 402 402 401 401 401 401 403 403 403 403 404 404 404 404 402 402 402 402 403 403 403 403 404 404 404 404 403 403 403 403 405 405 405 405 406 406 406 406 404 404 404 404 405 405 405 405 406 406 406 406 405 405 405 405 407 407 407 407 408 408 408 408 406 406 406 406 407 407 407 407 408 408 408 408 407 407 407 407 409 409 409 409 410 410 410 410 408 408 408 408 409 409 409 409 410 410 410 410 409 409 409 409 411 411 411 411 412 412 412 412 410 410 410 410 411 411 411 411 412 412 412 412 411 411 411 411 413 413 413 413 414 414 414 414 412 412 412 412 413 413 413 413 414 414 414 414 413 413 413 413 415 415 415 415 416 416 416 416 414 414 414 414 415 415 415 415 417 417 417 417 418 418 418 418 419 419 419 419 420 420 420 420 417 417 417 417 419 419 419 419 420 420 420 420 419 419 419 419 421 421 421 421 422 422 422 422 420 420 420 420 421 421 421 421 422 422 422 422 421 421 421 421 423 423 423 423 424 424 424 424 422 422 422 422 423 423 423 423 424 424 424 424 423 423 423 423 425 425 425 425 426 426 426 426 424 424 424 424 425 425 425 425 426 426 426 426 425 425 425 425 427 427 427 427 428 428 428 428 426 426 426 426 427 427 427 427 428 428 428 428 427 427 427 427 429 429 429 429 430 430 430 430 428 428 428 428 429 429 429 429 430 430 430 430 429 429 429 429 431 431 431 431 432 432 432 432 430 430 430 430 431 431 431 431 432 432 432 432 431 431 431 431 433 433 433 433 434 434 434 434 432 432 432 432 433 433 433 433 435 435 435 435 436 436 436 436 437 437 437 437 438 438 438 438 435 435 435 435 437 437 437 437 438 438 438 438 437 437 437 437 439 439 439 439 440 440 440 440 438 438 438 438 439 439 439 439 440 440 440 440 439 439 439 439 441 441 441 441 442 442 442 442 440 440 440 440 441 441 441 441 442 442 442 442 441 441 441 441 443 443 443 443 444 444 444 444 442 442 442 442 443 443 443 443 444 444 444 444 443 443 443 443 445 445 445 445 446 446 446 446 444 444 444 444 445 445 445 445 446 446 446 446 445 445 445 445 447 447 447 447 448 448 448 448 446 446 446 446 447 447 447 447 448 448 448 448 447 447 447 447 449 449 449 449 450 450 450 450 448 448 448 448 449 449 449 449 450 450 450 450 449 449 449 449 451 451 451 451 452 452 452 452 450 450 450 450 451 451 451 451 453 453 453 453 454 454 454 454 455 455 455 455 456 456 456 456 453 453 453 453 455 455 455 455 456 456 456 456 455 455 455 455 457 457 457 457 458 458 458 458 456 456 456 456 457 457 457 457 458 458 458 458 457 457 457 457 459 459 459 459 460 460 460 460 458 458 458 458 459 459 459 459 460 460 460 460 459 459 459 459 461 461 461 461 462 462 462 462 460 460 460 460 461 461 461 461 462 462 462 462 461 461 461 461 463 463 463 463 464 464 464 464 462 462 462 462 463 463 463 463 464 464 464 464 463 463 463 463 465 465 465 465 466 466 466 466 464 464 464 464 465 465 465 465 466 466 466 466 465 465 465 465 467 467 467 467 468 468 468 468 466 466 466 466 467 467 467 467 468 468 468 468 467 467 467 467 469 469 469 469 470 470 470 470 468 468 468 468 469 469 469 469 471 471 471 471 472 472 472 472 473 473 473 473 474 474 474 474 471 471 471 471 473 473 473 473 474 474 474 474 473 473 473 473 475 475 475 475 476 476 476 476 474 474 474 474 475 475 475 475 475 475 475 475 477 477 477 477 476 476 476 476 477 477 477 477 478 478 478 478 476 476 476 476 479 479 479 479 478 478 478 478 477 477 477 477 480 480 480 480 479 479 479 479 477 477 477 477 480 480 480 480 481 481 481 481 479 479 479 479 481 481 481 481 482 482 482 482 479 479 479 479 481 481 481 481 483 483 483 483 482 482 482 482 483 483 483 483 484 484 484 484 482 482 482 482 485 485 485 485 484 484 484 484 483 483 483 483 486 486 486 486 485 485 485 485 483 483 483 483 486 486 486 486 487 487 487 487 485 485 485 485 487 487 487 487 488 488 488 488 485 485 485 485 489 489 489 489 488 488 488 488 487 487 487 487 490 490 490 490 489 489 489 489 487 487 487 487 491 491 491 491 492 492 492 492 493 493 493 493 494 494 494 494 491 491 491 491 493 493 493 493 494 494 494 494 493 493 493 493 495 495 495 495 496 496 496 496 494 494 494 494 495 495 495 495 496 496 496 496 495 495 495 495 497 497 497 497 498 498 498 498 496 496 496 496 497 497 497 497 499 499 499 499 498 498 498 498 497 497 497 497 500 500 500 500 499 499 499 499 497 497 497 497 499 499 499 499 500 500 500 500 501 501 501 501 502 502 502 502 499 499 499 499 501 501 501 501 502 502 502 502 501 501 501 501 503 503 503 503 504 504 504 504 502 502 502 502 503 503 503 503 505 505 505 505 504 504 504 504 503 503 503 503 506 506 506 506 505 505 505 505 503 503 503 503 506 506 506 506 507 507 507 507 505 505 505 505 507 507 507 507 508 508 508 508 505 505 505 505 509 509 509 509 508 508 508 508 507 507 507 507 510 510 510 510 509 509 509 509 507 507 507 507 511 511 511 511 512 512 512 512 513 513 513 513 514 514 514 514 511 511 511 511 513 513 513 513 514 514 514 514 513 513 513 513 515 515 515 515 516 516 516 516 514 514 514 514 515 515 515 515 516 516 516 516 515 515 515 515 517 517 517 517 518 518 518 518 516 516 516 516 517 517 517 517 518 518 518 518 517 517 517 517 519 519 519 519 520 520 520 520 518 518 518 518 519 519 519 519 520 520 520 520 519 519 519 519 521 521 521 521 522 522 522 522 520 520 520 520 521 521 521 521 522 522 522 522 521 521 521 521 523 523 523 523 521 521 521 521 524 524 524 524 523 523 523 523 523 523 523 523 524 524 524 524 525 525 525 525 526 526 526 526 523 523 523 523 525 525 525 525 526 526 526 526 525 525 525 525 527 527 527 527 528 528 528 528 526 526 526 526 527 527 527 527 528 528 528 528 527 527 527 527 529 529 529 529 527 527 527 527 530 530 530 530 529 529 529 529 529 529 529 529 530 530 530 530 531 531 531 531 532 532 532 532 529 529 529 529 531 531 531 531 533 533 533 533 534 534 534 534 535 535 535 535 536 536 536 536 533 533 533 533 535 535 535 535 536 536 536 536 535 535 535 535 537 537 537 537 538 538 538 538 536 536 536 536 537 537 537 537 538 538 538 538 537 537 537 537 539 539 539 539 537 537 537 537 540 540 540 540 539 539 539 539 539 539 539 539 540 540 540 540 541 541 541 541 542 542 542 542 539 539 539 539 541 541 541 541 542 542 542 542 541 541 541 541 543 543 543 543 544 544 544 544 542 542 542 542 543 543 543 543 544 544 544 544 543 543 543 543 545 545 545 545 543 543 543 543 546 546 546 546 545 545 545 545 545 545 545 545 546 546 546 546 547 547 547 547 548 548 548 548 545 545 545 545 547 547 547 547 548 548 548 548 547 547 547 547 549 549 549 549 550 550 550 550 548 548 548 548 549 549 549 549 550 550 550 550 549 549 549 549 551 551 551 551 552 552 552 552 550 550 550 550 551 551 551 551 552 552 552 552 551 551 551 551 553 553 553 553 554 554 554 554 552 552 552 552 553 553 553 553 555 555 555 555 556 556 556 556 557 557 557 557 558 558 558 558 555 555 555 555 557 557 557 557 558 558 558 558 557 557 557 557 559 559 559 559 560 560 560 560 558 558 558 558 559 559 559 559 560 560 560 560 559 559 559 559 561 561 561 561 559 559 559 559 562 562 562 562 561 561 561 561 561 561 561 561 562 562 562 562 563 563 563 563 564 564 564 564 561 561 561 561 563 563 563 563 564 564 564 564 563 563 563 563 565 565 565 565 566 566 566 566 564 564 564 564 565 565 565 565 566 566 566 566 565 565 565 565 567 567 567 567 565 565 565 565 568 568 568 568 567 567 567 567 567 567 567 567 568 568 568 568 569 569 569 569 570 570 570 570 567 567 567 567 569 569 569 569 570 570 570 570 569 569 569 569 571 571 571 571 569 569 569 569 572 572 572 572 571 571 571 571 571 571 571 571 572 572 572 572 573 573 573 573 574 574 574 574 571 571 571 571 573 573 573 573 574 574 574 574 573 573 573 573 575 575 575 575 576 576 576 576 574 574 574 574 575 575 575 575 577 577 577 577 578 578 578 578 579 579 579 579 578 578 578 578 580 580 580 580 579 579 579 579 579 579 579 579 580 580 580 580 581 581 581 581 580 580 580 580 582 582 582 582 581 581 581 581 582 582 582 582 583 583 583 583 581 581 581 581 583 583 583 583 584 584 584 584 581 581 581 581 583 583 583 583 585 585 585 585 584 584 584 584 585 585 585 585 586 586 586 586 584 584 584 584 587 587 587 587 588 588 588 588 589 589 589 589 590 590 590 590 587 587 587 587 589 589 589 589 590 590 590 590 589 589 589 589 591 591 591 591 592 592 592 592 590 590 590 590 591 591 591 591 592 592 592 592 591 591 591 591 593 593 593 593 594 594 594 594 592 592 592 592 593 593 593 593 594 594 594 594 593 593 593 593 595 595 595 595 596 596 596 596 594 594 594 594 595 595 595 595 597 597 597 597 598 598 598 598 599 599 599 599 600 600 600 600 597 597 597 597 599 599 599 599 600 600 600 600 599 599 599 599 601 601 601 601 602 602 602 602 600 600 600 600 601 601 601 601 603 603 603 603 602 602 602 602 601 601 601 601 604 604 604 604 603 603 603 603 601 601 601 601 605 605 605 605 603 603 603 603 604 604 604 604 606 606 606 606 605 605 605 605 604 604 604 604 605 605 605 605 606 606 606 606 607 607 607 607 606 606 606 606 608 608 608 608 607 607 607 607 609 609 609 609 610 610 610 610 611 611 611 611 612 612 612 612 609 609 609 609 611 611 611 611 612 612 612 612 611 611 611 611 613 613 613 613 614 614 614 614 612 612 612 612 613 613 613 613 614 614 614 614 613 613 613 613 615 615 615 615 613 613 613 613 616 616 616 616 615 615 615 615 617 617 617 617 615 615 615 615 616 616 616 616 618 618 618 618 617 617 617 617 616 616 616 616 617 617 617 617 618 618 618 618 619 619 619 619 620 620 620 620 617 617 617 617 619 619 619 619 620 620 620 620 619 619 619 619 621 621 621 621 622 622 622 622 620 620 620 620 621 621 621 621 623 623 623 623 622 622 622 622 621 621 621 621 624 624 624 624 623 623 623 623 621 621 621 621 623 623 623 623 624 624 624 624 625 625 625 625 626 626 626 626 623 623 623 623 625 625 625 625 626 626 626 626 625 625 625 625 627 627 627 627 628 628 628 628 626 626 626 626 627 627 627 627 628 628 628 628 627 627 627 627 629 629 629 629 627 627 627 627 630 630 630 630 629 629 629 629 631 631 631 631 632 632 632 632 633 633 633 633 634 634 634 634 631 631 631 631 633 633 633 633 634 634 634 634 633 633 633 633 635 635 635 635 636 636 636 636 634 634 634 634 635 635 635 635 636 636 636 636 635 635 635 635 637 637 637 637 635 635 635 635 638 638 638 638 637 637 637 637 639 639 639 639 637 637 637 637 638 638 638 638 640 640 640 640 639 639 639 639 638 638 638 638 639 639 639 639 640 640 640 640 641 641 641 641 642 642 642 642 639 639 639 639 641 641 641 641 642 642 642 642 641 641 641 641 643 643 643 643 644 644 644 644 642 642 642 642 643 643 643 643 645 645 645 645 644 644 644 644 643 643 643 643 646 646 646 646 645 645 645 645 643 643 643 643 645 645 645 645 646 646 646 646 647 647 647 647 648 648 648 648 645 645 645 645 647 647 647 647 648 648 648 648 647 647 647 647 649 649 649 649 650 650 650 650 648 648 648 648 649 649 649 649 650 650 650 650 649 649 649 649 651 651 651 651 649 649 649 649 652 652 652 652 651 651 651 651 653 653 653 653 654 654 654 654 655 655 655 655 656 656 656 656 653 653 653 653 655 655 655 655 656 656 656 656 655 655 655 655 657 657 657 657 658 658 658 658 656 656 656 656 657 657 657 657 657 657 657 657 659 659 659 659 658 658 658 658 659 659 659 659 660 660 660 660 658 658 658 658 660 660 660 660 659 659 659 659 661 661 661 661 659 659 659 659 662 662 662 662 661 661 661 661 661 661 661 661 662 662 662 662 663 663 663 663 662 662 662 662 664 664 664 664 663 663 663 663 665 665 665 665 666 666 666 666 667 667 667 667 668 668 668 668 665 665 665 665 667 667 667 667 668 668 668 668 667 667 667 667 669 669 669 669 670 670 670 670 668 668 668 668 669 669 669 669 669 669 669 669 671 671 671 671 670 670 670 670 671 671 671 671 672 672 672 672 670 670 670 670 673 673 673 673 672 672 672 672 671 671 671 671 674 674 674 674 673 673 673 673 671 671 671 671 674 674 674 674 675 675 675 675 673 673 673 673 675 675 675 675 676 676 676 676 673 673 673 673 677 677 677 677 678 678 678 678 679 679 679 679 680 680 680 680 677 677 677 677 679 679 679 679 681 681 681 681 677 677 677 677 680 680 680 680 682 682 682 682 681 681 681 681 680 680 680 680 682 682 682 682 683 683 683 683 681 681 681 681 683 683 683 683 684 684 684 684 681 681 681 681 685 685 685 685 686 686 686 686 687 687 687 687 688 688 688 688 685 685 685 685 687 687 687 687 689 689 689 689 685 685 685 685 688 688 688 688 690 690 690 690 689 689 689 689 688 688 688 688 690 690 690 690 691 691 691 691 689 689 689 689 691 691 691 691 692 692 692 692 689 689 689 689 693 693 693 693 694 694 694 694 695 695 695 695 696 696 696 696 693 693 693 693 695 695 695 695 697 697 697 697 693 693 693 693 696 696 696 696 698 698 698 698 697 697 697 697 696 696 696 696 698 698 698 698 699 699 699 699 697 697 697 697 699 699 699 699 700 700 700 700 697 697 697 697 701 701 701 701 702 702 702 702 703 703 703 703 704 704 704 704 701 701 701 701 703 703 703 703 705 705 705 705 701 701 701 701 704 704 704 704 706 706 706 706 705 705 705 705 704 704 704 704 706 706 706 706 707 707 707 707 705 705 705 705 707 707 707 707 708 708 708 708 705 705 705 705 707 707 707 707 709 709 709 709 708 708 708 708 709 709 709 709 710 710 710 710 708 708 708 708 710 710 710 710 709 709 709 709 711 711 711 711 709 709 709 709 712 712 712 712 711 711 711 711 713 713 713 713 711 711 711 711 712 712 712 712 714 714 714 714 713 713 713 713 712 712 712 712 714 714 714 714 715 715 715 715 713 713 713 713 715 715 715 715 716 716 716 716 713 713 713 713 715 715 715 715 717 717 717 717 716 716 716 716 717 717 717 717 718 718 718 718 716 716 716 716 718 718 718 718 717 717 717 717 719 719 719 719 717 717 717 717 720 720 720 720 719 719 719 719 721 721 721 721 719 719 719 719 720 720 720 720 722 722 722 722 721 721 721 721 720 720 720 720 722 722 722 722 723 723 723 723 721 721 721 721 723 723 723 723 724 724 724 724 721 721 721 721 723 723 723 723 725 725 725 725 724 724 724 724 725 725 725 725 726 726 726 726 724 724 724 724 726 726 726 726 725 725 725 725 727 727 727 727 728 728 728 728 729 729 729 729 727 727 727 727 729 729 729 729 728 728 728 728 730 730 730 730 728 728 728 728 731 731 731 731 730 730 730 730 732 732 732 732 728 728 728 728 727 727 727 727 728 728 728 728 733 733 733 733 731 731 731 731 733 733 733 733 734 734 734 734 731 731 731 731 735 735 735 735 734 734 734 734 733 733 733 733 732 732 732 732 727 727 727 727 736 736 736 736 727 727 727 727 737 737 737 737 736 736 736 736 728 728 728 728 732 732 732 732 738 738 738 738 733 733 733 733 728 728 728 728 738 738 738 738 738 738 738 738 732 732 732 732 736 736 736 736 739 739 739 739 735 735 735 735 733 733 733 733 739 739 739 739 733 733 733 733 738 738 738 738 740 740 740 740 735 735 735 735 739 739 739 739 736 736 736 736 737 737 737 737 741 741 741 741 737 737 737 737 742 742 742 742 741 741 741 741 738 738 738 738 736 736 736 736 743 743 743 743 743 743 743 743 736 736 736 736 741 741 741 741 741 741 741 741 742 742 742 742 744 744 744 744 742 742 742 742 745 745 745 745 744 744 744 744 745 745 745 745 746 746 746 746 744 744 744 744 741 741 741 741 744 744 744 744 747 747 747 747 743 743 743 743 741 741 741 741 747 747 747 747 746 746 746 746 748 748 748 748 744 744 744 744 744 744 744 744 748 748 748 748 747 747 747 747 748 748 748 748 746 746 746 746 749 749 749 749 746 746 746 746 750 750 750 750 749 749 749 749 748 748 748 748 751 751 751 751 747 747 747 747 751 751 751 751 748 748 748 748 749 749 749 749 743 743 743 743 747 747 747 747 752 752 752 752 747 747 747 747 751 751 751 751 752 752 752 752 753 753 753 753 743 743 743 743 752 752 752 752 738 738 738 738 743 743 743 743 753 753 753 753 751 751 751 751 754 754 754 754 752 752 752 752 755 755 755 755 738 738 738 738 753 753 753 753 755 755 755 755 739 739 739 739 738 738 738 738 753 753 753 753 752 752 752 752 756 756 756 756 752 752 752 752 754 754 754 754 756 756 756 756 755 755 755 755 753 753 753 753 757 757 757 757 757 757 757 757 753 753 753 753 756 756 756 756 758 758 758 758 739 739 739 739 755 755 755 755 758 758 758 758 740 740 740 740 739 739 739 739 759 759 759 759 755 755 755 755 757 757 757 757 759 759 759 759 758 758 758 758 755 755 755 755 757 757 757 757 760 760 760 760 759 759 759 759 760 760 760 760 757 757 757 757 756 756 756 756 758 758 758 758 759 759 759 759 761 761 761 761 760 760 760 760 761 761 761 761 759 759 759 759 762 762 762 762 758 758 758 758 761 761 761 761 758 758 758 758 762 762 762 762 740 740 740 740 761 761 761 761 760 760 760 760 763 763 763 763 762 762 762 762 761 761 761 761 763 763 763 763 762 762 762 762 764 764 764 764 740 740 740 740 765 765 765 765 762 762 762 762 763 763 763 763 762 762 762 762 765 765 765 765 764 764 764 764 764 764 764 764 766 766 766 766 740 740 740 740 766 766 766 766 767 767 767 767 740 740 740 740 767 767 767 767 766 766 766 766 768 768 768 768 765 765 765 765 769 769 769 769 764 764 764 764 766 766 766 766 764 764 764 764 769 769 769 769 770 770 770 770 765 765 765 765 763 763 763 763 766 766 766 766 771 771 771 771 768 768 768 768 770 770 770 770 772 772 772 772 765 765 765 765 772 772 772 772 769 769 769 769 765 765 765 765 773 773 773 773 766 766 766 766 769 769 769 769 766 766 766 766 773 773 773 773 771 771 771 771 772 772 772 772 774 774 774 774 769 769 769 769 774 774 774 774 773 773 773 773 769 769 769 769 771 771 771 771 775 775 775 775 768 768 768 768 775 775 775 775 776 776 776 776 768 768 768 768 776 776 776 776 775 775 775 775 777 777 777 777 773 773 773 773 778 778 778 778 771 771 771 771 775 775 775 775 779 779 779 779 777 777 777 777 777 777 777 777 779 779 779 779 780 780 780 780 775 775 775 775 771 771 771 771 781 781 781 781 771 771 771 771 778 778 778 778 781 781 781 781 778 778 778 778 773 773 773 773 782 782 782 782 778 778 778 778 782 782 782 782 781 781 781 781 773 773 773 773 774 774 774 774 782 782 782 782 775 775 775 775 781 781 781 781 783 783 783 783 779 779 779 779 775 775 775 775 783 783 783 783 782 782 782 782 784 784 784 784 781 781 781 781 779 779 779 779 785 785 785 785 780 780 780 780 780 780 780 780 785 785 785 785 786 786 786 786 785 785 785 785 779 779 779 779 787 787 787 787 779 779 779 779 783 783 783 783 787 787 787 787 785 785 785 785 788 788 788 788 786 786 786 786 785 785 785 785 787 787 787 787 788 788 788 788 783 783 783 783 781 781 781 781 789 789 789 789 781 781 781 781 784 784 784 784 789 789 789 789 787 787 787 787 783 783 783 783 790 790 790 790 783 783 783 783 789 789 789 789 790 790 790 790 787 787 787 787 791 791 791 791 788 788 788 788 790 790 790 790 789 789 789 789 792 792 792 792 791 791 791 791 787 787 787 787 793 793 793 793 787 787 787 787 790 790 790 790 793 793 793 793 788 788 788 788 791 791 791 791 794 794 794 794 791 791 791 791 793 793 793 793 794 794 794 794 788 788 788 788 795 795 795 795 786 786 786 786 795 795 795 795 788 788 788 788 794 794 794 794 795 795 795 795 796 796 796 796 786 786 786 786 796 796 796 796 795 795 795 795 797 797 797 797 795 795 795 795 798 798 798 798 797 797 797 797 798 798 798 798 795 795 795 795 799 799 799 799 795 795 795 795 794 794 794 794 799 799 799 799 794 794 794 794 800 800 800 800 799 799 799 799 793 793 793 793 800 800 800 800 794 794 794 794 800 800 800 800 801 801 801 801 799 799 799 799 801 801 801 801 800 800 800 800 802 802 802 802 800 800 800 800 803 803 803 803 802 802 802 802 800 800 800 800 793 793 793 793 803 803 803 803 802 802 802 802 803 803 803 803 804 804 804 804 793 793 793 793 805 805 805 805 803 803 803 803 793 793 793 793 790 790 790 790 805 805 805 805 790 790 790 790 792 792 792 792 805 805 805 805 803 803 803 803 806 806 806 806 804 804 804 804 803 803 803 803 805 805 805 805 806 806 806 806 804 804 804 804 806 806 806 806 807 807 807 807 792 792 792 792 808 808 808 808 805 805 805 805 805 805 805 805 809 809 809 809 806 806 806 806 808 808 808 808 809 809 809 809 805 805 805 805 806 806 806 806 810 810 810 810 807 807 807 807 807 807 807 807 810 810 810 810 811 811 811 811 810 810 810 810 812 812 812 812 811 811 811 811 813 813 813 813 812 812 812 812 810 810 810 810 809 809 809 809 814 814 814 814 806 806 806 806 814 814 814 814 810 810 810 810 806 806 806 806 814 814 814 814 813 813 813 813 810 810 810 810 809 809 809 809 808 808 808 808 814 814 814 814 814 814 814 814 815 815 815 815 813 813 813 813 808 808 808 808 815 815 815 815 814 814 814 814 815 815 815 815 816 816 816 816 813 813 813 813 792 792 792 792 817 817 817 817 808 808 808 808 789 789 789 789 817 817 817 817 792 792 792 792 789 789 789 789 784 784 784 784 817 817 817 817 808 808 808 808 818 818 818 818 815 815 815 815 817 817 817 817 818 818 818 818 808 808 808 808 815 815 815 815 819 819 819 819 816 816 816 816 818 818 818 818 819 819 819 819 815 815 815 815 819 819 819 819 820 820 820 820 816 816 816 816 784 784 784 784 821 821 821 821 817 817 817 817 817 817 817 817 821 821 821 821 818 818 818 818 784 784 784 784 782 782 782 782 821 821 821 821 818 818 818 818 822 822 822 822 819 819 819 819 821 821 821 821 822 822 822 822 818 818 818 818 819 819 819 819 823 823 823 823 820 820 820 820 822 822 822 822 823 823 823 823 819 819 819 819 823 823 823 823 824 824 824 824 820 820 820 820 825 825 825 825 824 824 824 824 823 823 823 823 782 782 782 782 826 826 826 826 821 821 821 821 821 821 821 821 826 826 826 826 822 822 822 822 782 782 782 782 774 774 774 774 826 826 826 826 827 827 827 827 823 823 823 823 822 822 822 822 827 827 827 827 825 825 825 825 823 823 823 823 826 826 826 826 828 828 828 828 822 822 822 822 828 828 828 828 827 827 827 827 822 822 822 822 774 774 774 774 829 829 829 829 826 826 826 826 830 830 830 830 828 828 828 828 826 826 826 826 828 828 828 828 830 830 830 830 827 827 827 827 829 829 829 829 830 830 830 830 826 826 826 826 829 829 829 829 774 774 774 774 772 772 772 772 827 827 827 827 831 831 831 831 825 825 825 825 830 830 830 830 831 831 831 831 827 827 827 827 831 831 831 831 832 832 832 832 825 825 825 825 830 830 830 830 829 829 829 829 833 833 833 833 831 831 831 831 830 830 830 830 833 833 833 833 832 832 832 832 831 831 831 831 834 834 834 834 834 834 834 834 831 831 831 831 833 833 833 833 835 835 835 835 832 832 832 832 834 834 834 834 829 829 829 829 836 836 836 836 833 833 833 833 836 836 836 836 829 829 829 829 772 772 772 772 834 834 834 834 833 833 833 833 837 837 837 837 837 837 837 837 833 833 833 833 836 836 836 836 838 838 838 838 836 836 836 836 772 772 772 772 838 838 838 838 837 837 837 837 836 836 836 836 770 770 770 770 838 838 838 838 772 772 772 772 839 839 839 839 834 834 834 834 837 837 837 837 835 835 835 835 834 834 834 834 839 839 839 839 838 838 838 838 770 770 770 770 840 840 840 840 840 840 840 840 770 770 770 770 763 763 763 763 841 841 841 841 835 835 835 835 839 839 839 839 763 763 763 763 842 842 842 842 840 840 840 840 760 760 760 760 842 842 842 842 763 763 763 763 841 841 841 841 843 843 843 843 835 835 835 835 843 843 843 843 844 844 844 844 835 835 835 835 841 841 841 841 839 839 839 839 845 845 845 845 839 839 839 839 837 837 837 837 845 845 845 845 843 843 843 843 846 846 846 846 844 844 844 844 846 846 846 846 847 847 847 847 844 844 844 844 847 847 847 847 846 846 846 846 848 848 848 848 843 843 843 843 841 841 841 841 849 849 849 849 846 846 846 846 850 850 850 850 848 848 848 848 848 848 848 848 850 850 850 850 851 851 851 851 846 846 846 846 843 843 843 843 852 852 852 852 846 846 846 846 852 852 852 852 850 850 850 850 843 843 843 843 849 849 849 849 852 852 852 852 850 850 850 850 853 853 853 853 851 851 851 851 851 851 851 851 853 853 853 853 854 854 854 854 841 841 841 841 855 855 855 855 849 849 849 849 855 855 855 855 841 841 841 841 845 845 845 845 856 856 856 856 849 849 849 849 855 855 855 855 852 852 852 852 849 849 849 849 856 856 856 856 845 845 845 845 857 857 857 857 855 855 855 855 858 858 858 858 856 856 856 856 855 855 855 855 857 857 857 857 858 858 858 858 855 855 855 855 856 856 856 856 858 858 858 858 859 859 859 859 858 858 858 858 857 857 857 857 859 859 859 859 860 860 860 860 852 852 852 852 856 856 856 856 857 857 857 857 845 845 845 845 861 861 861 861 837 837 837 837 861 861 861 861 845 845 845 845 837 837 837 837 838 838 838 838 861 861 861 861 860 860 860 860 856 856 856 856 862 862 862 862 862 862 862 862 856 856 856 856 859 859 859 859 838 838 838 838 863 863 863 863 861 861 861 861 863 863 863 863 838 838 838 838 840 840 840 840 840 840 840 840 864 864 864 864 863 863 863 863 842 842 842 842 864 864 864 864 840 840 840 840 863 863 863 863 865 865 865 865 861 861 861 861 864 864 864 864 865 865 865 865 863 863 863 863 865 865 865 865 866 866 866 866 861 861 861 861 866 866 866 866 857 857 857 857 861 861 861 861 865 865 865 865 864 864 864 864 867 867 867 867 857 857 857 857 866 866 866 866 868 868 868 868 857 857 857 857 868 868 868 868 859 859 859 859 866 866 866 866 865 865 865 865 869 869 869 869 866 866 866 866 869 869 869 869 868 868 868 868 865 865 865 865 867 867 867 867 869 869 869 869 869 869 869 869 870 870 870 870 868 868 868 868 870 870 870 870 869 869 869 869 867 867 867 867 868 868 868 868 871 871 871 871 859 859 859 859 870 870 870 870 871 871 871 871 868 868 868 868 864 864 864 864 872 872 872 872 867 867 867 867 864 864 864 864 842 842 842 842 872 872 872 872 873 873 873 873 870 870 870 870 867 867 867 867 842 842 842 842 874 874 874 874 872 872 872 872 872 872 872 872 875 875 875 875 867 867 867 867 875 875 875 875 873 873 873 873 867 867 867 867 874 874 874 874 876 876 876 876 872 872 872 872 876 876 876 876 875 875 875 875 872 872 872 872 877 877 877 877 874 874 874 874 842 842 842 842 876 876 876 876 874 874 874 874 877 877 877 877 760 760 760 760 877 877 877 877 842 842 842 842 877 877 877 877 760 760 760 760 756 756 756 756 878 878 878 878 876 876 876 876 877 877 877 877 878 878 878 878 877 877 877 877 756 756 756 756 876 876 876 876 879 879 879 879 875 875 875 875 879 879 879 879 876 876 876 876 878 878 878 878 880 880 880 880 878 878 878 878 756 756 756 756 754 754 754 754 880 880 880 880 756 756 756 756 881 881 881 881 879 879 879 879 878 878 878 878 881 881 881 881 878 878 878 878 880 880 880 880 879 879 879 879 882 882 882 882 875 875 875 875 875 875 875 875 882 882 882 882 873 873 873 873 883 883 883 883 881 881 881 881 880 880 880 880 754 754 754 754 884 884 884 884 880 880 880 880 884 884 884 884 883 883 883 883 880 880 880 880 881 881 881 881 883 883 883 883 885 885 885 885 883 883 883 883 884 884 884 884 885 885 885 885 881 881 881 881 886 886 886 886 879 879 879 879 886 886 886 886 881 881 881 881 885 885 885 885 886 886 886 886 887 887 887 887 879 879 879 879 879 879 879 879 887 887 887 887 882 882 882 882 888 888 888 888 887 887 887 887 886 886 886 886 887 887 887 887 889 889 889 889 882 882 882 882 887 887 887 887 888 888 888 888 889 889 889 889 890 890 890 890 888 888 888 888 886 886 886 886 890 890 890 890 886 886 886 886 885 885 885 885 888 888 888 888 891 891 891 891 889 889 889 889 882 882 882 882 889 889 889 889 892 892 892 892 889 889 889 889 891 891 891 891 892 892 892 892 893 893 893 893 888 888 888 888 890 890 890 890 888 888 888 888 893 893 893 893 891 891 891 891 894 894 894 894 882 882 882 882 892 892 892 892 882 882 882 882 894 894 894 894 873 873 873 873 894 894 894 894 895 895 895 895 873 873 873 873 895 895 895 895 870 870 870 870 873 873 873 873 870 870 870 870 895 895 895 895 871 871 871 871 894 894 894 894 892 892 892 892 896 896 896 896 895 895 895 895 894 894 894 894 896 896 896 896 897 897 897 897 896 896 896 896 892 892 892 892 895 895 895 895 896 896 896 896 898 898 898 898 896 896 896 896 897 897 897 897 898 898 898 898 895 895 895 895 899 899 899 899 871 871 871 871 899 899 899 899 895 895 895 895 898 898 898 898 871 871 871 871 899 899 899 899 900 900 900 900 871 871 871 871 900 900 900 900 859 859 859 859 899 899 899 899 898 898 898 898 901 901 901 901 899 899 899 899 902 902 902 902 900 900 900 900 902 902 902 902 899 899 899 899 901 901 901 901 900 900 900 900 903 903 903 903 859 859 859 859 902 902 902 902 904 904 904 904 900 900 900 900 904 904 904 904 903 903 903 903 900 900 900 900 904 904 904 904 902 902 902 902 901 901 901 901 903 903 903 903 862 862 862 862 859 859 859 859 904 904 904 904 905 905 905 905 903 903 903 903 903 903 903 903 906 906 906 906 862 862 862 862 905 905 905 905 906 906 906 906 903 903 903 903 906 906 906 906 907 907 907 907 862 862 862 862 907 907 907 907 860 860 860 860 862 862 862 862 905 905 905 905 904 904 904 904 908 908 908 908 908 908 908 908 904 904 904 904 901 901 901 901 909 909 909 909 860 860 860 860 907 907 907 907 860 860 860 860 909 909 909 909 852 852 852 852 910 910 910 910 907 907 907 907 906 906 906 906 910 910 910 910 909 909 909 909 907 907 907 907 909 909 909 909 911 911 911 911 852 852 852 852 852 852 852 852 911 911 911 911 850 850 850 850 909 909 909 909 912 912 912 912 911 911 911 911 912 912 912 912 909 909 909 909 910 910 910 910 850 850 850 850 911 911 911 911 913 913 913 913 912 912 912 912 913 913 913 913 911 911 911 911 853 853 853 853 850 850 850 850 913 913 913 913 853 853 853 853 913 913 913 913 914 914 914 914 913 913 913 913 912 912 912 912 914 914 914 914 915 915 915 915 853 853 853 853 914 914 914 914 853 853 853 853 915 915 915 915 854 854 854 854 915 915 915 915 916 916 916 916 854 854 854 854 915 915 915 915 914 914 914 914 916 916 916 916 916 916 916 916 917 917 917 917 854 854 854 854 917 917 917 917 916 916 916 916 918 918 918 918 916 916 916 916 919 919 919 919 918 918 918 918 918 918 918 918 919 919 919 919 920 920 920 920 914 914 914 914 921 921 921 921 916 916 916 916 919 919 919 919 916 916 916 916 922 922 922 922 916 916 916 916 921 921 921 921 922 922 922 922 919 919 919 919 923 923 923 923 920 920 920 920 919 919 919 919 922 922 922 922 923 923 923 923 923 923 923 923 924 924 924 924 920 920 920 920 924 924 924 924 925 925 925 925 920 920 920 920 922 922 922 922 926 926 926 926 923 923 923 923 924 924 924 924 927 927 927 927 925 925 925 925 927 927 927 927 928 928 928 928 925 925 925 925 924 924 924 924 923 923 923 923 929 929 929 929 924 924 924 924 929 929 929 929 927 927 927 927 923 923 923 923 926 926 926 926 929 929 929 929 928 928 928 928 927 927 927 927 930 930 930 930 931 931 931 931 929 929 929 929 926 926 926 926 927 927 927 927 932 932 932 932 930 930 930 930 930 930 930 930 932 932 932 932 933 933 933 933 929 929 929 929 934 934 934 934 927 927 927 927 934 934 934 934 929 929 929 929 931 931 931 931 932 932 932 932 927 927 927 927 935 935 935 935 927 927 927 927 934 934 934 934 935 935 935 935 932 932 932 932 936 936 936 936 933 933 933 933 932 932 932 932 935 935 935 935 937 937 937 937 936 936 936 936 932 932 932 932 937 937 937 937 936 936 936 936 938 938 938 938 933 933 933 933 938 938 938 938 939 939 939 939 933 933 933 933 939 939 939 939 938 938 938 938 940 940 940 940 938 938 938 938 936 936 936 936 941 941 941 941 936 936 936 936 937 937 937 937 941 941 941 941 938 938 938 938 942 942 942 942 940 940 940 940 938 938 938 938 941 941 941 941 942 942 942 942 940 940 940 940 942 942 942 942 943 943 943 943 944 944 944 944 941 941 941 941 937 937 937 937 942 942 942 942 945 945 945 945 943 943 943 943 941 941 941 941 946 946 946 946 942 942 942 942 942 942 942 942 946 946 946 946 945 945 945 945 944 944 944 944 947 947 947 947 941 941 941 941 947 947 947 947 946 946 946 946 941 941 941 941 945 945 945 945 948 948 948 948 943 943 943 943 948 948 948 948 949 949 949 949 943 943 943 943 946 946 946 946 950 950 950 950 945 945 945 945 948 948 948 948 951 951 951 951 949 949 949 949 951 951 951 951 952 952 952 952 949 949 949 949 948 948 948 948 945 945 945 945 953 953 953 953 951 951 951 951 948 948 948 948 953 953 953 953 945 945 945 945 950 950 950 950 953 953 953 953 954 954 954 954 952 952 952 952 951 951 951 951 955 955 955 955 950 950 950 950 946 946 946 946 947 947 947 947 955 955 955 955 946 946 946 946 956 956 956 956 957 957 957 957 954 954 954 954 950 950 950 950 955 955 955 955 958 958 958 958 953 953 953 953 950 950 950 950 958 958 958 958 959 959 959 959 956 956 956 956 954 954 954 954 959 959 959 959 954 954 954 954 951 951 951 951 960 960 960 960 951 951 951 951 953 953 953 953 959 959 959 959 951 951 951 951 960 960 960 960 953 953 953 953 958 958 958 958 960 960 960 960 956 956 956 956 959 959 959 959 961 961 961 961 961 961 961 961 959 959 959 959 960 960 960 960 962 962 962 962 956 956 956 956 961 961 961 961 962 962 962 962 961 961 961 961 963 963 963 963 961 961 961 961 960 960 960 960 963 963 963 963 964 964 964 964 962 962 962 962 963 963 963 963 963 963 963 963 960 960 960 960 965 965 965 965 958 958 958 958 965 965 965 965 960 960 960 960 964 964 964 964 963 963 963 963 966 966 966 966 963 963 963 963 965 965 965 965 966 966 966 966 967 967 967 967 964 964 964 964 966 966 966 966 967 967 967 967 966 966 966 966 968 968 968 968 958 958 958 958 969 969 969 969 965 965 965 965 965 965 965 965 970 970 970 970 966 966 966 966 969 969 969 969 970 970 970 970 965 965 965 965 966 966 966 966 971 971 971 971 968 968 968 968 970 970 970 970 971 971 971 971 966 966 966 966 968 968 968 968 971 971 971 971 972 972 972 972 973 973 973 973 968 968 968 968 972 972 972 972 970 970 970 970 974 974 974 974 971 971 971 971 974 974 974 974 972 972 972 972 971 971 971 971 970 970 970 970 969 969 969 969 974 974 974 974 973 973 973 973 972 972 972 972 975 975 975 975 972 972 972 972 974 974 974 974 975 975 975 975 976 976 976 976 973 973 973 973 975 975 975 975 969 969 969 969 977 977 977 977 974 974 974 974 976 976 976 976 975 975 975 975 978 978 978 978 979 979 979 979 976 976 976 976 978 978 978 978 975 975 975 975 974 974 974 974 980 980 980 980 975 975 975 975 980 980 980 980 978 978 978 978 974 974 974 974 977 977 977 977 980 980 980 980 979 979 979 979 978 978 978 978 981 981 981 981 969 969 969 969 982 982 982 982 977 977 977 977 982 982 982 982 969 969 969 969 958 958 958 958 955 955 955 955 982 982 982 982 958 958 958 958 982 982 982 982 955 955 955 955 947 947 947 947 978 978 978 978 983 983 983 983 981 981 981 981 984 984 984 984 982 982 982 982 947 947 947 947 984 984 984 984 947 947 947 947 944 944 944 944 985 985 985 985 983 983 983 983 978 978 978 978 980 980 980 980 985 985 985 985 978 978 978 978 981 981 981 981 983 983 983 983 986 986 986 986 987 987 987 987 981 981 981 981 986 986 986 986 985 985 985 985 988 988 988 988 983 983 983 983 988 988 988 988 986 986 986 986 983 983 983 983 987 987 987 987 986 986 986 986 989 989 989 989 986 986 986 986 988 988 988 988 989 989 989 989 990 990 990 990 987 987 987 987 989 989 989 989 990 990 990 990 989 989 989 989 991 991 991 991 992 992 992 992 985 985 985 985 980 980 980 980 985 985 985 985 992 992 992 992 988 988 988 988 989 989 989 989 993 993 993 993 991 991 991 991 991 991 991 991 993 993 993 993 994 994 994 994 988 988 988 988 995 995 995 995 989 989 989 989 989 989 989 989 995 995 995 995 993 993 993 993 993 993 993 993 996 996 996 996 994 994 994 994 994 994 994 994 996 996 996 996 997 997 997 997 995 995 995 995 998 998 998 998 993 993 993 993 998 998 998 998 996 996 996 996 993 993 993 993 999 999 999 999 995 995 995 995 988 988 988 988 1000 1000 1000 1000 998 998 998 998 995 995 995 995 999 999 999 999 1000 1000 1000 1000 995 995 995 995 996 996 996 996 998 998 998 998 1001 1001 1001 1001 998 998 998 998 1000 1000 1000 1000 1001 1001 1001 1001 1002 1002 1002 1002 999 999 999 999 988 988 988 988 992 992 992 992 1002 1002 1002 1002 988 988 988 988 999 999 999 999 1003 1003 1003 1003 1000 1000 1000 1000 1003 1003 1003 1003 999 999 999 999 1002 1002 1002 1002 1000 1000 1000 1000 1004 1004 1004 1004 1001 1001 1001 1001 1005 1005 1005 1005 1003 1003 1003 1003 1002 1002 1002 1002 1000 1000 1000 1000 1006 1006 1006 1006 1004 1004 1004 1004 1003 1003 1003 1003 1006 1006 1006 1006 1000 1000 1000 1000 1007 1007 1007 1007 1005 1005 1005 1005 1002 1002 1002 1002 992 992 992 992 1007 1007 1007 1007 1002 1002 1002 1002 1003 1003 1003 1003 1005 1005 1005 1005 1008 1008 1008 1008 1005 1005 1005 1005 1007 1007 1007 1007 1008 1008 1008 1008 1009 1009 1009 1009 992 992 992 992 980 980 980 980 1007 1007 1007 1007 992 992 992 992 1009 1009 1009 1009 977 977 977 977 1009 1009 1009 1009 980 980 980 980 1010 1010 1010 1010 1007 1007 1007 1007 1009 1009 1009 1009 977 977 977 977 1011 1011 1011 1011 1009 1009 1009 1009 1011 1011 1011 1011 1010 1010 1010 1010 1009 1009 1009 1009 982 982 982 982 1011 1011 1011 1011 977 977 977 977 1007 1007 1007 1007 1010 1010 1010 1010 1012 1012 1012 1012 1010 1010 1010 1010 1011 1011 1011 1011 1012 1012 1012 1012 1011 1011 1011 1011 982 982 982 982 1013 1013 1013 1013 1011 1011 1011 1011 1013 1013 1013 1013 1012 1012 1012 1012 982 982 982 982 984 984 984 984 1013 1013 1013 1013 1014 1014 1014 1014 1007 1007 1007 1007 1012 1012 1012 1012 1007 1007 1007 1007 1014 1014 1014 1014 1008 1008 1008 1008 1012 1012 1012 1012 1013 1013 1013 1013 1015 1015 1015 1015 1014 1014 1014 1014 1012 1012 1012 1012 1015 1015 1015 1015 1013 1013 1013 1013 984 984 984 984 1016 1016 1016 1016 1013 1013 1013 1013 1016 1016 1016 1016 1015 1015 1015 1015 984 984 984 984 1017 1017 1017 1017 1016 1016 1016 1016 1017 1017 1017 1017 984 984 984 984 944 944 944 944 1016 1016 1016 1016 1017 1017 1017 1017 1018 1018 1018 1018 1017 1017 1017 1017 944 944 944 944 1019 1019 1019 1019 1018 1018 1018 1018 1017 1017 1017 1017 1019 1019 1019 1019 1019 1019 1019 1019 944 944 944 944 937 937 937 937 1019 1019 1019 1019 937 937 937 937 935 935 935 935 1020 1020 1020 1020 1016 1016 1016 1016 1018 1018 1018 1018 1015 1015 1015 1015 1016 1016 1016 1016 1020 1020 1020 1020 1018 1018 1018 1018 1019 1019 1019 1019 1021 1021 1021 1021 1020 1020 1020 1020 1018 1018 1018 1018 1021 1021 1021 1021 1022 1022 1022 1022 1019 1019 1019 1019 935 935 935 935 1019 1019 1019 1019 1022 1022 1022 1022 1021 1021 1021 1021 1022 1022 1022 1022 935 935 935 935 934 934 934 934 1023 1023 1023 1023 1022 1022 1022 1022 934 934 934 934 1023 1023 1023 1023 934 934 934 934 931 931 931 931 1022 1022 1022 1022 1023 1023 1023 1023 1024 1024 1024 1024 1021 1021 1021 1021 1022 1022 1022 1022 1024 1024 1024 1024 1024 1024 1024 1024 1023 1023 1023 1023 1025 1025 1025 1025 1023 1023 1023 1023 931 931 931 931 1025 1025 1025 1025 1021 1021 1021 1021 1024 1024 1024 1024 1026 1026 1026 1026 1026 1026 1026 1026 1024 1024 1024 1024 1025 1025 1025 1025 1027 1027 1027 1027 1020 1020 1020 1020 1021 1021 1021 1021 1027 1027 1027 1027 1021 1021 1021 1021 1026 1026 1026 1026 1028 1028 1028 1028 1020 1020 1020 1020 1027 1027 1027 1027 1028 1028 1028 1028 1015 1015 1015 1015 1020 1020 1020 1020 1027 1027 1027 1027 1026 1026 1026 1026 1029 1029 1029 1029 1030 1030 1030 1030 1015 1015 1015 1015 1028 1028 1028 1028 1030 1030 1030 1030 1014 1014 1014 1014 1015 1015 1015 1015 1031 1031 1031 1031 1028 1028 1028 1028 1027 1027 1027 1027 1031 1031 1031 1031 1027 1027 1027 1027 1029 1029 1029 1029 1014 1014 1014 1014 1030 1030 1030 1030 1032 1032 1032 1032 1008 1008 1008 1008 1014 1014 1014 1014 1032 1032 1032 1032 1033 1033 1033 1033 1030 1030 1030 1030 1028 1028 1028 1028 1032 1032 1032 1032 1030 1030 1030 1030 1033 1033 1033 1033 1028 1028 1028 1028 1031 1031 1031 1031 1034 1034 1034 1034 1033 1033 1033 1033 1028 1028 1028 1028 1034 1034 1034 1034 1035 1035 1035 1035 1032 1032 1032 1032 1033 1033 1033 1033 1035 1035 1035 1035 1033 1033 1033 1033 1034 1034 1034 1034 1008 1008 1008 1008 1032 1032 1032 1032 1036 1036 1036 1036 1036 1036 1036 1036 1032 1032 1032 1032 1035 1035 1035 1035 1037 1037 1037 1037 1008 1008 1008 1008 1036 1036 1036 1036 1037 1037 1037 1037 1003 1003 1003 1003 1008 1008 1008 1008 1003 1003 1003 1003 1037 1037 1037 1037 1038 1038 1038 1038 1006 1006 1006 1006 1003 1003 1003 1003 1038 1038 1038 1038 1037 1037 1037 1037 1036 1036 1036 1036 1039 1039 1039 1039 1038 1038 1038 1038 1037 1037 1037 1037 1039 1039 1039 1039 1040 1040 1040 1040 1036 1036 1036 1036 1035 1035 1035 1035 1039 1039 1039 1039 1036 1036 1036 1036 1040 1040 1040 1040 1006 1006 1006 1006 1038 1038 1038 1038 1041 1041 1041 1041 1038 1038 1038 1038 1039 1039 1039 1039 1042 1042 1042 1042 1041 1041 1041 1041 1038 1038 1038 1038 1042 1042 1042 1042 1043 1043 1043 1043 1039 1039 1039 1039 1040 1040 1040 1040 1042 1042 1042 1042 1039 1039 1039 1039 1043 1043 1043 1043 1044 1044 1044 1044 1006 1006 1006 1006 1041 1041 1041 1041 1006 1006 1006 1006 1044 1044 1044 1044 1004 1004 1004 1004 1045 1045 1045 1045 1041 1041 1041 1041 1042 1042 1042 1042 1045 1045 1045 1045 1044 1044 1044 1044 1041 1041 1041 1041 1046 1046 1046 1046 1045 1045 1045 1045 1042 1042 1042 1042 1044 1044 1044 1044 1045 1045 1045 1045 1047 1047 1047 1047 1047 1047 1047 1047 1045 1045 1045 1045 1046 1046 1046 1046 1048 1048 1048 1048 1044 1044 1044 1044 1047 1047 1047 1047 1049 1049 1049 1049 1047 1047 1047 1047 1046 1046 1046 1046 1044 1044 1044 1044 1048 1048 1048 1048 1050 1050 1050 1050 1049 1049 1049 1049 1046 1046 1046 1046 1051 1051 1051 1051 1052 1052 1052 1052 1049 1049 1049 1049 1051 1051 1051 1051 1052 1052 1052 1052 1051 1051 1051 1051 1053 1053 1053 1053 1046 1046 1046 1046 1042 1042 1042 1042 1054 1054 1054 1054 1051 1051 1051 1051 1046 1046 1046 1046 1054 1054 1054 1054 1054 1054 1054 1054 1042 1042 1042 1042 1043 1043 1043 1043 1051 1051 1051 1051 1055 1055 1055 1055 1053 1053 1053 1053 1051 1051 1051 1051 1054 1054 1054 1054 1055 1055 1055 1055 1054 1054 1054 1054 1043 1043 1043 1043 1056 1056 1056 1056 1054 1054 1054 1054 1056 1056 1056 1056 1055 1055 1055 1055 1043 1043 1043 1043 1057 1057 1057 1057 1056 1056 1056 1056 1043 1043 1043 1043 1040 1040 1040 1040 1057 1057 1057 1057 1053 1053 1053 1053 1055 1055 1055 1055 1058 1058 1058 1058 1059 1059 1059 1059 1053 1053 1053 1053 1058 1058 1058 1058 1055 1055 1055 1055 1056 1056 1056 1056 1060 1060 1060 1060 1058 1058 1058 1058 1055 1055 1055 1055 1060 1060 1060 1060 1059 1059 1059 1059 1058 1058 1058 1058 1061 1061 1061 1061 1062 1062 1062 1062 1059 1059 1059 1059 1061 1061 1061 1061 1058 1058 1058 1058 1060 1060 1060 1060 1063 1063 1063 1063 1061 1061 1061 1061 1058 1058 1058 1058 1063 1063 1063 1063 1062 1062 1062 1062 1061 1061 1061 1061 1064 1064 1064 1064 1065 1065 1065 1065 1062 1062 1062 1062 1064 1064 1064 1064 1064 1064 1064 1064 1061 1061 1061 1061 1066 1066 1066 1066 1061 1061 1061 1061 1063 1063 1063 1063 1066 1066 1066 1066 1065 1065 1065 1065 1064 1064 1064 1064 1067 1067 1067 1067 1064 1064 1064 1064 1066 1066 1066 1066 1067 1067 1067 1067 1068 1068 1068 1068 1065 1065 1065 1065 1067 1067 1067 1067 1068 1068 1068 1068 1067 1067 1067 1067 1069 1069 1069 1069 1066 1066 1066 1066 1063 1063 1063 1063 1070 1070 1070 1070 1066 1066 1066 1066 1071 1071 1071 1071 1067 1067 1067 1067 1066 1066 1066 1066 1070 1070 1070 1070 1071 1071 1071 1071 1067 1067 1067 1067 1072 1072 1072 1072 1069 1069 1069 1069 1067 1067 1067 1067 1071 1071 1071 1071 1072 1072 1072 1072 1063 1063 1063 1063 1073 1073 1073 1073 1070 1070 1070 1070 1063 1063 1063 1063 1060 1060 1060 1060 1073 1073 1073 1073 1070 1070 1070 1070 1074 1074 1074 1074 1071 1071 1071 1071 1060 1060 1060 1060 1075 1075 1075 1075 1073 1073 1073 1073 1060 1060 1060 1060 1056 1056 1056 1056 1075 1075 1075 1075 1056 1056 1056 1056 1057 1057 1057 1057 1075 1075 1075 1075 1070 1070 1070 1070 1073 1073 1073 1073 1076 1076 1076 1076 1070 1070 1070 1070 1076 1076 1076 1076 1074 1074 1074 1074 1073 1073 1073 1073 1075 1075 1075 1075 1077 1077 1077 1077 1073 1073 1073 1073 1077 1077 1077 1077 1076 1076 1076 1076 1057 1057 1057 1057 1078 1078 1078 1078 1075 1075 1075 1075 1040 1040 1040 1040 1078 1078 1078 1078 1057 1057 1057 1057 1040 1040 1040 1040 1035 1035 1035 1035 1078 1078 1078 1078 1078 1078 1078 1078 1079 1079 1079 1079 1075 1075 1075 1075 1075 1075 1075 1075 1079 1079 1079 1079 1077 1077 1077 1077 1035 1035 1035 1035 1080 1080 1080 1080 1078 1078 1078 1078 1078 1078 1078 1078 1080 1080 1080 1080 1079 1079 1079 1079 1080 1080 1080 1080 1035 1035 1035 1035 1034 1034 1034 1034 1080 1080 1080 1080 1081 1081 1081 1081 1079 1079 1079 1079 1080 1080 1080 1080 1034 1034 1034 1034 1081 1081 1081 1081 1077 1077 1077 1077 1079 1079 1079 1079 1082 1082 1082 1082 1079 1079 1079 1079 1081 1081 1081 1081 1082 1082 1082 1082 1034 1034 1034 1034 1083 1083 1083 1083 1081 1081 1081 1081 1034 1034 1034 1034 1031 1031 1031 1031 1083 1083 1083 1083 1031 1031 1031 1031 1029 1029 1029 1029 1083 1083 1083 1083 1081 1081 1081 1081 1083 1083 1083 1083 1084 1084 1084 1084 1083 1083 1083 1083 1029 1029 1029 1029 1084 1084 1084 1084 1082 1082 1082 1082 1081 1081 1081 1081 1084 1084 1084 1084 1077 1077 1077 1077 1082 1082 1082 1082 1085 1085 1085 1085 1076 1076 1076 1076 1077 1077 1077 1077 1085 1085 1085 1085 1082 1082 1082 1082 1084 1084 1084 1084 1086 1086 1086 1086 1085 1085 1085 1085 1082 1082 1082 1082 1086 1086 1086 1086 1029 1029 1029 1029 1087 1087 1087 1087 1084 1084 1084 1084 1084 1084 1084 1084 1087 1087 1087 1087 1086 1086 1086 1086 1076 1076 1076 1076 1085 1085 1085 1085 1088 1088 1088 1088 1076 1076 1076 1076 1088 1088 1088 1088 1074 1074 1074 1074 1085 1085 1085 1085 1089 1089 1089 1089 1088 1088 1088 1088 1085 1085 1085 1085 1086 1086 1086 1086 1089 1089 1089 1089 1074 1074 1074 1074 1088 1088 1088 1088 1090 1090 1090 1090 1088 1088 1088 1088 1089 1089 1089 1089 1091 1091 1091 1091 1088 1088 1088 1088 1091 1091 1091 1091 1090 1090 1090 1090 1074 1074 1074 1074 1090 1090 1090 1090 1092 1092 1092 1092 1071 1071 1071 1071 1074 1074 1074 1074 1092 1092 1092 1092 1071 1071 1071 1071 1092 1092 1092 1092 1072 1072 1072 1072 1092 1092 1092 1092 1090 1090 1090 1090 1093 1093 1093 1093 1072 1072 1072 1072 1092 1092 1092 1092 1093 1093 1093 1093 1090 1090 1090 1090 1091 1091 1091 1091 1094 1094 1094 1094 1095 1095 1095 1095 1072 1072 1072 1072 1093 1093 1093 1093 1069 1069 1069 1069 1072 1072 1072 1072 1095 1095 1095 1095 1096 1096 1096 1096 1069 1069 1069 1069 1095 1095 1095 1095 1097 1097 1097 1097 1096 1096 1096 1096 1095 1095 1095 1095 1090 1090 1090 1090 1098 1098 1098 1098 1093 1093 1093 1093 1098 1098 1098 1098 1090 1090 1090 1090 1094 1094 1094 1094 1099 1099 1099 1099 1097 1097 1097 1097 1095 1095 1095 1095 1093 1093 1093 1093 1098 1098 1098 1098 1100 1100 1100 1100 1097 1097 1097 1097 1099 1099 1099 1099 1101 1101 1101 1101 1102 1102 1102 1102 1097 1097 1097 1097 1101 1101 1101 1101 1099 1099 1099 1099 1095 1095 1095 1095 1103 1103 1103 1103 1095 1095 1095 1095 1093 1093 1093 1093 1103 1103 1103 1103 1099 1099 1099 1099 1103 1103 1103 1103 1101 1101 1101 1101 1103 1103 1103 1103 1093 1093 1093 1093 1100 1100 1100 1100 1102 1102 1102 1102 1101 1101 1101 1101 1104 1104 1104 1104 1105 1105 1105 1105 1102 1102 1102 1102 1104 1104 1104 1104 1103 1103 1103 1103 1106 1106 1106 1106 1101 1101 1101 1101 1101 1101 1101 1101 1106 1106 1106 1106 1104 1104 1104 1104 1103 1103 1103 1103 1100 1100 1100 1100 1107 1107 1107 1107 1106 1106 1106 1106 1103 1103 1103 1103 1107 1107 1107 1107 1100 1100 1100 1100 1098 1098 1098 1098 1108 1108 1108 1108 1100 1100 1100 1100 1108 1108 1108 1108 1107 1107 1107 1107 1098 1098 1098 1098 1094 1094 1094 1094 1108 1108 1108 1108 1106 1106 1106 1106 1107 1107 1107 1107 1109 1109 1109 1109 1108 1108 1108 1108 1094 1094 1094 1094 1110 1110 1110 1110 1108 1108 1108 1108 1111 1111 1111 1111 1107 1107 1107 1107 1108 1108 1108 1108 1110 1110 1110 1110 1111 1111 1111 1111 1107 1107 1107 1107 1111 1111 1111 1111 1112 1112 1112 1112 1109 1109 1109 1109 1107 1107 1107 1107 1112 1112 1112 1112 1110 1110 1110 1110 1113 1113 1113 1113 1111 1111 1111 1111 1111 1111 1111 1111 1113 1113 1113 1113 1112 1112 1112 1112 1114 1114 1114 1114 1106 1106 1106 1106 1109 1109 1109 1109 1106 1106 1106 1106 1114 1114 1114 1114 1104 1104 1104 1104 1114 1114 1114 1114 1109 1109 1109 1109 1115 1115 1115 1115 1104 1104 1104 1104 1114 1114 1114 1114 1116 1116 1116 1116 1116 1116 1116 1116 1114 1114 1114 1114 1115 1115 1115 1115 1105 1105 1105 1105 1104 1104 1104 1104 1117 1117 1117 1117 1117 1117 1117 1117 1104 1104 1104 1104 1116 1116 1116 1116 1118 1118 1118 1118 1105 1105 1105 1105 1117 1117 1117 1117 1118 1118 1118 1118 1117 1117 1117 1117 1119 1119 1119 1119 1119 1119 1119 1119 1117 1117 1117 1117 1116 1116 1116 1116 1120 1120 1120 1120 1118 1118 1118 1118 1119 1119 1119 1119 1116 1116 1116 1116 1115 1115 1115 1115 1121 1121 1121 1121 1119 1119 1119 1119 1116 1116 1116 1116 1121 1121 1121 1121 1120 1120 1120 1120 1119 1119 1119 1119 1122 1122 1122 1122 1123 1123 1123 1123 1120 1120 1120 1120 1122 1122 1122 1122 1121 1121 1121 1121 1124 1124 1124 1124 1119 1119 1119 1119 1124 1124 1124 1124 1122 1122 1122 1122 1119 1119 1119 1119 1123 1123 1123 1123 1122 1122 1122 1122 1125 1125 1125 1125 1126 1126 1126 1126 1123 1123 1123 1123 1125 1125 1125 1125 1124 1124 1124 1124 1127 1127 1127 1127 1122 1122 1122 1122 1127 1127 1127 1127 1125 1125 1125 1125 1122 1122 1122 1122 1126 1126 1126 1126 1125 1125 1125 1125 1128 1128 1128 1128 1129 1129 1129 1129 1126 1126 1126 1126 1128 1128 1128 1128 1130 1130 1130 1130 1129 1129 1129 1129 1128 1128 1128 1128 1128 1128 1128 1128 1125 1125 1125 1125 1131 1131 1131 1131 1125 1125 1125 1125 1127 1127 1127 1127 1131 1131 1131 1131 1132 1132 1132 1132 1130 1130 1130 1130 1128 1128 1128 1128 1132 1132 1132 1132 1128 1128 1128 1128 1131 1131 1131 1131 1133 1133 1133 1133 1130 1130 1130 1130 1132 1132 1132 1132 1131 1131 1131 1131 1127 1127 1127 1127 1134 1134 1134 1134 1135 1135 1135 1135 1132 1132 1132 1132 1131 1131 1131 1131 1135 1135 1135 1135 1131 1131 1131 1131 1134 1134 1134 1134 1136 1136 1136 1136 1133 1133 1133 1133 1132 1132 1132 1132 1136 1136 1136 1136 1132 1132 1132 1132 1135 1135 1135 1135 1133 1133 1133 1133 1136 1136 1136 1136 1137 1137 1137 1137 1138 1138 1138 1138 1133 1133 1133 1133 1137 1137 1137 1137 1139 1139 1139 1139 1136 1136 1136 1136 1135 1135 1135 1135 1138 1138 1138 1138 1137 1137 1137 1137 1140 1140 1140 1140 1141 1141 1141 1141 1138 1138 1138 1138 1140 1140 1140 1140 1142 1142 1142 1142 1141 1141 1141 1141 1140 1140 1140 1140 1143 1143 1143 1143 1137 1137 1137 1137 1136 1136 1136 1136 1143 1143 1143 1143 1136 1136 1136 1136 1139 1139 1139 1139 1140 1140 1140 1140 1137 1137 1137 1137 1144 1144 1144 1144 1137 1137 1137 1137 1143 1143 1143 1143 1144 1144 1144 1144 1145 1145 1145 1145 1142 1142 1142 1142 1140 1140 1140 1140 1144 1144 1144 1144 1145 1145 1145 1145 1140 1140 1140 1140 1145 1145 1145 1145 1146 1146 1146 1146 1142 1142 1142 1142 1146 1146 1146 1146 1147 1147 1147 1147 1142 1142 1142 1142 1143 1143 1143 1143 1148 1148 1148 1148 1144 1144 1144 1144 1148 1148 1148 1148 1143 1143 1143 1143 1139 1139 1139 1139 1146 1146 1146 1146 1149 1149 1149 1149 1147 1147 1147 1147 1149 1149 1149 1149 1150 1150 1150 1150 1147 1147 1147 1147 1151 1151 1151 1151 1152 1152 1152 1152 1150 1150 1150 1150 1149 1149 1149 1149 1151 1151 1151 1151 1150 1150 1150 1150 1149 1149 1149 1149 1153 1153 1153 1153 1151 1151 1151 1151 1153 1153 1153 1153 1149 1149 1149 1149 1146 1146 1146 1146 1153 1153 1153 1153 1154 1154 1154 1154 1151 1151 1151 1151 1155 1155 1155 1155 1154 1154 1154 1154 1153 1153 1153 1153 1156 1156 1156 1156 1153 1153 1153 1153 1146 1146 1146 1146 1156 1156 1156 1156 1146 1146 1146 1146 1145 1145 1145 1145 1157 1157 1157 1157 1155 1155 1155 1155 1153 1153 1153 1153 1158 1158 1158 1158 1155 1155 1155 1155 1157 1157 1157 1157 1153 1153 1153 1153 1156 1156 1156 1156 1159 1159 1159 1159 1157 1157 1157 1157 1153 1153 1153 1153 1159 1159 1159 1159 1160 1160 1160 1160 1156 1156 1156 1156 1145 1145 1145 1145 1159 1159 1159 1159 1156 1156 1156 1156 1160 1160 1160 1160 1160 1160 1160 1160 1145 1145 1145 1145 1144 1144 1144 1144 1161 1161 1161 1161 1158 1158 1158 1158 1157 1157 1157 1157 1159 1159 1159 1159 1161 1161 1161 1161 1157 1157 1157 1157 1158 1158 1158 1158 1161 1161 1161 1161 1162 1162 1162 1162 1163 1163 1163 1163 1160 1160 1160 1160 1144 1144 1144 1144 1148 1148 1148 1148 1163 1163 1163 1163 1144 1144 1144 1144 1164 1164 1164 1164 1159 1159 1159 1159 1160 1160 1160 1160 1164 1164 1164 1164 1160 1160 1160 1160 1163 1163 1163 1163 1148 1148 1148 1148 1165 1165 1165 1165 1163 1163 1163 1163 1148 1148 1148 1148 1139 1139 1139 1139 1165 1165 1165 1165 1166 1166 1166 1166 1164 1164 1164 1164 1163 1163 1163 1163 1165 1165 1165 1165 1166 1166 1166 1166 1163 1163 1163 1163 1167 1167 1167 1167 1159 1159 1159 1159 1164 1164 1164 1164 1161 1161 1161 1161 1159 1159 1159 1159 1167 1167 1167 1167 1168 1168 1168 1168 1164 1164 1164 1164 1166 1166 1166 1166 1168 1168 1168 1168 1167 1167 1167 1167 1164 1164 1164 1164 1165 1165 1165 1165 890 890 890 890 1166 1166 1166 1166 1169 1169 1169 1169 1168 1168 1168 1168 1166 1166 1166 1166 890 890 890 890 1169 1169 1169 1169 1166 1166 1166 1166 1165 1165 1165 1165 893 893 893 893 890 890 890 890 1139 1139 1139 1139 893 893 893 893 1165 1165 1165 1165 1169 1169 1169 1169 890 890 890 890 885 885 885 885 1168 1168 1168 1168 1169 1169 1169 1169 885 885 885 885 893 893 893 893 1139 1139 1139 1139 1170 1170 1170 1170 1139 1139 1139 1139 1135 1135 1135 1135 1170 1170 1170 1170 893 893 893 893 1170 1170 1170 1170 891 891 891 891 1170 1170 1170 1170 1135 1135 1135 1135 1134 1134 1134 1134 891 891 891 891 1170 1170 1170 1170 1171 1171 1171 1171 1170 1170 1170 1170 1134 1134 1134 1134 1171 1171 1171 1171 891 891 891 891 1171 1171 1171 1171 892 892 892 892 1171 1171 1171 1171 897 897 897 897 892 892 892 892 1134 1134 1134 1134 1172 1172 1172 1172 1171 1171 1171 1171 1172 1172 1172 1172 897 897 897 897 1171 1171 1171 1171 1127 1127 1127 1127 1172 1172 1172 1172 1134 1134 1134 1134 1127 1127 1127 1127 1124 1124 1124 1124 1172 1172 1172 1172 1124 1124 1124 1124 1173 1173 1173 1173 1172 1172 1172 1172 1172 1172 1172 1172 1173 1173 1173 1173 897 897 897 897 1124 1124 1124 1124 1121 1121 1121 1121 1173 1173 1173 1173 1173 1173 1173 1173 1174 1174 1174 1174 897 897 897 897 897 897 897 897 1174 1174 1174 1174 898 898 898 898 1121 1121 1121 1121 1175 1175 1175 1175 1173 1173 1173 1173 1173 1173 1173 1173 1175 1175 1175 1175 1174 1174 1174 1174 1121 1121 1121 1121 1115 1115 1115 1115 1175 1175 1175 1175 898 898 898 898 1174 1174 1174 1174 901 901 901 901 1115 1115 1115 1115 1176 1176 1176 1176 1175 1175 1175 1175 1115 1115 1115 1115 1109 1109 1109 1109 1176 1176 1176 1176 1175 1175 1175 1175 1177 1177 1177 1177 1174 1174 1174 1174 1174 1174 1174 1174 1177 1177 1177 1177 901 901 901 901 1175 1175 1175 1175 1176 1176 1176 1176 1177 1177 1177 1177 1109 1109 1109 1109 1112 1112 1112 1112 1176 1176 1176 1176 1177 1177 1177 1177 1178 1178 1178 1178 901 901 901 901 1176 1176 1176 1176 1178 1178 1178 1178 1177 1177 1177 1177 1176 1176 1176 1176 1112 1112 1112 1112 1178 1178 1178 1178 1178 1178 1178 1178 908 908 908 908 901 901 901 901 1112 1112 1112 1112 1179 1179 1179 1179 1178 1178 1178 1178 1178 1178 1178 1178 1179 1179 1179 1179 908 908 908 908 1113 1113 1113 1113 1179 1179 1179 1179 1112 1112 1112 1112 1179 1179 1179 1179 1180 1180 1180 1180 908 908 908 908 1180 1180 1180 1180 905 905 905 905 908 908 908 908 1113 1113 1113 1113 1181 1181 1181 1181 1179 1179 1179 1179 1181 1181 1181 1181 1180 1180 1180 1180 1179 1179 1179 1179 1113 1113 1113 1113 1110 1110 1110 1110 1181 1181 1181 1181 1182 1182 1182 1182 905 905 905 905 1180 1180 1180 1180 1181 1181 1181 1181 1182 1182 1182 1182 1180 1180 1180 1180 1182 1182 1182 1182 1183 1183 1183 1183 905 905 905 905 1183 1183 1183 1183 906 906 906 906 905 905 905 905 1183 1183 1183 1183 910 910 910 910 906 906 906 906 1184 1184 1184 1184 1182 1182 1182 1182 1181 1181 1181 1181 1182 1182 1182 1182 1184 1184 1184 1184 1183 1183 1183 1183 1110 1110 1110 1110 1185 1185 1185 1185 1181 1181 1181 1181 1185 1185 1185 1185 1184 1184 1184 1184 1181 1181 1181 1181 1183 1183 1183 1183 1186 1186 1186 1186 910 910 910 910 1184 1184 1184 1184 1186 1186 1186 1186 1183 1183 1183 1183 1186 1186 1186 1186 1187 1187 1187 1187 910 910 910 910 1187 1187 1187 1187 912 912 912 912 910 910 910 910 1187 1187 1187 1187 1186 1186 1186 1186 1188 1188 1188 1188 1187 1187 1187 1187 1188 1188 1188 1188 912 912 912 912 1186 1186 1186 1186 1184 1184 1184 1184 1189 1189 1189 1189 1186 1186 1186 1186 1189 1189 1189 1189 1188 1188 1188 1188 1185 1185 1185 1185 1190 1190 1190 1190 1184 1184 1184 1184 1185 1185 1185 1185 1110 1110 1110 1110 1190 1190 1190 1190 1184 1184 1184 1184 1191 1191 1191 1191 1189 1189 1189 1189 1190 1190 1190 1190 1191 1191 1191 1191 1184 1184 1184 1184 1110 1110 1110 1110 1192 1192 1192 1192 1190 1190 1190 1190 1094 1094 1094 1094 1192 1192 1192 1192 1110 1110 1110 1110 1094 1094 1094 1094 1091 1091 1091 1091 1192 1192 1192 1192 1091 1091 1091 1091 1193 1193 1193 1193 1192 1192 1192 1192 1192 1192 1192 1192 1193 1193 1193 1193 1190 1190 1190 1190 1089 1089 1089 1089 1193 1193 1193 1193 1091 1091 1091 1091 1190 1190 1190 1190 1194 1194 1194 1194 1191 1191 1191 1191 1193 1193 1193 1193 1194 1194 1194 1194 1190 1190 1190 1190 1089 1089 1089 1089 1195 1195 1195 1195 1193 1193 1193 1193 1195 1195 1195 1195 1194 1194 1194 1194 1193 1193 1193 1193 1086 1086 1086 1086 1195 1195 1195 1195 1089 1089 1089 1089 1194 1194 1194 1194 1196 1196 1196 1196 1191 1191 1191 1191 1194 1194 1194 1194 1195 1195 1195 1195 1196 1196 1196 1196 1191 1191 1191 1191 1196 1196 1196 1196 1189 1189 1189 1189 1195 1195 1195 1195 1086 1086 1086 1086 1197 1197 1197 1197 1195 1195 1195 1195 1197 1197 1197 1197 1196 1196 1196 1196 1086 1086 1086 1086 1198 1198 1198 1198 1197 1197 1197 1197 1087 1087 1087 1087 1198 1198 1198 1198 1086 1086 1086 1086 1198 1198 1198 1198 1199 1199 1199 1199 1197 1197 1197 1197 1198 1198 1198 1198 1087 1087 1087 1087 1199 1199 1199 1199 1197 1197 1197 1197 1200 1200 1200 1200 1196 1196 1196 1196 1199 1199 1199 1199 1200 1200 1200 1200 1197 1197 1197 1197 1196 1196 1196 1196 1201 1201 1201 1201 1189 1189 1189 1189 1200 1200 1200 1200 1201 1201 1201 1201 1196 1196 1196 1196 1189 1189 1189 1189 1201 1201 1201 1201 1188 1188 1188 1188 1087 1087 1087 1087 1202 1202 1202 1202 1199 1199 1199 1199 1087 1087 1087 1087 1029 1029 1029 1029 1202 1202 1202 1202 1029 1029 1029 1029 1026 1026 1026 1026 1202 1202 1202 1202 1202 1202 1202 1202 1026 1026 1026 1026 1025 1025 1025 1025 1199 1199 1199 1199 1202 1202 1202 1202 1203 1203 1203 1203 1202 1202 1202 1202 1025 1025 1025 1025 1203 1203 1203 1203 1199 1199 1199 1199 1203 1203 1203 1203 1200 1200 1200 1200 1025 1025 1025 1025 931 931 931 931 1203 1203 1203 1203 1200 1200 1200 1200 1204 1204 1204 1204 1201 1201 1201 1201 1203 1203 1203 1203 1204 1204 1204 1204 1200 1200 1200 1200 931 931 931 931 1205 1205 1205 1205 1203 1203 1203 1203 1205 1205 1205 1205 931 931 931 931 926 926 926 926 1205 1205 1205 1205 926 926 926 926 922 922 922 922 1203 1203 1203 1203 1205 1205 1205 1205 1206 1206 1206 1206 1206 1206 1206 1206 1205 1205 1205 1205 922 922 922 922 1204 1204 1204 1204 1203 1203 1203 1203 1206 1206 1206 1206 1206 1206 1206 1206 922 922 922 922 921 921 921 921 1204 1204 1204 1204 1206 1206 1206 1206 1207 1207 1207 1207 1207 1207 1207 1207 1206 1206 1206 1206 921 921 921 921 1204 1204 1204 1204 1208 1208 1208 1208 1201 1201 1201 1201 1208 1208 1208 1208 1204 1204 1204 1204 1207 1207 1207 1207 1201 1201 1201 1201 1208 1208 1208 1208 1188 1188 1188 1188 1207 1207 1207 1207 921 921 921 921 1209 1209 1209 1209 1208 1208 1208 1208 1207 1207 1207 1207 1209 1209 1209 1209 1188 1188 1188 1188 1208 1208 1208 1208 1209 1209 1209 1209 921 921 921 921 914 914 914 914 1209 1209 1209 1209 1188 1188 1188 1188 1209 1209 1209 1209 912 912 912 912 912 912 912 912 1209 1209 1209 1209 914 914 914 914 1210 1210 1210 1210 1211 1211 1211 1211 1212 1212 1212 1212 1213 1213 1213 1213 1210 1210 1210 1210 1212 1212 1212 1212 1214 1214 1214 1214 1210 1210 1210 1210 1213 1213 1213 1213 1215 1215 1215 1215 1214 1214 1214 1214 1213 1213 1213 1213 1215 1215 1215 1215 1216 1216 1216 1216 1214 1214 1214 1214 1216 1216 1216 1216 1217 1217 1217 1217 1214 1214 1214 1214 1218 1218 1218 1218 1219 1219 1219 1219 1220 1220 1220 1220 1221 1221 1221 1221 1218 1218 1218 1218 1220 1220 1220 1220 1222 1222 1222 1222 1218 1218 1218 1218 1221 1221 1221 1221 1223 1223 1223 1223 1222 1222 1222 1222 1221 1221 1221 1221 1223 1223 1223 1223 1224 1224 1224 1224 1222 1222 1222 1222 1224 1224 1224 1224 1225 1225 1225 1225 1222 1222 1222 1222 1225 1225 1225 1225 1224 1224 1224 1224 1226 1226 1226 1226 1224 1224 1224 1224 1227 1227 1227 1227 1226 1226 1226 1226 1228 1228 1228 1228 1226 1226 1226 1226 1227 1227 1227 1227 1229 1229 1229 1229 1228 1228 1228 1228 1227 1227 1227 1227 1229 1229 1229 1229 1230 1230 1230 1230 1228 1228 1228 1228 1230 1230 1230 1230 1231 1231 1231 1231 1228 1228 1228 1228 1231 1231 1231 1231 1230 1230 1230 1230 1232 1232 1232 1232 1230 1230 1230 1230 1233 1233 1233 1233 1232 1232 1232 1232 1233 1233 1233 1233 1234 1234 1234 1234 1232 1232 1232 1232 1234 1234 1234 1234 1235 1235 1235 1235 1232 1232 1232 1232 1236 1236 1236 1236 1237 1237 1237 1237 1238 1238 1238 1238 1239 1239 1239 1239 1236 1236 1236 1236 1238 1238 1238 1238 1240 1240 1240 1240 1236 1236 1236 1236 1239 1239 1239 1239 1241 1241 1241 1241 1240 1240 1240 1240 1239 1239 1239 1239 1242 1242 1242 1242 1240 1240 1240 1240 1241 1241 1241 1241 1243 1243 1243 1243 1242 1242 1242 1242 1241 1241 1241 1241 1242 1242 1242 1242 1243 1243 1243 1243 1244 1244 1244 1244 1245 1245 1245 1245 1242 1242 1242 1242 1244 1244 1244 1244 1246 1246 1246 1246 1245 1245 1245 1245 1244 1244 1244 1244 1247 1247 1247 1247 1246 1246 1246 1246 1244 1244 1244 1244 1248 1248 1248 1248 1246 1246 1246 1246 1247 1247 1247 1247 1249 1249 1249 1249 1248 1248 1248 1248 1247 1247 1247 1247 1248 1248 1248 1248 1249 1249 1249 1249 1250 1250 1250 1250 1251 1251 1251 1251 1248 1248 1248 1248 1250 1250 1250 1250 1251 1251 1251 1251 1250 1250 1250 1250 1252 1252 1252 1252 1250 1250 1250 1250 1253 1253 1253 1253 1252 1252 1252 1252 1254 1254 1254 1254 1255 1255 1255 1255 1256 1256 1256 1256 1255 1255 1255 1255 1257 1257 1257 1257 1256 1256 1256 1256 1255 1255 1255 1255 1258 1258 1258 1258 1257 1257 1257 1257 1258 1258 1258 1258 1259 1259 1259 1259 1257 1257 1257 1257 1259 1259 1259 1259 1258 1258 1258 1258 1260 1260 1260 1260 1258 1258 1258 1258 1261 1261 1261 1261 1260 1260 1260 1260 1260 1260 1260 1260 1261 1261 1261 1261 1262 1262 1262 1262 1261 1261 1261 1261 1263 1263 1263 1263 1262 1262 1262 1262 1264 1264 1264 1264 1265 1265 1265 1265 1266 1266 1266 1266 1267 1267 1267 1267 1264 1264 1264 1264 1266 1266 1266 1266 1264 1264 1264 1264 1267 1267 1267 1267 1268 1268 1268 1268 1267 1267 1267 1267 1269 1269 1269 1269 1268 1268 1268 1268 1268 1268 1268 1268 1269 1269 1269 1269 1270 1270 1270 1270 1269 1269 1269 1269 1271 1271 1271 1271 1270 1270 1270 1270 1270 1270 1270 1270 1271 1271 1271 1271 1272 1272 1272 1272 1271 1271 1271 1271 1273 1273 1273 1273 1272 1272 1272 1272 1274 1274 1274 1274 1275 1275 1275 1275 1276 1276 1276 1276 1277 1277 1277 1277 1274 1274 1274 1274 1276 1276 1276 1276 1278 1278 1278 1278 1274 1274 1274 1274 1277 1277 1277 1277 1279 1279 1279 1279 1278 1278 1278 1278 1277 1277 1277 1277 1280 1280 1280 1280 1278 1278 1278 1278 1279 1279 1279 1279 1281 1281 1281 1281 1280 1280 1280 1280 1279 1279 1279 1279 1281 1281 1281 1281 1282 1282 1282 1282 1280 1280 1280 1280 1282 1282 1282 1282 1283 1283 1283 1283 1280 1280 1280 1280 1283 1283 1283 1283 1282 1282 1282 1282 1284 1284 1284 1284 1282 1282 1282 1282 1285 1285 1285 1285 1284 1284 1284 1284 1286 1286 1286 1286 1287 1287 1287 1287 1288 1288 1288 1288 1289 1289 1289 1289 1286 1286 1286 1286 1288 1288 1288 1288 1289 1289 1289 1289 1290 1290 1290 1290 1286 1286 1286 1286 1290 1290 1290 1290 1291 1291 1291 1291 1286 1286 1286 1286 1292 1292 1292 1292 1293 1293 1293 1293 1294 1294 1294 1294 1293 1293 1293 1293 1295 1295 1295 1295 1294 1294 1294 1294 1295 1295 1295 1295 1293 1293 1293 1293 1296 1296 1296 1296 1293 1293 1293 1293 1297 1297 1297 1297 1296 1296 1296 1296 1297 1297 1297 1297 1298 1298 1298 1298 1296 1296 1296 1296 1298 1298 1298 1298 1299 1299 1299 1299 1296 1296 1296 1296 1300 1300 1300 1300 1301 1301 1301 1301 1302 1302 1302 1302 1303 1303 1303 1303 1300 1300 1300 1300 1302 1302 1302 1302 1300 1300 1300 1300 1303 1303 1303 1303 1304 1304 1304 1304 1305 1305 1305 1305 1300 1300 1300 1300 1304 1304 1304 1304 1306 1306 1306 1306 1307 1307 1307 1307 1308 1308 1308 1308 1309 1309 1309 1309 1306 1306 1306 1306 1308 1308 1308 1308 1306 1306 1306 1306 1309 1309 1309 1309 1310 1310 1310 1310 1311 1311 1311 1311 1306 1306 1306 1306 1310 1310 1310 1310 1312 1312 1312 1312 1313 1313 1313 1313 1314 1314 1314 1314 1315 1315 1315 1315 1312 1312 1312 1312 1314 1314 1314 1314 1316 1316 1316 1316 1315 1315 1315 1315 1314 1314 1314 1314 1317 1317 1317 1317 1316 1316 1316 1316 1314 1314 1314 1314 1318 1318 1318 1318 1319 1319 1319 1319 1320 1320 1320 1320 1321 1321 1321 1321 1318 1318 1318 1318 1320 1320 1320 1320 1322 1322 1322 1322 1321 1321 1321 1321 1320 1320 1320 1320 1323 1323 1323 1323 1322 1322 1322 1322 1320 1320 1320 1320 1324 1324 1324 1324 1325 1325 1325 1325 1326 1326 1326 1326 1327 1327 1327 1327 1324 1324 1324 1324 1326 1326 1326 1326 1324 1324 1324 1324 1327 1327 1327 1327 1328 1328 1328 1328 1329 1329 1329 1329 1324 1324 1324 1324 1328 1328 1328 1328 1330 1330 1330 1330 1331 1331 1331 1331 1332 1332 1332 1332 1333 1333 1333 1333 1330 1330 1330 1330 1332 1332 1332 1332 1334 1334 1334 1334 1333 1333 1333 1333 1332 1332 1332 1332 1335 1335 1335 1335 1334 1334 1334 1334 1332 1332 1332 1332 1335 1335 1335 1335 1336 1336 1336 1336 1334 1334 1334 1334 1336 1336 1336 1336 1337 1337 1337 1337 1334 1334 1334 1334 1338 1338 1338 1338 1339 1339 1339 1339 1340 1340 1340 1340 1339 1339 1339 1339 1341 1341 1341 1341 1340 1340 1340 1340 1341 1341 1341 1341 1339 1339 1339 1339 1342 1342 1342 1342 1339 1339 1339 1339 1343 1343 1343 1343 1342 1342 1342 1342 1343 1343 1343 1343 1344 1344 1344 1344 1342 1342 1342 1342 1344 1344 1344 1344 1345 1345 1345 1345 1342 1342 1342 1342 1346 1346 1346 1346 1347 1347 1347 1347 1348 1348 1348 1348 1347 1347 1347 1347 1349 1349 1349 1349 1348 1348 1348 1348 1349 1349 1349 1349 1347 1347 1347 1347 1350 1350 1350 1350 1347 1347 1347 1347 1351 1351 1351 1351 1350 1350 1350 1350 1351 1351 1351 1351 1352 1352 1352 1352 1350 1350 1350 1350 1352 1352 1352 1352 1353 1353 1353 1353 1350 1350 1350 1350 1354 1354 1354 1354 1355 1355 1355 1355 1356 1356 1356 1356 1355 1355 1355 1355 1357 1357 1357 1357 1356 1356 1356 1356 1357 1357 1357 1357 1358 1358 1358 1358 1356 1356 1356 1356 1358 1358 1358 1358 1359 1359 1359 1359 1356 1356 1356 1356 1360 1360 1360 1360 1359 1359 1359 1359 1358 1358 1358 1358 1361 1361 1361 1361 1360 1360 1360 1360 1358 1358 1358 1358 1360 1360 1360 1360 1361 1361 1361 1361 1362 1362 1362 1362 1363 1363 1363 1363 1360 1360 1360 1360 1362 1362 1362 1362 1364 1364 1364 1364 1363 1363 1363 1363 1362 1362 1362 1362 1365 1365 1365 1365 1364 1364 1364 1364 1362 1362 1362 1362 1364 1364 1364 1364 1365 1365 1365 1365 1366 1366 1366 1366 1367 1367 1367 1367 1364 1364 1364 1364 1366 1366 1366 1366 1368 1368 1368 1368 1367 1367 1367 1367 1366 1366 1366 1366 1369 1369 1369 1369 1368 1368 1368 1368 1366 1366 1366 1366 1369 1369 1369 1369 1370 1370 1370 1370 1368 1368 1368 1368 1370 1370 1370 1370 1371 1371 1371 1371 1368 1368 1368 1368 1372 1372 1372 1372 1373 1373 1373 1373 1374 1374 1374 1374 1373 1373 1373 1373 1375 1375 1375 1375 1374 1374 1374 1374 1375 1375 1375 1375 1376 1376 1376 1376 1374 1374 1374 1374 1376 1376 1376 1376 1377 1377 1377 1377 1374 1374 1374 1374 1378 1378 1378 1378 1377 1377 1377 1377 1376 1376 1376 1376 1379 1379 1379 1379 1378 1378 1378 1378 1376 1376 1376 1376 1378 1378 1378 1378 1379 1379 1379 1379 1380 1380 1380 1380 1381 1381 1381 1381 1378 1378 1378 1378 1380 1380 1380 1380 1382 1382 1382 1382 1381 1381 1381 1381 1380 1380 1380 1380 1383 1383 1383 1383 1382 1382 1382 1382 1380 1380 1380 1380 1382 1382 1382 1382 1383 1383 1383 1383 1384 1384 1384 1384 1385 1385 1385 1385 1382 1382 1382 1382 1384 1384 1384 1384 1386 1386 1386 1386 1385 1385 1385 1385 1384 1384 1384 1384 1387 1387 1387 1387 1386 1386 1386 1386 1384 1384 1384 1384 1387 1387 1387 1387 1388 1388 1388 1388 1386 1386 1386 1386 1388 1388 1388 1388 1389 1389 1389 1389 1386 1386 1386 1386 1390 1390 1390 1390 1391 1391 1391 1391 1392 1392 1392 1392 1391 1391 1391 1391 1393 1393 1393 1393 1392 1392 1392 1392 1393 1393 1393 1393 1391 1391 1391 1391 1394 1394 1394 1394 1391 1391 1391 1391 1395 1395 1395 1395 1394 1394 1394 1394 1394 1394 1394 1394 1395 1395 1395 1395 1396 1396 1396 1396 1397 1397 1397 1397 1394 1394 1394 1394 1396 1396 1396 1396 1398 1398 1398 1398 1397 1397 1397 1397 1396 1396 1396 1396 1399 1399 1399 1399 1398 1398 1398 1398 1396 1396 1396 1396 1398 1398 1398 1398 1399 1399 1399 1399 1400 1400 1400 1400 1401 1401 1401 1401 1398 1398 1398 1398 1400 1400 1400 1400 1402 1402 1402 1402 1401 1401 1401 1401 1400 1400 1400 1400 1403 1403 1403 1403 1402 1402 1402 1402 1400 1400 1400 1400 1402 1402 1402 1402 1403 1403 1403 1403 1404 1404 1404 1404 1405 1405 1405 1405 1402 1402 1402 1402 1404 1404 1404 1404 1405 1405 1405 1405 1404 1404 1404 1404 1406 1406 1406 1406 1404 1404 1404 1404 1407 1407 1407 1407 1406 1406 1406 1406 1408 1408 1408 1408 1409 1409 1409 1409 1410 1410 1410 1410 1409 1409 1409 1409 1411 1411 1411 1411 1410 1410 1410 1410 1411 1411 1411 1411 1409 1409 1409 1409 1412 1412 1412 1412 1409 1409 1409 1409 1413 1413 1413 1413 1412 1412 1412 1412 1412 1412 1412 1412 1413 1413 1413 1413 1414 1414 1414 1414 1415 1415 1415 1415 1412 1412 1412 1412 1414 1414 1414 1414 1416 1416 1416 1416 1415 1415 1415 1415 1414 1414 1414 1414 1417 1417 1417 1417 1416 1416 1416 1416 1414 1414 1414 1414 1416 1416 1416 1416 1417 1417 1417 1417 1418 1418 1418 1418 1419 1419 1419 1419 1416 1416 1416 1416 1418 1418 1418 1418 1420 1420 1420 1420 1419 1419 1419 1419 1418 1418 1418 1418 1421 1421 1421 1421 1420 1420 1420 1420 1418 1418 1418 1418 1420 1420 1420 1420 1421 1421 1421 1421 1422 1422 1422 1422 1423 1423 1423 1423 1420 1420 1420 1420 1422 1422 1422 1422 1423 1423 1423 1423 1422 1422 1422 1422 1424 1424 1424 1424 1422 1422 1422 1422 1425 1425 1425 1425 1424 1424 1424 1424 1426 1426 1426 1426 1427 1427 1427 1427 1428 1428 1428 1428 1427 1427 1427 1427 1429 1429 1429 1429 1428 1428 1428 1428 1428 1428 1428 1428 1429 1429 1429 1429 1430 1430 1430 1430 1431 1431 1431 1431 1428 1428 1428 1428 1430 1430 1430 1430 1431 1431 1431 1431 1430 1430 1430 1430 1432 1432 1432 1432 1433 1433 1433 1433 1431 1431 1431 1431 1432 1432 1432 1432 1433 1433 1433 1433 1432 1432 1432 1432 1434 1434 1434 1434 1435 1435 1435 1435 1433 1433 1433 1433 1434 1434 1434 1434 1435 1435 1435 1435 1434 1434 1434 1434 1436 1436 1436 1436 1437 1437 1437 1437 1435 1435 1435 1435 1436 1436 1436 1436 1437 1437 1437 1437 1436 1436 1436 1436 1438 1438 1438 1438 1436 1436 1436 1436 1439 1439 1439 1439 1438 1438 1438 1438 1438 1438 1438 1438 1439 1439 1439 1439 1440 1440 1440 1440 1441 1441 1441 1441 1438 1438 1438 1438 1440 1440 1440 1440 1441 1441 1441 1441 1440 1440 1440 1440 1442 1442 1442 1442 1443 1443 1443 1443 1441 1441 1441 1441 1442 1442 1442 1442 1443 1443 1443 1443 1442 1442 1442 1442 1444 1444 1444 1444 1442 1442 1442 1442 1445 1445 1445 1445 1444 1444 1444 1444 1444 1444 1444 1444 1445 1445 1445 1445 1446 1446 1446 1446 1447 1447 1447 1447 1444 1444 1444 1444 1446 1446 1446 1446 1448 1448 1448 1448 1449 1449 1449 1449 1450 1450 1450 1450 1449 1449 1449 1449 1451 1451 1451 1451 1450 1450 1450 1450 1452 1452 1452 1452 1451 1451 1451 1451 1449 1449 1449 1449 1453 1453 1453 1453 1452 1452 1452 1452 1449 1449 1449 1449 1453 1453 1453 1453 1454 1454 1454 1454 1452 1452 1452 1452 1454 1454 1454 1454 1455 1455 1455 1455 1452 1452 1452 1452 1454 1454 1454 1454 1456 1456 1456 1456 1455 1455 1455 1455 1456 1456 1456 1456 1457 1457 1457 1457 1455 1455 1455 1455 1457 1457 1457 1457 1456 1456 1456 1456 1458 1458 1458 1458 1456 1456 1456 1456 1459 1459 1459 1459 1458 1458 1458 1458 1459 1459 1459 1459 1460 1460 1460 1460 1458 1458 1458 1458 1460 1460 1460 1460 1461 1461 1461 1461 1458 1458 1458 1458 1460 1460 1460 1460 1462 1462 1462 1462 1461 1461 1461 1461 1462 1462 1462 1462 1463 1463 1463 1463 1461 1461 1461 1461 1463 1463 1463 1463 1462 1462 1462 1462 1464 1464 1464 1464 1462 1462 1462 1462 1465 1465 1465 1465 1464 1464 1464 1464 1466 1466 1466 1466 1464 1464 1464 1464 1465 1465 1465 1465 1467 1467 1467 1467 1466 1466 1466 1466 1465 1465 1465 1465 1467 1467 1467 1467 1468 1468 1468 1468 1466 1466 1466 1466 1468 1468 1468 1468 1469 1469 1469 1469 1466 1466 1466 1466 1470 1470 1470 1470 1471 1471 1471 1471 1472 1472 1472 1472 1471 1471 1471 1471 1473 1473 1473 1473 1472 1472 1472 1472 1474 1474 1474 1474 1473 1473 1473 1473 1471 1471 1471 1471 1475 1475 1475 1475 1474 1474 1474 1474 1471 1471 1471 1471 1475 1475 1475 1475 1476 1476 1476 1476 1474 1474 1474 1474 1476 1476 1476 1476 1477 1477 1477 1477 1474 1474 1474 1474 1476 1476 1476 1476 1478 1478 1478 1478 1477 1477 1477 1477 1478 1478 1478 1478 1479 1479 1479 1479 1477 1477 1477 1477 1479 1479 1479 1479 1478 1478 1478 1478 1480 1480 1480 1480 1478 1478 1478 1478 1481 1481 1481 1481 1480 1480 1480 1480 1481 1481 1481 1481 1482 1482 1482 1482 1480 1480 1480 1480 1482 1482 1482 1482 1483 1483 1483 1483 1480 1480 1480 1480 1482 1482 1482 1482 1484 1484 1484 1484 1483 1483 1483 1483 1484 1484 1484 1484 1485 1485 1485 1485 1483 1483 1483 1483 1485 1485 1485 1485 1484 1484 1484 1484 1486 1486 1486 1486 1484 1484 1484 1484 1487 1487 1487 1487 1486 1486 1486 1486 1488 1488 1488 1488 1486 1486 1486 1486 1487 1487 1487 1487 1489 1489 1489 1489 1488 1488 1488 1488 1487 1487 1487 1487 1489 1489 1489 1489 1490 1490 1490 1490 1488 1488 1488 1488 1490 1490 1490 1490 1491 1491 1491 1491 1488 1488 1488 1488 1492 1492 1492 1492 1493 1493 1493 1493 1494 1494 1494 1494 1493 1493 1493 1493 1495 1495 1495 1495 1494 1494 1494 1494 1493 1493 1493 1493 1496 1496 1496 1496 1495 1495 1495 1495 1497 1497 1497 1497 1494 1494 1494 1494 1495 1495 1495 1495 1496 1496 1496 1496 1498 1498 1498 1498 1495 1495 1495 1495 1499 1499 1499 1499 1497 1497 1497 1497 1495 1495 1495 1495 1498 1498 1498 1498 1496 1496 1496 1496 1500 1500 1500 1500 1496 1496 1496 1496 1501 1501 1501 1501 1500 1500 1500 1500 1500 1500 1500 1500 1502 1502 1502 1502 1498 1498 1498 1498 1502 1502 1502 1502 1503 1503 1503 1503 1498 1498 1498 1498 1499 1499 1499 1499 1504 1504 1504 1504 1497 1497 1497 1497 1504 1504 1504 1504 1499 1499 1499 1499 1503 1503 1503 1503 1504 1504 1504 1504 1505 1505 1505 1505 1497 1497 1497 1497 1506 1506 1506 1506 1504 1504 1504 1504 1503 1503 1503 1503 1503 1503 1503 1503 1502 1502 1502 1502 1506 1506 1506 1506 1502 1502 1502 1502 1507 1507 1507 1507 1506 1506 1506 1506 1508 1508 1508 1508 1509 1509 1509 1509 1510 1510 1510 1510 1509 1509 1509 1509 1511 1511 1511 1511 1510 1510 1510 1510 1511 1511 1511 1511 1509 1509 1509 1509 1512 1512 1512 1512 1510 1510 1510 1510 1511 1511 1511 1511 1512 1512 1512 1512 1513 1513 1513 1513 1510 1510 1510 1510 1512 1512 1512 1512 1514 1514 1514 1514 1515 1515 1515 1515 1516 1516 1516 1516 1515 1515 1515 1515 1517 1517 1517 1517 1516 1516 1516 1516 1517 1517 1517 1517 1515 1515 1515 1515 1518 1518 1518 1518 1516 1516 1516 1516 1517 1517 1517 1517 1518 1518 1518 1518 1519 1519 1519 1519 1516 1516 1516 1516 1518 1518 1518 1518 1520 1520 1520 1520 1521 1521 1521 1521 1522 1522 1522 1522 1521 1521 1521 1521 1523 1523 1523 1523 1522 1522 1522 1522 1523 1523 1523 1523 1521 1521 1521 1521 1524 1524 1524 1524 1522 1522 1522 1522 1523 1523 1523 1523 1524 1524 1524 1524 1525 1525 1525 1525 1522 1522 1522 1522 1524 1524 1524 1524 1526 1526 1526 1526 1527 1527 1527 1527 1528 1528 1528 1528 1527 1527 1527 1527 1529 1529 1529 1529 1528 1528 1528 1528 1529 1529 1529 1529 1527 1527 1527 1527 1530 1530 1530 1530 1528 1528 1528 1528 1529 1529 1529 1529 1530 1530 1530 1530 1531 1531 1531 1531 1528 1528 1528 1528 1530 1530 1530 1530 1532 1532 1532 1532 1533 1533 1533 1533 1534 1534 1534 1534 1533 1533 1533 1533 1535 1535 1535 1535 1534 1534 1534 1534 1535 1535 1535 1535 1533 1533 1533 1533 1536 1536 1536 1536 1534 1534 1534 1534 1535 1535 1535 1535 1536 1536 1536 1536 1537 1537 1537 1537 1534 1534 1534 1534 1536 1536 1536 1536 1538 1538 1538 1538 1539 1539 1539 1539 1540 1540 1540 1540 1539 1539 1539 1539 1541 1541 1541 1541 1540 1540 1540 1540 1541 1541 1541 1541 1539 1539 1539 1539 1542 1542 1542 1542 1540 1540 1540 1540 1541 1541 1541 1541 1542 1542 1542 1542 1543 1543 1543 1543 1540 1540 1540 1540 1542 1542 1542 1542 1544 1544 1544 1544 1545 1545 1545 1545 1546 1546 1546 1546 1545 1545 1545 1545 1547 1547 1547 1547 1546 1546 1546 1546 1547 1547 1547 1547 1545 1545 1545 1545 1548 1548 1548 1548 1546 1546 1546 1546 1547 1547 1547 1547 1548 1548 1548 1548 1549 1549 1549 1549 1546 1546 1546 1546 1548 1548 1548 1548 1550 1550 1550 1550 1551 1551 1551 1551 1552 1552 1552 1552 1551 1551 1551 1551 1553 1553 1553 1553 1552 1552 1552 1552 1553 1553 1553 1553 1551 1551 1551 1551 1554 1554 1554 1554 1552 1552 1552 1552 1553 1553 1553 1553 1554 1554 1554 1554 1555 1555 1555 1555 1552 1552 1552 1552 1554 1554 1554 1554 1004 1004 1004 1004 1044 1044 1044 1044 1556 1556 1556 1556 1004 1004 1004 1004 1556 1556 1556 1556 1001 1001 1001 1001 1556 1556 1556 1556 1044 1044 1044 1044 1050 1050 1050 1050 1556 1556 1556 1556 1557 1557 1557 1557 1001 1001 1001 1001 1556 1556 1556 1556 1050 1050 1050 1050 1557 1557 1557 1557 1001 1001 1001 1001 1557 1557 1557 1557 996 996 996 996 1050 1050 1050 1050 1558 1558 1558 1558 1557 1557 1557 1557 1557 1557 1557 1557 1559 1559 1559 1559 996 996 996 996 1557 1557 1557 1557 1558 1558 1558 1558 1559 1559 1559 1559 996 996 996 996 1559 1559 1559 1559 997 997 997 997 1558 1558 1558 1558 1560 1560 1560 1560 1559 1559 1559 1559 997 997 997 997 1559 1559 1559 1559 1561 1561 1561 1561 1559 1559 1559 1559 1560 1560 1560 1560 1561 1561 1561 1561 751 751 751 751 1562 1562 1562 1562 754 754 754 754 751 751 751 751 749 749 749 749 1562 1562 1562 1562 754 754 754 754 1562 1562 1562 1562 884 884 884 884 1562 1562 1562 1562 749 749 749 749 1563 1563 1563 1563 1562 1562 1562 1562 1563 1563 1563 1563 884 884 884 884 1563 1563 1563 1563 749 749 749 749 1564 1564 1564 1564 749 749 749 749 750 750 750 750 1564 1564 1564 1564 750 750 750 750 1565 1565 1565 1565 1564 1564 1564 1564 884 884 884 884 1563 1563 1563 1563 1566 1566 1566 1566 884 884 884 884 1566 1566 1566 1566 885 885 885 885 1566 1566 1566 1566 1168 1168 1168 1168 885 885 885 885 1167 1167 1167 1167 1168 1168 1168 1168 1566 1566 1566 1566 1563 1563 1563 1563 1567 1567 1567 1567 1566 1566 1566 1566 1567 1567 1567 1567 1167 1167 1167 1167 1566 1566 1566 1566 1563 1563 1563 1563 1564 1564 1564 1564 1567 1567 1567 1567 1564 1564 1564 1564 1568 1568 1568 1568 1567 1567 1567 1567 1567 1567 1567 1567 1568 1568 1568 1568 1167 1167 1167 1167 1564 1564 1564 1564 1565 1565 1565 1565 1568 1568 1568 1568 1565 1565 1565 1565 1569 1569 1569 1569 1568 1568 1568 1568 1569 1569 1569 1569 1162 1162 1162 1162 1568 1568 1568 1568 1568 1568 1568 1568 1570 1570 1570 1570 1167 1167 1167 1167 1162 1162 1162 1162 1570 1570 1570 1570 1568 1568 1568 1568 1570 1570 1570 1570 1161 1161 1161 1161 1167 1167 1167 1167 1161 1161 1161 1161 1570 1570 1570 1570 1162 1162 1162 1162 1571 1571 1571 1571 1572 1572 1572 1572 1573 1573 1573 1573 1574 1574 1574 1574 1571 1571 1571 1571 1573 1573 1573 1573 1573 1573 1573 1573 1572 1572 1572 1572 1575 1575 1575 1575 1574 1574 1574 1574 1573 1573 1573 1573 1576 1576 1576 1576 1577 1577 1577 1577 1574 1574 1574 1574 1576 1576 1576 1576 1577 1577 1577 1577 1576 1576 1576 1576 1578 1578 1578 1578 1576 1576 1576 1576 1579 1579 1579 1579 1578 1578 1578 1578 1579 1579 1579 1579 1576 1576 1576 1576 1580 1580 1580 1580 1581 1581 1581 1581 1573 1573 1573 1573 1575 1575 1575 1575 1576 1576 1576 1576 1573 1573 1573 1573 1581 1581 1581 1581 1581 1581 1581 1581 1575 1575 1575 1575 1582 1582 1582 1582 1583 1583 1583 1583 1581 1581 1581 1581 1582 1582 1582 1582 1576 1576 1576 1576 1584 1584 1584 1584 1580 1580 1580 1580 1584 1584 1584 1584 1576 1576 1576 1576 1581 1581 1581 1581 1584 1584 1584 1584 1581 1581 1581 1581 1583 1583 1583 1583 1580 1580 1580 1580 1584 1584 1584 1584 1585 1585 1585 1585 1586 1586 1586 1586 1584 1584 1584 1584 1583 1583 1583 1583 1584 1584 1584 1584 1586 1586 1586 1586 1585 1585 1585 1585 1587 1587 1587 1587 1588 1588 1588 1588 1589 1589 1589 1589 1587 1587 1587 1587 1590 1590 1590 1590 1588 1588 1588 1588 1588 1588 1588 1588 1591 1591 1591 1591 1589 1589 1589 1589 1590 1590 1590 1590 1592 1592 1592 1592 1588 1588 1588 1588 1593 1593 1593 1593 1589 1589 1589 1589 1591 1591 1591 1591 1590 1590 1590 1590 1594 1594 1594 1594 1592 1592 1592 1592 1595 1595 1595 1595 1593 1593 1593 1593 1591 1591 1591 1591 1594 1594 1594 1594 1596 1596 1596 1596 1592 1592 1592 1592 1593 1593 1593 1593 1595 1595 1595 1595 1597 1597 1597 1597 1596 1596 1596 1596 1594 1594 1594 1594 1598 1598 1598 1598 1599 1599 1599 1599 1593 1593 1593 1593 1597 1597 1597 1597 1594 1594 1594 1594 1600 1600 1600 1600 1598 1598 1598 1598 1599 1599 1599 1599 1597 1597 1597 1597 1601 1601 1601 1601 1601 1601 1601 1601 1598 1598 1598 1598 1600 1600 1600 1600 1602 1602 1602 1602 1599 1599 1599 1599 1601 1601 1601 1601 1602 1602 1602 1602 1601 1601 1601 1601 1600 1600 1600 1600 1603 1603 1603 1603 1604 1604 1604 1604 1605 1605 1605 1605 1603 1603 1603 1603 1606 1606 1606 1606 1604 1604 1604 1604 1604 1604 1604 1604 1607 1607 1607 1607 1605 1605 1605 1605 1606 1606 1606 1606 1608 1608 1608 1608 1604 1604 1604 1604 1609 1609 1609 1609 1605 1605 1605 1605 1607 1607 1607 1607 1606 1606 1606 1606 1610 1610 1610 1610 1608 1608 1608 1608 1611 1611 1611 1611 1609 1609 1609 1609 1607 1607 1607 1607 1610 1610 1610 1610 1612 1612 1612 1612 1608 1608 1608 1608 1609 1609 1609 1609 1611 1611 1611 1611 1613 1613 1613 1613 1612 1612 1612 1612 1610 1610 1610 1610 1614 1614 1614 1614 1615 1615 1615 1615 1609 1609 1609 1609 1613 1613 1613 1613 1610 1610 1610 1610 1616 1616 1616 1616 1614 1614 1614 1614 1615 1615 1615 1615 1613 1613 1613 1613 1617 1617 1617 1617 1617 1617 1617 1617 1614 1614 1614 1614 1616 1616 1616 1616 1618 1618 1618 1618 1615 1615 1615 1615 1617 1617 1617 1617 1618 1618 1618 1618 1617 1617 1617 1617 1616 1616 1616 1616 1619 1619 1619 1619 1620 1620 1620 1620 1621 1621 1621 1621 1619 1619 1619 1619 1622 1622 1622 1622 1620 1620 1620 1620 1620 1620 1620 1620 1623 1623 1623 1623 1621 1621 1621 1621 1622 1622 1622 1622 1624 1624 1624 1624 1620 1620 1620 1620 1625 1625 1625 1625 1621 1621 1621 1621 1623 1623 1623 1623 1622 1622 1622 1622 1626 1626 1626 1626 1624 1624 1624 1624 1627 1627 1627 1627 1625 1625 1625 1625 1623 1623 1623 1623 1626 1626 1626 1626 1628 1628 1628 1628 1624 1624 1624 1624 1625 1625 1625 1625 1627 1627 1627 1627 1629 1629 1629 1629 1628 1628 1628 1628 1626 1626 1626 1626 1630 1630 1630 1630 1631 1631 1631 1631 1625 1625 1625 1625 1629 1629 1629 1629 1626 1626 1626 1626 1632 1632 1632 1632 1630 1630 1630 1630 1631 1631 1631 1631 1629 1629 1629 1629 1633 1633 1633 1633 1633 1633 1633 1633 1630 1630 1630 1630 1632 1632 1632 1632 1634 1634 1634 1634 1631 1631 1631 1631 1633 1633 1633 1633 1634 1634 1634 1634 1633 1633 1633 1633 1632 1632 1632 1632 1635 1635 1635 1635 1636 1636 1636 1636 1637 1637 1637 1637 1635 1635 1635 1635 1638 1638 1638 1638 1636 1636 1636 1636 1636 1636 1636 1636 1639 1639 1639 1639 1637 1637 1637 1637 1638 1638 1638 1638 1640 1640 1640 1640 1636 1636 1636 1636 1641 1641 1641 1641 1637 1637 1637 1637 1639 1639 1639 1639 1638 1638 1638 1638 1642 1642 1642 1642 1640 1640 1640 1640 1643 1643 1643 1643 1641 1641 1641 1641 1639 1639 1639 1639 1642 1642 1642 1642 1644 1644 1644 1644 1640 1640 1640 1640 1641 1641 1641 1641 1643 1643 1643 1643 1645 1645 1645 1645 1644 1644 1644 1644 1642 1642 1642 1642 1646 1646 1646 1646 1647 1647 1647 1647 1641 1641 1641 1641 1645 1645 1645 1645 1642 1642 1642 1642 1648 1648 1648 1648 1646 1646 1646 1646 1647 1647 1647 1647 1645 1645 1645 1645 1649 1649 1649 1649 1649 1649 1649 1649 1646 1646 1646 1646 1648 1648 1648 1648 1650 1650 1650 1650 1647 1647 1647 1647 1649 1649 1649 1649 1650 1650 1650 1650 1649 1649 1649 1649 1648 1648 1648 1648 </p>
        </triangles>
      </mesh>
    </geometry>
  </library_geometries>
  <library_controllers>
    <controller id="Armature_CollisionM__CollisionC-mesh">
      <skin source="#CollisionM__CollisionC-mesh">
        <bind_shape_matrix>1 0 0 0 0 1 0 0 0 0 1 0 0 0 0 1</bind_shape_matrix>
        <source id="CollisionM__CollisionC-mesh-joint">
          <Name_array id="CollisionM__CollisionC-mesh-joint-array" count="1">CmFillerObjectA02L</Name_array>
          <technique_common>
            <accessor source="#CollisionM__CollisionC-mesh-joint-array" count="1" stride="1">
              <param name="JOINT" type="name" />
            </accessor>
          </technique_common>
        </source>
        <source id="CollisionM__CollisionC-mesh-inv_bind_matrix">
          <float_array id="CollisionM__CollisionC-mesh-inv_bind_matrix-array" count="16">1 0 0 0 0 1 0 0 0 0 1 0 0 0 0 1</float_array>
          <technique_common>
            <accessor source="#CollisionM__CollisionC-mesh-inv_bind_matrix-array" count="1" stride="16">
              <param name="TRANSFORM" type="float4x4" />
            </accessor>
          </technique_common>
        </source>
        <source id="CollisionM__CollisionC-mesh-weight">
          <float_array id="CollisionM__CollisionC-mesh-weight-array" count="1">1</float_array>
          <technique_common>
            <accessor source="#CollisionM__CollisionC-mesh-weight-array" count="1" stride="1">
              <param name="WEIGHT" type="float" />
            </accessor>
          </technique_common>
        </source>
        <joints>
          <input semantic="JOINT" source="#CollisionM__CollisionC-mesh-joint" />
          <input semantic="INV_BIND_MATRIX" source="#CollisionM__CollisionC-mesh-inv_bind_matrix" />
        </joints>
        <vertex_weights count="1">
          <input semantic="JOINT" source="#CollisionM__CollisionC-mesh-joint" offset="0" />
          <input semantic="WEIGHT" source="#CollisionM__CollisionC-mesh-weight" offset="1" />
          <vcount>1 </vcount>
          <v>0 0 </v>
        </vertex_weights>
      </skin>
    </controller>
    <controller id="Armature_brock1__CmFillerObjectA02C-mesh">
      <skin source="#brock1__CmFillerObjectA02C-mesh">
        <bind_shape_matrix>1 0 0 0 0 1 0 0 0 0 1 0 0 0 0 1</bind_shape_matrix>
        <source id="brock1__CmFillerObjectA02C-mesh-joint">
          <Name_array id="brock1__CmFillerObjectA02C-mesh-joint-array" count="1">CmFillerObjectA02L</Name_array>
          <technique_common>
            <accessor source="#brock1__CmFillerObjectA02C-mesh-joint-array" count="1" stride="1">
              <param name="JOINT" type="name" />
            </accessor>
          </technique_common>
        </source>
        <source id="brock1__CmFillerObjectA02C-mesh-inv_bind_matrix">
          <float_array id="brock1__CmFillerObjectA02C-mesh-inv_bind_matrix-array" count="16">1 0 0 0 0 1 0 0 0 0 1 0 0 0 0 1</float_array>
          <technique_common>
            <accessor source="#brock1__CmFillerObjectA02C-mesh-inv_bind_matrix-array" count="1" stride="16">
              <param name="TRANSFORM" type="float4x4" />
            </accessor>
          </technique_common>
        </source>
        <source id="brock1__CmFillerObjectA02C-mesh-weight">
          <float_array id="brock1__CmFillerObjectA02C-mesh-weight-array" count="1">1</float_array>
          <technique_common>
            <accessor source="#brock1__CmFillerObjectA02C-mesh-weight-array" count="1" stride="1">
              <param name="WEIGHT" type="float" />
            </accessor>
          </technique_common>
        </source>
        <joints>
          <input semantic="JOINT" source="#brock1__CmFillerObjectA02C-mesh-joint" />
          <input semantic="INV_BIND_MATRIX" source="#brock1__CmFillerObjectA02C-mesh-inv_bind_matrix" />
        </joints>
        <vertex_weights count="2690">
          <input semantic="JOINT" source="#brock1__CmFillerObjectA02C-mesh-joint" offset="0" />
          <input semantic="WEIGHT" source="#brock1__CmFillerObjectA02C-mesh-weight" offset="1" />
          <vcount>1 1 1 1 1 1 1 1 1 1 1 1 1 1 1 1 1 1 1 1 1 1 1 1 1 1 1 1 1 1 1 1 1 1 1 1 1 1 1 1 1 1 1 1 1 1 1 1 1 1 1 1 1 1 1 1 1 1 1 1 1 1 1 1 1 1 1 1 1 1 1 1 1 1 1 1 1 1 1 1 1 1 1 1 1 1 1 1 1 1 1 1 1 1 1 1 1 1 1 1 1 1 1 1 1 1 1 1 1 1 1 1 1 1 1 1 1 1 1 1 1 1 1 1 1 1 1 1 1 1 1 1 1 1 1 1 1 1 1 1 1 1 1 1 1 1 1 1 1 1 1 1 1 1 1 1 1 1 1 1 1 1 1 1 1 1 1 1 1 1 1 1 1 1 1 1 1 1 1 1 1 1 1 1 1 1 1 1 1 1 1 1 1 1 1 1 1 1 1 1 1 1 1 1 1 1 1 1 1 1 1 1 1 1 1 1 1 1 1 1 1 1 1 1 1 1 1 1 1 1 1 1 1 1 1 1 1 1 1 1 1 1 1 1 1 1 1 1 1 1 1 1 1 1 1 1 1 1 1 1 1 1 1 1 1 1 1 1 1 1 1 1 1 1 1 1 1 1 1 1 1 1 1 1 1 1 1 1 1 1 1 1 1 1 1 1 1 1 1 1 1 1 1 1 1 1 1 1 1 1 1 1 1 1 1 1 1 1 1 1 1 1 1 1 1 1 1 1 1 1 1 1 1 1 1 1 1 1 1 1 1 1 1 1 1 1 1 1 1 1 1 1 1 1 1 1 1 1 1 1 1 1 1 1 1 1 1 1 1 1 1 1 1 1 1 1 1 1 1 1 1 1 1 1 1 1 1 1 1 1 1 1 1 1 1 1 1 1 1 1 1 1 1 1 1 1 1 1 1 1 1 1 1 1 1 1 1 1 1 1 1 1 1 1 1 1 1 1 1 1 1 1 1 1 1 1 1 1 1 1 1 1 1 1 1 1 1 1 1 1 1 1 1 1 1 1 1 1 1 1 1 1 1 1 1 1 1 1 1 1 1 1 1 1 1 1 1 1 1 1 1 1 1 1 1 1 1 1 1 1 1 1 1 1 1 1 1 1 1 1 1 1 1 1 1 1 1 1 1 1 1 1 1 1 1 1 1 1 1 1 1 1 1 1 1 1 1 1 1 1 1 1 1 1 1 1 1 1 1 1 1 1 1 1 1 1 1 1 1 1 1 1 1 1 1 1 1 1 1 1 1 1 1 1 1 1 1 1 1 1 1 1 1 1 1 1 1 1 1 1 1 1 1 1 1 1 1 1 1 1 1 1 1 1 1 1 1 1 1 1 1 1 1 1 1 1 1 1 1 1 1 1 1 1 1 1 1 1 1 1 1 1 1 1 1 1 1 1 1 1 1 1 1 1 1 1 1 1 1 1 1 1 1 1 1 1 1 1 1 1 1 1 1 1 1 1 1 1 1 1 1 1 1 1 1 1 1 1 1 1 1 1 1 1 1 1 1 1 1 1 1 1 1 1 1 1 1 1 1 1 1 1 1 1 1 1 1 1 1 1 1 1 1 1 1 1 1 1 1 1 1 1 1 1 1 1 1 1 1 1 1 1 1 1 1 1 1 1 1 1 1 1 1 1 1 1 1 1 1 1 1 1 1 1 1 1 1 1 1 1 1 1 1 1 1 1 1 1 1 1 1 1 1 1 1 1 1 1 1 1 1 1 1 1 1 1 1 1 1 1 1 1 1 1 1 1 1 1 1 1 1 1 1 1 1 1 1 1 1 1 1 1 1 1 1 1 1 1 1 1 1 1 1 1 1 1 1 1 1 1 1 1 1 1 1 1 1 1 1 1 1 1 1 1 1 1 1 1 1 1 1 1 1 1 1 1 1 1 1 1 1 1 1 1 1 1 1 1 1 1 1 1 1 1 1 1 1 1 1 1 1 1 1 1 1 1 1 1 1 1 1 1 1 1 1 1 1 1 1 1 1 1 1 1 1 1 1 1 1 1 1 1 1 1 1 1 1 1 1 1 1 1 1 1 1 1 1 1 1 1 1 1 1 1 1 1 1 1 1 1 1 1 1 1 1 1 1 1 1 1 1 1 1 1 1 1 1 1 1 1 1 1 1 1 1 1 1 1 1 1 1 1 1 1 1 1 1 1 1 1 1 1 1 1 1 1 1 1 1 1 1 1 1 1 1 1 1 1 1 1 1 1 1 1 1 1 1 1 1 1 1 1 1 1 1 1 1 1 1 1 1 1 1 1 1 1 1 1 1 1 1 1 1 1 1 1 1 1 1 1 1 1 1 1 1 1 1 1 1 1 1 1 1 1 1 1 1 1 1 1 1 1 1 1 1 1 1 1 1 1 1 1 1 1 1 1 1 1 1 1 1 1 1 1 1 1 1 1 1 1 1 1 1 1 1 1 1 1 1 1 1 1 1 1 1 1 1 1 1 1 1 1 1 1 1 1 1 1 1 1 1 1 1 1 1 1 1 1 1 1 1 1 1 1 1 1 1 1 1 1 1 1 1 1 1 1 1 1 1 1 1 1 1 1 1 1 1 1 1 1 1 1 1 1 1 1 1 1 1 1 1 1 1 1 1 1 1 1 1 1 1 1 1 1 1 1 1 1 1 1 1 1 1 1 1 1 1 1 1 1 1 1 1 1 1 1 1 1 1 1 1 1 1 1 1 1 1 1 1 1 1 1 1 1 1 1 1 1 1 1 1 1 1 1 1 1 1 1 1 1 1 1 1 1 1 1 1 1 1 1 1 1 1 1 1 1 1 1 1 1 1 1 1 1 1 1 1 1 1 1 1 1 1 1 1 1 1 1 1 1 1 1 1 1 1 1 1 1 1 1 1 1 1 1 1 1 1 1 1 1 1 1 1 1 1 1 1 1 1 1 1 1 1 1 1 1 1 1 1 1 1 1 1 1 1 1 1 1 1 1 1 1 1 1 1 1 1 1 1 1 1 1 1 1 1 1 1 1 1 1 1 1 1 1 1 1 1 1 1 1 1 1 1 1 1 1 1 1 1 1 1 1 1 1 1 1 1 1 1 1 1 1 1 1 1 1 1 1 1 1 1 1 1 1 1 1 1 1 1 1 1 1 1 1 1 1 1 1 1 1 1 1 1 1 1 1 1 1 1 1 1 1 1 1 1 1 1 1 1 1 1 1 1 1 1 1 1 1 1 1 1 1 1 1 1 1 1 1 1 1 1 1 1 1 1 1 1 1 1 1 1 1 1 1 1 1 1 1 1 1 1 1 1 1 1 1 1 1 1 1 1 1 1 1 1 1 1 1 1 1 1 1 1 1 1 1 1 1 1 1 1 1 1 1 1 1 1 1 1 1 1 1 1 1 1 1 1 1 1 1 1 1 1 1 1 1 1 1 1 1 1 1 1 1 1 1 1 1 1 1 1 1 1 1 1 1 1 1 1 1 1 1 1 1 1 1 1 1 1 1 1 1 1 1 1 1 1 1 1 1 1 1 1 1 1 1 1 1 1 1 1 1 1 1 1 1 1 1 1 1 1 1 1 1 1 1 1 1 1 1 1 1 1 1 1 1 1 1 1 1 1 1 1 1 1 1 1 1 1 1 1 1 1 1 1 1 1 1 1 1 1 1 1 1 1 1 1 1 1 1 1 1 1 1 1 1 1 1 1 1 1 1 1 1 1 1 1 1 1 1 1 1 1 1 1 1 1 1 1 1 1 1 1 1 1 1 1 1 1 1 1 1 1 1 1 1 1 1 1 1 1 1 1 1 1 1 1 1 1 1 1 1 1 1 1 1 1 1 1 1 1 1 1 1 1 1 1 1 1 1 1 1 1 1 1 1 1 1 1 1 1 1 1 1 1 1 1 1 1 1 1 1 1 1 1 1 1 1 1 1 1 1 1 1 1 1 1 1 1 1 1 1 1 1 1 1 1 1 1 1 1 1 1 1 1 1 1 1 1 1 1 1 1 1 1 1 1 1 1 1 1 1 1 1 1 1 1 1 1 1 1 1 1 1 1 1 1 1 1 1 1 1 1 1 1 1 1 1 1 1 1 1 1 1 1 1 1 1 1 1 1 1 1 1 1 1 1 1 1 1 1 1 1 1 1 1 1 1 1 1 1 1 1 1 1 1 1 1 1 1 1 1 1 1 1 1 1 1 1 1 1 1 1 1 1 1 1 1 1 1 1 1 1 1 1 1 1 1 1 1 1 1 1 1 1 1 1 1 1 1 1 1 1 1 1 1 1 1 1 1 1 1 1 1 1 1 1 1 1 1 1 1 1 1 1 1 1 1 1 1 1 1 1 1 1 1 1 1 1 1 1 1 1 1 1 1 1 1 1 1 1 1 1 1 1 1 1 1 1 1 1 1 1 1 1 1 1 1 1 1 1 1 1 1 1 1 1 1 1 1 1 1 1 1 1 1 1 1 1 1 1 1 1 1 1 1 1 1 1 1 1 1 1 1 1 1 1 1 1 1 1 1 1 1 1 1 1 1 1 1 1 1 1 1 1 1 1 1 1 1 1 1 1 1 1 1 1 1 1 1 1 1 1 1 1 1 1 1 1 1 1 1 1 1 1 1 1 1 1 1 1 1 1 1 1 1 1 1 1 1 1 1 1 1 1 1 1 1 1 1 1 1 1 1 1 1 1 1 1 1 1 1 1 1 1 1 1 1 1 1 1 1 1 1 1 1 1 1 1 1 1 1 1 1 1 1 1 1 1 1 1 1 1 1 1 1 1 1 1 1 1 1 1 1 1 1 1 1 1 1 1 1 1 1 1 1 1 1 1 1 1 1 1 1 1 1 1 1 1 1 1 1 1 1 1 1 1 1 1 1 1 1 1 1 1 1 1 1 1 1 1 1 1 1 1 1 1 1 1 1 1 1 1 1 1 1 1 1 1 1 1 1 1 1 1 1 1 1 1 1 1 1 1 1 1 1 1 1 1 1 1 1 1 1 1 1 1 1 1 1 1 1 1 1 1 1 1 1 1 1 1 1 1 1 1 1 1 1 1 1 1 1 1 1 1 1 1 1 1 1 1 1 1 1 1 1 1 1 1 1 1 1 1 1 1 1 1 1 1 1 1 1 1 1 1 1 1 1 1 1 1 1 1 1 1 1 1 1 1 1 1 1 1 1 1 1 1 1 1 1 1 1 1 1 1 1 1 1 1 1 1 1 1 1 1 1 1 1 1 1 1 1 1 1 1 1 1 1 1 1 1 1 1 1 1 1 1 1 1 1 1 1 1 1 1 1 1 1 1 1 1 1 1 1 1 1 1 1 1 1 1 1 1 1 1 1 1 1 1 1 1 1 1 1 1 1 1 1 1 1 1 1 1 1 1 1 1 1 1 1 1 1 1 1 1 1 1 1 1 1 1 1 1 1 1 1 1 1 1 1 1 1 1 1 1 1 1 1 1 1 1 1 1 1 1 1 1 1 1 1 1 1 1 1 1 1 1 1 1 1 1 1 1 1 1 1 1 1 1 1 1 1 1 1 1 1 1 1 1 1 1 1 1 1 1 1 1 1 1 1 1 1 1 1 1 1 1 1 1 1 1 1 1 1 1 1 1 1 1 1 1 1 1 1 1 1 1 1 1 1 1 1 1 1 1 1 1 1 1 1 1 1 1 1 1 1 1 1 1 1 1 1 1 1 1 1 1 1 1 1 1 1 1 1 1 1 1 1 1 1 1 1 1 1 1 1 1 1 1 1 1 1 1 1 1 1 1 1 1 1 1 1 1 1 1 1 1 1 1 1 1 1 1 1 1 1 1 1 1 1 1 1 1 1 1 1 1 1 1 1 1 1 1 1 1 1 1 1 1 1 1 1 1 1 1 1 1 1 1 1 1 1 1 1 1 1 1 1 1 1 1 1 1 1 1 1 1 1 1 1 1 1 1 1 1 1 1 1 1 1 1 1 1 1 1 1 1 1 1 1 1 1 1 1 1 1 1 1 1 1 1 1 1 1 1 1 1 1 1 1 1 1 1 1 1 1 1 1 1 1 1 1 1 1 1 1 1 1 1 1 </vcount>
          <v>0 0 0 0 0 0 0 0 0 0 0 0 0 0 0 0 0 0 0 0 0 0 0 0 0 0 0 0 0 0 0 0 0 0 0 0 0 0 0 0 0 0 0 0 0 0 0 0 0 0 0 0 0 0 0 0 0 0 0 0 0 0 0 0 0 0 0 0 0 0 0 0 0 0 0 0 0 0 0 0 0 0 0 0 0 0 0 0 0 0 0 0 0 0 0 0 0 0 0 0 0 0 0 0 0 0 0 0 0 0 0 0 0 0 0 0 0 0 0 0 0 0 0 0 0 0 0 0 0 0 0 0 0 0 0 0 0 0 0 0 0 0 0 0 0 0 0 0 0 0 0 0 0 0 0 0 0 0 0 0 0 0 0 0 0 0 0 0 0 0 0 0 0 0 0 0 0 0 0 0 0 0 0 0 0 0 0 0 0 0 0 0 0 0 0 0 0 0 0 0 0 0 0 0 0 0 0 0 0 0 0 0 0 0 0 0 0 0 0 0 0 0 0 0 0 0 0 0 0 0 0 0 0 0 0 0 0 0 0 0 0 0 0 0 0 0 0 0 0 0 0 0 0 0 0 0 0 0 0 0 0 0 0 0 0 0 0 0 0 0 0 0 0 0 0 0 0 0 0 0 0 0 0 0 0 0 0 0 0 0 0 0 0 0 0 0 0 0 0 0 0 0 0 0 0 0 0 0 0 0 0 0 0 0 0 0 0 0 0 0 0 0 0 0 0 0 0 0 0 0 0 0 0 0 0 0 0 0 0 0 0 0 0 0 0 0 0 0 0 0 0 0 0 0 0 0 0 0 0 0 0 0 0 0 0 0 0 0 0 0 0 0 0 0 0 0 0 0 0 0 0 0 0 0 0 0 0 0 0 0 0 0 0 0 0 0 0 0 0 0 0 0 0 0 0 0 0 0 0 0 0 0 0 0 0 0 0 0 0 0 0 0 0 0 0 0 0 0 0 0 0 0 0 0 0 0 0 0 0 0 0 0 0 0 0 0 0 0 0 0 0 0 0 0 0 0 0 0 0 0 0 0 0 0 0 0 0 0 0 0 0 0 0 0 0 0 0 0 0 0 0 0 0 0 0 0 0 0 0 0 0 0 0 0 0 0 0 0 0 0 0 0 0 0 0 0 0 0 0 0 0 0 0 0 0 0 0 0 0 0 0 0 0 0 0 0 0 0 0 0 0 0 0 0 0 0 0 0 0 0 0 0 0 0 0 0 0 0 0 0 0 0 0 0 0 0 0 0 0 0 0 0 0 0 0 0 0 0 0 0 0 0 0 0 0 0 0 0 0 0 0 0 0 0 0 0 0 0 0 0 0 0 0 0 0 0 0 0 0 0 0 0 0 0 0 0 0 0 0 0 0 0 0 0 0 0 0 0 0 0 0 0 0 0 0 0 0 0 0 0 0 0 0 0 0 0 0 0 0 0 0 0 0 0 0 0 0 0 0 0 0 0 0 0 0 0 0 0 0 0 0 0 0 0 0 0 0 0 0 0 0 0 0 0 0 0 0 0 0 0 0 0 0 0 0 0 0 0 0 0 0 0 0 0 0 0 0 0 0 0 0 0 0 0 0 0 0 0 0 0 0 0 0 0 0 0 0 0 0 0 0 0 0 0 0 0 0 0 0 0 0 0 0 0 0 0 0 0 0 0 0 0 0 0 0 0 0 0 0 0 0 0 0 0 0 0 0 0 0 0 0 0 0 0 0 0 0 0 0 0 0 0 0 0 0 0 0 0 0 0 0 0 0 0 0 0 0 0 0 0 0 0 0 0 0 0 0 0 0 0 0 0 0 0 0 0 0 0 0 0 0 0 0 0 0 0 0 0 0 0 0 0 0 0 0 0 0 0 0 0 0 0 0 0 0 0 0 0 0 0 0 0 0 0 0 0 0 0 0 0 0 0 0 0 0 0 0 0 0 0 0 0 0 0 0 0 0 0 0 0 0 0 0 0 0 0 0 0 0 0 0 0 0 0 0 0 0 0 0 0 0 0 0 0 0 0 0 0 0 0 0 0 0 0 0 0 0 0 0 0 0 0 0 0 0 0 0 0 0 0 0 0 0 0 0 0 0 0 0 0 0 0 0 0 0 0 0 0 0 0 0 0 0 0 0 0 0 0 0 0 0 0 0 0 0 0 0 0 0 0 0 0 0 0 0 0 0 0 0 0 0 0 0 0 0 0 0 0 0 0 0 0 0 0 0 0 0 0 0 0 0 0 0 0 0 0 0 0 0 0 0 0 0 0 0 0 0 0 0 0 0 0 0 0 0 0 0 0 0 0 0 0 0 0 0 0 0 0 0 0 0 0 0 0 0 0 0 0 0 0 0 0 0 0 0 0 0 0 0 0 0 0 0 0 0 0 0 0 0 0 0 0 0 0 0 0 0 0 0 0 0 0 0 0 0 0 0 0 0 0 0 0 0 0 0 0 0 0 0 0 0 0 0 0 0 0 0 0 0 0 0 0 0 0 0 0 0 0 0 0 0 0 0 0 0 0 0 0 0 0 0 0 0 0 0 0 0 0 0 0 0 0 0 0 0 0 0 0 0 0 0 0 0 0 0 0 0 0 0 0 0 0 0 0 0 0 0 0 0 0 0 0 0 0 0 0 0 0 0 0 0 0 0 0 0 0 0 0 0 0 0 0 0 0 0 0 0 0 0 0 0 0 0 0 0 0 0 0 0 0 0 0 0 0 0 0 0 0 0 0 0 0 0 0 0 0 0 0 0 0 0 0 0 0 0 0 0 0 0 0 0 0 0 0 0 0 0 0 0 0 0 0 0 0 0 0 0 0 0 0 0 0 0 0 0 0 0 0 0 0 0 0 0 0 0 0 0 0 0 0 0 0 0 0 0 0 0 0 0 0 0 0 0 0 0 0 0 0 0 0 0 0 0 0 0 0 0 0 0 0 0 0 0 0 0 0 0 0 0 0 0 0 0 0 0 0 0 0 0 0 0 0 0 0 0 0 0 0 0 0 0 0 0 0 0 0 0 0 0 0 0 0 0 0 0 0 0 0 0 0 0 0 0 0 0 0 0 0 0 0 0 0 0 0 0 0 0 0 0 0 0 0 0 0 0 0 0 0 0 0 0 0 0 0 0 0 0 0 0 0 0 0 0 0 0 0 0 0 0 0 0 0 0 0 0 0 0 0 0 0 0 0 0 0 0 0 0 0 0 0 0 0 0 0 0 0 0 0 0 0 0 0 0 0 0 0 0 0 0 0 0 0 0 0 0 0 0 0 0 0 0 0 0 0 0 0 0 0 0 0 0 0 0 0 0 0 0 0 0 0 0 0 0 0 0 0 0 0 0 0 0 0 0 0 0 0 0 0 0 0 0 0 0 0 0 0 0 0 0 0 0 0 0 0 0 0 0 0 0 0 0 0 0 0 0 0 0 0 0 0 0 0 0 0 0 0 0 0 0 0 0 0 0 0 0 0 0 0 0 0 0 0 0 0 0 0 0 0 0 0 0 0 0 0 0 0 0 0 0 0 0 0 0 0 0 0 0 0 0 0 0 0 0 0 0 0 0 0 0 0 0 0 0 0 0 0 0 0 0 0 0 0 0 0 0 0 0 0 0 0 0 0 0 0 0 0 0 0 0 0 0 0 0 0 0 0 0 0 0 0 0 0 0 0 0 0 0 0 0 0 0 0 0 0 0 0 0 0 0 0 0 0 0 0 0 0 0 0 0 0 0 0 0 0 0 0 0 0 0 0 0 0 0 0 0 0 0 0 0 0 0 0 0 0 0 0 0 0 0 0 0 0 0 0 0 0 0 0 0 0 0 0 0 0 0 0 0 0 0 0 0 0 0 0 0 0 0 0 0 0 0 0 0 0 0 0 0 0 0 0 0 0 0 0 0 0 0 0 0 0 0 0 0 0 0 0 0 0 0 0 0 0 0 0 0 0 0 0 0 0 0 0 0 0 0 0 0 0 0 0 0 0 0 0 0 0 0 0 0 0 0 0 0 0 0 0 0 0 0 0 0 0 0 0 0 0 0 0 0 0 0 0 0 0 0 0 0 0 0 0 0 0 0 0 0 0 0 0 0 0 0 0 0 0 0 0 0 0 0 0 0 0 0 0 0 0 0 0 0 0 0 0 0 0 0 0 0 0 0 0 0 0 0 0 0 0 0 0 0 0 0 0 0 0 0 0 0 0 0 0 0 0 0 0 0 0 0 0 0 0 0 0 0 0 0 0 0 0 0 0 0 0 0 0 0 0 0 0 0 0 0 0 0 0 0 0 0 0 0 0 0 0 0 0 0 0 0 0 0 0 0 0 0 0 0 0 0 0 0 0 0 0 0 0 0 0 0 0 0 0 0 0 0 0 0 0 0 0 0 0 0 0 0 0 0 0 0 0 0 0 0 0 0 0 0 0 0 0 0 0 0 0 0 0 0 0 0 0 0 0 0 0 0 0 0 0 0 0 0 0 0 0 0 0 0 0 0 0 0 0 0 0 0 0 0 0 0 0 0 0 0 0 0 0 0 0 0 0 0 0 0 0 0 0 0 0 0 0 0 0 0 0 0 0 0 0 0 0 0 0 0 0 0 0 0 0 0 0 0 0 0 0 0 0 0 0 0 0 0 0 0 0 0 0 0 0 0 0 0 0 0 0 0 0 0 0 0 0 0 0 0 0 0 0 0 0 0 0 0 0 0 0 0 0 0 0 0 0 0 0 0 0 0 0 0 0 0 0 0 0 0 0 0 0 0 0 0 0 0 0 0 0 0 0 0 0 0 0 0 0 0 0 0 0 0 0 0 0 0 0 0 0 0 0 0 0 0 0 0 0 0 0 0 0 0 0 0 0 0 0 0 0 0 0 0 0 0 0 0 0 0 0 0 0 0 0 0 0 0 0 0 0 0 0 0 0 0 0 0 0 0 0 0 0 0 0 0 0 0 0 0 0 0 0 0 0 0 0 0 0 0 0 0 0 0 0 0 0 0 0 0 0 0 0 0 0 0 0 0 0 0 0 0 0 0 0 0 0 0 0 0 0 0 0 0 0 0 0 0 0 0 0 0 0 0 0 0 0 0 0 0 0 0 0 0 0 0 0 0 0 0 0 0 0 0 0 0 0 0 0 0 0 0 0 0 0 0 0 0 0 0 0 0 0 0 0 0 0 0 0 0 0 0 0 0 0 0 0 0 0 0 0 0 0 0 0 0 0 0 0 0 0 0 0 0 0 0 0 0 0 0 0 0 0 0 0 0 0 0 0 0 0 0 0 0 0 0 0 0 0 0 0 0 0 0 0 0 0 0 0 0 0 0 0 0 0 0 0 0 0 0 0 0 0 0 0 0 0 0 0 0 0 0 0 0 0 0 0 0 0 0 0 0 0 0 0 0 0 0 0 0 0 0 0 0 0 0 0 0 0 0 0 0 0 0 0 0 0 0 0 0 0 0 0 0 0 0 0 0 0 0 0 0 0 0 0 0 0 0 0 0 0 0 0 0 0 0 0 0 0 0 0 0 0 0 0 0 0 0 0 0 0 0 0 0 0 0 0 0 0 0 0 0 0 0 0 0 0 0 0 0 0 0 0 0 0 0 0 0 0 0 0 0 0 0 0 0 0 0 0 0 0 0 0 0 0 0 0 0 0 0 0 0 0 0 0 0 0 0 0 0 0 0 0 0 0 0 0 0 0 0 0 0 0 0 0 0 0 0 0 0 0 0 0 0 0 0 0 0 0 0 0 0 0 0 0 0 0 0 0 0 0 0 0 0 0 0 0 0 0 0 0 0 0 0 0 0 0 0 0 0 0 0 0 0 0 0 0 0 0 0 0 0 0 0 0 0 0 0 0 0 0 0 0 0 0 0 0 0 0 0 0 0 0 0 0 0 0 0 0 0 0 0 0 0 0 0 0 0 0 0 0 0 0 0 0 0 0 0 0 0 0 0 0 0 0 0 0 0 0 0 0 0 0 0 0 0 0 0 0 0 0 0 0 0 0 0 0 0 0 0 0 0 0 0 0 0 0 0 0 0 0 0 0 0 0 0 0 0 0 0 0 0 0 0 0 0 0 0 0 0 0 0 0 0 0 0 0 0 0 0 0 0 0 0 0 0 0 0 0 0 0 0 0 0 0 0 0 0 0 0 0 0 0 0 0 0 0 0 0 0 0 0 0 0 0 0 0 0 0 0 0 0 0 0 0 0 0 0 0 0 0 0 0 0 0 0 0 0 0 0 0 0 0 0 0 0 0 0 0 0 0 0 0 0 0 0 0 0 0 0 0 0 0 0 0 0 0 0 0 0 0 0 0 0 0 0 0 0 0 0 0 0 0 0 0 0 0 0 0 0 0 0 0 0 0 0 0 0 0 0 0 0 0 0 0 0 0 0 0 0 0 0 0 0 0 0 0 0 0 0 0 0 0 0 0 0 0 0 0 0 0 0 0 0 0 0 0 0 0 0 0 0 0 0 0 0 0 0 0 0 0 0 0 0 0 0 0 0 0 0 0 0 0 0 0 0 0 0 0 0 0 0 0 0 0 0 0 0 0 0 0 0 0 0 0 0 0 0 0 0 0 0 0 0 0 0 0 0 0 0 0 0 0 0 0 0 0 0 0 0 0 0 0 0 0 0 0 0 0 0 0 0 0 0 0 0 0 0 0 0 0 0 0 0 0 0 0 0 0 0 0 0 0 0 0 0 0 0 0 0 0 0 0 0 0 0 0 0 0 0 0 0 0 0 0 0 0 0 0 0 0 0 0 0 0 0 0 0 0 0 0 0 0 0 0 0 0 0 0 0 0 0 0 0 0 0 0 0 0 0 0 0 0 0 0 0 0 0 0 0 0 0 0 0 0 0 0 0 0 0 0 0 0 0 0 0 0 0 0 0 0 0 0 0 0 0 0 0 0 0 0 0 0 0 0 0 0 0 0 0 0 0 0 0 0 0 0 0 0 0 0 0 0 0 0 0 0 0 0 0 0 0 0 0 0 0 0 0 0 0 0 0 0 0 0 0 0 0 0 0 0 0 0 0 0 0 0 0 0 0 0 0 0 0 0 0 0 0 0 0 0 0 0 0 0 0 0 0 0 0 0 0 0 0 0 0 0 0 0 0 0 0 0 0 0 0 0 0 0 0 0 0 0 0 0 0 0 0 0 0 0 0 0 0 0 0 0 0 0 0 0 0 0 0 0 0 0 0 0 0 0 0 0 0 0 0 0 0 0 0 0 0 0 0 0 0 0 0 0 0 0 0 0 0 0 0 0 0 0 0 0 0 0 0 0 0 0 0 0 0 0 0 0 0 0 0 0 0 0 0 0 0 0 0 0 0 0 0 0 0 0 0 0 0 0 0 0 0 0 0 0 0 0 0 0 0 0 0 0 0 0 0 0 0 0 0 0 0 0 0 0 0 0 0 0 0 0 0 0 0 0 0 0 0 0 0 0 0 0 0 0 0 0 0 0 0 0 0 0 0 0 0 0 0 0 0 0 0 0 0 0 0 0 0 0 0 0 0 0 0 0 0 0 0 0 0 0 0 0 0 0 0 0 0 0 0 0 0 0 0 0 0 0 0 0 0 0 0 0 0 0 0 0 0 0 0 0 0 0 0 0 0 0 0 0 0 0 0 0 0 0 0 0 0 0 0 0 0 0 0 0 0 0 0 0 0 0 0 0 0 0 0 0 0 0 0 0 0 0 0 0 0 0 0 0 0 0 0 0 0 0 0 0 0 0 0 0 0 0 0 0 0 0 0 0 0 0 0 0 0 0 0 0 0 0 0 0 0 0 0 0 0 0 0 0 0 0 0 0 0 0 0 0 0 0 0 0 0 0 0 0 0 0 0 0 0 0 0 0 0 0 0 0 0 0 0 0 0 0 0 0 0 0 0 0 0 0 0 0 0 0 0 0 0 0 0 0 0 0 0 0 0 0 0 0 0 0 0 0 0 0 0 0 0 0 0 0 0 0 0 0 0 0 0 0 0 0 0 0 0 0 0 0 0 0 0 0 0 0 0 0 0 0 0 0 0 0 0 0 0 0 0 0 0 0 0 0 0 0 0 0 0 0 0 0 0 0 0 0 0 0 0 0 0 0 0 0 0 0 0 0 0 0 0 0 0 0 0 0 0 0 0 0 0 0 0 0 0 0 0 0 0 0 0 0 0 0 0 0 0 0 0 0 0 0 0 0 0 0 0 0 0 0 0 0 0 0 0 0 0 0 0 0 0 0 0 0 0 0 0 0 0 0 0 0 0 0 0 0 0 0 0 0 0 0 0 0 0 0 0 0 0 0 0 0 0 0 0 0 0 0 0 0 0 0 0 0 0 0 0 0 0 0 0 0 0 0 0 0 0 0 0 0 0 0 0 0 0 0 0 0 0 0 0 0 0 0 0 0 0 0 0 0 0 0 0 0 0 0 0 0 0 0 0 0 0 0 0 0 0 0 0 0 0 0 0 0 0 0 0 0 0 0 0 0 0 0 0 0 0 0 0 0 0 0 0 0 0 0 0 0 0 0 0 0 0 0 0 0 0 0 0 0 0 0 0 0 0 0 0 0 0 0 0 0 0 0 0 0 0 0 0 0 0 0 0 0 0 0 0 0 0 0 0 0 0 0 0 0 0 0 0 0 0 0 0 0 0 0 0 0 0 0 0 0 0 0 0 0 0 0 0 0 0 0 0 0 0 0 0 0 0 0 0 0 0 0 0 0 0 0 0 0 0 0 0 0 0 0 0 0 0 0 0 0 0 0 0 0 0 0 0 0 0 0 0 0 0 0 0 0 0 0 0 0 0 0 0 0 0 0 0 0 0 0 0 0 0 0 0 0 0 0 0 0 0 0 0 0 0 0 0 0 0 0 0 0 0 0 0 0 0 0 0 0 0 0 0 0 0 0 0 0 0 0 0 0 0 0 0 0 0 0 0 0 0 0 0 0 0 0 0 0 0 0 0 0 0 0 0 0 0 0 0 0 0 0 0 0 0 0 0 0 0 0 0 0 0 0 0 0 0 0 0 0 0 0 0 0 0 0 0 0 0 0 0 0 0 0 0 0 0 0 0 0 0 0 0 0 0 0 0 0 0 0 0 0 0 0 0 0 0 0 0 0 0 0 0 0 0 0 0 0 0 0 0 0 0 0 0 0 0 0 0 0 0 0 0 0 0 0 0 0 0 0 0 0 0 0 0 0 0 0 0 0 0 0 0 0 0 0 0 0 0 0 0 0 0 0 0 0 0 0 0 0 0 0 0 0 0 0 0 0 0 0 0 0 0 0 0 0 0 0 0 0 0 0 0 0 0 0 0 0 0 0 0 0 0 0 0 0 0 0 0 0 0 0 0 0 0 0 0 0 0 0 0 0 0 0 0 0 0 0 0 0 0 0 0 0 0 0 0 0 0 0 0 0 0 0 0 0 0 0 0 0 0 0 0 0 0 0 0 0 0 0 0 0 0 0 0 0 0 0 0 0 0 0 0 0 0 0 0 0 0 0 0 0 0 0 0 0 0 0 0 0 0 0 0 0 0 0 0 0 0 0 0 0 0 0 0 0 0 0 0 0 0 0 0 0 0 0 0 0 0 0 0 0 0 0 0 0 0 0 0 0 0 0 0 0 0 0 0 0 0 0 0 0 0 0 0 0 0 0 0 0 0 0 0 0 0 0 0 0 0 0 0 0 0 0 0 0 0 0 0 0 0 0 0 0 0 0 0 0 0 0 0 0 0 0 0 0 0 0 0 0 0 0 0 0 0 0 0 0 0 0 0 0 0 0 0 0 0 0 0 0 0 0 0 0 0 0 0 0 0 0 0 0 0 0 0 0 0 0 0 0 0 0 0 0 0 0 0 0 0 0 0 0 0 0 0 0 0 0 0 0 0 0 0 0 0 0 0 0 0 0 0 0 0 0 0 0 0 0 0 0 0 0 0 0 0 0 0 0 0 0 0 0 0 0 0 0 0 0 0 0 0 0 0 0 0 0 0 0 0 0 0 0 0 0 0 0 0 0 0 0 0 0 0 0 0 0 0 0 0 0 0 0 0 0 0 0 0 0 0 0 0 0 0 0 0 0 0 0 0 0 0 0 0 0 0 0 0 0 0 0 0 0 0 0 0 0 0 0 0 0 0 0 0 0 0 0 0 0 0 0 0 0 0 0 0 0 0 0 0 0 0 0 0 0 0 0 0 0 0 0 0 0 0 0 0 0 0 0 0 0 0 0 0 0 0 0 0 0 0 0 0 0 0 0 0 0 0 0 0 0 0 0 0 0 0 0 0 0 0 0 0 0 0 0 0 0 0 0 0 0 0 0 0 0 0 0 0 0 0 0 0 0 0 0 0 0 0 0 0 0 0 0 0 0 0 0 0 0 0 0 0 0 0 0 0 0 0 0 0 0 0 0 0 0 0 0 0 0 0 0 0 0 0 0 0 0 0 0 0 0 0 0 0 0 0 0 0 0 0 0 0 0 0 0 0 0 0 0 0 0 0 0 0 0 0 0 0 0 0 0 0 0 0 0 0 0 0 0 0 0 0 0 0 0 0 0 0 0 0 0 0 0 0 0 0 0 0 0 0 0 0 0 0 0 0 0 0 0 0 0 0 0 0 0 0 0 0 0 0 0 0 0 0 0 0 0 0 0 0 0 0 0 0 0 0 0 0 0 0 0 0 0 0 0 0 0 0 0 0 0 0 0 0 0 0 0 0 0 0 0 0 0 0 0 0 0 0 0 0 0 0 0 0 0 0 0 0 0 0 0 0 0 0 0 0 0 0 0 0 0 0 0 0 0 0 0 0 0 0 0 0 0 0 0 0 0 0 0 0 0 0 0 0 0 0 0 0 0 0 0 0 0 0 0 0 0 0 0 0 0 0 0 0 0 0 0 0 0 0 0 0 0 0 0 0 0 0 0 0 0 0 0 0 0 0 0 0 0 0 0 0 0 0 0 0 0 0 0 0 0 0 0 0 0 0 0 0 0 0 0 0 0 0 0 0 0 0 0 0 0 0 0 0 0 0 0 0 0 0 0 0 0 0 0 0 0 0 0 0 0 0 0 0 0 0 0 0 0 0 0 0 0 0 0 0 0 0 0 0 0 0 0 0 0 0 0 0 0 0 0 0 0 0 0 0 0 0 0 0 0 0 0 0 0 0 0 0 0 0 0 0 0 0 0 0 0 0 0 0 0 0 0 0 0 0 0 0 0 0 0 0 0 0 0 0 0 0 0 0 0 0 0 0 0 0 0 0 0 0 0 0 0 0 0 0 0 0 0 0 0 0 0 0 0 0 0 0 0 0 0 0 0 0 0 0 0 0 0 0 0 0 0 0 0 0 0 0 0 0 0 0 0 0 0 0 0 0 0 0 0 0 0 0 0 0 0 0 0 0 0 0 0 0 0 0 0 0 0 0 0 0 0 0 0 0 0 0 0 0 0 0 0 0 0 0 0 0 0 0 0 0 0 0 0 0 0 0 0 0 0 0 0 0 0 0 0 0 0 0 0 0 0 0 0 0 0 0 0 0 0 0 0 0 0 0 0 0 0 0 0 0 0 0 0 0 0 0 0 0 0 0 0 0 0 0 0 0 0 0 0 0 0 0 0 0 0 0 0 0 0 0 0 0 0 0 0 0 0 0 0 0 0 0 0 0 0 0 0 0 0 0 0 0 0 0 0 0 0 0 0 0 0 0 0 0 0 0 0 0 0 0 0 0 0 0 0 0 0 0 0 0 0 0 0 0 0 0 0 0 0 0 0 0 0 0 0 0 0 0 0 0 0 0 0 0 0 0 0 0 0 0 0 0 0 0 0 0 0 0 0 0 0 0 0 0 0 0 0 0 0 0 0 0 0 0 0 0 0 0 0 0 0 0 0 0 0 0 0 0 0 0 0 0 0 0 0 0 0 0 0 0 0 0 0 0 0 0 0 0 0 0 0 0 0 0 0 0 0 0 0 0 0 0 0 0 0 0 0 0 0 0 0 0 0 0 0 0 0 0 0 0 0 0 0 0 0 0 0 0 0 0 0 0 0 0 0 0 0 0 0 0 0 0 0 0 0 0 0 0 0 0 0 0 0 0 0 0 0 0 0 0 0 0 0 0 0 0 0 0 0 0 0 0 0 0 0 0 0 0 0 0 0 0 0 </v>
        </vertex_weights>
      </skin>
    </controller>
  </library_controllers>
  <library_visual_scenes>
    <visual_scene id="Scene" name="Scene">
      <node id="Armature" name="Armature" type="NODE">
        <matrix sid="transform">1 0 0 0 0 1 0 0 0 0 1 0 0 0 0 1</matrix>
        <node id="Armature_CmFillerObjectA02L" name="CmFillerObjectA02L" sid="CmFillerObjectA02L" type="JOINT">
          <matrix sid="transform">1 0 0 0 0 1 0 0 0 0 1 0 0 0 0 1</matrix>
        </node>
      </node>
      <node id="CollisionM__CollisionC" name="CollisionM__CollisionC" type="NODE">
        <instance_controller url="#Armature_CollisionM__CollisionC-mesh">
          <skeleton>#Armature_CmFillerObjectA02L</skeleton>
          <bind_material>
            <technique_common>
              <instance_material symbol="CollisionC" target="#CollisionC" />
              <bind_vertex_input semantic="CHANNEL0" input_semantic="TEXCOORD" input_set="0" />
              <bind_vertex_input semantic="CHANNEL1" input_semantic="TEXCOORD" input_set="1" />
              <bind_vertex_input semantic="CHANNEL2" input_semantic="TEXCOORD" input_set="2" />
            </technique_common>
          </bind_material>
        </instance_controller>
      </node>
      <node id="brock1__CmFillerObjectA02C" name="brock1__CmFillerObjectA02C" type="NODE">
        <instance_controller url="#Armature_brock1__CmFillerObjectA02C-mesh">
          <skeleton>#Armature_CmFillerObjectA02L</skeleton>
          <bind_material>
            <technique_common>
              <instance_material symbol="CmFillerObjectA02C" target="#CmFillerObjectA02C" />
              <bind_vertex_input semantic="CHANNEL0" input_semantic="TEXCOORD" input_set="0" />
              <bind_vertex_input semantic="CHANNEL1" input_semantic="TEXCOORD" input_set="1" />
              <bind_vertex_input semantic="CHANNEL2" input_semantic="TEXCOORD" input_set="2" />
            </technique_common>
          </bind_material>
        </instance_controller>
      </node>
    </visual_scene>
  </library_visual_scenes>
  <scene>
    <instance_visual_scene url="#Scene" />
  </scene>
</COLLADA>