<?xml version="1.0" encoding="utf-8"?>
<COLLADA xmlns="http://www.collada.org/2005/11/COLLADASchema" version="1.4.1">
  <asset />
  <library_images>
    <image id="CmFillerObjectCC_BaseColor._869349398">
      <init_from>CmFillerObjectCC_BaseColor._869349398.png</init_from>
    </image>
    <image id="CmFillerObjectCC_MRA.2039449168">
      <init_from>CmFillerObjectCC_MRA.2039449168.png</init_from>
    </image>
    <image id="CmFillerObjectCC_Normal._1723402792">
      <init_from>CmFillerObjectCC_Normal._1723402792.png</init_from>
    </image>
  </library_images>
  <library_materials>
    <material id="CmFillerObjectCC">
      <instance_effect url="#Effect_CmFillerObjectCC" />
    </material>
    <material id="CollisionC">
      <instance_effect url="#Effect_CollisionC" />
    </material>
  </library_materials>
  <library_effects>
    <effect id="Effect_CmFillerObjectCC">
      <profile_COMMON>
        <newparam sid="surface_CmFillerObjectCC-diffuse">
          <surface type="2D">
            <init_from>CmFillerObjectCC_BaseColor._869349398</init_from>
            <format>A8R8G8B8</format>
          </surface>
        </newparam>
        <newparam sid="sampler_CmFillerObjectCC-diffuse">
          <sampler2D>
            <source>surface_CmFillerObjectCC-diffuse</source>
            <wrap_s>WRAP</wrap_s>
            <wrap_t>WRAP</wrap_t>
          </sampler2D>
        </newparam>
        <newparam sid="surface_CmFillerObjectCC-bump">
          <surface type="2D">
            <init_from>CmFillerObjectCC_Normal._1723402792</init_from>
            <format>A8R8G8B8</format>
          </surface>
        </newparam>
        <newparam sid="sampler_CmFillerObjectCC-bump">
          <sampler2D>
            <source>surface_CmFillerObjectCC-bump</source>
            <wrap_s>WRAP</wrap_s>
            <wrap_t>WRAP</wrap_t>
          </sampler2D>
        </newparam>
        <technique sid="common">
          <phong>
            <diffuse>
              <texture texture="sampler_CmFillerObjectCC-diffuse" texcoord="CHANNEL0" />
            </diffuse>
            <bump>
              <texture texture="sampler_CmFillerObjectCC-bump" texcoord="CHANNEL0" />
            </bump>
            <emission>
              <color sid="emission">0 0 0 1</color>
            </emission>
            <specular>
              <color sid="specular">0 0 0 1</color>
            </specular>
          </phong>
        </technique>
      </profile_COMMON>
    </effect>
    <effect id="Effect_CollisionC">
      <profile_COMMON>
        <technique sid="common">
          <phong>
            <diffuse>
              <color sid="diffuse">1 1 1 1</color>
            </diffuse>
            <emission>
              <color sid="emission">0 0 0 1</color>
            </emission>
            <specular>
              <color sid="specular">0 0 0 1</color>
            </specular>
          </phong>
        </technique>
      </profile_COMMON>
    </effect>
  </library_effects>
  <library_geometries>
    <geometry id="CollisionM__CollisionC-mesh" name="CollisionM__CollisionC">
      <mesh>
        <source id="CollisionM__CollisionC-position">
          <float_array id="CollisionM__CollisionC-position-array" count="3">0 0 0</float_array>
          <technique_common>
            <accessor source="#CollisionM__CollisionC-position-array" count="1" stride="3">
              <param name="X" type="float" />
              <param name="Y" type="float" />
              <param name="Z" type="float" />
            </accessor>
          </technique_common>
        </source>
        <vertices id="CollisionM__CollisionC-vertex">
          <input semantic="POSITION" source="#CollisionM__CollisionC-position" />
        </vertices>
        <triangles material="CollisionC" count="1">
          <input semantic="VERTEX" source="#CollisionM__CollisionC-vertex" offset="0" />
          <p>0 0 0 </p>
        </triangles>
      </mesh>
    </geometry>
    <geometry id="pCube64__CmFillerObjectCC-mesh" name="pCube64__CmFillerObjectCC">
      <mesh>
        <source id="pCube64__CmFillerObjectCC-position">
          <float_array id="pCube64__CmFillerObjectCC-position-array" count="10947">0.09282607 0.08253431 -0.2736951 0.09168206 0.1071416 -0.2741728 0.004076659 0.08699143 -0.3138393 0.7363294 0.04158521 -0.5349746 0.8093212 0.01428843 -0.5816704 0.7363294 0.01428843 -0.5349746 0.1733923 0.05912411 -0.5206978 0.004157355 0.04908299 -0.5727565 0.004160804 0.06327415 -0.5728901 -0.6560147 3.016819 -0.4766224 -0.4486209 3.016819 -0.632216 -0.65457 3.026656 -0.4757603 -0.5217084 3.016819 -0.7180699 -0.7175379 3.039301 -0.5220889 -0.7160932 3.049139 -0.5212268 0.1716366 0.9493349 -0.9245739 0.1257696 0.9512691 -0.95961 0.1276855 0.9511871 -0.9707289 0.07083614 0.9535916 -0.9419533 0.1302376 1.057022 -0.9596224 0.1761036 1.055088 -0.9245846 0.1321516 1.056941 -0.9707397 0.07530315 1.059345 -0.9419639 -0.8099737 1.821758 -0.449831 -0.8571806 1.818825 -0.4166969 -0.8672028 1.818773 -0.4218794 -0.8568897 1.816139 -0.3590114 -0.8602839 1.924512 -0.4117613 -0.8130751 1.927445 -0.4448941 -0.8703051 1.92446 -0.4169415 -0.859991 1.921826 -0.3540747 -0.9283041 0.7482028 -0.1095909 -0.9633402 0.7472409 -0.06369321 -0.9744591 0.7472798 -0.06561051 -0.9456835 0.7460948 -0.008722618 -0.9633526 0.8530654 -0.06148374 -0.9283148 0.8540273 -0.1073804 -0.9744698 0.8531044 -0.06339912 -0.9456941 0.8519193 -0.006512187 -0.7009641 1.939123 -0.6783091 -0.6983331 1.835536 -0.6834794 -0.8351151 1.920445 -0.3722615 -0.8324832 1.816855 -0.3774306 -0.6918058 1.939156 -0.6742932 -0.8259569 1.920477 -0.3682453 -0.6891747 1.835568 -0.6794628 -0.8233249 1.816888 -0.3734135 -0.6918058 1.939156 -0.6742932 -0.6891747 1.835568 -0.6794628 -0.7009641 1.939123 -0.6783091 -0.6983331 1.835536 -0.6834794 -0.6891747 1.835568 -0.6794628 -0.8233249 1.816888 -0.3734135 -0.6983331 1.835536 -0.6834794 -0.8324832 1.816855 -0.3774306 -0.8233249 1.816888 -0.3734135 -0.8259569 1.920477 -0.3682453 -0.8324832 1.816855 -0.3774306 -0.8351151 1.920445 -0.3722615 -0.8259569 1.920477 -0.3682453 -0.6918058 1.939156 -0.6742932 -0.8351151 1.920445 -0.3722615 -0.7009641 1.939123 -0.6783091 -0.006126483 0.09156215 -0.2461298 0.06097608 0.1067314 -0.2205019 -0.00932307 3.114828 -0.2460293 0.06085469 3.130615 -0.2202669 -0.3320523 0.08242071 -0.1126792 -0.3320523 0.07167494 -0.1126792 -0.3506203 0.07786965 -0.004554399 -0.2809814 0.07754159 -0.2097741 0.4325824 1.043098 -0.889187 0.4289268 0.9394134 -0.8897789 0.09987932 1.055027 -0.923495 0.09622294 0.9513415 -0.9240867 0.4315569 1.043078 -0.87924 0.09885299 1.055006 -0.9135478 0.4278998 0.9393928 -0.879832 0.09519655 0.9513206 -0.9141396 0.4315569 1.043078 -0.87924 0.4278998 0.9393928 -0.879832 0.4325824 1.043098 -0.889187 0.4289268 0.9394134 -0.8897789 0.4278998 0.9393928 -0.879832 0.09519655 0.9513206 -0.9141396 0.4289268 0.9394134 -0.8897789 0.09622294 0.9513415 -0.9240867 0.09519655 0.9513206 -0.9141396 0.09885299 1.055006 -0.9135478 0.09622294 0.9513415 -0.9240867 0.09987932 1.055027 -0.923495 0.09885299 1.055006 -0.9135478 0.4315569 1.043078 -0.87924 0.09987932 1.055027 -0.923495 0.4325824 1.043098 -0.889187 -0.9277954 0.8602206 -0.05147187 -0.9293983 0.7587236 -0.07292149 -0.9806751 0.7926915 0.2720312 -0.9822779 0.6911941 0.2505823 -0.9179223 0.8597448 -0.0499583 -0.9708018 0.7922155 0.2735455 -0.9195255 0.7582474 -0.07140646 -0.9724047 0.6907179 0.2520967 -0.9179223 0.8597448 -0.0499583 -0.9195255 0.7582474 -0.07140646 -0.9277954 0.8602206 -0.05147187 -0.9293983 0.7587236 -0.07292149 -0.9195255 0.7582474 -0.07140646 -0.9724047 0.6907179 0.2520967 -0.9293983 0.7587236 -0.07292149 -0.9822779 0.6911941 0.2505823 -0.9724047 0.6907179 0.2520967 -0.9708018 0.7922155 0.2735455 -0.9822779 0.6911941 0.2505823 -0.9806751 0.7926915 0.2720312 -0.9708018 0.7922155 0.2735455 -0.9179223 0.8597448 -0.0499583 -0.9806751 0.7926915 0.2720312 -0.9277954 0.8602206 -0.05147187 0.1692419 0.924284 -0.9248033 0.1635733 0.9245268 -0.8918601 0.07110882 0.928428 -0.9417228 0.06543922 0.9286708 -0.9087817 0.05084705 0.9474055 -0.9453478 0.04517746 0.9476482 -0.9124067 0.0559082 1.067194 -0.9453617 0.05023861 1.067437 -0.9124187 0.07202816 1.084639 -0.9087955 0.07769775 1.084396 -0.9417384 0.1758308 1.080252 -0.924817 0.170162 1.080494 -0.8918759 0.190424 1.061517 -0.8882509 0.1960926 1.061274 -0.921192 0.1910324 0.9414856 -0.9211799 0.1853628 0.9417285 -0.8882369 0.1635733 0.9245268 -0.8918601 0.1692419 0.924284 -0.9248033 0.1761036 1.055088 -0.9245846 0.1716366 0.9493349 -0.9245739 0.1321516 1.056941 -0.9707397 0.1276855 0.9511871 -0.9707289 0.07530315 1.059345 -0.9419639 0.07083614 0.9535916 -0.9419533 -0.8098593 1.796592 -0.449802 -0.7801638 1.796746 -0.4344524 -0.8555346 1.791122 -0.3613859 -0.825841 1.791276 -0.3460367 -0.8658495 1.808028 -0.341597 -0.8361559 1.808182 -0.3262475 -0.8693638 1.927742 -0.3360062 -0.8396692 1.927896 -0.3206562 -0.8304138 1.947146 -0.3387552 -0.8601084 1.946992 -0.3541053 -0.8144312 1.952462 -0.442521 -0.7847381 1.952616 -0.4271719 -0.7744236 1.93571 -0.446961 -0.8041172 1.935556 -0.4623097 -0.8006039 1.815842 -0.4679018 -0.7709084 1.815997 -0.4525517 -0.7801638 1.796746 -0.4344524 -0.8098593 1.796592 -0.449802 -0.8130751 1.927445 -0.4448941 -0.8099737 1.821758 -0.449831 -0.8703051 1.92446 -0.4169415 -0.8672028 1.818773 -0.4218794 -0.859991 1.921826 -0.3540747 -0.8568897 1.816139 -0.3590114 -0.9285334 0.7230507 -0.1087806 -0.8955903 0.7229355 -0.1031079 -0.9454529 0.7209984 -0.01058151 -0.9125119 0.7208832 -0.004907891 -0.949078 0.7386605 0.01083661 -0.9161369 0.7385452 0.01651022 -0.9490919 0.8585297 0.01333909 -0.9161489 0.8584146 0.01901273 -0.9125257 0.876956 -0.001648761 -0.9454686 0.8770711 -0.007322386 -0.9285471 0.8791234 -0.1055215 -0.895606 0.8790082 -0.09984858 -0.8919811 0.8613462 -0.1212669 -0.9249222 0.8614615 -0.1269396 -0.9249101 0.7415922 -0.129443 -0.8919671 0.741477 -0.1237694 -0.8955903 0.7229355 -0.1031079 -0.9285334 0.7230507 -0.1087806 -0.9283148 0.8540273 -0.1073804 -0.9283041 0.7482028 -0.1095909 -0.9744698 0.8531044 -0.06339912 -0.9744591 0.7472798 -0.06561051 -0.9456941 0.8519193 -0.006512187 -0.9456835 0.7460948 -0.008722618 -0.7384053 1.838761 -0.536957 -0.7389498 1.937795 -0.5373767 -0.5363824 1.864112 -0.7395171 -0.5367804 1.963135 -0.7400724 -0.2818114 1.882857 -0.8700249 -0.2820214 1.981863 -0.8706582 0.0003896481 1.894153 -0.9156324 0.0003850424 1.993139 -0.9162788 0.2825833 1.898508 -0.8717494 0.2827853 1.997476 -0.8723453 0.5370917 1.99607 -0.7432492 0.5367019 1.897113 -0.7427598 0.7809864 1.990967 -0.5411155 0.7804205 1.892016 -0.5407777 0.8801196 1.97943 -0.2852464 0.8794831 1.880474 -0.2850857 0.9186715 1.965768 -0.002618016 0.9179989 1.866801 -0.002647591 0.8690093 1.947705 0.2804443 0.8683666 1.848725 0.2802241 0.7391824 1.925294 0.5358477 0.7386338 1.8263 0.5354571 0.5370066 1.899972 0.7385549 0.5366058 1.800968 0.7380285 0.2823081 1.874217 0.8686426 0.2820949 1.775207 0.8680276 9.672117E-06 1.851556 0.9134438 4.60577E-06 1.752543 0.9127976 -0.2822669 1.835824 0.868688 -0.282062 1.736809 0.8680738 -0.5369071 1.830178 0.7388755 -0.5365137 1.73116 0.7383558 -0.7384537 1.737145 0.5364152 -0.7389963 1.836167 0.5367849 -0.8681163 1.754176 0.2820183 -0.868756 1.853205 0.2821967 -0.9127973 1.779592 -6.616452E-06 -0.9134702 1.878626 -3.839627E-05 -0.8681066 1.809293 -0.2821653 -0.8687468 1.90833 -0.2824029 -0.7384053 1.838761 -0.536957 -0.7389498 1.937795 -0.5373767 0.2921 0.9558371 -0.8988547 0.2889163 1.054671 -0.8890547 0.5491409 1.04307 -0.7564522 0.555197 0.9443862 -0.7647883 0.792954 1.03308 -0.5494217 0.8016953 0.9345369 -0.5554783 0.889164 1.029355 -0.2882827 0.8989634 0.930867 -0.2914664 0.9348207 1.027893 1.014324E-06 0.945124 0.929431 0 0.898869 0.930468 0.2920534 0.8890691 1.028956 0.2888698 0.7646272 0.9327598 0.5555238 0.7562909 1.031324 0.5494671 0.5555385 0.9353833 0.7646164 0.5494822 1.034067 0.7562805 0.2920699 0.9380831 0.8988639 0.2888857 1.036916 0.8890648 1.381731E-05 0.9412917 0.9451252 1.381731E-05 1.040292 0.9348214 -0.2920417 0.9458219 0.8988736 -0.2888569 1.044988 0.8890742 -0.5555097 0.9523588 0.7646381 -0.5494531 1.051676 0.7563024 -0.7646043 0.96096 0.5555567 -0.7562679 1.060395 0.5495009 -0.8988584 0.9707821 0.2920925 -0.8890592 1.070294 0.2889086 -0.945127 0.980168 2.68345E-05 -0.934823 1.079706 2.721345E-05 -0.898874 0.9870706 -0.2920455 -0.8890753 1.086583 -0.2888601 -0.7646242 0.9896861 -0.5555326 -0.7562886 1.089122 -0.5494753 -0.5494605 1.086378 -0.7562992 -0.5555171 0.987062 -0.7646347 -0.2888444 1.078622 -0.8830865 -0.2920288 0.9794552 -0.8928857 4.191251E-05 1.067307 -0.9348221 4.191251E-05 0.9683073 -0.9451259 0.2889163 1.054671 -0.8890547 0.2921 0.9558371 -0.8988547 0 0.9672695 -0.9351577 0 1.06627 -0.9248539 -0.2889798 0.9784195 -0.8833944 -0.2857959 1.077585 -0.8735947 -0.5496719 0.9860275 -0.7565584 -0.5436153 1.085344 -0.7482224 -0.7565581 0.9886529 -0.5496718 -0.7482225 1.088088 -0.5436151 -0.8795883 1.08555 -0.2857955 -0.8893875 0.986038 -0.2889795 -0.9248534 1.078674 0 -0.9351574 0.9791355 0 -0.8795883 1.069262 0.2857954 -0.8893875 0.9697497 0.2889795 -0.7482225 1.059362 0.5436151 -0.7565581 0.959927 0.5496714 -0.5436153 1.050641 0.7482223 -0.5496719 0.9513247 0.7565579 -0.2857959 1.043953 0.879588 -0.2889798 0.9447864 0.8893872 0 1.039254 0.9248536 0 0.9402543 0.9351574 0.2857954 1.035878 0.879588 0.2889796 0.9370443 0.8893872 0.5436151 1.033027 0.7482222 0.5496717 0.9343427 0.7565578 0.7482223 1.030282 0.5436151 0.7565583 0.9317175 0.5496713 0.8795878 1.027914 0.2857954 0.8893875 0.9294258 0.2889795 0.9248536 1.02685 0 0.9351572 0.9283879 0 0.889388 0.929834 -0.2889796 0.8795885 1.028322 -0.2857956 0.793345 0.9334397 -0.5496719 0.7846035 1.031983 -0.5436155 0.5496719 0.9433523 -0.7565586 0.5436156 1.042036 -0.7482224 0.2889796 0.9547979 -0.8893879 0.2857956 1.053632 -0.8795882 0 0.9672695 -0.9351577 0 1.06627 -0.9248539 0.3334878 3.105687 0.1083565 0.2836823 3.105687 0.2061067 0.3334878 3.097345 0.1083565 0.3575284 3.105687 0 0.3575284 3.094313 0 0.3413514 3.105687 -0.1103427 0.3413514 3.08848 -0.1103427 0.2867336 3.105687 -0.2112361 0.2867336 3.087227 -0.2112361 0.2114317 3.105687 -0.2877399 0.2114317 3.083616 -0.2877399 0.1132921 3.105687 -0.3420322 0.1132921 3.079665 -0.3420322 0 3.105687 -0.3797436 0 3.075011 -0.3797436 -0.1228764 3.105687 -0.3753864 -0.1228764 3.069377 -0.3753864 -0.2421754 3.069376 -0.3333264 -0.2421754 3.105687 -0.3333264 -0.333326 3.069376 -0.2421759 -0.333326 3.105687 -0.2421759 -0.3918485 3.069376 -0.1273195 -0.3918485 3.105687 -0.1273195 -0.4120138 3.069376 0 -0.4120138 3.105687 0 -0.3918485 3.069376 0.127319 -0.3918485 3.105687 0.127319 -0.333326 3.069376 0.2421754 -0.333326 3.105687 0.2421754 -0.2421754 3.069376 0.333326 -0.2421754 3.105687 0.333326 -0.127319 3.069376 0.3918483 -0.127319 3.105687 0.3918483 0 3.069376 0.4120136 0 3.105687 0.4120136 0.127319 3.069376 0.3918483 0.1368003 3.105687 0.3918483 0.2421754 3.069376 0.333326 0.2421754 3.105687 0.3333262 0.333326 3.069376 0.2421754 0.333326 3.105687 0.2421754 0.3918485 3.097345 0.127319 0.3918485 3.069376 0.127319 0.4120138 3.094313 0 0.4120138 3.069376 0 0.3918485 3.08848 -0.1273195 0.3918485 3.069376 -0.1273195 0.333326 3.087227 -0.2421759 0.333326 3.069376 -0.2421759 0.2421754 3.083616 -0.3333264 0.2421754 3.069376 -0.3333264 0.127319 3.079665 -0.3918487 0.127319 3.069376 -0.3918487 0 3.075011 -0.4337699 0.5301946 3.043701 -0.7305176 0.736059 3.043701 -0.5355459 0.736059 2.991585 -0.5355459 0.8435162 3.043701 -0.2748423 0.8435162 2.991585 -0.2748423 0.8869258 3.043701 -0.0007671897 0.8869258 2.991585 -0.0007671897 0.8435171 3.035441 0.2733079 0.8435171 2.991585 0.2733079 0.7175379 3.035441 0.520555 0.7175379 2.991585 0.520555 0.5253464 3.035441 0.7167708 0.5213212 2.991585 0.7167708 0.2740751 3.035441 0.8427495 0.2740751 2.991585 0.8427495 0 3.035441 0.8861585 0 2.991585 0.8861585 -0.2740751 3.035441 0.8427495 -0.2740751 2.991585 0.8427495 -0.5213212 2.999511 0.7167708 -0.5213212 3.035441 0.7167708 -0.7175379 3.003161 0.5205545 -0.7175379 3.035441 0.5205545 -0.8435162 3.00521 0.2733079 -0.8435162 3.035441 0.2733079 -0.8869258 3.013212 -0.0007671897 -0.8869258 3.035441 -0.0007671897 -0.8420908 3.038812 -0.2743854 -0.8435162 3.028903 -0.2748423 -0.7160932 3.049139 -0.5212268 -0.7175379 3.039301 -0.5220889 0.06085469 3.130615 -0.2202669 0.08939406 3.130615 -0.2751278 -0.00932307 3.114828 -0.2460293 0 3.114828 -0.3138657 -0.08926623 3.106545 -0.2610712 -0.1011394 3.107822 -0.3193096 0 3.105687 -0.3138657 -0.1011394 3.107822 -0.3193096 0 3.114828 -0.3138657 0.08939406 3.105687 -0.2751278 0.08939406 3.130615 -0.2751278 -0.08926623 3.106545 -0.2610712 -0.1011394 3.107822 -0.3193096 -0.170038 3.084582 -0.2554433 -0.2061072 3.098263 -0.2836821 -0.2340377 3.095929 -0.1700384 -0.2836823 3.095929 -0.2061072 -0.275128 3.094941 -0.08939452 -0.3334878 3.094941 -0.108357 -0.2892864 3.096585 0 -0.3506497 3.096585 0 -0.275128 3.099694 0.08939429 -0.3334878 3.099694 0.1083568 -0.2340377 3.105687 0.170038 -0.2836823 3.105687 0.2061067 -0.170038 3.105687 0.2340373 -0.2061072 3.105687 0.2836816 -0.2421754 3.105687 0.333326 -0.333326 3.105687 0.2421754 -0.3334878 3.105687 0.1083565 -0.127319 3.105687 0.3918483 -0.3918485 3.105687 0.127319 -0.3506497 3.105687 0 -0.4120138 3.105687 0 -0.3334878 3.105687 -0.108357 -0.3918485 3.105687 -0.1273195 -0.2836823 3.105687 -0.2061072 -0.333326 3.105687 -0.2421759 -0.2421754 3.105687 -0.3333264 -0.2061072 3.107184 -0.2836821 -0.1228764 3.105687 -0.3753864 -0.1011394 3.107822 -0.3193096 0 3.105687 -0.3797436 0 3.105687 -0.3138657 0.1132921 3.105687 -0.3420322 0.08939406 3.105687 -0.2751278 0.170038 3.105687 -0.2340377 0.2114317 3.105687 -0.2877399 0.2867336 3.105687 -0.2112361 0.2350548 3.105687 -0.168456 0.3413514 3.105687 -0.1103427 0.2756062 3.105687 -0.08757506 0.3575284 3.105687 0 0.2892864 3.105687 0 0.3334878 3.105687 0.1083565 0.275128 3.105687 0.08939406 0.2340377 3.105687 0.170038 0.2836823 3.105687 0.2061067 0.170038 3.105687 0.2340373 0.2061072 3.105687 0.2836816 0.08939406 3.105687 0.2751274 0.333326 3.105687 0.2421754 0.3918485 3.097345 0.127319 0.2421754 3.105687 0.3333262 0.3334878 3.097345 0.1083565 0.1368003 3.105687 0.3918483 0.3575284 3.094313 0 0.4120138 3.094313 0 0.3413514 3.08848 -0.1103427 0.3918485 3.08848 -0.1273195 0.333326 3.087227 -0.2421759 0.2867336 3.087227 -0.2112361 0.2114317 3.083616 -0.2877399 0.2421754 3.083616 -0.3333264 0.1132921 3.079665 -0.3420322 0.127319 3.079665 -0.3918487 0 3.075011 -0.3797436 0 3.075011 -0.4337699 -0.1228764 3.069377 -0.3753864 -0.1427778 3.069376 -0.4357567 -0.2421754 3.069376 -0.3333264 0 3.069376 -0.5040596 0.1462815 3.069376 -0.4502092 0.127319 3.069376 -0.3918487 -0.1582963 3.069376 -0.4959971 0.2421754 3.069376 -0.3333264 0.2782446 3.069376 -0.3829708 0.333326 3.069376 -0.2421759 0.3829705 3.069376 -0.2782446 0.3918485 3.069376 -0.1273195 0.4502092 3.069376 -0.146282 0.4120138 3.069376 0 0.4733771 3.069376 0 0.3918485 3.069376 0.127319 0.4502092 3.069376 0.1462815 0.333326 3.069376 0.2421754 0.3829705 3.069376 0.2782441 0.2421754 3.069376 0.333326 0.2782446 3.069376 0.3829705 0.127319 3.069376 0.3918483 0.1462815 3.069376 0.4502087 0 3.069376 0.4120136 0 3.069376 0.4733775 -0.127319 3.069376 0.3918483 -0.1462815 3.069376 0.4502087 -0.2421754 3.069376 0.333326 -0.2782446 3.069376 0.3829703 -0.333326 3.069376 0.2421754 -0.3829705 3.069376 0.2782441 -0.3918485 3.069376 0.127319 -0.4502092 3.069376 0.1462815 -0.4120138 3.069376 0 -0.473378 3.069376 0 -0.3918485 3.069376 -0.1273195 -0.4502092 3.069376 -0.146282 -0.333326 3.069376 -0.2421759 -0.3829705 3.069376 -0.2782446 -0.2782446 3.069376 -0.3829708 -0.3143129 3.069376 -0.431172 -0.4326151 3.069376 -0.3143134 -0.4502092 3.037174 -0.1460885 -0.5085689 3.027267 -0.165051 -0.4502092 3.069376 -0.146282 -0.3829705 3.069376 -0.2782446 -0.4502092 3.037174 -0.1460885 -0.473378 3.069376 0 -0.473378 3.027267 0.0001932613 -0.4502092 3.069376 0.1462815 -0.4502092 3.027267 0.146475 -0.3829705 3.069376 0.2782441 -0.3829705 3.027267 0.2784376 -0.2782446 3.069376 0.3829703 -0.2782446 3.027267 0.3831638 -0.1462815 3.069376 0.4502087 -0.1462815 3.027267 0.4504022 0 3.069376 0.4733775 0 3.027267 0.473571 0.1462815 3.027267 0.4504022 0.1462815 3.069376 0.4502087 0.2782446 3.027267 0.383164 0.2782446 3.069376 0.3829705 0.3829705 3.027267 0.2784376 0.3829705 3.069376 0.2782441 0.4502092 3.027267 0.146475 0.4502092 3.069376 0.1462815 0.4733771 3.027267 0.0001932743 0.4733771 3.069376 0 0.4502092 3.027267 -0.1460885 0.4502092 3.069376 -0.146282 0.3829705 3.027267 -0.2780511 0.3829705 3.069376 -0.2782446 0.2962783 3.027267 -0.3827772 0.2782446 3.069376 -0.3829708 0.1462815 3.027267 -0.4500157 0.1462815 3.069376 -0.4502092 0 3.027267 -0.503866 0 3.069376 -0.5040596 -0.1582963 3.027267 -0.4958035 -0.1582963 3.069376 -0.4959971 -0.3143129 3.069376 -0.431172 -0.3143129 3.027267 -0.4309784 -0.4326151 3.069376 -0.3143134 -0.4326151 3.027267 -0.3141198 -0.5085689 3.027267 -0.165051 0.005633569 0.0517453 -0.4337333 0.1323971 0.0461098 -0.3901619 0.1323971 0.05639923 -0.3901619 0.2464847 0.0461098 -0.3301528 0.2464847 0.06034935 -0.3301528 0.3364435 0.0461098 -0.2378261 0.3364435 0.06396043 -0.2378261 0.3934689 0.0461098 -0.1222193 0.3934689 0.0652138 -0.1222193 0.4119789 0.0461098 0.005351017 0.4119789 0.07104719 0.005351017 0.3901619 0.0461098 0.1323978 0.3901619 0.07407844 0.1323978 0.3301524 0.04611003 0.2464843 0.3301524 0.08242071 0.2464843 0.2378256 0.08242071 0.3364435 0.2378256 0.04611027 0.3364432 0.1316992 0.08242071 0.3935921 0.1222188 0.04611003 0.3934689 -0.005351247 0.08242071 0.4119789 -0.005351247 0.04611027 0.4119789 -0.1323971 0.08242071 0.3901617 -0.1323971 0.04611027 0.3901617 -0.2464847 0.08242071 0.3301526 -0.2464847 0.04611027 0.3301526 -0.3364435 0.08242071 0.2378259 -0.3364435 0.04611027 0.2378259 -0.3934689 0.08242071 0.1222191 -0.3934689 0.04611027 0.1222191 -0.4119789 0.08242071 -0.005351477 -0.4119789 0.04611027 -0.005351477 -0.3901619 0.08242071 -0.1323981 -0.3901619 0.04611027 -0.1323981 -0.3301524 0.08242071 -0.2464847 -0.3301524 0.04611027 -0.2464847 -0.2378256 0.08242071 -0.3364437 -0.2378256 0.04611027 -0.3364437 -0.1179904 0.08242071 -0.3769507 -0.1179904 0.04611051 -0.3769507 -0.006126483 0.09156215 -0.2461298 -0.00932307 3.114828 -0.2460293 -0.08926623 3.106545 -0.2610712 -0.08586825 0.08327878 -0.2622086 -0.170038 3.084582 -0.2554433 -0.1686098 0.07494354 -0.2349045 -0.2340377 3.095929 -0.1700384 -0.2328468 0.07264233 -0.1714946 -0.275128 3.094941 -0.08939452 -0.2744457 0.07170844 -0.09114753 -0.2892864 3.096585 0 -0.2891788 0.07338166 -0.001878086 -0.275128 3.099694 0.08939429 -0.2756062 0.07654929 0.08757529 -0.2340377 3.105687 0.170038 -0.2350548 0.08242071 0.1684555 -0.170038 3.105687 0.2340373 -0.1714946 0.08242071 0.2328468 -0.08939406 3.105687 0.2751274 -0.09114685 0.08242071 0.274445 0 3.105687 0.289286 -0.001877856 0.08242071 0.2891788 0.08939406 3.105687 0.2751274 0.08757506 0.08242071 0.2756058 0.170038 3.105687 0.2340373 0.1684553 0.08242071 0.2350544 0.2340377 3.105687 0.170038 0.2328468 0.08242071 0.1714944 0.275128 3.105687 0.08939406 0.2744457 0.08242071 0.09114707 0.2892864 3.105687 0 0.2891788 0.08242071 0.001877856 0.2756062 3.105687 -0.08757506 0.2756062 0.08242071 -0.08757506 0.2350548 3.105687 -0.168456 0.2350548 0.08242071 -0.168456 0.170038 3.105687 -0.2340377 0.1714937 0.08242071 -0.2328471 0.09282607 0.08253431 -0.2736951 0.09168206 0.1071416 -0.2741728 0.08939406 3.105687 -0.2751278 -0.7801252 0.04158521 -0.5667945 -0.7061595 0.04242027 -0.5144575 -0.8263754 0.0290488 -0.2693404 -0.9170919 0.02875674 -0.2979814 -0.8694677 0.02210081 -0.0007913298 -0.9642875 0.0218097 0 -0.8345168 0.01455569 0.2703872 -0.9170919 0.01428843 0.297981 -0.7801252 0.01428843 0.566794 -0.7054809 0.01457345 0.5116044 -0.52383 0.0145154 0.7199398 -0.5667945 0.01428843 0.7801252 -0.2979814 0.01428843 0.9170921 -0.2725816 0.01454747 0.8366414 -0.0006529276 0.01452839 0.8861246 0 0.01428843 0.9642878 0.2979814 0.01428843 0.9170921 0.2680957 0.01457787 0.8276601 0.5154872 0.01455331 0.7107321 0.5667945 0.01428843 0.7801252 0.7801252 0.01428843 0.566794 0.6849799 0.01464736 0.4988723 0.8120947 0.0146265 0.2648313 0.9170928 0.01428843 0.2979812 0.8642351 0.01459563 0.0008345518 0.9642875 0.01428843 0 0.9170919 0.01428843 -0.2979814 0.8146384 0.01462007 -0.2637446 0.7363294 0.01428843 -0.5349746 0.8093212 0.01428843 -0.5816704 0.7363294 0.04158521 -0.5349746 0.7363294 0.01428843 -0.5349746 0.8146384 0.01462007 -0.2637446 0.8146384 0.04191685 -0.2637446 0.8642351 0.01459563 0.0008345518 0.8642351 0.04189241 0.0008345518 0.8120947 0.0146265 0.2648313 0.8120947 0.04192328 0.2648313 0.6849799 0.01464736 0.4988723 0.6849799 0.04194415 0.4988723 0.5154872 0.01455331 0.7107321 0.5154872 0.04185021 0.7107321 0.2680957 0.01457787 0.8276601 0.2680957 0.04187477 0.8276601 -0.0006529276 0.01452839 0.8861246 -0.0006529276 0.04182518 0.8861246 -0.2725816 0.01454747 0.8366414 -0.2725816 0.04184425 0.8366414 -0.52383 0.0145154 0.7199398 -0.52383 0.0418123 0.7199398 -0.7054809 0.01457345 0.5116044 -0.7054809 0.04187024 0.5116044 -0.8345168 0.01455569 0.2703872 -0.8345168 0.04185247 0.2703872 -0.8694677 0.02210081 -0.0007913298 -0.8694677 0.04187632 -0.0007913298 -0.8263754 0.0290488 -0.2693404 -0.8263754 0.04187727 -0.2693404 -0.7061595 0.04242027 -0.5144575 -0.3651437 0.08121812 -0.5081583 -0.3652136 0.05855966 -0.5082401 -0.4757791 0.05888271 -0.3502422 -0.4756756 0.0815413 -0.3501961 -0.559106 0.05867255 -0.185421 -0.558986 0.08133113 -0.1853978 -0.5891591 0.05867219 -0.003574882 -0.5890372 0.08133078 -0.003586599 -0.5642756 0.05866289 0.1796135 -0.5641643 0.0813216 0.1795634 -0.4793606 0.05866981 0.3438636 -0.4792691 0.08132839 0.3437842 -0.3538826 0.05864739 0.4811133 -0.3538233 0.08130598 0.4810089 -0.1866775 0.05865979 0.5630772 -0.1866518 0.08131838 0.5629592 -0.003517992 0.0586524 0.595604 -0.003532706 0.08131099 0.5954837 0.1787256 0.05867136 0.5616224 0.1786764 0.08133006 0.5615106 0.3453727 0.05866206 0.4813906 0.3452869 0.08132064 0.4813013 0.4675879 0.05869818 0.3442274 0.4674784 0.08135688 0.344164 0.5535814 0.05868995 0.1836802 0.5534593 0.08134866 0.1836525 0.5871361 0.05867803 0.003589292 0.5870122 0.08133674 0.003603045 0.5565851 0.05868757 -0.1770398 0.5564708 0.08134615 -0.1769927 0.4913006 0.05855918 -0.3529021 0.4912082 0.08121777 -0.3528291 0.3669621 0.0585593 -0.499521 0.3669062 0.08121777 -0.499422 0.1930953 0.05855572 -0.5829378 0.1928125 0.08121777 -0.5828023 0.003456378 0.06200421 -0.6392032 0.003453159 0.08467221 -0.6390696 -0.4786791 0.04279721 -0.6612839 -0.4787734 0.062801 -0.6614022 -0.6055899 0.06341231 -0.4427423 -0.605445 0.04340863 -0.4426802 -0.7097033 0.06301475 -0.2326923 -0.7095345 0.04301107 -0.23266 -0.7470999 0.06301403 -0.002001778 -0.746928 0.04301047 -0.002012779 -0.7165383 0.06299663 0.2307658 -0.7163806 0.04299295 0.2306999 -0.606766 0.0630095 0.4383793 -0.6066331 0.04300594 0.4382719 -0.4496303 0.06296706 0.6156781 -0.4495425 0.0429635 0.6155341 -0.2350737 0.06299055 0.7172151 -0.2350328 0.04298687 0.7170504 -0.001894869 0.0629766 0.7592922 -0.001911422 0.04297292 0.7591231 0.2290868 0.06301272 0.7115198 0.2290221 0.04300916 0.7113607 0.4412321 0.06299484 0.6106047 0.4411146 0.04299128 0.6104777 0.5900897 0.0630635 0.4313618 0.5899382 0.04305995 0.4312694 0.6992489 0.06304824 0.2294035 0.6990787 0.04304469 0.2293586 0.7432709 0.06302559 0.002029889 0.7430968 0.04302204 0.002044301 0.70199 0.06304359 -0.225897 0.7018268 0.04303992 -0.2258366 0.6293557 0.06280077 -0.455478 0.6292187 0.04279709 -0.4553825 0.4743741 0.06280088 -0.6505026 0.4742912 0.04279709 -0.6503669 0.2468662 0.06279933 -0.7548003 0.2466875 0.04279709 -0.7545882 0.001417588 0.06430864 -0.8224018 0.00150886 0.04430664 -0.8221772 -0.2498685 0.06280065 -0.772572 -0.2497705 0.04279733 -0.7724138 -0.4787734 0.062801 -0.6614022 -0.4786791 0.04279721 -0.6612839 -0.4338671 0.08027279 -0.6008457 -0.4339421 0.06341743 -0.6009766 -0.225414 0.06341624 -0.6990362 -0.2252522 0.08027291 -0.6988358 0.002389623 0.06569242 -0.7501361 0.00227628 0.08254981 -0.7499052 0.2255278 0.06341672 -0.6869531 0.2254232 0.08027256 -0.6867848 0.4320203 0.0634172 -0.5909039 0.4319065 0.08027256 -0.5907894 0.5748985 0.06341708 -0.4149839 0.5747464 0.08027256 -0.414905 0.6446257 0.06361473 -0.2065981 0.6444551 0.0804702 -0.2065581 0.6816649 0.06360006 0.002675902 0.6814908 0.08045566 0.002659532 0.6417652 0.06361842 0.2113896 0.6416032 0.08047402 0.2113186 0.5417418 0.06363106 0.3969982 0.5416036 0.08048666 0.3968892 0.4033814 0.06357515 0.5596384 0.4032917 0.08043075 0.5594922 0.2091934 0.06358969 0.6523812 0.2091509 0.08044517 0.6522153 -0.00256527 0.06356025 0.6947038 -0.002551475 0.08041584 0.6945351 -0.2160004 0.06357169 0.656388 -0.2159369 0.08042717 0.6562311 -0.4118759 0.06355262 0.562563 -0.4117623 0.0804081 0.5624374 -0.5565094 0.06358707 0.4010669 -0.5563627 0.08044267 0.4009779 -0.6564681 0.06357658 0.2105544 -0.6563011 0.08043206 0.2105165 -0.6847808 0.06359076 -0.002648912 -0.6846088 0.08044624 -0.002633961 -0.6502758 0.06359136 -0.2140469 -0.6501135 0.08044684 -0.2140057 -0.5543429 0.06391501 -0.4062723 -0.5542256 0.08077049 -0.406177 -0.4339421 0.06341743 -0.6009766 -0.4338671 0.08027279 -0.6008457 -0.5696177 3.043802 8.082327E-06 -0.5696177 3.027267 8.114286E-06 -0.5452189 3.027267 -0.1763031 -0.5452189 3.043802 -0.1763031 -0.4655249 3.027267 -0.3378927 -0.4655249 3.043802 -0.3378928 -0.3382234 3.027267 -0.4643868 -0.3382234 3.043802 -0.4643869 -0.1739371 3.027267 -0.539889 -0.1739371 3.043802 -0.5398891 0 3.027267 -0.5579213 0 3.043802 -0.5579214 0.1630422 3.027267 -0.5014161 0.1630422 3.043802 -0.5014162 0.3269438 3.027267 -0.426516 0.3269438 3.043802 -0.4265161 0.4268505 3.027267 -0.3097483 0.4268505 3.043802 -0.3097483 0.5017932 3.027267 -0.1626655 0.5017932 3.043802 -0.1626656 0.5276163 3.027267 0.0003768566 0.5276163 3.043802 0.0003768566 0.5017932 3.027267 0.1634194 0.5017932 3.043802 0.1634193 0.4268509 3.027267 0.310502 0.4268509 3.043802 0.310502 0.3101254 3.027267 0.4272277 0.3101254 3.043802 0.4272277 0.1630422 3.027267 0.50217 0.1630422 3.043802 0.50217 0.0001487479 3.027267 0.5310805 0.0001487479 3.043802 0.5310805 -0.1662202 3.027267 0.5149828 -0.1662202 3.043802 0.5149828 -0.3260044 3.027267 0.453904 -0.3260044 3.043802 0.4539039 -0.4506166 3.027267 0.3261192 -0.4506166 3.043802 0.3261193 -0.5335659 3.027267 0.1757885 -0.5335659 3.043802 0.1757885 -0.5696177 3.027267 8.114286E-06 -0.5696177 3.043802 8.082327E-06 -0.4486209 3.016819 -0.632216 -0.6560147 3.016819 -0.4766224 -0.6157113 3.016819 -0.4521872 -0.7711911 3.016819 -0.2505754 -0.6926736 3.016819 -0.2260813 -0.7285198 3.016819 -0.0008390695 -0.8108781 3.016819 0 -0.6928382 3.016819 0.2244414 -0.7711911 3.016819 0.250575 -0.5892885 3.016819 0.4276699 -0.6560147 3.016819 0.4766222 -0.428005 3.016819 0.5889531 -0.4726942 3.016819 0.6604697 -0.2247769 3.016819 0.6925031 -0.2458346 3.016819 0.7833037 0.0005035256 3.016819 0.7281839 0 3.016819 0.8198516 0.2477959 3.016819 0.7805595 0.225784 3.016819 0.6925031 0.4785883 3.016819 0.6574502 0.429013 3.016819 0.5889532 0.6095476 3.016819 0.4415246 0.6718505 3.016819 0.4876763 0.7283373 3.016819 0.2354458 0.7959044 3.016819 0.258117 0.8366374 3.016819 -0.0004865057 0.7653543 3.016819 -0.001039041 0.7927635 3.016819 -0.2579682 0.7222279 3.016819 -0.2353415 0.6144392 3.016819 -0.4468891 0.6836257 3.016819 -0.4970669 0.4943912 3.016819 -0.680855 0.4465536 3.016819 -0.6147745 0.235006 3.016819 -0.7225634 0.2600564 3.016819 -0.8003715 0.0005035256 3.016819 -0.7895479 0 3.016819 -0.8722421 -0.2742783 3.016819 -0.8441418 -0.2480006 3.016819 -0.7443745 -0.5217084 3.016819 -0.7180699 -0.4486209 3.016819 -0.632216 -0.65457 3.026656 -0.4757603 -0.7160932 3.049139 -0.5212268 -0.8420908 3.038812 -0.2743854 -0.7697675 3.026728 -0.2501205 -0.8869258 3.035441 -0.0007671897 -0.8108781 3.031041 0 -0.8435162 3.035441 0.2733079 -0.7711911 3.031041 0.250575 -0.7175379 3.035441 0.5205545 -0.6560147 3.031041 0.4766222 -0.5213212 3.035441 0.7167708 -0.4726942 3.031041 0.6604697 -0.2740751 3.035441 0.8427495 -0.2458346 3.031041 0.7833037 0 3.035441 0.8861585 0 3.031041 0.8198516 0.2477959 3.031041 0.7805595 0.2740751 3.035441 0.8427495 0.4785883 3.031041 0.6574502 0.5253464 3.035441 0.7167708 0.6718505 3.031041 0.4876763 0.7175379 3.035441 0.520555 0.7959044 3.031041 0.258117 0.8435171 3.035441 0.2733079 0.8366374 3.039301 -0.0004865057 0.8869258 3.043701 -0.0007671897 0.8435162 3.043701 -0.2748423 0.7927635 3.039301 -0.2579682 0.6836257 3.039301 -0.4970669 0.736059 3.043701 -0.5355459 0.5301946 3.043701 -0.7305176 0.4943912 3.039301 -0.680855 0.2600564 3.039301 -0.8003715 0.2790189 3.043701 -0.8587319 0 3.039301 -0.8722421 0 3.043701 -0.9336059 -0.2742783 3.039301 -0.8441418 -0.2979814 3.043701 -0.9170924 -0.5667945 3.043701 -0.7801254 -0.5217084 3.039301 -0.7180699 -0.7175379 3.039301 -0.5220889 -0.7801252 3.041585 -0.5667945 -0.8435162 3.028903 -0.2748423 -0.9170919 3.022365 -0.2979814 -0.8869258 3.013212 -0.0007671897 -0.9642875 3.013212 0 -0.8435162 3.00521 0.2733079 -0.9170919 3.00521 0.297981 -0.7175379 3.003161 0.5205545 -0.7801252 3.003161 0.566794 -0.5213212 2.999511 0.7167708 -0.5667945 2.999511 0.7801252 -0.2740751 2.991585 0.8427495 -0.2979814 2.991585 0.9170921 0 2.991585 0.8861585 0 2.991585 0.9642878 0.2979814 2.991585 0.9170921 0.2740751 2.991585 0.8427495 0.5667945 2.991585 0.7801252 0.5213212 2.991585 0.7167708 0.7801252 2.991585 0.566794 0.7175379 2.991585 0.520555 0.9170928 2.991585 0.2979812 0.8435171 2.991585 0.2733079 0.9642875 2.991585 0 0.8869258 2.991585 -0.0007671897 0.9170919 2.991585 -0.2979814 0.8435162 2.991585 -0.2748423 0.736059 2.991585 -0.5355459 0.8093212 2.991585 -0.5816704 0.2907015 1.188321 -0.8998066 0.2566305 1.281116 -0.88968 0.5077711 1.351657 -0.7578197 0.544527 1.259905 -0.7664897 0.7579905 1.41412 -0.5588433 0.7777638 1.317348 -0.5505943 0.8623539 1.440048 -0.2766024 0.8927723 1.346352 -0.2804512 0.9283589 1.354766 -0.002785766 0.9067909 1.451378 -0.001485368 0.8844627 1.346224 0.2890677 0.8617338 1.442471 0.2880412 0.7224805 1.405828 0.5505205 0.7511096 1.311472 0.5552368 0.5163404 1.339884 0.7548699 0.5531561 1.248095 0.7628717 0.3026903 1.167497 0.8978392 0.2685487 1.260334 0.8883668 0.02461313 1.078584 0.9449001 -0.00656002 1.172582 0.9349149 -0.2542103 0.9911298 0.9146287 -0.2824107 1.086286 0.9051399 -0.544584 0.9972813 0.7858427 -0.5241396 0.9004321 0.7942974 -0.7378688 0.9181195 0.5778716 -0.7262418 0.8201696 0.5845989 -0.8904775 0.8527006 0.2913891 -0.8906748 0.7538122 0.2943558 -0.9379128 0.8379234 0.002664296 -0.9385922 0.7388587 0.00244802 -0.8979029 0.7705566 -0.2897246 -0.8976834 0.8694304 -0.2863221 -0.7401178 0.8508847 -0.5552662 -0.7634575 0.9478848 -0.5489127 -0.5321746 0.9380877 -0.7782053 -0.5576317 1.034253 -0.7695631 -0.2719193 1.027295 -0.9090363 -0.2987431 1.122272 -0.8948959 -0.02172107 1.202356 -0.9346253 0.009378408 1.108403 -0.9452475 0.2566305 1.281116 -0.88968 0.2907015 1.188321 -0.8998066 0.07202816 1.084639 -0.9087955 0.05023861 1.067437 -0.9124187 0.04517746 0.9476482 -0.9124067 0.06543922 0.9286708 -0.9087817 0.170162 1.080494 -0.8918759 0.1635733 0.9245268 -0.8918601 0.1853628 0.9417285 -0.8882369 0.190424 1.061517 -0.8882509 -0.8304138 1.947146 -0.3387552 -0.8396692 1.927896 -0.3206562 -0.8361559 1.808182 -0.3262475 -0.825841 1.791276 -0.3460367 -0.7847381 1.952616 -0.4271719 -0.7801638 1.796746 -0.4344524 -0.7709084 1.815997 -0.4525517 -0.7744236 1.93571 -0.446961 -0.9125257 0.876956 -0.001648761 -0.9161489 0.8584146 0.01901273 -0.9161369 0.7385452 0.01651022 -0.9125119 0.7208832 -0.004907891 -0.895606 0.8790082 -0.09984858 -0.8955903 0.7229355 -0.1031079 -0.8919671 0.741477 -0.1237694 -0.8919811 0.8613462 -0.1212669 0.000412677 1.993205 -0.9062554 -0.2789019 1.98193 -0.8611338 0.0004172828 1.894218 -0.9056094 -0.2786915 1.882924 -0.8605001 -0.5308785 1.963203 -0.7319722 -0.5304815 1.864181 -0.7314167 -0.7308408 1.937864 -0.5314869 -0.730296 1.838831 -0.5310672 -0.8592156 1.908399 -0.2793016 -0.8585759 1.809362 -0.2790633 -0.9034467 1.878694 -3.101363E-05 -0.9027737 1.779659 0 -0.8592221 1.853272 0.2791037 -0.8585823 1.754243 0.2789246 -0.7308864 1.836234 0.5308951 -0.7303434 1.737211 0.5305254 -0.5310144 1.830244 0.7307669 -0.5306211 1.731226 0.730248 -0.2789655 1.736874 0.858541 -0.27917 1.83589 0.8591548 0 1.752608 0.9027739 4.60577E-06 1.851622 0.9034202 0.2789858 1.775273 0.8584978 0.279199 1.874283 0.8591132 0.5307008 1.801034 0.7299293 0.5311015 1.900038 0.7304558 0.7305149 1.826368 0.52958 0.7310637 1.925362 0.52997 0.8588702 1.848793 0.2770613 0.8595127 1.947774 0.2772812 0.9079813 1.86687 -0.002835172 0.9086542 1.965836 -0.002804169 0.8698314 1.88054 -0.2825931 0.8704684 1.979496 -0.2827541 0.7721214 1.892084 -0.5347978 0.772687 1.991035 -0.5351359 0.5312366 1.897177 -0.7344317 0.5316263 1.996133 -0.7349214 0.2795053 1.898571 -0.8622097 0.2797075 1.99754 -0.8628057 0.000412677 1.993205 -0.9062554 0.0004172828 1.894218 -0.9056094 0.06085469 3.130615 -0.2202669 0.08939406 3.105687 -0.2751278 0.08939406 3.130615 -0.2751278 0.06097608 0.1067314 -0.2205019 0.09168206 0.1071416 -0.2741728 -0.3334878 3.105687 0.1083565 -0.2836823 3.105687 0.2061067 -0.3334878 3.099694 0.1083568 -0.3506497 3.096585 0 -0.3506497 3.105687 0 -0.3334878 3.094941 -0.108357 -0.3334878 3.105687 -0.108357 -0.2836823 3.095929 -0.2061072 -0.2836823 3.105687 -0.2061072 -0.2061072 3.098263 -0.2836821 -0.2061072 3.107184 -0.2836821 -0.1011394 3.107822 -0.3193096 -0.5696177 3.027267 8.114286E-06 -0.5335659 3.027267 0.1757885 -0.473378 3.027267 0.0001932613 -0.4502092 3.027267 0.146475 -0.4506166 3.027267 0.3261192 -0.3829705 3.027267 0.2784376 -0.2782446 3.027267 0.3831638 -0.3260044 3.027267 0.453904 -0.1662202 3.027267 0.5149828 -0.1462815 3.027267 0.4504022 0.0001487479 3.027267 0.5310805 0 3.027267 0.473571 0.1630422 3.027267 0.50217 0.1462815 3.027267 0.4504022 0.3101254 3.027267 0.4272277 0.2782446 3.027267 0.383164 0.4268509 3.027267 0.310502 0.3829705 3.027267 0.2784376 0.5017932 3.027267 0.1634194 0.4502092 3.027267 0.146475 0.5276163 3.027267 0.0003768566 0.4733771 3.027267 0.0001932743 0.5017932 3.027267 -0.1626655 0.4502092 3.027267 -0.1460885 0.4268505 3.027267 -0.3097483 0.3829705 3.027267 -0.2780511 0.2962783 3.027267 -0.3827772 0.3269438 3.027267 -0.426516 0.1630422 3.027267 -0.5014161 0.1462815 3.027267 -0.4500157 0 3.027267 -0.503866 0 3.027267 -0.5579213 -0.1582963 3.027267 -0.4958035 -0.1739371 3.027267 -0.539889 -0.3143129 3.027267 -0.4309784 -0.3382234 3.027267 -0.4643868 -0.4326151 3.027267 -0.3141198 -0.4655249 3.027267 -0.3378927 -0.5085689 3.027267 -0.165051 -0.5452189 3.027267 -0.1763031 -0.5696177 3.027267 8.114286E-06 -0.473378 3.027267 0.0001932613 -0.4502092 3.037174 -0.1460885 0.357498 0.08242071 0.004643372 0.357498 0.07104719 0.004643372 0.3320532 0.07824957 0.1126787 0.3427557 0.08242071 -0.1059 0.3427557 0.0652138 -0.1059 0.2894529 0.08242071 -0.2074942 0.2894529 0.06396043 -0.2074942 0.2151516 0.08242071 -0.2849695 0.2151516 0.06034935 -0.2849695 0.1177256 0.08242071 -0.3405318 0.1177256 0.05639923 -0.3405318 0.004931902 0.08242071 -0.3797114 0.004931902 0.0517453 -0.3797114 -0.1179904 0.08242071 -0.3769507 -0.1179904 0.04611051 -0.3769507 0.06097608 0.1067314 -0.2205019 -0.006126483 0.09156215 -0.2461298 0.09168206 0.1071416 -0.2741728 0.004076659 0.08699143 -0.3138393 -0.08586825 0.08327878 -0.2622086 -0.09698365 0.08455575 -0.3205962 -0.1686098 0.07494354 -0.2349045 -0.2024057 0.07945716 -0.2863352 -0.2809814 0.07754159 -0.2097741 -0.2328468 0.07264233 -0.1714946 -0.3320523 0.07167494 -0.1126792 -0.2744457 0.07170844 -0.09114753 -0.3506203 0.07786965 -0.004554399 -0.2891788 0.07338166 -0.001878086 -0.3348672 0.07942402 0.1040162 -0.2756062 0.07654929 0.08757529 -0.2863354 0.08242071 0.2024048 -0.2350548 0.08242071 0.1684555 -0.2097737 0.08242071 0.2809807 -0.1714946 0.08242071 0.2328468 -0.2464847 0.08242071 0.3301526 -0.3364435 0.08242071 0.2378259 -0.3934689 0.08242071 0.1222191 -0.1323971 0.08242071 0.3901617 -0.3348672 0.07942402 0.1040162 -0.4119789 0.08242071 -0.005351477 -0.3506203 0.07786965 -0.004554399 -0.3320523 0.08242071 -0.1126792 -0.3901619 0.08242071 -0.1323981 -0.3301524 0.08242071 -0.2464847 -0.2809814 0.07754159 -0.2097741 -0.2024057 0.07945716 -0.2863352 -0.2378256 0.08242071 -0.3364437 -0.1179904 0.08242071 -0.3769507 -0.09698365 0.08455575 -0.3205962 0.004931902 0.08242071 -0.3797114 0.004076659 0.08699143 -0.3138393 0.1177256 0.08242071 -0.3405318 0.09282607 0.08253431 -0.2736951 0.1714937 0.08242071 -0.2328471 0.2151516 0.08242071 -0.2849695 0.2350548 0.08242071 -0.168456 0.2894529 0.08242071 -0.2074942 0.2756062 0.08242071 -0.08757506 0.3427557 0.08242071 -0.1059 0.2891788 0.08242071 0.001877856 0.357498 0.08242071 0.004643372 0.2744457 0.08242071 0.09114707 0.3320532 0.07824957 0.1126787 0.2328468 0.08242071 0.1714944 0.2809814 0.08242071 0.2097739 0.1684553 0.08242071 0.2350544 0.2024057 0.08242071 0.2863347 0.08757506 0.08242071 0.2756058 0.3301524 0.08242071 0.2464843 0.3320532 0.07824957 0.1126787 0.2378256 0.08242071 0.3364435 0.3901619 0.07407844 0.1323978 0.1316992 0.08242071 0.3935921 0.357498 0.07104719 0.004643372 0.4119789 0.07104719 0.005351017 0.3427557 0.0652138 -0.1059 0.3934689 0.0652138 -0.1222193 0.3364435 0.06396043 -0.2378261 0.2894529 0.06396043 -0.2074942 0.2151516 0.06034935 -0.2849695 0.2464847 0.06034935 -0.3301528 0.1177256 0.05639923 -0.3405318 0.1323971 0.05639923 -0.3901619 0.004931902 0.0517453 -0.3797114 0.005633569 0.0517453 -0.4337333 -0.1179904 0.04611051 -0.3769507 0.104016 0.08242071 0.334867 -0.005351247 0.08242071 0.4119789 -0.001877856 0.08242071 0.2891788 -0.00455394 0.08242071 0.3506205 -0.09114685 0.08242071 0.274445 -0.1126787 0.08242071 0.3320523 -0.627839 3.049244 9.689716E-05 -0.5963707 3.049244 0.1961863 -0.5696177 3.043802 8.082327E-06 -0.5335659 3.043802 0.1757885 -0.5105553 3.049244 0.3665395 -0.4506166 3.043802 0.3261193 -0.3721972 3.049244 0.4981434 -0.3260044 3.043802 0.4539039 -0.1842065 3.049244 0.5671232 -0.1662202 3.043802 0.5149828 0 3.049244 0.5897329 0.0001487479 3.043802 0.5310805 0.1630422 3.043802 0.50217 0.1842065 3.049244 0.5671232 0.3101254 3.043802 0.4272277 0.3503821 3.049244 0.4824527 0.4268509 3.043802 0.310502 0.4822596 3.049244 0.3505751 0.5017932 3.043802 0.1634193 0.5669296 3.049244 0.1844 0.5276163 3.043802 0.0003768566 0.5961054 3.049244 0.0001932703 0.5017932 3.043802 -0.1626656 0.5669296 3.049244 -0.1840132 0.4268505 3.043802 -0.3097483 0.4822587 3.049244 -0.3501886 0.3269438 3.043802 -0.4265161 0.3503821 3.049244 -0.4820657 0.1630422 3.043802 -0.5014162 0.1842065 3.049244 -0.5667363 0 3.043802 -0.5579214 0 3.049244 -0.6265937 -0.1739371 3.043802 -0.5398891 -0.1936877 3.049244 -0.5959165 -0.3382234 3.043802 -0.4643869 -0.3684157 3.049244 -0.506888 -0.507081 3.049244 -0.368223 -0.4655249 3.043802 -0.3378928 -0.5452189 3.043802 -0.1763031 -0.6107001 3.049244 -0.1984287 -0.627839 3.049244 9.689716E-05 -0.5696177 3.043802 8.082327E-06 0.3280161 0.04492426 -0.4447567 0.1733923 0.05912411 -0.5206978 0.3280995 0.05912471 -0.4448372 0.4413362 0.05912471 -0.3157445 0.441227 0.04492426 -0.3156891 0.5039515 0.05921161 -0.1593284 0.5038295 0.04501116 -0.1593037 0.5306091 0.05920517 0.004183399 0.5304852 0.04500473 0.00416755 0.5008368 0.05921328 0.1671539 0.5007225 0.04501283 0.1670999 0.4232235 0.05921888 0.3127002 0.4231292 0.04501843 0.3126185 0.310642 0.05919445 0.4346263 0.3105825 0.044994 0.4345195 0.1604694 0.05920076 0.5073607 0.1604436 0.0450002 0.5072417 -0.004135055 0.05918801 0.5363407 -0.004120341 0.04498744 0.5362211 -0.1691795 0.05919302 0.5072643 -0.1691303 0.04499245 0.5071545 -0.319242 0.05918455 0.4323772 -0.3191583 0.0449841 0.43229 -0.4332501 0.05919981 0.309625 -0.4331439 0.04499924 0.3095651 -0.5091584 0.05919516 0.1610671 -0.5090384 0.04499459 0.1610441 -0.5319782 0.05920136 -0.004171266 -0.5318564 0.04500079 -0.004156564 -0.5045751 0.05920172 -0.168319 -0.5044647 0.04500103 -0.1682816 -0.4287587 0.05934405 -0.3167758 -0.4286791 0.04514337 -0.3167027 -0.3240741 0.05912519 -0.4527997 -0.3240268 0.0449245 -0.4527033 -0.1654302 0.05912197 -0.5186083 -0.1651543 0.04492474 -0.5184861 0.004157355 0.04908299 -0.5727565 0.004160804 0.06327415 -0.5728901 -0.5217084 3.039301 -0.7180699 -0.7175379 3.039301 -0.5220889 -0.5217084 3.016819 -0.7180699 -0.2742783 3.016819 -0.8441418 -0.2742783 3.039301 -0.8441418 0 3.016819 -0.8722421 0 3.039301 -0.8722421 0.2600564 3.016819 -0.8003715 0.2600564 3.039301 -0.8003715 0.4943912 3.016819 -0.680855 0.4943912 3.039301 -0.680855 0.6836257 3.016819 -0.4970669 0.6836257 3.039301 -0.4970669 0.7927635 3.016819 -0.2579682 0.7927635 3.039301 -0.2579682 0.8366374 3.016819 -0.0004865057 0.8366374 3.039301 -0.0004865057 0.7959044 3.016819 0.258117 0.7959044 3.031041 0.258117 0.6718505 3.016819 0.4876763 0.6718505 3.031041 0.4876763 0.4785883 3.016819 0.6574502 0.4785883 3.031041 0.6574502 0.2477959 3.016819 0.7805595 0.2477959 3.031041 0.7805595 0 3.016819 0.8198516 0 3.031041 0.8198516 -0.2458346 3.016819 0.7833037 -0.2458346 3.031041 0.7833037 -0.4726942 3.016819 0.6604697 -0.4726942 3.031041 0.6604697 -0.6560147 3.016819 0.4766222 -0.6560147 3.031041 0.4766222 -0.7711911 3.016819 0.250575 -0.7711911 3.031041 0.250575 -0.8108781 3.016819 0 -0.8108781 3.031041 0 -0.7697675 3.026728 -0.2501205 -0.7711911 3.016819 -0.2505754 -0.6560147 3.016819 -0.4766224 -0.65457 3.026656 -0.4757603 0.2540289 1.279127 -0.8802086 -0.02139889 1.201336 -0.9246603 0.009700687 1.107383 -0.9352826 0.2881002 1.186332 -0.8903348 0.5028809 1.34892 -0.7495784 0.539637 1.257167 -0.7582484 0.7496988 1.412926 -0.5529719 0.7694724 1.316154 -0.5447227 0.8536831 1.437117 -0.2737457 0.8841019 1.34342 -0.2775943 0.9185788 1.352584 -0.002897296 0.8970104 1.449196 -0.001597319 0.8751441 1.344022 0.2859216 0.8524172 1.440265 0.2848969 0.7148483 1.40325 0.5446278 0.7434773 1.308894 0.5493441 0.5110695 1.337069 0.746824 0.5478854 1.24528 0.7548258 0.3000497 1.16556 0.8883676 0.265908 1.258398 0.8788951 0.02489062 1.077617 0.934929 -0.006282363 1.171615 0.9249439 -0.2510121 0.9911308 0.9051308 -0.2792135 1.086287 0.8956422 -0.538868 0.998114 0.7776594 -0.5184232 0.9012644 0.7861144 -0.7301248 0.9196166 0.5717455 -0.7184978 0.8216664 0.5784734 -0.8811738 0.8547062 0.288247 -0.881371 0.7558179 0.2912139 -0.9281247 0.8400794 0.002606797 -0.9288041 0.7410142 0.002390901 -0.8885621 0.7725532 -0.2866876 -0.8883421 0.871427 -0.2832864 -0.7321183 0.8524286 -0.5494313 -0.7554578 0.9494292 -0.5430782 -0.5262738 0.9389271 -0.7701458 -0.5517307 1.035092 -0.7615033 -0.2685533 1.026841 -0.8996066 -0.2953772 1.121818 -0.8854658 -0.02139889 1.201336 -0.9246603 0.009700687 1.107383 -0.9352826 0.8093212 2.991585 -0.5816704 0.7462385 1.756784 -0.5363317 0.736059 2.991585 -0.5355459 0.6771672 1.756784 -0.4919905 0.6922846 1.08573 -0.502974 0.7628979 1.08573 -0.5483051 0.7363294 0.04158521 -0.5349746 0.8093212 0.01428843 -0.5816704 0.9170919 0.01428843 -0.2979814 0.8644862 1.08573 -0.2808887 0.7462385 1.756784 -0.5363317 0.8093212 2.991585 -0.5816704 0.9170919 2.991585 -0.2979814 0.8456084 1.756784 -0.2747551 0.9642875 2.991585 0 0.9089745 1.08573 0 0.9642875 0.01428843 0 0.8891253 1.756784 0 0.9170928 2.991585 0.2979812 0.8644871 1.08573 0.2808887 0.9170928 0.01428843 0.2979812 0.8456094 1.756784 0.2747549 0.7801252 2.991585 0.566794 0.7353757 1.08573 0.534282 0.7801252 0.01428843 0.566794 0.7193173 1.756784 0.5226149 0.5667945 2.991585 0.7801252 0.5342823 1.08573 0.7353764 0.5667945 0.01428843 0.7801252 0.5226156 1.756784 0.719318 0.2979814 2.991585 0.9170921 0.2808894 1.08573 0.8644866 0.2979814 0.01428843 0.9170921 0.2747556 1.756784 0.8456089 0 2.991585 0.9642878 0 1.08573 0.9089752 0 0.01428843 0.9642878 0 1.756784 0.889126 -0.2979814 2.991585 0.9170921 -0.2808894 1.08573 0.8644866 -0.2979814 0.01428843 0.9170921 -0.2747556 1.756784 0.8456089 -0.5342823 1.08573 0.7353764 -0.5667945 0.01428843 0.7801252 -0.5226156 1.756784 0.719318 -0.5667945 2.999511 0.7801252 -0.7353757 1.08573 0.534282 -0.7801252 0.01428843 0.566794 -0.7193173 1.756784 0.5226149 -0.7801252 3.003161 0.566794 -0.8644862 1.08573 0.2808884 -0.9170919 0.01428843 0.297981 -0.9642875 0.0218097 0 -0.8456084 1.756784 0.2747546 -0.9170919 3.00521 0.297981 -0.9089745 1.08573 0 -0.9170919 0.02875674 -0.2979814 -0.8891253 1.756784 0 -0.9642875 3.013212 0 -0.8644862 1.08573 -0.2808887 -0.8456084 1.756784 -0.2747551 -0.9170919 3.022365 -0.2979814 -0.7801252 0.04158521 -0.5667945 -0.7193173 1.756784 -0.5226154 -0.7801252 3.041585 -0.5667945 -0.7353757 1.08573 -0.5342823 -0.5226156 1.756784 -0.719318 -0.5667945 3.043701 -0.7801254 -0.2979814 3.043701 -0.9170924 -0.5342823 1.08573 -0.7353764 -0.5667945 0.04158521 -0.7801254 -0.2747556 1.756784 -0.8456089 0 3.043701 -0.9336059 0 1.756784 -0.8891258 -0.2808894 1.08573 -0.8644869 -0.2979814 0.04158521 -0.9170924 0 1.08573 -0.908975 0 0.04158521 -0.9642878 0.003453159 0.08467221 -0.6390696 0.003456378 0.06200421 -0.6392032 -0.1876509 0.08121824 -0.5859975 -0.1877346 0.05855918 -0.5861009 -0.3652136 0.05855966 -0.5082401 -0.3651437 0.08121812 -0.5081583 0.1716366 0.9493349 -0.9245739 0.1618013 0.9415708 -0.9262112 0.1257696 0.9512691 -0.95961 0.1241503 0.943159 -0.9521985 0.07998085 0.9450259 -0.9403143 0.07083614 0.9535916 -0.9419533 0.07530315 1.059345 -0.9419639 0.08513832 1.067109 -0.9403266 0.1302376 1.057022 -0.9596224 0.1293068 1.065242 -0.9522107 0.1669588 1.063654 -0.9262236 0.1761036 1.055088 -0.9245846 -0.8099737 1.821758 -0.449831 -0.8141527 1.813069 -0.4416622 -0.8571806 1.818825 -0.4166969 -0.8502607 1.8107 -0.4136256 -0.852232 1.808508 -0.3679422 -0.8568897 1.816139 -0.3590114 -0.859991 1.921826 -0.3540747 -0.8558121 1.930515 -0.3622435 -0.8602839 1.924512 -0.4117613 -0.8538418 1.932707 -0.4079264 -0.8177328 1.935076 -0.4359635 -0.8130751 1.927445 -0.4448941 -0.9283041 0.7482028 -0.1095909 -0.9299414 0.7398339 -0.1002648 -0.9633402 0.7472409 -0.06369321 -0.9559287 0.7390448 -0.06258851 -0.9440445 0.7381228 -0.01838925 -0.9456835 0.7460948 -0.008722618 -0.9456941 0.8519193 -0.006512187 -0.9440567 0.860288 -0.01583821 -0.9633526 0.8530654 -0.06148374 -0.9559409 0.8612099 -0.06003651 -0.9299538 0.861999 -0.09771374 -0.9283148 0.8540273 -0.1073804 0 3.043701 -0.9336059 0.2790189 3.043701 -0.8587319 0 1.756784 -0.8891258 0.266013 1.756784 -0.8187032 0.5301946 3.043701 -0.7305176 0.2719515 1.08573 -0.8369803 0 1.08573 -0.908975 0.5145264 1.756784 -0.7081847 0.736059 2.991585 -0.5355459 0.6771672 1.756784 -0.4919905 0.6922846 1.08573 -0.502974 0.2885002 0.04158521 -0.887912 0 0.04158521 -0.9642878 0.526013 1.08573 -0.7239946 0.5576332 0.04158521 -0.7675159 0.7363294 0.04158521 -0.5349746 -0.7801252 0.04158521 -0.5667945 -0.5667945 0.04158521 -0.7801254 -0.7061595 0.04242027 -0.5144575 -0.4786791 0.04279721 -0.6612839 -0.2979814 0.04158521 -0.9170924 -0.605445 0.04340863 -0.4426802 -0.2497705 0.04279733 -0.7724138 -0.8263754 0.04187727 -0.2693404 0.00150886 0.04430664 -0.8221772 -0.7095345 0.04301107 -0.23266 0 0.04158521 -0.9642878 -0.746928 0.04301047 -0.002012779 0.2885002 0.04158521 -0.887912 -0.8694677 0.04187632 -0.0007913298 0.2466875 0.04279709 -0.7545882 -0.7163806 0.04299295 0.2306999 0.4742912 0.04279709 -0.6503669 -0.8345168 0.04185247 0.2703872 0.5576332 0.04158521 -0.7675159 -0.7054809 0.04187024 0.5116044 0.7363294 0.04158521 -0.5349746 -0.6066331 0.04300594 0.4382719 0.6292187 0.04279709 -0.4553825 -0.4495425 0.0429635 0.6155341 0.8146384 0.04191685 -0.2637446 -0.52383 0.0418123 0.7199398 0.7018268 0.04303992 -0.2258366 -0.2725816 0.04184425 0.8366414 0.7430968 0.04302204 0.002044301 -0.2350328 0.04298687 0.7170504 0.8642351 0.04189241 0.0008345518 -0.001911422 0.04297292 0.7591231 0.8120947 0.04192328 0.2648313 -0.0006529276 0.04182518 0.8861246 0.6990787 0.04304469 0.2293586 0.2680957 0.04187477 0.8276601 0.6849799 0.04194415 0.4988723 0.2290221 0.04300916 0.7113607 0.5899382 0.04305995 0.4312694 0.4411146 0.04299128 0.6104777 0.5154872 0.04185021 0.7107321 0.1083565 3.105687 0.3334878 0 3.105687 0.4120136 0 3.105687 0.289286 0 3.105687 0.3506499 -0.08939406 3.105687 0.2751274 -0.1083565 3.105687 0.3334878 0.1960926 1.061274 -0.921192 0.1761036 1.055088 -0.9245846 0.1758308 1.080252 -0.924817 0.1910324 0.9414856 -0.9211799 0.1669588 1.063654 -0.9262236 0.1716366 0.9493349 -0.9245739 0.07769775 1.084396 -0.9417384 0.1692419 0.924284 -0.9248033 0.08513832 1.067109 -0.9403266 0.1618013 0.9415708 -0.9262112 0.07530315 1.059345 -0.9419639 0.07998085 0.9450259 -0.9403143 0.0559082 1.067194 -0.9453617 0.07110882 0.928428 -0.9417228 0.07083614 0.9535916 -0.9419533 0.05084705 0.9474055 -0.9453478 -0.8041172 1.935556 -0.4623097 -0.8130751 1.927445 -0.4448941 -0.8144312 1.952462 -0.442521 -0.8006039 1.815842 -0.4679018 -0.8177328 1.935076 -0.4359635 -0.8099737 1.821758 -0.449831 -0.8601084 1.946992 -0.3541053 -0.8098593 1.796592 -0.449802 -0.8558121 1.930515 -0.3622435 -0.8141527 1.813069 -0.4416622 -0.859991 1.921826 -0.3540747 -0.852232 1.808508 -0.3679422 -0.8693638 1.927742 -0.3360062 -0.8555346 1.791122 -0.3613859 -0.8568897 1.816139 -0.3590114 -0.8658495 1.808028 -0.341597 -0.9249222 0.8614615 -0.1269396 -0.9283148 0.8540273 -0.1073804 -0.9285471 0.8791234 -0.1055215 -0.9249101 0.7415922 -0.129443 -0.9299538 0.861999 -0.09771374 -0.9283041 0.7482028 -0.1095909 -0.9454686 0.8770711 -0.007322386 -0.9285334 0.7230507 -0.1087806 -0.9440567 0.860288 -0.01583821 -0.9299414 0.7398339 -0.1002648 -0.9456941 0.8519193 -0.006512187 -0.9440445 0.7381228 -0.01838925 -0.9490919 0.8585297 0.01333909 -0.9454529 0.7209984 -0.01058151 -0.9456835 0.7460948 -0.008722618 -0.949078 0.7386605 0.01083661 0.1842065 3.049244 0.5671232 0.1842065 3.025874 0.5669296 0.3503821 3.049244 0.4824527 0 3.049244 0.5897329 0.3503821 3.025874 0.4822592 0 3.025874 0.5897329 0.4822596 3.049244 0.3505751 -0.1842065 3.025874 0.5671232 0.4822596 3.025874 0.3503816 -0.1842065 3.049244 0.5671232 0.5669296 3.049244 0.1844 -0.3721972 3.049244 0.4981434 0.5669296 3.025874 0.1842065 -0.3721972 3.025874 0.4981434 0.5961054 3.049244 0.0001932703 -0.5105553 3.025874 0.3665395 0.5961054 3.025874 0 -0.5105553 3.049244 0.3665395 0.5669296 3.049244 -0.1840132 -0.5963707 3.025874 0.1961863 0.5669296 3.025874 -0.1842067 -0.5963707 3.049244 0.1961863 0.4822587 3.049244 -0.3501886 -0.627839 3.025874 9.689716E-05 0.4822587 3.025874 -0.3503821 -0.627839 3.049244 9.689716E-05 0.3503821 3.049244 -0.4820657 -0.6107001 3.049244 -0.1984287 0.3503821 3.025874 -0.4822592 -0.6107001 3.025874 -0.1984287 0.1842065 3.049244 -0.5667363 -0.507081 3.049244 -0.368223 0.1842065 3.025874 -0.5669299 -0.507081 3.025874 -0.3684164 0 3.025874 -0.6267872 -0.3684157 3.049244 -0.506888 0 3.049244 -0.6265937 -0.3684157 3.025874 -0.5070814 -0.1936877 3.025874 -0.59611 -0.1936877 3.049244 -0.5959165 0 3.025874 0.6696236 0 3.025874 0.5897329 -0.1842065 3.025874 0.5671232 0.1842065 3.025874 0.5669296 -0.2079096 3.025874 0.6399769 0.2079096 3.025874 0.6398801 -0.3721972 3.025874 0.4981434 0.3954681 3.025874 0.5443147 -0.4063752 3.025874 0.5522567 0.3503821 3.025874 0.4822592 -0.5584627 3.025874 0.4035465 0.4822596 3.025874 0.3503816 -0.5105553 3.025874 0.3665395 0.5542113 3.025874 0.4025896 -0.6546003 3.025874 0.2138994 0.5669296 3.025874 0.1842065 -0.5963707 3.025874 0.1961863 0.6576107 3.025874 0.2135664 -0.627839 3.025874 9.689716E-05 0.5961054 3.025874 0 -0.6886767 3.025874 4.833148E-05 0.6912273 3.025874 -0.0001030286 -0.6107001 3.025874 -0.1984287 0.6544702 3.025874 -0.2126504 -0.6616805 3.025874 -0.2150012 0.5669296 3.025874 -0.1842067 -0.507081 3.025874 -0.3684164 0.5567256 3.025874 -0.404485 -0.5799537 3.025874 -0.4250536 0.4822587 3.025874 -0.3503821 -0.3684157 3.025874 -0.5070814 0.404485 3.025874 -0.5567258 -0.4225191 3.025874 -0.581548 0.3503821 3.025874 -0.4822592 -0.1936877 3.025874 -0.59611 0.1842065 3.025874 -0.5669299 -0.2221315 3.025874 -0.6836506 0.2126502 3.025874 -0.6544704 0 3.025874 -0.6267872 0 3.025874 -0.7188327 0.5416036 0.08048666 0.3968892 0.4674784 0.08135688 0.344164 0.5534593 0.08134866 0.1836525 0.3452869 0.08132064 0.4813013 0.6416032 0.08047402 0.2113186 0.4032917 0.08043075 0.5594922 0.5870122 0.08133674 0.003603045 0.2091509 0.08044517 0.6522153 0.6814908 0.08045566 0.002659532 0.1786764 0.08133006 0.5615106 0.6444551 0.0804702 -0.2065581 -0.003532706 0.08131099 0.5954837 0.5564708 0.08134615 -0.1769927 -0.002551475 0.08041584 0.6945351 0.4912082 0.08121777 -0.3528291 -0.2159369 0.08042717 0.6562311 0.5747464 0.08027256 -0.414905 -0.1866518 0.08131838 0.5629592 0.3669062 0.08121777 -0.499422 -0.3538233 0.08130598 0.4810089 0.4319065 0.08027256 -0.5907894 -0.4117623 0.0804081 0.5624374 0.2254232 0.08027256 -0.6867848 -0.5563627 0.08044267 0.4009779 0.1928125 0.08121777 -0.5828023 -0.4792691 0.08132839 0.3437842 0.003453159 0.08467221 -0.6390696 -0.6563011 0.08043206 0.2105165 0.00227628 0.08254981 -0.7499052 -0.5641643 0.0813216 0.1795634 -0.2252522 0.08027291 -0.6988358 -0.6846088 0.08044624 -0.002633961 -0.1876509 0.08121824 -0.5859975 -0.5890372 0.08133078 -0.003586599 -0.3651437 0.08121812 -0.5081583 -0.6501135 0.08044684 -0.2140057 -0.4338671 0.08027279 -0.6008457 -0.558986 0.08133113 -0.1853978 -0.5542256 0.08077049 -0.406177 -0.4756756 0.0815413 -0.3501961 -0.319242 0.05918455 0.4323772 -0.3538826 0.05864739 0.4811133 -0.4793606 0.05866981 0.3438636 -0.1866775 0.05865979 0.5630772 -0.4332501 0.05919981 0.309625 -0.1691795 0.05919302 0.5072643 -0.5642756 0.05866289 0.1796135 -0.004135055 0.05918801 0.5363407 -0.5091584 0.05919516 0.1610671 -0.003517992 0.0586524 0.595604 -0.5891591 0.05867219 -0.003574882 0.1787256 0.05867136 0.5616224 -0.5319782 0.05920136 -0.004171266 0.1604694 0.05920076 0.5073607 -0.559106 0.05867255 -0.185421 0.310642 0.05919445 0.4346263 -0.5045751 0.05920172 -0.168319 0.3453727 0.05866206 0.4813906 -0.4757791 0.05888271 -0.3502422 0.4675879 0.05869818 0.3442274 -0.4287587 0.05934405 -0.3167758 0.4232235 0.05921888 0.3127002 -0.3240741 0.05912519 -0.4527997 0.5008368 0.05921328 0.1671539 -0.3652136 0.05855966 -0.5082401 0.5535814 0.05868995 0.1836802 -0.1877346 0.05855918 -0.5861009 0.5306091 0.05920517 0.004183399 -0.1654302 0.05912197 -0.5186083 0.5871361 0.05867803 0.003589292 0.004160804 0.06327415 -0.5728901 0.5039515 0.05921161 -0.1593284 0.003456378 0.06200421 -0.6392032 0.5565851 0.05868757 -0.1770398 0.1930953 0.05855572 -0.5829378 0.4413362 0.05912471 -0.3157445 0.1733923 0.05912411 -0.5206978 0.4913006 0.05855918 -0.3529021 0.3280995 0.05912471 -0.4448372 0.3669621 0.0585593 -0.499521 0.2378256 0.04611027 0.3364432 0.3105825 0.044994 0.4345195 0.1604436 0.0450002 0.5072417 0.4231292 0.04501843 0.3126185 0.1222188 0.04611003 0.3934689 0.3301524 0.04611003 0.2464843 -0.004120341 0.04498744 0.5362211 0.3901619 0.0461098 0.1323978 -0.005351247 0.04611027 0.4119789 0.5007225 0.04501283 0.1670999 -0.1691303 0.04499245 0.5071545 0.4119789 0.0461098 0.005351017 -0.1323971 0.04611027 0.3901617 0.5304852 0.04500473 0.00416755 -0.3191583 0.0449841 0.43229 0.3934689 0.0461098 -0.1222193 -0.2464847 0.04611027 0.3301526 0.5038295 0.04501116 -0.1593037 -0.4331439 0.04499924 0.3095651 0.3364435 0.0461098 -0.2378261 -0.3364435 0.04611027 0.2378259 0.441227 0.04492426 -0.3156891 -0.5090384 0.04499459 0.1610441 0.2464847 0.0461098 -0.3301528 -0.3934689 0.04611027 0.1222191 0.3280161 0.04492426 -0.4447567 -0.5318564 0.04500079 -0.004156564 -0.4119789 0.04611027 -0.005351477 -0.5044647 0.04500103 -0.1682816 -0.3901619 0.04611027 -0.1323981 -0.4286791 0.04514337 -0.3167027 -0.3301524 0.04611027 -0.2464847 -0.2378256 0.04611027 -0.3364437 -0.3240268 0.0449245 -0.4527033 -0.1651543 0.04492474 -0.5184861 -0.1179904 0.04611051 -0.3769507 0.005633569 0.0517453 -0.4337333 0.004157355 0.04908299 -0.5727565 0.1566267 0.04540753 -0.4674201 0.1323971 0.0461098 -0.3901619 0.1733923 0.05912411 -0.5206978 -0.6055899 0.06341231 -0.4427423 -0.5543429 0.06391501 -0.4062723 -0.6502758 0.06359136 -0.2140469 -0.4339421 0.06341743 -0.6009766 -0.7097033 0.06301475 -0.2326923 -0.4787734 0.062801 -0.6614022 -0.6847808 0.06359076 -0.002648912 -0.2498685 0.06280065 -0.772572 -0.7470999 0.06301403 -0.002001778 -0.225414 0.06341624 -0.6990362 -0.6564681 0.06357658 0.2105544 0.002389623 0.06569242 -0.7501361 -0.7165383 0.06299663 0.2307658 0.001417588 0.06430864 -0.8224018 -0.606766 0.0630095 0.4383793 0.2468662 0.06279933 -0.7548003 -0.5565094 0.06358707 0.4010669 0.2255278 0.06341672 -0.6869531 -0.4118759 0.06355262 0.562563 0.4320203 0.0634172 -0.5909039 -0.4496303 0.06296706 0.6156781 0.4743741 0.06280088 -0.6505026 -0.2350737 0.06299055 0.7172151 0.6293557 0.06280077 -0.455478 -0.2160004 0.06357169 0.656388 0.5748985 0.06341708 -0.4149839 -0.00256527 0.06356025 0.6947038 0.70199 0.06304359 -0.225897 -0.001894869 0.0629766 0.7592922 0.6446257 0.06361473 -0.2065981 0.2290868 0.06301272 0.7115198 0.6816649 0.06360006 0.002675902 0.2091934 0.06358969 0.6523812 0.7432709 0.06302559 0.002029889 0.4033814 0.06357515 0.5596384 0.6992489 0.06304824 0.2294035 0.4412321 0.06299484 0.6106047 0.6417652 0.06361842 0.2113896 0.5900897 0.0630635 0.4313618 0.5417418 0.06363106 0.3969982 0.6544702 3.000267 -0.2126504 0.7222279 3.000267 -0.2353415 0.5567256 3.000267 -0.404485 0.6912273 3.000267 -0.0001030409 0.6144392 3.000267 -0.4468891 0.7653543 3.000267 -0.001039034 0.404485 3.000267 -0.5567258 0.7283373 3.000267 0.2354458 0.4465536 3.000267 -0.6147745 0.6576107 3.000267 0.2135663 0.235006 3.000267 -0.7225634 0.6095476 3.000267 0.4415246 0.2126502 3.000267 -0.6544704 0.5542113 3.000267 0.4025895 0 3.000267 -0.7188327 0.429013 3.000267 0.5889531 0.0005035256 3.000267 -0.7895479 0.3954681 3.000267 0.5443146 -0.2221315 3.000267 -0.6836505 0.225784 3.000267 0.692503 -0.2480006 3.000267 -0.7443744 0.2079096 3.000267 0.6398801 -0.4486209 3.000267 -0.632216 0.0005035256 3.000267 0.7281839 -0.4225191 3.000267 -0.5815479 0 3.000267 0.6696236 -0.6157113 3.000267 -0.4521871 -0.2079096 3.000267 0.6399769 -0.5799537 3.000267 -0.4250535 -0.2247769 3.000267 0.692503 -0.6926736 3.000267 -0.2260813 -0.428005 3.000267 0.588953 -0.6616805 3.000267 -0.2150012 -0.4063752 3.000267 0.5522566 -0.7285198 3.000267 -0.0008390806 -0.5892885 3.000267 0.4276699 -0.6886767 3.000267 4.835243E-05 -0.5584627 3.000267 0.4035465 -0.6928382 3.000267 0.2244413 -0.6546003 3.000267 0.2138994 -0.4486209 3.016819 -0.632216 -0.4486209 3.000267 -0.632216 -0.2480006 3.000267 -0.7443744 -0.6157113 3.000267 -0.4521871 -0.2480006 3.016819 -0.7443745 -0.6157113 3.016819 -0.4521872 0.0005035256 3.000267 -0.7895479 -0.6926736 3.016819 -0.2260813 0.0005035256 3.016819 -0.7895479 -0.6926736 3.000267 -0.2260813 0.235006 3.000267 -0.7225634 -0.7285198 3.016819 -0.0008390695 0.235006 3.016819 -0.7225634 -0.7285198 3.000267 -0.0008390806 0.4465536 3.000267 -0.6147745 -0.6928382 3.016819 0.2244414 0.4465536 3.016819 -0.6147745 -0.6928382 3.000267 0.2244413 0.6144392 3.000267 -0.4468891 -0.5892885 3.016819 0.4276699 0.6144392 3.016819 -0.4468891 -0.5892885 3.000267 0.4276699 0.7222279 3.000267 -0.2353415 -0.428005 3.016819 0.5889531 0.7222279 3.016819 -0.2353415 -0.428005 3.000267 0.588953 0.7653543 3.000267 -0.001039034 -0.2247769 3.016819 0.6925031 0.7653543 3.016819 -0.001039041 -0.2247769 3.000267 0.692503 0.7283373 3.000267 0.2354458 0.0005035256 3.016819 0.7281839 0.7283373 3.016819 0.2354458 0.0005035256 3.000267 0.7281839 0.6095476 3.000267 0.4415246 0.225784 3.016819 0.6925031 0.6095476 3.016819 0.4415246 0.225784 3.000267 0.692503 0.429013 3.000267 0.5889531 0.429013 3.016819 0.5889532 -0.2792135 1.086287 0.8956422 -0.2824107 1.086286 0.9051399 -0.00656002 1.172582 0.9349149 -0.544584 0.9972813 0.7858427 -0.006282363 1.171615 0.9249439 -0.538868 0.998114 0.7776594 0.2685487 1.260334 0.8883668 -0.7378688 0.9181195 0.5778716 0.265908 1.258398 0.8788951 -0.7301248 0.9196166 0.5717455 0.5163404 1.339884 0.7548699 -0.8904775 0.8527006 0.2913891 0.5110695 1.337069 0.746824 -0.8811738 0.8547062 0.288247 0.7148483 1.40325 0.5446278 -0.9281247 0.8400794 0.002606797 0.7224805 1.405828 0.5505205 -0.9379128 0.8379234 0.002664296 0.8524172 1.440265 0.2848969 -0.8883421 0.871427 -0.2832864 0.8617338 1.442471 0.2880412 -0.8976834 0.8694304 -0.2863221 0.8970104 1.449196 -0.001597319 -0.7634575 0.9478848 -0.5489127 0.9067909 1.451378 -0.001485368 -0.7554578 0.9494292 -0.5430782 0.8536831 1.437117 -0.2737457 -0.5576317 1.034253 -0.7695631 0.8623539 1.440048 -0.2766024 -0.5517307 1.035092 -0.7615033 0.7496988 1.412926 -0.5529719 -0.2953772 1.121818 -0.8854658 0.7579905 1.41412 -0.5588433 -0.2987431 1.122272 -0.8948959 0.5077711 1.351657 -0.7578197 -0.02139889 1.201336 -0.9246603 0.5028809 1.34892 -0.7495784 -0.02172107 1.202356 -0.9346253 0.2566305 1.281116 -0.88968 0.2540289 1.279127 -0.8802086 -0.881371 0.7558179 0.2912139 -0.8906748 0.7538122 0.2943558 -0.9385922 0.7388587 0.00244802 -0.7262418 0.8201696 0.5845989 -0.9288041 0.7410142 0.002390901 -0.7184978 0.8216664 0.5784734 -0.8979029 0.7705566 -0.2897246 -0.5241396 0.9004321 0.7942974 -0.8885621 0.7725532 -0.2866876 -0.5184232 0.9012644 0.7861144 -0.7401178 0.8508847 -0.5552662 -0.2542103 0.9911298 0.9146287 -0.7321183 0.8524286 -0.5494313 -0.2510121 0.9911308 0.9051308 -0.5262738 0.9389271 -0.7701458 0.02489062 1.077617 0.934929 -0.5321746 0.9380877 -0.7782053 0.02461313 1.078584 0.9449001 -0.2685533 1.026841 -0.8996066 0.3000497 1.16556 0.8883676 -0.2719193 1.027295 -0.9090363 0.3026903 1.167497 0.8978392 0.009378408 1.108403 -0.9452475 0.5478854 1.24528 0.7548258 0.009700687 1.107383 -0.9352826 0.5531561 1.248095 0.7628717 0.2907015 1.188321 -0.8998066 0.7511096 1.311472 0.5552368 0.2881002 1.186332 -0.8903348 0.7434773 1.308894 0.5493441 0.544527 1.259905 -0.7664897 0.8844627 1.346224 0.2890677 0.539637 1.257167 -0.7582484 0.8751441 1.344022 0.2859216 0.7777638 1.317348 -0.5505943 0.9185788 1.352584 -0.002897296 0.7694724 1.316154 -0.5447227 0.9283589 1.354766 -0.002785766 0.8927723 1.346352 -0.2804512 0.8841019 1.34342 -0.2775943 -0.2789655 1.736874 0.858541 0 1.752608 0.9027739 -0.282062 1.736809 0.8680738 -0.5365137 1.73116 0.7383558 4.60577E-06 1.752543 0.9127976 -0.5306211 1.731226 0.730248 0.2789858 1.775273 0.8584978 -0.7384537 1.737145 0.5364152 0.2820949 1.775207 0.8680276 -0.7303434 1.737211 0.5305254 0.5307008 1.801034 0.7299293 -0.8681163 1.754176 0.2820183 0.5366058 1.800968 0.7380285 -0.8585823 1.754243 0.2789246 0.7305149 1.826368 0.52958 -0.9127973 1.779592 -6.616452E-06 0.7386338 1.8263 0.5354571 -0.9027737 1.779659 0 0.8588702 1.848793 0.2770613 -0.8681066 1.809293 -0.2821653 0.8683666 1.848725 0.2802241 -0.8585759 1.809362 -0.2790633 0.9079813 1.86687 -0.002835172 -0.7384053 1.838761 -0.536957 0.9179989 1.866801 -0.002647591 -0.730296 1.838831 -0.5310672 0.8698314 1.88054 -0.2825931 -0.5363824 1.864112 -0.7395171 0.8794831 1.880474 -0.2850857 -0.5304815 1.864181 -0.7314167 0.7721214 1.892084 -0.5347978 -0.2818114 1.882857 -0.8700249 0.7804205 1.892016 -0.5407777 -0.2786915 1.882924 -0.8605001 0.5312366 1.897177 -0.7344317 0.0003896481 1.894153 -0.9156324 0.5367019 1.897113 -0.7427598 0.0004172828 1.894218 -0.9056094 0.2795053 1.898571 -0.8622097 0.2825833 1.898508 -0.8717494 4.60577E-06 1.851622 0.9034202 -0.27917 1.83589 0.8591548 9.672117E-06 1.851556 0.9134438 0.2823081 1.874217 0.8686426 -0.2822669 1.835824 0.868688 0.279199 1.874283 0.8591132 -0.5310144 1.830244 0.7307669 0.5370066 1.899972 0.7385549 -0.5369071 1.830178 0.7388755 0.5311015 1.900038 0.7304558 -0.7308864 1.836234 0.5308951 0.7391824 1.925294 0.5358477 -0.7389963 1.836167 0.5367849 0.7310637 1.925362 0.52997 -0.8592221 1.853272 0.2791037 0.8690093 1.947705 0.2804443 -0.868756 1.853205 0.2821967 0.8595127 1.947774 0.2772812 -0.9034467 1.878694 -3.101363E-05 0.9186715 1.965768 -0.002618016 -0.9134702 1.878626 -3.839627E-05 0.9086542 1.965836 -0.002804169 -0.8592156 1.908399 -0.2793016 0.8801196 1.97943 -0.2852464 -0.8687468 1.90833 -0.2824029 0.8704684 1.979496 -0.2827541 -0.7308408 1.937864 -0.5314869 0.7809864 1.990967 -0.5411155 -0.7389498 1.937795 -0.5373767 0.772687 1.991035 -0.5351359 -0.5308785 1.963203 -0.7319722 0.5370917 1.99607 -0.7432492 -0.5367804 1.963135 -0.7400724 0.5316263 1.996133 -0.7349214 -0.2789019 1.98193 -0.8611338 0.2827853 1.997476 -0.8723453 -0.2820214 1.981863 -0.8706582 0.2797075 1.99754 -0.8628057 0.000412677 1.993205 -0.9062554 0.0003850424 1.993139 -0.9162788 -0.2889798 0.9447864 0.8893872 0 0.9402543 0.9351574 -0.2920417 0.9458219 0.8988736 -0.5555097 0.9523588 0.7646381 1.381731E-05 0.9412917 0.9451252 -0.5496719 0.9513247 0.7565579 0.2889796 0.9370443 0.8893872 -0.7646043 0.96096 0.5555567 0.2920699 0.9380831 0.8988639 -0.7565581 0.959927 0.5496714 0.5496717 0.9343427 0.7565578 -0.8988584 0.9707821 0.2920925 0.5555385 0.9353833 0.7646164 -0.8893875 0.9697497 0.2889795 0.7565583 0.9317175 0.5496713 -0.945127 0.980168 2.68345E-05 0.7646272 0.9327598 0.5555238 -0.9351574 0.9791355 0 0.8893875 0.9294258 0.2889795 -0.898874 0.9870706 -0.2920455 0.898869 0.930468 0.2920534 -0.8893875 0.986038 -0.2889795 0.9351572 0.9283879 0 -0.7646242 0.9896861 -0.5555326 0.945124 0.929431 0 -0.7565581 0.9886529 -0.5496718 0.889388 0.929834 -0.2889796 -0.5555171 0.987062 -0.7646347 0.8989634 0.930867 -0.2914664 -0.5496719 0.9860275 -0.7565584 0.793345 0.9334397 -0.5496719 -0.2920288 0.9794552 -0.8928857 0.8016953 0.9345369 -0.5554783 -0.2889798 0.9784195 -0.8833944 0.5496719 0.9433523 -0.7565586 4.191251E-05 0.9683073 -0.9451259 0.555197 0.9443862 -0.7647883 0 0.9672695 -0.9351577 0.2889796 0.9547979 -0.8893879 0.2921 0.9558371 -0.8988547 0 1.039254 0.9248536 -0.2857959 1.043953 0.879588 1.381731E-05 1.040292 0.9348214 0.2888857 1.036916 0.8890648 -0.2888569 1.044988 0.8890742 0.2857954 1.035878 0.879588 -0.5436153 1.050641 0.7482223 0.5494822 1.034067 0.7562805 -0.5494531 1.051676 0.7563024 0.5436151 1.033027 0.7482222 -0.7482225 1.059362 0.5436151 0.7562909 1.031324 0.5494671 -0.7562679 1.060395 0.5495009 0.7482223 1.030282 0.5436151 -0.8795883 1.069262 0.2857954 0.8890691 1.028956 0.2888698 -0.8890592 1.070294 0.2889086 0.8795878 1.027914 0.2857954 -0.9248534 1.078674 0 0.9348207 1.027893 1.014324E-06 -0.934823 1.079706 2.721345E-05 0.9248536 1.02685 0 -0.8795883 1.08555 -0.2857955 0.889164 1.029355 -0.2882827 -0.8890753 1.086583 -0.2888601 0.8795885 1.028322 -0.2857956 -0.7482225 1.088088 -0.5436151 0.792954 1.03308 -0.5494217 -0.7562886 1.089122 -0.5494753 0.7846035 1.031983 -0.5436155 -0.5436153 1.085344 -0.7482224 0.5491409 1.04307 -0.7564522 -0.5494605 1.086378 -0.7562992 0.5436156 1.042036 -0.7482224 -0.2857959 1.077585 -0.8735947 0.2889163 1.054671 -0.8890547 -0.2888444 1.078622 -0.8830865 0.2857956 1.053632 -0.8795882 0 1.06627 -0.9248539 4.191251E-05 1.067307 -0.9348221 0.6576107 3.025874 0.2135664 0.5542113 3.025874 0.4025896 0.6576107 3.000267 0.2135663 0.6912273 3.000267 -0.0001030409 0.5542113 3.000267 0.4025895 0.6912273 3.025874 -0.0001030286 0.3954681 3.025874 0.5443147 0.6544702 3.000267 -0.2126504 0.3954681 3.000267 0.5443146 0.6544702 3.025874 -0.2126504 0.2079096 3.025874 0.6398801 0.5567256 3.000267 -0.404485 0.2079096 3.000267 0.6398801 0.5567256 3.025874 -0.404485 0 3.025874 0.6696236 0.404485 3.000267 -0.5567258 0 3.000267 0.6696236 0.404485 3.025874 -0.5567258 -0.2079096 3.025874 0.6399769 0.2126502 3.000267 -0.6544704 -0.2079096 3.000267 0.6399769 0.2126502 3.025874 -0.6544704 -0.4063752 3.025874 0.5522567 0 3.000267 -0.7188327 -0.4063752 3.000267 0.5522566 0 3.025874 -0.7188327 -0.5584627 3.025874 0.4035465 -0.2221315 3.000267 -0.6836505 -0.5584627 3.000267 0.4035465 -0.2221315 3.025874 -0.6836506 -0.6546003 3.025874 0.2138994 -0.4225191 3.000267 -0.5815479 -0.6546003 3.000267 0.2138994 -0.4225191 3.025874 -0.581548 -0.6886767 3.025874 4.833148E-05 -0.5799537 3.000267 -0.4250535 -0.6886767 3.000267 4.835243E-05 -0.5799537 3.025874 -0.4250536 -0.6616805 3.025874 -0.2150012 -0.6616805 3.000267 -0.2150012 -0.6991553 1.867907 -0.6818637 -0.8241474 1.84926 -0.3717985 -0.8351151 1.920445 -0.3722615 -0.6909835 1.906784 -0.6759087 -0.8241474 1.84926 -0.3717985 -0.6991553 1.867907 -0.6818637 0.1437218 3.105687 0.3732085 0.378146 3.069376 0.065625 0.4013798 3.094007 0.0124334 0.3512865 3.105687 -0.02555468 0.2836823 3.105687 0.2061067 0.3530208 3.094882 0.02031685 0.378146 3.069376 0.065625 0.09038426 3.069376 0.3876154 0.3331016 3.069376 0.2957512 0.1437218 3.105687 0.3732085 0.09038426 3.069376 0.3876154 0.378146 3.069376 0.065625 0.06085469 3.130615 -0.2202669 0.08939406 3.105687 -0.2751278 0.0782198 3.128642 -0.27997 -0.7415913 3.005466 0.3634129 0.1376745 2.991585 0.8301005 -0.6323361 3.035441 0.598177 0.4013798 3.094007 0.0124334 0.378146 3.069376 0.065625 0.2632493 3.074271 -0.3052824 -0.2759924 3.09638 -0.1931957 -0.1011394 3.107822 -0.3193096 -0.3177715 3.104371 -0.03643645 0.7925097 2.991585 -0.5170476 0.8093212 0.01428843 -0.5816704 0.4360037 3.043701 -0.778598 0 3.105687 -0.3138657 0.08939406 3.105687 -0.2751278 -0.00919074 3.105687 -0.3686595 -0.3078561 3.043503 -0.8747656 0.4360037 3.043701 -0.778598 -0.111743 0.04158521 -0.9465895 -0.3344051 3.105687 0.1961866 -0.3287082 3.069376 -0.2018839 -0.2899215 3.069376 0.2574129 -0.7011481 3.009894 0.1001851 -0.6323361 3.035441 0.598177 -0.5339661 3.016446 0.5529523 -0.2899215 3.069376 0.2574129 -0.3287082 3.069376 -0.2018839 -0.4522744 3.065854 -0.05179498 -0.473378 3.027267 0.0001932613 -0.4502092 3.027267 0.146475 -0.4522744 3.065854 -0.05179498 -0.05354887 3.03567 -0.6014692 0.02236225 3.010329 -0.7655893 -0.3018735 3.015158 -0.6552654 0.004076659 0.08699143 -0.3138393 -0.1957931 0.07550973 -0.1805524 -0.07204323 0.06908474 -0.36579 0.09282607 0.08253431 -0.2736951 0.09168206 0.1071416 -0.2741728 0.004076659 0.08699143 -0.3138393 0.7363294 0.04158521 -0.5349746 0.8093212 0.01428843 -0.5816704 0.7363294 0.01428843 -0.5349746 0.1733923 0.05912411 -0.5206978 0.004157355 0.04908299 -0.5727565 0.004160804 0.06327415 -0.5728901 -0.4786791 0.04279721 -0.6612839 -0.2214382 0.0642776 -0.6872778 -0.4787734 0.062801 -0.6614022 -0.4338671 0.08027279 -0.6008457 -0.4339421 0.06341743 -0.6009766 -0.2214382 0.0642776 -0.6872778 0.4300692 0.971815 -0.8895939 0.09633918 0.9837224 -0.9139546 0.09987932 1.055027 -0.923495 0.430414 1.010676 -0.879425 0.09633918 0.9837224 -0.9139546 0.4300692 0.971815 -0.8895939 -0.9288974 0.7904414 -0.06621848 -0.972004 0.7160923 0.2574589 -0.9806751 0.7926915 0.2720312 -0.9184233 0.8280269 -0.05666085 -0.972004 0.7160923 0.2574589 -0.9288974 0.7904414 -0.06621848 0.8518898 1.336059 -0.2919246 0.7460713 1.306371 0.4918885 0.8424745 1.436499 0.2317567 0.7537771 1.308851 0.4971851 0.860765 1.338104 -0.2949844 0.8438169 1.43665 0.2450886 -0.5747287 0.9833958 0.7390506 -0.1598061 1.123618 0.9084616 -0.5036328 0.9019858 0.7519305 0.1761036 1.055088 -0.9245846 0.1716366 0.9493349 -0.9245739 0.1299186 1.004064 -0.9707343 0.07083614 0.9535916 -0.9419533 0.07530315 1.059345 -0.9419639 0.1716366 0.9493349 -0.9245739 0.1257696 0.9512691 -0.95961 0.1299186 1.004064 -0.9707343 0.07083614 0.9535916 -0.9419533 0.1299186 1.004064 -0.9707343 0.1302376 1.057022 -0.9596224 0.1761036 1.055088 -0.9245846 0.1299186 1.004064 -0.9707343 0.07530315 1.059345 -0.9419639 0.1299186 1.004064 -0.9707343 -0.8130751 1.927445 -0.4448941 -0.8099737 1.821758 -0.449831 -0.8687539 1.871617 -0.4194104 -0.8568897 1.816139 -0.3590114 -0.859991 1.921826 -0.3540747 -0.8099737 1.821758 -0.449831 -0.8571806 1.818825 -0.4166969 -0.8687539 1.871617 -0.4194104 -0.8568897 1.816139 -0.3590114 -0.8687539 1.871617 -0.4194104 -0.8602839 1.924512 -0.4117613 -0.8130751 1.927445 -0.4448941 -0.8687539 1.871617 -0.4194104 -0.859991 1.921826 -0.3540747 -0.8687539 1.871617 -0.4194104 -0.9283148 0.8540273 -0.1073804 -0.9283041 0.7482028 -0.1095909 -0.9744645 0.8001921 -0.06450482 -0.9456835 0.7460948 -0.008722618 -0.9456941 0.8519193 -0.006512187 -0.9283041 0.7482028 -0.1095909 -0.9633402 0.7472409 -0.06369321 -0.9744645 0.8001921 -0.06450482 -0.9456835 0.7460948 -0.008722618 -0.9744645 0.8001921 -0.06450482 -0.9633526 0.8530654 -0.06148374 -0.9283148 0.8540273 -0.1073804 -0.9744645 0.8001921 -0.06450482 -0.9456941 0.8519193 -0.006512187 -0.9744645 0.8001921 -0.06450482 0 3.035441 0.8861585 -0.6323361 3.035441 0.598177 0.1376745 2.991585 0.8301005 0.2740751 3.035441 0.8427495 0.1376745 2.991585 0.8301005 0.5253464 3.035441 0.7167708 0.8164899 2.991585 0.1870022 0.8041486 3.035441 0.3505726 0.8094242 3.043701 -0.2942689 0.8164899 2.991585 0.1870022 0.8164899 2.991585 0.1870022 0.7925097 2.991585 -0.5170476 0.4360037 3.043701 -0.778598 -0.4323879 2.995548 0.8486087 -0.7415913 3.005466 0.3634129 -0.8742898 3.00457 0.381985 0.1376745 2.991585 0.8301005 -0.4323879 2.995548 0.8486087 0.3620928 2.991585 0.8582675 0.1376745 2.991585 0.8301005 0.8164899 2.991585 0.1870022 0.8742904 2.991585 0.3819852 0.3620928 2.991585 0.8582675 0.8164899 2.991585 0.1870022 0.7925097 2.991585 -0.5170476 -0.1462815 3.027267 0.4504022 0 3.027267 0.473571 -0.07314076 3.069376 0.4617931 -0.07314076 3.069376 0.4617931 0.1462815 3.027267 0.4504022 0.3331016 3.069376 0.2957512 0.2782446 3.027267 0.383164 0.4574491 3.069376 -0.1005689 0.4305845 3.027267 0.008902685 0.3331016 3.069376 0.2957512 0.3530208 3.094882 0.02031685 0.1662321 3.08176 -0.2739298 0.3512865 3.105687 -0.02555468 0.3512865 3.105687 -0.02555468 0.2632018 3.105687 -0.2351435 0 3.105687 -0.3138657 -0.1011394 3.107822 -0.3193096 0.0782198 3.128642 -0.27997 0 3.105687 -0.3138657 0.08939406 3.105687 -0.2751278 -0.127319 3.105687 0.3918483 -0.3344051 3.105687 0.1961866 -0.2899215 3.069376 0.2574129 -0.127319 3.105687 0.3918483 0.09038426 3.069376 0.3876154 0.1437218 3.105687 0.3732085 0.3109715 3.069376 -0.3502438 0.4574491 3.069376 -0.1005689 0.4305845 3.027267 0.008902685 -0.05439278 3.027267 -0.4446052 0.3109715 3.069376 -0.3502438 -0.1446433 3.069376 -0.4550841 -0.5085689 3.027267 -0.165051 -0.1446433 3.069376 -0.4550841 -0.4326151 3.027267 -0.3141198 -0.05439278 3.027267 -0.4446052 -0.1446433 3.069376 -0.4550841 0.2632018 3.105687 -0.2351435 0.1662321 3.08176 -0.2739298 -0.00919074 3.105687 -0.3686595 -0.00919074 3.105687 -0.3686595 -0.3287082 3.069376 -0.2018839 -0.3325025 3.105687 -0.2163728 -0.3344051 3.105687 0.1961866 -0.3018735 3.015158 -0.6552654 0.02236225 3.010329 -0.7655893 -0.3078561 3.043503 -0.8747656 0.388595 3.011722 -0.5965849 0.4360037 3.043701 -0.778598 -0.3078561 3.043503 -0.8747656 0.02236225 3.010329 -0.7655893 0.4360037 3.043701 -0.778598 0.6465152 3.009362 -0.3547475 0.8094242 3.043701 -0.2942689 0.7236859 3.009426 0.1508568 0.8041486 3.035441 0.3505726 0.6718505 3.016819 0.4876763 0.6095476 3.016819 0.4415246 0.4785883 3.016819 0.6574502 0.429013 3.016819 0.5889532 0.225784 3.016819 0.6925031 0.2477959 3.016819 0.7805595 0.0005035256 3.016819 0.7281839 0 3.016819 0.8198516 -0.2458346 3.016819 0.7833037 -0.5339661 3.016446 0.5529523 -0.3018735 3.015158 -0.6552654 -0.668707 3.028839 -0.5472914 -0.6091133 3.01564 -0.4808051 -0.8256326 3.039516 -0.1467916 -0.8256326 3.039516 -0.1467916 -0.7415913 3.005466 0.3634129 -0.6323361 3.035441 0.598177 -0.8256326 3.039516 -0.1467916 -0.668707 3.028839 -0.5472914 -0.7011481 3.009894 0.1001851 -0.5963707 3.025874 0.1961863 -0.627839 3.025874 9.689716E-05 -0.5105553 3.025874 0.3665395 -0.7011481 3.009894 0.1001851 -0.6091133 3.01564 -0.4808051 -0.3018735 3.015158 -0.6552654 -0.5339661 3.016446 0.5529523 -0.3721972 3.025874 0.4981434 -0.4063752 3.025874 0.5522567 -0.2079096 3.025874 0.6399769 -0.1842065 3.025874 0.5671232 0 3.025874 0.6696236 0 3.025874 0.5897329 0 3.025874 0.5897329 0.2908545 3.009938 0.6059479 0.7236859 3.009426 0.1508568 0.5371983 3.038406 0.1548649 0.6465152 3.009362 -0.3547475 0.5371983 3.038406 0.1548649 0.388595 3.011722 -0.5965849 -0.3287082 3.069376 -0.2018839 -0.1446433 3.069376 -0.4550841 -0.4522744 3.065854 -0.05179498 0.2632493 3.074271 -0.3052824 0.3109715 3.069376 -0.3502438 -0.3287082 3.069376 -0.2018839 0.1662321 3.08176 -0.2739298 -0.1446433 3.069376 -0.4550841 -0.5085689 3.027267 -0.165051 -0.4522744 3.065854 -0.05179498 -0.2899215 3.069376 0.2574129 -0.3502437 3.069376 0.3109711 -0.3502437 3.069376 0.3109711 -0.07314076 3.069376 0.4617931 0.09038426 3.069376 0.3876154 -0.2899215 3.069376 0.2574129 -0.07314076 3.069376 0.4617931 0.3331016 3.069376 0.2957512 0.378146 3.069376 0.065625 0.4574491 3.069376 -0.1005689 0.3109715 3.069376 -0.3502438 0.2632493 3.074271 -0.3052824 0.4013798 3.094007 0.0124334 0.1662321 3.08176 -0.2739298 0.3530208 3.094882 0.02031685 0.1437218 3.105687 0.3732085 0.2836823 3.105687 0.2061067 0.3530208 3.094882 0.02031685 0.3320532 0.07824957 0.1126787 0.300197 0.06480978 -0.1503329 0.3500708 0.07719535 0.177197 0.300197 0.06480978 -0.1503329 0.2949721 0.06202844 -0.2592069 -0.07204323 0.06908474 -0.36579 0.005633569 0.0517453 -0.4337333 0.357498 0.08242071 0.004643372 0.300197 0.06480978 -0.1503329 0.3320532 0.07824957 0.1126787 0.300197 0.06480978 -0.1503329 0.3427557 0.08242071 -0.1059 0.2894529 0.08242071 -0.2074942 0.2151516 0.08242071 -0.2849695 0.1177256 0.08242071 -0.3405318 -0.07204323 0.06908474 -0.36579 0.9170919 0.01428843 -0.2979814 0.7363294 0.01428843 -0.5349746 0.8093212 0.01428843 -0.5816704 0.9170919 0.01428843 -0.2979814 0.8146384 0.01462007 -0.2637446 0.8642351 0.01459563 0.0008345518 0.9642875 0.01428843 0 0.9170928 0.01428843 0.2979812 0.8120947 0.0146265 0.2648313 0.6334603 0.01428843 0.7134592 0.5578604 0.01457682 0.6577672 0.2979814 0.01428843 0.9170921 0.2680957 0.01457787 0.8276601 -0.0006529276 0.01452839 0.8861246 0 0.01428843 0.9642878 -0.2979814 0.01428843 0.9170921 -0.2725816 0.01454747 0.8366414 -0.52383 0.0145154 0.7199398 -0.5667945 0.01428843 0.7801252 -0.7801252 0.01428843 0.566794 -0.7054809 0.01457345 0.5116044 -0.8345168 0.01455569 0.2703872 -0.9406897 0.01804906 0.1489905 -0.8694677 0.02210081 -0.0007913298 -0.9170919 0.02875674 -0.2979814 -0.8263754 0.0290488 -0.2693404 -0.7801252 0.04158521 -0.5667945 -0.7061595 0.04242027 -0.5144575 0.5371983 3.038406 0.1548649 0.388595 3.011722 -0.5965849 0.3519681 3.03917 -0.4443531 0.4268509 3.043802 0.310502 0.3503821 3.049244 0.4824527 0.3101254 3.043802 0.4272277 0.1842065 3.049244 0.5671232 0.1630422 3.043802 0.50217 0 3.049244 0.5897329 0.0001487479 3.043802 0.5310805 -0.1662202 3.043802 0.5149828 -0.1842065 3.049244 0.5671232 -0.3260044 3.043802 0.4539039 -0.3721972 3.049244 0.4981434 -0.4506166 3.043802 0.3261193 -0.5105553 3.049244 0.3665395 -0.5335659 3.043802 0.1757885 -0.5963707 3.049244 0.1961863 -0.5696177 3.043802 8.082327E-06 -0.627839 3.049244 9.689716E-05 0.003453159 0.08467221 -0.6390696 0.003456378 0.06200421 -0.6392032 -0.2214382 0.0642776 -0.6872778 -0.3651437 0.08121812 -0.5081583 -0.3652136 0.05855966 -0.5082401 -0.5092593 0.9011849 0.7598171 -0.161726 1.124041 0.9181665 -0.5808249 0.9824384 0.7468481 -0.5092593 0.9011849 0.7598171 -0.9112304 0.8462356 0.165072 -0.9116386 0.74727 0.1666461 -0.2458346 3.031041 0.7833037 -0.5339661 3.016446 0.5529523 -0.6323361 3.035441 0.598177 -0.6323361 3.035441 0.598177 0 3.035441 0.8861585 0 3.031041 0.8198516 0.2477959 3.031041 0.7805595 0.2740751 3.035441 0.8427495 0.4785883 3.031041 0.6574502 0.5253464 3.035441 0.7167708 0.6718505 3.031041 0.4876763 0.8041486 3.035441 0.3505726 0.5371983 3.038406 0.1548649 0.3519681 3.03917 -0.4443531 0.4305845 3.027267 0.008902685 -0.05439278 3.027267 -0.4446052 -0.05354887 3.03567 -0.6014692 0.4305845 3.027267 0.008902685 -0.05354887 3.03567 -0.6014692 -0.3382234 3.027267 -0.4643868 -0.4326151 3.027267 -0.3141198 -0.05439278 3.027267 -0.4446052 -0.4655249 3.027267 -0.3378927 -0.5085689 3.027267 -0.165051 -0.5452189 3.027267 -0.1763031 -0.473378 3.027267 0.0001932613 -0.4522744 3.065854 -0.05179498 -0.5696177 3.027267 8.114286E-06 -0.5452189 3.027267 -0.1763031 0.5576332 0.04158521 -0.7675159 0.8093212 0.01428843 -0.5816704 0.7363294 0.04158521 -0.5349746 0.8093212 0.01428843 -0.5816704 0.4360037 3.043701 -0.778598 0.2885002 0.04158521 -0.887912 -0.111743 0.04158521 -0.9465895 0.3620928 2.991585 0.8582675 -0.4323879 2.995548 0.8486087 0.6334603 0.01428843 0.7134592 0.3620928 2.991585 0.8582675 0.8742904 2.991585 0.3819852 0.9170928 0.01428843 0.2979812 0.9642875 0.01428843 0 -0.4323879 2.995548 0.8486087 0.2979814 0.01428843 0.9170921 0 0.01428843 0.9642878 0.8794715 1.714844 -0.06878461 0.7925097 2.991585 -0.5170476 0.9170919 0.01428843 -0.2979814 0.8093212 0.01428843 -0.5816704 0.7925097 2.991585 -0.5170476 0.8093212 0.01428843 -0.5816704 -0.3992419 1.714844 0.7835552 -0.8742898 3.00457 0.381985 -0.2979814 0.01428843 0.9170921 -0.5667945 0.01428843 0.7801252 -0.8742898 3.00457 0.381985 -0.7801252 0.01428843 0.566794 -0.9406897 0.01804906 0.1489905 -0.9318405 3.019505 -0.2048622 -0.9170919 0.02875674 -0.2979814 -0.7801252 0.04158521 -0.5667945 -0.6218328 1.714844 -0.6218331 -0.3078561 3.043503 -0.8747656 -0.5667945 0.04158521 -0.7801254 -0.111743 0.04158521 -0.9465895 -0.3078561 3.043503 -0.8747656 -0.111743 0.04158521 -0.9465895 0 3.105687 -0.3138657 -0.00919074 3.105687 -0.3686595 -0.1011394 3.107822 -0.3193096 0.08939406 3.105687 -0.2751278 0.170038 3.105687 -0.2340377 0.2632018 3.105687 -0.2351435 0.2350548 3.105687 -0.168456 0.3512865 3.105687 -0.02555468 0.2756062 3.105687 -0.08757506 0.2892864 3.105687 0 0.3512865 3.105687 -0.02555468 0.275128 3.105687 0.08939406 0.3512865 3.105687 -0.02555468 0.2340377 3.105687 0.170038 0.2836823 3.105687 0.2061067 0.170038 3.105687 0.2340373 -0.127319 3.105687 0.3918483 0.1437218 3.105687 0.3732085 0.08939406 3.105687 0.2751274 0 3.105687 0.289286 -0.08939406 3.105687 0.2751274 -0.127319 3.105687 0.3918483 -0.170038 3.105687 0.2340373 -0.127319 3.105687 0.3918483 -0.3344051 3.105687 0.1961866 -0.3177715 3.104371 -0.03643645 -0.2340377 3.105687 0.170038 -0.1011394 3.107822 -0.3193096 -0.3325025 3.105687 -0.2163728 -0.3344051 3.105687 0.1961866 -0.2848619 3.097556 0.02793571 -0.3177715 3.104371 -0.03643645 -0.2759924 3.09638 -0.1931957 -0.1609634 3.089125 -0.2488897 -0.1011394 3.107822 -0.3193096 -0.2611567 0.08242071 0.2865538 -0.4119789 0.08242071 -0.005351477 -0.2863354 0.08242071 0.2024048 -0.2097737 0.08242071 0.2809807 -0.2611567 0.08242071 0.2865538 -0.2350548 0.08242071 0.1684555 -0.2756062 0.07654929 0.08757529 -0.4119789 0.08242071 -0.005351477 -0.1714946 0.08242071 0.2328468 -0.2891788 0.07338166 -0.001878086 -0.3506203 0.07786965 -0.004554399 -0.1957931 0.07550973 -0.1805524 -0.3256684 0.07643794 -0.1248161 -0.07204323 0.06908474 -0.36579 -0.1126787 0.08242071 0.3320523 -0.2611567 0.08242071 0.2865538 0.08887091 0.08242071 0.399338 -0.09114685 0.08242071 0.274445 -0.00455394 0.08242071 0.3506205 -0.001877856 0.08242071 0.2891788 0.104016 0.08242071 0.334867 0.08887091 0.08242071 0.399338 0.08757506 0.08242071 0.2756058 0.2024057 0.08242071 0.2863347 0.3500708 0.07719535 0.177197 0.1684553 0.08242071 0.2350544 0.3500708 0.07719535 0.177197 0.2328468 0.08242071 0.1714944 0.3320532 0.07824957 0.1126787 0.2744457 0.08242071 0.09114707 0.357498 0.08242071 0.004643372 0.2891788 0.08242071 0.001877856 0.3427557 0.08242071 -0.1059 0.2756062 0.08242071 -0.08757506 0.2894529 0.08242071 -0.2074942 0.2350548 0.08242071 -0.168456 0.2151516 0.08242071 -0.2849695 0.1714937 0.08242071 -0.2328471 0.1177256 0.08242071 -0.3405318 0.09282607 0.08253431 -0.2736951 0.004076659 0.08699143 -0.3138393 -0.07204323 0.06908474 -0.36579 0.1716366 0.9493349 -0.9245739 0.1208911 0.9432983 -0.9332628 0.1257696 0.9512691 -0.95961 0.07083614 0.9535916 -0.9419533 0.07530315 1.059345 -0.9419639 0.1260486 1.065381 -0.9332751 0.1302376 1.057022 -0.9596224 0.1761036 1.055088 -0.9245846 -0.8099737 1.821758 -0.449831 -0.8331923 1.810789 -0.4048022 -0.8571806 1.818825 -0.4166969 -0.8568897 1.816139 -0.3590114 -0.859991 1.921826 -0.3540747 -0.8367724 1.932795 -0.3991035 -0.8602839 1.924512 -0.4117613 -0.8130751 1.927445 -0.4448941 -0.9283041 0.7482028 -0.1095909 -0.9369929 0.7389783 -0.05932702 -0.9633402 0.7472409 -0.06369321 -0.9456835 0.7460948 -0.008722618 -0.8241474 1.84926 -0.3717985 -0.6909835 1.906784 -0.6759087 -0.8351151 1.920445 -0.3722615 -0.6991553 1.867907 -0.6818637 -0.6107001 3.049244 -0.1984287 -0.507081 3.049244 -0.368223 -0.7011481 3.009894 0.1001851 -0.3018735 3.015158 -0.6552654 -0.4522744 3.065854 -0.05179498 -0.4502092 3.027267 0.146475 -0.3502437 3.069376 0.3109711 -0.3829705 3.027267 0.2784376 0.3519681 3.03917 -0.4443531 0.388595 3.011722 -0.5965849 -0.05354887 3.03567 -0.6014692 0.02236225 3.010329 -0.7655893 -0.6323361 3.035441 0.598177 -0.7011481 3.009894 0.1001851 -0.8256326 3.039516 -0.1467916 -0.6091133 3.01564 -0.4808051 -0.006126483 0.09156215 -0.2461298 0.06097608 0.1067314 -0.2205019 -0.00932307 3.114828 -0.2460293 0.06085469 3.130615 -0.2202669 -0.1323971 0.04611027 0.3901617 -0.2464847 0.04611027 0.3301526 -0.2611567 0.08242071 0.2865538 -0.3364435 0.04611027 0.2378259 -0.2611567 0.08242071 0.2865538 -0.005351247 0.04611027 0.4119789 -0.2611567 0.08242071 0.2865538 0.08887091 0.08242071 0.399338 -0.3934689 0.04611027 0.1222191 -0.2611567 0.08242071 0.2865538 -0.4119789 0.08242071 -0.005351477 -0.4119789 0.04611027 -0.005351477 0.1222188 0.04611003 0.3934689 0.08887091 0.08242071 0.399338 0.2378256 0.04611027 0.3364432 0.3500708 0.07719535 0.177197 0.3601571 0.04610991 0.1894411 0.3500708 0.07719535 0.177197 0.4119789 0.0461098 0.005351017 0.3500708 0.07719535 0.177197 0.2949721 0.06202844 -0.2592069 0.3934689 0.0461098 -0.1222193 0.3364435 0.0461098 -0.2378261 0.2464847 0.0461098 -0.3301528 0.1323971 0.0461098 -0.3901619 0.005633569 0.0517453 -0.4337333 -0.4119789 0.08242071 -0.005351477 -0.3714089 0.08242071 -0.1680502 -0.3901619 0.04611027 -0.1323981 -0.3301524 0.04611027 -0.2464847 -0.07204323 0.06908474 -0.36579 -0.2378256 0.04611027 -0.3364437 0.09168206 0.1071416 -0.2741728 0.08939406 3.105687 -0.2751278 0.06097608 0.1067314 -0.2205019 0.06085469 3.130615 -0.2202669 0.3280161 0.04492426 -0.4447567 0.3280995 0.05912471 -0.4448372 0.5625048 0.0645917 -0.3415408 0.1733923 0.05912411 -0.5206978 0.09633918 0.9837224 -0.9139546 0.430414 1.010676 -0.879425 0.09987932 1.055027 -0.923495 0.4300692 0.971815 -0.8895939 -0.972004 0.7160923 0.2574589 -0.9184233 0.8280269 -0.05666085 -0.9806751 0.7926915 0.2720312 -0.9288974 0.7904414 -0.06621848 0.8518898 1.336059 -0.2919246 0.7034204 1.400925 -0.5898356 0.2365985 1.206891 -0.8704056 0.8424745 1.436499 0.2317567 0.7460713 1.306371 0.4918885 0.3884887 1.297733 0.8128595 0.2312599 1.143574 0.900008 -0.1598061 1.123618 0.9084616 -0.5036328 0.9019858 0.7519305 -0.902123 0.7493413 0.1648538 -0.9017148 0.848307 0.1632794 -0.5036328 0.9019858 0.7519305 -0.5747287 0.9833958 0.7390506 -0.9116386 0.74727 0.1666461 -0.902123 0.7493413 0.1648538 -0.5092593 0.9011849 0.7598171 -0.5036328 0.9019858 0.7519305 0.1566267 0.04540753 -0.4674201 0.004157355 0.04908299 -0.5727565 0.1733923 0.05912411 -0.5206978 0.1733923 0.05912411 -0.5206978 0.3280161 0.04492426 -0.4447567 0.2464847 0.0461098 -0.3301528 0.5625048 0.0645917 -0.3415408 0.1323971 0.0461098 -0.3901619 0.3364435 0.0461098 -0.2378261 0.005633569 0.0517453 -0.4337333 0.5038295 0.04501116 -0.1593037 0.004157355 0.04908299 -0.5727565 0.3934689 0.0461098 -0.1222193 -0.1651543 0.04492474 -0.5184861 0.5304852 0.04500473 0.00416755 -0.07204323 0.06908474 -0.36579 0.4119789 0.0461098 0.005351017 -0.2378256 0.04611027 -0.3364437 0.5007225 0.04501283 0.1670999 -0.3240268 0.0449245 -0.4527033 0.3601571 0.04610991 0.1894411 -0.4286791 0.04514337 -0.3167027 0.4231292 0.04501843 0.3126185 -0.3301524 0.04611027 -0.2464847 0.2378256 0.04611027 0.3364432 -0.3901619 0.04611027 -0.1323981 0.3105825 0.044994 0.4345195 -0.5044647 0.04500103 -0.1682816 0.1604436 0.0450002 0.5072417 -0.4119789 0.04611027 -0.005351477 0.1222188 0.04611003 0.3934689 -0.5318564 0.04500079 -0.004156564 -0.004120341 0.04498744 0.5362211 -0.3934689 0.04611027 0.1222191 -0.005351247 0.04611027 0.4119789 -0.5090384 0.04499459 0.1610441 -0.1691303 0.04499245 0.5071545 -0.3364435 0.04611027 0.2378259 -0.1323971 0.04611027 0.3901617 -0.4331439 0.04499924 0.3095651 -0.3191583 0.0449841 0.43229 -0.2464847 0.04611027 0.3301526 -0.9456941 0.8519193 -0.006512187 -0.9440567 0.860288 -0.01583821 -0.9633526 0.8530654 -0.06148374 -0.9299538 0.861999 -0.09771374 -0.9283148 0.8540273 -0.1073804 -0.8035432 1.873544 -0.4097425 -0.3616336 1.97601 -0.8298501 -0.3007357 1.879426 -0.8390397 0.2157426 1.995451 -0.8659878 0.6143741 1.894264 -0.6528853 0.793378 1.989525 -0.5091318 0.9083699 1.870219 -0.07325713 0.903152 1.960124 0.08583896 0.7033724 1.823201 0.5439254 0.5454661 1.902352 0.7031574 0.08815782 1.759625 0.8988069 -0.2564663 1.840467 0.8392393 -0.4915793 1.734774 0.7365149 -0.8548511 1.857489 0.2486949 -0.8820791 1.762118 0.1938855 -0.8035432 1.873544 -0.4097425 -0.1398988 1.984519 -0.8486657 -0.2974111 1.879493 -0.829853 0.6078284 1.89433 -0.6456921 0.7690795 1.990001 -0.5180465 0.8984438 1.870287 -0.07277465 0.8932974 1.960192 0.08472252 0.6956493 1.823269 0.5379371 0.53947 1.902418 0.6954452 0.08718305 1.759691 0.8889377 -0.2536538 1.840532 0.8300296 -0.4861808 1.73484 0.7284272 -0.8454701 1.857556 0.2459699 -0.8454403 1.790378 -0.08302694 -0.7709579 1.928656 -0.452679 -0.2974111 1.879493 -0.829853 -0.1398988 1.984519 -0.8486657 -0.1165026 1.021346 -0.9091187 -0.7463329 1.08645 -0.4980846 -0.7546476 0.987016 -0.5036339 -0.9107081 1.075733 0.08931106 -0.9036906 0.9726828 0.1986734 -0.6842828 1.056636 0.6075549 -0.5126538 0.9511296 0.7536188 0.1201177 1.038267 0.862685 0.4144628 0.9356369 0.7770923 0.8401163 1.028533 0.289404 0.894041 0.9297319 -0.1067322 0.6764393 1.03668 -0.6093656 0.4193258 0.9490751 -0.8229733 -0.1165026 1.021346 -0.9091187 -0.8742898 3.00457 0.381985 -0.7415913 3.005466 0.3634129 -0.9318405 3.019505 -0.2048622 -0.668707 3.028839 -0.5472914 -0.3078561 3.043503 -0.8747656 -0.006126483 0.09156215 -0.2461298 -0.00932307 3.114828 -0.2460293 -0.1609634 3.089125 -0.2488897 -0.1957931 0.07550973 -0.1805524 -0.2848619 3.097556 0.02793571 -0.2891788 0.07338166 -0.001878086 -0.2756062 0.07654929 0.08757529 -0.2340377 3.105687 0.170038 -0.2350548 0.08242071 0.1684555 -0.170038 3.105687 0.2340373 -0.1714946 0.08242071 0.2328468 -0.08939406 3.105687 0.2751274 -0.09114685 0.08242071 0.274445 0 3.105687 0.289286 -0.001877856 0.08242071 0.2891788 0.08939406 3.105687 0.2751274 0.08757506 0.08242071 0.2756058 0.170038 3.105687 0.2340373 0.1684553 0.08242071 0.2350544 0.2340377 3.105687 0.170038 0.2328468 0.08242071 0.1714944 0.275128 3.105687 0.08939406 0.2744457 0.08242071 0.09114707 0.2892864 3.105687 0 0.2891788 0.08242071 0.001877856 0.2756062 3.105687 -0.08757506 0.2756062 0.08242071 -0.08757506 0.2350548 3.105687 -0.168456 0.2350548 0.08242071 -0.168456 0.170038 3.105687 -0.2340377 0.1714937 0.08242071 -0.2328471 0.09282607 0.08253431 -0.2736951 0.09168206 0.1071416 -0.2741728 0.08939406 3.105687 -0.2751278 -0.3506203 0.07786965 -0.004554399 -0.4119789 0.08242071 -0.005351477 -0.3256684 0.07643794 -0.1248161 -0.3714089 0.08242071 -0.1680502 -0.07204323 0.06908474 -0.36579 0.7363294 0.04158521 -0.5349746 0.7363294 0.01428843 -0.5349746 0.8146384 0.01462007 -0.2637446 0.8146384 0.04191685 -0.2637446 0.8642351 0.01459563 0.0008345518 0.8642351 0.04189241 0.0008345518 0.8120947 0.0146265 0.2648313 0.8120947 0.04192328 0.2648313 0.5578604 0.01457682 0.6577672 0.6849799 0.04194415 0.4988723 0.5154872 0.04185021 0.7107321 0.2680957 0.01457787 0.8276601 0.2680957 0.04187477 0.8276601 -0.0006529276 0.01452839 0.8861246 -0.0006529276 0.04182518 0.8861246 -0.2725816 0.01454747 0.8366414 -0.2725816 0.04184425 0.8366414 -0.52383 0.0145154 0.7199398 -0.52383 0.0418123 0.7199398 -0.7054809 0.01457345 0.5116044 -0.7054809 0.04187024 0.5116044 -0.8345168 0.01455569 0.2703872 -0.8345168 0.04185247 0.2703872 -0.8694677 0.02210081 -0.0007913298 -0.8694677 0.04187632 -0.0007913298 -0.8263754 0.0290488 -0.2693404 -0.8263754 0.04187727 -0.2693404 -0.7061595 0.04242027 -0.5144575 -0.05354887 3.03567 -0.6014692 -0.3018735 3.015158 -0.6552654 -0.3382234 3.043802 -0.4643869 -0.507081 3.049244 -0.368223 -0.4655249 3.043802 -0.3378928 -0.5452189 3.043802 -0.1763031 -0.6107001 3.049244 -0.1984287 -0.627839 3.049244 9.689716E-05 -0.5696177 3.043802 8.082327E-06 -0.3651437 0.08121812 -0.5081583 -0.3652136 0.05855966 -0.5082401 -0.4757791 0.05888271 -0.3502422 -0.4756756 0.0815413 -0.3501961 -0.559106 0.05867255 -0.185421 -0.558986 0.08133113 -0.1853978 -0.5605687 0.05893677 -0.003873074 -0.5890372 0.08133078 -0.003586599 -0.5605687 0.05893677 -0.003873074 -0.5642756 0.05866289 0.1796135 -0.5641643 0.0813216 0.1795634 -0.4793606 0.05866981 0.3438636 -0.4792691 0.08132839 0.3437842 -0.3538826 0.05864739 0.4811133 -0.3538233 0.08130598 0.4810089 -0.1866775 0.05865979 0.5630772 -0.1866518 0.08131838 0.5629592 -0.003517992 0.0586524 0.595604 -0.003532706 0.08131099 0.5954837 0.1787256 0.05867136 0.5616224 0.1786764 0.08133006 0.5615106 0.3453727 0.05866206 0.4813906 0.3452869 0.08132064 0.4813013 0.4675879 0.05869818 0.3442274 0.4674784 0.08135688 0.344164 0.5535814 0.05868995 0.1836802 0.5534593 0.08134866 0.1836525 0.5871361 0.05867803 0.003589292 0.5870122 0.08133674 0.003603045 0.5565851 0.05868757 -0.1770398 0.5564708 0.08134615 -0.1769927 0.5625048 0.0645917 -0.3415408 -0.4786791 0.04279721 -0.6612839 -0.4787734 0.062801 -0.6614022 -0.6055899 0.06341231 -0.4427423 -0.605445 0.04340863 -0.4426802 -0.7097033 0.06301475 -0.2326923 -0.7095345 0.04301107 -0.23266 -0.7470999 0.06301403 -0.002001778 -0.746928 0.04301047 -0.002012779 -0.7165383 0.06299663 0.2307658 -0.7163806 0.04299295 0.2306999 -0.606766 0.0630095 0.4383793 -0.6066331 0.04300594 0.4382719 -0.4496303 0.06296706 0.6156781 -0.4495425 0.0429635 0.6155341 -0.2350737 0.06299055 0.7172151 -0.2350328 0.04298687 0.7170504 -0.001894869 0.0629766 0.7592922 -0.001911422 0.04297292 0.7591231 0.2290868 0.06301272 0.7115198 0.2290221 0.04300916 0.7113607 0.4412321 0.06299484 0.6106047 0.4411146 0.04299128 0.6104777 0.5900897 0.0630635 0.4313618 0.5899382 0.04305995 0.4312694 0.7124367 0.05679032 0.1609997 0.7430968 0.04302204 0.002044301 0.5625048 0.0645917 -0.3415408 0.7018268 0.04303992 -0.2258366 0.6292187 0.04279709 -0.4553825 0.5625048 0.0645917 -0.3415408 0.4743741 0.06280088 -0.6505026 0.4742912 0.04279709 -0.6503669 0.2468662 0.06279933 -0.7548003 0.2466875 0.04279709 -0.7545882 0.001417588 0.06430864 -0.8224018 0.00150886 0.04430664 -0.8221772 -0.2214382 0.0642776 -0.6872778 0.6444551 0.0804702 -0.2065581 0.5625048 0.0645917 -0.3415408 0.6816649 0.06360006 0.002675902 0.6814908 0.08045566 0.002659532 0.6417652 0.06361842 0.2113896 0.6416032 0.08047402 0.2113186 0.5417418 0.06363106 0.3969982 0.5416036 0.08048666 0.3968892 0.4033814 0.06357515 0.5596384 0.4032917 0.08043075 0.5594922 0.2091934 0.06358969 0.6523812 0.2091509 0.08044517 0.6522153 -0.00256527 0.06356025 0.6947038 -0.002551475 0.08041584 0.6945351 -0.2160004 0.06357169 0.656388 -0.2159369 0.08042717 0.6562311 -0.4118759 0.06355262 0.562563 -0.4117623 0.0804081 0.5624374 -0.5565094 0.06358707 0.4010669 -0.5563627 0.08044267 0.4009779 -0.6564681 0.06357658 0.2105544 -0.6563011 0.08043206 0.2105165 -0.6847808 0.06359076 -0.002648912 -0.6846088 0.08044624 -0.002633961 -0.6502758 0.06359136 -0.2140469 -0.6501135 0.08044684 -0.2140057 -0.5543429 0.06391501 -0.4062723 -0.5542256 0.08077049 -0.406177 -0.4339421 0.06341743 -0.6009766 -0.4338671 0.08027279 -0.6008457 -0.5696177 3.043802 8.082327E-06 -0.5696177 3.027267 8.114286E-06 -0.5452189 3.027267 -0.1763031 -0.5452189 3.043802 -0.1763031 -0.4655249 3.027267 -0.3378927 -0.4655249 3.043802 -0.3378928 -0.3382234 3.027267 -0.4643868 -0.3382234 3.043802 -0.4643869 -0.05354887 3.03567 -0.6014692 -0.9116386 0.74727 0.1666461 -0.9112304 0.8462356 0.165072 -0.8781798 0.7805976 -0.3229173 -0.8221813 0.913561 -0.4340293 -0.4183129 0.9771157 -0.8354439 -0.4443679 1.072762 -0.8243962 0.08266075 1.231891 -0.9177709 0.34107 1.202417 -0.8541667 0.34107 1.202417 -0.8541667 0.08266075 1.231891 -0.9177709 0.7110744 1.402408 -0.5961514 0.860765 1.338104 -0.2949844 0.8438169 1.43665 0.2450886 0.3924446 1.300109 0.8216183 0.7537771 1.308851 0.4971851 0.233171 1.145269 0.9096044 -0.161726 1.124041 0.9181665 -0.5092593 0.9011849 0.7598171 -0.9017148 0.848307 0.1632794 -0.902123 0.7493413 0.1648538 -0.8690066 0.7825376 -0.3195306 -0.6032092 1.004027 -0.6467229 -0.4135211 0.9773896 -0.826785 0.2365985 1.206891 -0.8704056 0.8518898 1.336059 -0.2919246 0.2365985 1.206891 -0.8704056 0.860765 1.338104 -0.2949844 0.34107 1.202417 -0.8541667 0.7537771 1.308851 0.4971851 0.8518898 1.336059 -0.2919246 0.7460713 1.306371 0.4918885 0.7460713 1.306371 0.4918885 0.233171 1.145269 0.9096044 0.2312599 1.143574 0.900008 -0.5092593 0.9011849 0.7598171 -0.5036328 0.9019858 0.7519305 0.2365985 1.206891 -0.8704056 -0.4135211 0.9773896 -0.826785 -0.4183129 0.9771157 -0.8354439 -0.8781798 0.7805976 -0.3229173 -0.8690066 0.7825376 -0.3195306 -0.902123 0.7493413 0.1648538 -0.9116386 0.74727 0.1666461 -0.9225528 0.7330651 -0.05328804 -0.9021726 0.8671103 -0.06196729 -0.948186 0.863165 0.008173725 -0.9269612 0.8713963 -0.1148919 -0.9225528 0.7330651 -0.05328804 -0.07297578 0.9710943 -0.9320658 -0.1624566 1.073672 -0.9057208 0.5783337 0.9707801 -0.7086783 -0.7626911 0.9880493 -0.5090005 -0.7543766 1.087484 -0.5034506 -0.934823 1.079706 2.721345E-05 -0.9133174 0.9737152 0.200822 -0.8475619 1.067201 0.3703437 -0.5180987 0.9521639 0.7616668 -0.3082311 1.046069 0.8574115 0.2008023 0.9390857 0.9133205 0.370322 1.036026 0.8475697 0.6992869 0.9335796 0.6208652 0.8491728 1.029575 0.2925194 0.9227414 0.9300268 0.004700902 0.7989671 1.032848 -0.5331005 0.5783337 0.9707801 -0.7086783 0.4268509 3.027267 0.310502 0.5371983 3.038406 0.1548649 0.4305845 3.027267 0.008902685 0.2782446 3.027267 0.383164 0.3101254 3.027267 0.4272277 0.1462815 3.027267 0.4504022 0.1630422 3.027267 0.50217 0.1462815 3.027267 0.4504022 0 3.027267 0.473571 0.0001487479 3.027267 0.5310805 -0.1462815 3.027267 0.4504022 -0.1662202 3.027267 0.5149828 -0.1462815 3.027267 0.4504022 -0.2782446 3.027267 0.3831638 -0.3260044 3.027267 0.453904 -0.2782446 3.027267 0.3831638 -0.4506166 3.027267 0.3261192 -0.3829705 3.027267 0.2784376 -0.3829705 3.027267 0.2784376 -0.4502092 3.027267 0.146475 -0.5335659 3.027267 0.1757885 -0.4502092 3.027267 0.146475 -0.473378 3.027267 0.0001932613 -0.5696177 3.027267 8.114286E-06 0.06085469 3.130615 -0.2202669 0.0782198 3.128642 -0.27997 -0.00932307 3.114828 -0.2460293 -0.1609634 3.089125 -0.2488897 -0.1011394 3.107822 -0.3193096 -0.2782446 3.027267 0.3831638 -0.1462815 3.027267 0.4504022 -0.07314076 3.069376 0.4617931 -0.3502437 3.069376 0.3109711 -0.3829705 3.027267 0.2784376 0.06097608 0.1067314 -0.2205019 -0.006126483 0.09156215 -0.2461298 0.09168206 0.1071416 -0.2741728 0.004076659 0.08699143 -0.3138393 -0.1957931 0.07550973 -0.1805524 0.5038295 0.04501116 -0.1593037 0.5625048 0.0645917 -0.3415408 0.5039515 0.05921161 -0.1593284 0.5306091 0.05920517 0.004183399 0.5304852 0.04500473 0.00416755 0.5008368 0.05921328 0.1671539 0.5007225 0.04501283 0.1670999 0.4232235 0.05921888 0.3127002 0.4231292 0.04501843 0.3126185 0.310642 0.05919445 0.4346263 0.3105825 0.044994 0.4345195 0.1604694 0.05920076 0.5073607 0.1604436 0.0450002 0.5072417 -0.004135055 0.05918801 0.5363407 -0.004120341 0.04498744 0.5362211 -0.1691795 0.05919302 0.5072643 -0.1691303 0.04499245 0.5071545 -0.319242 0.05918455 0.4323772 -0.3191583 0.0449841 0.43229 -0.4332501 0.05919981 0.309625 -0.4331439 0.04499924 0.3095651 -0.5091584 0.05919516 0.1610671 -0.5090384 0.04499459 0.1610441 -0.5605687 0.05893677 -0.003873074 -0.5318564 0.04500079 -0.004156564 -0.5605687 0.05893677 -0.003873074 -0.5045751 0.05920172 -0.168319 -0.5044647 0.04500103 -0.1682816 -0.4287587 0.05934405 -0.3167758 -0.4286791 0.04514337 -0.3167027 -0.3240741 0.05912519 -0.4527997 -0.3240268 0.0449245 -0.4527033 -0.1654302 0.05912197 -0.5186083 -0.1651543 0.04492474 -0.5184861 0.004157355 0.04908299 -0.5727565 0.004160804 0.06327415 -0.5728901 0.3669062 0.08121777 -0.499422 0.5625048 0.0645917 -0.3415408 0.3669621 0.0585593 -0.499521 0.1930953 0.05855572 -0.5829378 0.1928125 0.08121777 -0.5828023 0.003456378 0.06200421 -0.6392032 0.003453159 0.08467221 -0.6390696 0.00227628 0.08254981 -0.7499052 -0.2214382 0.0642776 -0.6872778 0.002389623 0.06569242 -0.7501361 0.2255278 0.06341672 -0.6869531 0.2254232 0.08027256 -0.6867848 0.4320203 0.0634172 -0.5909039 0.4319065 0.08027256 -0.5907894 0.5625048 0.0645917 -0.3415408 0.4268509 3.043802 0.310502 0.5371983 3.038406 0.1548649 0.4268509 3.027267 0.310502 0.3101254 3.027267 0.4272277 0.3101254 3.043802 0.4272277 0.1630422 3.027267 0.50217 0.1630422 3.043802 0.50217 0.0001487479 3.027267 0.5310805 0.0001487479 3.043802 0.5310805 -0.1662202 3.027267 0.5149828 -0.1662202 3.043802 0.5149828 -0.3260044 3.027267 0.453904 -0.3260044 3.043802 0.4539039 -0.4506166 3.027267 0.3261192 -0.4506166 3.043802 0.3261193 -0.5335659 3.027267 0.1757885 -0.5335659 3.043802 0.1757885 -0.5696177 3.027267 8.114286E-06 -0.5696177 3.043802 8.082327E-06 -0.2458346 3.031041 0.7833037 -0.2458346 3.016819 0.7833037 -0.5339661 3.016446 0.5529523 0 3.031041 0.8198516 0 3.016819 0.8198516 0.2477959 3.031041 0.7805595 0.2477959 3.016819 0.7805595 0.4785883 3.031041 0.6574502 0.4785883 3.016819 0.6574502 0.6718505 3.031041 0.4876763 0.6718505 3.016819 0.4876763 0.8041486 3.035441 0.3505726 -0.428005 3.000267 0.588953 -0.4063752 3.000267 0.5522566 -0.5339661 3.016446 0.5529523 -0.2079096 3.000267 0.6399769 -0.2247769 3.000267 0.692503 0.0005035256 3.000267 0.7281839 0 3.000267 0.6696236 0.2908545 3.009938 0.6059479 -0.4063752 3.025874 0.5522567 -0.5339661 3.016446 0.5529523 -0.4063752 3.000267 0.5522566 -0.2079096 3.000267 0.6399769 -0.2079096 3.025874 0.6399769 0 3.000267 0.6696236 0 3.025874 0.6696236 0.2908545 3.009938 0.6059479 -0.5339661 3.016446 0.5529523 -0.2247769 3.000267 0.692503 -0.428005 3.000267 0.588953 0.0005035256 3.016819 0.7281839 0.0005035256 3.000267 0.7281839 0.225784 3.016819 0.6925031 0.2908545 3.009938 0.6059479 0.429013 3.016819 0.5889532 0.6095476 3.016819 0.4415246 0.7236859 3.009426 0.1508568 0.1806215 0.9734995 -0.9067612 0.05713484 1.018396 -0.9108706 0.0622443 0.9367306 -0.9433087 0.06135559 1.071494 -0.9444559 0.1846954 1.071949 -0.9232311 0.1806215 0.9734995 -0.9067612 -0.8312166 1.800765 -0.3778147 -0.8021413 1.939406 -0.3933738 -0.8670499 1.932554 -0.340531 -0.8144312 1.952462 -0.442521 -0.8017018 1.853253 -0.4661543 -0.8312166 1.800765 -0.3778147 0.894041 0.9297319 -0.1067322 0.4193258 0.9490751 -0.8229733 0.5783337 0.9707801 -0.7086783 -0.1165026 1.021346 -0.9091187 0.5783337 0.9707801 -0.7086783 -0.07297578 0.9710943 -0.9320658 0.5783337 0.9707801 -0.7086783 0.9227414 0.9300268 0.004700902 0.6992869 0.9335796 0.6208652 0.4144628 0.9356369 0.7770923 0.2008023 0.9390857 0.9133205 -0.5180987 0.9521639 0.7616668 -0.5126538 0.9511296 0.7536188 -0.9133174 0.9737152 0.200822 -0.9036906 0.9726828 0.1986734 -0.7626911 0.9880493 -0.5090005 -0.7546476 0.987016 -0.5036339 -0.1165026 1.021346 -0.9091187 0.3503821 3.049244 0.4824527 0.2908545 3.009938 0.6059479 0.5371983 3.038406 0.1548649 0.1842065 3.049244 0.5671232 0 3.049244 0.5897329 0 3.025874 0.5897329 -0.7011481 3.009894 0.1001851 -0.627839 3.025874 9.689716E-05 -0.6107001 3.049244 -0.1984287 -0.627839 3.049244 9.689716E-05 -0.5963707 3.049244 0.1961863 -0.5963707 3.025874 0.1961863 -0.5105553 3.049244 0.3665395 -0.5105553 3.025874 0.3665395 -0.3721972 3.049244 0.4981434 -0.3721972 3.025874 0.4981434 -0.1842065 3.025874 0.5671232 -0.1842065 3.049244 0.5671232 0 3.049244 0.5897329 0 3.025874 0.5897329 -0.5808249 0.9824384 0.7468481 -0.161726 1.124041 0.9181665 -0.1598061 1.123618 0.9084616 -0.5747287 0.9833958 0.7390506 -0.9017148 0.848307 0.1632794 -0.9112304 0.8462356 0.165072 -0.5808249 0.9824384 0.7468481 -0.161726 1.124041 0.9181665 0.3924446 1.300109 0.8216183 0.3884887 1.297733 0.8128595 0.8424745 1.436499 0.2317567 0.8438169 1.43665 0.2450886 0.7034204 1.400925 -0.5898356 0.7110744 1.402408 -0.5961514 0.08266075 1.231891 -0.9177709 0.2365985 1.206891 -0.8704056 -0.4443679 1.072762 -0.8243962 -0.6032092 1.004027 -0.6467229 -0.8221813 0.913561 -0.4340293 -0.9017148 0.848307 0.1632794 -0.7709579 1.928656 -0.452679 -0.8035432 1.873544 -0.4097425 -0.8548511 1.857489 0.2486949 -0.8454701 1.857556 0.2459699 -0.2564663 1.840467 0.8392393 -0.2536538 1.840532 0.8300296 0.5454661 1.902352 0.7031574 0.53947 1.902418 0.6954452 0.903152 1.960124 0.08583896 0.8932974 1.960192 0.08472252 0.793378 1.989525 -0.5091318 0.7690795 1.990001 -0.5180465 0.2157426 1.995451 -0.8659878 -0.1398988 1.984519 -0.8486657 -0.3616336 1.97601 -0.8298501 -0.8035432 1.873544 -0.4097425 -0.7801252 0.04158521 -0.5667945 -0.5667945 0.04158521 -0.7801254 -0.7061595 0.04242027 -0.5144575 -0.4786791 0.04279721 -0.6612839 -0.605445 0.04340863 -0.4426802 -0.111743 0.04158521 -0.9465895 -0.2214382 0.0642776 -0.6872778 0.00150886 0.04430664 -0.8221772 0.2885002 0.04158521 -0.887912 0.2466875 0.04279709 -0.7545882 0.4742912 0.04279709 -0.6503669 0.5576332 0.04158521 -0.7675159 0.7363294 0.04158521 -0.5349746 0.6292187 0.04279709 -0.4553825 0.8146384 0.04191685 -0.2637446 0.7018268 0.04303992 -0.2258366 0.7430968 0.04302204 0.002044301 0.8642351 0.04189241 0.0008345518 0.8120947 0.04192328 0.2648313 0.7124367 0.05679032 0.1609997 0.6849799 0.04194415 0.4988723 0.5899382 0.04305995 0.4312694 0.4411146 0.04299128 0.6104777 0.5154872 0.04185021 0.7107321 0.2680957 0.04187477 0.8276601 0.2290221 0.04300916 0.7113607 -0.001911422 0.04297292 0.7591231 -0.0006529276 0.04182518 0.8861246 -0.2725816 0.04184425 0.8366414 -0.2350328 0.04298687 0.7170504 -0.4495425 0.0429635 0.6155341 -0.52383 0.0418123 0.7199398 -0.7054809 0.04187024 0.5116044 -0.6066331 0.04300594 0.4382719 -0.7163806 0.04299295 0.2306999 -0.8345168 0.04185247 0.2703872 -0.8694677 0.04187632 -0.0007913298 -0.746928 0.04301047 -0.002012779 -0.8263754 0.04187727 -0.2693404 -0.7095345 0.04301107 -0.23266 -0.7061595 0.04242027 -0.5144575 -0.8454403 1.790378 -0.08302694 -0.8820791 1.762118 0.1938855 -0.8035432 1.873544 -0.4097425 -0.4861808 1.73484 0.7284272 -0.4915793 1.734774 0.7365149 0.08718305 1.759691 0.8889377 0.08815782 1.759625 0.8988069 0.6956493 1.823269 0.5379371 0.7033724 1.823201 0.5439254 0.8984438 1.870287 -0.07277465 0.9083699 1.870219 -0.07325713 0.6078284 1.89433 -0.6456921 0.6143741 1.894264 -0.6528853 -0.2974111 1.879493 -0.829853 -0.3007357 1.879426 -0.8390397 -0.8035432 1.873544 -0.4097425 -0.1165026 1.021346 -0.9091187 0.6764393 1.03668 -0.6093656 -0.1624566 1.073672 -0.9057208 0.5783337 0.9707801 -0.7086783 0.7989671 1.032848 -0.5331005 0.5783337 0.9707801 -0.7086783 0.8401163 1.028533 0.289404 0.8491728 1.029575 0.2925194 0.1201177 1.038267 0.862685 0.370322 1.036026 0.8475697 -0.3082311 1.046069 0.8574115 -0.6842828 1.056636 0.6075549 -0.8475619 1.067201 0.3703437 -0.9107081 1.075733 0.08931106 -0.934823 1.079706 2.721345E-05 -0.7463329 1.08645 -0.4980846 -0.7543766 1.087484 -0.5034506 -0.1165026 1.021346 -0.9091187 0.00227628 0.08254981 -0.7499052 0.003453159 0.08467221 -0.6390696 -0.2214382 0.0642776 -0.6872778 0.2254232 0.08027256 -0.6867848 0.1928125 0.08121777 -0.5828023 0.3669062 0.08121777 -0.499422 0.4319065 0.08027256 -0.5907894 0.5625048 0.0645917 -0.3415408 -0.4338671 0.08027279 -0.6008457 -0.3651437 0.08121812 -0.5081583 -0.5542256 0.08077049 -0.406177 -0.4756756 0.0815413 -0.3501961 -0.558986 0.08133113 -0.1853978 -0.6501135 0.08044684 -0.2140057 -0.5890372 0.08133078 -0.003586599 -0.6846088 0.08044624 -0.002633961 -0.5641643 0.0813216 0.1795634 -0.6563011 0.08043206 0.2105165 -0.4792691 0.08132839 0.3437842 -0.5563627 0.08044267 0.4009779 -0.3538233 0.08130598 0.4810089 -0.4117623 0.0804081 0.5624374 -0.2159369 0.08042717 0.6562311 -0.1866518 0.08131838 0.5629592 -0.003532706 0.08131099 0.5954837 -0.002551475 0.08041584 0.6945351 0.2091509 0.08044517 0.6522153 0.1786764 0.08133006 0.5615106 0.3452869 0.08132064 0.4813013 0.4032917 0.08043075 0.5594922 0.5416036 0.08048666 0.3968892 0.4674784 0.08135688 0.344164 0.5534593 0.08134866 0.1836525 0.6416032 0.08047402 0.2113186 0.5870122 0.08133674 0.003603045 0.6814908 0.08045566 0.002659532 0.6444551 0.0804702 -0.2065581 0.5564708 0.08134615 -0.1769927 -0.5045751 0.05920172 -0.168319 -0.5605687 0.05893677 -0.003873074 -0.559106 0.05867255 -0.185421 -0.4757791 0.05888271 -0.3502422 -0.4287587 0.05934405 -0.3167758 -0.3240741 0.05912519 -0.4527997 -0.3652136 0.05855966 -0.5082401 -0.2214382 0.0642776 -0.6872778 -0.1654302 0.05912197 -0.5186083 0.004160804 0.06327415 -0.5728901 0.003456378 0.06200421 -0.6392032 0.1930953 0.05855572 -0.5829378 0.1733923 0.05912411 -0.5206978 0.3280995 0.05912471 -0.4448372 0.3669621 0.0585593 -0.499521 0.5625048 0.0645917 -0.3415408 0.5039515 0.05921161 -0.1593284 0.5565851 0.05868757 -0.1770398 0.5871361 0.05867803 0.003589292 0.5306091 0.05920517 0.004183399 0.5535814 0.05868995 0.1836802 0.5008368 0.05921328 0.1671539 0.4675879 0.05869818 0.3442274 0.4232235 0.05921888 0.3127002 0.310642 0.05919445 0.4346263 0.3453727 0.05866206 0.4813906 0.1787256 0.05867136 0.5616224 0.1604694 0.05920076 0.5073607 -0.004135055 0.05918801 0.5363407 -0.003517992 0.0586524 0.595604 -0.1866775 0.05865979 0.5630772 -0.1691795 0.05919302 0.5072643 -0.319242 0.05918455 0.4323772 -0.3538826 0.05864739 0.4811133 -0.4793606 0.05866981 0.3438636 -0.4332501 0.05919981 0.309625 -0.5642756 0.05866289 0.1796135 -0.5091584 0.05919516 0.1610671 -0.4787734 0.062801 -0.6614022 -0.2214382 0.0642776 -0.6872778 -0.4339421 0.06341743 -0.6009766 -0.6055899 0.06341231 -0.4427423 -0.5543429 0.06391501 -0.4062723 -0.6502758 0.06359136 -0.2140469 -0.7097033 0.06301475 -0.2326923 -0.6847808 0.06359076 -0.002648912 -0.7470999 0.06301403 -0.002001778 -0.6564681 0.06357658 0.2105544 -0.7165383 0.06299663 0.2307658 -0.606766 0.0630095 0.4383793 -0.5565094 0.06358707 0.4010669 -0.4118759 0.06355262 0.562563 -0.4496303 0.06296706 0.6156781 -0.2350737 0.06299055 0.7172151 -0.2160004 0.06357169 0.656388 -0.00256527 0.06356025 0.6947038 -0.001894869 0.0629766 0.7592922 0.2290868 0.06301272 0.7115198 0.2091934 0.06358969 0.6523812 0.4033814 0.06357515 0.5596384 0.4412321 0.06299484 0.6106047 0.5900897 0.0630635 0.4313618 0.5417418 0.06363106 0.3969982 0.6417652 0.06361842 0.2113896 0.7124367 0.05679032 0.1609997 0.6816649 0.06360006 0.002675902 0.5625048 0.0645917 -0.3415408 0.4743741 0.06280088 -0.6505026 0.4320203 0.0634172 -0.5909039 0.2468662 0.06279933 -0.7548003 0.2255278 0.06341672 -0.6869531 0.002389623 0.06569242 -0.7501361 0.001417588 0.06430864 -0.8224018 -0.9225528 0.7330651 -0.05328804 -0.9369929 0.7389783 -0.05932702 -0.9283041 0.7482028 -0.1095909 -0.9283148 0.8540273 -0.1073804 -0.9456835 0.7460948 -0.008722618 -0.9269612 0.8713963 -0.1148919 -0.9299538 0.861999 -0.09771374 -0.948186 0.863165 0.008173725 -0.9456941 0.8519193 -0.006512187 -0.9440567 0.860288 -0.01583821 0.1806215 0.9734995 -0.9067612 0.1716366 0.9493349 -0.9245739 0.1761036 1.055088 -0.9245846 0.1208911 0.9432983 -0.9332628 0.1846954 1.071949 -0.9232311 0.0622443 0.9367306 -0.9433087 0.1260486 1.065381 -0.9332751 0.07083614 0.9535916 -0.9419533 0.06135559 1.071494 -0.9444559 0.07530315 1.059345 -0.9419639 -0.8312166 1.800765 -0.3778147 -0.8331923 1.810789 -0.4048022 -0.8099737 1.821758 -0.449831 -0.8568897 1.816139 -0.3590114 -0.8017018 1.853253 -0.4661543 -0.8670499 1.932554 -0.340531 -0.8130751 1.927445 -0.4448941 -0.859991 1.921826 -0.3540747 -0.8144312 1.952462 -0.442521 -0.8367724 1.932795 -0.3991035</float_array>
          <technique_common>
            <accessor source="#pCube64__CmFillerObjectCC-position-array" count="3649" stride="3">
              <param name="X" type="float" />
              <param name="Y" type="float" />
              <param name="Z" type="float" />
            </accessor>
          </technique_common>
        </source>
        <source id="pCube64__CmFillerObjectCC-normal">
          <float_array id="pCube64__CmFillerObjectCC-normal-array" count="10947">-0.4129159 -0.001956947 0.9119374 -0.4129159 -0.001956947 0.9119374 -0.4129159 -0.001956947 0.9119374 -0.5401174 0.003913894 -0.8414873 0.8317025 0.05283757 -0.5518591 -0.5381604 0 -0.8414873 0.2935421 -0.009784736 -0.9549902 0.2935421 -0.009784736 -0.9549902 0.2935421 -0.009784736 -0.9549902 0.592955 -0.1565558 0.7906067 0.592955 -0.1565558 0.7906067 0.592955 -0.1565558 0.7906067 -0.6888454 0.1624266 -0.7064579 -0.6888454 0.1624266 -0.7064579 -0.6888454 0.1624266 -0.7064579 -0.04305284 -1 0 -0.04305284 -1 0 -0.04305284 -1 0 -0.04305284 -1 0 0.04305284 1 0 0.04305284 1 0 0.04305284 1 0 0.04305284 1 0 0.02935421 -0.9980431 -0.04696673 0.02935421 -0.9980431 -0.04696673 0.02935421 -0.9980431 -0.04696673 0.02935421 -0.9980431 -0.04696673 -0.02935421 0.9980431 0.04696673 -0.02935421 0.9980431 0.04696673 -0.02935421 0.9980431 0.04696673 -0.02935421 0.9980431 0.04696673 0 -1 -0.02152642 0 -1 -0.02152642 0 -1 -0.02152642 0 -1 -0.02152642 0 1 0.02152642 0 1 0.02152642 0 1 0.02152642 0 1 0.02152642 -0.9158513 -0.003913894 -0.4011742 -0.9158513 -0.003913894 -0.4011742 -0.9158513 -0.003913894 -0.4011742 -0.9158513 -0.003913894 -0.4011742 0.9158513 0.003913894 0.4011742 0.9158513 0.003913894 0.4011742 0.9158513 0.003913894 0.4011742 0.9158513 0.003913894 0.4011742 0.4011742 0.05675147 -0.9138943 0.4011742 0.05675147 -0.9138943 0.4011742 0.05675147 -0.9138943 0.4011742 0.05675147 -0.9138943 0.02544031 -0.9980431 -0.04892368 0.02544031 -0.9980431 -0.04892368 0.02544031 -0.9980431 -0.04892368 0.02544031 -0.9980431 -0.04892368 -0.4011742 -0.05675147 0.9138943 -0.4011742 -0.05675147 0.9138943 -0.4011742 -0.05675147 0.9138943 -0.4011742 -0.05675147 0.9138943 -0.02544031 0.9980431 0.04892368 -0.02544031 0.9980431 0.04892368 -0.02544031 0.9980431 0.04892368 -0.02544031 0.9980431 0.04892368 -0.260274 0 0.964775 -0.3502935 0 0.9373777 -0.2759295 0 0.960861 -0.3502935 0 0.9373777 -0.9471624 0 -0.3209393 -0.9471624 0 -0.3209393 -0.9863014 0 -0.1682975 -0.8845401 0 -0.4657534 0.1017613 0.001956947 -0.9941292 0.1017613 0.001956947 -0.9941292 0.1017613 0.001956947 -0.9941292 0.1017613 0.001956947 -0.9941292 -0.1017613 -0.001956947 0.9941292 -0.1017613 -0.001956947 0.9941292 -0.1017613 -0.001956947 0.9941292 -0.1017613 -0.001956947 0.9941292 0.9941292 -0.03522505 0.1017613 0.9941292 -0.03522505 0.1017613 0.9941292 -0.03522505 0.1017613 0.9941292 -0.03522505 0.1017613 -0.03522505 -1 -0.005870841 -0.03522505 -1 -0.005870841 -0.03522505 -1 -0.005870841 -0.03522505 -1 -0.005870841 -0.9941292 0.03522505 -0.1017613 -0.9941292 0.03522505 -0.1017613 -0.9941292 0.03522505 -0.1017613 -0.9941292 0.03522505 -0.1017613 0.03522505 1 0.005870841 0.03522505 1 0.005870841 0.03522505 1 0.005870841 0.03522505 1 0.005870841 -0.9882583 0.04696673 -0.1506849 -0.9882583 0.04696673 -0.1506849 -0.9882583 0.04696673 -0.1506849 -0.9882583 0.04696673 -0.1506849 0.9882583 -0.04696673 0.1506849 0.9882583 -0.04696673 0.1506849 0.9882583 -0.04696673 0.1506849 0.9882583 -0.04696673 0.1506849 0.1585127 0.2015656 -0.9667319 0.1585127 0.2015656 -0.9667319 0.1585127 0.2015656 -0.9667319 0.1585127 0.2015656 -0.9667319 -0.01565558 -0.9784736 -0.2074364 -0.01565558 -0.9784736 -0.2074364 -0.01565558 -0.9784736 -0.2074364 -0.01565558 -0.9784736 -0.2074364 -0.1585127 -0.2015656 0.9667319 -0.1585127 -0.2015656 0.9667319 -0.1585127 -0.2015656 0.9667319 -0.1585127 -0.2015656 0.9667319 0.01565558 0.9784736 0.2074364 0.01565558 0.9784736 0.2074364 0.01565558 0.9784736 0.2074364 0.01565558 0.9784736 0.2074364 0.1037182 -0.9941292 0.02544031 0.1037182 -0.9941292 0.02544031 -0.1878669 -0.9823875 -0.02544031 -0.1878669 -0.9823875 -0.02544031 -0.9804305 -0.111546 -0.1682975 -0.9804305 -0.111546 -0.1682975 -0.9667319 0.1937378 -0.1682975 -0.9667319 0.1937378 -0.1682975 -0.1037182 0.9941292 -0.02544031 -0.1037182 0.9941292 -0.02544031 0.1878669 0.9823875 0.02544031 0.1878669 0.9823875 0.02544031 0.9804305 0.111546 0.1682975 0.9804305 0.111546 0.1682975 0.9667319 -0.1937378 0.1682975 0.9667319 -0.1937378 0.1682975 0.1037182 -0.9941292 0.02544031 0.1037182 -0.9941292 0.02544031 0.7240704 -0.03131115 -0.6908023 0.7240704 -0.03131115 -0.6908023 0.1702544 -0.007827789 -0.9863014 0.1702544 -0.007827789 -0.9863014 -0.4500979 0.01956947 -0.8923679 -0.4500979 0.01956947 -0.8923679 0.09589041 -0.9784736 -0.1780822 0.09589041 -0.9784736 -0.1780822 -0.03913894 -0.9960861 0.08414873 -0.03913894 -0.9960861 0.08610567 -0.4481409 -0.2074364 0.8688846 -0.4481409 -0.2074364 0.8688846 -0.4579256 0.09784736 0.8845401 -0.4579256 0.09784736 0.8845401 -0.09589041 0.9784736 0.1780822 -0.09589041 0.9784736 0.1780822 0.03913894 0.9960861 -0.08610567 0.03913894 0.9960861 -0.08414873 0.4481409 0.2074364 -0.8688846 0.4481409 0.2074364 -0.8688846 0.4579256 -0.09784736 -0.8845401 0.4579256 -0.09784736 -0.8845401 0.09589041 -0.9784736 -0.1780822 0.09589041 -0.9784736 -0.1780822 -0.4403131 0.02935421 -0.8982387 -0.4403131 0.02935421 -0.8982387 -0.888454 -0.003913894 -0.4598826 -0.888454 -0.003913894 -0.4598826 -0.9863014 -0.037182 0.1604697 -0.9863014 -0.037182 0.1604697 0.02544031 -0.9863014 -0.1663405 0.02544031 -0.9863014 -0.1663405 -0.02544031 -0.9921722 0.1252446 -0.02544031 -0.9921722 0.1252446 -0.1682975 -0.1741683 0.9706458 -0.1682975 -0.1741683 0.9706458 -0.1682975 0.1330724 0.9765166 -0.1682975 0.1330724 0.9765166 -0.02544031 0.9863014 0.1663405 -0.02544031 0.9863014 0.1663405 0.02544031 0.9921722 -0.1252446 0.02544031 0.9921722 -0.1252446 0.1682975 0.1741683 -0.9706458 0.1682975 0.1741683 -0.9706458 0.1682975 -0.1330724 -0.9765166 0.1682975 -0.1330724 -0.9765166 0.02544031 -0.9863014 -0.1663405 0.02544031 -0.9863014 -0.1663405 -0.6908023 0.01565558 -0.7240704 -0.6908023 0.01565558 -0.7240704 -0.9863014 0.003913894 -0.1702544 -0.9863014 0.003913894 -0.1702544 -0.8923679 -0.009784736 0.4520548 -0.8923679 -0.009784736 0.4520548 -0.81409 -0.007827789 -0.5792564 -0.8043053 -0.007827789 -0.5949119 -0.5949119 -0.007827789 -0.8043053 -0.5831702 -0.007827789 -0.8121331 -0.3170255 -0.005870841 -0.9491194 -0.3072407 -0.005870841 -0.9510763 -0.005870841 -0.005870841 -1 0 -0.005870841 -1 0.3072407 -0.005870841 -0.9510763 0.3072407 -0.005870841 -0.9510763 0.553816 -0.005870841 -0.8336595 0.553816 -0.005870841 -0.8317025 0.7964775 -0.005870841 -0.6027398 0.8023483 -0.005870841 -0.5949119 0.9686888 -0.005870841 -0.2504892 0.9686888 -0.005870841 -0.2446184 1 -0.005870841 0.01369863 1 -0.005870841 0.02544031 0.9510763 -0.005870841 0.3091977 0.9471624 -0.005870841 0.3228963 0.81409 -0.005870841 0.5792564 0.8043053 -0.005870841 0.592955 0.5968689 -0.005870841 0.8023483 0.5812133 -0.005870841 0.81409 0.3189824 -0.005870841 0.9471624 0.3013699 -0.005870841 0.9530333 0.007827789 -0.005870841 1 -0.005870841 -0.005870841 1 -0.3052838 -0.005870841 0.9530333 -0.3131115 -0.005870841 0.9491194 -0.5870842 -0.005870841 0.8082192 -0.5870842 -0.005870841 0.8082192 -0.8062623 -0.005870841 0.5909981 -0.8121331 -0.005870841 0.5851272 -0.9491194 -0.005870841 0.3150685 -0.9530333 -0.005870841 0.3013699 -1 -0.005870841 0.009784736 -1 -0.005870841 -0.009784736 -0.9549902 -0.007827789 -0.2994129 -0.9471624 -0.007827789 -0.3189824 -0.81409 -0.007827789 -0.5792564 -0.8043053 -0.007827789 -0.5949119 0.3150685 0.1037182 -0.9432485 0.3072407 0.1037182 -0.9452055 0.555773 0.1037182 -0.8238748 0.5616438 0.1037182 -0.8219178 0.8043053 0.1076321 -0.5851272 0.8082192 0.1076321 -0.5792564 0.962818 0.1037182 -0.2485323 0.962818 0.1037182 -0.2485323 0.9941292 0.1037182 0 0.9941292 0.1037182 0 0.9471624 0.1037182 0.3072407 0.9452055 0.1037182 0.3072407 0.8062623 0.1037182 0.5831702 0.8043053 0.1037182 0.5851272 0.5851272 0.1037182 0.8043053 0.5851272 0.1037182 0.8043053 0.3091977 0.1037182 0.9452055 0.3072407 0.1037182 0.9452055 0.001956947 0.1037182 0.9941292 0 0.1037182 0.9941292 -0.3033268 0.1037182 0.9471624 -0.3072407 0.1037182 0.9452055 -0.5812133 0.1037182 0.8082192 -0.5851272 0.1037182 0.8043053 -0.8003914 0.1037182 0.5890411 -0.8043053 0.1037182 0.5851272 -0.9432485 0.1037182 0.3131115 -0.9452055 0.1037182 0.3072407 -0.9941292 0.1037182 0.005870841 -0.9941292 0.1037182 0 -0.9471624 0.1037182 -0.3033268 -0.9452055 0.1037182 -0.3072407 -0.8043053 0.1037182 -0.5851272 -0.8043053 0.1037182 -0.5851272 -0.5772994 0.1037182 -0.8101761 -0.5753425 0.1037182 -0.8121331 -0.3072407 0.1037182 -0.9452055 -0.3013699 0.1037182 -0.9471624 -0.009784736 0.1037182 -0.9941292 -0.001956947 0.1037182 -0.9941292 0.3072407 0.1037182 -0.9452055 0.3150685 0.1037182 -0.9432485 0.001956947 -0.1037182 0.9941292 0.01174168 -0.1037182 0.9941292 0.3013699 -0.1037182 0.9471624 0.3072407 -0.1037182 0.9452055 0.5753425 -0.1037182 0.8121331 0.5772994 -0.1037182 0.8101761 0.8043053 -0.1037182 0.5851272 0.8043053 -0.1037182 0.5851272 0.9452055 -0.1037182 0.3072407 0.9471624 -0.1037182 0.3033268 0.9941292 -0.1037182 0 0.9941292 -0.1037182 -0.005870841 0.9452055 -0.1037182 -0.3072407 0.9432485 -0.1037182 -0.3131115 0.8043053 -0.1037182 -0.5851272 0.8003914 -0.1037182 -0.5890411 0.5851272 -0.1037182 -0.8043053 0.5812133 -0.1037182 -0.8082192 0.3072407 -0.1037182 -0.9452055 0.3033268 -0.1037182 -0.9471624 0 -0.1037182 -0.9941292 -0.001956947 -0.1037182 -0.9941292 -0.3072407 -0.1037182 -0.9452055 -0.3091977 -0.1037182 -0.9452055 -0.5851272 -0.1037182 -0.8043053 -0.5851272 -0.1037182 -0.8043053 -0.8043053 -0.1037182 -0.5851272 -0.8062623 -0.1037182 -0.5831702 -0.9452055 -0.1037182 -0.3072407 -0.9471624 -0.1037182 -0.3072407 -0.9941292 -0.1037182 0 -0.9941292 -0.1037182 0 -0.962818 -0.1037182 0.2465753 -0.962818 -0.1037182 0.2485323 -0.8082192 -0.1076321 0.5792564 -0.8043053 -0.1076321 0.5851272 -0.5616438 -0.1037182 0.8219178 -0.555773 -0.1037182 0.8238748 -0.3150685 -0.1037182 0.9432485 -0.3072407 -0.1037182 0.9452055 0.001956947 -0.1037182 0.9941292 0.01174168 -0.1037182 0.9941292 0.9569471 0 0.2876712 0.890411 0 0.4540117 0.9589041 0 0.2857143 1 0 0.001956947 1 0 -0.001956947 0.9412916 0 -0.3365949 0.9412916 0 -0.3405088 0.8023483 0 -0.5988258 0.8003914 0 -0.5988258 0.592955 0 -0.8062623 0.5890411 0 -0.8082192 0.3913894 0 -0.9197652 0.3894325 0 -0.9217221 0.1252446 0 -0.9921722 0.1193738 0 -0.9921722 -0.1937378 0 -0.9804305 -0.1956947 0 -0.9804305 -0.5342466 0 -0.8454012 -0.5342466 0 -0.8454012 -0.8082192 0 -0.5870842 -0.8082192 0 -0.5870842 -0.9510763 0 -0.3091977 -0.9510763 0 -0.3091977 -1 0 0 -1 0 0 -0.9510763 0 0.3091977 -0.9510763 0 0.3091977 -0.8082192 0 0.5870842 -0.8082192 0 0.5870842 -0.5870842 0 0.8082192 -0.5870842 0 0.8082192 -0.3091977 0 0.9510763 -0.3091977 0 0.9510763 0 -0.009784736 1 0 -0.009784736 1 0.2837573 -0.037182 0.9589041 0.332681 -0.04305284 0.9412916 0.5968689 -0.03131115 0.8023483 0.5968689 -0.03131115 0.8023483 0.8023483 0 0.5949119 0.8003914 0 0.5988258 0.9452055 0 0.3268102 0.9471624 0 0.3228963 1 0 0.01761252 1 0 0.01369863 0.9569471 0 -0.2935421 0.9549902 0 -0.295499 0.816047 0 -0.5772994 0.816047 0 -0.5792564 0.6066536 0 -0.7945206 0.6046967 0 -0.7964775 0.4129159 0 -0.9099804 0.4129159 0 -0.9099804 0.3131115 0 -0.9491194 0.5870842 -0.0332681 -0.8101761 0.8630137 0 -0.5068493 0.7495108 -0.037182 -0.6614481 0.962818 0 -0.2720157 0.962818 0 -0.2720157 1 0 -0.007827789 1 0 -0.005870841 0.9530333 0 0.3013699 0.9530333 0 0.3013699 0.8101761 -0.01565558 0.5851272 0.8101761 -0.01565558 0.5851272 0.592955 -0.02739726 0.8043053 0.5812133 -0.02739726 0.81409 0.3072407 -0.009784736 0.9510763 0.3072407 -0.009784736 0.9510763 0 0 1 0 0 1 -0.3013699 0 0.9530333 -0.3013699 0 0.9530333 -0.5753425 0 0.8180039 -0.5772994 0 0.816047 -0.8043053 0 0.592955 -0.8043053 0 0.592955 -0.9452055 0 0.3248532 -0.9471624 0 0.3228963 -0.9980431 0.01761252 0.04109589 -1 0.01761252 0.037182 -0.9569471 0.09001957 -0.2720157 -0.9589041 0.08806262 -0.2661448 -0.8825831 0.1585127 -0.444227 -0.8825831 0.1585127 -0.444227 -0.1722113 0.9843444 -0.05283757 -0.1722113 0.9843444 -0.05283757 -0.1330724 0.9902152 -0.02348337 -0.1252446 0.9921722 -0.01761252 -0.09589041 0.9902152 0.09393346 -0.0998043 0.9882583 0.1154599 0.3268102 0 -0.9452055 0.05283757 0 -0.9980431 0.334638 0 -0.9432485 0.3972603 0 -0.9178082 0.3972603 0 -0.9178082 -0.09589041 0.9902152 0.09393346 -0.0998043 0.9882583 0.1154599 -0.003913894 0.9882583 0.146771 0.04305284 0.9921722 0.111546 0.05479452 0.9980431 0.02739726 0.05675147 0.9980431 0.02935421 0 1 -0.003913894 0 1 -0.003913894 -0.001956947 1 -0.02348337 -0.001956947 1 -0.02348337 -0.01565558 0.9980431 -0.04109589 -0.01565558 0.9980431 -0.04109589 -0.01369863 1 -0.02739726 -0.005870841 1 -0.01174168 0 1 0 0 1 0 0 1 0 0 1 0 0 1 0 0 1 0 0 1 0 0 1 0 0 1 0 0 1 0 0 1 0 -0.005870841 1 -0.001956947 -0.005870841 1 -0.001956947 -0.01369863 1 -0.01565558 -0.01369863 1 -0.01565558 -0.003913894 1 -0.02348337 0 1 -0.02348337 0.005870841 1 -0.009784736 0.003913894 1 -0.007827789 0 1 0 0 1 0 0 1 0 0 1 0 0 1 0 0 1 0 0 1 0 0 1 0 0 1 0 0 1 0 0 1 0 0 1 0 0 1 0 0.009784736 1 -0.01761252 0 1 0 0 1 0 0 1 0 0.01565558 1 -0.03131115 0.01761252 0.9980431 -0.04500978 0 1 0 0.01761252 0.9980431 -0.04500978 0 1 0 -0.001956947 1 -0.03522505 -0.001956947 1 -0.03522505 -0.005870841 1 -0.02739726 -0.005870841 1 -0.02739726 -0.01174168 1 -0.01565558 -0.01369863 1 -0.01565558 -0.02544031 1 -0.01761252 -0.02544031 1 -0.01761252 -0.0332681 1 -0.009784736 -0.0332681 1 -0.009784736 -0.03913894 1 0.001956947 -0.009784736 1 -0.02348337 -0.02152642 1 0.003913894 -0.01369863 1 -0.01174168 0 1 0 0.003913894 1 -0.03913894 0.01956947 1 -0.02152642 0.01761252 1 -0.01956947 -0.009784736 1 -0.01956947 0 1 0 0 1 0 0 1 0 0 1 0 0 1 0 0 1 0 0 1 0 0 1 0 0 1 0 0 1 0 0 1 0 0 1 0 0 1 0 0 1 0 0 1 0 0 1 0 0 1 0 0 1 0 0 1 0 0 1 0 0 1 0 0 1 0 0 1 0 0 1 0 0 1 0 0 1 0 0 1 0 0 1 0 0 1 0 0 1 0 0 1 0 -0.05283757 0.9980431 0.05088063 0 1 0 0 1 0 -0.09001957 0.9921722 0.08610567 -0.1761252 0.9765166 0.1272016 -0.06066536 0.9980431 0.04696673 -0.9686888 -0.001956947 -0.2485323 -0.890411 -0.001956947 -0.4540117 -0.9706458 -0.001956947 -0.2367906 -1 0 0.009784736 -1 0 0.01369863 -0.9510763 0.001956947 0.3091977 -0.9510763 0.001956947 0.3091977 -0.8101761 0.001956947 0.5870842 -0.8082192 0.001956947 0.5890411 -0.5870842 0.003913894 0.8082192 -0.5870842 0.003913894 0.8082192 -0.3091977 0.003913894 0.9510763 -0.3091977 0.003913894 0.9510763 0 0.003913894 1 0 0.003913894 1 0.3091977 0.003913894 0.9510763 0.3091977 0.003913894 0.9510763 0.5870842 0.003913894 0.8082192 0.5870842 0.003913894 0.8082192 0.8101761 0.001956947 0.5870842 0.8101761 0.001956947 0.5870842 0.9510763 0.001956947 0.3091977 0.9510763 0.001956947 0.3091977 1 0 0 1 0 0 0.9510763 -0.001956947 -0.3091977 0.9510763 -0.001956947 -0.3091977 0.8219178 0.07436399 -0.5655577 0.8219178 0.07632094 -0.5655577 0.6144814 0.1272016 -0.778865 0.5518591 0.1154599 -0.8258317 0.3874756 0.04109589 -0.9197652 0.3874756 0.04109589 -0.9197652 0.148728 -0.003913894 -0.9882583 0.148728 -0.003913894 -0.9882583 -0.2250489 -0.003913894 -0.9745597 -0.2250489 -0.003913894 -0.9745597 -0.5518591 -0.003913894 -0.8336595 -0.5518591 -0.003913894 -0.8336595 -0.7671233 -0.003913894 -0.6418787 -0.7749511 -0.001956947 -0.6320939 -0.890411 -0.001956947 -0.4540117 -0.3248532 0 0.9452055 -0.4246575 0 0.9060665 -0.4246575 0 0.9060665 -0.6144814 0 0.7886497 -0.6164383 0 0.7866927 -0.8238748 0 0.5675147 -0.8238748 0 0.5655577 -0.9589041 0 0.2837573 -0.9589041 0 0.2798434 -1 0 -0.02739726 -1 0 -0.03131115 -0.9412916 0 -0.3365949 -0.9412916 0 -0.3405088 -0.7964775 0 -0.6066536 -0.7925636 0 -0.6086106 -0.5851272 0.03131115 -0.8101761 -0.5851272 0.03131115 -0.8101761 -0.3209393 0.04305284 -0.9452055 -0.2720157 0.037182 -0.960861 0.01369863 0.009784736 -1 0.01369863 0.009784736 -1 0.3209393 0 -0.9471624 0.3209393 0 -0.9471624 0.5988258 0 -0.8003914 0.5988258 0 -0.8003914 0.816047 0 -0.5772994 0.816047 0 -0.5772994 0.9549902 0 -0.297456 0.9549902 0 -0.297456 1 0 0.01369863 1 0 0.01369863 0.9471624 0 0.3209393 0.9471624 0 0.3209393 0.8003914 0 0.5988258 0.8003914 0 0.5988258 0.5244619 0 0.851272 0.5244619 0 0.851272 0.1819961 0 0.9843444 0.183953 0 0.9823875 -0.260274 0 0.964775 -0.2759295 0 0.960861 -0.01956947 0.001956947 1 0.01761252 0.001956947 1 0.5146771 0.003913894 0.8571429 0.5401174 0.003913894 0.8414873 0.8297456 0.001956947 0.5596869 0.8277887 0.001956947 0.5616438 0.9510763 0 0.3111546 0.9491194 0 0.3131115 1 0 0 1 0 0.005870841 0.9510763 0 -0.3111546 0.9530333 0 -0.3013699 0.8082192 0 -0.5870842 0.8121331 0 -0.5831702 0.5890411 0 -0.8082192 0.5909981 0 -0.8062623 0.3131115 0 -0.9491194 0.3131115 0 -0.9491194 0.003913894 0 -1 0.003913894 0 -1 -0.3052838 0 -0.9530333 -0.3052838 0 -0.9530333 -0.5851272 0 -0.8101761 -0.5851272 0 -0.8101761 -0.8062623 0 -0.5909981 -0.8062623 0 -0.5909981 -0.9491194 0 -0.3131115 -0.9491194 0 -0.3131115 -1 0 -0.003913894 -1 0 -0.003913894 -0.9530333 0 0.3052838 -0.9530333 0 0.3052838 -0.8121331 0 0.5831702 -0.8121331 0 0.5831702 -0.6340509 0 0.7729941 -0.6360078 0 0.7710372 -0.4598826 0 0.888454 -0.4246575 -0.001956947 0.9060665 -0.4540117 0 0.890411 0.02544031 -0.9980431 -0.037182 0.02544031 -0.9980431 -0.037182 0.01565558 -1 -0.03131115 0.01565558 -1 -0.03131115 0.001956947 -1 -0.02544031 0.001956947 -1 -0.02544031 0 -1 -0.01369863 0 -1 -0.01369863 0.001956947 -1 -0.001956947 0.001956947 -1 -0.001956947 0.001956947 -1 -0.001956947 0 -1 -0.001956947 0 -1 -0.003913894 0 -1 -0.001956947 0 -1 -0.003913894 0 -1 -0.001956947 -0.001956947 -1 -0.001956947 0 -1 -0.001956947 -0.001956947 -1 -0.001956947 -0.001956947 -1 -0.001956947 -0.001956947 -1 -0.001956947 -0.001956947 -1 -0.001956947 -0.001956947 -1 0 -0.001956947 -1 -0.001956947 -0.003913894 -1 0 -0.001956947 -1 0 -0.001956947 -1 0 -0.001956947 -1 0 0 -1 0 0 -1 0 -0.960861 0 0.2778865 -0.960861 0 0.2778865 -0.9726027 0 0.2328767 -0.9726027 0 0.2328767 -1 0 -0.003913894 -1 0 -0.003913894 -0.9412916 0 -0.3385518 -0.9412916 0 -0.3385518 -0.8317025 0 -0.553816 -0.8317025 0 -0.553816 -0.6183953 0 -0.7847358 -0.6183953 0 -0.7847358 -0.3209393 0 -0.9471624 -0.3209393 0 -0.9471624 -0.01565558 0 -1 -0.01565558 0 -1 0.3033268 0 -0.9530333 0.3033268 0 -0.9530333 0.6007828 0 -0.8003914 0.6007828 0 -0.8003914 0.8219178 0 -0.5694716 0.8219178 0 -0.5694716 0.9471624 0 -0.3189824 0.9491194 0 -0.3170255 1 0 -0.01369863 1 0 -0.01174168 0.9706458 0 0.2367906 0.9706458 0 0.2407045 0.8982387 0 0.4403131 -0.8199608 0.003913894 -0.5733855 -0.8199608 0.003913894 -0.5733855 -0.8571429 0.005870841 -0.5146771 -0.8571429 0.005870841 -0.5146771 -0.9510763 0.005870841 -0.3111546 -0.9510763 0.005870841 -0.3111546 -1 0.005870841 -0.01369863 -1 0.005870841 -0.01369863 -0.9530333 0.005870841 0.3013699 -0.9530333 0.005870841 0.3013699 -0.8199608 0.005870841 0.5714286 -0.8199608 0.005870841 0.5714286 -0.5988258 0.005870841 0.8003914 -0.5988258 0.005870841 0.8003914 -0.3111546 0.005870841 0.9510763 -0.3111546 0.005870841 0.9510763 0.003913894 0.005870841 1 0.003913894 0.005870841 1 0.3111546 0.005870841 0.9510763 0.3111546 0.005870841 0.9510763 0.6007828 0.005870841 0.7984344 0.6007828 0.005870841 0.7984344 0.8199608 0.005870841 0.5733855 0.8199608 0.005870841 0.5733855 0.9432485 0.005870841 0.3307241 0.9432485 0.005870841 0.3307241 1 0.005870841 0.007827789 1 0.005870841 0.007827789 0.964775 0.005870841 -0.260274 0.964775 0.005870841 -0.260274 0.8630137 0.005870841 -0.5068493 0.8630137 0.005870841 -0.5068493 0.6105675 0.005870841 -0.7925636 0.6105675 0.005870841 -0.7925636 0.3600783 0.007827789 -0.9334638 0.3581213 0.007827789 -0.9334638 0.2857143 0.007827789 -0.9589041 0.2857143 0.007827789 -0.9589041 0.8649706 0.007827789 0.5009785 0.8649706 0.007827789 0.5009785 0.8806262 0.007827789 0.4735812 0.8806262 0.007827789 0.4735812 0.9530333 0.007827789 0.3052838 0.9530333 0.007827789 0.3052838 1 0.007827789 0.01565558 1 0.007827789 0.01565558 0.9530333 0.007827789 -0.3033268 0.9530333 0.007827789 -0.3033268 0.8219178 0.007827789 -0.5694716 0.8219178 0.007827789 -0.5694716 0.6007828 0.007827789 -0.8003914 0.6007828 0.007827789 -0.8003914 0.3052838 0.007827789 -0.9530333 0.3052838 0.007827789 -0.9530333 -0.01174168 0.007827789 -1 -0.01174168 0.007827789 -1 -0.3189824 0.007827789 -0.9471624 -0.3189824 0.007827789 -0.9471624 -0.6125244 0.007827789 -0.7906067 -0.6125244 0.007827789 -0.7906067 -0.8277887 0.007827789 -0.5596869 -0.8277887 0.007827789 -0.5596869 -0.9412916 0.007827789 -0.3365949 -0.9412916 0.007827789 -0.3365949 -1 0.007827789 -0.005870841 -1 0.007827789 -0.005870841 -0.9706458 0.007827789 0.2407045 -0.9706458 0.007827789 0.2407045 -0.8806262 0.007827789 0.4716243 -0.8806262 0.007827789 0.4716243 -0.6164383 0.009784736 0.7866927 -0.6164383 0.009784736 0.7866927 -0.3405088 0.01174168 0.9393346 -0.3405088 0.01174168 0.9393346 -0.03522505 0.01174168 1 -0.037182 0.01174168 1 0.3170255 0.009784736 0.9471624 0.3170255 0.009784736 0.9471624 0.4363992 0.007827789 0.9001957 0.4363992 0.007827789 0.9001957 0.4246575 -0.01174168 0.9041096 0.4246575 -0.01174168 0.9041096 0.3248532 -0.01174168 0.9452055 0.3228963 -0.01174168 0.9471624 -0.02739726 -0.01369863 1 -0.02544031 -0.01369863 1 -0.3463796 -0.01174168 0.9373777 -0.3463796 -0.01174168 0.9373777 -0.6144814 -0.009784736 0.7886497 -0.6144814 -0.009784736 0.7886497 -0.8747554 -0.009784736 0.483366 -0.8747554 -0.009784736 0.483366 -0.9686888 -0.009784736 0.2485323 -0.9686888 -0.009784736 0.2485323 -1 -0.009784736 -0.005870841 -1 -0.009784736 -0.005870841 -0.9432485 -0.009784736 -0.334638 -0.9432485 -0.009784736 -0.334638 -0.8258317 -0.009784736 -0.5655577 -0.8258317 -0.009784736 -0.5655577 -0.6086106 -0.009784736 -0.7925636 -0.6086106 -0.009784736 -0.7945206 -0.3150685 -0.009784736 -0.9491194 -0.3150685 -0.009784736 -0.9491194 -0.009784736 -0.009784736 -1 -0.009784736 -0.009784736 -1 0.3072407 -0.009784736 -0.9510763 0.3072407 -0.009784736 -0.9510763 0.5988258 -0.009784736 -0.8003914 0.5988258 -0.009784736 -0.8003914 0.8219178 -0.009784736 -0.5714286 0.8219178 -0.009784736 -0.5714286 0.9530333 -0.009784736 -0.3033268 0.9530333 -0.009784736 -0.3033268 1 -0.009784736 0.01369863 1 -0.009784736 0.01369863 0.9510763 -0.009784736 0.3072407 0.9510763 -0.009784736 0.3072407 0.8727984 -0.007827789 0.4872798 0.8727984 -0.007827789 0.4872798 0.851272 -0.007827789 0.5264188 0.851272 -0.007827789 0.5264188 0.9902152 0 0.1369863 0.9902152 0 0.1369863 0.9549902 0 0.2935421 0.9549902 0 0.2935421 0.8121331 0 0.5831702 0.8121331 0 0.5831702 0.5694716 0 0.8219178 0.5694716 0 0.8219178 0.2661448 0 0.964775 0.2661448 0 0.964775 -0.1135029 0 0.9941292 -0.1135029 0 0.9941292 -0.3737769 0 0.9275929 -0.3737769 0 0.9275929 -0.5870842 0 0.8082192 -0.5870842 0 0.8082192 -0.8336595 0 0.5518591 -0.8336595 0 0.5518591 -0.9510763 0 0.3091977 -0.9510763 0 0.3091977 -1 0 0 -1 0 0 -0.9510763 0 -0.3091977 -0.9510763 0 -0.3091977 -0.8082192 0 -0.5870842 -0.8082192 0 -0.5870842 -0.5870842 0 -0.8082192 -0.5870842 0 -0.8082192 -0.3170255 0 -0.9491194 -0.3170255 0 -0.9491194 -0.03913894 0 -1 -0.03913894 0 -1 0.2309198 0 -0.9726027 0.2309198 0 -0.9726027 0.553816 0 -0.8336595 0.553816 0 -0.8336595 0.8023483 0 -0.5988258 0.8023483 0 -0.5988258 0.9393346 0 -0.3424658 0.9393346 0 -0.3424658 0.9804305 0 -0.2015656 0.9804305 0 -0.2015656 0 1 0 0 1 0 0 1 0 0 1 0 0 1 0 0 1 0 0 1 0 0 1 0 0 1 0 0 1 0 0 1 0 0 1 0 0 1 0 0 1 0 0 1 0 0 1 0 0 1 0 0 1 0 0 1 0 0 1 0 0 1 0 0 1 0 0 1 0 0 1 0 0 1 0 0 1 0 0 1 0 0 1 0 0 1 0 0 1 0 0 1 0 0 1 0 0 1 0 0 1 0 0 1 0 0 1 0 0 1 0 0 1 0 0 1 0 0.06849315 0.9980431 0.01761252 0.06066536 0.9980431 0.01565558 0.1585127 0.9843444 0.0704501 0.1585127 0.9843444 0.0704501 0.1506849 0.9863014 0.06849315 0.148728 0.9863014 0.06849315 0.08219178 0.9960861 0.003913894 0.08219178 0.9960861 0.003913894 0.05479452 0.9980431 -0.01761252 0.05479452 0.9980431 -0.01761252 0.04696673 0.9980431 -0.0332681 0.04696673 0.9980431 -0.03522505 0.037182 0.9980431 -0.04892368 0.03522505 0.9980431 -0.04892368 0.02152642 0.9980431 -0.06066536 0.01956947 0.9980431 -0.06262231 0 0.9980431 -0.0665362 0 0.9980431 -0.0665362 -0.01956947 0.9980431 -0.06066536 -0.01956947 0.9980431 -0.06066536 -0.037182 0.9980431 -0.05283757 -0.037182 0.9980431 -0.05283757 -0.05870841 0.9980431 -0.04500978 -0.05870841 0.9980431 -0.04500978 -0.08219178 0.9960861 -0.01174168 -0.08219178 0.9960861 -0.01174168 -0.08806262 0.9960861 0.01565558 -0.08806262 0.9960861 0.01565558 -0.07632094 0.9960861 0.02152642 -0.07632094 0.9960861 0.02152642 -0.05870841 0.9980431 0.04109589 -0.05870841 0.9980431 0.04109589 -0.04109589 0.9980431 0.05675147 -0.04109589 0.9980431 0.05675147 -0.02544031 0.9980431 0.0665362 -0.02544031 0.9980431 0.0665362 -0.005870841 0.9980431 0.0665362 -0.005870841 0.9980431 0.0665362 0.01565558 0.9980431 0.05870841 0.01565558 0.9980431 0.05870841 0.02739726 0.9980431 0.04305284 0.02739726 0.9980431 0.04305284 -0.009784736 1 0.0332681 -0.009784736 1 0.0332681 -0.04892368 0.9980431 0.03522505 -0.04892368 0.9980431 0.03522505 -0.02152642 1 0.03131115 -0.02152642 1 0.03131115 0.003913894 1 0.01761252 0.003913894 1 0.01761252 0.005870841 1 0.007827789 0.005870841 1 0.007827789 0.01761252 1 0.009784736 0.01761252 1 0.009784736 0.01174168 1 0.005870841 0.01174168 1 0.005870841 0 1 0 0 1 0 0 1 0 0 1 0 0 1 0 0 1 0 0 1 0 0 1 0 0 1 0 0 1 0 0 1 0 0 1 0 0 1 0 0 1 0 0 1 0 0 1 0 0.2622309 0.1996086 -0.9432485 0.2563601 0.1976517 -0.9471624 0.5107632 0.2152642 -0.8336595 0.516634 0.2133072 -0.8297456 0.7690802 0.2113503 -0.6046967 0.776908 0.2133072 -0.592955 0.9315069 0.2465753 -0.2681018 0.9315069 0.2465753 -0.2700587 0.9686888 0.2446184 0.005870841 0.9686888 0.2446184 0.009784736 0.9178082 0.2348337 0.3189824 0.9197652 0.2348337 0.3170255 0.7573385 0.2622309 0.5968689 0.7534246 0.2622309 0.6027398 0.5264188 0.258317 0.8101761 0.5283757 0.258317 0.8082192 0.2641879 0.1937378 0.9452055 0.2622309 0.1937378 0.9452055 -0.001956947 0.1037182 0.9941292 -0.003913894 0.1037182 0.9941292 -0.2720157 0.02152642 0.962818 -0.2720157 0.02152642 0.962818 -0.5596869 -0.03913894 0.8277887 -0.5733855 -0.04109589 0.8180039 -0.7984344 -0.04500978 0.5988258 -0.8101761 -0.04305284 0.5851272 -0.9373777 -0.01174168 0.3483366 -0.9452055 -0.009784736 0.3287671 -1 0.007827789 0.009784736 -1 0.007827789 0.01565558 -0.9491194 -0.0332681 -0.3111546 -0.9373777 -0.04109589 -0.3463796 -0.7906067 -0.0998043 -0.6027398 -0.7827789 -0.1017613 -0.6125244 -0.5851272 -0.0704501 -0.8082192 -0.5792564 -0.06849315 -0.8121331 -0.3033268 0.0332681 -0.9530333 -0.3052838 0.0332681 -0.9510763 -0.02348337 0.1154599 -0.9921722 -0.01761252 0.1174168 -0.9921722 0.2563601 0.1976517 -0.9471624 0.2622309 0.1996086 -0.9432485 -0.1702544 0.007827789 0.9863014 -0.1702544 0.007827789 0.9863014 -0.1702544 0.007827789 0.9863014 -0.1702544 0.007827789 0.9863014 -0.1702544 0.007827789 0.9863014 -0.1702544 0.007827789 0.9863014 -0.1702544 0.007827789 0.9863014 -0.1702544 0.007827789 0.9863014 0.888454 0.003913894 0.4598826 0.888454 0.003913894 0.4598826 0.888454 0.003913894 0.4598826 0.888454 0.003913894 0.4598826 0.888454 0.003913894 0.4598826 0.888454 0.003913894 0.4598826 0.888454 0.003913894 0.4598826 0.888454 0.003913894 0.4598826 0.9863014 -0.003913894 0.1702544 0.9863014 -0.003913894 0.1702544 0.9863014 -0.003913894 0.1702544 0.9863014 -0.003913894 0.1702544 0.9863014 -0.003913894 0.1702544 0.9863014 -0.003913894 0.1702544 0.9863014 -0.003913894 0.1702544 0.9863014 -0.003913894 0.1702544 0 0.005870841 1 0.3072407 0.005870841 0.9510763 0.005870841 0.005870841 1 0.3170255 0.005870841 0.9491194 0.5831702 0.007827789 0.8121331 0.5949119 0.007827789 0.8043053 0.8023483 0.007827789 0.5949119 0.81409 0.007827789 0.5792564 0.9471624 0.007827789 0.3189824 0.9549902 0.007827789 0.2994129 1 0.005870841 0.009784736 1 0.005870841 -0.009784736 0.9530333 0.005870841 -0.3013699 0.9491194 0.005870841 -0.3150685 0.8121331 0.005870841 -0.5851272 0.8062623 0.005870841 -0.5909981 0.5870842 0.005870841 -0.8082192 0.5870842 0.005870841 -0.8082192 0.3131115 0.005870841 -0.9491194 0.3052838 0.005870841 -0.9530333 0.005870841 0.005870841 -1 -0.007827789 0.005870841 -1 -0.3013699 0.005870841 -0.9530333 -0.3189824 0.005870841 -0.9471624 -0.5812133 0.005870841 -0.81409 -0.5968689 0.005870841 -0.8023483 -0.8043053 0.005870841 -0.592955 -0.81409 0.005870841 -0.5792564 -0.9471624 0.005870841 -0.3228963 -0.9510763 0.005870841 -0.3091977 -1 0.005870841 -0.02544031 -1 0.005870841 -0.01369863 -0.9686888 0.005870841 0.2446184 -0.9686888 0.005870841 0.2504892 -0.8023483 0.005870841 0.5968689 -0.7964775 0.005870841 0.6027398 -0.553816 0.005870841 0.8317025 -0.553816 0.005870841 0.8336595 -0.3072407 0.005870841 0.9510763 -0.3072407 0.005870841 0.9510763 0 0.005870841 1 0.005870841 0.005870841 1 0.8786693 0 0.479452 0.8786693 0 0.479452 0.8864971 0 0.4618395 0.8786693 0 0.479452 0.8786693 0 0.479452 0.9706458 0 -0.2426614 0.890411 0 -0.4540117 0.9706458 0 -0.2407045 1 0 0.02348337 1 0 0.02152642 0.9510763 0 0.3111546 0.9510763 0 0.3111546 0.8414873 0 0.5401174 0.8414873 0 0.5420744 0.5342466 0 0.8454012 0.5264188 0 0.851272 0.3209393 0 0.9471624 0 1 0 0 1 0 0 1 0 0 1 0 0 1 0 0 1 0 0 1 0 0 1 0 0 1 0 0 1 0 0 1 0 0 1 0 0 1 0 0 1 0 0 1 0 0 1 0 0 1 0 0 1 0 0 1 0 0 1 0 0 1 0 0 1 0 0 1 0 0 1 0 0 1 0 0 1 0 0 1 0 0 1 0 0 1 0 0 1 0 0 1 0 0 1 0 0 1 0 0 1 0 0 1 0 0 1 0 0 1 0 0 1 0 -0.06066536 0.9980431 0.04696673 0 1 0 0 1 0 -0.01761252 1 0.003913894 -0.1761252 0.9765166 0.1272016 -0.1937378 -0.9804305 -0.007827789 -1 0 0.03522505 -0.037182 -1 -0.01369863 -0.9452055 0 0.3248532 -0.9452055 0 0.3268102 -0.8082192 0 0.5870842 -0.8082192 0 0.5890411 -0.6027398 0 0.7984344 -0.6007828 0 0.8003914 -0.4031311 0 0.9138943 -0.4011742 0 0.9158513 -0.1369863 0 0.9902152 -0.1330724 0 0.9902152 0.1819961 0 0.9843444 0.183953 0 0.9823875 0.183953 -0.9784736 0.09589041 0.1232877 -0.9902152 0.06262231 0.183953 -0.9784736 0.09589041 0.1135029 -0.9921722 0.05675147 0.05283757 -0.9980431 -0.02152642 0.05088063 -0.9980431 -0.02544031 0.003913894 -0.9980431 -0.0704501 0.001956947 -0.9980431 -0.0704501 -0.02935421 -0.9980431 -0.05870841 -0.02935421 -0.9980431 -0.05870841 -0.03131115 -1 -0.007827789 -0.03131115 -1 -0.007827789 -0.05088063 -0.9980431 0.0332681 -0.05088063 -0.9980431 0.0332681 -0.03131115 -0.9980431 0.04109589 -0.02935421 -0.9980431 0.04109589 -0.005870841 -1 0.01761252 -0.001956947 -1 0.02544031 0 -1 0 0 -1 0 0 -1 0 -0.007827789 -1 0.01174168 -0.03913894 -1 0.01956947 0 -1 0 -0.03913894 -1 0.01956947 -0.04696673 -0.9980431 -0.003913894 -0.04696673 -0.9980431 -0.003913894 -0.03913894 -1 -0.01369863 -0.03913894 -1 -0.01369863 -0.04305284 -0.9980431 -0.02544031 -0.04305284 -0.9980431 -0.02544031 -0.009784736 -1 -0.0332681 -0.01369863 -1 -0.03522505 0.01369863 -1 0.01369863 0.01369863 -1 0.02152642 -0.009784736 -1 0.04109589 -0.01565558 -1 0.03913894 -0.01761252 -1 0.01565558 -0.01565558 -1 0.01369863 0 -1 0 0 -1 0 0 -1 0 0 -1 0 0 -1 0 0 -1 0 -0.01369863 -1 -0.01174168 -0.1937378 -0.9804305 -0.007827789 -0.0332681 -1 -0.01369863 -0.037182 -1 -0.01369863 -0.02152642 -1 0.001956947 -0.02348337 -1 0.009784736 0 -1 0 0 -1 0 0 -1 0 -0.02739726 -1 0.01565558 -0.04892368 -0.9980431 0.0332681 0 -1 0 -0.04892368 -0.9980431 0.0332681 0 -1 0 -0.01956947 -0.9980431 0.04109589 -0.01956947 -0.9980431 0.04109589 0.005870841 -1 0.02739726 0.005870841 -1 0.02739726 0.01174168 -1 0.01565558 0.01369863 -1 0.01565558 0.02544031 -1 0.01761252 0.02544031 -1 0.01761252 0.0332681 -1 0.009784736 0.0332681 -1 0.009784736 0.03913894 -1 0.003913894 0.009784736 -1 0.007827789 0.01956947 -1 0.007827789 0 -1 0 0 -1 0 0 -1 0 0 -1 0 0 -1 0 0 -1 0 0.08610567 0.9960861 -0.01565558 0.07827789 0.9960861 -0.02739726 0.08610567 0.9960861 -0.01565558 0.07827789 0.9960861 -0.02739726 0.06262231 0.9960861 -0.04696673 0.06262231 0.9960861 -0.04696673 0.04892368 0.9960861 -0.06849315 0.04500978 0.9960861 -0.07436399 0.02348337 0.9960861 -0.09197652 0.02152642 0.9960861 -0.09393346 -0.001956947 0.9960861 -0.09001957 -0.001956947 0.9960861 -0.09001957 -0.02544031 0.9960861 -0.07827789 -0.02544031 0.9960861 -0.07827789 -0.04696673 0.9960861 -0.06457926 -0.04696673 0.9960861 -0.06457926 -0.06457926 0.9960861 -0.04696673 -0.06457926 0.9960861 -0.04696673 -0.07632094 0.9960861 -0.02544031 -0.07632094 0.9960861 -0.02544031 -0.07827789 0.9960861 0 -0.07827789 0.9960861 0 -0.07436399 0.9960861 0.02348337 -0.07436399 0.9960861 0.02348337 -0.06849315 0.9960861 0.04696673 -0.06849315 0.9960861 0.04696673 -0.05088063 0.9960861 0.0665362 -0.04696673 0.9960861 0.0704501 -0.03131115 0.9960861 0.07632094 -0.03131115 0.9960861 0.07632094 -0.009784736 0.9960861 0.08023483 -0.005870841 0.9960861 0.08023483 0.02544031 0.9960861 0.08610567 0.02544031 0.9960861 0.08610567 0.05870841 0.9941292 0.08219178 0.05870841 0.9941292 0.08219178 0.07827789 0.9960861 0.05870841 0.07827789 0.9960861 0.05870841 0.08219178 0.9960861 0.02544031 0.08219178 0.9960861 0.02739726 0.08610567 0.9960861 0.009784736 0.08610567 0.9960861 0.009784736 0.6634051 -0.007827789 -0.7495108 0.4403131 -0.007827789 -0.8982387 0.6594912 -0.007827789 -0.7514677 0.851272 -0.007827789 -0.5244619 0.851272 -0.007827789 -0.5244619 0.962818 -0.007827789 -0.2681018 0.962818 -0.007827789 -0.2681018 1 -0.007827789 0.009784736 1 -0.007827789 0.009784736 0.9452055 -0.009784736 0.3287671 0.9452055 -0.009784736 0.3287671 0.81409 -0.007827789 0.5792564 0.81409 -0.007827789 0.5792564 0.5949119 -0.007827789 0.8043053 0.5949119 -0.007827789 0.8043053 0.3072407 -0.007827789 0.9510763 0.3072407 -0.007827789 0.9510763 0 -0.007827789 1 0 -0.007827789 1 -0.3131115 -0.007827789 0.9491194 -0.3131115 -0.007827789 0.9491194 -0.5988258 -0.007827789 0.8003914 -0.5988258 -0.007827789 0.8003914 -0.8199608 -0.007827789 0.5733855 -0.8199608 -0.007827789 0.5733855 -0.9530333 -0.007827789 0.2994129 -0.9530333 -0.007827789 0.2994129 -1 -0.007827789 -0.01369863 -1 -0.007827789 -0.01369863 -0.9491194 -0.007827789 -0.3131115 -0.9491194 -0.007827789 -0.3131115 -0.8434442 -0.007827789 -0.5362035 -0.8434442 -0.007827789 -0.5362035 -0.6086106 -0.009784736 -0.7945206 -0.6086106 -0.009784736 -0.7945206 -0.3424658 -0.01174168 -0.9393346 -0.3424658 -0.01174168 -0.9393346 -0.3052838 -0.01174168 -0.9530333 -0.3052838 -0.01174168 -0.9530333 0.5440313 0 0.8395303 0.7064579 0 0.7064579 0.5420744 0 0.8414873 0.2837573 0 0.9589041 0.2837573 0 0.9589041 -0.08219178 0 0.9960861 -0.08219178 0 0.9960861 -0.3600783 0 0.9334638 -0.3600783 0 0.9334638 -0.5831702 0 0.8121331 -0.5831702 0 0.8121331 -0.8180039 0 0.5772994 -0.8180039 0 0.5772994 -0.9549902 0 0.2935421 -0.9549902 0 0.2935421 -1 0 0.02348337 -1 0 0.02348337 -0.9549902 0 -0.2994129 -0.9549902 0 -0.297456 -0.7827789 0 -0.6223092 -0.7827789 0 -0.6223092 -0.5675147 0 -0.8219178 -0.5675147 0 -0.8219178 -0.3209393 0 -0.9471624 -0.3209393 0 -0.9471624 -0.005870841 0 -1 -0.005870841 0 -1 0.3189824 0 -0.9471624 0.3189824 0 -0.9471624 0.5988258 0 -0.8003914 0.5988258 0 -0.8003914 0.8082192 0 -0.5870842 0.8082192 0 -0.5870842 0.9510763 0 -0.3091977 0.9510763 0 -0.3091977 1 -0.02739726 -0.01174168 1 -0.02739726 -0.01174168 0.9491194 -0.1056751 0.2935421 0.9491194 -0.1056751 0.2935421 0.8806262 -0.1585127 0.4481409 0.8806262 -0.1585127 0.4481409 -0.2563601 -0.1976517 0.9471624 0.02348337 -0.1154599 0.9921722 0.01761252 -0.1174168 0.9921722 -0.2622309 -0.1996086 0.9432485 -0.5107632 -0.2152642 0.8336595 -0.516634 -0.2133072 0.8297456 -0.7671233 -0.2113503 0.6046967 -0.7749511 -0.2133072 0.5949119 -0.9315069 -0.2465753 0.2681018 -0.9315069 -0.2465753 0.2700587 -0.9686888 -0.2446184 -0.005870841 -0.9686888 -0.2446184 -0.009784736 -0.9178082 -0.2348337 -0.3189824 -0.9197652 -0.2348337 -0.3170255 -0.7573385 -0.2622309 -0.5968689 -0.7534246 -0.2622309 -0.6027398 -0.5264188 -0.258317 -0.8101761 -0.5283757 -0.258317 -0.8082192 -0.2641879 -0.1937378 -0.9452055 -0.2622309 -0.1937378 -0.9452055 0.001956947 -0.1037182 -0.9941292 0.003913894 -0.1037182 -0.9941292 0.2720157 -0.02152642 -0.962818 0.2720157 -0.02152642 -0.962818 0.5596869 0.03913894 -0.8277887 0.5733855 0.04109589 -0.8180039 0.7984344 0.04500978 -0.5988258 0.8101761 0.04305284 -0.5851272 0.9373777 0.01174168 -0.3483366 0.9452055 0.009784736 -0.3287671 1 -0.007827789 -0.009784736 1 -0.007827789 -0.01565558 0.9491194 0.03131115 0.3111546 0.9373777 0.04109589 0.3463796 0.7906067 0.0998043 0.6027398 0.7827789 0.1017613 0.6144814 0.5831702 0.0704501 0.8082192 0.5792564 0.06849315 0.8121331 0.3033268 -0.0332681 0.9530333 0.3052838 -0.0332681 0.9510763 0.02348337 -0.1154599 0.9921722 0.01761252 -0.1174168 0.9921722 -0.5362035 -0.003913894 -0.8434442 -0.5381604 -0.001956947 -0.8434442 -0.5362035 -0.003913894 -0.8434442 -0.5381604 -0.001956947 -0.8434442 -0.5401174 0.001956947 -0.8414873 0.7925636 0.04500978 -0.6086106 -0.5401174 0.003913894 -0.8414873 0.8317025 0.05283757 -0.5518591 0.964775 0.05088063 -0.2563601 0.964775 0.04305284 -0.2563601 0.9334638 -0.02935421 -0.3542074 0.9334638 -0.06066536 -0.3542074 0.964775 -0.06066536 -0.2563601 0.9667319 -0.02935421 -0.2563601 0.9980431 -0.06066536 0 1 0.04305284 0 0.9980431 0.05088063 0 1 -0.02935421 0 0.9491194 -0.06066536 0.3091977 0.9510763 0.04305284 0.3091977 0.9491194 0.05088063 0.3091977 0.9510763 -0.02935421 0.3091977 0.8082192 -0.06066536 0.5870842 0.8082192 0.04305284 0.5870842 0.8082192 0.05088063 0.5870842 0.8082192 -0.02935421 0.5870842 0.5870842 -0.06066536 0.8082192 0.5870842 0.04305284 0.8082192 0.5870842 0.05088063 0.8082192 0.5870842 -0.02935421 0.8082192 0.3091977 -0.06066536 0.9491194 0.3091977 0.04305284 0.9510763 0.3091977 0.05088063 0.9491194 0.3091977 -0.02935421 0.9510763 0 -0.06066536 0.9980431 0 0.04305284 1 0 0.05088063 0.9980431 0 -0.02935421 1 -0.3111546 -0.06066536 0.9491194 -0.3091977 0.04305284 0.9510763 -0.3091977 0.05088063 0.9491194 -0.3091977 -0.02935421 0.9510763 -0.5870842 0.04305284 0.8082192 -0.5870842 0.05088063 0.8082192 -0.5870842 -0.02935421 0.8082192 -0.5890411 -0.06066536 0.8062623 -0.8082192 0.04305284 0.5870842 -0.8082192 0.05088063 0.5870842 -0.8082192 -0.02935421 0.5870842 -0.8082192 -0.06066536 0.5851272 -0.9491194 0.04305284 0.3091977 -0.9491194 0.05088063 0.3111546 -0.9980431 0.05283757 0.003913894 -0.9510763 -0.02935421 0.3091977 -0.9510763 -0.06066536 0.3052838 -1 0.04305284 0 -0.9510763 0.05283757 -0.3033268 -1 -0.02935421 0 -0.9980431 -0.06066536 -0.003913894 -0.9510763 0.04305284 -0.3072407 -0.9510763 -0.02935421 -0.3111546 -0.9471624 -0.05870841 -0.3150685 -0.8101761 0.05283757 -0.5851272 -0.8082192 -0.02935421 -0.5890411 -0.8043053 -0.05870841 -0.5909981 -0.8082192 0.04305284 -0.5870842 -0.5870842 -0.02935421 -0.8082192 -0.5870842 -0.05870841 -0.8082192 -0.2837573 -0.05283757 -0.9569471 -0.5870842 0.04500978 -0.8082192 -0.5870842 0.05283757 -0.8082192 -0.2935421 -0.02544031 -0.9549902 0.07632094 -0.03913894 -0.9960861 0.0665362 -0.01565558 -0.9980431 -0.3091977 0.04500978 -0.9510763 -0.3091977 0.05283757 -0.9491194 0.04892368 0.04305284 -0.9980431 0.04892368 0.05283757 -0.9980431 -0.2681018 0.005870841 -0.962818 -0.2681018 0.005870841 -0.962818 -0.334638 0.005870841 -0.9432485 -0.334638 0.005870841 -0.9432485 -0.4011742 0.005870841 -0.9158513 -0.4011742 0.005870841 -0.9158513 0.4657534 -0.5792564 -0.6692759 0.3816047 -0.7318982 -0.5636008 0.109589 -0.6066536 -0.7866927 0.037182 -0.9001957 -0.4324853 -0.2289628 -0.7064579 -0.6692759 -0.260274 -0.5479452 -0.7945206 -0.2133072 0.5675147 -0.7945206 -0.1682975 0.7240704 -0.6692759 0.1604697 0.5949119 -0.7866927 0.111546 0.8943248 -0.4344423 0.4422701 0.6966732 -0.5636008 0.5127202 0.5381604 -0.6692759 -0.4755382 -0.5420744 -0.6947162 -0.3933464 -0.7005871 -0.5968689 -0.6927593 -0.6046967 -0.3953033 -0.3639922 -0.8982387 -0.2446184 -0.6771037 -0.7338552 -0.04500978 -0.8121331 -0.5812133 -0.04109589 -0.8454012 0.5342466 0.01174168 -0.7181996 0.6947162 0.02152642 -0.7279844 0.5968689 -0.3385518 -0.4168297 0.8943248 -0.1604697 -0.4344423 0.7279844 -0.5283757 -0.5068493 0.5753425 -0.6418787 -0.6692759 -0.5479452 -0.5009785 -0.5636008 -0.7064579 -0.4266145 -0.7866927 -0.5988258 -0.148728 -0.4324853 -0.8962818 -0.09393346 -0.6692759 -0.7201566 0.183953 -0.7945206 -0.5636008 0.2250489 -0.7945206 0.553816 0.2485323 -0.6692759 0.7103718 0.2133072 -0.7866927 0.6046967 -0.1232877 -0.4344423 0.9001957 -0.05675147 -0.5636008 0.7240704 -0.3972603 -0.6692759 0.5694716 -0.4774951 0.07632094 -0.03913894 -0.9960861 0.3444227 -0.02935421 -0.9373777 0.0665362 -0.01565558 -0.9980431 0.3405088 -0.009784736 -0.9393346 0.5870842 -0.0332681 -0.8101761 0.332681 0.04305284 -0.9432485 0.04892368 0.04305284 -0.9980431 0.6046967 -0.01174168 -0.7964775 0.7495108 -0.037182 -0.6614481 0.7632094 -0.01565558 -0.6477495 0.7964775 0.04109589 -0.6027398 0.332681 0.05088063 -0.9412916 0.04892368 0.05283757 -0.9980431 0.6203523 0.04305284 -0.7827789 0.6203523 0.05283757 -0.7827789 0.7945206 0.05088063 -0.6046967 0.005870841 -1 0.005870841 0.003913894 -1 0.007827789 0.005870841 -1 0.003913894 0.003913894 -1 0.005870841 0.003913894 -1 0.009784736 0.007827789 -1 0.003913894 0.003913894 -1 0.009784736 0.009784736 -1 0.001956947 0 -1 0.01369863 0.009784736 -1 0.001956947 0 -1 0.01369863 0.009784736 -1 0 -0.005870841 -1 0.009784736 0.009784736 -1 0 -0.005870841 -1 0.009784736 0.007827789 -1 -0.001956947 -0.005870841 -1 0.005870841 0.007827789 -1 -0.001956947 -0.005870841 -1 0.005870841 0.007827789 -1 -0.005870841 -0.007827789 -1 0.005870841 0.007827789 -1 -0.005870841 -0.007827789 -1 0.003913894 0.005870841 -1 -0.007827789 -0.009784736 -1 0.001956947 0.005870841 -1 -0.007827789 -0.009784736 -1 0.001956947 0.001956947 -1 -0.007827789 -0.009784736 -1 0 0.001956947 -1 -0.007827789 -0.009784736 -1 0 0 -1 -0.009784736 -0.009784736 -1 -0.003913894 0 -1 -0.009784736 -0.009784736 -1 -0.003913894 -0.001956947 -1 -0.007827789 -0.007827789 -1 -0.005870841 -0.001956947 -1 -0.007827789 -0.007827789 -1 -0.005870841 -0.005870841 -1 -0.007827789 -0.005870841 -1 -0.007827789 0 1 0 0 1 0 0 1 0 0 1 0 0 1 0 0 1 0 0.1702544 -0.007827789 -0.9863014 0.1702544 -0.007827789 -0.9863014 0.1702544 -0.007827789 -0.9863014 0.1702544 -0.007827789 -0.9863014 0.1702544 -0.007827789 -0.9863014 0.1702544 -0.007827789 -0.9863014 0.1702544 -0.007827789 -0.9863014 0.1702544 -0.007827789 -0.9863014 0.1702544 -0.007827789 -0.9863014 0.1702544 -0.007827789 -0.9863014 0.1702544 -0.007827789 -0.9863014 0.1702544 -0.007827789 -0.9863014 0.1702544 -0.007827789 -0.9863014 0.1702544 -0.007827789 -0.9863014 0.1702544 -0.007827789 -0.9863014 0.1702544 -0.007827789 -0.9863014 -0.888454 -0.003913894 -0.4598826 -0.888454 -0.003913894 -0.4598826 -0.888454 -0.003913894 -0.4598826 -0.888454 -0.003913894 -0.4598826 -0.888454 -0.003913894 -0.4598826 -0.888454 -0.003913894 -0.4598826 -0.888454 -0.003913894 -0.4598826 -0.888454 -0.003913894 -0.4598826 -0.888454 -0.003913894 -0.4598826 -0.888454 -0.003913894 -0.4598826 -0.888454 -0.003913894 -0.4598826 -0.888454 -0.003913894 -0.4598826 -0.888454 -0.003913894 -0.4598826 -0.888454 -0.003913894 -0.4598826 -0.888454 -0.003913894 -0.4598826 -0.888454 -0.003913894 -0.4598826 -0.9863014 0.003913894 -0.1702544 -0.9863014 0.003913894 -0.1702544 -0.9863014 0.003913894 -0.1702544 -0.9863014 0.003913894 -0.1702544 -0.9863014 0.003913894 -0.1702544 -0.9863014 0.003913894 -0.1702544 -0.9863014 0.003913894 -0.1702544 -0.9863014 0.003913894 -0.1702544 -0.9863014 0.003913894 -0.1702544 -0.9863014 0.003913894 -0.1702544 -0.9863014 0.003913894 -0.1702544 -0.9863014 0.003913894 -0.1702544 -0.9863014 0.003913894 -0.1702544 -0.9863014 0.003913894 -0.1702544 -0.9863014 0.003913894 -0.1702544 -0.9863014 0.003913894 -0.1702544 0.2935421 -0.005870841 0.9569471 0.2935421 -0.005870841 0.9569471 0.5870842 -0.005870841 0.8101761 0 -0.001956947 1 0.5870842 -0.005870841 0.8101761 0 -0.001956947 1 0.8082192 -0.003913894 0.5890411 -0.2387476 0 0.9706458 0.8101761 -0.003913894 0.5870842 -0.2387476 0 0.9706458 0.9510763 -0.001956947 0.3091977 -0.5244619 0 0.851272 0.9510763 -0.001956947 0.3091977 -0.5244619 0 0.851272 1 0 0 -0.8023483 0 0.5968689 1 0 0 -0.8023483 0 0.5968689 0.9510763 0.001956947 -0.3091977 -0.9530333 0 0.3052838 0.9510763 0.001956947 -0.3091977 -0.9530333 0 0.3052838 0.8101761 0.003913894 -0.5870842 -1 0 0.03522505 0.8082192 0.003913894 -0.5890411 -1 0 0.037182 0.5890411 0.005870841 -0.8082192 -0.9510763 0.001956947 -0.3111546 0.5890411 0.005870841 -0.8082192 -0.9510763 0.001956947 -0.3111546 0.3816047 0.007827789 -0.9236791 -0.7866927 0.003913894 -0.6164383 0.3816047 0.007827789 -0.9236791 -0.7866927 0.003913894 -0.6183953 0.07632094 0.007827789 -0.9960861 -0.5890411 0.005870841 -0.8082192 0.07632094 0.007827789 -0.9960861 -0.5870842 0.005870841 -0.8101761 -0.3091977 0.007827789 -0.9510763 -0.3091977 0.007827789 -0.9510763 0 1 0 0 1 0 0 1 0 0 1 0 0 1 0 0 1 0 0 1 0 0 1 0 0 1 0 0 1 0 0 1 0 0 1 0 0 1 0 0 1 0 0 1 0 0 1 0 0 1 0 0 1 0 0 1 0 0 1 0 0 1 0 0 1 0 0 1 0 0 1 0 0 1 0 0 1 0 0 1 0 0 1 0 0 1 0 0 1 0 0 1 0 0 1 0 0 1 0 0 1 0 0 1 0 0 1 0 0 1 0 0 1 0 0 1 0 0 1 0 -0.007827789 -1 -0.005870841 -0.007827789 -1 -0.005870841 -0.009784736 -1 -0.003913894 -0.005870841 -1 -0.007827789 -0.009784736 -1 -0.003913894 -0.005870841 -1 -0.007827789 -0.009784736 -1 0 -0.001956947 -1 -0.007827789 -0.009784736 -1 0 -0.001956947 -1 -0.007827789 -0.009784736 -1 0.001956947 0 -1 -0.009784736 -0.009784736 -1 0.001956947 0 -1 -0.009784736 -0.007827789 -1 0.003913894 0.001956947 -1 -0.007827789 -0.007827789 -1 0.005870841 0.001956947 -1 -0.007827789 -0.005870841 -1 0.005870841 0.005870841 -1 -0.007827789 -0.005870841 -1 0.005870841 0.005870841 -1 -0.007827789 -0.009784736 -1 0.009784736 0.007827789 -1 -0.005870841 -0.009784736 -1 0.009784736 0.007827789 -1 -0.005870841 0 -1 0.01174168 0.007827789 -1 -0.001956947 0 -1 0.01174168 0.007827789 -1 -0.001956947 0.009784736 -1 0.009784736 0.009784736 -1 0 0.009784736 -1 0.009784736 0.009784736 -1 0 0.003913894 -1 0.005870841 0.009784736 -1 0.001956947 0.003913894 -1 0.005870841 0.009784736 -1 0.001956947 0.005870841 -1 0.003913894 0.007827789 -1 0.003913894 0.005870841 -1 -0.007827789 0.005870841 -1 -0.007827789 0.007827789 -1 -0.005870841 0.001956947 -1 -0.007827789 0.007827789 -1 -0.005870841 0.001956947 -1 -0.007827789 0.007827789 -1 -0.001956947 0 -1 -0.009784736 0.007827789 -1 -0.001956947 0 -1 -0.009784736 0.009784736 -1 0 -0.001956947 -1 -0.007827789 0.009784736 -1 0 -0.001956947 -1 -0.007827789 0.007827789 -1 0.001956947 -0.005870841 -1 -0.007827789 0.007827789 -1 0.001956947 -0.005870841 -1 -0.007827789 0.005870841 -1 0.003913894 -0.007827789 -1 -0.005870841 0.007827789 -1 0.003913894 -0.007827789 -1 -0.005870841 0.003913894 -1 0.005870841 -0.009784736 -1 -0.003913894 0.003913894 -1 0.005870841 -0.009784736 -1 -0.003913894 0.01369863 -1 0.007827789 -0.009784736 -1 0 0.01369863 -1 0.007827789 -0.009784736 -1 0 0 -1 0.009784736 -0.009784736 -1 0.001956947 0 -1 0.009784736 -0.009784736 -1 0.001956947 -0.01369863 -1 0.009784736 -0.007827789 -1 0.003913894 -0.01369863 -1 0.009784736 -0.007827789 -1 0.005870841 -0.005870841 -1 0.005870841 -0.005870841 -1 0.007827789 -0.005870841 -1 -0.007827789 -0.005870841 -1 -0.007827789 -0.001956947 -1 -0.007827789 -0.007827789 -1 -0.005870841 -0.001956947 -1 -0.007827789 -0.007827789 -1 -0.005870841 0 -1 -0.009784736 -0.009784736 -1 -0.003913894 0 -1 -0.009784736 -0.009784736 -1 -0.003913894 0.001956947 -1 -0.007827789 -0.009784736 -1 0 0.001956947 -1 -0.007827789 -0.009784736 -1 0 0.005870841 -1 -0.007827789 -0.009784736 -1 0.001956947 0.005870841 -1 -0.007827789 -0.009784736 -1 0.001956947 0.007827789 -1 -0.005870841 -0.007827789 -1 0.003913894 0.007827789 -1 -0.005870841 -0.007827789 -1 0.005870841 0.007827789 -1 -0.001956947 -0.001956947 -1 -0.01956947 0.007827789 -1 -0.001956947 0 -1 -0.02935421 0.009784736 -1 0 0.009784736 -1 0 0.007827789 -1 0.001956947 0.009784736 -1 0.001956947 0.005870841 -1 0.003913894 0.005870841 -1 0.003913894 0.003913894 -1 0.007827789 0.003913894 -1 0.007827789 0.01956947 -1 0.007827789 0.01956947 -1 0.007827789 0.009784736 -1 0.007827789 0.01369863 -1 0 -0.001956947 -0.9980431 -0.04500978 -0.02935421 -1 0.009784736 0.037182 -0.9941292 -0.1076321 0.005870841 -1 0.003913894 0.007827789 -1 0.003913894 0.009784736 -1 0.001956947 0.003913894 -1 0.005870841 0.009784736 -1 0.001956947 0.003913894 -1 0.005870841 0.009784736 -1 0 0.007827789 -1 0.009784736 0.009784736 -1 0 0.007827789 -1 0.009784736 0.007827789 -1 -0.001956947 0 -1 0.01174168 0.007827789 -1 -0.001956947 0 -1 0.01174168 0.007827789 -1 -0.005870841 -0.007827789 -1 0.009784736 0.007827789 -1 -0.005870841 -0.007827789 -1 0.009784736 0.005870841 -1 -0.007827789 -0.005870841 -1 0.005870841 0.005870841 -1 -0.007827789 -0.005870841 -1 0.005870841 0.001956947 -1 -0.007827789 -0.007827789 -1 0.003913894 0.001956947 -1 -0.007827789 -0.007827789 -1 0.003913894 0 -1 -0.009784736 -0.009784736 -1 0.001956947 0 -1 -0.009784736 -0.009784736 -1 0.001956947 -0.001956947 -1 -0.007827789 -0.009784736 -1 0 -0.001956947 -1 -0.007827789 -0.009784736 -1 0 -0.005870841 -1 -0.007827789 -0.009784736 -1 -0.003913894 -0.005870841 -1 -0.007827789 -0.009784736 -1 -0.003913894 -0.007827789 -1 -0.005870841 -0.007827789 -1 -0.005870841 0 1 0 0 1 0 0 1 0 0 1 0 0 1 0 0 1 0 0 1 0 0 1 0 0 1 0 0 1 0 0 1 0 0 1 0 0 1 0 0 1 0 0 1 0 0 1 0 0 1 0 0 1 0 0 1 0 0 1 0 0 1 0 0 1 0 0 1 0 0 1 0 0 1 0 0 1 0 0 1 0 0 1 0 0 1 0 0 1 0 0 1 0 0 1 0 0 1 0 0 1 0 0 1 0 0 1 0 0 1 0 0 1 0 0 1 0 0 1 0 0.6223092 0 0.7827789 0.6223092 0 0.7827789 0.3307241 0 0.9432485 0.8571429 0 0.5146771 0.3307241 0 0.9432485 0.8571429 0 0.5146771 -0.04500978 0 0.9980431 0.9706458 0 0.2426614 -0.04500978 0 0.9980431 0.9706458 0 0.2426614 -0.3639922 0 0.9315069 1 0 0 -0.3639922 0 0.9315069 1 0 0 -0.5870842 0 0.8082192 0.9510763 0 -0.3091977 -0.5870842 0 0.8082192 0.9510763 0 -0.3091977 -0.8082192 0 0.5870842 0.8082192 0 -0.5870842 -0.8082192 0 0.5870842 0.8082192 0 -0.5870842 -0.9471624 0 0.3209393 0.5870842 0 -0.8082192 -0.9471624 0 0.3209393 0.5870842 0 -0.8082192 -1 0 0.01369863 0.3091977 0 -0.9510763 -1 0 0.01369863 0.3091977 0 -0.9510763 -0.9432485 0 -0.332681 0 0 -1 -0.9432485 0 -0.332681 0 0 -1 -0.7632094 0 -0.6457925 -0.3091977 0 -0.9510763 -0.7632094 0 -0.6457925 -0.3091977 0 -0.9510763 -0.5479452 0 -0.8375734 -0.5479452 0 -0.8375734 -0.2837573 0.9530333 -0.09784736 -0.2837573 0.9530333 -0.09784736 -0.3033268 0.9471624 -0.0998043 -0.2798434 0.9549902 -0.1017613 -0.3033268 0.9471624 -0.0998043 -0.2798434 0.9549902 -0.1017613 -0.334638 0.9373777 -0.09784736 -0.2622309 0.960861 -0.09784736 -0.334638 0.9373777 -0.09784736 -0.2622309 0.960861 -0.09784736 -0.3483366 0.9354208 -0.06849315 -0.2309198 0.9706458 -0.05283757 -0.3483366 0.9354208 -0.06849315 -0.2328767 0.9706458 -0.05479452 -0.3072407 0.9510763 -0.02544031 -0.2191781 0.9745597 0.03131115 -0.3052838 0.9510763 -0.02544031 -0.2191781 0.9745597 0.03131115 -0.2465753 0.9686888 -0.005870841 -0.2465753 0.962818 0.1135029 -0.2465753 0.9686888 -0.005870841 -0.2465753 0.962818 0.111546 -0.2446184 0.9706458 -0.001956947 -0.2739726 0.9530333 0.1311155 -0.2446184 0.9706458 -0.001956947 -0.2739726 0.9530333 0.1311155 -0.2504892 0.9686888 0.001956947 -0.2720157 0.9549902 0.1174168 -0.2504892 0.9686888 0.001956947 -0.2720157 0.9549902 0.1174168 -0.2504892 0.9686888 0.01174168 -0.2622309 0.9569471 0.1213307 -0.2504892 0.9686888 0.01174168 -0.2622309 0.9569471 0.1213307 -0.2915851 0.9549902 0.06457926 -0.2739726 0.9549902 0.1174168 -0.2935421 0.9530333 0.0665362 -0.2739726 0.9549902 0.1174168 -0.3052838 0.9452055 0.1135029 -0.3052838 0.9452055 0.1135029 0.2309198 -0.9706458 0.05283757 0.2309198 -0.9726027 0.05088063 0.2191781 -0.9745597 -0.02935421 0.258317 -0.960861 0.09197652 0.2191781 -0.9745597 -0.02935421 0.258317 -0.960861 0.09197652 0.2426614 -0.964775 -0.1037182 0.2759295 -0.9549902 0.09784736 0.2446184 -0.964775 -0.1056751 0.2759295 -0.9549902 0.09784736 0.2700587 -0.9549902 -0.1232877 0.2837573 -0.9549902 0.09784736 0.2700587 -0.9549902 -0.1232877 0.2837573 -0.9549902 0.09784736 0.2720157 -0.9549902 -0.1174168 0.3033268 -0.9471624 0.0998043 0.2720157 -0.9549902 -0.1174168 0.3033268 -0.9471624 0.0998043 0.2641879 -0.9569471 -0.1213307 0.334638 -0.9373777 0.09784736 0.2641879 -0.9569471 -0.1213307 0.334638 -0.9373777 0.09784736 0.2739726 -0.9549902 -0.1174168 0.3483366 -0.9354208 0.06849315 0.2739726 -0.9549902 -0.1174168 0.3483366 -0.9354208 0.06849315 0.3072407 -0.9452055 -0.1135029 0.3072407 -0.9510763 0.02348337 0.3072407 -0.9452055 -0.1135029 0.3072407 -0.9510763 0.02348337 0.2935421 -0.9530333 -0.0665362 0.2465753 -0.9686888 0.005870841 0.2935421 -0.9530333 -0.0665362 0.2465753 -0.9686888 0.005870841 0.2504892 -0.9686888 -0.01174168 0.2446184 -0.9706458 0.001956947 0.2504892 -0.9686888 -0.01174168 0.2446184 -0.9706458 0.001956947 0.2524462 -0.9686888 -0.001956947 0.2524462 -0.9686888 -0.001956947 0.03913894 -1 0.001956947 0.0665362 -0.9980431 -0.007827789 0.03913894 -1 0.001956947 0.005870841 -1 -0.007827789 0.0665362 -0.9980431 -0.007827789 0.005870841 -1 -0.007827789 0.07827789 -0.9960861 -0.0332681 -0.01565558 -1 -0.037182 0.07827789 -0.9960861 -0.0332681 -0.01565558 -1 -0.037182 0.06849315 -0.9960861 -0.05675147 -0.01369863 -0.9980431 -0.07240704 0.06849315 -0.9960861 -0.05675147 -0.01369863 -0.9980431 -0.07240704 0.04305284 -0.9960861 -0.0704501 0.007827789 -0.9960861 -0.09589041 0.04305284 -0.9960861 -0.0704501 0.007827789 -0.9960861 -0.09589041 0.01761252 -0.9980431 -0.06849315 0.037182 -0.9941292 -0.09589041 0.01761252 -0.9980431 -0.06849315 0.037182 -0.9941292 -0.09589041 -0.003913894 -0.9980431 -0.05479452 0.06066536 -0.9960861 -0.07240704 -0.003913894 -0.9980431 -0.05479452 0.06066536 -0.9960861 -0.07240704 -0.01761252 -0.9980431 -0.04109589 0.06457926 -0.9980431 -0.04109589 -0.01761252 -0.9980431 -0.04109589 0.06457926 -0.9980431 -0.04109589 -0.01956947 -1 -0.01956947 0.05088063 -0.9980431 -0.01174168 -0.01956947 -1 -0.01956947 0.05088063 -0.9980431 -0.01174168 -0.01174168 -1 -0.001956947 0.02739726 -1 0.003913894 -0.01174168 -1 -0.001956947 0.02739726 -1 0.003913894 0.003913894 -1 0.005870841 0.003913894 -1 0.005870841 -0.0665362 0.9980431 0.007827789 -0.03913894 1 -0.001956947 -0.0665362 0.9980431 0.007827789 -0.07827789 0.9960861 0.0332681 -0.03913894 1 -0.001956947 -0.07827789 0.9960861 0.0332681 -0.005870841 1 0.007827789 -0.0665362 0.9960861 0.05675147 -0.005870841 1 0.007827789 -0.0665362 0.9960861 0.05675147 0.01565558 1 0.037182 -0.04305284 0.9960861 0.0704501 0.01565558 1 0.037182 -0.04305284 0.9960861 0.0704501 0.01369863 0.9980431 0.07240704 -0.01761252 0.9980431 0.06849315 0.01369863 0.9980431 0.07240704 -0.01761252 0.9980431 0.06849315 -0.007827789 0.9960861 0.09589041 0.003913894 0.9980431 0.05479452 -0.007827789 0.9960861 0.09589041 0.003913894 0.9980431 0.05479452 -0.037182 0.9941292 0.09589041 0.01761252 0.9980431 0.04109589 -0.037182 0.9941292 0.09589041 0.01761252 0.9980431 0.04109589 -0.06066536 0.9960861 0.07240704 0.01956947 1 0.01956947 -0.06066536 0.9960861 0.07240704 0.01956947 1 0.01956947 -0.06457926 0.9980431 0.04109589 0.01174168 1 0.001956947 -0.06457926 0.9980431 0.04109589 0.01174168 1 0.001956947 -0.05088063 0.9980431 0.01174168 -0.003913894 1 -0.005870841 -0.05088063 0.9980431 0.01174168 -0.003913894 1 -0.005870841 -0.02739726 1 -0.003913894 -0.02739726 1 -0.003913894 -0.04892368 -0.9941292 0.09197652 -0.01369863 -0.9941292 0.1037182 -0.04892368 -0.9941292 0.09197652 -0.08023483 -0.9941292 0.06849315 -0.01369863 -0.9941292 0.1037182 -0.08023483 -0.9941292 0.06849315 0.02348337 -0.9941292 0.1017613 -0.1017613 -0.9941292 0.03522505 0.02348337 -0.9941292 0.1017613 -0.1017613 -0.9941292 0.03522505 0.05479452 -0.9941292 0.09001957 -0.1076321 -0.9941292 0.001956947 0.05479452 -0.9941292 0.09001957 -0.1076321 -0.9941292 0.001956947 0.07827789 -0.9941292 0.06849315 -0.1037182 -0.9941292 -0.02739726 0.07827789 -0.9941292 0.06849315 -0.1037182 -0.9941292 -0.02739726 0.09784736 -0.9941292 0.037182 -0.09393346 -0.9941292 -0.04696673 0.09784736 -0.9941292 0.037182 -0.09393346 -0.9941292 -0.04696673 0.1037182 -0.9941292 0 -0.08414873 -0.9941292 -0.06066536 0.1037182 -0.9941292 0 -0.08414873 -0.9941292 -0.06066536 0.0998043 -0.9941292 -0.03522505 -0.07436399 -0.9941292 -0.07436399 0.0998043 -0.9941292 -0.03522505 -0.07436399 -0.9941292 -0.07436399 0.0704501 -0.9941292 -0.07827789 -0.06262231 -0.9941292 -0.09001957 0.0704501 -0.9941292 -0.07827789 -0.06262231 -0.9941292 -0.09001957 0.03131115 -0.9941292 -0.1076321 -0.04109589 -0.9941292 -0.1037182 0.03131115 -0.9941292 -0.1076321 -0.04109589 -0.9941292 -0.1037182 -0.005870841 -0.9941292 -0.109589 -0.005870841 -0.9941292 -0.109589 0.01369863 0.9941292 -0.1037182 0.05088063 0.9941292 -0.09197652 0.01369863 0.9941292 -0.1037182 -0.02152642 0.9941292 -0.1017613 0.05088063 0.9941292 -0.09197652 -0.02152642 0.9941292 -0.1017613 0.08219178 0.9941292 -0.06849315 -0.05283757 0.9941292 -0.09001957 0.08219178 0.9941292 -0.06849315 -0.05283757 0.9941292 -0.09001957 0.1017613 0.9941292 -0.03522505 -0.07827789 0.9941292 -0.06849315 0.1017613 0.9941292 -0.03522505 -0.07827789 0.9941292 -0.06849315 0.1076321 0.9941292 0 -0.09589041 0.9941292 -0.037182 0.1076321 0.9941292 0 -0.09589041 0.9941292 -0.037182 0.1037182 0.9941292 0.02739726 -0.1037182 0.9941292 0 0.1037182 0.9941292 0.02739726 -0.1037182 0.9941292 0 0.09393346 0.9941292 0.04696673 -0.0998043 0.9941292 0.03522505 0.09393346 0.9941292 0.04696673 -0.0998043 0.9941292 0.03522505 0.08414873 0.9941292 0.06066536 -0.0704501 0.9941292 0.07827789 0.08414873 0.9941292 0.06066536 -0.0704501 0.9941292 0.07827789 0.07436399 0.9941292 0.07436399 -0.03131115 0.9941292 0.1076321 0.07436399 0.9941292 0.07436399 -0.03131115 0.9941292 0.1076321 0.06262231 0.9941292 0.09001957 0.007827789 0.9941292 0.109589 0.06262231 0.9941292 0.09001957 0.007827789 0.9941292 0.109589 0.04109589 0.9941292 0.1037182 0.04109589 0.9941292 0.1037182 0.9471624 0 0.3209393 0.7827789 0 0.6203523 0.9471624 0 0.3228963 1 0 -0.007827789 0.7827789 0 0.6203523 1 0 -0.007827789 0.5655577 0 0.8258317 0.9491194 0 -0.3150685 0.5655577 0 0.8258317 0.9491194 0 -0.3150685 0.3013699 0 0.9530333 0.8082192 0 -0.5870842 0.3013699 0 0.9530333 0.8082192 0 -0.5870842 0 0 1 0.5870842 0 -0.8082192 0 0 1 0.5870842 0 -0.8082192 -0.2778865 0 0.960861 0.37182 0 -0.9275929 -0.2778865 0 0.960861 0.37182 0 -0.9275929 -0.5596869 0 0.8297456 0.0665362 0 -0.9980431 -0.5596869 0 0.8297456 0.0665362 0 -0.9980431 -0.8062623 0 0.5909981 -0.3091977 0 -0.9510763 -0.8062623 0 0.5909981 -0.3091977 0 -0.9510763 -0.9510763 0 0.3072407 -0.5851272 0 -0.8101761 -0.9510763 0 0.3072407 -0.5851272 0 -0.8101761 -1 0 0.01565558 -0.8375734 0 -0.5459883 -1 0 0.01565558 -0.8375734 0 -0.5459883 -0.9686888 0 -0.2485323 -0.9686888 0 -0.2485323 -0.9138943 -0.1428571 -0.3776908 -0.9138943 -0.1428571 -0.3776908 -0.9138943 -0.1428571 -0.3776908 0.9041096 -0.2446184 0.3502935 0.9041096 -0.2446184 0.3502935 0.9041096 -0.2446184 0.3502935 0.5616438 -0.553816 0.6144814 0.9001957 0.01369863 0.4363992 0.6242661 -0.776908 -0.08806262 0.444227 -0.8727984 -0.2015656 0.5733855 0.8023483 0.1663405 0.8864971 0.4559687 0.07436399 0.003913894 1 0 0 1 0 0 1 0 0.5616438 -0.553816 0.6144814 0.223092 -0.3679061 0.9021527 0.9001957 0.01369863 0.4363992 0.8864971 0.001956947 0.4618395 0.8864971 0.001956947 0.4618395 0.853229 0.4657534 0.2328767 -0.8747554 -0.3111546 0.3737769 0.03913894 -0.9373777 0.3444227 -0.1252446 -0.9745597 0.1878669 0.6242661 -0.776908 -0.08806262 0.9001957 0.01369863 0.4363992 0.5088063 -0.8434442 -0.1682975 0.1252446 -0.9882583 0.08414873 0.1252446 -0.9882583 0.08414873 0.1252446 -0.9882583 0.08414873 0.6007828 0.09197652 -0.7945206 0.592955 0 -0.8043053 0.3072407 0.0332681 -0.9510763 0.009784736 1 -0.001956947 0 1 0 -0.001956947 1 -0.003913894 -0.1996086 0.0332681 -0.9804305 0.3072407 0.0332681 -0.9510763 -0.07632094 0.03913894 -0.9960861 -0.7299413 -0.6731898 0.1154599 -0.6947162 -0.6066536 -0.3855186 -0.7299413 -0.3424658 0.5909981 0.3365949 0.9393346 -0.06262231 0.1800391 0.9804305 -0.07436399 0.1213307 0.9902152 -0.05675147 -0.007827789 1 -0.001956947 -0.03131115 1 -0.01761252 -0.1624266 0.9863014 -0.05088063 -0.7906067 0.6007828 0.1252446 -0.6086106 0.776908 0.1663405 -0.6634051 0.7338552 0.148728 0.01369863 0.9882583 -0.1506849 0.03131115 0.9902152 -0.1389433 -0.003913894 1 -0.02739726 0.08023483 -0.9804305 0.1800391 0.1428571 -0.9804305 0.1291585 0.111546 -0.9863014 0.1272016 -0.4129159 -0.001956947 0.9119374 -0.4227006 -0.001956947 0.9060665 -0.4129159 -0.001956947 0.9119374 -0.5381604 0 -0.8414873 0.9569471 0.04696673 -0.2857143 -0.5381604 0 -0.8414873 0.2935421 -0.009784736 -0.9549902 0.2935421 -0.009784736 -0.9549902 0.2935421 -0.009784736 -0.9549902 0.0998043 0.005870841 0.9941292 0.3170255 0.009784736 0.9491194 0.0998043 0.005870841 0.9941292 0.3757339 -0.009784736 0.925636 0.3757339 -0.009784736 0.925636 0.3228963 -0.009784736 0.9452055 0.0665362 -0.1350294 -0.9882583 0.0665362 -0.1350294 -0.9882583 0.0665362 -0.1350294 -0.9882583 -0.08023483 -0.2524462 0.964775 -0.08023483 -0.2524462 0.964775 -0.08023483 -0.2524462 0.964775 -0.9843444 -0.08219178 -0.1506849 -0.9843444 -0.08219178 -0.1506849 -0.9843444 -0.08219178 -0.1506849 0.9569471 -0.2818004 0.06262231 0.9569471 -0.2818004 0.06262231 0.9569471 -0.2818004 0.06262231 -0.8180039 -0.5264188 0.2289628 -0.6379648 -0.5381604 -0.5499021 -0.9510763 0.2700587 -0.148728 0.6360078 0.5420744 0.5479452 0.7710372 0.6046967 -0.1976517 0.9589041 -0.2348337 0.1545988 0.6105675 0.4285714 -0.667319 -0.03131115 0.55773 -0.8297456 0.4774951 0.3894325 -0.7866927 0.7240704 -0.03131115 -0.6908023 0.7240704 -0.03131115 -0.6908023 0.1702544 -0.007827789 -0.9863014 -0.4500979 0.01956947 -0.8923679 -0.4500979 0.01956947 -0.8923679 0.5870842 -0.2113503 -0.7808219 0.1565558 -0.2152642 -0.964775 0.1565558 -0.2152642 -0.964775 -0.3072407 -0.1722113 -0.9354208 0.1565558 -0.2152642 -0.964775 0.1741683 0.2015656 -0.964775 0.6027398 0.1604697 -0.7808219 0.1741683 0.2015656 -0.964775 -0.2915851 0.1976517 -0.9354208 0.1741683 0.2015656 -0.964775 -0.4403131 0.02935421 -0.8982387 -0.4403131 0.02935421 -0.8982387 -0.888454 -0.003913894 -0.4598826 -0.9863014 -0.037182 0.1604697 -0.9863014 -0.037182 0.1604697 -0.5596869 -0.1643836 -0.8121331 -0.8630137 -0.2133072 -0.4579256 -0.8630137 -0.2133072 -0.4579256 -0.9765166 -0.2152642 -0.005870841 -0.8630137 -0.2133072 -0.4579256 -0.8747554 0.2035225 -0.4403131 -0.5714286 0.2054795 -0.7945206 -0.8747554 0.2035225 -0.4403131 -0.9882583 0.1565558 0.01174168 -0.8747554 0.2035225 -0.4403131 -0.6908023 0.01565558 -0.7240704 -0.6908023 0.01565558 -0.7240704 -0.9863014 0.003913894 -0.1702544 -0.8923679 -0.009784736 0.4520548 -0.8923679 -0.009784736 0.4520548 -0.7808219 -0.1741683 -0.6007828 -0.964775 -0.2054795 -0.1702544 -0.964775 -0.2054795 -0.1702544 -0.9354208 -0.1917808 0.297456 -0.964775 -0.2054795 -0.1702544 -0.964775 0.2113503 -0.1624266 -0.7808219 0.1976517 -0.592955 -0.964775 0.2113503 -0.1624266 -0.9354208 0.1800391 0.3033268 -0.964775 0.2113503 -0.1624266 -0.148728 -0.9217221 0.3561644 -0.1252446 -0.9745597 0.1878669 0.03913894 -0.9373777 0.3444227 0.223092 -0.8395303 0.4951076 0.03913894 -0.9373777 0.3444227 0.1643836 -0.9706458 0.1741683 0.8727984 -0.4677104 0.1350294 0.4187867 -0.8688846 0.2641879 0.964775 0.2289628 -0.1232877 0.8727984 -0.4677104 0.1350294 0.8727984 -0.4677104 0.1350294 0.6007828 0.09197652 -0.7945206 0.3072407 0.0332681 -0.9510763 0.007827789 1 0.01565558 0 1 0.02152642 -0.003913894 1 0.02544031 0.003913894 1 -0.001956947 0.007827789 1 0.01565558 0 1 0 0.003913894 1 -0.001956947 0 1 0 0 1 0 0 1 0 0 1 0 0 1 0 -0.369863 0.4168297 0.8297456 0.09393346 0.4168297 0.9041096 -0.04892368 0.5362035 0.8434442 -0.04892368 0.5362035 0.8434442 0.1917808 0.8590998 0.4755382 0.8747554 -0.07827789 0.4774951 0.5068493 0.6086106 0.6105675 0.4970646 -0.8434442 -0.2015656 0.6771037 -0.7358121 0.007827789 0.8747554 -0.07827789 0.4774951 0.8864971 0.4559687 0.07436399 0.1819961 -0.8747554 -0.4500979 0.444227 -0.8727984 -0.2015656 0.444227 -0.8727984 -0.2015656 0.2935421 -0.9432485 -0.1526419 0.0704501 0.7436399 -0.6653621 0.05088063 0.7690802 -0.6379648 0.3542074 0.1565558 -0.9217221 0.0704501 0.7436399 -0.6653621 0.3972603 0 -0.9178082 -0.1565558 -0.8786693 0.4520548 -0.7299413 -0.6731898 0.1154599 -0.7299413 -0.3424658 0.5909981 -0.1565558 -0.8786693 0.4520548 0.223092 -0.3679061 0.9021527 0.5616438 -0.553816 0.6144814 0.1624266 -0.9706458 -0.1761252 0.4970646 -0.8434442 -0.2015656 0.6771037 -0.7358121 0.007827789 0.1917808 -0.6320939 -0.7495108 0.1624266 -0.9706458 -0.1761252 -0.221135 -0.4990215 -0.8375734 -0.1898239 0.9765166 -0.09784736 -0.221135 -0.4990215 -0.8375734 -0.2074364 0.9686888 -0.1350294 0.1917808 -0.6320939 -0.7495108 -0.221135 -0.4990215 -0.8375734 0.2935421 -0.9432485 -0.1526419 0.1819961 -0.8747554 -0.4500979 -0.009784736 -0.9706458 -0.2426614 -0.009784736 -0.9706458 -0.2426614 -0.6947162 -0.6066536 -0.3855186 -0.7749511 -0.3033268 -0.555773 -0.7299413 -0.6731898 0.1154599 0.06849315 0.9902152 0.1252446 -0.037182 0.9393346 0.3424658 0.05675147 0.9863014 0.148728 -0.0998043 0.9843444 0.146771 -0.1017613 0.9804305 0.1741683 0.05675147 0.9863014 0.148728 -0.037182 0.9393346 0.3424658 -0.1017613 0.9804305 0.1741683 -0.2446184 0.9589041 0.1448141 -0.2367906 0.9686888 0.0665362 -0.2896282 0.9569471 0.005870841 -0.223092 0.9745597 -0.037182 -0.05479452 0.9980431 -0.02348337 0.007827789 1 -0.01174168 0 1 0 0 1 0 0 1 0 0 1 0 0 1 0 0 1 0 0 1 -0.001956947 0.1213307 0.9902152 -0.05675147 0.06849315 0.9902152 0.1252446 0.109589 0.9902152 0.09784736 0.1272016 0.9882583 0.08219178 0.1722113 0.9843444 0.04109589 -0.1761252 -0.9843444 -0.037182 -0.8747554 -0.3111546 0.3737769 -0.1252446 -0.9745597 0.1878669 -0.1761252 -0.9843444 -0.037182 -0.1663405 -0.9863014 -0.03913894 -0.0704501 0.9980431 0.02152642 -0.2426614 0.964775 0.1037182 -0.1761252 0.9843444 0.02739726 -0.1135029 0.9921722 0.037182 -0.0704501 0.9980431 0.02152642 0.007827789 1 0.01174168 -0.003913894 1 -0.02739726 -0.07632094 0.9960861 0.037182 -0.02739726 1 0.01956947 -0.03131115 1 -0.01956947 0 1 0 0 1 0 0.0332681 1 0 0.03131115 1 0 0.03131115 1 0 0.1330724 0.9843444 0.1154599 0.1545988 0.9882583 0.0332681 0.1369863 0.9882583 0.05479452 0.06066536 0.9980431 -0.04305284 0.1369863 0.9882583 0.05479452 0.05283757 0.9921722 -0.1056751 -0.03131115 1 -0.01761252 -0.02544031 1 -0.01956947 -0.1624266 0.9863014 -0.05088063 0.03131115 0.9980431 -0.05088063 0.03913894 0.9980431 -0.03913894 -0.03131115 1 -0.01761252 -0.007827789 0.9667319 -0.2524462 -0.02544031 1 -0.01956947 -0.2191781 0.964775 -0.1428571 -0.1624266 0.9863014 -0.05088063 -0.007827789 1 -0.001956947 -0.003913894 1 -0.003913894 -0.003913894 1 -0.003913894 0 1 0 0 1 0 -0.007827789 1 -0.001956947 0 1 0 0 1 0 0.003913894 1 0 0 1 0 0.03913894 0.9980431 -0.03913894 0.03131115 0.9980431 -0.05088063 0.02544031 0.9980431 -0.05870841 -0.007827789 0.9667319 -0.2524462 0.009784736 0.9980431 -0.05283757 0.001956947 1 0.001956947 0.2485323 0.9471624 0.2035225 0.009784736 0.9980431 -0.05283757 -0.3913894 -0.9158513 0.09393346 0.003913894 -1 0.02544031 -0.04892368 -0.9980431 -0.005870841 0.003913894 -1 0.02544031 -0.03131115 -0.9980431 0.04305284 0.009784736 -0.9921722 0.1291585 -0.04109589 -0.9921722 0.109589 -0.6927593 0.7181996 -0.06262231 -0.3209393 0.9236791 0.2113503 -0.1037182 -0.9941292 -0.037182 -0.3209393 0.9236791 0.2113503 -0.4540117 0.8864971 0.08414873 -0.3816047 0.8610567 0.3365949 -0.1232877 0.9706458 0.2035225 -0.09393346 0.9784736 0.1800391 0.06457926 0.7984344 0.5988258 -0.001956947 -1 0.001956947 0 -1 0 0 -1 0 -0.001956947 -1 0.001956947 -0.001956947 -1 0.001956947 -0.003913894 -1 0 -0.003913894 -1 0 -0.001956947 -1 -0.001956947 -0.001956947 -1 -0.001956947 -0.001956947 -1 -0.001956947 -0.001956947 -1 -0.001956947 -0.001956947 -1 -0.001956947 -0.001956947 -1 -0.001956947 0 -1 -0.003913894 0 -1 -0.003913894 0 -1 -0.001956947 0 -1 -0.001956947 0.001956947 -1 -0.001956947 0.001956947 -1 -0.001956947 0 -1 -0.001956947 0.001956947 -1 -0.001956947 -0.02935421 -1 0 -0.003913894 -1 -0.02348337 0.005870841 -1 -0.02348337 0.01369863 -1 -0.0332681 0.01565558 -1 -0.03131115 0.03131115 -0.9980431 -0.037182 0.037182 -0.9980431 -0.037182 0.2818004 0.9549902 -0.08806262 0.3131115 0.9452055 -0.09589041 0.3131115 0.9452055 -0.09589041 0 1 -0.03131115 -0.04305284 0.9960861 -0.06457926 -0.04696673 0.9960861 -0.06457926 -0.02348337 0.9960861 -0.07632094 -0.02348337 0.9960861 -0.07632094 -0.001956947 0.9960861 -0.09197652 -0.003913894 0.9960861 -0.09197652 0.02152642 0.9960861 -0.09589041 0.02348337 0.9960861 -0.09589041 0.04500978 0.9960861 -0.07632094 0.04892368 0.9960861 -0.0704501 0.06066536 0.9980431 -0.04696673 0.06066536 0.9980431 -0.04696673 0.07632094 0.9960861 -0.02739726 0.07827789 0.9960861 -0.02739726 0.09001957 0.9960861 -0.01565558 0.09393346 0.9960861 -0.01565558 0.2093934 0.005870841 -0.9784736 0.2093934 0.005870841 -0.9784736 -0.334638 0.005870841 -0.9412916 -0.778865 0.003913894 -0.6262231 -0.778865 0.003913894 -0.6262231 -0.4774951 -0.3933464 0.7866927 0.0332681 -0.5636008 0.8258317 -0.6086106 -0.4305284 0.6653621 -0.4774951 -0.3933464 0.7866927 -0.9491194 0.01174168 0.3131115 -0.9510763 0.009784736 0.3091977 0.3796478 -0.4227006 -0.8238748 0.1017613 0.9765166 -0.1898239 0.1037182 0.9765166 -0.1917808 0.1037182 0.9765166 -0.1917808 0 0.9980431 -0.06849315 0 0.9980431 -0.0665362 -0.01956947 0.9980431 -0.06262231 -0.02152642 0.9980431 -0.06066536 -0.0332681 0.9980431 -0.04892368 -0.0332681 0.9980431 -0.05088063 -0.1369863 0.9843444 -0.1056751 -0.1545988 0.9804305 -0.1174168 -0.1154599 0.9941292 0.007827789 -0.03131115 0.9980431 0.0332681 -0.09197652 0.9941292 0.037182 -0.02152642 0.9980431 0.04109589 -0.01956947 0.9980431 0.05283757 -0.09197652 0.9941292 0.037182 -0.01956947 0.9980431 0.05283757 0 1 0.009784736 0 1 0 -0.02152642 0.9980431 0.04109589 0 1 0 -0.2191781 0.964775 -0.1428571 0 1 0 -0.1976517 0.9784736 0.04109589 -0.1624266 0.9863014 -0.05088063 0 1 0 0 1 0 0.5127202 0.01565558 -0.8590998 0.592955 0 -0.8043053 -0.2387476 -0.9530333 0.183953 0.592955 0 -0.8043053 0.3072407 0.0332681 -0.9510763 0.2544031 0.02348337 -0.9667319 -0.07632094 0.03913894 -0.9960861 0.3131115 -0.01761252 0.9491194 -0.2250489 -0.04696673 0.9726027 0.6418787 0.04305284 0.7671233 0.3131115 -0.01761252 0.9491194 0.8727984 0.03131115 0.4872798 0.9080235 0.001956947 0.4168297 1 0.02348337 0.02935421 -0.2250489 -0.04696673 0.9726027 0.3894325 0.1154599 0.9138943 0.04305284 0.06066536 0.9980431 0.9902152 0.02544031 -0.1428571 0.9941292 0.02935421 -0.111546 0.962818 0.05675147 -0.2641879 0.9569471 0.04696673 -0.2857143 0.9941292 0.02935421 -0.111546 0.9569471 0.04696673 -0.2857143 -0.5753425 0.01174168 0.8180039 -0.9432485 0.001956947 0.3307241 -0.3013699 0.05675147 0.9510763 -0.6105675 0.0332681 0.7906067 -0.9432485 0.001956947 0.3307241 -0.8551859 0.005870841 0.518591 -0.9882583 -0.003913894 0.1565558 -0.9706458 0.02739726 -0.2367906 -0.9765166 0.001956947 -0.2191781 -0.8258317 0.02544031 -0.5636008 -0.6497065 0.01565558 -0.7612525 -0.1996086 0.0332681 -0.9804305 -0.483366 0.0665362 -0.8727984 -0.07632094 0.03913894 -0.9960861 -0.1996086 0.0332681 -0.9804305 -0.07632094 0.03913894 -0.9960861 0.009784736 1 -0.001956947 -0.001956947 1 -0.003913894 -0.05283757 -0.9980431 -0.05479452 0 1 0 0 1 0 0 1 0 0 1 0 0 1 0 0 1 0 0 1 0 0 1 0 0 1 0 0 1 0 0 1 0 0.2485323 0.9471624 0.2035225 0 1 0 0 1 0 0.001956947 1 0.001956947 0 1 0 0 1 0 0 1 0 0 1 0 0 1 -0.001956947 0 1 0 0.001956947 1 -0.003913894 0.05283757 0.9980431 0.001956947 -0.005870841 -1 0.009784736 -0.05283757 -0.9980431 -0.05479452 0.003913894 1 0.007827789 0.001956947 1 -0.003913894 0.3091977 0.9452055 -0.09784736 0.05283757 0.9980431 0.001956947 0.0704501 0.9980431 0.007827789 0.08023483 0.9765166 0.1956947 -0.1252446 0.9804305 0.1545988 0 -1 0 -0.08219178 -0.9960861 -0.009784736 -0.01369863 -1 0.01761252 0 -1 0 0 -1 0 0.01565558 -1 0.02544031 -0.0665362 -0.9960861 0.04500978 -0.07436399 -0.9960861 0.04500978 0 -1 0 -0.07240704 -0.9980431 -0.005870841 -0.04305284 -0.9980431 -0.02152642 0.01174168 -1 0.037182 0 -1 0.01565558 0.01174168 -1 0.04109589 0 -1 0 0 -1 0 -0.003913894 -1 -0.003913894 0 -1 0 0 -1 0 0 -1 0 0 -1 0 -0.003913894 -1 -0.003913894 0 -1 0 -0.05283757 -0.9980431 -0.037182 -0.04892368 -0.9980431 -0.005870841 -0.01761252 -1 0.001956947 -0.04892368 -0.9980431 -0.005870841 -0.04500978 -0.9980431 -0.03522505 -0.1037182 -0.9941292 -0.037182 -0.04696673 -0.9980431 -0.0332681 -0.6927593 0.7181996 -0.06262231 0 -1 0 0 -1 0 0 -1 0 0 -1 0 0 -1 0 0 -1 0 0 -1 0 -0.01174168 -1 0.04109589 -0.02348337 -1 -0.005870841 0.08023483 -0.9804305 0.1800391 0.111546 -0.9863014 0.1272016 0.1585127 -0.9530333 -0.258317 0.009784736 -0.9569471 -0.2876712 0.009784736 -0.9569471 -0.2876712 -0.1389433 -0.9412916 -0.3111546 -0.06066536 0.9491194 -0.3111546 0.09001957 0.9530333 -0.2876712 0.09001957 0.9530333 -0.2876712 0.2367906 0.9354208 -0.258317 -0.1604697 -0.9373777 -0.3111546 -0.2309198 -0.9569471 -0.1780822 -0.2309198 -0.9569471 -0.1780822 -0.297456 -0.9530333 -0.04305284 -0.3542074 0.9334638 0.04500978 -0.2876712 0.9530333 -0.09001957 -0.2876712 0.9530333 -0.09001957 -0.2152642 0.9510763 -0.223092 -0.258317 -0.9412916 -0.2172211 -0.2876712 -0.9549902 -0.0704501 -0.2876712 -0.9549902 -0.0704501 -0.3111546 -0.9471624 0.08023483 0.8962818 0.1409002 0.4187867 -0.8375734 0.3542074 -0.4129159 0.8943248 0.1585127 0.4168297 -0.8708415 0.2485323 -0.4246575 -0.4148728 -0.8786693 -0.2387476 -0.5322896 -0.7964775 -0.2876712 -0.8395303 -0.4266145 -0.3365949 -0.5362035 -0.7945206 -0.2876712 -0.6634051 0.7338552 0.148728 -0.6086106 0.776908 0.1663405 -0.6849315 0.4187867 0.5949119 -0.8258317 0.2544031 0.5029354 0.05479452 0.9843444 -0.1643836 0.05283757 0.9921722 -0.1056751 0.01369863 0.9882583 -0.1506849 0.03131115 0.9902152 -0.1389433 0.1800391 0.9804305 -0.07436399 0.3365949 0.9393346 -0.06262231 0.1722113 0.9843444 0.04109589 0.1643836 0.9863014 0.03522505 0.1702544 0.01369863 0.9863014 -0.3561644 0 0.9334638 -0.146771 0 0.9902152 -0.3444227 0 0.9393346 0.08610567 -0.9021527 -0.4227006 0.4207436 -0.6223092 -0.6594912 0.483366 -0.6888454 -0.5401174 0.5694716 -0.7592955 -0.3150685 0.483366 -0.6888454 -0.5401174 0.18591 -0.7455969 -0.6379648 0.483366 -0.6888454 -0.5401174 -0.1154599 -0.5616438 -0.8199608 0.5968689 -0.7455969 -0.297456 0.483366 -0.6888454 -0.5401174 0.9569471 -0.2857143 -0.04305284 0.9980431 -0.02152642 0.06849315 -0.3600783 -0.183953 -0.9138943 -0.1154599 -0.5616438 -0.8199608 -0.3913894 -0.8062623 -0.444227 -0.5831702 -0.778865 -0.2270059 -0.7886497 -0.4285714 -0.4403131 -0.5831702 -0.778865 -0.2270059 -0.2935421 -0.9530333 0.06457926 -0.5831702 -0.778865 -0.2270059 -0.3522505 -0.9060665 0.2328767 -0.2054795 -0.9784736 0.0332681 -0.4579256 -0.851272 0.2544031 -0.1878669 -0.9236791 0.3365949 -0.1428571 -0.9452055 0.2935421 -0.1428571 -0.9452055 0.2915851 0.9569471 -0.2857143 -0.04305284 0.7221135 -0.4598826 0.516634 0.9373777 -0.2544031 0.2328767 0.3307241 -0.7945206 0.5088063 0.06457926 0.7984344 0.5988258 0.1643836 -0.9726027 0.1682975 0.8688846 0 0.4970646 0.8864971 0.001956947 0.4618395 0.8688846 0 0.4970646 0.8864971 0.001956947 0.4618395 0.4187867 -0.007827789 -0.9080235 0.4187867 -0.007827789 -0.9080235 0.9099804 0.005870841 -0.4148728 0.4403131 -0.007827789 -0.8982387 -0.1135029 0.1369863 0.9843444 0.1702544 0.3542074 -0.9197652 -0.109589 0.1545988 0.9823875 0.1604697 0.2485323 -0.9549902 0.9784736 0.07436399 0.1937378 -0.8962818 0.4266145 -0.1232877 0.9765166 0.09001957 0.1937378 -0.9432485 0.2994129 -0.146771 -0.8180039 -0.5264188 0.2289628 -0.6360078 0.6242661 0.4520548 -0.3776908 0.1213307 0.9178082 -0.9510763 0.2700587 -0.148728 -0.6379648 -0.5381604 -0.5499021 -0.5988258 0.07240704 -0.7984344 -0.1252446 -0.2348337 -0.962818 -0.03131115 0.55773 -0.8297456 0.4774951 0.3894325 -0.7866927 0.9510763 -0.009784736 -0.3091977 0.9530333 -0.1937378 -0.2289628 0.4774951 0.3894325 -0.7866927 0.6105675 0.4285714 -0.667319 0.2172211 -0.9765166 0.02935421 0.2191781 -0.9745597 0.037182 0.2700587 -0.9589041 0.09589041 0.2720157 -0.9569471 0.09589041 0.009784736 -0.9980431 -0.0665362 0.009784736 -1 0.005870841 0.07827789 -0.9706458 -0.2250489 0.07827789 -0.9706458 -0.2250489 0.04305284 -0.9980431 0.03131115 0.037182 -1 0.005870841 0.04892368 -0.9980431 -0.04500978 -0.02348337 -1 0.001956947 0.04305284 -0.9980431 -0.06066536 -0.04109589 -0.9921722 0.109589 0.01761252 -0.9980431 -0.05283757 0.009784736 -1 0.005870841 -0.009784736 -1 0.001956947 0.05283757 -0.9960861 0.05675147 -0.009784736 -1 0 0.009784736 -0.9921722 0.1291585 -0.009784736 -1 0 0.05283757 -0.9980431 0.02544031 -0.007827789 -1 -0.001956947 0.003913894 -1 0.007827789 -0.007827789 -1 -0.003913894 0.005870841 -1 0.003913894 -0.007827789 -1 -0.005870841 0.005870841 -1 0.003913894 -0.005870841 -1 -0.007827789 0.007827789 -1 0.001956947 -0.005870841 -1 -0.007827789 0.009784736 -1 0.001956947 -0.001956947 -1 -0.009784736 0.009784736 -1 0 -0.001956947 -1 -0.007827789 0.009784736 -1 0 0 -1 -0.009784736 0.007827789 -1 -0.001956947 0 -1 -0.009784736 0.007827789 -1 -0.001956947 0.001956947 -1 -0.007827789 0.007827789 -1 -0.005870841 0.003913894 -1 -0.007827789 0.007827789 -1 -0.005870841 0.005870841 -1 -0.007827789 0.005870841 -1 -0.007827789 -0.8356164 0.4735812 0.2778865 -0.5831702 0.8023483 0.1193738 -0.3131115 0.9491194 -0.0332681 -0.516634 0.8101761 -0.2759295 -0.6986302 0.4892368 -0.5225049 -0.890411 -0.007827789 -0.4540117 -0.4657534 -0.2113503 -0.8590998 -0.2191781 -0.2739726 -0.9373777 0.1526419 -0.7318982 -0.6653621 0.5479452 -0.1428571 -0.8238748 0.7064579 -0.555773 -0.4363992 0.9941292 0.05088063 -0.1037182 0.9471624 -0.2270059 0.223092 0.7710372 0.3150685 0.5518591 0.5362035 -0.2270059 0.81409 0.06849315 0.6653621 0.7436399 -0.2994129 0.1409002 0.9432485 -0.5459883 0.5733855 0.6125244 -0.9041096 0.1350294 0.4031311 -0.9686888 0.1761252 0.1741683 -0.890411 -0.007827789 -0.4540117 -0.08610567 0.2367906 0.9667319 0.4285714 -0.1643836 0.888454 -0.3933464 -0.3835616 0.8356164 -0.7358121 0.3953033 0.5518591 -0.9882583 -0.09197652 0.1154599 -0.9530333 0.2152642 -0.2172211 -0.7729941 -0.3111546 -0.553816 -0.5362035 0.223092 -0.81409 -0.06849315 -0.6614481 -0.7475538 0.3013699 -0.1428571 -0.9432485 0.6027398 -0.483366 -0.6360078 0.6203523 0.7553816 -0.2113503 0.9569471 0.260274 0.1330724 0.4579256 0.7847358 0.4168297 0.4285714 -0.1643836 0.888454 -0.08610567 0.2367906 0.9667319 -0.01174168 -0.6966732 0.7162427 0.7808219 -0.0998043 0.6164383 0.7886497 -0.07632094 0.6105675 0.9863014 0.1389433 0.08806262 0.962818 -0.1037182 -0.2524462 0.7299413 0.2093934 -0.6516634 0.2994129 -0.4911937 -0.8180039 -0.04500978 0.4677104 -0.8825831 -0.4872798 -0.555773 -0.6751468 -0.6477495 0.6947162 -0.3150685 -0.81409 -0.5733855 0.08610567 -0.7123288 0.4774951 0.516634 -0.2994129 -0.7005871 0.6477495 -0.01174168 -0.6966732 0.7162427 -0.003913894 1 0.02544031 0 1 0.02152642 -0.001956947 1 0.02544031 0.3796478 0.8688846 0.3150685 0.05283757 -0.9980431 0.01369863 0.1702544 0.01369863 0.9863014 -0.146771 0 0.9902152 0.6829746 0 0.7299413 0.6731898 0.005870841 0.739726 0.9863014 -0.001956947 0.1604697 0.9569471 -0.003913894 0.2896282 0.9549902 0 -0.2994129 0.8708415 -0.001956947 -0.4911937 0.81409 0 -0.5792564 0.5870842 0 -0.8082192 0.592955 0 -0.8043053 0.3091977 0 -0.9510763 0.3150685 0 -0.9491194 0 0 -1 0.005870841 0 -1 -0.3091977 0 -0.9510763 -0.3033268 0 -0.9530333 -0.5870842 0 -0.8082192 -0.5831702 0 -0.8121331 -0.8082192 0 -0.5870842 -0.8043053 0 -0.592955 -0.9510763 0 -0.3091977 -0.9491194 0 -0.3150685 -1 0 -0.001956947 -1 0 -0.005870841 -0.9510763 0 0.3072407 -0.9530333 0 0.3033268 -0.8121331 0 0.5851272 -0.8121331 0 0.5831702 -0.5909981 0 0.8062623 -0.5949119 0 0.8043053 -0.4598826 0 0.888454 -0.4227006 -0.001956947 0.9060665 -0.4540117 0 0.890411 -0.07436399 -0.9980431 -0.003913894 -0.08219178 -0.9960861 -0.009784736 -0.08610567 -0.9960861 -0.04305284 -0.08610567 -0.9960861 -0.04696673 0.111546 -0.9863014 0.1272016 -0.960861 0 0.2778865 -0.960861 0 0.2778865 -0.9726027 0 0.2328767 -0.9726027 0 0.2328767 -1 0 -0.003913894 -1 0 -0.003913894 -0.9060665 0 -0.4227006 -0.9060665 0.02935421 -0.4207436 -0.7279844 0.2093934 -0.6536204 -0.5459883 0.7808219 -0.3013699 -0.4246575 0.6125244 -0.667319 -0.3287671 0.04500978 -0.9432485 -0.3209393 0 -0.9471624 -0.01565558 0 -1 -0.01565558 0 -1 0.3033268 0 -0.9530333 0.3033268 0 -0.9530333 0.6007828 0 -0.8003914 0.6007828 0 -0.8003914 0.8219178 0 -0.5694716 0.8219178 0 -0.5694716 0.9510763 0 -0.3072407 0.9530333 0 -0.3052838 1 0 0.01174168 1 0 0.01369863 0.9549902 0 0.297456 0.9530333 0 0.3033268 0.8982387 0 0.4403131 -0.04696673 0.9863014 -0.1565558 -0.04892368 0.9863014 -0.1565558 -0.05088063 0.9863014 -0.1526419 0.03522505 1 -0.01369863 0.08610567 0.9941292 0.06066536 0.07632094 0.9960861 0.02544031 0.07436399 0.9960861 0.02544031 0.09001957 0.9960861 0.01174168 0.09393346 0.9960861 0.01369863 -0.8199608 0.003913894 -0.5733855 -0.8199608 0.003913894 -0.5733855 -0.8571429 0.005870841 -0.5146771 -0.8571429 0.005870841 -0.5146771 -0.9706458 0.005870841 -0.2367906 -0.9667319 -0.07240704 -0.2407045 -0.6320939 -0.7729941 -0.05675147 -0.6340509 -0.7710372 -0.05283757 -0.6320939 -0.7729941 -0.05675147 -0.9549902 -0.07240704 0.2876712 -0.9530333 0.005870841 0.3013699 -0.8199608 0.005870841 0.5714286 -0.8199608 0.005870841 0.5714286 -0.5988258 0.005870841 0.8003914 -0.5988258 0.005870841 0.8003914 -0.3111546 0.005870841 0.9510763 -0.3111546 0.005870841 0.9510763 0.003913894 0.005870841 1 0.003913894 0.005870841 1 0.3111546 0.005870841 0.9510763 0.3111546 0.005870841 0.9510763 0.6007828 0.005870841 0.7984344 0.6007828 0.005870841 0.7984344 0.8199608 0.005870841 0.5733855 0.8199608 0.005870841 0.5733855 0.9432485 0.005870841 0.3307241 0.9432485 0.005870841 0.3307241 1 0.005870841 0.007827789 1 0.005870841 0.007827789 0.9980431 0.005870841 -0.07240704 0.9980431 0.005870841 -0.07436399 0.9099804 0.005870841 -0.4148728 0.8649706 0.007827789 0.5009785 0.8649706 0.007827789 0.5009785 0.8806262 0.007827789 0.4735812 0.8806262 0.007827789 0.4735812 0.9530333 0.007827789 0.3052838 0.9530333 0.007827789 0.3052838 1 0.007827789 0.01565558 1 0.007827789 0.01565558 0.9530333 0.007827789 -0.3033268 0.9530333 0.007827789 -0.3033268 0.8219178 0.007827789 -0.5694716 0.8219178 0.007827789 -0.5694716 0.6007828 0.007827789 -0.8003914 0.6007828 0.007827789 -0.8003914 0.3052838 0.007827789 -0.9530333 0.3052838 0.007827789 -0.9530333 -0.01174168 0.007827789 -1 -0.01174168 0.007827789 -1 -0.3189824 0.007827789 -0.9471624 -0.3189824 0.007827789 -0.9471624 -0.6125244 0.007827789 -0.7906067 -0.6125244 0.007827789 -0.7906067 -0.8551859 0.009784736 -0.516634 -0.8551859 0.009784736 -0.518591 -0.221135 -0.9745597 0.037182 -0.2015656 -0.9784736 0.04500978 -0.2035225 -0.9765166 0.05870841 -0.183953 -0.9823875 0.03913894 -0.2113503 -0.9745597 0.06849315 -0.2035225 -0.9765166 0.05870841 -0.555773 -0.5792564 0.5968689 -0.6164383 0.007827789 0.7866927 -0.3405088 0.01369863 0.9393346 -0.3405088 0.01369863 0.9393346 0.1448141 0.01174168 0.9902152 0.1311155 0.01174168 0.9921722 0.3170255 0.009784736 0.9491194 -0.4207436 0.8943248 0.146771 -0.4735812 0.8610567 0.1800391 -0.9863014 0.1682975 0.01761252 -1 -0.009784736 -0.005870841 -0.9432485 -0.009784736 -0.334638 -0.9432485 -0.009784736 -0.334638 -0.8258317 -0.009784736 -0.5655577 -0.8258317 -0.009784736 -0.5655577 -0.6086106 -0.009784736 -0.7925636 -0.6086106 -0.009784736 -0.7925636 -0.3150685 -0.009784736 -0.9491194 -0.3150685 -0.009784736 -0.9491194 -0.009784736 -0.009784736 -1 -0.009784736 -0.009784736 -1 0.3072407 -0.009784736 -0.9510763 0.3072407 -0.009784736 -0.9510763 0.6007828 -0.009784736 -0.8003914 0.5988258 -0.009784736 -0.8003914 0.8219178 -0.009784736 -0.5714286 0.8219178 -0.009784736 -0.5714286 0.9530333 -0.009784736 -0.3033268 0.9530333 -0.009784736 -0.3033268 1 -0.009784736 0.01369863 1 -0.009784736 0.01369863 0.9510763 -0.009784736 0.3072407 0.9510763 -0.009784736 0.3072407 0.8727984 -0.009784736 0.4872798 0.8727984 -0.009784736 0.4872798 0.851272 -0.007827789 0.5264188 0.851272 -0.007827789 0.5264188 0.9902152 0 0.1369863 0.9902152 0 0.1369863 0.9549902 0 0.2935421 0.9549902 0 0.2935421 0.8121331 0 0.5831702 0.8121331 0 0.5831702 0.5401174 0 0.8414873 0.5401174 0 0.8414873 0.4344423 0 0.9001957 -0.9510763 0.009784736 0.3091977 -0.9491194 0.01174168 0.3131115 -0.9530333 0.18591 -0.2367906 -0.7808219 -0.1663405 -0.6027398 -0.4246575 -0.109589 -0.8982387 -0.4618395 -0.02348337 -0.8864971 0.1545988 -0.4266145 -0.890411 0.3483366 0.2544031 -0.9021527 0.3483366 0.2544031 -0.9021527 0.1545988 -0.4266145 -0.890411 0.7338552 -0.4520548 -0.5088063 0.7710372 0.6046967 -0.1976517 0.9589041 -0.2348337 0.1545988 0.5988258 -0.07827789 0.7964775 0.6360078 0.5420744 0.5479452 0.1252446 0.2387476 0.962818 0.0332681 -0.5636008 0.8258317 -0.4774951 -0.3933464 0.7866927 0.9530333 -0.1937378 -0.2289628 0.9510763 -0.009784736 -0.3091977 0.7534246 -0.6379648 0.1624266 0.7338552 -0.2857143 0.6164383 0.369863 -0.778865 0.5048923 -0.3776908 0.1213307 0.9178082 0.221135 -0.9745597 -0.01174168 -0.146771 0.1154599 0.9823875 0.1565558 -0.9863014 0.06066536 -0.0998043 -0.9119374 0.3972603 0.3033268 -0.9530333 0.003913894 0.221135 -0.9745597 -0.01174168 0.3033268 -0.9530333 0.005870841 0.3033268 -0.9530333 0.005870841 0.3248532 -0.9393346 0.0998043 0.3248532 -0.9393346 0.1017613 0.2700587 -0.9589041 0.09589041 0.2720157 -0.9569471 0.09589041 -0.146771 0.1154599 0.9823875 0.2798434 -0.9569471 -0.06849315 0.2759295 -0.9530333 -0.1232877 0.2407045 -0.964775 -0.0998043 0.2426614 -0.964775 -0.1037182 0.2191781 -0.9745597 0.037182 0.2172211 -0.9765166 0.02935421 0.9569471 -0.1291585 0.2622309 0.9686888 0.2074364 0.1369863 0.8336595 0.04109589 0.5499021 0.9021527 0.1252446 -0.4129159 0.9569471 -0.1291585 0.2622309 0.06262231 0.2994129 -0.9530333 -0.3463796 -0.04500978 -0.9373777 0.5048923 -0.7475538 -0.4305284 -0.7710372 0.01956947 -0.6360078 -0.7553816 0.0998043 -0.6457925 -0.8747554 -0.4540117 -0.1663405 -0.9686888 -0.1389433 0.2035225 -0.8023483 -0.2681018 0.5322896 -0.55773 0.4109589 0.7221135 -0.2681018 -0.2387476 0.9334638 0.07240704 0.3855186 0.9197652 0.4520548 0.06262231 0.890411 0.592955 0.6360078 0.4951076 0.9452055 0.06457926 0.3209393 0.8395303 0.5420744 -0.04305284 0.5362035 -0.7964775 -0.2759295 0.5048923 -0.7475538 -0.4305284 -0.01761252 1 0 -0.1154599 0.9941292 0.007827789 -0.09197652 0.9941292 0.037182 0 1 0 0 1 0 0 1 0 0 1 0 0 1 0 0 1 0 0 1 0 0 1 0 0 1 0 0 1 0 0 1 0 0 1 0 0 1 0 0 1 0 0 1 0 0 1 0 0 1 0 0 1 0 0 1 0 0 1 0 0 1 0 -0.1878669 0.9784736 -0.08610567 -0.1663405 0.9863014 0.02739726 -0.1702544 0.9843444 -0.03913894 0.08023483 0.9765166 0.1956947 -0.1252446 0.9804305 0.1545988 -0.4168297 0.5381604 0.7318982 -0.369863 0.4168297 0.8297456 -0.04892368 0.5362035 0.8434442 -0.6849315 0.4187867 0.5949119 -0.8258317 0.2544031 0.5029354 0.183953 -0.9784736 0.09784736 0.1330724 -0.9863014 0.08610567 0.183953 -0.9784736 0.09589041 0.1448141 -0.9863014 0.08806262 0.01174168 -1 0.037182 0.9960861 -0.007827789 0.08414873 0.9099804 0.005870841 -0.4148728 0.9960861 -0.007827789 0.09393346 1 -0.007827789 0.009784736 1 -0.007827789 0.009784736 0.9452055 -0.009784736 0.3287671 0.9452055 -0.009784736 0.3287671 0.81409 -0.007827789 0.5792564 0.81409 -0.007827789 0.5792564 0.5949119 -0.007827789 0.8043053 0.5949119 -0.007827789 0.8043053 0.3072407 -0.007827789 0.9510763 0.3072407 -0.007827789 0.9510763 0 -0.007827789 1 0 -0.007827789 1 -0.3131115 -0.007827789 0.9491194 -0.3131115 -0.007827789 0.9491194 -0.5988258 -0.007827789 0.8003914 -0.5988258 -0.007827789 0.8003914 -0.8199608 -0.007827789 0.5733855 -0.8199608 -0.007827789 0.5733855 -0.925636 -0.007827789 0.3757339 -0.9236791 -0.1193738 0.3639922 -0.4481409 -0.8923679 -0.03913894 -0.4461839 -0.8943248 -0.04696673 -0.4481409 -0.8923679 -0.03913894 -0.9412916 -0.1213307 -0.3150685 -0.9491194 -0.007827789 -0.3131115 -0.8434442 -0.007827789 -0.5362035 -0.8434442 -0.007827789 -0.5362035 -0.6086106 -0.007827789 -0.7945206 -0.6086106 -0.007827789 -0.7945206 -0.3424658 -0.01369863 -0.9393346 -0.3424658 -0.01565558 -0.9393346 -0.3052838 -0.009784736 -0.9530333 -0.3052838 -0.009784736 -0.9530333 0.5440313 0.005870841 -0.8375734 0.9099804 0.005870841 -0.4148728 0.5459883 0.005870841 -0.8375734 0.3600783 0.009784736 -0.9334638 0.3581213 0.009784736 -0.9334638 0.2857143 0.005870841 -0.9589041 0.2857143 0.005870841 -0.9589041 -0.005870841 -0.01369863 1 0.3228963 -0.009784736 0.9452055 -0.001956947 -0.01369863 1 -0.3483366 -0.01174168 0.9373777 -0.3463796 -0.01174168 0.9373777 -0.7162427 -0.009784736 0.6986302 -0.7123288 -0.009784736 0.702544 -0.4735812 0.8610567 0.1800391 -0.7671233 0 -0.6418787 -0.816047 0 -0.5792564 -0.7671233 0 -0.6418787 -0.5870842 0 -0.8082192 -0.5870842 0 -0.8082192 -0.3170255 0 -0.9491194 -0.3170255 0 -0.9491194 -0.03913894 0 -1 -0.03913894 0 -1 0.2309198 0 -0.9726027 0.2309198 0 -0.9726027 0.553816 0 -0.8336595 0.553816 0 -0.8336595 0.8023483 0 -0.5988258 0.8023483 0 -0.5988258 0.9393346 0 -0.3424658 0.9393346 0 -0.3424658 0.9804305 0 -0.2015656 0.9804305 0 -0.2015656 0.444227 0 -0.8962818 0.4481409 0 -0.8943248 0.6242661 0 -0.7808219 -0.005870841 0 -1 -0.005870841 0 -1 -0.3209393 0 -0.9471624 -0.3209393 0 -0.9471624 -0.5675147 0 -0.8219178 -0.5675147 0 -0.8219178 -0.6868885 0 -0.7279844 -0.6849315 0 -0.7279844 -0.7201566 0 -0.6947162 0.04500978 0.9980431 0.02739726 0.02935421 1 0.01761252 0.1252446 0.9902152 0.07436399 0 1 0 0 1 0 -0.01761252 1 0 -0.01956947 1 0 -0.0332681 1 0 -0.2622309 0 0.964775 0.005870841 0 1 -0.2661448 0 0.964775 -0.2778865 0 0.960861 -0.2778865 0 0.960861 0.0665362 0 0.9980431 0.06457926 0 0.9980431 0.2133072 0 0.9765166 0.2289628 -0.7690802 -0.5968689 0.1311155 -0.9080235 -0.3992172 0.3228963 0.704501 -0.6320939 0.03522505 -0.2641879 -0.962818 -0.02935421 0.3287671 -0.9432485 -0.09393346 0.9843444 -0.1545988 -0.06066536 0.9941292 -0.09393346 -0.05870841 0.9960861 -0.07632094 -0.04305284 0.9980431 -0.04305284 -0.04305284 0.9980431 -0.04305284 -0.037182 -0.007827789 1 -0.4305284 0.04500978 0.9021527 -0.2915851 -0.3679061 0.8825831 -0.3405088 0.5225049 0.7827789 -0.009784736 0.2465753 0.9686888 -0.037182 -0.007827789 1 0.8786693 -0.1330724 0.4579256 0.8551859 0.2152642 0.4716243 0.6262231 0.06262231 0.776908 0.8864971 0.4500979 -0.1017613 0.9784736 -0.1330724 0.1624266 0.8786693 -0.1330724 0.4579256 0.6360078 -0.7455969 -0.2015656 0.2661448 0.8101761 -0.5244619 0.3228963 -0.9080235 -0.2681018 0.3424658 -0.09589041 0.9354208 0.3228963 -0.9080235 -0.2681018 -0.06457926 -0.4598826 0.8845401 0.3228963 -0.9080235 -0.2681018 0.003913894 -1 0.001956947 -0.005870841 -1 0.003913894 -0.005870841 -1 0.009784736 -0.01761252 -1 -0.001956947 -0.037182 -0.9980431 0.02935421 -0.06262231 -0.9941292 0.08610567 -0.1076321 -0.9941292 -0.007827789 -0.1076321 -0.9941292 -0.007827789 -0.08610567 -0.9941292 -0.06066536 -0.03522505 -1 0.01956947 0.3424658 -0.09589041 0.9354208 0.778865 0.3835616 0.4970646 0.2622309 0.851272 0.4540117 0.851272 0.2133072 0.479452 0.1135029 0.8375734 0.5342466 -0.06457926 0.1154599 0.9902152 -0.08023483 0 0.9960861 -0.8395303 -0.4266145 -0.3365949 -0.4324853 0.8943248 0.1154599 -0.4148728 -0.8786693 -0.2387476 -1 0 0.037182 -0.9530333 0 0.3052838 -0.9530333 0 0.3052838 -0.8023483 0 0.5968689 -0.8023483 0 0.5968689 -0.5244619 0 0.851272 -0.5244619 0 0.851272 -0.2387476 0 0.9706458 -0.2387476 0 0.9706458 -0.06457926 0.1154599 0.9902152 -0.08023483 0 0.9960861 -0.2661448 0.9589041 -0.09001957 -0.3013699 0.9491194 -0.1017613 -0.3013699 0.9471624 -0.1017613 -0.2661448 0.960861 -0.09001957 -0.2074364 0.9784736 0.02348337 -0.2915851 0.9549902 0.03913894 -0.2661448 0.9589041 -0.09001957 -0.3013699 0.9491194 -0.1017613 -0.3522505 0.9315069 -0.09393346 -0.3542074 0.9315069 -0.09197652 -0.1409002 0.9902152 0 -0.2700587 0.962818 0.01565558 -0.2994129 0.9432485 0.1506849 -0.2152642 0.9765166 -0.03131115 -0.1389433 0.6164383 0.7749511 -0.3444227 -0.09197652 0.9334638 -0.1741683 0.9569471 0.2289628 -0.2485323 0.9569471 0.1448141 -0.334638 0.9412916 0.05675147 -0.2074364 0.9784736 0.02348337 -0.6790606 -0.1565558 -0.7162427 -0.8669276 0.4403131 -0.2367906 -0.1702544 0.9843444 0.04696673 0.01174168 0.9980431 0.06262231 -0.03131115 1 -0.001956947 -0.03131115 1 -0.001956947 -0.06457926 0.9960861 0.05870841 -0.06457926 0.9960861 0.05870841 -0.001956947 0.9980431 0.0704501 -0.001956947 0.9980431 0.07240704 0.001956947 0.9980431 0.04696673 -0.007827789 1 0.037182 -0.02739726 0.9980431 0.06066536 -0.03913894 0.9941292 0.0998043 -0.01956947 0.9765166 0.2172211 -0.8669276 0.4403131 -0.2367906 0.005870841 -1 0.005870841 0.003913894 -1 0.007827789 0.005870841 -1 0.003913894 0.01956947 -1 0.02739726 0.007827789 -1 0.003913894 0.005870841 -0.9980431 0.06262231 0.0704501 -0.9902152 0.1174168 -0.01956947 -1 0.037182 -0.005870841 -1 0.009784736 -0.005870841 -1 0.007827789 -0.005870841 -1 0.005870841 -0.005870841 -1 0.005870841 -0.007827789 -1 0.003913894 -0.007827789 -1 0.003913894 -0.009784736 -1 0.001956947 -0.009784736 -1 0.001956947 -0.02544031 -1 0.003913894 -0.009784736 -1 0 -0.09197652 -0.9960861 -0.0332681 -0.1291585 -0.9921722 -0.001956947 -0.01174168 -1 -0.02739726 0.007827789 -1 -0.02739726 -0.005870841 -1 -0.007827789 -0.005870841 -1 -0.007827789 -0.001956947 -1 -0.007827789 -0.001956947 -1 -0.007827789 0 -1 -0.009784736 0 -1 -0.009784736 0.001956947 -1 -0.007827789 0.001956947 -1 -0.007827789 0.005870841 -1 -0.007827789 0.005870841 -1 -0.007827789 0.007827789 -1 -0.005870841 0.007827789 -1 -0.005870841 0.007827789 -1 -0.001956947 0.007827789 -1 -0.001956947 0.009784736 -1 0 0.009784736 -1 0 0.009784736 -1 0.001956947 0.009784736 -1 0.001956947 0.005870841 -1 0.003913894 -0.3405088 -0.9158513 -0.2093934 0.05479452 -0.9941292 -0.09393346 -0.2191781 -0.9393346 -0.2661448 0.0332681 -0.9980431 -0.05675147 0.001956947 -1 -0.005870841 0.07240704 -0.9980431 -0.01369863 0.0704501 -0.9980431 -0.01369863 0.04892368 -0.9960861 -0.07240704 0.04696673 -0.9960861 -0.07240704 -0.009784736 -0.9980431 -0.05870841 -0.009784736 -0.9980431 -0.05870841 -0.007827789 -1 0.001956947 -0.009784736 -1 0 0.06457926 -0.9980431 -0.01565558 -0.1409002 -0.9706458 -0.1996086 -0.2191781 -0.9393346 -0.2661448 -0.1311155 -0.1780822 0.9745597 0.2133072 0.890411 -0.4011742 0.3287671 0.2641879 0.9060665 0.2818004 0.6477495 -0.7084149 0.03522505 1 -0.005870841 0.2818004 0.6477495 -0.7084149 -0.05870841 0.9980431 -0.037182 -0.0332681 1 -0.01956947 0.009784736 1 -0.0332681 0.007827789 1 -0.003913894 0.01761252 1 0.01369863 0.01174168 -0.9980431 -0.05675147 0.03522505 1 0.01956947 0.08023483 0.9960861 0.01956947 0.04696673 0.9980431 0.03131115 0.0998043 0.9941292 0.03131115 0.1917808 0.9667319 0.1702544 -0.1311155 -0.1780822 0.9745597 0.037182 -1 0.01956947 0.02739726 -1 0.01565558 0.01369863 -1 0.03522505 -0.01174168 -1 0.007827789 -0.01174168 -1 0.005870841 -0.0332681 -1 -0.01369863 -0.02935421 -1 -0.01174168 -0.0332681 -1 0.01761252 -0.02739726 -1 0.02935421 -0.02152642 -1 0.02544031 0.005870841 -1 0.003913894 0.005870841 -1 0.003913894 0.009784736 -1 0.001956947 0.009784736 -1 0.001956947 0.009784736 -1 0 0.009784736 -1 0 0.007827789 -1 -0.001956947 0.007827789 -1 -0.001956947 0.007827789 -1 -0.005870841 0.007827789 -1 -0.005870841 0.005870841 -1 -0.007827789 0.005870841 -1 -0.007827789 0.001956947 -1 -0.007827789 0.001956947 -1 -0.007827789 0 -1 -0.009784736 0 -1 -0.009784736 -0.001956947 -1 -0.007827789 -0.001956947 -1 -0.007827789 -0.005870841 -1 -0.007827789 -0.005870841 -1 -0.007827789 -0.007827789 -1 -0.005870841 -0.007827789 -1 -0.005870841 -0.009784736 -1 -0.003913894 -0.009784736 -1 -0.003913894 -0.009784736 -1 0 -0.009784736 -1 0 0.005870841 -0.9980431 0.04500978 0.003913894 -1 0.03913894 0.009784736 -1 0.001956947 0.009784736 -1 0 0.009784736 -1 0.001956947 0.005870841 -1 0.003913894 0.005870841 -1 0.003913894 0.005870841 -1 -0.009784736 0.01956947 -1 -0.003913894 0.001956947 -1 -0.02544031 0.001956947 -1 -0.03131115 -0.007827789 -1 -0.001956947 -0.01761252 -1 0.01956947 -0.01565558 -1 0.005870841 -0.01369863 -1 0.003913894 0.005870841 -1 0.01369863 0.007827789 -1 0.01565558 0.001956947 -1 0 -0.01369863 -1 -0.009784736 -0.01565558 -1 -0.01956947 -0.009784736 -1 0 -0.009784736 -1 0 -0.009784736 -1 -0.003913894 -0.009784736 -1 -0.003913894 -0.007827789 -1 -0.005870841 -0.007827789 -1 -0.005870841 -0.005870841 -1 -0.007827789 -0.005870841 -1 -0.007827789 -0.001956947 -1 -0.007827789 -0.001956947 -1 -0.009784736 0 -1 -0.009784736 0 -1 -0.009784736 0.001956947 -1 -0.007827789 0.001956947 -1 -0.007827789 0.005870841 -1 -0.007827789 0.005870841 -1 -0.007827789 0.007827789 -1 -0.005870841 0.007827789 -1 -0.005870841 0.007827789 -1 -0.001956947 0.007827789 -1 -0.001956947 0.005870841 -1 0.005870841 0.009784736 -1 0.01174168 0.005870841 -1 0.005870841 0.005870841 -1 0.003913894 0.007827789 -1 0.003913894 0.009784736 -1 0.001956947 0.009784736 -1 0.001956947 0.009784736 -1 0 0.009784736 -1 0 0.007827789 -1 -0.001956947 0.007827789 -1 -0.001956947 0.007827789 -1 -0.005870841 0.007827789 -1 -0.005870841 0.005870841 -1 -0.007827789 0.005870841 -1 -0.007827789 0.001956947 -1 -0.007827789 0.001956947 -1 -0.007827789 0 -1 -0.009784736 0 -1 -0.009784736 -0.001956947 -1 -0.007827789 -0.001956947 -1 -0.007827789 -0.005870841 -1 -0.007827789 -0.005870841 -1 -0.007827789 -0.01565558 -1 -0.007827789 -0.007827789 -1 -0.005870841 -0.1076321 -0.9941292 -0.02544031 -0.1232877 -0.9921722 -0.02152642 -0.334638 0.9373777 0.1056751 -0.0332681 -1 0.01761252 -0.003913894 -1 0.007827789 -0.003913894 -1 0.007827789 -0.007827789 -1 0.007827789 -0.007827789 -1 0.005870841 0 -1 0.01761252 -0.001956947 -1 0.01956947 0.9569471 -0.2309198 0.1741683 -0.3424658 -0.9354208 -0.09784736 0.9941292 -0.01761252 -0.1056751 0.9021527 -0.1272016 -0.4109589 0.8727984 -0.07436399 0.481409 -0.9765166 -0.01565558 -0.2133072 -0.9863014 0.003913894 -0.1702544 0.3581213 -0.1252446 0.925636 -0.9863014 0.003913894 -0.1702544 -0.9863014 0.001956947 -0.1702544 0.9549902 -0.2152642 -0.2074364 0.3835616 -0.6360078 0.6692759 0.4148728 -0.09393346 -0.9060665 -0.0704501 -0.5949119 0.8003914 0.260274 -0.05479452 -0.964775 0.18591 -0.1800391 -0.9667319 0.1702544 -0.007827789 -0.9863014 0.1702544 -0.007827789 -0.9863014 0.1702544 -0.007827789 -0.9863014 0.1702544 -0.007827789 -0.9863014 0.2700587 -0.7084149 0.6516634 -0.3131115 -0.8982387 -0.3111546 0.9667319 -0.2074364 0.1565558 0.516634 -0.1448141 0.8434442 -0.8571429 -0.04109589 -0.5127202 -0.9765166 -0.05088063 -0.2113503 -0.888454 -0.003913894 -0.4598826 -0.888454 -0.003913894 -0.4598826 -0.888454 -0.003913894 -0.4598826 -0.888454 -0.003913894 -0.4598826</float_array>
          <technique_common>
            <accessor source="#pCube64__CmFillerObjectCC-normal-array" count="3649" stride="3">
              <param name="X" type="float" />
              <param name="Y" type="float" />
              <param name="Z" type="float" />
            </accessor>
          </technique_common>
        </source>
        <source id="pCube64__CmFillerObjectCC-color">
          <float_array id="pCube64__CmFillerObjectCC-color-array" count="14596">0.3411765 0.3254902 0.345098 1 0.3411765 0.3254902 0.345098 1 0.3411765 0.3254902 0.345098 1 0.3411765 0.3254902 0.345098 1 0.3411765 0.3254902 0.345098 1 0.3411765 0.3254902 0.345098 1 0.3411765 0.3254902 0.345098 1 0.3411765 0.3254902 0.345098 1 0.3411765 0.3254902 0.345098 1 0.3411765 0.3254902 0.345098 1 0.3411765 0.3254902 0.345098 1 0.3411765 0.3254902 0.345098 1 0.3411765 0.3254902 0.345098 1 0.3411765 0.3254902 0.345098 1 0.3411765 0.3254902 0.345098 1 0.1333333 0.145098 0.1764706 1 0.1333333 0.145098 0.1764706 1 0.1333333 0.145098 0.1764706 1 0.1333333 0.145098 0.1764706 1 0.1333333 0.145098 0.1764706 1 0.1333333 0.145098 0.1764706 1 0.1333333 0.145098 0.1764706 1 0.1333333 0.145098 0.1764706 1 0.1333333 0.145098 0.1764706 1 0.1333333 0.145098 0.1764706 1 0.1333333 0.145098 0.1764706 1 0.1333333 0.145098 0.1764706 1 0.1333333 0.145098 0.1764706 1 0.1333333 0.145098 0.1764706 1 0.1333333 0.145098 0.1764706 1 0.1333333 0.145098 0.1764706 1 0.1333333 0.145098 0.1764706 1 0.1333333 0.145098 0.1764706 1 0.1333333 0.145098 0.1764706 1 0.1333333 0.145098 0.1764706 1 0.1333333 0.145098 0.1764706 1 0.1333333 0.145098 0.1764706 1 0.1333333 0.145098 0.1764706 1 0.1333333 0.145098 0.1764706 1 0.1333333 0.145098 0.1764706 1 0.1333333 0.145098 0.1764706 1 0.1333333 0.145098 0.1764706 1 0.1333333 0.145098 0.1764706 1 0.1333333 0.145098 0.1764706 1 0.1333333 0.145098 0.1764706 1 0.1333333 0.145098 0.1764706 1 0.1333333 0.145098 0.1764706 1 0.1333333 0.145098 0.1764706 1 0.1333333 0.145098 0.1764706 1 0.1333333 0.145098 0.1764706 1 0.1333333 0.145098 0.1764706 1 0.1333333 0.145098 0.1764706 1 0.1333333 0.145098 0.1764706 1 0.1333333 0.145098 0.1764706 1 0.1333333 0.145098 0.1764706 1 0.1333333 0.145098 0.1764706 1 0.1333333 0.145098 0.1764706 1 0.1333333 0.145098 0.1764706 1 0.1333333 0.145098 0.1764706 1 0.1333333 0.145098 0.1764706 1 0.1333333 0.145098 0.1764706 1 0.1333333 0.145098 0.1764706 1 0.1333333 0.145098 0.1764706 1 0.3411765 0.3254902 0.345098 1 0.3411765 0.3254902 0.345098 1 0.3411765 0.3254902 0.345098 1 0.3411765 0.3254902 0.345098 1 0.3411765 0.3254902 0.345098 1 0.3411765 0.3254902 0.345098 1 0.3411765 0.3254902 0.345098 1 0.3411765 0.3254902 0.345098 1 0.1333333 0.145098 0.1764706 1 0.1333333 0.145098 0.1764706 1 0.1333333 0.145098 0.1764706 1 0.1333333 0.145098 0.1764706 1 0.1333333 0.145098 0.1764706 1 0.1333333 0.145098 0.1764706 1 0.1333333 0.145098 0.1764706 1 0.1333333 0.145098 0.1764706 1 0.1333333 0.145098 0.1764706 1 0.1333333 0.145098 0.1764706 1 0.1333333 0.145098 0.1764706 1 0.1333333 0.145098 0.1764706 1 0.1333333 0.145098 0.1764706 1 0.1333333 0.145098 0.1764706 1 0.1333333 0.145098 0.1764706 1 0.1333333 0.145098 0.1764706 1 0.1333333 0.145098 0.1764706 1 0.1333333 0.145098 0.1764706 1 0.1333333 0.145098 0.1764706 1 0.1333333 0.145098 0.1764706 1 0.1333333 0.145098 0.1764706 1 0.1333333 0.145098 0.1764706 1 0.1333333 0.145098 0.1764706 1 0.1333333 0.145098 0.1764706 1 0.1333333 0.145098 0.1764706 1 0.1333333 0.145098 0.1764706 1 0.1333333 0.145098 0.1764706 1 0.1333333 0.145098 0.1764706 1 0.1333333 0.145098 0.1764706 1 0.1333333 0.145098 0.1764706 1 0.1333333 0.145098 0.1764706 1 0.1333333 0.145098 0.1764706 1 0.1333333 0.145098 0.1764706 1 0.1333333 0.145098 0.1764706 1 0.1333333 0.145098 0.1764706 1 0.1333333 0.145098 0.1764706 1 0.1333333 0.145098 0.1764706 1 0.1333333 0.145098 0.1764706 1 0.1333333 0.145098 0.1764706 1 0.1333333 0.145098 0.1764706 1 0.1333333 0.145098 0.1764706 1 0.1333333 0.145098 0.1764706 1 0.1333333 0.145098 0.1764706 1 0.1333333 0.145098 0.1764706 1 0.1333333 0.145098 0.1764706 1 0.1333333 0.145098 0.1764706 1 0.1333333 0.145098 0.1764706 1 0.1333333 0.145098 0.1764706 1 0.5607843 0.5176471 0.4588235 1 0.5607843 0.5176471 0.4588235 1 0.5607843 0.5176471 0.4588235 1 0.5607843 0.5176471 0.4588235 1 0.5607843 0.5176471 0.4588235 1 0.5607843 0.5176471 0.4588235 1 0.5607843 0.5176471 0.4588235 1 0.5607843 0.5176471 0.4588235 1 0.5607843 0.5176471 0.4588235 1 0.5607843 0.5176471 0.4588235 1 0.5607843 0.5176471 0.4588235 1 0.5607843 0.5176471 0.4588235 1 0.5607843 0.5176471 0.4588235 1 0.5607843 0.5176471 0.4588235 1 0.5607843 0.5176471 0.4588235 1 0.5607843 0.5176471 0.4588235 1 0.5607843 0.5176471 0.4588235 1 0.5607843 0.5176471 0.4588235 1 0.1333333 0.145098 0.1764706 1 0.1333333 0.145098 0.1764706 1 0.1333333 0.145098 0.1764706 1 0.1333333 0.145098 0.1764706 1 0.1333333 0.145098 0.1764706 1 0.1333333 0.145098 0.1764706 1 0.5607843 0.5176471 0.4588235 1 0.5607843 0.5176471 0.4588235 1 0.5607843 0.5176471 0.4588235 1 0.5607843 0.5176471 0.4588235 1 0.5607843 0.5176471 0.4588235 1 0.5607843 0.5176471 0.4588235 1 0.5607843 0.5176471 0.4588235 1 0.5607843 0.5176471 0.4588235 1 0.5607843 0.5176471 0.4588235 1 0.5607843 0.5176471 0.4588235 1 0.5607843 0.5176471 0.4588235 1 0.5607843 0.5176471 0.4588235 1 0.5607843 0.5176471 0.4588235 1 0.5607843 0.5176471 0.4588235 1 0.5607843 0.5176471 0.4588235 1 0.5607843 0.5176471 0.4588235 1 0.5607843 0.5176471 0.4588235 1 0.5607843 0.5176471 0.4588235 1 0.1333333 0.145098 0.1764706 1 0.1333333 0.145098 0.1764706 1 0.1333333 0.145098 0.1764706 1 0.1333333 0.145098 0.1764706 1 0.1333333 0.145098 0.1764706 1 0.1333333 0.145098 0.1764706 1 0.5607843 0.5176471 0.4588235 1 0.5607843 0.5176471 0.4588235 1 0.5607843 0.5176471 0.4588235 1 0.5607843 0.5176471 0.4588235 1 0.5607843 0.5176471 0.4588235 1 0.5607843 0.5176471 0.4588235 1 0.5607843 0.5176471 0.4588235 1 0.5607843 0.5176471 0.4588235 1 0.5607843 0.5176471 0.4588235 1 0.5607843 0.5176471 0.4588235 1 0.5607843 0.5176471 0.4588235 1 0.5607843 0.5176471 0.4588235 1 0.5607843 0.5176471 0.4588235 1 0.5607843 0.5176471 0.4588235 1 0.5607843 0.5176471 0.4588235 1 0.5607843 0.5176471 0.4588235 1 0.5607843 0.5176471 0.4588235 1 0.5607843 0.5176471 0.4588235 1 0.1333333 0.145098 0.1764706 1 0.1333333 0.145098 0.1764706 1 0.1333333 0.145098 0.1764706 1 0.1333333 0.145098 0.1764706 1 0.1333333 0.145098 0.1764706 1 0.1333333 0.145098 0.1764706 1 0.1333333 0.145098 0.1764706 1 0.1333333 0.145098 0.1764706 1 0.1333333 0.145098 0.1764706 1 0.1333333 0.145098 0.1764706 1 0.1333333 0.145098 0.1764706 1 0.1333333 0.145098 0.1764706 1 0.1333333 0.145098 0.1764706 1 0.1333333 0.145098 0.1764706 1 0.1333333 0.145098 0.1764706 1 0.1333333 0.145098 0.1764706 1 0.1333333 0.145098 0.1764706 1 0.1333333 0.145098 0.1764706 1 0.1333333 0.145098 0.1764706 1 0.1333333 0.145098 0.1764706 1 0.1333333 0.145098 0.1764706 1 0.1333333 0.145098 0.1764706 1 0.1333333 0.145098 0.1764706 1 0.1333333 0.145098 0.1764706 1 0.1333333 0.145098 0.1764706 1 0.1333333 0.145098 0.1764706 1 0.1333333 0.145098 0.1764706 1 0.1333333 0.145098 0.1764706 1 0.1333333 0.145098 0.1764706 1 0.1333333 0.145098 0.1764706 1 0.1333333 0.145098 0.1764706 1 0.1333333 0.145098 0.1764706 1 0.1333333 0.145098 0.1764706 1 0.1333333 0.145098 0.1764706 1 0.1333333 0.145098 0.1764706 1 0.1333333 0.145098 0.1764706 1 0.1333333 0.145098 0.1764706 1 0.1333333 0.145098 0.1764706 1 0.1333333 0.145098 0.1764706 1 0.1333333 0.145098 0.1764706 1 0.1333333 0.145098 0.1764706 1 0.1333333 0.145098 0.1764706 1 0.1333333 0.145098 0.1764706 1 0.1333333 0.145098 0.1764706 1 0.1333333 0.145098 0.1764706 1 0.1333333 0.145098 0.1764706 1 0.1333333 0.145098 0.1764706 1 0.1333333 0.145098 0.1764706 1 0.1333333 0.145098 0.1764706 1 0.1333333 0.145098 0.1764706 1 0.1333333 0.145098 0.1764706 1 0.1333333 0.145098 0.1764706 1 0.1333333 0.145098 0.1764706 1 0.1333333 0.145098 0.1764706 1 0.1333333 0.145098 0.1764706 1 0.1333333 0.145098 0.1764706 1 0.1333333 0.145098 0.1764706 1 0.1333333 0.145098 0.1764706 1 0.1333333 0.145098 0.1764706 1 0.1333333 0.145098 0.1764706 1 0.1333333 0.145098 0.1764706 1 0.1333333 0.145098 0.1764706 1 0.1333333 0.145098 0.1764706 1 0.1333333 0.145098 0.1764706 1 0.1333333 0.145098 0.1764706 1 0.1333333 0.145098 0.1764706 1 0.1333333 0.145098 0.1764706 1 0.1333333 0.145098 0.1764706 1 0.1333333 0.145098 0.1764706 1 0.1333333 0.145098 0.1764706 1 0.1333333 0.145098 0.1764706 1 0.1333333 0.145098 0.1764706 1 0.1333333 0.145098 0.1764706 1 0.1333333 0.145098 0.1764706 1 0.1333333 0.145098 0.1764706 1 0.1333333 0.145098 0.1764706 1 0.1333333 0.145098 0.1764706 1 0.1333333 0.145098 0.1764706 1 0.1333333 0.145098 0.1764706 1 0.1333333 0.145098 0.1764706 1 0.1333333 0.145098 0.1764706 1 0.1333333 0.145098 0.1764706 1 0.1333333 0.145098 0.1764706 1 0.1333333 0.145098 0.1764706 1 0.1333333 0.145098 0.1764706 1 0.1333333 0.145098 0.1764706 1 0.1333333 0.145098 0.1764706 1 0.1333333 0.145098 0.1764706 1 0.1333333 0.145098 0.1764706 1 0.1333333 0.145098 0.1764706 1 0.1333333 0.145098 0.1764706 1 0.1333333 0.145098 0.1764706 1 0.1333333 0.145098 0.1764706 1 0.1333333 0.145098 0.1764706 1 0.1333333 0.145098 0.1764706 1 0.1333333 0.145098 0.1764706 1 0.1333333 0.145098 0.1764706 1 0.1333333 0.145098 0.1764706 1 0.1333333 0.145098 0.1764706 1 0.1333333 0.145098 0.1764706 1 0.1333333 0.145098 0.1764706 1 0.1333333 0.145098 0.1764706 1 0.1333333 0.145098 0.1764706 1 0.1333333 0.145098 0.1764706 1 0.1333333 0.145098 0.1764706 1 0.1333333 0.145098 0.1764706 1 0.1333333 0.145098 0.1764706 1 0.1333333 0.145098 0.1764706 1 0.1333333 0.145098 0.1764706 1 0.1333333 0.145098 0.1764706 1 0.1333333 0.145098 0.1764706 1 0.1333333 0.145098 0.1764706 1 0.1333333 0.145098 0.1764706 1 0.1333333 0.145098 0.1764706 1 0.1333333 0.145098 0.1764706 1 0.1333333 0.145098 0.1764706 1 0.1333333 0.145098 0.1764706 1 0.1333333 0.145098 0.1764706 1 0.1333333 0.145098 0.1764706 1 0.1333333 0.145098 0.1764706 1 0.1333333 0.145098 0.1764706 1 0.1333333 0.145098 0.1764706 1 0.1333333 0.145098 0.1764706 1 0.1333333 0.145098 0.1764706 1 0.1333333 0.145098 0.1764706 1 0.1333333 0.145098 0.1764706 1 0.1333333 0.145098 0.1764706 1 0.1333333 0.145098 0.1764706 1 0.1333333 0.145098 0.1764706 1 0.1333333 0.145098 0.1764706 1 0.1333333 0.145098 0.1764706 1 0.1333333 0.145098 0.1764706 1 0.3411765 0.3254902 0.345098 1 0.3411765 0.3254902 0.345098 1 0.3411765 0.3254902 0.345098 1 0.3411765 0.3254902 0.345098 1 0.3411765 0.3254902 0.345098 1 0.3411765 0.3254902 0.345098 1 0.3411765 0.3254902 0.345098 1 0.3411765 0.3254902 0.345098 1 0.3411765 0.3254902 0.345098 1 0.3411765 0.3254902 0.345098 1 0.3411765 0.3254902 0.345098 1 0.3411765 0.3254902 0.345098 1 0.3411765 0.3254902 0.345098 1 0.3411765 0.3254902 0.345098 1 0.3411765 0.3254902 0.345098 1 0.3411765 0.3254902 0.345098 1 0.3411765 0.3254902 0.345098 1 0.3411765 0.3254902 0.345098 1 0.3411765 0.3254902 0.345098 1 0.3411765 0.3254902 0.345098 1 0.3411765 0.3254902 0.345098 1 0.3411765 0.3254902 0.345098 1 0.3411765 0.3254902 0.345098 1 0.3411765 0.3254902 0.345098 1 0.3411765 0.3254902 0.345098 1 0.3411765 0.3254902 0.345098 1 0.3411765 0.3254902 0.345098 1 0.3411765 0.3254902 0.345098 1 0.3411765 0.3254902 0.345098 1 0.3411765 0.3254902 0.345098 1 0.3411765 0.3254902 0.345098 1 0.3411765 0.3254902 0.345098 1 0.3411765 0.3254902 0.345098 1 0.3411765 0.3254902 0.345098 1 0.3411765 0.3254902 0.345098 1 0.3411765 0.3254902 0.345098 1 0.3411765 0.3254902 0.345098 1 0.3411765 0.3254902 0.345098 1 0.3411765 0.3254902 0.345098 1 0.3411765 0.3254902 0.345098 1 0.3411765 0.3254902 0.345098 1 0.3411765 0.3254902 0.345098 1 0.3411765 0.3254902 0.345098 1 0.3411765 0.3254902 0.345098 1 0.3411765 0.3254902 0.345098 1 0.3411765 0.3254902 0.345098 1 0.3411765 0.3254902 0.345098 1 0.3411765 0.3254902 0.345098 1 0.3411765 0.3254902 0.345098 1 0.3411765 0.3254902 0.345098 1 0.3411765 0.3254902 0.345098 1 0.3411765 0.3254902 0.345098 1 0.3411765 0.3254902 0.345098 1 0.3411765 0.3254902 0.345098 1 0.3411765 0.3254902 0.345098 1 0.3411765 0.3254902 0.345098 1 0.3411765 0.3254902 0.345098 1 0.3411765 0.3254902 0.345098 1 0.3411765 0.3254902 0.345098 1 0.3411765 0.3254902 0.345098 1 0.3411765 0.3254902 0.345098 1 0.3411765 0.3254902 0.345098 1 0.3411765 0.3254902 0.345098 1 0.3411765 0.3254902 0.345098 1 0.3411765 0.3254902 0.345098 1 0.3411765 0.3254902 0.345098 1 0.3411765 0.3254902 0.345098 1 0.3411765 0.3254902 0.345098 1 0.3411765 0.3254902 0.345098 1 0.3411765 0.3254902 0.345098 1 0.3411765 0.3254902 0.345098 1 0.3411765 0.3254902 0.345098 1 0.3411765 0.3254902 0.345098 1 0.3411765 0.3254902 0.345098 1 0.3411765 0.3254902 0.345098 1 0.3411765 0.3254902 0.345098 1 0.3411765 0.3254902 0.345098 1 0.3411765 0.3254902 0.345098 1 0.3411765 0.3254902 0.345098 1 0.3411765 0.3254902 0.345098 1 0.3411765 0.3254902 0.345098 1 0.3411765 0.3254902 0.345098 1 0.3411765 0.3254902 0.345098 1 0.3411765 0.3254902 0.345098 1 0.3411765 0.3254902 0.345098 1 0.3411765 0.3254902 0.345098 1 0.3411765 0.3254902 0.345098 1 0.3411765 0.3254902 0.345098 1 0.3411765 0.3254902 0.345098 1 0.3411765 0.3254902 0.345098 1 0.3411765 0.3254902 0.345098 1 0.3411765 0.3254902 0.345098 1 0.3411765 0.3254902 0.345098 1 0.3411765 0.3254902 0.345098 1 0.3411765 0.3254902 0.345098 1 0.3411765 0.3254902 0.345098 1 0.3411765 0.3254902 0.345098 1 0.3411765 0.3254902 0.345098 1 0.3411765 0.3254902 0.345098 1 0.3411765 0.3254902 0.345098 1 0.3411765 0.3254902 0.345098 1 0.3411765 0.3254902 0.345098 1 0.3411765 0.3254902 0.345098 1 0.3411765 0.3254902 0.345098 1 0.3411765 0.3254902 0.345098 1 0.3411765 0.3254902 0.345098 1 0.3411765 0.3254902 0.345098 1 0.3411765 0.3254902 0.345098 1 0.3411765 0.3254902 0.345098 1 0.3411765 0.3254902 0.345098 1 0.3411765 0.3254902 0.345098 1 0.3411765 0.3254902 0.345098 1 0.3411765 0.3254902 0.345098 1 0.3411765 0.3254902 0.345098 1 0.3411765 0.3254902 0.345098 1 0.3411765 0.3254902 0.345098 1 0.3411765 0.3254902 0.345098 1 0.3411765 0.3254902 0.345098 1 0.3411765 0.3254902 0.345098 1 0.3411765 0.3254902 0.345098 1 0.3411765 0.3254902 0.345098 1 0.3411765 0.3254902 0.345098 1 0.3411765 0.3254902 0.345098 1 0.3411765 0.3254902 0.345098 1 0.3411765 0.3254902 0.345098 1 0.3411765 0.3254902 0.345098 1 0.3411765 0.3254902 0.345098 1 0.3411765 0.3254902 0.345098 1 0.3411765 0.3254902 0.345098 1 0.3411765 0.3254902 0.345098 1 0.3411765 0.3254902 0.345098 1 0.3411765 0.3254902 0.345098 1 0.3411765 0.3254902 0.345098 1 0.3411765 0.3254902 0.345098 1 0.3411765 0.3254902 0.345098 1 0.3411765 0.3254902 0.345098 1 0.3411765 0.3254902 0.345098 1 0.3411765 0.3254902 0.345098 1 0.3411765 0.3254902 0.345098 1 0.3411765 0.3254902 0.345098 1 0.3411765 0.3254902 0.345098 1 0.3411765 0.3254902 0.345098 1 0.3411765 0.3254902 0.345098 1 0.3411765 0.3254902 0.345098 1 0.3411765 0.3254902 0.345098 1 0.3411765 0.3254902 0.345098 1 0.3411765 0.3254902 0.345098 1 0.3411765 0.3254902 0.345098 1 0.3411765 0.3254902 0.345098 1 0.3411765 0.3254902 0.345098 1 0.3411765 0.3254902 0.345098 1 0.3411765 0.3254902 0.345098 1 0.3411765 0.3254902 0.345098 1 0.3411765 0.3254902 0.345098 1 0.3411765 0.3254902 0.345098 1 0.3411765 0.3254902 0.345098 1 0.3411765 0.3254902 0.345098 1 0.3411765 0.3254902 0.345098 1 0.3411765 0.3254902 0.345098 1 0.3411765 0.3254902 0.345098 1 0.3411765 0.3254902 0.345098 1 0.3411765 0.3254902 0.345098 1 0.3411765 0.3254902 0.345098 1 0.3411765 0.3254902 0.345098 1 0.3411765 0.3254902 0.345098 1 0.3411765 0.3254902 0.345098 1 0.3411765 0.3254902 0.345098 1 0.3411765 0.3254902 0.345098 1 0.3411765 0.3254902 0.345098 1 0.3411765 0.3254902 0.345098 1 0.3411765 0.3254902 0.345098 1 0.3411765 0.3254902 0.345098 1 0.3411765 0.3254902 0.345098 1 0.3411765 0.3254902 0.345098 1 0.3411765 0.3254902 0.345098 1 0.3411765 0.3254902 0.345098 1 0.3411765 0.3254902 0.345098 1 0.3411765 0.3254902 0.345098 1 0.3411765 0.3254902 0.345098 1 0.3411765 0.3254902 0.345098 1 0.3411765 0.3254902 0.345098 1 0.3411765 0.3254902 0.345098 1 0.3411765 0.3254902 0.345098 1 0.3411765 0.3254902 0.345098 1 0.3411765 0.3254902 0.345098 1 0.3411765 0.3254902 0.345098 1 0.3411765 0.3254902 0.345098 1 0.3411765 0.3254902 0.345098 1 0.3411765 0.3254902 0.345098 1 0.3411765 0.3254902 0.345098 1 0.3411765 0.3254902 0.345098 1 0.3411765 0.3254902 0.345098 1 0.3411765 0.3254902 0.345098 1 0.3411765 0.3254902 0.345098 1 0.3411765 0.3254902 0.345098 1 0.3411765 0.3254902 0.345098 1 0.3411765 0.3254902 0.345098 1 0.3411765 0.3254902 0.345098 1 0.3411765 0.3254902 0.345098 1 0.3411765 0.3254902 0.345098 1 0.3411765 0.3254902 0.345098 1 0.3411765 0.3254902 0.345098 1 0.3411765 0.3254902 0.345098 1 0.3411765 0.3254902 0.345098 1 0.3411765 0.3254902 0.345098 1 0.3411765 0.3254902 0.345098 1 0.3411765 0.3254902 0.345098 1 0.3411765 0.3254902 0.345098 1 0.3411765 0.3254902 0.345098 1 0.3411765 0.3254902 0.345098 1 0.3411765 0.3254902 0.345098 1 0.3411765 0.3254902 0.345098 1 0.3411765 0.3254902 0.345098 1 0.3411765 0.3254902 0.345098 1 0.3411765 0.3254902 0.345098 1 0.3411765 0.3254902 0.345098 1 0.3411765 0.3254902 0.345098 1 0.3411765 0.3254902 0.345098 1 0.3411765 0.3254902 0.345098 1 0.3411765 0.3254902 0.345098 1 0.3411765 0.3254902 0.345098 1 0.3411765 0.3254902 0.345098 1 0.3411765 0.3254902 0.345098 1 0.3411765 0.3254902 0.345098 1 0.3411765 0.3254902 0.345098 1 0.3411765 0.3254902 0.345098 1 0.3411765 0.3254902 0.345098 1 0.3411765 0.3254902 0.345098 1 0.3411765 0.3254902 0.345098 1 0.3411765 0.3254902 0.345098 1 0.3411765 0.3254902 0.345098 1 0.3411765 0.3254902 0.345098 1 0.3411765 0.3254902 0.345098 1 0.3411765 0.3254902 0.345098 1 0.3411765 0.3254902 0.345098 1 0.3411765 0.3254902 0.345098 1 0.3411765 0.3254902 0.345098 1 0.3411765 0.3254902 0.345098 1 0.3411765 0.3254902 0.345098 1 0.3411765 0.3254902 0.345098 1 0.3411765 0.3254902 0.345098 1 0.3411765 0.3254902 0.345098 1 0.3411765 0.3254902 0.345098 1 0.3411765 0.3254902 0.345098 1 0.3411765 0.3254902 0.345098 1 0.3411765 0.3254902 0.345098 1 0.3411765 0.3254902 0.345098 1 0.3411765 0.3254902 0.345098 1 0.3411765 0.3254902 0.345098 1 0.3411765 0.3254902 0.345098 1 0.3411765 0.3254902 0.345098 1 0.3411765 0.3254902 0.345098 1 0.3411765 0.3254902 0.345098 1 0.3411765 0.3254902 0.345098 1 0.3411765 0.3254902 0.345098 1 0.3411765 0.3254902 0.345098 1 0.3411765 0.3254902 0.345098 1 0.3411765 0.3254902 0.345098 1 0.3411765 0.3254902 0.345098 1 0.3411765 0.3254902 0.345098 1 0.3411765 0.3254902 0.345098 1 0.3411765 0.3254902 0.345098 1 0.3411765 0.3254902 0.345098 1 0.3411765 0.3254902 0.345098 1 0.3411765 0.3254902 0.345098 1 0.3411765 0.3254902 0.345098 1 0.3411765 0.3254902 0.345098 1 0.3411765 0.3254902 0.345098 1 0.3411765 0.3254902 0.345098 1 0.3411765 0.3254902 0.345098 1 0.3411765 0.3254902 0.345098 1 0.3411765 0.3254902 0.345098 1 0.3411765 0.3254902 0.345098 1 0.3411765 0.3254902 0.345098 1 0.3411765 0.3254902 0.345098 1 0.3411765 0.3254902 0.345098 1 0.3411765 0.3254902 0.345098 1 0.3411765 0.3254902 0.345098 1 0.3411765 0.3254902 0.345098 1 0.3411765 0.3254902 0.345098 1 0.3411765 0.3254902 0.345098 1 0.3411765 0.3254902 0.345098 1 0.3411765 0.3254902 0.345098 1 0.3411765 0.3254902 0.345098 1 0.3411765 0.3254902 0.345098 1 0.3411765 0.3254902 0.345098 1 0.3411765 0.3254902 0.345098 1 0.3411765 0.3254902 0.345098 1 0.3411765 0.3254902 0.345098 1 0.3411765 0.3254902 0.345098 1 0.3411765 0.3254902 0.345098 1 0.3411765 0.3254902 0.345098 1 0.3411765 0.3254902 0.345098 1 0.3411765 0.3254902 0.345098 1 0.3411765 0.3254902 0.345098 1 0.3411765 0.3254902 0.345098 1 0.3411765 0.3254902 0.345098 1 0.3411765 0.3254902 0.345098 1 0.3411765 0.3254902 0.345098 1 0.3411765 0.3254902 0.345098 1 0.3411765 0.3254902 0.345098 1 0.3411765 0.3254902 0.345098 1 0.3411765 0.3254902 0.345098 1 0.3411765 0.3254902 0.345098 1 0.3411765 0.3254902 0.345098 1 0.3411765 0.3254902 0.345098 1 0.3411765 0.3254902 0.345098 1 0.3411765 0.3254902 0.345098 1 0.3411765 0.3254902 0.345098 1 0.3411765 0.3254902 0.345098 1 0.3411765 0.3254902 0.345098 1 0.3411765 0.3254902 0.345098 1 0.3411765 0.3254902 0.345098 1 0.3411765 0.3254902 0.345098 1 0.3411765 0.3254902 0.345098 1 0.3411765 0.3254902 0.345098 1 0.3411765 0.3254902 0.345098 1 0.3411765 0.3254902 0.345098 1 0.3411765 0.3254902 0.345098 1 0.3411765 0.3254902 0.345098 1 0.3411765 0.3254902 0.345098 1 0.3411765 0.3254902 0.345098 1 0.3411765 0.3254902 0.345098 1 0.3411765 0.3254902 0.345098 1 0.3411765 0.3254902 0.345098 1 0.3411765 0.3254902 0.345098 1 0.3411765 0.3254902 0.345098 1 0.3411765 0.3254902 0.345098 1 0.3411765 0.3254902 0.345098 1 0.3411765 0.3254902 0.345098 1 0.3411765 0.3254902 0.345098 1 0.3411765 0.3254902 0.345098 1 0.3411765 0.3254902 0.345098 1 0.3411765 0.3254902 0.345098 1 0.3411765 0.3254902 0.345098 1 0.3411765 0.3254902 0.345098 1 0.3411765 0.3254902 0.345098 1 0.3411765 0.3254902 0.345098 1 0.3411765 0.3254902 0.345098 1 0.3411765 0.3254902 0.345098 1 0.3411765 0.3254902 0.345098 1 0.3411765 0.3254902 0.345098 1 0.3411765 0.3254902 0.345098 1 0.3411765 0.3254902 0.345098 1 0.3411765 0.3254902 0.345098 1 0.3411765 0.3254902 0.345098 1 0.3411765 0.3254902 0.345098 1 0.3411765 0.3254902 0.345098 1 0.3411765 0.3254902 0.345098 1 0.3411765 0.3254902 0.345098 1 0.3411765 0.3254902 0.345098 1 0.3411765 0.3254902 0.345098 1 0.3411765 0.3254902 0.345098 1 0.3411765 0.3254902 0.345098 1 0.3411765 0.3254902 0.345098 1 0.3411765 0.3254902 0.345098 1 0.3411765 0.3254902 0.345098 1 0.3411765 0.3254902 0.345098 1 0.3411765 0.3254902 0.345098 1 0.3411765 0.3254902 0.345098 1 0.3411765 0.3254902 0.345098 1 0.3411765 0.3254902 0.345098 1 0.3411765 0.3254902 0.345098 1 0.3411765 0.3254902 0.345098 1 0.3411765 0.3254902 0.345098 1 0.3411765 0.3254902 0.345098 1 0.3411765 0.3254902 0.345098 1 0.3411765 0.3254902 0.345098 1 0.3411765 0.3254902 0.345098 1 0.3411765 0.3254902 0.345098 1 0.3411765 0.3254902 0.345098 1 0.3411765 0.3254902 0.345098 1 0.3411765 0.3254902 0.345098 1 0.3411765 0.3254902 0.345098 1 0.3411765 0.3254902 0.345098 1 0.3411765 0.3254902 0.345098 1 0.3411765 0.3254902 0.345098 1 0.3411765 0.3254902 0.345098 1 0.3411765 0.3254902 0.345098 1 0.3411765 0.3254902 0.345098 1 0.3411765 0.3254902 0.345098 1 0.3411765 0.3254902 0.345098 1 0.3411765 0.3254902 0.345098 1 0.3411765 0.3254902 0.345098 1 0.3411765 0.3254902 0.345098 1 0.3411765 0.3254902 0.345098 1 0.3411765 0.3254902 0.345098 1 0.3411765 0.3254902 0.345098 1 0.3411765 0.3254902 0.345098 1 0.3411765 0.3254902 0.345098 1 0.3411765 0.3254902 0.345098 1 0.3411765 0.3254902 0.345098 1 0.3411765 0.3254902 0.345098 1 0.3411765 0.3254902 0.345098 1 0.3411765 0.3254902 0.345098 1 0.3411765 0.3254902 0.345098 1 0.3411765 0.3254902 0.345098 1 0.3411765 0.3254902 0.345098 1 0.3411765 0.3254902 0.345098 1 0.3411765 0.3254902 0.345098 1 0.3411765 0.3254902 0.345098 1 0.3411765 0.3254902 0.345098 1 0.3411765 0.3254902 0.345098 1 0.3411765 0.3254902 0.345098 1 0.3411765 0.3254902 0.345098 1 0.3411765 0.3254902 0.345098 1 0.3411765 0.3254902 0.345098 1 0.3411765 0.3254902 0.345098 1 0.3411765 0.3254902 0.345098 1 0.3411765 0.3254902 0.345098 1 0.3411765 0.3254902 0.345098 1 0.3411765 0.3254902 0.345098 1 0.3411765 0.3254902 0.345098 1 0.3411765 0.3254902 0.345098 1 0.3411765 0.3254902 0.345098 1 0.3411765 0.3254902 0.345098 1 0.3411765 0.3254902 0.345098 1 0.3411765 0.3254902 0.345098 1 0.3411765 0.3254902 0.345098 1 0.3411765 0.3254902 0.345098 1 0.3411765 0.3254902 0.345098 1 0.3411765 0.3254902 0.345098 1 0.3411765 0.3254902 0.345098 1 0.3411765 0.3254902 0.345098 1 0.3411765 0.3254902 0.345098 1 0.3411765 0.3254902 0.345098 1 0.3411765 0.3254902 0.345098 1 0.3411765 0.3254902 0.345098 1 0.3411765 0.3254902 0.345098 1 0.3411765 0.3254902 0.345098 1 0.3411765 0.3254902 0.345098 1 0.3411765 0.3254902 0.345098 1 0.3411765 0.3254902 0.345098 1 0.3411765 0.3254902 0.345098 1 0.3411765 0.3254902 0.345098 1 0.3411765 0.3254902 0.345098 1 0.3411765 0.3254902 0.345098 1 0.3411765 0.3254902 0.345098 1 0.3411765 0.3254902 0.345098 1 0.3411765 0.3254902 0.345098 1 0.3411765 0.3254902 0.345098 1 0.3411765 0.3254902 0.345098 1 0.3411765 0.3254902 0.345098 1 0.3411765 0.3254902 0.345098 1 0.3411765 0.3254902 0.345098 1 0.3411765 0.3254902 0.345098 1 0.3411765 0.3254902 0.345098 1 0.3411765 0.3254902 0.345098 1 0.3411765 0.3254902 0.345098 1 0.3411765 0.3254902 0.345098 1 0.3411765 0.3254902 0.345098 1 0.3411765 0.3254902 0.345098 1 0.3411765 0.3254902 0.345098 1 0.3411765 0.3254902 0.345098 1 0.3411765 0.3254902 0.345098 1 0.3411765 0.3254902 0.345098 1 0.3411765 0.3254902 0.345098 1 0.3411765 0.3254902 0.345098 1 0.3411765 0.3254902 0.345098 1 0.3411765 0.3254902 0.345098 1 0.3411765 0.3254902 0.345098 1 0.3411765 0.3254902 0.345098 1 0.3411765 0.3254902 0.345098 1 0.3411765 0.3254902 0.345098 1 0.3411765 0.3254902 0.345098 1 0.3411765 0.3254902 0.345098 1 0.3411765 0.3254902 0.345098 1 0.3411765 0.3254902 0.345098 1 0.3411765 0.3254902 0.345098 1 0.3411765 0.3254902 0.345098 1 0.3411765 0.3254902 0.345098 1 0.3411765 0.3254902 0.345098 1 0.3411765 0.3254902 0.345098 1 0.3411765 0.3254902 0.345098 1 0.3411765 0.3254902 0.345098 1 0.3411765 0.3254902 0.345098 1 0.3411765 0.3254902 0.345098 1 0.3411765 0.3254902 0.345098 1 0.3411765 0.3254902 0.345098 1 0.3411765 0.3254902 0.345098 1 0.3411765 0.3254902 0.345098 1 0.3411765 0.3254902 0.345098 1 0.3411765 0.3254902 0.345098 1 0.3411765 0.3254902 0.345098 1 0.3411765 0.3254902 0.345098 1 0.3411765 0.3254902 0.345098 1 0.3411765 0.3254902 0.345098 1 0.3411765 0.3254902 0.345098 1 0.3411765 0.3254902 0.345098 1 0.3411765 0.3254902 0.345098 1 0.3411765 0.3254902 0.345098 1 0.3411765 0.3254902 0.345098 1 0.3411765 0.3254902 0.345098 1 0.3411765 0.3254902 0.345098 1 0.3411765 0.3254902 0.345098 1 0.3411765 0.3254902 0.345098 1 0.3411765 0.3254902 0.345098 1 0.3411765 0.3254902 0.345098 1 0.3411765 0.3254902 0.345098 1 0.3411765 0.3254902 0.345098 1 0.3411765 0.3254902 0.345098 1 0.3411765 0.3254902 0.345098 1 0.3411765 0.3254902 0.345098 1 0.3411765 0.3254902 0.345098 1 0.3411765 0.3254902 0.345098 1 0.3411765 0.3254902 0.345098 1 0.3411765 0.3254902 0.345098 1 0.3411765 0.3254902 0.345098 1 0.3411765 0.3254902 0.345098 1 0.3411765 0.3254902 0.345098 1 0.3411765 0.3254902 0.345098 1 0.3411765 0.3254902 0.345098 1 0.3411765 0.3254902 0.345098 1 0.3411765 0.3254902 0.345098 1 0.3411765 0.3254902 0.345098 1 0.3411765 0.3254902 0.345098 1 0.3411765 0.3254902 0.345098 1 0.3411765 0.3254902 0.345098 1 0.3411765 0.3254902 0.345098 1 0.3411765 0.3254902 0.345098 1 0.3411765 0.3254902 0.345098 1 0.3411765 0.3254902 0.345098 1 0.3411765 0.3254902 0.345098 1 0.3411765 0.3254902 0.345098 1 0.3411765 0.3254902 0.345098 1 0.3411765 0.3254902 0.345098 1 0.3411765 0.3254902 0.345098 1 0.3411765 0.3254902 0.345098 1 0.3411765 0.3254902 0.345098 1 0.3411765 0.3254902 0.345098 1 0.3411765 0.3254902 0.345098 1 0.3411765 0.3254902 0.345098 1 0.3411765 0.3254902 0.345098 1 0.3411765 0.3254902 0.345098 1 0.3411765 0.3254902 0.345098 1 0.3411765 0.3254902 0.345098 1 0.3411765 0.3254902 0.345098 1 0.3411765 0.3254902 0.345098 1 0.3411765 0.3254902 0.345098 1 0.3411765 0.3254902 0.345098 1 0.3411765 0.3254902 0.345098 1 0.3411765 0.3254902 0.345098 1 0.3411765 0.3254902 0.345098 1 0.3411765 0.3254902 0.345098 1 0.3411765 0.3254902 0.345098 1 0.3411765 0.3254902 0.345098 1 0.3411765 0.3254902 0.345098 1 0.3411765 0.3254902 0.345098 1 0.3411765 0.3254902 0.345098 1 0.3411765 0.3254902 0.345098 1 0.3411765 0.3254902 0.345098 1 0.3411765 0.3254902 0.345098 1 0.3411765 0.3254902 0.345098 1 0.3411765 0.3254902 0.345098 1 0.3411765 0.3254902 0.345098 1 0.3411765 0.3254902 0.345098 1 0.3411765 0.3254902 0.345098 1 0.3411765 0.3254902 0.345098 1 0.3411765 0.3254902 0.345098 1 0.3411765 0.3254902 0.345098 1 0.3411765 0.3254902 0.345098 1 0.3411765 0.3254902 0.345098 1 0.3411765 0.3254902 0.345098 1 0.3411765 0.3254902 0.345098 1 0.3411765 0.3254902 0.345098 1 0.3411765 0.3254902 0.345098 1 0.3411765 0.3254902 0.345098 1 0.3411765 0.3254902 0.345098 1 0.3411765 0.3254902 0.345098 1 0.3411765 0.3254902 0.345098 1 0.3411765 0.3254902 0.345098 1 0.3411765 0.3254902 0.345098 1 0.3411765 0.3254902 0.345098 1 0.3411765 0.3254902 0.345098 1 0.3411765 0.3254902 0.345098 1 0.3411765 0.3254902 0.345098 1 0.3411765 0.3254902 0.345098 1 0.3411765 0.3254902 0.345098 1 0.3411765 0.3254902 0.345098 1 0.3411765 0.3254902 0.345098 1 0.3411765 0.3254902 0.345098 1 0.3411765 0.3254902 0.345098 1 0.3411765 0.3254902 0.345098 1 0.3411765 0.3254902 0.345098 1 0.3411765 0.3254902 0.345098 1 0.3411765 0.3254902 0.345098 1 0.3411765 0.3254902 0.345098 1 0.3411765 0.3254902 0.345098 1 0.3411765 0.3254902 0.345098 1 0.3411765 0.3254902 0.345098 1 0.3411765 0.3254902 0.345098 1 0.3411765 0.3254902 0.345098 1 0.3411765 0.3254902 0.345098 1 0.3411765 0.3254902 0.345098 1 0.3411765 0.3254902 0.345098 1 0.3411765 0.3254902 0.345098 1 0.3411765 0.3254902 0.345098 1 0.3411765 0.3254902 0.345098 1 0.3411765 0.3254902 0.345098 1 0.3411765 0.3254902 0.345098 1 0.3411765 0.3254902 0.345098 1 0.3411765 0.3254902 0.345098 1 0.3411765 0.3254902 0.345098 1 0.3411765 0.3254902 0.345098 1 0.3411765 0.3254902 0.345098 1 0.3411765 0.3254902 0.345098 1 0.3411765 0.3254902 0.345098 1 0.3411765 0.3254902 0.345098 1 0.3411765 0.3254902 0.345098 1 0.3411765 0.3254902 0.345098 1 0.3411765 0.3254902 0.345098 1 0.3411765 0.3254902 0.345098 1 0.3411765 0.3254902 0.345098 1 0.3411765 0.3254902 0.345098 1 0.3411765 0.3254902 0.345098 1 0.3411765 0.3254902 0.345098 1 0.3411765 0.3254902 0.345098 1 0.3411765 0.3254902 0.345098 1 0.3411765 0.3254902 0.345098 1 0.3411765 0.3254902 0.345098 1 0.3411765 0.3254902 0.345098 1 0.3411765 0.3254902 0.345098 1 0.3411765 0.3254902 0.345098 1 0.3411765 0.3254902 0.345098 1 0.3411765 0.3254902 0.345098 1 0.3411765 0.3254902 0.345098 1 0.3411765 0.3254902 0.345098 1 0.3411765 0.3254902 0.345098 1 0.3411765 0.3254902 0.345098 1 0.3411765 0.3254902 0.345098 1 0.3411765 0.3254902 0.345098 1 0.3411765 0.3254902 0.345098 1 0.3411765 0.3254902 0.345098 1 0.3411765 0.3254902 0.345098 1 0.3411765 0.3254902 0.345098 1 0.3411765 0.3254902 0.345098 1 0.3411765 0.3254902 0.345098 1 0.3411765 0.3254902 0.345098 1 0.3411765 0.3254902 0.345098 1 0.3411765 0.3254902 0.345098 1 0.3411765 0.3254902 0.345098 1 0.3411765 0.3254902 0.345098 1 0.3411765 0.3254902 0.345098 1 0.3411765 0.3254902 0.345098 1 0.3411765 0.3254902 0.345098 1 0.3411765 0.3254902 0.345098 1 0.3411765 0.3254902 0.345098 1 0.3411765 0.3254902 0.345098 1 0.3411765 0.3254902 0.345098 1 0.3411765 0.3254902 0.345098 1 0.3411765 0.3254902 0.345098 1 0.3411765 0.3254902 0.345098 1 0.3411765 0.3254902 0.345098 1 0.3411765 0.3254902 0.345098 1 0.3411765 0.3254902 0.345098 1 0.3411765 0.3254902 0.345098 1 0.3411765 0.3254902 0.345098 1 0.3411765 0.3254902 0.345098 1 0.3411765 0.3254902 0.345098 1 0.3411765 0.3254902 0.345098 1 0.3411765 0.3254902 0.345098 1 0.3411765 0.3254902 0.345098 1 0.3411765 0.3254902 0.345098 1 0.1333333 0.145098 0.1764706 1 0.1333333 0.145098 0.1764706 1 0.1333333 0.145098 0.1764706 1 0.1333333 0.145098 0.1764706 1 0.1333333 0.145098 0.1764706 1 0.1333333 0.145098 0.1764706 1 0.1333333 0.145098 0.1764706 1 0.1333333 0.145098 0.1764706 1 0.1333333 0.145098 0.1764706 1 0.1333333 0.145098 0.1764706 1 0.1333333 0.145098 0.1764706 1 0.1333333 0.145098 0.1764706 1 0.1333333 0.145098 0.1764706 1 0.1333333 0.145098 0.1764706 1 0.1333333 0.145098 0.1764706 1 0.1333333 0.145098 0.1764706 1 0.1333333 0.145098 0.1764706 1 0.1333333 0.145098 0.1764706 1 0.1333333 0.145098 0.1764706 1 0.1333333 0.145098 0.1764706 1 0.1333333 0.145098 0.1764706 1 0.1333333 0.145098 0.1764706 1 0.1333333 0.145098 0.1764706 1 0.1333333 0.145098 0.1764706 1 0.1333333 0.145098 0.1764706 1 0.1333333 0.145098 0.1764706 1 0.1333333 0.145098 0.1764706 1 0.1333333 0.145098 0.1764706 1 0.1333333 0.145098 0.1764706 1 0.1333333 0.145098 0.1764706 1 0.1333333 0.145098 0.1764706 1 0.1333333 0.145098 0.1764706 1 0.1333333 0.145098 0.1764706 1 0.1333333 0.145098 0.1764706 1 0.1333333 0.145098 0.1764706 1 0.1333333 0.145098 0.1764706 1 0.1333333 0.145098 0.1764706 1 0.1333333 0.145098 0.1764706 1 0.1333333 0.145098 0.1764706 1 0.1333333 0.145098 0.1764706 1 0.1333333 0.145098 0.1764706 1 0.1333333 0.145098 0.1764706 1 0.5607843 0.5176471 0.4588235 1 0.5607843 0.5176471 0.4588235 1 0.5607843 0.5176471 0.4588235 1 0.5607843 0.5176471 0.4588235 1 0.5607843 0.5176471 0.4588235 1 0.5607843 0.5176471 0.4588235 1 0.5607843 0.5176471 0.4588235 1 0.5607843 0.5176471 0.4588235 1 0.5607843 0.5176471 0.4588235 1 0.5607843 0.5176471 0.4588235 1 0.5607843 0.5176471 0.4588235 1 0.5607843 0.5176471 0.4588235 1 0.5607843 0.5176471 0.4588235 1 0.5607843 0.5176471 0.4588235 1 0.5607843 0.5176471 0.4588235 1 0.5607843 0.5176471 0.4588235 1 0.5607843 0.5176471 0.4588235 1 0.5607843 0.5176471 0.4588235 1 0.5607843 0.5176471 0.4588235 1 0.5607843 0.5176471 0.4588235 1 0.5607843 0.5176471 0.4588235 1 0.5607843 0.5176471 0.4588235 1 0.5607843 0.5176471 0.4588235 1 0.5607843 0.5176471 0.4588235 1 0.1333333 0.145098 0.1764706 1 0.1333333 0.145098 0.1764706 1 0.1333333 0.145098 0.1764706 1 0.1333333 0.145098 0.1764706 1 0.1333333 0.145098 0.1764706 1 0.1333333 0.145098 0.1764706 1 0.1333333 0.145098 0.1764706 1 0.1333333 0.145098 0.1764706 1 0.1333333 0.145098 0.1764706 1 0.1333333 0.145098 0.1764706 1 0.1333333 0.145098 0.1764706 1 0.1333333 0.145098 0.1764706 1 0.1333333 0.145098 0.1764706 1 0.1333333 0.145098 0.1764706 1 0.1333333 0.145098 0.1764706 1 0.1333333 0.145098 0.1764706 1 0.1333333 0.145098 0.1764706 1 0.1333333 0.145098 0.1764706 1 0.1333333 0.145098 0.1764706 1 0.1333333 0.145098 0.1764706 1 0.1333333 0.145098 0.1764706 1 0.1333333 0.145098 0.1764706 1 0.1333333 0.145098 0.1764706 1 0.1333333 0.145098 0.1764706 1 0.1333333 0.145098 0.1764706 1 0.1333333 0.145098 0.1764706 1 0.1333333 0.145098 0.1764706 1 0.1333333 0.145098 0.1764706 1 0.1333333 0.145098 0.1764706 1 0.1333333 0.145098 0.1764706 1 0.1333333 0.145098 0.1764706 1 0.1333333 0.145098 0.1764706 1 0.1333333 0.145098 0.1764706 1 0.1333333 0.145098 0.1764706 1 0.1333333 0.145098 0.1764706 1 0.1333333 0.145098 0.1764706 1 0.1333333 0.145098 0.1764706 1 0.1333333 0.145098 0.1764706 1 0.1333333 0.145098 0.1764706 1 0.1333333 0.145098 0.1764706 1 0.1333333 0.145098 0.1764706 1 0.1333333 0.145098 0.1764706 1 0.3411765 0.3254902 0.345098 1 0.3411765 0.3254902 0.345098 1 0.3411765 0.3254902 0.345098 1 0.3411765 0.3254902 0.345098 1 0.3411765 0.3254902 0.345098 1 0.3411765 0.3254902 0.345098 1 0.3411765 0.3254902 0.345098 1 0.3411765 0.3254902 0.345098 1 0.3411765 0.3254902 0.345098 1 0.3411765 0.3254902 0.345098 1 0.3411765 0.3254902 0.345098 1 0.3411765 0.3254902 0.345098 1 0.3411765 0.3254902 0.345098 1 0.3411765 0.3254902 0.345098 1 0.3411765 0.3254902 0.345098 1 0.3411765 0.3254902 0.345098 1 0.3411765 0.3254902 0.345098 1 0.3411765 0.3254902 0.345098 1 0.3411765 0.3254902 0.345098 1 0.3411765 0.3254902 0.345098 1 0.3411765 0.3254902 0.345098 1 0.3411765 0.3254902 0.345098 1 0.3411765 0.3254902 0.345098 1 0.3411765 0.3254902 0.345098 1 0.3411765 0.3254902 0.345098 1 0.3411765 0.3254902 0.345098 1 0.3411765 0.3254902 0.345098 1 0.3411765 0.3254902 0.345098 1 0.3411765 0.3254902 0.345098 1 0.3411765 0.3254902 0.345098 1 0.3411765 0.3254902 0.345098 1 0.3411765 0.3254902 0.345098 1 0.3411765 0.3254902 0.345098 1 0.3411765 0.3254902 0.345098 1 0.3411765 0.3254902 0.345098 1 0.3411765 0.3254902 0.345098 1 0.3411765 0.3254902 0.345098 1 0.3411765 0.3254902 0.345098 1 0.3411765 0.3254902 0.345098 1 0.3411765 0.3254902 0.345098 1 0.3411765 0.3254902 0.345098 1 0.3411765 0.3254902 0.345098 1 0.3411765 0.3254902 0.345098 1 0.3411765 0.3254902 0.345098 1 0.3411765 0.3254902 0.345098 1 0.3411765 0.3254902 0.345098 1 0.3411765 0.3254902 0.345098 1 0.3411765 0.3254902 0.345098 1 0.3411765 0.3254902 0.345098 1 0.3411765 0.3254902 0.345098 1 0.3411765 0.3254902 0.345098 1 0.3411765 0.3254902 0.345098 1 0.3411765 0.3254902 0.345098 1 0.3411765 0.3254902 0.345098 1 0.3411765 0.3254902 0.345098 1 0.3411765 0.3254902 0.345098 1 0.3411765 0.3254902 0.345098 1 0.3411765 0.3254902 0.345098 1 0.3411765 0.3254902 0.345098 1 0.3411765 0.3254902 0.345098 1 0.3411765 0.3254902 0.345098 1 0.3411765 0.3254902 0.345098 1 0.3411765 0.3254902 0.345098 1 0.3411765 0.3254902 0.345098 1 0.3411765 0.3254902 0.345098 1 0.3411765 0.3254902 0.345098 1 0.3411765 0.3254902 0.345098 1 0.3411765 0.3254902 0.345098 1 0.3411765 0.3254902 0.345098 1 0.3411765 0.3254902 0.345098 1 0.3411765 0.3254902 0.345098 1 0.3411765 0.3254902 0.345098 1 0.3411765 0.3254902 0.345098 1 0.3411765 0.3254902 0.345098 1 0.3411765 0.3254902 0.345098 1 0.3411765 0.3254902 0.345098 1 0.3411765 0.3254902 0.345098 1 0.3411765 0.3254902 0.345098 1 0.3411765 0.3254902 0.345098 1 0.3411765 0.3254902 0.345098 1 0.3411765 0.3254902 0.345098 1 0.3411765 0.3254902 0.345098 1 0.3411765 0.3254902 0.345098 1 0.3411765 0.3254902 0.345098 1 0.3411765 0.3254902 0.345098 1 0.3411765 0.3254902 0.345098 1 0.3411765 0.3254902 0.345098 1 0.3411765 0.3254902 0.345098 1 0.3411765 0.3254902 0.345098 1 0.3411765 0.3254902 0.345098 1 0.3411765 0.3254902 0.345098 1 0.3411765 0.3254902 0.345098 1 0.3411765 0.3254902 0.345098 1 0.3411765 0.3254902 0.345098 1 0.3411765 0.3254902 0.345098 1 0.3411765 0.3254902 0.345098 1 0.3411765 0.3254902 0.345098 1 0.3411765 0.3254902 0.345098 1 0.3411765 0.3254902 0.345098 1 0.3411765 0.3254902 0.345098 1 0.3411765 0.3254902 0.345098 1 0.3411765 0.3254902 0.345098 1 0.3411765 0.3254902 0.345098 1 0.3411765 0.3254902 0.345098 1 0.3411765 0.3254902 0.345098 1 0.3411765 0.3254902 0.345098 1 0.3411765 0.3254902 0.345098 1 0.3411765 0.3254902 0.345098 1 0.3411765 0.3254902 0.345098 1 0.3411765 0.3254902 0.345098 1 0.3411765 0.3254902 0.345098 1 0.3411765 0.3254902 0.345098 1 0.3411765 0.3254902 0.345098 1 0.3411765 0.3254902 0.345098 1 0.3411765 0.3254902 0.345098 1 0.3411765 0.3254902 0.345098 1 0.3411765 0.3254902 0.345098 1 0.3411765 0.3254902 0.345098 1 0.3411765 0.3254902 0.345098 1 0.3411765 0.3254902 0.345098 1 0.3411765 0.3254902 0.345098 1 0.3411765 0.3254902 0.345098 1 0.3411765 0.3254902 0.345098 1 0.3411765 0.3254902 0.345098 1 0.3411765 0.3254902 0.345098 1 0.3411765 0.3254902 0.345098 1 0.3411765 0.3254902 0.345098 1 0.3411765 0.3254902 0.345098 1 0.3411765 0.3254902 0.345098 1 0.3411765 0.3254902 0.345098 1 0.3411765 0.3254902 0.345098 1 0.3411765 0.3254902 0.345098 1 0.3411765 0.3254902 0.345098 1 0.3411765 0.3254902 0.345098 1 0.3411765 0.3254902 0.345098 1 0.3411765 0.3254902 0.345098 1 0.3411765 0.3254902 0.345098 1 0.3411765 0.3254902 0.345098 1 0.3411765 0.3254902 0.345098 1 0.3411765 0.3254902 0.345098 1 0.3411765 0.3254902 0.345098 1 0.3411765 0.3254902 0.345098 1 0.3411765 0.3254902 0.345098 1 0.3411765 0.3254902 0.345098 1 0.3411765 0.3254902 0.345098 1 0.3411765 0.3254902 0.345098 1 0.3411765 0.3254902 0.345098 1 0.3411765 0.3254902 0.345098 1 0.3411765 0.3254902 0.345098 1 0.3411765 0.3254902 0.345098 1 0.3411765 0.3254902 0.345098 1 0.3411765 0.3254902 0.345098 1 0.3411765 0.3254902 0.345098 1 0.3411765 0.3254902 0.345098 1 0.3411765 0.3254902 0.345098 1 0.3411765 0.3254902 0.345098 1 0.3411765 0.3254902 0.345098 1 0.3411765 0.3254902 0.345098 1 0.3411765 0.3254902 0.345098 1 0.3411765 0.3254902 0.345098 1 0.3411765 0.3254902 0.345098 1 0.3411765 0.3254902 0.345098 1 0.3411765 0.3254902 0.345098 1 0.3411765 0.3254902 0.345098 1 0.3411765 0.3254902 0.345098 1 0.3411765 0.3254902 0.345098 1 0.3411765 0.3254902 0.345098 1 0.3411765 0.3254902 0.345098 1 0.3411765 0.3254902 0.345098 1 0.3411765 0.3254902 0.345098 1 0.3411765 0.3254902 0.345098 1 0.3411765 0.3254902 0.345098 1 0.3411765 0.3254902 0.345098 1 0.3411765 0.3254902 0.345098 1 0.3411765 0.3254902 0.345098 1 0.3411765 0.3254902 0.345098 1 0.3411765 0.3254902 0.345098 1 0.3411765 0.3254902 0.345098 1 0.3411765 0.3254902 0.345098 1 0.3411765 0.3254902 0.345098 1 0.3411765 0.3254902 0.345098 1 0.3411765 0.3254902 0.345098 1 0.3411765 0.3254902 0.345098 1 0.3411765 0.3254902 0.345098 1 0.3411765 0.3254902 0.345098 1 0.3411765 0.3254902 0.345098 1 0.3411765 0.3254902 0.345098 1 0.3411765 0.3254902 0.345098 1 0.3411765 0.3254902 0.345098 1 0.3411765 0.3254902 0.345098 1 0.3411765 0.3254902 0.345098 1 0.3411765 0.3254902 0.345098 1 0.3411765 0.3254902 0.345098 1 0.3411765 0.3254902 0.345098 1 0.3411765 0.3254902 0.345098 1 0.3411765 0.3254902 0.345098 1 0.3411765 0.3254902 0.345098 1 0.3411765 0.3254902 0.345098 1 0.3411765 0.3254902 0.345098 1 0.3411765 0.3254902 0.345098 1 0.3411765 0.3254902 0.345098 1 0.3411765 0.3254902 0.345098 1 0.3411765 0.3254902 0.345098 1 0.3411765 0.3254902 0.345098 1 0.3411765 0.3254902 0.345098 1 0.3411765 0.3254902 0.345098 1 0.3411765 0.3254902 0.345098 1 0.3411765 0.3254902 0.345098 1 0.3411765 0.3254902 0.345098 1 0.3411765 0.3254902 0.345098 1 0.3411765 0.3254902 0.345098 1 0.3411765 0.3254902 0.345098 1 0.3411765 0.3254902 0.345098 1 0.3411765 0.3254902 0.345098 1 0.3411765 0.3254902 0.345098 1 0.3411765 0.3254902 0.345098 1 0.3411765 0.3254902 0.345098 1 0.3411765 0.3254902 0.345098 1 0.3411765 0.3254902 0.345098 1 0.3411765 0.3254902 0.345098 1 0.3411765 0.3254902 0.345098 1 0.3411765 0.3254902 0.345098 1 0.3411765 0.3254902 0.345098 1 0.3411765 0.3254902 0.345098 1 0.3411765 0.3254902 0.345098 1 0.3411765 0.3254902 0.345098 1 0.3411765 0.3254902 0.345098 1 0.3411765 0.3254902 0.345098 1 0.3411765 0.3254902 0.345098 1 0.3411765 0.3254902 0.345098 1 0.3411765 0.3254902 0.345098 1 0.3411765 0.3254902 0.345098 1 0.3411765 0.3254902 0.345098 1 0.3411765 0.3254902 0.345098 1 0.3411765 0.3254902 0.345098 1 0.3411765 0.3254902 0.345098 1 0.3411765 0.3254902 0.345098 1 0.3411765 0.3254902 0.345098 1 0.3411765 0.3254902 0.345098 1 0.3411765 0.3254902 0.345098 1 0.3411765 0.3254902 0.345098 1 0.3411765 0.3254902 0.345098 1 0.3411765 0.3254902 0.345098 1 0.3411765 0.3254902 0.345098 1 0.3411765 0.3254902 0.345098 1 0.3411765 0.3254902 0.345098 1 0.3411765 0.3254902 0.345098 1 0.3411765 0.3254902 0.345098 1 0.3411765 0.3254902 0.345098 1 0.3411765 0.3254902 0.345098 1 0.3411765 0.3254902 0.345098 1 0.3411765 0.3254902 0.345098 1 0.3411765 0.3254902 0.345098 1 0.3411765 0.3254902 0.345098 1 0.3411765 0.3254902 0.345098 1 0.3411765 0.3254902 0.345098 1 0.3411765 0.3254902 0.345098 1 0.3411765 0.3254902 0.345098 1 0.3411765 0.3254902 0.345098 1 0.3411765 0.3254902 0.345098 1 0.3411765 0.3254902 0.345098 1 0.3411765 0.3254902 0.345098 1 0.3411765 0.3254902 0.345098 1 0.3411765 0.3254902 0.345098 1 0.3411765 0.3254902 0.345098 1 0.3411765 0.3254902 0.345098 1 0.3411765 0.3254902 0.345098 1 0.3411765 0.3254902 0.345098 1 0.3411765 0.3254902 0.345098 1 0.3411765 0.3254902 0.345098 1 0.3411765 0.3254902 0.345098 1 0.3411765 0.3254902 0.345098 1 0.3411765 0.3254902 0.345098 1 0.3411765 0.3254902 0.345098 1 0.3411765 0.3254902 0.345098 1 0.1333333 0.145098 0.1764706 1 0.1333333 0.145098 0.1764706 1 0.1333333 0.145098 0.1764706 1 0.1333333 0.145098 0.1764706 1 0.1333333 0.145098 0.1764706 1 0.1333333 0.145098 0.1764706 1 0.1333333 0.145098 0.1764706 1 0.1333333 0.145098 0.1764706 1 0.1333333 0.145098 0.1764706 1 0.1333333 0.145098 0.1764706 1 0.1333333 0.145098 0.1764706 1 0.1333333 0.145098 0.1764706 1 0.1333333 0.145098 0.1764706 1 0.1333333 0.145098 0.1764706 1 0.1333333 0.145098 0.1764706 1 0.1333333 0.145098 0.1764706 1 0.1333333 0.145098 0.1764706 1 0.1333333 0.145098 0.1764706 1 0.1333333 0.145098 0.1764706 1 0.1333333 0.145098 0.1764706 1 0.1333333 0.145098 0.1764706 1 0.1333333 0.145098 0.1764706 1 0.1333333 0.145098 0.1764706 1 0.1333333 0.145098 0.1764706 1 0.1333333 0.145098 0.1764706 1 0.1333333 0.145098 0.1764706 1 0.1333333 0.145098 0.1764706 1 0.1333333 0.145098 0.1764706 1 0.1333333 0.145098 0.1764706 1 0.1333333 0.145098 0.1764706 1 0.1333333 0.145098 0.1764706 1 0.1333333 0.145098 0.1764706 1 0.1333333 0.145098 0.1764706 1 0.1333333 0.145098 0.1764706 1 0.1333333 0.145098 0.1764706 1 0.1333333 0.145098 0.1764706 1 0.1333333 0.145098 0.1764706 1 0.1333333 0.145098 0.1764706 1 0.1333333 0.145098 0.1764706 1 0.1333333 0.145098 0.1764706 1 0.1333333 0.145098 0.1764706 1 0.1333333 0.145098 0.1764706 1 0.3411765 0.3254902 0.345098 1 0.3411765 0.3254902 0.345098 1 0.3411765 0.3254902 0.345098 1 0.3411765 0.3254902 0.345098 1 0.3411765 0.3254902 0.345098 1 0.3411765 0.3254902 0.345098 1 0.3411765 0.3254902 0.345098 1 0.3411765 0.3254902 0.345098 1 0.3411765 0.3254902 0.345098 1 0.3411765 0.3254902 0.345098 1 0.3411765 0.3254902 0.345098 1 0.3411765 0.3254902 0.345098 1 0.3411765 0.3254902 0.345098 1 0.3411765 0.3254902 0.345098 1 0.3411765 0.3254902 0.345098 1 0.3411765 0.3254902 0.345098 1 0.3411765 0.3254902 0.345098 1 0.3411765 0.3254902 0.345098 1 0.3411765 0.3254902 0.345098 1 0.3411765 0.3254902 0.345098 1 0.3411765 0.3254902 0.345098 1 0.3411765 0.3254902 0.345098 1 0.3411765 0.3254902 0.345098 1 0.3411765 0.3254902 0.345098 1 0.3411765 0.3254902 0.345098 1 0.3411765 0.3254902 0.345098 1 0.3411765 0.3254902 0.345098 1 0.3411765 0.3254902 0.345098 1 0.3411765 0.3254902 0.345098 1 0.3411765 0.3254902 0.345098 1 0.3411765 0.3254902 0.345098 1 0.3411765 0.3254902 0.345098 1 0.3411765 0.3254902 0.345098 1 0.3411765 0.3254902 0.345098 1 0.3411765 0.3254902 0.345098 1 0.3411765 0.3254902 0.345098 1 0.3411765 0.3254902 0.345098 1 0.3411765 0.3254902 0.345098 1 0.3411765 0.3254902 0.345098 1 0.3411765 0.3254902 0.345098 1 0.3411765 0.3254902 0.345098 1 0.3411765 0.3254902 0.345098 1 0.3411765 0.3254902 0.345098 1 0.3411765 0.3254902 0.345098 1 0.3411765 0.3254902 0.345098 1 0.3411765 0.3254902 0.345098 1 0.3411765 0.3254902 0.345098 1 0.3411765 0.3254902 0.345098 1 0.3411765 0.3254902 0.345098 1 0.3411765 0.3254902 0.345098 1 0.3411765 0.3254902 0.345098 1 0.3411765 0.3254902 0.345098 1 0.3411765 0.3254902 0.345098 1 0.3411765 0.3254902 0.345098 1 0.3411765 0.3254902 0.345098 1 0.3411765 0.3254902 0.345098 1 0.3411765 0.3254902 0.345098 1 0.3411765 0.3254902 0.345098 1 0.3411765 0.3254902 0.345098 1 0.3411765 0.3254902 0.345098 1 0.3411765 0.3254902 0.345098 1 0.3411765 0.3254902 0.345098 1 0.3411765 0.3254902 0.345098 1 0.3411765 0.3254902 0.345098 1 0.3411765 0.3254902 0.345098 1 0.3411765 0.3254902 0.345098 1 0.3411765 0.3254902 0.345098 1 0.3411765 0.3254902 0.345098 1 0.3411765 0.3254902 0.345098 1 0.3411765 0.3254902 0.345098 1 0.3411765 0.3254902 0.345098 1 0.3411765 0.3254902 0.345098 1 0.3411765 0.3254902 0.345098 1 0.3411765 0.3254902 0.345098 1 0.3411765 0.3254902 0.345098 1 0.3411765 0.3254902 0.345098 1 0.3411765 0.3254902 0.345098 1 0.3411765 0.3254902 0.345098 1 0.3411765 0.3254902 0.345098 1 0.3411765 0.3254902 0.345098 1 0.3411765 0.3254902 0.345098 1 0.3411765 0.3254902 0.345098 1 0.3411765 0.3254902 0.345098 1 0.3411765 0.3254902 0.345098 1 0.5607843 0.5176471 0.4588235 1 0.5607843 0.5176471 0.4588235 1 0.5607843 0.5176471 0.4588235 1 0.5607843 0.5176471 0.4588235 1 0.5607843 0.5176471 0.4588235 1 0.5607843 0.5176471 0.4588235 1 0.5607843 0.5176471 0.4588235 1 0.5607843 0.5176471 0.4588235 1 0.5607843 0.5176471 0.4588235 1 0.5607843 0.5176471 0.4588235 1 0.5607843 0.5176471 0.4588235 1 0.5607843 0.5176471 0.4588235 1 0.5607843 0.5176471 0.4588235 1 0.5607843 0.5176471 0.4588235 1 0.5607843 0.5176471 0.4588235 1 0.5607843 0.5176471 0.4588235 1 0.5607843 0.5176471 0.4588235 1 0.5607843 0.5176471 0.4588235 1 0.5607843 0.5176471 0.4588235 1 0.5607843 0.5176471 0.4588235 1 0.5607843 0.5176471 0.4588235 1 0.5607843 0.5176471 0.4588235 1 0.5607843 0.5176471 0.4588235 1 0.5607843 0.5176471 0.4588235 1 0.5607843 0.5176471 0.4588235 1 0.5607843 0.5176471 0.4588235 1 0.5607843 0.5176471 0.4588235 1 0.5607843 0.5176471 0.4588235 1 0.5607843 0.5176471 0.4588235 1 0.5607843 0.5176471 0.4588235 1 0.5607843 0.5176471 0.4588235 1 0.5607843 0.5176471 0.4588235 1 0.5607843 0.5176471 0.4588235 1 0.5607843 0.5176471 0.4588235 1 0.5607843 0.5176471 0.4588235 1 0.5607843 0.5176471 0.4588235 1 0.3411765 0.3254902 0.345098 1 0.3411765 0.3254902 0.345098 1 0.3411765 0.3254902 0.345098 1 0.3411765 0.3254902 0.345098 1 0.3411765 0.3254902 0.345098 1 0.3411765 0.3254902 0.345098 1 0.3411765 0.3254902 0.345098 1 0.3411765 0.3254902 0.345098 1 0.3411765 0.3254902 0.345098 1 0.3411765 0.3254902 0.345098 1 0.3411765 0.3254902 0.345098 1 0.3411765 0.3254902 0.345098 1 0.3411765 0.3254902 0.345098 1 0.3411765 0.3254902 0.345098 1 0.3411765 0.3254902 0.345098 1 0.3411765 0.3254902 0.345098 1 0.3411765 0.3254902 0.345098 1 0.3411765 0.3254902 0.345098 1 0.3411765 0.3254902 0.345098 1 0.3411765 0.3254902 0.345098 1 0.3411765 0.3254902 0.345098 1 0.3411765 0.3254902 0.345098 1 0.3411765 0.3254902 0.345098 1 0.3411765 0.3254902 0.345098 1 0.3411765 0.3254902 0.345098 1 0.3411765 0.3254902 0.345098 1 0.3411765 0.3254902 0.345098 1 0.3411765 0.3254902 0.345098 1 0.3411765 0.3254902 0.345098 1 0.3411765 0.3254902 0.345098 1 0.3411765 0.3254902 0.345098 1 0.3411765 0.3254902 0.345098 1 0.3411765 0.3254902 0.345098 1 0.3411765 0.3254902 0.345098 1 0.3411765 0.3254902 0.345098 1 0.3411765 0.3254902 0.345098 1 0.3411765 0.3254902 0.345098 1 0.3411765 0.3254902 0.345098 1 0.3411765 0.3254902 0.345098 1 0.3411765 0.3254902 0.345098 1 0.3411765 0.3254902 0.345098 1 0.3411765 0.3254902 0.345098 1 0.3411765 0.3254902 0.345098 1 0.3411765 0.3254902 0.345098 1 0.3411765 0.3254902 0.345098 1 0.3411765 0.3254902 0.345098 1 0.3411765 0.3254902 0.345098 1 0.3411765 0.3254902 0.345098 1 0.3411765 0.3254902 0.345098 1 0.3411765 0.3254902 0.345098 1 0.3411765 0.3254902 0.345098 1 0.3411765 0.3254902 0.345098 1 0.3411765 0.3254902 0.345098 1 0.3411765 0.3254902 0.345098 1 0.3411765 0.3254902 0.345098 1 0.3411765 0.3254902 0.345098 1 0.3411765 0.3254902 0.345098 1 0.3411765 0.3254902 0.345098 1 0.3411765 0.3254902 0.345098 1 0.3411765 0.3254902 0.345098 1 0.3411765 0.3254902 0.345098 1 0.3411765 0.3254902 0.345098 1 0.3411765 0.3254902 0.345098 1 0.5607843 0.5176471 0.4588235 1 0.5607843 0.5176471 0.4588235 1 0.5607843 0.5176471 0.4588235 1 0.5607843 0.5176471 0.4588235 1 0.5607843 0.5176471 0.4588235 1 0.5607843 0.5176471 0.4588235 1 0.5607843 0.5176471 0.4588235 1 0.5607843 0.5176471 0.4588235 1 0.5607843 0.5176471 0.4588235 1 0.5607843 0.5176471 0.4588235 1 0.5607843 0.5176471 0.4588235 1 0.5607843 0.5176471 0.4588235 1 0.5607843 0.5176471 0.4588235 1 0.5607843 0.5176471 0.4588235 1 0.5607843 0.5176471 0.4588235 1 0.5607843 0.5176471 0.4588235 1 0.5607843 0.5176471 0.4588235 1 0.5607843 0.5176471 0.4588235 1 0.5607843 0.5176471 0.4588235 1 0.5607843 0.5176471 0.4588235 1 0.5607843 0.5176471 0.4588235 1 0.5607843 0.5176471 0.4588235 1 0.5607843 0.5176471 0.4588235 1 0.5607843 0.5176471 0.4588235 1 0.5607843 0.5176471 0.4588235 1 0.5607843 0.5176471 0.4588235 1 0.5607843 0.5176471 0.4588235 1 0.5607843 0.5176471 0.4588235 1 0.5607843 0.5176471 0.4588235 1 0.5607843 0.5176471 0.4588235 1 0.5607843 0.5176471 0.4588235 1 0.5607843 0.5176471 0.4588235 1 0.5607843 0.5176471 0.4588235 1 0.5607843 0.5176471 0.4588235 1 0.5607843 0.5176471 0.4588235 1 0.5607843 0.5176471 0.4588235 1 0.5607843 0.5176471 0.4588235 1 0.5607843 0.5176471 0.4588235 1 0.5607843 0.5176471 0.4588235 1 0.5607843 0.5176471 0.4588235 1 0.5607843 0.5176471 0.4588235 1 0.5607843 0.5176471 0.4588235 1 0.5607843 0.5176471 0.4588235 1 0.5607843 0.5176471 0.4588235 1 0.5607843 0.5176471 0.4588235 1 0.5607843 0.5176471 0.4588235 1 0.5607843 0.5176471 0.4588235 1 0.5607843 0.5176471 0.4588235 1 0.3411765 0.3254902 0.345098 1 0.3411765 0.3254902 0.345098 1 0.3411765 0.3254902 0.345098 1 0.3411765 0.3254902 0.345098 1 0.3411765 0.3254902 0.345098 1 0.3411765 0.3254902 0.345098 1 0.3411765 0.3254902 0.345098 1 0.3411765 0.3254902 0.345098 1 0.3411765 0.3254902 0.345098 1 0.3411765 0.3254902 0.345098 1 0.3411765 0.3254902 0.345098 1 0.3411765 0.3254902 0.345098 1 0.3411765 0.3254902 0.345098 1 0.3411765 0.3254902 0.345098 1 0.3411765 0.3254902 0.345098 1 0.3411765 0.3254902 0.345098 1 0.3411765 0.3254902 0.345098 1 0.3411765 0.3254902 0.345098 1 0.3411765 0.3254902 0.345098 1 0.3411765 0.3254902 0.345098 1 0.3411765 0.3254902 0.345098 1 0.3411765 0.3254902 0.345098 1 0.3411765 0.3254902 0.345098 1 0.3411765 0.3254902 0.345098 1 0.3411765 0.3254902 0.345098 1 0.3411765 0.3254902 0.345098 1 0.3411765 0.3254902 0.345098 1 0.3411765 0.3254902 0.345098 1 0.3411765 0.3254902 0.345098 1 0.3411765 0.3254902 0.345098 1 0.3411765 0.3254902 0.345098 1 0.3411765 0.3254902 0.345098 1 0.3411765 0.3254902 0.345098 1 0.3411765 0.3254902 0.345098 1 0.3411765 0.3254902 0.345098 1 0.3411765 0.3254902 0.345098 1 0.3411765 0.3254902 0.345098 1 0.3411765 0.3254902 0.345098 1 0.3411765 0.3254902 0.345098 1 0.3411765 0.3254902 0.345098 1 0.3411765 0.3254902 0.345098 1 0.3411765 0.3254902 0.345098 1 0.3411765 0.3254902 0.345098 1 0.3411765 0.3254902 0.345098 1 0.3411765 0.3254902 0.345098 1 0.3411765 0.3254902 0.345098 1 0.3411765 0.3254902 0.345098 1 0.3411765 0.3254902 0.345098 1 0.3411765 0.3254902 0.345098 1 0.3411765 0.3254902 0.345098 1 0.3411765 0.3254902 0.345098 1 0.3411765 0.3254902 0.345098 1 0.3411765 0.3254902 0.345098 1 0.3411765 0.3254902 0.345098 1 0.3411765 0.3254902 0.345098 1 0.3411765 0.3254902 0.345098 1 0.3411765 0.3254902 0.345098 1 0.3411765 0.3254902 0.345098 1 0.3411765 0.3254902 0.345098 1 0.3411765 0.3254902 0.345098 1 0.3411765 0.3254902 0.345098 1 0.3411765 0.3254902 0.345098 1 0.3411765 0.3254902 0.345098 1 0.3411765 0.3254902 0.345098 1 0.3411765 0.3254902 0.345098 1 0.3411765 0.3254902 0.345098 1 0.3411765 0.3254902 0.345098 1 0.3411765 0.3254902 0.345098 1 0.3411765 0.3254902 0.345098 1 0.3411765 0.3254902 0.345098 1 0.3411765 0.3254902 0.345098 1 0.3411765 0.3254902 0.345098 1 0.3411765 0.3254902 0.345098 1 0.3411765 0.3254902 0.345098 1 0.3411765 0.3254902 0.345098 1 0.3411765 0.3254902 0.345098 1 0.3411765 0.3254902 0.345098 1 0.3411765 0.3254902 0.345098 1 0.3411765 0.3254902 0.345098 1 0.3411765 0.3254902 0.345098 1 0.3411765 0.3254902 0.345098 1 0.3411765 0.3254902 0.345098 1 0.3411765 0.3254902 0.345098 1 0.3411765 0.3254902 0.345098 1 0.3411765 0.3254902 0.345098 1 0.3411765 0.3254902 0.345098 1 0.3411765 0.3254902 0.345098 1 0.3411765 0.3254902 0.345098 1 0.3411765 0.3254902 0.345098 1 0.3411765 0.3254902 0.345098 1 0.3411765 0.3254902 0.345098 1 0.3411765 0.3254902 0.345098 1 0.3411765 0.3254902 0.345098 1 0.3411765 0.3254902 0.345098 1 0.3411765 0.3254902 0.345098 1 0.3411765 0.3254902 0.345098 1 0.3411765 0.3254902 0.345098 1 0.3411765 0.3254902 0.345098 1 0.3411765 0.3254902 0.345098 1 0.3411765 0.3254902 0.345098 1 0.3411765 0.3254902 0.345098 1 0.3411765 0.3254902 0.345098 1 0.3411765 0.3254902 0.345098 1 0.3411765 0.3254902 0.345098 1 0.3411765 0.3254902 0.345098 1 0.3411765 0.3254902 0.345098 1 0.3411765 0.3254902 0.345098 1 0.3411765 0.3254902 0.345098 1 0.3411765 0.3254902 0.345098 1 0.3411765 0.3254902 0.345098 1 0.3411765 0.3254902 0.345098 1 0.3411765 0.3254902 0.345098 1 0.3411765 0.3254902 0.345098 1 0.3411765 0.3254902 0.345098 1 0.3411765 0.3254902 0.345098 1 0.3411765 0.3254902 0.345098 1 0.3411765 0.3254902 0.345098 1 0.3411765 0.3254902 0.345098 1 0.3411765 0.3254902 0.345098 1 0.3411765 0.3254902 0.345098 1 0.3411765 0.3254902 0.345098 1 0.3411765 0.3254902 0.345098 1 0.3411765 0.3254902 0.345098 1 0.3411765 0.3254902 0.345098 1 0.3411765 0.3254902 0.345098 1 0.3411765 0.3254902 0.345098 1 0.3411765 0.3254902 0.345098 1 0.3411765 0.3254902 0.345098 1 0.3411765 0.3254902 0.345098 1 0.3411765 0.3254902 0.345098 1 0.3411765 0.3254902 0.345098 1 0.3411765 0.3254902 0.345098 1 0.3411765 0.3254902 0.345098 1 0.3411765 0.3254902 0.345098 1 0.3411765 0.3254902 0.345098 1 0.3411765 0.3254902 0.345098 1 0.3411765 0.3254902 0.345098 1 0.3411765 0.3254902 0.345098 1 0.3411765 0.3254902 0.345098 1 0.3411765 0.3254902 0.345098 1 0.3411765 0.3254902 0.345098 1 0.3411765 0.3254902 0.345098 1 0.3411765 0.3254902 0.345098 1 0.3411765 0.3254902 0.345098 1 0.3411765 0.3254902 0.345098 1 0.3411765 0.3254902 0.345098 1 0.3411765 0.3254902 0.345098 1 0.3411765 0.3254902 0.345098 1 0.3411765 0.3254902 0.345098 1 0.3411765 0.3254902 0.345098 1 0.3411765 0.3254902 0.345098 1 0.3411765 0.3254902 0.345098 1 0.3411765 0.3254902 0.345098 1 0.3411765 0.3254902 0.345098 1 0.3411765 0.3254902 0.345098 1 0.3411765 0.3254902 0.345098 1 0.3411765 0.3254902 0.345098 1 0.3411765 0.3254902 0.345098 1 0.3411765 0.3254902 0.345098 1 0.3411765 0.3254902 0.345098 1 0.3411765 0.3254902 0.345098 1 0.3411765 0.3254902 0.345098 1 0.3411765 0.3254902 0.345098 1 0.3411765 0.3254902 0.345098 1 0.3411765 0.3254902 0.345098 1 0.3411765 0.3254902 0.345098 1 0.3411765 0.3254902 0.345098 1 0.3411765 0.3254902 0.345098 1 0.3411765 0.3254902 0.345098 1 0.3411765 0.3254902 0.345098 1 0.3411765 0.3254902 0.345098 1 0.3411765 0.3254902 0.345098 1 0.3411765 0.3254902 0.345098 1 0.3411765 0.3254902 0.345098 1 0.3411765 0.3254902 0.345098 1 0.3411765 0.3254902 0.345098 1 0.3411765 0.3254902 0.345098 1 0.3411765 0.3254902 0.345098 1 0.3411765 0.3254902 0.345098 1 0.3411765 0.3254902 0.345098 1 0.3411765 0.3254902 0.345098 1 0.3411765 0.3254902 0.345098 1 0.3411765 0.3254902 0.345098 1 0.3411765 0.3254902 0.345098 1 0.3411765 0.3254902 0.345098 1 0.3411765 0.3254902 0.345098 1 0.3411765 0.3254902 0.345098 1 0.3411765 0.3254902 0.345098 1 0.3411765 0.3254902 0.345098 1 0.3411765 0.3254902 0.345098 1 0.3411765 0.3254902 0.345098 1 0.3411765 0.3254902 0.345098 1 0.3411765 0.3254902 0.345098 1 0.3411765 0.3254902 0.345098 1 0.3411765 0.3254902 0.345098 1 0.3411765 0.3254902 0.345098 1 0.3411765 0.3254902 0.345098 1 0.3411765 0.3254902 0.345098 1 0.3411765 0.3254902 0.345098 1 0.3411765 0.3254902 0.345098 1 0.3411765 0.3254902 0.345098 1 0.3411765 0.3254902 0.345098 1 0.3411765 0.3254902 0.345098 1 0.3411765 0.3254902 0.345098 1 0.3411765 0.3254902 0.345098 1 0.3411765 0.3254902 0.345098 1 0.3411765 0.3254902 0.345098 1 0.3411765 0.3254902 0.345098 1 0.3411765 0.3254902 0.345098 1 0.3411765 0.3254902 0.345098 1 0.3411765 0.3254902 0.345098 1 0.3411765 0.3254902 0.345098 1 0.3411765 0.3254902 0.345098 1 0.3411765 0.3254902 0.345098 1 0.3411765 0.3254902 0.345098 1 0.3411765 0.3254902 0.345098 1 0.3411765 0.3254902 0.345098 1 0.3411765 0.3254902 0.345098 1 0.3411765 0.3254902 0.345098 1 0.3411765 0.3254902 0.345098 1 0.3411765 0.3254902 0.345098 1 0.3411765 0.3254902 0.345098 1 0.3411765 0.3254902 0.345098 1 0.3411765 0.3254902 0.345098 1 0.3411765 0.3254902 0.345098 1 0.3411765 0.3254902 0.345098 1 0.3411765 0.3254902 0.345098 1 0.3411765 0.3254902 0.345098 1 0.3411765 0.3254902 0.345098 1 0.3411765 0.3254902 0.345098 1 0.3411765 0.3254902 0.345098 1 0.3411765 0.3254902 0.345098 1 0.3411765 0.3254902 0.345098 1 0.3411765 0.3254902 0.345098 1 0.3411765 0.3254902 0.345098 1 0.3411765 0.3254902 0.345098 1 0.3411765 0.3254902 0.345098 1 0.3411765 0.3254902 0.345098 1 0.3411765 0.3254902 0.345098 1 0.3411765 0.3254902 0.345098 1 0.3411765 0.3254902 0.345098 1 0.3411765 0.3254902 0.345098 1 0.3411765 0.3254902 0.345098 1 0.3411765 0.3254902 0.345098 1 0.3411765 0.3254902 0.345098 1 0.3411765 0.3254902 0.345098 1 0.3411765 0.3254902 0.345098 1 0.3411765 0.3254902 0.345098 1 0.3411765 0.3254902 0.345098 1 0.3411765 0.3254902 0.345098 1 0.3411765 0.3254902 0.345098 1 0.3411765 0.3254902 0.345098 1 0.3411765 0.3254902 0.345098 1 0.3411765 0.3254902 0.345098 1 0.3411765 0.3254902 0.345098 1 0.3411765 0.3254902 0.345098 1 0.3411765 0.3254902 0.345098 1 0.3411765 0.3254902 0.345098 1 0.3411765 0.3254902 0.345098 1 0.3411765 0.3254902 0.345098 1 0.3411765 0.3254902 0.345098 1 0.3411765 0.3254902 0.345098 1 0.3411765 0.3254902 0.345098 1 0.3411765 0.3254902 0.345098 1 0.3411765 0.3254902 0.345098 1 0.3411765 0.3254902 0.345098 1 0.3411765 0.3254902 0.345098 1 0.3411765 0.3254902 0.345098 1 0.3411765 0.3254902 0.345098 1 0.3411765 0.3254902 0.345098 1 0.3411765 0.3254902 0.345098 1 0.3411765 0.3254902 0.345098 1 0.3411765 0.3254902 0.345098 1 0.3411765 0.3254902 0.345098 1 0.3411765 0.3254902 0.345098 1 0.3411765 0.3254902 0.345098 1 0.3411765 0.3254902 0.345098 1 0.3411765 0.3254902 0.345098 1 0.3411765 0.3254902 0.345098 1 0.3411765 0.3254902 0.345098 1 0.3411765 0.3254902 0.345098 1 0.3411765 0.3254902 0.345098 1 0.3411765 0.3254902 0.345098 1 0.3411765 0.3254902 0.345098 1 0.3411765 0.3254902 0.345098 1 0.3411765 0.3254902 0.345098 1 0.3411765 0.3254902 0.345098 1 0.3411765 0.3254902 0.345098 1 0.3411765 0.3254902 0.345098 1 0.3411765 0.3254902 0.345098 1 0.3411765 0.3254902 0.345098 1 0.3411765 0.3254902 0.345098 1 0.3411765 0.3254902 0.345098 1 0.3411765 0.3254902 0.345098 1 0.3411765 0.3254902 0.345098 1 0.3411765 0.3254902 0.345098 1 0.3411765 0.3254902 0.345098 1 0.3411765 0.3254902 0.345098 1 0.3411765 0.3254902 0.345098 1 0.3411765 0.3254902 0.345098 1 0.3411765 0.3254902 0.345098 1 0.3411765 0.3254902 0.345098 1 0.3411765 0.3254902 0.345098 1 0.3411765 0.3254902 0.345098 1 0.3411765 0.3254902 0.345098 1 0.3411765 0.3254902 0.345098 1 0.3411765 0.3254902 0.345098 1 0.3411765 0.3254902 0.345098 1 0.3411765 0.3254902 0.345098 1 0.3411765 0.3254902 0.345098 1 0.3411765 0.3254902 0.345098 1 0.3411765 0.3254902 0.345098 1 0.3411765 0.3254902 0.345098 1 0.3411765 0.3254902 0.345098 1 0.3411765 0.3254902 0.345098 1 0.3411765 0.3254902 0.345098 1 0.3411765 0.3254902 0.345098 1 0.3411765 0.3254902 0.345098 1 0.3411765 0.3254902 0.345098 1 0.3411765 0.3254902 0.345098 1 0.3411765 0.3254902 0.345098 1 0.1333333 0.145098 0.1764706 1 0.1333333 0.145098 0.1764706 1 0.1333333 0.145098 0.1764706 1 0.1333333 0.145098 0.1764706 1 0.1333333 0.145098 0.1764706 1 0.1333333 0.145098 0.1764706 1 0.1333333 0.145098 0.1764706 1 0.1333333 0.145098 0.1764706 1 0.1333333 0.145098 0.1764706 1 0.1333333 0.145098 0.1764706 1 0.1333333 0.145098 0.1764706 1 0.1333333 0.145098 0.1764706 1 0.1333333 0.145098 0.1764706 1 0.1333333 0.145098 0.1764706 1 0.1333333 0.145098 0.1764706 1 0.1333333 0.145098 0.1764706 1 0.1333333 0.145098 0.1764706 1 0.1333333 0.145098 0.1764706 1 0.1333333 0.145098 0.1764706 1 0.1333333 0.145098 0.1764706 1 0.1333333 0.145098 0.1764706 1 0.1333333 0.145098 0.1764706 1 0.1333333 0.145098 0.1764706 1 0.1333333 0.145098 0.1764706 1 0.1333333 0.145098 0.1764706 1 0.1333333 0.145098 0.1764706 1 0.1333333 0.145098 0.1764706 1 0.1333333 0.145098 0.1764706 1 0.1333333 0.145098 0.1764706 1 0.1333333 0.145098 0.1764706 1 0.1333333 0.145098 0.1764706 1 0.1333333 0.145098 0.1764706 1 0.1333333 0.145098 0.1764706 1 0.1333333 0.145098 0.1764706 1 0.1333333 0.145098 0.1764706 1 0.1333333 0.145098 0.1764706 1 0.1333333 0.145098 0.1764706 1 0.1333333 0.145098 0.1764706 1 0.1333333 0.145098 0.1764706 1 0.1333333 0.145098 0.1764706 1 0.1333333 0.145098 0.1764706 1 0.1333333 0.145098 0.1764706 1 0.1333333 0.145098 0.1764706 1 0.1333333 0.145098 0.1764706 1 0.1333333 0.145098 0.1764706 1 0.1333333 0.145098 0.1764706 1 0.1333333 0.145098 0.1764706 1 0.1333333 0.145098 0.1764706 1 0.1333333 0.145098 0.1764706 1 0.1333333 0.145098 0.1764706 1 0.1333333 0.145098 0.1764706 1 0.1333333 0.145098 0.1764706 1 0.1333333 0.145098 0.1764706 1 0.1333333 0.145098 0.1764706 1 0.1333333 0.145098 0.1764706 1 0.1333333 0.145098 0.1764706 1 0.1333333 0.145098 0.1764706 1 0.1333333 0.145098 0.1764706 1 0.1333333 0.145098 0.1764706 1 0.1333333 0.145098 0.1764706 1 0.1333333 0.145098 0.1764706 1 0.1333333 0.145098 0.1764706 1 0.1333333 0.145098 0.1764706 1 0.1333333 0.145098 0.1764706 1 0.1333333 0.145098 0.1764706 1 0.1333333 0.145098 0.1764706 1 0.1333333 0.145098 0.1764706 1 0.1333333 0.145098 0.1764706 1 0.1333333 0.145098 0.1764706 1 0.1333333 0.145098 0.1764706 1 0.1333333 0.145098 0.1764706 1 0.1333333 0.145098 0.1764706 1 0.1333333 0.145098 0.1764706 1 0.1333333 0.145098 0.1764706 1 0.1333333 0.145098 0.1764706 1 0.1333333 0.145098 0.1764706 1 0.1333333 0.145098 0.1764706 1 0.1333333 0.145098 0.1764706 1 0.1333333 0.145098 0.1764706 1 0.1333333 0.145098 0.1764706 1 0.1333333 0.145098 0.1764706 1 0.1333333 0.145098 0.1764706 1 0.1333333 0.145098 0.1764706 1 0.1333333 0.145098 0.1764706 1 0.1333333 0.145098 0.1764706 1 0.1333333 0.145098 0.1764706 1 0.1333333 0.145098 0.1764706 1 0.1333333 0.145098 0.1764706 1 0.1333333 0.145098 0.1764706 1 0.1333333 0.145098 0.1764706 1 0.1333333 0.145098 0.1764706 1 0.1333333 0.145098 0.1764706 1 0.1333333 0.145098 0.1764706 1 0.1333333 0.145098 0.1764706 1 0.1333333 0.145098 0.1764706 1 0.1333333 0.145098 0.1764706 1 0.1333333 0.145098 0.1764706 1 0.1333333 0.145098 0.1764706 1 0.1333333 0.145098 0.1764706 1 0.1333333 0.145098 0.1764706 1 0.1333333 0.145098 0.1764706 1 0.1333333 0.145098 0.1764706 1 0.1333333 0.145098 0.1764706 1 0.1333333 0.145098 0.1764706 1 0.1333333 0.145098 0.1764706 1 0.1333333 0.145098 0.1764706 1 0.1333333 0.145098 0.1764706 1 0.1333333 0.145098 0.1764706 1 0.1333333 0.145098 0.1764706 1 0.1333333 0.145098 0.1764706 1 0.1333333 0.145098 0.1764706 1 0.1333333 0.145098 0.1764706 1 0.1333333 0.145098 0.1764706 1 0.1333333 0.145098 0.1764706 1 0.1333333 0.145098 0.1764706 1 0.1333333 0.145098 0.1764706 1 0.1333333 0.145098 0.1764706 1 0.1333333 0.145098 0.1764706 1 0.1333333 0.145098 0.1764706 1 0.1333333 0.145098 0.1764706 1 0.1333333 0.145098 0.1764706 1 0.1333333 0.145098 0.1764706 1 0.1333333 0.145098 0.1764706 1 0.1333333 0.145098 0.1764706 1 0.1333333 0.145098 0.1764706 1 0.1333333 0.145098 0.1764706 1 0.1333333 0.145098 0.1764706 1 0.1333333 0.145098 0.1764706 1 0.1333333 0.145098 0.1764706 1 0.1333333 0.145098 0.1764706 1 0.1333333 0.145098 0.1764706 1 0.1333333 0.145098 0.1764706 1 0.1333333 0.145098 0.1764706 1 0.1333333 0.145098 0.1764706 1 0.1333333 0.145098 0.1764706 1 0.1333333 0.145098 0.1764706 1 0.1333333 0.145098 0.1764706 1 0.1333333 0.145098 0.1764706 1 0.1333333 0.145098 0.1764706 1 0.1333333 0.145098 0.1764706 1 0.1333333 0.145098 0.1764706 1 0.1333333 0.145098 0.1764706 1 0.1333333 0.145098 0.1764706 1 0.1333333 0.145098 0.1764706 1 0.1333333 0.145098 0.1764706 1 0.1333333 0.145098 0.1764706 1 0.1333333 0.145098 0.1764706 1 0.1333333 0.145098 0.1764706 1 0.1333333 0.145098 0.1764706 1 0.1333333 0.145098 0.1764706 1 0.1333333 0.145098 0.1764706 1 0.1333333 0.145098 0.1764706 1 0.1333333 0.145098 0.1764706 1 0.1333333 0.145098 0.1764706 1 0.1333333 0.145098 0.1764706 1 0.1333333 0.145098 0.1764706 1 0.1333333 0.145098 0.1764706 1 0.1333333 0.145098 0.1764706 1 0.1333333 0.145098 0.1764706 1 0.1333333 0.145098 0.1764706 1 0.1333333 0.145098 0.1764706 1 0.1333333 0.145098 0.1764706 1 0.1333333 0.145098 0.1764706 1 0.1333333 0.145098 0.1764706 1 0.1333333 0.145098 0.1764706 1 0.1333333 0.145098 0.1764706 1 0.1333333 0.145098 0.1764706 1 0.1333333 0.145098 0.1764706 1 0.1333333 0.145098 0.1764706 1 0.1333333 0.145098 0.1764706 1 0.1333333 0.145098 0.1764706 1 0.1333333 0.145098 0.1764706 1 0.1333333 0.145098 0.1764706 1 0.1333333 0.145098 0.1764706 1 0.1333333 0.145098 0.1764706 1 0.1333333 0.145098 0.1764706 1 0.1333333 0.145098 0.1764706 1 0.1333333 0.145098 0.1764706 1 0.1333333 0.145098 0.1764706 1 0.1333333 0.145098 0.1764706 1 0.1333333 0.145098 0.1764706 1 0.1333333 0.145098 0.1764706 1 0.1333333 0.145098 0.1764706 1 0.1333333 0.145098 0.1764706 1 0.1333333 0.145098 0.1764706 1 0.1333333 0.145098 0.1764706 1 0.1333333 0.145098 0.1764706 1 0.1333333 0.145098 0.1764706 1 0.1333333 0.145098 0.1764706 1 0.1333333 0.145098 0.1764706 1 0.1333333 0.145098 0.1764706 1 0.1333333 0.145098 0.1764706 1 0.1333333 0.145098 0.1764706 1 0.1333333 0.145098 0.1764706 1 0.1333333 0.145098 0.1764706 1 0.1333333 0.145098 0.1764706 1 0.1333333 0.145098 0.1764706 1 0.1333333 0.145098 0.1764706 1 0.1333333 0.145098 0.1764706 1 0.1333333 0.145098 0.1764706 1 0.1333333 0.145098 0.1764706 1 0.1333333 0.145098 0.1764706 1 0.1333333 0.145098 0.1764706 1 0.1333333 0.145098 0.1764706 1 0.1333333 0.145098 0.1764706 1 0.1333333 0.145098 0.1764706 1 0.1333333 0.145098 0.1764706 1 0.1333333 0.145098 0.1764706 1 0.1333333 0.145098 0.1764706 1 0.1333333 0.145098 0.1764706 1 0.1333333 0.145098 0.1764706 1 0.1333333 0.145098 0.1764706 1 0.1333333 0.145098 0.1764706 1 0.1333333 0.145098 0.1764706 1 0.1333333 0.145098 0.1764706 1 0.1333333 0.145098 0.1764706 1 0.1333333 0.145098 0.1764706 1 0.1333333 0.145098 0.1764706 1 0.1333333 0.145098 0.1764706 1 0.1333333 0.145098 0.1764706 1 0.1333333 0.145098 0.1764706 1 0.1333333 0.145098 0.1764706 1 0.1333333 0.145098 0.1764706 1 0.1333333 0.145098 0.1764706 1 0.1333333 0.145098 0.1764706 1 0.1333333 0.145098 0.1764706 1 0.1333333 0.145098 0.1764706 1 0.1333333 0.145098 0.1764706 1 0.1333333 0.145098 0.1764706 1 0.1333333 0.145098 0.1764706 1 0.1333333 0.145098 0.1764706 1 0.1333333 0.145098 0.1764706 1 0.1333333 0.145098 0.1764706 1 0.1333333 0.145098 0.1764706 1 0.1333333 0.145098 0.1764706 1 0.1333333 0.145098 0.1764706 1 0.1333333 0.145098 0.1764706 1 0.1333333 0.145098 0.1764706 1 0.1333333 0.145098 0.1764706 1 0.1333333 0.145098 0.1764706 1 0.3411765 0.3254902 0.345098 1 0.3411765 0.3254902 0.345098 1 0.3411765 0.3254902 0.345098 1 0.3411765 0.3254902 0.345098 1 0.3411765 0.3254902 0.345098 1 0.3411765 0.3254902 0.345098 1 0.3411765 0.3254902 0.345098 1 0.3411765 0.3254902 0.345098 1 0.3411765 0.3254902 0.345098 1 0.3411765 0.3254902 0.345098 1 0.3411765 0.3254902 0.345098 1 0.3411765 0.3254902 0.345098 1 0.3411765 0.3254902 0.345098 1 0.3411765 0.3254902 0.345098 1 0.3411765 0.3254902 0.345098 1 0.3411765 0.3254902 0.345098 1 0.3411765 0.3254902 0.345098 1 0.3411765 0.3254902 0.345098 1 0.3411765 0.3254902 0.345098 1 0.3411765 0.3254902 0.345098 1 0.3411765 0.3254902 0.345098 1 0.3411765 0.3254902 0.345098 1 0.3411765 0.3254902 0.345098 1 0.3411765 0.3254902 0.345098 1 0.3411765 0.3254902 0.345098 1 0.3411765 0.3254902 0.345098 1 0.3411765 0.3254902 0.345098 1 0.3411765 0.3254902 0.345098 1 0.3411765 0.3254902 0.345098 1 0.3411765 0.3254902 0.345098 1 0.3411765 0.3254902 0.345098 1 0.3411765 0.3254902 0.345098 1 0.3411765 0.3254902 0.345098 1 0.3411765 0.3254902 0.345098 1 0.3411765 0.3254902 0.345098 1 0.3411765 0.3254902 0.345098 1 0.3411765 0.3254902 0.345098 1 0.3411765 0.3254902 0.345098 1 0.3411765 0.3254902 0.345098 1 0.3411765 0.3254902 0.345098 1 0.1333333 0.145098 0.1764706 1 0.1333333 0.145098 0.1764706 1 0.1333333 0.145098 0.1764706 1 0.1333333 0.145098 0.1764706 1 0.1333333 0.145098 0.1764706 1 0.1333333 0.145098 0.1764706 1 0.3411765 0.3254902 0.345098 1 0.3411765 0.3254902 0.345098 1 0.3411765 0.3254902 0.345098 1 0.3411765 0.3254902 0.345098 1 0.3411765 0.3254902 0.345098 1 0.3411765 0.3254902 0.345098 1 0.3411765 0.3254902 0.345098 1 0.3411765 0.3254902 0.345098 1 0.3411765 0.3254902 0.345098 1 0.3411765 0.3254902 0.345098 1 0.3411765 0.3254902 0.345098 1 0.3411765 0.3254902 0.345098 1 0.3411765 0.3254902 0.345098 1 0.3411765 0.3254902 0.345098 1 0.3411765 0.3254902 0.345098 1 0.3411765 0.3254902 0.345098 1 0.3411765 0.3254902 0.345098 1 0.3411765 0.3254902 0.345098 1 0.3411765 0.3254902 0.345098 1 0.3411765 0.3254902 0.345098 1 0.3411765 0.3254902 0.345098 1 0.3411765 0.3254902 0.345098 1 0.3411765 0.3254902 0.345098 1 0.3411765 0.3254902 0.345098 1 0.3411765 0.3254902 0.345098 1 0.3411765 0.3254902 0.345098 1 0.3411765 0.3254902 0.345098 1 0.3411765 0.3254902 0.345098 1 0.3411765 0.3254902 0.345098 1 0.3411765 0.3254902 0.345098 1 0.3411765 0.3254902 0.345098 1 0.3411765 0.3254902 0.345098 1 0.3411765 0.3254902 0.345098 1 0.3411765 0.3254902 0.345098 1 0.3411765 0.3254902 0.345098 1 0.3411765 0.3254902 0.345098 1 0.3411765 0.3254902 0.345098 1 0.3411765 0.3254902 0.345098 1 0.3411765 0.3254902 0.345098 1 0.3411765 0.3254902 0.345098 1 0.3411765 0.3254902 0.345098 1 0.3411765 0.3254902 0.345098 1 0.3411765 0.3254902 0.345098 1 0.3411765 0.3254902 0.345098 1 0.3411765 0.3254902 0.345098 1 0.3411765 0.3254902 0.345098 1 0.3411765 0.3254902 0.345098 1 0.3411765 0.3254902 0.345098 1 0.3411765 0.3254902 0.345098 1 0.3411765 0.3254902 0.345098 1 0.3411765 0.3254902 0.345098 1 0.3411765 0.3254902 0.345098 1 0.3411765 0.3254902 0.345098 1 0.3411765 0.3254902 0.345098 1 0.3411765 0.3254902 0.345098 1 0.3411765 0.3254902 0.345098 1 0.3411765 0.3254902 0.345098 1 0.3411765 0.3254902 0.345098 1 0.3411765 0.3254902 0.345098 1 0.3411765 0.3254902 0.345098 1 0.3411765 0.3254902 0.345098 1 0.3411765 0.3254902 0.345098 1 0.3411765 0.3254902 0.345098 1 0.3411765 0.3254902 0.345098 1 0.3411765 0.3254902 0.345098 1 0.3411765 0.3254902 0.345098 1 0.1333333 0.145098 0.1764706 1 0.1333333 0.145098 0.1764706 1 0.1333333 0.145098 0.1764706 1 0.1333333 0.145098 0.1764706 1 0.1333333 0.145098 0.1764706 1 0.1333333 0.145098 0.1764706 1 0.1333333 0.145098 0.1764706 1 0.1333333 0.145098 0.1764706 1 0.1333333 0.145098 0.1764706 1 0.1333333 0.145098 0.1764706 1 0.1333333 0.145098 0.1764706 1 0.1333333 0.145098 0.1764706 1 0.1333333 0.145098 0.1764706 1 0.1333333 0.145098 0.1764706 1 0.1333333 0.145098 0.1764706 1 0.1333333 0.145098 0.1764706 1 0.1333333 0.145098 0.1764706 1 0.1333333 0.145098 0.1764706 1 0.1333333 0.145098 0.1764706 1 0.1333333 0.145098 0.1764706 1 0.1333333 0.145098 0.1764706 1 0.1333333 0.145098 0.1764706 1 0.1333333 0.145098 0.1764706 1 0.1333333 0.145098 0.1764706 1 0.1333333 0.145098 0.1764706 1 0.1333333 0.145098 0.1764706 1 0.1333333 0.145098 0.1764706 1 0.1333333 0.145098 0.1764706 1 0.1333333 0.145098 0.1764706 1 0.1333333 0.145098 0.1764706 1 0.1333333 0.145098 0.1764706 1 0.1333333 0.145098 0.1764706 1 0.1333333 0.145098 0.1764706 1 0.1333333 0.145098 0.1764706 1 0.1333333 0.145098 0.1764706 1 0.1333333 0.145098 0.1764706 1 0.1333333 0.145098 0.1764706 1 0.1333333 0.145098 0.1764706 1 0.1333333 0.145098 0.1764706 1 0.1333333 0.145098 0.1764706 1 0.1333333 0.145098 0.1764706 1 0.1333333 0.145098 0.1764706 1 0.1333333 0.145098 0.1764706 1 0.1333333 0.145098 0.1764706 1 0.1333333 0.145098 0.1764706 1 0.1333333 0.145098 0.1764706 1 0.1333333 0.145098 0.1764706 1 0.1333333 0.145098 0.1764706 1 0.1333333 0.145098 0.1764706 1 0.1333333 0.145098 0.1764706 1 0.1333333 0.145098 0.1764706 1 0.1333333 0.145098 0.1764706 1 0.1333333 0.145098 0.1764706 1 0.1333333 0.145098 0.1764706 1 0.1333333 0.145098 0.1764706 1 0.1333333 0.145098 0.1764706 1 0.1333333 0.145098 0.1764706 1 0.1333333 0.145098 0.1764706 1 0.1333333 0.145098 0.1764706 1 0.1333333 0.145098 0.1764706 1 0.1333333 0.145098 0.1764706 1 0.1333333 0.145098 0.1764706 1 0.1333333 0.145098 0.1764706 1 0.1333333 0.145098 0.1764706 1 0.1333333 0.145098 0.1764706 1 0.1333333 0.145098 0.1764706 1 0.3411765 0.3254902 0.345098 1 0.3411765 0.3254902 0.345098 1 0.3411765 0.3254902 0.345098 1 0.3411765 0.3254902 0.345098 1 0.3411765 0.3254902 0.345098 1 0.3411765 0.3254902 0.345098 1 0.3411765 0.3254902 0.345098 1 0.3411765 0.3254902 0.345098 1 0.3411765 0.3254902 0.345098 1 0.3411765 0.3254902 0.345098 1 0.3411765 0.3254902 0.345098 1 0.3411765 0.3254902 0.345098 1 0.3411765 0.3254902 0.345098 1 0.3411765 0.3254902 0.345098 1 0.3411765 0.3254902 0.345098 1 0.3411765 0.3254902 0.345098 1 0.3411765 0.3254902 0.345098 1 0.3411765 0.3254902 0.345098 1 0.3411765 0.3254902 0.345098 1 0.3411765 0.3254902 0.345098 1 0.3411765 0.3254902 0.345098 1 0.3411765 0.3254902 0.345098 1 0.3411765 0.3254902 0.345098 1 0.3411765 0.3254902 0.345098 1 0.3411765 0.3254902 0.345098 1 0.3411765 0.3254902 0.345098 1 0.3411765 0.3254902 0.345098 1 0.3411765 0.3254902 0.345098 1 0.3411765 0.3254902 0.345098 1 0.3411765 0.3254902 0.345098 1 0.3411765 0.3254902 0.345098 1 0.3411765 0.3254902 0.345098 1 0.3411765 0.3254902 0.345098 1 0.3411765 0.3254902 0.345098 1 0.3411765 0.3254902 0.345098 1 0.3411765 0.3254902 0.345098 1 0.3411765 0.3254902 0.345098 1 0.3411765 0.3254902 0.345098 1 0.3411765 0.3254902 0.345098 1 0.3411765 0.3254902 0.345098 1 0.3411765 0.3254902 0.345098 1 0.3411765 0.3254902 0.345098 1 0.3411765 0.3254902 0.345098 1 0.3411765 0.3254902 0.345098 1 0.3411765 0.3254902 0.345098 1 0.3411765 0.3254902 0.345098 1 0.3411765 0.3254902 0.345098 1 0.3411765 0.3254902 0.345098 1 0.3411765 0.3254902 0.345098 1 0.3411765 0.3254902 0.345098 1 0.3411765 0.3254902 0.345098 1 0.3411765 0.3254902 0.345098 1 0.3411765 0.3254902 0.345098 1 0.3411765 0.3254902 0.345098 1 0.3411765 0.3254902 0.345098 1 0.3411765 0.3254902 0.345098 1 0.3411765 0.3254902 0.345098 1 0.3411765 0.3254902 0.345098 1 0.3411765 0.3254902 0.345098 1 0.3411765 0.3254902 0.345098 1 0.3411765 0.3254902 0.345098 1 0.3411765 0.3254902 0.345098 1 0.3411765 0.3254902 0.345098 1 0.3411765 0.3254902 0.345098 1 0.3411765 0.3254902 0.345098 1 0.3411765 0.3254902 0.345098 1 0.3411765 0.3254902 0.345098 1 0.3411765 0.3254902 0.345098 1 0.3411765 0.3254902 0.345098 1 0.3411765 0.3254902 0.345098 1 0.3411765 0.3254902 0.345098 1 0.3411765 0.3254902 0.345098 1 0.3411765 0.3254902 0.345098 1 0.3411765 0.3254902 0.345098 1 0.3411765 0.3254902 0.345098 1 0.3411765 0.3254902 0.345098 1 0.3411765 0.3254902 0.345098 1 0.3411765 0.3254902 0.345098 1 0.3411765 0.3254902 0.345098 1 0.3411765 0.3254902 0.345098 1 0.3411765 0.3254902 0.345098 1 0.3411765 0.3254902 0.345098 1 0.3411765 0.3254902 0.345098 1 0.3411765 0.3254902 0.345098 1 0.3411765 0.3254902 0.345098 1 0.3411765 0.3254902 0.345098 1 0.3411765 0.3254902 0.345098 1 0.3411765 0.3254902 0.345098 1 0.3411765 0.3254902 0.345098 1 0.3411765 0.3254902 0.345098 1 0.3411765 0.3254902 0.345098 1 0.3411765 0.3254902 0.345098 1 0.3411765 0.3254902 0.345098 1 0.3411765 0.3254902 0.345098 1 0.3411765 0.3254902 0.345098 1 0.3411765 0.3254902 0.345098 1 0.3411765 0.3254902 0.345098 1 0.3411765 0.3254902 0.345098 1 0.3411765 0.3254902 0.345098 1 0.3411765 0.3254902 0.345098 1 0.3411765 0.3254902 0.345098 1 0.3411765 0.3254902 0.345098 1 0.3411765 0.3254902 0.345098 1 0.3411765 0.3254902 0.345098 1 0.3411765 0.3254902 0.345098 1 0.3411765 0.3254902 0.345098 1 0.3411765 0.3254902 0.345098 1 0.3411765 0.3254902 0.345098 1 0.3411765 0.3254902 0.345098 1 0.3411765 0.3254902 0.345098 1 0.3411765 0.3254902 0.345098 1 0.3411765 0.3254902 0.345098 1 0.3411765 0.3254902 0.345098 1 0.3411765 0.3254902 0.345098 1 0.3411765 0.3254902 0.345098 1 0.3411765 0.3254902 0.345098 1 0.3411765 0.3254902 0.345098 1 0.3411765 0.3254902 0.345098 1 0.3411765 0.3254902 0.345098 1 0.3411765 0.3254902 0.345098 1 0.3411765 0.3254902 0.345098 1 0.3411765 0.3254902 0.345098 1 0.3411765 0.3254902 0.345098 1 0.3411765 0.3254902 0.345098 1 0.3411765 0.3254902 0.345098 1 0.3411765 0.3254902 0.345098 1 0.3411765 0.3254902 0.345098 1 0.3411765 0.3254902 0.345098 1 0.3411765 0.3254902 0.345098 1 0.3411765 0.3254902 0.345098 1 0.3411765 0.3254902 0.345098 1 0.3411765 0.3254902 0.345098 1 0.3411765 0.3254902 0.345098 1 0.3411765 0.3254902 0.345098 1 0.3411765 0.3254902 0.345098 1 0.3411765 0.3254902 0.345098 1 0.3411765 0.3254902 0.345098 1 0.3411765 0.3254902 0.345098 1 0.3411765 0.3254902 0.345098 1 0.3411765 0.3254902 0.345098 1 0.3411765 0.3254902 0.345098 1 0.3411765 0.3254902 0.345098 1 0.3411765 0.3254902 0.345098 1 0.3411765 0.3254902 0.345098 1 0.3411765 0.3254902 0.345098 1 0.3411765 0.3254902 0.345098 1 0.3411765 0.3254902 0.345098 1 0.3411765 0.3254902 0.345098 1 0.3411765 0.3254902 0.345098 1 0.3411765 0.3254902 0.345098 1 0.3411765 0.3254902 0.345098 1 0.3411765 0.3254902 0.345098 1 0.3411765 0.3254902 0.345098 1 0.3411765 0.3254902 0.345098 1 0.3411765 0.3254902 0.345098 1 0.3411765 0.3254902 0.345098 1 0.3411765 0.3254902 0.345098 1 0.3411765 0.3254902 0.345098 1 0.3411765 0.3254902 0.345098 1 0.3411765 0.3254902 0.345098 1 0.3411765 0.3254902 0.345098 1 0.3411765 0.3254902 0.345098 1 0.3411765 0.3254902 0.345098 1 0.3411765 0.3254902 0.345098 1 0.3411765 0.3254902 0.345098 1 0.3411765 0.3254902 0.345098 1 0.3411765 0.3254902 0.345098 1 0.3411765 0.3254902 0.345098 1 0.3411765 0.3254902 0.345098 1 0.3411765 0.3254902 0.345098 1 0.3411765 0.3254902 0.345098 1 0.3411765 0.3254902 0.345098 1 0.3411765 0.3254902 0.345098 1 0.3411765 0.3254902 0.345098 1 0.3411765 0.3254902 0.345098 1 0.3411765 0.3254902 0.345098 1 0.3411765 0.3254902 0.345098 1 0.3411765 0.3254902 0.345098 1 0.3411765 0.3254902 0.345098 1 0.3411765 0.3254902 0.345098 1 0.3411765 0.3254902 0.345098 1 0.3411765 0.3254902 0.345098 1 0.3411765 0.3254902 0.345098 1 0.3411765 0.3254902 0.345098 1 0.3411765 0.3254902 0.345098 1 0.3411765 0.3254902 0.345098 1 0.3411765 0.3254902 0.345098 1 0.3411765 0.3254902 0.345098 1 0.3411765 0.3254902 0.345098 1 0.3411765 0.3254902 0.345098 1 0.3411765 0.3254902 0.345098 1 0.3411765 0.3254902 0.345098 1 0.3411765 0.3254902 0.345098 1 0.3411765 0.3254902 0.345098 1 0.3411765 0.3254902 0.345098 1 0.3411765 0.3254902 0.345098 1 0.3411765 0.3254902 0.345098 1 0.3411765 0.3254902 0.345098 1 0.3411765 0.3254902 0.345098 1 0.3411765 0.3254902 0.345098 1 0.3411765 0.3254902 0.345098 1 0.3411765 0.3254902 0.345098 1 0.3411765 0.3254902 0.345098 1 0.3411765 0.3254902 0.345098 1 0.3411765 0.3254902 0.345098 1 0.3411765 0.3254902 0.345098 1 0.3411765 0.3254902 0.345098 1 0.3411765 0.3254902 0.345098 1 0.3411765 0.3254902 0.345098 1 0.3411765 0.3254902 0.345098 1 0.3411765 0.3254902 0.345098 1 0.3411765 0.3254902 0.345098 1 0.3411765 0.3254902 0.345098 1 0.3411765 0.3254902 0.345098 1 0.3411765 0.3254902 0.345098 1 0.3411765 0.3254902 0.345098 1 0.3411765 0.3254902 0.345098 1 0.3411765 0.3254902 0.345098 1 0.1333333 0.145098 0.1764706 1 0.1333333 0.145098 0.1764706 1 0.1333333 0.145098 0.1764706 1 0.1333333 0.145098 0.1764706 1 0.1333333 0.145098 0.1764706 1 0.1333333 0.145098 0.1764706 1 0.3411765 0.3254902 0.345098 1 0.3411765 0.3254902 0.345098 1 0.3411765 0.3254902 0.345098 1 0.3411765 0.3254902 0.345098 1 0.3411765 0.3254902 0.345098 1 0.3411765 0.3254902 0.345098 1 0.3411765 0.3254902 0.345098 1 0.3411765 0.3254902 0.345098 1 0.3411765 0.3254902 0.345098 1 0.3411765 0.3254902 0.345098 1 0.3411765 0.3254902 0.345098 1 0.3411765 0.3254902 0.345098 1 0.3411765 0.3254902 0.345098 1 0.3411765 0.3254902 0.345098 1 0.3411765 0.3254902 0.345098 1 0.3411765 0.3254902 0.345098 1 0.3411765 0.3254902 0.345098 1 0.3411765 0.3254902 0.345098 1 0.3411765 0.3254902 0.345098 1 0.3411765 0.3254902 0.345098 1 0.3411765 0.3254902 0.345098 1 0.3411765 0.3254902 0.345098 1 0.3411765 0.3254902 0.345098 1 0.3411765 0.3254902 0.345098 1 0.3411765 0.3254902 0.345098 1 0.3411765 0.3254902 0.345098 1 0.3411765 0.3254902 0.345098 1 0.3411765 0.3254902 0.345098 1 0.3411765 0.3254902 0.345098 1 0.3411765 0.3254902 0.345098 1 0.3411765 0.3254902 0.345098 1 0.3411765 0.3254902 0.345098 1 0.3411765 0.3254902 0.345098 1 0.3411765 0.3254902 0.345098 1 0.3411765 0.3254902 0.345098 1 0.3411765 0.3254902 0.345098 1 0.3411765 0.3254902 0.345098 1 0.3411765 0.3254902 0.345098 1 0.3411765 0.3254902 0.345098 1 0.3411765 0.3254902 0.345098 1 0.3411765 0.3254902 0.345098 1 0.3411765 0.3254902 0.345098 1 0.3411765 0.3254902 0.345098 1 0.3411765 0.3254902 0.345098 1 0.3411765 0.3254902 0.345098 1 0.3411765 0.3254902 0.345098 1 0.3411765 0.3254902 0.345098 1 0.3411765 0.3254902 0.345098 1 0.3411765 0.3254902 0.345098 1 0.3411765 0.3254902 0.345098 1 0.3411765 0.3254902 0.345098 1 0.3411765 0.3254902 0.345098 1 0.3411765 0.3254902 0.345098 1 0.3411765 0.3254902 0.345098 1 0.3411765 0.3254902 0.345098 1 0.3411765 0.3254902 0.345098 1 0.3411765 0.3254902 0.345098 1 0.3411765 0.3254902 0.345098 1 0.3411765 0.3254902 0.345098 1 0.3411765 0.3254902 0.345098 1 0.3411765 0.3254902 0.345098 1 0.3411765 0.3254902 0.345098 1 0.3411765 0.3254902 0.345098 1 0.3411765 0.3254902 0.345098 1 0.3411765 0.3254902 0.345098 1 0.3411765 0.3254902 0.345098 1 0.3411765 0.3254902 0.345098 1 0.3411765 0.3254902 0.345098 1 0.3411765 0.3254902 0.345098 1 0.3411765 0.3254902 0.345098 1 0.3411765 0.3254902 0.345098 1 0.3411765 0.3254902 0.345098 1 0.3411765 0.3254902 0.345098 1 0.3411765 0.3254902 0.345098 1 0.3411765 0.3254902 0.345098 1 0.3411765 0.3254902 0.345098 1 0.3411765 0.3254902 0.345098 1 0.3411765 0.3254902 0.345098 1 0.3411765 0.3254902 0.345098 1 0.3411765 0.3254902 0.345098 1 0.3411765 0.3254902 0.345098 1 0.3411765 0.3254902 0.345098 1 0.3411765 0.3254902 0.345098 1 0.3411765 0.3254902 0.345098 1 0.3411765 0.3254902 0.345098 1 0.3411765 0.3254902 0.345098 1 0.3411765 0.3254902 0.345098 1 0.3411765 0.3254902 0.345098 1 0.3411765 0.3254902 0.345098 1 0.3411765 0.3254902 0.345098 1 0.3411765 0.3254902 0.345098 1 0.3411765 0.3254902 0.345098 1 0.3411765 0.3254902 0.345098 1 0.3411765 0.3254902 0.345098 1 0.3411765 0.3254902 0.345098 1 0.3411765 0.3254902 0.345098 1 0.3411765 0.3254902 0.345098 1 0.3411765 0.3254902 0.345098 1 0.3411765 0.3254902 0.345098 1 0.3411765 0.3254902 0.345098 1 0.3411765 0.3254902 0.345098 1 0.3411765 0.3254902 0.345098 1 0.3411765 0.3254902 0.345098 1 0.3411765 0.3254902 0.345098 1 0.3411765 0.3254902 0.345098 1 0.3411765 0.3254902 0.345098 1 0.3411765 0.3254902 0.345098 1 0.3411765 0.3254902 0.345098 1 0.3411765 0.3254902 0.345098 1 0.3411765 0.3254902 0.345098 1 0.3411765 0.3254902 0.345098 1 0.3411765 0.3254902 0.345098 1 0.3411765 0.3254902 0.345098 1 0.3411765 0.3254902 0.345098 1 0.3411765 0.3254902 0.345098 1 0.3411765 0.3254902 0.345098 1 0.3411765 0.3254902 0.345098 1 0.3411765 0.3254902 0.345098 1 0.3411765 0.3254902 0.345098 1 0.3411765 0.3254902 0.345098 1 0.3411765 0.3254902 0.345098 1 0.3411765 0.3254902 0.345098 1 0.3411765 0.3254902 0.345098 1 0.3411765 0.3254902 0.345098 1 0.3411765 0.3254902 0.345098 1 0.3411765 0.3254902 0.345098 1 0.3411765 0.3254902 0.345098 1 0.3411765 0.3254902 0.345098 1 0.3411765 0.3254902 0.345098 1 0.3411765 0.3254902 0.345098 1 0.3411765 0.3254902 0.345098 1 0.3411765 0.3254902 0.345098 1 0.3411765 0.3254902 0.345098 1 0.3411765 0.3254902 0.345098 1 0.3411765 0.3254902 0.345098 1 0.3411765 0.3254902 0.345098 1 0.3411765 0.3254902 0.345098 1 0.3411765 0.3254902 0.345098 1 0.3411765 0.3254902 0.345098 1 0.3411765 0.3254902 0.345098 1 0.3411765 0.3254902 0.345098 1 0.3411765 0.3254902 0.345098 1 0.3411765 0.3254902 0.345098 1 0.3411765 0.3254902 0.345098 1 0.3411765 0.3254902 0.345098 1 0.5607843 0.5176471 0.4588235 1 0.5607843 0.5176471 0.4588235 1 0.5607843 0.5176471 0.4588235 1 0.5607843 0.5176471 0.4588235 1 0.5607843 0.5176471 0.4588235 1 0.5607843 0.5176471 0.4588235 1 0.5607843 0.5176471 0.4588235 1 0.5607843 0.5176471 0.4588235 1 0.5607843 0.5176471 0.4588235 1 0.5607843 0.5176471 0.4588235 1 0.5607843 0.5176471 0.4588235 1 0.5607843 0.5176471 0.4588235 1 0.5607843 0.5176471 0.4588235 1 0.5607843 0.5176471 0.4588235 1 0.5607843 0.5176471 0.4588235 1 0.5607843 0.5176471 0.4588235 1 0.5607843 0.5176471 0.4588235 1 0.5607843 0.5176471 0.4588235 1 0.5607843 0.5176471 0.4588235 1 0.5607843 0.5176471 0.4588235 1 0.1333333 0.145098 0.1764706 1 0.1333333 0.145098 0.1764706 1 0.1333333 0.145098 0.1764706 1 0.1333333 0.145098 0.1764706 1 0.3411765 0.3254902 0.345098 1 0.3411765 0.3254902 0.345098 1 0.3411765 0.3254902 0.345098 1 0.3411765 0.3254902 0.345098 1 0.3411765 0.3254902 0.345098 1 0.3411765 0.3254902 0.345098 1 0.3411765 0.3254902 0.345098 1 0.3411765 0.3254902 0.345098 1 0.3411765 0.3254902 0.345098 1 0.3411765 0.3254902 0.345098 1 0.3411765 0.3254902 0.345098 1 0.3411765 0.3254902 0.345098 1 0.3411765 0.3254902 0.345098 1 0.3411765 0.3254902 0.345098 1 0.3411765 0.3254902 0.345098 1 0.3411765 0.3254902 0.345098 1 0.3411765 0.3254902 0.345098 1 0.3411765 0.3254902 0.345098 1 0.3411765 0.3254902 0.345098 1 0.3411765 0.3254902 0.345098 1 0.3411765 0.3254902 0.345098 1 0.3411765 0.3254902 0.345098 1 0.3411765 0.3254902 0.345098 1 0.3411765 0.3254902 0.345098 1 0.3411765 0.3254902 0.345098 1 0.3411765 0.3254902 0.345098 1 0.3411765 0.3254902 0.345098 1 0.3411765 0.3254902 0.345098 1 0.3411765 0.3254902 0.345098 1 0.3411765 0.3254902 0.345098 1 0.3411765 0.3254902 0.345098 1 0.3411765 0.3254902 0.345098 1 0.3411765 0.3254902 0.345098 1 0.3411765 0.3254902 0.345098 1 0.3411765 0.3254902 0.345098 1 0.3411765 0.3254902 0.345098 1 0.3411765 0.3254902 0.345098 1 0.3411765 0.3254902 0.345098 1 0.3411765 0.3254902 0.345098 1 0.3411765 0.3254902 0.345098 1 0.3411765 0.3254902 0.345098 1 0.3411765 0.3254902 0.345098 1 0.3411765 0.3254902 0.345098 1 0.3411765 0.3254902 0.345098 1 0.3411765 0.3254902 0.345098 1 0.3411765 0.3254902 0.345098 1 0.3411765 0.3254902 0.345098 1 0.3411765 0.3254902 0.345098 1 0.3411765 0.3254902 0.345098 1 0.3411765 0.3254902 0.345098 1 0.3411765 0.3254902 0.345098 1 0.3411765 0.3254902 0.345098 1 0.3411765 0.3254902 0.345098 1 0.3411765 0.3254902 0.345098 1 0.3411765 0.3254902 0.345098 1 0.3411765 0.3254902 0.345098 1 0.3411765 0.3254902 0.345098 1 0.3411765 0.3254902 0.345098 1 0.3411765 0.3254902 0.345098 1 0.3411765 0.3254902 0.345098 1 0.1333333 0.145098 0.1764706 1 0.1333333 0.145098 0.1764706 1 0.1333333 0.145098 0.1764706 1 0.1333333 0.145098 0.1764706 1 0.1333333 0.145098 0.1764706 1 0.1333333 0.145098 0.1764706 1 0.1333333 0.145098 0.1764706 1 0.1333333 0.145098 0.1764706 1 0.1333333 0.145098 0.1764706 1 0.1333333 0.145098 0.1764706 1 0.1333333 0.145098 0.1764706 1 0.1333333 0.145098 0.1764706 1 0.1333333 0.145098 0.1764706 1 0.1333333 0.145098 0.1764706 1 0.1333333 0.145098 0.1764706 1 0.1333333 0.145098 0.1764706 1 0.1333333 0.145098 0.1764706 1 0.1333333 0.145098 0.1764706 1 0.1333333 0.145098 0.1764706 1 0.1333333 0.145098 0.1764706 1 0.1333333 0.145098 0.1764706 1 0.1333333 0.145098 0.1764706 1 0.1333333 0.145098 0.1764706 1 0.1333333 0.145098 0.1764706 1 0.1333333 0.145098 0.1764706 1 0.3411765 0.3254902 0.345098 1 0.3411765 0.3254902 0.345098 1 0.3411765 0.3254902 0.345098 1 0.3411765 0.3254902 0.345098 1 0.3411765 0.3254902 0.345098 1 0.3411765 0.3254902 0.345098 1 0.3411765 0.3254902 0.345098 1 0.3411765 0.3254902 0.345098 1 0.3411765 0.3254902 0.345098 1 0.3411765 0.3254902 0.345098 1 0.3411765 0.3254902 0.345098 1 0.3411765 0.3254902 0.345098 1 0.3411765 0.3254902 0.345098 1 0.3411765 0.3254902 0.345098 1 0.3411765 0.3254902 0.345098 1 0.3411765 0.3254902 0.345098 1 0.3411765 0.3254902 0.345098 1 0.3411765 0.3254902 0.345098 1 0.3411765 0.3254902 0.345098 1 0.3411765 0.3254902 0.345098 1 0.3411765 0.3254902 0.345098 1 0.3411765 0.3254902 0.345098 1 0.3411765 0.3254902 0.345098 1 0.3411765 0.3254902 0.345098 1 0.3411765 0.3254902 0.345098 1 0.3411765 0.3254902 0.345098 1 0.3411765 0.3254902 0.345098 1 0.3411765 0.3254902 0.345098 1 0.3411765 0.3254902 0.345098 1 0.3411765 0.3254902 0.345098 1 0.3411765 0.3254902 0.345098 1 0.3411765 0.3254902 0.345098 1 0.3411765 0.3254902 0.345098 1 0.3411765 0.3254902 0.345098 1 0.3411765 0.3254902 0.345098 1 0.3411765 0.3254902 0.345098 1 0.3411765 0.3254902 0.345098 1 0.3411765 0.3254902 0.345098 1 0.3411765 0.3254902 0.345098 1 0.3411765 0.3254902 0.345098 1 0.3411765 0.3254902 0.345098 1 0.3411765 0.3254902 0.345098 1 0.5607843 0.5176471 0.4588235 1 0.5607843 0.5176471 0.4588235 1 0.5607843 0.5176471 0.4588235 1 0.5607843 0.5176471 0.4588235 1 0.5607843 0.5176471 0.4588235 1 0.1333333 0.145098 0.1764706 1 0.1333333 0.145098 0.1764706 1 0.1333333 0.145098 0.1764706 1 0.1333333 0.145098 0.1764706 1 0.1333333 0.145098 0.1764706 1 0.1333333 0.145098 0.1764706 1 0.1333333 0.145098 0.1764706 1 0.1333333 0.145098 0.1764706 1 0.1333333 0.145098 0.1764706 1 0.1333333 0.145098 0.1764706 1 0.1333333 0.145098 0.1764706 1 0.1333333 0.145098 0.1764706 1 0.1333333 0.145098 0.1764706 1 0.1333333 0.145098 0.1764706 1 0.1333333 0.145098 0.1764706 1 0.1333333 0.145098 0.1764706 1 0.1333333 0.145098 0.1764706 1 0.1333333 0.145098 0.1764706 1 0.1333333 0.145098 0.1764706 1 0.1333333 0.145098 0.1764706 1 0.1333333 0.145098 0.1764706 1 0.1333333 0.145098 0.1764706 1 0.1333333 0.145098 0.1764706 1 0.1333333 0.145098 0.1764706 1 0.1333333 0.145098 0.1764706 1 0.1333333 0.145098 0.1764706 1 0.1333333 0.145098 0.1764706 1 0.1333333 0.145098 0.1764706 1 0.1333333 0.145098 0.1764706 1 0.1333333 0.145098 0.1764706 1 0.1333333 0.145098 0.1764706 1 0.1333333 0.145098 0.1764706 1 0.1333333 0.145098 0.1764706 1 0.1333333 0.145098 0.1764706 1 0.1333333 0.145098 0.1764706 1 0.1333333 0.145098 0.1764706 1 0.1333333 0.145098 0.1764706 1 0.1333333 0.145098 0.1764706 1 0.1333333 0.145098 0.1764706 1 0.1333333 0.145098 0.1764706 1 0.1333333 0.145098 0.1764706 1 0.1333333 0.145098 0.1764706 1 0.1333333 0.145098 0.1764706 1 0.1333333 0.145098 0.1764706 1 0.1333333 0.145098 0.1764706 1 0.1333333 0.145098 0.1764706 1 0.3411765 0.3254902 0.345098 1 0.3411765 0.3254902 0.345098 1 0.3411765 0.3254902 0.345098 1 0.3411765 0.3254902 0.345098 1 0.3411765 0.3254902 0.345098 1 0.3411765 0.3254902 0.345098 1 0.3411765 0.3254902 0.345098 1 0.3411765 0.3254902 0.345098 1 0.3411765 0.3254902 0.345098 1 0.3411765 0.3254902 0.345098 1 0.3411765 0.3254902 0.345098 1 0.3411765 0.3254902 0.345098 1 0.3411765 0.3254902 0.345098 1 0.3411765 0.3254902 0.345098 1 0.3411765 0.3254902 0.345098 1 0.3411765 0.3254902 0.345098 1 0.3411765 0.3254902 0.345098 1 0.3411765 0.3254902 0.345098 1 0.3411765 0.3254902 0.345098 1 0.3411765 0.3254902 0.345098 1 0.3411765 0.3254902 0.345098 1 0.3411765 0.3254902 0.345098 1 0.3411765 0.3254902 0.345098 1 0.3411765 0.3254902 0.345098 1 0.3411765 0.3254902 0.345098 1 0.3411765 0.3254902 0.345098 1 0.3411765 0.3254902 0.345098 1 0.3411765 0.3254902 0.345098 1 0.3411765 0.3254902 0.345098 1 0.3411765 0.3254902 0.345098 1 0.3411765 0.3254902 0.345098 1 0.3411765 0.3254902 0.345098 1 0.3411765 0.3254902 0.345098 1 0.3411765 0.3254902 0.345098 1 0.3411765 0.3254902 0.345098 1 0.3411765 0.3254902 0.345098 1 0.3411765 0.3254902 0.345098 1 0.3411765 0.3254902 0.345098 1 0.3411765 0.3254902 0.345098 1 0.3411765 0.3254902 0.345098 1 0.3411765 0.3254902 0.345098 1 0.3411765 0.3254902 0.345098 1 0.3411765 0.3254902 0.345098 1 0.3411765 0.3254902 0.345098 1 0.3411765 0.3254902 0.345098 1 0.3411765 0.3254902 0.345098 1 0.3411765 0.3254902 0.345098 1 0.3411765 0.3254902 0.345098 1 0.3411765 0.3254902 0.345098 1 0.3411765 0.3254902 0.345098 1 0.3411765 0.3254902 0.345098 1 0.3411765 0.3254902 0.345098 1 0.3411765 0.3254902 0.345098 1 0.3411765 0.3254902 0.345098 1 0.3411765 0.3254902 0.345098 1 0.3411765 0.3254902 0.345098 1 0.3411765 0.3254902 0.345098 1 0.3411765 0.3254902 0.345098 1 0.3411765 0.3254902 0.345098 1 0.3411765 0.3254902 0.345098 1 0.3411765 0.3254902 0.345098 1 0.3411765 0.3254902 0.345098 1 0.3411765 0.3254902 0.345098 1 0.3411765 0.3254902 0.345098 1 0.3411765 0.3254902 0.345098 1 0.3411765 0.3254902 0.345098 1 0.3411765 0.3254902 0.345098 1 0.3411765 0.3254902 0.345098 1 0.3411765 0.3254902 0.345098 1 0.3411765 0.3254902 0.345098 1 0.3411765 0.3254902 0.345098 1 0.3411765 0.3254902 0.345098 1 0.3411765 0.3254902 0.345098 1 0.3411765 0.3254902 0.345098 1 0.3411765 0.3254902 0.345098 1 0.3411765 0.3254902 0.345098 1 0.3411765 0.3254902 0.345098 1 0.3411765 0.3254902 0.345098 1 0.3411765 0.3254902 0.345098 1 0.3411765 0.3254902 0.345098 1 0.3411765 0.3254902 0.345098 1 0.3411765 0.3254902 0.345098 1 0.3411765 0.3254902 0.345098 1 0.3411765 0.3254902 0.345098 1 0.3411765 0.3254902 0.345098 1 0.3411765 0.3254902 0.345098 1 0.3411765 0.3254902 0.345098 1 0.3411765 0.3254902 0.345098 1 0.3411765 0.3254902 0.345098 1 0.3411765 0.3254902 0.345098 1 0.3411765 0.3254902 0.345098 1 0.3411765 0.3254902 0.345098 1 0.3411765 0.3254902 0.345098 1 0.3411765 0.3254902 0.345098 1 0.3411765 0.3254902 0.345098 1 0.3411765 0.3254902 0.345098 1 0.3411765 0.3254902 0.345098 1 0.3411765 0.3254902 0.345098 1 0.3411765 0.3254902 0.345098 1 0.3411765 0.3254902 0.345098 1 0.3411765 0.3254902 0.345098 1 0.3411765 0.3254902 0.345098 1 0.3411765 0.3254902 0.345098 1 0.3411765 0.3254902 0.345098 1 0.3411765 0.3254902 0.345098 1 0.3411765 0.3254902 0.345098 1 0.3411765 0.3254902 0.345098 1 0.3411765 0.3254902 0.345098 1 0.3411765 0.3254902 0.345098 1 0.3411765 0.3254902 0.345098 1 0.3411765 0.3254902 0.345098 1 0.3411765 0.3254902 0.345098 1 0.3411765 0.3254902 0.345098 1 0.3411765 0.3254902 0.345098 1 0.3411765 0.3254902 0.345098 1 0.3411765 0.3254902 0.345098 1 0.3411765 0.3254902 0.345098 1 0.3411765 0.3254902 0.345098 1 0.3411765 0.3254902 0.345098 1 0.3411765 0.3254902 0.345098 1 0.3411765 0.3254902 0.345098 1 0.3411765 0.3254902 0.345098 1 0.3411765 0.3254902 0.345098 1 0.3411765 0.3254902 0.345098 1 0.3411765 0.3254902 0.345098 1 0.3411765 0.3254902 0.345098 1 0.3411765 0.3254902 0.345098 1 0.3411765 0.3254902 0.345098 1 0.3411765 0.3254902 0.345098 1 0.3411765 0.3254902 0.345098 1 0.3411765 0.3254902 0.345098 1 0.3411765 0.3254902 0.345098 1 0.3411765 0.3254902 0.345098 1 0.3411765 0.3254902 0.345098 1 0.3411765 0.3254902 0.345098 1 0.3411765 0.3254902 0.345098 1 0.3411765 0.3254902 0.345098 1 0.3411765 0.3254902 0.345098 1 0.3411765 0.3254902 0.345098 1 0.3411765 0.3254902 0.345098 1 0.3411765 0.3254902 0.345098 1 0.3411765 0.3254902 0.345098 1 0.3411765 0.3254902 0.345098 1 0.3411765 0.3254902 0.345098 1 0.3411765 0.3254902 0.345098 1 0.3411765 0.3254902 0.345098 1 0.3411765 0.3254902 0.345098 1 0.3411765 0.3254902 0.345098 1 0.3411765 0.3254902 0.345098 1 0.3411765 0.3254902 0.345098 1 0.3411765 0.3254902 0.345098 1 0.3411765 0.3254902 0.345098 1 0.3411765 0.3254902 0.345098 1 0.3411765 0.3254902 0.345098 1 0.3411765 0.3254902 0.345098 1 0.3411765 0.3254902 0.345098 1 0.3411765 0.3254902 0.345098 1 0.3411765 0.3254902 0.345098 1 0.3411765 0.3254902 0.345098 1 0.3411765 0.3254902 0.345098 1 0.3411765 0.3254902 0.345098 1 0.3411765 0.3254902 0.345098 1 0.3411765 0.3254902 0.345098 1 0.3411765 0.3254902 0.345098 1 0.3411765 0.3254902 0.345098 1 0.3411765 0.3254902 0.345098 1 0.3411765 0.3254902 0.345098 1 0.3411765 0.3254902 0.345098 1 0.3411765 0.3254902 0.345098 1 0.3411765 0.3254902 0.345098 1 0.3411765 0.3254902 0.345098 1 0.3411765 0.3254902 0.345098 1 0.3411765 0.3254902 0.345098 1 0.3411765 0.3254902 0.345098 1 0.3411765 0.3254902 0.345098 1 0.3411765 0.3254902 0.345098 1 0.3411765 0.3254902 0.345098 1 0.3411765 0.3254902 0.345098 1 0.3411765 0.3254902 0.345098 1 0.3411765 0.3254902 0.345098 1 0.3411765 0.3254902 0.345098 1 0.3411765 0.3254902 0.345098 1 0.3411765 0.3254902 0.345098 1 0.3411765 0.3254902 0.345098 1 0.3411765 0.3254902 0.345098 1 0.3411765 0.3254902 0.345098 1 0.3411765 0.3254902 0.345098 1 0.3411765 0.3254902 0.345098 1 0.3411765 0.3254902 0.345098 1 0.1333333 0.145098 0.1764706 1 0.1333333 0.145098 0.1764706 1 0.1333333 0.145098 0.1764706 1 0.1333333 0.145098 0.1764706 1 0.1333333 0.145098 0.1764706 1 0.1333333 0.145098 0.1764706 1 0.1333333 0.145098 0.1764706 1 0.1333333 0.145098 0.1764706 1 0.1333333 0.145098 0.1764706 1 0.1333333 0.145098 0.1764706 1 0.1333333 0.145098 0.1764706 1 0.1333333 0.145098 0.1764706 1 0.1333333 0.145098 0.1764706 1 0.1333333 0.145098 0.1764706 1 0.1333333 0.145098 0.1764706 1 0.1333333 0.145098 0.1764706 1 0.1333333 0.145098 0.1764706 1 0.1333333 0.145098 0.1764706 1 0.1333333 0.145098 0.1764706 1 0.1333333 0.145098 0.1764706 1 0.1333333 0.145098 0.1764706 1 0.1333333 0.145098 0.1764706 1 0.1333333 0.145098 0.1764706 1 0.1333333 0.145098 0.1764706 1 0.1333333 0.145098 0.1764706 1 0.1333333 0.145098 0.1764706 1 0.1333333 0.145098 0.1764706 1 0.1333333 0.145098 0.1764706 1 0.1333333 0.145098 0.1764706 1 0.1333333 0.145098 0.1764706 1 0.1333333 0.145098 0.1764706 1 0.1333333 0.145098 0.1764706 1 0.1333333 0.145098 0.1764706 1 0.1333333 0.145098 0.1764706 1 0.1333333 0.145098 0.1764706 1 0.1333333 0.145098 0.1764706 1 0.1333333 0.145098 0.1764706 1 0.1333333 0.145098 0.1764706 1 0.1333333 0.145098 0.1764706 1 0.1333333 0.145098 0.1764706 1 0.1333333 0.145098 0.1764706 1 0.1333333 0.145098 0.1764706 1 0.1333333 0.145098 0.1764706 1 0.5607843 0.5176471 0.4588235 1 0.5607843 0.5176471 0.4588235 1 0.5607843 0.5176471 0.4588235 1 0.5607843 0.5176471 0.4588235 1 0.5607843 0.5176471 0.4588235 1 0.1333333 0.145098 0.1764706 1 0.1333333 0.145098 0.1764706 1 0.1333333 0.145098 0.1764706 1 0.1333333 0.145098 0.1764706 1 0.1333333 0.145098 0.1764706 1 0.1333333 0.145098 0.1764706 1 0.1333333 0.145098 0.1764706 1 0.1333333 0.145098 0.1764706 1 0.1333333 0.145098 0.1764706 1 0.1333333 0.145098 0.1764706 1 0.1333333 0.145098 0.1764706 1 0.1333333 0.145098 0.1764706 1 0.1333333 0.145098 0.1764706 1 0.1333333 0.145098 0.1764706 1 0.1333333 0.145098 0.1764706 1 0.1333333 0.145098 0.1764706 1 0.1333333 0.145098 0.1764706 1 0.3411765 0.3254902 0.345098 1 0.3411765 0.3254902 0.345098 1 0.3411765 0.3254902 0.345098 1 0.3411765 0.3254902 0.345098 1 0.3411765 0.3254902 0.345098 1 0.3411765 0.3254902 0.345098 1 0.3411765 0.3254902 0.345098 1 0.3411765 0.3254902 0.345098 1 0.3411765 0.3254902 0.345098 1 0.3411765 0.3254902 0.345098 1 0.3411765 0.3254902 0.345098 1 0.3411765 0.3254902 0.345098 1 0.3411765 0.3254902 0.345098 1 0.3411765 0.3254902 0.345098 1 0.3411765 0.3254902 0.345098 1 0.3411765 0.3254902 0.345098 1 0.3411765 0.3254902 0.345098 1 0.3411765 0.3254902 0.345098 1 0.3411765 0.3254902 0.345098 1 0.3411765 0.3254902 0.345098 1 0.3411765 0.3254902 0.345098 1 0.3411765 0.3254902 0.345098 1 0.3411765 0.3254902 0.345098 1 0.3411765 0.3254902 0.345098 1 0.3411765 0.3254902 0.345098 1 0.3411765 0.3254902 0.345098 1 0.3411765 0.3254902 0.345098 1 0.3411765 0.3254902 0.345098 1 0.3411765 0.3254902 0.345098 1 0.3411765 0.3254902 0.345098 1 0.3411765 0.3254902 0.345098 1 0.3411765 0.3254902 0.345098 1 0.3411765 0.3254902 0.345098 1 0.3411765 0.3254902 0.345098 1 0.3411765 0.3254902 0.345098 1 0.3411765 0.3254902 0.345098 1 0.3411765 0.3254902 0.345098 1 0.3411765 0.3254902 0.345098 1 0.3411765 0.3254902 0.345098 1 0.3411765 0.3254902 0.345098 1 0.3411765 0.3254902 0.345098 1 0.3411765 0.3254902 0.345098 1 0.3411765 0.3254902 0.345098 1 0.3411765 0.3254902 0.345098 1 0.3411765 0.3254902 0.345098 1 0.3411765 0.3254902 0.345098 1 0.3411765 0.3254902 0.345098 1 0.3411765 0.3254902 0.345098 1 0.3411765 0.3254902 0.345098 1 0.3411765 0.3254902 0.345098 1 0.3411765 0.3254902 0.345098 1 0.3411765 0.3254902 0.345098 1 0.3411765 0.3254902 0.345098 1 0.3411765 0.3254902 0.345098 1 0.3411765 0.3254902 0.345098 1 0.3411765 0.3254902 0.345098 1 0.3411765 0.3254902 0.345098 1 0.3411765 0.3254902 0.345098 1 0.3411765 0.3254902 0.345098 1 0.3411765 0.3254902 0.345098 1 0.3411765 0.3254902 0.345098 1 0.3411765 0.3254902 0.345098 1 0.3411765 0.3254902 0.345098 1 0.3411765 0.3254902 0.345098 1 0.3411765 0.3254902 0.345098 1 0.3411765 0.3254902 0.345098 1 0.3411765 0.3254902 0.345098 1 0.3411765 0.3254902 0.345098 1 0.3411765 0.3254902 0.345098 1 0.3411765 0.3254902 0.345098 1 0.3411765 0.3254902 0.345098 1 0.3411765 0.3254902 0.345098 1 0.3411765 0.3254902 0.345098 1 0.3411765 0.3254902 0.345098 1 0.3411765 0.3254902 0.345098 1 0.3411765 0.3254902 0.345098 1 0.3411765 0.3254902 0.345098 1 0.3411765 0.3254902 0.345098 1 0.3411765 0.3254902 0.345098 1 0.3411765 0.3254902 0.345098 1 0.3411765 0.3254902 0.345098 1 0.3411765 0.3254902 0.345098 1 0.3411765 0.3254902 0.345098 1 0.3411765 0.3254902 0.345098 1 0.3411765 0.3254902 0.345098 1 0.3411765 0.3254902 0.345098 1 0.3411765 0.3254902 0.345098 1 0.3411765 0.3254902 0.345098 1 0.3411765 0.3254902 0.345098 1 0.3411765 0.3254902 0.345098 1 0.3411765 0.3254902 0.345098 1 0.3411765 0.3254902 0.345098 1 0.3411765 0.3254902 0.345098 1 0.3411765 0.3254902 0.345098 1 0.3411765 0.3254902 0.345098 1 0.3411765 0.3254902 0.345098 1 0.3411765 0.3254902 0.345098 1 0.3411765 0.3254902 0.345098 1 0.3411765 0.3254902 0.345098 1 0.3411765 0.3254902 0.345098 1 0.3411765 0.3254902 0.345098 1 0.3411765 0.3254902 0.345098 1 0.3411765 0.3254902 0.345098 1 0.3411765 0.3254902 0.345098 1 0.3411765 0.3254902 0.345098 1 0.3411765 0.3254902 0.345098 1 0.3411765 0.3254902 0.345098 1 0.3411765 0.3254902 0.345098 1 0.3411765 0.3254902 0.345098 1 0.3411765 0.3254902 0.345098 1 0.3411765 0.3254902 0.345098 1 0.3411765 0.3254902 0.345098 1 0.3411765 0.3254902 0.345098 1 0.3411765 0.3254902 0.345098 1 0.3411765 0.3254902 0.345098 1 0.3411765 0.3254902 0.345098 1 0.3411765 0.3254902 0.345098 1 0.3411765 0.3254902 0.345098 1 0.3411765 0.3254902 0.345098 1 0.3411765 0.3254902 0.345098 1 0.3411765 0.3254902 0.345098 1 0.3411765 0.3254902 0.345098 1 0.3411765 0.3254902 0.345098 1 0.3411765 0.3254902 0.345098 1 0.3411765 0.3254902 0.345098 1 0.3411765 0.3254902 0.345098 1 0.3411765 0.3254902 0.345098 1 0.3411765 0.3254902 0.345098 1 0.3411765 0.3254902 0.345098 1 0.3411765 0.3254902 0.345098 1 0.3411765 0.3254902 0.345098 1 0.3411765 0.3254902 0.345098 1 0.3411765 0.3254902 0.345098 1 0.3411765 0.3254902 0.345098 1 0.3411765 0.3254902 0.345098 1 0.3411765 0.3254902 0.345098 1 0.3411765 0.3254902 0.345098 1 0.3411765 0.3254902 0.345098 1 0.3411765 0.3254902 0.345098 1 0.3411765 0.3254902 0.345098 1 0.3411765 0.3254902 0.345098 1 0.3411765 0.3254902 0.345098 1 0.3411765 0.3254902 0.345098 1 0.3411765 0.3254902 0.345098 1 0.3411765 0.3254902 0.345098 1 0.3411765 0.3254902 0.345098 1 0.3411765 0.3254902 0.345098 1 0.5607843 0.5176471 0.4588235 1 0.5607843 0.5176471 0.4588235 1 0.5607843 0.5176471 0.4588235 1 0.5607843 0.5176471 0.4588235 1 0.5607843 0.5176471 0.4588235 1 0.5607843 0.5176471 0.4588235 1 0.5607843 0.5176471 0.4588235 1 0.5607843 0.5176471 0.4588235 1 0.5607843 0.5176471 0.4588235 1 0.5607843 0.5176471 0.4588235 1 0.5607843 0.5176471 0.4588235 1 0.5607843 0.5176471 0.4588235 1 0.1333333 0.145098 0.1764706 1 0.1333333 0.145098 0.1764706 1 0.1333333 0.145098 0.1764706 1 0.1333333 0.145098 0.1764706 1 0.1333333 0.145098 0.1764706 1 0.1333333 0.145098 0.1764706 1 0.1333333 0.145098 0.1764706 1 0.1333333 0.145098 0.1764706 1 0.1333333 0.145098 0.1764706 1 0.1333333 0.145098 0.1764706 1 0.1333333 0.145098 0.1764706 1 0.1333333 0.145098 0.1764706 1 0.1333333 0.145098 0.1764706 1 0.1333333 0.145098 0.1764706 1 0.1333333 0.145098 0.1764706 1 0.1333333 0.145098 0.1764706 1 0.1333333 0.145098 0.1764706 1 0.1333333 0.145098 0.1764706 1 0.3411765 0.3254902 0.345098 1 0.3411765 0.3254902 0.345098 1 0.3411765 0.3254902 0.345098 1 0.3411765 0.3254902 0.345098 1 0.3411765 0.3254902 0.345098 1 0.3411765 0.3254902 0.345098 1 0.3411765 0.3254902 0.345098 1 0.3411765 0.3254902 0.345098 1 0.3411765 0.3254902 0.345098 1 0.3411765 0.3254902 0.345098 1 0.3411765 0.3254902 0.345098 1 0.3411765 0.3254902 0.345098 1 0.3411765 0.3254902 0.345098 1 0.3411765 0.3254902 0.345098 1 0.3411765 0.3254902 0.345098 1 0.3411765 0.3254902 0.345098 1 0.3411765 0.3254902 0.345098 1 0.3411765 0.3254902 0.345098 1 0.3411765 0.3254902 0.345098 1 0.3411765 0.3254902 0.345098 1 0.1333333 0.145098 0.1764706 1 0.1333333 0.145098 0.1764706 1 0.1333333 0.145098 0.1764706 1 0.1333333 0.145098 0.1764706 1 0.1333333 0.145098 0.1764706 1 0.1333333 0.145098 0.1764706 1 0.1333333 0.145098 0.1764706 1 0.1333333 0.145098 0.1764706 1 0.1333333 0.145098 0.1764706 1 0.1333333 0.145098 0.1764706 1 0.1333333 0.145098 0.1764706 1 0.1333333 0.145098 0.1764706 1 0.1333333 0.145098 0.1764706 1 0.1333333 0.145098 0.1764706 1 0.1333333 0.145098 0.1764706 1 0.1333333 0.145098 0.1764706 1 0.1333333 0.145098 0.1764706 1 0.1333333 0.145098 0.1764706 1 0.1333333 0.145098 0.1764706 1 0.1333333 0.145098 0.1764706 1 0.1333333 0.145098 0.1764706 1 0.1333333 0.145098 0.1764706 1 0.1333333 0.145098 0.1764706 1 0.1333333 0.145098 0.1764706 1 0.1333333 0.145098 0.1764706 1 0.1333333 0.145098 0.1764706 1 0.1333333 0.145098 0.1764706 1 0.1333333 0.145098 0.1764706 1 0.1333333 0.145098 0.1764706 1 0.1333333 0.145098 0.1764706 1 0.1333333 0.145098 0.1764706 1 0.1333333 0.145098 0.1764706 1 0.1333333 0.145098 0.1764706 1 0.1333333 0.145098 0.1764706 1 0.1333333 0.145098 0.1764706 1 0.1333333 0.145098 0.1764706 1 0.3411765 0.3254902 0.345098 1 0.3411765 0.3254902 0.345098 1 0.3411765 0.3254902 0.345098 1 0.3411765 0.3254902 0.345098 1 0.3411765 0.3254902 0.345098 1 0.3411765 0.3254902 0.345098 1 0.3411765 0.3254902 0.345098 1 0.3411765 0.3254902 0.345098 1 0.3411765 0.3254902 0.345098 1 0.3411765 0.3254902 0.345098 1 0.3411765 0.3254902 0.345098 1 0.3411765 0.3254902 0.345098 1 0.3411765 0.3254902 0.345098 1 0.3411765 0.3254902 0.345098 1 0.3411765 0.3254902 0.345098 1 0.3411765 0.3254902 0.345098 1 0.3411765 0.3254902 0.345098 1 0.3411765 0.3254902 0.345098 1 0.3411765 0.3254902 0.345098 1 0.3411765 0.3254902 0.345098 1 0.3411765 0.3254902 0.345098 1 0.3411765 0.3254902 0.345098 1 0.3411765 0.3254902 0.345098 1 0.3411765 0.3254902 0.345098 1 0.3411765 0.3254902 0.345098 1 0.3411765 0.3254902 0.345098 1 0.3411765 0.3254902 0.345098 1 0.3411765 0.3254902 0.345098 1 0.3411765 0.3254902 0.345098 1 0.3411765 0.3254902 0.345098 1 0.3411765 0.3254902 0.345098 1 0.3411765 0.3254902 0.345098 1 0.3411765 0.3254902 0.345098 1 0.3411765 0.3254902 0.345098 1 0.3411765 0.3254902 0.345098 1 0.3411765 0.3254902 0.345098 1 0.3411765 0.3254902 0.345098 1 0.3411765 0.3254902 0.345098 1 0.3411765 0.3254902 0.345098 1 0.3411765 0.3254902 0.345098 1 0.3411765 0.3254902 0.345098 1 0.1333333 0.145098 0.1764706 1 0.1333333 0.145098 0.1764706 1 0.1333333 0.145098 0.1764706 1 0.1333333 0.145098 0.1764706 1 0.1333333 0.145098 0.1764706 1 0.1333333 0.145098 0.1764706 1 0.1333333 0.145098 0.1764706 1 0.1333333 0.145098 0.1764706 1 0.1333333 0.145098 0.1764706 1 0.1333333 0.145098 0.1764706 1 0.1333333 0.145098 0.1764706 1 0.1333333 0.145098 0.1764706 1 0.1333333 0.145098 0.1764706 1 0.1333333 0.145098 0.1764706 1 0.1333333 0.145098 0.1764706 1 0.1333333 0.145098 0.1764706 1 0.1333333 0.145098 0.1764706 1 0.1333333 0.145098 0.1764706 1 0.1333333 0.145098 0.1764706 1 0.1333333 0.145098 0.1764706 1 0.1333333 0.145098 0.1764706 1 0.1333333 0.145098 0.1764706 1 0.1333333 0.145098 0.1764706 1 0.1333333 0.145098 0.1764706 1 0.1333333 0.145098 0.1764706 1 0.1333333 0.145098 0.1764706 1 0.1333333 0.145098 0.1764706 1 0.1333333 0.145098 0.1764706 1 0.1333333 0.145098 0.1764706 1 0.1333333 0.145098 0.1764706 1 0.1333333 0.145098 0.1764706 1 0.1333333 0.145098 0.1764706 1 0.1333333 0.145098 0.1764706 1 0.1333333 0.145098 0.1764706 1 0.3411765 0.3254902 0.345098 1 0.3411765 0.3254902 0.345098 1 0.3411765 0.3254902 0.345098 1 0.3411765 0.3254902 0.345098 1 0.3411765 0.3254902 0.345098 1 0.3411765 0.3254902 0.345098 1 0.3411765 0.3254902 0.345098 1 0.3411765 0.3254902 0.345098 1 0.3411765 0.3254902 0.345098 1 0.3411765 0.3254902 0.345098 1 0.3411765 0.3254902 0.345098 1 0.3411765 0.3254902 0.345098 1 0.3411765 0.3254902 0.345098 1 0.3411765 0.3254902 0.345098 1 0.3411765 0.3254902 0.345098 1 0.3411765 0.3254902 0.345098 1 0.3411765 0.3254902 0.345098 1 0.3411765 0.3254902 0.345098 1 0.3411765 0.3254902 0.345098 1 0.3411765 0.3254902 0.345098 1 0.3411765 0.3254902 0.345098 1 0.3411765 0.3254902 0.345098 1 0.3411765 0.3254902 0.345098 1 0.3411765 0.3254902 0.345098 1 0.3411765 0.3254902 0.345098 1 0.3411765 0.3254902 0.345098 1 0.3411765 0.3254902 0.345098 1 0.3411765 0.3254902 0.345098 1 0.3411765 0.3254902 0.345098 1 0.3411765 0.3254902 0.345098 1 0.3411765 0.3254902 0.345098 1 0.3411765 0.3254902 0.345098 1 0.3411765 0.3254902 0.345098 1 0.3411765 0.3254902 0.345098 1 0.3411765 0.3254902 0.345098 1 0.3411765 0.3254902 0.345098 1 0.3411765 0.3254902 0.345098 1 0.3411765 0.3254902 0.345098 1 0.3411765 0.3254902 0.345098 1 0.3411765 0.3254902 0.345098 1 0.3411765 0.3254902 0.345098 1 0.3411765 0.3254902 0.345098 1 0.3411765 0.3254902 0.345098 1 0.3411765 0.3254902 0.345098 1 0.3411765 0.3254902 0.345098 1 0.3411765 0.3254902 0.345098 1 0.3411765 0.3254902 0.345098 1 0.3411765 0.3254902 0.345098 1 0.3411765 0.3254902 0.345098 1 0.3411765 0.3254902 0.345098 1 0.3411765 0.3254902 0.345098 1 0.3411765 0.3254902 0.345098 1 0.3411765 0.3254902 0.345098 1 0.3411765 0.3254902 0.345098 1 0.3411765 0.3254902 0.345098 1 0.3411765 0.3254902 0.345098 1 0.3411765 0.3254902 0.345098 1 0.3411765 0.3254902 0.345098 1 0.3411765 0.3254902 0.345098 1 0.3411765 0.3254902 0.345098 1 0.3411765 0.3254902 0.345098 1 0.3411765 0.3254902 0.345098 1 0.3411765 0.3254902 0.345098 1 0.3411765 0.3254902 0.345098 1 0.3411765 0.3254902 0.345098 1 0.3411765 0.3254902 0.345098 1 0.3411765 0.3254902 0.345098 1 0.3411765 0.3254902 0.345098 1 0.3411765 0.3254902 0.345098 1 0.3411765 0.3254902 0.345098 1 0.3411765 0.3254902 0.345098 1 0.3411765 0.3254902 0.345098 1 0.3411765 0.3254902 0.345098 1 0.3411765 0.3254902 0.345098 1 0.3411765 0.3254902 0.345098 1 0.3411765 0.3254902 0.345098 1 0.3411765 0.3254902 0.345098 1 0.3411765 0.3254902 0.345098 1 0.3411765 0.3254902 0.345098 1 0.3411765 0.3254902 0.345098 1 0.3411765 0.3254902 0.345098 1 0.3411765 0.3254902 0.345098 1 0.3411765 0.3254902 0.345098 1 0.3411765 0.3254902 0.345098 1 0.3411765 0.3254902 0.345098 1 0.3411765 0.3254902 0.345098 1 0.3411765 0.3254902 0.345098 1 0.3411765 0.3254902 0.345098 1 0.3411765 0.3254902 0.345098 1 0.3411765 0.3254902 0.345098 1 0.3411765 0.3254902 0.345098 1 0.3411765 0.3254902 0.345098 1 0.3411765 0.3254902 0.345098 1 0.3411765 0.3254902 0.345098 1 0.3411765 0.3254902 0.345098 1 0.3411765 0.3254902 0.345098 1 0.3411765 0.3254902 0.345098 1 0.3411765 0.3254902 0.345098 1 0.3411765 0.3254902 0.345098 1 0.3411765 0.3254902 0.345098 1 0.3411765 0.3254902 0.345098 1 0.3411765 0.3254902 0.345098 1 0.3411765 0.3254902 0.345098 1 0.3411765 0.3254902 0.345098 1 0.3411765 0.3254902 0.345098 1 0.3411765 0.3254902 0.345098 1 0.3411765 0.3254902 0.345098 1 0.3411765 0.3254902 0.345098 1 0.3411765 0.3254902 0.345098 1 0.3411765 0.3254902 0.345098 1 0.3411765 0.3254902 0.345098 1 0.5607843 0.5176471 0.4588235 1 0.5607843 0.5176471 0.4588235 1 0.5607843 0.5176471 0.4588235 1 0.5607843 0.5176471 0.4588235 1 0.5607843 0.5176471 0.4588235 1 0.5607843 0.5176471 0.4588235 1 0.5607843 0.5176471 0.4588235 1 0.5607843 0.5176471 0.4588235 1 0.5607843 0.5176471 0.4588235 1 0.5607843 0.5176471 0.4588235 1 0.5607843 0.5176471 0.4588235 1 0.5607843 0.5176471 0.4588235 1 0.5607843 0.5176471 0.4588235 1 0.5607843 0.5176471 0.4588235 1 0.5607843 0.5176471 0.4588235 1 0.5607843 0.5176471 0.4588235 1 0.5607843 0.5176471 0.4588235 1 0.5607843 0.5176471 0.4588235 1 0.5607843 0.5176471 0.4588235 1 0.5607843 0.5176471 0.4588235 1 0.5607843 0.5176471 0.4588235 1 0.5607843 0.5176471 0.4588235 1 0.5607843 0.5176471 0.4588235 1 0.5607843 0.5176471 0.4588235 1 0.5607843 0.5176471 0.4588235 1 0.5607843 0.5176471 0.4588235 1 0.5607843 0.5176471 0.4588235 1 0.5607843 0.5176471 0.4588235 1 0.5607843 0.5176471 0.4588235 1 0.5607843 0.5176471 0.4588235 1</float_array>
          <technique_common>
            <accessor source="#pCube64__CmFillerObjectCC-color-array" count="3649" stride="4">
              <param name="R" type="float" />
              <param name="G" type="float" />
              <param name="B" type="float" />
              <param name="A" type="float" />
            </accessor>
          </technique_common>
        </source>
        <source id="pCube64__CmFillerObjectCC-texcoord">
          <float_array id="pCube64__CmFillerObjectCC-texcoord-array" count="7298">0.777832 0.01318359 0.777832 0.01611328 0.765625 0.01367188 0.08276367 0.6572266 0.07293701 0.6647949 0.07983398 0.6552734 0.1580811 0.6184082 0.1781006 0.6140137 0.1787109 0.6154785 0.5649414 0.6657715 0.5976563 0.6589355 0.5649414 0.6672363 0.007965088 0.4018555 0.06896973 0.4003906 0.0690918 0.4033203 0.5561523 0.8327637 0.5634766 0.8327637 0.5634766 0.8341064 0.5703125 0.8327637 0.5634766 0.8477783 0.5561523 0.8477783 0.5634766 0.8465576 0.5703125 0.8477783 0.5561523 0.8327637 0.5634766 0.8327637 0.5634766 0.8341064 0.5703125 0.8327637 0.5634766 0.8477783 0.5561523 0.8477783 0.5634766 0.8465576 0.5703125 0.8477783 0.5561523 0.8327637 0.5634766 0.8327637 0.5634766 0.8341064 0.5703125 0.8327637 0.5634766 0.8477783 0.5561523 0.8477783 0.5634766 0.8465576 0.5703125 0.8477783 0.5727539 0.9642029 0.5727539 0.9422913 0.6240234 0.9642029 0.6240234 0.9422913 0.5717773 0.9746246 0.6220703 0.9746246 0.5717773 0.9958496 0.6220703 0.9958496 0.5717773 0.9658508 0.5717773 0.9406738 0.5727539 0.9642029 0.5727539 0.9422913 0.5717773 0.9406738 0.625 0.9406738 0.5727539 0.9422913 0.6240234 0.9422913 0.625 0.9406738 0.625 0.9658508 0.6240234 0.9422913 0.6240234 0.9642029 0.625 0.9658508 0.5717773 0.9658508 0.6240234 0.9642029 0.5727539 0.9642029 0.7612305 0.01416016 0.7700195 0.01611328 0.7602539 0.3754883 0.7695313 0.3774414 0.04037476 0.6828613 0.0402832 0.6921387 0.004959106 0.6843262 0.07574463 0.6894531 0.5727539 0.9642029 0.5727539 0.9422913 0.6240234 0.9642029 0.6240234 0.9422913 0.5717773 0.9746399 0.6220703 0.9746246 0.5717773 0.9958496 0.6220703 0.9958305 0.5717773 0.9658508 0.5717773 0.9406738 0.5727539 0.9642029 0.5727539 0.9422913 0.5717773 0.9406738 0.625 0.9406738 0.5727539 0.9422913 0.6240234 0.9422913 0.625 0.9406738 0.625 0.9658508 0.6240234 0.9422913 0.6240234 0.9642029 0.625 0.9658508 0.5717773 0.9658508 0.6240234 0.9642029 0.5727539 0.9642029 0.5727539 0.9642029 0.5727539 0.9422913 0.6240234 0.9642029 0.6240234 0.9422913 0.5717773 0.9746399 0.6220703 0.9746246 0.5717773 0.9958496 0.6220703 0.9958305 0.5717773 0.9658508 0.5717773 0.9406738 0.5727539 0.9642029 0.5727539 0.9422913 0.5717773 0.9406738 0.625 0.9406738 0.5727539 0.9422913 0.6240234 0.9422913 0.625 0.9406738 0.625 0.9658508 0.6240234 0.9422913 0.6240234 0.9642029 0.625 0.9658508 0.5717773 0.9658508 0.6240234 0.9642029 0.5727539 0.9642029 0.6567383 0.8409424 0.6567383 0.8498535 0.6420898 0.8409424 0.6420898 0.8498535 0.6381836 0.8409424 0.6381836 0.8498535 0.6196289 0.8409424 0.6196289 0.8498535 0.6157227 0.8498535 0.6157227 0.8409424 0.6010742 0.8409424 0.6010742 0.8498535 0.597168 0.8498535 0.597168 0.8409424 0.5791016 0.8409424 0.5791016 0.8498535 0.5751953 0.8498535 0.5751953 0.8409424 0.5561523 0.8477783 0.5561523 0.8327637 0.5634766 0.8465576 0.5634766 0.8341064 0.5703125 0.8477783 0.5703125 0.8327637 0.6567383 0.8409424 0.6567383 0.8498535 0.6420898 0.8409424 0.6420898 0.8498535 0.6381836 0.8409424 0.6381836 0.8498535 0.6196289 0.8409424 0.6196289 0.8498535 0.6157227 0.8498535 0.6157227 0.8409424 0.6010742 0.8409424 0.6010742 0.8498535 0.597168 0.8498535 0.597168 0.8409424 0.5791016 0.8409424 0.5791016 0.8498535 0.5751953 0.8498535 0.5751953 0.8409424 0.5561523 0.8477783 0.5561523 0.8327637 0.5634766 0.8465576 0.5634766 0.8341064 0.5703125 0.8477783 0.5703125 0.8327637 0.6567383 0.8409424 0.6567383 0.8498535 0.6420898 0.8409424 0.6420898 0.8498535 0.6381836 0.8409424 0.6381836 0.8498535 0.6196289 0.8409424 0.6196289 0.8498535 0.6157227 0.8498535 0.6157227 0.8409424 0.6010742 0.8409424 0.6010742 0.8498535 0.597168 0.8498535 0.597168 0.8409424 0.5791016 0.8409424 0.5791016 0.8498535 0.5751953 0.8498535 0.5751953 0.8409424 0.5561523 0.8477783 0.5561523 0.8327637 0.5634766 0.8465576 0.5634766 0.8341064 0.5703125 0.8477783 0.5703125 0.8327637 0.534668 0.9747009 0.534668 0.9946747 0.5087891 0.9747009 0.5087891 0.9946747 0.4829102 0.9747009 0.4829102 0.9946747 0.4567871 0.9747009 0.4567871 0.9946747 0.4309082 0.9747009 0.4309082 0.9946747 0.4050293 0.9946747 0.4050293 0.9747009 0.3762207 0.9946747 0.3762207 0.9747009 0.3513184 0.9946747 0.3513184 0.9747009 0.3251953 0.9946747 0.3251953 0.9747009 0.2990723 0.9946747 0.2990723 0.9747009 0.2729492 0.9946747 0.2729492 0.9747009 0.2468262 0.9946747 0.2468262 0.9747009 0.2208252 0.9946747 0.2208252 0.9747009 0.1947021 0.9946747 0.1947021 0.9747009 0.1687012 0.9946747 0.1687012 0.9747009 0.1427002 0.9946747 0.1427002 0.9747009 0.1168213 0.9747009 0.1168213 0.9946747 0.09088135 0.9747009 0.09088135 0.9946747 0.06494141 0.9747009 0.06494141 0.9946747 0.0390625 0.9747009 0.0390625 0.9946747 0.01311493 0.9747009 0.01311493 0.9946747 0.5556641 0.944458 0.5556641 0.9642944 0.5292969 0.9642944 0.5292969 0.944458 0.5004883 0.9642944 0.5004883 0.944458 0.4753418 0.9642944 0.4753418 0.944458 0.4482422 0.9642944 0.4482422 0.944458 0.4211426 0.944458 0.4211426 0.9642944 0.3937988 0.944458 0.3937988 0.9642944 0.3662109 0.944458 0.3662109 0.9642944 0.3388672 0.944458 0.3388672 0.9642944 0.3112793 0.944458 0.3112793 0.9642944 0.2836914 0.944458 0.2836914 0.9642944 0.2561035 0.944458 0.2561035 0.9642944 0.2287598 0.944458 0.2287598 0.9642944 0.201416 0.944458 0.201416 0.9642944 0.1741943 0.944458 0.1741943 0.9642944 0.1470947 0.944458 0.1470947 0.9642944 0.1201782 0.944458 0.1201782 0.9642944 0.09326172 0.9642944 0.09326172 0.944458 0.06646729 0.9642944 0.06646729 0.944458 0.03829956 0.9642944 0.03829956 0.944458 0.01263428 0.9642944 0.01263428 0.944458 0.01348114 0.9350586 0.01348114 0.9151611 0.03982544 0.9350586 0.03982544 0.9151611 0.06634521 0.9350586 0.06634521 0.9151611 0.09295654 0.9350586 0.09295654 0.9151611 0.1196289 0.9151611 0.1196289 0.9350586 0.1463623 0.9151611 0.1463623 0.9350586 0.1733398 0.9151611 0.1733398 0.9350586 0.2004395 0.9151611 0.2004395 0.9350586 0.2275391 0.9151611 0.2275391 0.9350586 0.2548828 0.9151611 0.2548828 0.9350586 0.2819824 0.9151611 0.2819824 0.9350586 0.3093262 0.9151611 0.3093262 0.9350586 0.3366699 0.9151611 0.3366699 0.9350586 0.3640137 0.9151611 0.3640137 0.9350586 0.3911133 0.9151611 0.3911133 0.9350586 0.4179688 0.9151611 0.4179688 0.9350586 0.4448242 0.9350586 0.4448242 0.9151611 0.4699707 0.9350586 0.4699707 0.9151611 0.4985352 0.9350586 0.4985352 0.9151611 0.5244141 0.9350586 0.5244141 0.9151611 0.5498047 0.9350586 0.5498047 0.9151611 0.03631592 0.8109131 0.0227356 0.8109131 0.03631592 0.8076172 0.05010986 0.8109131 0.05010986 0.8065186 0.06390381 0.8109131 0.06390381 0.8041992 0.078125 0.8109131 0.078125 0.8037109 0.09143066 0.8109131 0.09143066 0.8023682 0.1053467 0.8109131 0.1053467 0.8007813 0.1201782 0.8109131 0.1201782 0.7989502 0.135376 0.8109131 0.135376 0.796875 0.151123 0.796875 0.151123 0.8109131 0.1671143 0.796875 0.1671143 0.8109131 0.1831055 0.796875 0.1831055 0.8109131 0.1990967 0.796875 0.1990967 0.8109131 0.2150879 0.796875 0.2150879 0.8109131 0.2310791 0.796875 0.2310791 0.8109131 0.2470703 0.796875 0.2470703 0.8109131 0.2629395 0.796875 0.2629395 0.8109131 0.2790527 0.796875 0.2790527 0.8109131 0.2949219 0.796875 0.2961426 0.8109131 0.3110352 0.796875 0.3110352 0.8109131 0.3269043 0.796875 0.3269043 0.8109131 0.3430176 0.8076172 0.3430176 0.796875 0.3588867 0.8065186 0.3588867 0.796875 0.3747559 0.8041992 0.3747559 0.796875 0.3908691 0.8037109 0.3908691 0.796875 0.4067383 0.8023682 0.4067383 0.796875 0.4228516 0.8007813 0.4228516 0.796875 0.4394531 0.7989502 0.9858398 0.3974609 0.9233398 0.3984375 0.9233398 0.3837891 0.8613281 0.3994141 0.8613281 0.3847656 0.8007813 0.4003906 0.800293 0.3857422 0.7397461 0.3989258 0.7392578 0.3867188 0.6787109 0.3994141 0.6787109 0.3876953 0.6181641 0.4003906 0.6176758 0.3881836 0.5566406 0.3999023 0.5566406 0.3876953 0.4956055 0.3994141 0.4956055 0.387207 0.4345703 0.3989258 0.4348145 0.3867188 0.3737793 0.3881836 0.3735352 0.3984375 0.3127441 0.3886719 0.3127441 0.3974609 0.251709 0.3886719 0.251709 0.3969727 0.1907959 0.390625 0.1907959 0.3964844 0.1298828 0.3969727 0.1297607 0.394043 0.0690918 0.4033203 0.06896973 0.4003906 0.3803711 0.5876465 0.387207 0.5842285 0.3837891 0.5964355 0.3920898 0.5952148 0.3864746 0.6064453 0.3935547 0.6079102 0.5537109 0.5654297 0.5732422 0.565918 0.5537109 0.5683594 0.5351563 0.5654297 0.5351563 0.5734863 0.3864746 0.6064453 0.3935547 0.6079102 0.3830566 0.6164551 0.3891602 0.6208496 0.3752441 0.6242676 0.3796387 0.6303711 0.3652344 0.6293945 0.3674316 0.6367188 0.3540039 0.6311035 0.3540039 0.6386719 0.3430176 0.6293945 0.3405762 0.6367188 0.3330078 0.6242676 0.3283691 0.6303711 0.3249512 0.6164551 0.3188477 0.6208496 0.3127441 0.6252441 0.3239746 0.6367188 0.3405762 0.6367188 0.3054199 0.611084 0.3381348 0.6437988 0.3540039 0.6386719 0.3540039 0.6464844 0.3674316 0.6367188 0.369873 0.6437988 0.3796387 0.6303711 0.3840332 0.6367188 0.3952637 0.6252441 0.3891602 0.6208496 0.4006348 0.6105957 0.3935547 0.6079102 0.401123 0.5952148 0.3930664 0.5952148 0.3964844 0.5812988 0.3881836 0.5842285 0.3830566 0.5742188 0.3896484 0.5690918 0.380127 0.5598145 0.3752441 0.5661621 0.3676758 0.5529785 0.3652344 0.5612793 0.3540039 0.5510254 0.3540039 0.5593262 0.3405762 0.5539551 0.3430176 0.5612793 0.3330078 0.5661621 0.3283691 0.5600586 0.3249512 0.5742188 0.3188477 0.5698242 0.3198242 0.5842285 0.3239746 0.5539551 0.3381348 0.5466309 0.3127441 0.5651855 0.3405762 0.5539551 0.3054199 0.5783691 0.3540039 0.5510254 0.3540039 0.5441895 0.3676758 0.5529785 0.369873 0.5466309 0.3840332 0.5539551 0.380127 0.5598145 0.3896484 0.5690918 0.3952637 0.5651855 0.3964844 0.5812988 0.4025879 0.5795898 0.401123 0.5952148 0.407959 0.5952148 0.4006348 0.6105957 0.4082031 0.6130371 0.3952637 0.6252441 0.4165039 0.5952148 0.4099121 0.5771484 0.4025879 0.5795898 0.4155273 0.6149902 0.3952637 0.5651855 0.4016113 0.560791 0.3840332 0.5539551 0.3886719 0.5478516 0.369873 0.5466309 0.3720703 0.5395508 0.3540039 0.5441895 0.3540039 0.5366211 0.3381348 0.5466309 0.3359375 0.5395508 0.3239746 0.5539551 0.3195801 0.5478516 0.3117676 0.5649414 0.3056641 0.5603027 0.3046875 0.5791016 0.2973633 0.5766602 0.3029785 0.5952148 0.2954102 0.5952148 0.3054199 0.611084 0.2980957 0.6135254 0.3127441 0.6252441 0.3066406 0.6298828 0.3239746 0.6367188 0.3195801 0.6428223 0.3381348 0.6437988 0.3359375 0.651123 0.3540039 0.6464844 0.3540039 0.6540527 0.369873 0.6437988 0.3720703 0.651123 0.3840332 0.6367188 0.3886719 0.6428223 0.4016113 0.6298828 0.4074707 0.6342773 0.3930664 0.6489258 0.3720703 0.651123 0.3745117 0.6584473 0.02906799 0.7811279 0.01064301 0.7811279 0.02906799 0.7661133 0.04748535 0.7811279 0.04748535 0.7661133 0.06591797 0.7811279 0.06591797 0.7661133 0.08428955 0.7811279 0.08428955 0.7661133 0.1027832 0.7811279 0.1027832 0.7661133 0.1211548 0.7811279 0.1211548 0.7661133 0.1395264 0.7811279 0.1395264 0.7661133 0.157959 0.7661133 0.157959 0.7811279 0.1763916 0.7661133 0.1763916 0.7811279 0.1948242 0.7661133 0.1948242 0.7811279 0.2132568 0.7661133 0.2132568 0.7811279 0.2316895 0.7661133 0.2316895 0.7811279 0.25 0.7661133 0.25 0.7811279 0.2685547 0.7661133 0.2685547 0.7811279 0.284668 0.7661133 0.286377 0.7811279 0.3041992 0.7661133 0.3041992 0.7811279 0.3237305 0.7661133 0.3237305 0.7811279 0.3432617 0.7662354 0.3432617 0.7811279 0.3642578 0.7811279 0.3642578 0.7662354 0.3850098 0.7811279 0.3850098 0.7662354 0.4057617 0.7662354 0.01615906 0.7280273 0.03277588 0.7268066 0.03274536 0.7304688 0.04876709 0.7275391 0.04873657 0.732666 0.0647583 0.7282715 0.06469727 0.7346191 0.08068848 0.7290039 0.08068848 0.7358398 0.09667969 0.7297363 0.09667969 0.7385254 0.1126709 0.7304688 0.1126099 0.7404785 0.1286621 0.7312012 0.12854 0.7441406 0.1445313 0.744873 0.1446533 0.7316895 0.1595459 0.7456055 0.1606445 0.7324219 0.1766357 0.744873 0.1766357 0.7316895 0.192627 0.7441406 0.192627 0.7312012 0.2086182 0.7436523 0.2084961 0.7304688 0.2246094 0.7429199 0.2244873 0.7297363 0.2406006 0.7421875 0.2404785 0.729248 0.2565918 0.7416992 0.2563477 0.7285156 0.2724609 0.7409668 0.2724609 0.7280273 0.2885742 0.7402344 0.2883301 0.7272949 0.3044434 0.7397461 0.3044434 0.7265625 0.3200684 0.7390137 0.3200684 0.7260742 0.9892578 0.01416016 0.9887695 0.3754883 0.9785156 0.3745117 0.9790039 0.01318359 0.9682617 0.3735352 0.9682617 0.01220703 0.9570313 0.3735352 0.9570313 0.01171875 0.9458008 0.3730469 0.9458008 0.01171875 0.9345703 0.3735352 0.9345703 0.01171875 0.9233398 0.3740234 0.9233398 0.01220703 0.9121094 0.3745117 0.9121094 0.01318359 0.9008789 0.3745117 0.9008789 0.01318359 0.8896484 0.3745117 0.8896484 0.01318359 0.878418 0.3745117 0.878418 0.01318359 0.8671875 0.3745117 0.8671875 0.01318359 0.855957 0.3745117 0.855957 0.01318359 0.8447266 0.3745117 0.8447266 0.01318359 0.8334961 0.3745117 0.8334961 0.01318359 0.8222656 0.3745117 0.8222656 0.01318359 0.8110352 0.3745117 0.8110352 0.01318359 0.7998047 0.3745117 0.7998047 0.01318359 0.7885742 0.3745117 0.7885742 0.01318359 0.777832 0.01318359 0.777832 0.01611328 0.7773438 0.3745117 0.2687988 0.5783691 0.2583008 0.5759277 0.2641602 0.5424805 0.2770996 0.5415039 0.2558594 0.5063477 0.2678223 0.5014648 0.237915 0.4736328 0.2469482 0.4663086 0.2159424 0.4389648 0.2093506 0.449707 0.1757813 0.4326172 0.1782227 0.4228516 0.137207 0.4189453 0.1380615 0.4306641 0.1011353 0.4379883 0.09710693 0.4282227 0.0617981 0.4492188 0.07012939 0.4589844 0.04470825 0.4863281 0.03469849 0.4804688 0.01850891 0.5180664 0.03399658 0.5217285 0.02975464 0.5578613 0.0147934 0.5588379 0.03652954 0.59375 0.02389526 0.5991211 0.04495239 0.6342773 0.05618286 0.6247559 0.07983398 0.6552734 0.07293701 0.6647949 -0.0007147789 0.7111816 -0.0007147789 0.6982422 0.03427124 0.6984863 0.03427124 0.7114258 0.06762695 0.6984863 0.06762695 0.7114258 0.1010132 0.6984863 0.1010132 0.7114258 0.1340332 0.6984863 0.1340332 0.7114258 0.1677246 0.6984863 0.1677246 0.7114258 0.2016602 0.6984863 0.2016602 0.7114258 0.2357178 0.6984863 0.2357178 0.7114258 0.2700195 0.6984863 0.2700195 0.7114258 0.3041992 0.6984863 0.3041992 0.7114258 0.338623 0.6984863 0.338623 0.7114258 0.3725586 0.6984863 0.3725586 0.7114258 0.4064941 0.7021484 0.4064941 0.7114258 0.4401855 0.7053223 0.4401855 0.7114258 0.4741211 0.7116699 0.2167969 0.5913086 0.2145996 0.590332 0.2193604 0.5683594 0.2218018 0.5686035 0.2197266 0.5463867 0.22229 0.5461426 0.2137451 0.5256348 0.2160645 0.5244141 0.2017822 0.5073242 0.2036133 0.5056152 0.1844482 0.4941406 0.1856689 0.4921875 0.1641846 0.4863281 0.1646729 0.4838867 0.142334 0.4858398 0.1419678 0.4833984 0.1212769 0.4916992 0.1201782 0.4892578 0.1035156 0.5041504 0.1018066 0.5021973 0.08996582 0.5209961 0.08776855 0.5197754 0.08349609 0.541748 0.08105469 0.5412598 0.0824585 0.5629883 0.07995605 0.5632324 0.08795166 0.5837402 0.08569336 0.5849609 0.09997559 0.6018066 0.09802246 0.6032715 0.1159668 0.6166992 0.114624 0.6188965 0.1365967 0.6257324 0.1359863 0.6281738 0.1591797 0.6259766 0.1594238 0.6286621 0.1820068 0.6223145 0.1829834 0.6245117 0.2397461 0.6037598 0.2376709 0.6030273 0.2420654 0.5725098 0.2442627 0.5727539 0.2423096 0.543457 0.2446289 0.5429688 0.2342529 0.515625 0.2363281 0.5146484 0.2183838 0.4916992 0.2199707 0.4897461 0.1951904 0.4741211 0.1962891 0.472168 0.1682129 0.4628906 0.1687012 0.4609375 0.1390381 0.4628906 0.1387939 0.4604492 0.1110229 0.4707031 0.1100464 0.46875 0.08776855 0.487793 0.08618164 0.4863281 0.06970215 0.5100098 0.06768799 0.5090332 0.0619812 0.5375977 0.05978394 0.5373535 0.06051636 0.565918 0.05828857 0.5661621 0.06756592 0.5935059 0.06549072 0.5944824 0.08374023 0.6169434 0.08203125 0.6184082 0.1044922 0.6381836 0.1032104 0.6401367 0.1318359 0.651123 0.1313477 0.6533203 0.1624756 0.6513672 0.1627197 0.6535645 0.1929932 0.6455078 0.1938477 0.6474609 0.2185059 0.6274414 0.2200928 0.6289063 0.2376709 0.6030273 0.2397461 0.6037598 0.2283936 0.5979004 0.2301025 0.5986328 0.2124023 0.6208496 0.2110596 0.6193848 0.1893311 0.6376953 0.1885986 0.6359863 0.161377 0.6430664 0.1611328 0.6411133 0.1333008 0.6428223 0.1337891 0.6408691 0.1080322 0.6311035 0.1091309 0.6296387 0.08880615 0.6120605 0.090271 0.6108398 0.07403564 0.590332 0.07574463 0.5895996 0.06750488 0.5649414 0.06933594 0.5646973 0.06878662 0.5390625 0.07061768 0.5393066 0.07623291 0.5136719 0.07788086 0.5144043 0.09277344 0.4931641 0.09411621 0.4946289 0.1143799 0.4775391 0.1151733 0.4790039 0.1401367 0.4702148 0.1403809 0.472168 0.1669922 0.4707031 0.166626 0.472168 0.1917725 0.4804688 0.190918 0.4819336 0.2130127 0.496582 0.2116699 0.4980469 0.2276611 0.5187988 0.2259521 0.5195313 0.2351074 0.5444336 0.2332764 0.5446777 0.2347412 0.5710449 0.2329102 0.5708008 0.2301025 0.5986328 0.2283936 0.5979004 0.5288086 0.6098633 0.5302734 0.6083984 0.5478516 0.6203613 0.5473633 0.6220703 0.5683594 0.6257324 0.5683594 0.6276855 0.5893555 0.6242676 0.5898438 0.6262207 0.6083984 0.6159668 0.609375 0.6176758 0.6240234 0.6030273 0.6254883 0.604248 0.6328125 0.5849609 0.6347656 0.5859375 0.6401367 0.5651855 0.6420898 0.5656738 0.6386719 0.5471191 0.640625 0.5471191 0.6323242 0.5285645 0.6337891 0.5280762 0.6206055 0.5126953 0.6220703 0.5117188 0.6044922 0.5009766 0.6054688 0.4995117 0.5854492 0.4951172 0.5859375 0.4931641 0.5654297 0.4956055 0.5654297 0.4936523 0.546875 0.5019531 0.5458984 0.5004883 0.5302734 0.513916 0.5288086 0.5126953 0.5175781 0.5300293 0.5161133 0.5292969 0.5097656 0.5495605 0.5078125 0.5495605 0.5107422 0.5712891 0.5092773 0.5717773 0.5175781 0.5910645 0.5161133 0.592041 0.5302734 0.6083984 0.5288086 0.6098633 0.5976563 0.6589355 0.5649414 0.6657715 0.565918 0.659668 0.5327148 0.6569824 0.5366211 0.6474609 0.5117188 0.6306152 0.5048828 0.6381836 0.4929199 0.6069336 0.4841309 0.6120605 0.4821777 0.5783691 0.472168 0.5805664 0.4819336 0.5478516 0.4724121 0.5458984 0.4909668 0.5185547 0.4819336 0.5131836 0.5078125 0.4931641 0.5 0.4863281 0.5258789 0.465332 0.5317383 0.4746094 0.5581055 0.4545898 0.5600586 0.4643555 0.5908203 0.4619141 0.5917969 0.453125 0.6210938 0.4707031 0.6245117 0.4633789 0.6518555 0.4833984 0.6464844 0.4892578 0.6723633 0.5102539 0.6645508 0.5141602 0.675293 0.5429688 0.6855469 0.5415039 0.6870117 0.5751953 0.6767578 0.5737305 0.6679688 0.6030273 0.6772461 0.6079102 0.6523438 0.630127 0.659668 0.6376953 0.6328125 0.6606445 0.6259766 0.6494141 0.5996094 0.6730957 0.5976563 0.6589355 0.5649414 0.6672363 0.5639648 0.6777344 0.5283203 0.6672363 0.5322266 0.6582031 0.4978027 0.6467285 0.5039063 0.6394043 0.4746094 0.6179199 0.482666 0.6130371 0.4611816 0.583252 0.4707031 0.5810547 0.4619141 0.5458984 0.4707031 0.5461426 0.4733887 0.5107422 0.4807129 0.5126953 0.4934082 0.4799805 0.4990234 0.4853516 0.5249023 0.4638672 0.5214844 0.456543 0.5581055 0.453125 0.5566406 0.4438477 0.5922852 0.4516602 0.5932617 0.4453125 0.6254883 0.4619141 0.6279297 0.4570313 0.6538086 0.4819336 0.6577148 0.4780273 0.6801758 0.5063477 0.6748047 0.5092773 0.6884766 0.5410156 0.6962891 0.5397949 0.6977539 0.5771484 0.6899414 0.5759277 0.6796875 0.6091309 0.6865234 0.612793 0.6616211 0.6396484 0.6674805 0.6450195 0.6342773 0.6630859 0.6391602 0.6716309 0.6025391 0.6853027 0.6005859 0.6757813 0.5634766 0.6809082 0.5629883 0.6904297 0.5229492 0.6708984 0.5185547 0.6811523 0.4890137 0.6503906 0.4819336 0.6589355 0.4631348 0.6206055 0.4536133 0.6262207 0.4475098 0.5839844 0.4367676 0.5866699 0.4440918 0.5444336 0.4328613 0.5437012 0.4528809 0.5058594 0.442627 0.501709 0.4733887 0.4716797 0.4648438 0.4648438 0.4973145 0.4365234 0.503418 0.4458008 0.5371094 0.4194336 0.5395508 0.4301758 0.5800781 0.4160156 0.5791016 0.4267578 0.6220703 0.425293 0.6181641 0.4360352 0.6591797 0.4477539 0.6518555 0.4560547 0.6875 0.4804688 0.6782227 0.4863281 0.6967773 0.5217285 0.7084961 0.5180664 0.5483398 0.8566895 0.5483398 0.8765259 0.5224609 0.8765259 0.5224609 0.8566895 0.4936523 0.8765259 0.4936523 0.8566895 0.4675293 0.8765259 0.4675293 0.8566895 0.4411621 0.8566895 0.4411621 0.8765259 0.4138184 0.8566895 0.4138184 0.8765259 0.3864746 0.8765259 0.3864746 0.8566895 0.3591309 0.8765259 0.3591309 0.8566895 0.331543 0.8566895 0.331543 0.8765259 0.3041992 0.8566895 0.3041992 0.8765259 0.2766113 0.8566895 0.2766113 0.8765259 0.2504883 0.8765259 0.2504883 0.8566895 0.2243652 0.8765259 0.2243652 0.8566895 0.1942139 0.8765259 0.1942139 0.8566895 0.1669922 0.8765259 0.1669922 0.8566895 0.1398926 0.8566895 0.1398926 0.8765259 0.1130371 0.8566895 0.1130371 0.8765259 0.08618164 0.8566895 0.08618164 0.8765259 0.05935669 0.8566895 0.05935669 0.8765259 0.03117371 0.8765259 0.03117371 0.8566895 0.005489349 0.8765259 0.005489349 0.8566895 0.6459961 0.8287354 0.6420898 0.8326416 0.6166992 0.8326416 0.6123047 0.8287354 0.6459961 0.8105469 0.6123047 0.8105469 0.6162109 0.8066406 0.6420898 0.8066406 0.6459961 0.8287354 0.6420898 0.8326416 0.6166992 0.8326416 0.6123047 0.8287354 0.6459961 0.8105469 0.6123047 0.8105469 0.6162109 0.8066406 0.6420898 0.8066406 0.6459961 0.8287354 0.6420898 0.8326416 0.6166992 0.8326416 0.6123047 0.8287354 0.6459961 0.8105469 0.6123047 0.8105469 0.6162109 0.8066406 0.6420898 0.8066406 0.01486969 0.8830566 0.04067993 0.8830566 0.01486969 0.9030151 0.04067993 0.9030151 0.06658936 0.8830566 0.06658936 0.9030151 0.09265137 0.8830566 0.09265137 0.9030151 0.1187744 0.8830566 0.1187744 0.9030151 0.1448975 0.8830566 0.1448975 0.9030151 0.1708984 0.8830566 0.1708984 0.9030151 0.1967773 0.8830566 0.1967773 0.9030151 0.2225342 0.8830566 0.2225342 0.9030151 0.2481689 0.9030151 0.2481689 0.8830566 0.2736816 0.9030151 0.2736816 0.8830566 0.2990723 0.9030151 0.2990723 0.8830566 0.3244629 0.9030151 0.3244629 0.8830566 0.3498535 0.9030151 0.3498535 0.8830566 0.3752441 0.9030151 0.3752441 0.8830566 0.4008789 0.9030151 0.4008789 0.8830566 0.4265137 0.9030151 0.4265137 0.8830566 0.4509277 0.9030151 0.4509277 0.8830566 0.4794922 0.9030151 0.4794922 0.8830566 0.5048828 0.9030151 0.5048828 0.8830566 0.5307617 0.8830566 0.5307617 0.9030151 0.7695313 0.3774414 0.7773438 0.3745117 0.7773438 0.3793945 0.7700195 0.01611328 0.777832 0.01611328 0.6083984 0.5834961 0.6235352 0.5834961 0.6083984 0.5869141 0.5932617 0.5888672 0.5932617 0.5837402 0.5776367 0.5898438 0.5776367 0.5837402 0.5625 0.5893555 0.5625 0.5837402 0.546875 0.5881348 0.546875 0.5830078 0.5317383 0.5827637 0.5302734 0.6083984 0.5175781 0.5910645 0.5375977 0.5996094 0.5263672 0.5856934 0.5107422 0.5712891 0.5200195 0.5686035 0.5185547 0.550293 0.5097656 0.5495605 0.5175781 0.5300293 0.5239258 0.532959 0.5302734 0.513916 0.534668 0.5180664 0.546875 0.5019531 0.5493164 0.5073242 0.5654297 0.4956055 0.5664063 0.5012207 0.5854492 0.4951172 0.5844727 0.5004883 0.6044922 0.5009766 0.6020508 0.5058594 0.6206055 0.5126953 0.6166992 0.5166016 0.6323242 0.5285645 0.6269531 0.5310059 0.6386719 0.5471191 0.6323242 0.5478516 0.6337891 0.5639648 0.6401367 0.5651855 0.6328125 0.5849609 0.6269531 0.5817871 0.6191406 0.5981445 0.6240234 0.6030273 0.6054688 0.6105957 0.6083984 0.6159668 0.5878906 0.6193848 0.5893555 0.6242676 0.5688477 0.6206055 0.5683594 0.6257324 0.5498047 0.6159668 0.5478516 0.6203613 0.5302734 0.6083984 0.5375977 0.5996094 0.5522461 0.6091309 0.08319092 0.7495117 0.08319092 0.7451172 0.09698486 0.7478027 0.06939697 0.7495117 0.06939697 0.7431641 0.05514526 0.7495117 0.05514526 0.7426758 0.0418396 0.7495117 0.0418396 0.7412109 0.02793884 0.7495117 0.02793884 0.7397461 0.01313019 0.7495117 0.01313019 0.7380371 -0.002111435 0.7495117 -0.002111435 0.736084 0.3288574 0.4248047 0.3273926 0.4228516 0.3300781 0.4262695 0.3400879 0.421875 0.3232422 0.421875 0.3254395 0.4155273 0.3149414 0.4262695 0.3120117 0.4194336 0.302002 0.4291992 0.3078613 0.4360352 0.2956543 0.4399414 0.3000488 0.4438477 0.2866211 0.4492188 0.2944336 0.4526367 0.284668 0.4628906 0.2924805 0.4633789 0.2866211 0.4765625 0.2939453 0.4746094 0.2927246 0.4887695 0.2993164 0.484375 0.286377 0.4931641 0.2790527 0.4785156 0.2768555 0.4624023 0.2978516 0.5043945 0.284668 0.4628906 0.279541 0.4462891 0.2866211 0.4492188 0.2927246 0.4375 0.286377 0.4326172 0.2973633 0.4223633 0.302002 0.4291992 0.3120117 0.4194336 0.3085938 0.4125977 0.324707 0.4082031 0.3254395 0.4155273 0.3422852 0.4135742 0.3400879 0.421875 0.3552246 0.4228516 0.3498535 0.4301758 0.3581543 0.4379883 0.3654785 0.4335938 0.3635254 0.4482422 0.371582 0.4462891 0.3657227 0.4599609 0.3742676 0.4604492 0.3642578 0.4716797 0.3723145 0.4746094 0.3591309 0.4824219 0.3652344 0.4882813 0.3510742 0.4907227 0.3547363 0.4975586 0.3405762 0.4960938 0.3422852 0.5036621 0.3291016 0.4985352 0.3586426 0.5039063 0.3652344 0.4882813 0.3442383 0.5109863 0.3710938 0.4931641 0.3295898 0.513916 0.373291 0.4770508 0.3796387 0.4794922 0.3769531 0.4633789 0.3833008 0.4638672 0.3825684 0.4482422 0.3757324 0.449707 0.3708496 0.4375 0.376709 0.434082 0.3623047 0.4267578 0.3662109 0.4213867 0.3508301 0.4165039 0.3535156 0.4106445 0.3366699 0.4086914 0.3286133 0.5058594 0.3125 0.5114746 0.3178711 0.4970703 0.3151855 0.5041504 0.307373 0.4921875 0.3027344 0.4985352 0.5244141 0.6152344 0.5092773 0.5959473 0.5288086 0.6098633 0.5161133 0.592041 0.5009766 0.5739746 0.5092773 0.5717773 0.5009766 0.550293 0.5078125 0.5495605 0.5102539 0.5270996 0.5161133 0.5292969 0.5244141 0.5083008 0.5288086 0.5126953 0.5458984 0.5004883 0.5419922 0.4941406 0.5654297 0.4936523 0.5639648 0.4863281 0.5859375 0.4931641 0.5869141 0.4858398 0.6054688 0.4995117 0.6088867 0.4931641 0.6220703 0.5117188 0.6274414 0.5063477 0.6337891 0.5280762 0.6411133 0.5246582 0.640625 0.5471191 0.6484375 0.5461426 0.6420898 0.5656738 0.6489258 0.5686035 0.6347656 0.5859375 0.6425781 0.5898438 0.6254883 0.604248 0.6318359 0.6103516 0.609375 0.6176758 0.612793 0.6245117 0.5898438 0.6262207 0.5913086 0.6328125 0.5678711 0.6342773 0.5683594 0.6276855 0.5473633 0.6220703 0.5439453 0.630127 0.5244141 0.6152344 0.5288086 0.6098633 0.1381836 0.6166992 0.1580811 0.6184082 0.1378174 0.6181641 0.1192627 0.6103516 0.1201172 0.6091309 0.1046143 0.597168 0.105835 0.5961914 0.09381104 0.5810547 0.09527588 0.5803223 0.08880615 0.5622559 0.09033203 0.5620117 0.08972168 0.5427246 0.09124756 0.5429688 0.09588623 0.5241699 0.097229 0.5249023 0.1080933 0.5087891 0.1091919 0.5100098 0.1242065 0.4975586 0.1248779 0.4990234 0.1431885 0.4921875 0.1434326 0.4941406 0.1629639 0.4931641 0.1627197 0.4946289 0.1813965 0.5 0.1806641 0.5014648 0.1968994 0.5119629 0.1958008 0.5131836 0.2077637 0.5285645 0.2064209 0.5290527 0.2132568 0.5473633 0.2116699 0.5476074 0.2127686 0.5668945 0.2111816 0.5666504 0.2076416 0.5864258 0.2062988 0.5856934 0.194458 0.6018066 0.1933594 0.6005859 0.1781006 0.6140137 0.1787109 0.6154785 0.6005859 0.6757813 0.5634766 0.6809082 0.5996094 0.6730957 0.6328125 0.6606445 0.6342773 0.6630859 0.659668 0.6376953 0.6616211 0.6396484 0.6772461 0.6079102 0.6796875 0.6091309 0.6870117 0.5751953 0.6899414 0.5759277 0.6855469 0.5415039 0.6884766 0.5410156 0.6723633 0.5102539 0.6748047 0.5092773 0.6518555 0.4833984 0.6538086 0.4819336 0.6245117 0.4633789 0.6254883 0.4619141 0.5917969 0.453125 0.5922852 0.4516602 0.5581055 0.4545898 0.5581055 0.453125 0.5258789 0.465332 0.5249023 0.4638672 0.5 0.4863281 0.4990234 0.4853516 0.4819336 0.5131836 0.4807129 0.5126953 0.4724121 0.5458984 0.4707031 0.5461426 0.472168 0.5805664 0.4707031 0.5810547 0.4841309 0.6120605 0.482666 0.6130371 0.5048828 0.6381836 0.5039063 0.6394043 0.5322266 0.6582031 0.5327148 0.6569824 0.5649414 0.6657715 0.5649414 0.6672363 0.5170898 0.8273926 0.5424805 0.8273926 0.5424805 0.84729 0.5170898 0.84729 0.4914551 0.8273926 0.4914551 0.84729 0.4628906 0.8273926 0.4628906 0.84729 0.4367676 0.8273926 0.4367676 0.84729 0.4108887 0.84729 0.4108887 0.8273926 0.3837891 0.84729 0.3837891 0.8273926 0.3566895 0.8273926 0.3566895 0.84729 0.3295898 0.8273926 0.3295898 0.84729 0.3022461 0.84729 0.3022461 0.8273926 0.2749023 0.84729 0.2749023 0.8273926 0.2476807 0.84729 0.2476807 0.8273926 0.2219238 0.8273926 0.2219238 0.84729 0.1960449 0.8273926 0.1960449 0.84729 0.1661377 0.8273926 0.1661377 0.84729 0.1392822 0.8273926 0.1392822 0.84729 0.1124878 0.84729 0.1124878 0.8273926 0.08581543 0.84729 0.08581543 0.8273926 0.05926514 0.84729 0.05926514 0.8273926 0.03268433 0.84729 0.03268433 0.8273926 0.006340027 0.8273926 0.006340027 0.84729 0.6274414 0.3666992 0.6230469 0.2158203 0.6381836 0.3666992 0.6333008 0.2158203 0.6333008 0.1362305 0.6230469 0.1362305 0.6386719 0.01318359 0.6289063 0.01025391 0.5932617 0.01025391 0.5883789 0.1362305 0.6230469 0.2158203 0.6274414 0.3666992 0.590332 0.3666992 0.5883789 0.2158203 0.5537109 0.3666992 0.5532227 0.1362305 0.5576172 0.01025391 0.5532227 0.2158203 0.5180664 0.3666992 0.5185547 0.1362305 0.5219727 0.01025391 0.5185547 0.2158203 0.4824219 0.3666992 0.4833984 0.1362305 0.4865723 0.01025391 0.4833984 0.2158203 0.4467773 0.3666992 0.4484863 0.1362305 0.4506836 0.01025391 0.4484863 0.2158203 0.4116211 0.3666992 0.4133301 0.1362305 0.4147949 0.01025391 0.4133301 0.2158203 0.376709 0.3666992 0.3781738 0.1362305 0.3789063 0.01025391 0.3781738 0.2158203 0.3417969 0.3666992 0.3432617 0.1362305 0.3427734 0.01025391 0.3432617 0.2158203 0.3081055 0.1362305 0.3066406 0.01025391 0.3081055 0.2158203 0.3068848 0.3666992 0.2731934 0.1362305 0.2702637 0.01025391 0.2731934 0.2158203 0.2717285 0.3666992 0.2381592 0.1362305 0.2338867 0.01025391 0.1973877 0.01025391 0.2381592 0.2158203 0.2368164 0.3666992 0.203125 0.1362305 0.1606445 0.01025391 0.203125 0.2158203 0.2015381 0.3666992 0.168335 0.1362305 0.168335 0.2158203 0.1660156 0.3666992 0.1237793 0.01025391 0.1335449 0.2158203 0.1300049 0.3666992 0.1335449 0.1362305 0.09899902 0.2158203 0.09375 0.3666992 0.05697632 0.3666992 0.09899902 0.1362305 0.08654785 0.01025391 0.06469727 0.2158203 0.02015686 0.3666992 0.03059387 0.2158203 0.06469727 0.1362305 0.0491333 0.01025391 0.03059387 0.1362305 0.01178741 0.01025391 0.1829834 0.6245117 0.1820068 0.6223145 0.2017822 0.6096191 0.1999512 0.607666 0.2145996 0.590332 0.2167969 0.5913086 0.668457 0.81604 0.6689453 0.8186035 0.6616211 0.8253174 0.6635742 0.8258057 0.6655273 0.8343506 0.6640625 0.8364258 0.6538086 0.8354492 0.6523438 0.833252 0.6572266 0.824585 0.6547852 0.8248291 0.6503906 0.8172607 0.6513672 0.8148193 0.668457 0.81604 0.6689453 0.8186035 0.6616211 0.8253174 0.6635742 0.8258057 0.6655273 0.8343506 0.6640625 0.8364258 0.6538086 0.8354492 0.6523438 0.833252 0.6572266 0.824585 0.6547852 0.8248291 0.6503906 0.8172607 0.6513672 0.8148193 0.668457 0.81604 0.6689453 0.8186035 0.6616211 0.8253174 0.6635742 0.8258057 0.6655273 0.8343506 0.6640625 0.8364258 0.6538086 0.8354492 0.6523438 0.833252 0.6572266 0.824585 0.6547852 0.8248291 0.6503906 0.8172607 0.6513672 0.8148193 0.746582 0.3730469 0.7104492 0.3730469 0.7338867 0.2158203 0.7001953 0.2158203 0.6748047 0.3730469 0.7001953 0.1362305 0.7338867 0.1362305 0.6669922 0.2158203 0.6381836 0.3666992 0.6333008 0.2158203 0.6333008 0.1362305 0.7094727 0.01318359 0.7460938 0.01318359 0.6669922 0.1362305 0.6738281 0.01318359 0.6386719 0.01318359 0.2687988 0.5783691 0.2548828 0.6125488 0.2583008 0.5759277 0.2397461 0.6037598 0.2322998 0.6420898 0.2442627 0.5727539 0.2200928 0.6289063 0.2587891 0.5410156 0.1938477 0.6474609 0.2446289 0.5429688 0.2012939 0.6625977 0.2363281 0.5146484 0.164917 0.6699219 0.2492676 0.5083008 0.1627197 0.6535645 0.2199707 0.4897461 0.1313477 0.6533203 0.2304688 0.4794922 0.128418 0.670166 0.2030029 0.4589844 0.09613037 0.6540527 0.1962891 0.472168 0.1032104 0.6401367 0.1687012 0.4609375 0.07202148 0.6281738 0.1711426 0.4458008 0.08203125 0.6184082 0.1367188 0.4458008 0.06549072 0.5944824 0.1387939 0.4604492 0.0526123 0.6005859 0.1100464 0.46875 0.04446411 0.5681152 0.1034546 0.4550781 0.05828857 0.5661621 0.07617188 0.4755859 0.04629517 0.534668 0.08618164 0.4863281 0.05978394 0.5373535 0.06768799 0.5090332 0.05477905 0.5019531 0.3127441 0.5817871 0.3029785 0.5952148 0.3181152 0.5952148 0.3105469 0.5952148 0.3198242 0.6064453 0.3127441 0.6086426 0.5791016 0.8059082 0.5805664 0.8098145 0.5756836 0.8100586 0.6030273 0.8060303 0.5791016 0.8117676 0.6015625 0.8099365 0.5756836 0.8297119 0.6064453 0.8103027 0.5791016 0.828125 0.6030273 0.8118896 0.5805664 0.8300781 0.6030273 0.8283691 0.5791016 0.8339844 0.6064453 0.8299561 0.6015625 0.8302002 0.6030273 0.8341064 0.5791016 0.8059082 0.5805664 0.8098145 0.5756836 0.8100586 0.6030273 0.8060303 0.5791016 0.8117676 0.6015625 0.8099365 0.5756836 0.8297119 0.6064453 0.8103027 0.5791016 0.828125 0.6030273 0.8118896 0.5805664 0.8300781 0.6030273 0.8283691 0.5791016 0.8339844 0.6064453 0.8299561 0.6015625 0.8302002 0.6030273 0.8341064 0.5791016 0.8059082 0.5805664 0.8098145 0.5756836 0.8100586 0.6030273 0.8060303 0.5791016 0.8117676 0.6015625 0.8099365 0.5756836 0.8297119 0.6064453 0.8103027 0.5791016 0.828125 0.6030273 0.8118896 0.5805664 0.8300781 0.6030273 0.8283691 0.5791016 0.8339844 0.6064453 0.8299561 0.6015625 0.8302002 0.6030273 0.8341064 0.5419922 0.4941406 0.5410156 0.4916992 0.5639648 0.4863281 0.5244141 0.5083008 0.5634766 0.4838867 0.5224609 0.5068359 0.5869141 0.4858398 0.5083008 0.526123 0.5874023 0.4838867 0.5102539 0.5270996 0.6088867 0.4931641 0.5009766 0.550293 0.6098633 0.4912109 0.4985352 0.5500488 0.6274414 0.5063477 0.4985352 0.574707 0.6293945 0.5048828 0.5009766 0.5739746 0.6411133 0.5246582 0.5068359 0.5974121 0.6435547 0.5236816 0.5092773 0.5959473 0.6484375 0.5461426 0.5229492 0.6171875 0.6508789 0.5458984 0.5244141 0.6152344 0.6489258 0.5686035 0.5439453 0.630127 0.6518555 0.5690918 0.5429688 0.6325684 0.6425781 0.5898438 0.5678711 0.6342773 0.6450195 0.5910645 0.5673828 0.6369629 0.6337891 0.6123047 0.5913086 0.6328125 0.6318359 0.6103516 0.5917969 0.635498 0.6142578 0.6269531 0.612793 0.6245117 0.5161133 0.5007324 0.5224609 0.5068359 0.5083008 0.526123 0.5410156 0.4916992 0.5004883 0.5227051 0.5366211 0.484375 0.4985352 0.5500488 0.5620117 0.4750977 0.4912109 0.5490723 0.5634766 0.4838867 0.4914551 0.5761719 0.5874023 0.4838867 0.4985352 0.574707 0.5888672 0.4741211 0.5009766 0.6013184 0.6098633 0.4912109 0.5068359 0.5974121 0.6147461 0.4819336 0.5229492 0.6171875 0.6293945 0.5048828 0.5180664 0.6228027 0.6367188 0.4975586 0.5429688 0.6325684 0.652832 0.5192871 0.5405273 0.638916 0.6435547 0.5236816 0.5673828 0.6369629 0.6621094 0.5444336 0.5668945 0.6486816 0.6508789 0.5458984 0.5917969 0.635498 0.6630859 0.5710449 0.5942383 0.6469727 0.6518555 0.5690918 0.6142578 0.6269531 0.6450195 0.5910645 0.6201172 0.637207 0.6552734 0.5964355 0.6337891 0.6123047 0.6420898 0.6203613 0.07061768 0.5393066 0.08105469 0.5412598 0.07995605 0.5632324 0.08776855 0.5197754 0.06933594 0.5646973 0.07788086 0.5144043 0.08569336 0.5849609 0.09411621 0.4946289 0.07574463 0.5895996 0.1018066 0.5021973 0.090271 0.6108398 0.1201782 0.4892578 0.09802246 0.6032715 0.1151733 0.4790039 0.114624 0.6188965 0.1403809 0.472168 0.1091309 0.6296387 0.1419678 0.4833984 0.1359863 0.6281738 0.1646729 0.4838867 0.1337891 0.6408691 0.166626 0.472168 0.1611328 0.6411133 0.190918 0.4819336 0.1594238 0.6286621 0.1856689 0.4921875 0.1829834 0.6245117 0.2116699 0.4980469 0.1885986 0.6359863 0.2036133 0.5056152 0.2110596 0.6193848 0.2259521 0.5195313 0.2017822 0.6096191 0.2160645 0.5244141 0.2167969 0.5913086 0.2332764 0.5446777 0.2283936 0.5979004 0.22229 0.5461426 0.2329102 0.5708008 0.2218018 0.5686035 0.1629639 0.4931641 0.1641846 0.4863281 0.1844482 0.4941406 0.142334 0.4858398 0.1813965 0.5 0.1431885 0.4921875 0.2017822 0.5073242 0.1242065 0.4975586 0.1968994 0.5119629 0.1212769 0.4916992 0.2137451 0.5256348 0.1035156 0.5041504 0.2077637 0.5285645 0.1080933 0.5087891 0.2197266 0.5463867 0.09588623 0.5241699 0.2132568 0.5473633 0.08996582 0.5209961 0.2193604 0.5683594 0.08349609 0.541748 0.2127686 0.5668945 0.08972168 0.5427246 0.2076416 0.5864258 0.08880615 0.5622559 0.2145996 0.590332 0.0824585 0.5629883 0.1999512 0.607666 0.09381104 0.5810547 0.194458 0.6018066 0.08795166 0.5837402 0.1787109 0.6154785 0.1046143 0.597168 0.1820068 0.6223145 0.09997559 0.6018066 0.1591797 0.6259766 0.1192627 0.6103516 0.1580811 0.6184082 0.1159668 0.6166992 0.1378174 0.6181641 0.1365967 0.6257324 0.1094971 0.5314941 0.097229 0.5249023 0.1091919 0.5100098 0.09124756 0.5429688 0.1187744 0.5200195 0.104248 0.5454102 0.1248779 0.4990234 0.1035767 0.5603027 0.1311035 0.5117188 0.09033203 0.5620117 0.1434326 0.4941406 0.1075439 0.5744629 0.1453857 0.5078125 0.09527588 0.5803223 0.1627197 0.4946289 0.1156616 0.5869141 0.1601563 0.5085449 0.105835 0.5961914 0.1806641 0.5014648 0.1271973 0.5959473 0.1740723 0.5136719 0.1201172 0.6091309 0.1958008 0.5131836 0.1411133 0.6013184 0.185791 0.5229492 0.1381836 0.6166992 0.2064209 0.5290527 0.1939697 0.5351563 0.2116699 0.5476074 0.197998 0.5495605 0.2111816 0.5666504 0.1972656 0.564209 0.1918945 0.578125 0.2062988 0.5856934 0.1933594 0.6005859 0.1813965 0.5881348 0.1712646 0.6000977 0.1781006 0.6140137 0.1572266 0.6115723 0.1558838 0.6020508 0.1580811 0.6184082 0.2420654 0.5725098 0.2347412 0.5710449 0.2351074 0.5444336 0.2301025 0.5986328 0.2423096 0.543457 0.2376709 0.6030273 0.2276611 0.5187988 0.2185059 0.6274414 0.2342529 0.515625 0.2124023 0.6208496 0.2130127 0.496582 0.1893311 0.6376953 0.2183838 0.4916992 0.1929932 0.6455078 0.1951904 0.4741211 0.1624756 0.6513672 0.1917725 0.4804688 0.161377 0.6430664 0.1669922 0.4707031 0.1333008 0.6428223 0.1682129 0.4628906 0.1318359 0.651123 0.1390381 0.4628906 0.1044922 0.6381836 0.1401367 0.4702148 0.1080322 0.6311035 0.1143799 0.4775391 0.08374023 0.6169434 0.1110229 0.4707031 0.08880615 0.6120605 0.08776855 0.487793 0.07403564 0.590332 0.09277344 0.4931641 0.06756592 0.5935059 0.07623291 0.5136719 0.06051636 0.565918 0.06970215 0.5100098 0.06750488 0.5649414 0.0619812 0.5375977 0.06878662 0.5390625 0.6552734 0.5180664 0.6630859 0.5146484 0.6650391 0.5441895 0.6386719 0.4960938 0.6733398 0.5432129 0.6450195 0.4902344 0.6660156 0.5715332 0.6201172 0.472168 0.6748047 0.5732422 0.6162109 0.4794922 0.6660156 0.6020508 0.590332 0.4638672 0.6582031 0.5979004 0.5893555 0.4711914 0.644043 0.6225586 0.5605469 0.4663086 0.6508789 0.6289063 0.5615234 0.4726563 0.621582 0.6398926 0.5322266 0.4760742 0.625 0.6477051 0.5356445 0.4819336 0.597168 0.6569824 0.5092773 0.4946289 0.5947266 0.6501465 0.5141602 0.4990234 0.565918 0.6577148 0.498291 0.5217285 0.5664063 0.6518555 0.4926758 0.519043 0.5375977 0.6455078 0.4838867 0.5478516 0.5390625 0.6416016 0.4885254 0.5488281 0.5126953 0.6289063 0.4838867 0.5778809 0.5161133 0.6252441 0.4885254 0.5769043 0.4943848 0.6057129 0.4985352 0.6030273 0.5976563 0.6589355 0.597168 0.6569824 0.625 0.6477051 0.565918 0.6577148 0.6259766 0.6494141 0.565918 0.659668 0.6508789 0.6289063 0.5366211 0.6474609 0.6523438 0.630127 0.5375977 0.6455078 0.6660156 0.6020508 0.5117188 0.6306152 0.6679688 0.6030273 0.5126953 0.6289063 0.6748047 0.5732422 0.4929199 0.6069336 0.6767578 0.5737305 0.4943848 0.6057129 0.6733398 0.5432129 0.4821777 0.5783691 0.675293 0.5429688 0.4838867 0.5778809 0.6630859 0.5146484 0.4819336 0.5478516 0.6645508 0.5141602 0.4838867 0.5478516 0.6450195 0.4902344 0.4909668 0.5185547 0.6464844 0.4892578 0.4926758 0.519043 0.6201172 0.472168 0.5078125 0.4931641 0.6210938 0.4707031 0.5092773 0.4946289 0.590332 0.4638672 0.5317383 0.4746094 0.5908203 0.4619141 0.5322266 0.4760742 0.5605469 0.4663086 0.5600586 0.4643555 0.7661133 0.5390625 0.7626953 0.5290527 0.7856445 0.5263672 0.7412109 0.5390625 0.7856445 0.5368652 0.7475586 0.5476074 0.8085938 0.529541 0.7250977 0.5559082 0.8051758 0.5395508 0.7333984 0.5622559 0.8295898 0.5395508 0.7124023 0.5788574 0.8232422 0.5480957 0.7226563 0.5817871 0.8383789 0.5617676 0.7197266 0.6015625 0.8466797 0.5554199 0.7084961 0.6018066 0.8486328 0.5793457 0.7231445 0.6210938 0.8588867 0.5759277 0.7128906 0.6245117 0.8520508 0.5991211 0.7255859 0.6452637 0.862793 0.598877 0.734375 0.638916 0.8491211 0.6176758 0.7436523 0.6623535 0.8598633 0.6206055 0.7495117 0.6535645 0.8422852 0.637207 0.7685547 0.6618652 0.8515625 0.6433105 0.765625 0.671875 0.831543 0.6594238 0.7880859 0.6640625 0.8251953 0.651123 0.7885742 0.6745605 0.8110352 0.6704102 0.8076172 0.6604004 0.9580078 0.4477539 0.965332 0.4394531 0.9799805 0.4580078 0.9423828 0.4262695 0.9702148 0.4633789 0.9379883 0.4360352 0.9873047 0.4804688 0.9189453 0.4199219 0.9765625 0.4824219 0.9179688 0.4301758 0.9853516 0.5056152 0.8945313 0.421875 0.9750977 0.5041504 0.8969727 0.4326172 0.96875 0.5246582 0.878418 0.4399414 0.9780273 0.529541 0.8730469 0.4311523 0.956543 0.5415039 0.862793 0.4521484 0.9638672 0.5490723 0.8544922 0.4453125 0.9448242 0.5625 0.8510742 0.46875 0.9399414 0.5529785 0.8413086 0.4643555 0.9228516 0.5703125 0.8344727 0.4868164 0.9208984 0.5598145 0.8452148 0.4882813 0.8994141 0.5710449 0.8349609 0.510498 0.9008789 0.5603027 0.8457031 0.5083008 0.8745117 0.5649414 0.8525391 0.5273438 0.8793945 0.5549316 0.8427734 0.5324707 0.855957 0.5505371 0.8637695 0.5427246 0.9018555 0.6987305 0.9213867 0.6955566 0.8979492 0.6867676 0.8769531 0.6972656 0.9213867 0.6828613 0.8842773 0.7075195 0.940918 0.6987305 0.8603516 0.7141113 0.9443359 0.6867676 0.8706055 0.7214355 0.9580078 0.7075195 0.8496094 0.7351074 0.965332 0.6972656 0.8618164 0.7390137 0.972168 0.7214355 0.8461914 0.7581787 0.9824219 0.7141113 0.8588867 0.7581787 0.980957 0.7390137 0.8496094 0.7814941 0.9931641 0.7351074 0.8618164 0.7775879 0.984375 0.7584229 0.8603516 0.8024902 0.9970703 0.7584229 0.8706055 0.7950439 0.9819336 0.777832 0.8769531 0.8192139 0.9936523 0.7817383 0.8842773 0.80896 0.9750977 0.7954102 0.8979492 0.8299561 0.9858398 0.8028564 0.9018555 0.8179932 0.9580078 0.8092041 0.9213867 0.8337402 0.9658203 0.819458 0.9213867 0.8210449 0.940918 0.8181152 0.9448242 0.8300781 0.7592773 0.8548584 0.7387695 0.8580322 0.7592773 0.8453369 0.7827148 0.848999 0.7358398 0.848999 0.7797852 0.8580322 0.7207031 0.8674316 0.8037109 0.8597412 0.7148438 0.8597412 0.7978516 0.8674316 0.7060547 0.881958 0.8203125 0.8764648 0.6982422 0.8764038 0.8125 0.882019 0.6967773 0.9003296 0.8310547 0.897522 0.6875 0.8973999 0.8217773 0.9004517 0.6933594 0.9207153 0.8349609 0.9208984 0.684082 0.9206543 0.8256836 0.9208984 0.6967773 0.94104 0.8320313 0.9441833 0.6875 0.9439697 0.8227539 0.9412842 0.7060547 0.9594421 0.8237305 0.9653015 0.6982422 0.9649963 0.8154297 0.9597168 0.7207031 0.9740601 0.8037109 0.9819794 0.7148438 0.9817047 0.7978516 0.9742737 0.7387695 0.9834747 0.7827148 0.9926186 0.7358398 0.9924812 0.7797852 0.9835968 0.7592773 0.986763 0.7592773 0.9962425 0.9003906 0.8527832 0.921875 0.8493652 0.8979492 0.8447266 0.8759766 0.855835 0.921875 0.8409424 0.8813477 0.8626709 0.9438477 0.8527832 0.8588867 0.8730469 0.9462891 0.8447266 0.8657227 0.8779907 0.9628906 0.8626709 0.8476563 0.8948364 0.9682617 0.855835 0.855957 0.8974609 0.9785156 0.8779907 0.84375 0.9189453 0.9853516 0.8730469 0.8525391 0.9189453 0.9882813 0.8974609 0.8476563 0.9430847 0.996582 0.8948364 0.855957 0.9404907 0.9916992 0.9189453 0.8588867 0.9648743 1 0.9189453 0.8657227 0.9599304 0.9882813 0.9404907 0.8759766 0.9821472 0.996582 0.9430542 0.8813477 0.9753265 0.9814453 0.9599304 0.8979492 0.9932404 0.9882813 0.9648743 0.9003906 0.9852142 0.9628906 0.9753265 0.921875 0.9970646 0.9677734 0.9821625 0.921875 0.9886246 0.9438477 0.9852142 0.9462891 0.9932404 0.7592773 0.697998 0.7397461 0.7011719 0.7592773 0.6838379 0.7832031 0.6877441 0.7353516 0.6877441 0.7788086 0.7011719 0.722168 0.7102051 0.8046875 0.6987305 0.7138672 0.6987305 0.7963867 0.7102051 0.7080078 0.7241211 0.8217773 0.7158203 0.6967773 0.7158203 0.8105469 0.7241211 0.6992188 0.7416992 0.8330078 0.7373047 0.6860352 0.7373047 0.8193359 0.7416992 0.6962891 0.7611084 0.8364258 0.7611084 0.6821289 0.7611084 0.8222656 0.7611084 0.6992188 0.7806396 0.8330078 0.7849121 0.6860352 0.7850342 0.8193359 0.7806396 0.7080078 0.7982178 0.824707 0.8065186 0.6967773 0.8065186 0.8129883 0.7982178 0.722168 0.8122559 0.8046875 0.8236084 0.7138672 0.8236084 0.7963867 0.8122559 0.7397461 0.821167 0.7832031 0.8345947 0.7353516 0.8345947 0.7788086 0.821167 0.7592773 0.8242188 0.7592773 0.8383789 0.6147461 0.4819336 0.5888672 0.4741211 0.6162109 0.4794922 0.6386719 0.4960938 0.5893555 0.4711914 0.6367188 0.4975586 0.5620117 0.4750977 0.6552734 0.5180664 0.5615234 0.4726563 0.652832 0.5192871 0.5366211 0.484375 0.6650391 0.5441895 0.5356445 0.4819336 0.6621094 0.5444336 0.5161133 0.5007324 0.6660156 0.5715332 0.5141602 0.4990234 0.6630859 0.5710449 0.5004883 0.5227051 0.6582031 0.5979004 0.498291 0.5217285 0.6552734 0.5964355 0.4912109 0.5490723 0.644043 0.6225586 0.4885254 0.5488281 0.6420898 0.6203613 0.4914551 0.5761719 0.621582 0.6398926 0.4885254 0.5769043 0.6201172 0.637207 0.5009766 0.6013184 0.5947266 0.6501465 0.4985352 0.6030273 0.5942383 0.6469727 0.5180664 0.6228027 0.5664063 0.6518555 0.5161133 0.6252441 0.5668945 0.6486816 0.5405273 0.638916 0.5390625 0.6416016 0.5727539 0.9491577 0.625 0.9485168 0.6240234 0.9642029 0.5717773 0.9579773 0.625 0.9485168 0.5727539 0.9491577 0.2976074 0.8109131 0.3500977 0.796875 0.3574219 0.8063965 0.05328369 0.8109131 0.0227356 0.8109131 0.04751587 0.8066406 0.3459473 0.5483398 0.3056641 0.5839844 0.3168945 0.5537109 0.2976074 0.8109131 0.2907715 0.796875 0.3500977 0.796875 0.7695313 0.3774414 0.7773438 0.3745117 0.7773438 0.3793945 0.279541 0.3891602 0.5273438 0.3876953 0.3381348 0.3979492 0.3574219 0.8063965 0.3500977 0.796875 0.4025879 0.7987061 0.5629883 0.5891113 0.5317383 0.5827637 0.5869141 0.5844727 0.6259766 0.3666992 0.6289063 0.01025391 0.6879883 0.3730469 0.3930664 0.5952148 0.3881836 0.5842285 0.3996582 0.5964355 0.746582 0.3730469 0.6879883 0.3730469 0.7460938 0.01318359 0.2260742 0.8109131 0.1710205 0.796875 0.236084 0.796875 0.5048828 0.6179199 0.4621582 0.567627 0.4763184 0.5615234 0.3220215 0.6313477 0.3791504 0.6359863 0.3603516 0.6513672 0.04748535 0.7661133 0.06591797 0.7661133 0.04077148 0.779541 0.6254883 0.6132813 0.6508789 0.6252441 0.6118164 0.6445313 0.3400879 0.421875 0.3105469 0.4331055 0.3225098 0.4121094 0.777832 0.01318359 0.777832 0.01611328 0.765625 0.01367188 0.08276367 0.6572266 0.07293701 0.6647949 0.07983398 0.6552734 0.1580811 0.6184082 0.1781006 0.6140137 0.1787109 0.6154785 0.2397461 0.6037598 0.2106934 0.6188965 0.2376709 0.6030273 0.2283936 0.5979004 0.2301025 0.5986328 0.2106934 0.6188965 0.5727539 0.9491577 0.625 0.9485168 0.6240234 0.9642029 0.5717773 0.9579773 0.625 0.9485168 0.5727539 0.9491577 0.5727539 0.9491577 0.625 0.9469604 0.6240234 0.9642029 0.5717773 0.9579773 0.625 0.9469604 0.5727539 0.9491577 0.4384766 0.84729 0.3608398 0.84729 0.3884277 0.8273926 0.3908691 0.8566895 0.4689941 0.8566895 0.4172363 0.8765259 0.217041 0.8273926 0.2595215 0.8273926 0.2210693 0.84729 0.5561523 0.8477783 0.5561523 0.8327637 0.5634766 0.840332 0.5703125 0.8327637 0.5703125 0.8477783 0.5561523 0.8327637 0.5634766 0.8327637 0.5634766 0.840332 0.5703125 0.8327637 0.5634766 0.840332 0.5634766 0.8477783 0.5561523 0.8477783 0.5634766 0.840332 0.5703125 0.8477783 0.5634766 0.840332 0.5561523 0.8477783 0.5561523 0.8327637 0.5634766 0.840332 0.5703125 0.8327637 0.5703125 0.8477783 0.5561523 0.8327637 0.5634766 0.8327637 0.5634766 0.840332 0.5703125 0.8327637 0.5634766 0.840332 0.5634766 0.8477783 0.5561523 0.8477783 0.5634766 0.840332 0.5703125 0.8477783 0.5634766 0.840332 0.5561523 0.8477783 0.5561523 0.8327637 0.5634766 0.840332 0.5703125 0.8327637 0.5703125 0.8477783 0.5561523 0.8327637 0.5634766 0.8327637 0.5634766 0.840332 0.5703125 0.8327637 0.5634766 0.840332 0.5634766 0.8477783 0.5561523 0.8477783 0.5634766 0.840332 0.5703125 0.8477783 0.5634766 0.840332 0.4956055 0.3994141 0.3381348 0.3979492 0.5273438 0.3876953 0.5566406 0.3999023 0.5273438 0.3876953 0.6181641 0.4003906 0.7568359 0.3862305 0.7207031 0.3989258 0.8676758 0.3994141 0.7568359 0.3862305 0.7568359 0.3862305 0.9233398 0.3837891 0.9858398 0.3974609 0.4377441 0.5227051 0.4624023 0.6010742 0.4482422 0.6140137 0.4921875 0.4619141 0.4377441 0.5227051 0.5097656 0.4350586 0.4921875 0.4619141 0.625 0.4467773 0.6088867 0.4223633 0.5097656 0.4350586 0.625 0.4467773 0.699707 0.513916 0.1211548 0.7661133 0.1395264 0.7661133 0.1303711 0.7811279 0.1303711 0.7811279 0.157959 0.7661133 0.1890869 0.7811279 0.1763916 0.7661133 0.2443848 0.7811279 0.2303467 0.7661133 0.1890869 0.7811279 0.04751587 0.8066406 0.09527588 0.8016357 0.05328369 0.8109131 0.05328369 0.8109131 0.08227539 0.8109131 0.5537109 0.5654297 0.5732422 0.565918 0.5375977 0.572998 0.5537109 0.5654297 0.5351563 0.5654297 0.2629395 0.8109131 0.2260742 0.8109131 0.236084 0.796875 0.2629395 0.8109131 0.2907715 0.796875 0.2976074 0.8109131 0.2807617 0.7811279 0.2443848 0.7811279 0.2303467 0.7661133 0.3303223 0.7662354 0.2807617 0.7811279 0.3430176 0.7811279 0.4057617 0.7662354 0.3430176 0.7811279 0.3850098 0.7662354 0.3303223 0.7662354 0.3430176 0.7811279 0.08227539 0.8109131 0.09527588 0.8016357 0.1210938 0.8109131 0.1210938 0.8109131 0.1710205 0.796875 0.1696777 0.8109131 0.2260742 0.8109131 0.6118164 0.6445313 0.6508789 0.6252441 0.6342773 0.6694336 0.6679688 0.5766602 0.6938477 0.5905762 0.6342773 0.6694336 0.6508789 0.6252441 0.6938477 0.5905762 0.6679688 0.5319824 0.6791992 0.5114746 0.6279297 0.4794922 0.6171875 0.453125 0.5917969 0.453125 0.5908203 0.4619141 0.5581055 0.4545898 0.5600586 0.4643555 0.5317383 0.4746094 0.5258789 0.465332 0.5078125 0.4931641 0.5 0.4863281 0.4819336 0.5131836 0.4763184 0.5615234 0.6118164 0.6445313 0.5693359 0.6760254 0.5693359 0.661377 0.5175781 0.6540527 0.1569824 0.3984375 0.279541 0.3891602 0.3381348 0.3979492 0.1569824 0.3984375 0.0579834 0.3999023 0.5048828 0.6179199 0.5068359 0.5974121 0.5229492 0.6171875 0.4985352 0.574707 0.5048828 0.6179199 0.5693359 0.661377 0.6118164 0.6445313 0.4763184 0.5615234 0.4985352 0.5500488 0.4912109 0.5490723 0.5004883 0.5227051 0.5083008 0.526123 0.5161133 0.5007324 0.5224609 0.5068359 0.5224609 0.5068359 0.5463867 0.4780273 0.6279297 0.4794922 0.609375 0.4975586 0.6679688 0.5319824 0.609375 0.4975586 0.6679688 0.5766602 0.3791504 0.6359863 0.4104004 0.6132813 0.3603516 0.6513672 0.3918457 0.5627441 0.3974609 0.5566406 0.3791504 0.6359863 0.3879395 0.574707 0.4104004 0.6132813 0.3745117 0.6584473 0.3603516 0.6513672 0.3220215 0.6313477 0.3154297 0.6386719 0.3154297 0.6386719 0.296875 0.604248 0.3056641 0.5839844 0.3220215 0.6313477 0.296875 0.604248 0.3168945 0.5537109 0.3459473 0.5483398 0.3664551 0.5385742 0.3974609 0.5566406 0.3918457 0.5627441 0.3525391 0.5454102 0.3879395 0.574707 0.3515625 0.5515137 0.3078613 0.5773926 0.3283691 0.5600586 0.3515625 0.5515137 0.3652344 0.4882813 0.3742676 0.456543 0.364502 0.4970703 0.3742676 0.456543 0.3786621 0.4438477 0.3513184 0.4174805 0.3535156 0.4106445 0.08319092 0.7495117 0.06207275 0.7429199 0.09698486 0.7478027 0.06207275 0.7429199 0.06939697 0.7495117 0.05514526 0.7495117 0.0418396 0.7495117 0.02793884 0.7495117 0.007579803 0.7446289 0.04495239 0.6342773 0.07983398 0.6552734 0.07293701 0.6647949 0.04495239 0.6342773 0.05618286 0.6247559 0.03652954 0.59375 0.02389526 0.5991211 0.0147934 0.5588379 0.02975464 0.5578613 0.02966309 0.4921875 0.04205322 0.4951172 0.0617981 0.4492188 0.07012939 0.4589844 0.1011353 0.4379883 0.09710693 0.4282227 0.137207 0.4189453 0.1380615 0.4306641 0.1757813 0.4326172 0.1782227 0.4228516 0.2159424 0.4389648 0.2093506 0.449707 0.237915 0.4736328 0.2573242 0.4838867 0.2558594 0.5063477 0.2770996 0.5415039 0.2641602 0.5424805 0.2687988 0.5783691 0.2583008 0.5759277 0.609375 0.4975586 0.6679688 0.5766602 0.6464844 0.5654297 0.5859375 0.4931641 0.5639648 0.4863281 0.5654297 0.4936523 0.5419922 0.4941406 0.5458984 0.5004883 0.5244141 0.5083008 0.5288086 0.5126953 0.5161133 0.5292969 0.5102539 0.5270996 0.5078125 0.5495605 0.5009766 0.550293 0.5092773 0.5717773 0.5009766 0.5739746 0.5161133 0.592041 0.5092773 0.5959473 0.5288086 0.6098633 0.5244141 0.6152344 0.1829834 0.6245117 0.1820068 0.6223145 0.2106934 0.6188965 0.2167969 0.5913086 0.2145996 0.590332 0.2496338 0.8566895 0.2885742 0.8765259 0.2456055 0.8765259 0.2496338 0.8566895 0.182373 0.8765259 0.182373 0.8566895 0.4807129 0.5126953 0.4763184 0.5615234 0.4621582 0.567627 0.4621582 0.567627 0.4934082 0.4799805 0.4990234 0.4853516 0.5249023 0.4638672 0.5214844 0.456543 0.5581055 0.453125 0.5566406 0.4438477 0.5922852 0.4516602 0.6171875 0.453125 0.609375 0.4975586 0.6464844 0.5654297 0.6118164 0.5195313 0.6103516 0.5981445 0.6254883 0.6132813 0.6118164 0.5195313 0.6254883 0.6132813 0.5893555 0.6242676 0.5688477 0.6206055 0.6103516 0.5981445 0.5683594 0.6257324 0.5498047 0.6159668 0.5478516 0.6203613 0.5375977 0.5996094 0.5522461 0.6091309 0.5302734 0.6083984 0.5478516 0.6203613 0.6738281 0.01318359 0.6289063 0.01025391 0.6386719 0.01318359 0.6289063 0.01025391 0.6879883 0.3730469 0.7094727 0.01318359 0.7460938 0.01318359 0.4211426 0.3666992 0.3242188 0.3666992 0.4619141 0.01025391 0.4211426 0.3666992 0.5068359 0.3666992 0.5219727 0.01025391 0.5576172 0.01025391 0.3242188 0.3666992 0.4147949 0.01025391 0.3789063 0.01025391 0.5620117 0.2109375 0.6259766 0.3666992 0.5932617 0.01025391 0.6289063 0.01025391 0.6259766 0.3666992 0.6289063 0.01025391 0.3256836 0.2109375 0.2478027 0.3666992 0.3427734 0.01025391 0.3066406 0.01025391 0.2478027 0.3666992 0.2702637 0.01025391 0.2156982 0.01025391 0.177124 0.3666992 0.1606445 0.01025391 0.1237793 0.01025391 0.116272 0.2109375 0.05978394 0.3666992 0.08654785 0.01025391 0.02578735 0.01025391 0.05978394 0.3666992 0.02578735 0.01025391 0.3930664 0.5952148 0.3996582 0.5964355 0.3935547 0.6079102 0.3881836 0.5842285 0.3830566 0.5742188 0.3833008 0.5627441 0.3752441 0.5661621 0.3571777 0.5517578 0.3652344 0.5612793 0.3540039 0.5593262 0.3571777 0.5517578 0.3430176 0.5612793 0.3571777 0.5517578 0.3330078 0.5661621 0.3283691 0.5600586 0.3249512 0.5742188 0.3054199 0.611084 0.3078613 0.5773926 0.3198242 0.5842285 0.3181152 0.5952148 0.3198242 0.6064453 0.3054199 0.611084 0.3249512 0.6164551 0.3054199 0.611084 0.3295898 0.6367188 0.3586426 0.6347656 0.3330078 0.6242676 0.3935547 0.6079102 0.3808594 0.6364746 0.3295898 0.6367188 0.3505859 0.6306152 0.3586426 0.6347656 0.3779297 0.6296387 0.3828125 0.6152344 0.3935547 0.6079102 0.286377 0.4873047 0.279541 0.4462891 0.2866211 0.4765625 0.2927246 0.4887695 0.286377 0.4873047 0.2939453 0.4746094 0.2924805 0.4633789 0.279541 0.4462891 0.2993164 0.484375 0.2944336 0.4526367 0.2866211 0.4492188 0.3105469 0.4331055 0.2954102 0.4375 0.3225098 0.4121094 0.3027344 0.4985352 0.286377 0.4873047 0.3242188 0.5131836 0.307373 0.4921875 0.3151855 0.5041504 0.3178711 0.4970703 0.3286133 0.5058594 0.3242188 0.5131836 0.3291016 0.4985352 0.3422852 0.5036621 0.364502 0.4970703 0.3405762 0.4960938 0.364502 0.4970703 0.3510742 0.4907227 0.3652344 0.4882813 0.3591309 0.4824219 0.3723145 0.4746094 0.3642578 0.4716797 0.3742676 0.4604492 0.3657227 0.4599609 0.371582 0.4462891 0.3635254 0.4482422 0.3654785 0.4335938 0.3581543 0.4379883 0.3552246 0.4228516 0.3498535 0.4301758 0.3400879 0.421875 0.3225098 0.4121094 0.668457 0.81604 0.6674805 0.8265381 0.6616211 0.8253174 0.6640625 0.8364258 0.6538086 0.8354492 0.6513672 0.8251953 0.6572266 0.824585 0.6513672 0.8148193 0.668457 0.81604 0.6674805 0.8265381 0.6616211 0.8253174 0.6640625 0.8364258 0.6538086 0.8354492 0.6513672 0.8251953 0.6572266 0.824585 0.6513672 0.8148193 0.668457 0.81604 0.6674805 0.8265381 0.6616211 0.8253174 0.6640625 0.8364258 0.625 0.9485168 0.5717773 0.9579773 0.6240234 0.9642029 0.5727539 0.9491577 0.5439453 0.630127 0.5678711 0.6342773 0.5048828 0.6179199 0.6118164 0.6445313 0.04077148 0.779541 0.06591797 0.7661133 0.09008789 0.7811279 0.08428955 0.7661133 0.6464844 0.5654297 0.6679688 0.5766602 0.6254883 0.6132813 0.6508789 0.6252441 0.4621582 0.567627 0.5048828 0.6179199 0.5175781 0.6540527 0.5693359 0.661377 0.7612305 0.01416016 0.7700195 0.01611328 0.7602539 0.3754883 0.7695313 0.3774414 0.192627 0.7312012 0.2084961 0.7304688 0.213623 0.7434082 0.2244873 0.7297363 0.213623 0.7434082 0.1766357 0.7316895 0.213623 0.7434082 0.164917 0.7453613 0.2404785 0.729248 0.213623 0.7434082 0.2565918 0.7416992 0.2563477 0.7285156 0.1606445 0.7324219 0.164917 0.7453613 0.1446533 0.7316895 0.119873 0.7419434 0.1206665 0.7307129 0.119873 0.7419434 0.09667969 0.7297363 0.119873 0.7419434 0.05941772 0.7336426 0.08068848 0.7290039 0.0647583 0.7282715 0.04876709 0.7275391 0.03277588 0.7268066 0.01615906 0.7280273 0.2565918 0.7416992 0.2775879 0.7407227 0.2724609 0.7280273 0.2883301 0.7272949 0.3139648 0.7336426 0.3044434 0.7265625 0.777832 0.01611328 0.7773438 0.3745117 0.7700195 0.01611328 0.7695313 0.3774414 0.1381836 0.6166992 0.1378174 0.6181641 0.1064453 0.6208496 0.1580811 0.6184082 0.625 0.9485168 0.5717773 0.9579773 0.6240234 0.9642029 0.5727539 0.9491577 0.625 0.9469604 0.5717773 0.9579773 0.6240234 0.9642029 0.5727539 0.9491577 0.4384766 0.84729 0.4682617 0.8273926 0.5200195 0.8404541 0.3884277 0.8273926 0.3608398 0.84729 0.315918 0.8273926 0.2954102 0.84729 0.2595215 0.8273926 0.2210693 0.84729 0.1544189 0.84729 0.1544189 0.8273926 0.2210693 0.84729 0.217041 0.8273926 0.9716797 0.4477539 0.9633789 0.4545898 0.9194336 0.4228516 0.918457 0.4331055 0.1572266 0.6115723 0.1781006 0.6140137 0.1580811 0.6184082 0.1580811 0.6184082 0.1381836 0.6166992 0.1411133 0.6013184 0.1064453 0.6208496 0.1558838 0.6020508 0.1271973 0.5959473 0.1712646 0.6000977 0.105835 0.5961914 0.1781006 0.6140137 0.1156616 0.5869141 0.1933594 0.6005859 0.09527588 0.5803223 0.1813965 0.5881348 0.1075439 0.5744629 0.1918945 0.578125 0.09033203 0.5620117 0.2062988 0.5856934 0.1039429 0.5527344 0.2111816 0.5666504 0.09124756 0.5429688 0.1972656 0.564209 0.1094971 0.5314941 0.197998 0.5495605 0.097229 0.5249023 0.2116699 0.5476074 0.1091919 0.5100098 0.1939697 0.5351563 0.1187744 0.5200195 0.2064209 0.5290527 0.1248779 0.4990234 0.185791 0.5229492 0.1311035 0.5117188 0.1958008 0.5131836 0.1434326 0.4941406 0.1740723 0.5136719 0.1453857 0.5078125 0.1806641 0.5014648 0.1627197 0.4946289 0.1601563 0.5085449 0.6538086 0.8354492 0.6523438 0.833252 0.6572266 0.824585 0.6503906 0.8172607 0.6513672 0.8148193 0.534668 0.9846802 0.4909668 0.9946747 0.4853516 0.9747009 0.4365234 0.9946747 0.3945313 0.9747009 0.3730469 0.9946747 0.3317871 0.9747009 0.3171387 0.9946747 0.2702637 0.9747009 0.2493896 0.9946747 0.2028809 0.9747009 0.170166 0.9946747 0.1459961 0.9747009 0.08831787 0.9946747 0.08276367 0.9747009 0.02609253 0.9846802 0.5180664 0.8830566 0.5307617 0.9030151 0.4692383 0.9030151 0.4499512 0.8830566 0.4072266 0.9030151 0.3928223 0.8830566 0.3474121 0.9030151 0.3269043 0.8830566 0.2814941 0.9030151 0.2495117 0.8830566 0.225708 0.9030151 0.168335 0.8830566 0.1367188 0.9030151 0.1008301 0.8830566 0.04324341 0.9030151 0.03393555 0.8830566 0.02418518 0.9251099 0.09631348 0.9151611 0.09631348 0.9350586 0.1547852 0.9151611 0.164917 0.9350586 0.2088623 0.9151611 0.2302246 0.9350586 0.2939453 0.9151611 0.324707 0.9350586 0.3894043 0.9151611 0.4279785 0.9350586 0.4812012 0.9151611 0.5112305 0.9350586 0.5498047 0.9251099 0.4482422 0.6140137 0.4624023 0.6010742 0.5073242 0.6740723 0.5693359 0.6760254 0.6342773 0.6694336 0.9892578 0.01416016 0.9887695 0.3754883 0.96875 0.3740234 0.9614258 0.01220703 0.9306641 0.3735352 0.9345703 0.01171875 0.9233398 0.01220703 0.9121094 0.3745117 0.9121094 0.01318359 0.9008789 0.3745117 0.9008789 0.01318359 0.8896484 0.3745117 0.8896484 0.01318359 0.878418 0.3745117 0.878418 0.01318359 0.8671875 0.3745117 0.8671875 0.01318359 0.855957 0.3745117 0.855957 0.01318359 0.8447266 0.3745117 0.8447266 0.01318359 0.8334961 0.3745117 0.8334961 0.01318359 0.8222656 0.3745117 0.8222656 0.01318359 0.8110352 0.3745117 0.8110352 0.01318359 0.7998047 0.3745117 0.7998047 0.01318359 0.7885742 0.3745117 0.7885742 0.01318359 0.777832 0.01318359 0.777832 0.01611328 0.7773438 0.3745117 0.2866211 0.4492188 0.279541 0.4462891 0.2954102 0.4375 0.2897949 0.4296875 0.3225098 0.4121094 -0.0007147789 0.7111816 -0.0007147789 0.6982422 0.03427124 0.6984863 0.03427124 0.7114258 0.06762695 0.6984863 0.06762695 0.7114258 0.1010132 0.6984863 0.1010132 0.7114258 0.1593018 0.6984863 0.1340332 0.7114258 0.1677246 0.7114258 0.2016602 0.6984863 0.2016602 0.7114258 0.2357178 0.6984863 0.2357178 0.7114258 0.2700195 0.6984863 0.2700195 0.7114258 0.3041992 0.6984863 0.3041992 0.7114258 0.338623 0.6984863 0.338623 0.7114258 0.3725586 0.6984863 0.3725586 0.7114258 0.4064941 0.7021484 0.4064941 0.7114258 0.4401855 0.7053223 0.4401855 0.7114258 0.4741211 0.7116699 0.6254883 0.6132813 0.6118164 0.6445313 0.5898438 0.6262207 0.5678711 0.6342773 0.5683594 0.6276855 0.5473633 0.6220703 0.5439453 0.630127 0.5244141 0.6152344 0.5288086 0.6098633 0.2167969 0.5913086 0.2145996 0.590332 0.2193604 0.5683594 0.2218018 0.5686035 0.2197266 0.5463867 0.22229 0.5461426 0.2108154 0.5270996 0.2160645 0.5244141 0.2108154 0.5270996 0.2017822 0.5073242 0.2036133 0.5056152 0.1844482 0.4941406 0.1856689 0.4921875 0.1641846 0.4863281 0.1646729 0.4838867 0.142334 0.4858398 0.1419678 0.4833984 0.1212769 0.4916992 0.1201782 0.4892578 0.1035156 0.5041504 0.1018066 0.5021973 0.08996582 0.5209961 0.08776855 0.5197754 0.08349609 0.541748 0.08105469 0.5412598 0.0824585 0.5629883 0.07995605 0.5632324 0.08795166 0.5837402 0.08569336 0.5849609 0.09997559 0.6018066 0.09802246 0.6032715 0.1064453 0.6208496 0.2397461 0.6037598 0.2376709 0.6030273 0.2420654 0.5725098 0.2442627 0.5727539 0.2423096 0.543457 0.2446289 0.5429688 0.2342529 0.515625 0.2363281 0.5146484 0.2183838 0.4916992 0.2199707 0.4897461 0.1951904 0.4741211 0.1962891 0.472168 0.1682129 0.4628906 0.1687012 0.4609375 0.1390381 0.4628906 0.1387939 0.4604492 0.1110229 0.4707031 0.1100464 0.46875 0.08776855 0.487793 0.08618164 0.4863281 0.06970215 0.5100098 0.06768799 0.5090332 0.0619812 0.5375977 0.05978394 0.5373535 0.06195068 0.5742188 0.06549072 0.5944824 0.1064453 0.6208496 0.08203125 0.6184082 0.1032104 0.6401367 0.1064453 0.6208496 0.1318359 0.651123 0.1313477 0.6533203 0.1624756 0.6513672 0.1627197 0.6535645 0.1929932 0.6455078 0.1938477 0.6474609 0.2106934 0.6188965 0.090271 0.6108398 0.1064453 0.6208496 0.07403564 0.590332 0.07574463 0.5895996 0.06750488 0.5649414 0.06933594 0.5646973 0.06878662 0.5390625 0.07061768 0.5393066 0.07623291 0.5136719 0.07788086 0.5144043 0.09277344 0.4931641 0.09411621 0.4946289 0.1143799 0.4775391 0.1151733 0.4790039 0.1401367 0.4702148 0.1403809 0.472168 0.1669922 0.4707031 0.166626 0.472168 0.1917725 0.4804688 0.190918 0.4819336 0.2130127 0.496582 0.2116699 0.4980469 0.2276611 0.5187988 0.2259521 0.5195313 0.2351074 0.5444336 0.2332764 0.5446777 0.2347412 0.5710449 0.2329102 0.5708008 0.2301025 0.5986328 0.2283936 0.5979004 0.5288086 0.6098633 0.5302734 0.6083984 0.5478516 0.6203613 0.5473633 0.6220703 0.5683594 0.6257324 0.5683594 0.6276855 0.5893555 0.6242676 0.5898438 0.6262207 0.6254883 0.6132813 0.182373 0.8566895 0.182373 0.8765259 0.1365967 0.8566895 0.1248169 0.8765259 0.07446289 0.8566895 0.07446289 0.8765259 0.02153015 0.8765259 0.01029968 0.8566895 0.5351563 0.8566895 0.5483398 0.8765259 0.4990234 0.8765259 0.4689941 0.8566895 0.4172363 0.8765259 0.345459 0.8765259 0.3908691 0.8566895 0.324707 0.8566895 0.2885742 0.8765259 0.2496338 0.8566895 0.1544189 0.8273926 0.1544189 0.84729 0.1091309 0.84729 0.06945801 0.8273926 0.04763794 0.84729 0.006340027 0.8336182 0.8662109 0.5424805 0.925293 0.5563965 0.8588867 0.550293 0.9174805 0.5690918 0.8369141 0.4907227 0.8662109 0.5424805 0.847168 0.4916992 0.847168 0.4916992 0.859375 0.4414063 0.8666992 0.4492188 0.9194336 0.4228516 0.918457 0.4331055 0.925293 0.5563965 0.9633789 0.5319824 0.972168 0.5380859 0.9873047 0.4833984 0.9765625 0.4853516 0.9633789 0.4545898 0.9716797 0.4477539 0.6474609 0.8450928 0.6064453 0.8498535 0.6186523 0.8409424 0.5996094 0.8409424 0.5776367 0.8443604 0.04534912 0.944458 0.0541687 0.9642944 0.01263428 0.9568481 0.1235352 0.944458 0.1235352 0.9642944 0.1741943 0.9642944 0.1928711 0.944458 0.2099609 0.9642944 0.2587891 0.944458 0.2810059 0.9642944 0.3300781 0.944458 0.3474121 0.9642944 0.3852539 0.944458 0.4196777 0.9642944 0.4477539 0.944458 0.4992676 0.9642944 0.5249023 0.9498901 0.5854492 0.4951172 0.609375 0.4975586 0.6118164 0.5195313 0.5664063 0.5012207 0.5654297 0.4956055 0.5493164 0.5073242 0.546875 0.5019531 0.5493164 0.5073242 0.534668 0.5180664 0.5302734 0.513916 0.5239258 0.532959 0.5175781 0.5300293 0.5239258 0.532959 0.5185547 0.550293 0.5097656 0.5495605 0.5185547 0.550293 0.5107422 0.5712891 0.5200195 0.5686035 0.5200195 0.5686035 0.5263672 0.5856934 0.5175781 0.5910645 0.5263672 0.5856934 0.5375977 0.5996094 0.5302734 0.6083984 0.3803711 0.5876465 0.3879395 0.5856934 0.3837891 0.5964355 0.3828125 0.6152344 0.3935547 0.6079102 0.1027832 0.7661133 0.1211548 0.7661133 0.1303711 0.7811279 0.09008789 0.7811279 0.08428955 0.7661133 0.3288574 0.4248047 0.3273926 0.4228516 0.3300781 0.4262695 0.3400879 0.421875 0.3105469 0.4331055 0.105835 0.5961914 0.1064453 0.6208496 0.1046143 0.597168 0.09381104 0.5810547 0.09527588 0.5803223 0.08880615 0.5622559 0.09033203 0.5620117 0.08972168 0.5427246 0.09124756 0.5429688 0.09588623 0.5241699 0.097229 0.5249023 0.1080933 0.5087891 0.1091919 0.5100098 0.1242065 0.4975586 0.1248779 0.4990234 0.1431885 0.4921875 0.1434326 0.4941406 0.1629639 0.4931641 0.1627197 0.4946289 0.1813965 0.5 0.1806641 0.5014648 0.1968994 0.5119629 0.1958008 0.5131836 0.2108154 0.5270996 0.2064209 0.5290527 0.2108154 0.5270996 0.2132568 0.5473633 0.2116699 0.5476074 0.2127686 0.5668945 0.2111816 0.5666504 0.2076416 0.5864258 0.2062988 0.5856934 0.194458 0.6018066 0.1933594 0.6005859 0.1781006 0.6140137 0.1787109 0.6154785 0.1359863 0.6281738 0.1064453 0.6208496 0.1365967 0.6257324 0.1591797 0.6259766 0.1594238 0.6286621 0.1820068 0.6223145 0.1829834 0.6245117 0.1885986 0.6359863 0.2106934 0.6188965 0.1893311 0.6376953 0.161377 0.6430664 0.1611328 0.6411133 0.1333008 0.6428223 0.1337891 0.6408691 0.1064453 0.6208496 0.5859375 0.4931641 0.609375 0.4975586 0.5854492 0.4951172 0.5654297 0.4956055 0.5654297 0.4936523 0.546875 0.5019531 0.5458984 0.5004883 0.5302734 0.513916 0.5288086 0.5126953 0.5175781 0.5300293 0.5161133 0.5292969 0.5097656 0.5495605 0.5078125 0.5495605 0.5107422 0.5712891 0.5092773 0.5717773 0.5175781 0.5910645 0.5161133 0.592041 0.5302734 0.6083984 0.5288086 0.6098633 0.4807129 0.5126953 0.4819336 0.5131836 0.4763184 0.5615234 0.4990234 0.4853516 0.5 0.4863281 0.5249023 0.4638672 0.5258789 0.465332 0.5581055 0.453125 0.5581055 0.4545898 0.5922852 0.4516602 0.5917969 0.453125 0.6171875 0.453125 0.4838867 0.5478516 0.4885254 0.5488281 0.4763184 0.5615234 0.498291 0.5217285 0.4926758 0.519043 0.5092773 0.4946289 0.5141602 0.4990234 0.5463867 0.4780273 0.4912109 0.5490723 0.4763184 0.5615234 0.4885254 0.5488281 0.498291 0.5217285 0.5004883 0.5227051 0.5141602 0.4990234 0.5161133 0.5007324 0.5463867 0.4780273 0.4763184 0.5615234 0.4926758 0.519043 0.4838867 0.5478516 0.5078125 0.4931641 0.5092773 0.4946289 0.5317383 0.4746094 0.5463867 0.4780273 0.5600586 0.4643555 0.5908203 0.4619141 0.6279297 0.4794922 0.6567383 0.84375 0.6269531 0.8498535 0.6401367 0.8409424 0.6186523 0.8409424 0.5996094 0.8409424 0.5834961 0.8453369 0.6450195 0.8447266 0.6064453 0.8498535 0.6186523 0.8409424 0.6010742 0.8409424 0.5844727 0.8409424 0.5761719 0.8476563 0.9887695 0.9269409 0.953125 0.9802704 0.96875 0.9785004 0.9165039 0.9877777 0.96875 0.9785004 0.9160156 0.996109 0.96875 0.9785004 0.9985352 0.9185791 0.9799805 0.8676758 0.953125 0.861084 0.9384766 0.8435059 0.8793945 0.8560791 0.8837891 0.862793 0.8466797 0.9023438 0.8549805 0.9041748 0.8588867 0.9610291 0.8657227 0.9564819 0.9165039 0.9877777 0.5639648 0.4863281 0.5463867 0.4780273 0.609375 0.4975586 0.5419922 0.4941406 0.5244141 0.5083008 0.5224609 0.5068359 0.5048828 0.6179199 0.5229492 0.6171875 0.5439453 0.630127 0.5244141 0.6152344 0.5092773 0.5959473 0.5068359 0.5974121 0.5009766 0.5739746 0.4985352 0.574707 0.5009766 0.550293 0.4985352 0.5500488 0.5083008 0.526123 0.5102539 0.5270996 0.5244141 0.5083008 0.5224609 0.5068359 0.7382813 0.5422363 0.7729492 0.527832 0.7744141 0.5380859 0.7446289 0.550293 0.7211914 0.5905762 0.7104492 0.5888672 0.7382813 0.5422363 0.7729492 0.527832 0.8188477 0.534668 0.8144531 0.5439453 0.8476563 0.5830078 0.8574219 0.5793457 0.8393555 0.6396484 0.8481445 0.6462402 0.796875 0.6728516 0.7954102 0.6625977 0.753418 0.6665039 0.7456055 0.645752 0.7202148 0.6362305 0.7211914 0.5905762 0.703125 0.9537048 0.6948242 0.9584351 0.6884766 0.9001465 0.6977539 0.902771 0.7382813 0.8514404 0.7407227 0.8602295 0.8041992 0.8626709 0.7983398 0.8699951 0.8334961 0.9135742 0.8242188 0.9144897 0.824707 0.962677 0.8154297 0.9584656 0.7768555 0.9920959 0.7490234 0.9825592 0.7294922 0.9891129 0.6948242 0.9584351 0.2687988 0.5783691 0.2548828 0.6125488 0.2583008 0.5759277 0.2397461 0.6037598 0.2442627 0.5727539 0.2128906 0.6547852 0.2106934 0.6188965 0.1938477 0.6474609 0.164917 0.6699219 0.1627197 0.6535645 0.1313477 0.6533203 0.128418 0.670166 0.09613037 0.6540527 0.1032104 0.6401367 0.07202148 0.6281738 0.08203125 0.6184082 0.06549072 0.5944824 0.0526123 0.6005859 0.04446411 0.5681152 0.06195068 0.5742188 0.04629517 0.534668 0.05978394 0.5373535 0.06768799 0.5090332 0.05477905 0.5019531 0.07617188 0.4755859 0.08618164 0.4863281 0.1100464 0.46875 0.1034546 0.4550781 0.1367188 0.4458008 0.1387939 0.4604492 0.1687012 0.4609375 0.1711426 0.4458008 0.2030029 0.4589844 0.1962891 0.472168 0.2199707 0.4897461 0.2304688 0.4794922 0.2492676 0.5083008 0.2363281 0.5146484 0.2587891 0.5410156 0.2446289 0.5429688 0.2583008 0.5759277 0.862793 0.7640381 0.8486328 0.7421875 0.8530273 0.7880859 0.8876953 0.7077637 0.8808594 0.6975098 0.9272461 0.6965332 0.9287109 0.684082 0.9697266 0.7209473 0.9794922 0.7133789 0.9838867 0.7633057 0.9960938 0.7642822 0.9633789 0.8031006 0.972168 0.8121338 0.9008789 0.8157959 0.8964844 0.8273926 0.8530273 0.7880859 0.7485352 0.8225098 0.8056641 0.8027344 0.7460938 0.8363037 0.7885742 0.8319092 0.8251953 0.8051758 0.7885742 0.8319092 0.8168945 0.7414551 0.8295898 0.7370605 0.7675781 0.7021484 0.7900391 0.6911621 0.7338867 0.6904297 0.7124023 0.7197266 0.6894531 0.7304688 0.6972656 0.7550049 0.6821289 0.7611084 0.7084961 0.795166 0.6967773 0.8027344 0.7485352 0.8225098 0.1885986 0.6359863 0.1829834 0.6245117 0.2106934 0.6188965 0.1611328 0.6411133 0.1594238 0.6286621 0.1359863 0.6281738 0.1337891 0.6408691 0.1064453 0.6208496 0.2283936 0.5979004 0.2167969 0.5913086 0.2329102 0.5708008 0.2218018 0.5686035 0.22229 0.5461426 0.2332764 0.5446777 0.2160645 0.5244141 0.2259521 0.5195313 0.2036133 0.5056152 0.2116699 0.4980469 0.1856689 0.4921875 0.190918 0.4819336 0.1646729 0.4838867 0.166626 0.472168 0.1403809 0.472168 0.1419678 0.4833984 0.1201782 0.4892578 0.1151733 0.4790039 0.09411621 0.4946289 0.1018066 0.5021973 0.08776855 0.5197754 0.07788086 0.5144043 0.07061768 0.5393066 0.08105469 0.5412598 0.07995605 0.5632324 0.06933594 0.5646973 0.08569336 0.5849609 0.07574463 0.5895996 0.090271 0.6108398 0.09802246 0.6032715 0.2132568 0.5473633 0.2108154 0.5270996 0.2197266 0.5463867 0.2193604 0.5683594 0.2127686 0.5668945 0.2076416 0.5864258 0.2145996 0.590332 0.2106934 0.6188965 0.194458 0.6018066 0.1787109 0.6154785 0.1820068 0.6223145 0.1591797 0.6259766 0.1580811 0.6184082 0.1378174 0.6181641 0.1365967 0.6257324 0.1064453 0.6208496 0.1046143 0.597168 0.09997559 0.6018066 0.08795166 0.5837402 0.09381104 0.5810547 0.0824585 0.5629883 0.08880615 0.5622559 0.08349609 0.541748 0.08972168 0.5427246 0.09588623 0.5241699 0.08996582 0.5209961 0.1035156 0.5041504 0.1080933 0.5087891 0.1242065 0.4975586 0.1212769 0.4916992 0.142334 0.4858398 0.1431885 0.4921875 0.1629639 0.4931641 0.1641846 0.4863281 0.1844482 0.4941406 0.1813965 0.5 0.2017822 0.5073242 0.1968994 0.5119629 0.2376709 0.6030273 0.2106934 0.6188965 0.2301025 0.5986328 0.2420654 0.5725098 0.2347412 0.5710449 0.2351074 0.5444336 0.2423096 0.543457 0.2276611 0.5187988 0.2342529 0.515625 0.2130127 0.496582 0.2183838 0.4916992 0.1951904 0.4741211 0.1917725 0.4804688 0.1669922 0.4707031 0.1682129 0.4628906 0.1390381 0.4628906 0.1401367 0.4702148 0.1143799 0.4775391 0.1110229 0.4707031 0.08776855 0.487793 0.09277344 0.4931641 0.07623291 0.5136719 0.06970215 0.5100098 0.0619812 0.5375977 0.06878662 0.5390625 0.06750488 0.5649414 0.06195068 0.5742188 0.07403564 0.590332 0.1064453 0.6208496 0.1318359 0.651123 0.1333008 0.6428223 0.1624756 0.6513672 0.161377 0.6430664 0.1893311 0.6376953 0.1929932 0.6455078 0.6040039 0.8132324 0.6030273 0.8200684 0.6015625 0.8099365 0.5805664 0.8098145 0.6015625 0.8302002 0.5771484 0.8082275 0.5791016 0.8117676 0.578125 0.8330078 0.5805664 0.8300781 0.5791016 0.828125 0.6049805 0.8084717 0.6015625 0.8099365 0.5805664 0.8098145 0.6030273 0.8200684 0.5771484 0.8082275 0.6049805 0.8317871 0.5791016 0.8199463 0.6015625 0.8302002 0.578125 0.8330078 0.5805664 0.8300781 0.605957 0.8197021 0.6030273 0.8200684 0.6015625 0.8099365 0.6015625 0.8302002 0.5957031 0.8059082 0.578125 0.8330078 0.5805664 0.8098145 0.5805664 0.8300781 0.5756836 0.8100586 0.5791016 0.8199463</float_array>
          <technique_common>
            <accessor source="#pCube64__CmFillerObjectCC-texcoord-array" count="3649" stride="2">
              <param name="S" type="float" />
              <param name="T" type="float" />
            </accessor>
          </technique_common>
        </source>
        <vertices id="pCube64__CmFillerObjectCC-vertex">
          <input semantic="POSITION" source="#pCube64__CmFillerObjectCC-position" />
        </vertices>
        <triangles material="CmFillerObjectCC" count="2142">
          <input semantic="VERTEX" source="#pCube64__CmFillerObjectCC-vertex" offset="0" />
          <input semantic="NORMAL" source="#pCube64__CmFillerObjectCC-normal" offset="1" />
          <input semantic="COLOR" source="#pCube64__CmFillerObjectCC-color" offset="2" set="0" />
          <input semantic="TEXCOORD" source="#pCube64__CmFillerObjectCC-texcoord" offset="3" set="0" />
          <p>0 0 0 0 1 1 1 1 2 2 2 2 3 3 3 3 4 4 4 4 5 5 5 5 6 6 6 6 7 7 7 7 8 8 8 8 9 9 9 9 10 10 10 10 11 11 11 11 12 12 12 12 13 13 13 13 14 14 14 14 15 15 15 15 16 16 16 16 17 17 17 17 16 16 16 16 18 18 18 18 17 17 17 17 19 19 19 19 20 20 20 20 21 21 21 21 22 22 22 22 19 19 19 19 21 21 21 21 23 23 23 23 24 24 24 24 25 25 25 25 24 24 24 24 26 26 26 26 25 25 25 25 27 27 27 27 28 28 28 28 29 29 29 29 30 30 30 30 27 27 27 27 29 29 29 29 31 31 31 31 32 32 32 32 33 33 33 33 32 32 32 32 34 34 34 34 33 33 33 33 35 35 35 35 36 36 36 36 37 37 37 37 38 38 38 38 35 35 35 35 37 37 37 37 39 39 39 39 40 40 40 40 41 41 41 41 40 40 40 40 42 42 42 42 41 41 41 41 43 43 43 43 44 44 44 44 45 45 45 45 44 44 44 44 46 46 46 46 45 45 45 45 47 47 47 47 48 48 48 48 49 49 49 49 48 48 48 48 50 50 50 50 49 49 49 49 51 51 51 51 52 52 52 52 53 53 53 53 52 52 52 52 54 54 54 54 53 53 53 53 55 55 55 55 56 56 56 56 57 57 57 57 56 56 56 56 58 58 58 58 57 57 57 57 59 59 59 59 60 60 60 60 61 61 61 61 60 60 60 60 62 62 62 62 61 61 61 61 63 63 63 63 64 64 64 64 65 65 65 65 64 64 64 64 66 66 66 66 65 65 65 65 67 67 67 67 68 68 68 68 69 69 69 69 70 70 70 70 68 68 68 68 67 67 67 67 71 71 71 71 72 72 72 72 73 73 73 73 72 72 72 72 74 74 74 74 73 73 73 73 75 75 75 75 76 76 76 76 77 77 77 77 76 76 76 76 78 78 78 78 77 77 77 77 79 79 79 79 80 80 80 80 81 81 81 81 80 80 80 80 82 82 82 82 81 81 81 81 83 83 83 83 84 84 84 84 85 85 85 85 84 84 84 84 86 86 86 86 85 85 85 85 87 87 87 87 88 88 88 88 89 89 89 89 88 88 88 88 90 90 90 90 89 89 89 89 91 91 91 91 92 92 92 92 93 93 93 93 92 92 92 92 94 94 94 94 93 93 93 93 95 95 95 95 96 96 96 96 97 97 97 97 96 96 96 96 98 98 98 98 97 97 97 97 99 99 99 99 100 100 100 100 101 101 101 101 100 100 100 100 102 102 102 102 101 101 101 101 103 103 103 103 104 104 104 104 105 105 105 105 104 104 104 104 106 106 106 106 105 105 105 105 107 107 107 107 108 108 108 108 109 109 109 109 108 108 108 108 110 110 110 110 109 109 109 109 111 111 111 111 112 112 112 112 113 113 113 113 112 112 112 112 114 114 114 114 113 113 113 113 115 115 115 115 116 116 116 116 117 117 117 117 116 116 116 116 118 118 118 118 117 117 117 117 119 119 119 119 120 120 120 120 121 121 121 121 120 120 120 120 122 122 122 122 121 121 121 121 121 121 121 121 122 122 122 122 123 123 123 123 122 122 122 122 124 124 124 124 123 123 123 123 123 123 123 123 124 124 124 124 125 125 125 125 124 124 124 124 126 126 126 126 125 125 125 125 125 125 125 125 126 126 126 126 127 127 127 127 128 128 128 128 125 125 125 125 127 127 127 127 128 128 128 128 127 127 127 127 129 129 129 129 127 127 127 127 130 130 130 130 129 129 129 129 129 129 129 129 130 130 130 130 131 131 131 131 132 132 132 132 129 129 129 129 131 131 131 131 132 132 132 132 131 131 131 131 133 133 133 133 131 131 131 131 134 134 134 134 133 133 133 133 133 133 133 133 134 134 134 134 135 135 135 135 136 136 136 136 133 133 133 133 135 135 135 135 137 137 137 137 138 138 138 138 139 139 139 139 138 138 138 138 140 140 140 140 139 139 139 139 139 139 139 139 140 140 140 140 141 141 141 141 140 140 140 140 142 142 142 142 141 141 141 141 143 143 143 143 144 144 144 144 145 145 145 145 144 144 144 144 146 146 146 146 145 145 145 145 145 145 145 145 146 146 146 146 147 147 147 147 146 146 146 146 148 148 148 148 147 147 147 147 147 147 147 147 148 148 148 148 149 149 149 149 148 148 148 148 150 150 150 150 149 149 149 149 149 149 149 149 150 150 150 150 151 151 151 151 152 152 152 152 149 149 149 149 151 151 151 151 152 152 152 152 151 151 151 151 153 153 153 153 151 151 151 151 154 154 154 154 153 153 153 153 153 153 153 153 154 154 154 154 155 155 155 155 156 156 156 156 153 153 153 153 155 155 155 155 156 156 156 156 155 155 155 155 157 157 157 157 155 155 155 155 158 158 158 158 157 157 157 157 157 157 157 157 158 158 158 158 159 159 159 159 160 160 160 160 157 157 157 157 159 159 159 159 161 161 161 161 162 162 162 162 163 163 163 163 162 162 162 162 164 164 164 164 163 163 163 163 163 163 163 163 164 164 164 164 165 165 165 165 164 164 164 164 166 166 166 166 165 165 165 165 167 167 167 167 168 168 168 168 169 169 169 169 168 168 168 168 170 170 170 170 169 169 169 169 169 169 169 169 170 170 170 170 171 171 171 171 170 170 170 170 172 172 172 172 171 171 171 171 171 171 171 171 172 172 172 172 173 173 173 173 172 172 172 172 174 174 174 174 173 173 173 173 173 173 173 173 174 174 174 174 175 175 175 175 176 176 176 176 173 173 173 173 175 175 175 175 176 176 176 176 175 175 175 175 177 177 177 177 175 175 175 175 178 178 178 178 177 177 177 177 177 177 177 177 178 178 178 178 179 179 179 179 180 180 180 180 177 177 177 177 179 179 179 179 180 180 180 180 179 179 179 179 181 181 181 181 179 179 179 179 182 182 182 182 181 181 181 181 181 181 181 181 182 182 182 182 183 183 183 183 184 184 184 184 181 181 181 181 183 183 183 183 185 185 185 185 186 186 186 186 187 187 187 187 186 186 186 186 188 188 188 188 187 187 187 187 187 187 187 187 188 188 188 188 189 189 189 189 188 188 188 188 190 190 190 190 189 189 189 189 191 191 191 191 192 192 192 192 193 193 193 193 192 192 192 192 194 194 194 194 193 193 193 193 193 193 193 193 194 194 194 194 195 195 195 195 194 194 194 194 196 196 196 196 195 195 195 195 195 195 195 195 196 196 196 196 197 197 197 197 196 196 196 196 198 198 198 198 197 197 197 197 197 197 197 197 198 198 198 198 199 199 199 199 198 198 198 198 200 200 200 200 199 199 199 199 199 199 199 199 200 200 200 200 201 201 201 201 202 202 202 202 199 199 199 199 201 201 201 201 202 202 202 202 201 201 201 201 203 203 203 203 204 204 204 204 202 202 202 202 203 203 203 203 204 204 204 204 203 203 203 203 205 205 205 205 206 206 206 206 204 204 204 204 205 205 205 205 206 206 206 206 205 205 205 205 207 207 207 207 208 208 208 208 206 206 206 206 207 207 207 207 208 208 208 208 207 207 207 207 209 209 209 209 210 210 210 210 208 208 208 208 209 209 209 209 210 210 210 210 209 209 209 209 211 211 211 211 212 212 212 212 210 210 210 210 211 211 211 211 212 212 212 212 211 211 211 211 213 213 213 213 214 214 214 214 212 212 212 212 213 213 213 213 214 214 214 214 213 213 213 213 215 215 215 215 216 216 216 216 214 214 214 214 215 215 215 215 216 216 216 216 215 215 215 215 217 217 217 217 218 218 218 218 216 216 216 216 217 217 217 217 218 218 218 218 217 217 217 217 219 219 219 219 220 220 220 220 218 218 218 218 219 219 219 219 220 220 220 220 219 219 219 219 221 221 221 221 222 222 222 222 220 220 220 220 221 221 221 221 222 222 222 222 221 221 221 221 223 223 223 223 221 221 221 221 224 224 224 224 223 223 223 223 223 223 223 223 224 224 224 224 225 225 225 225 224 224 224 224 226 226 226 226 225 225 225 225 225 225 225 225 226 226 226 226 227 227 227 227 226 226 226 226 228 228 228 228 227 227 227 227 227 227 227 227 228 228 228 228 229 229 229 229 228 228 228 228 230 230 230 230 229 229 229 229 229 229 229 229 230 230 230 230 231 231 231 231 230 230 230 230 232 232 232 232 231 231 231 231 233 233 233 233 234 234 234 234 235 235 235 235 236 236 236 236 233 233 233 233 235 235 235 235 236 236 236 236 235 235 235 235 237 237 237 237 238 238 238 238 236 236 236 236 237 237 237 237 238 238 238 238 237 237 237 237 239 239 239 239 240 240 240 240 238 238 238 238 239 239 239 239 240 240 240 240 239 239 239 239 241 241 241 241 242 242 242 242 240 240 240 240 241 241 241 241 242 242 242 242 241 241 241 241 243 243 243 243 241 241 241 241 244 244 244 244 243 243 243 243 243 243 243 243 244 244 244 244 245 245 245 245 244 244 244 244 246 246 246 246 245 245 245 245 245 245 245 245 246 246 246 246 247 247 247 247 246 246 246 246 248 248 248 248 247 247 247 247 247 247 247 247 248 248 248 248 249 249 249 249 248 248 248 248 250 250 250 250 249 249 249 249 249 249 249 249 250 250 250 250 251 251 251 251 250 250 250 250 252 252 252 252 251 251 251 251 251 251 251 251 252 252 252 252 253 253 253 253 252 252 252 252 254 254 254 254 253 253 253 253 253 253 253 253 254 254 254 254 255 255 255 255 254 254 254 254 256 256 256 256 255 255 255 255 255 255 255 255 256 256 256 256 257 257 257 257 256 256 256 256 258 258 258 258 257 257 257 257 257 257 257 257 258 258 258 258 259 259 259 259 258 258 258 258 260 260 260 260 259 259 259 259 259 259 259 259 260 260 260 260 261 261 261 261 260 260 260 260 262 262 262 262 261 261 261 261 261 261 261 261 262 262 262 262 263 263 263 263 262 262 262 262 264 264 264 264 263 263 263 263 263 263 263 263 264 264 264 264 265 265 265 265 264 264 264 264 266 266 266 266 265 265 265 265 265 265 265 265 266 266 266 266 267 267 267 267 268 268 268 268 265 265 265 265 267 267 267 267 268 268 268 268 267 267 267 267 269 269 269 269 270 270 270 270 268 268 268 268 269 269 269 269 270 270 270 270 269 269 269 269 271 271 271 271 272 272 272 272 270 270 270 270 271 271 271 271 272 272 272 272 271 271 271 271 273 273 273 273 274 274 274 274 272 272 272 272 273 273 273 273 275 275 275 275 276 276 276 276 277 277 277 277 276 276 276 276 278 278 278 278 277 277 277 277 277 277 277 277 278 278 278 278 279 279 279 279 278 278 278 278 280 280 280 280 279 279 279 279 279 279 279 279 280 280 280 280 281 281 281 281 280 280 280 280 282 282 282 282 281 281 281 281 282 282 282 282 283 283 283 283 281 281 281 281 283 283 283 283 284 284 284 284 281 281 281 281 283 283 283 283 285 285 285 285 284 284 284 284 285 285 285 285 286 286 286 286 284 284 284 284 285 285 285 285 287 287 287 287 286 286 286 286 287 287 287 287 288 288 288 288 286 286 286 286 287 287 287 287 289 289 289 289 288 288 288 288 289 289 289 289 290 290 290 290 288 288 288 288 289 289 289 289 291 291 291 291 290 290 290 290 291 291 291 291 292 292 292 292 290 290 290 290 291 291 291 291 293 293 293 293 292 292 292 292 293 293 293 293 294 294 294 294 292 292 292 292 293 293 293 293 295 295 295 295 294 294 294 294 295 295 295 295 296 296 296 296 294 294 294 294 295 295 295 295 297 297 297 297 296 296 296 296 297 297 297 297 298 298 298 298 296 296 296 296 297 297 297 297 299 299 299 299 298 298 298 298 299 299 299 299 300 300 300 300 298 298 298 298 299 299 299 299 301 301 301 301 300 300 300 300 301 301 301 301 302 302 302 302 300 300 300 300 301 301 301 301 303 303 303 303 302 302 302 302 303 303 303 303 304 304 304 304 302 302 302 302 303 303 303 303 305 305 305 305 304 304 304 304 305 305 305 305 306 306 306 306 304 304 304 304 306 306 306 306 305 305 305 305 307 307 307 307 305 305 305 305 308 308 308 308 307 307 307 307 307 307 307 307 308 308 308 308 309 309 309 309 308 308 308 308 310 310 310 310 309 309 309 309 309 309 309 309 310 310 310 310 311 311 311 311 310 310 310 310 312 312 312 312 311 311 311 311 311 311 311 311 312 312 312 312 313 313 313 313 312 312 312 312 314 314 314 314 313 313 313 313 313 313 313 313 314 314 314 314 315 315 315 315 314 314 314 314 316 316 316 316 315 315 315 315 317 317 317 317 318 318 318 318 319 319 319 319 317 317 317 317 319 319 319 319 320 320 320 320 319 319 319 319 321 321 321 321 320 320 320 320 320 320 320 320 321 321 321 321 322 322 322 322 321 321 321 321 323 323 323 323 322 322 322 322 322 322 322 322 323 323 323 323 324 324 324 324 323 323 323 323 325 325 325 325 324 324 324 324 324 324 324 324 325 325 325 325 326 326 326 326 325 325 325 325 327 327 327 327 326 326 326 326 326 326 326 326 327 327 327 327 328 328 328 328 327 327 327 327 329 329 329 329 328 328 328 328 328 328 328 328 329 329 329 329 330 330 330 330 329 329 329 329 331 331 331 331 330 330 330 330 330 330 330 330 331 331 331 331 332 332 332 332 331 331 331 331 333 333 333 333 332 332 332 332 332 332 332 332 333 333 333 333 334 334 334 334 335 335 335 335 332 332 332 332 334 334 334 334 335 335 335 335 334 334 334 334 336 336 336 336 337 337 337 337 335 335 335 335 336 336 336 336 337 337 337 337 336 336 336 336 338 338 338 338 339 339 339 339 337 337 337 337 338 338 338 338 339 339 339 339 338 338 338 338 340 340 340 340 341 341 341 341 339 339 339 339 340 340 340 340 341 341 341 341 340 340 340 340 342 342 342 342 343 343 343 343 341 341 341 341 342 342 342 342 343 343 343 343 342 342 342 342 344 344 344 344 345 345 345 345 343 343 343 343 344 344 344 344 345 345 345 345 344 344 344 344 346 346 346 346 347 347 347 347 345 345 345 345 346 346 346 346 347 347 347 347 346 346 346 346 348 348 348 348 349 349 349 349 347 347 347 347 348 348 348 348 349 349 349 349 348 348 348 348 350 350 350 350 351 351 351 351 349 349 349 349 350 350 350 350 350 350 350 350 352 352 352 352 351 351 351 351 352 352 352 352 353 353 353 353 351 351 351 351 353 353 353 353 352 352 352 352 354 354 354 354 355 355 355 355 353 353 353 353 354 354 354 354 355 355 355 355 354 354 354 354 356 356 356 356 357 357 357 357 355 355 355 355 356 356 356 356 357 357 357 357 356 356 356 356 358 358 358 358 356 356 356 356 359 359 359 359 358 358 358 358 358 358 358 358 359 359 359 359 360 360 360 360 359 359 359 359 361 361 361 361 360 360 360 360 360 360 360 360 361 361 361 361 362 362 362 362 361 361 361 361 363 363 363 363 362 362 362 362 362 362 362 362 363 363 363 363 364 364 364 364 363 363 363 363 365 365 365 365 364 364 364 364 364 364 364 364 365 365 365 365 366 366 366 366 365 365 365 365 367 367 367 367 366 366 366 366 366 366 366 366 367 367 367 367 368 368 368 368 367 367 367 367 369 369 369 369 368 368 368 368 370 370 370 370 368 368 368 368 369 369 369 369 371 371 371 371 372 372 372 372 373 373 373 373 372 372 372 372 374 374 374 374 373 373 373 373 374 374 374 374 375 375 375 375 373 373 373 373 374 374 374 374 376 376 376 376 375 375 375 375 376 376 376 376 377 377 377 377 375 375 375 375 376 376 376 376 378 378 378 378 377 377 377 377 378 378 378 378 379 379 379 379 377 377 377 377 378 378 378 378 380 380 380 380 379 379 379 379 380 380 380 380 381 381 381 381 379 379 379 379 381 381 381 381 380 380 380 380 382 382 382 382 383 383 383 383 381 381 381 381 382 382 382 382 383 383 383 383 382 382 382 382 384 384 384 384 385 385 385 385 383 383 383 383 384 384 384 384 384 384 384 384 386 386 386 386 385 385 385 385 386 386 386 386 387 387 387 387 385 385 385 385 386 386 386 386 388 388 388 388 387 387 387 387 388 388 388 388 389 389 389 389 387 387 387 387 390 390 390 390 389 389 389 389 388 388 388 388 391 391 391 391 390 390 390 390 388 388 388 388 392 392 392 392 390 390 390 390 391 391 391 391 393 393 393 393 392 392 392 392 391 391 391 391 394 394 394 394 392 392 392 392 393 393 393 393 395 395 395 395 394 394 394 394 393 393 393 393 396 396 396 396 394 394 394 394 395 395 395 395 397 397 397 397 396 396 396 396 395 395 395 395 397 397 397 397 398 398 398 398 396 396 396 396 398 398 398 398 399 399 399 399 396 396 396 396 399 399 399 399 398 398 398 398 400 400 400 400 401 401 401 401 399 399 399 399 400 400 400 400 402 402 402 402 403 403 403 403 404 404 404 404 403 403 403 403 405 405 405 405 404 404 404 404 404 404 404 404 405 405 405 405 406 406 406 406 405 405 405 405 407 407 407 407 406 406 406 406 408 408 408 408 409 409 409 409 410 410 410 410 408 408 408 408 410 410 410 410 411 411 411 411 410 410 410 410 412 412 412 412 411 411 411 411 413 413 413 413 414 414 414 414 415 415 415 415 414 414 414 414 416 416 416 416 415 415 415 415 417 417 417 417 415 415 415 415 416 416 416 416 418 418 418 418 417 417 417 417 416 416 416 416 419 419 419 419 417 417 417 417 418 418 418 418 420 420 420 420 419 419 419 419 418 418 418 418 421 421 421 421 419 419 419 419 420 420 420 420 422 422 422 422 421 421 421 421 420 420 420 420 423 423 423 423 421 421 421 421 422 422 422 422 424 424 424 424 423 423 423 423 422 422 422 422 425 425 425 425 423 423 423 423 424 424 424 424 426 426 426 426 425 425 425 425 424 424 424 424 427 427 427 427 425 425 425 425 426 426 426 426 428 428 428 428 427 427 427 427 426 426 426 426 428 428 428 428 426 426 426 426 429 429 429 429 426 426 426 426 430 430 430 430 429 429 429 429 426 426 426 426 431 431 431 431 430 430 430 430 428 428 428 428 429 429 429 429 432 432 432 432 431 431 431 431 433 433 433 433 430 430 430 430 431 431 431 431 434 434 434 434 433 433 433 433 434 434 434 434 435 435 435 435 433 433 433 433 434 434 434 434 436 436 436 436 435 435 435 435 436 436 436 436 437 437 437 437 435 435 435 435 436 436 436 436 438 438 438 438 437 437 437 437 438 438 438 438 439 439 439 439 437 437 437 437 439 439 439 439 438 438 438 438 440 440 440 440 438 438 438 438 441 441 441 441 440 440 440 440 442 442 442 442 440 440 440 440 441 441 441 441 443 443 443 443 442 442 442 442 441 441 441 441 444 444 444 444 442 442 442 442 443 443 443 443 445 445 445 445 444 444 444 444 443 443 443 443 444 444 444 444 445 445 445 445 446 446 446 446 445 445 445 445 447 447 447 447 446 446 446 446 447 447 447 447 448 448 448 448 446 446 446 446 448 448 448 448 449 449 449 449 446 446 446 446 450 450 450 450 449 449 449 449 448 448 448 448 451 451 451 451 450 450 450 450 448 448 448 448 452 452 452 452 450 450 450 450 451 451 451 451 453 453 453 453 452 452 452 452 451 451 451 451 454 454 454 454 452 452 452 452 453 453 453 453 455 455 455 455 454 454 454 454 453 453 453 453 456 456 456 456 454 454 454 454 455 455 455 455 457 457 457 457 456 456 456 456 455 455 455 455 457 457 457 457 458 458 458 458 456 456 456 456 458 458 458 458 459 459 459 459 456 456 456 456 458 458 458 458 460 460 460 460 459 459 459 459 460 460 460 460 461 461 461 461 459 459 459 459 460 460 460 460 462 462 462 462 461 461 461 461 459 459 459 459 461 461 461 461 463 463 463 463 463 463 463 463 464 464 464 464 459 459 459 459 461 461 461 461 465 465 465 465 463 463 463 463 464 464 464 464 466 466 466 466 459 459 459 459 467 467 467 467 465 465 465 465 461 461 461 461 466 466 466 466 464 464 464 464 468 468 468 468 464 464 464 464 469 469 469 469 468 468 468 468 468 468 468 468 469 469 469 469 470 470 470 470 469 469 469 469 471 471 471 471 470 470 470 470 471 471 471 471 472 472 472 472 470 470 470 470 472 472 472 472 473 473 473 473 470 470 470 470 473 473 473 473 472 472 472 472 474 474 474 474 472 472 472 472 475 475 475 475 474 474 474 474 474 474 474 474 475 475 475 475 476 476 476 476 475 475 475 475 477 477 477 477 476 476 476 476 476 476 476 476 477 477 477 477 478 478 478 478 477 477 477 477 479 479 479 479 478 478 478 478 478 478 478 478 479 479 479 479 480 480 480 480 479 479 479 479 481 481 481 481 480 480 480 480 480 480 480 480 481 481 481 481 482 482 482 482 479 479 479 479 483 483 483 483 481 481 481 481 484 484 484 484 483 483 483 483 479 479 479 479 485 485 485 485 484 484 484 484 479 479 479 479 483 483 483 483 486 486 486 486 481 481 481 481 485 485 485 485 487 487 487 487 484 484 484 484 487 487 487 487 488 488 488 488 484 484 484 484 487 487 487 487 489 489 489 489 488 488 488 488 489 489 489 489 490 490 490 490 488 488 488 488 489 489 489 489 491 491 491 491 490 490 490 490 491 491 491 491 492 492 492 492 490 490 490 490 491 491 491 491 493 493 493 493 492 492 492 492 493 493 493 493 494 494 494 494 492 492 492 492 493 493 493 493 495 495 495 495 494 494 494 494 495 495 495 495 496 496 496 496 494 494 494 494 495 495 495 495 497 497 497 497 496 496 496 496 497 497 497 497 498 498 498 498 496 496 496 496 497 497 497 497 499 499 499 499 498 498 498 498 499 499 499 499 500 500 500 500 498 498 498 498 499 499 499 499 501 501 501 501 500 500 500 500 501 501 501 501 502 502 502 502 500 500 500 500 501 501 501 501 503 503 503 503 502 502 502 502 503 503 503 503 504 504 504 504 502 502 502 502 503 503 503 503 505 505 505 505 504 504 504 504 505 505 505 505 506 506 506 506 504 504 504 504 505 505 505 505 507 507 507 507 506 506 506 506 507 507 507 507 508 508 508 508 506 506 506 506 507 507 507 507 509 509 509 509 508 508 508 508 509 509 509 509 510 510 510 510 508 508 508 508 509 509 509 509 511 511 511 511 510 510 510 510 511 511 511 511 512 512 512 512 510 510 510 510 511 511 511 511 513 513 513 513 512 512 512 512 513 513 513 513 514 514 514 514 512 512 512 512 513 513 513 513 515 515 515 515 514 514 514 514 515 515 515 515 516 516 516 516 514 514 514 514 515 515 515 515 517 517 517 517 516 516 516 516 517 517 517 517 518 518 518 518 516 516 516 516 517 517 517 517 482 482 482 482 518 518 518 518 482 482 482 482 519 519 519 519 518 518 518 518 481 481 481 481 519 519 519 519 482 482 482 482 481 481 481 481 486 486 486 486 519 519 519 519 486 486 486 486 520 520 520 520 519 519 519 519 519 519 519 519 520 520 520 520 518 518 518 518 520 520 520 520 521 521 521 521 518 518 518 518 518 518 518 518 521 521 521 521 522 522 522 522 521 521 521 521 523 523 523 523 522 522 522 522 524 524 524 524 525 525 525 525 526 526 526 526 524 524 524 524 526 526 526 526 527 527 527 527 526 526 526 526 528 528 528 528 527 527 527 527 527 527 527 527 528 528 528 528 529 529 529 529 528 528 528 528 530 530 530 530 529 529 529 529 529 529 529 529 530 530 530 530 531 531 531 531 530 530 530 530 532 532 532 532 531 531 531 531 531 531 531 531 532 532 532 532 533 533 533 533 532 532 532 532 534 534 534 534 533 533 533 533 533 533 533 533 534 534 534 534 535 535 535 535 534 534 534 534 536 536 536 536 535 535 535 535 535 535 535 535 536 536 536 536 537 537 537 537 536 536 536 536 538 538 538 538 537 537 537 537 537 537 537 537 538 538 538 538 539 539 539 539 540 540 540 540 537 537 537 537 539 539 539 539 540 540 540 540 539 539 539 539 541 541 541 541 542 542 542 542 540 540 540 540 541 541 541 541 542 542 542 542 541 541 541 541 543 543 543 543 544 544 544 544 542 542 542 542 543 543 543 543 544 544 544 544 543 543 543 543 545 545 545 545 546 546 546 546 544 544 544 544 545 545 545 545 546 546 546 546 545 545 545 545 547 547 547 547 548 548 548 548 546 546 546 546 547 547 547 547 548 548 548 548 547 547 547 547 549 549 549 549 550 550 550 550 548 548 548 548 549 549 549 549 550 550 550 550 549 549 549 549 551 551 551 551 552 552 552 552 550 550 550 550 551 551 551 551 551 551 551 551 553 553 553 553 552 552 552 552 553 553 553 553 554 554 554 554 552 552 552 552 553 553 553 553 555 555 555 555 554 554 554 554 555 555 555 555 556 556 556 556 554 554 554 554 556 556 556 556 555 555 555 555 557 557 557 557 558 558 558 558 556 556 556 556 557 557 557 557 558 558 558 558 557 557 557 557 559 559 559 559 560 560 560 560 558 558 558 558 559 559 559 559 560 560 560 560 559 559 559 559 561 561 561 561 559 559 559 559 562 562 562 562 561 561 561 561 561 561 561 561 562 562 562 562 563 563 563 563 562 562 562 562 564 564 564 564 563 563 563 563 565 565 565 565 563 563 563 563 564 564 564 564 566 566 566 566 567 567 567 567 568 568 568 568 567 567 567 567 569 569 569 569 568 568 568 568 569 569 569 569 570 570 570 570 568 568 568 568 569 569 569 569 571 571 571 571 570 570 570 570 571 571 571 571 572 572 572 572 570 570 570 570 571 571 571 571 573 573 573 573 572 572 572 572 573 573 573 573 574 574 574 574 572 572 572 572 573 573 573 573 575 575 575 575 574 574 574 574 575 575 575 575 576 576 576 576 574 574 574 574 575 575 575 575 577 577 577 577 576 576 576 576 577 577 577 577 578 578 578 578 576 576 576 576 578 578 578 578 577 577 577 577 579 579 579 579 580 580 580 580 578 578 578 578 579 579 579 579 580 580 580 580 579 579 579 579 581 581 581 581 579 579 579 579 582 582 582 582 581 581 581 581 581 581 581 581 582 582 582 582 583 583 583 583 582 582 582 582 584 584 584 584 583 583 583 583 583 583 583 583 584 584 584 584 585 585 585 585 584 584 584 584 586 586 586 586 585 585 585 585 585 585 585 585 586 586 586 586 587 587 587 587 586 586 586 586 588 588 588 588 587 587 587 587 587 587 587 587 588 588 588 588 589 589 589 589 588 588 588 588 590 590 590 590 589 589 589 589 589 589 589 589 590 590 590 590 591 591 591 591 590 590 590 590 592 592 592 592 591 591 591 591 591 591 591 591 592 592 592 592 593 593 593 593 592 592 592 592 594 594 594 594 593 593 593 593 593 593 593 593 594 594 594 594 595 595 595 595 594 594 594 594 596 596 596 596 595 595 595 595 595 595 595 595 596 596 596 596 597 597 597 597 596 596 596 596 598 598 598 598 597 597 597 597 597 597 597 597 598 598 598 598 599 599 599 599 598 598 598 598 600 600 600 600 599 599 599 599 599 599 599 599 600 600 600 600 601 601 601 601 600 600 600 600 602 602 602 602 601 601 601 601 601 601 601 601 602 602 602 602 603 603 603 603 602 602 602 602 604 604 604 604 603 603 603 603 605 605 605 605 606 606 606 606 607 607 607 607 608 608 608 608 605 605 605 605 607 607 607 607 608 608 608 608 607 607 607 607 609 609 609 609 610 610 610 610 608 608 608 608 609 609 609 609 610 610 610 610 609 609 609 609 611 611 611 611 612 612 612 612 610 610 610 610 611 611 611 611 612 612 612 612 611 611 611 611 613 613 613 613 614 614 614 614 612 612 612 612 613 613 613 613 614 614 614 614 613 613 613 613 615 615 615 615 616 616 616 616 614 614 614 614 615 615 615 615 616 616 616 616 615 615 615 615 617 617 617 617 618 618 618 618 616 616 616 616 617 617 617 617 618 618 618 618 617 617 617 617 619 619 619 619 620 620 620 620 618 618 618 618 619 619 619 619 620 620 620 620 619 619 619 619 621 621 621 621 622 622 622 622 620 620 620 620 621 621 621 621 622 622 622 622 621 621 621 621 623 623 623 623 624 624 624 624 622 622 622 622 623 623 623 623 624 624 624 624 623 623 623 623 625 625 625 625 626 626 626 626 624 624 624 624 625 625 625 625 626 626 626 626 625 625 625 625 627 627 627 627 628 628 628 628 626 626 626 626 627 627 627 627 628 628 628 628 627 627 627 627 629 629 629 629 630 630 630 630 628 628 628 628 629 629 629 629 630 630 630 630 629 629 629 629 631 631 631 631 632 632 632 632 630 630 630 630 631 631 631 631 632 632 632 632 631 631 631 631 633 633 633 633 634 634 634 634 632 632 632 632 633 633 633 633 634 634 634 634 633 633 633 633 635 635 635 635 636 636 636 636 634 634 634 634 635 635 635 635 636 636 636 636 635 635 635 635 637 637 637 637 638 638 638 638 636 636 636 636 637 637 637 637 638 638 638 638 637 637 637 637 639 639 639 639 640 640 640 640 638 638 638 638 639 639 639 639 640 640 640 640 639 639 639 639 641 641 641 641 642 642 642 642 640 640 640 640 641 641 641 641 642 642 642 642 641 641 641 641 643 643 643 643 643 643 643 643 641 641 641 641 644 644 644 644 641 641 641 641 645 645 645 645 644 644 644 644 646 646 646 646 647 647 647 647 648 648 648 648 649 649 649 649 646 646 646 646 648 648 648 648 649 649 649 649 648 648 648 648 650 650 650 650 651 651 651 651 649 649 649 649 650 650 650 650 651 651 651 651 650 650 650 650 652 652 652 652 653 653 653 653 651 651 651 651 652 652 652 652 653 653 653 653 652 652 652 652 654 654 654 654 652 652 652 652 655 655 655 655 654 654 654 654 654 654 654 654 655 655 655 655 656 656 656 656 657 657 657 657 654 654 654 654 656 656 656 656 657 657 657 657 656 656 656 656 658 658 658 658 656 656 656 656 659 659 659 659 658 658 658 658 658 658 658 658 659 659 659 659 660 660 660 660 661 661 661 661 658 658 658 658 660 660 660 660 661 661 661 661 660 660 660 660 662 662 662 662 660 660 660 660 663 663 663 663 662 662 662 662 662 662 662 662 663 663 663 663 664 664 664 664 665 665 665 665 662 662 662 662 664 664 664 664 665 665 665 665 664 664 664 664 666 666 666 666 664 664 664 664 667 667 667 667 666 666 666 666 666 666 666 666 667 667 667 667 668 668 668 668 669 669 669 669 666 666 666 666 668 668 668 668 669 669 669 669 668 668 668 668 670 670 670 670 671 671 671 671 669 669 669 669 670 670 670 670 671 671 671 671 670 670 670 670 672 672 672 672 670 670 670 670 673 673 673 673 672 672 672 672 674 674 674 674 672 672 672 672 673 673 673 673 672 672 672 672 674 674 674 674 675 675 675 675 676 676 676 676 677 677 677 677 678 678 678 678 679 679 679 679 676 676 676 676 678 678 678 678 679 679 679 679 678 678 678 678 680 680 680 680 681 681 681 681 679 679 679 679 680 680 680 680 681 681 681 681 680 680 680 680 682 682 682 682 683 683 683 683 681 681 681 681 682 682 682 682 683 683 683 683 682 682 682 682 684 684 684 684 685 685 685 685 683 683 683 683 684 684 684 684 685 685 685 685 684 684 684 684 686 686 686 686 687 687 687 687 685 685 685 685 686 686 686 686 687 687 687 687 686 686 686 686 688 688 688 688 689 689 689 689 687 687 687 687 688 688 688 688 689 689 689 689 688 688 688 688 690 690 690 690 691 691 691 691 689 689 689 689 690 690 690 690 691 691 691 691 690 690 690 690 692 692 692 692 693 693 693 693 691 691 691 691 692 692 692 692 693 693 693 693 692 692 692 692 694 694 694 694 695 695 695 695 693 693 693 693 694 694 694 694 695 695 695 695 694 694 694 694 696 696 696 696 697 697 697 697 695 695 695 695 696 696 696 696 697 697 697 697 696 696 696 696 698 698 698 698 699 699 699 699 697 697 697 697 698 698 698 698 699 699 699 699 698 698 698 698 700 700 700 700 701 701 701 701 699 699 699 699 700 700 700 700 701 701 701 701 700 700 700 700 702 702 702 702 703 703 703 703 701 701 701 701 702 702 702 702 704 704 704 704 703 703 703 703 702 702 702 702 705 705 705 705 706 706 706 706 707 707 707 707 708 708 708 708 705 705 705 705 707 707 707 707 708 708 708 708 707 707 707 707 709 709 709 709 710 710 710 710 708 708 708 708 709 709 709 709 710 710 710 710 709 709 709 709 711 711 711 711 712 712 712 712 710 710 710 710 711 711 711 711 712 712 712 712 711 711 711 711 713 713 713 713 714 714 714 714 712 712 712 712 713 713 713 713 714 714 714 714 713 713 713 713 715 715 715 715 716 716 716 716 714 714 714 714 715 715 715 715 716 716 716 716 715 715 715 715 717 717 717 717 718 718 718 718 716 716 716 716 717 717 717 717 718 718 718 718 717 717 717 717 719 719 719 719 720 720 720 720 718 718 718 718 719 719 719 719 720 720 720 720 719 719 719 719 721 721 721 721 722 722 722 722 720 720 720 720 721 721 721 721 722 722 722 722 721 721 721 721 723 723 723 723 724 724 724 724 722 722 722 722 723 723 723 723 724 724 724 724 723 723 723 723 725 725 725 725 726 726 726 726 724 724 724 724 725 725 725 725 726 726 726 726 725 725 725 725 727 727 727 727 728 728 728 728 726 726 726 726 727 727 727 727 728 728 728 728 727 727 727 727 729 729 729 729 730 730 730 730 728 728 728 728 729 729 729 729 730 730 730 730 729 729 729 729 731 731 731 731 732 732 732 732 730 730 730 730 731 731 731 731 732 732 732 732 731 731 731 731 733 733 733 733 734 734 734 734 732 732 732 732 733 733 733 733 734 734 734 734 733 733 733 733 735 735 735 735 736 736 736 736 734 734 734 734 735 735 735 735 736 736 736 736 735 735 735 735 737 737 737 737 738 738 738 738 736 736 736 736 737 737 737 737 738 738 738 738 737 737 737 737 739 739 739 739 740 740 740 740 738 738 738 738 739 739 739 739 740 740 740 740 739 739 739 739 741 741 741 741 742 742 742 742 740 740 740 740 741 741 741 741 743 743 743 743 744 744 744 744 745 745 745 745 746 746 746 746 743 743 743 743 745 745 745 745 746 746 746 746 745 745 745 745 747 747 747 747 748 748 748 748 746 746 746 746 747 747 747 747 748 748 748 748 747 747 747 747 749 749 749 749 750 750 750 750 748 748 748 748 749 749 749 749 750 750 750 750 749 749 749 749 751 751 751 751 752 752 752 752 750 750 750 750 751 751 751 751 752 752 752 752 751 751 751 751 753 753 753 753 754 754 754 754 752 752 752 752 753 753 753 753 754 754 754 754 753 753 753 753 755 755 755 755 756 756 756 756 754 754 754 754 755 755 755 755 756 756 756 756 755 755 755 755 757 757 757 757 758 758 758 758 756 756 756 756 757 757 757 757 758 758 758 758 757 757 757 757 759 759 759 759 760 760 760 760 758 758 758 758 759 759 759 759 760 760 760 760 759 759 759 759 761 761 761 761 762 762 762 762 760 760 760 760 761 761 761 761 762 762 762 762 761 761 761 761 763 763 763 763 764 764 764 764 762 762 762 762 763 763 763 763 764 764 764 764 763 763 763 763 765 765 765 765 766 766 766 766 764 764 764 764 765 765 765 765 766 766 766 766 765 765 765 765 767 767 767 767 768 768 768 768 766 766 766 766 767 767 767 767 768 768 768 768 767 767 767 767 769 769 769 769 770 770 770 770 768 768 768 768 769 769 769 769 770 770 770 770 769 769 769 769 771 771 771 771 772 772 772 772 770 770 770 770 771 771 771 771 772 772 772 772 771 771 771 771 773 773 773 773 774 774 774 774 772 772 772 772 773 773 773 773 774 774 774 774 773 773 773 773 775 775 775 775 776 776 776 776 774 774 774 774 775 775 775 775 776 776 776 776 775 775 775 775 777 777 777 777 778 778 778 778 776 776 776 776 777 777 777 777 778 778 778 778 777 777 777 777 779 779 779 779 780 780 780 780 778 778 778 778 779 779 779 779 780 780 780 780 779 779 779 779 781 781 781 781 782 782 782 782 780 780 780 780 781 781 781 781 782 782 782 782 781 781 781 781 783 783 783 783 784 784 784 784 782 782 782 782 783 783 783 783 785 785 785 785 786 786 786 786 787 787 787 787 788 788 788 788 785 785 785 785 787 787 787 787 788 788 788 788 787 787 787 787 789 789 789 789 790 790 790 790 788 788 788 788 789 789 789 789 790 790 790 790 789 789 789 789 791 791 791 791 792 792 792 792 790 790 790 790 791 791 791 791 792 792 792 792 791 791 791 791 793 793 793 793 794 794 794 794 792 792 792 792 793 793 793 793 794 794 794 794 793 793 793 793 795 795 795 795 796 796 796 796 794 794 794 794 795 795 795 795 796 796 796 796 795 795 795 795 797 797 797 797 798 798 798 798 796 796 796 796 797 797 797 797 798 798 798 798 797 797 797 797 799 799 799 799 800 800 800 800 798 798 798 798 799 799 799 799 800 800 800 800 799 799 799 799 801 801 801 801 802 802 802 802 800 800 800 800 801 801 801 801 802 802 802 802 801 801 801 801 803 803 803 803 804 804 804 804 802 802 802 802 803 803 803 803 804 804 804 804 803 803 803 803 805 805 805 805 806 806 806 806 804 804 804 804 805 805 805 805 806 806 806 806 805 805 805 805 807 807 807 807 808 808 808 808 806 806 806 806 807 807 807 807 808 808 808 808 807 807 807 807 809 809 809 809 810 810 810 810 808 808 808 808 809 809 809 809 810 810 810 810 809 809 809 809 811 811 811 811 812 812 812 812 810 810 810 810 811 811 811 811 812 812 812 812 811 811 811 811 813 813 813 813 814 814 814 814 812 812 812 812 813 813 813 813 814 814 814 814 813 813 813 813 815 815 815 815 816 816 816 816 814 814 814 814 815 815 815 815 816 816 816 816 815 815 815 815 817 817 817 817 818 818 818 818 816 816 816 816 817 817 817 817 818 818 818 818 817 817 817 817 819 819 819 819 820 820 820 820 818 818 818 818 819 819 819 819 820 820 820 820 819 819 819 819 821 821 821 821 822 822 822 822 820 820 820 820 821 821 821 821 822 822 822 822 821 821 821 821 823 823 823 823 824 824 824 824 822 822 822 822 823 823 823 823 824 824 824 824 823 823 823 823 825 825 825 825 826 826 826 826 824 824 824 824 825 825 825 825 827 827 827 827 828 828 828 828 829 829 829 829 830 830 830 830 827 827 827 827 829 829 829 829 830 830 830 830 829 829 829 829 831 831 831 831 832 832 832 832 830 830 830 830 831 831 831 831 832 832 832 832 831 831 831 831 833 833 833 833 834 834 834 834 832 832 832 832 833 833 833 833 834 834 834 834 833 833 833 833 835 835 835 835 836 836 836 836 834 834 834 834 835 835 835 835 836 836 836 836 835 835 835 835 837 837 837 837 838 838 838 838 836 836 836 836 837 837 837 837 838 838 838 838 837 837 837 837 839 839 839 839 840 840 840 840 838 838 838 838 839 839 839 839 840 840 840 840 839 839 839 839 841 841 841 841 842 842 842 842 840 840 840 840 841 841 841 841 842 842 842 842 841 841 841 841 843 843 843 843 844 844 844 844 842 842 842 842 843 843 843 843 844 844 844 844 843 843 843 843 845 845 845 845 846 846 846 846 844 844 844 844 845 845 845 845 846 846 846 846 845 845 845 845 847 847 847 847 848 848 848 848 846 846 846 846 847 847 847 847 848 848 848 848 847 847 847 847 849 849 849 849 850 850 850 850 848 848 848 848 849 849 849 849 850 850 850 850 849 849 849 849 851 851 851 851 852 852 852 852 850 850 850 850 851 851 851 851 852 852 852 852 851 851 851 851 853 853 853 853 854 854 854 854 852 852 852 852 853 853 853 853 854 854 854 854 853 853 853 853 855 855 855 855 856 856 856 856 854 854 854 854 855 855 855 855 856 856 856 856 855 855 855 855 857 857 857 857 858 858 858 858 856 856 856 856 857 857 857 857 858 858 858 858 857 857 857 857 859 859 859 859 860 860 860 860 858 858 858 858 859 859 859 859 860 860 860 860 859 859 859 859 861 861 861 861 862 862 862 862 860 860 860 860 861 861 861 861 862 862 862 862 861 861 861 861 863 863 863 863 864 864 864 864 862 862 862 862 863 863 863 863 864 864 864 864 863 863 863 863 865 865 865 865 866 866 866 866 864 864 864 864 865 865 865 865 866 866 866 866 865 865 865 865 867 867 867 867 868 868 868 868 866 866 866 866 867 867 867 867 869 869 869 869 870 870 870 870 871 871 871 871 871 871 871 871 870 870 870 870 872 872 872 872 873 873 873 873 871 871 871 871 872 872 872 872 874 874 874 874 873 873 873 873 872 872 872 872 875 875 875 875 874 874 874 874 872 872 872 872 876 876 876 876 874 874 874 874 875 875 875 875 877 877 877 877 876 876 876 876 875 875 875 875 876 876 876 876 877 877 877 877 878 878 878 878 877 877 877 877 879 879 879 879 878 878 878 878 878 878 878 878 879 879 879 879 880 880 880 880 879 879 879 879 881 881 881 881 880 880 880 880 880 880 880 880 881 881 881 881 882 882 882 882 881 881 881 881 883 883 883 883 882 882 882 882 884 884 884 884 882 882 882 882 883 883 883 883 885 885 885 885 884 884 884 884 883 883 883 883 885 885 885 885 886 886 886 886 884 884 884 884 886 886 886 886 887 887 887 887 884 884 884 884 886 886 886 886 888 888 888 888 887 887 887 887 888 888 888 888 889 889 889 889 887 887 887 887 889 889 889 889 888 888 888 888 890 890 890 890 888 888 888 888 891 891 891 891 890 890 890 890 890 890 890 890 891 891 891 891 892 892 892 892 891 891 891 891 893 893 893 893 892 892 892 892 892 892 892 892 893 893 893 893 894 894 894 894 895 895 895 895 892 892 892 892 894 894 894 894 895 895 895 895 894 894 894 894 896 896 896 896 897 897 897 897 895 895 895 895 896 896 896 896 897 897 897 897 896 896 896 896 898 898 898 898 896 896 896 896 899 899 899 899 898 898 898 898 899 899 899 899 900 900 900 900 898 898 898 898 900 900 900 900 901 901 901 901 898 898 898 898 901 901 901 901 900 900 900 900 902 902 902 902 900 900 900 900 903 903 903 903 902 902 902 902 904 904 904 904 902 902 902 902 903 903 903 903 905 905 905 905 904 904 904 904 903 903 903 903 904 904 904 904 905 905 905 905 906 906 906 906 907 907 907 907 904 904 904 904 906 906 906 906 907 907 907 907 906 906 906 906 908 908 908 908 909 909 909 909 907 907 907 907 908 908 908 908 909 909 909 909 908 908 908 908 910 910 910 910 908 908 908 908 911 911 911 911 910 910 910 910 910 910 910 910 911 911 911 911 912 912 912 912 913 913 913 913 910 910 910 910 912 912 912 912 913 913 913 913 912 912 912 912 914 914 914 914 915 915 915 915 913 913 913 913 914 914 914 914 915 915 915 915 914 914 914 914 916 916 916 916 917 917 917 917 915 915 915 915 916 916 916 916 917 917 917 917 916 916 916 916 918 918 918 918 919 919 919 919 917 917 917 917 918 918 918 918 919 919 919 919 918 918 918 918 920 920 920 920 921 921 921 921 919 919 919 919 920 920 920 920 921 921 921 921 920 920 920 920 922 922 922 922 923 923 923 923 921 921 921 921 922 922 922 922 923 923 923 923 922 922 922 922 924 924 924 924 925 925 925 925 923 923 923 923 924 924 924 924 925 925 925 925 924 924 924 924 926 926 926 926 924 924 924 924 927 927 927 927 926 926 926 926 926 926 926 926 927 927 927 927 928 928 928 928 927 927 927 927 929 929 929 929 928 928 928 928 928 928 928 928 929 929 929 929 930 930 930 930 929 929 929 929 931 931 931 931 930 930 930 930 930 930 930 930 931 931 931 931 932 932 932 932 931 931 931 931 933 933 933 933 932 932 932 932 932 932 932 932 933 933 933 933 934 934 934 934 933 933 933 933 935 935 935 935 934 934 934 934 934 934 934 934 935 935 935 935 936 936 936 936 937 937 937 937 934 934 934 934 936 936 936 936 937 937 937 937 936 936 936 936 938 938 938 938 936 936 936 936 939 939 939 939 938 938 938 938 938 938 938 938 939 939 939 939 940 940 940 940 941 941 941 941 938 938 938 938 940 940 940 940 941 941 941 941 940 940 940 940 942 942 942 942 940 940 940 940 943 943 943 943 942 942 942 942 944 944 944 944 942 942 942 942 943 943 943 943 945 945 945 945 944 944 944 944 943 943 943 943 946 946 946 946 944 944 944 944 945 945 945 945 947 947 947 947 946 946 946 946 945 945 945 945 946 946 946 946 947 947 947 947 948 948 948 948 949 949 949 949 946 946 946 946 948 948 948 948 950 950 950 950 949 949 949 949 948 948 948 948 951 951 951 951 950 950 950 950 948 948 948 948 952 952 952 952 950 950 950 950 951 951 951 951 953 953 953 953 952 952 952 952 951 951 951 951 954 954 954 954 952 952 952 952 953 953 953 953 955 955 955 955 954 954 954 954 953 953 953 953 956 956 956 956 954 954 954 954 955 955 955 955 957 957 957 957 956 956 956 956 955 955 955 955 958 958 958 958 956 956 956 956 957 957 957 957 959 959 959 959 958 958 958 958 957 957 957 957 960 960 960 960 958 958 958 958 959 959 959 959 961 961 961 961 960 960 960 960 959 959 959 959 962 962 962 962 960 960 960 960 961 961 961 961 963 963 963 963 962 962 962 962 961 961 961 961 962 962 962 962 963 963 963 963 964 964 964 964 963 963 963 963 965 965 965 965 964 964 964 964 964 964 964 964 965 965 965 965 966 966 966 966 967 967 967 967 964 964 964 964 966 966 966 966 967 967 967 967 966 966 966 966 968 968 968 968 969 969 969 969 967 967 967 967 968 968 968 968 969 969 969 969 968 968 968 968 970 970 970 970 971 971 971 971 969 969 969 969 970 970 970 970 971 971 971 971 970 970 970 970 972 972 972 972 973 973 973 973 971 971 971 971 972 972 972 972 973 973 973 973 972 972 972 972 974 974 974 974 975 975 975 975 973 973 973 973 974 974 974 974 975 975 975 975 974 974 974 974 976 976 976 976 977 977 977 977 975 975 975 975 976 976 976 976 977 977 977 977 976 976 976 976 978 978 978 978 976 976 976 976 979 979 979 979 978 978 978 978 980 980 980 980 981 981 981 981 982 982 982 982 983 983 983 983 980 980 980 980 982 982 982 982 983 983 983 983 982 982 982 982 984 984 984 984 985 985 985 985 983 983 983 983 984 984 984 984 984 984 984 984 986 986 986 986 985 985 985 985 986 986 986 986 987 987 987 987 985 985 985 985 987 987 987 987 986 986 986 986 988 988 988 988 986 986 986 986 989 989 989 989 988 988 988 988 990 990 990 990 988 988 988 988 989 989 989 989 991 991 991 991 990 990 990 990 989 989 989 989 991 991 991 991 992 992 992 992 990 990 990 990 992 992 992 992 993 993 993 993 990 990 990 990 992 992 992 992 994 994 994 994 993 993 993 993 994 994 994 994 995 995 995 995 993 993 993 993 995 995 995 995 994 994 994 994 996 996 996 996 994 994 994 994 997 997 997 997 996 996 996 996 996 996 996 996 997 997 997 997 998 998 998 998 997 997 997 997 999 999 999 999 998 998 998 998 998 998 998 998 999 999 999 999 1000 1000 1000 1000 999 999 999 999 1001 1001 1001 1001 1000 1000 1000 1000 1000 1000 1000 1000 1001 1001 1001 1001 1002 1002 1002 1002 1003 1003 1003 1003 1000 1000 1000 1000 1002 1002 1002 1002 1003 1003 1003 1003 1002 1002 1002 1002 1004 1004 1004 1004 1005 1005 1005 1005 1003 1003 1003 1003 1004 1004 1004 1004 1005 1005 1005 1005 1004 1004 1004 1004 1006 1006 1006 1006 1007 1007 1007 1007 1005 1005 1005 1005 1006 1006 1006 1006 1007 1007 1007 1007 1006 1006 1006 1006 1008 1008 1008 1008 1009 1009 1009 1009 1007 1007 1007 1007 1008 1008 1008 1008 1009 1009 1009 1009 1008 1008 1008 1008 1010 1010 1010 1010 1008 1008 1008 1008 1011 1011 1011 1011 1010 1010 1010 1010 1012 1012 1012 1012 1010 1010 1010 1010 1011 1011 1011 1011 1013 1013 1013 1013 1012 1012 1012 1012 1011 1011 1011 1011 1014 1014 1014 1014 1012 1012 1012 1012 1013 1013 1013 1013 1015 1015 1015 1015 1014 1014 1014 1014 1013 1013 1013 1013 1016 1016 1016 1016 1014 1014 1014 1014 1015 1015 1015 1015 1017 1017 1017 1017 1016 1016 1016 1016 1015 1015 1015 1015 1016 1016 1016 1016 1017 1017 1017 1017 1018 1018 1018 1018 1019 1019 1019 1019 1016 1016 1016 1016 1018 1018 1018 1018 1019 1019 1019 1019 1018 1018 1018 1018 1020 1020 1020 1020 1021 1021 1021 1021 1019 1019 1019 1019 1020 1020 1020 1020 1022 1022 1022 1022 1023 1023 1023 1023 1024 1024 1024 1024 1025 1025 1025 1025 1022 1022 1022 1022 1024 1024 1024 1024 1026 1026 1026 1026 1022 1022 1022 1022 1025 1025 1025 1025 1027 1027 1027 1027 1026 1026 1026 1026 1025 1025 1025 1025 1027 1027 1027 1027 1028 1028 1028 1028 1026 1026 1026 1026 1028 1028 1028 1028 1029 1029 1029 1029 1026 1026 1026 1026 1030 1030 1030 1030 1031 1031 1031 1031 1032 1032 1032 1032 1033 1033 1033 1033 1030 1030 1030 1030 1032 1032 1032 1032 1034 1034 1034 1034 1030 1030 1030 1030 1033 1033 1033 1033 1035 1035 1035 1035 1034 1034 1034 1034 1033 1033 1033 1033 1035 1035 1035 1035 1036 1036 1036 1036 1034 1034 1034 1034 1036 1036 1036 1036 1037 1037 1037 1037 1034 1034 1034 1034 1038 1038 1038 1038 1039 1039 1039 1039 1040 1040 1040 1040 1041 1041 1041 1041 1038 1038 1038 1038 1040 1040 1040 1040 1042 1042 1042 1042 1038 1038 1038 1038 1041 1041 1041 1041 1043 1043 1043 1043 1042 1042 1042 1042 1041 1041 1041 1041 1043 1043 1043 1043 1044 1044 1044 1044 1042 1042 1042 1042 1044 1044 1044 1044 1045 1045 1045 1045 1042 1042 1042 1042 1046 1046 1046 1046 1047 1047 1047 1047 1048 1048 1048 1048 1047 1047 1047 1047 1049 1049 1049 1049 1048 1048 1048 1048 1047 1047 1047 1047 1050 1050 1050 1050 1049 1049 1049 1049 1050 1050 1050 1050 1051 1051 1051 1051 1049 1049 1049 1049 1050 1050 1050 1050 1052 1052 1052 1052 1051 1051 1051 1051 1052 1052 1052 1052 1053 1053 1053 1053 1051 1051 1051 1051 1052 1052 1052 1052 1054 1054 1054 1054 1053 1053 1053 1053 1054 1054 1054 1054 1055 1055 1055 1055 1053 1053 1053 1053 1054 1054 1054 1054 1056 1056 1056 1056 1055 1055 1055 1055 1056 1056 1056 1056 1057 1057 1057 1057 1055 1055 1055 1055 1056 1056 1056 1056 1058 1058 1058 1058 1057 1057 1057 1057 1058 1058 1058 1058 1059 1059 1059 1059 1057 1057 1057 1057 1058 1058 1058 1058 1060 1060 1060 1060 1059 1059 1059 1059 1060 1060 1060 1060 1061 1061 1061 1061 1059 1059 1059 1059 1060 1060 1060 1060 1062 1062 1062 1062 1061 1061 1061 1061 1062 1062 1062 1062 1063 1063 1063 1063 1061 1061 1061 1061 1063 1063 1063 1063 1062 1062 1062 1062 1064 1064 1064 1064 1062 1062 1062 1062 1065 1065 1065 1065 1064 1064 1064 1064 1064 1064 1064 1064 1065 1065 1065 1065 1066 1066 1066 1066 1065 1065 1065 1065 1067 1067 1067 1067 1066 1066 1066 1066 1066 1066 1066 1066 1067 1067 1067 1067 1068 1068 1068 1068 1067 1067 1067 1067 1069 1069 1069 1069 1068 1068 1068 1068 1068 1068 1068 1068 1069 1069 1069 1069 1070 1070 1070 1070 1069 1069 1069 1069 1071 1071 1071 1071 1070 1070 1070 1070 1070 1070 1070 1070 1071 1071 1071 1071 1072 1072 1072 1072 1071 1071 1071 1071 1073 1073 1073 1073 1072 1072 1072 1072 1072 1072 1072 1072 1073 1073 1073 1073 1074 1074 1074 1074 1073 1073 1073 1073 1075 1075 1075 1075 1074 1074 1074 1074 1074 1074 1074 1074 1075 1075 1075 1075 1076 1076 1076 1076 1075 1075 1075 1075 1077 1077 1077 1077 1076 1076 1076 1076 1076 1076 1076 1076 1077 1077 1077 1077 1078 1078 1078 1078 1077 1077 1077 1077 1079 1079 1079 1079 1078 1078 1078 1078 1078 1078 1078 1078 1079 1079 1079 1079 1080 1080 1080 1080 1079 1079 1079 1079 1081 1081 1081 1081 1080 1080 1080 1080 1080 1080 1080 1080 1081 1081 1081 1081 1082 1082 1082 1082 1081 1081 1081 1081 1083 1083 1083 1083 1082 1082 1082 1082 1082 1082 1082 1082 1083 1083 1083 1083 1084 1084 1084 1084 1083 1083 1083 1083 1085 1085 1085 1085 1084 1084 1084 1084 1085 1085 1085 1085 1086 1086 1086 1086 1084 1084 1084 1084 1086 1086 1086 1086 1087 1087 1087 1087 1084 1084 1084 1084 1088 1088 1088 1088 1089 1089 1089 1089 1090 1090 1090 1090 1089 1089 1089 1089 1088 1088 1088 1088 1091 1091 1091 1091 1092 1092 1092 1092 1089 1089 1089 1089 1091 1091 1091 1091 1093 1093 1093 1093 1094 1094 1094 1094 1095 1095 1095 1095 1093 1093 1093 1093 1095 1095 1095 1095 1096 1096 1096 1096 1097 1097 1097 1097 1093 1093 1093 1093 1096 1096 1096 1096 1097 1097 1097 1097 1096 1096 1096 1096 1098 1098 1098 1098 1099 1099 1099 1099 1097 1097 1097 1097 1098 1098 1098 1098 1099 1099 1099 1099 1098 1098 1098 1098 1100 1100 1100 1100 1101 1101 1101 1101 1099 1099 1099 1099 1100 1100 1100 1100 1102 1102 1102 1102 1101 1101 1101 1101 1100 1100 1100 1100 1101 1101 1101 1101 1102 1102 1102 1102 1103 1103 1103 1103 1102 1102 1102 1102 1104 1104 1104 1104 1103 1103 1103 1103 1105 1105 1105 1105 1106 1106 1106 1106 1107 1107 1107 1107 1106 1106 1106 1106 1108 1108 1108 1108 1107 1107 1107 1107 1106 1106 1106 1106 1109 1109 1109 1109 1108 1108 1108 1108 1109 1109 1109 1109 1110 1110 1110 1110 1108 1108 1108 1108 1111 1111 1111 1111 1110 1110 1110 1110 1109 1109 1109 1109 1112 1112 1112 1112 1111 1111 1111 1111 1109 1109 1109 1109 1112 1112 1112 1112 1113 1113 1113 1113 1111 1111 1111 1111 1113 1113 1113 1113 1114 1114 1114 1114 1111 1111 1111 1111 1113 1113 1113 1113 1115 1115 1115 1115 1114 1114 1114 1114 1115 1115 1115 1115 1116 1116 1116 1116 1114 1114 1114 1114 1115 1115 1115 1115 1117 1117 1117 1117 1116 1116 1116 1116 1117 1117 1117 1117 1118 1118 1118 1118 1116 1116 1116 1116 1117 1117 1117 1117 1119 1119 1119 1119 1118 1118 1118 1118 1119 1119 1119 1119 1120 1120 1120 1120 1118 1118 1118 1118 1119 1119 1119 1119 1121 1121 1121 1121 1120 1120 1120 1120 1121 1121 1121 1121 1122 1122 1122 1122 1120 1120 1120 1120 1121 1121 1121 1121 1123 1123 1123 1123 1122 1122 1122 1122 1123 1123 1123 1123 1124 1124 1124 1124 1122 1122 1122 1122 1123 1123 1123 1123 1125 1125 1125 1125 1124 1124 1124 1124 1125 1125 1125 1125 1126 1126 1126 1126 1124 1124 1124 1124 1125 1125 1125 1125 1127 1127 1127 1127 1126 1126 1126 1126 1127 1127 1127 1127 1128 1128 1128 1128 1126 1126 1126 1126 1127 1127 1127 1127 1129 1129 1129 1129 1128 1128 1128 1128 1129 1129 1129 1129 1130 1130 1130 1130 1128 1128 1128 1128 1130 1130 1130 1130 1129 1129 1129 1129 1131 1131 1131 1131 1129 1129 1129 1129 1132 1132 1132 1132 1131 1131 1131 1131 1131 1131 1131 1131 1132 1132 1132 1132 1133 1133 1133 1133 1134 1134 1134 1134 1131 1131 1131 1131 1133 1133 1133 1133 1134 1134 1134 1134 1133 1133 1133 1133 1135 1135 1135 1135 1133 1133 1133 1133 1136 1136 1136 1136 1135 1135 1135 1135 1135 1135 1135 1135 1136 1136 1136 1136 1137 1137 1137 1137 1136 1136 1136 1136 1138 1138 1138 1138 1137 1137 1137 1137 1137 1137 1137 1137 1138 1138 1138 1138 1139 1139 1139 1139 1138 1138 1138 1138 1140 1140 1140 1140 1139 1139 1139 1139 1141 1141 1141 1141 1139 1139 1139 1139 1140 1140 1140 1140 1142 1142 1142 1142 1141 1141 1141 1141 1140 1140 1140 1140 1143 1143 1143 1143 1141 1141 1141 1141 1142 1142 1142 1142 1144 1144 1144 1144 1143 1143 1143 1143 1142 1142 1142 1142 1143 1143 1143 1143 1144 1144 1144 1144 1145 1145 1145 1145 1146 1146 1146 1146 1143 1143 1143 1143 1145 1145 1145 1145 1146 1146 1146 1146 1147 1147 1147 1147 1143 1143 1143 1143 1148 1148 1148 1148 1149 1149 1149 1149 1150 1150 1150 1150 1149 1149 1149 1149 1148 1148 1148 1148 1151 1151 1151 1151 1152 1152 1152 1152 1149 1149 1149 1149 1151 1151 1151 1151 1152 1152 1152 1152 1151 1151 1151 1151 1153 1153 1153 1153 1154 1154 1154 1154 1152 1152 1152 1152 1153 1153 1153 1153 1154 1154 1154 1154 1153 1153 1153 1153 1155 1155 1155 1155 1156 1156 1156 1156 1154 1154 1154 1154 1155 1155 1155 1155 1156 1156 1156 1156 1155 1155 1155 1155 1157 1157 1157 1157 1158 1158 1158 1158 1156 1156 1156 1156 1157 1157 1157 1157 1158 1158 1158 1158 1157 1157 1157 1157 1159 1159 1159 1159 1160 1160 1160 1160 1158 1158 1158 1158 1159 1159 1159 1159 1160 1160 1160 1160 1159 1159 1159 1159 1161 1161 1161 1161 1162 1162 1162 1162 1160 1160 1160 1160 1161 1161 1161 1161 1163 1163 1163 1163 1164 1164 1164 1164 1165 1165 1165 1165 1164 1164 1164 1164 1166 1166 1166 1166 1165 1165 1165 1165 1164 1164 1164 1164 1167 1167 1167 1167 1166 1166 1166 1166 1167 1167 1167 1167 1168 1168 1168 1168 1166 1166 1166 1166 1167 1167 1167 1167 1169 1169 1169 1169 1168 1168 1168 1168 1169 1169 1169 1169 1170 1170 1170 1170 1168 1168 1168 1168 1170 1170 1170 1170 1169 1169 1169 1169 1171 1171 1171 1171 1169 1169 1169 1169 1172 1172 1172 1172 1171 1171 1171 1171 1171 1171 1171 1171 1172 1172 1172 1172 1173 1173 1173 1173 1172 1172 1172 1172 1174 1174 1174 1174 1173 1173 1173 1173 1173 1173 1173 1173 1174 1174 1174 1174 1175 1175 1175 1175 1174 1174 1174 1174 1176 1176 1176 1176 1175 1175 1175 1175 1175 1175 1175 1175 1176 1176 1176 1176 1177 1177 1177 1177 1176 1176 1176 1176 1178 1178 1178 1178 1177 1177 1177 1177 1177 1177 1177 1177 1178 1178 1178 1178 1179 1179 1179 1179 1178 1178 1178 1178 1180 1180 1180 1180 1179 1179 1179 1179 1179 1179 1179 1179 1180 1180 1180 1180 1181 1181 1181 1181 1180 1180 1180 1180 1182 1182 1182 1182 1181 1181 1181 1181 1181 1181 1181 1181 1183 1183 1183 1183 1179 1179 1179 1179 1183 1183 1183 1183 1184 1184 1184 1184 1179 1179 1179 1179 1184 1184 1184 1184 1185 1185 1185 1185 1179 1179 1179 1179 1186 1186 1186 1186 1183 1183 1183 1183 1181 1181 1181 1181 1185 1185 1185 1185 1187 1187 1187 1187 1179 1179 1179 1179 1185 1185 1185 1185 1188 1188 1188 1188 1187 1187 1187 1187 1188 1188 1188 1188 1189 1189 1189 1189 1187 1187 1187 1187 1189 1189 1189 1189 1188 1188 1188 1188 1190 1190 1190 1190 1188 1188 1188 1188 1191 1191 1191 1191 1190 1190 1190 1190 1191 1191 1191 1191 1192 1192 1192 1192 1190 1190 1190 1190 1192 1192 1192 1192 1193 1193 1193 1193 1190 1190 1190 1190 1193 1193 1193 1193 1192 1192 1192 1192 1194 1194 1194 1194 1192 1192 1192 1192 1195 1195 1195 1195 1194 1194 1194 1194 1194 1194 1194 1194 1195 1195 1195 1195 1196 1196 1196 1196 1197 1197 1197 1197 1194 1194 1194 1194 1196 1196 1196 1196 1197 1197 1197 1197 1196 1196 1196 1196 1198 1198 1198 1198 1199 1199 1199 1199 1197 1197 1197 1197 1198 1198 1198 1198 1198 1198 1198 1198 1200 1200 1200 1200 1199 1199 1199 1199 1200 1200 1200 1200 1201 1201 1201 1201 1199 1199 1199 1199 1201 1201 1201 1201 1200 1200 1200 1200 1202 1202 1202 1202 1200 1200 1200 1200 1203 1203 1203 1203 1202 1202 1202 1202 1202 1202 1202 1202 1203 1203 1203 1203 1204 1204 1204 1204 1203 1203 1203 1203 1205 1205 1205 1205 1204 1204 1204 1204 1204 1204 1204 1204 1205 1205 1205 1205 1206 1206 1206 1206 1205 1205 1205 1205 1207 1207 1207 1207 1206 1206 1206 1206 1206 1206 1206 1206 1207 1207 1207 1207 1208 1208 1208 1208 1207 1207 1207 1207 1209 1209 1209 1209 1208 1208 1208 1208 1208 1208 1208 1208 1209 1209 1209 1209 1210 1210 1210 1210 1209 1209 1209 1209 1211 1211 1211 1211 1210 1210 1210 1210 1210 1210 1210 1210 1211 1211 1211 1211 1212 1212 1212 1212 1211 1211 1211 1211 1213 1213 1213 1213 1212 1212 1212 1212 1212 1212 1212 1212 1213 1213 1213 1213 1214 1214 1214 1214 1213 1213 1213 1213 1215 1215 1215 1215 1214 1214 1214 1214 1214 1214 1214 1214 1215 1215 1215 1215 1216 1216 1216 1216 1213 1213 1213 1213 1217 1217 1217 1217 1215 1215 1215 1215 1217 1217 1217 1217 1213 1213 1213 1213 1218 1218 1218 1218 1217 1217 1217 1217 1219 1219 1219 1219 1215 1215 1215 1215 1220 1220 1220 1220 1217 1217 1217 1217 1218 1218 1218 1218 1219 1219 1219 1219 1221 1221 1221 1221 1215 1215 1215 1215 1218 1218 1218 1218 1222 1222 1222 1222 1220 1220 1220 1220 1222 1222 1222 1222 1223 1223 1223 1223 1220 1220 1220 1220 1222 1222 1222 1222 1224 1224 1224 1224 1223 1223 1223 1223 1224 1224 1224 1224 1225 1225 1225 1225 1223 1223 1223 1223 1225 1225 1225 1225 1224 1224 1224 1224 1226 1226 1226 1226 1224 1224 1224 1224 1227 1227 1227 1227 1226 1226 1226 1226 1226 1226 1226 1226 1227 1227 1227 1227 1228 1228 1228 1228 1229 1229 1229 1229 1226 1226 1226 1226 1228 1228 1228 1228 1228 1228 1228 1228 1230 1230 1230 1230 1229 1229 1229 1229 1230 1230 1230 1230 1231 1231 1231 1231 1229 1229 1229 1229 1230 1230 1230 1230 1232 1232 1232 1232 1231 1231 1231 1231 1232 1232 1232 1232 1233 1233 1233 1233 1231 1231 1231 1231 1233 1233 1233 1233 1232 1232 1232 1232 1234 1234 1234 1234 1221 1221 1221 1221 1235 1235 1235 1235 1215 1215 1215 1215 1215 1215 1215 1215 1235 1235 1235 1235 1216 1216 1216 1216 1221 1221 1221 1221 1236 1236 1236 1236 1235 1235 1235 1235 1216 1216 1216 1216 1235 1235 1235 1235 1237 1237 1237 1237 1235 1235 1235 1235 1238 1238 1238 1238 1237 1237 1237 1237 1236 1236 1236 1236 1238 1238 1238 1238 1235 1235 1235 1235 1237 1237 1237 1237 1238 1238 1238 1238 1239 1239 1239 1239 1238 1238 1238 1238 1236 1236 1236 1236 1240 1240 1240 1240 1238 1238 1238 1238 1240 1240 1240 1240 1239 1239 1239 1239 1236 1236 1236 1236 1186 1186 1186 1186 1240 1240 1240 1240 1239 1239 1239 1239 1240 1240 1240 1240 1182 1182 1182 1182 1240 1240 1240 1240 1186 1186 1186 1186 1181 1181 1181 1181 1240 1240 1240 1240 1181 1181 1181 1181 1182 1182 1182 1182 1241 1241 1241 1241 1242 1242 1242 1242 1243 1243 1243 1243 1242 1242 1242 1242 1244 1244 1244 1244 1243 1243 1243 1243 1242 1242 1242 1242 1245 1245 1245 1245 1244 1244 1244 1244 1245 1245 1245 1245 1246 1246 1246 1246 1244 1244 1244 1244 1245 1245 1245 1245 1247 1247 1247 1247 1246 1246 1246 1246 1247 1247 1247 1247 1248 1248 1248 1248 1246 1246 1246 1246 1247 1247 1247 1247 1249 1249 1249 1249 1248 1248 1248 1248 1249 1249 1249 1249 1250 1250 1250 1250 1248 1248 1248 1248 1249 1249 1249 1249 1251 1251 1251 1251 1250 1250 1250 1250 1251 1251 1251 1251 1252 1252 1252 1252 1250 1250 1250 1250 1253 1253 1253 1253 1252 1252 1252 1252 1251 1251 1251 1251 1254 1254 1254 1254 1253 1253 1253 1253 1251 1251 1251 1251 1253 1253 1253 1253 1254 1254 1254 1254 1255 1255 1255 1255 1254 1254 1254 1254 1256 1256 1256 1256 1255 1255 1255 1255 1257 1257 1257 1257 1255 1255 1255 1255 1256 1256 1256 1256 1258 1258 1258 1258 1257 1257 1257 1257 1256 1256 1256 1256 1259 1259 1259 1259 1257 1257 1257 1257 1258 1258 1258 1258 1260 1260 1260 1260 1259 1259 1259 1259 1258 1258 1258 1258 1259 1259 1259 1259 1260 1260 1260 1260 1261 1261 1261 1261 1260 1260 1260 1260 1262 1262 1262 1262 1261 1261 1261 1261 1261 1261 1261 1261 1262 1262 1262 1262 1263 1263 1263 1263 1262 1262 1262 1262 1264 1264 1264 1264 1263 1263 1263 1263 1263 1263 1263 1263 1264 1264 1264 1264 1265 1265 1265 1265 1264 1264 1264 1264 1266 1266 1266 1266 1265 1265 1265 1265 1265 1265 1265 1265 1266 1266 1266 1266 1267 1267 1267 1267 1266 1266 1266 1266 1268 1268 1268 1268 1267 1267 1267 1267 1267 1267 1267 1267 1268 1268 1268 1268 1269 1269 1269 1269 1268 1268 1268 1268 1270 1270 1270 1270 1269 1269 1269 1269 1269 1269 1269 1269 1270 1270 1270 1270 1271 1271 1271 1271 1270 1270 1270 1270 1272 1272 1272 1272 1271 1271 1271 1271 1271 1271 1271 1271 1272 1272 1272 1272 1273 1273 1273 1273 1272 1272 1272 1272 1274 1274 1274 1274 1273 1273 1273 1273 1273 1273 1273 1273 1274 1274 1274 1274 1275 1275 1275 1275 1274 1274 1274 1274 1276 1276 1276 1276 1275 1275 1275 1275 1276 1276 1276 1276 1277 1277 1277 1277 1275 1275 1275 1275 1277 1277 1277 1277 1278 1278 1278 1278 1275 1275 1275 1275 1279 1279 1279 1279 1278 1278 1278 1278 1277 1277 1277 1277 1280 1280 1280 1280 1279 1279 1279 1279 1277 1277 1277 1277 1280 1280 1280 1280 1281 1281 1281 1281 1279 1279 1279 1279 1281 1281 1281 1281 1282 1282 1282 1282 1279 1279 1279 1279 1283 1283 1283 1283 1284 1284 1284 1284 1285 1285 1285 1285 1283 1283 1283 1283 1285 1285 1285 1285 1286 1286 1286 1286 1287 1287 1287 1287 1283 1283 1283 1283 1286 1286 1286 1286 1287 1287 1287 1287 1286 1286 1286 1286 1288 1288 1288 1288 1289 1289 1289 1289 1287 1287 1287 1287 1288 1288 1288 1288 1289 1289 1289 1289 1288 1288 1288 1288 1290 1290 1290 1290 1291 1291 1291 1291 1289 1289 1289 1289 1290 1290 1290 1290 1291 1291 1291 1291 1290 1290 1290 1290 1292 1292 1292 1292 1293 1293 1293 1293 1291 1291 1291 1291 1292 1292 1292 1292 1293 1293 1293 1293 1292 1292 1292 1292 1294 1294 1294 1294 1295 1295 1295 1295 1293 1293 1293 1293 1294 1294 1294 1294 1295 1295 1295 1295 1294 1294 1294 1294 1296 1296 1296 1296 1297 1297 1297 1297 1295 1295 1295 1295 1296 1296 1296 1296 1297 1297 1297 1297 1296 1296 1296 1296 1298 1298 1298 1298 1299 1299 1299 1299 1297 1297 1297 1297 1298 1298 1298 1298 1299 1299 1299 1299 1298 1298 1298 1298 1300 1300 1300 1300 1301 1301 1301 1301 1299 1299 1299 1299 1300 1300 1300 1300 1301 1301 1301 1301 1300 1300 1300 1300 1302 1302 1302 1302 1303 1303 1303 1303 1301 1301 1301 1301 1302 1302 1302 1302 1303 1303 1303 1303 1302 1302 1302 1302 1304 1304 1304 1304 1305 1305 1305 1305 1303 1303 1303 1303 1304 1304 1304 1304 1305 1305 1305 1305 1304 1304 1304 1304 1306 1306 1306 1306 1307 1307 1307 1307 1305 1305 1305 1305 1306 1306 1306 1306 1307 1307 1307 1307 1306 1306 1306 1306 1308 1308 1308 1308 1309 1309 1309 1309 1307 1307 1307 1307 1308 1308 1308 1308 1309 1309 1309 1309 1308 1308 1308 1308 1310 1310 1310 1310 1311 1311 1311 1311 1309 1309 1309 1309 1310 1310 1310 1310 1311 1311 1311 1311 1310 1310 1310 1310 1312 1312 1312 1312 1313 1313 1313 1313 1311 1311 1311 1311 1312 1312 1312 1312 1313 1313 1313 1313 1312 1312 1312 1312 1314 1314 1314 1314 1315 1315 1315 1315 1313 1313 1313 1313 1314 1314 1314 1314 1315 1315 1315 1315 1314 1314 1314 1314 1316 1316 1316 1316 1317 1317 1317 1317 1315 1315 1315 1315 1316 1316 1316 1316 1317 1317 1317 1317 1316 1316 1316 1316 1318 1318 1318 1318 1319 1319 1319 1319 1317 1317 1317 1317 1318 1318 1318 1318 1319 1319 1319 1319 1318 1318 1318 1318 1320 1320 1320 1320 1318 1318 1318 1318 1321 1321 1321 1321 1320 1320 1320 1320 1322 1322 1322 1322 1323 1323 1323 1323 1324 1324 1324 1324 1322 1322 1322 1322 1324 1324 1324 1324 1325 1325 1325 1325 1326 1326 1326 1326 1322 1322 1322 1322 1325 1325 1325 1325 1326 1326 1326 1326 1325 1325 1325 1325 1327 1327 1327 1327 1328 1328 1328 1328 1326 1326 1326 1326 1327 1327 1327 1327 1328 1328 1328 1328 1327 1327 1327 1327 1329 1329 1329 1329 1330 1330 1330 1330 1328 1328 1328 1328 1329 1329 1329 1329 1330 1330 1330 1330 1329 1329 1329 1329 1331 1331 1331 1331 1332 1332 1332 1332 1330 1330 1330 1330 1331 1331 1331 1331 1332 1332 1332 1332 1331 1331 1331 1331 1333 1333 1333 1333 1334 1334 1334 1334 1332 1332 1332 1332 1333 1333 1333 1333 1334 1334 1334 1334 1333 1333 1333 1333 1335 1335 1335 1335 1336 1336 1336 1336 1334 1334 1334 1334 1335 1335 1335 1335 1336 1336 1336 1336 1335 1335 1335 1335 1337 1337 1337 1337 1338 1338 1338 1338 1336 1336 1336 1336 1337 1337 1337 1337 1338 1338 1338 1338 1337 1337 1337 1337 1339 1339 1339 1339 1340 1340 1340 1340 1338 1338 1338 1338 1339 1339 1339 1339 1340 1340 1340 1340 1339 1339 1339 1339 1341 1341 1341 1341 1342 1342 1342 1342 1340 1340 1340 1340 1341 1341 1341 1341 1342 1342 1342 1342 1341 1341 1341 1341 1343 1343 1343 1343 1344 1344 1344 1344 1342 1342 1342 1342 1343 1343 1343 1343 1344 1344 1344 1344 1343 1343 1343 1343 1345 1345 1345 1345 1346 1346 1346 1346 1344 1344 1344 1344 1345 1345 1345 1345 1346 1346 1346 1346 1345 1345 1345 1345 1347 1347 1347 1347 1348 1348 1348 1348 1346 1346 1346 1346 1347 1347 1347 1347 1348 1348 1348 1348 1347 1347 1347 1347 1349 1349 1349 1349 1350 1350 1350 1350 1348 1348 1348 1348 1349 1349 1349 1349 1350 1350 1350 1350 1349 1349 1349 1349 1351 1351 1351 1351 1352 1352 1352 1352 1350 1350 1350 1350 1351 1351 1351 1351 1352 1352 1352 1352 1351 1351 1351 1351 1353 1353 1353 1353 1354 1354 1354 1354 1352 1352 1352 1352 1353 1353 1353 1353 1354 1354 1354 1354 1353 1353 1353 1353 1355 1355 1355 1355 1356 1356 1356 1356 1354 1354 1354 1354 1355 1355 1355 1355 1356 1356 1356 1356 1355 1355 1355 1355 1357 1357 1357 1357 1358 1358 1358 1358 1356 1356 1356 1356 1357 1357 1357 1357 1358 1358 1358 1358 1357 1357 1357 1357 1359 1359 1359 1359 1357 1357 1357 1357 1360 1360 1360 1360 1359 1359 1359 1359 1360 1360 1360 1360 1361 1361 1361 1361 1359 1359 1359 1359 1361 1361 1361 1361 1362 1362 1362 1362 1359 1359 1359 1359 1363 1363 1363 1363 1364 1364 1364 1364 1365 1365 1365 1365 1366 1366 1366 1366 1363 1363 1363 1363 1365 1365 1365 1365 1367 1367 1367 1367 1363 1363 1363 1363 1366 1366 1366 1366 1368 1368 1368 1368 1367 1367 1367 1367 1366 1366 1366 1366 1369 1369 1369 1369 1367 1367 1367 1367 1368 1368 1368 1368 1370 1370 1370 1370 1369 1369 1369 1369 1368 1368 1368 1368 1369 1369 1369 1369 1370 1370 1370 1370 1371 1371 1371 1371 1370 1370 1370 1370 1372 1372 1372 1372 1371 1371 1371 1371 1372 1372 1372 1372 1373 1373 1373 1373 1371 1371 1371 1371 1373 1373 1373 1373 1374 1374 1374 1374 1371 1371 1371 1371 1373 1373 1373 1373 1375 1375 1375 1375 1374 1374 1374 1374 1375 1375 1375 1375 1376 1376 1376 1376 1374 1374 1374 1374 1376 1376 1376 1376 1375 1375 1375 1375 1377 1377 1377 1377 1375 1375 1375 1375 1378 1378 1378 1378 1377 1377 1377 1377 1377 1377 1377 1377 1378 1378 1378 1378 1379 1379 1379 1379 1378 1378 1378 1378 1380 1380 1380 1380 1379 1379 1379 1379 1379 1379 1379 1379 1380 1380 1380 1380 1381 1381 1381 1381 1382 1382 1382 1382 1379 1379 1379 1379 1381 1381 1381 1381 1382 1382 1382 1382 1381 1381 1381 1381 1383 1383 1383 1383 1384 1384 1384 1384 1382 1382 1382 1382 1383 1383 1383 1383 1384 1384 1384 1384 1383 1383 1383 1383 1385 1385 1385 1385 1386 1386 1386 1386 1384 1384 1384 1384 1385 1385 1385 1385 1387 1387 1387 1387 1386 1386 1386 1386 1385 1385 1385 1385 1388 1388 1388 1388 1387 1387 1387 1387 1385 1385 1385 1385 1387 1387 1387 1387 1388 1388 1388 1388 1389 1389 1389 1389 1388 1388 1388 1388 1390 1390 1390 1390 1389 1389 1389 1389 1391 1391 1391 1391 1389 1389 1389 1389 1390 1390 1390 1390 1392 1392 1392 1392 1391 1391 1391 1391 1390 1390 1390 1390 1393 1393 1393 1393 1391 1391 1391 1391 1392 1392 1392 1392 1394 1394 1394 1394 1393 1393 1393 1393 1392 1392 1392 1392 1393 1393 1393 1393 1394 1394 1394 1394 1395 1395 1395 1395 1396 1396 1396 1396 1393 1393 1393 1393 1395 1395 1395 1395 1395 1395 1395 1395 1397 1397 1397 1397 1396 1396 1396 1396 1397 1397 1397 1397 1398 1398 1398 1398 1396 1396 1396 1396 1398 1398 1398 1398 1397 1397 1397 1397 1399 1399 1399 1399 1400 1400 1400 1400 1398 1398 1398 1398 1399 1399 1399 1399 1400 1400 1400 1400 1399 1399 1399 1399 1401 1401 1401 1401 1402 1402 1402 1402 1400 1400 1400 1400 1401 1401 1401 1401 1403 1403 1403 1403 1402 1402 1402 1402 1401 1401 1401 1401 1404 1404 1404 1404 1403 1403 1403 1403 1401 1401 1401 1401 1405 1405 1405 1405 1406 1406 1406 1406 1407 1407 1407 1407 1406 1406 1406 1406 1408 1408 1408 1408 1407 1407 1407 1407 1408 1408 1408 1408 1406 1406 1406 1406 1409 1409 1409 1409 1406 1406 1406 1406 1410 1410 1410 1410 1409 1409 1409 1409 1411 1411 1411 1411 1409 1409 1409 1409 1410 1410 1410 1410 1412 1412 1412 1412 1411 1411 1411 1411 1410 1410 1410 1410 1413 1413 1413 1413 1412 1412 1412 1412 1410 1410 1410 1410 1414 1414 1414 1414 1413 1413 1413 1413 1410 1410 1410 1410 1414 1414 1414 1414 1410 1410 1410 1410 1415 1415 1415 1415 1416 1416 1416 1416 1417 1417 1417 1417 1415 1415 1415 1415 1417 1417 1417 1417 1418 1418 1418 1418 1415 1415 1415 1415 1418 1418 1418 1418 1414 1414 1414 1414 1415 1415 1415 1415 1417 1417 1417 1417 1419 1419 1419 1419 1418 1418 1418 1418 1414 1414 1414 1414 1420 1420 1420 1420 1413 1413 1413 1413 1420 1420 1420 1420 1421 1421 1421 1421 1413 1413 1413 1413 1418 1418 1418 1418 1422 1422 1422 1422 1414 1414 1414 1414 1419 1419 1419 1419 1422 1422 1422 1422 1418 1418 1418 1418 1422 1422 1422 1422 1420 1420 1420 1420 1414 1414 1414 1414 1419 1419 1419 1419 1423 1423 1423 1423 1422 1422 1422 1422 1420 1420 1420 1420 1424 1424 1424 1424 1421 1421 1421 1421 1424 1424 1424 1424 1425 1425 1425 1425 1421 1421 1421 1421 1422 1422 1422 1422 1426 1426 1426 1426 1420 1420 1420 1420 1423 1423 1423 1423 1426 1426 1426 1426 1422 1422 1422 1422 1426 1426 1426 1426 1424 1424 1424 1424 1420 1420 1420 1420 1423 1423 1423 1423 1427 1427 1427 1427 1426 1426 1426 1426 1424 1424 1424 1424 1428 1428 1428 1428 1425 1425 1425 1425 1428 1428 1428 1428 1429 1429 1429 1429 1425 1425 1425 1425 1426 1426 1426 1426 1430 1430 1430 1430 1424 1424 1424 1424 1427 1427 1427 1427 1430 1430 1430 1430 1426 1426 1426 1426 1430 1430 1430 1430 1428 1428 1428 1428 1424 1424 1424 1424 1427 1427 1427 1427 1431 1431 1431 1431 1430 1430 1430 1430 1428 1428 1428 1428 1432 1432 1432 1432 1429 1429 1429 1429 1432 1432 1432 1432 1433 1433 1433 1433 1429 1429 1429 1429 1430 1430 1430 1430 1434 1434 1434 1434 1428 1428 1428 1428 1431 1431 1431 1431 1434 1434 1434 1434 1430 1430 1430 1430 1434 1434 1434 1434 1432 1432 1432 1432 1428 1428 1428 1428 1431 1431 1431 1431 1435 1435 1435 1435 1434 1434 1434 1434 1432 1432 1432 1432 1436 1436 1436 1436 1433 1433 1433 1433 1436 1436 1436 1436 1437 1437 1437 1437 1433 1433 1433 1433 1434 1434 1434 1434 1438 1438 1438 1438 1432 1432 1432 1432 1435 1435 1435 1435 1438 1438 1438 1438 1434 1434 1434 1434 1438 1438 1438 1438 1436 1436 1436 1436 1432 1432 1432 1432 1435 1435 1435 1435 1439 1439 1439 1439 1438 1438 1438 1438 1436 1436 1436 1436 1440 1440 1440 1440 1437 1437 1437 1437 1440 1440 1440 1440 1441 1441 1441 1441 1437 1437 1437 1437 1438 1438 1438 1438 1442 1442 1442 1442 1436 1436 1436 1436 1439 1439 1439 1439 1442 1442 1442 1442 1438 1438 1438 1438 1442 1442 1442 1442 1440 1440 1440 1440 1436 1436 1436 1436 1439 1439 1439 1439 1443 1443 1443 1443 1442 1442 1442 1442 1440 1440 1440 1440 1444 1444 1444 1444 1441 1441 1441 1441 1444 1444 1444 1444 1445 1445 1445 1445 1441 1441 1441 1441 1442 1442 1442 1442 1446 1446 1446 1446 1440 1440 1440 1440 1446 1446 1446 1446 1444 1444 1444 1444 1440 1440 1440 1440 1443 1443 1443 1443 1446 1446 1446 1446 1442 1442 1442 1442 1444 1444 1444 1444 1447 1447 1447 1447 1445 1445 1445 1445 1444 1444 1444 1444 1446 1446 1446 1446 1447 1447 1447 1447 1447 1447 1447 1447 1448 1448 1448 1448 1445 1445 1445 1445 1449 1449 1449 1449 1446 1446 1446 1446 1443 1443 1443 1443 1446 1446 1446 1446 1449 1449 1449 1449 1447 1447 1447 1447 1450 1450 1450 1450 1449 1449 1449 1449 1443 1443 1443 1443 1447 1447 1447 1447 1451 1451 1451 1451 1448 1448 1448 1448 1447 1447 1447 1447 1449 1449 1449 1449 1451 1451 1451 1451 1451 1451 1451 1451 1452 1452 1452 1452 1448 1448 1448 1448 1453 1453 1453 1453 1449 1449 1449 1449 1450 1450 1450 1450 1449 1449 1449 1449 1453 1453 1453 1453 1451 1451 1451 1451 1454 1454 1454 1454 1453 1453 1453 1453 1450 1450 1450 1450 1451 1451 1451 1451 1455 1455 1455 1455 1452 1452 1452 1452 1451 1451 1451 1451 1453 1453 1453 1453 1455 1455 1455 1455 1455 1455 1455 1455 1456 1456 1456 1456 1452 1452 1452 1452 1457 1457 1457 1457 1456 1456 1456 1456 1455 1455 1455 1455 1458 1458 1458 1458 1453 1453 1453 1453 1454 1454 1454 1454 1453 1453 1453 1453 1458 1458 1458 1458 1455 1455 1455 1455 1459 1459 1459 1459 1458 1458 1458 1458 1454 1454 1454 1454 1460 1460 1460 1460 1457 1457 1457 1457 1455 1455 1455 1455 1455 1455 1455 1455 1458 1458 1458 1458 1460 1460 1460 1460 1461 1461 1461 1461 1457 1457 1457 1457 1460 1460 1460 1460 1462 1462 1462 1462 1458 1458 1458 1458 1459 1459 1459 1459 1458 1458 1458 1458 1462 1462 1462 1462 1460 1460 1460 1460 1463 1463 1463 1463 1462 1462 1462 1462 1459 1459 1459 1459 1464 1464 1464 1464 1461 1461 1461 1461 1460 1460 1460 1460 1465 1465 1465 1465 1462 1462 1462 1462 1463 1463 1463 1463 1462 1462 1462 1462 1465 1465 1465 1465 1460 1460 1460 1460 1465 1465 1465 1465 1464 1464 1464 1464 1460 1460 1460 1460 1466 1466 1466 1466 1465 1465 1465 1465 1463 1463 1463 1463 1467 1467 1467 1467 1461 1461 1461 1461 1464 1464 1464 1464 1468 1468 1468 1468 1465 1465 1465 1465 1466 1466 1466 1466 1465 1465 1465 1465 1468 1468 1468 1468 1464 1464 1464 1464 1469 1469 1469 1469 1468 1468 1468 1468 1466 1466 1466 1466 1470 1470 1470 1470 1467 1467 1467 1467 1464 1464 1464 1464 1468 1468 1468 1468 1470 1470 1470 1470 1464 1464 1464 1464 1471 1471 1471 1471 1468 1468 1468 1468 1469 1469 1469 1469 1468 1468 1468 1468 1471 1471 1471 1471 1470 1470 1470 1470 1472 1472 1472 1472 1471 1471 1471 1471 1469 1469 1469 1469 1472 1472 1472 1472 1473 1473 1473 1473 1471 1471 1471 1471 1470 1470 1470 1470 1474 1474 1474 1474 1467 1467 1467 1467 1471 1471 1471 1471 1474 1474 1474 1474 1470 1470 1470 1470 1474 1474 1474 1474 1475 1475 1475 1475 1467 1467 1467 1467 1473 1473 1473 1473 1476 1476 1476 1476 1471 1471 1471 1471 1471 1471 1471 1471 1476 1476 1476 1476 1474 1474 1474 1474 1473 1473 1473 1473 1477 1477 1477 1477 1476 1476 1476 1476 1477 1477 1477 1477 1478 1478 1478 1478 1476 1476 1476 1476 1474 1474 1474 1474 1479 1479 1479 1479 1475 1475 1475 1475 1476 1476 1476 1476 1479 1479 1479 1479 1474 1474 1474 1474 1476 1476 1476 1476 1478 1478 1478 1478 1479 1479 1479 1479 1479 1479 1479 1479 1480 1480 1480 1480 1475 1475 1475 1475 1478 1478 1478 1478 1481 1481 1481 1481 1479 1479 1479 1479 1479 1479 1479 1479 1481 1481 1481 1481 1480 1480 1480 1480 1481 1481 1481 1481 1482 1482 1482 1482 1480 1480 1480 1480 1483 1483 1483 1483 1484 1484 1484 1484 1485 1485 1485 1485 1484 1484 1484 1484 1486 1486 1486 1486 1485 1485 1485 1485 1485 1485 1485 1485 1486 1486 1486 1486 1487 1487 1487 1487 1488 1488 1488 1488 1485 1485 1485 1485 1487 1487 1487 1487 1489 1489 1489 1489 1490 1490 1490 1490 1491 1491 1491 1491 1490 1490 1490 1490 1492 1492 1492 1492 1491 1491 1491 1491 1492 1492 1492 1492 1490 1490 1490 1490 1493 1493 1493 1493 1491 1491 1491 1491 1492 1492 1492 1492 1493 1493 1493 1493 1494 1494 1494 1494 1491 1491 1491 1491 1493 1493 1493 1493 1495 1495 1495 1495 1496 1496 1496 1496 1497 1497 1497 1497 1496 1496 1496 1496 1498 1498 1498 1498 1497 1497 1497 1497 1498 1498 1498 1498 1496 1496 1496 1496 1499 1499 1499 1499 1497 1497 1497 1497 1498 1498 1498 1498 1499 1499 1499 1499 1500 1500 1500 1500 1497 1497 1497 1497 1499 1499 1499 1499 1501 1501 1501 1501 1502 1502 1502 1502 1503 1503 1503 1503 1502 1502 1502 1502 1504 1504 1504 1504 1503 1503 1503 1503 1504 1504 1504 1504 1502 1502 1502 1502 1505 1505 1505 1505 1503 1503 1503 1503 1504 1504 1504 1504 1505 1505 1505 1505 1506 1506 1506 1506 1503 1503 1503 1503 1505 1505 1505 1505 1507 1507 1507 1507 1508 1508 1508 1508 1509 1509 1509 1509 1508 1508 1508 1508 1510 1510 1510 1510 1509 1509 1509 1509 1510 1510 1510 1510 1508 1508 1508 1508 1511 1511 1511 1511 1509 1509 1509 1509 1510 1510 1510 1510 1511 1511 1511 1511 1512 1512 1512 1512 1509 1509 1509 1509 1511 1511 1511 1511 1513 1513 1513 1513 1514 1514 1514 1514 1515 1515 1515 1515 1514 1514 1514 1514 1516 1516 1516 1516 1515 1515 1515 1515 1516 1516 1516 1516 1514 1514 1514 1514 1517 1517 1517 1517 1515 1515 1515 1515 1516 1516 1516 1516 1517 1517 1517 1517 1518 1518 1518 1518 1515 1515 1515 1515 1517 1517 1517 1517 1519 1519 1519 1519 1520 1520 1520 1520 1521 1521 1521 1521 1520 1520 1520 1520 1522 1522 1522 1522 1521 1521 1521 1521 1522 1522 1522 1522 1520 1520 1520 1520 1523 1523 1523 1523 1521 1521 1521 1521 1522 1522 1522 1522 1523 1523 1523 1523 1524 1524 1524 1524 1521 1521 1521 1521 1523 1523 1523 1523 1525 1525 1525 1525 1526 1526 1526 1526 1527 1527 1527 1527 1526 1526 1526 1526 1528 1528 1528 1528 1527 1527 1527 1527 1526 1526 1526 1526 1529 1529 1529 1529 1528 1528 1528 1528 1528 1528 1528 1528 1530 1530 1530 1530 1527 1527 1527 1527 1530 1530 1530 1530 1531 1531 1531 1531 1527 1527 1527 1527 1529 1529 1529 1529 1532 1532 1532 1532 1528 1528 1528 1528 1528 1528 1528 1528 1532 1532 1532 1532 1530 1530 1530 1530 1529 1529 1529 1529 1533 1533 1533 1533 1532 1532 1532 1532 1533 1533 1533 1533 1534 1534 1534 1534 1532 1532 1532 1532 1534 1534 1534 1534 1535 1535 1535 1535 1532 1532 1532 1532 1530 1530 1530 1530 1536 1536 1536 1536 1531 1531 1531 1531 1536 1536 1536 1536 1537 1537 1537 1537 1531 1531 1531 1531 1532 1532 1532 1532 1538 1538 1538 1538 1530 1530 1530 1530 1536 1536 1536 1536 1530 1530 1530 1530 1538 1538 1538 1538 1535 1535 1535 1535 1538 1538 1538 1538 1532 1532 1532 1532 1539 1539 1539 1539 1536 1536 1536 1536 1538 1538 1538 1538 1538 1538 1538 1538 1535 1535 1535 1535 1540 1540 1540 1540 1539 1539 1539 1539 1538 1538 1538 1538 1540 1540 1540 1540 1541 1541 1541 1541 1542 1542 1542 1542 1543 1543 1543 1543 1542 1542 1542 1542 1544 1544 1544 1544 1543 1543 1543 1543 1542 1542 1542 1542 1545 1545 1545 1545 1544 1544 1544 1544 1543 1543 1543 1543 1544 1544 1544 1544 1546 1546 1546 1546 1545 1545 1545 1545 1547 1547 1547 1547 1544 1544 1544 1544 1548 1548 1548 1548 1543 1543 1543 1543 1546 1546 1546 1546 1547 1547 1547 1547 1545 1545 1545 1545 1549 1549 1549 1549 1550 1550 1550 1550 1548 1548 1548 1548 1546 1546 1546 1546 1545 1545 1545 1545 1551 1551 1551 1551 1549 1549 1549 1549 1550 1550 1550 1550 1552 1552 1552 1552 1548 1548 1548 1548 1549 1549 1549 1549 1551 1551 1551 1551 1553 1553 1553 1553 1552 1552 1552 1552 1554 1554 1554 1554 1548 1548 1548 1548 1555 1555 1555 1555 1549 1549 1549 1549 1553 1553 1553 1553 1552 1552 1552 1552 1556 1556 1556 1556 1554 1554 1554 1554 1555 1555 1555 1555 1553 1553 1553 1553 1557 1557 1557 1557 1556 1556 1556 1556 1558 1558 1558 1558 1554 1554 1554 1554 1553 1553 1553 1553 1559 1559 1559 1559 1557 1557 1557 1557 1560 1560 1560 1560 1558 1558 1558 1558 1556 1556 1556 1556 1557 1557 1557 1557 1559 1559 1559 1559 1561 1561 1561 1561 1562 1562 1562 1562 1560 1560 1560 1560 1556 1556 1556 1556 1563 1563 1563 1563 1557 1557 1557 1557 1561 1561 1561 1561 1562 1562 1562 1562 1564 1564 1564 1564 1560 1560 1560 1560 1563 1563 1563 1563 1561 1561 1561 1561 1565 1565 1565 1565 1564 1564 1564 1564 1566 1566 1566 1566 1560 1560 1560 1560 1567 1567 1567 1567 1563 1563 1563 1563 1565 1565 1565 1565 1568 1568 1568 1568 1566 1566 1566 1566 1564 1564 1564 1564 1567 1567 1567 1567 1565 1565 1565 1565 1569 1569 1569 1569 1570 1570 1570 1570 1568 1568 1568 1568 1564 1564 1564 1564 1565 1565 1565 1565 1571 1571 1571 1571 1569 1569 1569 1569 1570 1570 1570 1570 1572 1572 1572 1572 1568 1568 1568 1568 1569 1569 1569 1569 1571 1571 1571 1571 1573 1573 1573 1573 1572 1572 1572 1572 1574 1574 1574 1574 1568 1568 1568 1568 1575 1575 1575 1575 1569 1569 1569 1569 1573 1573 1573 1573 1576 1576 1576 1576 1574 1574 1574 1574 1572 1572 1572 1572 1575 1575 1575 1575 1573 1573 1573 1573 1577 1577 1577 1577 1578 1578 1578 1578 1576 1576 1576 1576 1572 1572 1572 1572 1579 1579 1579 1579 1575 1575 1575 1575 1577 1577 1577 1577 1578 1578 1578 1578 1580 1580 1580 1580 1576 1576 1576 1576 1579 1579 1579 1579 1577 1577 1577 1577 1580 1580 1580 1580 1580 1580 1580 1580 1581 1581 1581 1581 1576 1576 1576 1576 1577 1577 1577 1577 1581 1581 1581 1581 1580 1580 1580 1580 1582 1582 1582 1582 467 467 467 467 461 461 461 461 462 462 462 462 1582 1582 1582 1582 461 461 461 461 1583 1583 1583 1583 467 467 467 467 1582 1582 1582 1582 462 462 462 462 1584 1584 1584 1584 1582 1582 1582 1582 1584 1584 1584 1584 1585 1585 1585 1585 1582 1582 1582 1582 1585 1585 1585 1585 1583 1583 1583 1583 1582 1582 1582 1582 1584 1584 1584 1584 1586 1586 1586 1586 1585 1585 1585 1585 1585 1585 1585 1585 1587 1587 1587 1587 1583 1583 1583 1583 1586 1586 1586 1586 1587 1587 1587 1587 1585 1585 1585 1585 1587 1587 1587 1587 432 432 432 432 1583 1583 1583 1583 1586 1586 1586 1586 427 427 427 427 1587 1587 1587 1587 1587 1587 1587 1587 428 428 428 428 432 432 432 432 427 427 427 427 428 428 428 428 1587 1587 1587 1587 1588 1588 1588 1588 1589 1589 1589 1589 1590 1590 1590 1590 1588 1588 1588 1588 1591 1591 1591 1591 1589 1589 1589 1589 1589 1589 1589 1589 1592 1592 1592 1592 1590 1590 1590 1590 1591 1591 1591 1591 1593 1593 1593 1593 1589 1589 1589 1589 1594 1594 1594 1594 1590 1590 1590 1590 1592 1592 1592 1592 1591 1591 1591 1591 1595 1595 1595 1595 1593 1593 1593 1593 1596 1596 1596 1596 1594 1594 1594 1594 1592 1592 1592 1592 1595 1595 1595 1595 1597 1597 1597 1597 1593 1593 1593 1593 1594 1594 1594 1594 1596 1596 1596 1596 1598 1598 1598 1598 1597 1597 1597 1597 1595 1595 1595 1595 1599 1599 1599 1599 1600 1600 1600 1600 1594 1594 1594 1594 1598 1598 1598 1598 1595 1595 1595 1595 1601 1601 1601 1601 1599 1599 1599 1599 1600 1600 1600 1600 1598 1598 1598 1598 1602 1602 1602 1602 1602 1602 1602 1602 1599 1599 1599 1599 1601 1601 1601 1601 1603 1603 1603 1603 1600 1600 1600 1600 1602 1602 1602 1602 1603 1603 1603 1603 1602 1602 1602 1602 1601 1601 1601 1601 1604 1604 1604 1604 1605 1605 1605 1605 1606 1606 1606 1606 1604 1604 1604 1604 1607 1607 1607 1607 1605 1605 1605 1605 1605 1605 1605 1605 1608 1608 1608 1608 1606 1606 1606 1606 1607 1607 1607 1607 1609 1609 1609 1609 1605 1605 1605 1605 1610 1610 1610 1610 1606 1606 1606 1606 1608 1608 1608 1608 1607 1607 1607 1607 1611 1611 1611 1611 1609 1609 1609 1609 1612 1612 1612 1612 1610 1610 1610 1610 1608 1608 1608 1608 1611 1611 1611 1611 1613 1613 1613 1613 1609 1609 1609 1609 1610 1610 1610 1610 1612 1612 1612 1612 1614 1614 1614 1614 1613 1613 1613 1613 1611 1611 1611 1611 1615 1615 1615 1615 1616 1616 1616 1616 1610 1610 1610 1610 1614 1614 1614 1614 1611 1611 1611 1611 1617 1617 1617 1617 1615 1615 1615 1615 1616 1616 1616 1616 1614 1614 1614 1614 1618 1618 1618 1618 1618 1618 1618 1618 1615 1615 1615 1615 1617 1617 1617 1617 1619 1619 1619 1619 1616 1616 1616 1616 1618 1618 1618 1618 1619 1619 1619 1619 1618 1618 1618 1618 1617 1617 1617 1617 1620 1620 1620 1620 1621 1621 1621 1621 1622 1622 1622 1622 1620 1620 1620 1620 1623 1623 1623 1623 1621 1621 1621 1621 1621 1621 1621 1621 1624 1624 1624 1624 1622 1622 1622 1622 1623 1623 1623 1623 1625 1625 1625 1625 1621 1621 1621 1621 1626 1626 1626 1626 1622 1622 1622 1622 1624 1624 1624 1624 1623 1623 1623 1623 1627 1627 1627 1627 1625 1625 1625 1625 1628 1628 1628 1628 1626 1626 1626 1626 1624 1624 1624 1624 1627 1627 1627 1627 1629 1629 1629 1629 1625 1625 1625 1625 1626 1626 1626 1626 1628 1628 1628 1628 1630 1630 1630 1630 1629 1629 1629 1629 1627 1627 1627 1627 1631 1631 1631 1631 1632 1632 1632 1632 1626 1626 1626 1626 1630 1630 1630 1630 1627 1627 1627 1627 1633 1633 1633 1633 1631 1631 1631 1631 1632 1632 1632 1632 1630 1630 1630 1630 1634 1634 1634 1634 1634 1634 1634 1634 1631 1631 1631 1631 1633 1633 1633 1633 1635 1635 1635 1635 1632 1632 1632 1632 1634 1634 1634 1634 1635 1635 1635 1635 1634 1634 1634 1634 1633 1633 1633 1633 1636 1636 1636 1636 1637 1637 1637 1637 1638 1638 1638 1638 1637 1637 1637 1637 1636 1636 1636 1636 1639 1639 1639 1639 1637 1637 1637 1637 1640 1640 1640 1640 1638 1638 1638 1638 1641 1641 1641 1641 1637 1637 1637 1637 1639 1639 1639 1639 1638 1638 1638 1638 1640 1640 1640 1640 1642 1642 1642 1642 1643 1643 1643 1643 1641 1641 1641 1641 1639 1639 1639 1639 1640 1640 1640 1640 1644 1644 1644 1644 1642 1642 1642 1642 1645 1645 1645 1645 1643 1643 1643 1643 1639 1639 1639 1639 1642 1642 1642 1642 1644 1644 1644 1644 1646 1646 1646 1646 1643 1643 1643 1643 1645 1645 1645 1645 1647 1647 1647 1647 1644 1644 1644 1644 1648 1648 1648 1648 1646 1646 1646 1646 1649 1649 1649 1649 1643 1643 1643 1643 1647 1647 1647 1647 1646 1646 1646 1646 1648 1648 1648 1648 1650 1650 1650 1650 1649 1649 1649 1649 1647 1647 1647 1647 1651 1651 1651 1651 1648 1648 1648 1648 1652 1652 1652 1652 1650 1650 1650 1650 1647 1647 1647 1647 1653 1653 1653 1653 1651 1651 1651 1651 1650 1650 1650 1650 1652 1652 1652 1652 1654 1654 1654 1654 1651 1651 1651 1651 1653 1653 1653 1653 1655 1655 1655 1655 1652 1652 1652 1652 1656 1656 1656 1656 1654 1654 1654 1654 1653 1653 1653 1653 1657 1657 1657 1657 1655 1655 1655 1655 1654 1654 1654 1654 1656 1656 1656 1656 1658 1658 1658 1658 1655 1655 1655 1655 1657 1657 1657 1657 1659 1659 1659 1659 1656 1656 1656 1656 1660 1660 1660 1660 1658 1658 1658 1658 1657 1657 1657 1657 1661 1661 1661 1661 1659 1659 1659 1659 1658 1658 1658 1658 1660 1660 1660 1660 1662 1662 1662 1662 1659 1659 1659 1659 1661 1661 1661 1661 1663 1663 1663 1663 1660 1660 1660 1660 1664 1664 1664 1664 1662 1662 1662 1662 1665 1665 1665 1665 1659 1659 1659 1659 1663 1663 1663 1663 1662 1662 1662 1662 1664 1664 1664 1664 1666 1666 1666 1666 1663 1663 1663 1663 1667 1667 1667 1667 1665 1665 1665 1665 1664 1664 1664 1664 1668 1668 1668 1668 1666 1666 1666 1666 1667 1667 1667 1667 1669 1669 1669 1669 1665 1665 1665 1665 1666 1666 1666 1666 1668 1668 1668 1668 1670 1670 1670 1670 1667 1667 1667 1667 1671 1671 1671 1671 1669 1669 1669 1669 1672 1672 1672 1672 1666 1666 1666 1666 1670 1670 1670 1670 1671 1671 1671 1671 1673 1673 1673 1673 1669 1669 1669 1669 1672 1672 1672 1672 1670 1670 1670 1670 1674 1674 1674 1674 1671 1671 1671 1671 1675 1675 1675 1675 1673 1673 1673 1673 1675 1675 1675 1675 1672 1672 1672 1672 1674 1674 1674 1674 1675 1675 1675 1675 1674 1674 1674 1674 1673 1673 1673 1673 1676 1676 1676 1676 1677 1677 1677 1677 1678 1678 1678 1678 1677 1677 1677 1677 1676 1676 1676 1676 1679 1679 1679 1679 1680 1680 1680 1680 1676 1676 1676 1676 1678 1678 1678 1678 1676 1676 1676 1676 1681 1681 1681 1681 1679 1679 1679 1679 1680 1680 1680 1680 1678 1678 1678 1678 1682 1682 1682 1682 1681 1681 1681 1681 1683 1683 1683 1683 1679 1679 1679 1679 1684 1684 1684 1684 1680 1680 1680 1680 1682 1682 1682 1682 1683 1683 1683 1683 1685 1685 1685 1685 1679 1679 1679 1679 1684 1684 1684 1684 1682 1682 1682 1682 1686 1686 1686 1686 1687 1687 1687 1687 1685 1685 1685 1685 1683 1683 1683 1683 1682 1682 1682 1682 1688 1688 1688 1688 1686 1686 1686 1686 1689 1689 1689 1689 1687 1687 1687 1687 1683 1683 1683 1683 1686 1686 1686 1686 1688 1688 1688 1688 1690 1690 1690 1690 1691 1691 1691 1691 1687 1687 1687 1687 1689 1689 1689 1689 1688 1688 1688 1688 1692 1692 1692 1692 1690 1690 1690 1690 1693 1693 1693 1693 1691 1691 1691 1691 1689 1689 1689 1689 1690 1690 1690 1690 1692 1692 1692 1692 1694 1694 1694 1694 1691 1691 1691 1691 1693 1693 1693 1693 1695 1695 1695 1695 1696 1696 1696 1696 1690 1690 1690 1690 1694 1694 1694 1694 1693 1693 1693 1693 1697 1697 1697 1697 1695 1695 1695 1695 1696 1696 1696 1696 1694 1694 1694 1694 1698 1698 1698 1698 1697 1697 1697 1697 1699 1699 1699 1699 1695 1695 1695 1695 1700 1700 1700 1700 1696 1696 1696 1696 1698 1698 1698 1698 1699 1699 1699 1699 1701 1701 1701 1701 1695 1695 1695 1695 1700 1700 1700 1700 1698 1698 1698 1698 1702 1702 1702 1702 1701 1701 1701 1701 1699 1699 1699 1699 1703 1703 1703 1703 1704 1704 1704 1704 1700 1700 1700 1700 1702 1702 1702 1702 1705 1705 1705 1705 1701 1701 1701 1701 1703 1703 1703 1703 1704 1704 1704 1704 1702 1702 1702 1702 1706 1706 1706 1706 1705 1705 1705 1705 1703 1703 1703 1703 1707 1707 1707 1707 1708 1708 1708 1708 1704 1704 1704 1704 1706 1706 1706 1706 1709 1709 1709 1709 1705 1705 1705 1705 1707 1707 1707 1707 1706 1706 1706 1706 1710 1710 1710 1710 1708 1708 1708 1708 1709 1709 1709 1709 1707 1707 1707 1707 1711 1711 1711 1711 1710 1710 1710 1710 1712 1712 1712 1712 1708 1708 1708 1708 1707 1707 1707 1707 1713 1713 1713 1713 1711 1711 1711 1711 1710 1710 1710 1710 1714 1714 1714 1714 1712 1712 1712 1712 1711 1711 1711 1711 1713 1713 1713 1713 1714 1714 1714 1714 1714 1714 1714 1714 1715 1715 1715 1715 1712 1712 1712 1712 1713 1713 1713 1713 1715 1715 1715 1715 1714 1714 1714 1714 1716 1716 1716 1716 1717 1717 1717 1717 1718 1718 1718 1718 1719 1719 1719 1719 1717 1717 1717 1717 1716 1716 1716 1716 1720 1720 1720 1720 1716 1716 1716 1716 1718 1718 1718 1718 1721 1721 1721 1721 1719 1719 1719 1719 1716 1716 1716 1716 1720 1720 1720 1720 1718 1718 1718 1718 1722 1722 1722 1722 1721 1721 1721 1721 1723 1723 1723 1723 1719 1719 1719 1719 1724 1724 1724 1724 1720 1720 1720 1720 1722 1722 1722 1722 1723 1723 1723 1723 1725 1725 1725 1725 1719 1719 1719 1719 1724 1724 1724 1724 1722 1722 1722 1722 1726 1726 1726 1726 1727 1727 1727 1727 1725 1725 1725 1725 1723 1723 1723 1723 1722 1722 1722 1722 1728 1728 1728 1728 1726 1726 1726 1726 1729 1729 1729 1729 1727 1727 1727 1727 1723 1723 1723 1723 1726 1726 1726 1726 1728 1728 1728 1728 1730 1730 1730 1730 1729 1729 1729 1729 1731 1731 1731 1731 1727 1727 1727 1727 1732 1732 1732 1732 1726 1726 1726 1726 1730 1730 1730 1730 1731 1731 1731 1731 1733 1733 1733 1733 1727 1727 1727 1727 1732 1732 1732 1732 1730 1730 1730 1730 1734 1734 1734 1734 1735 1735 1735 1735 1733 1733 1733 1733 1731 1731 1731 1731 1736 1736 1736 1736 1732 1732 1732 1732 1734 1734 1734 1734 1737 1737 1737 1737 1735 1735 1735 1735 1731 1731 1731 1731 1736 1736 1736 1736 1734 1734 1734 1734 1738 1738 1738 1738 1737 1737 1737 1737 1739 1739 1739 1739 1735 1735 1735 1735 1734 1734 1734 1734 1740 1740 1740 1740 1738 1738 1738 1738 1739 1739 1739 1739 1741 1741 1741 1741 1735 1735 1735 1735 1738 1738 1738 1738 1740 1740 1740 1740 1742 1742 1742 1742 1739 1739 1739 1739 1743 1743 1743 1743 1741 1741 1741 1741 1744 1744 1744 1744 1738 1738 1738 1738 1742 1742 1742 1742 1743 1743 1743 1743 1745 1745 1745 1745 1741 1741 1741 1741 1744 1744 1744 1744 1742 1742 1742 1742 1746 1746 1746 1746 1743 1743 1743 1743 1747 1747 1747 1747 1745 1745 1745 1745 1742 1742 1742 1742 1748 1748 1748 1748 1746 1746 1746 1746 1747 1747 1747 1747 1749 1749 1749 1749 1745 1745 1745 1745 1746 1746 1746 1746 1748 1748 1748 1748 1750 1750 1750 1750 1747 1747 1747 1747 1751 1751 1751 1751 1749 1749 1749 1749 1752 1752 1752 1752 1746 1746 1746 1746 1750 1750 1750 1750 1751 1751 1751 1751 1753 1753 1753 1753 1749 1749 1749 1749 1752 1752 1752 1752 1750 1750 1750 1750 1754 1754 1754 1754 1751 1751 1751 1751 1754 1754 1754 1754 1753 1753 1753 1753 1750 1750 1750 1750 1755 1755 1755 1755 1754 1754 1754 1754 1754 1754 1754 1754 1755 1755 1755 1755 1753 1753 1753 1753 1756 1756 1756 1756 1757 1757 1757 1757 1758 1758 1758 1758 1759 1759 1759 1759 1757 1757 1757 1757 1756 1756 1756 1756 1760 1760 1760 1760 1756 1756 1756 1756 1758 1758 1758 1758 1761 1761 1761 1761 1759 1759 1759 1759 1756 1756 1756 1756 1760 1760 1760 1760 1758 1758 1758 1758 1762 1762 1762 1762 1761 1761 1761 1761 1763 1763 1763 1763 1759 1759 1759 1759 1764 1764 1764 1764 1760 1760 1760 1760 1762 1762 1762 1762 1763 1763 1763 1763 1765 1765 1765 1765 1759 1759 1759 1759 1764 1764 1764 1764 1762 1762 1762 1762 1766 1766 1766 1766 1767 1767 1767 1767 1765 1765 1765 1765 1763 1763 1763 1763 1768 1768 1768 1768 1764 1764 1764 1764 1766 1766 1766 1766 1769 1769 1769 1769 1767 1767 1767 1767 1763 1763 1763 1763 1768 1768 1768 1768 1766 1766 1766 1766 1770 1770 1770 1770 1769 1769 1769 1769 1771 1771 1771 1771 1767 1767 1767 1767 1772 1772 1772 1772 1768 1768 1768 1768 1770 1770 1770 1770 1771 1771 1771 1771 1773 1773 1773 1773 1767 1767 1767 1767 1772 1772 1772 1772 1770 1770 1770 1770 1774 1774 1774 1774 1775 1775 1775 1775 1773 1773 1773 1773 1771 1771 1771 1771 1776 1776 1776 1776 1772 1772 1772 1772 1774 1774 1774 1774 1777 1777 1777 1777 1775 1775 1775 1775 1771 1771 1771 1771 1778 1778 1778 1778 1776 1776 1776 1776 1774 1774 1774 1774 1777 1777 1777 1777 1779 1779 1779 1779 1775 1775 1775 1775 1780 1780 1780 1780 1778 1778 1778 1778 1774 1774 1774 1774 1779 1779 1779 1779 1781 1781 1781 1781 1775 1775 1775 1775 1780 1780 1780 1780 1782 1782 1782 1782 1778 1778 1778 1778 1779 1779 1779 1779 1783 1783 1783 1783 1781 1781 1781 1781 1782 1782 1782 1782 1784 1784 1784 1784 1778 1778 1778 1778 1783 1783 1783 1783 1785 1785 1785 1785 1781 1781 1781 1781 1784 1784 1784 1784 1782 1782 1782 1782 1786 1786 1786 1786 1783 1783 1783 1783 1787 1787 1787 1787 1785 1785 1785 1785 1782 1782 1782 1782 1788 1788 1788 1788 1786 1786 1786 1786 1787 1787 1787 1787 1789 1789 1789 1789 1785 1785 1785 1785 1786 1786 1786 1786 1788 1788 1788 1788 1790 1790 1790 1790 1787 1787 1787 1787 1791 1791 1791 1791 1789 1789 1789 1789 1792 1792 1792 1792 1786 1786 1786 1786 1790 1790 1790 1790 1791 1791 1791 1791 1793 1793 1793 1793 1789 1789 1789 1789 1792 1792 1792 1792 1790 1790 1790 1790 1794 1794 1794 1794 1791 1791 1791 1791 1794 1794 1794 1794 1793 1793 1793 1793 1790 1790 1790 1790 1795 1795 1795 1795 1794 1794 1794 1794 1794 1794 1794 1794 1795 1795 1795 1795 1793 1793 1793 1793 1796 1796 1796 1796 1797 1797 1797 1797 1798 1798 1798 1798 1799 1799 1799 1799 1797 1797 1797 1797 1796 1796 1796 1796 1800 1800 1800 1800 1796 1796 1796 1796 1798 1798 1798 1798 1801 1801 1801 1801 1799 1799 1799 1799 1796 1796 1796 1796 1800 1800 1800 1800 1798 1798 1798 1798 1802 1802 1802 1802 1801 1801 1801 1801 1803 1803 1803 1803 1799 1799 1799 1799 1804 1804 1804 1804 1800 1800 1800 1800 1802 1802 1802 1802 1803 1803 1803 1803 1805 1805 1805 1805 1799 1799 1799 1799 1804 1804 1804 1804 1802 1802 1802 1802 1806 1806 1806 1806 1803 1803 1803 1803 1807 1807 1807 1807 1805 1805 1805 1805 1808 1808 1808 1808 1804 1804 1804 1804 1806 1806 1806 1806 1807 1807 1807 1807 1809 1809 1809 1809 1805 1805 1805 1805 1808 1808 1808 1808 1806 1806 1806 1806 1810 1810 1810 1810 1807 1807 1807 1807 1811 1811 1811 1811 1809 1809 1809 1809 1812 1812 1812 1812 1808 1808 1808 1808 1810 1810 1810 1810 1811 1811 1811 1811 1813 1813 1813 1813 1809 1809 1809 1809 1812 1812 1812 1812 1810 1810 1810 1810 1814 1814 1814 1814 1811 1811 1811 1811 1815 1815 1815 1815 1813 1813 1813 1813 1816 1816 1816 1816 1812 1812 1812 1812 1814 1814 1814 1814 1815 1815 1815 1815 1817 1817 1817 1817 1813 1813 1813 1813 1816 1816 1816 1816 1814 1814 1814 1814 1818 1818 1818 1818 1815 1815 1815 1815 1819 1819 1819 1819 1817 1817 1817 1817 1820 1820 1820 1820 1816 1816 1816 1816 1818 1818 1818 1818 1819 1819 1819 1819 1821 1821 1821 1821 1817 1817 1817 1817 1820 1820 1820 1820 1818 1818 1818 1818 1822 1822 1822 1822 1823 1823 1823 1823 1820 1820 1820 1820 1822 1822 1822 1822 1823 1823 1823 1823 1822 1822 1822 1822 1824 1824 1824 1824 1825 1825 1825 1825 1823 1823 1823 1823 1824 1824 1824 1824 1825 1825 1825 1825 1824 1824 1824 1824 1826 1826 1826 1826 1827 1827 1827 1827 1825 1825 1825 1825 1826 1826 1826 1826 1828 1828 1828 1828 1827 1827 1827 1827 1826 1826 1826 1826 1829 1829 1829 1829 1828 1828 1828 1828 1826 1826 1826 1826 1829 1829 1829 1829 1830 1830 1830 1830 1828 1828 1828 1828 1830 1830 1830 1830 1831 1831 1831 1831 1828 1828 1828 1828 1831 1831 1831 1831 1830 1830 1830 1830 1832 1832 1832 1832 1830 1830 1830 1830 1833 1833 1833 1833 1832 1832 1832 1832 1832 1832 1832 1832 1833 1833 1833 1833 1834 1834 1834 1834 1835 1835 1835 1835 1832 1832 1832 1832 1834 1834 1834 1834 1819 1819 1819 1819 1835 1835 1835 1835 1834 1834 1834 1834 1821 1821 1821 1821 1819 1819 1819 1819 1834 1834 1834 1834 1834 1834 1834 1834 1833 1833 1833 1833 1836 1836 1836 1836 1836 1836 1836 1836 1821 1821 1821 1821 1834 1834 1834 1834 1837 1837 1837 1837 1838 1838 1838 1838 1839 1839 1839 1839 1840 1840 1840 1840 1838 1838 1838 1838 1837 1837 1837 1837 1841 1841 1841 1841 1837 1837 1837 1837 1839 1839 1839 1839 1842 1842 1842 1842 1840 1840 1840 1840 1837 1837 1837 1837 1841 1841 1841 1841 1839 1839 1839 1839 1843 1843 1843 1843 1842 1842 1842 1842 1844 1844 1844 1844 1840 1840 1840 1840 1845 1845 1845 1845 1841 1841 1841 1841 1843 1843 1843 1843 1844 1844 1844 1844 1846 1846 1846 1846 1840 1840 1840 1840 1845 1845 1845 1845 1843 1843 1843 1843 1847 1847 1847 1847 1848 1848 1848 1848 1846 1846 1846 1846 1844 1844 1844 1844 1849 1849 1849 1849 1845 1845 1845 1845 1847 1847 1847 1847 1850 1850 1850 1850 1848 1848 1848 1848 1844 1844 1844 1844 1849 1849 1849 1849 1847 1847 1847 1847 1851 1851 1851 1851 1850 1850 1850 1850 1852 1852 1852 1852 1848 1848 1848 1848 1847 1847 1847 1847 1853 1853 1853 1853 1851 1851 1851 1851 1852 1852 1852 1852 1854 1854 1854 1854 1848 1848 1848 1848 1851 1851 1851 1851 1853 1853 1853 1853 1855 1855 1855 1855 1856 1856 1856 1856 1854 1854 1854 1854 1852 1852 1852 1852 1857 1857 1857 1857 1851 1851 1851 1851 1855 1855 1855 1855 1858 1858 1858 1858 1856 1856 1856 1856 1852 1852 1852 1852 1857 1857 1857 1857 1855 1855 1855 1855 1859 1859 1859 1859 1858 1858 1858 1858 1860 1860 1860 1860 1856 1856 1856 1856 1855 1855 1855 1855 1861 1861 1861 1861 1859 1859 1859 1859 1860 1860 1860 1860 1862 1862 1862 1862 1856 1856 1856 1856 1859 1859 1859 1859 1861 1861 1861 1861 1863 1863 1863 1863 1860 1860 1860 1860 1864 1864 1864 1864 1862 1862 1862 1862 1865 1865 1865 1865 1859 1859 1859 1859 1863 1863 1863 1863 1864 1864 1864 1864 1866 1866 1866 1866 1862 1862 1862 1862 1865 1865 1865 1865 1863 1863 1863 1863 1867 1867 1867 1867 1868 1868 1868 1868 1866 1866 1866 1866 1864 1864 1864 1864 1863 1863 1863 1863 1869 1869 1869 1869 1867 1867 1867 1867 1870 1870 1870 1870 1868 1868 1868 1868 1864 1864 1864 1864 1867 1867 1867 1867 1869 1869 1869 1869 1871 1871 1871 1871 1870 1870 1870 1870 1872 1872 1872 1872 1868 1868 1868 1868 1873 1873 1873 1873 1867 1867 1867 1867 1871 1871 1871 1871 1872 1872 1872 1872 1874 1874 1874 1874 1868 1868 1868 1868 1873 1873 1873 1873 1871 1871 1871 1871 1875 1875 1875 1875 1872 1872 1872 1872 1875 1875 1875 1875 1874 1874 1874 1874 1871 1871 1871 1871 1876 1876 1876 1876 1875 1875 1875 1875 1875 1875 1875 1875 1876 1876 1876 1876 1874 1874 1874 1874 1877 1877 1877 1877 1878 1878 1878 1878 1879 1879 1879 1879 1877 1877 1877 1877 1880 1880 1880 1880 1878 1878 1878 1878 1878 1878 1878 1878 1881 1881 1881 1881 1879 1879 1879 1879 1880 1880 1880 1880 1882 1882 1882 1882 1878 1878 1878 1878 1879 1879 1879 1879 1881 1881 1881 1881 1883 1883 1883 1883 1884 1884 1884 1884 1882 1882 1882 1882 1880 1880 1880 1880 1881 1881 1881 1881 1885 1885 1885 1885 1883 1883 1883 1883 1886 1886 1886 1886 1884 1884 1884 1884 1880 1880 1880 1880 1883 1883 1883 1883 1885 1885 1885 1885 1887 1887 1887 1887 1884 1884 1884 1884 1886 1886 1886 1886 1888 1888 1888 1888 1889 1889 1889 1889 1883 1883 1883 1883 1887 1887 1887 1887 1886 1886 1886 1886 1890 1890 1890 1890 1888 1888 1888 1888 1889 1889 1889 1889 1887 1887 1887 1887 1891 1891 1891 1891 1888 1888 1888 1888 1890 1890 1890 1890 1892 1892 1892 1892 1887 1887 1887 1887 1893 1893 1893 1893 1891 1891 1891 1891 1890 1890 1890 1890 1894 1894 1894 1894 1892 1892 1892 1892 1891 1891 1891 1891 1893 1893 1893 1893 1895 1895 1895 1895 1892 1892 1892 1892 1894 1894 1894 1894 1896 1896 1896 1896 1893 1893 1893 1893 1897 1897 1897 1897 1895 1895 1895 1895 1894 1894 1894 1894 1898 1898 1898 1898 1896 1896 1896 1896 1895 1895 1895 1895 1897 1897 1897 1897 1899 1899 1899 1899 1900 1900 1900 1900 1896 1896 1896 1896 1898 1898 1898 1898 1901 1901 1901 1901 1895 1895 1895 1895 1899 1899 1899 1899 1902 1902 1902 1902 1900 1900 1900 1900 1898 1898 1898 1898 1899 1899 1899 1899 1903 1903 1903 1903 1901 1901 1901 1901 1900 1900 1900 1900 1902 1902 1902 1902 1904 1904 1904 1904 1903 1903 1903 1903 1905 1905 1905 1905 1901 1901 1901 1901 1906 1906 1906 1906 1900 1900 1900 1900 1904 1904 1904 1904 1905 1905 1905 1905 1903 1903 1903 1903 1907 1907 1907 1907 1906 1906 1906 1906 1904 1904 1904 1904 1908 1908 1908 1908 1909 1909 1909 1909 1905 1905 1905 1905 1907 1907 1907 1907 1904 1904 1904 1904 1910 1910 1910 1910 1908 1908 1908 1908 1909 1909 1909 1909 1907 1907 1907 1907 1911 1911 1911 1911 1908 1908 1908 1908 1910 1910 1910 1910 1912 1912 1912 1912 1913 1913 1913 1913 1909 1909 1909 1909 1911 1911 1911 1911 1910 1910 1910 1910 1914 1914 1914 1914 1912 1912 1912 1912 1913 1913 1913 1913 1911 1911 1911 1911 1915 1915 1915 1915 1914 1914 1914 1914 1916 1916 1916 1916 1912 1912 1912 1912 1916 1916 1916 1916 1913 1913 1913 1913 1915 1915 1915 1915 1916 1916 1916 1916 1915 1915 1915 1915 1912 1912 1912 1912 1917 1917 1917 1917 1918 1918 1918 1918 1919 1919 1919 1919 1920 1920 1920 1920 1918 1918 1918 1918 1917 1917 1917 1917 1921 1921 1921 1921 1917 1917 1917 1917 1919 1919 1919 1919 1922 1922 1922 1922 1920 1920 1920 1920 1917 1917 1917 1917 1921 1921 1921 1921 1919 1919 1919 1919 1923 1923 1923 1923 1922 1922 1922 1922 1924 1924 1924 1924 1920 1920 1920 1920 1925 1925 1925 1925 1921 1921 1921 1921 1923 1923 1923 1923 1924 1924 1924 1924 1926 1926 1926 1926 1920 1920 1920 1920 1925 1925 1925 1925 1923 1923 1923 1923 1927 1927 1927 1927 1924 1924 1924 1924 1928 1928 1928 1928 1926 1926 1926 1926 1929 1929 1929 1929 1925 1925 1925 1925 1927 1927 1927 1927 1928 1928 1928 1928 1930 1930 1930 1930 1926 1926 1926 1926 1929 1929 1929 1929 1927 1927 1927 1927 1931 1931 1931 1931 1928 1928 1928 1928 1932 1932 1932 1932 1930 1930 1930 1930 1933 1933 1933 1933 1929 1929 1929 1929 1931 1931 1931 1931 1932 1932 1932 1932 1934 1934 1934 1934 1930 1930 1930 1930 1933 1933 1933 1933 1931 1931 1931 1931 1935 1935 1935 1935 1932 1932 1932 1932 1936 1936 1936 1936 1934 1934 1934 1934 1937 1937 1937 1937 1933 1933 1933 1933 1935 1935 1935 1935 1936 1936 1936 1936 1938 1938 1938 1938 1934 1934 1934 1934 1937 1937 1937 1937 1935 1935 1935 1935 1939 1939 1939 1939 1936 1936 1936 1936 1940 1940 1940 1940 1938 1938 1938 1938 1941 1941 1941 1941 1937 1937 1937 1937 1939 1939 1939 1939 1940 1940 1940 1940 1942 1942 1942 1942 1938 1938 1938 1938 1941 1941 1941 1941 1939 1939 1939 1939 1943 1943 1943 1943 1940 1940 1940 1940 1944 1944 1944 1944 1942 1942 1942 1942 1945 1945 1945 1945 1941 1941 1941 1941 1943 1943 1943 1943 1944 1944 1944 1944 1946 1946 1946 1946 1942 1942 1942 1942 1945 1945 1945 1945 1943 1943 1943 1943 1947 1947 1947 1947 1944 1944 1944 1944 1948 1948 1948 1948 1946 1946 1946 1946 1949 1949 1949 1949 1945 1945 1945 1945 1947 1947 1947 1947 1948 1948 1948 1948 1950 1950 1950 1950 1946 1946 1946 1946 1949 1949 1949 1949 1947 1947 1947 1947 1951 1951 1951 1951 1948 1948 1948 1948 1952 1952 1952 1952 1950 1950 1950 1950 1953 1953 1953 1953 1949 1949 1949 1949 1951 1951 1951 1951 1952 1952 1952 1952 1954 1954 1954 1954 1950 1950 1950 1950 1953 1953 1953 1953 1951 1951 1951 1951 1955 1955 1955 1955 1952 1952 1952 1952 1956 1956 1956 1956 1954 1954 1954 1954 1956 1956 1956 1956 1953 1953 1953 1953 1955 1955 1955 1955 1956 1956 1956 1956 1955 1955 1955 1955 1954 1954 1954 1954 1957 1957 1957 1957 1958 1958 1958 1958 1959 1959 1959 1959 1960 1960 1960 1960 1958 1958 1958 1958 1957 1957 1957 1957 1961 1961 1961 1961 1957 1957 1957 1957 1959 1959 1959 1959 1962 1962 1962 1962 1960 1960 1960 1960 1957 1957 1957 1957 1961 1961 1961 1961 1959 1959 1959 1959 1963 1963 1963 1963 1964 1964 1964 1964 1960 1960 1960 1960 1962 1962 1962 1962 1965 1965 1965 1965 1961 1961 1961 1961 1963 1963 1963 1963 1966 1966 1966 1966 1964 1964 1964 1964 1962 1962 1962 1962 1965 1965 1965 1965 1963 1963 1963 1963 1967 1967 1967 1967 1968 1968 1968 1968 1964 1964 1964 1964 1966 1966 1966 1966 1969 1969 1969 1969 1965 1965 1965 1965 1967 1967 1967 1967 1970 1970 1970 1970 1968 1968 1968 1968 1966 1966 1966 1966 1971 1971 1971 1971 1969 1969 1969 1969 1967 1967 1967 1967 1970 1970 1970 1970 1972 1972 1972 1972 1968 1968 1968 1968 1973 1973 1973 1973 1971 1971 1971 1971 1967 1967 1967 1967 1972 1972 1972 1972 1974 1974 1974 1974 1968 1968 1968 1968 1975 1975 1975 1975 1971 1971 1971 1971 1973 1973 1973 1973 1972 1972 1972 1972 1976 1976 1976 1976 1974 1974 1974 1974 1977 1977 1977 1977 1975 1975 1975 1975 1973 1973 1973 1973 1976 1976 1976 1976 1978 1978 1978 1978 1974 1974 1974 1974 1979 1979 1979 1979 1975 1975 1975 1975 1977 1977 1977 1977 1978 1978 1978 1978 1976 1976 1976 1976 1980 1980 1980 1980 1981 1981 1981 1981 1979 1979 1979 1979 1977 1977 1977 1977 1976 1976 1976 1976 1982 1982 1982 1982 1980 1980 1980 1980 1983 1983 1983 1983 1979 1979 1979 1979 1981 1981 1981 1981 1984 1984 1984 1984 1980 1980 1980 1980 1982 1982 1982 1982 1985 1985 1985 1985 1983 1983 1983 1983 1981 1981 1981 1981 1986 1986 1986 1986 1984 1984 1984 1984 1982 1982 1982 1982 1987 1987 1987 1987 1983 1983 1983 1983 1985 1985 1985 1985 1984 1984 1984 1984 1986 1986 1986 1986 1988 1988 1988 1988 1989 1989 1989 1989 1987 1987 1987 1987 1985 1985 1985 1985 1990 1990 1990 1990 1984 1984 1984 1984 1988 1988 1988 1988 1987 1987 1987 1987 1989 1989 1989 1989 1991 1991 1991 1991 1988 1988 1988 1988 1992 1992 1992 1992 1990 1990 1990 1990 1993 1993 1993 1993 1987 1987 1987 1987 1991 1991 1991 1991 1992 1992 1992 1992 1994 1994 1994 1994 1990 1990 1990 1990 1993 1993 1993 1993 1991 1991 1991 1991 1995 1995 1995 1995 1992 1992 1992 1992 1996 1996 1996 1996 1994 1994 1994 1994 1996 1996 1996 1996 1993 1993 1993 1993 1995 1995 1995 1995 1996 1996 1996 1996 1995 1995 1995 1995 1994 1994 1994 1994 1997 1997 1997 1997 1998 1998 1998 1998 1999 1999 1999 1999 1998 1998 1998 1998 1997 1997 1997 1997 2000 2000 2000 2000 2001 2001 2001 2001 1997 1997 1997 1997 1999 1999 1999 1999 1997 1997 1997 1997 2002 2002 2002 2002 2000 2000 2000 2000 2001 2001 2001 2001 1999 1999 1999 1999 2003 2003 2003 2003 2000 2000 2000 2000 2002 2002 2002 2002 2004 2004 2004 2004 2005 2005 2005 2005 2001 2001 2001 2001 2003 2003 2003 2003 2002 2002 2002 2002 2006 2006 2006 2006 2004 2004 2004 2004 2003 2003 2003 2003 2007 2007 2007 2007 2005 2005 2005 2005 2004 2004 2004 2004 2006 2006 2006 2006 2008 2008 2008 2008 2007 2007 2007 2007 2009 2009 2009 2009 2005 2005 2005 2005 2006 2006 2006 2006 2010 2010 2010 2010 2008 2008 2008 2008 2011 2011 2011 2011 2009 2009 2009 2009 2007 2007 2007 2007 2010 2010 2010 2010 2012 2012 2012 2012 2008 2008 2008 2008 2013 2013 2013 2013 2011 2011 2011 2011 2007 2007 2007 2007 2012 2012 2012 2012 2014 2014 2014 2014 2008 2008 2008 2008 2015 2015 2015 2015 2011 2011 2011 2011 2013 2013 2013 2013 2012 2012 2012 2012 2016 2016 2016 2016 2014 2014 2014 2014 2017 2017 2017 2017 2015 2015 2015 2015 2013 2013 2013 2013 2016 2016 2016 2016 2018 2018 2018 2018 2014 2014 2014 2014 2015 2015 2015 2015 2017 2017 2017 2017 2019 2019 2019 2019 2016 2016 2016 2016 2020 2020 2020 2020 2018 2018 2018 2018 2021 2021 2021 2021 2015 2015 2015 2015 2019 2019 2019 2019 2020 2020 2020 2020 2022 2022 2022 2022 2018 2018 2018 2018 2021 2021 2021 2021 2019 2019 2019 2019 2023 2023 2023 2023 2024 2024 2024 2024 2022 2022 2022 2022 2020 2020 2020 2020 2025 2025 2025 2025 2021 2021 2021 2021 2023 2023 2023 2023 2026 2026 2026 2026 2024 2024 2024 2024 2020 2020 2020 2020 2025 2025 2025 2025 2023 2023 2023 2023 2027 2027 2027 2027 2028 2028 2028 2028 2024 2024 2024 2024 2026 2026 2026 2026 2029 2029 2029 2029 2025 2025 2025 2025 2027 2027 2027 2027 2030 2030 2030 2030 2028 2028 2028 2028 2026 2026 2026 2026 2029 2029 2029 2029 2027 2027 2027 2027 2031 2031 2031 2031 2028 2028 2028 2028 2030 2030 2030 2030 2032 2032 2032 2032 2033 2033 2033 2033 2029 2029 2029 2029 2031 2031 2031 2031 2034 2034 2034 2034 2028 2028 2028 2028 2032 2032 2032 2032 2031 2031 2031 2031 2035 2035 2035 2035 2033 2033 2033 2033 2035 2035 2035 2035 2034 2034 2034 2034 2032 2032 2032 2032 2035 2035 2035 2035 2036 2036 2036 2036 2033 2033 2033 2033 2036 2036 2036 2036 2035 2035 2035 2035 2032 2032 2032 2032 2037 2037 2037 2037 2038 2038 2038 2038 2039 2039 2039 2039 2037 2037 2037 2037 2039 2039 2039 2039 2040 2040 2040 2040 2038 2038 2038 2038 2041 2041 2041 2041 2039 2039 2039 2039 2042 2042 2042 2042 2037 2037 2037 2037 2040 2040 2040 2040 2038 2038 2038 2038 2043 2043 2043 2043 2041 2041 2041 2041 2042 2042 2042 2042 2040 2040 2040 2040 2044 2044 2044 2044 2043 2043 2043 2043 2045 2045 2045 2045 2041 2041 2041 2041 2046 2046 2046 2046 2042 2042 2042 2042 2044 2044 2044 2044 2043 2043 2043 2043 2047 2047 2047 2047 2045 2045 2045 2045 2046 2046 2046 2046 2044 2044 2044 2044 2048 2048 2048 2048 2047 2047 2047 2047 2049 2049 2049 2049 2045 2045 2045 2045 2050 2050 2050 2050 2046 2046 2046 2046 2048 2048 2048 2048 2047 2047 2047 2047 2051 2051 2051 2051 2049 2049 2049 2049 2050 2050 2050 2050 2048 2048 2048 2048 2052 2052 2052 2052 2051 2051 2051 2051 2053 2053 2053 2053 2049 2049 2049 2049 2054 2054 2054 2054 2050 2050 2050 2050 2052 2052 2052 2052 2051 2051 2051 2051 2055 2055 2055 2055 2053 2053 2053 2053 2054 2054 2054 2054 2052 2052 2052 2052 2056 2056 2056 2056 2055 2055 2055 2055 2057 2057 2057 2057 2053 2053 2053 2053 2058 2058 2058 2058 2054 2054 2054 2054 2056 2056 2056 2056 2055 2055 2055 2055 2059 2059 2059 2059 2057 2057 2057 2057 2058 2058 2058 2058 2056 2056 2056 2056 2060 2060 2060 2060 2059 2059 2059 2059 2061 2061 2061 2061 2057 2057 2057 2057 2062 2062 2062 2062 2058 2058 2058 2058 2060 2060 2060 2060 2059 2059 2059 2059 2063 2063 2063 2063 2061 2061 2061 2061 2062 2062 2062 2062 2060 2060 2060 2060 2064 2064 2064 2064 2063 2063 2063 2063 2065 2065 2065 2065 2061 2061 2061 2061 2066 2066 2066 2066 2062 2062 2062 2062 2064 2064 2064 2064 2063 2063 2063 2063 2067 2067 2067 2067 2065 2065 2065 2065 2066 2066 2066 2066 2064 2064 2064 2064 2068 2068 2068 2068 2067 2067 2067 2067 2069 2069 2069 2069 2065 2065 2065 2065 2070 2070 2070 2070 2066 2066 2066 2066 2068 2068 2068 2068 2067 2067 2067 2067 2071 2071 2071 2071 2069 2069 2069 2069 2070 2070 2070 2070 2068 2068 2068 2068 2072 2072 2072 2072 2071 2071 2071 2071 2073 2073 2073 2073 2069 2069 2069 2069 2074 2074 2074 2074 2070 2070 2070 2070 2072 2072 2072 2072 2071 2071 2071 2071 2075 2075 2075 2075 2073 2073 2073 2073 2074 2074 2074 2074 2072 2072 2072 2072 2076 2076 2076 2076 2075 2075 2075 2075 2076 2076 2076 2076 2073 2073 2073 2073 2075 2075 2075 2075 2074 2074 2074 2074 2076 2076 2076 2076 2077 2077 2077 2077 2078 2078 2078 2078 2079 2079 2079 2079 2077 2077 2077 2077 2079 2079 2079 2079 2080 2080 2080 2080 2078 2078 2078 2078 2081 2081 2081 2081 2079 2079 2079 2079 2082 2082 2082 2082 2077 2077 2077 2077 2080 2080 2080 2080 2078 2078 2078 2078 2083 2083 2083 2083 2081 2081 2081 2081 2082 2082 2082 2082 2080 2080 2080 2080 2084 2084 2084 2084 2083 2083 2083 2083 2085 2085 2085 2085 2081 2081 2081 2081 2086 2086 2086 2086 2082 2082 2082 2082 2084 2084 2084 2084 2083 2083 2083 2083 2087 2087 2087 2087 2085 2085 2085 2085 2086 2086 2086 2086 2084 2084 2084 2084 2088 2088 2088 2088 2087 2087 2087 2087 2089 2089 2089 2089 2085 2085 2085 2085 2090 2090 2090 2090 2086 2086 2086 2086 2088 2088 2088 2088 2087 2087 2087 2087 2091 2091 2091 2091 2089 2089 2089 2089 2090 2090 2090 2090 2088 2088 2088 2088 2092 2092 2092 2092 2091 2091 2091 2091 2093 2093 2093 2093 2089 2089 2089 2089 2094 2094 2094 2094 2090 2090 2090 2090 2092 2092 2092 2092 2091 2091 2091 2091 2095 2095 2095 2095 2093 2093 2093 2093 2094 2094 2094 2094 2092 2092 2092 2092 2096 2096 2096 2096 2095 2095 2095 2095 2097 2097 2097 2097 2093 2093 2093 2093 2098 2098 2098 2098 2094 2094 2094 2094 2096 2096 2096 2096 2095 2095 2095 2095 2099 2099 2099 2099 2097 2097 2097 2097 2098 2098 2098 2098 2096 2096 2096 2096 2100 2100 2100 2100 2099 2099 2099 2099 2101 2101 2101 2101 2097 2097 2097 2097 2102 2102 2102 2102 2098 2098 2098 2098 2100 2100 2100 2100 2099 2099 2099 2099 2103 2103 2103 2103 2101 2101 2101 2101 2102 2102 2102 2102 2100 2100 2100 2100 2104 2104 2104 2104 2103 2103 2103 2103 2105 2105 2105 2105 2101 2101 2101 2101 2106 2106 2106 2106 2102 2102 2102 2102 2104 2104 2104 2104 2103 2103 2103 2103 2107 2107 2107 2107 2105 2105 2105 2105 2106 2106 2106 2106 2104 2104 2104 2104 2108 2108 2108 2108 2107 2107 2107 2107 2109 2109 2109 2109 2105 2105 2105 2105 2110 2110 2110 2110 2106 2106 2106 2106 2108 2108 2108 2108 2107 2107 2107 2107 2111 2111 2111 2111 2109 2109 2109 2109 2110 2110 2110 2110 2108 2108 2108 2108 2112 2112 2112 2112 2111 2111 2111 2111 2113 2113 2113 2113 2109 2109 2109 2109 2114 2114 2114 2114 2110 2110 2110 2110 2112 2112 2112 2112 2111 2111 2111 2111 2115 2115 2115 2115 2113 2113 2113 2113 2114 2114 2114 2114 2112 2112 2112 2112 2116 2116 2116 2116 2115 2115 2115 2115 2116 2116 2116 2116 2113 2113 2113 2113 2115 2115 2115 2115 2114 2114 2114 2114 2116 2116 2116 2116 2117 2117 2117 2117 2118 2118 2118 2118 2119 2119 2119 2119 2117 2117 2117 2117 2119 2119 2119 2119 2120 2120 2120 2120 2118 2118 2118 2118 2121 2121 2121 2121 2119 2119 2119 2119 2122 2122 2122 2122 2117 2117 2117 2117 2120 2120 2120 2120 2118 2118 2118 2118 2123 2123 2123 2123 2121 2121 2121 2121 2122 2122 2122 2122 2120 2120 2120 2120 2124 2124 2124 2124 2123 2123 2123 2123 2125 2125 2125 2125 2121 2121 2121 2121 2126 2126 2126 2126 2122 2122 2122 2122 2124 2124 2124 2124 2123 2123 2123 2123 2127 2127 2127 2127 2125 2125 2125 2125 2126 2126 2126 2126 2124 2124 2124 2124 2128 2128 2128 2128 2127 2127 2127 2127 2129 2129 2129 2129 2125 2125 2125 2125 2130 2130 2130 2130 2126 2126 2126 2126 2128 2128 2128 2128 2127 2127 2127 2127 2131 2131 2131 2131 2129 2129 2129 2129 2130 2130 2130 2130 2128 2128 2128 2128 2132 2132 2132 2132 2131 2131 2131 2131 2133 2133 2133 2133 2129 2129 2129 2129 2134 2134 2134 2134 2130 2130 2130 2130 2132 2132 2132 2132 2131 2131 2131 2131 2135 2135 2135 2135 2133 2133 2133 2133 2134 2134 2134 2134 2132 2132 2132 2132 2136 2136 2136 2136 2135 2135 2135 2135 2137 2137 2137 2137 2133 2133 2133 2133 2138 2138 2138 2138 2134 2134 2134 2134 2136 2136 2136 2136 2135 2135 2135 2135 2139 2139 2139 2139 2137 2137 2137 2137 2138 2138 2138 2138 2136 2136 2136 2136 2140 2140 2140 2140 2139 2139 2139 2139 2141 2141 2141 2141 2137 2137 2137 2137 2142 2142 2142 2142 2138 2138 2138 2138 2140 2140 2140 2140 2139 2139 2139 2139 2143 2143 2143 2143 2141 2141 2141 2141 2142 2142 2142 2142 2140 2140 2140 2140 2144 2144 2144 2144 2143 2143 2143 2143 2145 2145 2145 2145 2141 2141 2141 2141 2146 2146 2146 2146 2142 2142 2142 2142 2144 2144 2144 2144 2143 2143 2143 2143 2147 2147 2147 2147 2145 2145 2145 2145 2146 2146 2146 2146 2144 2144 2144 2144 2148 2148 2148 2148 2147 2147 2147 2147 2149 2149 2149 2149 2145 2145 2145 2145 2150 2150 2150 2150 2146 2146 2146 2146 2148 2148 2148 2148 2147 2147 2147 2147 2151 2151 2151 2151 2149 2149 2149 2149 2150 2150 2150 2150 2148 2148 2148 2148 2152 2152 2152 2152 2151 2151 2151 2151 2153 2153 2153 2153 2149 2149 2149 2149 2154 2154 2154 2154 2150 2150 2150 2150 2152 2152 2152 2152 2151 2151 2151 2151 2155 2155 2155 2155 2153 2153 2153 2153 2154 2154 2154 2154 2152 2152 2152 2152 2156 2156 2156 2156 2155 2155 2155 2155 2156 2156 2156 2156 2153 2153 2153 2153 2155 2155 2155 2155 2154 2154 2154 2154 2156 2156 2156 2156 2157 2157 2157 2157 2158 2158 2158 2158 2159 2159 2159 2159 2157 2157 2157 2157 2159 2159 2159 2159 2160 2160 2160 2160 2158 2158 2158 2158 2161 2161 2161 2161 2159 2159 2159 2159 2162 2162 2162 2162 2157 2157 2157 2157 2160 2160 2160 2160 2158 2158 2158 2158 2163 2163 2163 2163 2161 2161 2161 2161 2162 2162 2162 2162 2160 2160 2160 2160 2164 2164 2164 2164 2163 2163 2163 2163 2165 2165 2165 2165 2161 2161 2161 2161 2166 2166 2166 2166 2162 2162 2162 2162 2164 2164 2164 2164 2163 2163 2163 2163 2167 2167 2167 2167 2165 2165 2165 2165 2166 2166 2166 2166 2164 2164 2164 2164 2168 2168 2168 2168 2167 2167 2167 2167 2169 2169 2169 2169 2165 2165 2165 2165 2170 2170 2170 2170 2166 2166 2166 2166 2168 2168 2168 2168 2167 2167 2167 2167 2171 2171 2171 2171 2169 2169 2169 2169 2170 2170 2170 2170 2168 2168 2168 2168 2172 2172 2172 2172 2171 2171 2171 2171 2173 2173 2173 2173 2169 2169 2169 2169 2174 2174 2174 2174 2170 2170 2170 2170 2172 2172 2172 2172 2171 2171 2171 2171 2175 2175 2175 2175 2173 2173 2173 2173 2174 2174 2174 2174 2172 2172 2172 2172 2176 2176 2176 2176 2175 2175 2175 2175 2177 2177 2177 2177 2173 2173 2173 2173 2178 2178 2178 2178 2174 2174 2174 2174 2176 2176 2176 2176 2175 2175 2175 2175 2179 2179 2179 2179 2177 2177 2177 2177 2178 2178 2178 2178 2176 2176 2176 2176 2180 2180 2180 2180 2179 2179 2179 2179 2181 2181 2181 2181 2177 2177 2177 2177 2182 2182 2182 2182 2178 2178 2178 2178 2180 2180 2180 2180 2179 2179 2179 2179 2183 2183 2183 2183 2181 2181 2181 2181 2182 2182 2182 2182 2180 2180 2180 2180 2184 2184 2184 2184 2183 2183 2183 2183 2185 2185 2185 2185 2181 2181 2181 2181 2186 2186 2186 2186 2182 2182 2182 2182 2184 2184 2184 2184 2183 2183 2183 2183 2187 2187 2187 2187 2185 2185 2185 2185 2186 2186 2186 2186 2184 2184 2184 2184 2188 2188 2188 2188 2187 2187 2187 2187 2189 2189 2189 2189 2185 2185 2185 2185 2190 2190 2190 2190 2186 2186 2186 2186 2188 2188 2188 2188 2187 2187 2187 2187 2191 2191 2191 2191 2189 2189 2189 2189 2190 2190 2190 2190 2188 2188 2188 2188 2192 2192 2192 2192 2191 2191 2191 2191 2193 2193 2193 2193 2189 2189 2189 2189 2194 2194 2194 2194 2190 2190 2190 2190 2192 2192 2192 2192 2191 2191 2191 2191 2195 2195 2195 2195 2193 2193 2193 2193 2194 2194 2194 2194 2192 2192 2192 2192 2196 2196 2196 2196 2195 2195 2195 2195 2196 2196 2196 2196 2193 2193 2193 2193 2195 2195 2195 2195 2194 2194 2194 2194 2196 2196 2196 2196 2197 2197 2197 2197 2198 2198 2198 2198 2199 2199 2199 2199 2197 2197 2197 2197 2199 2199 2199 2199 2200 2200 2200 2200 2198 2198 2198 2198 2201 2201 2201 2201 2199 2199 2199 2199 2202 2202 2202 2202 2197 2197 2197 2197 2200 2200 2200 2200 2198 2198 2198 2198 2203 2203 2203 2203 2201 2201 2201 2201 2202 2202 2202 2202 2200 2200 2200 2200 2204 2204 2204 2204 2203 2203 2203 2203 2205 2205 2205 2205 2201 2201 2201 2201 2206 2206 2206 2206 2202 2202 2202 2202 2204 2204 2204 2204 2203 2203 2203 2203 2207 2207 2207 2207 2205 2205 2205 2205 2206 2206 2206 2206 2204 2204 2204 2204 2208 2208 2208 2208 2207 2207 2207 2207 2209 2209 2209 2209 2205 2205 2205 2205 2210 2210 2210 2210 2206 2206 2206 2206 2208 2208 2208 2208 2207 2207 2207 2207 2211 2211 2211 2211 2209 2209 2209 2209 2210 2210 2210 2210 2208 2208 2208 2208 2212 2212 2212 2212 2211 2211 2211 2211 2213 2213 2213 2213 2209 2209 2209 2209 2214 2214 2214 2214 2210 2210 2210 2210 2212 2212 2212 2212 2211 2211 2211 2211 2215 2215 2215 2215 2213 2213 2213 2213 2214 2214 2214 2214 2212 2212 2212 2212 2216 2216 2216 2216 2215 2215 2215 2215 2217 2217 2217 2217 2213 2213 2213 2213 2218 2218 2218 2218 2214 2214 2214 2214 2216 2216 2216 2216 2215 2215 2215 2215 2219 2219 2219 2219 2217 2217 2217 2217 2218 2218 2218 2218 2216 2216 2216 2216 2220 2220 2220 2220 2219 2219 2219 2219 2221 2221 2221 2221 2217 2217 2217 2217 2222 2222 2222 2222 2218 2218 2218 2218 2220 2220 2220 2220 2219 2219 2219 2219 2223 2223 2223 2223 2221 2221 2221 2221 2222 2222 2222 2222 2220 2220 2220 2220 2224 2224 2224 2224 2223 2223 2223 2223 2225 2225 2225 2225 2221 2221 2221 2221 2226 2226 2226 2226 2222 2222 2222 2222 2224 2224 2224 2224 2223 2223 2223 2223 2227 2227 2227 2227 2225 2225 2225 2225 2226 2226 2226 2226 2224 2224 2224 2224 2228 2228 2228 2228 2227 2227 2227 2227 2229 2229 2229 2229 2225 2225 2225 2225 2230 2230 2230 2230 2226 2226 2226 2226 2228 2228 2228 2228 2227 2227 2227 2227 2231 2231 2231 2231 2229 2229 2229 2229 2230 2230 2230 2230 2228 2228 2228 2228 2232 2232 2232 2232 2231 2231 2231 2231 2233 2233 2233 2233 2229 2229 2229 2229 2234 2234 2234 2234 2230 2230 2230 2230 2232 2232 2232 2232 2231 2231 2231 2231 2235 2235 2235 2235 2233 2233 2233 2233 2234 2234 2234 2234 2232 2232 2232 2232 2236 2236 2236 2236 2235 2235 2235 2235 2236 2236 2236 2236 2233 2233 2233 2233 2235 2235 2235 2235 2234 2234 2234 2234 2236 2236 2236 2236 </p>
        </triangles>
      </mesh>
    </geometry>
  </library_geometries>
  <library_controllers>
    <controller id="Armature_CollisionM__CollisionC-mesh">
      <skin source="#CollisionM__CollisionC-mesh">
        <bind_shape_matrix>1 0 0 0 0 1 0 0 0 0 1 0 0 0 0 1</bind_shape_matrix>
        <source id="CollisionM__CollisionC-mesh-joint">
          <Name_array id="CollisionM__CollisionC-mesh-joint-array" count="1">CmFillerObjectCL</Name_array>
          <technique_common>
            <accessor source="#CollisionM__CollisionC-mesh-joint-array" count="1" stride="1">
              <param name="JOINT" type="name" />
            </accessor>
          </technique_common>
        </source>
        <source id="CollisionM__CollisionC-mesh-inv_bind_matrix">
          <float_array id="CollisionM__CollisionC-mesh-inv_bind_matrix-array" count="16">1 0 0 0 0 1 0 0 0 0 1 0 0 0 0 1</float_array>
          <technique_common>
            <accessor source="#CollisionM__CollisionC-mesh-inv_bind_matrix-array" count="1" stride="16">
              <param name="TRANSFORM" type="float4x4" />
            </accessor>
          </technique_common>
        </source>
        <source id="CollisionM__CollisionC-mesh-weight">
          <float_array id="CollisionM__CollisionC-mesh-weight-array" count="1">1</float_array>
          <technique_common>
            <accessor source="#CollisionM__CollisionC-mesh-weight-array" count="1" stride="1">
              <param name="WEIGHT" type="float" />
            </accessor>
          </technique_common>
        </source>
        <joints>
          <input semantic="JOINT" source="#CollisionM__CollisionC-mesh-joint" />
          <input semantic="INV_BIND_MATRIX" source="#CollisionM__CollisionC-mesh-inv_bind_matrix" />
        </joints>
        <vertex_weights count="1">
          <input semantic="JOINT" source="#CollisionM__CollisionC-mesh-joint" offset="0" />
          <input semantic="WEIGHT" source="#CollisionM__CollisionC-mesh-weight" offset="1" />
          <vcount>1 </vcount>
          <v>0 0 </v>
        </vertex_weights>
      </skin>
    </controller>
    <controller id="Armature_pCube64__CmFillerObjectCC-mesh">
      <skin source="#pCube64__CmFillerObjectCC-mesh">
        <bind_shape_matrix>1 0 0 0 0 1 0 0 0 0 1 0 0 0 0 1</bind_shape_matrix>
        <source id="pCube64__CmFillerObjectCC-mesh-joint">
          <Name_array id="pCube64__CmFillerObjectCC-mesh-joint-array" count="1">CmFillerObjectCL</Name_array>
          <technique_common>
            <accessor source="#pCube64__CmFillerObjectCC-mesh-joint-array" count="1" stride="1">
              <param name="JOINT" type="name" />
            </accessor>
          </technique_common>
        </source>
        <source id="pCube64__CmFillerObjectCC-mesh-inv_bind_matrix">
          <float_array id="pCube64__CmFillerObjectCC-mesh-inv_bind_matrix-array" count="16">1 0 0 0 0 1 0 0 0 0 1 0 0 0 0 1</float_array>
          <technique_common>
            <accessor source="#pCube64__CmFillerObjectCC-mesh-inv_bind_matrix-array" count="1" stride="16">
              <param name="TRANSFORM" type="float4x4" />
            </accessor>
          </technique_common>
        </source>
        <source id="pCube64__CmFillerObjectCC-mesh-weight">
          <float_array id="pCube64__CmFillerObjectCC-mesh-weight-array" count="1">1</float_array>
          <technique_common>
            <accessor source="#pCube64__CmFillerObjectCC-mesh-weight-array" count="1" stride="1">
              <param name="WEIGHT" type="float" />
            </accessor>
          </technique_common>
        </source>
        <joints>
          <input semantic="JOINT" source="#pCube64__CmFillerObjectCC-mesh-joint" />
          <input semantic="INV_BIND_MATRIX" source="#pCube64__CmFillerObjectCC-mesh-inv_bind_matrix" />
        </joints>
        <vertex_weights count="3649">
          <input semantic="JOINT" source="#pCube64__CmFillerObjectCC-mesh-joint" offset="0" />
          <input semantic="WEIGHT" source="#pCube64__CmFillerObjectCC-mesh-weight" offset="1" />
          <vcount>1 1 1 1 1 1 1 1 1 1 1 1 1 1 1 1 1 1 1 1 1 1 1 1 1 1 1 1 1 1 1 1 1 1 1 1 1 1 1 1 1 1 1 1 1 1 1 1 1 1 1 1 1 1 1 1 1 1 1 1 1 1 1 1 1 1 1 1 1 1 1 1 1 1 1 1 1 1 1 1 1 1 1 1 1 1 1 1 1 1 1 1 1 1 1 1 1 1 1 1 1 1 1 1 1 1 1 1 1 1 1 1 1 1 1 1 1 1 1 1 1 1 1 1 1 1 1 1 1 1 1 1 1 1 1 1 1 1 1 1 1 1 1 1 1 1 1 1 1 1 1 1 1 1 1 1 1 1 1 1 1 1 1 1 1 1 1 1 1 1 1 1 1 1 1 1 1 1 1 1 1 1 1 1 1 1 1 1 1 1 1 1 1 1 1 1 1 1 1 1 1 1 1 1 1 1 1 1 1 1 1 1 1 1 1 1 1 1 1 1 1 1 1 1 1 1 1 1 1 1 1 1 1 1 1 1 1 1 1 1 1 1 1 1 1 1 1 1 1 1 1 1 1 1 1 1 1 1 1 1 1 1 1 1 1 1 1 1 1 1 1 1 1 1 1 1 1 1 1 1 1 1 1 1 1 1 1 1 1 1 1 1 1 1 1 1 1 1 1 1 1 1 1 1 1 1 1 1 1 1 1 1 1 1 1 1 1 1 1 1 1 1 1 1 1 1 1 1 1 1 1 1 1 1 1 1 1 1 1 1 1 1 1 1 1 1 1 1 1 1 1 1 1 1 1 1 1 1 1 1 1 1 1 1 1 1 1 1 1 1 1 1 1 1 1 1 1 1 1 1 1 1 1 1 1 1 1 1 1 1 1 1 1 1 1 1 1 1 1 1 1 1 1 1 1 1 1 1 1 1 1 1 1 1 1 1 1 1 1 1 1 1 1 1 1 1 1 1 1 1 1 1 1 1 1 1 1 1 1 1 1 1 1 1 1 1 1 1 1 1 1 1 1 1 1 1 1 1 1 1 1 1 1 1 1 1 1 1 1 1 1 1 1 1 1 1 1 1 1 1 1 1 1 1 1 1 1 1 1 1 1 1 1 1 1 1 1 1 1 1 1 1 1 1 1 1 1 1 1 1 1 1 1 1 1 1 1 1 1 1 1 1 1 1 1 1 1 1 1 1 1 1 1 1 1 1 1 1 1 1 1 1 1 1 1 1 1 1 1 1 1 1 1 1 1 1 1 1 1 1 1 1 1 1 1 1 1 1 1 1 1 1 1 1 1 1 1 1 1 1 1 1 1 1 1 1 1 1 1 1 1 1 1 1 1 1 1 1 1 1 1 1 1 1 1 1 1 1 1 1 1 1 1 1 1 1 1 1 1 1 1 1 1 1 1 1 1 1 1 1 1 1 1 1 1 1 1 1 1 1 1 1 1 1 1 1 1 1 1 1 1 1 1 1 1 1 1 1 1 1 1 1 1 1 1 1 1 1 1 1 1 1 1 1 1 1 1 1 1 1 1 1 1 1 1 1 1 1 1 1 1 1 1 1 1 1 1 1 1 1 1 1 1 1 1 1 1 1 1 1 1 1 1 1 1 1 1 1 1 1 1 1 1 1 1 1 1 1 1 1 1 1 1 1 1 1 1 1 1 1 1 1 1 1 1 1 1 1 1 1 1 1 1 1 1 1 1 1 1 1 1 1 1 1 1 1 1 1 1 1 1 1 1 1 1 1 1 1 1 1 1 1 1 1 1 1 1 1 1 1 1 1 1 1 1 1 1 1 1 1 1 1 1 1 1 1 1 1 1 1 1 1 1 1 1 1 1 1 1 1 1 1 1 1 1 1 1 1 1 1 1 1 1 1 1 1 1 1 1 1 1 1 1 1 1 1 1 1 1 1 1 1 1 1 1 1 1 1 1 1 1 1 1 1 1 1 1 1 1 1 1 1 1 1 1 1 1 1 1 1 1 1 1 1 1 1 1 1 1 1 1 1 1 1 1 1 1 1 1 1 1 1 1 1 1 1 1 1 1 1 1 1 1 1 1 1 1 1 1 1 1 1 1 1 1 1 1 1 1 1 1 1 1 1 1 1 1 1 1 1 1 1 1 1 1 1 1 1 1 1 1 1 1 1 1 1 1 1 1 1 1 1 1 1 1 1 1 1 1 1 1 1 1 1 1 1 1 1 1 1 1 1 1 1 1 1 1 1 1 1 1 1 1 1 1 1 1 1 1 1 1 1 1 1 1 1 1 1 1 1 1 1 1 1 1 1 1 1 1 1 1 1 1 1 1 1 1 1 1 1 1 1 1 1 1 1 1 1 1 1 1 1 1 1 1 1 1 1 1 1 1 1 1 1 1 1 1 1 1 1 1 1 1 1 1 1 1 1 1 1 1 1 1 1 1 1 1 1 1 1 1 1 1 1 1 1 1 1 1 1 1 1 1 1 1 1 1 1 1 1 1 1 1 1 1 1 1 1 1 1 1 1 1 1 1 1 1 1 1 1 1 1 1 1 1 1 1 1 1 1 1 1 1 1 1 1 1 1 1 1 1 1 1 1 1 1 1 1 1 1 1 1 1 1 1 1 1 1 1 1 1 1 1 1 1 1 1 1 1 1 1 1 1 1 1 1 1 1 1 1 1 1 1 1 1 1 1 1 1 1 1 1 1 1 1 1 1 1 1 1 1 1 1 1 1 1 1 1 1 1 1 1 1 1 1 1 1 1 1 1 1 1 1 1 1 1 1 1 1 1 1 1 1 1 1 1 1 1 1 1 1 1 1 1 1 1 1 1 1 1 1 1 1 1 1 1 1 1 1 1 1 1 1 1 1 1 1 1 1 1 1 1 1 1 1 1 1 1 1 1 1 1 1 1 1 1 1 1 1 1 1 1 1 1 1 1 1 1 1 1 1 1 1 1 1 1 1 1 1 1 1 1 1 1 1 1 1 1 1 1 1 1 1 1 1 1 1 1 1 1 1 1 1 1 1 1 1 1 1 1 1 1 1 1 1 1 1 1 1 1 1 1 1 1 1 1 1 1 1 1 1 1 1 1 1 1 1 1 1 1 1 1 1 1 1 1 1 1 1 1 1 1 1 1 1 1 1 1 1 1 1 1 1 1 1 1 1 1 1 1 1 1 1 1 1 1 1 1 1 1 1 1 1 1 1 1 1 1 1 1 1 1 1 1 1 1 1 1 1 1 1 1 1 1 1 1 1 1 1 1 1 1 1 1 1 1 1 1 1 1 1 1 1 1 1 1 1 1 1 1 1 1 1 1 1 1 1 1 1 1 1 1 1 1 1 1 1 1 1 1 1 1 1 1 1 1 1 1 1 1 1 1 1 1 1 1 1 1 1 1 1 1 1 1 1 1 1 1 1 1 1 1 1 1 1 1 1 1 1 1 1 1 1 1 1 1 1 1 1 1 1 1 1 1 1 1 1 1 1 1 1 1 1 1 1 1 1 1 1 1 1 1 1 1 1 1 1 1 1 1 1 1 1 1 1 1 1 1 1 1 1 1 1 1 1 1 1 1 1 1 1 1 1 1 1 1 1 1 1 1 1 1 1 1 1 1 1 1 1 1 1 1 1 1 1 1 1 1 1 1 1 1 1 1 1 1 1 1 1 1 1 1 1 1 1 1 1 1 1 1 1 1 1 1 1 1 1 1 1 1 1 1 1 1 1 1 1 1 1 1 1 1 1 1 1 1 1 1 1 1 1 1 1 1 1 1 1 1 1 1 1 1 1 1 1 1 1 1 1 1 1 1 1 1 1 1 1 1 1 1 1 1 1 1 1 1 1 1 1 1 1 1 1 1 1 1 1 1 1 1 1 1 1 1 1 1 1 1 1 1 1 1 1 1 1 1 1 1 1 1 1 1 1 1 1 1 1 1 1 1 1 1 1 1 1 1 1 1 1 1 1 1 1 1 1 1 1 1 1 1 1 1 1 1 1 1 1 1 1 1 1 1 1 1 1 1 1 1 1 1 1 1 1 1 1 1 1 1 1 1 1 1 1 1 1 1 1 1 1 1 1 1 1 1 1 1 1 1 1 1 1 1 1 1 1 1 1 1 1 1 1 1 1 1 1 1 1 1 1 1 1 1 1 1 1 1 1 1 1 1 1 1 1 1 1 1 1 1 1 1 1 1 1 1 1 1 1 1 1 1 1 1 1 1 1 1 1 1 1 1 1 1 1 1 1 1 1 1 1 1 1 1 1 1 1 1 1 1 1 1 1 1 1 1 1 1 1 1 1 1 1 1 1 1 1 1 1 1 1 1 1 1 1 1 1 1 1 1 1 1 1 1 1 1 1 1 1 1 1 1 1 1 1 1 1 1 1 1 1 1 1 1 1 1 1 1 1 1 1 1 1 1 1 1 1 1 1 1 1 1 1 1 1 1 1 1 1 1 1 1 1 1 1 1 1 1 1 1 1 1 1 1 1 1 1 1 1 1 1 1 1 1 1 1 1 1 1 1 1 1 1 1 1 1 1 1 1 1 1 1 1 1 1 1 1 1 1 1 1 1 1 1 1 1 1 1 1 1 1 1 1 1 1 1 1 1 1 1 1 1 1 1 1 1 1 1 1 1 1 1 1 1 1 1 1 1 1 1 1 1 1 1 1 1 1 1 1 1 1 1 1 1 1 1 1 1 1 1 1 1 1 1 1 1 1 1 1 1 1 1 1 1 1 1 1 1 1 1 1 1 1 1 1 1 1 1 1 1 1 1 1 1 1 1 1 1 1 1 1 1 1 1 1 1 1 1 1 1 1 1 1 1 1 1 1 1 1 1 1 1 1 1 1 1 1 1 1 1 1 1 1 1 1 1 1 1 1 1 1 1 1 1 1 1 1 1 1 1 1 1 1 1 1 1 1 1 1 1 1 1 1 1 1 1 1 1 1 1 1 1 1 1 1 1 1 1 1 1 1 1 1 1 1 1 1 1 1 1 1 1 1 1 1 1 1 1 1 1 1 1 1 1 1 1 1 1 1 1 1 1 1 1 1 1 1 1 1 1 1 1 1 1 1 1 1 1 1 1 1 1 1 1 1 1 1 1 1 1 1 1 1 1 1 1 1 1 1 1 1 1 1 1 1 1 1 1 1 1 1 1 1 1 1 1 1 1 1 1 1 1 1 1 1 1 1 1 1 1 1 1 1 1 1 1 1 1 1 1 1 1 1 1 1 1 1 1 1 1 1 1 1 1 1 1 1 1 1 1 1 1 1 1 1 1 1 1 1 1 1 1 1 1 1 1 1 1 1 1 1 1 1 1 1 1 1 1 1 1 1 1 1 1 1 1 1 1 1 1 1 1 1 1 1 1 1 1 1 1 1 1 1 1 1 1 1 1 1 1 1 1 1 1 1 1 1 1 1 1 1 1 1 1 1 1 1 1 1 1 1 1 1 1 1 1 1 1 1 1 1 1 1 1 1 1 1 1 1 1 1 1 1 1 1 1 1 1 1 1 1 1 1 1 1 1 1 1 1 1 1 1 1 1 1 1 1 1 1 1 1 1 1 1 1 1 1 1 1 1 1 1 1 1 1 1 1 1 1 1 1 1 1 1 1 1 1 1 1 1 1 1 1 1 1 1 1 1 1 1 1 1 1 1 1 1 1 1 1 1 1 1 1 1 1 1 1 1 1 1 1 1 1 1 1 1 1 1 1 1 1 1 1 1 1 1 1 1 1 1 1 1 1 1 1 1 1 1 1 1 1 1 1 1 1 1 1 1 1 1 1 1 1 1 1 1 1 1 1 1 1 1 1 1 1 1 1 1 1 1 1 1 1 1 1 1 1 1 1 1 1 1 1 1 1 1 1 1 1 1 1 1 1 1 1 1 1 1 1 1 1 1 1 1 1 1 1 1 1 1 1 1 1 1 1 1 1 1 1 1 1 1 1 1 1 1 1 1 1 1 1 1 1 1 1 1 1 1 1 1 1 1 1 1 1 1 1 1 1 1 1 1 1 1 1 1 1 1 1 1 1 1 1 1 1 1 1 1 1 1 1 1 1 1 1 1 1 1 1 1 1 1 1 1 1 1 1 1 1 1 1 1 1 1 1 1 1 1 1 1 1 1 1 1 1 1 1 1 1 1 1 1 1 1 1 1 1 1 1 1 1 1 1 1 1 1 1 1 1 1 1 1 1 1 1 1 1 1 1 1 1 1 1 1 1 1 1 1 1 1 1 1 1 1 1 1 1 1 1 1 1 1 1 1 1 1 1 1 1 1 1 1 1 1 1 1 1 1 1 1 1 1 1 1 1 1 1 1 1 1 1 1 1 1 1 1 1 1 1 1 1 1 1 1 1 1 1 1 1 1 1 1 1 1 1 1 1 1 1 1 1 1 1 1 1 1 1 1 1 1 1 1 1 1 1 1 1 1 1 1 1 1 1 1 1 1 1 1 1 1 1 1 1 1 1 1 1 1 1 1 1 1 1 1 1 1 1 1 1 1 1 1 1 1 1 1 1 1 1 1 1 1 1 1 1 1 1 1 1 1 1 1 1 1 1 1 1 1 1 1 1 1 1 1 1 1 1 1 1 1 1 1 1 1 1 1 1 1 1 1 1 1 1 1 1 1 1 1 1 1 1 1 1 1 1 1 1 1 1 1 1 1 1 1 1 1 1 1 1 1 1 1 1 1 1 1 1 1 1 1 1 1 1 1 1 1 1 1 1 1 1 1 1 1 1 1 1 1 1 1 1 1 1 1 1 1 1 1 1 1 1 1 1 1 1 1 1 1 1 1 1 1 1 1 1 1 1 1 1 1 1 1 1 1 1 1 1 1 1 1 1 1 1 1 1 1 1 1 1 1 1 1 1 1 1 1 1 1 1 1 1 1 1 1 1 1 1 1 1 1 1 1 1 1 1 1 1 1 1 1 1 1 1 1 1 1 1 1 1 1 1 1 1 1 1 1 1 1 1 1 1 1 1 1 1 1 1 1 1 1 1 1 1 1 1 1 1 1 1 1 1 1 1 1 1 1 1 1 1 1 1 1 1 1 1 1 1 1 1 1 1 1 1 1 1 1 1 1 1 1 1 1 1 1 1 1 1 1 1 1 1 1 1 1 1 1 1 1 1 1 1 1 1 1 1 1 1 1 1 1 1 1 1 1 1 1 1 1 1 1 1 1 1 1 1 1 1 1 1 1 1 1 1 1 1 1 1 1 1 1 1 1 1 1 1 1 1 1 1 1 1 1 1 1 1 1 1 1 1 1 1 1 1 1 1 1 1 1 1 1 1 1 1 1 1 1 1 1 1 1 1 1 1 1 1 1 1 1 1 1 1 1 1 1 1 1 1 1 1 1 1 1 1 1 1 1 1 1 1 1 1 1 1 1 1 1 1 1 1 1 1 1 1 1 1 1 1 1 1 1 1 1 1 1 1 1 1 1 1 1 1 1 1 1 1 1 1 1 1 1 1 1 1 1 1 1 1 1 1 1 1 1 1 1 1 1 1 1 1 1 1 1 1 1 1 1 1 1 1 1 1 1 1 1 1 1 1 1 1 1 1 1 1 1 1 1 1 1 1 1 1 1 1 1 1 1 1 1 1 1 1 1 1 1 1 1 1 1 1 1 1 1 1 1 1 1 1 1 1 1 1 1 1 1 1 1 1 1 1 1 1 1 1 1 1 1 1 1 1 1 1 1 1 1 1 1 1 1 1 1 1 1 1 1 1 1 1 1 1 1 1 1 1 1 1 1 1 1 1 1 1 1 1 1 1 1 1 1 1 1 1 1 1 1 1 1 1 1 1 1 1 1 1 1 1 1 1 1 1 1 1 1 1 1 1 1 1 1 1 1 1 1 1 1 1 1 1 1 1 1 1 1 1 1 1 1 1 1 1 1 1 1 1 1 1 1 1 1 1 1 1 1 1 1 1 1 1 1 1 1 1 1 1 1 1 1 1 1 1 1 1 1 1 1 1 1 1 1 1 1 1 1 1 1 1 1 1 1 1 1 1 1 1 1 1 1 1 1 1 1 1 1 1 1 1 1 1 1 1 1 1 1 1 1 1 1 1 1 1 1 1 1 1 1 1 1 1 1 1 1 1 1 1 1 1 1 1 1 1 1 1 1 1 1 1 1 1 1 1 1 1 1 1 1 1 1 1 1 1 1 1 1 1 1 1 1 1 1 1 1 1 1 1 1 1 1 1 1 1 1 1 1 1 1 1 1 1 1 1 1 1 </vcount>
          <v>0 0 0 0 0 0 0 0 0 0 0 0 0 0 0 0 0 0 0 0 0 0 0 0 0 0 0 0 0 0 0 0 0 0 0 0 0 0 0 0 0 0 0 0 0 0 0 0 0 0 0 0 0 0 0 0 0 0 0 0 0 0 0 0 0 0 0 0 0 0 0 0 0 0 0 0 0 0 0 0 0 0 0 0 0 0 0 0 0 0 0 0 0 0 0 0 0 0 0 0 0 0 0 0 0 0 0 0 0 0 0 0 0 0 0 0 0 0 0 0 0 0 0 0 0 0 0 0 0 0 0 0 0 0 0 0 0 0 0 0 0 0 0 0 0 0 0 0 0 0 0 0 0 0 0 0 0 0 0 0 0 0 0 0 0 0 0 0 0 0 0 0 0 0 0 0 0 0 0 0 0 0 0 0 0 0 0 0 0 0 0 0 0 0 0 0 0 0 0 0 0 0 0 0 0 0 0 0 0 0 0 0 0 0 0 0 0 0 0 0 0 0 0 0 0 0 0 0 0 0 0 0 0 0 0 0 0 0 0 0 0 0 0 0 0 0 0 0 0 0 0 0 0 0 0 0 0 0 0 0 0 0 0 0 0 0 0 0 0 0 0 0 0 0 0 0 0 0 0 0 0 0 0 0 0 0 0 0 0 0 0 0 0 0 0 0 0 0 0 0 0 0 0 0 0 0 0 0 0 0 0 0 0 0 0 0 0 0 0 0 0 0 0 0 0 0 0 0 0 0 0 0 0 0 0 0 0 0 0 0 0 0 0 0 0 0 0 0 0 0 0 0 0 0 0 0 0 0 0 0 0 0 0 0 0 0 0 0 0 0 0 0 0 0 0 0 0 0 0 0 0 0 0 0 0 0 0 0 0 0 0 0 0 0 0 0 0 0 0 0 0 0 0 0 0 0 0 0 0 0 0 0 0 0 0 0 0 0 0 0 0 0 0 0 0 0 0 0 0 0 0 0 0 0 0 0 0 0 0 0 0 0 0 0 0 0 0 0 0 0 0 0 0 0 0 0 0 0 0 0 0 0 0 0 0 0 0 0 0 0 0 0 0 0 0 0 0 0 0 0 0 0 0 0 0 0 0 0 0 0 0 0 0 0 0 0 0 0 0 0 0 0 0 0 0 0 0 0 0 0 0 0 0 0 0 0 0 0 0 0 0 0 0 0 0 0 0 0 0 0 0 0 0 0 0 0 0 0 0 0 0 0 0 0 0 0 0 0 0 0 0 0 0 0 0 0 0 0 0 0 0 0 0 0 0 0 0 0 0 0 0 0 0 0 0 0 0 0 0 0 0 0 0 0 0 0 0 0 0 0 0 0 0 0 0 0 0 0 0 0 0 0 0 0 0 0 0 0 0 0 0 0 0 0 0 0 0 0 0 0 0 0 0 0 0 0 0 0 0 0 0 0 0 0 0 0 0 0 0 0 0 0 0 0 0 0 0 0 0 0 0 0 0 0 0 0 0 0 0 0 0 0 0 0 0 0 0 0 0 0 0 0 0 0 0 0 0 0 0 0 0 0 0 0 0 0 0 0 0 0 0 0 0 0 0 0 0 0 0 0 0 0 0 0 0 0 0 0 0 0 0 0 0 0 0 0 0 0 0 0 0 0 0 0 0 0 0 0 0 0 0 0 0 0 0 0 0 0 0 0 0 0 0 0 0 0 0 0 0 0 0 0 0 0 0 0 0 0 0 0 0 0 0 0 0 0 0 0 0 0 0 0 0 0 0 0 0 0 0 0 0 0 0 0 0 0 0 0 0 0 0 0 0 0 0 0 0 0 0 0 0 0 0 0 0 0 0 0 0 0 0 0 0 0 0 0 0 0 0 0 0 0 0 0 0 0 0 0 0 0 0 0 0 0 0 0 0 0 0 0 0 0 0 0 0 0 0 0 0 0 0 0 0 0 0 0 0 0 0 0 0 0 0 0 0 0 0 0 0 0 0 0 0 0 0 0 0 0 0 0 0 0 0 0 0 0 0 0 0 0 0 0 0 0 0 0 0 0 0 0 0 0 0 0 0 0 0 0 0 0 0 0 0 0 0 0 0 0 0 0 0 0 0 0 0 0 0 0 0 0 0 0 0 0 0 0 0 0 0 0 0 0 0 0 0 0 0 0 0 0 0 0 0 0 0 0 0 0 0 0 0 0 0 0 0 0 0 0 0 0 0 0 0 0 0 0 0 0 0 0 0 0 0 0 0 0 0 0 0 0 0 0 0 0 0 0 0 0 0 0 0 0 0 0 0 0 0 0 0 0 0 0 0 0 0 0 0 0 0 0 0 0 0 0 0 0 0 0 0 0 0 0 0 0 0 0 0 0 0 0 0 0 0 0 0 0 0 0 0 0 0 0 0 0 0 0 0 0 0 0 0 0 0 0 0 0 0 0 0 0 0 0 0 0 0 0 0 0 0 0 0 0 0 0 0 0 0 0 0 0 0 0 0 0 0 0 0 0 0 0 0 0 0 0 0 0 0 0 0 0 0 0 0 0 0 0 0 0 0 0 0 0 0 0 0 0 0 0 0 0 0 0 0 0 0 0 0 0 0 0 0 0 0 0 0 0 0 0 0 0 0 0 0 0 0 0 0 0 0 0 0 0 0 0 0 0 0 0 0 0 0 0 0 0 0 0 0 0 0 0 0 0 0 0 0 0 0 0 0 0 0 0 0 0 0 0 0 0 0 0 0 0 0 0 0 0 0 0 0 0 0 0 0 0 0 0 0 0 0 0 0 0 0 0 0 0 0 0 0 0 0 0 0 0 0 0 0 0 0 0 0 0 0 0 0 0 0 0 0 0 0 0 0 0 0 0 0 0 0 0 0 0 0 0 0 0 0 0 0 0 0 0 0 0 0 0 0 0 0 0 0 0 0 0 0 0 0 0 0 0 0 0 0 0 0 0 0 0 0 0 0 0 0 0 0 0 0 0 0 0 0 0 0 0 0 0 0 0 0 0 0 0 0 0 0 0 0 0 0 0 0 0 0 0 0 0 0 0 0 0 0 0 0 0 0 0 0 0 0 0 0 0 0 0 0 0 0 0 0 0 0 0 0 0 0 0 0 0 0 0 0 0 0 0 0 0 0 0 0 0 0 0 0 0 0 0 0 0 0 0 0 0 0 0 0 0 0 0 0 0 0 0 0 0 0 0 0 0 0 0 0 0 0 0 0 0 0 0 0 0 0 0 0 0 0 0 0 0 0 0 0 0 0 0 0 0 0 0 0 0 0 0 0 0 0 0 0 0 0 0 0 0 0 0 0 0 0 0 0 0 0 0 0 0 0 0 0 0 0 0 0 0 0 0 0 0 0 0 0 0 0 0 0 0 0 0 0 0 0 0 0 0 0 0 0 0 0 0 0 0 0 0 0 0 0 0 0 0 0 0 0 0 0 0 0 0 0 0 0 0 0 0 0 0 0 0 0 0 0 0 0 0 0 0 0 0 0 0 0 0 0 0 0 0 0 0 0 0 0 0 0 0 0 0 0 0 0 0 0 0 0 0 0 0 0 0 0 0 0 0 0 0 0 0 0 0 0 0 0 0 0 0 0 0 0 0 0 0 0 0 0 0 0 0 0 0 0 0 0 0 0 0 0 0 0 0 0 0 0 0 0 0 0 0 0 0 0 0 0 0 0 0 0 0 0 0 0 0 0 0 0 0 0 0 0 0 0 0 0 0 0 0 0 0 0 0 0 0 0 0 0 0 0 0 0 0 0 0 0 0 0 0 0 0 0 0 0 0 0 0 0 0 0 0 0 0 0 0 0 0 0 0 0 0 0 0 0 0 0 0 0 0 0 0 0 0 0 0 0 0 0 0 0 0 0 0 0 0 0 0 0 0 0 0 0 0 0 0 0 0 0 0 0 0 0 0 0 0 0 0 0 0 0 0 0 0 0 0 0 0 0 0 0 0 0 0 0 0 0 0 0 0 0 0 0 0 0 0 0 0 0 0 0 0 0 0 0 0 0 0 0 0 0 0 0 0 0 0 0 0 0 0 0 0 0 0 0 0 0 0 0 0 0 0 0 0 0 0 0 0 0 0 0 0 0 0 0 0 0 0 0 0 0 0 0 0 0 0 0 0 0 0 0 0 0 0 0 0 0 0 0 0 0 0 0 0 0 0 0 0 0 0 0 0 0 0 0 0 0 0 0 0 0 0 0 0 0 0 0 0 0 0 0 0 0 0 0 0 0 0 0 0 0 0 0 0 0 0 0 0 0 0 0 0 0 0 0 0 0 0 0 0 0 0 0 0 0 0 0 0 0 0 0 0 0 0 0 0 0 0 0 0 0 0 0 0 0 0 0 0 0 0 0 0 0 0 0 0 0 0 0 0 0 0 0 0 0 0 0 0 0 0 0 0 0 0 0 0 0 0 0 0 0 0 0 0 0 0 0 0 0 0 0 0 0 0 0 0 0 0 0 0 0 0 0 0 0 0 0 0 0 0 0 0 0 0 0 0 0 0 0 0 0 0 0 0 0 0 0 0 0 0 0 0 0 0 0 0 0 0 0 0 0 0 0 0 0 0 0 0 0 0 0 0 0 0 0 0 0 0 0 0 0 0 0 0 0 0 0 0 0 0 0 0 0 0 0 0 0 0 0 0 0 0 0 0 0 0 0 0 0 0 0 0 0 0 0 0 0 0 0 0 0 0 0 0 0 0 0 0 0 0 0 0 0 0 0 0 0 0 0 0 0 0 0 0 0 0 0 0 0 0 0 0 0 0 0 0 0 0 0 0 0 0 0 0 0 0 0 0 0 0 0 0 0 0 0 0 0 0 0 0 0 0 0 0 0 0 0 0 0 0 0 0 0 0 0 0 0 0 0 0 0 0 0 0 0 0 0 0 0 0 0 0 0 0 0 0 0 0 0 0 0 0 0 0 0 0 0 0 0 0 0 0 0 0 0 0 0 0 0 0 0 0 0 0 0 0 0 0 0 0 0 0 0 0 0 0 0 0 0 0 0 0 0 0 0 0 0 0 0 0 0 0 0 0 0 0 0 0 0 0 0 0 0 0 0 0 0 0 0 0 0 0 0 0 0 0 0 0 0 0 0 0 0 0 0 0 0 0 0 0 0 0 0 0 0 0 0 0 0 0 0 0 0 0 0 0 0 0 0 0 0 0 0 0 0 0 0 0 0 0 0 0 0 0 0 0 0 0 0 0 0 0 0 0 0 0 0 0 0 0 0 0 0 0 0 0 0 0 0 0 0 0 0 0 0 0 0 0 0 0 0 0 0 0 0 0 0 0 0 0 0 0 0 0 0 0 0 0 0 0 0 0 0 0 0 0 0 0 0 0 0 0 0 0 0 0 0 0 0 0 0 0 0 0 0 0 0 0 0 0 0 0 0 0 0 0 0 0 0 0 0 0 0 0 0 0 0 0 0 0 0 0 0 0 0 0 0 0 0 0 0 0 0 0 0 0 0 0 0 0 0 0 0 0 0 0 0 0 0 0 0 0 0 0 0 0 0 0 0 0 0 0 0 0 0 0 0 0 0 0 0 0 0 0 0 0 0 0 0 0 0 0 0 0 0 0 0 0 0 0 0 0 0 0 0 0 0 0 0 0 0 0 0 0 0 0 0 0 0 0 0 0 0 0 0 0 0 0 0 0 0 0 0 0 0 0 0 0 0 0 0 0 0 0 0 0 0 0 0 0 0 0 0 0 0 0 0 0 0 0 0 0 0 0 0 0 0 0 0 0 0 0 0 0 0 0 0 0 0 0 0 0 0 0 0 0 0 0 0 0 0 0 0 0 0 0 0 0 0 0 0 0 0 0 0 0 0 0 0 0 0 0 0 0 0 0 0 0 0 0 0 0 0 0 0 0 0 0 0 0 0 0 0 0 0 0 0 0 0 0 0 0 0 0 0 0 0 0 0 0 0 0 0 0 0 0 0 0 0 0 0 0 0 0 0 0 0 0 0 0 0 0 0 0 0 0 0 0 0 0 0 0 0 0 0 0 0 0 0 0 0 0 0 0 0 0 0 0 0 0 0 0 0 0 0 0 0 0 0 0 0 0 0 0 0 0 0 0 0 0 0 0 0 0 0 0 0 0 0 0 0 0 0 0 0 0 0 0 0 0 0 0 0 0 0 0 0 0 0 0 0 0 0 0 0 0 0 0 0 0 0 0 0 0 0 0 0 0 0 0 0 0 0 0 0 0 0 0 0 0 0 0 0 0 0 0 0 0 0 0 0 0 0 0 0 0 0 0 0 0 0 0 0 0 0 0 0 0 0 0 0 0 0 0 0 0 0 0 0 0 0 0 0 0 0 0 0 0 0 0 0 0 0 0 0 0 0 0 0 0 0 0 0 0 0 0 0 0 0 0 0 0 0 0 0 0 0 0 0 0 0 0 0 0 0 0 0 0 0 0 0 0 0 0 0 0 0 0 0 0 0 0 0 0 0 0 0 0 0 0 0 0 0 0 0 0 0 0 0 0 0 0 0 0 0 0 0 0 0 0 0 0 0 0 0 0 0 0 0 0 0 0 0 0 0 0 0 0 0 0 0 0 0 0 0 0 0 0 0 0 0 0 0 0 0 0 0 0 0 0 0 0 0 0 0 0 0 0 0 0 0 0 0 0 0 0 0 0 0 0 0 0 0 0 0 0 0 0 0 0 0 0 0 0 0 0 0 0 0 0 0 0 0 0 0 0 0 0 0 0 0 0 0 0 0 0 0 0 0 0 0 0 0 0 0 0 0 0 0 0 0 0 0 0 0 0 0 0 0 0 0 0 0 0 0 0 0 0 0 0 0 0 0 0 0 0 0 0 0 0 0 0 0 0 0 0 0 0 0 0 0 0 0 0 0 0 0 0 0 0 0 0 0 0 0 0 0 0 0 0 0 0 0 0 0 0 0 0 0 0 0 0 0 0 0 0 0 0 0 0 0 0 0 0 0 0 0 0 0 0 0 0 0 0 0 0 0 0 0 0 0 0 0 0 0 0 0 0 0 0 0 0 0 0 0 0 0 0 0 0 0 0 0 0 0 0 0 0 0 0 0 0 0 0 0 0 0 0 0 0 0 0 0 0 0 0 0 0 0 0 0 0 0 0 0 0 0 0 0 0 0 0 0 0 0 0 0 0 0 0 0 0 0 0 0 0 0 0 0 0 0 0 0 0 0 0 0 0 0 0 0 0 0 0 0 0 0 0 0 0 0 0 0 0 0 0 0 0 0 0 0 0 0 0 0 0 0 0 0 0 0 0 0 0 0 0 0 0 0 0 0 0 0 0 0 0 0 0 0 0 0 0 0 0 0 0 0 0 0 0 0 0 0 0 0 0 0 0 0 0 0 0 0 0 0 0 0 0 0 0 0 0 0 0 0 0 0 0 0 0 0 0 0 0 0 0 0 0 0 0 0 0 0 0 0 0 0 0 0 0 0 0 0 0 0 0 0 0 0 0 0 0 0 0 0 0 0 0 0 0 0 0 0 0 0 0 0 0 0 0 0 0 0 0 0 0 0 0 0 0 0 0 0 0 0 0 0 0 0 0 0 0 0 0 0 0 0 0 0 0 0 0 0 0 0 0 0 0 0 0 0 0 0 0 0 0 0 0 0 0 0 0 0 0 0 0 0 0 0 0 0 0 0 0 0 0 0 0 0 0 0 0 0 0 0 0 0 0 0 0 0 0 0 0 0 0 0 0 0 0 0 0 0 0 0 0 0 0 0 0 0 0 0 0 0 0 0 0 0 0 0 0 0 0 0 0 0 0 0 0 0 0 0 0 0 0 0 0 0 0 0 0 0 0 0 0 0 0 0 0 0 0 0 0 0 0 0 0 0 0 0 0 0 0 0 0 0 0 0 0 0 0 0 0 0 0 0 0 0 0 0 0 0 0 0 0 0 0 0 0 0 0 0 0 0 0 0 0 0 0 0 0 0 0 0 0 0 0 0 0 0 0 0 0 0 0 0 0 0 0 0 0 0 0 0 0 0 0 0 0 0 0 0 0 0 0 0 0 0 0 0 0 0 0 0 0 0 0 0 0 0 0 0 0 0 0 0 0 0 0 0 0 0 0 0 0 0 0 0 0 0 0 0 0 0 0 0 0 0 0 0 0 0 0 0 0 0 0 0 0 0 0 0 0 0 0 0 0 0 0 0 0 0 0 0 0 0 0 0 0 0 0 0 0 0 0 0 0 0 0 0 0 0 0 0 0 0 0 0 0 0 0 0 0 0 0 0 0 0 0 0 0 0 0 0 0 0 0 0 0 0 0 0 0 0 0 0 0 0 0 0 0 0 0 0 0 0 0 0 0 0 0 0 0 0 0 0 0 0 0 0 0 0 0 0 0 0 0 0 0 0 0 0 0 0 0 0 0 0 0 0 0 0 0 0 0 0 0 0 0 0 0 0 0 0 0 0 0 0 0 0 0 0 0 0 0 0 0 0 0 0 0 0 0 0 0 0 0 0 0 0 0 0 0 0 0 0 0 0 0 0 0 0 0 0 0 0 0 0 0 0 0 0 0 0 0 0 0 0 0 0 0 0 0 0 0 0 0 0 0 0 0 0 0 0 0 0 0 0 0 0 0 0 0 0 0 0 0 0 0 0 0 0 0 0 0 0 0 0 0 0 0 0 0 0 0 0 0 0 0 0 0 0 0 0 0 0 0 0 0 0 0 0 0 0 0 0 0 0 0 0 0 0 0 0 0 0 0 0 0 0 0 0 0 0 0 0 0 0 0 0 0 0 0 0 0 0 0 0 0 0 0 0 0 0 0 0 0 0 0 0 0 0 0 0 0 0 0 0 0 0 0 0 0 0 0 0 0 0 0 0 0 0 0 0 0 0 0 0 0 0 0 0 0 0 0 0 0 0 0 0 0 0 0 0 0 0 0 0 0 0 0 0 0 0 0 0 0 0 0 0 0 0 0 0 0 0 0 0 0 0 0 0 0 0 0 0 0 0 0 0 0 0 0 0 0 0 0 0 0 0 0 0 0 0 0 0 0 0 0 0 0 0 0 0 0 0 0 0 0 0 0 0 0 0 0 0 0 0 0 0 0 0 0 0 0 0 0 0 0 0 0 0 0 0 0 0 0 0 0 0 0 0 0 0 0 0 0 0 0 0 0 0 0 0 0 0 0 0 0 0 0 0 0 0 0 0 0 0 0 0 0 0 0 0 0 0 0 0 0 0 0 0 0 0 0 0 0 0 0 0 0 0 0 0 0 0 0 0 0 0 0 0 0 0 0 0 0 0 0 0 0 0 0 0 0 0 0 0 0 0 0 0 0 0 0 0 0 0 0 0 0 0 0 0 0 0 0 0 0 0 0 0 0 0 0 0 0 0 0 0 0 0 0 0 0 0 0 0 0 0 0 0 0 0 0 0 0 0 0 0 0 0 0 0 0 0 0 0 0 0 0 0 0 0 0 0 0 0 0 0 0 0 0 0 0 0 0 0 0 0 0 0 0 0 0 0 0 0 0 0 0 0 0 0 0 0 0 0 0 0 0 0 0 0 0 0 0 0 0 0 0 0 0 0 0 0 0 0 0 0 0 0 0 0 0 0 0 0 0 0 0 0 0 0 0 0 0 0 0 0 0 0 0 0 0 0 0 0 0 0 0 0 0 0 0 0 0 0 0 0 0 0 0 0 0 0 0 0 0 0 0 0 0 0 0 0 0 0 0 0 0 0 0 0 0 0 0 0 0 0 0 0 0 0 0 0 0 0 0 0 0 0 0 0 0 0 0 0 0 0 0 0 0 0 0 0 0 0 0 0 0 0 0 0 0 0 0 0 0 0 0 0 0 0 0 0 0 0 0 0 0 0 0 0 0 0 0 0 0 0 0 0 0 0 0 0 0 0 0 0 0 0 0 0 0 0 0 0 0 0 0 0 0 0 0 0 0 0 0 0 0 0 0 0 0 0 0 0 0 0 0 0 0 0 0 0 0 0 0 0 0 0 0 0 0 0 0 0 0 0 0 0 0 0 0 0 0 0 0 0 0 0 0 0 0 0 0 0 0 0 0 0 0 0 0 0 0 0 0 0 0 0 0 0 0 0 0 0 0 0 0 0 0 0 0 0 0 0 0 0 0 0 0 0 0 0 0 0 0 0 0 0 0 0 0 0 0 0 0 0 0 0 0 0 0 0 0 0 0 0 0 0 0 0 0 0 0 0 0 0 0 0 0 0 0 0 0 0 0 0 0 0 0 0 0 0 0 0 0 0 0 0 0 0 0 0 0 0 0 0 0 0 0 0 0 0 0 0 0 0 0 0 0 0 0 0 0 0 0 0 0 0 0 0 0 0 0 0 0 0 0 0 0 0 0 0 0 0 0 0 0 0 0 0 0 0 0 0 0 0 0 0 0 0 0 0 0 0 0 0 0 0 0 0 0 0 0 0 0 0 0 0 0 0 0 0 0 0 0 0 0 0 0 0 0 0 0 0 0 0 0 0 0 0 0 0 0 0 0 0 0 0 0 0 0 0 0 0 0 0 0 0 0 0 0 0 0 0 0 0 0 0 0 0 0 0 0 0 0 0 0 0 0 0 0 0 0 0 0 0 0 0 0 0 0 0 0 0 0 0 0 0 0 0 0 0 0 0 0 0 0 0 0 0 0 0 0 0 0 0 0 0 0 0 0 0 0 0 0 0 0 0 0 0 0 0 0 0 0 0 0 0 0 0 0 0 0 0 0 0 0 0 0 0 0 0 0 0 0 0 0 0 0 0 0 0 0 0 0 0 0 0 0 0 0 0 0 0 0 0 0 0 0 0 0 0 0 0 0 0 0 0 0 0 0 0 0 0 0 0 0 0 0 0 0 0 0 0 0 0 0 0 0 0 0 0 0 0 0 0 0 0 0 0 0 0 0 0 0 0 0 0 0 0 0 0 0 0 0 0 0 0 0 0 0 0 0 0 0 0 0 0 0 0 0 0 0 0 0 0 0 0 0 0 0 0 0 0 0 0 0 0 0 0 0 0 0 0 0 0 0 0 0 0 0 0 0 0 0 0 0 0 0 0 0 0 0 0 0 0 0 0 0 0 0 0 0 0 0 0 0 0 0 0 0 0 0 0 0 0 0 0 0 0 0 0 0 0 0 0 0 0 0 0 0 0 0 0 0 0 0 0 0 0 0 0 0 0 0 0 0 0 0 0 0 0 0 0 0 0 0 0 0 0 0 0 0 0 0 0 0 0 0 0 0 0 0 0 0 0 0 0 0 0 0 0 0 0 0 0 0 0 0 0 0 0 0 0 0 0 0 0 0 0 0 0 0 0 0 0 0 0 0 0 0 0 0 0 0 0 0 0 0 0 0 0 0 0 0 0 0 0 0 0 0 0 0 0 0 0 0 0 0 0 0 0 0 0 0 0 0 0 0 0 0 0 0 0 0 0 0 0 0 0 0 0 0 0 0 0 0 0 0 0 0 0 0 0 0 0 0 0 0 0 0 0 0 0 0 0 0 0 0 0 0 0 0 0 0 0 0 0 0 0 0 0 0 0 0 0 0 0 0 0 0 0 0 0 0 0 0 0 0 0 0 0 0 0 0 0 0 0 0 0 0 0 0 0 0 0 0 0 0 0 0 0 0 0 0 0 0 0 0 0 0 0 0 0 0 0 0 0 0 0 0 0 0 0 0 0 0 0 0 0 0 0 0 0 0 0 0 0 0 0 0 0 0 0 0 0 0 0 0 0 0 0 0 0 0 0 0 0 0 0 0 0 0 0 0 0 0 0 0 0 0 0 0 0 0 0 0 0 0 0 0 0 0 0 0 0 0 0 0 0 0 0 0 0 0 0 0 0 0 0 0 0 0 0 0 0 0 0 0 0 0 0 0 0 0 0 0 0 0 0 0 0 0 0 0 0 0 0 0 0 0 0 0 0 0 0 0 0 0 0 0 0 0 0 0 0 0 0 0 0 0 0 0 0 0 0 0 0 0 0 0 0 0 0 0 0 0 0 0 0 0 0 0 0 0 0 0 0 0 0 0 0 0 0 0 0 0 0 0 0 0 0 0 0 0 0 0 0 0 0 0 0 0 0 0 0 0 0 0 0 0 0 0 0 0 0 0 0 0 0 0 0 0 0 0 0 0 0 0 0 0 0 0 0 0 0 0 0 0 0 0 0 0 0 0 0 0 0 0 0 0 0 0 0 0 0 0 0 0 0 0 0 0 0 0 0 0 0 0 0 0 0 0 0 0 0 0 0 0 0 0 0 0 0 0 0 0 0 0 0 0 0 0 0 0 0 0 0 0 0 0 0 0 0 0 0 0 0 0 0 0 0 0 0 0 0 0 0 0 0 0 0 0 0 0 0 0 0 0 0 0 0 0 0 0 0 0 0 0 0 0 0 0 0 0 0 0 0 0 0 0 0 0 0 0 0 0 0 0 0 0 0 0 0 0 0 0 0 0 0 0 0 0 0 0 0 0 0 0 0 0 0 0 0 0 0 0 0 0 0 0 0 0 0 0 0 0 0 0 0 0 0 0 0 0 0 0 0 0 0 0 0 0 0 0 0 0 0 0 0 0 0 0 0 0 0 0 0 0 0 0 0 0 0 0 0 0 0 0 0 0 0 0 0 0 0 0 0 0 0 0 0 0 0 0 0 0 0 0 0 0 0 0 0 0 0 0 0 0 0 0 0 0 0 0 0 0 0 0 0 0 0 0 0 0 0 0 0 0 0 0 0 0 0 0 0 0 0 0 0 0 0 0 0 0 0 0 0 0 0 0 0 0 0 0 0 0 0 0 0 0 0 0 0 0 0 0 0 0 0 0 0 0 0 0 0 0 0 0 0 0 0 0 0 0 0 0 0 0 0 0 0 0 0 0 0 0 0 0 0 0 0 0 0 0 0 0 0 0 0 0 0 0 0 0 0 0 0 0 0 0 0 0 0 0 0 0 0 0 0 0 0 0 0 0 0 0 0 0 0 0 0 0 0 0 0 0 0 0 0 0 0 0 0 0 0 0 0 0 0 0 0 0 0 0 0 0 0 0 0 0 0 0 0 0 0 0 0 0 0 0 0 0 0 0 0 0 0 0 0 0 0 0 0 0 0 0 0 0 0 0 0 0 0 0 0 0 0 0 0 0 0 0 0 0 0 0 0 0 0 0 0 0 0 0 0 0 0 0 0 0 0 0 0 0 0 0 0 0 0 0 0 0 0 0 0 0 0 0 0 0 0 0 0 0 0 0 0 0 0 0 0 0 0 0 0 0 0 0 0 0 0 0 0 0 0 0 0 0 0 0 0 0 0 0 0 0 0 0 0 0 0 0 0 0 0 0 0 0 0 0 0 0 0 0 0 0 0 0 0 0 0 0 0 0 0 0 0 0 0 0 0 0 0 0 0 0 0 0 0 0 0 0 0 0 0 0 0 0 0 0 0 0 0 0 0 0 0 0 0 0 0 0 0 0 0 0 0 0 0 0 0 0 0 0 0 0 0 0 0 0 0 0 0 0 0 0 0 0 0 0 0 0 0 0 0 0 0 0 0 0 0 0 0 0 0 0 0 0 0 0 0 0 0 0 0 0 0 0 0 0 0 0 0 0 0 0 0 0 0 0 0 0 0 0 0 0 0 0 0 0 0 0 0 0 0 0 0 0 0 0 0 0 0 0 0 0 0 0 0 0 0 0 0 0 0 0 0 0 0 0 0 0 0 0 0 0 0 0 0 0 0 0 0 0 0 0 0 0 0 0 0 0 0 0 0 0 0 0 0 0 0 0 0 0 0 0 0 0 0 0 0 0 0 0 0 0 0 0 0 0 0 0 0 0 0 0 0 0 0 0 0 0 0 0 0 0 0 0 0 0 0 0 0 0 0 0 0 0 0 0 0 0 0 0 0 0 0 0 0 0 0 0 0 0 0 0 0 0 0 0 0 0 0 0 0 0 0 0 0 0 0 0 0 0 0 0 0 0 0 0 0 0 0 0 0 0 0 0 0 0 0 0 0 0 0 0 0 0 0 0 0 0 0 0 0 0 0 0 0 0 0 0 0 0 0 0 0 0 0 0 0 0 0 0 0 0 0 0 0 0 0 0 0 0 0 0 0 0 0 0 0 0 0 0 0 0 0 0 0 0 0 0 0 0 0 0 0 0 0 0 0 0 0 0 0 0 0 0 0 0 0 0 0 0 0 0 0 0 0 0 0 0 0 0 0 0 0 0 0 0 0 0 0 0 0 0 0 0 0 0 0 0 0 0 0 0 0 0 0 0 0 0 0 0 0 0 0 0 0 0 0 0 0 0 0 0 0 0 0 0 0 0 0 0 0 0 0 0 0 0 0 0 0 0 0 0 0 0 0 0 0 0 0 0 0 0 0 0 0 0 0 0 0 0 0 0 0 0 0 0 0 0 0 0 0 0 0 0 0 0 0 0 0 0 0 0 0 0 0 0 0 0 0 0 0 0 0 0 0 0 0 0 0 0 0 0 0 0 0 0 0 0 0 0 0 0 0 0 0 0 0 0 0 0 0 0 0 0 0 0 0 0 0 0 0 0 0 0 0 0 0 0 0 0 0 0 0 0 0 0 0 0 0 0 0 0 0 0 0 0 0 0 0 0 0 0 0 0 0 0 0 0 0 0 0 0 0 0 0 0 0 0 0 0 0 0 0 0 0 0 0 0 0 0 0 0 0 0 0 0 0 0 0 0 0 0 0 0 0 0 0 0 0 0 0 0 0 0 0 0 0 0 0 0 0 0 0 0 0 0 0 0 0 0 0 0 0 0 0 0 0 0 0 0 0 0 0 0 0 0 0 0 0 0 0 0 0 0 0 0 0 0 0 0 0 0 0 0 0 0 0 0 0 0 0 0 0 0 0 0 0 0 0 0 0 0 0 0 0 0 0 0 0 0 0 0 0 0 0 0 0 0 0 0 0 0 0 0 0 0 0 0 0 0 0 0 0 0 0 0 0 0 0 0 0 0 0 0 0 0 0 0 0 0 0 0 0 0 0 0 0 0 0 0 0 0 0 0 0 0 0 0 0 0 0 0 0 0 0 0 0 0 0 0 0 0 0 0 0 0 0 0 0 0 0 0 0 0 0 0 0 0 0 0 0 0 0 0 0 0 0 0 0 0 0 0 0 0 0 0 0 0 0 0 0 0 0 0 0 0 0 0 0 0 0 0 0 0 0 0 0 0 0 0 0 0 0 0 0 0 0 0 0 0 0 0 0 0 0 0 0 0 0 0 0 0 0 0 0 0 0 0 0 0 0 0 0 0 0 0 0 0 0 0 0 0 0 0 0 0 0 0 0 0 0 0 0 0 0 0 0 0 0 0 0 0 0 0 0 0 0 0 0 0 0 0 0 0 0 0 0 0 0 0 0 0 0 0 0 0 0 0 0 0 0 0 0 0 0 0 0 0 0 0 0 0 0 0 0 0 0 0 0 0 0 0 0 0 0 0 0 0 0 0 0 0 0 0 0 0 0 0 0 0 0 0 0 0 0 0 0 0 0 0 0 0 0 0 0 0 0 0 0 0 0 0 0 0 0 0 0 0 0 0 0 0 0 0 0 0 0 0 0 0 0 0 0 0 0 0 0 0 0 0 0 0 0 0 0 0 0 0 0 0 0 0 0 0 0 0 0 0 0 0 0 0 0 0 0 0 0 0 0 0 0 0 0 0 0 0 0 0 0 0 0 0 0 0 0 0 0 0 0 0 0 0 0 0 0 0 0 0 0 0 0 0 0 0 0 0 0 0 0 0 0 0 0 0 0 0 0 0 0 0 0 0 0 0 0 0 0 0 0 0 0 0 0 0 0 0 0 0 0 0 0 0 0 0 0 0 0 0 0 0 0 0 0 0 0 0 0 0 0 0 0 0 0 0 0 0 0 0 0 0 0 0 0 0 0 0 0 0 0 0 0 0 0 0 0 0 0 0 0 0 0 0 0 0 0 0 0 0 0 0 0 0 0 0 0 0 0 0 0 0 0 0 0 0 0 0 0 0 0 0 0 0 0 0 0 0 0 0 0 0 0 0 0 0 0 0 0 0 0 0 0 0 0 0 0 0 0 0 0 0 0 0 0 0 0 0 0 0 0 0 0 0 0 0 0 0 0 0 0 0 0 0 0 0 0 0 0 0 0 0 0 0 0 0 0 0 0 0 0 0 0 0 0 0 0 0 0 0 0 0 0 0 0 0 0 0 0 0 0 0 0 0 0 0 0 0 0 0 0 0 0 0 0 0 0 0 0 0 0 0 0 0 0 0 0 0 0 0 0 0 0 0 0 0 0 0 0 0 0 0 0 0 0 0 0 0 0 0 0 0 0 0 0 0 0 0 0 0 0 0 0 0 0 0 0 0 0 0 0 0 0 0 0 0 0 0 0 0 0 0 0 0 0 0 0 0 0 0 0 0 0 0 0 0 0 0 0 0 0 0 0 0 0 0 0 0 0 0 0 0 0 0 0 0 0 0 0 0 0 0 0 0 0 0 0 0 </v>
        </vertex_weights>
      </skin>
    </controller>
  </library_controllers>
  <library_visual_scenes>
    <visual_scene id="Scene" name="Scene">
      <node id="Armature" name="Armature" type="NODE">
        <matrix sid="transform">1 0 0 0 0 1 0 0 0 0 1 0 0 0 0 1</matrix>
        <node id="Armature_CmFillerObjectCL" name="CmFillerObjectCL" sid="CmFillerObjectCL" type="JOINT">
          <matrix sid="transform">1 0 0 0 0 1 0 0 0 0 1 0 0 0 0 1</matrix>
        </node>
      </node>
      <node id="CollisionM__CollisionC" name="CollisionM__CollisionC" type="NODE">
        <instance_controller url="#Armature_CollisionM__CollisionC-mesh">
          <skeleton>#Armature_CmFillerObjectCL</skeleton>
          <bind_material>
            <technique_common>
              <instance_material symbol="CollisionC" target="#CollisionC" />
              <bind_vertex_input semantic="CHANNEL0" input_semantic="TEXCOORD" input_set="0" />
              <bind_vertex_input semantic="CHANNEL1" input_semantic="TEXCOORD" input_set="1" />
              <bind_vertex_input semantic="CHANNEL2" input_semantic="TEXCOORD" input_set="2" />
            </technique_common>
          </bind_material>
        </instance_controller>
      </node>
      <node id="pCube64__CmFillerObjectCC" name="pCube64__CmFillerObjectCC" type="NODE">
        <instance_controller url="#Armature_pCube64__CmFillerObjectCC-mesh">
          <skeleton>#Armature_CmFillerObjectCL</skeleton>
          <bind_material>
            <technique_common>
              <instance_material symbol="CmFillerObjectCC" target="#CmFillerObjectCC" />
              <bind_vertex_input semantic="CHANNEL0" input_semantic="TEXCOORD" input_set="0" />
              <bind_vertex_input semantic="CHANNEL1" input_semantic="TEXCOORD" input_set="1" />
              <bind_vertex_input semantic="CHANNEL2" input_semantic="TEXCOORD" input_set="2" />
            </technique_common>
          </bind_material>
        </instance_controller>
      </node>
    </visual_scene>
  </library_visual_scenes>
  <scene>
    <instance_visual_scene url="#Scene" />
  </scene>
</COLLADA>