<?xml version="1.0" encoding="utf-8"?>
<COLLADA xmlns="http://www.collada.org/2005/11/COLLADASchema" version="1.4.1">
  <asset />
  <library_images>
    <image id="CmFillerObjectEC_BaseColor._1140043796">
      <init_from>CmFillerObjectEC_BaseColor._1140043796.png</init_from>
    </image>
    <image id="CmFillerObjectEC_MRA.735675598">
      <init_from>CmFillerObjectEC_MRA.735675598.png</init_from>
    </image>
    <image id="CmFillerObjectEC_Normal.1327265174">
      <init_from>CmFillerObjectEC_Normal.1327265174.png</init_from>
    </image>
    <image id="CmFillerObjectE_TapeC_BaseColor.1555905226">
      <init_from>CmFillerObjectE_TapeC_BaseColor.1555905226.png</init_from>
    </image>
    <image id="CmFillerObjectE_TapeC_MRA._1499186613">
      <init_from>CmFillerObjectE_TapeC_MRA._1499186613.png</init_from>
    </image>
    <image id="CmFillerObjectE_TapeC_Normal._346210471">
      <init_from>CmFillerObjectE_TapeC_Normal._346210471.png</init_from>
    </image>
  </library_images>
  <library_materials>
    <material id="CmFillerObjectEC">
      <instance_effect url="#Effect_CmFillerObjectEC" />
    </material>
    <material id="CmFillerObjectE_TapeC">
      <instance_effect url="#Effect_CmFillerObjectE_TapeC" />
    </material>
    <material id="CollisionC">
      <instance_effect url="#Effect_CollisionC" />
    </material>
  </library_materials>
  <library_effects>
    <effect id="Effect_CmFillerObjectEC">
      <profile_COMMON>
        <newparam sid="surface_CmFillerObjectEC-diffuse">
          <surface type="2D">
            <init_from>CmFillerObjectEC_BaseColor._1140043796</init_from>
            <format>A8R8G8B8</format>
          </surface>
        </newparam>
        <newparam sid="sampler_CmFillerObjectEC-diffuse">
          <sampler2D>
            <source>surface_CmFillerObjectEC-diffuse</source>
            <wrap_s>WRAP</wrap_s>
            <wrap_t>WRAP</wrap_t>
          </sampler2D>
        </newparam>
        <newparam sid="surface_CmFillerObjectEC-bump">
          <surface type="2D">
            <init_from>CmFillerObjectEC_Normal.1327265174</init_from>
            <format>A8R8G8B8</format>
          </surface>
        </newparam>
        <newparam sid="sampler_CmFillerObjectEC-bump">
          <sampler2D>
            <source>surface_CmFillerObjectEC-bump</source>
            <wrap_s>WRAP</wrap_s>
            <wrap_t>WRAP</wrap_t>
          </sampler2D>
        </newparam>
        <technique sid="common">
          <phong>
            <diffuse>
              <texture texture="sampler_CmFillerObjectEC-diffuse" texcoord="CHANNEL0" />
            </diffuse>
            <bump>
              <texture texture="sampler_CmFillerObjectEC-bump" texcoord="CHANNEL0" />
            </bump>
            <emission>
              <color sid="emission">0 0 0 1</color>
            </emission>
            <specular>
              <color sid="specular">0 0 0 1</color>
            </specular>
          </phong>
        </technique>
      </profile_COMMON>
    </effect>
    <effect id="Effect_CmFillerObjectE_TapeC">
      <profile_COMMON>
        <newparam sid="surface_CmFillerObjectE_TapeC-diffuse">
          <surface type="2D">
            <init_from>CmFillerObjectE_TapeC_BaseColor.1555905226</init_from>
            <format>A8R8G8B8</format>
          </surface>
        </newparam>
        <newparam sid="sampler_CmFillerObjectE_TapeC-diffuse">
          <sampler2D>
            <source>surface_CmFillerObjectE_TapeC-diffuse</source>
            <wrap_s>WRAP</wrap_s>
            <wrap_t>WRAP</wrap_t>
          </sampler2D>
        </newparam>
        <newparam sid="surface_CmFillerObjectE_TapeC-bump">
          <surface type="2D">
            <init_from>CmFillerObjectE_TapeC_Normal._346210471</init_from>
            <format>A8R8G8B8</format>
          </surface>
        </newparam>
        <newparam sid="sampler_CmFillerObjectE_TapeC-bump">
          <sampler2D>
            <source>surface_CmFillerObjectE_TapeC-bump</source>
            <wrap_s>WRAP</wrap_s>
            <wrap_t>WRAP</wrap_t>
          </sampler2D>
        </newparam>
        <technique sid="common">
          <phong>
            <diffuse>
              <texture texture="sampler_CmFillerObjectE_TapeC-diffuse" texcoord="CHANNEL0" />
            </diffuse>
            <bump>
              <texture texture="sampler_CmFillerObjectE_TapeC-bump" texcoord="CHANNEL0" />
            </bump>
            <emission>
              <color sid="emission">0 0 0 1</color>
            </emission>
            <specular>
              <color sid="specular">0 0 0 1</color>
            </specular>
          </phong>
        </technique>
      </profile_COMMON>
    </effect>
    <effect id="Effect_CollisionC">
      <profile_COMMON>
        <technique sid="common">
          <phong>
            <diffuse>
              <color sid="diffuse">1 1 1 1</color>
            </diffuse>
            <emission>
              <color sid="emission">0 0 0 1</color>
            </emission>
            <specular>
              <color sid="specular">0 0 0 1</color>
            </specular>
          </phong>
        </technique>
      </profile_COMMON>
    </effect>
  </library_effects>
  <library_geometries>
    <geometry id="CollisionM__CollisionC-mesh" name="CollisionM__CollisionC">
      <mesh>
        <source id="CollisionM__CollisionC-position">
          <float_array id="CollisionM__CollisionC-position-array" count="3">0 0 0</float_array>
          <technique_common>
            <accessor source="#CollisionM__CollisionC-position-array" count="1" stride="3">
              <param name="X" type="float" />
              <param name="Y" type="float" />
              <param name="Z" type="float" />
            </accessor>
          </technique_common>
        </source>
        <vertices id="CollisionM__CollisionC-vertex">
          <input semantic="POSITION" source="#CollisionM__CollisionC-position" />
        </vertices>
        <triangles material="CollisionC" count="1">
          <input semantic="VERTEX" source="#CollisionM__CollisionC-vertex" offset="0" />
          <p>0 0 0 </p>
        </triangles>
      </mesh>
    </geometry>
    <geometry id="pCube1__CmFillerObjectEC-mesh" name="pCube1__CmFillerObjectEC">
      <mesh>
        <source id="pCube1__CmFillerObjectEC-position">
          <float_array id="pCube1__CmFillerObjectEC-position-array" count="2052">-0.1528324 0 0.6508406 -0.1528324 0.0266943 0.6775349 -0.1795265 0.0266943 0.6508406 0.8883477 0.0266943 0.6508406 0.8616534 0.0266943 0.6775349 0.8616534 0 0.6508406 -0.1795265 1.429438 0.6508406 -0.1528324 1.429438 0.6775349 -0.1528324 1.447007 0.6508406 0.8616534 1.447007 0.6508406 0.8616534 1.429438 0.6775349 0.8883477 1.429438 0.6508406 -0.1795265 1.429438 -1.051182 -0.1528324 1.447007 -1.051182 -0.1528324 1.429438 -1.077876 0.8616534 1.429438 -1.077876 0.8616534 1.447007 -1.051182 0.8883477 1.429438 -1.051182 -0.1795265 0.0266943 -1.051182 -0.1528324 0.0266943 -1.077876 -0.1528324 0 -1.051182 0.8616534 0 -1.051182 0.8616534 0.0266943 -1.077876 0.8883477 0.0266943 -1.051182 -0.8239169 0 0.6610118 -0.8239169 0.01652133 0.6775354 -0.8404381 0.01652133 0.6610118 -0.1795265 0.01652133 0.6610118 -0.1960475 0.01652133 0.6775354 -0.1960475 0 0.6610118 -0.8404381 1.430486 0.6610118 -0.8239169 1.430486 0.6775354 -0.8239169 1.447007 0.6610118 -0.1960475 1.447007 0.6610118 -0.1960475 1.430486 0.6775354 -0.1795265 1.430486 0.6610118 -0.8404381 1.430486 -1.061355 -0.8239169 1.447007 -1.061355 -0.8239169 1.430486 -1.077876 -0.1960475 1.430486 -1.077876 -0.1960475 1.447007 -1.061355 -0.1795265 1.430486 -1.061355 -0.8404381 0.01652133 -1.061355 -0.8239169 0.01652133 -1.077876 -0.8239169 0 -1.061355 -0.1960475 0 -1.061355 -0.1960475 0.01652133 -1.077876 -0.1795265 0.01652133 -1.061355 -0.3454778 2.524446 0.4315077 -0.3464327 2.548222 0.4552633 -0.3692334 2.548222 0.4305514 0.7001015 2.548222 0.4735815 0.6753894 2.548222 0.4963818 0.6763454 2.524446 0.472624 -0.3692334 2.976224 0.4305514 -0.3464327 2.976224 0.4552633 -0.3454778 3 0.4315077 0.6763454 3 0.472624 0.6753894 2.976224 0.4963818 0.7001015 2.976224 0.4735815 -0.3167418 2.976224 -0.8739227 -0.2929853 3 -0.8729656 -0.2920321 2.976224 -0.8967227 0.7297952 2.976224 -0.8556036 0.7288375 3 -0.8318486 0.7525935 2.976224 -0.8308915 -0.3167418 2.548222 -0.8739227 -0.2920321 2.548222 -0.8967227 -0.2929853 2.524446 -0.8729656 0.7288375 2.524446 -0.8318486 0.7297952 2.548222 -0.8556036 0.7525935 2.548222 -0.8308915 -0.938889 1.447008 0.3753061 -0.9416118 1.46882 0.3969474 -0.9605303 1.46882 0.3725839 -0.0946188 1.46882 0.4817076 -0.1191516 1.46882 0.5003901 -0.1164303 1.447008 0.4787483 -0.9605303 2.502635 0.3725839 -0.9416118 2.502635 0.3969474 -0.938889 2.524446 0.3753061 -0.1164303 2.524446 0.4787483 -0.1191516 2.502635 0.5003901 -0.0946188 2.502635 0.4817076 -0.7709522 2.502635 -1.134724 -0.749311 2.524446 -1.132002 -0.7465892 2.502635 -1.153643 0.07587051 2.502635 -1.0502 0.07314873 2.524446 -1.028559 0.09495974 2.502635 -1.025601 -0.7709522 1.46882 -1.134724 -0.7465892 1.46882 -1.153643 -0.749311 1.447008 -1.132002 0.07314873 1.447008 -1.028559 0.07587051 1.46882 -1.0502 0.09495974 1.46882 -1.025601 -0.07280731 1.447008 0.4846659 -0.07553005 1.46882 0.5063071 -0.0946188 1.46882 0.4817076 0.7712936 1.46882 0.5908308 0.7469301 1.46882 0.6097498 0.7496514 1.447008 0.5881081 -0.0946188 2.502635 0.4817076 -0.07553005 2.502635 0.5063071 -0.07280731 2.524446 0.4846659 0.7496514 2.524446 0.5881081 0.7469301 2.502635 0.6097498 0.7712936 2.502635 0.5908308 0.09495974 2.502635 -1.025601 0.1167707 2.524446 -1.022642 0.1194925 2.502635 -1.044283 0.9419522 2.502635 -0.9408402 0.9392304 2.524446 -0.919199 0.9608717 2.502635 -0.9164772 0.09495974 1.46882 -1.025601 0.1194925 1.46882 -1.044283 0.1167707 1.447008 -1.022642 0.9392304 1.447008 -0.919199 0.9419522 1.46882 -0.9408402 0.9608717 1.46882 -0.9164772 -0.1528324 0 0.6508406 -0.1795265 0.0266943 0.6508406 -0.1528324 0 -1.051182 -0.1795265 0.0266943 -1.051182 -0.1528324 0.0266943 0.6775349 -0.1528324 0 0.6508406 0.8616534 0.0266943 0.6775349 0.8616534 0 0.6508406 -0.1795265 0.0266943 0.6508406 -0.1528324 0.0266943 0.6775349 -0.1795265 1.429438 0.6508406 -0.1528324 1.429438 0.6775349 0.8883477 0.0266943 0.6508406 0.8616534 0 0.6508406 0.8883477 0.0266943 -1.051182 0.8616534 0 -1.051182 0.8616534 0.0266943 0.6775349 0.8883477 0.0266943 0.6508406 0.8616534 1.429438 0.6775349 0.8883477 1.429438 0.6508406 -0.1795265 1.429438 0.6508406 -0.1528324 1.447007 0.6508406 -0.1795265 1.429438 -1.051182 -0.1528324 1.447007 -1.051182 -0.1528324 1.447007 0.6508406 -0.1528324 1.429438 0.6775349 0.8616534 1.447007 0.6508406 0.8616534 1.429438 0.6775349 0.8616534 1.447007 0.6508406 0.8883477 1.429438 0.6508406 0.8616534 1.447007 -1.051182 0.8883477 1.429438 -1.051182 -0.1795265 1.429438 -1.051182 -0.1528324 1.429438 -1.077876 -0.1795265 0.0266943 -1.051182 -0.1528324 0.0266943 -1.077876 -0.1528324 1.429438 -1.077876 -0.1528324 1.447007 -1.051182 0.8616534 1.429438 -1.077876 0.8616534 1.447007 -1.051182 0.8616534 1.429438 -1.077876 0.8883477 1.429438 -1.051182 0.8616534 0.0266943 -1.077876 0.8883477 0.0266943 -1.051182 -0.1528324 0 -1.051182 -0.1528324 0.0266943 -1.077876 0.8616534 0 -1.051182 0.8616534 0.0266943 -1.077876 -0.1528324 0.0266943 0.6775349 0.8616534 0.0266943 0.6775349 -0.1528324 1.429438 0.6775349 0.8616534 1.429438 0.6775349 -0.1528324 1.447007 0.6508406 0.8616534 1.447007 0.6508406 -0.1528324 1.447007 -1.051182 0.8616534 1.447007 -1.051182 -0.1528324 1.429438 -1.077876 0.8616534 1.429438 -1.077876 -0.1528324 0.0266943 -1.077876 0.8616534 0.0266943 -1.077876 0.8883477 0.0266943 0.6508406 0.8883477 0.0266943 -1.051182 0.8883477 1.429438 0.6508406 0.8883477 1.429438 -1.051182 -0.1795265 0.0266943 -1.051182 -0.1795265 0.0266943 0.6508406 -0.1795265 1.429438 -1.051182 -0.1795265 1.429438 0.6508406 -0.8239169 0 0.6610118 -0.8404381 0.01652133 0.6610118 -0.8239169 0 -1.061355 -0.8404381 0.01652133 -1.061355 -0.8239169 0.01652133 0.6775354 -0.8239169 0 0.6610118 -0.1960475 0.01652133 0.6775354 -0.1960475 0 0.6610118 -0.8404381 0.01652133 0.6610118 -0.8239169 0.01652133 0.6775354 -0.8404381 1.430486 0.6610118 -0.8239169 1.430486 0.6775354 -0.1795265 0.01652133 0.6610118 -0.1960475 0 0.6610118 -0.1795265 0.01652133 -1.061355 -0.1960475 0 -1.061355 -0.1960475 0.01652133 0.6775354 -0.1795265 0.01652133 0.6610118 -0.1960475 1.430486 0.6775354 -0.1795265 1.430486 0.6610118 -0.8404381 1.430486 0.6610118 -0.8239169 1.447007 0.6610118 -0.8404381 1.430486 -1.061355 -0.8239169 1.447007 -1.061355 -0.8239169 1.447007 0.6610118 -0.8239169 1.430486 0.6775354 -0.1960475 1.447007 0.6610118 -0.1960475 1.430486 0.6775354 -0.1960475 1.447007 0.6610118 -0.1795265 1.430486 0.6610118 -0.1960475 1.447007 -1.061355 -0.1795265 1.430486 -1.061355 -0.8404381 1.430486 -1.061355 -0.8239169 1.430486 -1.077876 -0.8404381 0.01652133 -1.061355 -0.8239169 0.01652133 -1.077876 -0.8239169 1.430486 -1.077876 -0.8239169 1.447007 -1.061355 -0.1960475 1.430486 -1.077876 -0.1960475 1.447007 -1.061355 -0.1960475 1.430486 -1.077876 -0.1795265 1.430486 -1.061355 -0.1960475 0.01652133 -1.077876 -0.1795265 0.01652133 -1.061355 -0.8239169 0 -1.061355 -0.8239169 0.01652133 -1.077876 -0.1960475 0 -1.061355 -0.1960475 0.01652133 -1.077876 -0.8239169 0.01652133 0.6775354 -0.1960475 0.01652133 0.6775354 -0.8239169 1.430486 0.6775354 -0.1960475 1.430486 0.6775354 -0.8239169 1.447007 0.6610118 -0.1960475 1.447007 0.6610118 -0.8239169 1.447007 -1.061355 -0.1960475 1.447007 -1.061355 -0.8239169 1.430486 -1.077876 -0.1960475 1.430486 -1.077876 -0.8239169 0.01652133 -1.077876 -0.1960475 0.01652133 -1.077876 -0.1795265 0.01652133 0.6610118 -0.1795265 0.01652133 -1.061355 -0.1795265 1.430486 0.6610118 -0.1795265 1.430486 -1.061355 -0.8404381 0.01652133 -1.061355 -0.8404381 0.01652133 0.6610118 -0.8404381 1.430486 -1.061355 -0.8404381 1.430486 0.6610118 -0.3454778 2.524446 0.4315077 -0.3692334 2.548222 0.4305514 -0.2929853 2.524446 -0.8729656 -0.3167418 2.548222 -0.8739227 -0.3464327 2.548222 0.4552633 -0.3454778 2.524446 0.4315077 0.6753894 2.548222 0.4963818 0.6763454 2.524446 0.472624 -0.3692334 2.548222 0.4305514 -0.3464327 2.548222 0.4552633 -0.3692334 2.976224 0.4305514 -0.3464327 2.976224 0.4552633 0.7001015 2.548222 0.4735815 0.6763454 2.524446 0.472624 0.7525935 2.548222 -0.8308915 0.7288375 2.524446 -0.8318486 0.6753894 2.548222 0.4963818 0.7001015 2.548222 0.4735815 0.6753894 2.976224 0.4963818 0.7001015 2.976224 0.4735815 -0.3692334 2.976224 0.4305514 -0.3454778 3 0.4315077 -0.3167418 2.976224 -0.8739227 -0.2929853 3 -0.8729656 -0.3454778 3 0.4315077 -0.3464327 2.976224 0.4552633 0.6763454 3 0.472624 0.6753894 2.976224 0.4963818 0.6763454 3 0.472624 0.7001015 2.976224 0.4735815 0.7288375 3 -0.8318486 0.7525935 2.976224 -0.8308915 -0.3167418 2.976224 -0.8739227 -0.2920321 2.976224 -0.8967227 -0.3167418 2.548222 -0.8739227 -0.2920321 2.548222 -0.8967227 -0.2920321 2.976224 -0.8967227 -0.2929853 3 -0.8729656 0.7297952 2.976224 -0.8556036 0.7288375 3 -0.8318486 0.7297952 2.976224 -0.8556036 0.7525935 2.976224 -0.8308915 0.7297952 2.548222 -0.8556036 0.7525935 2.548222 -0.8308915 -0.2929853 2.524446 -0.8729656 -0.2920321 2.548222 -0.8967227 0.7288375 2.524446 -0.8318486 0.7297952 2.548222 -0.8556036 -0.3464327 2.548222 0.4552633 0.6753894 2.548222 0.4963818 -0.3464327 2.976224 0.4552633 0.6753894 2.976224 0.4963818 -0.3454778 3 0.4315077 0.6763454 3 0.472624 -0.2929853 3 -0.8729656 0.7288375 3 -0.8318486 -0.2920321 2.976224 -0.8967227 0.7297952 2.976224 -0.8556036 -0.2920321 2.548222 -0.8967227 0.7297952 2.548222 -0.8556036 0.7001015 2.548222 0.4735815 0.7525935 2.548222 -0.8308915 0.7001015 2.976224 0.4735815 0.7525935 2.976224 -0.8308915 -0.3167418 2.548222 -0.8739227 -0.3692334 2.548222 0.4305514 -0.3167418 2.976224 -0.8739227 -0.3692334 2.976224 0.4305514 -0.938889 1.447008 0.3753061 -0.9605303 1.46882 0.3725839 -0.749311 1.447008 -1.132002 -0.7709522 1.46882 -1.134724 -0.9416118 1.46882 0.3969474 -0.938889 1.447008 0.3753061 -0.1191516 1.46882 0.5003901 -0.1164303 1.447008 0.4787483 -0.9605303 1.46882 0.3725839 -0.9416118 1.46882 0.3969474 -0.9605303 2.502635 0.3725839 -0.9416118 2.502635 0.3969474 -0.0946188 1.46882 0.4817076 -0.1164303 1.447008 0.4787483 0.09495974 1.46882 -1.025601 0.07314873 1.447008 -1.028559 -0.1191516 1.46882 0.5003901 -0.0946188 1.46882 0.4817076 -0.1191516 2.502635 0.5003901 -0.0946188 2.502635 0.4817076 -0.9605303 2.502635 0.3725839 -0.938889 2.524446 0.3753061 -0.7709522 2.502635 -1.134724 -0.749311 2.524446 -1.132002 -0.938889 2.524446 0.3753061 -0.9416118 2.502635 0.3969474 -0.1164303 2.524446 0.4787483 -0.1191516 2.502635 0.5003901 -0.1164303 2.524446 0.4787483 -0.0946188 2.502635 0.4817076 0.07314873 2.524446 -1.028559 0.09495974 2.502635 -1.025601 -0.7709522 2.502635 -1.134724 -0.7465892 2.502635 -1.153643 -0.7709522 1.46882 -1.134724 -0.7465892 1.46882 -1.153643 -0.7465892 2.502635 -1.153643 -0.749311 2.524446 -1.132002 0.07587051 2.502635 -1.0502 0.07314873 2.524446 -1.028559 0.07587051 2.502635 -1.0502 0.09495974 2.502635 -1.025601 0.07587051 1.46882 -1.0502 0.09495974 1.46882 -1.025601 -0.749311 1.447008 -1.132002 -0.7465892 1.46882 -1.153643 0.07314873 1.447008 -1.028559 0.07587051 1.46882 -1.0502 -0.9416118 1.46882 0.3969474 -0.1191516 1.46882 0.5003901 -0.9416118 2.502635 0.3969474 -0.1191516 2.502635 0.5003901 -0.938889 2.524446 0.3753061 -0.1164303 2.524446 0.4787483 -0.749311 2.524446 -1.132002 0.07314873 2.524446 -1.028559 -0.7465892 2.502635 -1.153643 0.07587051 2.502635 -1.0502 -0.7465892 1.46882 -1.153643 0.07587051 1.46882 -1.0502 -0.749311 1.447008 -1.132002 0.07314873 1.447008 -1.028559 -0.938889 1.447008 0.3753061 -0.1164303 1.447008 0.4787483 -0.7709522 1.46882 -1.134724 -0.9605303 1.46882 0.3725839 -0.7709522 2.502635 -1.134724 -0.9605303 2.502635 0.3725839 -0.07280731 1.447008 0.4846659 -0.0946188 1.46882 0.4817076 0.1167707 1.447008 -1.022642 0.09495974 1.46882 -1.025601 -0.07553005 1.46882 0.5063071 -0.07280731 1.447008 0.4846659 0.7469301 1.46882 0.6097498 0.7496514 1.447008 0.5881081 -0.0946188 1.46882 0.4817076 -0.07553005 1.46882 0.5063071 -0.0946188 2.502635 0.4817076 -0.07553005 2.502635 0.5063071 0.7712936 1.46882 0.5908308 0.7496514 1.447008 0.5881081 0.9608717 1.46882 -0.9164772 0.9392304 1.447008 -0.919199 0.7469301 1.46882 0.6097498 0.7712936 1.46882 0.5908308 0.7469301 2.502635 0.6097498 0.7712936 2.502635 0.5908308 -0.0946188 2.502635 0.4817076 -0.07280731 2.524446 0.4846659 0.09495974 2.502635 -1.025601 0.1167707 2.524446 -1.022642 -0.07280731 2.524446 0.4846659 -0.07553005 2.502635 0.5063071 0.7496514 2.524446 0.5881081 0.7469301 2.502635 0.6097498 0.7496514 2.524446 0.5881081 0.7712936 2.502635 0.5908308 0.9392304 2.524446 -0.919199 0.9608717 2.502635 -0.9164772 0.09495974 2.502635 -1.025601 0.1194925 2.502635 -1.044283 0.09495974 1.46882 -1.025601 0.1194925 1.46882 -1.044283 0.1194925 2.502635 -1.044283 0.1167707 2.524446 -1.022642 0.9419522 2.502635 -0.9408402 0.9392304 2.524446 -0.919199 0.9419522 2.502635 -0.9408402 0.9608717 2.502635 -0.9164772 0.9419522 1.46882 -0.9408402 0.9608717 1.46882 -0.9164772 0.1167707 1.447008 -1.022642 0.1194925 1.46882 -1.044283 0.9392304 1.447008 -0.919199 0.9419522 1.46882 -0.9408402 -0.07553005 1.46882 0.5063071 0.7469301 1.46882 0.6097498 -0.07553005 2.502635 0.5063071 0.7469301 2.502635 0.6097498 -0.07280731 2.524446 0.4846659 0.7496514 2.524446 0.5881081 0.1167707 2.524446 -1.022642 0.9392304 2.524446 -0.919199 0.1194925 2.502635 -1.044283 0.9419522 2.502635 -0.9408402 0.1194925 1.46882 -1.044283 0.9419522 1.46882 -0.9408402 0.1167707 1.447008 -1.022642 0.9392304 1.447008 -0.919199 -0.07280731 1.447008 0.4846659 0.7496514 1.447008 0.5881081 0.7712936 1.46882 0.5908308 0.9608717 1.46882 -0.9164772 0.7712936 2.502635 0.5908308 0.9608717 2.502635 -0.9164772 -0.1795265 1.429438 -1.051182 -0.1528324 1.436026 -1.067866 -0.1528324 0.0266943 -1.077876 -0.1528324 1.436026 -1.067866 0.8616534 1.447007 -1.051182 0.8699954 1.429438 -1.069534 -0.3167418 2.976224 -0.8739227 -0.2925682 2.989598 -0.8833593 -0.2920321 2.548222 -0.8967227 -0.2925682 2.989598 -0.8833593 0.7288375 3 -0.8318486 0.7369197 2.976224 -0.8478811 -0.938889 1.447008 0.3753061 -0.9605303 1.46882 0.3725839 -0.74778 1.459277 -1.144175 -0.9605303 1.46882 0.3725839 -0.938889 1.447008 0.3753061 -0.938889 2.524446 0.3753061 -0.1164303 1.447008 0.4787483 -0.0946188 1.46882 0.4817076 -0.0946188 2.502635 0.4817076 -0.938889 2.524446 0.3753061 -0.0946188 2.502635 0.4817076 -0.1164303 2.524446 0.4787483 0.07314873 2.524446 -1.028559 0.09495974 2.502635 -1.025601 0.09495974 1.46882 -1.025601 -0.74778 1.459277 -1.144175 0.09495974 1.46882 -1.025601 0.07314873 1.447008 -1.028559 -0.0946188 1.46882 0.4817076 -0.07280731 1.447008 0.4846659 0.7496514 1.447008 0.5881081 -0.0946188 1.46882 0.4817076 -0.07280731 2.524446 0.4846659 -0.0946188 2.502635 0.4817076 0.7496514 1.447008 0.5881081 0.9392304 1.447008 -0.919199 0.9549594 1.46882 -0.9240906 0.7496514 2.524446 0.5881081 0.9478645 2.502635 -0.9332268 0.9392304 2.524446 -0.919199 0.1179615 2.514904 -1.03211 0.9392304 2.524446 -0.919199 0.9478645 2.502635 -0.9332268 0.1183017 1.459277 -1.034815 0.9549594 1.46882 -0.9240906 0.9392304 1.447008 -0.919199 -0.1528324 0 0.6508406 -0.1711846 0.0266943 0.6591826 -0.1528324 0 -1.051182 -0.1528324 0.0266943 -1.077876 -0.1711846 0.0266943 0.6591826 -0.1528324 0 0.6508406 0.8699954 0.0266943 0.669193 0.8616534 0 0.6508406 0.8699954 0.0266943 0.669193 0.8616534 0 0.6508406 0.8800058 0.0266943 -1.059524 0.8616534 0 -1.051182 -0.1611743 1.429438 0.669193 -0.1528324 1.447007 0.6508406 -0.1795265 1.429438 -1.051182 -0.1528324 1.436026 -1.067866 -0.1528324 1.447007 0.6508406 -0.1611743 1.429438 0.669193 0.8616534 1.447007 0.6508406 0.8800058 1.429438 0.6591826 0.8616534 1.447007 0.6508406 0.8800058 1.429438 0.6591826 0.8616534 1.447007 -1.051182 0.8699954 1.429438 -1.069534 -0.1528324 0 -1.051182 -0.1528324 0.0266943 -1.077876 0.8616534 0 -1.051182 0.8800058 0.0266943 -1.059524 -0.1711846 0.0266943 0.6591826 0.8699954 0.0266943 0.669193 -0.1611743 1.429438 0.669193 0.8800058 1.429438 0.6591826 -0.1528324 1.447007 0.6508406 0.8616534 1.447007 0.6508406 -0.1528324 1.436026 -1.067866 0.8616534 1.447007 -1.051182 -0.1528324 1.436026 -1.067866 0.8699954 1.429438 -1.069534 -0.1528324 0.0266943 -1.077876 0.8800058 0.0266943 -1.059524 0.8699954 0.0266943 0.669193 0.8800058 0.0266943 -1.059524 0.8800058 1.429438 0.6591826 0.8699954 1.429438 -1.069534 -0.1528324 0.0266943 -1.077876 -0.1711846 0.0266943 0.6591826 -0.1795265 1.429438 -1.051182 -0.1611743 1.429438 0.669193 -0.8239169 0 0.6610118 -0.1960475 0 0.6610118 -0.8239169 1.447007 0.6610118 -0.1960475 1.447007 0.6610118 -0.8239169 1.447007 0.6610118 -0.1960475 1.447007 0.6610118 -0.8239169 1.439779 -1.068583 -0.1960475 1.447007 -1.061355 -0.8239169 1.439779 -1.068583 -0.1960475 1.447007 -1.061355 -0.8239169 0 -1.061355 -0.1960475 0 -1.061355 -0.1960475 0 0.6610118 -0.1960475 0 -1.061355 -0.1960475 1.447007 0.6610118 -0.1960475 1.447007 -1.061355 -0.8239169 0 -1.061355 -0.8239169 0 0.6610118 -0.8239169 1.439779 -1.068583 -0.8239169 1.447007 0.6610118 -0.3454778 2.524446 0.4315077 -0.3621082 2.548222 0.4382738 -0.2929853 2.524446 -0.8729656 -0.2920321 2.548222 -0.8967227 -0.3621082 2.548222 0.4382738 -0.3454778 2.524446 0.4315077 0.6831119 2.548222 0.4892567 0.6763454 2.524446 0.472624 0.6831119 2.548222 0.4892567 0.6763454 2.524446 0.472624 0.745469 2.548222 -0.838614 0.7288375 2.524446 -0.8318486 -0.3535579 2.976224 0.4475408 -0.3454778 3 0.4315077 -0.3167418 2.976224 -0.8739227 -0.2925682 2.989598 -0.8833593 -0.3454778 3 0.4315077 -0.3535579 2.976224 0.4475408 0.6763454 3 0.472624 0.692379 2.976224 0.4807066 0.6763454 3 0.472624 0.692379 2.976224 0.4807066 0.7288375 3 -0.8318486 0.7369197 2.976224 -0.8478811 -0.2929853 2.524446 -0.8729656 -0.2920321 2.548222 -0.8967227 0.7288375 2.524446 -0.8318486 0.745469 2.548222 -0.838614 -0.3621082 2.548222 0.4382738 0.6831119 2.548222 0.4892567 -0.3535579 2.976224 0.4475408 0.692379 2.976224 0.4807066 -0.3454778 3 0.4315077 0.6763454 3 0.472624 -0.2925682 2.989598 -0.8833593 0.7288375 3 -0.8318486 -0.2925682 2.989598 -0.8833593 0.7369197 2.976224 -0.8478811 -0.2920321 2.548222 -0.8967227 0.745469 2.548222 -0.838614 0.6831119 2.548222 0.4892567 0.745469 2.548222 -0.838614 0.692379 2.976224 0.4807066 0.7369197 2.976224 -0.8478811 -0.2920321 2.548222 -0.8967227 -0.3621082 2.548222 0.4382738 -0.3167418 2.976224 -0.8739227 -0.3535579 2.976224 0.4475408 -0.0946188 1.46882 0.4817076 -0.1164303 1.447008 0.4787483 0.09495974 1.46882 -1.025601 0.07314873 1.447008 -1.028559 -0.1164303 2.524446 0.4787483 -0.0946188 2.502635 0.4817076 0.07314873 2.524446 -1.028559 0.09495974 2.502635 -1.025601 -0.938889 1.447008 0.3753061 -0.1164303 1.447008 0.4787483 -0.938889 2.524446 0.3753061 -0.0946188 2.502635 0.4817076 -0.938889 2.524446 0.3753061 -0.1164303 2.524446 0.4787483 -0.7481202 2.514904 -1.14147 0.07314873 2.524446 -1.028559 -0.7481202 2.514904 -1.14147 0.07314873 2.524446 -1.028559 -0.74778 1.459277 -1.144175 0.09495974 1.46882 -1.025601 -0.74778 1.459277 -1.144175 0.07314873 1.447008 -1.028559 -0.938889 1.447008 0.3753061 -0.1164303 1.447008 0.4787483 -0.74778 1.459277 -1.144175 -0.9605303 1.46882 0.3725839 -0.7481202 2.514904 -1.14147 -0.938889 2.524446 0.3753061 -0.07280731 1.447008 0.4846659 -0.0946188 1.46882 0.4817076 0.1183017 1.459277 -1.034815 0.09495974 1.46882 -1.025601 -0.0946188 2.502635 0.4817076 -0.07280731 2.524446 0.4846659 0.09495974 2.502635 -1.025601 0.1179615 2.514904 -1.03211 0.09495974 2.502635 -1.025601 0.1179615 2.514904 -1.03211 0.09495974 1.46882 -1.025601 0.1183017 1.459277 -1.034815 -0.0946188 1.46882 0.4817076 0.7496514 1.447008 0.5881081 -0.07280731 2.524446 0.4846659 0.7496514 2.524446 0.5881081 -0.07280731 2.524446 0.4846659 0.7496514 2.524446 0.5881081 0.1179615 2.514904 -1.03211 0.9392304 2.524446 -0.919199 0.1179615 2.514904 -1.03211 0.9478645 2.502635 -0.9332268 0.1183017 1.459277 -1.034815 0.9549594 1.46882 -0.9240906 0.1183017 1.459277 -1.034815 0.9392304 1.447008 -0.919199 -0.07280731 1.447008 0.4846659 0.7496514 1.447008 0.5881081 0.7496514 1.447008 0.5881081 0.9549594 1.46882 -0.9240906 0.7496514 2.524446 0.5881081 0.9478645 2.502635 -0.9332268</float_array>
          <technique_common>
            <accessor source="#pCube1__CmFillerObjectEC-position-array" count="684" stride="3">
              <param name="X" type="float" />
              <param name="Y" type="float" />
              <param name="Z" type="float" />
            </accessor>
          </technique_common>
        </source>
        <source id="pCube1__CmFillerObjectEC-normal">
          <float_array id="pCube1__CmFillerObjectEC-normal-array" count="2052">-0.5772994 -0.5772994 0.5772994 -0.5772994 -0.5772994 0.5772994 -0.5772994 -0.5772994 0.5772994 0.5772994 -0.5772994 0.5772994 0.5772994 -0.5772994 0.5772994 0.5772994 -0.5772994 0.5772994 -0.481409 0.7318982 0.481409 -0.481409 0.7318982 0.481409 -0.481409 0.7318982 0.481409 0.481409 0.7318982 0.481409 0.481409 0.7318982 0.481409 0.481409 0.7318982 0.481409 -0.481409 0.7318982 -0.481409 -0.481409 0.7318982 -0.481409 -0.481409 0.7318982 -0.481409 0.481409 0.7318982 -0.481409 0.481409 0.7318982 -0.481409 0.481409 0.7318982 -0.481409 -0.5772994 -0.5772994 -0.5772994 -0.5772994 -0.5772994 -0.5772994 -0.5772994 -0.5772994 -0.5772994 0.5772994 -0.5772994 -0.5772994 0.5772994 -0.5772994 -0.5772994 0.5772994 -0.5772994 -0.5772994 -0.5772994 -0.5772994 0.5772994 -0.5772994 -0.5772994 0.5772994 -0.5772994 -0.5772994 0.5772994 0.5772994 -0.5772994 0.5772994 0.5772994 -0.5772994 0.5772994 0.5772994 -0.5772994 0.5772994 -0.5772994 0.5772994 0.5772994 -0.5772994 0.5772994 0.5772994 -0.5772994 0.5772994 0.5772994 0.5772994 0.5772994 0.5772994 0.5772994 0.5772994 0.5772994 0.5772994 0.5772994 0.5772994 -0.5772994 0.5772994 -0.5772994 -0.5772994 0.5772994 -0.5772994 -0.5772994 0.5772994 -0.5772994 0.5772994 0.5772994 -0.5772994 0.5772994 0.5772994 -0.5772994 0.5772994 0.5772994 -0.5772994 -0.5772994 -0.5772994 -0.5772994 -0.5772994 -0.5772994 -0.5772994 -0.5772994 -0.5772994 -0.5772994 0.5772994 -0.5772994 -0.5772994 0.5772994 -0.5772994 -0.5772994 0.5772994 -0.5772994 -0.5772994 -0.6007828 -0.5772994 0.553816 -0.6007828 -0.5772994 0.553816 -0.6007828 -0.5772994 0.553816 0.553816 -0.5772994 0.6007828 0.553816 -0.5772994 0.6007828 0.553816 -0.5772994 0.6007828 -0.6007828 0.5772994 0.553816 -0.6007828 0.5772994 0.553816 -0.6007828 0.5772994 0.553816 0.553816 0.5772994 0.6007828 0.553816 0.5772994 0.6007828 0.553816 0.5772994 0.6007828 -0.553816 0.5772994 -0.6007828 -0.553816 0.5772994 -0.6007828 -0.553816 0.5772994 -0.6007828 0.6007828 0.5772994 -0.553816 0.6007828 0.5772994 -0.553816 0.6007828 0.5772994 -0.553816 -0.553816 -0.5772994 -0.6007828 -0.553816 -0.5772994 -0.6007828 -0.553816 -0.5772994 -0.6007828 0.6007828 -0.5772994 -0.553816 0.6007828 -0.5772994 -0.553816 0.6007828 -0.5772994 -0.553816 -0.6457925 -0.5772994 0.5009785 -0.6457925 -0.5772994 0.5009785 -0.6457925 -0.5772994 0.5009785 0.4931507 -0.5812133 0.6477495 0.4931507 -0.5812133 0.6477495 0.4931507 -0.5812133 0.6477495 -0.6457925 0.5772994 0.5009785 -0.6457925 0.5772994 0.5009785 -0.6457925 0.5772994 0.5009785 0.4931507 0.5812133 0.6477495 0.4931507 0.5812133 0.6477495 0.4931507 0.5812133 0.6477495 -0.5009785 0.5772994 -0.6457925 -0.5009785 0.5772994 -0.6457925 -0.5009785 0.5772994 -0.6457925 0.6457925 0.5772994 -0.5009785 0.6457925 0.5772994 -0.5009785 0.6457925 0.5772994 -0.5009785 -0.5009785 -0.5772994 -0.6457925 -0.5009785 -0.5772994 -0.6457925 -0.5009785 -0.5772994 -0.6457925 0.6457925 -0.5772994 -0.5009785 0.6457925 -0.5772994 -0.5009785 0.6457925 -0.5772994 -0.5009785 -0.6457925 -0.5772994 0.5009785 -0.6457925 -0.5772994 0.5009785 -0.6457925 -0.5772994 0.5009785 0.5009785 -0.5772994 0.6457925 0.5009785 -0.5772994 0.6457925 0.5009785 -0.5772994 0.6457925 -0.6457925 0.5772994 0.5009785 -0.6457925 0.5772994 0.5009785 -0.6457925 0.5772994 0.5009785 0.5009785 0.5772994 0.6457925 0.5009785 0.5772994 0.6457925 0.5009785 0.5772994 0.6457925 -0.4931507 0.5812133 -0.6477495 -0.4931507 0.5812133 -0.6477495 -0.4931507 0.5812133 -0.6477495 0.6457925 0.5772994 -0.5009785 0.6457925 0.5772994 -0.5009785 0.6457925 0.5772994 -0.5009785 -0.4931507 -0.5812133 -0.6477495 -0.4931507 -0.5812133 -0.6477495 -0.4931507 -0.5812133 -0.6477495 0.6457925 -0.5772994 -0.5009785 0.6457925 -0.5772994 -0.5009785 0.6457925 -0.5772994 -0.5009785 -0.7064579 -0.7064579 0 -0.7064579 -0.7064579 0 -0.7064579 -0.7064579 0 -0.7064579 -0.7064579 0 0 -0.7064579 0.7064579 0 -0.7064579 0.7064579 0 -0.7064579 0.7064579 0 -0.7064579 0.7064579 -0.7064579 0 0.7064579 -0.7064579 0 0.7064579 -0.7064579 0 0.7064579 -0.7064579 0 0.7064579 0.7064579 -0.7064579 0 0.7064579 -0.7064579 0 0.7064579 -0.7064579 0 0.7064579 -0.7064579 0 0.7064579 0 0.7064579 0.7064579 0 0.7064579 0.7064579 0 0.7064579 0.7064579 0 0.7064579 -0.5499021 0.8356164 0 -0.5499021 0.8356164 0 -0.5499021 0.8356164 0 -0.5499021 0.8356164 0 0 0.8356164 0.5499021 0 0.8356164 0.5499021 0 0.8356164 0.5499021 0 0.8356164 0.5499021 0.5499021 0.8356164 0 0.5499021 0.8356164 0 0.5499021 0.8356164 0 0.5499021 0.8356164 0 -0.7064579 0 -0.7064579 -0.7064579 0 -0.7064579 -0.7064579 0 -0.7064579 -0.7064579 0 -0.7064579 0 0.8356164 -0.5499021 0 0.8356164 -0.5499021 0 0.8356164 -0.5499021 0 0.8356164 -0.5499021 0.7064579 0 -0.7064579 0.7064579 0 -0.7064579 0.7064579 0 -0.7064579 0.7064579 0 -0.7064579 0 -0.7064579 -0.7064579 0 -0.7064579 -0.7064579 0 -0.7064579 -0.7064579 0 -0.7064579 -0.7064579 0 0 1 0 0 1 0 0 1 0 0 1 0 1 0 0 1 0 0 1 0 0 1 0 0 0 -1 0 0 -1 0 0 -1 0 0 -1 1 0 0 1 0 0 1 0 0 1 0 0 -1 0 0 -1 0 0 -1 0 0 -1 0 0 -0.7064579 -0.7064579 0 -0.7064579 -0.7064579 0 -0.7064579 -0.7064579 0 -0.7064579 -0.7064579 0 0 -0.7064579 0.7064579 0 -0.7064579 0.7064579 0 -0.7064579 0.7064579 0 -0.7064579 0.7064579 -0.7064579 0 0.7064579 -0.7064579 0 0.7064579 -0.7064579 0 0.7064579 -0.7064579 0 0.7064579 0.7064579 -0.7064579 0 0.7064579 -0.7064579 0 0.7064579 -0.7064579 0 0.7064579 -0.7064579 0 0.7064579 0 0.7064579 0.7064579 0 0.7064579 0.7064579 0 0.7064579 0.7064579 0 0.7064579 -0.7064579 0.7064579 0 -0.7064579 0.7064579 0 -0.7064579 0.7064579 0 -0.7064579 0.7064579 0 0 0.7064579 0.7064579 0 0.7064579 0.7064579 0 0.7064579 0.7064579 0 0.7064579 0.7064579 0.7064579 0.7064579 0 0.7064579 0.7064579 0 0.7064579 0.7064579 0 0.7064579 0.7064579 0 -0.7064579 0 -0.7064579 -0.7064579 0 -0.7064579 -0.7064579 0 -0.7064579 -0.7064579 0 -0.7064579 0 0.7064579 -0.7064579 0 0.7064579 -0.7064579 0 0.7064579 -0.7064579 0 0.7064579 -0.7064579 0.7064579 0 -0.7064579 0.7064579 0 -0.7064579 0.7064579 0 -0.7064579 0.7064579 0 -0.7064579 0 -0.7064579 -0.7064579 0 -0.7064579 -0.7064579 0 -0.7064579 -0.7064579 0 -0.7064579 -0.7064579 0 0 1 0 0 1 0 0 1 0 0 1 0 1 0 0 1 0 0 1 0 0 1 0 0 0 -1 0 0 -1 0 0 -1 0 0 -1 1 0 0 1 0 0 1 0 0 1 0 0 -1 0 0 -1 0 0 -1 0 0 -1 0 0 -0.7064579 -0.7064579 -0.02935421 -0.7064579 -0.7064579 -0.02935421 -0.7064579 -0.7064579 -0.02935421 -0.7064579 -0.7064579 -0.02935421 -0.02935421 -0.7064579 0.7064579 -0.02935421 -0.7064579 0.7064579 -0.02935421 -0.7064579 0.7064579 -0.02935421 -0.7064579 0.7064579 -0.7358121 0 0.6790606 -0.7358121 0 0.6790606 -0.7358121 0 0.6790606 -0.7358121 0 0.6790606 0.7064579 -0.7064579 0.02935421 0.7064579 -0.7064579 0.02935421 0.7064579 -0.7064579 0.02935421 0.7064579 -0.7064579 0.02935421 0.6790606 0 0.7358121 0.6790606 0 0.7358121 0.6790606 0 0.7358121 0.6790606 0 0.7358121 -0.7064579 0.7064579 -0.02935421 -0.7064579 0.7064579 -0.02935421 -0.7064579 0.7064579 -0.02935421 -0.7064579 0.7064579 -0.02935421 -0.02935421 0.7064579 0.7064579 -0.02935421 0.7064579 0.7064579 -0.02935421 0.7064579 0.7064579 -0.02935421 0.7064579 0.7064579 0.7064579 0.7064579 0.02935421 0.7064579 0.7064579 0.02935421 0.7064579 0.7064579 0.02935421 0.7064579 0.7064579 0.02935421 -0.6790606 0 -0.7358121 -0.6790606 0 -0.7358121 -0.6790606 0 -0.7358121 -0.6790606 0 -0.7358121 0.02935421 0.7064579 -0.7064579 0.02935421 0.7064579 -0.7064579 0.02935421 0.7064579 -0.7064579 0.02935421 0.7064579 -0.7064579 0.7358121 0 -0.6771037 0.7358121 0 -0.6771037 0.7358121 0 -0.6771037 0.7358121 0 -0.6771037 0.02935421 -0.7064579 -0.7064579 0.02935421 -0.7064579 -0.7064579 0.02935421 -0.7064579 -0.7064579 0.02935421 -0.7064579 -0.7064579 -0.04109589 0 1 -0.04109589 0 1 -0.04109589 0 1 -0.04109589 0 1 0 1 0 0 1 0 0 1 0 0 1 0 0.04109589 0 -1 0.04109589 0 -1 0.04109589 0 -1 0.04109589 0 -1 1 0 0.04109589 1 0 0.04109589 1 0 0.04109589 1 0 0.04109589 -1 0 -0.04109589 -1 0 -0.04109589 -1 0 -0.04109589 -1 0 -0.04109589 -0.702544 -0.7064579 -0.08806262 -0.702544 -0.7064579 -0.08806262 -0.702544 -0.7064579 -0.08806262 -0.702544 -0.7064579 -0.08806262 -0.08806262 -0.7064579 0.702544 -0.08806262 -0.7064579 0.702544 -0.08806262 -0.7064579 0.702544 -0.08806262 -0.7064579 0.702544 -0.7906067 0 0.6125244 -0.7906067 0 0.6125244 -0.7906067 0 0.6125244 -0.7906067 0 0.6125244 0.6986302 -0.7103718 0.08806262 0.6986302 -0.7103718 0.08806262 0.6986302 -0.7103718 0.08806262 0.6986302 -0.7103718 0.08806262 0.6066536 0 0.7964775 0.6066536 0 0.7964775 0.6066536 0 0.7964775 0.6066536 0 0.7964775 -0.702544 0.7064579 -0.08806262 -0.702544 0.7064579 -0.08806262 -0.702544 0.7064579 -0.08806262 -0.702544 0.7064579 -0.08806262 -0.08806262 0.7064579 0.702544 -0.08806262 0.7064579 0.702544 -0.08806262 0.7064579 0.702544 -0.08806262 0.7064579 0.702544 0.6986302 0.7103718 0.08806262 0.6986302 0.7103718 0.08806262 0.6986302 0.7103718 0.08806262 0.6986302 0.7103718 0.08806262 -0.6125244 0 -0.7906067 -0.6125244 0 -0.7906067 -0.6125244 0 -0.7906067 -0.6125244 0 -0.7906067 0.08806262 0.7064579 -0.702544 0.08806262 0.7064579 -0.702544 0.08806262 0.7064579 -0.702544 0.08806262 0.7064579 -0.702544 0.7906067 0 -0.6125244 0.7906067 0 -0.6125244 0.7906067 0 -0.6125244 0.7906067 0 -0.6125244 0.08806262 -0.7064579 -0.702544 0.08806262 -0.7064579 -0.702544 0.08806262 -0.7064579 -0.702544 0.08806262 -0.7064579 -0.702544 -0.1252446 0 0.9921722 -0.1252446 0 0.9921722 -0.1252446 0 0.9921722 -0.1252446 0 0.9921722 0 1 0 0 1 0 0 1 0 0 1 0 0.1252446 0 -0.9921722 0.1252446 0 -0.9921722 0.1252446 0 -0.9921722 0.1252446 0 -0.9921722 0 -1 0 0 -1 0 0 -1 0 0 -1 0 -0.9921722 0 -0.1252446 -0.9921722 0 -0.1252446 -0.9921722 0 -0.1252446 -0.9921722 0 -0.1252446 -0.6986302 -0.7103718 -0.08806262 -0.6986302 -0.7103718 -0.08806262 -0.6986302 -0.7103718 -0.08806262 -0.6986302 -0.7103718 -0.08806262 -0.08806262 -0.7064579 0.702544 -0.08806262 -0.7064579 0.702544 -0.08806262 -0.7064579 0.702544 -0.08806262 -0.7064579 0.702544 -0.7906067 0 0.6125244 -0.7906067 0 0.6125244 -0.7906067 0 0.6125244 -0.7906067 0 0.6125244 0.702544 -0.7064579 0.08806262 0.702544 -0.7064579 0.08806262 0.702544 -0.7064579 0.08806262 0.702544 -0.7064579 0.08806262 0.6125244 0 0.7906067 0.6125244 0 0.7906067 0.6125244 0 0.7906067 0.6125244 0 0.7906067 -0.6986302 0.7103718 -0.08806262 -0.6986302 0.7103718 -0.08806262 -0.6986302 0.7103718 -0.08806262 -0.6986302 0.7103718 -0.08806262 -0.08806262 0.7064579 0.702544 -0.08806262 0.7064579 0.702544 -0.08806262 0.7064579 0.702544 -0.08806262 0.7064579 0.702544 0.702544 0.7064579 0.08806262 0.702544 0.7064579 0.08806262 0.702544 0.7064579 0.08806262 0.702544 0.7064579 0.08806262 -0.6066536 0 -0.7964775 -0.6066536 0 -0.7964775 -0.6066536 0 -0.7964775 -0.6066536 0 -0.7964775 0.08806262 0.7064579 -0.702544 0.08806262 0.7064579 -0.702544 0.08806262 0.7064579 -0.702544 0.08806262 0.7064579 -0.702544 0.7906067 0 -0.6125244 0.7906067 0 -0.6125244 0.7906067 0 -0.6125244 0.7906067 0 -0.6125244 0.08806262 -0.7064579 -0.702544 0.08806262 -0.7064579 -0.702544 0.08806262 -0.7064579 -0.702544 0.08806262 -0.7064579 -0.702544 -0.1252446 0 0.9921722 -0.1252446 0 0.9921722 -0.1252446 0 0.9921722 -0.1252446 0 0.9921722 0 1 0 0 1 0 0 1 0 0 1 0 0.1252446 0 -0.9921722 0.1252446 0 -0.9921722 0.1252446 0 -0.9921722 0.1252446 0 -0.9921722 0 -1 0 0 -1 0 0 -1 0 0 -1 0 0.9921722 0 0.1252446 0.9921722 0 0.1252446 0.9921722 0 0.1252446 0.9921722 0 0.1252446 -0.5303327 0.005870841 -0.8473581 -0.5303327 0.005870841 -0.8473581 -0.5303327 0.005870841 -0.8473581 0.003913894 0.7240704 -0.6908023 0.003913894 0.7240704 -0.6908023 0.003913894 0.7240704 -0.6908023 -0.3757339 0.02739726 -0.925636 -0.3757339 0.02739726 -0.925636 -0.3757339 0.02739726 -0.925636 0.03522505 0.5675147 -0.8238748 0.03522505 0.5675147 -0.8238748 0.03522505 0.5675147 -0.8238748 -0.7005871 -0.7064579 -0.09393346 -0.7005871 -0.7064579 -0.09393346 -0.7005871 -0.7064579 -0.09393346 -0.1252446 0 0.9921722 -0.1252446 0 0.9921722 -0.1252446 0 0.9921722 -0.1252446 0 0.9921722 -0.1252446 0 0.9921722 -0.1350294 0 0.9902152 -0.1252446 0 0.9921722 -0.1350294 0 0.9902152 -0.1252446 0.009784736 0.9921722 0.1369863 0.001956947 -0.9902152 0.1350294 0 -0.9902152 0.1389433 0 -0.9902152 0.1389433 0.001956947 -0.9902152 0.1389433 0 -0.9902152 0.1389433 -0.005870841 -0.9902152 -0.1252446 0 0.9921722 -0.1252446 0.009784736 0.9921722 -0.1252446 0 0.9921722 -0.1252446 0 0.9921722 -0.1252446 0 0.9921722 -0.1350294 0 0.9902152 0.8180039 -0.5655577 0.1037182 0.8180039 -0.5655577 0.1037182 0.8180039 -0.5655577 0.1037182 0.9471624 0.297456 0.1193738 0.9471624 0.297456 0.1193738 0.9471624 0.297456 0.1193738 0.1056751 0.5675147 -0.816047 0.1056751 0.5675147 -0.816047 0.1056751 0.5675147 -0.816047 0.1291585 -0.3033268 -0.9432485 0.1291585 -0.3033268 -0.9432485 0.1291585 -0.3033268 -0.9432485 -0.8238748 -0.5655577 0 -0.8277887 -0.5616438 0 -1 -0.01565558 -0.009784736 -1 -0.01956947 -0.009784736 -0.009784736 -0.3033268 0.9530333 -0.009784736 -0.3091977 0.9510763 0 -0.5616438 0.8277887 0 -0.5655577 0.8238748 0.9530333 -0.3013699 0.005870841 0.9530333 -0.3052838 0.005870841 0.8258317 -0.5636008 0 0.8238748 -0.5655577 0 -0.9001957 0.4363992 0.009784736 -0.8962818 0.444227 0.009784736 -0.2465753 0.9686888 -0.005870841 -0.2426614 0.9706458 -0.005870841 0 0.7221135 0.6908023 0 0.7201566 0.6947162 0.007827789 0.4403131 0.8982387 0.007827789 0.4363992 0.9001957 0.6908023 0.7221135 0 0.6927593 0.7201566 0 0.9001957 0.4363992 -0.005870841 0.9021527 0.4324853 -0.005870841 0 -0.7064579 -0.7064579 0 -0.702544 -0.7123288 0.01565558 -0.3189824 -0.9471624 0.01761252 -0.3091977 -0.9510763 -0.009784736 -0.007827789 1 -0.001956947 -0.001956947 1 0.001956947 0.001956947 1 0.009784736 0.007827789 1 0 1 -0.005870841 -0.003913894 1 -0.003913894 -0.007827789 1 -0.001956947 -0.01174168 1 0 -0.001956947 0.007827789 -1 0.005870841 0.001956947 -1 0.009784736 -0.001956947 -1 0.01761252 -0.007827789 -1 1 -0.007827789 0.005870841 1 0 0 1 0 0 1 0.007827789 -0.005870841 -1 -0.01956947 -0.009784736 -1 -0.003913894 0.001956947 -1 -0.007827789 -0.001956947 -1 0.007827789 0.009784736 0 0 1 0 0 1 0 0 1 0 0 1 0 1 -0.003913894 -0.001956947 1 -0.003913894 -0.009784736 1 0 -0.01174168 1 0 0.01174168 -0.005870841 -1 0.007827789 -0.003913894 -1 0.003913894 -0.001956947 -1 0 0 -1 1 0 0 1 0 0 1 0 0 1 0 0 -1 0 0 -1 0 0 -1 0 0 -1 0 0 -0.8238748 -0.5655577 -0.0332681 -0.8277887 -0.5616438 -0.0332681 -0.9980431 -0.01761252 -0.05283757 -0.9980431 -0.01174168 -0.05283757 -0.04696673 -0.3033268 0.9510763 -0.04696673 -0.3072407 0.9510763 -0.0332681 -0.5636008 0.8258317 -0.0332681 -0.5675147 0.8238748 0.9530333 -0.3013699 0.04500978 0.9510763 -0.3052838 0.04500978 0.8258317 -0.5636008 0.0332681 0.8238748 -0.5675147 0.0332681 -0.9510763 0.3052838 -0.02739726 -0.9491194 0.3131115 -0.02739726 -0.4970646 0.8669276 -0.02739726 -0.4911937 0.8708415 -0.02739726 -0.0332681 0.5655577 0.8238748 -0.0332681 0.5616438 0.8258317 -0.02935421 0.3072407 0.9510763 -0.02935421 0.3033268 0.9530333 0.8238748 0.5655577 0.0332681 0.8258317 0.5636008 0.0332681 0.9510763 0.3052838 0.03131115 0.9530333 0.3013699 0.03131115 0.02935421 -0.7064579 -0.7064579 0.02935421 -0.702544 -0.7103718 0.05283757 -0.3170255 -0.9471624 0.05283757 -0.3072407 -0.9491194 -0.04892368 -0.02152642 0.9980431 -0.03522505 0.009784736 1 -0.04500978 -0.009784736 0.9980431 -0.03131115 0.02152642 1 0 1 -0.007827789 -0.003913894 1 -0.003913894 -0.005870841 1 -0.003913894 -0.009784736 1 0 0.03522505 0.02935421 -0.9980431 0.05088063 -0.007827789 -0.9980431 0.03913894 0.01761252 -1 0.05675147 -0.01956947 -0.9980431 0.9980431 -0.02152642 0.04696673 1 0.01174168 0.03522505 0.9980431 -0.01174168 0.04500978 1 0.02152642 0.0332681 -0.9980431 -0.05479452 -0.05283757 -1 0.005870841 -0.0332681 -0.9980431 -0.04109589 -0.04696673 -1 0.02152642 -0.02739726 0.6986302 -0.7103718 0.08806262 0.6986302 -0.7103718 0.08806262 0.6986302 -0.7103718 0.08806262 0.6986302 -0.7103718 0.08806262 0.6986302 0.7103718 0.08806262 0.6986302 0.7103718 0.08806262 0.6986302 0.7103718 0.08806262 0.6986302 0.7103718 0.08806262 -0.1252446 0 0.9921722 -0.1252446 0 0.9921722 -0.1252446 0 0.9921722 -0.1350294 0 0.9902152 0 1 -0.005870841 -0.003913894 1 -0.003913894 -0.007827789 1 -0.003913894 -0.01174168 1 -0.001956947 0.1369863 0.001956947 -0.9902152 0.1369863 0.001956947 -0.9902152 0.1389433 0.001956947 -0.9902152 0.1389433 0 -0.9902152 -0.01369863 -1 -0.009784736 -0.009784736 -1 -0.005870841 -0.003913894 -1 -0.003913894 0 -1 0 -0.9902152 0 -0.1389433 -0.9921722 0.01369863 -0.1311155 -0.9902152 0.007827789 -0.1330724 -0.9921722 0.02152642 -0.1252446 -0.6966732 -0.7103718 -0.09393346 -0.6947162 -0.7123288 -0.09393346 -0.4031311 -0.9138943 -0.05088063 -0.3953033 -0.9178082 -0.04892368 -0.6986302 0.7103718 -0.08806262 -0.6966732 0.7123288 -0.08806262 -0.4872798 0.8708415 -0.0665362 -0.483366 0.8727984 -0.0665362 -0.2720157 0 -0.962818 -0.2739726 0 -0.960861 -0.3659491 0.001956947 -0.9315069 -0.3659491 0.001956947 -0.9295499 -0.1252446 0 0.9921722 -0.1252446 0 0.9921722 -0.1252446 0 0.9921722 -0.1252446 0 0.9921722 0 1 -0.005870841 -0.003913894 1 -0.003913894 -0.007827789 1 -0.003913894 -0.01174168 1 -0.001956947 0.1174168 0.001956947 -0.9921722 0.1232877 -0.001956947 -0.9921722 0.1252446 -0.003913894 -0.9921722 0.1311155 -0.007827789 -0.9921722 -0.01369863 -1 -0.009784736 -0.009784736 -1 -0.005870841 -0.003913894 -1 -0.003913894 0 -1 0 0.9902152 0 0.1350294 0.9921722 0.003913894 0.1311155 0.9902152 0.003913894 0.1330724 0.9921722 0.007827789 0.1291585</float_array>
          <technique_common>
            <accessor source="#pCube1__CmFillerObjectEC-normal-array" count="684" stride="3">
              <param name="X" type="float" />
              <param name="Y" type="float" />
              <param name="Z" type="float" />
            </accessor>
          </technique_common>
        </source>
        <source id="pCube1__CmFillerObjectEC-color">
          <float_array id="pCube1__CmFillerObjectEC-color-array" count="2736">0.4156863 0.3333333 0.282353 1 0.4156863 0.3333333 0.282353 1 0.4156863 0.3333333 0.282353 1 0.4156863 0.3333333 0.282353 1 0.4156863 0.3333333 0.282353 1 0.4156863 0.3333333 0.282353 1 0.4156863 0.3333333 0.282353 1 0.4156863 0.3333333 0.282353 1 0.4156863 0.3333333 0.282353 1 0.4156863 0.3333333 0.282353 1 0.4156863 0.3333333 0.282353 1 0.4156863 0.3333333 0.282353 1 0.4156863 0.3333333 0.282353 1 0.4156863 0.3333333 0.282353 1 0.4156863 0.3333333 0.282353 1 0.4156863 0.3333333 0.282353 1 0.4156863 0.3333333 0.282353 1 0.4156863 0.3333333 0.282353 1 0.4156863 0.3333333 0.282353 1 0.4156863 0.3333333 0.282353 1 0.4156863 0.3333333 0.282353 1 0.4156863 0.3333333 0.282353 1 0.4156863 0.3333333 0.282353 1 0.4156863 0.3333333 0.282353 1 0.4156863 0.3333333 0.282353 1 0.4156863 0.3333333 0.282353 1 0.4156863 0.3333333 0.282353 1 0.4156863 0.3333333 0.282353 1 0.4156863 0.3333333 0.282353 1 0.4156863 0.3333333 0.282353 1 0.4156863 0.3333333 0.282353 1 0.4156863 0.3333333 0.282353 1 0.4156863 0.3333333 0.282353 1 0.4156863 0.3333333 0.282353 1 0.4156863 0.3333333 0.282353 1 0.4156863 0.3333333 0.282353 1 0.4156863 0.3333333 0.282353 1 0.4156863 0.3333333 0.282353 1 0.4156863 0.3333333 0.282353 1 0.4156863 0.3333333 0.282353 1 0.4156863 0.3333333 0.282353 1 0.4156863 0.3333333 0.282353 1 0.4156863 0.3333333 0.282353 1 0.4156863 0.3333333 0.282353 1 0.4156863 0.3333333 0.282353 1 0.4156863 0.3333333 0.282353 1 0.4156863 0.3333333 0.282353 1 0.4156863 0.3333333 0.282353 1 0.4156863 0.3333333 0.282353 1 0.4156863 0.3333333 0.282353 1 0.4156863 0.3333333 0.282353 1 0.4156863 0.3333333 0.282353 1 0.4156863 0.3333333 0.282353 1 0.4156863 0.3333333 0.282353 1 0.4156863 0.3333333 0.282353 1 0.4156863 0.3333333 0.282353 1 0.4156863 0.3333333 0.282353 1 0.4156863 0.3333333 0.282353 1 0.4156863 0.3333333 0.282353 1 0.4156863 0.3333333 0.282353 1 0.4156863 0.3333333 0.282353 1 0.4156863 0.3333333 0.282353 1 0.4156863 0.3333333 0.282353 1 0.4156863 0.3333333 0.282353 1 0.4156863 0.3333333 0.282353 1 0.4156863 0.3333333 0.282353 1 0.4156863 0.3333333 0.282353 1 0.4156863 0.3333333 0.282353 1 0.4156863 0.3333333 0.282353 1 0.4156863 0.3333333 0.282353 1 0.4156863 0.3333333 0.282353 1 0.4156863 0.3333333 0.282353 1 0.4156863 0.3333333 0.282353 1 0.4156863 0.3333333 0.282353 1 0.4156863 0.3333333 0.282353 1 0.4156863 0.3333333 0.282353 1 0.4156863 0.3333333 0.282353 1 0.4156863 0.3333333 0.282353 1 0.4156863 0.3333333 0.282353 1 0.4156863 0.3333333 0.282353 1 0.4156863 0.3333333 0.282353 1 0.4156863 0.3333333 0.282353 1 0.4156863 0.3333333 0.282353 1 0.4156863 0.3333333 0.282353 1 0.4156863 0.3333333 0.282353 1 0.4156863 0.3333333 0.282353 1 0.4156863 0.3333333 0.282353 1 0.4156863 0.3333333 0.282353 1 0.4156863 0.3333333 0.282353 1 0.4156863 0.3333333 0.282353 1 0.4156863 0.3333333 0.282353 1 0.4156863 0.3333333 0.282353 1 0.4156863 0.3333333 0.282353 1 0.4156863 0.3333333 0.282353 1 0.4156863 0.3333333 0.282353 1 0.4156863 0.3333333 0.282353 1 0.4156863 0.3333333 0.282353 1 0.4156863 0.3333333 0.282353 1 0.4156863 0.3333333 0.282353 1 0.4156863 0.3333333 0.282353 1 0.4156863 0.3333333 0.282353 1 0.4156863 0.3333333 0.282353 1 0.4156863 0.3333333 0.282353 1 0.4156863 0.3333333 0.282353 1 0.4156863 0.3333333 0.282353 1 0.4156863 0.3333333 0.282353 1 0.4156863 0.3333333 0.282353 1 0.4156863 0.3333333 0.282353 1 0.4156863 0.3333333 0.282353 1 0.4156863 0.3333333 0.282353 1 0.4156863 0.3333333 0.282353 1 0.4156863 0.3333333 0.282353 1 0.4156863 0.3333333 0.282353 1 0.4156863 0.3333333 0.282353 1 0.4156863 0.3333333 0.282353 1 0.4156863 0.3333333 0.282353 1 0.4156863 0.3333333 0.282353 1 0.4156863 0.3333333 0.282353 1 0.4156863 0.3333333 0.282353 1 0.4156863 0.3333333 0.282353 1 0.4156863 0.3333333 0.282353 1 0.4156863 0.3333333 0.282353 1 0.4156863 0.3333333 0.282353 1 0.4156863 0.3333333 0.282353 1 0.4156863 0.3333333 0.282353 1 0.4156863 0.3333333 0.282353 1 0.4156863 0.3333333 0.282353 1 0.4156863 0.3333333 0.282353 1 0.4156863 0.3333333 0.282353 1 0.4156863 0.3333333 0.282353 1 0.4156863 0.3333333 0.282353 1 0.4156863 0.3333333 0.282353 1 0.4156863 0.3333333 0.282353 1 0.4156863 0.3333333 0.282353 1 0.4156863 0.3333333 0.282353 1 0.4156863 0.3333333 0.282353 1 0.4156863 0.3333333 0.282353 1 0.4156863 0.3333333 0.282353 1 0.4156863 0.3333333 0.282353 1 0.4156863 0.3333333 0.282353 1 0.4156863 0.3333333 0.282353 1 0.4156863 0.3333333 0.282353 1 0.4156863 0.3333333 0.282353 1 0.4156863 0.3333333 0.282353 1 0.4156863 0.3333333 0.282353 1 0.4156863 0.3333333 0.282353 1 0.4156863 0.3333333 0.282353 1 0.4156863 0.3333333 0.282353 1 0.4156863 0.3333333 0.282353 1 0.4156863 0.3333333 0.282353 1 0.4156863 0.3333333 0.282353 1 0.4156863 0.3333333 0.282353 1 0.4156863 0.3333333 0.282353 1 0.4156863 0.3333333 0.282353 1 0.4156863 0.3333333 0.282353 1 0.4156863 0.3333333 0.282353 1 0.4156863 0.3333333 0.282353 1 0.4156863 0.3333333 0.282353 1 0.4156863 0.3333333 0.282353 1 0.4156863 0.3333333 0.282353 1 0.4156863 0.3333333 0.282353 1 0.4156863 0.3333333 0.282353 1 0.4156863 0.3333333 0.282353 1 0.4156863 0.3333333 0.282353 1 0.4156863 0.3333333 0.282353 1 0.4156863 0.3333333 0.282353 1 0.4156863 0.3333333 0.282353 1 0.4156863 0.3333333 0.282353 1 0.4156863 0.3333333 0.282353 1 0.4156863 0.3333333 0.282353 1 0.4156863 0.3333333 0.282353 1 0.4156863 0.3333333 0.282353 1 0.4156863 0.3333333 0.282353 1 0.4156863 0.3333333 0.282353 1 0.4156863 0.3333333 0.282353 1 0.4156863 0.3333333 0.282353 1 0.4156863 0.3333333 0.282353 1 0.4156863 0.3333333 0.282353 1 0.4156863 0.3333333 0.282353 1 0.4156863 0.3333333 0.282353 1 0.4156863 0.3333333 0.282353 1 0.4156863 0.3333333 0.282353 1 0.4156863 0.3333333 0.282353 1 0.4156863 0.3333333 0.282353 1 0.4156863 0.3333333 0.282353 1 0.4156863 0.3333333 0.282353 1 0.4156863 0.3333333 0.282353 1 0.4156863 0.3333333 0.282353 1 0.4156863 0.3333333 0.282353 1 0.4156863 0.3333333 0.282353 1 0.4156863 0.3333333 0.282353 1 0.4156863 0.3333333 0.282353 1 0.4156863 0.3333333 0.282353 1 0.4156863 0.3333333 0.282353 1 0.4156863 0.3333333 0.282353 1 0.4156863 0.3333333 0.282353 1 0.4156863 0.3333333 0.282353 1 0.4156863 0.3333333 0.282353 1 0.4156863 0.3333333 0.282353 1 0.4156863 0.3333333 0.282353 1 0.4156863 0.3333333 0.282353 1 0.4156863 0.3333333 0.282353 1 0.4156863 0.3333333 0.282353 1 0.4156863 0.3333333 0.282353 1 0.4156863 0.3333333 0.282353 1 0.4156863 0.3333333 0.282353 1 0.4156863 0.3333333 0.282353 1 0.4156863 0.3333333 0.282353 1 0.4156863 0.3333333 0.282353 1 0.4156863 0.3333333 0.282353 1 0.4156863 0.3333333 0.282353 1 0.4156863 0.3333333 0.282353 1 0.4156863 0.3333333 0.282353 1 0.4156863 0.3333333 0.282353 1 0.4156863 0.3333333 0.282353 1 0.4156863 0.3333333 0.282353 1 0.4156863 0.3333333 0.282353 1 0.4156863 0.3333333 0.282353 1 0.4156863 0.3333333 0.282353 1 0.4156863 0.3333333 0.282353 1 0.4156863 0.3333333 0.282353 1 0.4156863 0.3333333 0.282353 1 0.4156863 0.3333333 0.282353 1 0.4156863 0.3333333 0.282353 1 0.4156863 0.3333333 0.282353 1 0.4156863 0.3333333 0.282353 1 0.4156863 0.3333333 0.282353 1 0.4156863 0.3333333 0.282353 1 0.4156863 0.3333333 0.282353 1 0.4156863 0.3333333 0.282353 1 0.4156863 0.3333333 0.282353 1 0.4156863 0.3333333 0.282353 1 0.4156863 0.3333333 0.282353 1 0.4156863 0.3333333 0.282353 1 0.4156863 0.3333333 0.282353 1 0.4156863 0.3333333 0.282353 1 0.4156863 0.3333333 0.282353 1 0.4156863 0.3333333 0.282353 1 0.4156863 0.3333333 0.282353 1 0.4156863 0.3333333 0.282353 1 0.4156863 0.3333333 0.282353 1 0.4156863 0.3333333 0.282353 1 0.4156863 0.3333333 0.282353 1 0.4156863 0.3333333 0.282353 1 0.4156863 0.3333333 0.282353 1 0.4156863 0.3333333 0.282353 1 0.4156863 0.3333333 0.282353 1 0.4156863 0.3333333 0.282353 1 0.4156863 0.3333333 0.282353 1 0.4156863 0.3333333 0.282353 1 0.4156863 0.3333333 0.282353 1 0.4156863 0.3333333 0.282353 1 0.4156863 0.3333333 0.282353 1 0.4156863 0.3333333 0.282353 1 0.4156863 0.3333333 0.282353 1 0.4156863 0.3333333 0.282353 1 0.4156863 0.3333333 0.282353 1 0.4156863 0.3333333 0.282353 1 0.4156863 0.3333333 0.282353 1 0.4156863 0.3333333 0.282353 1 0.4156863 0.3333333 0.282353 1 0.4156863 0.3333333 0.282353 1 0.4156863 0.3333333 0.282353 1 0.4156863 0.3333333 0.282353 1 0.4156863 0.3333333 0.282353 1 0.4156863 0.3333333 0.282353 1 0.4156863 0.3333333 0.282353 1 0.4156863 0.3333333 0.282353 1 0.4156863 0.3333333 0.282353 1 0.4156863 0.3333333 0.282353 1 0.4156863 0.3333333 0.282353 1 0.4156863 0.3333333 0.282353 1 0.4156863 0.3333333 0.282353 1 0.4156863 0.3333333 0.282353 1 0.4156863 0.3333333 0.282353 1 0.4156863 0.3333333 0.282353 1 0.4156863 0.3333333 0.282353 1 0.4156863 0.3333333 0.282353 1 0.4156863 0.3333333 0.282353 1 0.4156863 0.3333333 0.282353 1 0.4156863 0.3333333 0.282353 1 0.4156863 0.3333333 0.282353 1 0.4156863 0.3333333 0.282353 1 0.4156863 0.3333333 0.282353 1 0.4156863 0.3333333 0.282353 1 0.4156863 0.3333333 0.282353 1 0.4156863 0.3333333 0.282353 1 0.4156863 0.3333333 0.282353 1 0.4156863 0.3333333 0.282353 1 0.4156863 0.3333333 0.282353 1 0.4156863 0.3333333 0.282353 1 0.4156863 0.3333333 0.282353 1 0.4156863 0.3333333 0.282353 1 0.4156863 0.3333333 0.282353 1 0.4156863 0.3333333 0.282353 1 0.4156863 0.3333333 0.282353 1 0.4156863 0.3333333 0.282353 1 0.4156863 0.3333333 0.282353 1 0.4156863 0.3333333 0.282353 1 0.4156863 0.3333333 0.282353 1 0.4156863 0.3333333 0.282353 1 0.4156863 0.3333333 0.282353 1 0.4156863 0.3333333 0.282353 1 0.4156863 0.3333333 0.282353 1 0.4156863 0.3333333 0.282353 1 0.4156863 0.3333333 0.282353 1 0.4156863 0.3333333 0.282353 1 0.4156863 0.3333333 0.282353 1 0.4156863 0.3333333 0.282353 1 0.4156863 0.3333333 0.282353 1 0.4156863 0.3333333 0.282353 1 0.4156863 0.3333333 0.282353 1 0.4156863 0.3333333 0.282353 1 0.4156863 0.3333333 0.282353 1 0.4156863 0.3333333 0.282353 1 0.4156863 0.3333333 0.282353 1 0.4156863 0.3333333 0.282353 1 0.4156863 0.3333333 0.282353 1 0.4156863 0.3333333 0.282353 1 0.4156863 0.3333333 0.282353 1 0.4156863 0.3333333 0.282353 1 0.4156863 0.3333333 0.282353 1 0.4156863 0.3333333 0.282353 1 0.4156863 0.3333333 0.282353 1 0.4156863 0.3333333 0.282353 1 0.4156863 0.3333333 0.282353 1 0.4156863 0.3333333 0.282353 1 0.4156863 0.3333333 0.282353 1 0.4156863 0.3333333 0.282353 1 0.4156863 0.3333333 0.282353 1 0.4156863 0.3333333 0.282353 1 0.4156863 0.3333333 0.282353 1 0.4156863 0.3333333 0.282353 1 0.4156863 0.3333333 0.282353 1 0.4156863 0.3333333 0.282353 1 0.4156863 0.3333333 0.282353 1 0.4156863 0.3333333 0.282353 1 0.4156863 0.3333333 0.282353 1 0.4156863 0.3333333 0.282353 1 0.4156863 0.3333333 0.282353 1 0.4156863 0.3333333 0.282353 1 0.4156863 0.3333333 0.282353 1 0.4156863 0.3333333 0.282353 1 0.4156863 0.3333333 0.282353 1 0.4156863 0.3333333 0.282353 1 0.4156863 0.3333333 0.282353 1 0.4156863 0.3333333 0.282353 1 0.4156863 0.3333333 0.282353 1 0.4156863 0.3333333 0.282353 1 0.4156863 0.3333333 0.282353 1 0.4156863 0.3333333 0.282353 1 0.4156863 0.3333333 0.282353 1 0.4156863 0.3333333 0.282353 1 0.4156863 0.3333333 0.282353 1 0.4156863 0.3333333 0.282353 1 0.4156863 0.3333333 0.282353 1 0.4156863 0.3333333 0.282353 1 0.4156863 0.3333333 0.282353 1 0.4156863 0.3333333 0.282353 1 0.4156863 0.3333333 0.282353 1 0.4156863 0.3333333 0.282353 1 0.4156863 0.3333333 0.282353 1 0.4156863 0.3333333 0.282353 1 0.4156863 0.3333333 0.282353 1 0.4156863 0.3333333 0.282353 1 0.4156863 0.3333333 0.282353 1 0.4156863 0.3333333 0.282353 1 0.4156863 0.3333333 0.282353 1 0.4156863 0.3333333 0.282353 1 0.4156863 0.3333333 0.282353 1 0.4156863 0.3333333 0.282353 1 0.4156863 0.3333333 0.282353 1 0.4156863 0.3333333 0.282353 1 0.4156863 0.3333333 0.282353 1 0.4156863 0.3333333 0.282353 1 0.4156863 0.3333333 0.282353 1 0.4156863 0.3333333 0.282353 1 0.4156863 0.3333333 0.282353 1 0.4156863 0.3333333 0.282353 1 0.4156863 0.3333333 0.282353 1 0.4156863 0.3333333 0.282353 1 0.4156863 0.3333333 0.282353 1 0.4156863 0.3333333 0.282353 1 0.4156863 0.3333333 0.282353 1 0.4156863 0.3333333 0.282353 1 0.4156863 0.3333333 0.282353 1 0.4156863 0.3333333 0.282353 1 0.4156863 0.3333333 0.282353 1 0.4156863 0.3333333 0.282353 1 0.4156863 0.3333333 0.282353 1 0.4156863 0.3333333 0.282353 1 0.4156863 0.3333333 0.282353 1 0.4156863 0.3333333 0.282353 1 0.4156863 0.3333333 0.282353 1 0.4156863 0.3333333 0.282353 1 0.4156863 0.3333333 0.282353 1 0.4156863 0.3333333 0.282353 1 0.4156863 0.3333333 0.282353 1 0.4156863 0.3333333 0.282353 1 0.4156863 0.3333333 0.282353 1 0.4156863 0.3333333 0.282353 1 0.4156863 0.3333333 0.282353 1 0.4156863 0.3333333 0.282353 1 0.4156863 0.3333333 0.282353 1 0.4156863 0.3333333 0.282353 1 0.4156863 0.3333333 0.282353 1 0.4156863 0.3333333 0.282353 1 0.4156863 0.3333333 0.282353 1 0.4156863 0.3333333 0.282353 1 0.4156863 0.3333333 0.282353 1 0.4156863 0.3333333 0.282353 1 0.4156863 0.3333333 0.282353 1 0.4156863 0.3333333 0.282353 1 0.4156863 0.3333333 0.282353 1 0.4156863 0.3333333 0.282353 1 0.4156863 0.3333333 0.282353 1 0.4156863 0.3333333 0.282353 1 0.4156863 0.3333333 0.282353 1 0.4156863 0.3333333 0.282353 1 0.4156863 0.3333333 0.282353 1 0.4156863 0.3333333 0.282353 1 0.4156863 0.3333333 0.282353 1 0.4156863 0.3333333 0.282353 1 0.4156863 0.3333333 0.282353 1 0.4156863 0.3333333 0.282353 1 0.4156863 0.3333333 0.282353 1 0.4156863 0.3333333 0.282353 1 0.4156863 0.3333333 0.282353 1 0.4156863 0.3333333 0.282353 1 0.4156863 0.3333333 0.282353 1 0.4156863 0.3333333 0.282353 1 0.4156863 0.3333333 0.282353 1 0.4156863 0.3333333 0.282353 1 0.4156863 0.3333333 0.282353 1 0.4156863 0.3333333 0.282353 1 0.4156863 0.3333333 0.282353 1 0.4156863 0.3333333 0.282353 1 0.4156863 0.3333333 0.282353 1 0.4156863 0.3333333 0.282353 1 0.4156863 0.3333333 0.282353 1 0.4156863 0.3333333 0.282353 1 0.4156863 0.3333333 0.282353 1 0.4156863 0.3333333 0.282353 1 0.4156863 0.3333333 0.282353 1 0.4156863 0.3333333 0.282353 1 0.4156863 0.3333333 0.282353 1 0.4156863 0.3333333 0.282353 1 0.4156863 0.3333333 0.282353 1 0.4156863 0.3333333 0.282353 1 0.4156863 0.3333333 0.282353 1 0.4156863 0.3333333 0.282353 1 0.4156863 0.3333333 0.282353 1 0.4156863 0.3333333 0.282353 1 0.4156863 0.3333333 0.282353 1 0.4156863 0.3333333 0.282353 1 0.4156863 0.3333333 0.282353 1 0.4156863 0.3333333 0.282353 1 0.4156863 0.3333333 0.282353 1 0.4156863 0.3333333 0.282353 1 0.4156863 0.3333333 0.282353 1 0.4156863 0.3333333 0.282353 1 0.4156863 0.3333333 0.282353 1 0.4156863 0.3333333 0.282353 1 0.4156863 0.3333333 0.282353 1 0.4156863 0.3333333 0.282353 1 0.4156863 0.3333333 0.282353 1 0.4156863 0.3333333 0.282353 1 0.4156863 0.3333333 0.282353 1 0.4156863 0.3333333 0.282353 1 0.4156863 0.3333333 0.282353 1 0.4156863 0.3333333 0.282353 1 0.4156863 0.3333333 0.282353 1 0.4156863 0.3333333 0.282353 1 0.4156863 0.3333333 0.282353 1 0.4156863 0.3333333 0.282353 1 0.4156863 0.3333333 0.282353 1 0.4156863 0.3333333 0.282353 1 0.4156863 0.3333333 0.282353 1 0.4156863 0.3333333 0.282353 1 0.4156863 0.3333333 0.282353 1 0.4156863 0.3333333 0.282353 1 0.4156863 0.3333333 0.282353 1 0.4156863 0.3333333 0.282353 1 0.4156863 0.3333333 0.282353 1 0.4156863 0.3333333 0.282353 1 0.4156863 0.3333333 0.282353 1 0.4156863 0.3333333 0.282353 1 0.4156863 0.3333333 0.282353 1 0.4156863 0.3333333 0.282353 1 0.4156863 0.3333333 0.282353 1 0.4156863 0.3333333 0.282353 1 0.4156863 0.3333333 0.282353 1 0.4156863 0.3333333 0.282353 1 0.4156863 0.3333333 0.282353 1 0.4156863 0.3333333 0.282353 1 0.4156863 0.3333333 0.282353 1 0.4156863 0.3333333 0.282353 1 0.4156863 0.3333333 0.282353 1 0.4156863 0.3333333 0.282353 1 0.4156863 0.3333333 0.282353 1 0.4156863 0.3333333 0.282353 1 0.4156863 0.3333333 0.282353 1 0.4156863 0.3333333 0.282353 1 0.4156863 0.3333333 0.282353 1 0.4156863 0.3333333 0.282353 1 0.4156863 0.3333333 0.282353 1 0.4156863 0.3333333 0.282353 1 0.4156863 0.3333333 0.282353 1 0.4156863 0.3333333 0.282353 1 0.4156863 0.3333333 0.282353 1 0.4156863 0.3333333 0.282353 1 0.4156863 0.3333333 0.282353 1 0.4156863 0.3333333 0.282353 1 0.4156863 0.3333333 0.282353 1 0.4156863 0.3333333 0.282353 1 0.4156863 0.3333333 0.282353 1 0.4156863 0.3333333 0.282353 1 0.4156863 0.3333333 0.282353 1 0.4156863 0.3333333 0.282353 1 0.4156863 0.3333333 0.282353 1 0.4156863 0.3333333 0.282353 1 0.4156863 0.3333333 0.282353 1 0.4156863 0.3333333 0.282353 1 0.4156863 0.3333333 0.282353 1 0.4156863 0.3333333 0.282353 1 0.4156863 0.3333333 0.282353 1 0.4156863 0.3333333 0.282353 1 0.4156863 0.3333333 0.282353 1 0.4156863 0.3333333 0.282353 1 0.4156863 0.3333333 0.282353 1 0.4156863 0.3333333 0.282353 1 0.4156863 0.3333333 0.282353 1 0.4156863 0.3333333 0.282353 1 0.4156863 0.3333333 0.282353 1 0.4156863 0.3333333 0.282353 1 0.4156863 0.3333333 0.282353 1 0.4156863 0.3333333 0.282353 1 0.4156863 0.3333333 0.282353 1 0.4156863 0.3333333 0.282353 1 0.4156863 0.3333333 0.282353 1 0.4156863 0.3333333 0.282353 1 0.4156863 0.3333333 0.282353 1 0.4156863 0.3333333 0.282353 1 0.4156863 0.3333333 0.282353 1 0.4156863 0.3333333 0.282353 1 0.4156863 0.3333333 0.282353 1 0.4156863 0.3333333 0.282353 1 0.4156863 0.3333333 0.282353 1 0.4156863 0.3333333 0.282353 1 0.4156863 0.3333333 0.282353 1 0.4156863 0.3333333 0.282353 1 0.4156863 0.3333333 0.282353 1 0.4156863 0.3333333 0.282353 1 0.4156863 0.3333333 0.282353 1 0.4156863 0.3333333 0.282353 1 0.4156863 0.3333333 0.282353 1 0.4156863 0.3333333 0.282353 1 0.4156863 0.3333333 0.282353 1 0.4156863 0.3333333 0.282353 1 0.4156863 0.3333333 0.282353 1 0.4156863 0.3333333 0.282353 1 0.4156863 0.3333333 0.282353 1 0.4156863 0.3333333 0.282353 1 0.4156863 0.3333333 0.282353 1 0.4156863 0.3333333 0.282353 1 0.4156863 0.3333333 0.282353 1 0.4156863 0.3333333 0.282353 1 0.4156863 0.3333333 0.282353 1 0.4156863 0.3333333 0.282353 1 0.4156863 0.3333333 0.282353 1 0.4156863 0.3333333 0.282353 1 0.4156863 0.3333333 0.282353 1 0.4156863 0.3333333 0.282353 1 0.4156863 0.3333333 0.282353 1 0.4156863 0.3333333 0.282353 1 0.4156863 0.3333333 0.282353 1 0.4156863 0.3333333 0.282353 1 0.4156863 0.3333333 0.282353 1 0.4156863 0.3333333 0.282353 1 0.4156863 0.3333333 0.282353 1 0.4156863 0.3333333 0.282353 1 0.4156863 0.3333333 0.282353 1 0.4156863 0.3333333 0.282353 1 0.4156863 0.3333333 0.282353 1 0.4156863 0.3333333 0.282353 1 0.4156863 0.3333333 0.282353 1 0.4156863 0.3333333 0.282353 1 0.4156863 0.3333333 0.282353 1 0.4156863 0.3333333 0.282353 1 0.4156863 0.3333333 0.282353 1 0.4156863 0.3333333 0.282353 1 0.4156863 0.3333333 0.282353 1 0.4156863 0.3333333 0.282353 1 0.4156863 0.3333333 0.282353 1 0.4156863 0.3333333 0.282353 1 0.4156863 0.3333333 0.282353 1 0.4156863 0.3333333 0.282353 1 0.4156863 0.3333333 0.282353 1 0.4156863 0.3333333 0.282353 1 0.4156863 0.3333333 0.282353 1 0.4156863 0.3333333 0.282353 1 0.4156863 0.3333333 0.282353 1 0.4156863 0.3333333 0.282353 1 0.4156863 0.3333333 0.282353 1 0.4156863 0.3333333 0.282353 1 0.4156863 0.3333333 0.282353 1 0.4156863 0.3333333 0.282353 1 0.4156863 0.3333333 0.282353 1 0.4156863 0.3333333 0.282353 1 0.4156863 0.3333333 0.282353 1 0.4156863 0.3333333 0.282353 1 0.4156863 0.3333333 0.282353 1 0.4156863 0.3333333 0.282353 1 0.4156863 0.3333333 0.282353 1 0.4156863 0.3333333 0.282353 1 0.4156863 0.3333333 0.282353 1 0.4156863 0.3333333 0.282353 1 0.4156863 0.3333333 0.282353 1 0.4156863 0.3333333 0.282353 1 0.4156863 0.3333333 0.282353 1 0.4156863 0.3333333 0.282353 1 0.4156863 0.3333333 0.282353 1 0.4156863 0.3333333 0.282353 1 0.4156863 0.3333333 0.282353 1 0.4156863 0.3333333 0.282353 1 0.4156863 0.3333333 0.282353 1 0.4156863 0.3333333 0.282353 1 0.4156863 0.3333333 0.282353 1 0.4156863 0.3333333 0.282353 1 0.4156863 0.3333333 0.282353 1 0.4156863 0.3333333 0.282353 1 0.4156863 0.3333333 0.282353 1 0.4156863 0.3333333 0.282353 1 0.4156863 0.3333333 0.282353 1 0.4156863 0.3333333 0.282353 1 0.4156863 0.3333333 0.282353 1 0.4156863 0.3333333 0.282353 1 0.4156863 0.3333333 0.282353 1 0.4156863 0.3333333 0.282353 1 0.4156863 0.3333333 0.282353 1 0.4156863 0.3333333 0.282353 1 0.4156863 0.3333333 0.282353 1 0.4156863 0.3333333 0.282353 1 0.4156863 0.3333333 0.282353 1 0.4156863 0.3333333 0.282353 1 0.4156863 0.3333333 0.282353 1 0.4156863 0.3333333 0.282353 1 0.4156863 0.3333333 0.282353 1 0.4156863 0.3333333 0.282353 1 0.4156863 0.3333333 0.282353 1 0.4156863 0.3333333 0.282353 1 0.4156863 0.3333333 0.282353 1 0.4156863 0.3333333 0.282353 1 0.4156863 0.3333333 0.282353 1 0.4156863 0.3333333 0.282353 1 0.4156863 0.3333333 0.282353 1 0.4156863 0.3333333 0.282353 1 0.4156863 0.3333333 0.282353 1 0.4156863 0.3333333 0.282353 1 0.4156863 0.3333333 0.282353 1 0.4156863 0.3333333 0.282353 1 0.4156863 0.3333333 0.282353 1 0.4156863 0.3333333 0.282353 1 0.4156863 0.3333333 0.282353 1 0.4156863 0.3333333 0.282353 1 0.4156863 0.3333333 0.282353 1 0.4156863 0.3333333 0.282353 1 0.4156863 0.3333333 0.282353 1 0.4156863 0.3333333 0.282353 1 0.4156863 0.3333333 0.282353 1 0.4156863 0.3333333 0.282353 1 0.4156863 0.3333333 0.282353 1 0.4156863 0.3333333 0.282353 1 0.4156863 0.3333333 0.282353 1 0.4156863 0.3333333 0.282353 1 0.4156863 0.3333333 0.282353 1 0.4156863 0.3333333 0.282353 1 0.4156863 0.3333333 0.282353 1 0.4156863 0.3333333 0.282353 1 0.4156863 0.3333333 0.282353 1 0.4156863 0.3333333 0.282353 1 0.4156863 0.3333333 0.282353 1 0.4156863 0.3333333 0.282353 1 0.4156863 0.3333333 0.282353 1</float_array>
          <technique_common>
            <accessor source="#pCube1__CmFillerObjectEC-color-array" count="684" stride="4">
              <param name="R" type="float" />
              <param name="G" type="float" />
              <param name="B" type="float" />
              <param name="A" type="float" />
            </accessor>
          </technique_common>
        </source>
        <source id="pCube1__CmFillerObjectEC-texcoord">
          <float_array id="pCube1__CmFillerObjectEC-texcoord-array" count="1368">0.1826658 0.0110628 0.184741 0.01478601 0.1826658 0.01478601 0.2862745 0.01478601 0.284184 0.01478601 0.2862745 0.0110628 0.1826658 0.1510186 0.184741 0.1510186 0.1826658 0.154757 0.2862745 0.154757 0.284184 0.1510186 0.2862745 0.1510186 0.01525902 0.1510186 0.01525902 0.154757 0.01155108 0.1510186 0.4562142 0.1510186 0.454139 0.154757 0.454139 0.1510186 0.01525902 0.01478601 0.01155108 0.01478601 0.01525902 0.0110628 0.454139 0.0110628 0.4562142 0.01478601 0.454139 0.01478601 0.1807431 0.1704128 0.1822385 0.1727321 0.1807431 0.1727321 0.2451667 0.1727321 0.2436561 0.1727321 0.2451667 0.1704128 0.1807431 0.3109026 0.1822385 0.3109026 0.1807431 0.3132067 0.2451667 0.3132067 0.2436561 0.3109026 0.2451667 0.3109026 0.01190204 0.3109026 0.01190204 0.3132067 0.009613184 0.3109026 0.4157168 0.3109026 0.4142214 0.3132067 0.4142214 0.3109026 0.01190204 0.1727321 0.009613184 0.1727321 0.01190204 0.1704128 0.4142214 0.1704128 0.4157168 0.1727321 0.4142214 0.1727321 0.1413748 0.5763333 0.1421988 0.5796292 0.1407187 0.5796292 0.2431525 0.5795987 0.2416876 0.5795987 0.2424964 0.5762875 0.1407492 0.6211185 0.1422141 0.6211185 0.1414054 0.6244144 0.2424964 0.6244602 0.2416876 0.621149 0.2431525 0.621149 0.01246662 0.6215762 0.0124361 0.6249027 0.009155413 0.6217136 0.3714504 0.6211032 0.3706264 0.6243992 0.3699855 0.6211032 0.01245136 0.5791714 0.009140154 0.5790493 0.01240558 0.5758603 0.3706111 0.5763485 0.3714351 0.5796444 0.3699702 0.5796444 0.1618982 0.4465705 0.1635614 0.4495613 0.1618982 0.4495613 0.2468757 0.4495613 0.2452125 0.4495613 0.2468757 0.4465705 0.1618982 0.5503929 0.1635614 0.5503929 0.1618982 0.553399 0.2468757 0.553399 0.2452125 0.5503929 0.2468757 0.5503929 0.008651866 0.5503929 0.008651866 0.553399 0.005508507 0.5503929 0.3978485 0.5503929 0.3962463 0.553399 0.3962463 0.5503929 0.008651866 0.4495613 0.005508507 0.4495613 0.008651866 0.4465705 0.3962463 0.4465705 0.3978485 0.4495613 0.3962463 0.4495613 0.1635767 0.3274739 0.1652399 0.3304799 0.1635767 0.3304799 0.2485542 0.3304799 0.246891 0.3304799 0.2485542 0.3274739 0.1635767 0.4312962 0.1652399 0.4312962 0.1635767 0.4343023 0.2485542 0.4343023 0.246891 0.4312962 0.2485542 0.4312962 0.01033036 0.4312962 0.01033036 0.4343023 0.007187 0.4312962 0.399527 0.4312962 0.3979248 0.4343023 0.3979248 0.4312962 0.01033036 0.3304799 0.007187 0.3304799 0.01033036 0.3274739 0.3979248 0.3274739 0.399527 0.3304799 0.3979248 0.3304799 0.1826658 0.0110628 0.1826658 0.01478601 0.01525902 0.0110628 0.01525902 0.01478601 0.184741 0.01478601 0.1826658 0.0110628 0.284184 0.01478601 0.2862745 0.0110628 0.1826658 0.01478601 0.184741 0.01478601 0.1826658 0.1510186 0.184741 0.1510186 0.2862745 0.01478601 0.2862745 0.0110628 0.454139 0.01478601 0.454139 0.0110628 0.284184 0.01478601 0.2862745 0.01478601 0.284184 0.1510186 0.2862745 0.1510186 0.1826658 0.1510186 0.1826658 0.154757 0.01525902 0.1510186 0.01525902 0.154757 0.1826658 0.154757 0.184741 0.1510186 0.2862745 0.154757 0.284184 0.1510186 0.2862745 0.154757 0.2862745 0.1510186 0.454139 0.154757 0.454139 0.1510186 0.01525902 0.1510186 0.01155108 0.1510186 0.01525902 0.01478601 0.01155108 0.01478601 0.5556573 0.1510186 0.5556573 0.154757 0.4562142 0.1510186 0.454139 0.154757 0.4562142 0.1510186 0.454139 0.1510186 0.4562142 0.01478601 0.454139 0.01478601 0.5556573 0.0110628 0.5556573 0.01478601 0.454139 0.0110628 0.4562142 0.01478601 0.184741 0.01478601 0.284184 0.01478601 0.184741 0.1510186 0.284184 0.1510186 0.7445793 0.05116349 0.7445793 0.1502403 0.5783627 0.05116349 0.5783627 0.1502403 0.5556573 0.1510186 0.4562142 0.1510186 0.5556573 0.01478601 0.4562142 0.01478601 0.2862745 0.01478601 0.454139 0.01478601 0.2862745 0.1510186 0.454139 0.1510186 0.01525902 0.01478601 0.1826658 0.01478601 0.01525902 0.1510186 0.1826658 0.1510186 0.1807431 0.1704128 0.1807431 0.1727321 0.01190204 0.1704128 0.01190204 0.1727321 0.1822385 0.1727321 0.1807431 0.1704128 0.2436561 0.1727321 0.2451667 0.1704128 0.1807431 0.1727321 0.1822385 0.1727321 0.1807431 0.3109026 0.1822385 0.3109026 0.2451667 0.1727321 0.2451667 0.1704128 0.4142214 0.1727321 0.4142214 0.1704128 0.2436561 0.1727321 0.2451667 0.1727321 0.2436561 0.3109026 0.2451667 0.3109026 0.1807431 0.3109026 0.1807431 0.3132067 0.01190204 0.3109026 0.01190204 0.3132067 0.1807431 0.3132067 0.1822385 0.3109026 0.2451667 0.3132067 0.2436561 0.3109026 0.2451667 0.3132067 0.2451667 0.3109026 0.4142214 0.3132067 0.4142214 0.3109026 0.01190204 0.3109026 0.009613184 0.3109026 0.01190204 0.1727321 0.009613184 0.1727321 0.4771496 0.3109026 0.4771496 0.3132067 0.4157168 0.3109026 0.4142214 0.3132067 0.4157168 0.3109026 0.4142214 0.3109026 0.4157168 0.1727321 0.4142214 0.1727321 0.4771496 0.1704128 0.4771496 0.1727321 0.4142214 0.1704128 0.4157168 0.1727321 0.1822385 0.1727321 0.2436561 0.1727321 0.1822385 0.3109026 0.2436561 0.3109026 0.6659189 0.2508125 0.6659189 0.3121233 0.4977188 0.2508125 0.4977188 0.3121233 0.4771496 0.3109026 0.4157168 0.3109026 0.4771496 0.1727321 0.4157168 0.1727321 0.2451667 0.1727321 0.4142214 0.1727321 0.2451667 0.3109026 0.4142214 0.3109026 0.01190204 0.1727321 0.1807431 0.1727321 0.01190204 0.3109026 0.1807431 0.3109026 0.1413748 0.5763333 0.1407187 0.5796292 0.01240558 0.5758603 0.01245136 0.5791714 0.1421988 0.5796292 0.1413748 0.5763333 0.2416876 0.5795987 0.2424964 0.5762875 0.1407187 0.5796292 0.1421988 0.5796292 0.1407492 0.6211185 0.1422141 0.6211185 0.2431525 0.5795987 0.2424964 0.5762875 0.3699702 0.5796444 0.3706111 0.5763485 0.2416876 0.5795987 0.2431525 0.5795987 0.2416876 0.621149 0.2431525 0.621149 0.1407492 0.6211185 0.1414054 0.6244144 0.01246662 0.6215762 0.0124361 0.6249027 0.1414054 0.6244144 0.1422141 0.6211185 0.2424964 0.6244602 0.2416876 0.621149 0.2424964 0.6244602 0.2431525 0.621149 0.3706264 0.6243992 0.3699855 0.6211032 0.01246662 0.6215762 0.009155413 0.6217136 0.01245136 0.5791714 0.009140154 0.5790493 0.4717022 0.621622 0.4716869 0.6249638 0.3714504 0.6211032 0.3706264 0.6243992 0.3714504 0.6211032 0.3699855 0.6211032 0.3714351 0.5796444 0.3699702 0.5796444 0.4716869 0.5757992 0.4717022 0.5791409 0.3706111 0.5763485 0.3714351 0.5796444 0.1421988 0.5796292 0.2416876 0.5795987 0.1422141 0.6211185 0.2416876 0.621149 0.6141146 0.5631189 0.6141146 0.6629893 0.4866102 0.5631189 0.4866102 0.6629893 0.4717022 0.621622 0.3714504 0.6211032 0.4717022 0.5791409 0.3714351 0.5796444 0.2431525 0.5795987 0.3699702 0.5796444 0.2431525 0.621149 0.3699855 0.6211032 0.01245136 0.5791714 0.1407187 0.5796292 0.01246662 0.6215762 0.1407492 0.6211185 0.1618982 0.4465705 0.1618982 0.4495613 0.008651866 0.4465705 0.008651866 0.4495613 0.1635614 0.4495613 0.1618982 0.4465705 0.2452125 0.4495613 0.2468757 0.4465705 0.1618982 0.4495613 0.1635614 0.4495613 0.1618982 0.5503929 0.1635614 0.5503929 0.2468757 0.4495613 0.2468757 0.4465705 0.3962463 0.4495613 0.3962463 0.4465705 0.2452125 0.4495613 0.2468757 0.4495613 0.2452125 0.5503929 0.2468757 0.5503929 0.1618982 0.5503929 0.1618982 0.553399 0.008651866 0.5503929 0.008651866 0.553399 0.1618982 0.553399 0.1635614 0.5503929 0.2468757 0.553399 0.2452125 0.5503929 0.2468757 0.553399 0.2468757 0.5503929 0.3962463 0.553399 0.3962463 0.5503929 0.008651866 0.5503929 0.005508507 0.5503929 0.008651866 0.4495613 0.005508507 0.4495613 0.4765698 0.5503929 0.4765698 0.553399 0.3978485 0.5503929 0.3962463 0.553399 0.3978485 0.5503929 0.3962463 0.5503929 0.3978485 0.4495613 0.3962463 0.4495613 0.4765698 0.4465705 0.4765698 0.4495613 0.3962463 0.4465705 0.3978485 0.4495613 0.1635614 0.4495613 0.2452125 0.4495613 0.1635614 0.5503929 0.2452125 0.5503929 0.6377813 0.4697032 0.6377813 0.5506523 0.4894331 0.4697032 0.4894331 0.5506523 0.4765698 0.5503929 0.3978485 0.5503929 0.4765698 0.4495613 0.3978485 0.4495613 0.6531777 0.468986 0.6531777 0.5499352 0.8015259 0.468986 0.8015259 0.5499352 0.008651866 0.4495613 0.1618982 0.4495613 0.008651866 0.5503929 0.1618982 0.5503929 0.1635767 0.3274739 0.1635767 0.3304799 0.01033036 0.3274739 0.01033036 0.3304799 0.1652399 0.3304799 0.1635767 0.3274739 0.246891 0.3304799 0.2485542 0.3274739 0.1635767 0.3304799 0.1652399 0.3304799 0.1635767 0.4312962 0.1652399 0.4312962 0.2485542 0.3304799 0.2485542 0.3274739 0.3979248 0.3304799 0.3979248 0.3274739 0.246891 0.3304799 0.2485542 0.3304799 0.246891 0.4312962 0.2485542 0.4312962 0.1635767 0.4312962 0.1635767 0.4343023 0.01033036 0.4312962 0.01033036 0.4343023 0.1635767 0.4343023 0.1652399 0.4312962 0.2485542 0.4343023 0.246891 0.4312962 0.2485542 0.4343023 0.2485542 0.4312962 0.3979248 0.4343023 0.3979248 0.4312962 0.01033036 0.4312962 0.007187 0.4312962 0.01033036 0.3304799 0.007187 0.3304799 0.4782635 0.4312962 0.4782635 0.4343023 0.399527 0.4312962 0.3979248 0.4343023 0.399527 0.4312962 0.3979248 0.4312962 0.399527 0.3304799 0.3979248 0.3304799 0.4782635 0.3274739 0.4782635 0.3304799 0.3979248 0.3274739 0.399527 0.3304799 0.1652399 0.3304799 0.246891 0.3304799 0.1652399 0.4312962 0.246891 0.4312962 0.8035554 0.3532311 0.8035554 0.4341802 0.6551919 0.3532311 0.6551919 0.4341802 0.4782635 0.4312962 0.399527 0.4312962 0.4782635 0.3304799 0.399527 0.3304799 0.4933089 0.3537957 0.4933089 0.43476 0.6416571 0.3537957 0.6416571 0.43476 0.2485542 0.3304799 0.3979248 0.3304799 0.2485542 0.4312962 0.3979248 0.4312962 0.01525902 0.1510186 0.01293965 0.1524224 0.01155108 0.01478601 0.5556573 0.1524224 0.454139 0.154757 0.4555734 0.1510186 0.01246662 0.6215762 0.01100175 0.6234989 0.009140154 0.5790493 0.4717022 0.6234989 0.3706264 0.6243992 0.3709926 0.6211032 0.1618982 0.4465705 0.1618982 0.4495613 0.006881819 0.448249 0.1618982 0.4495613 0.1618982 0.4465705 0.1618982 0.553399 0.2468757 0.4465705 0.2468757 0.4495613 0.2468757 0.5503929 0.1618982 0.553399 0.2468757 0.5503929 0.2468757 0.553399 0.3962463 0.553399 0.3962463 0.5503929 0.3962463 0.4495613 0.4765698 0.448249 0.3962463 0.4495613 0.3962463 0.4465705 0.1635767 0.3304799 0.1635767 0.3274739 0.2485542 0.3274739 0.1635767 0.3304799 0.1635767 0.4343023 0.1635767 0.4312962 0.2485542 0.3274739 0.3979248 0.3274739 0.3984283 0.3304799 0.2485542 0.4343023 0.3990234 0.4312962 0.3979248 0.4343023 0.4782635 0.43299 0.3979248 0.4343023 0.3990234 0.4312962 0.4782635 0.3291676 0.3984283 0.3304799 0.3979248 0.3274739 0.1826658 0.0110628 0.1833066 0.01478601 0.01525902 0.0110628 0.01155108 0.01478601 0.1833066 0.01478601 0.1826658 0.0110628 0.2848402 0.01478601 0.2862745 0.0110628 0.2848402 0.01478601 0.2862745 0.0110628 0.4547799 0.01478601 0.454139 0.0110628 0.1841001 0.1510186 0.1826658 0.154757 0.01525902 0.1510186 0.01293965 0.1524224 0.1826658 0.154757 0.1841001 0.1510186 0.2862745 0.154757 0.2856184 0.1510186 0.2862745 0.154757 0.2856184 0.1510186 0.454139 0.154757 0.4555734 0.1510186 0.5556573 0.0110628 0.5556573 0.01478601 0.454139 0.0110628 0.4547799 0.01478601 0.1833066 0.01478601 0.2848402 0.01478601 0.1841001 0.1510186 0.2856184 0.1510186 0.7445793 0.05116349 0.7445793 0.1502403 0.5783627 0.05116349 0.5783627 0.1502403 0.5556573 0.1524224 0.4555734 0.1510186 0.5556573 0.01478601 0.4547799 0.01478601 0.2848402 0.01478601 0.4547799 0.01478601 0.2856184 0.1510186 0.4555734 0.1510186 0.01155108 0.01478601 0.1833066 0.01478601 0.01525902 0.1510186 0.1841001 0.1510186 0.1807431 0.1704128 0.2451667 0.1704128 0.1807431 0.3132067 0.2451667 0.3132067 0.6659189 0.2508125 0.6659189 0.3121233 0.4977188 0.2508125 0.4977188 0.3121233 0.4771496 0.3121996 0.4142214 0.3132067 0.4771496 0.1704128 0.4142214 0.1704128 0.2451667 0.1704128 0.4142214 0.1704128 0.2451667 0.3132067 0.4142214 0.3132067 0.01190204 0.1704128 0.1807431 0.1704128 0.0109102 0.3121996 0.1807431 0.3132067 0.1413748 0.5763333 0.1411917 0.5796292 0.01240558 0.5758603 0.009140154 0.5790493 0.1411917 0.5796292 0.1413748 0.5763333 0.2421454 0.5795987 0.2424964 0.5762875 0.2421454 0.5795987 0.2424964 0.5762875 0.370428 0.5796444 0.3706111 0.5763485 0.1417563 0.6211185 0.1414054 0.6244144 0.01246662 0.6215762 0.01100175 0.6234989 0.1414054 0.6244144 0.1417563 0.6211185 0.2424964 0.6244602 0.2426948 0.621149 0.2424964 0.6244602 0.2426948 0.621149 0.3706264 0.6243992 0.3709926 0.6211032 0.4716869 0.5757992 0.4717022 0.5791409 0.3706111 0.5763485 0.370428 0.5796444 0.1411917 0.5796292 0.2421454 0.5795987 0.1417563 0.6211185 0.2426948 0.621149 0.6141146 0.5631189 0.6141146 0.6629893 0.4866102 0.5631189 0.4866102 0.6629893 0.4717022 0.6234989 0.3709926 0.6211032 0.4717022 0.5791409 0.370428 0.5796444 0.2421454 0.5795987 0.370428 0.5796444 0.2426948 0.621149 0.3709926 0.6211032 0.009140154 0.5790493 0.1411917 0.5796292 0.01246662 0.6215762 0.1417563 0.6211185 0.2468757 0.4495613 0.2468757 0.4465705 0.3962463 0.4495613 0.3962463 0.4465705 0.2468757 0.553399 0.2468757 0.5503929 0.3962463 0.553399 0.3962463 0.5503929 0.1618982 0.4465705 0.2468757 0.4465705 0.1618982 0.553399 0.2468757 0.5503929 0.6377813 0.4697032 0.6377813 0.5506523 0.4894331 0.4697032 0.4894331 0.5506523 0.4765698 0.5520867 0.3962463 0.553399 0.4765698 0.448249 0.3962463 0.4495613 0.6531777 0.468986 0.6531777 0.5499352 0.8015259 0.468986 0.8015259 0.5499352 0.006881819 0.448249 0.1618982 0.4495613 0.007278554 0.5520867 0.1618982 0.553399 0.1635767 0.3274739 0.1635767 0.3304799 0.008560311 0.3291676 0.01033036 0.3304799 0.1635767 0.4312962 0.1635767 0.4343023 0.01033036 0.4312962 0.008957046 0.43299 0.01033036 0.4312962 0.008957046 0.43299 0.01033036 0.3304799 0.008560311 0.3291676 0.1635767 0.3304799 0.2485542 0.3274739 0.1635767 0.4343023 0.2485542 0.4343023 0.8035554 0.3532311 0.8035554 0.4341802 0.6551919 0.3532311 0.6551919 0.4341802 0.4782635 0.43299 0.3990234 0.4312962 0.4782635 0.3291676 0.3984283 0.3304799 0.4933089 0.3537957 0.4933089 0.43476 0.6416571 0.3537957 0.6416571 0.43476 0.2485542 0.3274739 0.3984283 0.3304799 0.2485542 0.4343023 0.3990234 0.4312962</float_array>
          <technique_common>
            <accessor source="#pCube1__CmFillerObjectEC-texcoord-array" count="684" stride="2">
              <param name="S" type="float" />
              <param name="T" type="float" />
            </accessor>
          </technique_common>
        </source>
        <vertices id="pCube1__CmFillerObjectEC-vertex">
          <input semantic="POSITION" source="#pCube1__CmFillerObjectEC-position" />
        </vertices>
        <triangles material="CmFillerObjectEC" count="210">
          <input semantic="VERTEX" source="#pCube1__CmFillerObjectEC-vertex" offset="0" />
          <input semantic="NORMAL" source="#pCube1__CmFillerObjectEC-normal" offset="1" />
          <input semantic="COLOR" source="#pCube1__CmFillerObjectEC-color" offset="2" set="0" />
          <input semantic="TEXCOORD" source="#pCube1__CmFillerObjectEC-texcoord" offset="3" set="0" />
          <p>0 0 0 0 1 1 1 1 2 2 2 2 3 3 3 3 4 4 4 4 5 5 5 5 6 6 6 6 7 7 7 7 8 8 8 8 9 9 9 9 10 10 10 10 11 11 11 11 12 12 12 12 13 13 13 13 14 14 14 14 15 15 15 15 16 16 16 16 17 17 17 17 18 18 18 18 19 19 19 19 20 20 20 20 21 21 21 21 22 22 22 22 23 23 23 23 24 24 24 24 25 25 25 25 26 26 26 26 27 27 27 27 28 28 28 28 29 29 29 29 30 30 30 30 31 31 31 31 32 32 32 32 33 33 33 33 34 34 34 34 35 35 35 35 36 36 36 36 37 37 37 37 38 38 38 38 39 39 39 39 40 40 40 40 41 41 41 41 42 42 42 42 43 43 43 43 44 44 44 44 45 45 45 45 46 46 46 46 47 47 47 47 48 48 48 48 49 49 49 49 50 50 50 50 51 51 51 51 52 52 52 52 53 53 53 53 54 54 54 54 55 55 55 55 56 56 56 56 57 57 57 57 58 58 58 58 59 59 59 59 60 60 60 60 61 61 61 61 62 62 62 62 63 63 63 63 64 64 64 64 65 65 65 65 66 66 66 66 67 67 67 67 68 68 68 68 69 69 69 69 70 70 70 70 71 71 71 71 72 72 72 72 73 73 73 73 74 74 74 74 75 75 75 75 76 76 76 76 77 77 77 77 78 78 78 78 79 79 79 79 80 80 80 80 81 81 81 81 82 82 82 82 83 83 83 83 84 84 84 84 85 85 85 85 86 86 86 86 87 87 87 87 88 88 88 88 89 89 89 89 90 90 90 90 91 91 91 91 92 92 92 92 93 93 93 93 94 94 94 94 95 95 95 95 96 96 96 96 97 97 97 97 98 98 98 98 99 99 99 99 100 100 100 100 101 101 101 101 102 102 102 102 103 103 103 103 104 104 104 104 105 105 105 105 106 106 106 106 107 107 107 107 108 108 108 108 109 109 109 109 110 110 110 110 111 111 111 111 112 112 112 112 113 113 113 113 114 114 114 114 115 115 115 115 116 116 116 116 117 117 117 117 118 118 118 118 119 119 119 119 120 120 120 120 121 121 121 121 122 122 122 122 121 121 121 121 123 123 123 123 122 122 122 122 124 124 124 124 125 125 125 125 126 126 126 126 125 125 125 125 127 127 127 127 126 126 126 126 128 128 128 128 129 129 129 129 130 130 130 130 129 129 129 129 131 131 131 131 130 130 130 130 132 132 132 132 133 133 133 133 134 134 134 134 133 133 133 133 135 135 135 135 134 134 134 134 136 136 136 136 137 137 137 137 138 138 138 138 137 137 137 137 139 139 139 139 138 138 138 138 140 140 140 140 141 141 141 141 142 142 142 142 141 141 141 141 143 143 143 143 142 142 142 142 144 144 144 144 145 145 145 145 146 146 146 146 145 145 145 145 147 147 147 147 146 146 146 146 148 148 148 148 149 149 149 149 150 150 150 150 149 149 149 149 151 151 151 151 150 150 150 150 152 152 152 152 153 153 153 153 154 154 154 154 153 153 153 153 155 155 155 155 154 154 154 154 156 156 156 156 157 157 157 157 158 158 158 158 157 157 157 157 159 159 159 159 158 158 158 158 160 160 160 160 161 161 161 161 162 162 162 162 161 161 161 161 163 163 163 163 162 162 162 162 164 164 164 164 165 165 165 165 166 166 166 166 165 165 165 165 167 167 167 167 166 166 166 166 168 168 168 168 169 169 169 169 170 170 170 170 169 169 169 169 171 171 171 171 170 170 170 170 172 172 172 172 173 173 173 173 174 174 174 174 173 173 173 173 175 175 175 175 174 174 174 174 176 176 176 176 177 177 177 177 178 178 178 178 177 177 177 177 179 179 179 179 178 178 178 178 180 180 180 180 181 181 181 181 182 182 182 182 181 181 181 181 183 183 183 183 182 182 182 182 184 184 184 184 185 185 185 185 186 186 186 186 185 185 185 185 187 187 187 187 186 186 186 186 188 188 188 188 189 189 189 189 190 190 190 190 189 189 189 189 191 191 191 191 190 190 190 190 192 192 192 192 193 193 193 193 194 194 194 194 193 193 193 193 195 195 195 195 194 194 194 194 196 196 196 196 197 197 197 197 198 198 198 198 197 197 197 197 199 199 199 199 198 198 198 198 200 200 200 200 201 201 201 201 202 202 202 202 201 201 201 201 203 203 203 203 202 202 202 202 204 204 204 204 205 205 205 205 206 206 206 206 205 205 205 205 207 207 207 207 206 206 206 206 208 208 208 208 209 209 209 209 210 210 210 210 209 209 209 209 211 211 211 211 210 210 210 210 212 212 212 212 213 213 213 213 214 214 214 214 213 213 213 213 215 215 215 215 214 214 214 214 216 216 216 216 217 217 217 217 218 218 218 218 217 217 217 217 219 219 219 219 218 218 218 218 220 220 220 220 221 221 221 221 222 222 222 222 221 221 221 221 223 223 223 223 222 222 222 222 224 224 224 224 225 225 225 225 226 226 226 226 225 225 225 225 227 227 227 227 226 226 226 226 228 228 228 228 229 229 229 229 230 230 230 230 229 229 229 229 231 231 231 231 230 230 230 230 232 232 232 232 233 233 233 233 234 234 234 234 233 233 233 233 235 235 235 235 234 234 234 234 236 236 236 236 237 237 237 237 238 238 238 238 237 237 237 237 239 239 239 239 238 238 238 238 240 240 240 240 241 241 241 241 242 242 242 242 241 241 241 241 243 243 243 243 242 242 242 242 244 244 244 244 245 245 245 245 246 246 246 246 245 245 245 245 247 247 247 247 246 246 246 246 248 248 248 248 249 249 249 249 250 250 250 250 249 249 249 249 251 251 251 251 250 250 250 250 252 252 252 252 253 253 253 253 254 254 254 254 253 253 253 253 255 255 255 255 254 254 254 254 256 256 256 256 257 257 257 257 258 258 258 258 257 257 257 257 259 259 259 259 258 258 258 258 260 260 260 260 261 261 261 261 262 262 262 262 261 261 261 261 263 263 263 263 262 262 262 262 264 264 264 264 265 265 265 265 266 266 266 266 265 265 265 265 267 267 267 267 266 266 266 266 268 268 268 268 269 269 269 269 270 270 270 270 269 269 269 269 271 271 271 271 270 270 270 270 272 272 272 272 273 273 273 273 274 274 274 274 273 273 273 273 275 275 275 275 274 274 274 274 276 276 276 276 277 277 277 277 278 278 278 278 277 277 277 277 279 279 279 279 278 278 278 278 280 280 280 280 281 281 281 281 282 282 282 282 281 281 281 281 283 283 283 283 282 282 282 282 284 284 284 284 285 285 285 285 286 286 286 286 285 285 285 285 287 287 287 287 286 286 286 286 288 288 288 288 289 289 289 289 290 290 290 290 289 289 289 289 291 291 291 291 290 290 290 290 292 292 292 292 293 293 293 293 294 294 294 294 293 293 293 293 295 295 295 295 294 294 294 294 296 296 296 296 297 297 297 297 298 298 298 298 297 297 297 297 299 299 299 299 298 298 298 298 300 300 300 300 301 301 301 301 302 302 302 302 301 301 301 301 303 303 303 303 302 302 302 302 304 304 304 304 305 305 305 305 306 306 306 306 305 305 305 305 307 307 307 307 306 306 306 306 308 308 308 308 309 309 309 309 310 310 310 310 309 309 309 309 311 311 311 311 310 310 310 310 312 312 312 312 313 313 313 313 314 314 314 314 313 313 313 313 315 315 315 315 314 314 314 314 316 316 316 316 317 317 317 317 318 318 318 318 317 317 317 317 319 319 319 319 318 318 318 318 320 320 320 320 321 321 321 321 322 322 322 322 321 321 321 321 323 323 323 323 322 322 322 322 324 324 324 324 325 325 325 325 326 326 326 326 325 325 325 325 327 327 327 327 326 326 326 326 328 328 328 328 329 329 329 329 330 330 330 330 329 329 329 329 331 331 331 331 330 330 330 330 332 332 332 332 333 333 333 333 334 334 334 334 333 333 333 333 335 335 335 335 334 334 334 334 336 336 336 336 337 337 337 337 338 338 338 338 337 337 337 337 339 339 339 339 338 338 338 338 340 340 340 340 341 341 341 341 342 342 342 342 341 341 341 341 343 343 343 343 342 342 342 342 344 344 344 344 345 345 345 345 346 346 346 346 345 345 345 345 347 347 347 347 346 346 346 346 348 348 348 348 349 349 349 349 350 350 350 350 349 349 349 349 351 351 351 351 350 350 350 350 352 352 352 352 353 353 353 353 354 354 354 354 353 353 353 353 355 355 355 355 354 354 354 354 356 356 356 356 357 357 357 357 358 358 358 358 357 357 357 357 359 359 359 359 358 358 358 358 360 360 360 360 361 361 361 361 362 362 362 362 361 361 361 361 363 363 363 363 362 362 362 362 364 364 364 364 365 365 365 365 366 366 366 366 365 365 365 365 367 367 367 367 366 366 366 366 368 368 368 368 369 369 369 369 370 370 370 370 369 369 369 369 371 371 371 371 370 370 370 370 372 372 372 372 373 373 373 373 374 374 374 374 373 373 373 373 375 375 375 375 374 374 374 374 376 376 376 376 377 377 377 377 378 378 378 378 377 377 377 377 379 379 379 379 378 378 378 378 380 380 380 380 381 381 381 381 382 382 382 382 381 381 381 381 383 383 383 383 382 382 382 382 384 384 384 384 385 385 385 385 386 386 386 386 385 385 385 385 387 387 387 387 386 386 386 386 388 388 388 388 389 389 389 389 390 390 390 390 389 389 389 389 391 391 391 391 390 390 390 390 392 392 392 392 393 393 393 393 394 394 394 394 393 393 393 393 395 395 395 395 394 394 394 394 396 396 396 396 397 397 397 397 398 398 398 398 397 397 397 397 399 399 399 399 398 398 398 398 400 400 400 400 401 401 401 401 402 402 402 402 401 401 401 401 403 403 403 403 402 402 402 402 404 404 404 404 405 405 405 405 406 406 406 406 405 405 405 405 407 407 407 407 406 406 406 406 408 408 408 408 409 409 409 409 410 410 410 410 409 409 409 409 411 411 411 411 410 410 410 410 412 412 412 412 413 413 413 413 414 414 414 414 413 413 413 413 415 415 415 415 414 414 414 414 416 416 416 416 417 417 417 417 418 418 418 418 417 417 417 417 419 419 419 419 418 418 418 418 420 420 420 420 421 421 421 421 422 422 422 422 421 421 421 421 423 423 423 423 422 422 422 422 424 424 424 424 425 425 425 425 426 426 426 426 425 425 425 425 427 427 427 427 426 426 426 426 428 428 428 428 429 429 429 429 430 430 430 430 429 429 429 429 431 431 431 431 430 430 430 430 432 432 432 432 433 433 433 433 434 434 434 434 433 433 433 433 435 435 435 435 434 434 434 434 436 436 436 436 437 437 437 437 438 438 438 438 437 437 437 437 439 439 439 439 438 438 438 438 440 440 440 440 441 441 441 441 442 442 442 442 441 441 441 441 443 443 443 443 442 442 442 442 444 444 444 444 445 445 445 445 446 446 446 446 445 445 445 445 447 447 447 447 446 446 446 446 448 448 448 448 449 449 449 449 450 450 450 450 449 449 449 449 451 451 451 451 450 450 450 450 452 452 452 452 453 453 453 453 454 454 454 454 453 453 453 453 455 455 455 455 454 454 454 454 456 456 456 456 457 457 457 457 458 458 458 458 457 457 457 457 459 459 459 459 458 458 458 458 </p>
        </triangles>
      </mesh>
    </geometry>
    <geometry id="pCube8__CmFillerObjectE_TapeC-mesh" name="pCube8__CmFillerObjectE_TapeC">
      <mesh>
        <source id="pCube8__CmFillerObjectE_TapeC-position">
          <float_array id="pCube8__CmFillerObjectE_TapeC-position-array" count="372">-0.823152 1.151223 -1.087876 -0.823152 0.07130116 -1.087876 -0.8504384 0.07130116 -1.06059 -0.8504384 1.151223 -1.06059 -0.8504384 0.1813012 0.6602478 -0.8504384 1.261223 0.6602478 -0.823152 0.1813012 0.6875335 -0.823152 1.261223 0.6875335 0.871061 1.261223 0.6875335 0.871061 0.1813012 0.6875335 0.8983467 0.1813012 0.6602478 0.8983467 1.261223 0.6602478 0.8983467 1.151223 -1.06059 0.8983467 0.07130116 -1.06059 0.871061 0.07130116 -1.087876 0.871061 1.151223 -1.087876 -0.823152 1.151223 -1.087876 -0.823152 0.07130116 -1.087876 -0.7611909 2.485 -1.165559 0.9587197 2.335 -0.9492284 -0.7611909 1.595 -1.165559 0.9587197 1.525 -0.9492284 0.972447 2.335 -0.9315511 0.972447 1.525 -0.9315511 0.7788687 2.205 0.6074758 0.7788687 1.525 0.6074758 0.7611907 2.205 0.6212038 0.7611907 1.525 0.6212038 -0.9587194 1.525 0.4048739 -0.9587194 2.335 0.4048739 -0.9724472 2.335 0.3871957 -0.9724472 1.525 0.3871957 -0.7788689 1.595 -1.151831 -0.7788689 2.485 -1.151831 -0.7611909 2.485 -1.165559 -0.7611909 1.595 -1.165559 -0.3386526 3.01 0.2027898 0.6955285 3.01 0.1816869 -0.3069577 3.01 -0.690237 0.7271609 3.01 -0.6307168 0.7112308 2.994173 0.1836619 0.7428632 2.994173 -0.6287422 0.8350544 2.521757 0.160778 0.9313784 2.521757 -0.6050305 0.8454638 2.475485 0.1581535 0.9412994 2.475485 -0.6037827 0.8564377 1.452834 0.07090187 0.9412994 1.452834 -0.6037827 0.8308139 1.437008 0.06767797 0.9156747 1.437008 -0.6070061 -0.8042355 1.437008 -0.8233356 -0.9053206 1.437008 -0.01966763 -0.9309449 1.452834 -0.02289057 -0.8298597 1.452834 -0.8265586 -0.8359351 2.484737 -0.7782583 -0.9439631 2.484737 0.08060932 -0.8162651 2.515385 -0.7743816 -0.9244924 2.515385 0.08606434 -0.3325825 2.994173 -0.6934595 -0.3642769 2.994173 0.1995668 -0.3386526 3.01 0.2027898 -0.3069577 3.01 -0.690237 -0.823152 1.151223 -1.087876 -0.823152 0.07130116 -1.087876 -0.8504384 0.07130116 -1.06059 -0.8504384 1.151223 -1.06059 -0.8504384 0.1813012 0.6602478 -0.8504384 1.261223 0.6602478 -0.823152 0.1813012 0.6875335 -0.823152 1.261223 0.6875335 0.871061 1.261223 0.6875335 0.871061 0.1813012 0.6875335 0.8983467 0.1813012 0.6602478 0.8983467 1.261223 0.6602478 0.8983467 1.151223 -1.06059 0.8983467 0.07130116 -1.06059 0.871061 0.07130116 -1.087876 0.871061 1.151223 -1.087876 -0.823152 1.151223 -1.087876 -0.823152 0.07130116 -1.087876 -0.7611909 2.485 -1.165559 0.9587197 2.335 -0.9492284 -0.7611909 1.595 -1.165559 0.9587197 1.525 -0.9492284 0.972447 2.335 -0.9315511 0.972447 1.525 -0.9315511 0.7788687 2.205 0.6074758 0.7788687 1.525 0.6074758 0.7611907 2.205 0.6212038 0.7611907 1.525 0.6212038 -0.9587194 1.525 0.4048739 -0.9587194 2.335 0.4048739 -0.9724472 2.335 0.3871957 -0.9724472 1.525 0.3871957 -0.7788689 1.595 -1.151831 -0.7788689 2.485 -1.151831 -0.7611909 2.485 -1.165559 -0.7611909 1.595 -1.165559 -0.3386526 3.01 0.2027898 0.6955285 3.01 0.1816869 -0.3069577 3.01 -0.690237 0.7271609 3.01 -0.6307168 0.7112308 2.994173 0.1836619 0.7428632 2.994173 -0.6287422 0.8350544 2.521757 0.160778 0.9313784 2.521757 -0.6050305 0.8454638 2.475485 0.1581535 0.9412994 2.475485 -0.6037827 0.8564377 1.452834 0.07090187 0.9412994 1.452834 -0.6037827 0.8308139 1.437008 0.06767797 0.9156747 1.437008 -0.6070061 -0.8042355 1.437008 -0.8233356 -0.9053206 1.437008 -0.01966763 -0.9309449 1.452834 -0.02289057 -0.8298597 1.452834 -0.8265586 -0.8359351 2.484737 -0.7782583 -0.9439631 2.484737 0.08060932 -0.8162651 2.515385 -0.7743816 -0.9244924 2.515385 0.08606434 -0.3325825 2.994173 -0.6934595 -0.3642769 2.994173 0.1995668 -0.3386526 3.01 0.2027898 -0.3069577 3.01 -0.690237</float_array>
          <technique_common>
            <accessor source="#pCube8__CmFillerObjectE_TapeC-position-array" count="124" stride="3">
              <param name="X" type="float" />
              <param name="Y" type="float" />
              <param name="Z" type="float" />
            </accessor>
          </technique_common>
        </source>
        <source id="pCube8__CmFillerObjectE_TapeC-normal">
          <float_array id="pCube8__CmFillerObjectE_TapeC-normal-array" count="372">-0.01565558 0 -1 -0.01565558 0 -1 -1 0 -0.01565558 -1 0 -0.01565558 -1 0 0.01565558 -1 0 0.01565558 -0.01565558 0 1 -0.01565558 0 1 0.01565558 0 1 0.01565558 0 1 1 0 0.01565558 1 0 0.01565558 1 0 -0.01565558 1 0 -0.01565558 0.01565558 0 -1 0.01565558 0 -1 -0.01565558 0 -1 -0.01565558 0 -1 0.1154599 0 -0.9941292 0.1330724 0 -0.9902152 0.1154599 0 -0.9941292 0.1330724 0 -0.9902152 0.9941292 0 0.1135029 0.9941292 0 0.1135029 0.9902152 0 0.1330724 0.9902152 0 0.1330724 -0.1174168 0 0.9921722 -0.1174168 0 0.9941292 -0.1350294 0 0.9902152 -0.1350294 0 0.9902152 -0.9941292 0 -0.1154599 -0.9941292 0 -0.1154599 -0.9902152 0 -0.1350294 -0.9902152 0 -0.1350294 0.1154599 0 -0.9941292 0.1154599 0 -0.9941292 -0.01565558 1 0 0.01369863 1 0 -0.01565558 1 0 0.01369863 1 0 0.9412916 0.332681 0.07436399 0.9393346 0.332681 0.07436399 0.9491194 0.3052838 0.08023483 0.9491194 0.3052838 0.08023483 0.9921722 0.01174168 0.1252446 0.9921722 0.009784736 0.1252446 0.9921722 -0.02152642 0.1252446 0.9921722 -0.02348337 0.1252446 0.007827789 -1 0.001956947 0.007827789 -1 0.001956947 -0.009784736 -1 -0.001956947 -0.009784736 -1 -0.001956947 -0.9921722 -0.02152642 -0.1252446 -0.9921722 -0.02544031 -0.1252446 -0.9921722 0.01761252 -0.1252446 -0.9921722 0.02152642 -0.1252446 -0.6790606 0.7318982 -0.05675147 -0.6771037 0.7338552 -0.05479452 -0.6653621 0.7455969 -0.05283757 -0.6634051 0.7455969 -0.05088063 -0.01565558 1 0 -0.01565558 1 0 -0.01565558 0 -1 -0.01565558 0 -1 -1 0 -0.01565558 -1 0 -0.01565558 -1 0 0.01565558 -1 0 0.01565558 -0.01565558 0 1 -0.01565558 0 1 0.01565558 0 1 0.01565558 0 1 1 0 0.01565558 1 0 0.01565558 1 0 -0.01565558 1 0 -0.01565558 0.01565558 0 -1 0.01565558 0 -1 -0.01565558 0 -1 -0.01565558 0 -1 0.1154599 0 -0.9941292 0.1330724 0 -0.9902152 0.1154599 0 -0.9941292 0.1330724 0 -0.9902152 0.9941292 0 0.1135029 0.9941292 0 0.1135029 0.9902152 0 0.1330724 0.9902152 0 0.1350294 -0.1174168 0 0.9941292 -0.1154599 0 0.9941292 -0.1350294 0 0.9902152 -0.1350294 0 0.9902152 -0.9941292 0 -0.1154599 -0.9941292 0 -0.1135029 -0.9902152 0 -0.1350294 -0.9902152 0 -0.1350294 0.1154599 0 -0.9941292 0.1154599 0 -0.9941292 -0.01565558 1 0 0.01369863 1 0 -0.01565558 1 0 0.01369863 1 0 0.960861 0.2739726 0.037182 0.9334638 0.3483366 0.08610567 0.9549902 0.2876712 0.0704501 0.925636 0.3600783 0.1154599 0.9921722 0.009784736 0.1252446 0.9921722 0.009784736 0.1252446 0.9921722 -0.02152642 0.1252446 0.9921722 -0.02544031 0.1252446 0.007827789 -1 0.001956947 0.009784736 -1 0.001956947 -0.009784736 -1 -0.001956947 -0.009784736 -1 -0.001956947 -0.9921722 -0.02348337 -0.1252446 -0.9921722 -0.02544031 -0.1252446 -0.9921722 0.01761252 -0.1252446 -0.9921722 0.02152642 -0.1252446 -0.7005871 0.7064579 -0.08806262 -0.6731898 0.7377691 -0.05088063 -0.667319 0.7436399 -0.05479452 -0.6418787 0.7671233 -0.02348337 -0.01565558 1 0 -0.01565558 1 0</float_array>
          <technique_common>
            <accessor source="#pCube8__CmFillerObjectE_TapeC-normal-array" count="124" stride="3">
              <param name="X" type="float" />
              <param name="Y" type="float" />
              <param name="Z" type="float" />
            </accessor>
          </technique_common>
        </source>
        <source id="pCube8__CmFillerObjectE_TapeC-color">
          <float_array id="pCube8__CmFillerObjectE_TapeC-color-array" count="496">0.1490196 0.345098 0.345098 1 0.1490196 0.345098 0.345098 1 0.1490196 0.345098 0.345098 1 0.1490196 0.345098 0.345098 1 0.1490196 0.345098 0.345098 1 0.1490196 0.345098 0.345098 1 0.1490196 0.345098 0.345098 1 0.1490196 0.345098 0.345098 1 0.1490196 0.345098 0.345098 1 0.1490196 0.345098 0.345098 1 0.1490196 0.345098 0.345098 1 0.1490196 0.345098 0.345098 1 0.1490196 0.345098 0.345098 1 0.1490196 0.345098 0.345098 1 0.1490196 0.345098 0.345098 1 0.1490196 0.345098 0.345098 1 0.1490196 0.345098 0.345098 1 0.1490196 0.345098 0.345098 1 0.1490196 0.345098 0.345098 1 0.1490196 0.345098 0.345098 1 0.1490196 0.345098 0.345098 1 0.1490196 0.345098 0.345098 1 0.1490196 0.345098 0.345098 1 0.1490196 0.345098 0.345098 1 0.1490196 0.345098 0.345098 1 0.1490196 0.345098 0.345098 1 0.1490196 0.345098 0.345098 1 0.1490196 0.345098 0.345098 1 0.1490196 0.345098 0.345098 1 0.1490196 0.345098 0.345098 1 0.1490196 0.345098 0.345098 1 0.1490196 0.345098 0.345098 1 0.1490196 0.345098 0.345098 1 0.1490196 0.345098 0.345098 1 0.1490196 0.345098 0.345098 1 0.1490196 0.345098 0.345098 1 0.1490196 0.345098 0.345098 1 0.1490196 0.345098 0.345098 1 0.1490196 0.345098 0.345098 1 0.1490196 0.345098 0.345098 1 0.1490196 0.345098 0.345098 1 0.1490196 0.345098 0.345098 1 0.1490196 0.345098 0.345098 1 0.1490196 0.345098 0.345098 1 0.1490196 0.345098 0.345098 1 0.1490196 0.345098 0.345098 1 0.1490196 0.345098 0.345098 1 0.1490196 0.345098 0.345098 1 0.1490196 0.345098 0.345098 1 0.1490196 0.345098 0.345098 1 0.1490196 0.345098 0.345098 1 0.1490196 0.345098 0.345098 1 0.1490196 0.345098 0.345098 1 0.1490196 0.345098 0.345098 1 0.1490196 0.345098 0.345098 1 0.1490196 0.345098 0.345098 1 0.1490196 0.345098 0.345098 1 0.1490196 0.345098 0.345098 1 0.1490196 0.345098 0.345098 1 0.1490196 0.345098 0.345098 1 0.1490196 0.345098 0.345098 1 0.1490196 0.345098 0.345098 1 0.1490196 0.345098 0.345098 1 0.1490196 0.345098 0.345098 1 0.1490196 0.345098 0.345098 1 0.1490196 0.345098 0.345098 1 0.1490196 0.345098 0.345098 1 0.1490196 0.345098 0.345098 1 0.1490196 0.345098 0.345098 1 0.1490196 0.345098 0.345098 1 0.1490196 0.345098 0.345098 1 0.1490196 0.345098 0.345098 1 0.1490196 0.345098 0.345098 1 0.1490196 0.345098 0.345098 1 0.1490196 0.345098 0.345098 1 0.1490196 0.345098 0.345098 1 0.1490196 0.345098 0.345098 1 0.1490196 0.345098 0.345098 1 0.1490196 0.345098 0.345098 1 0.1490196 0.345098 0.345098 1 0.1490196 0.345098 0.345098 1 0.1490196 0.345098 0.345098 1 0.1490196 0.345098 0.345098 1 0.1490196 0.345098 0.345098 1 0.1490196 0.345098 0.345098 1 0.1490196 0.345098 0.345098 1 0.1490196 0.345098 0.345098 1 0.1490196 0.345098 0.345098 1 0.1490196 0.345098 0.345098 1 0.1490196 0.345098 0.345098 1 0.1490196 0.345098 0.345098 1 0.1490196 0.345098 0.345098 1 0.1490196 0.345098 0.345098 1 0.1490196 0.345098 0.345098 1 0.1490196 0.345098 0.345098 1 0.1490196 0.345098 0.345098 1 0.1490196 0.345098 0.345098 1 0.1490196 0.345098 0.345098 1 0.1490196 0.345098 0.345098 1 0.1490196 0.345098 0.345098 1 0.1490196 0.345098 0.345098 1 0.1490196 0.345098 0.345098 1 0.1490196 0.345098 0.345098 1 0.1490196 0.345098 0.345098 1 0.1490196 0.345098 0.345098 1 0.1490196 0.345098 0.345098 1 0.1490196 0.345098 0.345098 1 0.1490196 0.345098 0.345098 1 0.1490196 0.345098 0.345098 1 0.1490196 0.345098 0.345098 1 0.1490196 0.345098 0.345098 1 0.1490196 0.345098 0.345098 1 0.1490196 0.345098 0.345098 1 0.1490196 0.345098 0.345098 1 0.1490196 0.345098 0.345098 1 0.1490196 0.345098 0.345098 1 0.1490196 0.345098 0.345098 1 0.1490196 0.345098 0.345098 1 0.1490196 0.345098 0.345098 1 0.1490196 0.345098 0.345098 1 0.1490196 0.345098 0.345098 1 0.1490196 0.345098 0.345098 1 0.1490196 0.345098 0.345098 1 0.1490196 0.345098 0.345098 1</float_array>
          <technique_common>
            <accessor source="#pCube8__CmFillerObjectE_TapeC-color-array" count="124" stride="4">
              <param name="R" type="float" />
              <param name="G" type="float" />
              <param name="B" type="float" />
              <param name="A" type="float" />
            </accessor>
          </technique_common>
        </source>
        <source id="pCube8__CmFillerObjectE_TapeC-texcoord">
          <float_array id="pCube8__CmFillerObjectE_TapeC-texcoord-array" count="248">0.007278554 0.7906004 0.006973373 0.684535 0.01080339 0.684535 0.01109331 0.7906004 0.1799344 0.684535 0.1800107 0.7906004 0.1836881 0.684535 0.1837491 0.7906004 0.3467003 0.7906004 0.3465476 0.684535 0.3502251 0.684535 0.3503929 0.7906004 0.5166857 0.7906004 0.5163958 0.684535 0.5201648 0.684535 0.52047 0.7906004 0.6883955 0.7906004 0.6879988 0.684535 0.6616922 0.899321 0.4941329 0.899321 0.6615091 0.8140078 0.4941176 0.8140078 0.4919509 0.899321 0.4919661 0.8140078 0.3403372 0.899321 0.3401541 0.8140078 0.3381247 0.899321 0.337911 0.8140078 0.1656977 0.8140078 0.1659571 0.899321 0.1637293 0.899321 0.1634852 0.8140078 0.01255818 0.8140078 0.01255818 0.899321 0.01040665 0.899321 0.01042191 0.8140078 0.6207218 0.9905547 0.5192493 0.9905547 0.6207218 0.9105516 0.5192493 0.9105516 0.5170519 0.9905547 0.5170519 0.9105516 0.4683452 0.9905547 0.4683452 0.9105516 0.4637369 0.9905547 0.4637369 0.9105516 0.3642481 0.9905547 0.3642481 0.9105516 0.3613031 0.9905547 0.3613031 0.9105516 0.1920348 0.9105516 0.1920348 0.9905547 0.1890745 0.9905547 0.1890745 0.9105516 0.08848707 0.9105516 0.08848707 0.9905547 0.08493172 0.9105516 0.08493172 0.9905547 0.01539635 0.9105516 0.01539635 0.9905547 0.0124361 0.9905547 0.0124361 0.9105516 0.007278554 0.7906004 0.007003891 0.6849928 0.01080339 0.6849928 0.01109331 0.7906004 0.1799344 0.6849928 0.1800107 0.7906004 0.1836881 0.6849928 0.1837491 0.7906004 0.3467003 0.7906004 0.3465476 0.6849928 0.3502251 0.6849928 0.3503929 0.7906004 0.5166857 0.7906004 0.5163958 0.6849928 0.5201648 0.6849928 0.52047 0.7906004 0.6879988 0.7906004 0.6879988 0.6849928 0.6616922 0.899321 0.4941329 0.899321 0.6615091 0.8140078 0.4941176 0.8140078 0.4919509 0.899321 0.4919661 0.8140078 0.3403372 0.899321 0.3401541 0.8140078 0.3381247 0.899321 0.337911 0.8140078 0.1656977 0.8140078 0.1659571 0.899321 0.1637293 0.899321 0.1634852 0.8140078 0.01255818 0.8140078 0.01255818 0.899321 0.01040665 0.899321 0.01042191 0.8140078 0.6207218 0.9905547 0.5192493 0.9905547 0.6207218 0.9105516 0.5192493 0.9105516 0.5170519 0.9905547 0.5170519 0.9105516 0.4683452 0.9905547 0.4683452 0.9105516 0.4637369 0.9905547 0.4637369 0.9105516 0.3642481 0.9905547 0.3642481 0.9105516 0.3613031 0.9905547 0.3613031 0.9105516 0.1920348 0.9105516 0.1920348 0.9905547 0.1890745 0.9905547 0.1890745 0.9105516 0.08848707 0.9105516 0.08848707 0.9905547 0.08493172 0.9105516 0.08493172 0.9905547 0.01539635 0.9105516 0.01539635 0.9905547 0.0124361 0.9905547 0.0124361 0.9105516</float_array>
          <technique_common>
            <accessor source="#pCube8__CmFillerObjectE_TapeC-texcoord-array" count="124" stride="2">
              <param name="S" type="float" />
              <param name="T" type="float" />
            </accessor>
          </technique_common>
        </source>
        <vertices id="pCube8__CmFillerObjectE_TapeC-vertex">
          <input semantic="POSITION" source="#pCube8__CmFillerObjectE_TapeC-position" />
        </vertices>
        <triangles material="CmFillerObjectE_TapeC" count="56">
          <input semantic="VERTEX" source="#pCube8__CmFillerObjectE_TapeC-vertex" offset="0" />
          <input semantic="NORMAL" source="#pCube8__CmFillerObjectE_TapeC-normal" offset="1" />
          <input semantic="COLOR" source="#pCube8__CmFillerObjectE_TapeC-color" offset="2" set="0" />
          <input semantic="TEXCOORD" source="#pCube8__CmFillerObjectE_TapeC-texcoord" offset="3" set="0" />
          <p>0 0 0 0 1 1 1 1 2 2 2 2 3 3 3 3 0 0 0 0 2 2 2 2 2 2 2 2 4 4 4 4 3 3 3 3 4 4 4 4 5 5 5 5 3 3 3 3 4 4 4 4 6 6 6 6 5 5 5 5 6 6 6 6 7 7 7 7 5 5 5 5 7 7 7 7 6 6 6 6 8 8 8 8 6 6 6 6 9 9 9 9 8 8 8 8 9 9 9 9 10 10 10 10 8 8 8 8 10 10 10 10 11 11 11 11 8 8 8 8 11 11 11 11 10 10 10 10 12 12 12 12 10 10 10 10 13 13 13 13 12 12 12 12 12 12 12 12 13 13 13 13 14 14 14 14 15 15 15 15 12 12 12 12 14 14 14 14 16 16 16 16 15 15 15 15 14 14 14 14 17 17 17 17 16 16 16 16 14 14 14 14 18 18 18 18 19 19 19 19 20 20 20 20 19 19 19 19 21 21 21 21 20 20 20 20 19 19 19 19 22 22 22 22 21 21 21 21 22 22 22 22 23 23 23 23 21 21 21 21 23 23 23 23 22 22 22 22 24 24 24 24 25 25 25 25 23 23 23 23 24 24 24 24 25 25 25 25 24 24 24 24 26 26 26 26 27 27 27 27 25 25 25 25 26 26 26 26 28 28 28 28 27 27 27 27 26 26 26 26 29 29 29 29 28 28 28 28 26 26 26 26 28 28 28 28 29 29 29 29 30 30 30 30 31 31 31 31 28 28 28 28 30 30 30 30 32 32 32 32 31 31 31 31 30 30 30 30 33 33 33 33 32 32 32 32 30 30 30 30 33 33 33 33 34 34 34 34 32 32 32 32 34 34 34 34 35 35 35 35 32 32 32 32 36 36 36 36 37 37 37 37 38 38 38 38 37 37 37 37 39 39 39 39 38 38 38 38 37 37 37 37 40 40 40 40 39 39 39 39 40 40 40 40 41 41 41 41 39 39 39 39 41 41 41 41 40 40 40 40 42 42 42 42 43 43 43 43 41 41 41 41 42 42 42 42 43 43 43 43 42 42 42 42 44 44 44 44 45 45 45 45 43 43 43 43 44 44 44 44 45 45 45 45 44 44 44 44 46 46 46 46 47 47 47 47 45 45 45 45 46 46 46 46 47 47 47 47 46 46 46 46 48 48 48 48 49 49 49 49 47 47 47 47 48 48 48 48 50 50 50 50 49 49 49 49 48 48 48 48 51 51 51 51 50 50 50 50 48 48 48 48 50 50 50 50 51 51 51 51 52 52 52 52 53 53 53 53 50 50 50 50 52 52 52 52 54 54 54 54 53 53 53 53 52 52 52 52 55 55 55 55 54 54 54 54 52 52 52 52 56 56 56 56 54 54 54 54 55 55 55 55 57 57 57 57 56 56 56 56 55 55 55 55 58 58 58 58 56 56 56 56 57 57 57 57 59 59 59 59 58 58 58 58 57 57 57 57 59 59 59 59 60 60 60 60 58 58 58 58 60 60 60 60 61 61 61 61 58 58 58 58 </p>
        </triangles>
      </mesh>
    </geometry>
  </library_geometries>
  <library_controllers>
    <controller id="Armature_CollisionM__CollisionC-mesh">
      <skin source="#CollisionM__CollisionC-mesh">
        <bind_shape_matrix>1 0 0 0 0 1 0 0 0 0 1 0 0 0 0 1</bind_shape_matrix>
        <source id="CollisionM__CollisionC-mesh-joint">
          <Name_array id="CollisionM__CollisionC-mesh-joint-array" count="1">CmFillerObjectEL</Name_array>
          <technique_common>
            <accessor source="#CollisionM__CollisionC-mesh-joint-array" count="1" stride="1">
              <param name="JOINT" type="name" />
            </accessor>
          </technique_common>
        </source>
        <source id="CollisionM__CollisionC-mesh-inv_bind_matrix">
          <float_array id="CollisionM__CollisionC-mesh-inv_bind_matrix-array" count="16">1 0 0 0 0 1 0 0 0 0 1 0 0 0 0 1</float_array>
          <technique_common>
            <accessor source="#CollisionM__CollisionC-mesh-inv_bind_matrix-array" count="1" stride="16">
              <param name="TRANSFORM" type="float4x4" />
            </accessor>
          </technique_common>
        </source>
        <source id="CollisionM__CollisionC-mesh-weight">
          <float_array id="CollisionM__CollisionC-mesh-weight-array" count="1">1</float_array>
          <technique_common>
            <accessor source="#CollisionM__CollisionC-mesh-weight-array" count="1" stride="1">
              <param name="WEIGHT" type="float" />
            </accessor>
          </technique_common>
        </source>
        <joints>
          <input semantic="JOINT" source="#CollisionM__CollisionC-mesh-joint" />
          <input semantic="INV_BIND_MATRIX" source="#CollisionM__CollisionC-mesh-inv_bind_matrix" />
        </joints>
        <vertex_weights count="1">
          <input semantic="JOINT" source="#CollisionM__CollisionC-mesh-joint" offset="0" />
          <input semantic="WEIGHT" source="#CollisionM__CollisionC-mesh-weight" offset="1" />
          <vcount>1 </vcount>
          <v>0 0 </v>
        </vertex_weights>
      </skin>
    </controller>
    <controller id="Armature_pCube1__CmFillerObjectEC-mesh">
      <skin source="#pCube1__CmFillerObjectEC-mesh">
        <bind_shape_matrix>1 0 0 0 0 1 0 0 0 0 1 0 0 0 0 1</bind_shape_matrix>
        <source id="pCube1__CmFillerObjectEC-mesh-joint">
          <Name_array id="pCube1__CmFillerObjectEC-mesh-joint-array" count="1">CmFillerObjectEL</Name_array>
          <technique_common>
            <accessor source="#pCube1__CmFillerObjectEC-mesh-joint-array" count="1" stride="1">
              <param name="JOINT" type="name" />
            </accessor>
          </technique_common>
        </source>
        <source id="pCube1__CmFillerObjectEC-mesh-inv_bind_matrix">
          <float_array id="pCube1__CmFillerObjectEC-mesh-inv_bind_matrix-array" count="16">1 0 0 0 0 1 0 0 0 0 1 0 0 0 0 1</float_array>
          <technique_common>
            <accessor source="#pCube1__CmFillerObjectEC-mesh-inv_bind_matrix-array" count="1" stride="16">
              <param name="TRANSFORM" type="float4x4" />
            </accessor>
          </technique_common>
        </source>
        <source id="pCube1__CmFillerObjectEC-mesh-weight">
          <float_array id="pCube1__CmFillerObjectEC-mesh-weight-array" count="1">1</float_array>
          <technique_common>
            <accessor source="#pCube1__CmFillerObjectEC-mesh-weight-array" count="1" stride="1">
              <param name="WEIGHT" type="float" />
            </accessor>
          </technique_common>
        </source>
        <joints>
          <input semantic="JOINT" source="#pCube1__CmFillerObjectEC-mesh-joint" />
          <input semantic="INV_BIND_MATRIX" source="#pCube1__CmFillerObjectEC-mesh-inv_bind_matrix" />
        </joints>
        <vertex_weights count="684">
          <input semantic="JOINT" source="#pCube1__CmFillerObjectEC-mesh-joint" offset="0" />
          <input semantic="WEIGHT" source="#pCube1__CmFillerObjectEC-mesh-weight" offset="1" />
          <vcount>1 1 1 1 1 1 1 1 1 1 1 1 1 1 1 1 1 1 1 1 1 1 1 1 1 1 1 1 1 1 1 1 1 1 1 1 1 1 1 1 1 1 1 1 1 1 1 1 1 1 1 1 1 1 1 1 1 1 1 1 1 1 1 1 1 1 1 1 1 1 1 1 1 1 1 1 1 1 1 1 1 1 1 1 1 1 1 1 1 1 1 1 1 1 1 1 1 1 1 1 1 1 1 1 1 1 1 1 1 1 1 1 1 1 1 1 1 1 1 1 1 1 1 1 1 1 1 1 1 1 1 1 1 1 1 1 1 1 1 1 1 1 1 1 1 1 1 1 1 1 1 1 1 1 1 1 1 1 1 1 1 1 1 1 1 1 1 1 1 1 1 1 1 1 1 1 1 1 1 1 1 1 1 1 1 1 1 1 1 1 1 1 1 1 1 1 1 1 1 1 1 1 1 1 1 1 1 1 1 1 1 1 1 1 1 1 1 1 1 1 1 1 1 1 1 1 1 1 1 1 1 1 1 1 1 1 1 1 1 1 1 1 1 1 1 1 1 1 1 1 1 1 1 1 1 1 1 1 1 1 1 1 1 1 1 1 1 1 1 1 1 1 1 1 1 1 1 1 1 1 1 1 1 1 1 1 1 1 1 1 1 1 1 1 1 1 1 1 1 1 1 1 1 1 1 1 1 1 1 1 1 1 1 1 1 1 1 1 1 1 1 1 1 1 1 1 1 1 1 1 1 1 1 1 1 1 1 1 1 1 1 1 1 1 1 1 1 1 1 1 1 1 1 1 1 1 1 1 1 1 1 1 1 1 1 1 1 1 1 1 1 1 1 1 1 1 1 1 1 1 1 1 1 1 1 1 1 1 1 1 1 1 1 1 1 1 1 1 1 1 1 1 1 1 1 1 1 1 1 1 1 1 1 1 1 1 1 1 1 1 1 1 1 1 1 1 1 1 1 1 1 1 1 1 1 1 1 1 1 1 1 1 1 1 1 1 1 1 1 1 1 1 1 1 1 1 1 1 1 1 1 1 1 1 1 1 1 1 1 1 1 1 1 1 1 1 1 1 1 1 1 1 1 1 1 1 1 1 1 1 1 1 1 1 1 1 1 1 1 1 1 1 1 1 1 1 1 1 1 1 1 1 1 1 1 1 1 1 1 1 1 1 1 1 1 1 1 1 1 1 1 1 1 1 1 1 1 1 1 1 1 1 1 1 1 1 1 1 1 1 1 1 1 1 1 1 1 1 1 1 1 1 1 1 1 1 1 1 1 1 1 1 1 1 1 1 1 1 1 1 1 1 1 1 1 1 1 1 1 1 1 1 1 1 1 1 1 1 1 1 1 1 1 1 1 1 1 1 1 1 1 1 1 1 1 1 1 1 1 1 1 1 1 1 1 1 1 1 1 1 1 1 1 1 1 1 1 1 1 1 1 1 1 1 1 1 1 1 1 1 1 1 1 1 1 1 1 1 1 1 1 1 1 1 1 1 1 1 1 1 1 1 1 1 1 1 1 1 1 1 1 1 1 1 </vcount>
          <v>0 0 0 0 0 0 0 0 0 0 0 0 0 0 0 0 0 0 0 0 0 0 0 0 0 0 0 0 0 0 0 0 0 0 0 0 0 0 0 0 0 0 0 0 0 0 0 0 0 0 0 0 0 0 0 0 0 0 0 0 0 0 0 0 0 0 0 0 0 0 0 0 0 0 0 0 0 0 0 0 0 0 0 0 0 0 0 0 0 0 0 0 0 0 0 0 0 0 0 0 0 0 0 0 0 0 0 0 0 0 0 0 0 0 0 0 0 0 0 0 0 0 0 0 0 0 0 0 0 0 0 0 0 0 0 0 0 0 0 0 0 0 0 0 0 0 0 0 0 0 0 0 0 0 0 0 0 0 0 0 0 0 0 0 0 0 0 0 0 0 0 0 0 0 0 0 0 0 0 0 0 0 0 0 0 0 0 0 0 0 0 0 0 0 0 0 0 0 0 0 0 0 0 0 0 0 0 0 0 0 0 0 0 0 0 0 0 0 0 0 0 0 0 0 0 0 0 0 0 0 0 0 0 0 0 0 0 0 0 0 0 0 0 0 0 0 0 0 0 0 0 0 0 0 0 0 0 0 0 0 0 0 0 0 0 0 0 0 0 0 0 0 0 0 0 0 0 0 0 0 0 0 0 0 0 0 0 0 0 0 0 0 0 0 0 0 0 0 0 0 0 0 0 0 0 0 0 0 0 0 0 0 0 0 0 0 0 0 0 0 0 0 0 0 0 0 0 0 0 0 0 0 0 0 0 0 0 0 0 0 0 0 0 0 0 0 0 0 0 0 0 0 0 0 0 0 0 0 0 0 0 0 0 0 0 0 0 0 0 0 0 0 0 0 0 0 0 0 0 0 0 0 0 0 0 0 0 0 0 0 0 0 0 0 0 0 0 0 0 0 0 0 0 0 0 0 0 0 0 0 0 0 0 0 0 0 0 0 0 0 0 0 0 0 0 0 0 0 0 0 0 0 0 0 0 0 0 0 0 0 0 0 0 0 0 0 0 0 0 0 0 0 0 0 0 0 0 0 0 0 0 0 0 0 0 0 0 0 0 0 0 0 0 0 0 0 0 0 0 0 0 0 0 0 0 0 0 0 0 0 0 0 0 0 0 0 0 0 0 0 0 0 0 0 0 0 0 0 0 0 0 0 0 0 0 0 0 0 0 0 0 0 0 0 0 0 0 0 0 0 0 0 0 0 0 0 0 0 0 0 0 0 0 0 0 0 0 0 0 0 0 0 0 0 0 0 0 0 0 0 0 0 0 0 0 0 0 0 0 0 0 0 0 0 0 0 0 0 0 0 0 0 0 0 0 0 0 0 0 0 0 0 0 0 0 0 0 0 0 0 0 0 0 0 0 0 0 0 0 0 0 0 0 0 0 0 0 0 0 0 0 0 0 0 0 0 0 0 0 0 0 0 0 0 0 0 0 0 0 0 0 0 0 0 0 0 0 0 0 0 0 0 0 0 0 0 0 0 0 0 0 0 0 0 0 0 0 0 0 0 0 0 0 0 0 0 0 0 0 0 0 0 0 0 0 0 0 0 0 0 0 0 0 0 0 0 0 0 0 0 0 0 0 0 0 0 0 0 0 0 0 0 0 0 0 0 0 0 0 0 0 0 0 0 0 0 0 0 0 0 0 0 0 0 0 0 0 0 0 0 0 0 0 0 0 0 0 0 0 0 0 0 0 0 0 0 0 0 0 0 0 0 0 0 0 0 0 0 0 0 0 0 0 0 0 0 0 0 0 0 0 0 0 0 0 0 0 0 0 0 0 0 0 0 0 0 0 0 0 0 0 0 0 0 0 0 0 0 0 0 0 0 0 0 0 0 0 0 0 0 0 0 0 0 0 0 0 0 0 0 0 0 0 0 0 0 0 0 0 0 0 0 0 0 0 0 0 0 0 0 0 0 0 0 0 0 0 0 0 0 0 0 0 0 0 0 0 0 0 0 0 0 0 0 0 0 0 0 0 0 0 0 0 0 0 0 0 0 0 0 0 0 0 0 0 0 0 0 0 0 0 0 0 0 0 0 0 0 0 0 0 0 0 0 0 0 0 0 0 0 0 0 0 0 0 0 0 0 0 0 0 0 0 0 0 0 0 0 0 0 0 0 0 0 0 0 0 0 0 0 0 0 0 0 0 0 0 0 0 0 0 0 0 0 0 0 0 0 0 0 0 0 0 0 0 0 0 0 0 0 0 0 0 0 0 0 0 0 0 0 0 0 0 0 0 0 0 0 0 0 0 0 0 0 0 0 0 0 0 0 0 0 0 0 0 0 0 0 0 0 0 0 0 0 0 0 0 0 0 0 0 0 0 0 0 0 0 0 0 0 0 0 0 0 0 0 0 0 0 0 0 0 0 0 0 0 0 0 0 0 0 0 0 0 0 0 0 0 0 0 0 0 0 0 0 0 0 0 0 0 0 0 0 0 0 0 0 0 0 0 0 0 0 0 0 0 0 0 0 0 0 0 0 0 0 0 0 0 0 0 0 0 0 0 0 0 0 0 0 0 0 0 0 0 0 0 0 0 0 0 0 0 0 0 0 0 0 0 0 0 0 0 0 0 0 0 0 0 0 0 0 0 0 0 0 0 0 0 0 0 0 0 0 0 0 0 0 0 0 0 0 0 0 0 0 0 0 0 0 0 0 0 0 0 0 0 0 0 0 0 0 0 0 0 0 0 0 0 0 0 0 0 0 0 0 0 0 0 0 0 0 0 0 0 0 0 0 0 0 0 0 0 0 0 0 0 0 0 0 0 0 0 0 0 0 0 0 0 0 0 0 0 0 0 0 0 0 0 0 0 0 0 0 0 0 0 0 0 0 0 0 0 0 0 0 0 0 0 0 0 0 0 0 0 0 0 0 0 0 0 0 0 0 0 0 0 0 0 0 0 0 0 0 0 0 0 0 0 0 0 0 0 0 0 0 0 0 0 0 0 0 0 0 0 0 0 0 0 0 0 0 0 0 0 0 0 0 0 0 0 0 0 0 0 0 0 0 0 0 0 0 0 0 0 0 0 0 0 0 0 0 0 0 0 0 0 0 0 0 0 0 0 0 0 0 0 0 0 </v>
        </vertex_weights>
      </skin>
    </controller>
    <controller id="Armature_pCube8__CmFillerObjectE_TapeC-mesh">
      <skin source="#pCube8__CmFillerObjectE_TapeC-mesh">
        <bind_shape_matrix>1 0 0 0 0 1 0 0 0 0 1 0 0 0 0 1</bind_shape_matrix>
        <source id="pCube8__CmFillerObjectE_TapeC-mesh-joint">
          <Name_array id="pCube8__CmFillerObjectE_TapeC-mesh-joint-array" count="1">CmFillerObjectEL</Name_array>
          <technique_common>
            <accessor source="#pCube8__CmFillerObjectE_TapeC-mesh-joint-array" count="1" stride="1">
              <param name="JOINT" type="name" />
            </accessor>
          </technique_common>
        </source>
        <source id="pCube8__CmFillerObjectE_TapeC-mesh-inv_bind_matrix">
          <float_array id="pCube8__CmFillerObjectE_TapeC-mesh-inv_bind_matrix-array" count="16">1 0 0 0 0 1 0 0 0 0 1 0 0 0 0 1</float_array>
          <technique_common>
            <accessor source="#pCube8__CmFillerObjectE_TapeC-mesh-inv_bind_matrix-array" count="1" stride="16">
              <param name="TRANSFORM" type="float4x4" />
            </accessor>
          </technique_common>
        </source>
        <source id="pCube8__CmFillerObjectE_TapeC-mesh-weight">
          <float_array id="pCube8__CmFillerObjectE_TapeC-mesh-weight-array" count="1">1</float_array>
          <technique_common>
            <accessor source="#pCube8__CmFillerObjectE_TapeC-mesh-weight-array" count="1" stride="1">
              <param name="WEIGHT" type="float" />
            </accessor>
          </technique_common>
        </source>
        <joints>
          <input semantic="JOINT" source="#pCube8__CmFillerObjectE_TapeC-mesh-joint" />
          <input semantic="INV_BIND_MATRIX" source="#pCube8__CmFillerObjectE_TapeC-mesh-inv_bind_matrix" />
        </joints>
        <vertex_weights count="124">
          <input semantic="JOINT" source="#pCube8__CmFillerObjectE_TapeC-mesh-joint" offset="0" />
          <input semantic="WEIGHT" source="#pCube8__CmFillerObjectE_TapeC-mesh-weight" offset="1" />
          <vcount>1 1 1 1 1 1 1 1 1 1 1 1 1 1 1 1 1 1 1 1 1 1 1 1 1 1 1 1 1 1 1 1 1 1 1 1 1 1 1 1 1 1 1 1 1 1 1 1 1 1 1 1 1 1 1 1 1 1 1 1 1 1 1 1 1 1 1 1 1 1 1 1 1 1 1 1 1 1 1 1 1 1 1 1 1 1 1 1 1 1 1 1 1 1 1 1 1 1 1 1 1 1 1 1 1 1 1 1 1 1 1 1 1 1 1 1 1 1 1 1 1 1 1 1 </vcount>
          <v>0 0 0 0 0 0 0 0 0 0 0 0 0 0 0 0 0 0 0 0 0 0 0 0 0 0 0 0 0 0 0 0 0 0 0 0 0 0 0 0 0 0 0 0 0 0 0 0 0 0 0 0 0 0 0 0 0 0 0 0 0 0 0 0 0 0 0 0 0 0 0 0 0 0 0 0 0 0 0 0 0 0 0 0 0 0 0 0 0 0 0 0 0 0 0 0 0 0 0 0 0 0 0 0 0 0 0 0 0 0 0 0 0 0 0 0 0 0 0 0 0 0 0 0 0 0 0 0 0 0 0 0 0 0 0 0 0 0 0 0 0 0 0 0 0 0 0 0 0 0 0 0 0 0 0 0 0 0 0 0 0 0 0 0 0 0 0 0 0 0 0 0 0 0 0 0 0 0 0 0 0 0 0 0 0 0 0 0 0 0 0 0 0 0 0 0 0 0 0 0 0 0 0 0 0 0 0 0 0 0 0 0 0 0 0 0 0 0 0 0 0 0 0 0 0 0 0 0 0 0 0 0 0 0 0 0 0 0 0 0 0 0 0 0 0 0 0 0 </v>
        </vertex_weights>
      </skin>
    </controller>
  </library_controllers>
  <library_visual_scenes>
    <visual_scene id="Scene" name="Scene">
      <node id="Armature" name="Armature" type="NODE">
        <matrix sid="transform">1 0 0 0 0 1 0 0 0 0 1 0 0 0 0 1</matrix>
        <node id="Armature_CmFillerObjectEL" name="CmFillerObjectEL" sid="CmFillerObjectEL" type="JOINT">
          <matrix sid="transform">1 0 0 0 0 1 0 0 0 0 1 0 0 0 0 1</matrix>
        </node>
      </node>
      <node id="CollisionM__CollisionC" name="CollisionM__CollisionC" type="NODE">
        <instance_controller url="#Armature_CollisionM__CollisionC-mesh">
          <skeleton>#Armature_CmFillerObjectEL</skeleton>
          <bind_material>
            <technique_common>
              <instance_material symbol="CollisionC" target="#CollisionC" />
              <bind_vertex_input semantic="CHANNEL0" input_semantic="TEXCOORD" input_set="0" />
              <bind_vertex_input semantic="CHANNEL1" input_semantic="TEXCOORD" input_set="1" />
              <bind_vertex_input semantic="CHANNEL2" input_semantic="TEXCOORD" input_set="2" />
            </technique_common>
          </bind_material>
        </instance_controller>
      </node>
      <node id="pCube1__CmFillerObjectEC" name="pCube1__CmFillerObjectEC" type="NODE">
        <instance_controller url="#Armature_pCube1__CmFillerObjectEC-mesh">
          <skeleton>#Armature_CmFillerObjectEL</skeleton>
          <bind_material>
            <technique_common>
              <instance_material symbol="CmFillerObjectEC" target="#CmFillerObjectEC" />
              <bind_vertex_input semantic="CHANNEL0" input_semantic="TEXCOORD" input_set="0" />
              <bind_vertex_input semantic="CHANNEL1" input_semantic="TEXCOORD" input_set="1" />
              <bind_vertex_input semantic="CHANNEL2" input_semantic="TEXCOORD" input_set="2" />
            </technique_common>
          </bind_material>
        </instance_controller>
      </node>
      <node id="pCube8__CmFillerObjectE_TapeC" name="pCube8__CmFillerObjectE_TapeC" type="NODE">
        <instance_controller url="#Armature_pCube8__CmFillerObjectE_TapeC-mesh">
          <skeleton>#Armature_CmFillerObjectEL</skeleton>
          <bind_material>
            <technique_common>
              <instance_material symbol="CmFillerObjectE_TapeC" target="#CmFillerObjectE_TapeC" />
              <bind_vertex_input semantic="CHANNEL0" input_semantic="TEXCOORD" input_set="0" />
              <bind_vertex_input semantic="CHANNEL1" input_semantic="TEXCOORD" input_set="1" />
              <bind_vertex_input semantic="CHANNEL2" input_semantic="TEXCOORD" input_set="2" />
            </technique_common>
          </bind_material>
        </instance_controller>
      </node>
    </visual_scene>
  </library_visual_scenes>
  <scene>
    <instance_visual_scene url="#Scene" />
  </scene>
</COLLADA>